# Blender 5.1.2
# www.blender.org
mtllib boneclaw aug body dashtons edition.mtl
o Boneclaw_Rifle.001
v -1.040135 0.615555 0.023638
v -1.030331 0.642825 -0.000727
v -1.068184 0.622953 -0.000727
v -1.016756 0.634515 0.012645
v -1.016756 0.634515 -0.014098
v -1.030331 0.642825 -0.000727
v -0.978257 0.645103 -0.000727
v -1.030331 0.642825 -0.000727
v -1.040135 0.615555 -0.025091
v -1.068184 0.622953 -0.000727
v -1.030331 0.642825 -0.000727
v -1.016756 0.634515 0.012645
v -0.978257 0.645103 -0.000727
v -1.055297 0.578892 0.032458
v -1.068184 0.622953 -0.000727
v -1.093601 0.588543 -0.000727
v -1.040135 0.615555 0.023638
v -1.088827 0.495822 -0.000727
v -1.102176 0.424618 -0.000727
v -1.066965 0.424618 0.028964
v -1.065265 0.495252 0.019071
v -1.061003 0.512962 0.038669
v -1.093601 0.588543 -0.000727
v -1.114910 0.513315 -0.000727
v -1.055297 0.578892 0.032458
v -1.061003 0.512962 0.038669
v -1.088827 0.495822 -0.000727
v -1.065265 0.495252 0.019071
v -1.066965 0.424618 0.028964
v -1.041702 0.494683 -0.000727
v -1.065265 0.495252 0.019071
v -1.031755 0.424618 -0.000727
v -1.016756 0.634515 0.012645
v -1.003182 0.626206 -0.000727
v -0.978257 0.645103 -0.000727
v -1.016992 0.569241 -0.000727
v -1.040135 0.615555 0.023638
v -1.055297 0.578892 0.032458
v -1.012095 0.608157 -0.000727
v -1.061003 0.512962 0.038669
v -1.016992 0.569241 -0.000727
v -1.014687 0.498594 -0.000727
v -1.016756 0.634515 0.012645
v -1.012095 0.608157 -0.000727
v -1.003182 0.626206 -0.000727
v -1.040135 0.615555 0.023638
v -1.061003 0.512962 0.038669
v -1.114910 0.513315 -0.000727
v -1.088827 0.495822 -0.000727
v -1.088827 0.495822 -0.000727
v -1.061003 0.512962 -0.040122
v -1.114910 0.513315 -0.000727
v -1.061003 0.512962 0.038669
v -1.041702 0.494683 -0.000727
v -1.014687 0.498594 -0.000727
v -1.065265 0.495252 0.019071
v -1.041702 0.494683 -0.000727
v -1.065265 0.495252 -0.020524
v -1.061003 0.512962 -0.040122
v -1.014687 0.498594 -0.000727
v -1.040135 0.615555 -0.025091
v -1.055297 0.578892 -0.033911
v -1.068184 0.622953 -0.000727
v -1.093601 0.588543 -0.000727
v -1.066965 0.424618 -0.030418
v -1.088827 0.495822 -0.000727
v -1.065265 0.495252 -0.020524
v -1.102176 0.424618 -0.000727
v -1.055297 0.578892 -0.033911
v -1.061003 0.512962 -0.040122
v -1.093601 0.588543 -0.000727
v -1.114910 0.513315 -0.000727
v -1.088827 0.495822 -0.000727
v -1.061003 0.512962 -0.040122
v -1.065265 0.495252 -0.020524
v -1.041702 0.494683 -0.000727
v -1.066965 0.424618 -0.030418
v -1.065265 0.495252 -0.020524
v -1.031755 0.424618 -0.000727
v -1.016992 0.569241 -0.000727
v -1.061003 0.512962 -0.040122
v -1.055297 0.578892 -0.033911
v -1.014687 0.498594 -0.000727
v -1.016992 0.569241 -0.000727
v -1.040135 0.615555 -0.025091
v -1.012095 0.608157 -0.000727
v -1.003182 0.626206 -0.000727
v -1.016756 0.634515 -0.014098
v -0.978257 0.645103 -0.000727
v -1.012095 0.608157 -0.000727
v -1.016756 0.634515 -0.014098
v -1.040135 0.615555 -0.025091
vn -0.4330 0.5670 0.7007
vn -0.2360 0.7472 0.6213
vn -0.4727 0.5123 0.7170
vn -0.1652 0.7784 0.6056
vn -0.1650 0.7786 -0.6055
vn -0.2358 0.7472 -0.6213
vn -0.0393 0.8338 -0.5507
vn -0.2360 0.7472 -0.6213
vn -0.1652 0.7784 -0.6056
vn -0.4330 0.5671 -0.7007
vn -0.4727 0.5123 -0.7170
vn -0.2358 0.7473 0.6213
vn -0.1650 0.7786 0.6055
vn -0.0393 0.8338 0.5506
vn -0.5755 0.2682 0.7726
vn -0.4728 0.5121 0.7171
vn -0.5819 0.2597 0.7707
vn -0.4331 0.5668 0.7008
vn -0.5907 -0.3386 0.7324
vn -0.6365 0.1179 0.7622
vn -0.6005 -0.1658 0.7822
vn -0.5820 0.2594 0.7707
vn -0.6013 -0.1579 0.7833
vn -0.5756 0.2678 0.7726
vn -0.6005 -0.1659 0.7822
vn -0.5907 -0.3388 0.7323
vn -0.5906 -0.3388 0.7324
vn 0.6427 0.0940 0.7603
vn 0.4796 -0.5190 0.7075
vn 0.5053 -0.4659 0.7264
vn 0.5365 -0.3553 0.7655
vn 0.4935 -0.4232 0.7599
vn 0.4024 -0.5366 0.7417
vn 0.6454 -0.0236 0.7635
vn 0.6243 -0.1501 0.7666
vn 0.6453 -0.0315 0.7633
vn 0.6163 -0.1816 0.7663
vn 0.5667 -0.3460 0.7478
vn 0.5682 -0.3392 0.7497
vn 0.5366 -0.3551 0.7655
vn 0.6162 -0.1818 0.7663
vn 0.4936 -0.4229 0.7599
vn 0.6243 -0.1503 0.7666
vn -0.6013 -0.1582 0.7832
vn -0.6005 -0.1659 -0.7822
vn -0.5906 -0.3388 -0.7324
vn -0.6013 -0.1582 -0.7832
vn 0.5667 -0.3463 0.7476
vn 0.4795 -0.5189 0.7077
vn 0.5053 -0.4661 0.7262
vn 0.4795 -0.5189 -0.7077
vn 0.5053 -0.4661 -0.7262
vn 0.5667 -0.3463 -0.7477
vn 0.5682 -0.3392 -0.7497
vn -0.4331 0.5668 -0.7008
vn -0.5755 0.2682 -0.7726
vn -0.4728 0.5121 -0.7171
vn -0.5819 0.2597 -0.7707
vn -0.6365 0.1179 -0.7622
vn -0.5907 -0.3386 -0.7324
vn -0.5756 0.2679 -0.7726
vn -0.6005 -0.1658 -0.7822
vn -0.5820 0.2594 -0.7707
vn -0.6013 -0.1581 -0.7832
vn -0.5906 -0.3389 -0.7323
vn -0.6005 -0.1660 -0.7822
vn -0.5907 -0.3388 -0.7323
vn 0.4796 -0.5190 -0.7075
vn 0.6427 0.0940 -0.7603
vn 0.5054 -0.4660 -0.7262
vn 0.6454 -0.0236 -0.7635
vn 0.5667 -0.3461 -0.7477
vn 0.6453 -0.0315 -0.7633
vn 0.6243 -0.1502 -0.7666
vn 0.6163 -0.1816 -0.7663
vn 0.4951 -0.4167 -0.7624
vn 0.5365 -0.3552 -0.7655
vn 0.4024 -0.5366 -0.7417
vn 0.4952 -0.4165 -0.7624
vn 0.6162 -0.1819 -0.7663
vn 0.5366 -0.3551 -0.7655
vn 0.6243 -0.1503 -0.7666
vt 48.837299 -24.976200
vt 48.827801 -25.000000
vt 48.864700 -25.000000
vt 48.814499 -24.986900
vt 48.814499 -25.013100
vt 48.776901 -25.000000
vt 48.837299 -25.023800
vt 47.147900 -24.565001
vt 47.135300 -24.521999
vt 47.110500 -24.555599
vt 47.162701 -24.529200
vt 47.115200 -24.646099
vt 47.102100 -24.715599
vt 47.136501 -24.715599
vt 47.138100 -24.646601
vt 47.142300 -24.629299
vt 47.089699 -24.629000
vt 47.161098 -24.647200
vt 47.170898 -24.715599
vt 47.185501 -24.510700
vt 47.198799 -24.518801
vt 47.223099 -24.500299
vt 47.185299 -24.574400
vt 47.190102 -24.536400
vt 47.187500 -24.643400
vt 47.142300 -24.961500
vt 47.089699 -25.000000
vt 47.115200 -25.000000
vt 47.142300 -25.038500
vt 47.161098 -25.000000
vt 47.187500 -25.000000
vt 47.138100 -24.980700
vt 47.138100 -25.019300
vt 48.837299 -24.529200
vt 48.852100 -24.565001
vt 48.864700 -24.521999
vt 48.889500 -24.555599
vt 48.863499 -24.715599
vt 48.884800 -24.646099
vt 48.861900 -24.646601
vt 48.897900 -24.715599
vt 48.857700 -24.629299
vt 48.910301 -24.629000
vt 48.838902 -24.647200
vt 48.829102 -24.715599
vt 48.814701 -24.574400
vt 48.812500 -24.643400
vt 48.809898 -24.536400
vt 48.801201 -24.518801
vt 48.814499 -24.510700
vt 48.776901 -24.500299
s 1
usemtl Meshpart1Mtl.012
f 1/1/1 2/2/2 3/3/3
f 2/2/2 1/1/1 4/4/4
f 5/5/5 6/2/6 7/6/7
f 8/2/8 5/5/9 9/7/10
f 9/7/10 10/3/11 8/2/8
f 11/2/12 12/4/13 13/6/14
f 14/8/15 15/9/16 16/10/17
f 15/9/16 14/8/15 17/11/18
f 18/12/19 19/13/20 20/14/20
f 20/14/20 21/15/19 18/12/19
f 22/16/21 23/10/22 24/17/23
f 23/10/22 22/16/21 25/8/24
f 26/16/25 27/12/26 28/15/27
f 29/14/28 30/18/29 31/15/30
f 30/18/29 29/14/28 32/19/28
f 33/20/31 34/21/32 35/22/33
f 36/23/34 37/11/35 38/8/36
f 37/11/35 36/23/34 39/24/37
f 40/16/38 41/23/34 38/8/36
f 42/25/39 41/23/34 40/16/38
f 43/20/40 44/24/41 45/21/42
f 44/24/41 43/20/40 46/11/43
f 47/26/25 48/27/44 49/28/27
f 51/29/45 50/28/46 52/27/47
f 53/26/48 54/30/49 55/31/39
f 54/30/49 53/26/48 56/32/50
f 57/30/51 58/33/52 59/29/53
f 57/30/51 59/29/53 60/31/54
f 61/34/55 62/35/56 63/36/57
f 62/35/56 64/37/58 63/36/57
f 65/38/59 66/39/60 67/40/60
f 66/39/60 65/38/59 68/41/59
f 69/35/61 70/42/62 71/37/63
f 70/42/62 72/43/64 71/37/63
f 73/39/65 74/42/66 75/40/67
f 76/44/68 77/38/69 78/40/70
f 77/38/69 76/44/68 79/45/69
f 80/46/71 81/42/72 82/35/73
f 81/42/72 80/46/71 83/47/54
f 84/46/71 82/35/73 85/34/74
f 86/48/75 84/46/71 85/34/74
f 87/49/76 88/50/77 89/51/78
f 87/49/79 90/48/80 91/50/81
f 90/48/80 92/34/82 91/50/81
o Boneclaw_Rifle.002
v -0.710819 0.518699 0.112326
v -0.802788 0.465469 0.105000
v -0.801623 0.524218 0.065994
v -0.801623 0.524218 0.065994
v -0.802788 0.465469 0.105000
v -0.892819 0.522075 0.111289
v -1.166223 0.494393 -0.137582
v -0.896631 0.504340 -0.141141
v -1.166223 0.494393 -0.137582
v -0.896631 0.504340 -0.141141
v 1.451290 0.537559 -0.005418
v 1.321273 0.612326 -0.005018
v 1.321146 0.605706 0.057446
v 1.437896 0.537926 0.053552
v 1.437706 0.538073 -0.056770
v 1.320943 0.605862 -0.059945
v 1.451290 0.537559 -0.005418
v 1.321273 0.612326 -0.005018
v 1.421201 0.532647 -0.110133
v 1.319939 0.573594 -0.136349
v 1.320943 0.605862 -0.059945
v 1.437706 0.538073 -0.056770
v 1.421564 0.532367 0.099772
v 1.320392 0.573244 0.126552
v 1.321146 0.605706 0.057446
v 1.437896 0.537926 0.053552
v 1.088956 0.538952 -0.004548
v 0.967595 0.608742 -0.004176
v 0.967477 0.602562 0.054130
v 1.076452 0.539296 0.050496
v 1.076273 0.539433 -0.052481
v 0.967287 0.602708 -0.055445
v 1.088956 0.538952 -0.004548
v 0.967595 0.608742 -0.004176
v 1.060869 0.534367 -0.102291
v 0.966350 0.572588 -0.126762
v 0.967287 0.602708 -0.055445
v 1.076273 0.539433 -0.052481
v 1.061208 0.534107 0.093637
v 0.966774 0.572261 0.118636
v 0.967477 0.602562 0.054130
v 1.076452 0.539296 0.050496
v 0.757249 0.545222 -0.004074
v 0.614230 0.627466 -0.003634
v 0.614089 0.620184 0.065077
v 0.742514 0.545626 0.060794
v 0.742306 0.545787 -0.060560
v 0.613868 0.620356 -0.064052
v 0.757249 0.545222 -0.004074
v 0.614230 0.627466 -0.003634
v 0.724149 0.539818 -0.119261
v 0.612763 0.584860 -0.148099
v 0.613868 0.620356 -0.064052
v 0.742306 0.545787 -0.060560
v 0.724549 0.539511 0.111635
v 0.613263 0.584475 0.141093
v 0.614089 0.620184 0.065077
v 0.742514 0.545626 0.060794
v 1.451290 0.537559 -0.005418
v 1.318702 0.475425 0.043769
v 1.437896 0.537926 0.053552
v 1.451290 0.537559 -0.005418
v 1.318545 0.475545 -0.046685
v 1.437706 0.538073 -0.056770
v 1.421564 0.532367 0.099772
v 1.318768 0.491981 0.060405
v 1.409639 0.499440 0.106954
v 1.318542 0.492155 -0.070462
v 1.421201 0.532647 -0.110133
v 1.437706 0.538073 -0.056770
v 1.318545 0.475545 -0.046685
v 1.318602 0.505130 -0.068099
v 1.409258 0.499735 -0.114833
v 0.390542 0.547819 -0.003144
v 0.260525 0.622586 -0.002744
v 0.260397 0.615966 0.059720
v 0.377148 0.548186 0.055826
v 0.376957 0.548333 -0.054495
v 0.260194 0.616122 -0.057670
v 0.390542 0.547819 -0.003144
v 0.260525 0.622586 -0.002744
v 1.409639 0.499440 0.106954
v 1.317672 0.446208 0.101216
v 1.318825 0.504959 0.060624
v 0.360452 0.542907 -0.107859
v 0.259191 0.583854 -0.134075
v 0.260194 0.616122 -0.057670
v 0.376957 0.548333 -0.054495
v 0.360815 0.542628 0.102046
v 0.259644 0.583503 0.128826
v 0.260397 0.615966 0.059720
v 0.377148 0.548186 0.055826
v 1.409258 0.499735 -0.114833
v 1.318602 0.505130 -0.068099
v 1.317299 0.446495 -0.114244
v 1.088956 0.538952 -0.004548
v 0.965194 0.480956 0.041363
v 0.964992 0.468740 -0.004399
v 1.076452 0.539296 0.050496
v 1.088956 0.538952 -0.004548
v 0.965048 0.481068 -0.043067
v 1.076273 0.539433 -0.052481
v 0.964992 0.468740 -0.004399
v 1.061208 0.534107 0.093637
v 0.965256 0.496409 0.056892
v 1.050077 0.503371 0.100342
v 0.964244 0.453676 0.100976
v 0.965309 0.508523 0.057096
v 0.965045 0.496572 -0.065262
v 1.060869 0.534367 -0.102291
v 1.076273 0.539433 -0.052481
v 0.965048 0.481068 -0.043067
v 0.965102 0.508683 -0.063055
v 1.049721 0.503646 -0.106678
v 0.963876 0.453959 -0.112118
v 0.028207 0.549212 -0.002274
v -0.093155 0.619002 -0.001901
v -0.093273 0.612822 0.056405
v 0.015703 0.549556 0.052771
v 0.015525 0.549693 -0.050206
v -0.093462 0.612968 -0.053170
v 0.028207 0.549212 -0.002274
v -0.093155 0.619002 -0.001901
v 0.000458 0.544366 0.095912
v -0.093976 0.582521 0.120909
v -0.093273 0.612822 0.056405
v 0.015703 0.549556 0.052771
v 0.000119 0.544627 -0.100016
v -0.094400 0.582848 -0.124487
v -0.093462 0.612968 -0.053170
v 0.015525 0.549693 -0.050206
v 0.757249 0.545222 -0.004074
v 0.611403 0.476875 0.050031
v 0.611165 0.462479 -0.003899
v 0.742514 0.545626 0.060794
v 0.757249 0.545222 -0.004074
v 0.611230 0.477008 -0.049465
v 0.742306 0.545787 -0.060560
v 0.611165 0.462479 -0.003899
v 0.724549 0.539511 0.111635
v 0.611474 0.495086 0.068331
v 0.711433 0.503290 0.119536
v 0.611224 0.495277 -0.075622
v 0.724149 0.539818 -0.119261
v 0.742306 0.545787 -0.060560
v 0.611230 0.477008 -0.049465
v 0.611292 0.509551 -0.073021
v 0.711011 0.503615 -0.124430
v 0.711433 0.503290 0.119536
v 0.610249 0.444751 0.100952
v 0.611537 0.509362 0.068571
v 0.711011 0.503615 -0.124430
v 0.611292 0.509551 -0.073021
v 0.609882 0.445035 -0.111512
v -0.303499 0.555481 -0.001799
v -0.446517 0.637726 -0.001360
v -0.446655 0.630444 0.067352
v -0.318230 0.555886 0.063068
v -0.318440 0.556047 -0.058286
v -0.446878 0.630615 -0.061778
v -0.303499 0.555481 -0.001799
v -0.446517 0.637726 -0.001360
v -0.336194 0.549771 0.113909
v -0.447492 0.594735 0.143367
v -0.446655 0.630444 0.067352
v -0.318230 0.555886 0.063068
v -0.336592 0.550078 -0.116986
v -0.447992 0.595120 -0.145824
v -0.446878 0.630615 -0.061778
v -0.318440 0.556047 -0.058286
v 0.390542 0.547819 -0.003144
v 0.257952 0.485685 0.046043
v 0.257736 0.472598 -0.002985
v 0.377148 0.548186 0.055826
v 0.390542 0.547819 -0.003144
v 0.257798 0.485805 -0.044410
v 0.376957 0.548333 -0.054495
v 0.257736 0.472598 -0.002985
v 0.360815 0.542628 0.102046
v 0.258019 0.502241 0.062679
v 0.348889 0.509699 0.109228
v 0.257793 0.502415 -0.068188
v 0.360452 0.542907 -0.107859
v 0.376957 0.548333 -0.054495
v 0.257798 0.485805 -0.044410
v 0.257854 0.515390 -0.065824
v 0.348508 0.509995 -0.112559
v 0.348889 0.509699 0.109228
v 0.256922 0.456468 0.102735
v 0.258076 0.515219 0.062898
v 0.348508 0.509995 -0.112559
v 0.257854 0.515390 -0.065824
v 0.256552 0.456754 -0.111214
v -0.699926 0.552887 0.104320
v -0.801098 0.593763 0.131100
v -0.800342 0.626226 0.061993
v -0.683604 0.558446 0.058101
v -0.700289 0.553166 -0.105586
v -0.801552 0.594114 -0.131800
v -0.800546 0.626382 -0.055396
v -0.683794 0.558593 -0.052221
v -0.670210 0.558079 -0.000869
v -0.800220 0.632846 -0.000471
v -0.800342 0.626226 0.061993
v -0.683604 0.558446 0.058101
v -0.683794 0.558593 -0.052221
v -0.800546 0.626382 -0.055396
v -0.670210 0.558079 -0.000869
v -0.800220 0.632846 -0.000471
v 0.028207 0.549212 -0.002274
v -0.095701 0.491328 -0.040793
v 0.015525 0.549693 -0.050206
v -0.095755 0.479000 -0.002126
v 0.028207 0.549212 -0.002274
v -0.095555 0.491216 0.043638
v -0.095755 0.479000 -0.002126
v 0.015703 0.549556 0.052771
v 0.000458 0.544366 0.095912
v -0.095493 0.506669 0.059166
v -0.010671 0.513632 0.102616
v -0.095704 0.506832 -0.062987
v 0.000119 0.544627 -0.100016
v 0.015525 0.549693 -0.050206
v -0.095701 0.491328 -0.040793
v -0.095648 0.518943 -0.060780
v -0.011029 0.513906 -0.104403
v -0.096872 0.464218 -0.109091
v -0.010671 0.513632 0.102616
v -0.096507 0.463937 0.102497
v -0.095440 0.518783 0.059371
v -1.167217 0.552374 0.102024
v -1.270336 0.561880 0.122798
v -1.273490 0.591004 0.058037
v -1.150858 0.561653 0.059483
v -1.152877 0.552208 -0.093616
v -1.252376 0.561673 -0.122239
v -1.265471 0.590911 -0.051377
v -1.143321 0.561566 -0.043343
v -1.134676 0.564817 0.005017
v -1.270754 0.596865 -0.000252
v -1.273490 0.591004 0.058037
v -1.150858 0.561653 0.059483
v -1.143321 0.561566 -0.043343
v -1.265471 0.590911 -0.051377
v -1.134676 0.564817 0.005017
v -1.270754 0.596865 -0.000252
v -0.349323 0.513550 0.121810
v -0.450500 0.455016 0.099951
v -0.449219 0.519622 0.070846
v -0.303499 0.555481 -0.001799
v -0.449508 0.487267 -0.047192
v -0.318440 0.556047 -0.058286
v -0.449590 0.472739 -0.001624
v -0.303499 0.555481 -0.001799
v -0.449336 0.487135 0.052305
v -0.449590 0.472739 -0.001624
v -0.318230 0.555886 0.063068
v -0.349744 0.513875 -0.122156
v -0.449463 0.519811 -0.070747
v -0.450856 0.455290 -0.105962
v -0.336194 0.549771 0.113909
v -0.449274 0.505346 0.070605
v -0.349323 0.513550 0.121810
v -0.449522 0.505537 -0.073348
v -0.336592 0.550078 -0.116986
v -0.318440 0.556047 -0.058286
v -0.449508 0.487267 -0.047192
v -0.449463 0.519811 -0.070747
v -0.349744 0.513875 -0.122156
v -0.711860 0.519959 0.111503
v -0.803829 0.466729 0.104177
v -0.712243 0.520255 -0.110284
v -0.802886 0.525650 -0.063550
v -0.804196 0.467012 -0.108108
v -0.670210 0.558079 -0.000869
v -0.802948 0.496065 -0.042136
v -0.683794 0.558593 -0.052221
v -0.803003 0.482858 -0.000711
v -0.670210 0.558079 -0.000869
v -0.802791 0.495945 0.048317
v -0.803003 0.482858 -0.000711
v -0.683604 0.558446 0.058101
v -0.699926 0.552887 0.104320
v -0.802728 0.512501 0.064953
v -0.711860 0.519959 0.111503
v -0.802953 0.512675 -0.065913
v -0.700289 0.553166 -0.105586
v -0.683794 0.558593 -0.052221
v -0.802948 0.496065 -0.042136
v -0.802886 0.525650 -0.063550
v -0.712243 0.520255 -0.110284
v -1.134676 0.564817 0.005017
v -1.233709 0.473762 -0.037565
v -1.143321 0.561566 -0.043343
v -1.233137 0.461999 0.001196
v -1.134676 0.564817 0.005017
v -1.239888 0.473834 0.046741
v -1.233137 0.461999 0.001196
v -1.150858 0.561653 0.059483
v -1.236492 0.488575 -0.059922
v -1.152877 0.552208 -0.093616
v -1.143321 0.561566 -0.043343
v -1.233709 0.473762 -0.037565
v -1.240070 0.500197 -0.057870
v -1.154408 0.519575 -0.098044
v -1.221721 0.447343 -0.108307
v -1.167217 0.552374 0.102024
v -1.245432 0.488677 0.062052
v -1.169559 0.519749 0.108672
v -1.237623 0.447526 0.108665
v -1.248864 0.500298 0.062105
v 1.318908 0.502032 0.139160
v 1.421564 0.532367 0.099772
v 1.320392 0.573244 0.126552
v 1.409639 0.499440 0.106954
v -1.350076 0.500090 0.093778
v -1.270336 0.561880 0.122798
v -1.253518 0.497823 0.135336
v -1.332874 0.474037 0.101007
v -1.237623 0.447526 0.108665
v -1.253518 0.497823 0.135336
v 0.965388 0.505790 0.130404
v 1.061208 0.534107 0.093637
v 0.966774 0.572261 0.118636
v 1.050077 0.503371 0.100342
v -0.904024 0.555529 0.103518
v -0.801098 0.593763 0.131100
v -0.802597 0.522551 0.143708
v -0.893859 0.523335 0.110466
v 0.611627 0.506141 0.154962
v 0.724549 0.539511 0.111635
v 0.613263 0.584475 0.141093
v 0.711433 0.503290 0.119536
v 1.318768 0.491981 0.060405
v 1.437896 0.537926 0.053552
v 1.318702 0.475425 0.043769
v 1.318908 0.502032 0.139160
v 1.317672 0.446208 0.101216
v 1.409639 0.499440 0.106954
v -0.560693 0.552677 0.113027
v -0.447492 0.594735 0.143367
v -0.449120 0.516401 0.157237
v -0.549520 0.517264 0.120670
v 0.258157 0.512291 0.141435
v 0.360815 0.542628 0.102046
v 0.259644 0.583503 0.128826
v 0.348889 0.509699 0.109228
v 0.965388 0.505790 0.130404
v 0.964244 0.453676 0.100976
v 1.050077 0.503371 0.100342
v 0.965256 0.496409 0.056892
v 1.076452 0.539296 0.050496
v 0.965194 0.480956 0.041363
v -0.893859 0.523335 0.110466
v -0.803829 0.466729 0.104177
v -0.802597 0.522551 0.143708
v -0.190036 0.546833 0.095164
v -0.093976 0.582521 0.120909
v -0.180554 0.516782 0.101649
v -0.096507 0.463937 0.102497
v 0.000458 0.544366 0.095912
v -0.093976 0.582521 0.120909
v -0.010671 0.513632 0.102616
v 0.611627 0.506141 0.154962
v 0.610249 0.444751 0.100952
v 0.711433 0.503290 0.119536
v 0.611474 0.495086 0.068331
v 0.742514 0.545626 0.060794
v 0.611403 0.476875 0.050031
v -0.549520 0.517264 0.120670
v -0.450500 0.455016 0.099951
v -0.449120 0.516401 0.157237
v 0.156733 0.545269 0.101244
v 0.259644 0.583503 0.128826
v 0.258157 0.512291 0.141435
v 0.166892 0.513075 0.108193
v 0.258157 0.512291 0.141435
v 0.256922 0.456468 0.102735
v 0.348889 0.509699 0.109228
v -0.449120 0.516401 0.157237
v -0.336194 0.549771 0.113909
v -0.447492 0.594735 0.143367
v -0.349323 0.513550 0.121810
v -0.096507 0.463937 0.102497
v -0.010671 0.513632 0.102616
v 0.258019 0.502241 0.062679
v 0.377148 0.548186 0.055826
v 0.257952 0.485685 0.046043
v 0.500061 0.542417 0.110753
v 0.613263 0.584475 0.141093
v 0.611627 0.506141 0.154962
v 0.511234 0.507004 0.118396
v 0.166892 0.513075 0.108193
v 0.256922 0.456468 0.102735
v 0.258157 0.512291 0.141435
v -0.802597 0.522551 0.143708
v -0.699926 0.552887 0.104320
v -0.801098 0.593763 0.131100
v -0.711860 0.519959 0.111503
v -0.449120 0.516401 0.157237
v -0.450500 0.455016 0.099951
v -0.349323 0.513550 0.121810
v -0.095493 0.506669 0.059166
v 0.015703 0.549556 0.052771
v -0.095555 0.491216 0.043638
v 0.511234 0.507004 0.118396
v 0.610249 0.444751 0.100952
v 0.611627 0.506141 0.154962
v -0.802597 0.522551 0.143708
v -0.803829 0.466729 0.104177
v -0.711860 0.519959 0.111503
v 0.870713 0.536573 0.092889
v 0.966774 0.572261 0.118636
v 0.965388 0.505790 0.130404
v 0.880196 0.506522 0.099375
v 0.964244 0.453676 0.100976
v 0.965388 0.505790 0.130404
v -1.253518 0.497823 0.135336
v -1.167217 0.552374 0.102024
v -1.270336 0.561880 0.122798
v -1.169559 0.519749 0.108672
v -0.449274 0.505346 0.070605
v -0.318230 0.555886 0.063068
v -0.449336 0.487135 0.052305
v -1.253518 0.497823 0.135336
v -1.237623 0.447526 0.108665
v -1.169559 0.519749 0.108672
v 1.217481 0.535009 0.098970
v 1.320392 0.573244 0.126552
v 1.318908 0.502032 0.139160
v 1.227641 0.502815 0.105918
v 1.227641 0.502815 0.105918
v 1.317672 0.446208 0.101216
v 1.318908 0.502032 0.139160
v -0.802728 0.512501 0.064953
v -0.683604 0.558446 0.058101
v -0.802791 0.495945 0.048317
v -1.245432 0.488677 0.062052
v -1.150858 0.561653 0.059483
v -1.239888 0.473834 0.046741
v -1.369550 0.496706 -0.004086
v -1.273490 0.591004 0.058037
v -1.270754 0.596865 -0.000252
v -1.361834 0.500678 0.050870
v -1.265471 0.590911 -0.051377
v -1.369550 0.496706 -0.004086
v -1.270754 0.596865 -0.000252
v -1.354361 0.500592 -0.051088
v -1.335905 0.499926 -0.099551
v -1.265471 0.590911 -0.051377
v -1.252376 0.561673 -0.122239
v -1.354361 0.500592 -0.051088
v -1.273490 0.591004 0.058037
v -1.350076 0.500090 0.093778
v -1.270336 0.561880 0.122798
v -1.361834 0.500678 0.050870
v -0.932528 0.560455 -0.000307
v -0.800342 0.626226 0.061993
v -0.800220 0.632846 -0.000471
v -0.919173 0.560804 0.058141
v -0.800546 0.626382 -0.055396
v -0.932528 0.560455 -0.000307
v -0.800220 0.632846 -0.000471
v -0.919362 0.560950 -0.051251
v -0.904382 0.555806 -0.103905
v -0.800546 0.626382 -0.055396
v -0.801552 0.594114 -0.131800
v -0.919362 0.560950 -0.051251
v -0.800342 0.626226 0.061993
v -0.904024 0.555529 0.103518
v -0.801098 0.593763 0.131100
v -0.919173 0.560804 0.058141
v -0.592040 0.558096 -0.001181
v -0.446655 0.630444 0.067352
v -0.446517 0.637726 -0.001360
v -0.577364 0.558479 0.063111
v -0.446878 0.630615 -0.061778
v -0.592040 0.558096 -0.001181
v -0.446517 0.637726 -0.001360
v -0.577573 0.558639 -0.057219
v -0.561087 0.552980 -0.115139
v -0.446878 0.630615 -0.061778
v -0.447992 0.595120 -0.145824
v -0.577573 0.558639 -0.057219
v -0.446655 0.630444 0.067352
v -0.560693 0.552677 0.113027
v -0.447492 0.594735 0.143367
v -0.577364 0.558479 0.063111
v -1.369550 0.496706 -0.004086
v -1.233137 0.461999 0.001196
v -1.239888 0.473834 0.046741
v -1.361834 0.500678 0.050870
v -1.354361 0.500592 -0.051088
v -1.233709 0.473762 -0.037565
v -1.369550 0.496706 -0.004086
v -1.233137 0.461999 0.001196
v -1.361834 0.500678 0.050870
v -1.245432 0.488677 0.062052
v -1.350076 0.500090 0.093778
v -1.239888 0.473834 0.046741
v -1.245432 0.488677 0.062052
v -1.332874 0.474037 0.101007
v -1.236492 0.488575 -0.059922
v -1.354361 0.500592 -0.051088
v -1.335905 0.499926 -0.099551
v -1.233709 0.473762 -0.037565
v -1.240070 0.500197 -0.057870
v -0.216644 0.551431 -0.001750
v -0.093273 0.612822 0.056405
v -0.093155 0.619002 -0.001901
v -0.204188 0.551756 0.052807
v -0.093462 0.612968 -0.053170
v -0.216644 0.551431 -0.001750
v -0.093155 0.619002 -0.001901
v -0.204364 0.551892 -0.049301
v -1.248864 0.500298 0.062105
v -1.237623 0.447526 0.108665
v -1.332874 0.474037 0.101007
v -0.932528 0.560455 -0.000307
v -0.803003 0.482858 -0.000711
v -0.802791 0.495945 0.048317
v -0.919173 0.560804 0.058141
v -0.919362 0.560950 -0.051251
v -0.802948 0.496065 -0.042136
v -0.932528 0.560455 -0.000307
v -0.803003 0.482858 -0.000711
v -0.190371 0.547090 -0.098449
v -0.093462 0.612968 -0.053170
v -0.094400 0.582848 -0.124487
v -0.204364 0.551892 -0.049301
v -1.240070 0.500197 -0.057870
v -1.221721 0.447343 -0.108307
v -0.093273 0.612822 0.056405
v -0.190036 0.546833 0.095164
v -0.093976 0.582521 0.120909
v -0.204188 0.551756 0.052807
v -0.919173 0.560804 0.058141
v -0.802728 0.512501 0.064953
v -0.904024 0.555529 0.103518
v -0.802791 0.495945 0.048317
v -0.802728 0.512501 0.064953
v -0.893859 0.523335 0.110466
v -0.802953 0.512675 -0.065913
v -0.919362 0.560950 -0.051251
v -0.904382 0.555806 -0.103905
v -0.802948 0.496065 -0.042136
v -0.894238 0.523627 -0.108463
v -0.802886 0.525650 -0.063550
v -0.803829 0.466729 0.104177
v -0.893859 0.523335 0.110466
v -0.802886 0.525650 -0.063550
v -0.894238 0.523627 -0.108463
v -0.804196 0.467012 -0.108108
v 0.128225 0.550195 -0.002582
v 0.260397 0.615966 0.059720
v 0.260525 0.622586 -0.002744
v 0.141572 0.550544 0.055866
v 0.260194 0.616122 -0.057670
v 0.128225 0.550195 -0.002582
v 0.260525 0.622586 -0.002744
v 0.141383 0.550690 -0.053525
v 0.260397 0.615966 0.059720
v 0.156733 0.545269 0.101244
v 0.259644 0.583503 0.128826
v 0.141572 0.550544 0.055866
v -0.592040 0.558096 -0.001181
v -0.449590 0.472739 -0.001624
v -0.449336 0.487135 0.052305
v -0.577364 0.558479 0.063111
v -0.577573 0.558639 -0.057219
v -0.449508 0.487267 -0.047192
v -0.592040 0.558096 -0.001181
v -0.449590 0.472739 -0.001624
v 0.156375 0.545545 -0.106179
v 0.260194 0.616122 -0.057670
v 0.259191 0.583854 -0.134075
v 0.141383 0.550690 -0.053525
v -0.577364 0.558479 0.063111
v -0.449274 0.505346 0.070605
v -0.560693 0.552677 0.113027
v -0.449336 0.487135 0.052305
v -0.449274 0.505346 0.070605
v -0.549520 0.517264 0.120670
v -0.449522 0.505537 -0.073348
v -0.577573 0.558639 -0.057219
v -0.561087 0.552980 -0.115139
v -0.449508 0.487267 -0.047192
v -0.549935 0.517585 -0.120152
v -0.449463 0.519811 -0.070747
v -0.449219 0.519622 0.070846
v -0.450500 0.455016 0.099951
v -0.549520 0.517264 0.120670
v -0.449463 0.519811 -0.070747
v -0.549935 0.517585 -0.120152
v -0.450856 0.455290 -0.105962
v 0.614089 0.620184 0.065077
v 0.500061 0.542417 0.110753
v 0.613263 0.584475 0.141093
v 0.483381 0.548219 0.060837
v 0.499666 0.542720 -0.117414
v 0.613868 0.620356 -0.064052
v 0.612763 0.584860 -0.148099
v 0.483174 0.548380 -0.059493
v 0.468703 0.547835 -0.003455
v 0.614089 0.620184 0.065077
v 0.614230 0.627466 -0.003634
v 0.483381 0.548219 0.060837
v 0.613868 0.620356 -0.064052
v 0.468703 0.547835 -0.003455
v 0.614230 0.627466 -0.003634
v 0.483174 0.548380 -0.059493
v -0.204364 0.551892 -0.049301
v -0.095701 0.491328 -0.040793
v -0.216644 0.551431 -0.001750
v -0.095755 0.479000 -0.002126
v -0.216644 0.551431 -0.001750
v -0.095755 0.479000 -0.002126
v -0.095555 0.491216 0.043638
v -0.204188 0.551756 0.052807
v -0.204188 0.551756 0.052807
v -0.095493 0.506669 0.059166
v -0.190036 0.546833 0.095164
v -0.095555 0.491216 0.043638
v -0.095493 0.506669 0.059166
v -0.180554 0.516782 0.101649
v -0.095704 0.506832 -0.062987
v -0.204364 0.551892 -0.049301
v -0.190371 0.547090 -0.098449
v -0.095701 0.491328 -0.040793
v -0.180906 0.517054 -0.102703
v -0.095648 0.518943 -0.060780
v -0.095440 0.518783 0.059371
v -0.096507 0.463937 0.102497
v -0.180554 0.516782 0.101649
v -0.095648 0.518943 -0.060780
v -0.180906 0.517054 -0.102703
v -0.096872 0.464218 -0.109091
v 0.844104 0.541171 -0.004024
v 0.967477 0.602562 0.054130
v 0.967595 0.608742 -0.004176
v 0.856560 0.541496 0.050533
v 0.967287 0.602708 -0.055445
v 0.844104 0.541171 -0.004024
v 0.967595 0.608742 -0.004176
v 0.856385 0.541632 -0.051575
v 0.141383 0.550690 -0.053525
v 0.257798 0.485805 -0.044410
v 0.128225 0.550195 -0.002582
v 0.257736 0.472598 -0.002985
v 0.128225 0.550195 -0.002582
v 0.257736 0.472598 -0.002985
v 0.257952 0.485685 0.046043
v 0.141572 0.550544 0.055866
v 0.870379 0.536830 -0.100724
v 0.967287 0.602708 -0.055445
v 0.966350 0.572588 -0.126762
v 0.856385 0.541632 -0.051575
v 0.967477 0.602562 0.054130
v 0.870713 0.536573 0.092889
v 0.966774 0.572261 0.118636
v 0.856560 0.541496 0.050533
v 0.258076 0.515219 0.062898
v 0.256922 0.456468 0.102735
v 0.166892 0.513075 0.108193
v 0.141572 0.550544 0.055866
v 0.258019 0.502241 0.062679
v 0.156733 0.545269 0.101244
v 0.257952 0.485685 0.046043
v 0.258019 0.502241 0.062679
v 0.166892 0.513075 0.108193
v 0.257854 0.515390 -0.065824
v 0.166515 0.513367 -0.110737
v 0.256552 0.456754 -0.111214
v 0.257793 0.502415 -0.068188
v 0.141383 0.550690 -0.053525
v 0.156375 0.545545 -0.106179
v 0.257798 0.485805 -0.044410
v 0.166515 0.513367 -0.110737
v 0.257854 0.515390 -0.065824
v 1.321146 0.605706 0.057446
v 1.217481 0.535009 0.098970
v 1.320392 0.573244 0.126552
v 1.202322 0.540284 0.053592
v 1.188977 0.539935 -0.004856
v 1.321146 0.605706 0.057446
v 1.321273 0.612326 -0.005018
v 1.202322 0.540284 0.053592
v 1.320943 0.605862 -0.059945
v 1.188977 0.539935 -0.004856
v 1.321273 0.612326 -0.005018
v 1.202132 0.540430 -0.055800
v 0.611537 0.509362 0.068571
v 0.610249 0.444751 0.100952
v 0.511234 0.507004 0.118396
v 0.611292 0.509551 -0.073021
v 0.510820 0.507325 -0.122427
v 0.609882 0.445035 -0.111512
v 0.483174 0.548380 -0.059493
v 0.611230 0.477008 -0.049465
v 0.468703 0.547835 -0.003455
v 0.611165 0.462479 -0.003899
v 0.468703 0.547835 -0.003455
v 0.611165 0.462479 -0.003899
v 0.611403 0.476875 0.050031
v 0.483381 0.548219 0.060837
v 1.217124 0.535285 -0.108454
v 1.320943 0.605862 -0.059945
v 1.319939 0.573594 -0.136349
v 1.202132 0.540430 -0.055800
v 0.483381 0.548219 0.060837
v 0.611474 0.495086 0.068331
v 0.500061 0.542417 0.110753
v 0.611403 0.476875 0.050031
v 0.611474 0.495086 0.068331
v 0.511234 0.507004 0.118396
v 0.611224 0.495277 -0.075622
v 0.483174 0.548380 -0.059493
v 0.499666 0.542720 -0.117414
v 0.611230 0.477008 -0.049465
v 0.510820 0.507325 -0.122427
v 0.611292 0.509551 -0.073021
v 0.965102 0.508683 -0.063055
v 0.879843 0.506794 -0.104977
v 0.963876 0.453959 -0.112118
v 0.965309 0.508523 0.057096
v 0.964244 0.453676 0.100976
v 0.880196 0.506522 0.099375
v 0.856385 0.541632 -0.051575
v 0.965048 0.481068 -0.043067
v 0.844104 0.541171 -0.004024
v 0.964992 0.468740 -0.004399
v 0.844104 0.541171 -0.004024
v 0.964992 0.468740 -0.004399
v 0.965194 0.480956 0.041363
v 0.856560 0.541496 0.050533
v 0.856560 0.541496 0.050533
v 0.965256 0.496409 0.056892
v 0.870713 0.536573 0.092889
v 0.965194 0.480956 0.041363
v 0.965256 0.496409 0.056892
v 0.880196 0.506522 0.099375
v 0.965045 0.496572 -0.065262
v 0.856385 0.541632 -0.051575
v 0.870379 0.536830 -0.100724
v 0.965048 0.481068 -0.043067
v 0.879843 0.506794 -0.104977
v 0.965102 0.508683 -0.063055
v 1.318602 0.505130 -0.068099
v 1.227263 0.503107 -0.113012
v 1.317299 0.446495 -0.114244
v 1.318825 0.504959 0.060624
v 1.317672 0.446208 0.101216
v 1.227641 0.502815 0.105918
v 1.202132 0.540430 -0.055800
v 1.318545 0.475545 -0.046685
v 1.188977 0.539935 -0.004856
v 1.188977 0.539935 -0.004856
v 1.318702 0.475425 0.043769
v 1.202322 0.540284 0.053592
v 1.202322 0.540284 0.053592
v 1.318768 0.491981 0.060405
v 1.217481 0.535009 0.098970
v 1.318702 0.475425 0.043769
v 1.318768 0.491981 0.060405
v 1.227641 0.502815 0.105918
v 1.318542 0.492155 -0.070462
v 1.202132 0.540430 -0.055800
v 1.217124 0.535285 -0.108454
v 1.318545 0.475545 -0.046685
v 1.227263 0.503107 -0.113012
v 1.318602 0.505130 -0.068099
v 1.421564 0.532367 0.099772
v 1.318768 0.491981 0.060405
v 1.437896 0.537926 0.053552
v 1.318542 0.492155 -0.070462
v 1.421201 0.532647 -0.110133
v 1.437706 0.538073 -0.056770
v -1.361834 0.500678 0.050870
v -1.245432 0.488677 0.062052
v -1.350076 0.500090 0.093778
v -1.236492 0.488575 -0.059922
v -1.354361 0.500592 -0.051088
v -1.335905 0.499926 -0.099551
v 1.061208 0.534107 0.093637
v 0.965256 0.496409 0.056892
v 1.076452 0.539296 0.050496
v 0.965045 0.496572 -0.065262
v 1.060869 0.534367 -0.102291
v 1.076273 0.539433 -0.052481
v -0.919173 0.560804 0.058141
v -0.802728 0.512501 0.064953
v -0.904024 0.555529 0.103518
v -0.802953 0.512675 -0.065913
v -0.919362 0.560950 -0.051251
v -0.904382 0.555806 -0.103905
v 0.724549 0.539511 0.111635
v 0.611474 0.495086 0.068331
v 0.742514 0.545626 0.060794
v 0.611224 0.495277 -0.075622
v 0.724149 0.539818 -0.119261
v 0.742306 0.545787 -0.060560
v -0.577364 0.558479 0.063111
v -0.449274 0.505346 0.070605
v -0.560693 0.552677 0.113027
v -0.449522 0.505537 -0.073348
v -0.577573 0.558639 -0.057219
v -0.561087 0.552980 -0.115139
v 0.360815 0.542628 0.102046
v 0.258019 0.502241 0.062679
v 0.377148 0.548186 0.055826
v 0.257793 0.502415 -0.068188
v 0.360452 0.542907 -0.107859
v 0.376957 0.548333 -0.054495
v -0.204188 0.551756 0.052807
v -0.095493 0.506669 0.059166
v -0.190036 0.546833 0.095164
v -0.095704 0.506832 -0.062987
v -0.204364 0.551892 -0.049301
v -0.190371 0.547090 -0.098449
v 0.000458 0.544366 0.095912
v -0.095493 0.506669 0.059166
v 0.015703 0.549556 0.052771
v -0.095704 0.506832 -0.062987
v 0.000119 0.544627 -0.100016
v 0.015525 0.549693 -0.050206
v 0.141572 0.550544 0.055866
v 0.258019 0.502241 0.062679
v 0.156733 0.545269 0.101244
v 0.257793 0.502415 -0.068188
v 0.141383 0.550690 -0.053525
v 0.156375 0.545545 -0.106179
v -0.336194 0.549771 0.113909
v -0.449274 0.505346 0.070605
v -0.318230 0.555886 0.063068
v -0.449522 0.505537 -0.073348
v -0.336592 0.550078 -0.116986
v -0.318440 0.556047 -0.058286
v 0.483381 0.548219 0.060837
v 0.611474 0.495086 0.068331
v 0.500061 0.542417 0.110753
v 0.611224 0.495277 -0.075622
v 0.483174 0.548380 -0.059493
v 0.499666 0.542720 -0.117414
v -0.699926 0.552887 0.104320
v -0.802728 0.512501 0.064953
v -0.683604 0.558446 0.058101
v -0.802953 0.512675 -0.065913
v -0.700289 0.553166 -0.105586
v -0.683794 0.558593 -0.052221
v 0.856560 0.541496 0.050533
v 0.965256 0.496409 0.056892
v 0.870713 0.536573 0.092889
v 0.965045 0.496572 -0.065262
v 0.856385 0.541632 -0.051575
v 0.870379 0.536830 -0.100724
v -1.236492 0.488575 -0.059922
v -1.152877 0.552208 -0.093616
v -1.143321 0.561566 -0.043343
v -1.167217 0.552374 0.102024
v -1.245432 0.488677 0.062052
v -1.150858 0.561653 0.059483
v 1.202322 0.540284 0.053592
v 1.318768 0.491981 0.060405
v 1.217481 0.535009 0.098970
v 1.318542 0.492155 -0.070462
v 1.202132 0.540430 -0.055800
v 1.217124 0.535285 -0.108454
v 1.318414 0.502412 -0.146645
v 1.421201 0.532647 -0.110133
v 1.409258 0.499735 -0.114833
v 1.319939 0.573594 -0.136349
v -1.335905 0.499926 -0.099551
v -1.252376 0.561673 -0.122239
v -1.233994 0.497597 -0.131048
v -1.233994 0.497597 -0.131048
v -1.221721 0.447343 -0.108307
v 0.964927 0.506145 -0.136373
v 1.060869 0.534367 -0.102291
v 1.049721 0.503646 -0.106678
v 0.966350 0.572588 -0.126762
v -0.904382 0.555806 -0.103905
v -0.801552 0.594114 -0.131800
v -0.803091 0.522932 -0.142097
v -0.894238 0.523627 -0.108463
v 0.611085 0.506560 -0.159424
v 0.724149 0.539818 -0.119261
v 0.711011 0.503615 -0.124430
v 0.612763 0.584860 -0.148099
v 1.318414 0.502412 -0.146645
v 1.409258 0.499735 -0.114833
v 1.317299 0.446495 -0.114244
v -0.561087 0.552980 -0.115139
v -0.447992 0.595120 -0.145824
v -0.449663 0.516820 -0.157150
v -0.549935 0.517585 -0.120152
v 0.964927 0.506145 -0.136373
v 1.049721 0.503646 -0.106678
v 0.963876 0.453959 -0.112118
v 0.257666 0.512672 -0.144371
v 0.360452 0.542907 -0.107859
v 0.348508 0.509995 -0.112559
v 0.259191 0.583854 -0.134075
v -0.894238 0.523627 -0.108463
v -0.803091 0.522932 -0.142097
v -0.804196 0.467012 -0.108108
v -0.190371 0.547090 -0.098449
v -0.094400 0.582848 -0.124487
v -0.095822 0.516405 -0.134098
v -0.180906 0.517054 -0.102703
v -0.095822 0.516405 -0.134098
v -0.096872 0.464218 -0.109091
v 0.611085 0.506560 -0.159424
v 0.711011 0.503615 -0.124430
v 0.609882 0.445035 -0.111512
v -0.095822 0.516405 -0.134098
v 0.000119 0.544627 -0.100016
v -0.011029 0.513906 -0.104403
v -0.094400 0.582848 -0.124487
v -0.549935 0.517585 -0.120152
v -0.449663 0.516820 -0.157150
v -0.450856 0.455290 -0.105962
v 0.257666 0.512672 -0.144371
v 0.348508 0.509995 -0.112559
v 0.256552 0.456754 -0.111214
v 0.156375 0.545545 -0.106179
v 0.259191 0.583854 -0.134075
v 0.257666 0.512672 -0.144371
v 0.166515 0.513367 -0.110737
v 0.257666 0.512672 -0.144371
v 0.256552 0.456754 -0.111214
v -0.449663 0.516820 -0.157150
v -0.336592 0.550078 -0.116986
v -0.349744 0.513875 -0.122156
v -0.447992 0.595120 -0.145824
v -0.095822 0.516405 -0.134098
v -0.011029 0.513906 -0.104403
v -0.096872 0.464218 -0.109091
v 0.499666 0.542720 -0.117414
v 0.612763 0.584860 -0.148099
v 0.611085 0.506560 -0.159424
v 0.510820 0.507325 -0.122427
v -0.803091 0.522932 -0.142097
v -0.700289 0.553166 -0.105586
v -0.712243 0.520255 -0.110284
v -0.801552 0.594114 -0.131800
v -0.449663 0.516820 -0.157150
v -0.349744 0.513875 -0.122156
v -0.450856 0.455290 -0.105962
v 0.510820 0.507325 -0.122427
v 0.611085 0.506560 -0.159424
v 0.609882 0.445035 -0.111512
v -0.803091 0.522932 -0.142097
v -0.712243 0.520255 -0.110284
v -0.804196 0.467012 -0.108108
v 0.870379 0.536830 -0.100724
v 0.966350 0.572588 -0.126762
v 0.964927 0.506145 -0.136373
v 0.879843 0.506794 -0.104977
v 0.964927 0.506145 -0.136373
v 0.963876 0.453959 -0.112118
v -1.233994 0.497597 -0.131048
v -1.152877 0.552208 -0.093616
v -1.154408 0.519575 -0.098044
v -1.252376 0.561673 -0.122239
v -1.233994 0.497597 -0.131048
v -1.154408 0.519575 -0.098044
v -1.221721 0.447343 -0.108307
v 1.217124 0.535285 -0.108454
v 1.319939 0.573594 -0.136349
v 1.318414 0.502412 -0.146645
v 1.227263 0.503107 -0.113012
v 1.318414 0.502412 -0.146645
v 1.317299 0.446495 -0.114244
v -0.177304 0.546082 0.094611
v -0.087591 0.585245 0.124663
v -0.088044 0.513777 0.138472
v -0.168015 0.513853 0.102228
v -0.088359 0.457688 0.103474
v -0.088044 0.513777 0.138472
v -0.088044 0.513777 0.138472
v 0.001693 0.544922 0.095848
v -0.087591 0.585245 0.124663
v -0.008374 0.511796 0.103680
v -0.088044 0.513777 0.138472
v -0.088359 0.457688 0.103474
v -0.008374 0.511796 0.103680
vn 0.4088 -0.5183 -0.7511
vn 0.3673 -0.5184 -0.7722
vn 0.4102 -0.5079 -0.7575
vn -0.4270 -0.4912 -0.7592
vn -0.3716 -0.5075 -0.7774
vn -0.4220 -0.4999 -0.7563
vn 0.5049 0.8627 0.0301
vn 0.5018 0.8646 0.0246
vn 0.4830 0.8584 0.1726
vn 0.4796 0.8578 0.1849
vn 0.4795 0.8583 -0.1825
vn 0.4829 0.8592 -0.1691
vn 0.5044 0.8621 -0.0491
vn 0.5014 0.8642 -0.0423
vn 0.4767 0.8432 -0.2487
vn 0.4624 0.6355 -0.6183
vn 0.4735 0.6566 -0.5871
vn 0.4795 0.8494 -0.2204
vn 0.4663 0.6480 0.6022
vn 0.4538 0.6377 0.6224
vn 0.4775 0.8374 0.2658
vn 0.4798 0.8443 0.2386
vn 0.5048 0.8627 0.0301
vn 0.4828 0.8592 -0.1691
vn 0.5044 0.8621 -0.0489
vn 0.4625 0.6355 -0.6182
vn 0.4796 0.8494 -0.2204
vn 0.4662 0.6480 0.6023
vn 0.5018 0.8646 0.0244
vn 0.4663 0.6480 0.6023
vn 0.4775 0.8375 0.2658
vn 0.4321 -0.8860 0.1681
vn 0.4929 -0.8695 0.0322
vn 0.4028 -0.8969 0.1826
vn 0.4917 -0.8690 -0.0554
vn 0.4319 -0.8844 -0.1771
vn 0.4120 -0.8923 -0.1843
vn 0.5969 -0.7635 -0.2463
vn 0.4865 -0.7710 -0.4110
vn 0.3785 -0.5017 -0.7778
vn 0.5374 -0.8401 -0.0737
vn 0.4066 -0.8688 -0.2827
vn 0.4366 -0.8562 -0.2762
vn 0.4034 -0.4324 0.8064
vn 0.3966 -0.4327 0.8096
vn 0.5295 -0.7088 0.4661
vn 0.4085 -0.5260 -0.7459
vn 0.3579 -0.5332 -0.7665
vn 0.4133 -0.5175 -0.7493
vn 0.4767 0.8432 -0.2486
vn 0.4197 -0.4743 0.7739
vn 0.4088 -0.4709 0.7817
vn 0.3417 -0.5857 0.7350
vn 0.4782 -0.8778 0.0280
vn 0.4302 -0.8781 0.2094
vn 0.4759 -0.8769 0.0679
vn 0.4028 -0.8969 0.1827
vn 0.4792 -0.8762 -0.0514
vn 0.4285 -0.8751 -0.2249
vn 0.4120 -0.8923 -0.1844
vn 0.4753 -0.8743 -0.0985
vn 0.5969 -0.7635 -0.2464
vn 0.4866 -0.7709 -0.4110
vn 0.3642 -0.5269 -0.7679
vn 0.4029 -0.5545 -0.7281
vn 0.3375 -0.5902 -0.7333
vn 0.4030 -0.5440 -0.7360
vn 0.4366 -0.8562 -0.2761
vn 0.3895 -0.5397 0.7464
vn 0.3949 -0.4261 0.8139
vn 0.3231 -0.6332 0.7033
vn 0.4798 0.8443 0.2387
vn 0.4759 -0.8769 0.0681
vn 0.4026 -0.8969 0.1828
vn 0.4792 -0.8762 -0.0512
vn 0.4754 -0.8743 -0.0985
vn 0.3999 -0.4562 -0.7949
vn 0.4067 -0.8687 -0.2826
vn 0.4367 -0.8562 -0.2761
vn 0.4121 -0.3931 0.8220
vn 0.4140 -0.3845 0.8251
vn 0.5295 -0.7088 0.4660
vn 0.4110 -0.4681 -0.7823
vn 0.3912 -0.4209 -0.8184
vn 0.4211 -0.4615 -0.7808
vn 0.4268 -0.4158 0.8031
vn 0.4139 -0.4218 0.8067
vn 0.3794 -0.4782 0.7921
vn 0.5048 0.8627 0.0302
vn 0.5018 0.8646 0.0245
vn 0.4829 0.8585 0.1726
vn 0.4797 0.8578 0.1847
vn 0.4795 0.8583 -0.1826
vn 0.4828 0.8592 -0.1692
vn 0.5044 0.8621 -0.0490
vn 0.4664 0.6480 0.6021
vn 0.4759 -0.8769 0.0680
vn 0.4793 -0.8762 -0.0514
vn 0.4285 -0.8751 -0.2250
vn 0.4754 -0.8743 -0.0984
vn 0.3811 -0.4952 -0.7807
vn 0.4367 -0.8562 -0.2760
vn 0.4034 -0.4326 0.8063
vn 0.5295 -0.7089 0.4659
vn 0.4105 -0.5188 -0.7499
vn 0.3596 -0.5261 -0.7706
vn 0.4102 -0.5089 -0.7568
vn 0.4188 -0.4737 0.7747
vn 0.4082 -0.4704 0.7823
vn 0.3495 -0.5788 0.7368
vn 0.4663 0.6479 0.6023
vn 0.4798 0.8443 0.2385
vn 0.5017 0.8647 0.0244
vn 0.4828 0.8593 -0.1691
vn 0.4793 -0.8761 -0.0513
vn 0.4027 -0.8969 0.1825
vn 0.5970 -0.7635 -0.2463
vn 0.3696 -0.5250 -0.7667
vn 0.3922 -0.5319 0.7505
vn 0.3929 -0.4267 0.8146
vn 0.3272 -0.6317 0.7028
vn 0.4072 -0.5528 -0.7271
vn 0.3391 -0.5839 -0.7376
vn 0.4049 -0.5374 -0.7398
vn 0.2317 0.7524 0.6166
vn 0.2195 0.7387 0.6373
vn 0.2068 0.9377 0.2791
vn 0.2073 0.9450 0.2530
vn 0.2243 0.9459 -0.2345
vn 0.2931 0.7435 -0.6011
vn 0.2932 0.7670 -0.5708
vn 0.2248 0.9526 -0.2052
vn 0.2356 0.9708 0.0460
vn 0.2324 0.9718 0.0402
vn 0.2075 0.9601 0.1874
vn 0.2042 0.9584 0.1995
vn 0.2215 0.9607 -0.1672
vn 0.2241 0.9623 -0.1540
vn 0.2367 0.9710 -0.0330
vn 0.2330 0.9721 -0.0267
vn 0.4129 -0.4548 -0.7891
vn 0.4038 -0.3829 -0.8309
vn 0.4225 -0.4435 -0.7904
vn 0.4285 -0.8751 -0.2248
vn 0.4303 -0.8781 0.2094
vn 0.4260 -0.4043 0.8094
vn 0.4217 -0.4016 0.8130
vn 0.3899 -0.4487 0.8042
vn 0.5969 -0.7636 -0.2463
vn 0.4076 -0.4478 -0.7958
vn 0.5375 -0.8400 -0.0738
vn 0.4066 -0.8688 -0.2828
vn 0.4210 -0.3766 0.8252
vn 0.4159 -0.3771 0.8275
vn 0.5294 -0.7089 0.4660
vn 0.4176 -0.4732 0.7757
vn 0.4098 -0.4631 0.7859
vn 0.3511 -0.5721 0.7412
vn 0.4792 -0.8762 -0.0513
vn 0.4754 -0.8742 -0.0985
vn 0.3811 -0.4953 -0.7807
vn 0.4067 -0.8688 -0.2826
vn 0.4366 -0.8563 -0.2760
vn 0.4050 -0.4255 0.8093
vn 0.5294 -0.7089 0.4661
vn 0.7108 -0.7034 0.0028
vn 0.6729 -0.7188 -0.1749
vn 0.6603 -0.7391 -0.1329
vn 0.7090 -0.7038 -0.0458
vn 0.7077 -0.7017 0.0816
vn 0.6502 -0.7142 0.2590
vn 0.7033 -0.7007 0.1203
vn 0.6305 -0.7404 0.2328
vn 0.7517 -0.6590 -0.0266
vn 0.6520 -0.7190 -0.2407
vn 0.6748 -0.7002 -0.2332
vn 0.4919 -0.4088 0.7687
vn 0.4621 -0.2953 0.8362
vn 0.6898 -0.5257 0.4978
vn 0.4543 -0.5296 0.7163
vn 0.8037 -0.5578 -0.2072
vn 0.7045 -0.6014 -0.3768
vn 0.5384 -0.4096 -0.7364
vn 0.5826 -0.4294 -0.6900
vn 0.5291 -0.4934 -0.6904
vn 0.5840 -0.4142 -0.6981
vn 0.3192 -0.1446 0.9366
vn 0.4842 0.4449 0.7534
vn 0.4743 0.5295 0.7033
vn 0.3025 -0.1234 0.9451
vn -0.3371 -0.1828 0.9236
vn -0.6267 0.3906 0.6743
vn -0.6196 0.3049 0.7233
vn -0.3328 -0.1444 0.9319
vn -0.3548 -0.2154 0.9098
vn -0.2097 -0.5131 0.8323
vn -0.3143 -0.2559 0.9142
vn 0.3264 -0.1183 0.9378
vn 0.4744 0.5295 0.7033
vn 0.3049 -0.0892 0.9482
vn -0.3392 -0.1358 0.9309
vn -0.4583 0.5459 0.7014
vn -0.4746 0.4610 0.7498
vn -0.3157 -0.1166 0.9417
vn 0.3177 -0.1862 0.9297
vn 0.4743 0.5294 0.7034
vn 0.2945 -0.1923 0.9361
vn 0.4509 -0.8467 0.2824
vn 0.3954 -0.8699 0.2949
vn 0.5187 -0.8419 0.1492
vn 0.3260 -0.2131 0.9210
vn 0.2684 -0.5476 0.7926
vn 0.3632 -0.1808 0.9140
vn -0.3314 -0.1871 0.9248
vn -0.4584 0.5459 0.7013
vn -0.4746 0.4609 0.7499
vn -0.3090 -0.1856 0.9328
vn 0.3189 -0.1528 0.9354
vn 0.3018 -0.1319 0.9442
vn 0.3290 -0.1837 0.9263
vn 0.2814 -0.4746 0.8340
vn 0.3550 -0.1423 0.9240
vn 0.4510 -0.8467 0.2823
vn 0.3953 -0.8699 0.2949
vn 0.5187 -0.8419 0.1491
vn -0.3745 -0.1823 0.9091
vn -0.2902 -0.5480 0.7845
vn -0.3434 -0.2157 0.9141
vn 0.3310 -0.2579 0.9077
vn 0.2437 -0.6442 0.7250
vn 0.3723 -0.2531 0.8929
vn 0.4510 -0.8467 0.2822
vn -0.3858 -0.2565 0.8862
vn -0.2676 -0.6547 0.7070
vn -0.3419 -0.2714 0.8997
vn -0.3392 -0.1359 0.9309
vn -0.3162 -0.1080 0.9425
vn 0.3256 -0.2218 0.9191
vn 0.2610 -0.5541 0.7905
vn 0.3632 -0.1895 0.9122
vn 0.3150 -0.2051 0.9267
vn 0.4843 0.4449 0.7533
vn 0.2927 -0.2087 0.9332
vn 0.4509 -0.8467 0.2823
vn -0.3317 -0.1788 0.9263
vn -0.3166 -0.1682 0.9335
vn -0.3742 -0.1733 0.9110
vn -0.2911 -0.5412 0.7889
vn -0.3427 -0.2151 0.9145
vn 0.4842 0.4450 0.7533
vn 0.4742 0.5295 0.7034
vn 0.3064 -0.1328 0.9426
vn 0.3294 -0.2768 0.9027
vn 0.2306 -0.6643 0.7110
vn 0.3752 -0.2698 0.8868
vn -0.3899 -0.2392 0.8893
vn -0.2716 -0.6297 0.7278
vn -0.3404 -0.2623 0.9030
vn 0.3264 -0.2222 0.9187
vn 0.2627 -0.5641 0.7828
vn 0.3700 -0.1914 0.9091
vn -0.3347 -0.1014 0.9369
vn -0.3185 -0.0650 0.9457
vn -0.3663 -0.1243 0.9221
vn -0.3081 -0.4659 0.8295
vn -0.3353 -0.1747 0.9258
vn 0.3002 -0.0049 0.9539
vn 0.3046 0.5648 0.7670
vn 0.2730 0.6432 0.7154
vn 0.2714 0.0175 0.9623
vn 0.3952 -0.8700 0.2949
vn 0.5188 -0.8418 0.1491
vn 0.3171 -0.0580 0.9466
vn 0.3640 -0.3427 0.8660
vn 0.3301 -0.0102 0.9439
vn -0.4744 0.4610 0.7499
vn -0.3167 -0.0993 0.9433
vn -0.3742 -0.1643 0.9127
vn -0.2922 -0.5346 0.7930
vn -0.3421 -0.2146 0.9148
vn 0.4508 -0.8468 0.2822
vn 0.6640 -0.6764 0.3188
vn 0.6141 -0.7172 0.3294
vn 0.7378 -0.6480 0.1890
vn -0.7139 0.6998 -0.0249
vn -0.7052 0.7001 0.1123
vn -0.7113 0.7023 -0.0294
vn -0.6988 0.7044 0.1245
vn -0.6825 0.6991 -0.2133
vn -0.7102 0.6970 -0.0990
vn -0.7083 0.6997 -0.0935
vn -0.6789 0.6988 -0.2254
vn -0.5912 0.4870 -0.6429
vn -0.6707 0.6837 -0.2877
vn -0.6033 0.4972 -0.6236
vn -0.6755 0.6906 -0.2583
vn -0.6981 0.6847 0.2093
vn -0.6511 0.5115 0.5607
vn -0.6563 0.5174 0.5492
vn -0.6979 0.6943 0.1758
vn -0.4836 0.8748 0.0297
vn -0.4667 0.8686 0.1665
vn -0.4807 0.8765 0.0251
vn -0.4590 0.8704 0.1783
vn -0.4635 0.8715 -0.1602
vn -0.4835 0.8742 -0.0451
vn -0.4805 0.8761 -0.0396
vn -0.4605 0.8707 -0.1726
vn -0.4611 0.6567 -0.5968
vn -0.4585 0.8559 -0.2392
vn -0.4665 0.6685 -0.5792
vn -0.4608 0.8631 -0.2068
vn -0.4617 0.8484 0.2590
vn -0.4443 0.6574 0.6086
vn -0.4505 0.6655 0.5951
vn -0.4593 0.8585 0.2280
vn -0.4807 0.8765 0.0253
vn -0.4590 0.8704 0.1784
vn -0.4836 0.8741 -0.0452
vn -0.4806 0.8760 -0.0395
vn -0.4605 0.8708 -0.1725
vn -0.4612 0.6567 -0.5967
vn -0.4665 0.6686 -0.5791
vn -0.4608 0.8631 -0.2067
vn -0.4617 0.8483 0.2591
vn -0.4504 0.6656 0.5951
vn -0.2294 -0.9732 0.0158
vn -0.2285 -0.9720 0.0543
vn -0.1864 -0.9622 0.1986
vn -0.1648 -0.9710 0.1734
vn -0.1593 -0.9675 -0.1964
vn -0.1675 -0.9558 -0.2416
vn -0.2314 -0.9705 -0.0673
vn -0.2273 -0.9673 -0.1125
vn -0.2665 -0.9536 0.1403
vn -0.1677 -0.9417 0.2916
vn -0.2107 -0.9374 0.2774
vn -0.2602 -0.8679 -0.4231
vn -0.3624 -0.8935 -0.2651
vn -0.1766 -0.6061 -0.7755
vn -0.1574 -0.9435 -0.2917
vn -0.3067 -0.9476 -0.0894
vn -0.1805 -0.9390 -0.2928
vn -0.4836 0.8748 0.0296
vn -0.4668 0.8686 0.1665
vn -0.4635 0.8715 -0.1603
vn -0.4836 0.8741 -0.0451
vn -0.4605 0.8708 -0.1724
vn -0.2100 -0.6327 -0.7454
vn -0.1299 -0.6733 -0.7278
vn -0.2112 -0.6488 -0.7311
vn -0.4996 -0.8657 0.0314
vn -0.4973 -0.8648 0.0702
vn -0.4454 -0.8701 0.2110
vn -0.4278 -0.8846 0.1855
vn -0.4387 -0.8795 -0.1846
vn -0.4443 -0.8658 -0.2304
vn -0.5009 -0.8640 -0.0516
vn -0.4974 -0.8620 -0.0974
vn -0.4611 0.6568 -0.5966
vn -0.5333 -0.8319 0.1533
vn -0.4191 -0.8571 0.2996
vn -0.4630 -0.8386 0.2870
vn -0.5135 -0.7539 -0.4098
vn -0.6118 -0.7511 -0.2480
vn -0.3931 -0.4755 -0.7870
vn -0.4329 -0.8559 -0.2829
vn -0.5586 -0.8262 -0.0735
vn -0.4510 -0.8464 -0.2831
vn -0.3976 -0.4074 0.8222
vn -0.4029 -0.4071 0.8197
vn -0.5512 -0.6918 0.4664
vn -0.4088 -0.4470 0.7956
vn -0.4198 -0.4495 0.7885
vn -0.3554 -0.5605 0.7480
vn -0.4668 0.8686 0.1663
vn -0.4592 0.8586 0.2280
vn -0.4996 -0.8657 0.0315
vn -0.4973 -0.8647 0.0702
vn -0.4387 -0.8795 -0.1845
vn -0.4443 -0.8657 -0.2305
vn -0.4608 0.8631 -0.2069
vn -0.5331 -0.8320 0.1533
vn -0.4191 -0.8571 0.2995
vn -0.4629 -0.8386 0.2870
vn -0.5136 -0.7538 -0.4098
vn -0.4134 -0.4289 -0.8032
vn -0.4328 -0.8559 -0.2830
vn -0.5586 -0.8262 -0.0733
vn -0.4510 -0.8465 -0.2830
vn -0.4107 -0.3491 0.8423
vn -0.4127 -0.3561 0.8384
vn -0.5513 -0.6918 0.4664
vn -0.4326 -0.4306 -0.7921
vn -0.4063 -0.3715 -0.8348
vn -0.4195 -0.4373 -0.7955
vn -0.4149 -0.3825 0.8256
vn -0.4214 -0.3766 0.8250
vn -0.3897 -0.4312 0.8138
vn -0.4443 0.6573 0.6087
vn -0.4504 0.6655 0.5952
vn -0.4608 0.8630 -0.2069
vn -0.4836 0.8748 0.0298
vn -0.4443 -0.8657 -0.2306
vn -0.4973 -0.8648 0.0701
vn -0.4190 -0.8571 0.2996
vn -0.3768 -0.5076 -0.7748
vn -0.4330 -0.8559 -0.2829
vn -0.5586 -0.8261 -0.0735
vn -0.4510 -0.8464 -0.2833
vn -0.3895 -0.4396 0.8093
vn -0.3980 -0.4284 0.8112
vn -0.4196 -0.5278 -0.7385
vn -0.3533 -0.5764 -0.7368
vn -0.4150 -0.5365 -0.7348
vn -0.4073 -0.4722 0.7818
vn -0.4193 -0.4859 0.7669
vn -0.3366 -0.6162 0.7120
vn -0.4442 -0.8657 -0.2306
vn -0.4974 -0.8621 -0.0973
vn -0.4278 -0.8846 0.1856
vn -0.4618 0.8483 0.2590
vn -0.4252 -0.4987 -0.7553
vn -0.3733 -0.5183 -0.7694
vn -0.4203 -0.5074 -0.7523
vn -0.4190 -0.8572 0.2995
vn -0.5135 -0.7539 -0.4099
vn -0.3906 -0.4821 -0.7842
vn -0.4093 -0.4475 0.7951
vn -0.4185 -0.4572 0.7848
vn -0.3482 -0.5688 0.7451
vn -0.5587 -0.8261 -0.0735
vn -0.4510 -0.8464 -0.2832
vn -0.3958 -0.4146 0.8194
vn -0.5513 -0.6917 0.4665
vn -0.4505 0.6656 0.5951
vn -0.4835 0.8742 -0.0452
vn -0.4605 0.8707 -0.1725
vn -0.4279 -0.4437 -0.7874
vn -0.4030 -0.4028 -0.8218
vn -0.4198 -0.4566 -0.7844
vn -0.4192 -0.3954 0.8173
vn -0.4257 -0.3980 0.8126
vn -0.3817 -0.4674 0.7974
vn -0.4454 -0.8701 0.2109
vn -0.5333 -0.8319 0.1532
vn -0.4190 -0.8571 0.2997
vn -0.4087 -0.4429 -0.7980
vn -0.5586 -0.8262 -0.0734
vn -0.4121 -0.3656 0.8346
vn -0.4165 -0.3650 0.8326
vn -0.5512 -0.6918 0.4665
vn -0.4025 -0.4746 0.7828
vn -0.4180 -0.4929 0.7631
vn -0.3319 -0.6264 0.7053
vn -0.4198 -0.5286 -0.7378
vn -0.3516 -0.5826 -0.7328
vn -0.4162 -0.5369 -0.7338
vn -0.4973 -0.8621 -0.0974
vn -0.4280 -0.8846 0.1854
vn -0.4630 -0.8386 0.2869
vn -0.6118 -0.7511 -0.2479
vn -0.5587 -0.8261 -0.0734
vn -0.3876 -0.4464 0.8065
vn -0.3923 -0.4305 0.8129
vn -0.4078 -0.4552 0.7915
vn -0.4196 -0.4577 0.7839
vn -0.3496 -0.5785 0.7369
vn -0.4252 -0.4996 -0.7547
vn -0.3718 -0.5255 -0.7653
vn -0.4204 -0.5121 -0.7490
vn -0.4476 -0.8751 -0.1840
vn -0.5133 -0.8564 -0.0552
vn -0.5140 -0.8571 0.0354
vn -0.4470 -0.8780 0.1709
vn -0.4277 -0.8846 0.1857
vn -0.4190 -0.8572 0.2994
vn -0.5134 -0.7539 -0.4099
vn -0.3897 -0.4863 -0.7821
vn -0.4329 -0.8559 -0.2830
vn -0.3957 -0.4145 0.8195
vn -0.4012 -0.4144 0.8169
vn 0.5153 -0.8489 -0.1176
vn 0.4500 -0.8930 -0.0013
vn 0.4098 -0.8976 0.1625
vn 0.4979 -0.8649 0.0632
vn 0.5630 -0.8104 0.1620
vn 0.4221 -0.8924 -0.1597
vn -0.1754 -0.9723 0.1546
vn -0.1964 -0.9805 -0.0077
vn -0.2614 -0.9559 -0.1337
vn -0.2584 -0.9647 0.0518
vn -0.1655 -0.9715 -0.1696
vn -0.3385 -0.9302 0.1420
vn 0.4499 -0.8931 -0.0014
vn 0.4979 -0.8650 0.0632
vn 0.5631 -0.8104 0.1620
vn -0.4355 -0.8849 0.1651
vn -0.4697 -0.8828 0.0015
vn -0.5348 -0.8369 -0.1165
vn -0.5219 -0.8507 0.0633
vn -0.4488 -0.8794 -0.1589
vn -0.5788 -0.7989 0.1636
vn 0.4500 -0.8930 -0.0014
vn 0.5631 -0.8103 0.1621
vn 0.4222 -0.8923 -0.1597
vn -0.4356 -0.8849 0.1652
vn -0.4696 -0.8829 0.0015
vn -0.4488 -0.8794 -0.1590
vn -0.5789 -0.7989 0.1636
vn 0.5154 -0.8489 -0.1176
vn 0.5631 -0.8104 0.1619
vn -0.4355 -0.8849 0.1652
vn -0.4695 -0.8829 0.0016
vn 0.4499 -0.8931 -0.0013
vn 0.4098 -0.8976 0.1624
vn -0.4355 -0.8849 0.1653
vn -0.4699 -0.8827 0.0015
vn -0.4488 -0.8794 -0.1591
vn -0.5788 -0.7989 0.1635
vn 0.5630 -0.8104 0.1621
vn -0.4695 -0.8829 0.0015
vn 0.5631 -0.8104 0.1621
vn 0.7203 -0.6843 0.1140
vn 0.7575 -0.6148 0.2196
vn 0.6709 -0.7335 -0.1087
vn 0.7447 -0.6645 -0.0621
vn 0.6859 -0.7261 0.0483
vn 0.6366 -0.7414 0.2121
vn 0.3130 -0.1389 -0.9395
vn 0.4893 0.4256 -0.7612
vn 0.2937 -0.1280 -0.9473
vn 0.4830 0.5322 -0.6953
vn -0.5810 0.3840 -0.7176
vn -0.2388 -0.1897 -0.9524
vn -0.5768 0.3032 -0.7586
vn 0.3141 -0.1052 -0.9435
vn 0.4894 0.4256 -0.7612
vn 0.2926 -0.0845 -0.9525
vn -0.4762 0.5422 -0.6923
vn -0.3338 -0.1318 -0.9334
vn -0.4907 0.4429 -0.7504
vn -0.3104 -0.1124 -0.9439
vn 0.3096 -0.1828 -0.9331
vn 0.2858 -0.1885 -0.9396
vn 0.3128 -0.2058 -0.9272
vn 0.3408 -0.1734 -0.9240
vn 0.2752 -0.4859 -0.8296
vn -0.4761 0.5422 -0.6924
vn -0.3309 -0.1839 -0.9256
vn -0.4908 0.4429 -0.7503
vn -0.3085 -0.1891 -0.9322
vn 0.3104 -0.1673 -0.9358
vn 0.3292 -0.1239 -0.9361
vn 0.2890 -0.4112 -0.8645
vn 0.3130 -0.1390 -0.9395
vn -0.3568 -0.1649 -0.9195
vn -0.3318 -0.2080 -0.9202
vn -0.3073 -0.4898 -0.8159
vn -0.3406 -0.0971 -0.9352
vn -0.3130 -0.0700 -0.9472
vn -0.3491 -0.1146 -0.9300
vn -0.3354 -0.1670 -0.9272
vn -0.3189 -0.4030 -0.8579
vn 0.3161 -0.2544 -0.9140
vn 0.3514 -0.2401 -0.9049
vn 0.2478 -0.6005 -0.7603
vn 0.3141 -0.1053 -0.9435
vn 0.2965 -0.0937 -0.9504
vn 0.4829 0.5322 -0.6954
vn -0.3732 -0.2495 -0.8936
vn -0.3349 -0.2672 -0.9036
vn -0.2785 -0.6113 -0.7408
vn 0.3135 -0.2064 -0.9269
vn 0.3423 -0.1740 -0.9233
vn 0.2774 -0.4969 -0.8223
vn -0.3341 -0.1233 -0.9344
vn -0.3551 -0.1641 -0.9203
vn -0.3320 -0.1989 -0.9221
vn -0.3044 -0.4789 -0.8234
vn 0.3088 -0.1992 -0.9300
vn 0.2840 -0.2051 -0.9366
vn 0.3111 -0.1679 -0.9354
vn 0.3345 -0.1344 -0.9328
vn 0.2888 -0.4192 -0.8607
vn -0.3375 -0.1744 -0.9250
vn -0.3101 -0.1725 -0.9349
vn 0.3131 -0.1390 -0.9395
vn 0.4894 0.4256 -0.7611
vn 0.2929 -0.1363 -0.9464
vn 0.3165 -0.2714 -0.9089
vn 0.3544 -0.2576 -0.8989
vn 0.2425 -0.6224 -0.7442
vn -0.3706 -0.2317 -0.8994
vn -0.3396 -0.2569 -0.9048
vn -0.2841 -0.5889 -0.7566
vn 0.3142 -0.2070 -0.9265
vn 0.3425 -0.1831 -0.9215
vn 0.2704 -0.5039 -0.8204
vn -0.3407 -0.0886 -0.9360
vn -0.3193 -0.0698 -0.9451
vn -0.3543 -0.1140 -0.9282
vn -0.3355 -0.1575 -0.9288
vn -0.3222 -0.3913 -0.8620
vn 0.3682 0.0069 -0.9297
vn 0.3788 0.5482 -0.7456
vn 0.3456 0.0115 -0.9383
vn 0.3393 0.6483 -0.6817
vn 0.3844 -0.0581 -0.9213
vn 0.3883 -0.0204 -0.9213
vn 0.4330 -0.2803 -0.8567
vn -0.3341 -0.1232 -0.9344
vn -0.4909 0.4428 -0.7503
vn -0.3110 -0.1039 -0.9447
vn -0.3551 -0.1547 -0.9219
vn -0.3313 -0.1982 -0.9225
vn -0.3056 -0.4716 -0.8272
vn -0.4004 -0.1060 0.9102
vn -0.5229 0.5385 0.6607
vn -0.5360 0.4583 0.7090
vn -0.3899 -0.0717 0.9181
vn -0.4258 -0.1584 0.8908
vn -0.3618 -0.4937 0.7908
vn -0.3983 -0.2085 0.8932
vn 0.3902 -0.1055 0.9147
vn 0.5334 0.4537 0.7139
vn 0.5253 0.5328 0.6635
vn 0.3741 -0.0786 0.9241
vn 0.3886 -0.2019 0.8990
vn 0.3341 -0.5022 0.7976
vn 0.4118 -0.1600 0.8971
vt 47.885300 -24.726400
vt 47.893101 -24.784599
vt 47.934101 -24.721399
vt 48.065899 -24.721399
vt 48.106899 -24.784599
vt 48.113201 -24.724600
vt 48.002998 -24.685101
vt 48.002998 -24.606100
vt 47.937599 -24.613100
vt 47.941299 -24.684799
vt 48.056801 -24.684799
vt 48.060501 -24.613100
vt 48.112801 -24.690800
vt 48.140499 -24.647900
vt 47.865101 -24.647900
vt 47.892899 -24.690800
vt 48.002899 -24.687401
vt 48.002899 -24.613600
vt 47.941799 -24.620199
vt 47.945301 -24.687099
vt 48.053200 -24.687099
vt 48.056599 -24.620199
vt 48.105400 -24.692699
vt 48.131302 -24.652700
vt 47.874199 -24.652700
vt 47.900101 -24.692699
vt 48.003201 -24.684099
vt 48.003201 -24.597099
vt 47.931198 -24.604900
vt 47.935200 -24.683701
vt 48.062401 -24.683701
vt 48.066399 -24.604900
vt 48.123901 -24.690399
vt 48.154400 -24.643200
vt 47.851501 -24.643200
vt 47.882000 -24.690399
vt 47.951698 -24.753201
vt 48.046398 -24.753201
vt 47.934299 -24.735399
vt 48.071400 -24.735399
vt 48.068901 -24.721399
vt 48.117699 -24.726400
vt 47.891399 -24.784599
vt 48.117199 -24.784599
vt 47.955002 -24.750999
vt 48.002899 -24.764200
vt 48.043400 -24.750999
vt 47.938801 -24.734301
vt 47.893101 -24.725901
vt 47.892502 -24.780199
vt 47.938599 -24.721300
vt 48.066700 -24.734301
vt 48.064400 -24.721300
vt 48.109901 -24.725901
vt 48.115700 -24.780199
vt 47.946701 -24.759001
vt 48.003201 -24.774599
vt 48.050900 -24.759001
vt 47.927601 -24.739401
vt 47.873699 -24.729500
vt 48.078400 -24.739401
vt 48.075699 -24.724001
vt 48.129299 -24.729500
vt 47.893299 -24.793501
vt 47.927299 -24.724001
vt 48.115898 -24.793501
vt 48.002998 -24.767401
vt 47.892200 -24.784599
vt 48.116402 -24.784599
vt 48.114899 -24.780199
vt 47.893299 -24.780199
vt 47.896702 -24.793501
vt 48.112400 -24.793501
vt 48.115501 -24.784599
vt 48.117901 -24.780199
vt 47.890301 -24.780199
vt 48.684898 -24.724501
vt 48.734200 -24.690800
vt 48.685299 -24.647900
vt 48.728600 -24.726400
vt 47.494999 -24.724100
vt 47.495300 -24.652700
vt 47.449299 -24.692101
vt 47.453999 -24.724300
vt 47.494701 -24.780199
vt 48.514999 -24.724100
vt 48.560902 -24.692699
vt 48.515301 -24.652700
vt 48.555698 -24.725901
vt 47.664902 -24.724501
vt 47.665298 -24.647900
vt 47.616100 -24.690100
vt 47.621101 -24.724600
vt 48.344898 -24.727400
vt 48.398998 -24.690399
vt 48.345299 -24.643200
vt 48.392899 -24.729500
vt 48.685001 -24.753201
vt 48.742001 -24.684799
vt 48.685001 -24.735399
vt 48.684601 -24.784599
vt 47.834900 -24.727400
vt 47.835300 -24.643200
vt 47.781101 -24.689600
vt 47.786598 -24.727600
vt 48.174900 -24.724501
vt 48.224201 -24.690800
vt 48.175301 -24.647900
vt 48.218601 -24.726400
vt 48.514702 -24.780199
vt 48.515099 -24.750999
vt 48.568298 -24.687099
vt 48.514999 -24.734301
vt 47.664600 -24.784599
vt 48.344501 -24.793501
vt 48.345001 -24.759001
vt 48.407700 -24.683701
vt 48.344898 -24.739401
vt 47.834499 -24.793501
vt 48.126099 -24.690100
vt 48.131100 -24.724600
vt 48.174599 -24.784599
vt 47.889000 -24.690399
vt 47.882900 -24.729500
vt 48.174999 -24.753201
vt 48.231998 -24.684799
vt 48.174999 -24.735399
vt 48.291100 -24.689600
vt 48.296600 -24.727600
vt 47.714199 -24.690800
vt 47.708599 -24.726400
vt 48.005100 -24.750999
vt 48.058300 -24.687099
vt 48.005001 -24.734301
vt 48.469299 -24.692101
vt 48.473999 -24.724300
vt 47.540901 -24.692699
vt 47.535702 -24.725901
vt 47.834999 -24.759001
vt 47.897701 -24.683701
vt 47.834900 -24.739401
vt 48.636101 -24.690100
vt 48.641102 -24.724600
vt 47.665001 -24.753201
vt 47.722000 -24.684799
vt 47.665001 -24.735399
vt 47.495098 -24.750999
vt 47.548302 -24.687099
vt 47.494999 -24.734301
vt 47.997101 -24.687500
vt 48.058201 -24.620199
vt 47.997101 -24.613600
vt 48.054298 -24.687000
vt 47.943401 -24.620199
vt 47.947300 -24.687000
vt 47.895901 -24.692101
vt 47.868698 -24.652700
vt 48.098701 -24.692101
vt 48.125801 -24.652700
vt 47.997002 -24.685301
vt 48.062401 -24.613100
vt 47.997002 -24.606100
vt 48.058201 -24.684700
vt 47.939499 -24.613100
vt 47.943600 -24.684700
vt 47.888500 -24.690100
vt 47.859501 -24.647900
vt 48.105801 -24.690100
vt 48.134899 -24.647900
vt 47.996799 -24.684299
vt 48.068802 -24.604900
vt 47.996799 -24.597099
vt 48.064201 -24.683599
vt 47.933601 -24.604900
vt 47.938202 -24.683599
vt 47.877499 -24.689600
vt 47.845600 -24.643200
vt 48.116600 -24.689600
vt 48.148499 -24.643200
vt 47.997101 -24.764200
vt 48.044998 -24.750999
vt 47.956600 -24.750999
vt 48.061199 -24.734301
vt 48.105499 -24.724300
vt 47.933300 -24.734301
vt 48.061401 -24.721300
vt 48.109699 -24.780199
vt 47.997002 -24.767401
vt 48.048302 -24.753201
vt 47.953602 -24.753201
vt 48.065701 -24.735399
vt 47.928600 -24.735399
vt 47.883801 -24.724600
vt 47.931099 -24.721399
vt 47.884499 -24.784599
vt 47.996799 -24.774599
vt 48.053299 -24.759001
vt 47.949100 -24.759001
vt 48.072399 -24.739401
vt 48.124599 -24.727600
vt 47.921600 -24.739401
vt 47.872398 -24.727600
vt 47.924301 -24.724001
vt 48.072701 -24.724001
vt 48.103298 -24.793501
vt 47.887600 -24.793501
vt 47.891499 -24.724300
vt 47.935600 -24.721300
vt 48.106701 -24.780199
vt 47.885101 -24.780199
vt 48.107800 -24.784599
vt 47.883598 -24.784599
vt 48.106701 -24.793501
vt 47.884102 -24.793501
vt 47.884300 -24.780199
vt 48.107498 -24.780199
vt 47.882801 -24.784599
vt 48.108601 -24.784599
vt 48.734200 -24.892900
vt 48.685001 -24.934299
vt 48.742001 -24.941299
vt 48.685001 -25.071400
vt 48.734200 -25.112801
vt 48.742001 -25.056801
vt 47.442600 -24.945700
vt 47.494999 -24.938801
vt 47.449299 -24.901300
vt 47.494999 -25.066700
vt 47.442600 -25.052700
vt 47.449299 -25.104099
vt 48.560902 -24.900101
vt 48.514999 -24.938801
vt 48.568298 -24.945299
vt 48.514999 -25.066700
vt 48.560902 -25.105400
vt 48.568298 -25.053200
vt 47.608799 -24.941799
vt 47.665001 -24.934299
vt 47.616100 -24.894199
vt 47.665001 -25.071400
vt 47.608799 -25.056400
vt 47.616100 -25.111500
vt 48.398998 -24.882000
vt 48.344898 -24.927601
vt 48.407700 -24.935200
vt 48.344898 -25.078400
vt 48.398998 -25.123899
vt 48.407700 -25.062401
vt 47.773102 -24.935801
vt 47.834900 -24.927601
vt 47.781101 -24.883400
vt 47.834900 -25.078400
vt 47.773102 -25.061800
vt 47.781101 -25.122499
vt 48.224201 -24.892900
vt 48.174999 -24.934299
vt 48.231998 -24.941299
vt 48.174999 -25.071400
vt 48.224201 -25.112801
vt 48.231998 -25.056801
vt 47.952599 -24.945700
vt 48.005001 -24.938801
vt 47.959301 -24.901300
vt 48.005001 -25.066700
vt 47.952599 -25.052700
vt 47.959301 -25.104099
vt 48.050900 -24.900101
vt 48.058300 -24.945299
vt 48.050900 -25.105400
vt 48.058300 -25.053200
vt 48.118801 -24.941799
vt 48.126099 -24.894199
vt 48.118801 -25.056400
vt 48.126099 -25.111500
vt 47.889000 -24.882000
vt 47.897701 -24.935200
vt 47.889000 -25.123899
vt 47.897701 -25.062401
vt 48.283100 -24.935801
vt 48.291100 -24.883400
vt 48.283100 -25.061800
vt 48.291100 -25.122499
vt 47.714199 -24.892900
vt 47.722000 -24.941299
vt 47.714199 -25.112801
vt 47.722000 -25.056801
vt 48.462601 -24.945700
vt 48.469299 -24.901300
vt 48.462601 -25.052700
vt 48.469299 -25.104099
vt 47.540901 -25.105400
vt 47.548302 -25.053200
vt 47.540901 -24.900101
vt 47.548302 -24.945299
vt 48.628799 -24.941799
vt 48.636101 -24.894199
vt 48.628799 -25.056400
vt 48.636101 -25.111500
vt 47.315102 -24.724501
vt 47.265800 -24.690800
vt 47.271400 -24.726400
vt 47.314701 -24.647900
vt 48.504700 -24.652700
vt 48.505001 -24.724100
vt 48.550701 -24.692101
vt 47.485001 -24.724100
vt 47.439098 -24.692699
vt 47.444302 -24.725901
vt 47.484699 -24.652700
vt 48.334702 -24.647900
vt 48.335098 -24.724501
vt 48.383900 -24.690100
vt 48.378899 -24.724600
vt 47.655102 -24.727400
vt 47.601002 -24.690399
vt 47.607101 -24.729500
vt 47.654701 -24.643200
vt 47.315399 -24.784599
vt 48.164700 -24.643200
vt 48.165100 -24.727400
vt 48.218899 -24.689600
vt 48.213402 -24.727600
vt 47.485298 -24.780199
vt 47.825100 -24.724501
vt 47.775799 -24.690800
vt 47.781399 -24.726400
vt 47.824699 -24.647900
vt 48.335400 -24.784599
vt 47.994701 -24.652700
vt 47.994999 -24.724100
vt 48.040699 -24.692101
vt 48.035999 -24.724300
vt 47.995300 -24.780199
vt 47.655499 -24.793501
vt 47.949100 -24.692699
vt 47.954300 -24.725901
vt 48.165501 -24.793501
vt 47.825401 -24.784599
vt 47.873901 -24.690100
vt 47.868900 -24.724600
vt 48.111000 -24.690399
vt 48.117100 -24.729500
vt 47.708900 -24.689600
vt 47.703400 -24.727600
vt 48.285801 -24.690800
vt 48.291401 -24.726400
vt 47.530701 -24.692101
vt 47.526001 -24.724300
vt 48.459099 -24.692699
vt 48.464298 -24.725901
vt 48.505299 -24.780199
vt 47.363899 -24.690100
vt 47.358898 -24.724600
vt 48.005001 -24.724100
vt 48.005299 -24.652700
vt 47.959301 -24.692101
vt 47.964001 -24.724300
vt 48.004700 -24.780199
vt 48.050900 -24.692699
vt 48.045700 -24.725901
s 1
usemtl Meshpart1Mtl.013
f 93/52/83 94/53/84 95/54/85
f 96/55/86 97/56/87 98/57/88
f 103/58/89 104/59/90 105/60/91
f 103/58/89 105/60/91 106/61/92
f 107/62/93 108/63/94 109/58/95
f 108/63/94 110/59/96 109/58/95
f 113/63/97 111/64/98 112/65/99
f 111/64/98 113/63/97 114/62/100
f 116/66/101 115/67/102 117/60/103
f 118/61/104 117/60/103 115/67/102
f 119/68/105 120/69/90 121/70/91
f 119/68/105 121/70/91 122/71/92
f 123/72/93 124/73/106 125/68/107
f 124/73/106 126/69/96 125/68/107
f 129/73/97 127/74/108 128/75/99
f 127/74/108 129/73/97 130/72/109
f 132/76/110 131/77/102 133/70/103
f 134/71/104 133/70/103 131/77/102
f 135/78/105 136/79/111 137/80/91
f 135/78/105 137/80/91 138/81/92
f 139/82/93 140/83/106 141/78/95
f 140/83/106 142/79/96 141/78/95
f 145/83/97 143/84/98 144/85/99
f 143/84/98 145/83/97 146/82/100
f 148/86/112 147/87/102 149/80/113
f 150/81/104 149/80/113 147/87/102
f 152/88/114 151/58/115 153/61/116
f 154/58/117 155/89/118 156/62/119
f 158/90/120 157/67/121 159/52/122
f 160/91/123 162/62/124 163/89/125
f 164/92/126 165/93/127 161/64/128
f 166/58/89 167/59/90 168/60/91
f 166/58/89 168/60/91 169/61/92
f 170/62/93 171/63/94 172/58/95
f 171/63/94 173/59/96 172/58/95
f 174/52/129 175/94/130 176/54/131
f 179/63/132 177/64/98 178/65/99
f 177/64/98 179/63/132 180/62/100
f 182/66/101 181/67/102 183/60/113
f 184/61/104 183/60/113 181/67/102
f 185/93/133 186/92/134 187/95/135
f 188/68/136 189/96/137 190/97/138
f 189/96/137 188/68/136 191/71/139
f 192/68/140 193/98/141 194/72/142
f 193/98/141 192/68/140 195/97/143
f 197/99/144 196/77/145 198/100/146
f 198/100/147 199/101/148 200/102/149
f 201/103/123 203/72/124 204/98/150
f 205/104/151 206/105/152 202/74/128
f 206/105/152 205/104/151 207/106/153
f 208/68/89 209/69/90 210/70/91
f 208/68/89 210/70/91 211/71/92
f 212/72/93 213/73/94 214/68/95
f 213/73/94 215/69/96 214/68/95
f 217/76/101 216/77/102 218/70/113
f 219/71/154 218/70/113 216/77/102
f 222/73/97 220/74/98 221/75/99
f 220/74/98 222/73/97 223/72/109
f 224/78/136 225/107/137 226/108/155
f 225/107/137 224/78/136 227/81/156
f 228/78/157 229/109/141 230/82/119
f 229/109/141 228/78/157 231/108/158
f 233/110/144 232/87/145 234/111/159
f 235/112/123 237/82/160 238/109/161
f 239/113/162 240/114/163 236/84/164
f 241/111/165 242/115/166 243/116/167
f 244/114/168 245/113/169 246/117/170
f 247/78/171 248/79/172 249/80/173
f 247/78/171 249/80/173 250/81/174
f 251/82/175 252/83/176 253/78/177
f 252/83/176 254/79/96 253/78/177
f 256/86/178 255/87/102 257/80/113
f 258/81/104 257/80/113 255/87/102
f 261/83/132 259/84/108 260/85/99
f 259/84/108 261/83/132 262/82/100
f 263/58/136 264/88/137 265/118/179
f 264/88/137 263/58/136 266/61/116
f 267/58/180 268/89/181 269/62/119
f 268/89/181 267/58/180 270/118/182
f 272/90/144 271/67/121 273/52/183
f 274/91/123 276/62/124 277/89/184
f 278/92/185 279/93/127 275/64/186
f 280/52/187 281/119/188 282/54/189
f 283/93/190 284/92/191 285/120/192
f 287/66/193 286/67/102 288/60/103
f 289/61/194 288/60/103 286/67/102
f 292/63/132 290/64/108 291/65/99
f 290/64/108 292/63/132 293/62/100
f 294/58/89 295/59/195 296/60/91
f 294/58/89 296/60/91 297/61/92
f 298/62/93 299/63/196 300/58/177
f 299/63/196 301/59/96 300/58/177
f 302/68/197 303/98/141 304/72/142
f 303/98/141 302/68/197 305/97/158
f 306/68/136 307/96/137 308/97/155
f 307/96/137 306/68/136 309/71/198
f 311/99/199 310/77/145 312/100/200
f 313/103/123 315/72/124 316/98/125
f 317/104/201 318/105/202 314/74/128
f 318/105/202 317/104/201 319/121/203
f 320/100/204 321/122/205 322/102/206
f 324/76/207 323/77/208 325/70/209
f 326/71/210 325/70/209 323/77/208
f 329/73/211 327/74/212 328/75/213
f 327/74/212 329/73/211 330/72/214
f 331/68/215 332/69/216 333/70/217
f 331/68/215 333/70/217 334/71/218
f 335/72/219 336/73/220 337/68/221
f 336/73/220 338/69/222 337/68/221
f 339/111/223 340/123/224 341/116/225
f 342/78/180 343/109/226 344/82/142
f 343/109/226 342/78/180 345/108/158
f 346/78/136 347/107/227 348/108/179
f 347/107/227 346/78/136 349/81/198
f 350/114/228 351/113/229 352/124/230
f 354/110/231 353/87/121 355/111/232
f 356/112/233 358/82/234 359/109/161
f 360/113/235 361/114/236 357/84/237
f 364/93/238 365/92/239 366/125/240
f 367/58/241 368/89/141 369/62/142
f 368/89/141 367/58/241 370/118/242
f 371/58/136 372/88/137 373/118/138
f 372/88/137 371/58/136 374/61/116
f 376/90/231 375/67/121 377/52/243
f 378/91/123 380/62/244 381/89/245
f 382/92/246 383/93/127 379/64/247
f 384/68/248 385/98/249 386/72/250
f 385/98/249 384/68/248 387/97/251
f 388/68/252 389/96/253 390/97/254
f 389/96/253 388/68/252 391/71/255
f 392/103/256 394/72/257 395/98/258
f 396/104/259 397/105/260 393/74/261
f 397/105/260 396/104/259 398/126/262
f 400/99/263 399/77/264 401/100/265
f 401/100/266 402/127/267 403/102/268
f 404/128/269 405/129/270 406/130/271
f 405/129/270 404/128/269 407/131/272
f 410/132/273 409/133/274 408/134/275
f 410/132/273 408/134/275 411/135/276
f 411/135/277 412/136/278 413/132/279
f 414/137/280 415/138/270 416/139/281
f 415/138/270 414/137/280 417/140/282
f 420/141/283 419/142/284 418/143/285
f 420/141/283 418/143/285 421/144/286
f 422/145/287 423/146/270 424/147/288
f 423/146/270 422/145/287 425/148/289
f 428/149/290 427/150/291 426/151/292
f 429/128/293 430/152/294 431/131/295
f 434/153/296 433/154/297 432/155/298
f 434/153/296 432/155/298 435/156/299
f 436/157/300 437/158/270 438/159/281
f 437/158/270 436/157/300 439/160/301
f 440/137/302 441/161/303 442/140/304
f 445/162/305 444/163/306 443/164/307
f 446/144/308 447/165/309 448/141/310
f 456/145/311 457/166/312 458/148/313
f 461/167/314 460/168/306 459/169/307
f 462/156/315 463/170/316 464/153/317
f 467/157/318 466/159/284 465/171/298
f 467/157/318 465/171/298 468/172/319
f 469/157/320 470/173/321 471/160/322
f 472/153/323 473/174/324 474/154/288
f 473/174/324 472/153/323 475/175/325
f 480/176/326 479/177/291 478/178/307
f 483/145/327 482/147/297 481/179/298
f 483/145/327 481/179/298 484/180/328
f 485/172/329 486/173/330 487/157/331
f 488/141/300 489/181/332 490/142/333
f 489/181/332 488/141/300 491/182/334
f 492/153/335 493/170/336 494/175/337
f 497/183/305 496/184/306 495/185/307
f 498/180/338 499/166/339 500/145/340
f 501/141/341 502/165/342 503/182/343
f 506/137/344 505/139/297 504/186/298
f 506/137/344 504/186/298 507/187/345
f 507/187/346 508/161/347 509/137/348
f 510/132/349 511/188/350 512/133/351
f 511/188/350 510/132/349 513/189/352
f 516/190/314 515/191/353 514/192/354
f 517/132/355 518/136/356 519/189/357
f 522/128/283 521/130/297 520/193/358
f 522/128/283 520/193/358 523/194/359
f 524/194/360 525/152/361 526/128/362
f 529/195/363 528/196/291 527/197/307
f 532/198/364 531/199/365 530/200/366
f 533/201/367 534/202/368 535/203/369
f 534/202/368 533/201/367 536/204/370
f 537/205/371 538/201/372 539/203/373
f 538/201/372 537/205/371 540/206/374
f 541/207/375 542/205/376 543/208/377
f 542/205/376 541/207/375 544/206/378
f 545/202/379 546/209/380 547/210/381
f 546/209/380 545/202/379 548/204/382
f 549/211/383 550/212/384 551/213/385
f 550/212/384 549/211/383 552/214/386
f 553/215/387 554/211/388 555/213/389
f 554/211/388 553/215/387 556/216/390
f 557/217/391 558/215/392 559/218/393
f 558/215/392 557/217/391 560/216/394
f 561/212/395 562/219/396 563/220/397
f 562/219/396 561/212/395 564/214/398
f 565/221/383 566/222/384 567/223/399
f 566/222/384 565/221/383 568/224/400
f 569/225/387 570/221/401 571/223/402
f 570/221/401 569/225/387 572/226/403
f 573/227/404 574/225/392 575/228/405
f 574/225/392 573/227/404 576/226/406
f 577/222/407 578/229/396 579/230/408
f 578/229/396 577/222/407 580/224/398
f 581/201/409 582/231/410 583/232/411
f 581/201/409 583/232/411 584/204/412
f 585/206/413 586/233/414 587/201/415
f 586/233/414 588/231/416 587/201/415
f 590/234/417 589/204/418 592/232/419
f 591/209/420 593/234/421 594/235/422
f 596/206/423 595/236/424 598/233/425
f 600/201/426 601/202/427 602/203/399
f 601/202/427 600/201/426 603/204/386
f 604/205/428 605/201/429 606/203/402
f 605/201/429 604/205/428 607/206/430
f 608/237/431 609/238/432 610/235/433
f 611/211/434 612/239/435 613/240/436
f 611/211/434 613/240/436 614/214/437
f 615/216/438 616/241/439 617/211/440
f 616/241/439 618/239/441 617/211/440
f 619/207/442 620/205/392 621/208/393
f 620/205/392 619/207/442 622/206/394
f 625/202/407 626/209/396 627/210/408
f 626/209/396 625/202/407 628/204/398
f 630/242/443 629/214/444 632/240/445
f 631/219/446 633/242/447 634/57/448
f 636/216/449 635/243/450 638/241/451
f 639/244/452 640/245/453 637/217/454
f 643/245/455 644/244/456 645/246/457
f 646/211/426 647/212/458 648/213/385
f 647/212/458 646/211/426 649/214/400
f 650/215/387 651/211/429 652/213/402
f 651/211/429 650/215/387 653/216/390
f 654/212/407 655/219/396 656/220/408
f 655/219/396 654/212/407 657/214/459
f 658/221/460 659/247/461 660/248/436
f 658/221/460 660/248/436 661/224/437
f 662/226/462 663/249/463 664/221/440
f 663/249/463 665/247/441 664/221/440
f 666/217/391 667/215/392 668/218/393
f 667/215/392 666/217/391 669/216/464
f 671/250/465 670/224/466 673/248/467
f 672/229/468 674/250/447 675/251/469
f 677/226/470 676/252/471 679/249/472
f 680/253/473 681/254/474 678/227/475
f 682/255/476 683/256/477 684/251/478
f 685/254/479 686/253/480 687/257/481
f 688/222/395 689/229/482 690/230/483
f 689/229/482 688/222/395 691/224/398
f 692/227/391 693/225/392 694/228/393
f 693/225/392 692/227/391 695/226/484
f 696/221/485 697/222/384 698/223/385
f 697/222/384 696/221/485 699/224/400
f 700/225/387 701/221/401 702/223/402
f 701/221/401 700/225/387 703/226/403
f 704/206/438 705/233/486 706/201/440
f 705/233/486 707/231/441 706/201/440
f 708/201/460 709/231/487 710/232/436
f 708/201/460 710/232/436 711/204/437
f 713/234/443 712/204/488 715/232/445
f 714/209/468 716/234/447 717/235/489
f 719/206/490 718/236/491 721/233/492
f 722/258/493 723/259/494 720/207/475
f 724/237/495 725/260/496 726/235/497
f 727/259/498 728/258/499 729/261/500
f 730/201/426 731/202/384 732/203/399
f 731/202/384 730/201/426 733/204/400
f 734/205/387 735/201/388 736/203/402
f 735/201/388 734/205/387 737/206/430
f 738/216/438 739/241/501 740/211/440
f 739/241/501 741/239/502 740/211/440
f 742/211/460 743/239/487 744/240/436
f 742/211/460 744/240/436 745/214/503
f 746/207/391 747/205/392 748/208/393
f 747/205/392 746/207/391 749/206/394
f 750/202/504 751/209/396 752/210/408
f 751/209/396 750/202/504 753/204/459
f 754/55/505 755/262/506 756/57/507
f 758/242/443 757/214/508 760/240/445
f 759/219/509 761/242/447 762/57/510
f 763/245/511 764/244/512 765/263/513
f 767/216/449 766/243/514 769/241/515
f 770/244/516 771/245/453 768/217/517
f 772/212/395 773/219/482 774/220/518
f 773/219/482 772/212/395 775/214/398
f 776/211/383 777/212/384 778/213/385
f 777/212/384 776/211/383 779/214/386
f 780/215/387 781/211/519 782/213/402
f 781/211/519 780/215/387 783/216/520
f 784/255/521 785/264/522 786/251/523
f 787/254/524 788/253/525 789/265/526
f 790/226/438 791/249/501 792/221/440
f 791/249/501 793/247/441 792/221/440
f 794/221/460 795/247/435 796/248/527
f 794/221/460 796/248/527 797/224/503
f 798/217/442 799/215/392 800/218/393
f 799/215/392 798/217/442 801/216/464
f 803/250/528 802/224/529 805/248/445
f 804/229/446 806/250/447 807/251/530
f 809/226/490 808/252/531 811/249/515
f 812/253/532 813/254/533 810/227/534
f 814/259/535 815/258/536 816/266/537
f 817/237/538 818/267/539 819/235/540
f 820/206/438 821/233/501 822/201/440
f 821/233/501 823/231/541 822/201/440
f 824/201/460 825/231/487 826/232/436
f 824/201/460 826/232/436 827/204/542
f 829/234/443 828/204/444 831/232/543
f 830/209/468 832/234/544 833/235/489
f 835/206/490 834/236/545 837/233/451
f 838/258/546 839/259/547 836/207/475
f 840/245/548 841/244/549 842/268/550
f 843/55/551 844/269/552 845/57/553
f 846/216/438 847/241/554 848/211/555
f 849/211/556 850/240/557 851/214/558
f 853/242/528 852/214/559 855/240/445
f 854/219/560 856/242/544 857/57/561
f 859/216/562 858/243/450 861/241/492
f 862/244/563 863/245/564 860/217/517
f 864/270/565 865/271/566 866/272/567
f 867/273/568 868/274/569 869/275/570
f 870/276/571 871/277/572 872/278/573
f 873/279/574 874/280/575 875/281/576
f 876/282/565 877/283/577 878/284/567
f 879/285/578 880/286/579 881/287/570
f 882/288/580 883/289/581 884/290/582
f 885/291/583 886/292/584 887/293/585
f 888/294/565 889/295/586 890/296/567
f 891/297/568 892/298/587 893/299/588
f 894/300/589 895/301/590 896/302/582
f 897/303/583 898/304/591 899/305/592
f 900/306/593 901/307/566 902/308/567
f 903/309/568 904/310/594 905/311/570
f 906/312/595 907/313/596 908/314/582
f 909/315/583 910/316/591 911/317/585
f 912/318/565 913/313/597 914/319/598
f 915/315/568 916/320/579 917/321/570
f 918/322/599 919/307/600 920/323/582
f 921/309/583 922/324/601 923/325/602
f 924/326/565 925/301/566 926/327/598
f 927/303/568 928/328/603 929/329/570
f 930/330/595 931/295/604 932/331/582
f 933/297/583 934/332/591 935/333/585
f 936/334/565 937/289/577 938/335/598
f 939/291/568 940/336/605 941/337/588
f 942/338/599 943/283/600 944/339/582
f 945/285/583 946/340/591 947/341/585
f 948/279/606 949/342/607 950/343/608
f 951/344/609 952/277/610 953/345/611
f 954/346/599 955/271/590 956/347/582
f 957/273/583 958/348/601 959/349/585
f 960/350/612 961/351/613 962/352/614
f 961/351/613 960/350/612 963/353/615
f 965/354/616 966/355/617 964/356/618
f 969/357/619 970/358/620 971/359/621
f 970/358/620 969/357/619 972/360/615
f 974/361/622 975/362/623 973/363/624
f 973/363/624 975/362/623 976/364/625
f 977/365/626 978/366/620 979/367/627
f 978/366/620 977/365/626 980/368/615
f 981/350/628 982/352/629 983/369/630
f 985/370/631 986/371/632 984/372/633
f 984/372/633 986/371/632 987/373/634
f 988/357/635 989/359/636 990/374/637
f 991/375/638 992/376/620 993/377/614
f 992/376/620 991/375/638 994/378/615
f 995/364/639 996/362/640 997/379/641
f 999/380/622 1000/381/642 998/382/624
f 998/382/624 1000/381/642 1001/383/643
f 1001/383/644 1002/381/645 1003/384/646
f 1004/365/647 1005/367/648 1006/385/649
f 1007/381/650 1008/386/620 1009/387/651
f 1008/386/620 1007/381/650 1010/380/652
f 1011/373/653 1012/371/654 1013/388/655
f 1014/375/656 1015/377/657 1016/389/658
f 1018/378/622 1019/375/659 1017/390/624
f 1017/390/624 1019/375/659 1020/391/625
f 1020/391/660 1021/375/661 1022/389/662
f 1023/371/663 1024/392/620 1025/393/664
f 1024/392/620 1023/371/663 1026/370/615
f 1027/381/665 1028/387/666 1029/384/667
f 1031/368/622 1032/365/668 1030/394/624
f 1030/394/624 1032/365/668 1033/395/669
f 1034/362/670 1035/396/671 1036/397/672
f 1035/396/671 1034/362/670 1037/361/615
f 1038/371/673 1039/393/674 1040/388/675
f 1041/395/676 1042/365/677 1043/385/678
f 1044/362/679 1045/397/680 1046/379/681
f 1048/360/622 1049/357/682 1047/398/633
f 1047/398/633 1049/357/682 1050/399/683
f 1050/399/684 1051/357/685 1052/374/686
f 1053/355/687 1054/400/688 1055/401/689
f 1054/400/688 1053/355/687 1056/354/690
f 1057/355/691 1058/401/692 1059/402/693
f 1061/353/622 1062/350/694 1060/403/695
f 1060/403/695 1062/350/694 1063/404/696
f 1063/404/697 1064/350/698 1065/369/699
f 1068/405/700 1067/406/701 1066/407/702
f 1068/405/700 1066/407/702 1069/408/703
f 1069/408/704 1070/409/705 1071/405/706
f 1072/405/707 1073/410/708 1074/406/709
f 1073/410/708 1072/405/707 1075/411/710
f 1076/405/711 1077/409/712 1078/411/713
l 476 477
l 597 599
l 449 450
l 449 451
l 623 624
l 453 454
l 453 455
l 451 452
l 967 968
l 101 102
l 362 363
l 641 642
l 99 100
o Boneclaw_Rifle.003
v 0.296165 0.661837 -0.000241
v 0.313539 0.651202 0.016870
v 0.362798 0.664752 -0.000241
v 0.313539 0.651202 -0.017353
v 0.296165 0.661837 -0.000241
v 0.362798 0.664752 -0.000241
v 0.296165 0.661837 -0.000241
v 0.283617 0.626939 -0.031421
v 0.247727 0.636406 -0.000241
v 0.283617 0.626939 0.030938
v 0.296165 0.661837 -0.000241
v 0.247727 0.636406 -0.000241
v 0.313539 0.651202 0.016870
v 0.249279 0.487476 0.037754
v 0.281611 0.524698 -0.000241
v 0.251459 0.525427 0.025094
v 0.294340 0.487477 -0.000241
v 0.313240 0.567670 -0.000241
v 0.283617 0.626939 0.030938
v 0.264219 0.580021 0.042225
v 0.319507 0.617472 -0.000241
v 0.256916 0.548091 0.050173
v 0.313240 0.567670 -0.000241
v 0.316189 0.529703 -0.000241
v 0.313539 0.651202 0.016870
v 0.319507 0.617472 -0.000241
v 0.330914 0.640567 -0.000241
v 0.283617 0.626939 0.030938
v 0.313539 0.651202 0.016870
v 0.330914 0.640567 -0.000241
v 0.362798 0.664752 -0.000241
v 0.264219 0.580021 0.042225
v 0.247727 0.636406 -0.000241
v 0.215196 0.592371 -0.000241
v 0.283617 0.626939 0.030938
v 0.256916 0.548091 0.050173
v 0.215196 0.592371 -0.000241
v 0.187927 0.548544 -0.000241
v 0.264219 0.580021 0.042225
v 0.204219 0.487477 -0.000241
v 0.249279 0.487476 0.037754
v 0.221306 0.526156 -0.000241
v 0.251459 0.525427 0.025094
v 0.256916 0.548091 0.050173
v 0.221306 0.526156 -0.000241
v 0.251459 0.525427 0.025094
v 0.256916 0.548091 0.050173
v 0.281611 0.524698 -0.000241
v 0.316189 0.529703 -0.000241
v 0.251459 0.525427 0.025094
v 0.281611 0.524698 -0.000241
v 0.251459 0.525427 -0.025577
v 0.256916 0.548091 -0.050656
v 0.316189 0.529703 -0.000241
v 0.256916 0.548091 0.050173
v 0.187927 0.548544 -0.000241
v 0.221306 0.526156 -0.000241
v 0.221306 0.526156 -0.000241
v 0.256916 0.548091 -0.050656
v 0.187927 0.548544 -0.000241
v 0.281611 0.524698 -0.000241
v 0.249279 0.487476 -0.038237
v 0.251459 0.525427 -0.025577
v 0.294340 0.487477 -0.000241
v 0.313240 0.567670 -0.000241
v 0.256916 0.548091 -0.050656
v 0.264219 0.580021 -0.042707
v 0.316189 0.529703 -0.000241
v 0.313240 0.567670 -0.000241
v 0.283617 0.626939 -0.031421
v 0.319507 0.617472 -0.000241
v 0.330914 0.640567 -0.000241
v 0.313539 0.651202 -0.017353
v 0.362798 0.664752 -0.000241
v 0.319507 0.617472 -0.000241
v 0.313539 0.651202 -0.017353
v 0.283617 0.626939 -0.031421
v 0.283617 0.626939 -0.031421
v 0.264219 0.580021 -0.042707
v 0.247727 0.636406 -0.000241
v 0.215196 0.592371 -0.000241
v 0.215196 0.592371 -0.000241
v 0.264219 0.580021 -0.042707
v 0.256916 0.548091 -0.050656
v 0.187927 0.548544 -0.000241
v 0.249279 0.487476 -0.038237
v 0.221306 0.526156 -0.000241
v 0.251459 0.525427 -0.025577
v 0.204219 0.487477 -0.000241
v 0.221306 0.526156 -0.000241
v 0.256916 0.548091 -0.050656
v 0.251459 0.525427 -0.025577
vn -0.2357 0.7473 0.6213
vn -0.1650 0.7786 0.6055
vn -0.0393 0.8338 0.5507
vn -0.1649 0.7786 -0.6055
vn -0.2358 0.7472 -0.6213
vn -0.0393 0.8338 -0.5507
vn -0.2360 0.7471 -0.6214
vn -0.1652 0.7784 -0.6056
vn -0.4330 0.5670 -0.7007
vn -0.4727 0.5123 -0.7170
vn -0.4330 0.5670 0.7007
vn -0.2360 0.7471 0.6214
vn -0.4727 0.5123 0.7170
vn -0.1652 0.7784 0.6056
vn 0.6294 0.2124 0.7475
vn 0.6295 0.2124 0.7474
vn 0.6294 0.2125 0.7474
vn 0.6539 -0.0158 0.7564
vn 0.6243 -0.1502 0.7666
vn 0.6540 -0.0079 0.7564
vn 0.6163 -0.1816 0.7663
vn 0.5582 -0.3615 0.7468
vn 0.5751 -0.3307 0.7483
vn 0.5366 -0.3551 0.7655
vn 0.6162 -0.1818 0.7663
vn 0.4936 -0.4229 0.7599
vn 0.6243 -0.1503 0.7666
vn 0.5365 -0.3553 0.7655
vn 0.4935 -0.4232 0.7599
vn 0.4024 -0.5366 0.7417
vn -0.5527 0.3632 0.7501
vn -0.4728 0.5121 0.7171
vn -0.4332 0.5668 0.7008
vn -0.6008 -0.0394 0.7984
vn -0.5990 -0.0867 0.7961
vn -0.6139 0.2755 0.7398
vn -0.6056 -0.2516 0.7549
vn -0.6080 -0.2605 0.7500
vn -0.6007 -0.0395 0.7985
vn -0.6056 -0.2518 0.7549
vn -0.6079 -0.2607 0.7500
vn 0.5581 -0.3616 0.7468
vn 0.2518 -0.8264 0.5037
vn 0.5751 -0.3306 0.7483
vn 0.2520 -0.8263 0.5037
vn 0.2518 -0.8264 -0.5037
vn 0.2520 -0.8263 -0.5037
vn 0.5582 -0.3616 -0.7468
vn 0.5751 -0.3306 -0.7483
vn -0.5990 -0.0866 0.7960
vn -0.6055 -0.2517 0.7550
vn -0.6008 -0.0394 -0.7985
vn -0.6055 -0.2517 -0.7550
vn -0.5990 -0.0866 -0.7961
vn 0.6294 0.2124 -0.7475
vn 0.6294 0.2125 -0.7474
vn 0.6295 0.2124 -0.7474
vn 0.6540 -0.0158 -0.7564
vn 0.5582 -0.3615 -0.7469
vn 0.6540 -0.0079 -0.7564
vn 0.5750 -0.3307 -0.7484
vn 0.6539 -0.0158 -0.7564
vn 0.6243 -0.1502 -0.7666
vn 0.6163 -0.1816 -0.7663
vn 0.4951 -0.4167 -0.7624
vn 0.5365 -0.3552 -0.7655
vn 0.4024 -0.5366 -0.7417
vn 0.4953 -0.4164 -0.7624
vn 0.6162 -0.1818 -0.7663
vn 0.5366 -0.3551 -0.7655
vn 0.6243 -0.1503 -0.7666
vn -0.4331 0.5668 -0.7008
vn -0.5527 0.3632 -0.7501
vn -0.4729 0.5120 -0.7171
vn -0.6008 -0.0394 -0.7984
vn -0.5990 -0.0867 -0.7960
vn -0.6139 0.2755 -0.7398
vn -0.6056 -0.2516 -0.7549
vn -0.6043 -0.2590 -0.7535
vn -0.6055 -0.2518 -0.7549
vn -0.6008 -0.0395 -0.7984
vn -0.6044 -0.2591 -0.7534
vt 47.057800 -25.000000
vt 47.044498 -24.986900
vt 47.006901 -25.000000
vt 47.044498 -25.013100
vt 47.067299 -25.023800
vt 47.094700 -25.000000
vt 47.067299 -24.976200
vt 48.906502 -24.654301
vt 48.931099 -24.625900
vt 48.908100 -24.625401
vt 48.940899 -24.654301
vt 48.955299 -24.593100
vt 48.932701 -24.547899
vt 48.917900 -24.583700
vt 48.960098 -24.555201
vt 48.912300 -24.608101
vt 48.957500 -24.622101
vt 48.955502 -24.529400
vt 48.968800 -24.537500
vt 48.993099 -24.519100
vt 48.905300 -24.540701
vt 48.880501 -24.574301
vt 48.859699 -24.607700
vt 48.872101 -24.654301
vt 48.885201 -24.624800
vt 48.912300 -24.961500
vt 48.931099 -25.000000
vt 48.957500 -25.000000
vt 48.908100 -24.980700
vt 48.908100 -25.019300
vt 48.912300 -25.038500
vt 48.859699 -25.000000
vt 48.885201 -25.000000
vt 47.068901 -24.625900
vt 47.093498 -24.654301
vt 47.091900 -24.625401
vt 47.059101 -24.654301
vt 47.044701 -24.593100
vt 47.087700 -24.608101
vt 47.082100 -24.583700
vt 47.042500 -24.622101
vt 47.067299 -24.547899
vt 47.039902 -24.555201
vt 47.031200 -24.537500
vt 47.044498 -24.529400
vt 47.006901 -24.519100
vt 47.094700 -24.540701
vt 47.119499 -24.574301
vt 47.140301 -24.607700
vt 47.114799 -24.624800
vt 47.127899 -24.654301
s 1
usemtl Meshpart1Mtl.012
f 1079/412/714 1080/413/715 1081/414/716
f 1082/415/717 1083/412/718 1084/414/719
f 1085/412/720 1082/415/721 1086/416/722
f 1086/416/722 1087/417/723 1085/412/720
f 1088/418/724 1089/412/725 1090/417/726
f 1089/412/725 1088/418/724 1091/413/727
f 1092/419/728 1093/420/728 1094/421/729
f 1093/420/728 1092/419/728 1095/422/730
f 1096/423/731 1097/424/732 1098/425/733
f 1097/424/732 1096/423/731 1099/426/734
f 1100/427/735 1101/423/731 1098/425/733
f 1100/427/735 1102/428/736 1101/423/731
f 1103/429/737 1104/426/738 1105/430/739
f 1104/426/738 1103/429/737 1106/424/740
f 1107/429/741 1108/430/742 1109/431/743
f 1110/425/744 1111/432/745 1112/433/744
f 1111/432/745 1110/425/744 1113/424/746
f 1114/427/747 1115/433/744 1116/434/748
f 1115/433/744 1114/427/747 1117/425/744
f 1118/435/749 1119/419/749 1120/436/750
f 1119/419/749 1121/421/751 1120/436/750
f 1122/427/752 1123/436/753 1124/421/754
f 1125/437/755 1126/438/756 1127/439/757
f 1126/438/756 1125/437/755 1128/440/758
f 1129/438/759 1130/441/760 1131/442/761
f 1129/438/759 1131/442/761 1132/439/762
f 1133/437/747 1134/443/763 1135/444/764
f 1137/442/765 1136/444/766 1138/443/767
f 1139/445/768 1140/446/769 1141/447/770
f 1140/446/769 1139/445/768 1142/448/769
f 1143/449/771 1144/450/772 1145/451/773
f 1144/450/772 1143/449/771 1146/452/774
f 1147/449/775 1145/451/773 1148/453/776
f 1149/454/777 1147/449/775 1148/453/776
f 1150/455/778 1151/456/779 1152/457/780
f 1150/455/781 1153/454/782 1154/456/783
f 1153/454/782 1155/453/784 1154/456/783
f 1156/453/785 1157/451/786 1158/458/787
f 1157/451/786 1159/459/786 1158/458/787
f 1160/459/786 1161/451/786 1162/450/788
f 1162/450/788 1163/460/789 1160/459/786
f 1164/446/790 1165/461/791 1166/447/792
f 1165/461/791 1164/446/790 1167/462/790
f 1168/461/793 1169/450/794 1170/447/795
o Boneclaw_Rifle.011
v -1.130054 -0.345219 -0.168126
v -1.131404 -0.288834 -0.226063
v -1.194147 -0.289628 -0.125067
v -1.105157 -0.357657 0.151835
v -1.097203 -0.305919 0.213462
v -1.174797 -0.299296 0.123613
v -1.009594 -0.385955 0.112474
v -1.049495 -0.368109 0.151342
v -1.083957 -0.303878 0.098981
v -1.100623 -0.295552 -0.115191
v -1.075048 -0.355344 -0.177045
v -1.029731 -0.375895 -0.146300
v -1.010087 -0.382045 -0.017701
v -1.100623 -0.295552 -0.115191
v -1.029731 -0.375895 -0.146300
v -1.088100 -0.300363 -0.008455
v -1.083957 -0.303878 0.098981
v -1.010087 -0.382045 -0.017701
v -1.009594 -0.385955 0.112474
v -1.088100 -0.300363 -0.008455
v -1.131404 -0.288834 -0.226063
v -1.067688 -0.235803 -0.170796
v -1.122077 -0.238863 -0.159074
v -1.098036 -0.250874 0.149894
v -1.097203 -0.305919 0.213462
v -1.042471 -0.248401 0.153275
v -1.122077 -0.238863 -0.159074
v -1.131404 -0.288834 -0.226063
v -1.194147 -0.289628 -0.125067
v -1.098036 -0.250874 0.149894
v -1.174797 -0.299296 0.123613
v -1.097203 -0.305919 0.213462
v -1.042471 -0.248401 0.153275
v -1.093791 -0.303260 0.088035
v -1.098036 -0.250874 0.149894
v -1.122077 -0.238863 -0.159074
v -1.108644 -0.295839 -0.102841
v -1.067688 -0.235803 -0.170796
v -1.001876 -0.228236 -0.012361
v -1.100623 -0.295552 -0.115191
v -1.088100 -0.300363 -0.008455
v -1.010985 -0.227636 -0.143451
v -0.990624 -0.237808 0.118213
v -1.001876 -0.228236 -0.012361
v -1.083957 -0.303878 0.098981
v -1.088100 -0.300363 -0.008455
v -1.102547 -0.302524 0.063040
v -1.174797 -0.299296 0.123613
v -1.098036 -0.250874 0.149894
v -1.113430 -0.297087 -0.076813
v -1.122077 -0.238863 -0.159074
v -1.194147 -0.289628 -0.125067
v -1.067688 -0.235803 -0.170796
v -1.108644 -0.295839 -0.102841
v -1.010985 -0.227636 -0.143451
v -0.990624 -0.237808 0.118213
v -1.083957 -0.303878 0.098981
v -1.042471 -0.248401 0.153275
v -1.131404 -0.288834 -0.226063
v -1.075048 -0.355344 -0.177045
v -1.034711 -0.296083 -0.224330
v -1.034711 -0.296083 -0.224330
v -1.010985 -0.227636 -0.143451
v -1.067688 -0.235803 -0.170796
v -1.131404 -0.288834 -0.226063
v -1.067688 -0.235803 -0.170796
v -1.034711 -0.296083 -0.224330
v -0.955496 -0.302759 -0.157225
v -1.034711 -0.296083 -0.224330
v -1.010985 -0.227636 -0.143451
v -1.001982 -0.312433 0.196260
v -0.990624 -0.237808 0.118213
v -0.934125 -0.313436 0.117414
v -0.935308 -0.309046 -0.020682
v -1.010985 -0.227636 -0.143451
v -1.001876 -0.228236 -0.012361
v -0.955496 -0.302759 -0.157225
v -0.934125 -0.313436 0.117414
v -0.935308 -0.309046 -0.020682
v -0.990624 -0.237808 0.118213
v -1.001876 -0.228236 -0.012361
v -1.049495 -0.368109 0.151342
v -1.083957 -0.303878 0.098981
v -1.093791 -0.303260 0.088035
v -1.105157 -0.357657 0.151835
v -1.102547 -0.302524 0.063040
v -1.100623 -0.295552 -0.115191
v -1.075048 -0.355344 -0.177045
v -1.108644 -0.295839 -0.102841
v -1.130054 -0.345219 -0.168126
v -1.113430 -0.297087 -0.076813
v -1.093791 -0.303260 0.088035
v -1.098036 -0.250874 0.149894
v -1.102547 -0.302524 0.063040
v -1.122077 -0.238863 -0.159074
v -1.113430 -0.297087 -0.076813
v -1.108644 -0.295839 -0.102841
v -1.010087 -0.382045 -0.017701
v -0.955496 -0.302759 -0.157225
v -0.935308 -0.309046 -0.020682
v -1.029731 -0.375895 -0.146300
v -1.010087 -0.382045 -0.017701
v -0.934125 -0.313436 0.117414
v -1.009594 -0.385955 0.112474
v -0.935308 -0.309046 -0.020682
v -1.131404 -0.288834 -0.226063
v -1.075048 -0.355344 -0.177045
v -1.130054 -0.345219 -0.168126
v -1.034711 -0.296083 -0.224330
v -1.029731 -0.375895 -0.146300
v -0.955496 -0.302759 -0.157225
v -1.075048 -0.355344 -0.177045
v -1.097203 -0.305919 0.213462
v -1.049495 -0.368109 0.151342
v -1.001982 -0.312433 0.196260
v -1.105157 -0.357657 0.151835
v -1.009594 -0.385955 0.112474
v -1.049495 -0.368109 0.151342
v -0.934125 -0.313436 0.117414
v -1.093791 -0.303260 0.088035
v -1.049495 -0.368109 0.151342
v -1.105157 -0.357657 0.151835
v -1.102547 -0.302524 0.063040
v -1.174797 -0.299296 0.123613
v -1.108644 -0.295839 -0.102841
v -1.075048 -0.355344 -0.177045
v -1.130054 -0.345219 -0.168126
v -1.113430 -0.297087 -0.076813
v -1.194147 -0.289628 -0.125067
v -1.097203 -0.305919 0.213462
v -1.049495 -0.368109 0.151342
v -1.001982 -0.312433 0.196260
v -1.042471 -0.248401 0.153275
v -1.001982 -0.312433 0.196260
v -0.990624 -0.237808 0.118213
v -1.097203 -0.305919 0.213462
v -1.042471 -0.248401 0.153275
v -1.001982 -0.312433 0.196260
v -1.127204 -0.353026 0.148220
v -1.128024 -0.299573 0.208882
v -1.061182 -0.295757 0.110622
v -1.138959 -0.349540 -0.172715
v -1.144174 -0.294783 -0.231981
v -1.070318 -0.293047 -0.138815
v -1.236168 -0.379184 -0.138745
v -1.194633 -0.359678 -0.175018
v -1.162111 -0.298307 -0.118178
v -1.154242 -0.300641 0.096647
v -1.182568 -0.363257 0.154369
v -1.226660 -0.382004 0.120817
v -1.241018 -0.381695 -0.008625
v -1.154242 -0.300641 0.096647
v -1.226660 -0.382004 0.120817
v -1.162379 -0.300113 -0.010619
v -1.162111 -0.298307 -0.118178
v -1.241018 -0.381695 -0.008625
v -1.236168 -0.379184 -0.138745
v -1.162379 -0.300113 -0.010619
v -1.128024 -0.299573 0.208882
v -1.189208 -0.243513 0.153745
v -1.134396 -0.246309 0.144121
v -1.145747 -0.242942 -0.165787
v -1.144174 -0.294783 -0.231981
v -1.201116 -0.239981 -0.171312
v -1.134396 -0.246309 0.144121
v -1.128024 -0.299573 0.208882
v -1.061182 -0.295757 0.110622
v -1.145747 -0.242942 -0.165787
v -1.070318 -0.293047 -0.138815
v -1.144174 -0.294783 -0.231981
v -1.201116 -0.239981 -0.171312
v -1.152733 -0.298286 -0.106820
v -1.145747 -0.242942 -0.165787
v -1.134396 -0.246309 0.144121
v -1.145720 -0.300366 0.084637
v -1.189208 -0.243513 0.153745
v -1.248415 -0.227764 -0.006681
v -1.154242 -0.300641 0.096647
v -1.162379 -0.300113 -0.010619
v -1.244706 -0.233677 0.124541
v -1.254321 -0.230826 -0.137920
v -1.248415 -0.227764 -0.006681
v -1.162111 -0.298307 -0.118178
v -1.162379 -0.300113 -0.010619
v -1.145011 -0.298834 -0.081482
v -1.070318 -0.293047 -0.138815
v -1.145747 -0.242942 -0.165787
v -1.139872 -0.300358 0.058796
v -1.134396 -0.246309 0.144121
v -1.061182 -0.295757 0.110622
v -1.189208 -0.243513 0.153745
v -1.145720 -0.300366 0.084637
v -1.244706 -0.233677 0.124541
v -1.254321 -0.230826 -0.137920
v -1.162111 -0.298307 -0.118178
v -1.201116 -0.239981 -0.171312
v -1.128024 -0.299573 0.208882
v -1.182568 -0.363257 0.154369
v -1.224591 -0.306163 0.202838
v -1.224591 -0.306163 0.202838
v -1.244706 -0.233677 0.124541
v -1.189208 -0.243513 0.153745
v -1.128024 -0.299573 0.208882
v -1.189208 -0.243513 0.153745
v -1.224591 -0.306163 0.202838
v -1.301002 -0.309062 0.132300
v -1.224591 -0.306163 0.202838
v -1.244706 -0.233677 0.124541
v -1.240046 -0.301580 -0.219033
v -1.254321 -0.230826 -0.137920
v -1.311093 -0.306069 -0.143175
v -1.315577 -0.308496 -0.005098
v -1.244706 -0.233677 0.124541
v -1.248415 -0.227764 -0.006681
v -1.301002 -0.309062 0.132300
v -1.311093 -0.306069 -0.143175
v -1.315577 -0.308496 -0.005098
v -1.254321 -0.230826 -0.137920
v -1.248415 -0.227764 -0.006681
v -1.194633 -0.359678 -0.175018
v -1.162111 -0.298307 -0.118178
v -1.152733 -0.298286 -0.106820
v -1.138959 -0.349540 -0.172715
v -1.145011 -0.298834 -0.081482
v -1.154242 -0.300641 0.096647
v -1.182568 -0.363257 0.154369
v -1.145720 -0.300366 0.084637
v -1.127204 -0.353026 0.148220
v -1.139872 -0.300358 0.058796
v -1.152733 -0.298286 -0.106820
v -1.145747 -0.242942 -0.165787
v -1.145011 -0.298834 -0.081482
v -1.134396 -0.246309 0.144121
v -1.139872 -0.300358 0.058796
v -1.145720 -0.300366 0.084637
v -1.241018 -0.381695 -0.008625
v -1.301002 -0.309062 0.132300
v -1.315577 -0.308496 -0.005098
v -1.226660 -0.382004 0.120817
v -1.241018 -0.381695 -0.008625
v -1.311093 -0.306069 -0.143175
v -1.236168 -0.379184 -0.138745
v -1.315577 -0.308496 -0.005098
v -1.128024 -0.299573 0.208882
v -1.182568 -0.363257 0.154369
v -1.127204 -0.353026 0.148220
v -1.224591 -0.306163 0.202838
v -1.226660 -0.382004 0.120817
v -1.301002 -0.309062 0.132300
v -1.182568 -0.363257 0.154369
v -1.144174 -0.294783 -0.231981
v -1.194633 -0.359678 -0.175018
v -1.240046 -0.301580 -0.219033
v -1.138959 -0.349540 -0.172715
v -1.236168 -0.379184 -0.138745
v -1.194633 -0.359678 -0.175018
v -1.311093 -0.306069 -0.143175
v -1.152733 -0.298286 -0.106820
v -1.194633 -0.359678 -0.175018
v -1.138959 -0.349540 -0.172715
v -1.145011 -0.298834 -0.081482
v -1.070318 -0.293047 -0.138815
v -1.145720 -0.300366 0.084637
v -1.182568 -0.363257 0.154369
v -1.127204 -0.353026 0.148220
v -1.139872 -0.300358 0.058796
v -1.061182 -0.295757 0.110622
v -1.144174 -0.294783 -0.231981
v -1.194633 -0.359678 -0.175018
v -1.240046 -0.301580 -0.219033
v -1.201116 -0.239981 -0.171312
v -1.240046 -0.301580 -0.219033
v -1.254321 -0.230826 -0.137920
v -1.144174 -0.294783 -0.231981
v -1.201116 -0.239981 -0.171312
v -1.240046 -0.301580 -0.219033
v 1.254750 -0.266702 -0.243913
v 1.203574 -0.290981 -0.284868
v 1.254080 -0.298312 -0.211967
v 1.190115 -0.345466 -0.226203
v 1.246325 -0.297342 0.070378
v 1.193174 -0.328804 0.103101
v 1.247515 -0.322188 0.032941
v 1.183129 -0.370871 0.034394
v 1.220054 -0.222695 -0.183226
v 1.253097 -0.325110 -0.085591
v 1.254080 -0.298312 -0.211967
v 1.217080 -0.233565 -0.077632
v 1.253097 -0.325110 -0.085591
v 1.214671 -0.242270 0.017571
v 1.247515 -0.322188 0.032941
v 1.217080 -0.233565 -0.077632
v 1.015210 -0.239589 0.077179
v 0.976415 -0.262713 0.102940
v 1.016500 -0.255951 0.056014
v 0.969488 -0.291702 0.059746
v 1.024433 -0.205826 -0.245029
v 0.987180 -0.223342 -0.276792
v 1.023899 -0.229045 -0.219977
v 0.977336 -0.263160 -0.233029
v 1.256848 -0.234119 0.088797
v 1.219426 -0.222750 0.023549
v 1.235139 -0.157794 0.091356
v 1.220054 -0.222695 -0.183226
v 1.254080 -0.298312 -0.211967
v 1.220309 -0.221459 -0.184923
v 1.254750 -0.266702 -0.243913
v 1.265765 -0.201690 -0.243841
v 1.220309 -0.221459 -0.184923
v 1.224874 -0.202935 -0.179704
v 1.265765 -0.201690 -0.243841
v 1.243765 -0.126422 -0.230443
v 1.214829 -0.241386 0.019485
v 1.246325 -0.297342 0.070378
v 1.247515 -0.322188 0.032941
v 1.214671 -0.242270 0.017571
v 1.256848 -0.234119 0.088797
v 1.219426 -0.222750 0.023549
v 1.104306 -0.199452 -0.142977
v 1.136665 -0.293321 -0.085840
v 1.136432 -0.272090 -0.162460
v 1.102427 -0.206305 -0.078275
v 1.136665 -0.293321 -0.085840
v 1.101101 -0.211105 -0.023451
v 1.132523 -0.286302 -0.016677
v 1.102427 -0.206305 -0.078275
v 1.129943 -0.267960 0.073003
v 1.132523 -0.286302 -0.016677
v 1.100108 -0.214412 0.020926
v 1.101101 -0.211105 -0.023451
v 1.100108 -0.214412 0.020926
v 1.140041 -0.207510 0.086866
v 1.104553 -0.196448 0.022204
v 1.140041 -0.207510 0.086866
v 1.119414 -0.134952 0.089181
v 1.136432 -0.272090 -0.162460
v 1.138520 -0.236771 -0.246923
v 1.105686 -0.194127 -0.187148
v 1.104306 -0.199452 -0.142977
v 1.148882 -0.175358 -0.242942
v 1.105686 -0.194127 -0.187148
v 1.109955 -0.176800 -0.179338
v 1.148882 -0.175358 -0.242942
v 1.127970 -0.103838 -0.229975
v 0.998890 -0.174648 -0.191510
v 1.022059 -0.252647 -0.086124
v 1.023899 -0.229045 -0.219977
v 0.995804 -0.185907 -0.080321
v 1.022059 -0.252647 -0.086124
v 0.992756 -0.196954 0.037295
v 1.016500 -0.255951 0.056014
v 0.995804 -0.185907 -0.080321
v 0.944013 -0.214236 -0.082334
v 0.897673 -0.130855 -0.009193
v 0.903018 -0.110036 -0.073275
v 0.901510 -0.116902 -0.152323
v 0.944013 -0.214236 -0.082334
v 0.903018 -0.110036 -0.073275
v 0.800185 -0.093754 0.127260
v 0.823017 -0.126854 0.080228
v 0.846171 -0.046138 0.084620
v 0.992326 -0.198518 0.037235
v 1.015210 -0.239589 0.077179
v 1.016500 -0.255951 0.056014
v 0.996020 -0.183458 0.049191
v 0.998890 -0.174648 -0.191510
v 1.023899 -0.229045 -0.219977
v 0.999248 -0.173120 -0.199181
v 1.024433 -0.205826 -0.245029
v 1.002892 -0.158465 -0.207172
v 0.811210 -0.053657 -0.284028
v 0.854444 -0.016049 -0.224010
v 0.831685 -0.095330 -0.243125
v 0.949477 -0.109612 -0.251580
v 0.924153 -0.024983 -0.225641
v 0.902940 -0.111030 -0.178579
v 0.927928 -0.216382 0.084509
v 0.892079 -0.152693 0.026583
v 0.940069 -0.143826 0.099374
v 0.897479 -0.130887 0.025108
v 0.940069 -0.143826 0.099374
v 0.915492 -0.056480 0.097442
v 0.936832 -0.184001 -0.247643
v 0.949477 -0.109612 -0.251580
v 0.897631 -0.132504 -0.180500
v 0.902940 -0.111030 -0.178579
v 0.831685 -0.095330 -0.243125
v 0.854444 -0.016049 -0.224010
v 0.806529 -0.065890 -0.176360
v 0.823017 -0.126854 0.080228
v 0.801288 -0.084951 0.019161
v 0.846171 -0.046138 0.084620
v 0.787832 -0.161106 -0.163926
v 0.792527 -0.140474 -0.242094
v 0.794225 -0.077412 -0.181064
v 0.803729 -0.071238 -0.140953
v 0.784202 -0.170747 0.068427
v 0.783769 -0.175879 -0.012390
v 0.788811 -0.097101 0.020893
v 0.800398 -0.083351 -0.016710
v 0.788916 -0.174525 -0.083418
v 0.800398 -0.083351 -0.016710
v 0.810277 -0.069855 -0.072641
v 0.803729 -0.071238 -0.140953
v 0.788916 -0.174525 -0.083418
v 0.787832 -0.161106 -0.163926
v 0.810277 -0.069855 -0.072641
v 0.822911 -0.192937 -0.002111
v 0.892079 -0.152693 0.026583
v 0.897673 -0.130855 -0.009193
v 0.830427 -0.192679 0.082223
v 0.827551 -0.176062 -0.175212
v 0.818907 -0.182901 -0.082633
v 0.901510 -0.116902 -0.152323
v 0.897631 -0.132504 -0.180500
v 0.827551 -0.176062 -0.175212
v 0.901510 -0.116902 -0.152323
v 0.839226 -0.160680 -0.246003
v 0.818907 -0.182901 -0.082633
v 0.897673 -0.130855 -0.009193
v 0.822911 -0.192937 -0.002111
v 1.038667 -0.262947 -0.017537
v 1.100108 -0.214412 0.020926
v 1.048528 -0.248155 0.070978
v 1.105686 -0.194127 -0.187148
v 1.042542 -0.248855 -0.162090
v 1.057010 -0.217308 -0.245436
v 0.780871 -0.050569 0.084553
v 0.800185 -0.093754 0.127260
v 0.846171 -0.046138 0.084620
v 0.789434 -0.019428 -0.234875
v 0.854444 -0.016049 -0.224010
v 0.811210 -0.053657 -0.284028
v 0.788811 -0.097101 0.020893
v 0.800398 -0.083351 -0.016710
v 0.737655 -0.084568 0.073860
v 0.794225 -0.077412 -0.181064
v 0.745888 -0.054627 -0.233254
v 0.803729 -0.071238 -0.140953
v 0.806529 -0.065890 -0.176360
v 0.854444 -0.016049 -0.224010
v 0.789434 -0.019428 -0.234875
v 0.801288 -0.084951 0.019161
v 0.780871 -0.050569 0.084553
v 0.846171 -0.046138 0.084620
v 0.803729 -0.071238 -0.140953
v 0.810277 -0.069855 -0.072641
v 0.800398 -0.083351 -0.016710
v 0.810277 -0.069855 -0.072641
v 1.129943 -0.267960 0.073003
v 1.132523 -0.286302 -0.016677
v 1.100108 -0.214412 0.020926
v 1.136432 -0.272090 -0.162460
v 1.138520 -0.236771 -0.246923
v 1.105686 -0.194127 -0.187148
v 0.944013 -0.214236 -0.082334
v 0.897673 -0.130855 -0.009193
v 0.935310 -0.220905 -0.001081
v 0.901510 -0.116902 -0.152323
v 0.944013 -0.214236 -0.082334
v 0.939989 -0.203886 -0.175655
v 0.927928 -0.216382 0.084509
v 0.935310 -0.220905 -0.001081
v 0.892079 -0.152693 0.026583
v 0.897673 -0.130855 -0.009193
v 0.939989 -0.203886 -0.175655
v 0.936832 -0.184001 -0.247643
v 0.897631 -0.132504 -0.180500
v 0.901510 -0.116902 -0.152323
v 0.737655 -0.084568 0.073860
v 0.734889 -0.155393 0.105372
v 0.800185 -0.093754 0.127260
v 0.780871 -0.050569 0.084553
v 0.830427 -0.192679 0.082223
v 0.867436 -0.252193 0.121755
v 0.894910 -0.139905 0.149715
v 0.852852 -0.123756 0.096708
v 0.852852 -0.123756 0.096708
v 0.894910 -0.139905 0.149715
v 0.915492 -0.056480 0.097442
v 0.976415 -0.262713 0.102940
v 0.994655 -0.188203 0.118446
v 0.952763 -0.224399 0.075624
v 0.967756 -0.177719 0.083038
v 0.967756 -0.177719 0.083038
v 0.994655 -0.188203 0.118446
v 1.007801 -0.134901 0.086327
v 1.048528 -0.248155 0.070978
v 1.079365 -0.298108 0.106591
v 1.102279 -0.204412 0.130723
v 1.067212 -0.190743 0.084559
v 1.067212 -0.190743 0.084559
v 1.102279 -0.204412 0.130723
v 1.119414 -0.134952 0.089181
v 1.193174 -0.328804 0.103101
v 1.217168 -0.230672 0.133024
v 1.160658 -0.276516 0.068369
v 1.180220 -0.216486 0.086455
v 0.961913 -0.190899 -0.243889
v 1.002892 -0.158465 -0.207172
v 0.976435 -0.146155 -0.240725
v 1.180220 -0.216486 0.086455
v 1.217168 -0.230672 0.133024
v 1.235139 -0.157794 0.091356
v 1.002892 -0.158465 -0.207172
v 1.016376 -0.103716 -0.233559
v 0.976435 -0.146155 -0.240725
v 0.745888 -0.054627 -0.233254
v 0.789434 -0.019428 -0.234875
v 0.794225 -0.077412 -0.181064
v 1.217168 -0.230672 0.133024
v 1.256848 -0.234119 0.088797
v 1.235139 -0.157794 0.091356
v 1.246325 -0.297342 0.070378
v 1.217168 -0.230672 0.133024
v 1.193174 -0.328804 0.103101
v 1.256848 -0.234119 0.088797
v 0.800185 -0.093754 0.127260
v 0.784202 -0.170747 0.068427
v 0.823017 -0.126854 0.080228
v 0.734889 -0.155393 0.105372
v 1.102279 -0.204412 0.130723
v 1.140041 -0.207510 0.086866
v 1.119414 -0.134952 0.089181
v 1.129943 -0.267960 0.073003
v 1.102279 -0.204412 0.130723
v 1.079365 -0.298108 0.106591
v 1.140041 -0.207510 0.086866
v 0.994655 -0.188203 0.118446
v 1.023624 -0.190580 0.084808
v 1.007801 -0.134901 0.086327
v 0.894910 -0.139905 0.149715
v 0.940069 -0.143826 0.099374
v 0.915492 -0.056480 0.097442
v 1.015210 -0.239589 0.077179
v 0.994655 -0.188203 0.118446
v 0.976415 -0.262713 0.102940
v 1.023624 -0.190580 0.084808
v 0.927928 -0.216382 0.084509
v 0.894910 -0.139905 0.149715
v 0.867436 -0.252193 0.121755
v 0.940069 -0.143826 0.099374
v 1.032385 -0.158722 -0.241977
v 1.016376 -0.103716 -0.233559
v 1.002892 -0.158465 -0.207172
v 1.024433 -0.205826 -0.245029
v 1.002892 -0.158465 -0.207172
v 1.032385 -0.158722 -0.241977
v 0.806529 -0.065890 -0.176360
v 0.794225 -0.077412 -0.181064
v 0.831685 -0.095330 -0.243125
v 0.792527 -0.140474 -0.242094
v 0.721761 -0.148643 -0.169385
v 0.715349 -0.161032 -0.084074
v 0.715349 -0.161032 -0.084074
v 0.717439 -0.164362 -0.008142
v 0.745888 -0.054627 -0.233254
v 0.721761 -0.148643 -0.169385
v 0.745165 -0.118024 -0.277945
v 0.717439 -0.164362 -0.008142
v 0.737655 -0.084568 0.073860
v 0.734889 -0.155393 0.105372
v 0.830427 -0.192679 0.082223
v 0.892079 -0.152693 0.026583
v 0.852852 -0.123756 0.096708
v 0.897479 -0.130887 0.025108
v 0.818907 -0.182901 -0.082633
v 0.901510 -0.116902 -0.152323
v 0.903018 -0.110036 -0.073275
v 0.839226 -0.160680 -0.246003
v 0.897631 -0.132504 -0.180500
v 0.862139 -0.089983 -0.249724
v 0.902940 -0.111030 -0.178579
v 0.924153 -0.024983 -0.225641
v 0.862139 -0.089983 -0.249724
v 0.818907 -0.182901 -0.082633
v 0.897673 -0.130855 -0.009193
v 0.903018 -0.110036 -0.073275
v 0.976415 -0.262713 0.102940
v 0.944520 -0.237974 0.054720
v 0.969488 -0.291702 0.059746
v 0.952763 -0.224399 0.075624
v 0.961913 -0.190899 -0.243889
v 0.987180 -0.223342 -0.276792
v 0.951859 -0.211283 -0.219060
v 0.977336 -0.263160 -0.233029
v 0.897479 -0.130887 0.025108
v 0.852852 -0.123756 0.096708
v 0.915492 -0.056480 0.097442
v 0.951859 -0.211283 -0.219060
v 0.941928 -0.232577 -0.086315
v 0.998890 -0.174648 -0.191510
v 0.995804 -0.185907 -0.080321
v 0.941928 -0.232577 -0.086315
v 0.992756 -0.196954 0.037295
v 0.995804 -0.185907 -0.080321
v 0.944520 -0.237974 0.054720
v 0.999248 -0.173120 -0.199181
v 0.951859 -0.211283 -0.219060
v 0.998890 -0.174648 -0.191510
v 0.961913 -0.190899 -0.243889
v 0.952763 -0.224399 0.075624
v 0.992326 -0.198518 0.037235
v 0.944520 -0.237974 0.054720
v 1.168990 -0.246213 -0.242472
v 1.203574 -0.290981 -0.284868
v 1.155286 -0.273905 -0.211191
v 1.190115 -0.345466 -0.226203
v 1.193174 -0.328804 0.103101
v 1.148776 -0.297579 0.031649
v 1.183129 -0.370871 0.034394
v 1.160658 -0.276516 0.068369
v 0.961913 -0.190899 -0.243889
v 1.002892 -0.158465 -0.207172
v 0.999248 -0.173120 -0.199181
v 0.996020 -0.183458 0.049191
v 0.952763 -0.224399 0.075624
v 0.992326 -0.198518 0.037235
v 1.102427 -0.206305 -0.078275
v 1.038667 -0.262947 -0.017537
v 1.101101 -0.211105 -0.023451
v 1.032187 -0.267154 -0.086090
v 1.038667 -0.262947 -0.017537
v 1.100108 -0.214412 0.020926
v 1.048528 -0.248155 0.070978
v 1.100108 -0.214412 0.020926
v 1.067212 -0.190743 0.084559
v 1.104553 -0.196448 0.022204
v 1.105686 -0.194127 -0.187148
v 1.042542 -0.248855 -0.162090
v 1.104306 -0.199452 -0.142977
v 1.057010 -0.217308 -0.245436
v 1.105686 -0.194127 -0.187148
v 1.075947 -0.158974 -0.241311
v 1.109955 -0.176800 -0.179338
v 1.042542 -0.248855 -0.162090
v 1.032187 -0.267154 -0.086090
v 1.104306 -0.199452 -0.142977
v 1.102427 -0.206305 -0.078275
v 1.109955 -0.176800 -0.179338
v 1.127970 -0.103838 -0.229975
v 1.075947 -0.158974 -0.241311
v 1.104553 -0.196448 0.022204
v 1.067212 -0.190743 0.084559
v 1.119414 -0.134952 0.089181
v 1.155286 -0.273905 -0.211191
v 1.143180 -0.297581 -0.085854
v 1.220054 -0.222695 -0.183226
v 1.217080 -0.233565 -0.077632
v 1.143180 -0.297581 -0.085854
v 1.214671 -0.242270 0.017571
v 1.217080 -0.233565 -0.077632
v 1.148776 -0.297579 0.031649
v 1.220309 -0.221459 -0.184923
v 1.155286 -0.273905 -0.211191
v 1.220054 -0.222695 -0.183226
v 1.168990 -0.246213 -0.242472
v 1.220309 -0.221459 -0.184923
v 1.189030 -0.184445 -0.242209
v 1.224874 -0.202935 -0.179704
v 1.148776 -0.297579 0.031649
v 1.214829 -0.241386 0.019485
v 1.214671 -0.242270 0.017571
v 1.160658 -0.276516 0.068369
v 1.180220 -0.216486 0.086455
v 1.219426 -0.222750 0.023549
v 1.180220 -0.216486 0.086455
v 1.235139 -0.157794 0.091356
v 0.788811 -0.097101 0.020893
v 0.780871 -0.050569 0.084553
v 0.801288 -0.084951 0.019161
v 0.789434 -0.019428 -0.234875
v 0.794225 -0.077412 -0.181064
v 0.806529 -0.065890 -0.176360
v 1.224874 -0.202935 -0.179704
v 1.243765 -0.126422 -0.230443
v 1.189030 -0.184445 -0.242209
v 0.862114 -0.275991 -0.002764
v 0.830427 -0.192679 0.082223
v 0.822911 -0.192937 -0.002111
v 0.867436 -0.252193 0.121755
v 0.867094 -0.257881 -0.188521
v 0.839226 -0.160680 -0.246003
v 0.878588 -0.211636 -0.294259
v 0.827551 -0.176062 -0.175212
v 0.867094 -0.257881 -0.188521
v 0.862737 -0.274709 -0.090408
v 0.827551 -0.176062 -0.175212
v 0.818907 -0.182901 -0.082633
v 0.862737 -0.274709 -0.090408
v 0.822911 -0.192937 -0.002111
v 0.818907 -0.182901 -0.082633
v 0.862114 -0.275991 -0.002764
v 0.977336 -0.263160 -0.233029
v 0.970008 -0.291384 -0.091295
v 0.951859 -0.211283 -0.219060
v 0.941928 -0.232577 -0.086315
v 0.970008 -0.291384 -0.091295
v 0.944520 -0.237974 0.054720
v 0.941928 -0.232577 -0.086315
v 0.969488 -0.291702 0.059746
v 1.075557 -0.317180 -0.173206
v 1.057010 -0.217308 -0.245436
v 1.089944 -0.259605 -0.288333
v 1.042542 -0.248855 -0.162090
v 1.071398 -0.332303 -0.018082
v 1.048528 -0.248155 0.070978
v 1.038667 -0.262947 -0.017537
v 1.079365 -0.298108 0.106591
v 1.075557 -0.317180 -0.173206
v 1.068793 -0.343822 -0.092583
v 1.042542 -0.248855 -0.162090
v 1.032187 -0.267154 -0.086090
v 1.068793 -0.343822 -0.092583
v 1.038667 -0.262947 -0.017537
v 1.032187 -0.267154 -0.086090
v 1.071398 -0.332303 -0.018082
v 1.190115 -0.345466 -0.226203
v 1.181690 -0.378241 -0.092685
v 1.155286 -0.273905 -0.211191
v 1.143180 -0.297581 -0.085854
v 1.181690 -0.378241 -0.092685
v 1.148776 -0.297579 0.031649
v 1.143180 -0.297581 -0.085854
v 1.183129 -0.370871 0.034394
v 0.787832 -0.161106 -0.163926
v 0.715349 -0.161032 -0.084074
v 0.721761 -0.148643 -0.169385
v 0.788916 -0.174525 -0.083418
v 0.715349 -0.161032 -0.084074
v 0.783769 -0.175879 -0.012390
v 0.717439 -0.164362 -0.008142
v 0.788916 -0.174525 -0.083418
v 0.745165 -0.118024 -0.277945
v 0.792527 -0.140474 -0.242094
v 0.721761 -0.148643 -0.169385
v 0.787832 -0.161106 -0.163926
v 0.734889 -0.155393 0.105372
v 0.717439 -0.164362 -0.008142
v 0.784202 -0.170747 0.068427
v 0.783769 -0.175879 -0.012390
v 1.254080 -0.298312 -0.211967
v 1.181690 -0.378241 -0.092685
v 1.190115 -0.345466 -0.226203
v 1.253097 -0.325110 -0.085591
v 1.181690 -0.378241 -0.092685
v 1.247515 -0.322188 0.032941
v 1.183129 -0.370871 0.034394
v 1.253097 -0.325110 -0.085591
v 1.068793 -0.343822 -0.092583
v 1.132523 -0.286302 -0.016677
v 1.071398 -0.332303 -0.018082
v 1.136665 -0.293321 -0.085840
v 1.136432 -0.272090 -0.162460
v 1.068793 -0.343822 -0.092583
v 1.075557 -0.317180 -0.173206
v 1.136665 -0.293321 -0.085840
v 1.138520 -0.236771 -0.246923
v 1.089944 -0.259605 -0.288333
v 1.075557 -0.317180 -0.173206
v 1.136432 -0.272090 -0.162460
v 1.129943 -0.267960 0.073003
v 1.079365 -0.298108 0.106591
v 1.071398 -0.332303 -0.018082
v 1.132523 -0.286302 -0.016677
v 1.023899 -0.229045 -0.219977
v 0.970008 -0.291384 -0.091295
v 0.977336 -0.263160 -0.233029
v 1.022059 -0.252647 -0.086124
v 0.970008 -0.291384 -0.091295
v 1.016500 -0.255951 0.056014
v 0.969488 -0.291702 0.059746
v 1.022059 -0.252647 -0.086124
v 0.936832 -0.184001 -0.247643
v 0.878588 -0.211636 -0.294259
v 0.867094 -0.257881 -0.188521
v 0.939989 -0.203886 -0.175655
v 0.927928 -0.216382 0.084509
v 0.867436 -0.252193 0.121755
v 0.862114 -0.275991 -0.002764
v 0.935310 -0.220905 -0.001081
v 0.939989 -0.203886 -0.175655
v 0.862737 -0.274709 -0.090408
v 0.867094 -0.257881 -0.188521
v 0.944013 -0.214236 -0.082334
v 0.862737 -0.274709 -0.090408
v 0.935310 -0.220905 -0.001081
v 0.862114 -0.275991 -0.002764
v 0.944013 -0.214236 -0.082334
v 0.745888 -0.054627 -0.233254
v 0.745165 -0.118024 -0.277945
v 0.811210 -0.053657 -0.284028
v 0.789434 -0.019428 -0.234875
v 0.839226 -0.160680 -0.246003
v 0.878588 -0.211636 -0.294259
v 0.907034 -0.095815 -0.302543
v 0.862139 -0.089983 -0.249724
v 0.862139 -0.089983 -0.249724
v 0.924153 -0.024983 -0.225641
v 0.907034 -0.095815 -0.302543
v 1.005229 -0.149748 -0.276014
v 0.961913 -0.190899 -0.243889
v 0.976435 -0.146155 -0.240725
v 0.987180 -0.223342 -0.276792
v 0.976435 -0.146155 -0.240725
v 1.016376 -0.103716 -0.233559
v 1.005229 -0.149748 -0.276014
v 1.057010 -0.217308 -0.245436
v 1.089944 -0.259605 -0.288333
v 1.113485 -0.163658 -0.287318
v 1.075947 -0.158974 -0.241311
v 1.075947 -0.158974 -0.241311
v 1.127970 -0.103838 -0.229975
v 1.113485 -0.163658 -0.287318
v 1.228470 -0.189567 -0.288614
v 1.168990 -0.246213 -0.242472
v 1.189030 -0.184445 -0.242209
v 1.203574 -0.290981 -0.284868
v 0.996020 -0.183458 0.049191
v 0.952763 -0.224399 0.075624
v 0.967756 -0.177719 0.083038
v 1.189030 -0.184445 -0.242209
v 1.243765 -0.126422 -0.230443
v 1.228470 -0.189567 -0.288614
v 0.996020 -0.183458 0.049191
v 0.967756 -0.177719 0.083038
v 1.007801 -0.134901 0.086327
v 0.737655 -0.084568 0.073860
v 0.788811 -0.097101 0.020893
v 0.780871 -0.050569 0.084553
v 1.228470 -0.189567 -0.288614
v 1.243765 -0.126422 -0.230443
v 1.265765 -0.201690 -0.243841
v 1.228470 -0.189567 -0.288614
v 1.254750 -0.266702 -0.243913
v 1.203574 -0.290981 -0.284868
v 1.265765 -0.201690 -0.243841
v 0.792527 -0.140474 -0.242094
v 0.811210 -0.053657 -0.284028
v 0.831685 -0.095330 -0.243125
v 0.745165 -0.118024 -0.277945
v 1.113485 -0.163658 -0.287318
v 1.127970 -0.103838 -0.229975
v 1.148882 -0.175358 -0.242942
v 1.113485 -0.163658 -0.287318
v 1.138520 -0.236771 -0.246923
v 1.089944 -0.259605 -0.288333
v 1.148882 -0.175358 -0.242942
v 1.005229 -0.149748 -0.276014
v 1.016376 -0.103716 -0.233559
v 1.032385 -0.158722 -0.241977
v 0.907034 -0.095815 -0.302543
v 0.924153 -0.024983 -0.225641
v 0.949477 -0.109612 -0.251580
v 1.005229 -0.149748 -0.276014
v 1.024433 -0.205826 -0.245029
v 0.987180 -0.223342 -0.276792
v 1.032385 -0.158722 -0.241977
v 0.907034 -0.095815 -0.302543
v 0.936832 -0.184001 -0.247643
v 0.878588 -0.211636 -0.294259
v 0.949477 -0.109612 -0.251580
v 1.023624 -0.190580 0.084808
v 0.996020 -0.183458 0.049191
v 1.007801 -0.134901 0.086327
v 1.015210 -0.239589 0.077179
v 0.996020 -0.183458 0.049191
v 1.023624 -0.190580 0.084808
v 0.801288 -0.084951 0.019161
v 0.823017 -0.126854 0.080228
v 0.788811 -0.097101 0.020893
v 0.784202 -0.170747 0.068427
v 0.401115 0.074350 -0.196701
v 0.351735 0.044812 -0.236386
v 0.403388 0.043672 -0.163930
v 0.343428 -0.008988 -0.176155
v 0.398344 0.051662 0.118365
v 0.348315 0.016805 0.152538
v 0.401229 0.025993 0.081581
v 0.341131 -0.027800 0.085084
v 0.363475 0.116963 -0.136777
v 0.405873 0.020326 -0.036892
v 0.403388 0.043672 -0.163930
v 0.362449 0.108755 -0.030906
v 0.405873 0.020326 -0.036892
v 0.361705 0.102468 0.064515
v 0.401229 0.025993 0.081581
v 0.362449 0.108755 -0.030906
v 0.163304 0.090231 0.126423
v 0.126820 0.064681 0.153247
v 0.165744 0.073464 0.105681
v 0.121905 0.034055 0.110915
v 0.166533 0.115881 -0.196647
v 0.130556 0.094484 -0.227490
v 0.168177 0.093387 -0.170990
v 0.124486 0.055190 -0.182582
v 0.403753 0.116016 0.134990
v 0.364878 0.122469 0.069921
v 0.375799 0.190321 0.135807
v 0.363475 0.116963 -0.136777
v 0.403388 0.043672 -0.163930
v 0.363610 0.118169 -0.138508
v 0.401115 0.074350 -0.196701
v 0.406686 0.140029 -0.198466
v 0.363610 0.118169 -0.138508
v 0.366670 0.137142 -0.133833
v 0.406686 0.140029 -0.198466
v 0.378636 0.213552 -0.186785
v 0.361807 0.103413 0.066403
v 0.398344 0.051662 0.118365
v 0.401229 0.025993 0.081581
v 0.361705 0.102468 0.064515
v 0.403753 0.116016 0.134990
v 0.364878 0.122469 0.069921
v 0.246595 0.131619 -0.095765
v 0.287204 0.042341 -0.036577
v 0.284457 0.061391 -0.113719
v 0.245926 0.126393 -0.030887
v 0.287204 0.042341 -0.036577
v 0.245541 0.122991 0.024056
v 0.283171 0.050867 0.032423
v 0.245926 0.126393 -0.030887
v 0.279953 0.071361 0.121615
v 0.283171 0.050867 0.032423
v 0.245261 0.120819 0.068514
v 0.245541 0.122991 0.024056
v 0.245261 0.120819 0.068514
v 0.285125 0.132793 0.133766
v 0.248208 0.139117 0.069266
v 0.285125 0.132793 0.133766
v 0.258560 0.203429 0.134423
v 0.284457 0.061391 -0.113719
v 0.282774 0.094456 -0.199098
v 0.247095 0.135839 -0.140073
v 0.246595 0.131619 -0.095765
v 0.288033 0.156602 -0.196856
v 0.247095 0.135839 -0.140073
v 0.249985 0.153666 -0.132772
v 0.288033 0.156602 -0.196856
v 0.261374 0.226469 -0.185520
v 0.139011 0.146278 -0.143662
v 0.169616 0.073357 -0.036551
v 0.168177 0.093387 -0.170990
v 0.137962 0.137825 -0.032187
v 0.169616 0.073357 -0.036551
v 0.136994 0.129761 0.085707
v 0.165744 0.073464 0.105681
v 0.137962 0.137825 -0.032187
v 0.088688 0.105258 -0.032833
v 0.036294 0.186467 0.038645
v 0.039262 0.205910 -0.026020
v 0.037556 0.196800 -0.104837
v 0.088688 0.105258 -0.032833
v 0.039262 0.205910 -0.026020
v -0.062601 0.219055 0.175239
v -0.037557 0.186696 0.128821
v -0.021153 0.269143 0.130815
v 0.136695 0.128165 0.085693
v 0.163304 0.090231 0.126423
v 0.165744 0.073464 0.105681
v 0.139241 0.143799 0.097205
v 0.139011 0.146278 -0.143662
v 0.168177 0.093387 -0.170990
v 0.139166 0.147622 -0.151374
v 0.166533 0.115881 -0.196647
v 0.141501 0.162306 -0.159790
v -0.058975 0.248746 -0.237063
v -0.018432 0.291422 -0.178575
v -0.034707 0.210039 -0.195328
v 0.083777 0.205341 -0.204820
v 0.051759 0.288254 -0.180809
v 0.038235 0.202055 -0.131254
v 0.074471 0.106317 0.134190
v 0.032886 0.165221 0.075047
v 0.080683 0.180006 0.146999
v 0.036439 0.187351 0.072935
v 0.080683 0.180006 0.146999
v 0.048911 0.264931 0.143071
v 0.077400 0.130295 -0.198781
v 0.083777 0.205341 -0.204820
v 0.034712 0.180170 -0.132546
v 0.038235 0.202055 -0.131254
v -0.034707 0.210039 -0.195328
v -0.018432 0.291422 -0.178575
v -0.061568 0.239095 -0.129061
v -0.037557 0.186696 0.128821
v -0.063292 0.224981 0.066941
v -0.021153 0.269143 0.130815
v -0.072161 0.143030 -0.113910
v -0.069964 0.161850 -0.192643
v -0.072918 0.226470 -0.133314
v -0.063567 0.234497 -0.093496
v -0.072702 0.139434 0.118643
v -0.073497 0.132091 0.037999
v -0.074698 0.211891 0.069141
v -0.064663 0.225528 0.031054
v -0.069177 0.131938 -0.033096
v -0.064663 0.225528 0.031054
v -0.056488 0.238272 -0.025327
v -0.063567 0.234497 -0.093496
v -0.069177 0.131938 -0.033096
v -0.072161 0.143030 -0.113910
v -0.056488 0.238272 -0.025327
v -0.032975 0.118620 0.048252
v 0.032886 0.165221 0.075047
v 0.036294 0.186467 0.038645
v -0.024680 0.121790 0.132454
v -0.031449 0.131116 -0.125276
v -0.038587 0.126100 -0.032452
v 0.037556 0.196800 -0.104837
v 0.034712 0.180170 -0.132546
v -0.031449 0.131116 -0.125276
v 0.037556 0.196800 -0.104837
v -0.021787 0.145484 -0.196581
v -0.038587 0.126100 -0.032452
v 0.036294 0.186467 0.038645
v -0.032975 0.118620 0.048252
v 0.187694 0.066334 0.032078
v 0.245261 0.120819 0.068514
v 0.197157 0.084290 0.120049
v 0.247095 0.135839 -0.140073
v 0.188969 0.076769 -0.112831
v 0.199947 0.107131 -0.197144
v -0.085856 0.259316 0.131648
v -0.062601 0.219055 0.175239
v -0.021153 0.269143 0.130815
v -0.083039 0.282375 -0.188567
v -0.018432 0.291422 -0.178575
v -0.058975 0.248746 -0.237063
v -0.074698 0.211891 0.069141
v -0.064663 0.225528 0.031054
v -0.126198 0.221575 0.122371
v -0.072918 0.226470 -0.133314
v -0.123490 0.243747 -0.185500
v -0.063567 0.234497 -0.093496
v -0.061568 0.239095 -0.129061
v -0.018432 0.291422 -0.178575
v -0.083039 0.282375 -0.188567
v -0.063292 0.224981 0.066941
v -0.085856 0.259316 0.131648
v -0.021153 0.269143 0.130815
v -0.063567 0.234497 -0.093496
v -0.056488 0.238272 -0.025327
v -0.064663 0.225528 0.031054
v -0.056488 0.238272 -0.025327
v 0.279953 0.071361 0.121615
v 0.283171 0.050867 0.032423
v 0.245261 0.120819 0.068514
v 0.284457 0.061391 -0.113719
v 0.282774 0.094456 -0.199098
v 0.247095 0.135839 -0.140073
v 0.088688 0.105258 -0.032833
v 0.036294 0.186467 0.038645
v 0.081365 0.100099 0.048666
v 0.037556 0.196800 -0.104837
v 0.088688 0.105258 -0.032833
v 0.082904 0.112702 -0.126338
v 0.074471 0.106317 0.134190
v 0.081365 0.100099 0.048666
v 0.032886 0.165221 0.075047
v 0.036294 0.186467 0.038645
v 0.082904 0.112702 -0.126338
v 0.077400 0.130295 -0.198781
v 0.034712 0.180170 -0.132546
v 0.037556 0.196800 -0.104837
v -0.126198 0.221575 0.122371
v -0.122756 0.151646 0.155762
v -0.062601 0.219055 0.175239
v -0.085856 0.259316 0.131648
v -0.024680 0.121790 0.132454
v 0.017533 0.066642 0.173087
v 0.035849 0.181537 0.197758
v -0.007923 0.192701 0.144855
v -0.007923 0.192701 0.144855
v 0.035849 0.181537 0.197758
v 0.048911 0.264931 0.143071
v 0.126820 0.064681 0.153247
v 0.138953 0.140838 0.166572
v 0.099799 0.100147 0.125221
v 0.110930 0.148093 0.131227
v 0.110930 0.148093 0.131227
v 0.138953 0.140838 0.166572
v 0.147307 0.194155 0.132909
v 0.197157 0.084290 0.120049
v 0.232388 0.038049 0.156588
v 0.247666 0.133941 0.177976
v 0.211135 0.143400 0.131894
v 0.211135 0.143400 0.131894
v 0.247666 0.133941 0.177976
v 0.258560 0.203429 0.134423
v 0.348315 0.016805 0.152538
v 0.364359 0.117363 0.179586
v 0.311226 0.065256 0.116839
v 0.325905 0.127169 0.133107
v 0.103003 0.125603 -0.195149
v 0.141501 0.162306 -0.159790
v 0.113785 0.171466 -0.193335
v 0.325905 0.127169 0.133107
v 0.364359 0.117363 0.179586
v 0.375799 0.190321 0.135807
v 0.141501 0.162306 -0.159790
v 0.150128 0.217247 -0.187765
v 0.113785 0.171466 -0.193335
v -0.123490 0.243747 -0.185500
v -0.083039 0.282375 -0.188567
v -0.072918 0.226470 -0.133314
v 0.364359 0.117363 0.179586
v 0.403753 0.116016 0.134990
v 0.375799 0.190321 0.135807
v 0.398344 0.051662 0.118365
v 0.364359 0.117363 0.179586
v 0.348315 0.016805 0.152538
v 0.403753 0.116016 0.134990
v -0.062601 0.219055 0.175239
v -0.072702 0.139434 0.118643
v -0.037557 0.186696 0.128821
v -0.122756 0.151646 0.155762
v 0.247666 0.133941 0.177976
v 0.285125 0.132793 0.133766
v 0.258560 0.203429 0.134423
v 0.279953 0.071361 0.121615
v 0.247666 0.133941 0.177976
v 0.232388 0.038049 0.156588
v 0.285125 0.132793 0.133766
v 0.138953 0.140838 0.166572
v 0.167689 0.139957 0.132662
v 0.147307 0.194155 0.132909
v 0.035849 0.181537 0.197758
v 0.080683 0.180006 0.146999
v 0.048911 0.264931 0.143071
v 0.163304 0.090231 0.126423
v 0.138953 0.140838 0.166572
v 0.126820 0.064681 0.153247
v 0.167689 0.139957 0.132662
v 0.074471 0.106317 0.134190
v 0.035849 0.181537 0.197758
v 0.017533 0.066642 0.173087
v 0.080683 0.180006 0.146999
v 0.170570 0.163548 -0.194928
v 0.150128 0.217247 -0.187765
v 0.141501 0.162306 -0.159790
v 0.166533 0.115881 -0.196647
v 0.141501 0.162306 -0.159790
v 0.170570 0.163548 -0.194928
v -0.061568 0.239095 -0.129061
v -0.072918 0.226470 -0.133314
v -0.034707 0.210039 -0.195328
v -0.069964 0.161850 -0.192643
v -0.139090 0.149823 -0.118900
v -0.143614 0.139267 -0.033222
v -0.143614 0.139267 -0.033222
v -0.140512 0.138184 0.042740
v -0.123490 0.243747 -0.185500
v -0.139090 0.149823 -0.118900
v -0.119377 0.179318 -0.228500
v -0.140512 0.138184 0.042740
v -0.126198 0.221575 0.122371
v -0.122756 0.151646 0.155762
v -0.024680 0.121790 0.132454
v 0.032886 0.165221 0.075047
v -0.007923 0.192701 0.144855
v 0.036439 0.187351 0.072935
v -0.038587 0.126100 -0.032452
v 0.037556 0.196800 -0.104837
v 0.039262 0.205910 -0.026020
v -0.021787 0.145484 -0.196581
v 0.034712 0.180170 -0.132546
v -0.004868 0.217710 -0.202431
v 0.038235 0.202055 -0.131254
v 0.051759 0.288254 -0.180809
v -0.004868 0.217710 -0.202431
v -0.038587 0.126100 -0.032452
v 0.036294 0.186467 0.038645
v 0.039262 0.205910 -0.026020
v 0.126820 0.064681 0.153247
v 0.092508 0.085374 0.104781
v 0.121905 0.034055 0.110915
v 0.099799 0.100147 0.125221
v 0.103003 0.125603 -0.195149
v 0.130556 0.094484 -0.227490
v 0.094922 0.105138 -0.169674
v 0.124486 0.055190 -0.182582
v 0.036439 0.187351 0.072935
v -0.007923 0.192701 0.144855
v 0.048911 0.264931 0.143071
v 0.094922 0.105138 -0.169674
v 0.088096 0.086706 -0.036306
v 0.139011 0.146278 -0.143662
v 0.137962 0.137825 -0.032187
v 0.088096 0.086706 -0.036306
v 0.136994 0.129761 0.085707
v 0.137962 0.137825 -0.032187
v 0.092508 0.085374 0.104781
v 0.139166 0.147622 -0.151374
v 0.094922 0.105138 -0.169674
v 0.139011 0.146278 -0.143662
v 0.103003 0.125603 -0.195149
v 0.099799 0.100147 0.125221
v 0.136695 0.128165 0.085693
v 0.092508 0.085374 0.104781
v 0.313966 0.087695 -0.194768
v 0.351735 0.044812 -0.236386
v 0.302919 0.059822 -0.162608
v 0.343428 -0.008988 -0.176155
v 0.348315 0.016805 0.152538
v 0.300778 0.042292 0.080830
v 0.341131 -0.027800 0.085084
v 0.311226 0.065256 0.116839
v 0.103003 0.125603 -0.195149
v 0.141501 0.162306 -0.159790
v 0.139166 0.147622 -0.151374
v 0.139241 0.143799 0.097205
v 0.099799 0.100147 0.125221
v 0.136695 0.128165 0.085693
v 0.245926 0.126393 -0.030887
v 0.187694 0.066334 0.032078
v 0.245541 0.122991 0.024056
v 0.180916 0.059745 -0.036258
v 0.187694 0.066334 0.032078
v 0.245261 0.120819 0.068514
v 0.197157 0.084290 0.120049
v 0.245261 0.120819 0.068514
v 0.211135 0.143400 0.131894
v 0.248208 0.139117 0.069266
v 0.247095 0.135839 -0.140073
v 0.188969 0.076769 -0.112831
v 0.246595 0.131619 -0.095765
v 0.199947 0.107131 -0.197144
v 0.247095 0.135839 -0.140073
v 0.214007 0.166924 -0.194779
v 0.249985 0.153666 -0.132772
v 0.188969 0.076769 -0.112831
v 0.180916 0.059745 -0.036258
v 0.246595 0.131619 -0.095765
v 0.245926 0.126393 -0.030887
v 0.249985 0.153666 -0.132772
v 0.261374 0.226469 -0.185520
v 0.214007 0.166924 -0.194779
v 0.248208 0.139117 0.069266
v 0.211135 0.143400 0.131894
v 0.258560 0.203429 0.134423
v 0.302919 0.059822 -0.162608
v 0.294051 0.038636 -0.036557
v 0.363475 0.116963 -0.136777
v 0.362449 0.108755 -0.030906
v 0.294051 0.038636 -0.036557
v 0.361705 0.102468 0.064515
v 0.362449 0.108755 -0.030906
v 0.300778 0.042292 0.080830
v 0.363610 0.118169 -0.138508
v 0.302919 0.059822 -0.162608
v 0.363475 0.116963 -0.136777
v 0.313966 0.087695 -0.194768
v 0.363610 0.118169 -0.138508
v 0.328802 0.150895 -0.196366
v 0.366670 0.137142 -0.133833
v 0.300778 0.042292 0.080830
v 0.361807 0.103413 0.066403
v 0.361705 0.102468 0.064515
v 0.311226 0.065256 0.116839
v 0.325905 0.127169 0.133107
v 0.364878 0.122469 0.069921
v 0.325905 0.127169 0.133107
v 0.375799 0.190321 0.135807
v -0.074698 0.211891 0.069141
v -0.085856 0.259316 0.131648
v -0.063292 0.224981 0.066941
v -0.083039 0.282375 -0.188567
v -0.072918 0.226470 -0.133314
v -0.061568 0.239095 -0.129061
v 0.366670 0.137142 -0.133833
v 0.378636 0.213552 -0.186785
v 0.328802 0.150895 -0.196366
v 0.012990 0.039113 0.049307
v -0.024680 0.121790 0.132454
v -0.032975 0.118620 0.048252
v 0.017533 0.066642 0.173087
v 0.014628 0.052523 -0.136907
v -0.021787 0.145484 -0.196581
v 0.021201 0.096673 -0.243952
v -0.031449 0.131116 -0.125276
v 0.014628 0.052523 -0.136907
v 0.012646 0.038062 -0.038341
v -0.031449 0.131116 -0.125276
v -0.038587 0.126100 -0.032452
v 0.012646 0.038062 -0.038341
v -0.032975 0.118620 0.048252
v -0.038587 0.126100 -0.032452
v 0.012990 0.039113 0.049307
v 0.124486 0.055190 -0.182582
v 0.120917 0.030314 -0.040079
v 0.094922 0.105138 -0.169674
v 0.088096 0.086706 -0.036306
v 0.120917 0.030314 -0.040079
v 0.092508 0.085374 0.104781
v 0.088096 0.086706 -0.036306
v 0.121905 0.034055 0.110915
v 0.227439 0.011137 -0.122546
v 0.199947 0.107131 -0.197144
v 0.235862 0.066559 -0.239309
v 0.188969 0.076769 -0.112831
v 0.226071 -0.000061 0.032961
v 0.197157 0.084290 0.120049
v 0.187694 0.066334 0.032078
v 0.232388 0.038049 0.156588
v 0.227439 0.011137 -0.122546
v 0.223704 -0.013775 -0.041176
v 0.188969 0.076769 -0.112831
v 0.180916 0.059745 -0.036258
v 0.223704 -0.013775 -0.041176
v 0.187694 0.066334 0.032078
v 0.180916 0.059745 -0.036258
v 0.226071 -0.000061 0.032961
v 0.343428 -0.008988 -0.176155
v 0.339065 -0.038712 -0.041731
v 0.302919 0.059822 -0.162608
v 0.294051 0.038636 -0.036557
v 0.339065 -0.038712 -0.041731
v 0.300778 0.042292 0.080830
v 0.294051 0.038636 -0.036557
v 0.341131 -0.027800 0.085084
v -0.072161 0.143030 -0.113910
v -0.143614 0.139267 -0.033222
v -0.139090 0.149823 -0.118900
v -0.069177 0.131938 -0.033096
v -0.143614 0.139267 -0.033222
v -0.073497 0.132091 0.037999
v -0.140512 0.138184 0.042740
v -0.069177 0.131938 -0.033096
v -0.119377 0.179318 -0.228500
v -0.069964 0.161850 -0.192643
v -0.139090 0.149823 -0.118900
v -0.072161 0.143030 -0.113910
v -0.122756 0.151646 0.155762
v -0.140512 0.138184 0.042740
v -0.072702 0.139434 0.118643
v -0.073497 0.132091 0.037999
v 0.403388 0.043672 -0.163930
v 0.339065 -0.038712 -0.041731
v 0.343428 -0.008988 -0.176155
v 0.405873 0.020326 -0.036892
v 0.339065 -0.038712 -0.041731
v 0.401229 0.025993 0.081581
v 0.341131 -0.027800 0.085084
v 0.405873 0.020326 -0.036892
v 0.223704 -0.013775 -0.041176
v 0.283171 0.050867 0.032423
v 0.226071 -0.000061 0.032961
v 0.287204 0.042341 -0.036577
v 0.284457 0.061391 -0.113719
v 0.223704 -0.013775 -0.041176
v 0.227439 0.011137 -0.122546
v 0.287204 0.042341 -0.036577
v 0.282774 0.094456 -0.199098
v 0.235862 0.066559 -0.239309
v 0.227439 0.011137 -0.122546
v 0.284457 0.061391 -0.113719
v 0.279953 0.071361 0.121615
v 0.232388 0.038049 0.156588
v 0.226071 -0.000061 0.032961
v 0.283171 0.050867 0.032423
v 0.168177 0.093387 -0.170990
v 0.120917 0.030314 -0.040079
v 0.124486 0.055190 -0.182582
v 0.169616 0.073357 -0.036551
v 0.120917 0.030314 -0.040079
v 0.165744 0.073464 0.105681
v 0.121905 0.034055 0.110915
v 0.169616 0.073357 -0.036551
v 0.077400 0.130295 -0.198781
v 0.021201 0.096673 -0.243952
v 0.014628 0.052523 -0.136907
v 0.082904 0.112702 -0.126338
v 0.074471 0.106317 0.134190
v 0.017533 0.066642 0.173087
v 0.012990 0.039113 0.049307
v 0.081365 0.100099 0.048666
v 0.082904 0.112702 -0.126338
v 0.012646 0.038062 -0.038341
v 0.014628 0.052523 -0.136907
v 0.088688 0.105258 -0.032833
v 0.012646 0.038062 -0.038341
v 0.081365 0.100099 0.048666
v 0.012990 0.039113 0.049307
v 0.088688 0.105258 -0.032833
v -0.123490 0.243747 -0.185500
v -0.119377 0.179318 -0.228500
v -0.058975 0.248746 -0.237063
v -0.083039 0.282375 -0.188567
v -0.021787 0.145484 -0.196581
v 0.021201 0.096673 -0.243952
v 0.039836 0.214185 -0.255614
v -0.004868 0.217710 -0.202431
v -0.004868 0.217710 -0.202431
v 0.051759 0.288254 -0.180809
v 0.039836 0.214185 -0.255614
v 0.142431 0.169314 -0.228860
v 0.103003 0.125603 -0.195149
v 0.113785 0.171466 -0.193335
v 0.130556 0.094484 -0.227490
v 0.113785 0.171466 -0.193335
v 0.150128 0.217247 -0.187765
v 0.142431 0.169314 -0.228860
v 0.199947 0.107131 -0.197144
v 0.235862 0.066559 -0.239309
v 0.251352 0.164120 -0.241095
v 0.214007 0.166924 -0.194779
v 0.214007 0.166924 -0.194779
v 0.261374 0.226469 -0.185520
v 0.251352 0.164120 -0.241095
v 0.368076 0.147801 -0.243092
v 0.313966 0.087695 -0.194768
v 0.328802 0.150895 -0.196366
v 0.351735 0.044812 -0.236386
v 0.139241 0.143799 0.097205
v 0.099799 0.100147 0.125221
v 0.110930 0.148093 0.131227
v 0.328802 0.150895 -0.196366
v 0.378636 0.213552 -0.186785
v 0.368076 0.147801 -0.243092
v 0.139241 0.143799 0.097205
v 0.110930 0.148093 0.131227
v 0.147307 0.194155 0.132909
v -0.126198 0.221575 0.122371
v -0.074698 0.211891 0.069141
v -0.085856 0.259316 0.131648
v 0.368076 0.147801 -0.243092
v 0.378636 0.213552 -0.186785
v 0.406686 0.140029 -0.198466
v 0.368076 0.147801 -0.243092
v 0.401115 0.074350 -0.196701
v 0.351735 0.044812 -0.236386
v 0.406686 0.140029 -0.198466
v -0.069964 0.161850 -0.192643
v -0.058975 0.248746 -0.237063
v -0.034707 0.210039 -0.195328
v -0.119377 0.179318 -0.228500
v 0.251352 0.164120 -0.241095
v 0.261374 0.226469 -0.185520
v 0.288033 0.156602 -0.196856
v 0.251352 0.164120 -0.241095
v 0.282774 0.094456 -0.199098
v 0.235862 0.066559 -0.239309
v 0.288033 0.156602 -0.196856
v 0.142431 0.169314 -0.228860
v 0.150128 0.217247 -0.187765
v 0.170570 0.163548 -0.194928
v 0.039836 0.214185 -0.255614
v 0.051759 0.288254 -0.180809
v 0.083777 0.205341 -0.204820
v 0.142431 0.169314 -0.228860
v 0.166533 0.115881 -0.196647
v 0.130556 0.094484 -0.227490
v 0.170570 0.163548 -0.194928
v 0.039836 0.214185 -0.255614
v 0.077400 0.130295 -0.198781
v 0.021201 0.096673 -0.243952
v 0.083777 0.205341 -0.204820
v 0.167689 0.139957 0.132662
v 0.139241 0.143799 0.097205
v 0.147307 0.194155 0.132909
v 0.163304 0.090231 0.126423
v 0.139241 0.143799 0.097205
v 0.167689 0.139957 0.132662
v -0.063292 0.224981 0.066941
v -0.037557 0.186696 0.128821
v -0.074698 0.211891 0.069141
v -0.072702 0.139434 0.118643
v 1.642085 0.520530 -0.145401
v 1.684151 0.448274 -0.175900
v 1.665457 0.532382 -0.112635
v 1.727068 0.448682 -0.116130
v 1.619951 0.515594 0.130687
v 1.656828 0.442181 0.164910
v 1.648209 0.528535 0.102504
v 1.708715 0.444589 0.112791
v 1.601514 0.444783 -0.099823
v 1.668968 0.540423 0.000733
v 1.665457 0.532382 -0.112635
v 1.594634 0.443135 -0.006966
v 1.668968 0.540423 0.000733
v 1.587373 0.441629 0.076567
v 1.648209 0.528535 0.102504
v 1.594634 0.443135 -0.006966
v 1.627432 0.115914 0.130589
v 1.654182 0.062373 0.157213
v 1.645330 0.125213 0.115028
v 1.689252 0.063969 0.124876
v 1.647852 0.120931 -0.152851
v 1.678653 0.068293 -0.176760
v 1.664767 0.129548 -0.127416
v 1.709871 0.068567 -0.132312
v 1.557193 0.505688 0.135961
v 1.567553 0.441010 0.078423
v 1.493709 0.438134 0.125900
v 1.601514 0.444783 -0.099823
v 1.665457 0.532382 -0.112635
v 1.600614 0.444696 -0.101493
v 1.642085 0.520530 -0.145401
v 1.580619 0.510913 -0.156244
v 1.600614 0.444696 -0.101493
v 1.581867 0.444203 -0.100124
v 1.580619 0.510913 -0.156244
v 1.516372 0.443189 -0.156784
v 1.586219 0.441485 0.078069
v 1.619951 0.515594 0.130687
v 1.648209 0.528535 0.102504
v 1.587373 0.441629 0.076567
v 1.557193 0.505688 0.135961
v 1.567553 0.441010 0.078423
v 1.604290 0.246521 -0.067178
v 1.670917 0.337981 -0.002930
v 1.664516 0.329652 -0.072473
v 1.600262 0.245502 -0.010248
v 1.670917 0.337981 -0.002930
v 1.595872 0.244644 0.037820
v 1.654249 0.327362 0.055590
v 1.600262 0.245502 -0.010248
v 1.623581 0.314212 0.129899
v 1.654249 0.327362 0.055590
v 1.591777 0.243834 0.076632
v 1.595872 0.244644 0.037820
v 1.591777 0.243834 0.076632
v 1.564185 0.304852 0.131711
v 1.574217 0.243434 0.074699
v 1.564185 0.304852 0.131711
v 1.503851 0.240651 0.122044
v 1.664516 0.329652 -0.072473
v 1.646111 0.319237 -0.151139
v 1.606431 0.247102 -0.106150
v 1.604290 0.246521 -0.067178
v 1.587412 0.310032 -0.158010
v 1.606431 0.247102 -0.106150
v 1.588411 0.246600 -0.102346
v 1.587412 0.310032 -0.158010
v 1.526328 0.245664 -0.158319
v 1.617621 0.065563 -0.111474
v 1.664388 0.134746 -0.008117
v 1.664767 0.129548 -0.127416
v 1.610195 0.063825 -0.013730
v 1.664388 0.134746 -0.008117
v 1.601507 0.061969 0.089519
v 1.645330 0.125213 0.115028
v 1.610195 0.063825 -0.013730
v 1.649634 -0.008238 -0.009985
v 1.574590 -0.119707 0.040006
v 1.565025 -0.118974 -0.018748
v 1.584670 -0.117459 -0.085726
v 1.649634 -0.008238 -0.009985
v 1.565025 -0.118974 -0.018748
v 1.544190 -0.295480 0.153002
v 1.575791 -0.243787 0.117576
v 1.496279 -0.240397 0.107675
v 1.603038 0.061933 0.089732
v 1.627432 0.115914 0.130589
v 1.645330 0.125213 0.115028
v 1.586526 0.061400 0.097494
v 1.617621 0.065563 -0.111474
v 1.664767 0.129548 -0.127416
v 1.617417 0.065602 -0.118344
v 1.647852 0.120931 -0.152851
v 1.604581 0.065427 -0.127708
v 1.573155 -0.289020 -0.208294
v 1.518015 -0.235550 -0.163441
v 1.598563 -0.238708 -0.166473
v 1.581925 -0.041346 -0.173225
v 1.508045 -0.118593 -0.164450
v 1.583346 -0.117269 -0.109349
v 1.628212 -0.035681 0.134426
v 1.589816 -0.120031 0.074535
v 1.557209 -0.046858 0.135070
v 1.569001 -0.120468 0.069580
v 1.557209 -0.046858 0.135070
v 1.485292 -0.123668 0.119362
v 1.651603 -0.030464 -0.157353
v 1.581925 -0.041346 -0.173225
v 1.604400 -0.116778 -0.107376
v 1.583346 -0.117269 -0.109349
v 1.598563 -0.238708 -0.166473
v 1.518015 -0.235550 -0.163441
v 1.567607 -0.292890 -0.113398
v 1.575791 -0.243787 0.117576
v 1.553837 -0.295961 0.058357
v 1.496279 -0.240397 0.107675
v 1.656231 -0.283138 -0.086669
v 1.649333 -0.283194 -0.157524
v 1.581992 -0.307927 -0.115359
v 1.567307 -0.295649 -0.081953
v 1.627464 -0.288071 0.115253
v 1.645559 -0.285518 0.046448
v 1.567769 -0.311099 0.062049
v 1.558558 -0.297600 0.027188
v 1.654728 -0.276783 -0.015077
v 1.558558 -0.297600 0.027188
v 1.553053 -0.286520 -0.023402
v 1.567307 -0.295649 -0.081953
v 1.654728 -0.276783 -0.015077
v 1.656231 -0.283138 -0.086669
v 1.553053 -0.286520 -0.023402
v 1.648958 -0.214906 0.057518
v 1.589816 -0.120031 0.074535
v 1.574590 -0.119707 0.040006
v 1.632815 -0.203945 0.130050
v 1.661149 -0.212187 -0.094542
v 1.654276 -0.224568 -0.013481
v 1.584670 -0.117459 -0.085726
v 1.604400 -0.116778 -0.107376
v 1.661149 -0.212187 -0.094542
v 1.584670 -0.117459 -0.085726
v 1.655930 -0.198790 -0.158279
v 1.654276 -0.224568 -0.013481
v 1.574590 -0.119707 0.040006
v 1.648958 -0.214906 0.057518
v 1.657974 0.165142 0.052444
v 1.591777 0.243834 0.076632
v 1.627433 0.173705 0.126143
v 1.606431 0.247102 -0.106150
v 1.668154 0.167412 -0.074539
v 1.649716 0.178675 -0.151810
v 1.517413 -0.344522 0.109359
v 1.544190 -0.295480 0.153002
v 1.496279 -0.240397 0.107675
v 1.539909 -0.339505 -0.171242
v 1.518015 -0.235550 -0.163441
v 1.573155 -0.289020 -0.208294
v 1.567769 -0.311099 0.062049
v 1.558558 -0.297600 0.027188
v 1.561145 -0.400151 0.106425
v 1.581992 -0.307927 -0.115359
v 1.582773 -0.395327 -0.163359
v 1.567307 -0.295649 -0.081953
v 1.567607 -0.292890 -0.113398
v 1.518015 -0.235550 -0.163441
v 1.539909 -0.339505 -0.171242
v 1.553837 -0.295961 0.058357
v 1.517413 -0.344522 0.109359
v 1.496279 -0.240397 0.107675
v 1.567307 -0.295649 -0.081953
v 1.553053 -0.286520 -0.023402
v 1.558558 -0.297600 0.027188
v 1.553053 -0.286520 -0.023402
v 1.623581 0.314212 0.129899
v 1.654249 0.327362 0.055590
v 1.591777 0.243834 0.076632
v 1.664516 0.329652 -0.072473
v 1.646111 0.319237 -0.151139
v 1.606431 0.247102 -0.106150
v 1.649634 -0.008238 -0.009985
v 1.574590 -0.119707 0.040006
v 1.644496 -0.020637 0.061286
v 1.584670 -0.117459 -0.085726
v 1.649634 -0.008238 -0.009985
v 1.656790 -0.017895 -0.092069
v 1.628212 -0.035681 0.134426
v 1.644496 -0.020637 0.061286
v 1.589816 -0.120031 0.074535
v 1.574590 -0.119707 0.040006
v 1.656790 -0.017895 -0.092069
v 1.651603 -0.030464 -0.157353
v 1.604400 -0.116778 -0.107376
v 1.584670 -0.117459 -0.085726
v 1.561145 -0.400151 0.106425
v 1.620464 -0.375109 0.145325
v 1.544190 -0.295480 0.153002
v 1.517413 -0.344522 0.109359
v 1.632815 -0.203945 0.130050
v 1.670184 -0.119231 0.173379
v 1.557203 -0.122497 0.178512
v 1.562450 -0.196887 0.130808
v 1.562450 -0.196887 0.130808
v 1.557203 -0.122497 0.178512
v 1.485292 -0.123668 0.119362
v 1.654182 0.062373 0.157213
v 1.579713 0.060262 0.157992
v 1.630387 0.008143 0.127708
v 1.583177 0.012638 0.126158
v 1.583177 0.012638 0.126158
v 1.579713 0.060262 0.157992
v 1.533557 0.059490 0.121302
v 1.627433 0.173705 0.126143
v 1.658456 0.244410 0.164611
v 1.564052 0.241654 0.169585
v 1.568567 0.179569 0.128080
v 1.568567 0.179569 0.128080
v 1.564052 0.241654 0.169585
v 1.503851 0.240651 0.122044
v 1.656828 0.442181 0.164910
v 1.557188 0.439226 0.174127
v 1.623997 0.367751 0.126843
v 1.561798 0.373874 0.132216
v 1.650617 0.013117 -0.153366
v 1.604581 0.065427 -0.127708
v 1.605978 0.017724 -0.158252
v 1.561798 0.373874 0.132216
v 1.557188 0.439226 0.174127
v 1.493709 0.438134 0.125900
v 1.604581 0.065427 -0.127708
v 1.556085 0.064515 -0.159701
v 1.605978 0.017724 -0.158252
v 1.582773 -0.395327 -0.163359
v 1.539909 -0.339505 -0.171242
v 1.581992 -0.307927 -0.115359
v 1.557188 0.439226 0.174127
v 1.557193 0.505688 0.135961
v 1.493709 0.438134 0.125900
v 1.619951 0.515594 0.130687
v 1.557188 0.439226 0.174127
v 1.656828 0.442181 0.164910
v 1.557193 0.505688 0.135961
v 1.544190 -0.295480 0.153002
v 1.627464 -0.288071 0.115253
v 1.575791 -0.243787 0.117576
v 1.620464 -0.375109 0.145325
v 1.564052 0.241654 0.169585
v 1.564185 0.304852 0.131711
v 1.503851 0.240651 0.122044
v 1.623581 0.314212 0.129899
v 1.564052 0.241654 0.169585
v 1.658456 0.244410 0.164611
v 1.564185 0.304852 0.131711
v 1.579713 0.060262 0.157992
v 1.579815 0.108744 0.128942
v 1.533557 0.059490 0.121302
v 1.557203 -0.122497 0.178512
v 1.557209 -0.046858 0.135070
v 1.485292 -0.123668 0.119362
v 1.627432 0.115914 0.130589
v 1.579713 0.060262 0.157992
v 1.654182 0.062373 0.157213
v 1.579815 0.108744 0.128942
v 1.628212 -0.035681 0.134426
v 1.557203 -0.122497 0.178512
v 1.670184 -0.119231 0.173379
v 1.557209 -0.046858 0.135070
v 1.602829 0.113876 -0.158122
v 1.556085 0.064515 -0.159701
v 1.604581 0.065427 -0.127708
v 1.647852 0.120931 -0.152851
v 1.604581 0.065427 -0.127708
v 1.602829 0.113876 -0.158122
v 1.567607 -0.292890 -0.113398
v 1.581992 -0.307927 -0.115359
v 1.598563 -0.238708 -0.166473
v 1.649333 -0.283194 -0.157524
v 1.663238 -0.395586 -0.092410
v 1.661980 -0.401900 -0.016732
v 1.661980 -0.401900 -0.016732
v 1.651883 -0.398119 0.049234
v 1.582773 -0.395327 -0.163359
v 1.663238 -0.395586 -0.092410
v 1.647459 -0.369088 -0.191400
v 1.651883 -0.398119 0.049234
v 1.561145 -0.400151 0.106425
v 1.620464 -0.375109 0.145325
v 1.632815 -0.203945 0.130050
v 1.589816 -0.120031 0.074535
v 1.562450 -0.196887 0.130808
v 1.569001 -0.120468 0.069580
v 1.654276 -0.224568 -0.013481
v 1.584670 -0.117459 -0.085726
v 1.565025 -0.118974 -0.018748
v 1.655930 -0.198790 -0.158279
v 1.604400 -0.116778 -0.107376
v 1.586848 -0.191445 -0.173515
v 1.583346 -0.117269 -0.109349
v 1.508045 -0.118593 -0.164450
v 1.586848 -0.191445 -0.173515
v 1.654276 -0.224568 -0.013481
v 1.574590 -0.119707 0.040006
v 1.565025 -0.118974 -0.018748
v 1.654182 0.062373 0.157213
v 1.648233 0.000783 0.112058
v 1.689252 0.063969 0.124876
v 1.630387 0.008143 0.127708
v 1.650617 0.013117 -0.153366
v 1.678653 0.068293 -0.176760
v 1.667514 0.005083 -0.128443
v 1.709871 0.068567 -0.132312
v 1.569001 -0.120468 0.069580
v 1.562450 -0.196887 0.130808
v 1.485292 -0.123668 0.119362
v 1.667514 0.005083 -0.128443
v 1.667362 -0.003813 -0.010356
v 1.617621 0.065563 -0.111474
v 1.610195 0.063825 -0.013730
v 1.667362 -0.003813 -0.010356
v 1.601507 0.061969 0.089519
v 1.610195 0.063825 -0.013730
v 1.648233 0.000783 0.112058
v 1.617417 0.065602 -0.118344
v 1.667514 0.005083 -0.128443
v 1.617621 0.065563 -0.111474
v 1.650617 0.013117 -0.153366
v 1.630387 0.008143 0.127708
v 1.603038 0.061933 0.089732
v 1.648233 0.000783 0.112058
v 1.645887 0.372634 -0.146215
v 1.684151 0.448274 -0.175900
v 1.669259 0.361679 -0.114468
v 1.727068 0.448682 -0.116130
v 1.656828 0.442181 0.164910
v 1.652156 0.357865 0.098855
v 1.708715 0.444589 0.112791
v 1.623997 0.367751 0.126843
v 1.650617 0.013117 -0.153366
v 1.604581 0.065427 -0.127708
v 1.617417 0.065602 -0.118344
v 1.586526 0.061400 0.097494
v 1.630387 0.008143 0.127708
v 1.603038 0.061933 0.089732
v 1.600262 0.245502 -0.010248
v 1.657974 0.165142 0.052444
v 1.595872 0.244644 0.037820
v 1.674794 0.157323 -0.005849
v 1.657974 0.165142 0.052444
v 1.591777 0.243834 0.076632
v 1.627433 0.173705 0.126143
v 1.591777 0.243834 0.076632
v 1.568567 0.179569 0.128080
v 1.574217 0.243434 0.074699
v 1.606431 0.247102 -0.106150
v 1.668154 0.167412 -0.074539
v 1.604290 0.246521 -0.067178
v 1.649716 0.178675 -0.151810
v 1.606431 0.247102 -0.106150
v 1.591517 0.184688 -0.158180
v 1.588411 0.246600 -0.102346
v 1.668154 0.167412 -0.074539
v 1.674794 0.157323 -0.005849
v 1.604290 0.246521 -0.067178
v 1.600262 0.245502 -0.010248
v 1.588411 0.246600 -0.102346
v 1.526328 0.245664 -0.158319
v 1.591517 0.184688 -0.158180
v 1.574217 0.243434 0.074699
v 1.568567 0.179569 0.128080
v 1.503851 0.240651 0.122044
v 1.669259 0.361679 -0.114468
v 1.673047 0.350359 -0.002339
v 1.601514 0.444783 -0.099823
v 1.594634 0.443135 -0.006966
v 1.673047 0.350359 -0.002339
v 1.587373 0.441629 0.076567
v 1.594634 0.443135 -0.006966
v 1.652156 0.357865 0.098855
v 1.600614 0.444696 -0.101493
v 1.669259 0.361679 -0.114468
v 1.601514 0.444783 -0.099823
v 1.645887 0.372634 -0.146215
v 1.600614 0.444696 -0.101493
v 1.584945 0.379037 -0.156498
v 1.581867 0.444203 -0.100124
v 1.652156 0.357865 0.098855
v 1.586219 0.441485 0.078069
v 1.587373 0.441629 0.076567
v 1.623997 0.367751 0.126843
v 1.561798 0.373874 0.132216
v 1.567553 0.441010 0.078423
v 1.561798 0.373874 0.132216
v 1.493709 0.438134 0.125900
v 1.567769 -0.311099 0.062049
v 1.517413 -0.344522 0.109359
v 1.553837 -0.295961 0.058357
v 1.539909 -0.339505 -0.171242
v 1.581992 -0.307927 -0.115359
v 1.567607 -0.292890 -0.113398
v 1.581867 0.444203 -0.100124
v 1.516372 0.443189 -0.156784
v 1.584945 0.379037 -0.156498
v 1.713599 -0.116134 0.070063
v 1.632815 -0.203945 0.130050
v 1.648958 -0.214906 0.057518
v 1.670184 -0.119231 0.173379
v 1.726681 -0.113216 -0.093115
v 1.655930 -0.198790 -0.158279
v 1.699483 -0.112697 -0.192068
v 1.661149 -0.212187 -0.094542
v 1.726681 -0.113216 -0.093115
v 1.726766 -0.114487 -0.005701
v 1.661149 -0.212187 -0.094542
v 1.654276 -0.224568 -0.013481
v 1.726766 -0.114487 -0.005701
v 1.648958 -0.214906 0.057518
v 1.654276 -0.224568 -0.013481
v 1.713599 -0.116134 0.070063
v 1.709871 0.068567 -0.132312
v 1.713794 0.066705 -0.005373
v 1.667514 0.005083 -0.128443
v 1.667362 -0.003813 -0.010356
v 1.713794 0.066705 -0.005373
v 1.648233 0.000783 0.112058
v 1.667362 -0.003813 -0.010356
v 1.689252 0.063969 0.124876
v 1.722881 0.250049 -0.073348
v 1.649716 0.178675 -0.151810
v 1.686269 0.250600 -0.182310
v 1.668154 0.167412 -0.074539
v 1.711956 0.247613 0.062921
v 1.627433 0.173705 0.126143
v 1.657974 0.165142 0.052444
v 1.658456 0.244410 0.164611
v 1.722881 0.250049 -0.073348
v 1.735330 0.249256 0.000648
v 1.668154 0.167412 -0.074539
v 1.674794 0.157323 -0.005849
v 1.735330 0.249256 0.000648
v 1.657974 0.165142 0.052444
v 1.674794 0.157323 -0.005849
v 1.711956 0.247613 0.062921
v 1.727068 0.448682 -0.116130
v 1.736735 0.447076 0.004497
v 1.669259 0.361679 -0.114468
v 1.673047 0.350359 -0.002339
v 1.736735 0.447076 0.004497
v 1.652156 0.357865 0.098855
v 1.673047 0.350359 -0.002339
v 1.708715 0.444589 0.112791
v 1.656231 -0.283138 -0.086669
v 1.661980 -0.401900 -0.016732
v 1.663238 -0.395586 -0.092410
v 1.654728 -0.276783 -0.015077
v 1.661980 -0.401900 -0.016732
v 1.645559 -0.285518 0.046448
v 1.651883 -0.398119 0.049234
v 1.654728 -0.276783 -0.015077
v 1.647459 -0.369088 -0.191400
v 1.649333 -0.283194 -0.157524
v 1.663238 -0.395586 -0.092410
v 1.656231 -0.283138 -0.086669
v 1.620464 -0.375109 0.145325
v 1.651883 -0.398119 0.049234
v 1.627464 -0.288071 0.115253
v 1.645559 -0.285518 0.046448
v 1.665457 0.532382 -0.112635
v 1.736735 0.447076 0.004497
v 1.727068 0.448682 -0.116130
v 1.668968 0.540423 0.000733
v 1.736735 0.447076 0.004497
v 1.648209 0.528535 0.102504
v 1.708715 0.444589 0.112791
v 1.668968 0.540423 0.000733
v 1.735330 0.249256 0.000648
v 1.654249 0.327362 0.055590
v 1.711956 0.247613 0.062921
v 1.670917 0.337981 -0.002930
v 1.664516 0.329652 -0.072473
v 1.735330 0.249256 0.000648
v 1.722881 0.250049 -0.073348
v 1.670917 0.337981 -0.002930
v 1.646111 0.319237 -0.151139
v 1.686269 0.250600 -0.182310
v 1.722881 0.250049 -0.073348
v 1.664516 0.329652 -0.072473
v 1.623581 0.314212 0.129899
v 1.658456 0.244410 0.164611
v 1.711956 0.247613 0.062921
v 1.654249 0.327362 0.055590
v 1.664767 0.129548 -0.127416
v 1.713794 0.066705 -0.005373
v 1.709871 0.068567 -0.132312
v 1.664388 0.134746 -0.008117
v 1.713794 0.066705 -0.005373
v 1.645330 0.125213 0.115028
v 1.689252 0.063969 0.124876
v 1.664388 0.134746 -0.008117
v 1.651603 -0.030464 -0.157353
v 1.699483 -0.112697 -0.192068
v 1.726681 -0.113216 -0.093115
v 1.656790 -0.017895 -0.092069
v 1.628212 -0.035681 0.134426
v 1.670184 -0.119231 0.173379
v 1.713599 -0.116134 0.070063
v 1.644496 -0.020637 0.061286
v 1.656790 -0.017895 -0.092069
v 1.726766 -0.114487 -0.005701
v 1.726681 -0.113216 -0.093115
v 1.649634 -0.008238 -0.009985
v 1.726766 -0.114487 -0.005701
v 1.644496 -0.020637 0.061286
v 1.713599 -0.116134 0.070063
v 1.649634 -0.008238 -0.009985
v 1.582773 -0.395327 -0.163359
v 1.647459 -0.369088 -0.191400
v 1.573155 -0.289020 -0.208294
v 1.539909 -0.339505 -0.171242
v 1.655930 -0.198790 -0.158279
v 1.699483 -0.112697 -0.192068
v 1.589054 -0.115394 -0.218773
v 1.586848 -0.191445 -0.173515
v 1.586848 -0.191445 -0.173515
v 1.508045 -0.118593 -0.164450
v 1.589054 -0.115394 -0.218773
v 1.607493 0.066457 -0.188521
v 1.650617 0.013117 -0.153366
v 1.605978 0.017724 -0.158252
v 1.678653 0.068293 -0.176760
v 1.605978 0.017724 -0.158252
v 1.556085 0.064515 -0.159701
v 1.607493 0.066457 -0.188521
v 1.649716 0.178675 -0.151810
v 1.686269 0.250600 -0.182310
v 1.593492 0.248220 -0.197643
v 1.591517 0.184688 -0.158180
v 1.591517 0.184688 -0.158180
v 1.526328 0.245664 -0.158319
v 1.593492 0.248220 -0.197643
v 1.586882 0.445848 -0.196261
v 1.645887 0.372634 -0.146215
v 1.584945 0.379037 -0.156498
v 1.684151 0.448274 -0.175900
v 1.586526 0.061400 0.097494
v 1.630387 0.008143 0.127708
v 1.583177 0.012638 0.126158
v 1.584945 0.379037 -0.156498
v 1.516372 0.443189 -0.156784
v 1.586882 0.445848 -0.196261
v 1.586526 0.061400 0.097494
v 1.583177 0.012638 0.126158
v 1.533557 0.059490 0.121302
v 1.561145 -0.400151 0.106425
v 1.567769 -0.311099 0.062049
v 1.517413 -0.344522 0.109359
v 1.586882 0.445848 -0.196261
v 1.516372 0.443189 -0.156784
v 1.580619 0.510913 -0.156244
v 1.586882 0.445848 -0.196261
v 1.642085 0.520530 -0.145401
v 1.684151 0.448274 -0.175900
v 1.580619 0.510913 -0.156244
v 1.649333 -0.283194 -0.157524
v 1.573155 -0.289020 -0.208294
v 1.598563 -0.238708 -0.166473
v 1.647459 -0.369088 -0.191400
v 1.593492 0.248220 -0.197643
v 1.526328 0.245664 -0.158319
v 1.587412 0.310032 -0.158010
v 1.593492 0.248220 -0.197643
v 1.646111 0.319237 -0.151139
v 1.686269 0.250600 -0.182310
v 1.587412 0.310032 -0.158010
v 1.607493 0.066457 -0.188521
v 1.556085 0.064515 -0.159701
v 1.602829 0.113876 -0.158122
v 1.589054 -0.115394 -0.218773
v 1.508045 -0.118593 -0.164450
v 1.581925 -0.041346 -0.173225
v 1.607493 0.066457 -0.188521
v 1.647852 0.120931 -0.152851
v 1.678653 0.068293 -0.176760
v 1.602829 0.113876 -0.158122
v 1.589054 -0.115394 -0.218773
v 1.651603 -0.030464 -0.157353
v 1.699483 -0.112697 -0.192068
v 1.581925 -0.041346 -0.173225
v 1.579815 0.108744 0.128942
v 1.586526 0.061400 0.097494
v 1.533557 0.059490 0.121302
v 1.627432 0.115914 0.130589
v 1.586526 0.061400 0.097494
v 1.579815 0.108744 0.128942
v 1.553837 -0.295961 0.058357
v 1.575791 -0.243787 0.117576
v 1.567769 -0.311099 0.062049
v 1.627464 -0.288071 0.115253
v -0.291335 -0.200401 0.135230
v -0.312750 -0.149110 0.193954
v -0.241442 -0.126758 0.101471
v -0.275373 -0.202238 -0.185537
v -0.290825 -0.151632 -0.246679
v -0.229036 -0.128185 -0.147836
v -0.362613 -0.258426 -0.158809
v -0.325386 -0.227989 -0.192113
v -0.316920 -0.159537 -0.134688
v -0.327604 -0.158308 0.080023
v -0.341768 -0.226105 0.137102
v -0.375522 -0.256940 0.100617
v -0.377945 -0.261501 -0.029516
v -0.327604 -0.158308 0.080023
v -0.375522 -0.256940 0.100617
v -0.326103 -0.160744 -0.027514
v -0.316920 -0.159537 -0.134688
v -0.377945 -0.261501 -0.029516
v -0.362613 -0.258426 -0.158809
v -0.326103 -0.160744 -0.027514
v -0.312750 -0.149110 0.193954
v -0.382338 -0.113349 0.132268
v -0.328396 -0.100298 0.127288
v -0.312982 -0.102072 -0.182458
v -0.290825 -0.151632 -0.246679
v -0.366172 -0.115209 -0.192619
v -0.328396 -0.100298 0.127288
v -0.312750 -0.149110 0.193954
v -0.241442 -0.126758 0.101471
v -0.312982 -0.102072 -0.182458
v -0.229036 -0.128185 -0.147836
v -0.290825 -0.151632 -0.246679
v -0.366172 -0.115209 -0.192619
v -0.308977 -0.156753 -0.122602
v -0.312982 -0.102072 -0.182458
v -0.328396 -0.100298 0.127288
v -0.318499 -0.155658 0.068755
v -0.382338 -0.113349 0.132268
v -0.429252 -0.116210 -0.032901
v -0.327604 -0.158308 0.080023
v -0.326103 -0.160744 -0.027514
v -0.435541 -0.120072 0.098299
v -0.422488 -0.121574 -0.164025
v -0.429252 -0.116210 -0.032901
v -0.316920 -0.159537 -0.134688
v -0.326103 -0.160744 -0.027514
v -0.303676 -0.154913 -0.096709
v -0.229036 -0.128185 -0.147836
v -0.312982 -0.102072 -0.182458
v -0.310653 -0.154110 0.043496
v -0.328396 -0.100298 0.127288
v -0.241442 -0.126758 0.101471
v -0.382338 -0.113349 0.132268
v -0.318499 -0.155658 0.068755
v -0.435541 -0.120072 0.098299
v -0.422488 -0.121574 -0.164025
v -0.316920 -0.159537 -0.134688
v -0.366172 -0.115209 -0.192619
v -0.312750 -0.149110 0.193954
v -0.341768 -0.226105 0.137102
v -0.402466 -0.183259 0.180170
v -0.402466 -0.183259 0.180170
v -0.435541 -0.120072 0.098299
v -0.382338 -0.113349 0.132268
v -0.312750 -0.149110 0.193954
v -0.382338 -0.113349 0.132268
v -0.402466 -0.183259 0.180170
v -0.468347 -0.208430 0.103692
v -0.402466 -0.183259 0.180170
v -0.435541 -0.120072 0.098299
v -0.381486 -0.185673 -0.241481
v -0.422488 -0.121574 -0.164025
v -0.454646 -0.210006 -0.171639
v -0.470352 -0.212850 -0.034393
v -0.435541 -0.120072 0.098299
v -0.429252 -0.116210 -0.032901
v -0.468347 -0.208430 0.103692
v -0.454646 -0.210006 -0.171639
v -0.470352 -0.212850 -0.034393
v -0.422488 -0.121574 -0.164025
v -0.429252 -0.116210 -0.032901
v -0.325386 -0.227989 -0.192113
v -0.316920 -0.159537 -0.134688
v -0.308977 -0.156753 -0.122602
v -0.275373 -0.202238 -0.185537
v -0.303676 -0.154913 -0.096709
v -0.327604 -0.158308 0.080023
v -0.341768 -0.226105 0.137102
v -0.318499 -0.155658 0.068755
v -0.291335 -0.200401 0.135230
v -0.310653 -0.154110 0.043496
v -0.308977 -0.156753 -0.122602
v -0.312982 -0.102072 -0.182458
v -0.303676 -0.154913 -0.096709
v -0.328396 -0.100298 0.127288
v -0.310653 -0.154110 0.043496
v -0.318499 -0.155658 0.068755
v -0.377945 -0.261501 -0.029516
v -0.468347 -0.208430 0.103692
v -0.470352 -0.212850 -0.034393
v -0.375522 -0.256940 0.100617
v -0.377945 -0.261501 -0.029516
v -0.454646 -0.210006 -0.171639
v -0.362613 -0.258426 -0.158809
v -0.470352 -0.212850 -0.034393
v -0.312750 -0.149110 0.193954
v -0.341768 -0.226105 0.137102
v -0.291335 -0.200401 0.135230
v -0.402466 -0.183259 0.180170
v -0.375522 -0.256940 0.100617
v -0.468347 -0.208430 0.103692
v -0.341768 -0.226105 0.137102
v -0.290825 -0.151632 -0.246679
v -0.325386 -0.227989 -0.192113
v -0.381486 -0.185673 -0.241481
v -0.275373 -0.202238 -0.185537
v -0.362613 -0.258426 -0.158809
v -0.325386 -0.227989 -0.192113
v -0.454646 -0.210006 -0.171639
v -0.308977 -0.156753 -0.122602
v -0.325386 -0.227989 -0.192113
v -0.275373 -0.202238 -0.185537
v -0.303676 -0.154913 -0.096709
v -0.229036 -0.128185 -0.147836
v -0.318499 -0.155658 0.068755
v -0.341768 -0.226105 0.137102
v -0.291335 -0.200401 0.135230
v -0.310653 -0.154110 0.043496
v -0.241442 -0.126758 0.101471
v -0.290825 -0.151632 -0.246679
v -0.325386 -0.227989 -0.192113
v -0.381486 -0.185673 -0.241481
v -0.366172 -0.115209 -0.192619
v -0.381486 -0.185673 -0.241481
v -0.422488 -0.121574 -0.164025
v -0.290825 -0.151632 -0.246679
v -0.366172 -0.115209 -0.192619
v -0.381486 -0.185673 -0.241481
v -0.665815 -0.083639 0.163071
v -0.685123 -0.031905 0.222137
v -0.614300 -0.011327 0.128873
v -0.653625 -0.085208 -0.157862
v -0.668378 -0.034061 -0.218725
v -0.604825 -0.012547 -0.120563
v -0.742069 -0.139024 -0.130227
v -0.704404 -0.109554 -0.163904
v -0.693384 -0.041489 -0.106453
v -0.701544 -0.040438 0.108370
v -0.716914 -0.107944 0.165481
v -0.751928 -0.137755 0.129334
v -0.755983 -0.141960 -0.000771
v -0.701544 -0.040438 0.108370
v -0.751928 -0.137755 0.129334
v -0.701355 -0.042678 0.000819
v -0.693384 -0.041489 -0.106453
v -0.755983 -0.141960 -0.000771
v -0.742069 -0.139024 -0.130227
v -0.701355 -0.042678 0.000819
v -0.685123 -0.031905 0.222137
v -0.754405 0.005900 0.161333
v -0.700185 0.017467 0.155750
v -0.688413 0.015951 -0.154157
v -0.668378 -0.034061 -0.218725
v -0.742059 0.004310 -0.163724
v -0.700185 0.017467 0.155750
v -0.685123 -0.031905 0.222137
v -0.614300 -0.011327 0.128873
v -0.688413 0.015951 -0.154157
v -0.604825 -0.012547 -0.120563
v -0.668378 -0.034061 -0.218725
v -0.742059 0.004310 -0.163724
v -0.685227 -0.038952 -0.094455
v -0.688413 0.015951 -0.154157
v -0.700185 0.017467 0.155750
v -0.692499 -0.038016 0.097001
v -0.754405 0.005900 0.161333
v -0.803289 0.004700 -0.003285
v -0.701544 -0.040438 0.108370
v -0.701355 -0.042678 0.000819
v -0.808164 0.000724 0.127972
v -0.798195 -0.000560 -0.134488
v -0.803289 0.004700 -0.003285
v -0.693384 -0.041489 -0.106453
v -0.701355 -0.042678 0.000819
v -0.679579 -0.037316 -0.068622
v -0.604825 -0.012547 -0.120563
v -0.688413 0.015951 -0.154157
v -0.684907 -0.036630 0.071656
v -0.700185 0.017467 0.155750
v -0.614300 -0.011327 0.128873
v -0.754405 0.005900 0.161333
v -0.692499 -0.038016 0.097001
v -0.808164 0.000724 0.127972
v -0.798195 -0.000560 -0.134488
v -0.693384 -0.041489 -0.106453
v -0.742059 0.004310 -0.163724
v -0.685123 -0.031905 0.222137
v -0.716914 -0.107944 0.165481
v -0.775903 -0.063533 0.209334
v -0.775903 -0.063533 0.209334
v -0.808164 0.000724 0.127972
v -0.754405 0.005900 0.161333
v -0.685123 -0.031905 0.222137
v -0.754405 0.005900 0.161333
v -0.775903 -0.063533 0.209334
v -0.843334 -0.086706 0.133580
v -0.775903 -0.063533 0.209334
v -0.808164 0.000724 0.127972
v -0.759880 -0.065596 -0.212536
v -0.798195 -0.000560 -0.134488
v -0.832871 -0.088053 -0.141894
v -0.847060 -0.090765 -0.004480
v -0.808164 0.000724 0.127972
v -0.803289 0.004700 -0.003285
v -0.843334 -0.086706 0.133580
v -0.832871 -0.088053 -0.141894
v -0.847060 -0.090765 -0.004480
v -0.798195 -0.000560 -0.134488
v -0.803289 0.004700 -0.003285
v -0.704404 -0.109554 -0.163904
v -0.693384 -0.041489 -0.106453
v -0.685227 -0.038952 -0.094455
v -0.653625 -0.085208 -0.157862
v -0.679579 -0.037316 -0.068622
v -0.701544 -0.040438 0.108370
v -0.716914 -0.107944 0.165481
v -0.692499 -0.038016 0.097001
v -0.665815 -0.083639 0.163071
v -0.684907 -0.036630 0.071656
v -0.685227 -0.038952 -0.094455
v -0.688413 0.015951 -0.154157
v -0.679579 -0.037316 -0.068622
v -0.700185 0.017467 0.155750
v -0.684907 -0.036630 0.071656
v -0.692499 -0.038016 0.097001
v -0.755983 -0.141960 -0.000771
v -0.843334 -0.086706 0.133580
v -0.847060 -0.090765 -0.004480
v -0.751928 -0.137755 0.129334
v -0.755983 -0.141960 -0.000771
v -0.832871 -0.088053 -0.141894
v -0.742069 -0.139024 -0.130227
v -0.847060 -0.090765 -0.004480
v -0.685123 -0.031905 0.222137
v -0.716914 -0.107944 0.165481
v -0.665815 -0.083639 0.163071
v -0.775903 -0.063533 0.209334
v -0.751928 -0.137755 0.129334
v -0.843334 -0.086706 0.133580
v -0.716914 -0.107944 0.165481
v -0.668378 -0.034061 -0.218725
v -0.704404 -0.109554 -0.163904
v -0.759880 -0.065596 -0.212536
v -0.653625 -0.085208 -0.157862
v -0.742069 -0.139024 -0.130227
v -0.704404 -0.109554 -0.163904
v -0.832871 -0.088053 -0.141894
v -0.685227 -0.038952 -0.094455
v -0.704404 -0.109554 -0.163904
v -0.653625 -0.085208 -0.157862
v -0.679579 -0.037316 -0.068622
v -0.604825 -0.012547 -0.120563
v -0.692499 -0.038016 0.097001
v -0.716914 -0.107944 0.165481
v -0.665815 -0.083639 0.163071
v -0.684907 -0.036630 0.071656
v -0.614300 -0.011327 0.128873
v -0.668378 -0.034061 -0.218725
v -0.704404 -0.109554 -0.163904
v -0.759880 -0.065596 -0.212536
v -0.742059 0.004310 -0.163724
v -0.759880 -0.065596 -0.212536
v -0.798195 -0.000560 -0.134488
v -0.668378 -0.034061 -0.218725
v -0.742059 0.004310 -0.163724
v -0.759880 -0.065596 -0.212536
v -0.565797 -0.265700 0.130946
v -0.586766 -0.214564 0.189965
v -0.515129 -0.192352 0.097703
v -0.549479 -0.265695 -0.189808
v -0.564352 -0.214557 -0.250650
v -0.502446 -0.192348 -0.151593
v -0.637310 -0.321171 -0.163528
v -0.599741 -0.290902 -0.196600
v -0.590656 -0.222898 -0.138740
v -0.601578 -0.222901 0.075964
v -0.616487 -0.290908 0.132601
v -0.650506 -0.321174 0.095887
v -0.652823 -0.324898 -0.034274
v -0.601578 -0.222901 0.075964
v -0.650506 -0.321174 0.095887
v -0.599975 -0.224681 -0.031585
v -0.590656 -0.222898 -0.138740
v -0.652823 -0.324898 -0.034274
v -0.637310 -0.321171 -0.163528
v -0.599975 -0.224681 -0.031585
v -0.586766 -0.214564 0.189965
v -0.655919 -0.177722 0.128428
v -0.601843 -0.165183 0.123589
v -0.586086 -0.165178 -0.186145
v -0.564352 -0.214557 -0.250650
v -0.639393 -0.177718 -0.196446
v -0.601843 -0.165183 0.123589
v -0.586766 -0.214564 0.189965
v -0.515129 -0.192352 0.097703
v -0.586086 -0.165178 -0.186145
v -0.502446 -0.192348 -0.151593
v -0.564352 -0.214557 -0.250650
v -0.639393 -0.177718 -0.196446
v -0.582699 -0.220270 -0.126628
v -0.586086 -0.165178 -0.186145
v -0.601843 -0.165183 0.123589
v -0.592433 -0.220272 0.064722
v -0.655919 -0.177722 0.128428
v -0.702666 -0.179082 -0.036808
v -0.601578 -0.222901 0.075964
v -0.599975 -0.224681 -0.031585
v -0.709147 -0.183699 0.094359
v -0.695803 -0.183696 -0.167955
v -0.702666 -0.179082 -0.036808
v -0.590656 -0.222898 -0.138740
v -0.599975 -0.224681 -0.031585
v -0.577410 -0.218644 -0.100717
v -0.502446 -0.192348 -0.151593
v -0.586086 -0.165178 -0.186145
v -0.584542 -0.218646 0.039482
v -0.601843 -0.165183 0.123589
v -0.515129 -0.192352 0.097703
v -0.655919 -0.177722 0.128428
v -0.592433 -0.220272 0.064722
v -0.709147 -0.183699 0.094359
v -0.695803 -0.183696 -0.167955
v -0.590656 -0.222898 -0.138740
v -0.639393 -0.177718 -0.196446
v -0.586766 -0.214564 0.189965
v -0.616487 -0.290908 0.132601
v -0.676803 -0.247724 0.175870
v -0.676803 -0.247724 0.175870
v -0.709147 -0.183699 0.094359
v -0.655919 -0.177722 0.128428
v -0.586766 -0.214564 0.189965
v -0.655919 -0.177722 0.128428
v -0.676803 -0.247724 0.175870
v -0.742843 -0.271755 0.099163
v -0.676803 -0.247724 0.175870
v -0.709147 -0.183699 0.094359
v -0.655356 -0.247718 -0.245764
v -0.695803 -0.183696 -0.167955
v -0.728837 -0.271751 -0.176157
v -0.744731 -0.275294 -0.038949
v -0.709147 -0.183699 0.094359
v -0.702666 -0.179082 -0.036808
v -0.742843 -0.271755 0.099163
v -0.728837 -0.271751 -0.176157
v -0.744731 -0.275294 -0.038949
v -0.695803 -0.183696 -0.167955
v -0.702666 -0.179082 -0.036808
v -0.599741 -0.290902 -0.196600
v -0.590656 -0.222898 -0.138740
v -0.582699 -0.220270 -0.126628
v -0.549479 -0.265695 -0.189808
v -0.577410 -0.218644 -0.100717
v -0.601578 -0.222901 0.075964
v -0.616487 -0.290908 0.132601
v -0.592433 -0.220272 0.064722
v -0.565797 -0.265700 0.130946
v -0.584542 -0.218646 0.039482
v -0.582699 -0.220270 -0.126628
v -0.586086 -0.165178 -0.186145
v -0.577410 -0.218644 -0.100717
v -0.601843 -0.165183 0.123589
v -0.584542 -0.218646 0.039482
v -0.592433 -0.220272 0.064722
v -0.652823 -0.324898 -0.034274
v -0.742843 -0.271755 0.099163
v -0.744731 -0.275294 -0.038949
v -0.650506 -0.321174 0.095887
v -0.652823 -0.324898 -0.034274
v -0.728837 -0.271751 -0.176157
v -0.637310 -0.321171 -0.163528
v -0.744731 -0.275294 -0.038949
v -0.586766 -0.214564 0.189965
v -0.616487 -0.290908 0.132601
v -0.565797 -0.265700 0.130946
v -0.676803 -0.247724 0.175870
v -0.650506 -0.321174 0.095887
v -0.742843 -0.271755 0.099163
v -0.616487 -0.290908 0.132601
v -0.564352 -0.214557 -0.250650
v -0.599741 -0.290902 -0.196600
v -0.655356 -0.247718 -0.245764
v -0.549479 -0.265695 -0.189808
v -0.637310 -0.321171 -0.163528
v -0.599741 -0.290902 -0.196600
v -0.728837 -0.271751 -0.176157
v -0.582699 -0.220270 -0.126628
v -0.599741 -0.290902 -0.196600
v -0.549479 -0.265695 -0.189808
v -0.577410 -0.218644 -0.100717
v -0.502446 -0.192348 -0.151593
v -0.592433 -0.220272 0.064722
v -0.616487 -0.290908 0.132601
v -0.565797 -0.265700 0.130946
v -0.584542 -0.218646 0.039482
v -0.515129 -0.192352 0.097703
v -0.564352 -0.214557 -0.250650
v -0.599741 -0.290902 -0.196600
v -0.655356 -0.247718 -0.245764
v -0.639393 -0.177718 -0.196446
v -0.655356 -0.247718 -0.245764
v -0.695803 -0.183696 -0.167955
v -0.564352 -0.214557 -0.250650
v -0.639393 -0.177718 -0.196446
v -0.655356 -0.247718 -0.245764
v -1.125653 -0.142519 -0.140266
v -1.127002 -0.086134 -0.198203
v -1.189745 -0.086928 -0.097207
v -1.100756 -0.154958 0.179695
v -1.092801 -0.103220 0.241322
v -1.170396 -0.096596 0.151473
v -1.005193 -0.183255 0.140334
v -1.045094 -0.165409 0.179202
v -1.079556 -0.101179 0.126841
v -1.096222 -0.092853 -0.087331
v -1.070647 -0.152644 -0.149185
v -1.025329 -0.173196 -0.118440
v -1.005686 -0.179345 0.010159
v -1.096222 -0.092853 -0.087331
v -1.025329 -0.173196 -0.118440
v -1.083699 -0.097663 0.019405
v -1.079556 -0.101179 0.126841
v -1.005686 -0.179345 0.010159
v -1.005193 -0.183255 0.140334
v -1.083699 -0.097663 0.019405
v -1.127002 -0.086134 -0.198203
v -1.063287 -0.033103 -0.142936
v -1.117675 -0.036163 -0.131214
v -1.093634 -0.048174 0.177754
v -1.092801 -0.103220 0.241322
v -1.038070 -0.045701 0.181135
v -1.117675 -0.036163 -0.131214
v -1.127002 -0.086134 -0.198203
v -1.189745 -0.086928 -0.097207
v -1.093634 -0.048174 0.177754
v -1.170396 -0.096596 0.151473
v -1.092801 -0.103220 0.241322
v -1.038070 -0.045701 0.181135
v -1.089390 -0.100560 0.115895
v -1.093634 -0.048174 0.177754
v -1.117675 -0.036163 -0.131214
v -1.104243 -0.093139 -0.074981
v -1.063287 -0.033103 -0.142936
v -0.997475 -0.025536 0.015499
v -1.096222 -0.092853 -0.087331
v -1.083699 -0.097663 0.019405
v -1.006584 -0.024936 -0.115591
v -0.986223 -0.035108 0.146073
v -0.997475 -0.025536 0.015499
v -1.079556 -0.101179 0.126841
v -1.083699 -0.097663 0.019405
v -1.098146 -0.099824 0.090900
v -1.170396 -0.096596 0.151473
v -1.093634 -0.048174 0.177754
v -1.109029 -0.094387 -0.048953
v -1.117675 -0.036163 -0.131214
v -1.189745 -0.086928 -0.097207
v -1.063287 -0.033103 -0.142936
v -1.104243 -0.093139 -0.074981
v -1.006584 -0.024936 -0.115591
v -0.986223 -0.035108 0.146073
v -1.079556 -0.101179 0.126841
v -1.038070 -0.045701 0.181135
v -1.127002 -0.086134 -0.198203
v -1.070647 -0.152644 -0.149185
v -1.030309 -0.093383 -0.196470
v -1.030309 -0.093383 -0.196470
v -1.006584 -0.024936 -0.115591
v -1.063287 -0.033103 -0.142936
v -1.127002 -0.086134 -0.198203
v -1.063287 -0.033103 -0.142936
v -1.030309 -0.093383 -0.196470
v -0.951095 -0.100059 -0.129365
v -1.030309 -0.093383 -0.196470
v -1.006584 -0.024936 -0.115591
v -0.997581 -0.109733 0.224120
v -0.986223 -0.035108 0.146073
v -0.929724 -0.110736 0.145273
v -0.930907 -0.106346 0.007178
v -1.006584 -0.024936 -0.115591
v -0.997475 -0.025536 0.015499
v -0.951095 -0.100059 -0.129365
v -0.929724 -0.110736 0.145273
v -0.930907 -0.106346 0.007178
v -0.986223 -0.035108 0.146073
v -0.997475 -0.025536 0.015499
v -1.045094 -0.165409 0.179202
v -1.079556 -0.101179 0.126841
v -1.089390 -0.100560 0.115895
v -1.100756 -0.154958 0.179695
v -1.098146 -0.099824 0.090900
v -1.096222 -0.092853 -0.087331
v -1.070647 -0.152644 -0.149185
v -1.104243 -0.093139 -0.074981
v -1.125653 -0.142519 -0.140266
v -1.109029 -0.094387 -0.048953
v -1.089390 -0.100560 0.115895
v -1.093634 -0.048174 0.177754
v -1.098146 -0.099824 0.090900
v -1.117675 -0.036163 -0.131214
v -1.109029 -0.094387 -0.048953
v -1.104243 -0.093139 -0.074981
v -1.005686 -0.179345 0.010159
v -0.951095 -0.100059 -0.129365
v -0.930907 -0.106346 0.007178
v -1.025329 -0.173196 -0.118440
v -1.005686 -0.179345 0.010159
v -0.929724 -0.110736 0.145273
v -1.005193 -0.183255 0.140334
v -0.930907 -0.106346 0.007178
v -1.127002 -0.086134 -0.198203
v -1.070647 -0.152644 -0.149185
v -1.125653 -0.142519 -0.140266
v -1.030309 -0.093383 -0.196470
v -1.025329 -0.173196 -0.118440
v -0.951095 -0.100059 -0.129365
v -1.070647 -0.152644 -0.149185
v -1.092801 -0.103220 0.241322
v -1.045094 -0.165409 0.179202
v -0.997581 -0.109733 0.224120
v -1.100756 -0.154958 0.179695
v -1.005193 -0.183255 0.140334
v -1.045094 -0.165409 0.179202
v -0.929724 -0.110736 0.145273
v -1.089390 -0.100560 0.115895
v -1.045094 -0.165409 0.179202
v -1.100756 -0.154958 0.179695
v -1.098146 -0.099824 0.090900
v -1.170396 -0.096596 0.151473
v -1.104243 -0.093139 -0.074981
v -1.070647 -0.152644 -0.149185
v -1.125653 -0.142519 -0.140266
v -1.109029 -0.094387 -0.048953
v -1.189745 -0.086928 -0.097207
v -1.092801 -0.103220 0.241322
v -1.045094 -0.165409 0.179202
v -0.997581 -0.109733 0.224120
v -1.038070 -0.045701 0.181135
v -0.997581 -0.109733 0.224120
v -0.986223 -0.035108 0.146073
v -1.092801 -0.103220 0.241322
v -1.038070 -0.045701 0.181135
v -0.997581 -0.109733 0.224120
v -1.122803 -0.150326 0.176080
v -1.123623 -0.096873 0.236742
v -1.056781 -0.093057 0.138482
v -1.134558 -0.146840 -0.144855
v -1.139772 -0.092083 -0.204121
v -1.065917 -0.090348 -0.110955
v -1.231767 -0.176484 -0.110885
v -1.190232 -0.156978 -0.147158
v -1.157710 -0.095608 -0.090318
v -1.149840 -0.097941 0.124506
v -1.178167 -0.160557 0.182229
v -1.222259 -0.179304 0.148677
v -1.236617 -0.178995 0.019235
v -1.149840 -0.097941 0.124506
v -1.222259 -0.179304 0.148677
v -1.157978 -0.097414 0.017241
v -1.157710 -0.095608 -0.090318
v -1.236617 -0.178995 0.019235
v -1.231767 -0.176484 -0.110885
v -1.157978 -0.097414 0.017241
v -1.123623 -0.096873 0.236742
v -1.184807 -0.040813 0.181605
v -1.129995 -0.043609 0.171981
v -1.141346 -0.040242 -0.137927
v -1.139772 -0.092083 -0.204121
v -1.196715 -0.037281 -0.143452
v -1.129995 -0.043609 0.171981
v -1.123623 -0.096873 0.236742
v -1.056781 -0.093057 0.138482
v -1.141346 -0.040242 -0.137927
v -1.065917 -0.090348 -0.110955
v -1.139772 -0.092083 -0.204121
v -1.196715 -0.037281 -0.143452
v -1.148332 -0.095586 -0.078960
v -1.141346 -0.040242 -0.137927
v -1.129995 -0.043609 0.171981
v -1.141319 -0.097666 0.112497
v -1.184807 -0.040813 0.181605
v -1.244014 -0.025064 0.021179
v -1.149840 -0.097941 0.124506
v -1.157978 -0.097414 0.017241
v -1.240305 -0.030977 0.152401
v -1.249920 -0.028126 -0.110060
v -1.244014 -0.025064 0.021179
v -1.157710 -0.095608 -0.090318
v -1.157978 -0.097414 0.017241
v -1.140610 -0.096134 -0.053622
v -1.065917 -0.090348 -0.110955
v -1.141346 -0.040242 -0.137927
v -1.135471 -0.097658 0.086656
v -1.129995 -0.043609 0.171981
v -1.056781 -0.093057 0.138482
v -1.184807 -0.040813 0.181605
v -1.141319 -0.097666 0.112497
v -1.240305 -0.030977 0.152401
v -1.249920 -0.028126 -0.110060
v -1.157710 -0.095608 -0.090318
v -1.196715 -0.037281 -0.143452
v -1.123623 -0.096873 0.236742
v -1.178167 -0.160557 0.182229
v -1.220190 -0.103463 0.230698
v -1.220190 -0.103463 0.230698
v -1.240305 -0.030977 0.152401
v -1.184807 -0.040813 0.181605
v -1.123623 -0.096873 0.236742
v -1.184807 -0.040813 0.181605
v -1.220190 -0.103463 0.230698
v -1.296601 -0.106362 0.160160
v -1.220190 -0.103463 0.230698
v -1.240305 -0.030977 0.152401
v -1.235645 -0.098880 -0.191173
v -1.249920 -0.028126 -0.110060
v -1.306692 -0.103369 -0.115315
v -1.311176 -0.105796 0.022762
v -1.240305 -0.030977 0.152401
v -1.244014 -0.025064 0.021179
v -1.296601 -0.106362 0.160160
v -1.306692 -0.103369 -0.115315
v -1.311176 -0.105796 0.022762
v -1.249920 -0.028126 -0.110060
v -1.244014 -0.025064 0.021179
v -1.190232 -0.156978 -0.147158
v -1.157710 -0.095608 -0.090318
v -1.148332 -0.095586 -0.078960
v -1.134558 -0.146840 -0.144855
v -1.140610 -0.096134 -0.053622
v -1.149840 -0.097941 0.124506
v -1.178167 -0.160557 0.182229
v -1.141319 -0.097666 0.112497
v -1.122803 -0.150326 0.176080
v -1.135471 -0.097658 0.086656
v -1.148332 -0.095586 -0.078960
v -1.141346 -0.040242 -0.137927
v -1.140610 -0.096134 -0.053622
v -1.129995 -0.043609 0.171981
v -1.135471 -0.097658 0.086656
v -1.141319 -0.097666 0.112497
v -1.236617 -0.178995 0.019235
v -1.296601 -0.106362 0.160160
v -1.311176 -0.105796 0.022762
v -1.222259 -0.179304 0.148677
v -1.236617 -0.178995 0.019235
v -1.306692 -0.103369 -0.115315
v -1.231767 -0.176484 -0.110885
v -1.311176 -0.105796 0.022762
v -1.123623 -0.096873 0.236742
v -1.178167 -0.160557 0.182229
v -1.122803 -0.150326 0.176080
v -1.220190 -0.103463 0.230698
v -1.222259 -0.179304 0.148677
v -1.296601 -0.106362 0.160160
v -1.178167 -0.160557 0.182229
v -1.139772 -0.092083 -0.204121
v -1.190232 -0.156978 -0.147158
v -1.235645 -0.098880 -0.191173
v -1.134558 -0.146840 -0.144855
v -1.231767 -0.176484 -0.110885
v -1.190232 -0.156978 -0.147158
v -1.306692 -0.103369 -0.115315
v -1.148332 -0.095586 -0.078960
v -1.190232 -0.156978 -0.147158
v -1.134558 -0.146840 -0.144855
v -1.140610 -0.096134 -0.053622
v -1.065917 -0.090348 -0.110955
v -1.141319 -0.097666 0.112497
v -1.178167 -0.160557 0.182229
v -1.122803 -0.150326 0.176080
v -1.135471 -0.097658 0.086656
v -1.056781 -0.093057 0.138482
v -1.139772 -0.092083 -0.204121
v -1.190232 -0.156978 -0.147158
v -1.235645 -0.098880 -0.191173
v -1.196715 -0.037281 -0.143452
v -1.235645 -0.098880 -0.191173
v -1.249920 -0.028126 -0.110060
v -1.139772 -0.092083 -0.204121
v -1.196715 -0.037281 -0.143452
v -1.235645 -0.098880 -0.191173
v -1.051133 0.351219 0.283154
v -1.051133 0.419383 0.268043
v -1.031883 0.347053 0.264359
v -1.031883 0.415217 0.249248
v -1.031883 0.378460 0.083448
v -1.031883 0.310296 0.098560
v -1.031883 0.378460 0.083448
v -1.133833 0.393140 0.149667
v -1.113743 0.397489 0.169282
v -1.164353 0.378460 0.083448
v -1.164353 0.389952 0.135287
v -1.149623 0.393140 0.149667
v -1.031883 0.415217 0.249248
v -1.113743 0.415217 0.249248
v -1.051133 0.419383 0.268043
v -1.094493 0.419383 0.268043
v -1.149623 0.393140 0.149667
v -1.149623 0.324976 0.164779
v -1.133833 0.324976 0.164779
v -1.133833 0.393140 0.149667
v -1.094493 0.419383 0.268043
v -1.094493 0.351219 0.283154
v -1.051133 0.351219 0.283154
v -1.051133 0.419383 0.268043
v -1.164353 0.310296 0.098560
v -1.164353 0.389952 0.135287
v -1.164353 0.378460 0.083448
v -1.164353 0.321788 0.150398
v -1.149623 0.393140 0.149667
v -1.149623 0.324976 0.164779
v -1.133833 0.324976 0.164779
v -1.133833 0.393140 0.149667
v -1.113743 0.329325 0.184394
v -1.113743 0.397489 0.169282
v -1.113743 0.347053 0.264359
v -1.113743 0.415217 0.249248
v -1.094493 0.419383 0.268043
v -1.094493 0.351219 0.283154
v -1.031883 0.310296 0.098560
v -1.031883 0.347053 0.264359
v -1.113743 0.329325 0.184394
v -1.113743 0.347053 0.264359
v -1.094493 0.351219 0.283154
v -1.051133 0.351219 0.283154
v -1.133833 0.324976 0.164779
v -1.164353 0.310296 0.098560
v -1.164353 0.321788 0.150398
v -1.149623 0.324976 0.164779
v -1.031883 0.378460 0.083448
v -1.164353 0.310296 0.098560
v -1.164353 0.378460 0.083448
v -1.031883 0.310296 0.098560
v 0.884808 0.464733 -0.100236
v 0.884808 0.383068 0.138413
v 0.884808 0.383068 -0.149741
v 0.884808 0.464733 0.088908
v 0.496132 0.256938 -0.138854
v 0.496132 0.256938 0.127526
v 0.496132 0.175273 -0.138854
v 0.496132 0.175273 0.127526
v -0.284036 0.387673 0.006809
v -0.284036 0.387673 0.090497
v -0.284036 0.306008 0.006809
v -0.284036 0.306008 0.097066
v -0.284036 0.346841 0.110548
v -0.568667 0.517419 0.051079
v -0.549017 0.488836 -0.077259
v -0.568667 0.517419 -0.062407
v -0.549017 0.488836 0.065931
v -0.549017 0.488836 -0.077259
v -0.568667 0.460254 0.080782
v -0.568667 0.460254 -0.092110
v -0.549017 0.488836 0.065931
v -0.830300 0.517419 0.051079
v -0.810650 0.488836 -0.077259
v -0.830300 0.517419 -0.062407
v -0.810650 0.488836 0.065931
v -0.810650 0.488836 -0.077259
v -0.830300 0.460254 0.080782
v -0.830300 0.460254 -0.092110
v -0.810650 0.488836 0.065931
v -0.568667 0.517419 -0.062407
v -0.765170 0.517419 -0.062407
v -0.765170 0.517419 0.051079
v -0.568667 0.517419 0.051079
v -0.830300 0.517419 -0.062407
v -1.026803 0.517419 -0.062407
v -1.026803 0.517419 0.051079
v -0.830300 0.517419 0.051079
v 0.884808 0.464733 -0.100236
v 0.383308 0.464733 -0.100236
v 0.383308 0.464733 0.088908
v 0.884808 0.464733 0.088908
v -0.284036 0.387673 0.006809
v -1.175153 0.387673 0.006809
v -1.175153 0.387673 0.090497
v -0.284036 0.387673 0.090497
v 0.496132 0.256938 -0.138854
v 0.267361 0.256938 -0.138854
v 0.267361 0.256938 0.127526
v 0.496132 0.256938 0.127526
v 0.496132 0.256938 0.127526
v 0.267361 0.256938 0.127526
v 0.496132 0.175273 0.127526
v 0.267361 0.175273 0.127526
v 0.884808 0.464733 0.088908
v 0.383308 0.464733 0.088908
v 0.884808 0.383068 0.138413
v 0.383308 0.383068 0.138413
v -0.765170 0.460254 0.080782
v -0.568667 0.517419 0.051079
v -0.765170 0.517419 0.051079
v -0.784820 0.488836 0.065931
v -0.568667 0.460254 0.080782
v -0.549017 0.488836 0.065931
v -1.026803 0.460254 0.080782
v -0.830300 0.517419 0.051079
v -1.026803 0.517419 0.051079
v -1.046453 0.488836 0.065931
v -0.830300 0.460254 0.080782
v -0.810650 0.488836 0.065931
v -0.284036 0.387673 0.090497
v -1.175153 0.387673 0.090497
v -0.284036 0.346841 0.110548
v -1.175153 0.346841 0.110548
v -0.284036 0.306008 0.097066
v -1.175153 0.306008 0.097066
v -1.175153 0.306008 0.006809
v -1.175153 0.387673 0.090497
v -1.175153 0.387673 0.006809
v -1.175153 0.306008 0.097066
v -1.175153 0.346841 0.110548
v -1.046453 0.488836 -0.077259
v -1.026803 0.517419 0.051079
v -1.026803 0.517419 -0.062407
v -1.046453 0.488836 0.065931
v -1.026803 0.460254 -0.092110
v -1.026803 0.460254 0.080782
v -1.046453 0.488836 -0.077259
v -1.046453 0.488836 0.065931
v -0.784820 0.488836 -0.077259
v -0.765170 0.517419 0.051079
v -0.765170 0.517419 -0.062407
v -0.784820 0.488836 0.065931
v -0.765170 0.460254 -0.092110
v -0.765170 0.460254 0.080782
v -0.784820 0.488836 -0.077259
v -0.784820 0.488836 0.065931
v 0.267361 0.175273 -0.138854
v 0.267361 0.175273 0.127526
v 0.267361 0.256938 -0.138854
v 0.267361 0.256938 0.127526
v 0.383308 0.383068 -0.149741
v 0.383308 0.464733 0.088908
v 0.383308 0.464733 -0.100236
v 0.383308 0.383068 0.138413
v 0.267361 0.175273 -0.138854
v 0.496132 0.175273 -0.138854
v 0.496132 0.175273 0.127526
v 0.267361 0.175273 0.127526
v -1.175153 0.306008 0.006809
v -0.284036 0.306008 0.006809
v -0.284036 0.306008 0.097066
v -1.175153 0.306008 0.097066
v 0.383308 0.383068 -0.149741
v 0.884808 0.383068 -0.149741
v 0.884808 0.383068 0.138413
v 0.383308 0.383068 0.138413
v -0.765170 0.460254 -0.092110
v -0.568667 0.460254 -0.092110
v -0.568667 0.460254 0.080782
v -0.765170 0.460254 0.080782
v -1.026803 0.460254 -0.092110
v -0.830300 0.460254 -0.092110
v -0.830300 0.460254 0.080782
v -1.026803 0.460254 0.080782
v 0.496132 0.256938 -0.138854
v 0.267361 0.175273 -0.138854
v 0.267361 0.256938 -0.138854
v 0.496132 0.175273 -0.138854
v 0.884808 0.464733 -0.100236
v 0.383308 0.383068 -0.149741
v 0.383308 0.464733 -0.100236
v 0.884808 0.383068 -0.149741
v -0.765170 0.517419 -0.062407
v -0.765170 0.460254 -0.092110
v -0.784820 0.488836 -0.077259
v -0.568667 0.460254 -0.092110
v -0.568667 0.517419 -0.062407
v -0.549017 0.488836 -0.077259
v -1.026803 0.517419 -0.062407
v -1.026803 0.460254 -0.092110
v -1.046453 0.488836 -0.077259
v -0.830300 0.460254 -0.092110
v -0.830300 0.517419 -0.062407
v -0.810650 0.488836 -0.077259
v -0.284036 0.387673 0.006809
v -1.175153 0.306008 0.006809
v -1.175153 0.387673 0.006809
v -0.284036 0.306008 0.006809
v 1.529747 0.521255 -0.073728
v 1.638987 0.359486 0.165776
v 1.638987 0.359486 -0.176372
v 1.529747 0.521255 0.063132
v 1.638987 0.283548 0.131561
v 1.638987 0.283548 -0.142157
v 1.556907 -0.300877 0.131561
v 1.556907 -0.300877 -0.142157
v 1.554327 -0.358490 0.131561
v 1.554327 -0.358490 -0.142157
v 1.546527 -0.415110 0.131561
v 1.546527 -0.415110 -0.142157
v 1.529747 0.521255 -0.073728
v 1.438837 0.521255 -0.073728
v 1.438837 0.521255 0.063132
v 1.529747 0.521255 0.063132
v 1.546527 -0.415110 0.131561
v 1.455617 -0.415110 0.131561
v 1.463417 -0.358490 0.131561
v 1.554327 -0.358490 0.131561
v 1.465997 -0.300877 0.131561
v 1.556907 -0.300877 0.131561
v 1.548077 0.283548 0.131561
v 1.438837 0.521255 0.063132
v 1.638987 0.283548 0.131561
v 1.529747 0.521255 0.063132
v 1.638987 0.359486 0.165776
v 1.548077 0.359486 0.165776
v 1.438837 0.521255 -0.073728
v 1.548077 0.359486 0.165776
v 1.438837 0.521255 0.063132
v 1.548077 0.359486 -0.176372
v 1.548077 0.283548 0.131561
v 1.548077 0.283548 -0.142157
v 1.465997 -0.300877 0.131561
v 1.465997 -0.300877 -0.142157
v 1.463417 -0.358490 0.131561
v 1.463417 -0.358490 -0.142157
v 1.455617 -0.415110 0.131561
v 1.455617 -0.415110 -0.142157
v 1.546527 -0.415110 -0.142157
v 1.455617 -0.415110 -0.142157
v 1.546527 -0.415110 0.131561
v 1.455617 -0.415110 0.131561
v 1.463417 -0.358490 -0.142157
v 1.554327 -0.358490 -0.142157
v 1.546527 -0.415110 -0.142157
v 1.465997 -0.300877 -0.142157
v 1.455617 -0.415110 -0.142157
v 1.556907 -0.300877 -0.142157
v 1.548077 0.283548 -0.142157
v 1.638987 0.283548 -0.142157
v 1.548077 0.359486 -0.176372
v 1.638987 0.359486 -0.176372
v 1.529747 0.521255 -0.073728
v 1.438837 0.521255 -0.073728
v -0.070114 0.346878 -0.146800
v -0.070114 0.346878 0.135472
v -0.070114 0.273722 -0.118573
v -0.070114 0.273722 0.107245
v -0.070114 0.495840 -0.063615
v -0.070114 0.495840 0.052287
v 0.226561 0.550028 0.014154
v 0.226560 0.550028 0.026993
v 0.267553 0.554673 0.030467
v 0.267553 0.554673 -0.041795
v 0.306514 0.495840 0.052287
v 0.306514 0.495840 -0.063615
v -0.980823 0.550028 -0.037651
v -0.980823 0.550028 -0.024812
v -1.065983 0.082436 0.034570
v -1.065983 0.174455 0.034570
v -1.049453 0.082436 -0.005329
v -1.049453 0.174455 -0.005329
v -1.065983 0.082436 -0.045228
v -1.065983 0.174455 -0.045228
v -1.065183 0.547792 -0.031320
v -1.065183 0.547792 0.020662
v -1.175153 0.306039 0.014706
v -1.175153 0.387703 0.112674
v -1.175153 0.306039 0.119714
v -1.175153 0.346878 0.135472
v -1.175153 0.387703 0.014706
v -2.017473 0.342490 -0.057711
v -2.017473 0.342490 0.047054
v -2.017473 0.320792 -0.005329
v -2.017473 0.447255 -0.057712
v -2.017473 0.394872 -0.079410
v -2.017473 0.447255 0.047054
v -2.017473 0.394872 0.068752
v -2.017473 0.468953 -0.005329
v -2.289733 0.357439 0.032104
v -2.050273 0.357439 0.032104
v -2.289733 0.341934 -0.005329
v -2.050273 0.341934 -0.005329
v -2.289733 0.357439 -0.042762
v -2.050273 0.357439 -0.042762
v -2.027493 0.435221 -0.045678
v -1.276333 0.451934 -0.005329
v -1.276333 0.435221 -0.045678
v -2.027493 0.451934 -0.005329
v -1.276333 0.435221 0.035020
v -2.027493 0.435221 0.035020
v -2.017473 0.447255 0.047054
v -2.289733 0.447255 0.047054
v -2.017473 0.468953 -0.005329
v -2.289733 0.468953 -0.005329
v -2.017473 0.447255 -0.057712
v -2.289733 0.447255 -0.057712
v -1.183583 0.554673 -0.041795
v -1.300463 0.495840 -0.063615
v -1.300463 0.495840 0.052287
v -1.183583 0.554673 0.030467
v -0.070114 0.554673 0.030467
v -0.070114 0.554673 -0.041795
v 0.267553 0.554673 0.030467
v 0.267553 0.554673 -0.041795
v -1.175153 0.306039 0.014706
v -0.284035 0.306039 0.119714
v -0.284035 0.306039 0.014706
v -1.175153 0.306039 0.119714
v -1.320303 0.273722 -0.131118
v -0.989605 0.273722 0.119790
v -0.989605 0.273722 -0.131118
v -1.320303 0.273722 0.119790
v -2.289733 0.357439 -0.042762
v -2.050273 0.432306 -0.042762
v -2.289733 0.432306 -0.042762
v -2.050273 0.357439 -0.042762
v -2.289733 0.394872 -0.058268
v -2.050273 0.394872 -0.058268
v -0.989605 0.273722 0.119790
v -1.255363 0.167846 0.119790
v -0.989605 0.167846 0.119790
v -1.320303 0.273722 0.119790
v -1.300463 0.346878 0.135472
v -1.175153 0.306039 0.119714
v -1.175153 0.346878 0.135472
v -1.175153 0.387703 0.112674
v -1.300463 0.273722 0.107245
v -1.300463 0.495840 0.052287
v -0.284035 0.306039 0.119714
v -0.070114 0.273722 0.107245
v -0.070114 0.346878 0.135472
v -0.284035 0.346878 0.135472
v -0.284035 0.387703 0.112674
v -0.070114 0.495840 0.052287
v -1.183583 0.554673 0.030467
v -0.070114 0.554673 0.030467
v 0.267553 0.554673 0.030467
v 0.306514 0.495840 0.052287
v 0.226560 0.550028 0.026993
v 0.070855 0.550028 0.026993
v 0.152059 0.548014 0.020663
v 0.180984 0.548014 0.020663
v -1.175153 0.306039 0.014706
v -0.284035 0.306039 0.014706
v -0.284035 0.387703 0.014706
v -1.175153 0.387703 0.014706
v -1.276333 0.435221 0.035020
v -2.027493 0.435221 0.035020
v -1.276333 0.394872 0.051733
v -2.027493 0.394872 0.051733
v -1.276333 0.354524 0.035020
v -2.027493 0.354524 0.035020
v -2.289733 0.342490 0.047054
v -2.017473 0.342490 0.047054
v -2.017473 0.394872 0.068752
v -2.289733 0.394872 0.068752
v -2.017473 0.447255 0.047054
v -2.289733 0.447255 0.047054
v -1.136523 0.550028 -0.024812
v -0.980823 0.550028 -0.024812
v -1.095313 0.547792 0.020662
v -1.065183 0.547792 0.020662
v -1.145783 0.174455 0.034570
v -1.145783 0.082436 0.034570
v -1.105883 0.082436 0.051097
v -1.105883 0.174455 0.051097
v -1.065983 0.082436 0.034570
v -1.065983 0.174455 0.034570
v -2.289733 0.468953 -0.005329
v -2.289733 0.432306 0.032104
v -2.289733 0.447255 0.047054
v -2.289733 0.447811 -0.005329
v -2.289733 0.394872 0.047610
v -2.289733 0.432306 -0.042762
v -2.289733 0.394872 0.068752
v -2.289733 0.447255 -0.057712
v -2.289733 0.342490 0.047054
v -2.289733 0.394872 -0.058268
v -2.289733 0.357439 0.032104
v -2.289733 0.394872 -0.079410
v -2.289733 0.320792 -0.005329
v -2.289733 0.342490 -0.057712
v -2.289733 0.341934 -0.005329
v -2.289733 0.357439 -0.042762
v -2.050273 0.432306 0.032104
v -2.050273 0.394872 0.047610
v -2.050273 0.447811 -0.005329
v -2.050273 0.357439 0.032104
v -2.050273 0.341934 -0.005329
v -2.050273 0.432306 -0.042762
v -2.050273 0.357439 -0.042762
v -2.050273 0.394872 -0.058268
v -1.255363 0.167846 -0.131118
v -1.320303 0.273722 0.119790
v -1.320303 0.273722 -0.131118
v -1.255363 0.167846 0.119790
v -1.136523 0.550028 0.014154
v -1.136523 0.550028 0.026993
v -1.136523 0.550028 -0.037650
v -1.136523 0.550028 -0.024812
v -1.095313 0.547792 -0.031320
v -1.095313 0.547792 0.020662
v -1.300463 0.495840 -0.063615
v -1.300463 0.495840 0.052287
v -1.300463 0.346878 0.135472
v -1.300463 0.346878 -0.146800
v -1.300463 0.273722 -0.118573
v -1.300463 0.273722 0.107245
v -1.145783 0.174455 0.034570
v -1.145783 0.082436 0.034570
v -1.162303 0.174455 -0.005328
v -1.162303 0.082436 -0.005328
v -1.145783 0.174455 -0.045227
v -1.145783 0.082436 -0.045227
v -0.284035 0.306039 0.014706
v -0.284035 0.387703 0.112674
v -0.284035 0.387703 0.014706
v -0.284035 0.306039 0.119714
v -0.284035 0.346878 0.135472
v -2.050273 0.432306 0.032104
v -2.289733 0.432306 0.032104
v -2.050273 0.447811 -0.005329
v -2.289733 0.447811 -0.005329
v -2.050273 0.432306 -0.042762
v -2.289733 0.432306 -0.042762
v -0.070114 0.495840 -0.063615
v -0.070114 0.495840 0.052287
v 0.306514 0.495840 -0.063615
v 0.306514 0.495840 0.052287
v -1.255363 0.167846 -0.131118
v -0.989605 0.167846 -0.131118
v -1.255363 0.167846 0.119790
v -0.989605 0.167846 0.119790
v -0.070114 0.273722 0.107245
v -1.300463 0.273722 0.107245
v -0.070114 0.273722 -0.118573
v -1.300463 0.273722 -0.118573
v -1.175153 0.387703 0.014706
v -0.284035 0.387703 0.014706
v -0.284035 0.387703 0.112674
v -1.175153 0.387703 0.112674
v -2.027493 0.354524 -0.045677
v -1.276333 0.354524 -0.045678
v -2.027493 0.337811 -0.005328
v -1.276333 0.354524 0.035020
v -1.276333 0.337811 -0.005329
v -2.027493 0.354524 0.035020
v -2.289733 0.342490 0.047054
v -2.017473 0.342490 0.047054
v -2.289733 0.320792 -0.005329
v -2.017473 0.320792 -0.005329
v -2.289733 0.342490 -0.057712
v -2.017473 0.342490 -0.057711
v 0.180984 0.548014 0.020663
v 0.152059 0.548014 0.020663
v -1.095313 0.547792 0.020662
v -1.065183 0.547792 0.020662
v -1.095313 0.547792 -0.031320
v -1.065183 0.547792 -0.031320
v -2.050273 0.432306 0.032104
v -2.289733 0.394872 0.047610
v -2.289733 0.432306 0.032104
v -2.050273 0.394872 0.047610
v -2.289733 0.357439 0.032104
v -2.050273 0.357439 0.032104
v -0.989605 0.167846 -0.131118
v -1.255363 0.167846 -0.131118
v -0.989605 0.273722 -0.131118
v -1.320303 0.273722 -0.131118
v 0.267553 0.554673 -0.041795
v -0.070114 0.495840 -0.063615
v -0.070114 0.554673 -0.041795
v 0.306514 0.495840 -0.063615
v -1.183583 0.554673 -0.041795
v -1.300463 0.495840 -0.063615
v -1.300463 0.346878 -0.146800
v -0.070114 0.346878 -0.146800
v -1.300463 0.273722 -0.118573
v -0.070114 0.273722 -0.118573
v -0.980823 0.550028 -0.037651
v -1.136523 0.550028 -0.037650
v -2.027493 0.435221 -0.045678
v -1.276333 0.435221 -0.045678
v -2.027493 0.394872 -0.062391
v -1.276333 0.394872 -0.062391
v -2.027493 0.354524 -0.045677
v -1.276333 0.354524 -0.045678
v -2.289733 0.342490 -0.057712
v -2.017473 0.342490 -0.057711
v -2.289733 0.394872 -0.079410
v -2.017473 0.394872 -0.079410
v -2.017473 0.447255 -0.057712
v -2.289733 0.447255 -0.057712
v -0.980823 0.550028 0.014154
v -1.136523 0.550028 0.014154
v -1.095313 0.547792 -0.031320
v -1.065183 0.547792 -0.031320
v -1.145783 0.174455 -0.045227
v -1.145783 0.082436 -0.045227
v -1.105883 0.174455 -0.061755
v -1.105883 0.082436 -0.061755
v -1.065983 0.082436 -0.045228
v -1.065983 0.174455 -0.045228
v 1.492617 0.502710 0.057063
v 1.601857 0.346864 -0.162482
v 1.492617 0.502710 -0.068391
v 1.601857 0.346864 0.151154
v 1.601857 0.273708 0.119790
v 1.601857 0.273708 -0.131118
v 1.519777 -0.289316 0.119790
v 1.519776 -0.289317 -0.131118
v 1.517197 -0.344819 0.119790
v 1.517197 -0.344820 -0.131118
v 1.509407 -0.399365 0.119790
v 1.509407 -0.399365 -0.131118
v 0.801352 -0.118056 0.119790
v 0.801352 -0.118056 -0.131118
v 0.826011 -0.029573 -0.131118
v 0.826011 -0.029573 0.119790
v -1.030043 0.082314 -0.070265
v -1.066243 -0.138468 -0.070265
v -1.002703 0.051573 -0.029372
v -1.066243 -0.138468 0.059607
v -1.030043 0.082314 0.059607
v -1.002703 0.051573 0.018714
v -1.025063 -0.138468 0.018714
v -0.999086 -0.268340 0.018714
v -0.999086 -0.398211 0.018714
v -0.999086 -0.515095 0.018714
v -0.999086 -0.398211 -0.029372
v -0.999086 -0.515095 -0.029372
v -0.999086 -0.268340 -0.029372
v -1.025063 -0.138468 -0.029372
v -0.181793 0.102896 0.119790
v -0.181793 0.102896 -0.131118
v -0.173191 0.049076 0.119790
v -0.173191 0.049076 -0.131118
v -0.058781 -0.270930 0.119790
v -0.058781 -0.270930 -0.131118
v -0.058781 -0.341469 0.119790
v -0.058781 -0.341469 -0.131118
v -0.690756 0.113308 0.119790
v -0.690756 0.113308 -0.131118
v -0.636956 0.170074 -0.131118
v -0.690756 0.048372 0.119790
v -0.636956 0.170074 0.119790
v -0.690756 0.048372 -0.131118
v -0.468321 -0.281839 0.119790
v -0.468321 -0.281839 -0.131118
v -1.030043 0.082314 -0.070265
v -1.030043 0.082314 0.059607
v -1.002703 0.051573 0.018714
v -1.002703 0.051573 -0.029372
v -0.225950 0.502710 0.057063
v 1.492617 0.502710 0.057063
v -0.225950 0.502710 -0.068391
v 1.492617 0.502710 -0.068391
v -0.989595 0.273708 0.119790
v -0.225950 0.273708 0.119790
v -0.989595 0.273708 -0.131118
v -0.225950 0.273708 -0.131118
v -0.468321 -0.281839 0.119790
v -0.468321 -0.281839 -0.131118
v -0.331803 -0.280393 0.119790
v -0.331803 -0.280393 -0.131118
v -1.165463 0.082314 0.059607
v -1.165463 0.082314 -0.070265
v -1.206883 0.082314 -0.029372
v -1.206883 0.082314 0.018714
v -1.030043 0.082314 -0.070265
v -1.030043 0.082314 0.059607
v -1.206883 0.082314 0.018714
v -1.206883 -0.138468 0.018714
v -1.165463 0.082314 0.059607
v -1.165443 -0.138468 0.059607
v -1.066243 -0.138468 0.059607
v -1.030043 0.082314 0.059607
v -1.178373 -0.268340 0.059607
v -1.002703 0.051573 0.018714
v -1.025063 -0.138468 0.018714
v -1.219863 -0.268340 0.018714
v -1.206883 -0.398211 0.018714
v -1.040253 -0.268340 0.059607
v -1.165293 -0.398211 0.059607
v -0.999086 -0.268340 0.018714
v -1.204203 -0.515095 0.059607
v -1.245843 -0.515095 0.018714
v -1.040213 -0.515095 0.059607
v -1.040223 -0.398211 0.059607
v -0.999086 -0.398211 0.018714
v -0.999086 -0.515095 0.018714
v -0.225950 0.273708 0.119790
v -0.181793 0.102896 0.119790
v -0.056657 0.167832 0.119790
v 0.350681 0.102896 0.119790
v -0.398901 0.171604 0.119790
v -0.398901 0.049076 0.119790
v -0.173191 0.049076 0.119790
v -0.280189 -0.223617 0.119790
v -0.058781 -0.270930 0.119790
v -0.058781 -0.341469 0.119790
v -0.331803 -0.280393 0.119790
v -0.445023 -0.341469 0.119790
v -0.468321 -0.281839 0.119790
v -0.563175 -0.283929 0.119790
v -0.690756 0.048372 0.119790
v -0.779070 0.046842 0.119790
v -0.690756 0.113308 0.119790
v -0.896349 0.168545 0.119790
v -0.636956 0.170074 0.119790
v -0.989595 0.273708 0.119790
v -0.989595 0.167832 0.119790
v 1.601857 0.346864 0.151154
v -0.225950 0.346864 0.151154
v 1.492617 0.502710 0.057063
v -0.225950 0.502710 0.057063
v 1.601857 0.273708 0.119790
v 0.826011 -0.029573 0.119790
v 0.388360 -0.008964 0.119790
v 0.801352 -0.118056 0.119790
v 1.215627 -0.289316 0.119790
v 1.519777 -0.289316 0.119790
v 1.517197 -0.344819 0.119790
v 1.509407 -0.399365 0.119790
v 1.161077 -0.399365 0.119790
v 1.161077 -0.344819 0.119790
v -0.225950 0.273708 0.119790
v -0.225950 0.273708 -0.131118
v -0.225950 0.502710 -0.068391
v -0.225950 0.346864 -0.162482
v -0.225950 0.502710 0.057063
v -0.225950 0.346864 0.151154
v -1.206883 -0.138468 -0.029372
v -1.206883 0.082314 -0.029372
v -1.206883 0.082314 0.018714
v -1.206883 -0.138468 0.018714
v -1.219863 -0.268340 0.018714
v -1.219863 -0.268340 -0.029372
v -1.206883 -0.398211 0.018714
v -1.206883 -0.398211 -0.029372
v -1.245843 -0.515095 0.018714
v -1.245843 -0.515095 -0.029372
v -0.563175 -0.283929 -0.131118
v -0.563175 -0.283929 0.119790
v -0.761698 0.020868 -0.131118
v -0.779070 0.046842 0.119790
v -0.779070 0.046842 -0.131118
v -0.896349 0.168545 0.119790
v -0.896349 0.168545 -0.131118
v -0.331803 -0.280393 0.119790
v -0.331803 -0.280393 -0.131118
v -0.280189 -0.223617 0.119790
v -0.280189 -0.223617 -0.131118
v -0.398901 0.049076 0.119790
v -0.398901 0.049076 -0.131118
v -0.398901 0.171604 0.119790
v -0.398901 0.171604 -0.131118
v 0.388360 -0.008964 -0.131118
v 0.350681 0.102896 0.119790
v 0.350681 0.102896 -0.131118
v 0.388360 -0.008964 0.119790
v 1.161077 -0.344820 -0.131118
v 1.215627 -0.289316 0.119790
v 1.215627 -0.289317 -0.131118
v 1.161077 -0.344819 0.119790
v 1.161077 -0.399365 -0.131118
v 1.161077 -0.399365 0.119790
v 1.509407 -0.399365 0.119790
v 1.509407 -0.399365 -0.131118
v 1.161077 -0.399365 -0.131118
v 1.161077 -0.399365 0.119790
v -1.204203 -0.515095 -0.070265
v -1.040213 -0.515095 0.059607
v -1.204203 -0.515095 0.059607
v -1.245843 -0.515095 0.018714
v -1.245843 -0.515095 -0.029372
v -1.040213 -0.515095 -0.070265
v -0.999086 -0.515095 0.018714
v -0.999086 -0.515095 -0.029372
v -0.563175 -0.283929 -0.131118
v -0.563175 -0.283929 0.119790
v -0.445023 -0.341469 -0.131118
v -0.445023 -0.341469 0.119790
v -0.058781 -0.341469 -0.131118
v -0.058781 -0.341469 0.119790
v -0.181793 0.102896 0.119790
v -0.181793 0.102896 -0.131118
v -0.056657 0.167832 -0.131118
v -0.056657 0.167832 0.119790
v 0.350681 0.102896 -0.131118
v 0.350681 0.102896 0.119790
v -0.636956 0.170074 -0.131118
v -0.636956 0.170074 0.119790
v -0.398901 0.171604 -0.131118
v -0.398901 0.171604 0.119790
v 0.388360 -0.008964 -0.131118
v 0.801352 -0.118056 -0.131118
v 0.388360 -0.008964 0.119790
v 0.801352 -0.118056 0.119790
v -0.989595 0.167832 0.119790
v -0.989595 0.167832 -0.131118
v -0.896349 0.168545 -0.131118
v -0.896349 0.168545 0.119790
v 0.826011 -0.029573 -0.131118
v 1.215627 -0.289317 -0.131118
v 0.826011 -0.029573 0.119790
v 1.215627 -0.289316 0.119790
v -1.030043 0.082314 -0.070265
v -1.066243 -0.138468 -0.070265
v -1.165463 0.082314 -0.070265
v -1.002703 0.051573 -0.029372
v -1.165443 -0.138468 -0.070265
v -1.206883 -0.138468 -0.029372
v -1.206883 0.082314 -0.029372
v -1.178373 -0.268340 -0.070265
v -1.219863 -0.268340 -0.029372
v -1.206883 -0.398211 -0.029372
v -1.245843 -0.515095 -0.029372
v -1.204203 -0.515095 -0.070265
v -1.165293 -0.398211 -0.070265
v -1.040213 -0.515095 -0.070265
v -0.999086 -0.398211 -0.029372
v -0.999086 -0.515095 -0.029372
v -0.999086 -0.268340 -0.029372
v -1.040223 -0.398211 -0.070265
v -1.040253 -0.268340 -0.070265
v -1.025063 -0.138468 -0.029372
v 1.492617 0.502710 -0.068391
v -0.225950 0.346864 -0.162482
v -0.225950 0.502710 -0.068391
v 1.601857 0.346864 -0.162482
v -0.225950 0.273708 -0.131118
v 1.601857 0.273708 -0.131118
v 0.350681 0.102896 -0.131118
v 0.826011 -0.029573 -0.131118
v 0.388360 -0.008964 -0.131118
v 0.801352 -0.118056 -0.131118
v -0.056657 0.167832 -0.131118
v 1.215627 -0.289317 -0.131118
v -0.181793 0.102896 -0.131118
v 1.519776 -0.289317 -0.131118
v 1.517197 -0.344820 -0.131118
v 1.509407 -0.399365 -0.131118
v 1.161077 -0.399365 -0.131118
v 1.161077 -0.344820 -0.131118
v -0.398901 0.171604 -0.131118
v -0.398901 0.049076 -0.131118
v -0.636956 0.170074 -0.131118
v -0.173191 0.049076 -0.131118
v -0.989595 0.273708 -0.131118
v -0.280189 -0.223617 -0.131118
v -0.058781 -0.270930 -0.131118
v -0.058781 -0.341469 -0.131118
v -0.331803 -0.280393 -0.131118
v -0.445023 -0.341469 -0.131118
v -0.468321 -0.281839 -0.131118
v -0.563175 -0.283929 -0.131118
v -0.690756 0.048372 -0.131118
v -0.761698 0.020868 -0.131118
v -0.779070 0.046842 -0.131118
v -0.690756 0.113308 -0.131118
v -0.896349 0.168545 -0.131118
v -0.989595 0.167832 -0.131118
v 1.475457 0.071872 0.125258
v 1.475457 0.071872 -0.136586
v 1.486207 0.045915 0.125258
v 1.486207 0.045915 -0.136586
v 1.475457 0.019958 0.125258
v 1.475457 0.019958 -0.136586
v 0.774150 -0.006052 0.125258
v 0.774150 -0.006052 -0.136586
v 0.784901 -0.032008 0.125258
v 0.784901 -0.032008 -0.136586
v 0.774150 -0.057965 0.125258
v 0.774150 -0.057965 -0.136586
v 1.436497 -0.317743 0.125258
v 1.436497 -0.317743 -0.136586
v 1.447247 -0.343700 0.125258
v 1.447247 -0.343700 -0.136586
v 1.436497 -0.369657 0.125258
v 1.436497 -0.369657 -0.136586
v 1.423547 0.071872 -0.136586
v 1.449497 0.082623 0.125258
v 1.449497 0.082623 -0.136586
v 1.475457 0.071872 0.125258
v 1.423547 0.071872 0.125258
v 1.475457 0.071872 -0.136586
v 0.722236 -0.006052 -0.136586
v 0.748193 0.004700 0.125258
v 0.748193 0.004700 -0.136586
v 0.774150 -0.006052 0.125258
v 0.722236 -0.006052 0.125258
v 0.774150 -0.006052 -0.136586
v 1.384577 -0.317743 -0.136586
v 1.410537 -0.306992 0.125258
v 1.410537 -0.306992 -0.136586
v 1.436497 -0.317743 0.125258
v 1.384577 -0.317743 0.125258
v 1.436497 -0.317743 -0.136586
v 1.384577 -0.369657 0.125258
v 1.410537 -0.306992 0.125258
v 1.373827 -0.343700 0.125258
v 1.384577 -0.317743 0.125258
v 1.447247 -0.343700 0.125258
v 1.436497 -0.317743 0.125258
v 1.410537 -0.380409 0.125258
v 1.436497 -0.369657 0.125258
v 0.722236 -0.057965 0.125258
v 0.722236 -0.006052 0.125258
v 0.711484 -0.032008 0.125258
v 0.784901 -0.032008 0.125258
v 0.748193 0.004700 0.125258
v 0.774150 -0.006052 0.125258
v 0.748193 -0.068717 0.125258
v 0.774150 -0.057965 0.125258
v 1.423547 0.019958 0.125258
v 1.449497 0.082623 0.125258
v 1.412787 0.045915 0.125258
v 1.423547 0.071872 0.125258
v 1.475457 0.019958 0.125258
v 1.449497 0.009206 0.125258
v 1.486207 0.045915 0.125258
v 1.475457 0.071872 0.125258
v 1.423547 0.071872 -0.136586
v 1.423547 0.071872 0.125258
v 1.412787 0.045915 -0.136586
v 1.412787 0.045915 0.125258
v 1.423547 0.019958 -0.136586
v 1.423547 0.019958 0.125258
v 0.722236 -0.006052 -0.136586
v 0.722236 -0.006052 0.125258
v 0.711484 -0.032008 -0.136586
v 0.711484 -0.032008 0.125258
v 0.722236 -0.057965 -0.136586
v 0.722236 -0.057965 0.125258
v 1.384577 -0.317743 -0.136586
v 1.384577 -0.317743 0.125258
v 1.373827 -0.343700 -0.136586
v 1.373827 -0.343700 0.125258
v 1.384576 -0.369657 -0.136586
v 1.384577 -0.369657 0.125258
v 1.423547 0.019958 -0.136586
v 1.475457 0.019958 0.125258
v 1.423547 0.019958 0.125258
v 1.475457 0.019958 -0.136586
v 1.449497 0.009206 -0.136586
v 1.449497 0.009206 0.125258
v 0.722236 -0.057965 -0.136586
v 0.774150 -0.057965 0.125258
v 0.722236 -0.057965 0.125258
v 0.774150 -0.057965 -0.136586
v 0.748193 -0.068717 -0.136586
v 0.748193 -0.068717 0.125258
v 1.384576 -0.369657 -0.136586
v 1.436497 -0.369657 0.125258
v 1.384577 -0.369657 0.125258
v 1.436497 -0.369657 -0.136586
v 1.410537 -0.380409 -0.136586
v 1.410537 -0.380409 0.125258
v 1.447247 -0.343700 -0.136586
v 1.410537 -0.306992 -0.136586
v 1.436497 -0.317743 -0.136586
v 1.373827 -0.343700 -0.136586
v 1.384577 -0.317743 -0.136586
v 1.384576 -0.369657 -0.136586
v 1.410537 -0.380409 -0.136586
v 1.436497 -0.369657 -0.136586
v 0.784901 -0.032008 -0.136586
v 0.748193 0.004700 -0.136586
v 0.774150 -0.006052 -0.136586
v 0.722236 -0.006052 -0.136586
v 0.722236 -0.057965 -0.136586
v 0.711484 -0.032008 -0.136586
v 0.748193 -0.068717 -0.136586
v 0.774150 -0.057965 -0.136586
v 1.486207 0.045915 -0.136586
v 1.449497 0.082623 -0.136586
v 1.475457 0.071872 -0.136586
v 1.475457 0.019958 -0.136586
v 1.423547 0.019958 -0.136586
v 1.449497 0.009206 -0.136586
v 1.412787 0.045915 -0.136586
v 1.423547 0.071872 -0.136586
v -0.450349 0.140120 -0.168023
v -0.519044 0.100271 -0.205049
v -0.439293 0.112651 -0.133154
v -0.518658 0.050332 -0.141039
v -0.450349 0.140120 0.147870
v -0.519044 0.100271 0.184897
v -0.439293 0.112651 0.113002
v -0.518658 0.050332 0.120887
v -0.519443 0.180381 -0.110986
v -0.430168 0.099250 -0.004794
v -0.439293 0.112651 -0.133154
v -0.519444 0.179791 -0.004794
v -0.430168 0.099250 -0.004794
v -0.519444 0.180381 0.090834
v -0.439293 0.112651 0.113002
v -0.519444 0.179791 -0.004794
v -0.823131 0.141069 0.155200
v -0.873203 0.112018 0.184108
v -0.815066 0.123453 0.135695
v -0.872929 0.078021 0.144130
v -0.823131 0.143479 -0.168894
v -0.873203 0.114428 -0.197804
v -0.815066 0.123453 -0.141703
v -0.872929 0.078020 -0.150138
v -0.458202 0.205542 0.159783
v -0.519581 0.200971 0.094762
v -0.520017 0.274279 0.155506
v -0.519443 0.180381 -0.110986
v -0.439293 0.112651 -0.133154
v -0.519530 0.181465 -0.112801
v -0.450349 0.140120 -0.168023
v -0.458202 0.205542 -0.174550
v -0.519530 0.181465 -0.112801
v -0.519580 0.200971 -0.109527
v -0.458202 0.205542 -0.174550
v -0.520017 0.274279 -0.167934
v -0.519531 0.181465 0.092649
v -0.450349 0.140120 0.147870
v -0.439293 0.112651 0.113002
v -0.519444 0.180381 0.090834
v -0.458202 0.205542 0.159783
v -0.519581 0.200971 0.094762
v -0.703852 0.179076 -0.070109
v -0.619002 0.101960 -0.005020
v -0.627678 0.114697 -0.083304
v -0.703864 0.178515 -0.005020
v -0.619002 0.101960 -0.005020
v -0.703852 0.179076 0.050027
v -0.627678 0.114698 0.063222
v -0.703864 0.178515 -0.005020
v -0.638186 0.140807 0.150736
v -0.627678 0.114698 0.063222
v -0.703940 0.180106 0.094526
v -0.703852 0.179076 0.050027
v -0.703940 0.180106 0.094526
v -0.645652 0.202991 0.158397
v -0.703977 0.198647 0.093937
v -0.645652 0.202991 0.158397
v -0.704401 0.268327 0.154213
v -0.627678 0.114697 -0.083304
v -0.638186 0.140807 -0.170820
v -0.703939 0.180107 -0.114609
v -0.703852 0.179076 -0.070109
v -0.645652 0.202991 -0.173093
v -0.703939 0.180107 -0.114609
v -0.703977 0.198647 -0.108633
v -0.645652 0.202991 -0.173093
v -0.704401 0.268327 -0.166571
v -0.873502 0.172831 -0.117990
v -0.808422 0.113683 -0.006191
v -0.815066 0.123453 -0.141703
v -0.873502 0.172401 -0.006191
v -0.808422 0.113683 -0.006191
v -0.873502 0.172831 0.111982
v -0.815066 0.123453 0.135695
v -0.873502 0.172401 -0.006191
v -0.941449 0.132411 -0.004064
v -1.043065 0.209144 0.061854
v -1.043065 0.224084 -0.004064
v -1.043065 0.209144 -0.082006
v -0.941449 0.132411 -0.004064
v -1.043065 0.224084 -0.004064
v -1.204613 0.235280 0.196616
v -1.157607 0.204073 0.152424
v -1.152945 0.288008 0.148348
v -0.873564 0.171212 0.112085
v -0.823131 0.141069 0.155200
v -0.815066 0.123453 0.135695
v -0.873602 0.187842 0.122422
v -0.873502 0.172831 -0.117990
v -0.815066 0.123453 -0.141703
v -0.873564 0.173622 -0.125780
v -0.823131 0.143479 -0.168894
v -0.873602 0.187842 -0.135249
v -1.204613 0.235279 -0.216769
v -1.152945 0.288008 -0.161856
v -1.157607 0.204073 -0.172577
v -0.973360 0.217718 -0.182745
v -1.043713 0.295957 -0.164471
v -1.043215 0.212516 -0.108736
v -0.964423 0.143254 0.162570
v -1.043165 0.190314 0.099716
v -0.973360 0.217718 0.169998
v -1.043215 0.212516 0.095989
v -0.973360 0.217718 0.169998
v -1.043713 0.295957 0.160260
v -0.964423 0.143254 -0.171276
v -0.973360 0.217718 -0.182745
v -1.043165 0.190314 -0.108423
v -1.043215 0.212516 -0.108736
v -1.157607 0.204073 -0.172577
v -1.152945 0.288008 -0.161856
v -1.206682 0.233172 -0.108335
v -1.157607 0.204073 0.152424
v -1.206682 0.233172 0.088183
v -1.152945 0.288008 0.148348
v -1.199028 0.138000 -0.086230
v -1.200001 0.151186 -0.166128
v -1.221029 0.218620 -0.111569
v -1.208776 0.230897 -0.072515
v -1.200001 0.151186 0.145976
v -1.199028 0.138000 0.066078
v -1.221029 0.218620 0.091417
v -1.208776 0.230897 0.052362
v -1.191998 0.133400 -0.004858
v -1.208776 0.230897 0.052362
v -1.199091 0.240674 -0.004858
v -1.208776 0.230897 -0.072515
v -1.191998 0.133400 -0.004858
v -1.199028 0.138000 -0.086230
v -1.199091 0.240674 -0.004858
v -1.133101 0.131963 0.076916
v -1.043165 0.190314 0.099716
v -1.043065 0.209144 0.061854
v -1.121458 0.142498 0.160596
v -1.133101 0.131963 -0.097068
v -1.143285 0.132593 -0.004064
v -1.043065 0.209144 -0.082006
v -1.043165 0.190314 -0.108423
v -1.133101 0.131963 -0.097068
v -1.043065 0.209144 -0.082006
v -1.121458 0.142498 -0.169303
v -1.143285 0.132593 -0.004064
v -1.043065 0.209144 0.061854
v -1.133101 0.131963 0.076916
v -0.779041 0.114624 0.062604
v -0.703940 0.180106 0.094526
v -0.769319 0.140175 0.148972
v -0.703939 0.180107 -0.114609
v -0.779041 0.114624 -0.082686
v -0.769319 0.140175 -0.169055
v -1.250435 0.268043 0.150452
v -1.204613 0.235280 0.196616
v -1.152945 0.288008 0.148348
v -1.250435 0.268043 -0.170604
v -1.152945 0.288008 -0.161856
v -1.204613 0.235279 -0.216769
v -1.221029 0.218620 0.091417
v -1.208776 0.230897 0.052362
v -1.303249 0.223763 0.144264
v -1.221029 0.218620 -0.111569
v -1.303249 0.223764 -0.164416
v -1.208776 0.230897 -0.072515
v -1.206682 0.233172 -0.108335
v -1.152945 0.288008 -0.161856
v -1.250435 0.268043 -0.170604
v -1.206682 0.233172 0.088183
v -1.250435 0.268043 0.150452
v -1.152945 0.288008 0.148348
v -1.208776 0.230897 -0.072515
v -1.199091 0.240674 -0.004858
v -1.208776 0.230897 0.052362
v -1.199091 0.240674 -0.004858
v -0.638186 0.140807 0.150736
v -0.627678 0.114698 0.063222
v -0.703940 0.180106 0.094526
v -0.627678 0.114697 -0.083304
v -0.638186 0.140807 -0.170820
v -0.703939 0.180107 -0.114609
v -0.941449 0.132411 -0.004064
v -1.043065 0.209144 0.061854
v -0.951833 0.132053 0.077656
v -1.043065 0.209144 -0.082006
v -0.941449 0.132411 -0.004064
v -0.951833 0.132053 -0.097808
v -0.964423 0.143254 0.162570
v -0.951833 0.132053 0.077656
v -1.043165 0.190314 0.099716
v -1.043065 0.209144 0.061854
v -0.951833 0.132053 -0.097808
v -0.964423 0.143254 -0.171276
v -1.043165 0.190314 -0.108423
v -1.043065 0.209144 -0.082006
v -1.303249 0.223763 0.144264
v -1.280550 0.157885 0.182559
v -1.204613 0.235280 0.196616
v -1.250435 0.268043 0.150452
v -1.121458 0.142498 0.160596
v -1.042604 0.097898 0.204713
v -1.043227 0.215723 0.220908
v -1.113406 0.215886 0.167725
v -1.113406 0.215886 0.167725
v -1.043227 0.215723 0.220908
v -1.043713 0.295957 0.160260
v -0.873203 0.112018 0.184108
v -0.873614 0.189897 0.191822
v -0.923712 0.140584 0.153845
v -0.918563 0.190000 0.156294
v -0.918563 0.190000 0.156294
v -0.873614 0.189897 0.191822
v -0.873926 0.241288 0.154345
v -0.769319 0.140175 0.148972
v -0.703466 0.102931 0.188427
v -0.704002 0.201325 0.202738
v -0.762600 0.201460 0.156418
v -0.762600 0.201460 0.156418
v -0.704002 0.201325 0.202738
v -0.704401 0.268327 0.154213
v -0.519044 0.100271 0.184897
v -0.519593 0.203789 0.204511
v -0.588326 0.139454 0.146137
v -0.581245 0.203931 0.157787
v -0.923712 0.142994 -0.167541
v -0.873602 0.187842 -0.135249
v -0.918563 0.190000 -0.169120
v -0.581245 0.203931 0.157787
v -0.519593 0.203789 0.204511
v -0.520017 0.274279 0.155506
v -0.873602 0.187842 -0.135249
v -0.873926 0.241288 -0.167172
v -0.918563 0.190000 -0.169120
v -1.303249 0.223764 -0.164416
v -1.250435 0.268043 -0.170604
v -1.221029 0.218620 -0.111569
v -0.519593 0.203789 0.204511
v -0.458202 0.205542 0.159783
v -0.520017 0.274279 0.155506
v -0.450349 0.140120 0.147870
v -0.519593 0.203789 0.204511
v -0.519044 0.100271 0.184897
v -0.458202 0.205542 0.159783
v -1.204613 0.235280 0.196616
v -1.200001 0.151186 0.145976
v -1.157607 0.204073 0.152424
v -1.280550 0.157885 0.182559
v -0.704002 0.201325 0.202738
v -0.645652 0.202991 0.158397
v -0.704401 0.268327 0.154213
v -0.638186 0.140807 0.150736
v -0.704002 0.201325 0.202738
v -0.703466 0.102931 0.188427
v -0.645652 0.202991 0.158397
v -0.873614 0.189897 0.191822
v -0.828852 0.191175 0.157812
v -0.873926 0.241288 0.154345
v -1.043227 0.215723 0.220908
v -0.973360 0.217718 0.169998
v -1.043713 0.295957 0.160260
v -0.823131 0.141069 0.155200
v -0.873614 0.189897 0.191822
v -0.873203 0.112018 0.184108
v -0.828852 0.191175 0.157812
v -0.964423 0.143254 0.162570
v -1.043227 0.215723 0.220908
v -1.042604 0.097898 0.204713
v -0.973360 0.217718 0.169998
v -0.828852 0.191175 -0.170639
v -0.873926 0.241288 -0.167172
v -0.873602 0.187842 -0.135249
v -0.823131 0.143479 -0.168894
v -0.873602 0.187842 -0.135249
v -0.828852 0.191175 -0.170639
v -1.206682 0.233172 -0.108335
v -1.221029 0.218620 -0.111569
v -1.157607 0.204073 -0.172577
v -1.200001 0.151186 -0.166128
v -1.304097 0.133619 -0.091109
v -1.308821 0.128698 -0.004857
v -1.308821 0.128698 -0.004857
v -1.304097 0.133619 0.070957
v -1.303249 0.223764 -0.164416
v -1.304097 0.133619 -0.091109
v -1.280550 0.157885 -0.202712
v -1.304097 0.133619 0.070957
v -1.303249 0.223763 0.144264
v -1.280550 0.157885 0.182559
v -1.121458 0.142498 0.160596
v -1.043165 0.190314 0.099716
v -1.113406 0.215886 0.167725
v -1.043215 0.212516 0.095989
v -1.143285 0.132593 -0.004064
v -1.043065 0.209144 -0.082006
v -1.043065 0.224084 -0.004064
v -1.121458 0.142498 -0.169303
v -1.043165 0.190314 -0.108423
v -1.113406 0.215886 -0.180473
v -1.043215 0.212516 -0.108736
v -1.043713 0.295957 -0.164471
v -1.113406 0.215886 -0.180473
v -1.143285 0.132593 -0.004064
v -1.043065 0.209144 0.061854
v -1.043065 0.224084 -0.004064
v -0.873203 0.112018 0.184108
v -0.931178 0.123396 0.134584
v -0.872929 0.078021 0.144130
v -0.923712 0.140584 0.153845
v -0.923712 0.142994 -0.167541
v -0.873203 0.114428 -0.197804
v -0.931178 0.123396 -0.140592
v -0.872929 0.078020 -0.150138
v -1.043215 0.212516 0.095989
v -1.113406 0.215886 0.167725
v -1.043713 0.295957 0.160260
v -0.931178 0.123396 -0.140592
v -0.937697 0.113801 -0.006191
v -0.873502 0.172831 -0.117990
v -0.873502 0.172401 -0.006191
v -0.937697 0.113801 -0.006191
v -0.873502 0.172831 0.111982
v -0.873502 0.172401 -0.006191
v -0.931178 0.123396 0.134584
v -0.873564 0.173622 -0.125780
v -0.931178 0.123396 -0.140592
v -0.873502 0.172831 -0.117990
v -0.923712 0.142994 -0.167541
v -0.923712 0.140584 0.153845
v -0.873564 0.171212 0.112085
v -0.931178 0.123396 0.134584
v -0.588325 0.139454 -0.166289
v -0.519044 0.100271 -0.205049
v -0.598547 0.112572 -0.132115
v -0.518658 0.050332 -0.141039
v -0.519044 0.100271 0.184897
v -0.598547 0.112572 0.111964
v -0.518658 0.050332 0.120887
v -0.588326 0.139454 0.146137
v -0.923712 0.142994 -0.167541
v -0.873602 0.187842 -0.135249
v -0.873564 0.173622 -0.125780
v -0.873602 0.187842 0.122422
v -0.923712 0.140584 0.153845
v -0.873564 0.171212 0.112085
v -0.703864 0.178515 -0.005020
v -0.779041 0.114624 0.062604
v -0.703852 0.179076 0.050027
v -0.787555 0.102112 -0.005020
v -0.779041 0.114624 0.062604
v -0.703940 0.180106 0.094526
v -0.769319 0.140175 0.148972
v -0.703940 0.180106 0.094526
v -0.762600 0.201460 0.156418
v -0.703977 0.198647 0.093937
v -0.703939 0.180107 -0.114609
v -0.779041 0.114624 -0.082686
v -0.703852 0.179076 -0.070109
v -0.769319 0.140175 -0.169055
v -0.703939 0.180107 -0.114609
v -0.762600 0.201460 -0.171114
v -0.703977 0.198647 -0.108633
v -0.779041 0.114624 -0.082686
v -0.787555 0.102112 -0.005020
v -0.703852 0.179076 -0.070109
v -0.703864 0.178515 -0.005020
v -0.703977 0.198647 -0.108633
v -0.704401 0.268327 -0.166571
v -0.762600 0.201460 -0.171114
v -0.703977 0.198647 0.093937
v -0.762600 0.201460 0.156418
v -0.704401 0.268327 0.154213
v -0.598547 0.112572 -0.132115
v -0.607497 0.099410 -0.004794
v -0.519443 0.180381 -0.110986
v -0.519444 0.179791 -0.004794
v -0.607497 0.099410 -0.004794
v -0.519444 0.180381 0.090834
v -0.519444 0.179791 -0.004794
v -0.598547 0.112572 0.111964
v -0.519530 0.181465 -0.112801
v -0.598547 0.112572 -0.132115
v -0.519443 0.180381 -0.110986
v -0.588325 0.139454 -0.166289
v -0.519530 0.181465 -0.112801
v -0.581245 0.203931 -0.172552
v -0.519580 0.200971 -0.109527
v -0.598547 0.112572 0.111964
v -0.519531 0.181465 0.092649
v -0.519444 0.180381 0.090834
v -0.588326 0.139454 0.146137
v -0.581245 0.203931 0.157787
v -0.519581 0.200971 0.094762
v -0.581245 0.203931 0.157787
v -0.520017 0.274279 0.155506
v -1.221029 0.218620 0.091417
v -1.250435 0.268043 0.150452
v -1.206682 0.233172 0.088183
v -1.250435 0.268043 -0.170604
v -1.221029 0.218620 -0.111569
v -1.206682 0.233172 -0.108335
v -0.519580 0.200971 -0.109527
v -0.520017 0.274279 -0.167934
v -0.581245 0.203931 -0.172552
v -1.042168 0.061121 0.083276
v -1.121458 0.142498 0.160596
v -1.133101 0.131963 0.076916
v -1.042604 0.097898 0.204713
v -1.042168 0.061121 -0.103428
v -1.121458 0.142498 -0.169303
v -1.042604 0.097898 -0.213421
v -1.133101 0.131963 -0.097068
v -1.042168 0.061121 -0.103428
v -1.042043 0.053694 -0.004064
v -1.133101 0.131963 -0.097068
v -1.143285 0.132593 -0.004064
v -1.042043 0.053694 -0.004064
v -1.133101 0.131963 0.076916
v -1.143285 0.132593 -0.004064
v -1.042168 0.061121 0.083276
v -0.872929 0.078020 -0.150138
v -0.872842 0.063263 -0.006191
v -0.931178 0.123396 -0.140592
v -0.937697 0.113801 -0.006191
v -0.872842 0.063263 -0.006191
v -0.931178 0.123396 0.134584
v -0.937697 0.113801 -0.006191
v -0.872929 0.078021 0.144130
v -0.703117 0.055464 -0.087999
v -0.769319 0.140175 -0.169055
v -0.703478 0.102931 -0.208510
v -0.779041 0.114624 -0.082686
v -0.703117 0.055464 0.067916
v -0.769319 0.140175 0.148972
v -0.779041 0.114624 0.062604
v -0.703466 0.102931 0.188427
v -0.703117 0.055464 -0.087999
v -0.703004 0.036224 -0.005020
v -0.779041 0.114624 -0.082686
v -0.787555 0.102112 -0.005020
v -0.703004 0.036224 -0.005020
v -0.779041 0.114624 0.062604
v -0.787555 0.102112 -0.005020
v -0.703117 0.055464 0.067916
v -0.518658 0.050332 -0.141039
v -0.518546 0.030091 -0.004794
v -0.598547 0.112572 -0.132115
v -0.607497 0.099410 -0.004794
v -0.518546 0.030091 -0.004794
v -0.598547 0.112572 0.111964
v -0.607497 0.099410 -0.004794
v -0.518658 0.050332 0.120887
v -1.199028 0.138000 -0.086230
v -1.308821 0.128698 -0.004857
v -1.304097 0.133619 -0.091109
v -1.191998 0.133400 -0.004858
v -1.308821 0.128698 -0.004857
v -1.199028 0.138000 0.066078
v -1.304097 0.133619 0.070957
v -1.191998 0.133400 -0.004858
v -1.280550 0.157885 -0.202712
v -1.200001 0.151186 -0.166128
v -1.304097 0.133619 -0.091109
v -1.199028 0.138000 -0.086230
v -1.280550 0.157885 0.182559
v -1.304097 0.133619 0.070957
v -1.200001 0.151186 0.145976
v -1.199028 0.138000 0.066078
v -0.439293 0.112651 -0.133154
v -0.518546 0.030091 -0.004794
v -0.518658 0.050332 -0.141039
v -0.430168 0.099250 -0.004794
v -0.518546 0.030091 -0.004794
v -0.439293 0.112651 0.113002
v -0.518658 0.050332 0.120887
v -0.430168 0.099250 -0.004794
v -0.703004 0.036224 -0.005020
v -0.627678 0.114698 0.063222
v -0.703117 0.055464 0.067916
v -0.619002 0.101960 -0.005020
v -0.627678 0.114697 -0.083304
v -0.703004 0.036224 -0.005020
v -0.703117 0.055464 -0.087999
v -0.619002 0.101960 -0.005020
v -0.638186 0.140807 -0.170820
v -0.703478 0.102931 -0.208510
v -0.703117 0.055464 -0.087999
v -0.627678 0.114697 -0.083304
v -0.638186 0.140807 0.150736
v -0.703466 0.102931 0.188427
v -0.703117 0.055464 0.067916
v -0.627678 0.114698 0.063222
v -0.815066 0.123453 -0.141703
v -0.872842 0.063263 -0.006191
v -0.872929 0.078020 -0.150138
v -0.808422 0.113683 -0.006191
v -0.872842 0.063263 -0.006191
v -0.815066 0.123453 0.135695
v -0.872929 0.078021 0.144130
v -0.808422 0.113683 -0.006191
v -0.964423 0.143254 -0.171276
v -1.042604 0.097898 -0.213421
v -1.042168 0.061121 -0.103428
v -0.951833 0.132053 -0.097808
v -0.964423 0.143254 0.162570
v -1.042604 0.097898 0.204713
v -1.042168 0.061121 0.083276
v -0.951833 0.132053 0.077656
v -0.951833 0.132053 -0.097808
v -1.042043 0.053694 -0.004064
v -1.042168 0.061121 -0.103428
v -0.941449 0.132411 -0.004064
v -1.042043 0.053694 -0.004064
v -0.951833 0.132053 0.077656
v -1.042168 0.061121 0.083276
v -0.941449 0.132411 -0.004064
v -1.303249 0.223764 -0.164416
v -1.280550 0.157885 -0.202712
v -1.204613 0.235279 -0.216769
v -1.250435 0.268043 -0.170604
v -1.121458 0.142498 -0.169303
v -1.042604 0.097898 -0.213421
v -1.043227 0.215723 -0.233656
v -1.113406 0.215886 -0.180473
v -1.113406 0.215886 -0.180473
v -1.043713 0.295957 -0.164471
v -1.043227 0.215723 -0.233656
v -0.873614 0.189897 -0.204649
v -0.923712 0.142994 -0.167541
v -0.918563 0.190000 -0.169120
v -0.873203 0.114428 -0.197804
v -0.918563 0.190000 -0.169120
v -0.873926 0.241288 -0.167172
v -0.873614 0.189897 -0.204649
v -0.769319 0.140175 -0.169055
v -0.703478 0.102931 -0.208510
v -0.704002 0.201325 -0.217434
v -0.762600 0.201460 -0.171114
v -0.762600 0.201460 -0.171114
v -0.704401 0.268327 -0.166571
v -0.704002 0.201325 -0.217434
v -0.519593 0.203789 -0.219278
v -0.588325 0.139454 -0.166289
v -0.581245 0.203931 -0.172552
v -0.519044 0.100271 -0.205049
v -0.873602 0.187842 0.122422
v -0.923712 0.140584 0.153845
v -0.918563 0.190000 0.156294
v -0.581245 0.203931 -0.172552
v -0.520017 0.274279 -0.167934
v -0.519593 0.203789 -0.219278
v -0.873602 0.187842 0.122422
v -0.918563 0.190000 0.156294
v -0.873926 0.241288 0.154345
v -1.303249 0.223763 0.144264
v -1.221029 0.218620 0.091417
v -1.250435 0.268043 0.150452
v -0.519593 0.203789 -0.219278
v -0.520017 0.274279 -0.167934
v -0.458202 0.205542 -0.174550
v -0.519593 0.203789 -0.219278
v -0.450349 0.140120 -0.168023
v -0.519044 0.100271 -0.205049
v -0.458202 0.205542 -0.174550
v -1.200001 0.151186 -0.166128
v -1.204613 0.235279 -0.216769
v -1.157607 0.204073 -0.172577
v -1.280550 0.157885 -0.202712
v -0.704002 0.201325 -0.217434
v -0.704401 0.268327 -0.166571
v -0.645652 0.202991 -0.173093
v -0.704002 0.201325 -0.217434
v -0.638186 0.140807 -0.170820
v -0.703478 0.102931 -0.208510
v -0.645652 0.202991 -0.173093
v -0.873614 0.189897 -0.204649
v -0.873926 0.241288 -0.167172
v -0.828852 0.191175 -0.170639
v -1.043227 0.215723 -0.233656
v -1.043713 0.295957 -0.164471
v -0.973360 0.217718 -0.182745
v -0.873614 0.189897 -0.204649
v -0.823131 0.143479 -0.168894
v -0.873203 0.114428 -0.197804
v -0.828852 0.191175 -0.170639
v -1.043227 0.215723 -0.233656
v -0.964423 0.143254 -0.171276
v -1.042604 0.097898 -0.213421
v -0.973360 0.217718 -0.182745
v -0.828852 0.191175 0.157812
v -0.873602 0.187842 0.122422
v -0.873926 0.241288 0.154345
v -0.823131 0.141069 0.155200
v -0.873602 0.187842 0.122422
v -0.828852 0.191175 0.157812
v -1.206682 0.233172 0.088183
v -1.157607 0.204073 0.152424
v -1.221029 0.218620 0.091417
v -1.200001 0.151186 0.145976
v -0.312005 -0.031393 0.160742
v -0.326864 0.021073 0.220444
v -0.257239 0.037997 0.125557
v -0.307667 -0.032068 -0.160397
v -0.320905 0.020146 -0.220699
v -0.253867 0.037472 -0.124038
v -0.398380 -0.080833 -0.130808
v -0.359897 -0.053416 -0.165287
v -0.343584 0.013614 -0.107879
v -0.346488 0.014066 0.107081
v -0.364349 -0.052724 0.164309
v -0.401888 -0.080287 0.128919
v -0.409314 -0.083605 -0.001062
v -0.346488 0.014066 0.107081
v -0.401888 -0.080287 0.128919
v -0.349022 0.012354 -0.000450
v -0.343584 0.013614 -0.107879
v -0.409314 -0.083605 -0.001062
v -0.398380 -0.080833 -0.130808
v -0.349022 0.012354 -0.000450
v -0.326864 0.021073 0.220444
v -0.395293 0.063111 0.161481
v -0.340645 0.071561 0.154621
v -0.336455 0.070908 -0.155485
v -0.320905 0.020146 -0.220699
v -0.390899 0.062427 -0.163783
v -0.340645 0.071561 0.154621
v -0.326864 0.021073 0.220444
v -0.257239 0.037997 0.125557
v -0.336455 0.070908 -0.155485
v -0.253867 0.037472 -0.124038
v -0.320905 0.020146 -0.220699
v -0.390899 0.062427 -0.163783
v -0.335007 0.015617 -0.096075
v -0.336455 0.070908 -0.155485
v -0.340645 0.071561 0.154621
v -0.337595 0.016020 0.095504
v -0.395293 0.063111 0.161481
v -0.448119 0.065549 -0.001900
v -0.346488 0.014066 0.107081
v -0.349022 0.012354 -0.000450
v -0.450049 0.061208 0.129422
v -0.446501 0.060655 -0.133207
v -0.448119 0.065549 -0.001900
v -0.343584 0.013614 -0.107879
v -0.349022 0.012354 -0.000450
v -0.328652 0.016796 -0.070381
v -0.253867 0.037472 -0.124038
v -0.336455 0.070908 -0.155485
v -0.330548 0.017092 0.069987
v -0.340645 0.071561 0.154621
v -0.257239 0.037997 0.125557
v -0.395293 0.063111 0.161481
v -0.337595 0.016020 0.095504
v -0.450049 0.061208 0.129422
v -0.446501 0.060655 -0.133207
v -0.343584 0.013614 -0.107879
v -0.390899 0.062427 -0.163783
v -0.326864 0.021073 0.220444
v -0.364349 -0.052724 0.164309
v -0.419600 -0.005204 0.209743
v -0.419600 -0.005204 0.209743
v -0.450049 0.061208 0.129422
v -0.395293 0.063111 0.161481
v -0.326864 0.021073 0.220444
v -0.395293 0.063111 0.161481
v -0.419600 -0.005204 0.209743
v -0.490064 -0.024075 0.135572
v -0.419600 -0.005204 0.209743
v -0.450049 0.061208 0.129422
v -0.413899 -0.006093 -0.212396
v -0.446501 0.060655 -0.133207
v -0.486341 -0.024655 -0.140078
v -0.497345 -0.027227 -0.002370
v -0.450049 0.061208 0.129422
v -0.448119 0.065549 -0.001900
v -0.490064 -0.024075 0.135572
v -0.486341 -0.024655 -0.140078
v -0.497345 -0.027227 -0.002370
v -0.446501 0.060655 -0.133207
v -0.448119 0.065549 -0.001900
v -0.359897 -0.053416 -0.165287
v -0.343584 0.013614 -0.107879
v -0.335007 0.015617 -0.096075
v -0.307667 -0.032068 -0.160397
v -0.328652 0.016796 -0.070381
v -0.346488 0.014066 0.107081
v -0.364349 -0.052724 0.164309
v -0.337595 0.016020 0.095504
v -0.312005 -0.031393 0.160742
v -0.330548 0.017092 0.069987
v -0.335007 0.015617 -0.096075
v -0.336455 0.070908 -0.155485
v -0.328652 0.016796 -0.070381
v -0.340645 0.071561 0.154621
v -0.330548 0.017092 0.069987
v -0.337595 0.016020 0.095504
v -0.409314 -0.083605 -0.001062
v -0.490064 -0.024075 0.135572
v -0.497345 -0.027227 -0.002370
v -0.401888 -0.080287 0.128919
v -0.409314 -0.083605 -0.001062
v -0.486341 -0.024655 -0.140078
v -0.398380 -0.080833 -0.130808
v -0.497345 -0.027227 -0.002370
v -0.326864 0.021073 0.220444
v -0.364349 -0.052724 0.164309
v -0.312005 -0.031393 0.160742
v -0.419600 -0.005204 0.209743
v -0.401888 -0.080287 0.128919
v -0.490064 -0.024075 0.135572
v -0.364349 -0.052724 0.164309
v -0.320905 0.020146 -0.220699
v -0.359897 -0.053416 -0.165287
v -0.413899 -0.006093 -0.212396
v -0.307667 -0.032068 -0.160397
v -0.398380 -0.080833 -0.130808
v -0.359897 -0.053416 -0.165287
v -0.486341 -0.024655 -0.140078
v -0.335007 0.015617 -0.096075
v -0.359897 -0.053416 -0.165287
v -0.307667 -0.032068 -0.160397
v -0.328652 0.016796 -0.070381
v -0.253867 0.037472 -0.124038
v -0.337595 0.016020 0.095504
v -0.364349 -0.052724 0.164309
v -0.312005 -0.031393 0.160742
v -0.330548 0.017092 0.069987
v -0.257239 0.037997 0.125557
v -0.320905 0.020146 -0.220699
v -0.359897 -0.053416 -0.165287
v -0.413899 -0.006093 -0.212396
v -0.390899 0.062427 -0.163783
v -0.413899 -0.006093 -0.212396
v -0.446501 0.060655 -0.133207
v -0.320905 0.020146 -0.220699
v -0.390899 0.062427 -0.163783
v -0.413899 -0.006093 -0.212396
v -1.350372 0.294587 0.067014
v -1.350302 0.258944 0.029455
v -1.255456 0.297026 0.024340
v -1.274209 0.316000 0.045541
v -1.350302 0.258944 -0.040784
v -1.350372 0.294587 -0.078343
v -1.255456 0.297026 -0.035668
v -1.274209 0.316000 -0.056871
v -1.571743 0.286738 0.064511
v -1.571743 0.252575 0.026393
v -1.488717 0.286443 0.023193
v -1.507564 0.305316 0.045833
v -1.571743 0.252575 -0.037721
v -1.571742 0.286738 -0.075840
v -1.488717 0.286443 -0.034521
v -1.507564 0.305316 -0.057162
v -1.946285 0.328768 0.050548
v -2.003391 0.361417 0.048582
v -2.004307 0.329688 0.075015
v -1.350443 0.333176 -0.005664
v -1.255456 0.297026 -0.035668
v -1.350443 0.336931 -0.026797
v -1.255268 0.290386 -0.005664
v -1.946285 0.328768 -0.061877
v -2.004307 0.329688 -0.086344
v -2.003391 0.361417 -0.059911
v -1.350443 0.333176 -0.005664
v -1.255456 0.297026 0.024340
v -1.255268 0.290386 -0.005664
v -1.350443 0.336931 0.015469
v -1.274209 0.316000 -0.056871
v -1.350443 0.339042 -0.030551
v -1.350443 0.336931 -0.026797
v -1.255456 0.297026 -0.035668
v -1.350467 0.341713 -0.032487
v -1.281635 0.342290 -0.064646
v -1.350514 0.380258 -0.058130
v -1.255456 0.297026 0.024340
v -1.350443 0.336931 0.015469
v -1.274209 0.316000 0.045541
v -1.350443 0.339042 0.019223
v -1.350467 0.341713 0.021159
v -1.281635 0.342290 0.053317
v -1.350514 0.380258 0.046801
v -2.005505 0.288496 0.062901
v -2.006398 0.258039 0.028211
v -1.925065 0.289898 0.023636
v -1.940646 0.306255 0.043303
v -2.006398 0.258039 -0.039540
v -2.005505 0.288496 -0.074230
v -1.925065 0.289898 -0.034964
v -1.940646 0.306255 -0.054631
v -2.196608 0.296442 0.066404
v -2.197030 0.260747 0.028737
v -2.105357 0.296606 0.025279
v -2.125050 0.316760 0.047747
v -2.197031 0.260747 -0.040065
v -2.196608 0.296442 -0.077733
v -2.105357 0.296606 -0.036607
v -2.125050 0.316760 -0.059076
v -1.571743 0.321441 -0.028812
v -1.488717 0.286443 -0.034521
v -1.507564 0.305316 -0.057162
v -1.571743 0.324845 -0.035314
v -1.488717 0.286443 0.023193
v -1.571743 0.321441 0.017484
v -1.507564 0.305316 0.045833
v -1.571743 0.324845 0.023986
v -1.507564 0.305316 -0.057162
v -1.514614 0.330566 -0.063344
v -1.571743 0.324845 -0.035314
v -1.571743 0.329856 -0.037752
v -1.514614 0.330566 -0.063344
v -1.571743 0.365670 -0.055406
v -1.514614 0.330566 0.052015
v -1.571743 0.324845 0.023986
v -1.571743 0.329856 0.026424
v -1.507564 0.305316 0.045833
v -1.571743 0.365670 0.044077
v -1.514614 0.330566 0.052015
v -1.571742 0.317162 -0.005664
v -1.488717 0.286443 0.023193
v -1.488576 0.280318 -0.005664
v -1.571743 0.321441 0.017484
v -1.571742 0.317162 -0.005664
v -1.488717 0.286443 -0.034521
v -1.571743 0.321441 -0.028812
v -1.488576 0.280318 -0.005664
v -1.796473 0.340756 -0.005664
v -1.692979 0.301409 -0.047694
v -1.796473 0.344961 -0.033388
v -1.692791 0.294123 -0.005664
v -1.796473 0.340756 -0.005664
v -1.692979 0.301409 0.036365
v -1.692791 0.294123 -0.005664
v -1.796473 0.344961 0.022060
v -1.713659 0.322354 -0.061479
v -1.796473 0.344961 -0.033388
v -1.692979 0.301409 -0.047694
v -1.692979 0.301409 0.036365
v -1.796473 0.344961 0.022060
v -1.713659 0.322354 0.050150
v -2.004354 0.328579 -0.032626
v -1.946285 0.328768 -0.061877
v -2.003391 0.361417 -0.059911
v -2.004354 0.328578 0.021298
v -2.003391 0.361417 0.048582
v -1.946285 0.328768 0.050548
v -2.196043 0.342525 -0.036102
v -2.132359 0.344060 -0.067619
v -2.195597 0.380538 -0.063191
v -2.196043 0.342525 0.024774
v -2.195597 0.380538 0.051862
v -2.132359 0.344060 0.056290
v -2.004565 0.320893 -0.005664
v -1.925065 0.289898 0.023636
v -1.925065 0.284236 -0.005664
v -2.004472 0.324160 0.015699
v -2.004565 0.320893 -0.005664
v -1.925065 0.289898 -0.034964
v -2.004472 0.324160 -0.027026
v -1.925065 0.284236 -0.005664
v -1.940646 0.306255 -0.054631
v -2.004425 0.326087 -0.030696
v -2.004472 0.324160 -0.027026
v -1.925065 0.289898 -0.034964
v -2.004354 0.328579 -0.032626
v -1.946285 0.328768 -0.061877
v -1.925065 0.289898 0.023636
v -2.004472 0.324160 0.015699
v -1.940646 0.306255 0.043303
v -2.004425 0.326087 0.019368
v -2.004354 0.328578 0.021298
v -1.946285 0.328768 0.050548
v -2.196184 0.331543 -0.005664
v -2.105357 0.296606 -0.036607
v -2.196138 0.335674 -0.028417
v -2.105239 0.289862 -0.005664
v -2.196184 0.331543 -0.005664
v -2.105357 0.296606 0.025279
v -2.105239 0.289862 -0.005664
v -2.196138 0.335674 0.017090
v -2.196138 0.335674 -0.028417
v -2.105357 0.296606 -0.036607
v -2.125050 0.316760 -0.059076
v -2.196091 0.338544 -0.033330
v -2.196043 0.342525 -0.036102
v -2.132359 0.344060 -0.067619
v -2.105357 0.296606 0.025279
v -2.196138 0.335674 0.017090
v -2.125050 0.316760 0.047747
v -2.196090 0.338544 0.022002
v -2.196043 0.342525 0.024774
v -2.132359 0.344060 0.056290
v -2.004565 0.320893 -0.005664
v -2.085875 0.290750 0.023636
v -2.004472 0.324160 0.015699
v -2.004472 0.324160 -0.027026
v -2.085876 0.290750 -0.034964
v -2.004565 0.320893 -0.005664
v -2.069332 0.306937 0.043302
v -2.004307 0.329688 0.075015
v -2.062351 0.329383 0.050548
v -2.005505 0.288496 0.062901
v -2.267531 0.317104 0.048582
v -2.196020 0.343986 0.079656
v -2.259423 0.344895 0.057289
v -2.196608 0.296442 0.066404
v -1.796473 0.347442 -0.031926
v -1.879287 0.322354 -0.061479
v -1.796473 0.344961 -0.033388
v -1.871180 0.351288 -0.061394
v -1.796473 0.347442 -0.031926
v -1.796474 0.350648 -0.031096
v -1.879287 0.322354 -0.061479
v -1.899967 0.301409 0.036365
v -1.796474 0.299057 0.074351
v -1.879287 0.322354 0.050150
v -1.796474 0.259854 0.044614
v -2.196020 0.343986 0.079656
v -2.195597 0.380538 0.051862
v -2.259423 0.344895 0.057289
v -1.635921 0.305316 0.045833
v -1.571743 0.331466 0.074259
v -1.628871 0.330566 0.052015
v -1.571743 0.286738 0.064511
v -1.879287 0.322354 0.050150
v -1.796473 0.352077 0.075409
v -1.871179 0.351288 0.050065
v -1.796474 0.299057 0.074351
v -1.871180 0.351288 -0.061394
v -1.796474 0.350648 -0.031096
v -1.796473 0.392916 -0.058218
v -1.796473 0.352077 0.075409
v -1.796473 0.392916 0.046889
v -1.871179 0.351288 0.050065
v -1.426630 0.315951 0.045541
v -1.350466 0.342959 0.080118
v -1.419274 0.342246 0.053317
v -1.350372 0.294587 0.067014
v -1.571743 0.331466 0.074259
v -1.571743 0.365670 0.044077
v -1.628871 0.330566 0.052015
v -1.350466 0.342959 0.080118
v -1.350514 0.380258 0.046801
v -1.419274 0.342246 0.053317
v -1.281635 0.342290 0.053317
v -1.350514 0.380258 0.046801
v -1.350466 0.342959 0.080118
v -1.514614 0.330566 0.052015
v -1.571743 0.365670 0.044077
v -1.571743 0.331466 0.074259
v -1.350372 0.294587 0.067014
v -1.274209 0.316000 0.045541
v -1.350466 0.342959 0.080118
v -1.281635 0.342290 0.053317
v -1.796474 0.299057 0.074351
v -1.713659 0.322354 0.050150
v -1.796473 0.352077 0.075409
v -1.721766 0.351288 0.050065
v -1.796473 0.392916 0.046889
v -1.796473 0.352077 0.075409
v -1.571743 0.286738 0.064511
v -1.507564 0.305316 0.045833
v -1.571743 0.331466 0.074259
v -1.514614 0.330566 0.052015
v -1.713659 0.322354 0.050150
v -1.796474 0.299057 0.074351
v -1.692979 0.301409 0.036365
v -1.796474 0.259854 0.044614
v -2.132359 0.344060 0.056290
v -2.195597 0.380538 0.051862
v -2.196020 0.343986 0.079656
v -1.796474 0.350648 -0.031096
v -1.721767 0.351288 -0.061394
v -1.796473 0.392916 -0.058218
v -2.196608 0.296442 0.066404
v -2.125050 0.316760 0.047747
v -2.196020 0.343986 0.079656
v -2.132359 0.344060 0.056290
v -2.005505 0.288496 0.062901
v -1.940646 0.306255 0.043303
v -2.004307 0.329688 0.075015
v -1.946285 0.328768 0.050548
v -1.796473 0.347442 -0.031926
v -1.713659 0.322354 -0.061479
v -1.721767 0.351288 -0.061394
v -1.796474 0.350648 -0.031096
v -1.713659 0.322354 -0.061479
v -1.796473 0.347442 -0.031926
v -1.796473 0.344961 -0.033388
v -2.267531 0.317104 -0.059911
v -2.196138 0.335674 -0.028417
v -2.196091 0.338544 -0.033330
v -2.288093 0.296651 -0.037009
v -2.196043 0.342525 -0.036102
v -2.259423 0.344895 -0.068618
v -2.267531 0.317104 0.048582
v -2.196138 0.335674 0.017090
v -2.288093 0.296651 0.025682
v -2.196090 0.338544 0.022002
v -2.196043 0.342525 0.024774
v -2.259423 0.344895 0.057289
v -2.196184 0.331543 -0.005664
v -2.288375 0.289779 -0.005664
v -2.288093 0.296651 0.025682
v -2.196138 0.335674 0.017090
v -2.196138 0.335674 -0.028417
v -2.288093 0.296651 -0.037009
v -2.196184 0.331543 -0.005664
v -2.288375 0.289779 -0.005664
v -2.069332 0.306937 -0.054631
v -2.004472 0.324160 -0.027026
v -2.004425 0.326087 -0.030696
v -2.085876 0.290750 -0.034964
v -2.004354 0.328579 -0.032626
v -2.062352 0.329383 -0.061877
v -2.069332 0.306937 0.043302
v -2.004472 0.324160 0.015699
v -2.085875 0.290750 0.023636
v -2.004425 0.326087 0.019368
v -2.004354 0.328578 0.021298
v -2.062351 0.329383 0.050548
v -2.004565 0.320893 -0.005664
v -2.086181 0.285090 -0.005664
v -2.085875 0.290750 0.023636
v -2.085876 0.290750 -0.034964
v -2.004565 0.320893 -0.005664
v -2.086181 0.285090 -0.005664
v -2.259423 0.344895 -0.068618
v -2.196043 0.342525 -0.036102
v -2.195597 0.380538 -0.063191
v -2.259423 0.344895 0.057289
v -2.195597 0.380538 0.051862
v -2.196043 0.342525 0.024774
v -2.069332 0.306937 0.043302
v -2.005505 0.288496 0.062901
v -2.085875 0.290750 0.023636
v -2.006398 0.258039 0.028211
v -2.069332 0.306937 -0.054631
v -2.005505 0.288496 -0.074230
v -2.085876 0.290750 -0.034964
v -2.006398 0.258039 -0.039540
v -1.796473 0.340756 -0.005664
v -1.900155 0.294123 -0.005664
v -1.899967 0.301409 0.036365
v -1.796473 0.344961 0.022060
v -1.796473 0.344961 -0.033388
v -1.899967 0.301409 -0.047694
v -1.796473 0.340756 -0.005664
v -1.900155 0.294123 -0.005664
v -2.267531 0.317104 0.048582
v -2.196608 0.296442 0.066404
v -2.288093 0.296651 0.025682
v -2.197030 0.260747 0.028737
v -2.267531 0.317104 -0.059911
v -2.196608 0.296442 -0.077733
v -2.288093 0.296651 -0.037009
v -2.197031 0.260747 -0.040065
v -1.879287 0.322354 -0.061479
v -1.796473 0.344961 -0.033388
v -1.899967 0.301409 -0.047694
v -1.879287 0.322354 0.050150
v -1.796473 0.344961 0.022060
v -1.899967 0.301409 0.036365
v -2.062352 0.329383 -0.061877
v -2.004354 0.328579 -0.032626
v -2.003391 0.361417 -0.059911
v -2.062351 0.329383 0.050548
v -2.003391 0.361417 0.048582
v -2.004354 0.328578 0.021298
v -2.004307 0.329688 0.075015
v -2.003391 0.361417 0.048582
v -2.062351 0.329383 0.050548
v -2.004307 0.329688 -0.086344
v -2.062352 0.329383 -0.061877
v -2.003391 0.361417 -0.059911
v -1.571742 0.317162 -0.005664
v -1.654932 0.280318 -0.005664
v -1.654768 0.286443 0.023193
v -1.571743 0.321441 0.017484
v -1.571743 0.321441 -0.028812
v -1.654768 0.286443 -0.034521
v -1.571742 0.317162 -0.005664
v -1.654932 0.280318 -0.005664
v -1.635921 0.305316 -0.057162
v -1.571743 0.321441 -0.028812
v -1.571743 0.324845 -0.035314
v -1.654768 0.286443 -0.034521
v -1.635921 0.305316 0.045833
v -1.571743 0.321441 0.017484
v -1.654768 0.286443 0.023193
v -1.571743 0.324845 0.023986
v -1.571743 0.324845 -0.035314
v -1.628871 0.330566 -0.063344
v -1.635921 0.305316 -0.057162
v -1.571743 0.329856 -0.037752
v -1.571743 0.324845 0.023986
v -1.628871 0.330566 0.052015
v -1.571743 0.329856 0.026424
v -1.635921 0.305316 0.045833
v -1.426630 0.315951 -0.056871
v -1.350443 0.336931 -0.026797
v -1.350443 0.339042 -0.030551
v -1.445289 0.296966 -0.035668
v -1.350467 0.341713 -0.032487
v -1.419274 0.342246 -0.064646
v -1.426630 0.315951 0.045541
v -1.350443 0.336931 0.015469
v -1.445289 0.296966 0.024340
v -1.350443 0.339042 0.019223
v -1.350467 0.341713 0.021159
v -1.419274 0.342246 0.053317
v -1.350443 0.333176 -0.005664
v -1.445454 0.290325 -0.005664
v -1.445289 0.296966 0.024340
v -1.350443 0.336931 0.015469
v -1.350443 0.336931 -0.026797
v -1.445289 0.296966 -0.035668
v -1.350443 0.333176 -0.005664
v -1.445454 0.290325 -0.005664
v -1.571743 0.286738 0.064511
v -1.654768 0.286443 0.023193
v -1.571743 0.252575 0.026393
v -1.635921 0.305316 0.045833
v -1.571742 0.286738 -0.075840
v -1.654768 0.286443 -0.034521
v -1.635921 0.305316 -0.057162
v -1.571743 0.252575 -0.037721
v -1.628871 0.330566 -0.063344
v -1.571743 0.329856 -0.037752
v -1.571743 0.365670 -0.055406
v -1.628871 0.330566 0.052015
v -1.571743 0.365670 0.044077
v -1.571743 0.329856 0.026424
v -1.350372 0.294587 0.067014
v -1.445289 0.296966 0.024340
v -1.350302 0.258944 0.029455
v -1.426630 0.315951 0.045541
v -1.350372 0.294587 -0.078343
v -1.445289 0.296966 -0.035668
v -1.426630 0.315951 -0.056871
v -1.350302 0.258944 -0.040784
v -1.419274 0.342246 -0.064646
v -1.350467 0.341713 -0.032487
v -1.350514 0.380258 -0.058130
v -1.419274 0.342246 0.053317
v -1.350514 0.380258 0.046801
v -1.350467 0.341713 0.021159
v -2.197101 0.253918 -0.005664
v -2.288093 0.296651 0.025682
v -2.288375 0.289779 -0.005664
v -2.197030 0.260747 0.028737
v -2.288093 0.296651 -0.037009
v -2.197101 0.253918 -0.005664
v -2.288375 0.289779 -0.005664
v -2.197031 0.260747 -0.040065
v -2.006587 0.252080 -0.005664
v -2.085875 0.290750 0.023636
v -2.086181 0.285090 -0.005664
v -2.006398 0.258039 0.028211
v -2.085876 0.290750 -0.034964
v -2.006587 0.252080 -0.005664
v -2.086181 0.285090 -0.005664
v -2.006398 0.258039 -0.039540
v -1.796473 0.252184 -0.005664
v -1.899967 0.301409 0.036365
v -1.900155 0.294123 -0.005664
v -1.796474 0.259854 0.044614
v -1.899967 0.301409 -0.047694
v -1.796473 0.252184 -0.005664
v -1.900155 0.294123 -0.005664
v -1.796474 0.259854 -0.055943
v -1.571743 0.246194 -0.005664
v -1.654768 0.286443 0.023193
v -1.654932 0.280318 -0.005664
v -1.571743 0.252575 0.026393
v -1.654768 0.286443 -0.034521
v -1.571743 0.246194 -0.005664
v -1.654932 0.280318 -0.005664
v -1.571743 0.252575 -0.037721
v -1.350302 0.251938 -0.005664
v -1.445289 0.296966 0.024340
v -1.445454 0.290325 -0.005664
v -1.350302 0.258944 0.029455
v -1.445289 0.296966 -0.035668
v -1.350302 0.251938 -0.005664
v -1.445454 0.290325 -0.005664
v -1.350302 0.258944 -0.040784
v -1.350302 0.251938 -0.005664
v -1.255268 0.290386 -0.005664
v -1.255456 0.297026 0.024340
v -1.350302 0.258944 0.029455
v -1.350302 0.258944 -0.040784
v -1.255456 0.297026 -0.035668
v -1.350302 0.251938 -0.005664
v -1.255268 0.290386 -0.005664
v -1.571743 0.246194 -0.005664
v -1.488576 0.280318 -0.005664
v -1.488717 0.286443 0.023193
v -1.571743 0.252575 0.026393
v -1.571743 0.252575 -0.037721
v -1.488717 0.286443 -0.034521
v -1.571743 0.246194 -0.005664
v -1.488576 0.280318 -0.005664
v -1.796473 0.252184 -0.005664
v -1.692791 0.294123 -0.005664
v -1.692979 0.301409 0.036365
v -1.796474 0.259854 0.044614
v -1.796474 0.259854 -0.055943
v -1.692979 0.301409 -0.047694
v -1.796473 0.252184 -0.005664
v -1.692791 0.294123 -0.005664
v -2.006587 0.252080 -0.005664
v -1.925065 0.284236 -0.005664
v -1.925065 0.289898 0.023636
v -2.006398 0.258039 0.028211
v -2.006398 0.258039 -0.039540
v -1.925065 0.289898 -0.034964
v -2.006587 0.252080 -0.005664
v -1.925065 0.284236 -0.005664
v -2.197101 0.253918 -0.005664
v -2.105239 0.289862 -0.005664
v -2.105357 0.296606 0.025279
v -2.197030 0.260747 0.028737
v -2.197031 0.260747 -0.040065
v -2.105357 0.296606 -0.036607
v -2.197101 0.253918 -0.005664
v -2.105239 0.289862 -0.005664
v -2.004307 0.329688 -0.086344
v -2.069332 0.306937 -0.054631
v -2.062352 0.329383 -0.061877
v -2.005505 0.288496 -0.074230
v -2.196020 0.343986 -0.090985
v -2.267531 0.317104 -0.059911
v -2.259423 0.344895 -0.068618
v -2.196608 0.296442 -0.077733
v -1.879287 0.322354 0.050150
v -1.796473 0.347442 0.020598
v -1.796473 0.344961 0.022060
v -1.871179 0.351288 0.050065
v -1.796473 0.347442 0.020598
v -1.879287 0.322354 0.050150
v -1.796474 0.350648 0.019768
v -1.796474 0.299057 -0.085679
v -1.899967 0.301409 -0.047694
v -1.879287 0.322354 -0.061479
v -1.796474 0.259854 -0.055943
v -2.196020 0.343986 -0.090985
v -2.259423 0.344895 -0.068618
v -2.195597 0.380538 -0.063191
v -1.571743 0.331466 -0.085588
v -1.635921 0.305316 -0.057162
v -1.628871 0.330566 -0.063344
v -1.571742 0.286738 -0.075840
v -1.796473 0.352077 -0.086738
v -1.879287 0.322354 -0.061479
v -1.871180 0.351288 -0.061394
v -1.796474 0.299057 -0.085679
v -1.871179 0.351288 0.050065
v -1.796473 0.392916 0.046889
v -1.796474 0.350648 0.019768
v -1.796473 0.352077 -0.086738
v -1.871180 0.351288 -0.061394
v -1.796473 0.392916 -0.058218
v -1.350467 0.342959 -0.091447
v -1.426630 0.315951 -0.056871
v -1.419274 0.342246 -0.064646
v -1.350372 0.294587 -0.078343
v -1.571743 0.331466 -0.085588
v -1.628871 0.330566 -0.063344
v -1.571743 0.365670 -0.055406
v -1.350467 0.342959 -0.091447
v -1.419274 0.342246 -0.064646
v -1.350514 0.380258 -0.058130
v -1.281635 0.342290 -0.064646
v -1.350467 0.342959 -0.091447
v -1.350514 0.380258 -0.058130
v -1.514614 0.330566 -0.063344
v -1.571743 0.331466 -0.085588
v -1.571743 0.365670 -0.055406
v -1.350372 0.294587 -0.078343
v -1.274209 0.316000 -0.056871
v -1.350467 0.342959 -0.091447
v -1.281635 0.342290 -0.064646
v -1.796473 0.352077 -0.086738
v -1.713659 0.322354 -0.061479
v -1.796474 0.299057 -0.085679
v -1.721767 0.351288 -0.061394
v -1.796473 0.352077 -0.086738
v -1.796473 0.392916 -0.058218
v -1.571743 0.331466 -0.085588
v -1.507564 0.305316 -0.057162
v -1.571742 0.286738 -0.075840
v -1.514614 0.330566 -0.063344
v -1.796474 0.299057 -0.085679
v -1.692979 0.301409 -0.047694
v -1.796474 0.259854 -0.055943
v -1.713659 0.322354 -0.061479
v -2.132359 0.344060 -0.067619
v -2.196020 0.343986 -0.090985
v -2.195597 0.380538 -0.063191
v -1.796474 0.350648 0.019768
v -1.796473 0.392916 0.046889
v -1.721766 0.351288 0.050065
v -2.196020 0.343986 -0.090985
v -2.125050 0.316760 -0.059076
v -2.196608 0.296442 -0.077733
v -2.132359 0.344060 -0.067619
v -2.004307 0.329688 -0.086344
v -1.940646 0.306255 -0.054631
v -2.005505 0.288496 -0.074230
v -1.946285 0.328768 -0.061877
v -1.721766 0.351288 0.050065
v -1.796473 0.347442 0.020598
v -1.796474 0.350648 0.019768
v -1.713659 0.322354 0.050150
v -1.796473 0.344961 0.022060
v -1.713659 0.322354 0.050150
v -1.796473 0.347442 0.020598
vn -0.3708 -0.6296 -0.6827
vn -0.4422 -0.6153 -0.6526
vn -0.7377 -0.4937 -0.4605
vn -0.2646 -0.6826 0.6812
vn -0.6607 -0.5323 0.5293
vn -0.3399 -0.6665 0.6635
vn -0.6779 -0.7061 -0.2048
vn -0.3095 -0.7568 -0.5757
vn -0.6415 -0.7118 -0.2862
vn -0.5938 -0.7356 0.3260
vn -0.2214 -0.8008 0.5566
vn -0.6423 -0.7238 0.2521
vn -0.7283 -0.6846 0.0301
vn -0.5942 -0.7358 0.3248
vn -0.6428 -0.7238 0.2509
vn -0.6417 -0.7120 -0.2851
vn -0.7283 -0.6846 0.0300
vn -0.6781 -0.7062 -0.2035
vn 0.1896 0.7059 -0.6824
vn -0.2778 0.7446 -0.6069
vn -0.3460 0.7405 -0.5761
vn -0.2484 0.6917 0.6781
vn -0.1762 0.6939 0.6982
vn 0.2900 0.6531 0.6996
vn -0.3472 0.7403 -0.5757
vn -0.2783 0.7443 -0.6071
vn -0.6485 0.6487 -0.3983
vn -0.2496 0.6915 0.6779
vn -0.5752 0.6122 0.5425
vn -0.1767 0.6936 0.6984
vn -0.1314 0.7968 -0.5898
vn 0.1389 0.7771 -0.6139
vn 0.0258 0.8091 -0.5871
vn 0.2361 0.7243 0.6478
vn -0.0340 0.7480 0.6628
vn 0.1210 0.7616 0.6367
vn -0.6130 0.7862 0.0782
vn -0.4316 0.7990 0.4187
vn -0.6130 0.7862 0.0783
vn -0.4989 0.8102 0.3076
vn -0.5356 0.8285 -0.1632
vn -0.6129 0.7863 0.0782
vn -0.4861 0.8265 -0.2839
vn -0.1254 0.8265 -0.5488
vn -0.3549 0.8128 -0.4619
vn 0.0252 0.8093 -0.5869
vn -0.0342 0.7809 0.6237
vn 0.1205 0.7616 0.6367
vn -0.2744 0.7726 0.5725
vn -0.0349 0.7484 0.6623
vn 0.2372 0.7241 0.6476
vn -0.4984 0.8101 0.3087
vn -0.5353 0.8284 -0.1648
vn -0.4858 0.8263 -0.2851
vn -0.1325 0.7969 -0.5894
vn 0.1292 -0.6621 -0.7382
vn -0.3702 -0.6296 -0.6831
vn 0.1780 -0.6604 -0.7295
vn 0.6371 0.6572 -0.4028
vn 0.2484 0.6894 -0.6805
vn 0.1902 0.7057 -0.6825
vn -0.2777 0.7443 -0.6074
vn 0.1897 0.7056 -0.6827
vn 0.2478 0.6894 -0.6807
vn 0.6777 0.6534 -0.3372
vn 0.2491 0.6893 -0.6803
vn 0.6369 0.6570 -0.4034
vn 0.6956 0.6276 0.3496
vn 0.3554 0.6361 0.6849
vn 0.7256 0.6295 0.2780
vn 0.7838 0.6199 -0.0369
vn 0.6374 0.6572 -0.4022
vn 0.6782 0.6536 -0.3361
vn 0.7259 0.6297 0.2767
vn 0.6958 0.6280 0.3485
vn -0.3084 -0.7568 -0.5763
vn -0.0313 -0.7764 -0.6294
vn -0.6417 -0.7115 -0.2862
vn -0.0988 -0.7934 -0.6007
vn -0.2374 -0.7915 -0.5631
vn -0.0313 -0.7764 -0.6295
vn 0.0616 -0.8229 0.5649
vn -0.2203 -0.8007 0.5570
vn -0.5937 -0.7359 0.3255
vn -0.1523 -0.8341 0.5301
vn -0.0095 -0.8378 0.5458
vn 0.0614 -0.8233 0.5643
vn -0.1239 0.8266 -0.5489
vn 0.1387 0.7776 -0.6132
vn 0.1210 0.7616 0.6366
vn -0.0329 0.7810 0.6237
vn 0.2361 0.7244 0.6477
vn 0.6934 -0.7159 -0.0818
vn 0.5904 -0.7118 -0.3804
vn 0.6933 -0.7159 -0.0818
vn 0.5541 -0.7061 -0.4410
vn 0.6934 -0.7159 -0.0817
vn 0.6378 -0.7355 0.2285
vn 0.6113 -0.7346 0.2943
vn -0.3702 -0.6299 -0.6827
vn 0.1291 -0.6625 -0.7379
vn -0.4410 -0.6158 -0.6529
vn 0.5534 -0.7060 -0.4420
vn 0.1791 -0.6604 -0.7292
vn 0.5900 -0.7115 -0.3816
vn 0.1297 -0.6623 -0.7379
vn 0.2376 -0.7167 0.6557
vn -0.2641 -0.6830 0.6810
vn -0.3386 -0.6670 0.6637
vn 0.6108 -0.7346 0.2955
vn 0.2856 -0.7137 0.6396
vn 0.2382 -0.7165 0.6557
vn 0.6375 -0.7353 0.2300
vn -0.3084 -0.7569 -0.5762
vn -0.0988 -0.7933 -0.6008
vn -0.0319 -0.7763 -0.6296
vn -0.0994 -0.7933 -0.6006
vn -0.4361 -0.7579 -0.4852
vn -0.2388 -0.7913 -0.5629
vn -0.2203 -0.8009 0.5568
vn 0.0610 -0.8227 0.5652
vn -0.0096 -0.8379 0.5458
vn -0.0102 -0.8379 0.5458
vn -0.1537 -0.8338 0.5303
vn -0.3605 -0.7957 0.4868
vn -0.2640 -0.6827 0.6814
vn 0.2376 -0.7163 0.6561
vn 0.2845 -0.7136 0.6402
vn 0.2906 0.6528 0.6996
vn 0.3547 0.6363 0.6851
vn 0.6956 0.6280 0.3490
vn 0.2900 0.6526 0.7000
vn -0.1762 0.6936 0.6985
vn 0.3540 0.6363 0.6854
vn 0.3400 -0.6647 0.6653
vn 0.4128 -0.6493 0.6388
vn 0.7162 -0.5198 0.4657
vn 0.2898 -0.6498 -0.7027
vn 0.6799 -0.5093 -0.5276
vn 0.3642 -0.6350 -0.6813
vn 0.6662 -0.7192 0.1973
vn 0.2826 -0.7861 0.5498
vn 0.6264 -0.7287 0.2767
vn 0.6040 -0.7221 -0.3374
vn 0.2411 -0.7737 -0.5859
vn 0.6494 -0.7143 -0.2610
vn 0.7263 -0.6865 -0.0341
vn 0.6042 -0.7224 -0.3363
vn 0.6498 -0.7143 -0.2599
vn 0.6268 -0.7288 0.2756
vn 0.7263 -0.6865 -0.0340
vn 0.6665 -0.7193 0.1961
vn -0.2149 0.6726 0.7081
vn 0.2555 0.7121 0.6539
vn 0.3248 0.7092 0.6257
vn 0.2788 0.7228 -0.6323
vn 0.2075 0.7264 -0.6552
vn -0.2584 0.6884 -0.6777
vn 0.3260 0.7089 0.6255
vn 0.2559 0.7119 0.6540
vn 0.6340 0.6245 0.4561
vn 0.2799 0.7226 -0.6321
vn 0.5994 0.6348 -0.4876
vn 0.2080 0.7261 -0.6554
vn 0.1101 0.7659 0.6334
vn -0.1610 0.7467 0.6454
vn -0.0468 0.7794 0.6248
vn -0.2065 0.7567 -0.6203
vn 0.0641 0.7796 -0.6230
vn -0.0918 0.7927 -0.6027
vn 0.6187 0.7855 -0.0140
vn 0.4515 0.8162 -0.3605
vn 0.6187 0.7855 -0.0141
vn 0.5143 0.8214 -0.2465
vn 0.5316 0.8163 0.2259
vn 0.6186 0.7856 -0.0141
vn 0.4771 0.8087 0.3441
vn 0.1057 0.7978 0.5936
vn 0.3387 0.7870 0.5156
vn -0.0463 0.7794 0.6248
vn 0.0628 0.8105 -0.5823
vn -0.0912 0.7928 -0.6026
vn 0.3007 0.7983 -0.5219
vn 0.0650 0.7799 -0.6225
vn -0.2076 0.7565 -0.6202
vn 0.5138 0.8214 -0.2478
vn 0.5313 0.8162 0.2271
vn 0.4768 0.8084 0.3452
vn 0.1112 0.7661 0.6330
vn -0.1620 -0.6969 0.6986
vn 0.3393 -0.6647 0.6657
vn -0.2101 -0.6945 0.6881
vn -0.6506 0.6403 0.4084
vn -0.2736 0.6565 0.7030
vn -0.2155 0.6723 0.7082
vn 0.2553 0.7119 0.6542
vn -0.2149 0.6723 0.7084
vn -0.2730 0.6564 0.7033
vn -0.6885 0.6400 0.3411
vn -0.2742 0.6563 0.7029
vn -0.6505 0.6399 0.4090
vn -0.6782 0.6482 -0.3463
vn -0.3245 0.6712 -0.6665
vn -0.7111 0.6467 -0.2758
vn -0.7823 0.6219 0.0354
vn -0.6509 0.6403 0.4078
vn -0.6890 0.6402 0.3399
vn -0.7115 0.6468 -0.2745
vn -0.6784 0.6485 -0.3452
vn 0.2816 -0.7861 0.5502
vn 0.0025 -0.8067 0.5910
vn 0.6267 -0.7285 0.2767
vn 0.0709 -0.8226 0.5642
vn 0.2109 -0.8198 0.5324
vn 0.0024 -0.8067 0.5910
vn -0.0414 -0.7937 -0.6069
vn 0.2400 -0.7737 -0.5863
vn 0.6038 -0.7225 -0.3368
vn 0.1707 -0.8078 -0.5642
vn 0.0288 -0.8100 -0.5858
vn -0.0413 -0.7941 -0.6064
vn 0.1043 0.7978 0.5938
vn -0.0468 0.7792 0.6250
vn -0.1610 0.7472 0.6448
vn -0.0918 0.7928 -0.6026
vn 0.0615 0.8106 -0.5824
vn -0.2065 0.7568 -0.6202
vn -0.6989 -0.7150 0.0179
vn -0.6083 -0.7262 0.3203
vn -0.5745 -0.7237 0.3824
vn -0.6989 -0.7150 0.0178
vn -0.6306 -0.7196 -0.2906
vn -0.6014 -0.7157 -0.3550
vn 0.3394 -0.6650 0.6653
vn -0.1619 -0.6972 0.6984
vn 0.4115 -0.6498 0.6391
vn -0.5739 -0.7236 0.3835
vn -0.2117 -0.6945 0.6877
vn -0.6079 -0.7260 0.3216
vn -0.1625 -0.6971 0.6983
vn -0.2131 -0.6821 -0.6995
vn 0.2893 -0.6501 -0.7027
vn 0.3632 -0.6353 -0.6815
vn -0.6009 -0.7156 -0.3562
vn -0.2618 -0.6796 -0.6853
vn -0.2137 -0.6819 -0.6995
vn -0.6303 -0.7194 -0.2918
vn 0.2815 -0.7861 0.5503
vn 0.0710 -0.8225 0.5643
vn 0.0030 -0.8065 0.5912
vn 0.0715 -0.8225 0.5642
vn 0.4129 -0.7834 0.4646
vn 0.2122 -0.8195 0.5324
vn 0.2399 -0.7738 -0.5862
vn -0.0409 -0.7936 -0.6071
vn 0.0289 -0.8100 -0.5857
vn 0.0295 -0.8100 -0.5857
vn 0.1720 -0.8076 -0.5641
vn 0.3772 -0.7728 -0.5104
vn 0.2892 -0.6498 -0.7029
vn -0.2131 -0.6817 -0.6999
vn -0.2607 -0.6795 -0.6858
vn -0.2590 0.6881 -0.6778
vn -0.3237 0.6713 -0.6667
vn -0.6782 0.6485 -0.3457
vn -0.2585 0.6880 -0.6781
vn 0.2074 0.7261 -0.6556
vn -0.3232 0.6713 -0.6670
vn 0.6132 -0.7290 -0.3042
vn 0.6783 -0.4058 -0.6126
vn 0.6817 -0.3718 -0.6301
vn 0.6154 -0.7351 -0.2845
vn 0.6393 -0.5359 0.5515
vn 0.5989 -0.7762 0.1970
vn 0.6461 -0.5127 0.5654
vn 0.6062 -0.7750 0.1789
vn 0.9182 0.3338 0.2133
vn 0.9259 0.3732 0.0578
vn 0.9213 0.3360 0.1956
vn 0.9253 0.3744 0.0607
vn 0.9258 0.3725 0.0649
vn 0.9265 0.3639 -0.0958
vn 0.9286 0.3628 -0.0775
vn 0.9252 0.3743 0.0619
vn 0.6605 -0.4862 0.5722
vn 0.6054 -0.7751 0.1811
vn 0.6648 -0.4633 0.5860
vn 0.6196 -0.7671 0.1662
vn 0.6205 -0.7342 -0.2757
vn 0.6952 -0.3926 -0.6021
vn 0.7054 -0.3489 -0.6170
vn 0.6294 -0.7298 -0.2670
vn 0.8621 0.0847 -0.4996
vn 0.8619 0.0590 -0.5036
vn 0.8574 0.2572 -0.4458
vn 0.9222 0.3495 0.1658
vn 0.9255 0.3456 0.1546
vn 0.8720 -0.0042 0.4894
vn 0.8807 0.0643 0.4693
vn 0.8323 -0.0250 0.5538
vn 0.8882 0.1090 0.4464
vn 0.9028 0.1380 0.4073
vn 0.8278 0.0051 0.5610
vn 0.8226 -0.0735 0.5639
vn 0.8321 0.1514 0.5335
vn 0.8237 -0.0815 0.5611
vn 0.9144 0.1652 -0.3696
vn 0.9183 0.1844 -0.3503
vn 0.9306 0.3643 -0.0358
vn 0.9278 0.3702 -0.0461
vn 0.8671 0.1230 -0.4827
vn 0.8645 0.1165 -0.4890
vn 0.9132 0.3884 0.1236
vn 0.9261 0.3732 0.0553
vn 0.9142 0.3876 0.1186
vn 0.9253 0.3744 0.0604
vn 0.9258 0.3719 0.0681
vn 0.9164 0.4002 0.0024
vn 0.9172 0.3984 0.0081
vn 0.9252 0.3742 0.0624
vn 0.9172 0.3984 0.0023
vn 0.9173 0.3982 0.0022
vn 0.9189 0.1859 -0.3480
vn 0.9329 0.2795 -0.2272
vn 0.8746 0.1019 -0.4741
vn 0.9420 0.2321 -0.2425
vn 0.8706 0.1047 -0.4807
vn 0.8678 0.0550 -0.4939
vn 0.8671 0.0293 -0.4972
vn 0.8647 0.2595 -0.4301
vn 0.9140 0.3866 0.1233
vn 0.8903 0.0513 0.4524
vn 0.9141 0.3864 0.1233
vn 0.8392 -0.0505 0.5414
vn 0.9162 0.1937 0.3507
vn 0.9287 0.1604 0.3342
vn 0.8341 -0.0046 0.5516
vn 0.8266 -0.1090 0.5522
vn 0.8407 0.1500 0.5203
vn 0.8286 -0.1095 0.5490
vn 0.9242 0.3468 0.1599
vn 0.9258 0.3733 0.0592
vn 0.9256 0.3329 0.1804
vn 0.9253 0.3744 0.0609
vn 0.9257 0.3730 0.0630
vn 0.9306 0.3652 -0.0251
vn 0.9321 0.3566 -0.0635
vn 0.9253 0.3743 0.0617
vn 0.8964 0.4159 0.1532
vn 0.9226 0.3828 0.0469
vn 0.9231 0.3818 0.0467
vn 0.9212 0.3787 0.0890
vn 0.9012 0.4326 -0.0259
vn 0.9218 0.3774 0.0889
vn 0.5844 -0.4866 0.6494
vn 0.5661 -0.4972 0.6575
vn 0.7867 -0.2541 0.5626
vn 0.9185 0.2140 -0.3326
vn 0.9126 0.1995 -0.3569
vn 0.9333 0.3587 -0.0188
vn 0.8127 0.0836 -0.5766
vn 0.9257 0.3467 0.1514
vn 0.9288 0.3423 0.1421
vn 0.8902 0.1282 0.4372
vn 0.8902 0.1198 0.4396
vn 0.7792 -0.0360 0.6257
vn 0.6261 -0.3473 -0.6981
vn 0.8361 -0.1114 -0.5371
vn 0.6199 -0.3429 -0.7058
vn 0.8308 -0.0669 0.5526
vn 0.8384 0.0907 0.5375
vn 0.8312 -0.0750 0.5509
vn 0.9333 0.3357 -0.1275
vn 0.8602 0.0706 -0.5050
vn 0.9475 0.2746 -0.1640
vn 0.8563 0.1014 -0.5065
vn 0.8514 0.0262 -0.5239
vn 0.8522 0.0178 -0.5229
vn 0.8625 0.2314 -0.4500
vn 0.8371 -0.0325 0.5461
vn 0.9216 0.3284 0.2070
vn 0.9335 0.2612 0.2456
vn 0.8348 -0.0152 0.5503
vn 0.6933 -0.5065 0.5127
vn 0.8182 -0.3446 0.4602
vn 0.6906 -0.5140 0.5089
vn 0.7342 -0.3870 -0.5579
vn 0.7245 -0.4022 -0.5597
vn 0.8609 -0.2184 -0.4595
vn 0.9874 -0.1432 -0.0670
vn 0.8432 -0.4359 0.3146
vn 0.8501 -0.4034 0.3386
vn 0.9893 -0.1450 -0.0140
vn 0.8610 -0.3714 -0.3476
vn 0.9823 -0.1593 0.0983
vn 0.8690 -0.3345 -0.3646
vn 0.9875 -0.1508 0.0461
vn 0.9830 -0.1834 -0.0088
vn 0.9863 -0.1411 0.0857
vn 0.9862 -0.1335 0.0976
vn 0.9843 -0.1756 -0.0193
vn 0.9902 -0.1277 -0.0560
vn 0.9815 -0.1874 0.0383
vn 0.9910 -0.1175 -0.0636
vn 0.9821 -0.1820 0.0475
vn -0.5970 0.7837 0.1715
vn -0.7205 0.6224 -0.3057
vn -0.6044 0.7865 0.1268
vn -0.7309 0.6173 -0.2912
vn -0.5848 0.8104 -0.0362
vn -0.6409 0.7638 0.0764
vn -0.5986 0.8001 -0.0391
vn -0.7145 0.5986 0.3623
vn -0.5856 0.8092 -0.0473
vn -0.5995 0.8003 0.0074
vn -0.7382 0.5796 0.3450
vn -0.6039 0.7809 0.1596
vn -0.6406 0.7660 0.0527
vn -0.5945 0.7881 0.1597
vn -0.7246 0.5910 -0.3545
vn -0.6336 0.7735 0.0156
vn -0.7352 0.5781 -0.3539
vn -0.6359 0.7652 0.1006
vn -0.7660 0.4589 0.4502
vn -0.7706 0.4776 0.4219
vn -0.3429 0.5363 0.7713
vn -0.3204 0.5450 0.7748
vn -0.0446 0.6877 0.7246
vn -0.2633 0.6975 -0.6665
vn 0.0485 0.8309 -0.5543
vn -0.2501 0.6988 -0.6702
vn -0.3407 0.6548 0.6747
vn -0.1500 0.7518 0.6422
vn -0.3379 0.6635 0.6676
vn -0.2819 0.7861 -0.5501
vn -0.2747 0.7931 -0.5436
vn -0.0572 0.8765 -0.4780
vn 0.9261 0.1612 -0.3411
vn 0.9179 0.3962 0.0199
vn 0.9234 0.1876 -0.3350
vn 0.9156 0.3879 0.1057
vn 0.9053 0.0622 0.4202
vn 0.8957 0.0551 0.4413
vn 0.9227 0.3812 0.0574
vn 0.8966 0.4115 0.1635
vn 0.8890 0.4273 0.1646
vn 0.9018 0.4307 -0.0347
vn 0.9218 0.3792 0.0805
vn 0.8941 0.4467 -0.0330
vn 0.9362 0.2028 -0.2871
vn 0.8889 0.4227 0.1764
vn 0.9311 0.2183 -0.2923
vn 0.8998 0.4163 0.1308
vn 0.8941 0.4457 -0.0440
vn 0.9210 0.1734 0.3488
vn 0.9115 0.2022 0.3581
vn 0.9025 0.4306 0.0116
vn -0.8802 0.2341 0.4129
vn -0.8801 0.2412 0.4089
vn -0.3830 0.5426 0.7476
vn -0.4037 0.5243 0.7498
vn -0.8900 -0.2714 0.3664
vn -0.6789 0.2980 0.6710
vn -0.8865 -0.2783 0.3698
vn -0.6876 0.2737 0.6725
vn -0.6980 0.2153 0.6830
vn -0.6981 0.2309 0.6777
vn -0.5785 0.5291 0.6208
vn -0.8428 -0.1764 0.5085
vn -0.6916 0.3070 0.6538
vn -0.8307 -0.1448 0.5375
vn -0.7001 0.2819 0.6560
vn -0.7109 0.2281 0.6653
vn -0.7099 0.2436 0.6608
vn -0.5981 0.5198 0.6100
vn -0.8848 -0.2517 0.3921
vn -0.7016 0.2904 0.6507
vn -0.8795 -0.2557 0.4014
vn -0.7125 0.2598 0.6518
vn -0.7237 0.1989 0.6608
vn -0.7213 0.2221 0.6560
vn -0.6064 0.5127 0.6078
vn -0.8410 -0.2179 0.4952
vn -0.6983 0.2678 0.6638
vn -0.8309 -0.1973 0.5202
vn -0.7113 0.2314 0.6637
vn -0.7057 0.6006 0.3757
vn -0.6957 0.3739 0.6133
vn -0.6876 0.3807 0.6183
vn -0.7214 0.1669 0.6721
vn -0.7178 0.1981 0.6674
vn -0.5950 0.5045 0.6257
vn -0.7086 0.3393 0.6187
vn -0.6058 0.4606 0.6487
vn -0.6992 0.3436 0.6270
vn -0.3762 0.6579 0.6524
vn -0.2205 0.9033 0.3679
vn -0.1371 0.9099 0.3914
vn 0.7100 -0.1478 0.6885
vn 0.6964 -0.1699 0.6973
vn 0.7386 0.1869 0.6477
vn 0.6353 -0.5567 0.5352
vn 0.7244 -0.0797 0.6848
vn 0.6316 -0.5859 0.5077
vn 0.7168 -0.1105 0.6885
vn 0.5894 -0.4573 0.6660
vn 0.1292 -0.8957 0.4255
vn 0.5821 -0.4690 0.6643
vn 0.1155 -0.8983 0.4239
vn 0.7251 -0.1301 0.6762
vn 0.7173 -0.1442 0.6816
vn 0.7492 0.1926 0.6338
vn 0.6570 -0.6304 0.4134
vn 0.7387 -0.0633 0.6711
vn 0.6620 -0.6364 0.3960
vn 0.7354 -0.0871 0.6720
vn 0.7208 -0.1043 0.6853
vn 0.7178 -0.1199 0.6859
vn 0.7491 0.1924 0.6339
vn 0.7079 -0.1111 0.6975
vn 0.6999 -0.1247 0.7033
vn 0.7342 0.2219 0.6416
vn 0.6528 -0.5092 0.5608
vn 0.7335 -0.0421 0.6784
vn 0.6532 -0.5421 0.5286
vn 0.7336 -0.0693 0.6760
vn 0.6472 -0.6573 0.3861
vn 0.7214 -0.0456 0.6910
vn 0.6555 -0.6545 0.3767
vn 0.7181 -0.0707 0.6923
vn 0.7862 -0.0279 0.6174
vn 0.7554 0.1216 0.6439
vn 0.7890 -0.0340 0.6135
vn 0.7930 0.0102 0.6092
vn 0.7932 0.0026 0.6089
vn 0.9044 0.2021 0.3758
vn 0.9357 -0.2680 0.2295
vn 0.7147 -0.4748 0.5135
vn 0.7086 -0.4708 0.5255
vn 0.9240 -0.3031 0.2333
vn -0.9848 0.1541 -0.0806
vn -0.7983 0.3857 -0.4625
vn -0.7984 0.3862 -0.4620
vn -0.8237 0.2934 0.4852
vn -0.9884 0.1409 0.0561
vn -0.8237 0.2940 0.4848
vn -0.6702 0.7291 -0.1386
vn -0.7064 0.6877 -0.1673
vn -0.7211 0.4592 -0.5188
vn -0.7008 0.4906 -0.5178
vn -0.5970 0.8016 -0.0307
vn -0.6406 0.7632 0.0847
vn -0.6417 0.7622 0.0848
vn -0.7068 0.6650 0.2412
vn -0.6655 0.7165 0.2092
vn -0.7546 0.3566 0.5508
vn -0.7453 0.3704 0.5544
vn -0.7690 0.3161 0.5556
vn -0.7017 0.4655 0.5394
vn -0.7648 0.3228 0.5576
vn -0.6397 0.7674 0.0425
vn -0.6016 0.7847 0.1496
vn -0.6406 0.7667 0.0422
vn -0.8241 -0.1220 0.5531
vn -0.9026 -0.3957 0.1695
vn -0.9076 -0.3870 0.1628
vn -0.8201 -0.0965 0.5640
vn -0.7940 0.0164 -0.6077
vn -0.8018 -0.0193 -0.5973
vn -0.8890 -0.3627 -0.2795
vn -0.8982 -0.3513 -0.2643
vn -0.7355 0.4152 -0.5354
vn -0.7333 0.4153 -0.5383
vn -0.6445 0.6092 -0.4621
vn -0.6620 0.7284 0.1764
vn -0.6469 0.7606 0.0549
vn -0.6625 0.7313 0.1623
vn -0.6459 0.7613 0.0565
vn -0.6469 0.7603 0.0586
vn -0.6545 0.7555 -0.0291
vn -0.6460 0.7612 0.0573
vn -0.6590 0.7483 -0.0765
vn -0.7273 0.4988 0.4715
vn -0.6602 0.7384 0.1374
vn -0.6636 0.7324 0.1526
vn -0.7309 0.5197 0.4424
vn -0.7069 0.5997 -0.3750
vn -0.7149 0.5817 -0.3879
vn -0.6593 0.7512 -0.0308
vn -0.7836 -0.0081 -0.6212
vn -0.7932 -0.0389 -0.6078
vn -0.8820 -0.3564 -0.3084
vn -0.8867 -0.3610 -0.2889
vn -0.8248 -0.1690 0.5395
vn -0.8952 -0.4047 0.1866
vn -0.8989 -0.4053 0.1662
vn -0.8202 -0.1523 0.5515
vn -0.7017 0.3326 0.6301
vn -0.7265 0.5604 0.3976
vn -0.7232 0.5585 0.4063
vn -0.7048 0.6312 -0.3238
vn -0.6691 0.4541 -0.5883
vn -0.7062 0.6189 -0.3438
vn -0.6475 0.7598 0.0591
vn -0.6305 0.7762 0.0019
vn -0.6315 0.7753 -0.0037
vn -0.6465 0.7602 0.0644
vn -0.6317 0.7752 -0.0021
vn -0.7215 0.5870 -0.3671
vn -0.6320 0.7750 -0.0022
vn -0.6938 0.6771 -0.2454
vn -0.7168 0.6491 -0.2548
vn -0.7137 0.4990 -0.4916
vn -0.7124 0.5002 -0.4922
vn -0.7631 0.4529 0.4611
vn -0.6349 0.7635 0.1182
vn -0.6352 0.7633 0.1182
vn -0.7445 0.5771 0.3356
vn -0.7219 0.5917 0.3588
vn -0.7619 0.3489 0.5457
vn -0.7401 0.3797 0.5551
vn -0.6347 0.7643 0.1139
vn -0.6472 0.7606 0.0511
vn -0.6334 0.7646 0.1189
vn -0.6459 0.7613 0.0560
vn -0.7827 0.2842 0.5537
vn -0.6727 0.5250 0.5215
vn -0.7778 0.2909 0.5572
vn -0.7435 0.4326 -0.5100
vn -0.7292 0.4542 -0.5119
vn -0.6374 0.6328 -0.4396
vn -0.6604 0.7243 0.1980
vn -0.6470 0.7606 0.0536
vn -0.6631 0.7167 0.2159
vn -0.6459 0.7613 0.0563
vn -0.6472 0.7599 0.0604
vn -0.6543 0.7485 -0.1082
vn -0.6460 0.7612 0.0575
vn -0.6570 0.7485 -0.0902
vn -0.7729 0.3998 0.4928
vn -0.6594 0.7354 0.1560
vn -0.6554 0.7376 0.1623
vn -0.7481 0.4685 0.4699
vn -0.7325 0.5445 0.4087
vn -0.7326 0.5041 0.4573
vn -0.7468 0.3611 0.5584
vn -0.7297 0.3852 0.5649
vn -0.6583 0.7513 -0.0471
vn -0.7231 0.5764 -0.3807
vn -0.6497 0.7584 -0.0515
vn -0.7207 0.5927 -0.3596
vn -0.6996 0.5155 -0.4948
vn -0.7009 0.5080 -0.5007
vn -0.7248 0.4564 -0.5162
vn -0.7128 0.4790 -0.5123
vn -0.6324 0.6270 -0.4548
vn -0.1580 0.9716 -0.1761
vn -0.3296 0.7754 -0.5387
vn -0.3428 0.7775 -0.5273
vn -0.3815 0.6492 0.6581
vn -0.1724 0.9202 0.3514
vn -0.3899 0.6533 0.6490
vn -0.7653 0.3065 0.5660
vn -0.6638 0.5178 0.5396
vn -0.7604 0.3131 0.5690
vn -0.8999 -0.4350 0.0318
vn -0.8686 -0.1936 0.4561
vn -0.8989 -0.4367 0.0365
vn -0.8704 -0.2009 0.4495
vn -0.8938 -0.4160 -0.1675
vn -0.8434 -0.1126 -0.5253
vn -0.8450 -0.1144 -0.5224
vn -0.8927 -0.4166 -0.1720
vn -0.8910 -0.4119 -0.1910
vn -0.9039 -0.4238 -0.0579
vn -0.8913 -0.4115 -0.1906
vn -0.9038 -0.4240 -0.0575
vn -0.9034 -0.4223 -0.0741
vn -0.8987 -0.4356 0.0510
vn -0.9033 -0.4225 -0.0746
vn -0.8984 -0.4361 0.0515
vn -0.8897 -0.3316 -0.3138
vn -0.9038 -0.4244 -0.0548
vn -0.8816 -0.3308 -0.3367
vn -0.9038 -0.4244 -0.0545
vn -0.9033 -0.4224 -0.0757
vn -0.8969 -0.3688 0.2440
vn -0.9033 -0.4222 -0.0760
vn -0.9002 -0.3756 0.2207
vn -0.8875 -0.3895 -0.2464
vn -0.8302 -0.0412 -0.5559
vn -0.8372 -0.0662 -0.5429
vn -0.8872 -0.3898 -0.2468
vn -0.8962 -0.4251 0.1268
vn -0.8622 -0.1751 0.4753
vn -0.8949 -0.4254 0.1346
vn -0.8649 -0.1829 0.4675
vn -0.8853 -0.3855 -0.2602
vn -0.9035 -0.4272 -0.0351
vn -0.8858 -0.3851 -0.2589
vn -0.9031 -0.4287 -0.0260
vn -0.9023 -0.4229 -0.0833
vn -0.8944 -0.4234 0.1440
vn -0.9022 -0.4243 -0.0770
vn -0.8950 -0.4241 0.1382
vn -0.8776 -0.3436 -0.3342
vn -0.9038 -0.4259 -0.0428
vn -0.8731 -0.3252 -0.3633
vn -0.9037 -0.4260 -0.0424
vn -0.9031 -0.4230 -0.0737
vn -0.8898 -0.3847 0.2455
vn -0.9031 -0.4229 -0.0746
vn -0.8926 -0.3972 0.2133
vn -0.1796 -0.9596 -0.2167
vn -0.1784 -0.9788 -0.1006
vn -0.1799 -0.9594 -0.2171
vn -0.1792 -0.9787 -0.1002
vn -0.1783 -0.9789 -0.0997
vn -0.1781 -0.9837 0.0251
vn -0.1784 -0.9836 0.0258
vn -0.1794 -0.9787 -0.1003
vn 0.0968 -0.7972 -0.5959
vn -0.1804 -0.9603 -0.2130
vn 0.0850 -0.8040 -0.5886
vn -0.1791 -0.9596 -0.2172
vn 0.0580 -0.9028 0.4261
vn -0.1788 -0.9836 0.0217
vn 0.0691 -0.8977 0.4351
vn -0.1776 -0.9838 0.0257
vn 0.6203 -0.6972 -0.3594
vn 0.6033 -0.7966 -0.0384
vn 0.6155 -0.7156 -0.3303
vn 0.6032 -0.7967 -0.0377
vn 0.6043 -0.7937 -0.0697
vn 0.6027 -0.7557 0.2564
vn 0.6035 -0.7646 0.2262
vn 0.6042 -0.7937 -0.0706
vn 0.6037 -0.7932 -0.0796
vn 0.5907 -0.7933 0.1475
vn 0.5899 -0.7936 0.1492
vn 0.6029 -0.7945 -0.0732
vn 0.6024 -0.7539 -0.2622
vn 0.6024 -0.7976 -0.0304
vn 0.6023 -0.7560 -0.2562
vn 0.6012 -0.7988 -0.0214
vn 0.7102 -0.4254 -0.5609
vn 0.6023 -0.7606 -0.2422
vn 0.7068 -0.4536 -0.5429
vn 0.6015 -0.7588 -0.2497
vn 0.6754 -0.5670 0.4715
vn 0.5905 -0.7952 0.1376
vn 0.6776 -0.5512 0.4869
vn 0.5904 -0.7953 0.1376
vn 0.6290 -0.7021 -0.3338
vn 0.6041 -0.7953 -0.0504
vn 0.6307 -0.7082 -0.3172
vn 0.6042 -0.7953 -0.0500
vn 0.6047 -0.7932 -0.0716
vn 0.6117 -0.7483 0.2566
vn 0.6176 -0.7537 0.2246
vn 0.6048 -0.7931 -0.0719
vn 0.6899 -0.4861 -0.5365
vn 0.5990 -0.7822 -0.1711
vn 0.6921 -0.4913 -0.5288
vn 0.5979 -0.7823 -0.1747
vn 0.6695 -0.5836 0.4595
vn 0.5900 -0.8063 0.0427
vn 0.6692 -0.5747 0.4711
vn 0.5884 -0.8072 0.0467
vn 0.5991 -0.7767 -0.1943
vn 0.5998 -0.7983 -0.0539
vn 0.5986 -0.7770 -0.1950
vn 0.5997 -0.7985 -0.0533
vn 0.6002 -0.7967 -0.0706
vn 0.5886 -0.8060 0.0621
vn 0.5880 -0.8064 0.0628
vn 0.6001 -0.7968 -0.0713
vn -0.3260 0.6893 -0.6470
vn -0.8584 0.3202 -0.4007
vn -0.8582 0.3139 -0.4061
vn -0.3384 0.6809 -0.6495
vn -0.6491 0.4297 -0.6277
vn -0.8669 -0.1953 -0.4586
vn -0.8628 -0.2062 -0.4615
vn -0.6518 0.4137 -0.6356
vn -0.6627 0.3492 -0.6625
vn -0.5171 0.6816 -0.5177
vn -0.6701 0.3579 -0.6503
vn -0.6580 0.4302 -0.6180
vn -0.8106 -0.0507 -0.5834
vn -0.6637 0.4121 -0.6242
vn -0.8236 -0.0856 -0.5607
vn -0.6733 0.3633 -0.6440
vn -0.5676 0.6308 -0.5291
vn -0.6752 0.3702 -0.6380
vn -0.6551 0.4369 -0.6163
vn -0.8629 -0.1526 -0.4818
vn -0.8544 -0.1425 -0.4997
vn -0.6609 0.4191 -0.6225
vn -0.6708 0.3692 -0.6433
vn -0.5664 0.6370 -0.5229
vn -0.6729 0.3759 -0.6371
vn -0.6467 0.4184 -0.6377
vn -0.7975 -0.0650 -0.5998
vn -0.6577 0.3877 -0.6458
vn -0.8133 -0.0990 -0.5733
vn -0.6646 0.4878 -0.5660
vn -0.6869 0.6633 -0.2969
vn -0.6563 0.4954 -0.5690
vn -0.6666 0.3332 -0.6668
vn -0.5542 0.6323 -0.5413
vn -0.6647 0.3551 -0.6573
vn -0.6766 0.4560 -0.5782
vn -0.6668 0.4616 -0.5851
vn -0.5730 0.5803 -0.5787
vn -0.1209 0.9691 -0.2151
vn -0.2053 0.9585 -0.1978
vn -0.3249 0.7834 -0.5298
vn 0.7437 0.0155 -0.6684
vn 0.7685 0.3213 -0.5533
vn 0.7363 0.0030 -0.6767
vn 0.7565 0.0775 -0.6494
vn 0.6681 -0.4270 -0.6093
vn 0.6683 -0.4673 -0.5788
vn 0.7533 0.0531 -0.6555
vn 0.1562 -0.7974 -0.5829
vn 0.6366 -0.3094 -0.7064
vn 0.6401 -0.3075 -0.7041
vn 0.1425 -0.8002 -0.5826
vn 0.7572 0.0326 -0.6523
vn 0.7784 0.3240 -0.5377
vn 0.7519 0.0274 -0.6587
vn 0.7694 0.0925 -0.6321
vn 0.6851 -0.5251 -0.5049
vn 0.6896 -0.5408 -0.4816
vn 0.7664 0.0742 -0.6380
vn 0.7566 0.0262 -0.6533
vn 0.7807 0.3074 -0.5441
vn 0.7515 0.0209 -0.6594
vn 0.7461 0.0189 -0.6656
vn 0.7602 0.3833 -0.5245
vn 0.7398 0.0218 -0.6725
vn 0.7687 0.0850 -0.6339
vn 0.6899 -0.4139 -0.5939
vn 0.6839 -0.4601 -0.5662
vn 0.7657 0.0667 -0.6397
vn 0.7602 0.0885 -0.6437
vn 0.6651 -0.5773 -0.4737
vn 0.6751 -0.5724 -0.4653
vn 0.7594 0.0805 -0.6456
vn 0.8185 0.0950 -0.5666
vn 0.8206 0.0809 -0.5657
vn 0.7913 0.2359 -0.5640
vn 0.9222 0.2652 -0.2816
vn 0.8243 0.1149 -0.5543
vn 0.8242 0.1299 -0.5512
vn 0.7594 -0.3486 -0.5493
vn 0.9479 -0.2233 -0.2271
vn 0.7474 -0.3498 -0.5648
vn 0.9366 -0.2571 -0.2380
vn 0.6687 -0.6837 -0.2921
vn 0.7036 -0.3649 -0.6098
vn 0.7040 -0.3310 -0.6283
vn 0.6716 -0.6890 -0.2725
vn 0.6870 -0.4660 0.5576
vn 0.6633 -0.7183 0.2100
vn 0.6920 -0.4418 0.5709
vn 0.6702 -0.7169 0.1920
vn 0.8893 0.4144 0.1934
vn 0.8922 0.4501 0.0369
vn 0.8921 0.4164 0.1756
vn 0.8915 0.4513 0.0397
vn 0.8922 0.4495 0.0440
vn 0.8920 0.4367 -0.1165
vn 0.8945 0.4362 -0.0981
vn 0.8915 0.4512 0.0410
vn 0.7043 -0.4139 0.5768
vn 0.6696 -0.7170 0.1939
vn 0.7067 -0.3905 0.5900
vn 0.6828 -0.7084 0.1788
vn 0.6767 -0.6875 -0.2635
vn 0.7196 -0.3500 -0.5998
vn 0.7258 -0.3058 -0.6162
vn 0.6852 -0.6821 -0.2553
vn 0.8471 0.1422 -0.5120
vn 0.8491 0.1167 -0.5153
vn 0.8288 0.3149 -0.4626
vn 0.8915 0.4291 0.1455
vn 0.8951 0.4252 0.1344
vn 0.8741 0.0812 0.4789
vn 0.8769 0.1496 0.4569
vn 0.8369 0.0591 0.5442
vn 0.8804 0.1943 0.4326
vn 0.8921 0.2233 0.3927
vn 0.8300 0.0888 0.5507
vn 0.8313 0.0101 0.5557
vn 0.8219 0.2341 0.5193
vn 0.8331 0.0022 0.5531
vn 0.8938 0.2303 -0.3848
vn 0.8963 0.2502 -0.3660
vn 0.8967 0.4390 -0.0564
vn 0.8933 0.4445 -0.0670
vn 0.8491 0.1812 -0.4962
vn 0.8470 0.1745 -0.5022
vn 0.8789 0.4660 0.1024
vn 0.8924 0.4500 0.0344
vn 0.8799 0.4651 0.0974
vn 0.8915 0.4513 0.0394
vn 0.8923 0.4490 0.0472
vn 0.8799 0.4747 -0.0191
vn 0.8809 0.4731 -0.0134
vn 0.8915 0.4511 0.0414
vn 0.8809 0.4730 -0.0192
vn 0.8810 0.4727 -0.0192
vn 0.8968 0.2519 -0.3638
vn 0.9041 0.3496 -0.2456
vn 0.8584 0.1609 -0.4871
vn 0.9170 0.3027 -0.2596
vn 0.8542 0.1632 -0.4936
vn 0.8553 0.1135 -0.5055
vn 0.8567 0.0875 -0.5083
vn 0.8358 0.3185 -0.4472
vn 0.8798 0.4643 0.1022
vn 0.8874 0.1372 0.4402
vn 0.8799 0.4640 0.1022
vn 0.8458 0.0337 0.5324
vn 0.9003 0.2784 0.3345
vn 0.9154 0.2459 0.3187
vn 0.8369 0.0795 0.5415
vn 0.8381 -0.0251 0.5449
vn 0.8304 0.2334 0.5059
vn 0.8402 -0.0253 0.5417
vn 0.8937 0.4264 0.1396
vn 0.8921 0.4502 0.0383
vn 0.8964 0.4132 0.1604
vn 0.8915 0.4513 0.0399
vn 0.8921 0.4500 0.0421
vn 0.8967 0.4402 -0.0459
vn 0.8985 0.4308 -0.0840
vn 0.8915 0.4512 0.0407
vn 0.8602 0.4927 0.1315
vn 0.8880 0.4591 0.0258
vn 0.8885 0.4581 0.0257
vn 0.8873 0.4561 0.0680
vn 0.8618 0.5050 -0.0481
vn 0.8880 0.4548 0.0681
vn 0.6291 -0.4187 0.6549
vn 0.6119 -0.4306 0.6634
vn 0.8106 -0.1725 0.5596
vn 0.8942 0.2802 -0.3491
vn 0.8893 0.2647 -0.3729
vn 0.9000 0.4341 -0.0394
vn 0.7972 0.1351 -0.5884
vn 0.8951 0.4261 0.1312
vn 0.8985 0.4218 0.1219
vn 0.8807 0.2133 0.4229
vn 0.8814 0.2050 0.4256
vn 0.7856 0.0457 0.6171
vn 0.6460 -0.3131 -0.6962
vn 0.8373 -0.0563 -0.5438
vn 0.6394 -0.3094 -0.7039
vn 0.8389 0.0170 0.5441
vn 0.8331 0.1745 0.5248
vn 0.8399 0.0091 0.5426
vn 0.9009 0.4083 -0.1474
vn 0.8464 0.1279 -0.5169
vn 0.9197 0.3476 -0.1825
vn 0.8398 0.1584 -0.5192
vn 0.8411 0.0825 -0.5346
vn 0.8427 0.0743 -0.5333
vn 0.8358 0.2898 -0.4663
vn 0.8422 0.0518 0.5367
vn 0.8930 0.4092 0.1872
vn 0.9109 0.3442 0.2274
vn 0.8385 0.0692 0.5405
vn 0.7380 -0.4331 0.5174
vn 0.8486 -0.2629 0.4592
vn 0.7358 -0.4411 0.5138
vn 0.7583 -0.3397 -0.5564
vn 0.7500 -0.3559 -0.5576
vn 0.8715 -0.1587 -0.4639
vn 0.9952 -0.0627 -0.0751
vn 0.8796 -0.3558 0.3158
vn 0.8840 -0.3221 0.3389
vn 0.9978 -0.0629 -0.0221
vn 0.8855 -0.3080 -0.3480
vn 0.9931 -0.0746 0.0906
vn 0.8902 -0.2711 -0.3661
vn 0.9970 -0.0672 0.0380
vn 0.9947 -0.1016 -0.0158
vn 0.9954 -0.0565 0.0775
vn 0.9948 -0.0486 0.0892
vn 0.9952 -0.0939 -0.0265
vn 0.9968 -0.0467 -0.0646
vn 0.9941 -0.1043 0.0314
vn 0.9967 -0.0367 -0.0724
vn 0.9943 -0.0987 0.0404
vn -0.6584 0.7359 0.1580
vn -0.7728 0.5519 -0.3133
vn -0.6664 0.7369 0.1134
vn -0.7824 0.5465 -0.2985
vn -0.6505 0.7578 -0.0505
vn -0.7014 0.7099 0.0641
vn -0.6634 0.7464 -0.0529
vn -0.7582 0.5470 0.3549
vn -0.6515 0.7562 -0.0617
vn -0.6640 0.7477 -0.0064
vn -0.7805 0.5255 0.3387
vn -0.6652 0.7322 0.1463
vn -0.7016 0.7115 0.0403
vn -0.6564 0.7402 0.1461
vn -0.7747 0.5190 -0.3611
vn -0.6955 0.7185 0.0027
vn -0.7842 0.5053 -0.3600
vn -0.6962 0.7124 0.0881
vn -0.7970 0.4060 0.4472
vn -0.8035 0.4235 0.4185
vn -0.3787 0.5268 0.7610
vn -0.3568 0.5374 0.7641
vn -0.0945 0.7011 0.7068
vn -0.3269 0.6549 -0.6814
vn -0.0263 0.8168 -0.5764
vn -0.3139 0.6572 -0.6852
vn -0.3874 0.6424 0.6613
vn -0.2055 0.7540 0.6239
vn -0.3851 0.6511 0.6540
vn -0.3517 0.7448 -0.5671
vn -0.3449 0.7526 -0.5609
vn -0.1346 0.8554 -0.5001
vn 0.9061 0.2281 -0.3563
vn 0.8820 0.4713 -0.0015
vn 0.9012 0.2543 -0.3509
vn 0.8813 0.4651 0.0842
vn 0.9010 0.1484 0.4076
vn 0.8923 0.1411 0.4289
vn 0.8883 0.4577 0.0363
vn 0.8609 0.4886 0.1419
vn 0.8519 0.5038 0.1427
vn 0.8625 0.5028 -0.0568
vn 0.8878 0.4563 0.0595
vn 0.8535 0.5181 -0.0555
vn 0.9132 0.2718 -0.3035
vn 0.8524 0.4996 0.1545
vn 0.9068 0.2867 -0.3091
vn 0.8633 0.4929 0.1088
vn 0.8535 0.5168 -0.0665
vn 0.9068 0.2584 0.3331
vn 0.8950 0.2866 0.3418
vn 0.8636 0.5041 -0.0106
vn -0.8925 0.1716 0.4171
vn -0.8931 0.1785 0.4129
vn -0.4192 0.5292 0.7377
vn -0.4384 0.5092 0.7406
vn -0.8607 -0.3341 0.3841
vn -0.6947 0.2588 0.6711
vn -0.8566 -0.3406 0.3876
vn -0.7014 0.2340 0.6733
vn -0.7068 0.1751 0.6854
vn -0.7082 0.1906 0.6798
vn -0.6144 0.4960 0.6136
vn -0.8202 -0.2318 0.5230
vn -0.7084 0.2662 0.6537
vn -0.8105 -0.1986 0.5510
vn -0.7146 0.2407 0.6568
vn -0.7207 0.1864 0.6677
vn -0.7213 0.2018 0.6626
vn -0.6332 0.4848 0.6033
vn -0.8570 -0.3134 0.4091
vn -0.7170 0.2487 0.6512
vn -0.8512 -0.3167 0.4185
vn -0.7252 0.2174 0.6533
vn -0.7312 0.1562 0.6640
vn -0.7309 0.1794 0.6585
vn -0.6409 0.4771 0.6014
vn -0.8151 -0.2734 0.5107
vn -0.7116 0.2272 0.6648
vn -0.8065 -0.2512 0.5352
vn -0.7215 0.1897 0.6659
vn -0.7495 0.5501 0.3683
vn -0.7184 0.3314 0.6116
vn -0.7109 0.3392 0.6162
vn -0.7262 0.1247 0.6761
vn -0.7253 0.1559 0.6705
vn -0.6287 0.4702 0.6194
vn -0.7283 0.2961 0.6180
vn -0.6355 0.4262 0.6438
vn -0.7192 0.3013 0.6260
vn -0.4232 0.6419 0.6394
vn -0.2912 0.8916 0.3467
vn -0.2085 0.9057 0.3690
vn 0.7265 -0.0699 0.6836
vn 0.7149 -0.0925 0.6931
vn 0.7268 0.2653 0.6336
vn 0.6847 -0.4873 0.5420
vn 0.7352 -0.0007 0.6779
vn 0.6830 -0.5176 0.5153
vn 0.7302 -0.0318 0.6825
vn 0.6317 -0.3887 0.6707
vn 0.2073 -0.8700 0.4473
vn 0.6255 -0.4010 0.6693
vn 0.1939 -0.8738 0.4460
vn 0.7400 -0.0513 0.6707
vn 0.7335 -0.0657 0.6765
vn 0.7370 0.2711 0.6192
vn 0.7111 -0.5624 0.4220
vn 0.7479 0.0165 0.6636
vn 0.7165 -0.5683 0.4044
vn 0.7466 -0.0076 0.6652
vn 0.7337 -0.0256 0.6790
vn 0.7320 -0.0414 0.6801
vn 0.7367 0.2711 0.6195
vn 0.7214 -0.0329 0.6917
vn 0.7147 -0.0472 0.6978
vn 0.7194 0.2994 0.6267
vn 0.6983 -0.4380 0.5661
vn 0.7410 0.0372 0.6705
vn 0.7012 -0.4715 0.5348
vn 0.7434 0.0102 0.6688
vn 0.7034 -0.5907 0.3953
vn 0.7294 0.0331 0.6833
vn 0.7114 -0.5875 0.3858
vn 0.7282 0.0079 0.6853
vn 0.7918 0.0541 0.6083
vn 0.7489 0.2012 0.6314
vn 0.7950 0.0481 0.6047
vn 0.7953 0.0926 0.5992
vn 0.7962 0.0849 0.5991
vn 0.8881 0.2866 0.3595
vn 0.9569 -0.1833 0.2252
vn 0.7567 -0.3999 0.5172
vn 0.7504 -0.3962 0.5291
vn 0.9482 -0.2190 0.2300
vn -0.9949 0.0698 -0.0725
vn -0.8321 0.3055 -0.4629
vn -0.8322 0.3061 -0.4623
vn -0.8405 0.2372 0.4872
vn -0.9961 0.0599 0.0646
vn -0.8405 0.2378 0.4868
vn -0.7299 0.6670 -0.1497
vn -0.7628 0.6220 -0.1768
vn -0.7619 0.3836 -0.5219
vn -0.7442 0.4167 -0.5221
vn -0.6619 0.7483 -0.0445
vn -0.7010 0.7095 0.0723
vn -0.7020 0.7085 0.0724
vn -0.7573 0.6104 0.2321
vn -0.7207 0.6643 0.1983
vn -0.7763 0.3078 0.5501
vn -0.7680 0.3225 0.5534
vn -0.7871 0.2663 0.5564
vn -0.7325 0.4204 0.5354
vn -0.7835 0.2735 0.5580
vn -0.7009 0.7127 0.0300
vn -0.6632 0.7359 0.1362
vn -0.7017 0.7119 0.0298
vn -0.8057 -0.1748 0.5659
vn -0.8649 -0.4644 0.1906
vn -0.8706 -0.4563 0.1838
vn -0.8036 -0.1488 0.5762
vn -0.7985 -0.0660 -0.5984
vn -0.8032 -0.1018 -0.5870
vn -0.8585 -0.4425 -0.2592
vn -0.8684 -0.4316 -0.2441
vn -0.7726 0.3382 -0.5373
vn -0.7705 0.3384 -0.5401
vn -0.6974 0.5409 -0.4701
vn -0.7186 0.6755 0.1652
vn -0.7073 0.7056 0.0427
vn -0.7194 0.6780 0.1510
vn -0.7064 0.7064 0.0442
vn -0.7073 0.7054 0.0464
vn -0.7153 0.6976 -0.0410
vn -0.7064 0.7063 0.0450
vn -0.7196 0.6888 -0.0880
vn -0.7616 0.4494 0.4669
vn -0.7179 0.6847 0.1259
vn -0.7206 0.6788 0.1413
vn -0.7672 0.4692 0.4373
vn -0.7579 0.5288 -0.3821
vn -0.7645 0.5097 -0.3946
vn -0.7197 0.6930 -0.0426
vn -0.7863 -0.0899 -0.6113
vn -0.7931 -0.1209 -0.5970
vn -0.8523 -0.4365 -0.2883
vn -0.8564 -0.4409 -0.2687
vn -0.8026 -0.2221 0.5537
vn -0.8566 -0.4723 0.2079
vn -0.8604 -0.4738 0.1877
vn -0.7993 -0.2047 0.5651
vn -0.7207 0.2903 0.6295
vn -0.7667 0.5089 0.3915
vn -0.7630 0.5076 0.4002
vn -0.7580 0.5616 -0.3317
vn -0.7102 0.3809 -0.5921
vn -0.7586 0.5487 -0.3514
vn -0.7078 0.7048 0.0469
vn -0.6927 0.7211 -0.0109
vn -0.6938 0.7200 -0.0164
vn -0.7068 0.7055 0.0522
vn -0.6939 0.7199 -0.0149
vn -0.7714 0.5150 -0.3737
vn -0.6942 0.7196 -0.0149
vn -0.7500 0.6104 -0.2548
vn -0.7707 0.5803 -0.2633
vn -0.7574 0.4247 -0.4959
vn -0.7562 0.4261 -0.4965
vn -0.7935 0.4005 0.4582
vn -0.6950 0.7112 0.1057
vn -0.6953 0.7109 0.1057
vn -0.7866 0.5223 0.3293
vn -0.7650 0.5394 0.3518
vn -0.7829 0.2991 0.5455
vn -0.7636 0.3320 0.5538
vn -0.6949 0.7119 0.1014
vn -0.7077 0.7055 0.0389
vn -0.6936 0.7124 0.1064
vn -0.7064 0.7064 0.0438
vn -0.7982 0.2333 0.5554
vn -0.7089 0.4812 0.5156
vn -0.7938 0.2406 0.5586
vn -0.7819 0.3556 -0.5121
vn -0.7694 0.3782 -0.5148
vn -0.6921 0.5657 -0.4484
vn -0.7164 0.6722 0.1869
vn -0.7075 0.7055 0.0414
vn -0.7183 0.6649 0.2049
vn -0.7064 0.7064 0.0441
vn -0.7076 0.7050 0.0482
vn -0.7153 0.6884 -0.1200
vn -0.7064 0.7063 0.0453
vn -0.7178 0.6888 -0.1019
vn -0.7986 0.3478 0.4912
vn -0.7167 0.6822 0.1445
vn -0.7128 0.6850 0.1507
vn -0.7798 0.4176 0.4664
vn -0.7711 0.4928 0.4032
vn -0.7675 0.4539 0.4526
vn -0.7688 0.3131 0.5576
vn -0.7538 0.3385 0.5633
vn -0.7189 0.6926 -0.0589
vn -0.7722 0.5039 -0.3869
vn -0.7110 0.7004 -0.0634
vn -0.7710 0.5210 -0.3663
vn -0.7448 0.4421 -0.4998
vn -0.7455 0.4344 -0.5054
vn -0.7653 0.3806 -0.5191
vn -0.7551 0.4043 -0.5161
vn -0.6865 0.5602 -0.4636
vn -0.2401 0.9500 -0.1996
vn -0.3982 0.7304 -0.5549
vn -0.4114 0.7318 -0.5433
vn -0.4277 0.6329 0.6454
vn -0.2449 0.9120 0.3292
vn -0.4364 0.6362 0.6363
vn -0.7826 0.2572 0.5669
vn -0.6993 0.4755 0.5338
vn -0.7782 0.2644 0.5696
vn -0.8603 -0.5070 0.0540
vn -0.8450 -0.2524 0.4714
vn -0.8591 -0.5085 0.0588
vn -0.8462 -0.2601 0.4650
vn -0.8577 -0.4931 -0.1458
vn -0.8362 -0.1962 -0.5121
vn -0.8377 -0.1981 -0.5090
vn -0.8566 -0.4936 -0.1503
vn -0.8555 -0.4893 -0.1694
vn -0.8660 -0.4987 -0.0359
vn -0.8558 -0.4889 -0.1690
vn -0.8660 -0.4989 -0.0355
vn -0.8659 -0.4976 -0.0521
vn -0.8588 -0.5070 0.0732
vn -0.8657 -0.4978 -0.0526
vn -0.8585 -0.5075 0.0737
vn -0.8620 -0.4126 -0.2943
vn -0.8659 -0.4992 -0.0328
vn -0.8543 -0.4117 -0.3173
vn -0.8659 -0.4991 -0.0324
vn -0.8657 -0.4977 -0.0538
vn -0.8607 -0.4350 0.2645
vn -0.8658 -0.4975 -0.0540
vn -0.8636 -0.4427 0.2411
vn -0.8544 -0.4682 -0.2255
vn -0.8293 -0.1250 -0.5446
vn -0.8341 -0.1500 -0.5309
vn -0.8541 -0.4685 -0.2258
vn -0.8565 -0.4943 0.1486
vn -0.8400 -0.2330 0.4900
vn -0.8551 -0.4943 0.1565
vn -0.8420 -0.2412 0.4825
vn -0.8526 -0.4645 -0.2394
vn -0.8651 -0.5014 -0.0128
vn -0.8532 -0.4641 -0.2381
vn -0.8645 -0.5026 -0.0039
vn -0.8648 -0.4983 -0.0616
vn -0.8546 -0.4920 0.1658
vn -0.8645 -0.4995 -0.0550
vn -0.8552 -0.4929 0.1600
vn -0.8492 -0.4241 -0.3145
vn -0.8656 -0.5003 -0.0208
vn -0.8465 -0.4061 -0.3442
vn -0.8656 -0.5004 -0.0203
vn -0.8655 -0.4982 -0.0518
vn -0.8523 -0.4503 0.2660
vn -0.8655 -0.4982 -0.0525
vn -0.8543 -0.4639 0.2344
vn -0.1013 -0.9767 -0.1893
vn -0.0974 -0.9926 -0.0728
vn -0.1017 -0.9766 -0.1896
vn -0.0982 -0.9925 -0.0723
vn -0.0973 -0.9927 -0.0718
vn -0.0954 -0.9940 0.0530
vn -0.0957 -0.9940 0.0537
vn -0.0983 -0.9925 -0.0724
vn 0.1569 -0.8023 -0.5759
vn -0.1020 -0.9773 -0.1856
vn 0.1459 -0.8098 -0.5683
vn -0.1008 -0.9767 -0.1897
vn 0.1368 -0.8832 0.4487
vn -0.0962 -0.9941 0.0496
vn 0.1478 -0.8768 0.4576
vn -0.0949 -0.9940 0.0537
vn 0.6726 -0.6529 -0.3483
vn 0.6671 -0.7446 -0.0247
vn 0.6696 -0.6708 -0.3188
vn 0.6670 -0.7447 -0.0241
vn 0.6674 -0.7426 -0.0561
vn 0.6659 -0.6960 0.2687
vn 0.6672 -0.7055 0.2390
vn 0.6674 -0.7425 -0.0570
vn 0.6667 -0.7424 -0.0660
vn 0.6561 -0.7373 0.1612
vn 0.6553 -0.7376 0.1629
vn 0.6661 -0.7435 -0.0598
vn 0.6604 -0.7082 -0.2496
vn 0.6663 -0.7455 -0.0169
vn 0.6606 -0.7102 -0.2435
vn 0.6653 -0.7465 -0.0079
vn 0.7376 -0.3802 -0.5580
vn 0.6611 -0.7144 -0.2294
vn 0.7366 -0.4082 -0.5393
vn 0.6600 -0.7129 -0.2369
vn 0.7248 -0.4961 0.4781
vn 0.6559 -0.7395 0.1513
vn 0.7258 -0.4797 0.4931
vn 0.6558 -0.7396 0.1514
vn 0.6819 -0.6563 -0.3229
vn 0.6676 -0.7436 -0.0368
vn 0.6842 -0.6620 -0.3060
vn 0.6677 -0.7435 -0.0364
vn 0.6678 -0.7421 -0.0580
vn 0.6743 -0.6878 0.2686
vn 0.6803 -0.6936 0.2369
vn 0.6679 -0.7419 -0.0583
vn 0.7226 -0.4417 -0.5318
vn 0.6603 -0.7343 -0.1577
vn 0.7254 -0.4463 -0.5240
vn 0.6591 -0.7345 -0.1613
vn 0.7202 -0.5135 0.4666
vn 0.6553 -0.7532 0.0568
vn 0.7192 -0.5043 0.4780
vn 0.6539 -0.7541 0.0608
vn 0.6597 -0.7294 -0.1811
vn 0.6635 -0.7471 -0.0401
vn 0.6592 -0.7297 -0.1817
vn 0.6635 -0.7472 -0.0395
vn 0.6636 -0.7459 -0.0568
vn 0.6542 -0.7525 0.0762
vn 0.6536 -0.7529 0.0769
vn 0.6635 -0.7460 -0.0576
vn -0.3886 0.6421 -0.6609
vn -0.8860 0.2369 -0.3987
vn -0.8853 0.2306 -0.4038
vn -0.4002 0.6326 -0.6631
vn -0.6887 0.3572 -0.6309
vn -0.8521 -0.2788 -0.4429
vn -0.8472 -0.2894 -0.4455
vn -0.6902 0.3409 -0.6383
vn -0.6959 0.2750 -0.6634
vn -0.5770 0.6221 -0.5292
vn -0.7038 0.2835 -0.6514
vn -0.6976 0.3573 -0.6211
vn -0.8093 -0.1335 -0.5721
vn -0.7018 0.3386 -0.6268
vn -0.8191 -0.1688 -0.5483
vn -0.7075 0.2885 -0.6452
vn -0.6232 0.5670 -0.5386
vn -0.7099 0.2956 -0.6393
vn -0.6952 0.3644 -0.6196
vn -0.8519 -0.2366 -0.4672
vn -0.8444 -0.2263 -0.4855
vn -0.6995 0.3459 -0.6253
vn -0.7055 0.2946 -0.6446
vn -0.6225 0.5735 -0.5326
vn -0.7080 0.3015 -0.6386
vn -0.6855 0.3459 -0.6407
vn -0.7952 -0.1471 -0.5882
vn -0.6940 0.3142 -0.6478
vn -0.8078 -0.1816 -0.5608
vn -0.7083 0.4155 -0.5706
vn -0.7426 0.5958 -0.3060
vn -0.7007 0.4238 -0.5739
vn -0.6984 0.2586 -0.6673
vn -0.6102 0.5696 -0.5506
vn -0.6983 0.2807 -0.6584
vn -0.7178 0.3825 -0.5818
vn -0.7085 0.3888 -0.5889
vn -0.6248 0.5149 -0.5869
vn -0.2032 0.9495 -0.2390
vn -0.2862 0.9324 -0.2205
vn -0.3942 0.7391 -0.5462
vn 0.7332 0.0589 -0.6774
vn 0.7337 0.3688 -0.5707
vn 0.7268 0.0458 -0.6853
vn 0.7411 0.1222 -0.6602
vn 0.6954 -0.3864 -0.6059
vn 0.6991 -0.4260 -0.5743
vn 0.7398 0.0975 -0.6657
vn 0.2162 -0.7972 -0.5636
vn 0.6530 -0.2748 -0.7057
vn 0.6565 -0.2724 -0.7034
vn 0.2028 -0.8011 -0.5631
vn 0.7455 0.0777 -0.6620
vn 0.7434 0.3726 -0.5555
vn 0.7406 0.0717 -0.6681
vn 0.7527 0.1387 -0.6436
vn 0.7214 -0.4800 -0.4992
vn 0.7274 -0.4947 -0.4755
vn 0.7513 0.1201 -0.6489
vn 0.7454 0.0713 -0.6628
vn 0.7471 0.3561 -0.5612
vn 0.7407 0.0652 -0.6687
vn 0.7354 0.0627 -0.6747
vn 0.7205 0.4307 -0.5435
vn 0.7288 0.0648 -0.6817
vn 0.7527 0.1312 -0.6452
vn 0.7161 -0.3713 -0.5910
vn 0.7142 -0.4172 -0.5620
vn 0.7512 0.1125 -0.6504
vn 0.7438 0.1335 -0.6549
vn 0.7061 -0.5328 -0.4664
vn 0.7158 -0.5270 -0.4582
vn 0.7437 0.1258 -0.6565
vn 0.8022 0.1472 -0.5786
vn 0.8054 0.1332 -0.5775
vn 0.7634 0.2854 -0.5795
vn 0.8941 0.3329 -0.2996
vn 0.8065 0.1677 -0.5670
vn 0.8051 0.1828 -0.5642
vn 0.7803 -0.2993 -0.5491
vn 0.9610 -0.1501 -0.2325
vn 0.7683 -0.3020 -0.5644
vn 0.9524 -0.1850 -0.2424
vn 0.7263 0.5857 -0.3599
vn 0.4651 0.5591 -0.6864
vn 0.4067 0.5419 -0.7355
vn 0.7517 0.5828 -0.3088
vn 0.3657 0.5275 0.7668
vn 0.6552 0.5680 0.4981
vn 0.3086 0.5170 0.7984
vn 0.6845 0.5711 0.4531
vn -0.7882 0.6061 0.1071
vn -0.8017 0.5958 -0.0474
vn -0.7880 0.6081 0.0963
vn -0.8003 0.5973 -0.0526
vn -0.8007 0.5960 -0.0605
vn -0.7628 0.6117 -0.2097
vn -0.7641 0.6135 -0.1994
vn -0.8001 0.5974 -0.0545
vn 0.3058 0.5381 0.7855
vn 0.6443 0.5781 0.5006
vn 0.2363 0.5193 0.8213
vn 0.6747 0.5856 0.4493
vn 0.7308 0.5987 -0.3280
vn 0.4523 0.5752 -0.6816
vn 0.3869 0.5652 -0.7286
vn 0.7447 0.5991 -0.2942
vn -0.3021 0.6055 -0.7363
vn -0.2771 0.6096 -0.7427
vn -0.4678 0.5456 -0.6953
vn -0.7816 0.5964 0.1828
vn -0.7888 0.5932 0.1609
vn -0.4921 0.6632 0.5639
vn -0.5490 0.6679 0.5025
vn -0.3371 0.5786 0.7427
vn -0.4080 0.6598 0.6310
vn -0.4989 0.6348 0.5900
vn -0.3059 0.5907 0.7467
vn -0.3624 0.5836 0.7267
vn -0.5630 0.5253 0.6380
vn -0.3554 0.5835 0.7302
vn -0.4053 0.6574 -0.6352
vn -0.4870 0.6502 -0.5832
vn -0.7549 0.6007 -0.2633
vn -0.7442 0.6047 -0.2837
vn -0.2791 0.6018 -0.7483
vn -0.2428 0.6114 -0.7531
vn -0.8156 0.5785 0.0098
vn -0.8022 0.5955 -0.0432
vn -0.8165 0.5770 0.0191
vn -0.8003 0.5973 -0.0521
vn -0.8005 0.5957 -0.0656
vn -0.8054 0.5806 -0.1192
vn -0.8046 0.5795 -0.1298
vn -0.8001 0.5974 -0.0552
vn -0.8059 0.5796 -0.1209
vn -0.8062 0.5792 -0.1209
vn -0.5563 0.7187 -0.4172
vn -0.4466 0.7054 -0.5505
vn -0.2534 0.6201 -0.7425
vn -0.4511 0.6873 -0.5693
vn -0.2110 0.6324 -0.7453
vn -0.2832 0.6235 -0.7287
vn -0.2582 0.6272 -0.7348
vn -0.4799 0.5535 -0.6807
vn -0.8165 0.5772 0.0115
vn -0.5663 0.7304 0.3819
vn -0.8168 0.5768 0.0114
vn -0.3025 0.5975 0.7426
vn -0.4550 0.7145 0.5315
vn -0.5090 0.6805 0.5271
vn -0.2710 0.6125 0.7426
vn -0.3352 0.6028 0.7241
vn -0.5674 0.5369 0.6243
vn -0.3352 0.6011 0.7255
vn -0.7931 0.6068 0.0520
vn -0.8014 0.5960 -0.0497
vn -0.7859 0.6134 0.0784
vn -0.8002 0.5974 -0.0528
vn -0.8008 0.5961 -0.0572
vn -0.7788 0.6113 -0.1407
vn -0.7652 0.6180 -0.1805
vn -0.8002 0.5973 -0.0541
vn -0.8345 0.5442 0.0868
vn -0.8040 0.5945 -0.0100
vn -0.8059 0.5920 -0.0098
vn -0.7992 0.5963 -0.0761
vn -0.8129 0.5493 -0.1937
vn -0.8011 0.5935 -0.0768
vn 0.1901 0.4353 0.8800
vn 0.2106 0.4263 0.8797
vn -0.0768 0.5940 0.8008
vn -0.4614 0.6438 -0.6105
vn -0.5229 0.6603 -0.5390
vn -0.7560 0.6054 -0.2489
vn -0.2436 0.5519 -0.7975
vn -0.7948 0.6033 0.0659
vn -0.7865 0.6016 0.1398
vn -0.5960 0.6407 0.4840
vn -0.6054 0.6447 0.4668
vn -0.3709 0.5255 0.7657
vn 0.3070 0.4743 -0.8251
vn -0.0036 0.6372 -0.7707
vn 0.3115 0.4729 -0.8242
vn -0.3588 0.5898 0.7234
vn -0.5019 0.5499 0.6677
vn -0.3519 0.5905 0.7263
vn -0.4972 0.7309 -0.4675
vn -0.2087 0.6071 -0.7668
vn -0.5063 0.6983 -0.5060
vn -0.1770 0.6190 -0.7652
vn -0.2356 0.6113 -0.7556
vn -0.2281 0.6115 -0.7577
vn -0.4414 0.5588 -0.7021
vn -0.3399 0.5871 0.7347
vn -0.6199 0.6945 0.3652
vn -0.6150 0.6707 0.4147
vn -0.3172 0.5941 0.7392
vn 0.2324 0.5838 0.7779
vn 0.0534 0.6832 0.7283
vn 0.2392 0.5818 0.7774
vn 0.3216 0.6251 -0.7112
vn 0.3372 0.6177 -0.7105
vn 0.1122 0.7229 -0.6818
vn -0.2203 0.9687 -0.1145
vn 0.0192 0.9298 0.3676
vn 0.0066 0.9693 0.2458
vn -0.1695 0.9635 -0.2070
vn 0.0749 0.9422 -0.3265
vn -0.2389 0.9636 0.1200
vn 0.0429 0.9774 -0.2070
vn -0.2033 0.9543 0.2191
vn -0.1323 0.9895 0.0584
vn -0.1812 0.9700 0.1621
vn -0.2049 0.9691 0.1372
vn -0.1244 0.9889 0.0813
vn -0.1578 0.9778 -0.1376
vn -0.1250 0.9919 -0.0232
vn -0.1839 0.9754 -0.1217
vn -0.1147 0.9926 -0.0398
vn -0.8117 -0.5833 0.0299
vn -0.6053 -0.7318 -0.3132
vn -0.8044 -0.5852 0.1027
vn -0.5547 -0.7363 -0.3876
vn -0.7957 -0.5715 -0.2006
vn -0.7674 -0.6358 -0.0827
vn -0.7872 -0.5836 -0.1994
vn -0.6775 -0.7246 0.1261
vn -0.7968 -0.5772 -0.1788
vn -0.7714 -0.5790 -0.2639
vn -0.6287 -0.7389 0.2425
vn -0.8070 -0.5882 0.0529
vn -0.7705 -0.6358 -0.0452
vn -0.8128 -0.5801 0.0538
vn -0.5022 -0.7253 -0.4708
vn -0.7687 -0.6174 -0.1669
vn -0.4977 -0.7158 -0.4898
vn -0.7838 -0.6207 0.0203
vn -0.5155 -0.7630 0.3901
vn -0.5434 -0.7456 0.3857
vn -0.5396 -0.3616 0.7603
vn -0.5628 -0.3585 0.7448
vn -0.7595 -0.1418 0.6349
vn -0.4330 -0.3222 -0.8418
vn -0.6800 -0.0896 -0.7277
vn -0.4466 -0.3234 -0.8342
vn -0.6773 -0.3732 0.6340
vn -0.8027 -0.2146 0.5565
vn -0.6788 -0.3620 0.6389
vn -0.5751 -0.3448 -0.7419
vn -0.5772 -0.3294 -0.7472
vn -0.7269 -0.1567 -0.6686
vn -0.5298 0.7144 -0.4571
vn -0.8019 0.5790 -0.1475
vn -0.5455 0.7173 -0.4335
vn -0.8168 0.5756 0.0385
vn -0.5769 0.7111 0.4018
vn -0.5578 0.7279 0.3988
vn -0.8013 0.5977 -0.0262
vn -0.8351 0.5457 0.0697
vn -0.8436 0.5323 0.0706
vn -0.8155 0.5500 -0.1803
vn -0.7983 0.5990 -0.0627
vn -0.8234 0.5371 -0.1830
vn -0.5864 0.7240 -0.3634
vn -0.8424 0.5368 0.0470
vn -0.6439 0.7112 -0.2821
vn -0.8323 0.5413 0.1195
vn -0.8246 0.5423 -0.1613
vn -0.6650 0.6989 0.2632
vn -0.7129 0.6871 0.1402
vn -0.7994 0.5487 -0.2446
vn -0.1547 -0.7766 0.6107
vn -0.1524 -0.7747 0.6137
vn -0.5954 -0.2865 0.7506
vn -0.5777 -0.2993 0.7594
vn 0.4424 -0.5923 0.6734
vn -0.2295 -0.5111 0.8283
vn 0.4254 -0.6023 0.6755
vn -0.2216 -0.5079 0.8324
vn -0.2411 -0.5232 0.8174
vn -0.2568 -0.5155 0.8175
vn -0.5519 -0.4774 0.6837
vn 0.2973 -0.5513 0.7796
vn -0.2373 -0.5267 0.8163
vn 0.2382 -0.5538 0.7978
vn -0.2300 -0.5245 0.8198
vn -0.2501 -0.5374 0.8054
vn -0.2657 -0.5306 0.8049
vn -0.5393 -0.4927 0.6829
vn 0.4136 -0.5881 0.6951
vn -0.2123 -0.5340 0.8184
vn 0.3956 -0.5927 0.7016
vn -0.1958 -0.5320 0.8238
vn -0.2188 -0.5461 0.8086
vn -0.2423 -0.5381 0.8073
vn -0.5317 -0.5004 0.6833
vn 0.3488 -0.5366 0.7683
vn -0.1885 -0.5240 0.8306
vn 0.3071 -0.5363 0.7862
vn -0.1631 -0.5218 0.8374
vn -0.5132 -0.6733 0.5322
vn -0.3229 -0.5559 0.7660
vn -0.3314 -0.5504 0.7663
vn -0.1853 -0.5371 0.8229
vn -0.2163 -0.5281 0.8212
vn -0.5234 -0.4858 0.7000
vn -0.3344 -0.5600 0.7580
vn -0.4748 -0.4831 0.7357
vn -0.3449 -0.5584 0.7545
vn -0.6964 -0.3224 0.6412
vn -0.9216 -0.1898 0.3387
vn -0.9301 -0.2433 0.2750
vn -0.2446 0.4733 0.8463
vn -0.2207 0.4788 0.8497
vn -0.5540 0.4153 0.7215
vn 0.2760 0.5174 0.8100
vn -0.2213 0.4690 0.8550
vn 0.3247 0.5186 0.7909
vn -0.2023 0.4627 0.8631
vn 0.1860 0.4713 0.8621
vn 0.7471 0.1635 0.6443
vn 0.2085 0.4448 0.8710
vn 0.7525 0.1687 0.6366
vn -0.2692 0.4836 0.8328
vn -0.2541 0.4918 0.8328
vn -0.5647 0.4241 0.7080
vn 0.3607 0.5858 0.7257
vn -0.2435 0.4793 0.8432
vn 0.3881 0.5840 0.7130
vn -0.2343 0.4769 0.8472
vn -0.2931 0.4698 0.8327
vn -0.2773 0.4829 0.8306
vn -0.5647 0.4242 0.7079
vn -0.2823 0.4602 0.8417
vn -0.2671 0.4692 0.8417
vn -0.5860 0.4031 0.7030
vn 0.2056 0.5220 0.8278
vn -0.2687 0.4656 0.8432
vn 0.2635 0.5284 0.8071
vn -0.2601 0.4687 0.8442
vn 0.3943 0.5916 0.7032
vn -0.2592 0.4553 0.8518
vn 0.4143 0.5865 0.6960
vn -0.2510 0.4522 0.8559
vn -0.3688 0.5303 0.7634
vn -0.4968 0.4455 0.7448
vn -0.3599 0.5275 0.7695
vn -0.3544 0.5228 0.7753
vn -0.3474 0.5240 0.7777
vn -0.5464 0.6314 0.5503
vn 0.1383 0.8936 0.4270
vn 0.2490 0.5860 0.7711
vn 0.2544 0.6011 0.7576
vn 0.1533 0.8562 0.4934
vn 0.2206 -0.9542 -0.2021
vn 0.0032 -0.7955 -0.6060
vn 0.0077 -0.7934 -0.6086
vn -0.0913 -0.8164 0.5703
vn 0.1883 -0.9614 0.2004
vn -0.0870 -0.8146 0.5734
vn -0.4568 -0.7362 -0.4993
vn -0.4738 -0.7048 -0.5280
vn -0.1733 -0.5835 -0.7934
vn -0.1499 -0.5921 -0.7918
vn -0.7846 -0.5825 -0.2123
vn -0.7684 -0.6327 -0.0957
vn -0.7706 -0.6300 -0.0963
vn -0.5775 -0.7148 0.3944
vn -0.5817 -0.7336 0.3514
vn -0.3054 -0.6181 0.7243
vn -0.2831 -0.6235 0.7288
vn -0.3169 -0.6218 0.7162
vn -0.4677 -0.5917 0.6566
vn -0.3240 -0.6217 0.7131
vn -0.7733 -0.6334 -0.0292
vn -0.8063 -0.5874 0.0695
vn -0.7753 -0.6309 -0.0291
vn 0.3415 -0.5582 0.7562
vn 0.6704 -0.5717 0.4730
vn 0.7007 -0.5690 0.4304
vn 0.2715 -0.5499 0.7899
vn 0.4216 -0.5346 -0.7324
vn 0.4780 -0.5406 -0.6923
vn 0.7610 -0.5507 -0.3430
vn 0.7720 -0.5576 -0.3050
vn -0.1996 -0.5878 -0.7840
vn -0.1995 -0.5897 -0.7826
vn -0.4146 -0.5467 -0.7275
vn -0.7578 -0.6499 0.0580
vn -0.7708 -0.6333 -0.0694
vn -0.7582 -0.6508 0.0399
vn -0.7695 -0.6345 -0.0724
vn -0.7702 -0.6332 -0.0765
vn -0.7477 -0.6445 -0.1601
vn -0.7694 -0.6345 -0.0736
vn -0.7318 -0.6488 -0.2088
vn -0.5889 -0.6892 0.4221
vn -0.7587 -0.6401 0.1210
vn -0.7599 -0.6475 0.0565
vn -0.5665 -0.6909 0.4491
vn -0.4809 -0.6675 -0.5685
vn -0.4724 -0.6495 -0.5958
vn -0.7221 -0.6335 -0.2779
vn 0.4333 -0.5121 -0.7416
vn 0.4903 -0.5238 -0.6966
vn 0.7516 -0.5410 -0.3774
vn 0.7768 -0.5386 -0.3264
vn 0.3916 -0.5432 0.7427
vn 0.6834 -0.5562 0.4728
vn 0.7165 -0.5520 0.4265
vn 0.3414 -0.5344 0.7732
vn -0.3461 -0.5567 0.7552
vn -0.5406 -0.6643 0.5162
vn -0.5398 -0.6591 0.5236
vn -0.4449 -0.6397 -0.6268
vn -0.2179 -0.5269 -0.8215
vn -0.4278 -0.6368 -0.6415
vn -0.7704 -0.6332 -0.0751
vn -0.7705 -0.6201 -0.1476
vn -0.7726 -0.6197 -0.1379
vn -0.7695 -0.6330 -0.0850
vn -0.7725 -0.6193 -0.1403
vn -0.5135 -0.7275 -0.4551
vn -0.7729 -0.6188 -0.1403
vn -0.4044 -0.7016 -0.5867
vn -0.4196 -0.6818 -0.5993
vn -0.2233 -0.5936 -0.7731
vn -0.1826 -0.6079 -0.7727
vn -0.5248 -0.7647 0.3739
vn -0.7832 -0.6217 -0.0066
vn -0.7836 -0.6212 -0.0067
vn -0.4757 -0.7167 0.5100
vn -0.4142 -0.7452 0.5225
vn -0.2753 -0.6257 0.7299
vn -0.2371 -0.6392 0.7315
vn -0.7832 -0.6218 0.0001
vn -0.7716 -0.6330 -0.0631
vn -0.7823 -0.6228 -0.0089
vn -0.7696 -0.6345 -0.0717
vn -0.3000 -0.6313 0.7152
vn -0.5398 -0.5780 0.6120
vn -0.3068 -0.6323 0.7114
vn -0.2292 -0.6057 -0.7620
vn -0.2523 -0.5992 -0.7598
vn -0.4517 -0.5487 -0.7035
vn -0.7564 -0.6488 0.0831
vn -0.7711 -0.6332 -0.0670
vn -0.7529 -0.6512 0.0951
vn -0.7696 -0.6345 -0.0721
vn -0.7699 -0.6332 -0.0798
vn -0.7264 -0.6451 -0.2369
vn -0.7694 -0.6345 -0.0740
vn -0.7275 -0.6476 -0.2265
vn -0.4516 -0.6862 0.5703
vn -0.7571 -0.6359 0.1499
vn -0.7412 -0.6467 0.1802
vn -0.5162 -0.7033 0.4887
vn -0.4673 -0.6723 0.5742
vn -0.3711 -0.6874 0.6243
vn -0.3032 -0.6096 0.7324
vn -0.2724 -0.6195 0.7362
vn -0.7179 -0.6323 -0.2913
vn -0.3754 -0.6457 -0.6650
vn -0.7011 -0.6378 -0.3189
vn -0.4538 -0.6485 -0.6112
vn -0.2512 -0.5807 -0.7744
vn -0.2152 -0.5883 -0.7795
vn -0.2490 -0.5886 -0.7691
vn -0.2740 -0.5861 -0.7625
vn -0.4401 -0.5397 -0.7176
vn -0.8768 -0.1601 -0.4535
vn -0.6208 -0.2640 -0.7382
vn -0.6050 -0.2631 -0.7515
vn -0.7171 -0.3048 0.6268
vn -0.9374 -0.1736 0.3019
vn -0.7051 -0.3006 0.6423
vn -0.3208 -0.6150 0.7203
vn -0.5325 -0.5646 0.6306
vn -0.3278 -0.6158 0.7165
vn 0.8084 -0.5435 0.2258
vn 0.5148 -0.6026 0.6098
vn 0.8096 -0.5454 0.2170
vn 0.5147 -0.5987 0.6137
vn 0.8344 -0.5367 -0.1253
vn 0.6168 -0.5735 -0.5391
vn 0.6111 -0.5741 -0.5449
vn 0.8342 -0.5388 -0.1175
vn 0.8370 -0.5401 -0.0881
vn 0.8312 -0.5541 0.0451
vn 0.8375 -0.5392 -0.0888
vn 0.8309 -0.5546 0.0443
vn 0.8292 -0.5546 0.0697
vn 0.8153 -0.5449 0.1960
vn 0.8287 -0.5553 0.0707
vn 0.8149 -0.5458 0.1950
vn 0.7910 -0.5664 -0.2312
vn 0.8313 -0.5544 0.0404
vn 0.7914 -0.5555 -0.2553
vn 0.8314 -0.5543 0.0396
vn 0.8288 -0.5549 0.0722
vn 0.7247 -0.5753 0.3792
vn 0.8287 -0.5549 0.0729
vn 0.7352 -0.5768 0.3560
vn 0.8149 -0.5361 -0.2205
vn 0.5444 -0.5808 -0.6052
vn 0.5651 -0.5807 -0.5861
vn 0.8146 -0.5368 -0.2199
vn 0.7686 -0.5447 0.3355
vn 0.4750 -0.5938 0.6495
vn 0.7662 -0.5440 0.3421
vn 0.4828 -0.5956 0.6420
vn 0.8185 -0.5387 -0.1997
vn 0.8317 -0.5545 0.0291
vn 0.8186 -0.5376 -0.2021
vn 0.8302 -0.5564 0.0344
vn 0.8250 -0.5555 0.1043
vn 0.7714 -0.5441 0.3300
vn 0.8223 -0.5573 0.1148
vn 0.7741 -0.5463 0.3198
vn 0.7948 -0.5482 -0.2602
vn 0.8312 -0.5545 0.0410
vn 0.7832 -0.5476 -0.2946
vn 0.8309 -0.5550 0.0396
vn 0.8269 -0.5552 0.0898
vn 0.7271 -0.5595 0.3978
vn 0.8264 -0.5557 0.0913
vn 0.7441 -0.5592 0.3656
vn 0.9979 0.0484 -0.0431
vn 0.9955 0.0558 0.0764
vn 0.9979 0.0493 -0.0423
vn 0.9955 0.0571 0.0756
vn 0.9948 0.0555 0.0857
vn 0.9760 0.0515 0.2118
vn 0.9761 0.0525 0.2108
vn 0.9946 0.0571 0.0867
vn 0.8383 0.2407 -0.4893
vn 0.9971 0.0491 -0.0586
vn 0.8382 0.2409 -0.4894
vn 0.9975 0.0487 -0.0514
vn 0.7489 0.2208 0.6248
vn 0.9727 0.0520 0.2260
vn 0.7490 0.2208 0.6248
vn 0.9743 0.0516 0.2191
vn 0.7577 0.5912 -0.2762
vn 0.8024 0.5939 0.0588
vn 0.7693 0.5912 -0.2420
vn 0.8021 0.5944 0.0575
vn 0.7981 0.5928 0.1082
vn 0.6991 0.5763 0.4232
vn 0.7122 0.5820 0.3924
vn 0.7975 0.5932 0.1100
vn 0.7961 0.5926 0.1227
vn 0.7466 0.5668 0.3482
vn 0.7471 0.5680 0.3453
vn 0.7934 0.5939 0.1336
vn 0.7929 0.5783 -0.1920
vn 0.8029 0.5943 0.0466
vn 0.7936 0.5806 -0.1820
vn 0.8013 0.5960 0.0523
vn 0.5176 0.6158 -0.5940
vn 0.7900 0.5785 -0.2032
vn 0.5400 0.6200 -0.5692
vn 0.7886 0.5778 -0.2105
vn 0.4559 0.5959 0.6611
vn 0.7414 0.5657 0.3611
vn 0.4392 0.5922 0.6756
vn 0.7411 0.5661 0.3610
vn 0.7617 0.6024 -0.2386
vn 0.8025 0.5938 0.0584
vn 0.7636 0.6071 -0.2199
vn 0.8026 0.5938 0.0576
vn 0.8000 0.5932 0.0906
vn 0.6990 0.5883 0.4066
vn 0.7088 0.5975 0.3749
vn 0.7999 0.5931 0.0913
vn 0.5828 0.6092 -0.5378
vn 0.8059 0.5803 -0.1169
vn 0.5793 0.6138 -0.5363
vn 0.8056 0.5821 -0.1105
vn 0.4852 0.5981 0.6379
vn 0.7818 0.5703 0.2520
vn 0.4820 0.5978 0.6405
vn 0.7826 0.5724 0.2446
vn 0.8094 0.5818 -0.0803
vn 0.8058 0.5888 0.0632
vn 0.8087 0.5829 -0.0792
vn 0.8056 0.5892 0.0621
vn 0.8038 0.5883 0.0885
vn 0.7889 0.5729 0.2223
vn 0.7885 0.5739 0.2210
vn 0.8032 0.5889 0.0899
vn -0.4822 -0.2418 -0.8421
vn -0.0505 -0.7519 -0.6573
vn -0.0532 -0.7539 -0.6548
vn -0.4741 -0.2491 -0.8445
vn -0.0932 -0.4908 -0.8663
vn 0.5521 -0.5657 -0.6125
vn 0.5434 -0.5720 -0.6145
vn -0.0897 -0.4827 -0.8712
vn -0.1149 -0.5022 -0.8571
vn -0.4865 -0.4349 -0.7578
vn -0.1238 -0.4970 -0.8589
vn -0.1025 -0.4968 -0.8618
vn 0.3785 -0.5362 -0.7545
vn -0.1035 -0.4937 -0.8635
vn 0.4346 -0.5333 -0.7258
vn -0.1248 -0.5067 -0.8531
vn -0.4222 -0.4666 -0.7772
vn -0.1326 -0.5010 -0.8552
vn -0.1104 -0.4963 -0.8611
vn 0.5036 -0.5713 -0.6481
vn 0.4697 -0.5773 -0.6679
vn -0.1112 -0.4930 -0.8629
vn -0.1330 -0.5068 -0.8517
vn -0.4325 -0.4692 -0.7699
vn -0.1410 -0.5007 -0.8541
vn -0.0857 -0.4810 -0.8725
vn 0.3979 -0.5141 -0.7598
vn -0.0692 -0.4783 -0.8755
vn 0.4510 -0.5164 -0.7280
vn -0.1956 -0.5274 -0.8268
vn -0.4183 -0.6485 -0.6360
vn -0.2041 -0.5219 -0.8282
vn -0.0903 -0.4938 -0.8649
vn -0.4220 -0.4546 -0.7844
vn -0.1137 -0.4856 -0.8668
vn -0.2078 -0.5318 -0.8210
vn -0.2187 -0.5303 -0.8191
vn -0.3503 -0.4554 -0.8185
vn -0.8738 -0.2308 -0.4281
vn -0.8553 -0.1750 -0.4877
vn -0.5974 -0.2800 -0.7515
vn -0.1380 0.4910 -0.8601
vn -0.4507 0.4361 -0.7789
vn -0.1230 0.4994 -0.8576
vn -0.1142 0.4868 -0.8660
vn 0.3730 0.5437 -0.7518
vn 0.4275 0.5516 -0.7162
vn -0.1050 0.4838 -0.8688
vn 0.8397 0.1842 -0.5108
vn 0.3039 0.5086 -0.8056
vn 0.3119 0.4901 -0.8140
vn 0.8438 0.1891 -0.5022
vn -0.1661 0.4993 -0.8504
vn -0.4632 0.4443 -0.7669
vn -0.1586 0.5061 -0.8478
vn -0.1397 0.4953 -0.8574
vn 0.4444 0.6115 -0.6547
vn 0.4803 0.6103 -0.6300
vn -0.1402 0.4917 -0.8594
vn -0.1583 0.4998 -0.8516
vn -0.4461 0.4506 -0.7733
vn -0.1506 0.5062 -0.8492
vn -0.1483 0.4968 -0.8551
vn -0.5172 0.4160 -0.7480
vn -0.1492 0.5059 -0.8496
vn -0.1321 0.4962 -0.8581
vn 0.3460 0.5662 -0.7481
vn 0.4107 0.5677 -0.7135
vn -0.1325 0.4927 -0.8600
vn -0.1230 0.4906 -0.8627
vn 0.5104 0.6065 -0.6096
vn 0.5212 0.6043 -0.6026
vn -0.1279 0.4859 -0.8646
vn -0.2513 0.5563 -0.7920
vn -0.2342 0.5556 -0.7978
vn -0.3723 0.4788 -0.7951
vn -0.4542 0.6518 -0.6073
vn -0.2210 0.5522 -0.8039
vn -0.2356 0.5495 -0.8016
vn 0.3423 0.6256 -0.7010
vn 0.2021 0.9079 -0.3674
vn 0.3543 0.6346 -0.6868
vn 0.2274 0.8727 -0.4320
vn 0.4563 -0.5349 0.7111
vn 0.5236 -0.4994 0.6903
vn 0.7915 -0.2894 0.5383
vn 0.5243 -0.5427 -0.6562
vn 0.8409 -0.2950 -0.4538
vn 0.5891 -0.5070 -0.6292
vn 0.8242 -0.4959 0.2734
vn 0.4465 -0.6683 0.5950
vn 0.7821 -0.5160 0.3495
vn 0.8126 -0.5195 -0.2642
vn 0.5030 -0.6748 -0.5401
vn 0.8470 -0.4984 -0.1848
vn 0.8926 -0.4485 0.0470
vn 0.8129 -0.5197 -0.2631
vn 0.8473 -0.4984 -0.1833
vn 0.7826 -0.5159 0.3485
vn 0.8246 -0.4958 0.2723
vn -0.4598 0.5862 0.6670
vn -0.0176 0.7592 0.6506
vn 0.0519 0.7762 0.6283
vn 0.1145 0.7690 -0.6289
vn 0.0475 0.7517 -0.6578
vn -0.3842 0.5810 -0.7175
vn 0.0533 0.7762 0.6282
vn -0.0171 0.7590 0.6508
vn 0.3859 0.7832 0.4874
vn 0.1157 0.7690 -0.6287
vn 0.4329 0.7778 -0.4557
vn 0.0480 0.7516 -0.6579
vn -0.1699 0.7687 0.6166
vn -0.4241 0.6723 0.6067
vn -0.3227 0.7363 0.5947
vn -0.3592 0.6617 -0.6581
vn -0.1074 0.7615 -0.6392
vn -0.2617 0.7293 -0.6322
vn 0.3666 0.9303 0.0131
vn 0.2286 0.9096 -0.3470
vn 0.3666 0.9303 0.0129
vn 0.2771 0.9334 -0.2280
vn 0.2537 0.9360 0.2440
vn 0.3665 0.9303 0.0128
vn 0.1935 0.9137 0.3574
vn 0.3665 0.9303 0.0129
vn -0.1797 0.7977 0.5756
vn 0.0525 0.8541 0.5175
vn -0.3222 0.7367 0.5946
vn -0.1210 0.7910 -0.5997
vn -0.2611 0.7296 -0.6320
vn 0.1041 0.8481 -0.5195
vn -0.1066 0.7621 -0.6386
vn -0.3603 0.6612 -0.6581
vn 0.2766 0.9332 -0.2294
vn 0.2532 0.9358 0.2453
vn 0.1930 0.9134 0.3585
vn -0.1689 0.7692 0.6163
vn -0.0162 -0.7101 0.7039
vn 0.4557 -0.5351 0.7114
vn -0.0622 -0.7218 0.6893
vn -0.8399 0.4281 0.3336
vn -0.5107 0.5538 0.6576
vn -0.4603 0.5858 0.6671
vn -0.0176 0.7589 0.6510
vn -0.4598 0.5858 0.6674
vn -0.5101 0.5540 0.6579
vn -0.8701 0.4165 0.2634
vn -0.5112 0.5535 0.6575
vn -0.8398 0.4279 0.3342
vn -0.8022 0.4236 -0.4207
vn -0.4431 0.5456 -0.7113
vn -0.8394 0.4130 -0.3533
vn -0.9276 0.3705 -0.0483
vn -0.8402 0.4280 0.3330
vn -0.8705 0.4165 0.2621
vn -0.8399 0.4130 -0.3521
vn -0.8027 0.4237 -0.4197
vn 0.4454 -0.6686 0.5954
vn 0.1814 -0.7685 0.6136
vn 0.7822 -0.5157 0.3496
vn 0.2537 -0.7641 0.5931
vn 0.3893 -0.7212 0.5730
vn 0.2410 -0.7754 -0.5837
vn 0.5020 -0.6751 -0.5406
vn 0.8126 -0.5198 -0.2637
vn 0.4438 -0.7275 -0.5232
vn 0.3108 -0.7706 -0.5563
vn 0.2412 -0.7758 -0.5831
vn -0.1809 0.7974 0.5757
vn -0.4241 0.6729 0.6061
vn -0.2617 0.7294 -0.6321
vn -0.1223 0.7907 -0.5999
vn -0.3592 0.6618 -0.6580
vn -0.4636 -0.8859 -0.0180
vn -0.4005 -0.8688 0.2911
vn -0.3744 -0.8563 0.3557
vn -0.3701 -0.8723 -0.3196
vn -0.3379 -0.8605 -0.3813
vn 0.4559 -0.5354 0.7110
vn -0.0162 -0.7104 0.7036
vn 0.5225 -0.5002 0.6905
vn -0.3740 -0.8560 0.3569
vn -0.0633 -0.7222 0.6888
vn -0.4003 -0.8685 0.2923
vn -0.0168 -0.7104 0.7036
vn 0.0533 -0.7184 -0.6936
vn 0.5239 -0.5431 -0.6562
vn 0.5882 -0.5079 -0.6294
vn -0.3371 -0.8603 -0.3824
vn 0.0050 -0.7300 -0.6834
vn 0.0528 -0.7184 -0.6936
vn -0.3697 -0.8720 -0.3207
vn 0.4454 -0.6687 0.5954
vn 0.2537 -0.7641 0.5932
vn 0.1818 -0.7682 0.6138
vn 0.2542 -0.7639 0.5931
vn 0.5775 -0.6287 0.5208
vn 0.3904 -0.7207 0.5729
vn 0.5019 -0.6752 -0.5405
vn 0.2416 -0.7750 -0.5839
vn 0.3109 -0.7706 -0.5563
vn 0.3115 -0.7705 -0.5561
vn 0.4449 -0.7270 -0.5230
vn 0.6262 -0.6342 -0.4536
vn 0.5237 -0.5430 -0.6565
vn 0.0534 -0.7182 -0.6938
vn 0.0061 -0.7296 -0.6838
vn -0.3847 0.5806 -0.7176
vn -0.4426 0.5460 -0.7114
vn -0.8024 0.4238 -0.4202
vn -0.3841 0.5807 -0.7178
vn 0.0475 0.7514 -0.6581
vn -0.4420 0.5461 -0.7116
vn 0.4495 -0.5489 0.7048
vn 0.5175 -0.5152 0.6832
vn 0.7894 -0.3122 0.5286
vn 0.5015 -0.5555 -0.6633
vn 0.8270 -0.3170 -0.4643
vn 0.5676 -0.5217 -0.6369
vn 0.8133 -0.5190 0.2631
vn 0.4347 -0.6817 0.5885
vn 0.7715 -0.5381 0.3395
vn 0.7948 -0.5412 -0.2746
vn 0.4778 -0.6872 -0.5472
vn 0.8307 -0.5213 -0.1953
vn 0.8803 -0.4730 0.0357
vn 0.7951 -0.5413 -0.2735
vn 0.8311 -0.5212 -0.1941
vn 0.8803 -0.4731 0.0357
vn 0.7719 -0.5382 0.3384
vn 0.8803 -0.4730 0.0358
vn 0.8137 -0.5190 0.2618
vn -0.4356 0.5972 0.6735
vn 0.0109 0.7580 0.6522
vn 0.0807 0.7731 0.6292
vn 0.1284 0.7669 -0.6288
vn 0.0606 0.7516 -0.6568
vn -0.3763 0.5930 -0.7119
vn 0.0818 0.7731 0.6290
vn 0.0115 0.7578 0.6524
vn 0.4131 0.7711 0.4845
vn 0.1296 0.7669 -0.6285
vn 0.4490 0.7665 -0.4592
vn 0.0612 0.7514 -0.6570
vn -0.1415 0.7717 0.6200
vn -0.3983 0.6824 0.6129
vn -0.2953 0.7437 0.5998
vn -0.3484 0.6729 -0.6526
vn -0.0937 0.7656 -0.6365
vn -0.2487 0.7377 -0.6277
vn 0.3923 0.9198 0.0105
vn 0.2496 0.9037 -0.3479
vn 0.3923 0.9198 0.0104
vn 0.3001 0.9258 -0.2297
vn 0.2823 0.9282 0.2426
vn 0.3923 0.9198 0.0103
vn 0.2228 0.9072 0.3569
vn 0.3922 0.9198 0.0104
vn -0.1509 0.8011 0.5792
vn 0.0821 0.8511 0.5185
vn -0.2948 0.7439 0.5997
vn -0.1060 0.7953 -0.5968
vn -0.2482 0.7379 -0.6276
vn 0.1215 0.8460 -0.5191
vn -0.0929 0.7663 -0.6357
vn -0.3494 0.6724 -0.6526
vn 0.2996 0.9257 -0.2309
vn 0.2818 0.9279 0.2441
vn 0.2224 0.9069 0.3579
vn -0.1404 0.7722 0.6197
vn -0.0277 -0.7109 0.7027
vn 0.4489 -0.5490 0.7050
vn -0.0740 -0.7213 0.6887
vn -0.8239 0.4504 0.3441
vn -0.4876 0.5662 0.6646
vn -0.4362 0.5968 0.6735
vn 0.0109 0.7576 0.6526
vn -0.4355 0.5969 0.6738
vn -0.4870 0.5664 0.6648
vn -0.8552 0.4398 0.2743
vn -0.4881 0.5659 0.6645
vn -0.8237 0.4502 0.3448
vn -0.7950 0.4465 -0.4106
vn -0.4361 0.5592 -0.7051
vn -0.8317 0.4369 -0.3426
vn -0.9175 0.3961 -0.0368
vn -0.8241 0.4503 0.3436
vn -0.8555 0.4399 0.2731
vn -0.8322 0.4368 -0.3415
vn -0.7955 0.4467 -0.4095
vn 0.4337 -0.6820 0.5889
vn 0.1672 -0.7746 0.6100
vn 0.7717 -0.5379 0.3395
vn 0.2393 -0.7722 0.5886
vn 0.3757 -0.7331 0.5669
vn 0.2127 -0.7804 -0.5879
vn 0.4768 -0.6875 -0.5477
vn 0.7948 -0.5415 -0.2741
vn 0.4175 -0.7383 -0.5297
vn 0.2829 -0.7777 -0.5614
vn 0.2129 -0.7808 -0.5874
vn -0.1521 0.8009 0.5791
vn -0.2953 0.7436 0.5998
vn -0.3983 0.6830 0.6123
vn -0.2488 0.7377 -0.6276
vn -0.1074 0.7951 -0.5969
vn -0.4881 -0.8727 -0.0142
vn -0.4211 -0.8580 0.2941
vn -0.3938 -0.8464 0.3584
vn -0.4881 -0.8727 -0.0143
vn -0.3977 -0.8611 -0.3169
vn -0.3657 -0.8501 -0.3790
vn 0.4491 -0.5492 0.7048
vn -0.0277 -0.7112 0.7024
vn 0.5164 -0.5160 0.6834
vn -0.3934 -0.8462 0.3595
vn -0.0752 -0.7216 0.6882
vn -0.4208 -0.8577 0.2953
vn -0.0283 -0.7112 0.7024
vn 0.0254 -0.7181 -0.6955
vn 0.5010 -0.5559 -0.6633
vn 0.5667 -0.5223 -0.6372
vn -0.3652 -0.8498 -0.3801
vn -0.0231 -0.7284 -0.6848
vn 0.0249 -0.7181 -0.6955
vn -0.3974 -0.8608 -0.3181
vn 0.4336 -0.6820 0.5889
vn 0.2393 -0.7721 0.5887
vn 0.1677 -0.7743 0.6102
vn 0.2399 -0.7720 0.5887
vn 0.5659 -0.6456 0.5128
vn 0.3769 -0.7325 0.5669
vn 0.4768 -0.6876 -0.5476
vn 0.2133 -0.7802 -0.5881
vn 0.2830 -0.7777 -0.5613
vn 0.2836 -0.7776 -0.5612
vn 0.4186 -0.7378 -0.5296
vn 0.6029 -0.6504 -0.4621
vn 0.5009 -0.5557 -0.6635
vn 0.0255 -0.7179 -0.6957
vn -0.0220 -0.7280 -0.6852
vn -0.3768 0.5926 -0.7119
vn -0.4355 0.5595 -0.7051
vn -0.7952 0.4467 -0.4100
vn -0.3762 0.5926 -0.7122
vn 0.0606 0.7512 -0.6573
vn -0.4350 0.5597 -0.7053
vn 0.4500 -0.5439 0.7083
vn 0.5177 -0.5090 0.6877
vn 0.7880 -0.3006 0.5373
vn 0.5196 -0.5438 -0.6590
vn 0.8384 -0.3006 -0.4547
vn 0.5848 -0.5089 -0.6317
vn 0.8189 -0.5058 0.2712
vn 0.4391 -0.6765 0.5913
vn 0.7765 -0.5259 0.3472
vn 0.8076 -0.5260 -0.2666
vn 0.4968 -0.6764 -0.5438
vn 0.8422 -0.5058 -0.1867
vn 0.8880 -0.4577 0.0451
vn 0.8079 -0.5261 -0.2655
vn 0.8425 -0.5057 -0.1856
vn 0.7770 -0.5259 0.3460
vn 0.8880 -0.4577 0.0452
vn 0.8194 -0.5057 0.2700
vn -0.4546 0.5866 0.6702
vn -0.0108 0.7553 0.6553
vn 0.0590 0.7717 0.6332
vn 0.1228 0.7717 -0.6240
vn 0.0558 0.7553 -0.6530
vn -0.3776 0.5893 -0.7143
vn 0.0602 0.7717 0.6331
vn -0.0102 0.7551 0.6555
vn 0.3932 0.7763 0.4927
vn 0.1241 0.7718 -0.6237
vn 0.4412 0.7762 -0.4504
vn 0.0563 0.7552 -0.6531
vn -0.1629 0.7665 0.6212
vn -0.4181 0.6727 0.6104
vn -0.3160 0.7358 0.5989
vn -0.3518 0.6694 -0.6543
vn -0.0991 0.7665 -0.6345
vn -0.2536 0.7358 -0.6279
vn 0.3759 0.9265 0.0192
vn 0.2381 0.9094 -0.3410
vn 0.3759 0.9265 0.0191
vn 0.2867 0.9319 -0.2221
vn 0.2627 0.9319 0.2501
vn 0.3758 0.9265 0.0192
vn 0.2022 0.9095 0.3633
vn -0.1723 0.7958 0.5805
vn 0.0605 0.8503 0.5229
vn -0.3155 0.7361 0.5989
vn -0.1125 0.7959 -0.5949
vn -0.2531 0.7361 -0.6278
vn 0.1132 0.8502 -0.5141
vn -0.0983 0.7672 -0.6338
vn -0.3528 0.6689 -0.6543
vn 0.2862 0.9318 -0.2232
vn 0.2623 0.9317 0.2513
vn 0.2018 0.9091 0.3645
vn -0.1619 0.7670 0.6209
vn -0.0243 -0.7144 0.6994
vn 0.4495 -0.5440 0.7085
vn -0.0701 -0.7254 0.6848
vn -0.8360 0.4344 0.3353
vn -0.5059 0.5548 0.6605
vn -0.4552 0.5862 0.6702
vn -0.0108 0.7549 0.6557
vn -0.4546 0.5862 0.6706
vn -0.5054 0.5549 0.6608
vn -0.8662 0.4235 0.2652
vn -0.5064 0.5545 0.6604
vn -0.8358 0.4342 0.3360
vn -0.7974 0.4342 -0.4191
vn -0.4367 0.5545 -0.7084
vn -0.8348 0.4236 -0.3515
vn -0.9238 0.3801 -0.0470
vn -0.8363 0.4342 0.3347
vn -0.9237 0.3801 -0.0470
vn -0.8665 0.4237 0.2639
vn -0.8353 0.4236 -0.3504
vn -0.7979 0.4344 -0.4179
vn 0.4380 -0.6768 0.5917
vn 0.1730 -0.7741 0.6090
vn 0.7766 -0.5257 0.3472
vn 0.2453 -0.7705 0.5884
vn 0.3813 -0.7287 0.5689
vn 0.2339 -0.7741 -0.5883
vn 0.4958 -0.6767 -0.5443
vn 0.8076 -0.5263 -0.2660
vn 0.4370 -0.7288 -0.5271
vn 0.3037 -0.7702 -0.5608
vn 0.2341 -0.7745 -0.5877
vn -0.1735 0.7956 0.5804
vn -0.3160 0.7358 0.5990
vn -0.4181 0.6732 0.6099
vn -0.2536 0.7359 -0.6278
vn -0.1137 0.7956 -0.5951
vn -0.3518 0.6695 -0.6542
vn -0.4724 -0.8810 -0.0240
vn -0.4095 -0.8666 0.2852
vn -0.3834 -0.8547 0.3500
vn -0.4724 -0.8810 -0.0241
vn -0.3784 -0.8665 -0.3254
vn -0.3460 -0.8547 -0.3870
vn 0.4496 -0.5443 0.7082
vn -0.0241 -0.7146 0.6991
vn 0.5167 -0.5098 0.6879
vn -0.3829 -0.8544 0.3513
vn -0.0713 -0.7258 0.6842
vn -0.4093 -0.8663 0.2864
vn -0.0247 -0.7146 0.6991
vn 0.0469 -0.7146 -0.6980
vn 0.5192 -0.5442 -0.6590
vn 0.5839 -0.5096 -0.6320
vn -0.3453 -0.8545 -0.3881
vn -0.0015 -0.7258 -0.6879
vn 0.0464 -0.7146 -0.6980
vn -0.3781 -0.8663 -0.3265
vn 0.2453 -0.7703 0.5887
vn 0.1734 -0.7738 0.6092
vn 0.2460 -0.7701 0.5886
vn 0.5706 -0.6377 0.5175
vn 0.3824 -0.7281 0.5689
vn 0.4958 -0.6768 -0.5442
vn 0.2344 -0.7738 -0.5885
vn 0.3038 -0.7702 -0.5608
vn 0.3044 -0.7701 -0.5606
vn 0.4382 -0.7281 -0.5271
vn 0.6201 -0.6377 -0.4569
vn 0.5190 -0.5441 -0.6592
vn 0.0469 -0.7143 -0.6982
vn -0.0004 -0.7254 -0.6883
vn -0.3780 0.5889 -0.7143
vn -0.4363 0.5548 -0.7084
vn -0.7976 0.4344 -0.4184
vn -0.3774 0.5890 -0.7146
vn 0.0558 0.7549 -0.6535
vn -0.4357 0.5550 -0.7086
vn -0.4422 -0.6154 -0.6525
vn -0.7377 -0.4939 -0.4603
vn -0.3398 -0.6665 0.6635
vn -0.6415 -0.7117 -0.2862
vn -0.2214 -0.8008 0.5565
vn -0.6423 -0.7238 0.2520
vn -0.5942 -0.7358 0.3247
vn -0.6417 -0.7120 -0.2850
vn 0.1897 0.7059 -0.6824
vn 0.2899 0.6531 0.6996
vn -0.6130 0.7862 0.0781
vn -0.4860 0.8265 -0.2839
vn -0.5353 0.8284 -0.1646
vn 0.6777 0.6534 -0.3373
vn 0.2490 0.6893 -0.6803
vn 0.3552 0.6361 0.6849
vn -0.6418 -0.7114 -0.2863
vn -0.2374 -0.7915 -0.5632
vn -0.2203 -0.8009 0.5569
vn 0.1388 0.7776 -0.6132
vn 0.5903 -0.7118 -0.3805
vn 0.5541 -0.7061 -0.4409
vn -0.4411 -0.6157 -0.6529
vn 0.2376 -0.7166 0.6558
vn -0.2640 -0.6830 0.6810
vn -0.3387 -0.6669 0.6637
vn -0.0988 -0.7932 -0.6009
vn -0.4363 -0.7579 -0.4851
vn -0.1535 -0.8338 0.5303
vn 0.2377 -0.7163 0.6560
vn 0.3541 0.6363 0.6854
vn 0.4126 -0.6493 0.6389
vn 0.7163 -0.5202 0.4651
vn 0.6799 -0.5094 -0.5275
vn 0.6661 -0.7193 0.1973
vn 0.6264 -0.7287 0.2766
vn 0.5994 0.6349 -0.4876
vn 0.6188 0.7854 -0.0138
vn 0.4515 0.8162 -0.3606
vn 0.5143 0.8215 -0.2465
vn 0.1057 0.7977 0.5937
vn 0.3387 0.7870 0.5157
vn 0.3394 -0.6647 0.6656
vn -0.2149 0.6722 0.7085
vn -0.2741 0.6563 0.7029
vn 0.2816 -0.7861 0.5503
vn 0.6038 -0.7225 -0.3369
vn 0.1045 0.7979 0.5936
vn -0.0468 0.7793 0.6249
vn -0.6015 -0.7157 -0.3550
vn 0.2893 -0.6500 -0.7027
vn 0.0717 -0.8225 0.5642
vn 0.2122 -0.8194 0.5324
vn -0.0409 -0.7935 -0.6071
vn 0.0294 -0.8100 -0.5857
vn 0.8287 0.5596 -0.0000
vn 0.9590 0.2833 -0.0000
vn 0.9591 0.2830 -0.0000
vn 0.8285 0.5600 -0.0000
vn 0.9981 -0.0621 -0.0000
vn 0.9981 -0.0619 -0.0000
vn 0.9955 -0.0947 -0.0000
vn 0.9955 -0.0946 -0.0000
vn 0.9955 -0.0948 -0.0000
vn 0.9910 -0.1340 -0.0000
vn 0.9910 -0.1337 -0.0000
vn -0.0000 0.9225 -0.3859
vn -0.0000 0.9225 0.3859
vn -0.0000 0.8345 -0.5511
vn -0.0000 0.8345 0.5511
vn -0.0000 -0.6792 0.7339
vn -0.0000 -0.0000 1.0000
vn -0.0000 -0.7381 0.6747
vn -0.0000 -0.2052 0.9787
vn -0.0000 -0.2198 0.9755
vn -0.0000 -0.0315 0.9995
vn -0.0000 0.9224 0.3862
vn -0.0000 0.1491 0.9888
vn -0.0000 0.8342 0.5515
vn -0.8287 -0.5596 -0.0000
vn -0.9590 -0.2836 -0.0000
vn -0.8285 -0.5600 -0.0000
vn -0.9591 -0.2831 -0.0000
vn -0.9981 0.0621 -0.0000
vn -0.9981 0.0619 -0.0000
vn -0.9955 0.0944 -0.0000
vn -0.9955 0.0946 -0.0000
vn -0.9955 0.0948 -0.0000
vn -0.9910 0.1341 -0.0000
vn -0.9910 0.1337 -0.0000
vn -0.0000 -0.6786 -0.7345
vn -0.0000 -0.6786 0.7345
vn -0.0000 -0.7374 -0.6755
vn -0.0000 -0.7374 0.6755
vn -0.0000 -0.0000 -1.0000
vn -0.0000 -0.6792 -0.7339
vn -0.0000 -0.7381 -0.6747
vn -0.0000 -0.2052 -0.9787
vn -0.0000 -0.2203 -0.9754
vn -0.0000 0.1489 -0.9888
vn -0.0000 -0.0315 -0.9995
vn -0.0000 0.8342 -0.5515
vn -0.0000 0.9224 -0.3862
vn 1.0000 -0.0000 -0.0000
vn 0.7950 -0.6066 -0.0000
vn 0.8344 0.5512 -0.0000
vn 0.5122 0.8589 -0.0000
vn 0.8344 0.5511 -0.0000
vn 0.7073 -0.0000 0.7069
vn 0.7073 0.0002 0.7069
vn 0.7073 -0.0000 -0.7069
vn -0.0000 0.7074 -0.7068
vn -0.6287 0.5495 -0.5502
vn -0.0000 1.0000 -0.0000
vn -0.6289 0.7775 -0.0000
vn -0.0000 0.7074 0.7068
vn -0.6288 0.5497 0.5500
vn -0.2441 0.9698 -0.0000
vn -0.9084 0.4182 -0.0000
vn -0.2443 0.9697 -0.0000
vn -0.6287 0.5502 0.5496
vn -0.0000 0.7068 0.7074
vn -0.0000 -0.7068 0.7074
vn -0.6289 -0.0000 0.7775
vn -0.6288 -0.5500 0.5497
vn -0.0000 0.0705 0.9975
vn -0.0000 -0.3629 0.9318
vn -0.0000 0.4876 0.8731
vn -0.0000 -0.3632 0.9317
vn -0.0000 0.4566 0.8897
vn -0.0000 0.3931 0.9195
vn -0.0000 0.3469 0.9379
vn -0.0000 0.3468 0.9379
vn -0.0000 0.3471 0.9378
vn 0.0002 0.7068 0.7074
vn -0.0002 -0.7068 0.7074
vn -0.7068 -0.0000 0.7074
vn 0.7068 -0.0000 0.7074
vn -1.0000 -0.0000 -0.0000
vn -0.6282 -0.5498 -0.5505
vn -0.6282 0.5506 -0.5498
vn -0.6283 0.0006 -0.7780
vn -0.6283 0.7780 0.0005
vn -0.6283 -0.7780 -0.0005
vn -0.6282 -0.5506 0.5498
vn -0.6282 0.5498 0.5505
vn -0.6283 -0.0005 0.7780
vn -0.8532 -0.5215 -0.0000
vn -0.8533 -0.5215 -0.0000
vn -0.9082 0.4185 -0.0000
vn -0.7074 -0.0000 0.7068
vn -0.7074 -0.0000 -0.7068
vn -0.0000 -0.7074 -0.7068
vn -0.6289 -0.7775 -0.0000
vn -0.6288 -0.5497 -0.5500
vn -0.0000 -1.0000 -0.0000
vn -0.6287 -0.5495 0.5502
vn -0.0000 -0.7074 0.7068
vn 0.7953 -0.6063 -0.0000
vn 0.0001 -0.7074 -0.7068
vn 0.0002 -0.7074 0.7068
vn -0.0002 -0.7074 -0.7068
vn -0.0000 -0.7068 -0.7074
vn -0.6287 -0.5502 -0.5496
vn -0.6289 -0.0001 -0.7775
vn -0.0000 0.7068 -0.7074
vn -0.6289 0.5500 -0.5495
vn -0.0000 0.3469 -0.9379
vn -0.0000 0.3930 -0.9196
vn -0.0000 0.3467 -0.9380
vn -0.0000 0.3471 -0.9378
vn -0.0000 0.3477 -0.9376
vn -0.0000 0.4561 -0.8899
vn -0.0000 0.0705 -0.9975
vn -0.0000 -0.3632 -0.9317
vn 0.0002 -0.7068 -0.7074
vn -0.7068 -0.0000 -0.7074
vn 0.7068 -0.0000 -0.7074
vn 0.9244 0.0869 0.3714
vn 0.3847 0.1961 0.9020
vn 0.9244 0.0868 0.3713
vn -0.0000 0.9771 -0.2128
vn -0.0000 0.9771 -0.2127
vn -0.0000 0.9771 -0.2129
vn -0.0000 0.9771 -0.2126
vn -0.0000 0.9770 -0.2130
vn -0.3840 0.1962 0.9023
vn -0.3840 0.1961 0.9023
vn -0.3839 0.1999 0.9015
vn 0.3840 0.1961 0.9023
vn 0.3840 0.1962 0.9023
vn -0.9244 0.0869 0.3714
vn -0.9244 0.0868 0.3714
vn -0.3847 0.1961 0.9020
vn -0.3849 0.1961 0.9019
vn -0.9244 0.0869 0.3713
vn -0.3847 0.1998 0.9012
vn -0.0000 -0.9754 0.2202
vn -0.0000 -0.9754 0.2203
vn -0.0000 -0.9755 0.2202
vn -0.0000 -0.2127 -0.9771
vn 0.8247 0.5656 -0.0000
vn 0.8243 0.5661 -0.0000
vn 0.8247 0.5655 -0.0000
vn 0.8247 -0.5656 -0.0000
vn 0.8247 -0.5655 -0.0000
vn 0.8245 0.5658 -0.0000
vn 0.8244 -0.5660 -0.0000
vn -0.0000 0.5184 0.8551
vn -0.0000 0.4626 0.8865
vn -0.0000 0.4629 0.8864
vn -0.0000 0.4626 0.8866
vn -0.0000 0.4628 0.8865
vn -0.0000 0.4627 0.8865
vn -0.0000 0.4408 0.8976
vn -0.0000 0.0785 0.9969
vn -0.0000 -0.3135 0.9496
vn -0.8247 0.5655 -0.0000
vn -0.8247 0.5656 -0.0000
vn -0.8247 -0.5655 -0.0000
vn -0.8245 -0.5658 -0.0000
vn -0.8247 -0.5656 -0.0000
vn -0.0000 0.5184 -0.8551
vn -0.0000 0.4626 -0.8865
vn -0.0000 0.4626 -0.8866
vn -0.0000 0.4627 -0.8865
vn -0.0000 0.4629 -0.8864
vn 0.8181 0.5750 -0.0000
vn 0.9562 0.2928 -0.0000
vn 0.8186 0.5744 -0.0000
vn 0.9561 0.2931 -0.0000
vn 0.9980 -0.0631 -0.0000
vn 0.9980 -0.0636 -0.0000
vn 0.9954 -0.0955 -0.0000
vn 0.9956 -0.0940 -0.0000
vn 0.6537 -0.7568 -0.0000
vn 0.9633 -0.2685 -0.0000
vn 0.3537 0.0079 -0.9353
vn 0.3558 -0.0553 -0.9329
vn 0.9075 -0.1184 -0.4030
vn 0.3537 0.0079 0.9353
vn 0.9075 -0.1184 0.4030
vn 0.3558 -0.0554 0.9329
vn 0.9221 0.0315 0.3857
vn 0.9079 -0.1184 -0.4022
vn 0.9079 -0.1184 0.4022
vn 0.9225 -0.0000 0.3859
vn 0.9225 -0.0000 -0.3859
vn 0.9219 0.0867 0.3777
vn 0.9218 0.0867 -0.3778
vn 0.9220 0.0315 -0.3858
vn 0.8927 -0.4507 -0.0000
vn 0.9678 0.2518 -0.0000
vn 0.9849 0.1732 -0.0000
vn 0.9849 0.1733 -0.0000
vn 0.9289 -0.3703 -0.0000
vn 0.4028 -0.9153 -0.0000
vn 0.9564 0.2921 -0.0000
vn 0.4661 0.8847 -0.0000
vn 0.2685 0.9633 -0.0000
vn 0.7491 0.6625 -0.0000
vn 0.7491 0.6624 -0.0000
vn -0.7819 0.6235 -0.0000
vn -0.4087 0.9127 -0.0000
vn 0.2681 0.9634 -0.0000
vn -0.9184 0.0471 0.3929
vn -0.3797 -0.0000 0.9251
vn -0.9222 -0.0000 0.3867
vn -0.3700 0.0158 0.9289
vn 0.3554 -0.0552 0.9331
vn -0.4024 -0.0000 0.9155
vn 0.9217 0.0315 0.3865
vn -0.9261 -0.0000 0.3772
vn -0.9092 0.1028 0.4035
vn 0.4022 0.0394 0.9147
vn -0.3302 0.0315 0.9434
vn 0.9215 0.0867 0.3785
vn -0.4333 0.1418 0.8900
vn -0.8891 0.2989 0.3466
vn 0.3799 -0.0000 0.9250
vn 0.3805 -0.0000 0.9248
vn 0.9222 -0.0000 0.3867
vn -0.0000 -0.1338 0.9910
vn -0.0000 -0.0388 0.9992
vn -0.0000 0.0703 0.9975
vn -0.0000 0.5177 0.8556
vn -0.0000 0.5180 0.8554
vn -0.0000 -0.2127 0.9771
vn -0.7814 0.6241 -0.0000
vn -0.9225 -0.0000 -0.3859
vn -0.9187 0.0470 -0.3922
vn -0.9225 -0.0000 0.3859
vn -0.9187 0.0470 0.3922
vn -0.9265 -0.0000 0.3764
vn -0.9265 -0.0000 -0.3764
vn -0.9094 0.1029 0.4029
vn -0.9094 0.1029 -0.4029
vn -0.8893 0.2990 -0.3459
vn -0.8893 0.2990 0.3459
vn -0.6627 -0.7489 -0.0000
vn -0.8380 -0.5456 -0.0000
vn -0.7819 -0.6234 -0.0006
vn -0.7816 -0.6238 -0.0000
vn -0.7189 -0.6951 -0.0000
vn -0.7190 -0.6950 -0.0000
vn -0.9862 0.1656 -0.0000
vn -0.4095 0.9123 -0.0000
vn -0.9787 -0.2054 -0.0000
vn -0.9789 -0.2045 -0.0000
vn -0.9463 -0.3233 -0.0000
vn -0.9259 0.3778 -0.0000
vn -0.7149 0.6992 -0.0000
vn -0.9262 0.3771 -0.0000
vn 0.6545 -0.7561 -0.0000
vn -0.6621 -0.7494 -0.0000
vn -0.2203 -0.9754 -0.0000
vn 0.8930 -0.4500 -0.0000
vn 0.1584 -0.9874 -0.0000
vn 0.1582 -0.9874 -0.0000
vn -0.1579 -0.9875 -0.0000
vn -0.1574 -0.9875 -0.0000
vn 0.4021 -0.9156 -0.0000
vn 0.0079 -1.0000 -0.0000
vn 0.0075 -1.0000 -0.0000
vn -0.2518 -0.9678 -0.0000
vn 0.0076 -1.0000 -0.0000
vn -0.5511 -0.8344 -0.0000
vn -0.5511 -0.8345 -0.0000
vn 0.3553 -0.0554 -0.9331
vn -0.3797 -0.0000 -0.9251
vn -0.3700 0.0159 -0.9289
vn -0.9184 0.0471 -0.3929
vn -0.9222 -0.0000 -0.3867
vn -0.4024 -0.0000 -0.9155
vn -0.9261 -0.0000 -0.3772
vn -0.9092 0.1028 -0.4035
vn -0.4332 0.1418 -0.8901
vn -0.8891 0.2990 -0.3466
vn -0.3302 0.0315 -0.9434
vn 0.3796 -0.0000 -0.9251
vn 0.9222 -0.0000 -0.3867
vn 0.3797 -0.0000 -0.9251
vn 0.9215 0.0866 -0.3785
vn 0.4022 0.0394 -0.9147
vn 0.9217 0.0315 -0.3865
vn 0.9076 -0.1184 -0.4029
vn -0.0000 0.5176 -0.8556
vn -0.0000 0.0703 -0.9975
vn -0.0000 0.5180 -0.8554
vn -0.0000 -0.0388 -0.9992
vn -0.0000 -0.1338 -0.9910
vn 0.7074 0.7068 -0.0000
vn 0.7074 -0.7068 -0.0000
vn 0.7074 -0.7068 0.0002
vn 0.7074 0.7068 -0.0002
vn -0.7069 0.7073 -0.0000
vn -0.0001 1.0000 -0.0000
vn 0.7068 0.7074 -0.0000
vn -0.7068 0.7074 -0.0000
vn 0.7068 0.7074 0.0001
vn -0.7068 0.7074 -0.0001
vn -0.7074 0.7068 -0.0000
vn -0.7074 -0.7068 -0.0000
vn -0.0001 -1.0000 -0.0000
vn -0.7068 -0.7074 -0.0000
vn 0.7068 -0.7074 -0.0000
vn 0.7068 -0.7074 -0.0002
vn 0.6173 -0.6979 -0.3631
vn 0.6012 -0.4120 -0.6847
vn 0.5910 -0.3566 -0.7236
vn 0.6145 -0.7197 -0.3231
vn 0.5954 -0.4292 0.6792
vn 0.6153 -0.6960 0.3702
vn 0.5925 -0.3812 0.7097
vn 0.6165 -0.7139 0.3321
vn 0.6678 0.7274 0.1579
vn 0.6585 0.7526 0.0021
vn 0.6693 0.7289 0.1440
vn 0.6590 0.7521 0.0003
vn 0.6585 0.7526 -0.0024
vn 0.6679 0.7274 -0.1579
vn 0.6694 0.7288 -0.1443
vn 0.6590 0.7521 -0.0004
vn 0.6086 -0.3714 0.7012
vn 0.6261 -0.6872 0.3685
vn 0.5995 -0.3129 0.7366
vn 0.6310 -0.7041 0.3258
vn 0.6291 -0.7027 -0.3324
vn 0.6178 -0.3980 -0.6782
vn 0.6140 -0.3353 -0.7146
vn 0.6304 -0.7126 -0.3079
vn 0.6667 0.3443 -0.6610
vn 0.6707 0.3199 -0.6692
vn 0.6092 0.5078 -0.6091
vn 0.6674 0.7211 0.1860
vn 0.6666 0.7262 0.1682
vn 0.7289 0.4091 0.5490
vn 0.7252 0.4709 0.5023
vn 0.6714 0.2626 0.6930
vn 0.7359 0.3458 0.5821
vn 0.7198 0.4319 0.5435
vn 0.6800 0.2338 0.6949
vn 0.6714 0.2875 0.6831
vn 0.6133 0.4963 0.6145
vn 0.6712 0.2803 0.6862
vn 0.7173 0.4334 -0.5455
vn 0.7106 0.4879 -0.5069
vn 0.6666 0.7262 -0.1684
vn 0.6673 0.7211 -0.1861
vn 0.6678 0.3237 -0.6703
vn 0.6765 0.2891 -0.6773
vn 0.6413 0.7647 0.0637
vn 0.6585 0.7526 0.0036
vn 0.6408 0.7648 0.0668
vn 0.6590 0.7521 0.0005
vn 0.6584 0.7526 -0.0041
vn 0.6412 0.7647 -0.0637
vn 0.6407 0.7648 -0.0673
vn 0.6590 0.7521 -0.0006
vn 0.6408 0.7650 -0.0642
vn 0.6406 0.7652 -0.0642
vn 0.7514 0.5351 -0.3861
vn 0.7548 0.4752 -0.4521
vn 0.6853 0.2973 -0.6649
vn 0.7473 0.4736 -0.4661
vn 0.6952 0.2572 -0.6712
vn 0.6840 0.3229 -0.6542
vn 0.6873 0.2985 -0.6622
vn 0.6171 0.5169 -0.5932
vn 0.6408 0.7650 0.0642
vn 0.7719 0.4802 0.4165
vn 0.6406 0.7652 0.0642
vn 0.6891 0.2278 0.6879
vn 0.7756 0.4032 0.4856
vn 0.7577 0.4455 0.4768
vn 0.6981 0.2011 0.6872
vn 0.6893 0.2584 0.6768
vn 0.6241 0.4996 0.6008
vn 0.6874 0.2585 0.6787
vn 0.6684 0.7367 0.1031
vn 0.6586 0.7525 0.0013
vn 0.6745 0.7272 0.1272
vn 0.6590 0.7521 0.0002
vn 0.6586 0.7525 -0.0012
vn 0.6694 0.7377 -0.0877
vn 0.6745 0.7272 -0.1271
vn 0.6590 0.7521 -0.0002
vn 0.6120 0.7815 0.1213
vn 0.6558 0.7546 0.0209
vn 0.6552 0.7552 0.0210
vn 0.6560 0.7548 -0.0032
vn 0.6119 0.7819 -0.1194
vn 0.6552 0.7554 -0.0033
vn 0.5265 -0.2686 0.8066
vn 0.5159 -0.2880 0.8068
vn 0.6839 -0.0003 0.7296
vn 0.7060 0.4881 -0.5131
vn 0.7089 0.5245 -0.4715
vn 0.6720 0.7246 -0.1529
vn 0.6164 0.2955 -0.7299
vn 0.6672 0.7370 0.1083
vn 0.6727 0.7245 0.1503
vn 0.7097 0.5205 0.4748
vn 0.7095 0.5255 0.4695
vn 0.6168 0.2971 0.7289
vn 0.5357 -0.2489 -0.8069
vn 0.6992 0.0517 -0.7131
vn 0.5329 -0.2523 -0.8077
vn 0.6786 0.2843 0.6773
vn 0.6393 0.4322 0.6360
vn 0.6791 0.2768 0.6799
vn 0.7697 0.5222 -0.3672
vn 0.6728 0.2552 -0.6944
vn 0.7543 0.5223 -0.3977
vn 0.6813 0.2263 -0.6962
vn 0.6728 0.2798 -0.6849
vn 0.6727 0.2724 -0.6880
vn 0.6228 0.4815 -0.6167
vn 0.6792 0.2657 0.6842
vn 0.7521 0.5730 0.3256
vn 0.7440 0.5554 0.3714
vn 0.6850 0.2442 0.6864
vn 0.6640 -0.3039 0.6832
vn 0.7613 -0.1223 0.6367
vn 0.6615 -0.3103 0.6828
vn 0.6785 -0.2748 -0.6813
vn 0.6706 -0.2901 -0.6827
vn 0.7756 -0.0701 -0.6274
vn 0.9785 0.1774 -0.1055
vn 0.9340 -0.0963 0.3440
vn 0.9583 -0.0814 0.2738
vn 0.9786 0.1474 -0.1435
vn 0.9341 -0.0964 -0.3439
vn 0.9776 0.1773 0.1132
vn 0.9583 -0.0814 -0.2738
vn 0.9775 0.1473 0.1511
vn 0.9953 0.0934 0.0268
vn 0.9825 0.1386 0.1242
vn 0.9804 0.1592 0.1159
vn 0.9955 0.0882 0.0349
vn 0.9838 0.1391 -0.1129
vn 0.9956 0.0929 -0.0090
vn 0.9815 0.1590 -0.1064
vn 0.9960 0.0883 -0.0153
vn -0.6095 0.7854 0.1080
vn -0.7578 0.5863 -0.2863
vn -0.6160 0.7764 0.1335
vn -0.7567 0.5638 -0.3309
vn -0.6036 0.7889 -0.1155
vn -0.6611 0.7503 0.0017
vn -0.6160 0.7792 -0.1156
vn -0.7437 0.6235 0.2412
vn -0.6062 0.7880 -0.1073
vn -0.6171 0.7746 -0.1385
vn -0.7484 0.5877 0.3074
vn -0.6161 0.7790 0.1164
vn -0.6609 0.7503 0.0149
vn -0.6076 0.7856 0.1168
vn -0.7496 0.5225 -0.4063
vn -0.6492 0.7570 -0.0740
vn -0.7447 0.5180 -0.4208
vn -0.6493 0.7570 0.0738
vn -0.7693 0.4670 0.4360
vn -0.7582 0.4930 0.4266
vn -0.3683 0.5197 0.7709
vn -0.3587 0.5401 0.7613
vn -0.1338 0.7353 0.6644
vn -0.3517 0.5424 -0.7630
vn -0.1002 0.7637 -0.6377
vn -0.3472 0.5519 -0.7582
vn -0.3788 0.6533 0.6555
vn -0.2162 0.7793 0.5882
vn -0.3714 0.6567 0.6564
vn -0.3706 0.6628 -0.6506
vn -0.3591 0.6674 -0.6524
vn -0.1746 0.8017 -0.5716
vn 0.7506 0.5170 -0.4115
vn 0.6408 0.7642 -0.0738
vn 0.7510 0.5319 -0.3914
vn 0.6408 0.7642 0.0738
vn 0.7610 0.4946 0.4198
vn 0.7713 0.4768 0.4216
vn 0.6567 0.7540 0.0146
vn 0.6120 0.7823 0.1155
vn 0.5989 0.7923 0.1166
vn 0.6120 0.7825 -0.1148
vn 0.6570 0.7539 0.0019
vn 0.5990 0.7923 -0.1159
vn 0.7572 0.5634 -0.3306
vn 0.6010 0.7919 0.1077
vn 0.7560 0.5926 -0.2779
vn 0.6120 0.7797 0.1327
vn 0.6016 0.7915 -0.1076
vn 0.7450 0.5929 0.3056
vn 0.7417 0.6290 0.2328
vn 0.6134 0.7778 -0.1371
vn -0.8094 0.1234 0.5741
vn -0.8085 0.1203 0.5761
vn -0.3245 0.5499 0.7696
vn -0.3378 0.5344 0.7748
vn -0.6528 -0.4798 0.5862
vn -0.5671 0.1734 0.8052
vn -0.6606 -0.4659 0.5887
vn -0.5676 0.1645 0.8067
vn -0.5726 0.1939 0.7966
vn -0.5664 0.2095 0.7971
vn -0.5179 0.5122 0.6851
vn -0.6151 -0.3469 0.7080
vn -0.5831 0.1832 0.7915
vn -0.6170 -0.2919 0.7308
vn -0.5841 0.1748 0.7926
vn -0.5880 0.2025 0.7831
vn -0.5822 0.2180 0.7833
vn -0.5351 0.4986 0.6819
vn -0.6502 -0.4538 0.6093
vn -0.5910 0.1571 0.7912
vn -0.6535 -0.4389 0.6167
vn -0.5923 0.1397 0.7935
vn -0.5970 0.1711 0.7838
vn -0.5901 0.1945 0.7836
vn -0.5428 0.4907 0.6816
vn -0.6012 -0.3992 0.6923
vn -0.5811 0.1311 0.8032
vn -0.6006 -0.3610 0.7134
vn -0.5823 0.1048 0.8062
vn -0.7117 0.4785 0.5143
vn -0.6088 0.2734 0.7447
vn -0.6034 0.2817 0.7460
vn -0.5881 0.1378 0.7970
vn -0.5805 0.1687 0.7966
vn -0.5283 0.4825 0.6986
vn -0.6080 0.2917 0.7384
vn -0.5280 0.4321 0.7311
vn -0.6044 0.3016 0.7374
vn -0.3513 0.6643 0.6598
vn -0.2245 0.9039 0.3641
vn -0.2425 0.9169 0.3170
vn 0.5618 0.1762 0.8083
vn 0.5647 0.1520 0.8112
vn 0.5031 0.4945 0.7087
vn 0.5942 -0.3537 0.7223
vn 0.5622 0.1406 0.8149
vn 0.5932 -0.3989 0.6993
vn 0.5587 0.1208 0.8205
vn 0.5358 -0.2824 0.7957
vn 0.2012 -0.8141 0.5448
vn 0.5168 -0.3019 0.8011
vn 0.1997 -0.8190 0.5379
vn 0.5723 0.2004 0.7952
vn 0.5784 0.1848 0.7946
vn 0.5118 0.5048 0.6951
vn 0.6525 -0.4307 0.6235
vn 0.5731 0.1649 0.8027
vn 0.6504 -0.4540 0.6090
vn 0.5735 0.1551 0.8044
vn 0.5594 0.2246 0.7979
vn 0.5703 0.2085 0.7945
vn 0.5119 0.5050 0.6949
vn 0.5485 0.2152 0.8080
vn 0.5550 0.1997 0.8075
vn 0.4897 0.5283 0.6936
vn 0.6018 -0.2844 0.7463
vn 0.5600 0.1917 0.8060
vn 0.6052 -0.3379 0.7208
vn 0.5659 0.1822 0.8041
vn 0.6540 -0.4621 0.5990
vn 0.5490 0.1807 0.8160
vn 0.6497 -0.4779 0.5912
vn 0.5493 0.1717 0.8178
vn 0.6168 0.3010 0.7273
vn 0.5362 0.4331 0.7245
vn 0.6159 0.2926 0.7315
vn 0.6161 0.2813 0.7357
vn 0.6170 0.2742 0.7376
vn 0.7116 0.4827 0.5106
vn 0.9234 -0.1641 0.3469
vn 0.6592 -0.3219 0.6796
vn 0.6632 -0.3321 0.6707
vn 0.9001 -0.1858 0.3941
vn -0.9750 -0.1608 -0.1534
vn -0.8328 0.0796 -0.5478
vn -0.8327 0.0791 -0.5481
vn -0.8329 0.0797 0.5477
vn -0.9750 -0.1607 0.1531
vn -0.8326 0.0791 0.5481
vn -0.7702 0.5150 -0.3762
vn -0.7549 0.5214 -0.3977
vn -0.6663 0.2472 -0.7035
vn -0.6729 0.2262 -0.7043
vn -0.6160 0.7785 -0.1200
vn -0.6602 0.7511 -0.0033
vn -0.6594 0.7518 -0.0034
vn -0.7478 0.5491 0.3731
vn -0.7536 0.5659 0.3344
vn -0.6728 0.2577 0.6935
vn -0.6781 0.2366 0.6958
vn -0.6728 0.2689 0.6893
vn -0.6383 0.4233 0.6429
vn -0.6726 0.2762 0.6866
vn -0.6600 0.7510 0.0210
vn -0.6161 0.7781 0.1220
vn -0.6594 0.7515 0.0211
vn -0.6180 -0.3809 0.6878
vn -0.6326 -0.6860 0.3594
vn -0.6309 -0.7041 0.3259
vn -0.6145 -0.3219 0.7202
vn -0.6241 -0.3451 -0.7010
vn -0.6256 -0.3987 -0.6706
vn -0.6251 -0.7073 -0.3302
vn -0.6319 -0.7144 -0.3007
vn -0.6648 0.2719 -0.6958
vn -0.6667 0.2717 -0.6941
vn -0.6150 0.4810 -0.6248
vn -0.6746 0.7272 0.1271
vn -0.6627 0.7489 0.0012
vn -0.6760 0.7285 0.1108
vn -0.6631 0.7485 0.0002
vn -0.6627 0.7489 -0.0011
vn -0.6734 0.7341 -0.0872
vn -0.6631 0.7485 -0.0002
vn -0.6781 0.7224 -0.1355
vn -0.7096 0.5283 0.4663
vn -0.6728 0.7243 0.1507
vn -0.6747 0.7287 0.1169
vn -0.7106 0.5207 0.4732
vn -0.7075 0.5176 -0.4812
vn -0.7034 0.5047 -0.5005
vn -0.6755 0.7194 -0.1620
vn -0.6029 -0.3594 -0.7122
vn -0.6092 -0.4128 -0.6771
vn -0.6172 -0.6981 -0.3630
vn -0.6144 -0.7199 -0.3230
vn -0.6034 -0.4298 0.6717
vn -0.6172 -0.6981 0.3630
vn -0.6144 -0.7198 0.3231
vn -0.5987 -0.3890 0.7002
vn -0.6081 0.2966 0.7364
vn -0.7041 0.5009 0.5033
vn -0.7027 0.4983 0.5079
vn -0.7009 0.4977 -0.5109
vn -0.6078 0.2949 -0.7373
vn -0.7024 0.4809 -0.5247
vn -0.6626 0.7490 -0.0008
vn -0.6496 0.7573 -0.0670
vn -0.6494 0.7578 -0.0636
vn -0.6628 0.7488 -0.0042
vn -0.6493 0.7578 -0.0644
vn -0.7501 0.5258 -0.4012
vn -0.6491 0.7580 -0.0644
vn -0.7518 0.4656 -0.4669
vn -0.7416 0.4739 -0.4749
vn -0.6736 0.2952 -0.6776
vn -0.6871 0.2571 -0.6796
vn -0.7696 0.4709 0.4313
vn -0.6493 0.7578 0.0644
vn -0.6491 0.7580 0.0644
vn -0.7551 0.4434 0.4829
vn -0.7713 0.3936 0.5002
vn -0.6813 0.2272 0.6959
vn -0.6908 0.1935 0.6967
vn -0.6492 0.7577 0.0668
vn -0.6625 0.7490 0.0035
vn -0.6497 0.7575 0.0637
vn -0.6631 0.7485 0.0005
vn -0.6811 0.2506 0.6880
vn -0.6209 0.4970 0.6062
vn -0.6818 0.2578 0.6846
vn -0.6798 0.2978 -0.6702
vn -0.6725 0.3208 -0.6669
vn -0.6137 0.5144 -0.5990
vn -0.6726 0.7245 0.1509
vn -0.6626 0.7490 0.0021
vn -0.6751 0.7189 0.1655
vn -0.6631 0.7485 0.0003
vn -0.6626 0.7490 -0.0023
vn -0.6750 0.7190 -0.1655
vn -0.6631 0.7485 -0.0004
vn -0.6767 0.7204 -0.1519
vn -0.7184 0.3992 0.5697
vn -0.6698 0.7214 0.1757
vn -0.6766 0.7095 0.1972
vn -0.7218 0.4689 0.5091
vn -0.7168 0.4294 0.5493
vn -0.7271 0.3377 0.5977
vn -0.6649 0.2546 0.7022
vn -0.6729 0.2263 0.7043
vn -0.6740 0.7173 -0.1766
vn -0.7102 0.4335 -0.5547
vn -0.6766 0.7095 -0.1972
vn -0.7075 0.4853 -0.5137
vn -0.6599 0.3231 -0.6783
vn -0.6683 0.2889 -0.6855
vn -0.6630 0.3196 -0.6770
vn -0.6590 0.3439 -0.6689
vn -0.6062 0.5051 -0.6143
vn -0.2070 0.9180 -0.3382
vn -0.3282 0.6855 -0.6499
vn -0.3320 0.6742 -0.6597
vn -0.3454 0.6727 0.6544
vn -0.2071 0.9181 0.3381
vn -0.3452 0.6627 0.6646
vn -0.6648 0.2726 0.6955
vn -0.6082 0.4899 0.6246
vn -0.6653 0.2799 0.6922
vn -0.6060 -0.7829 0.1409
vn -0.6569 -0.5171 0.5487
vn -0.6066 -0.7829 0.1380
vn -0.6535 -0.5215 0.5486
vn -0.6055 -0.7816 -0.1501
vn -0.6501 -0.5289 -0.5456
vn -0.6502 -0.5268 -0.5475
vn -0.6060 -0.7816 -0.1475
vn -0.6061 -0.7834 -0.1375
vn -0.6170 -0.7870 -0.0039
vn -0.6058 -0.7836 -0.1378
vn -0.6171 -0.7868 -0.0042
vn -0.6170 -0.7870 0.0044
vn -0.6064 -0.7843 0.1306
vn -0.6172 -0.7868 0.0048
vn -0.6067 -0.7842 0.1303
vn -0.6334 -0.7241 -0.2728
vn -0.6171 -0.7868 -0.0055
vn -0.6240 -0.7230 -0.2963
vn -0.6171 -0.7868 -0.0057
vn -0.6171 -0.7869 0.0053
vn -0.6315 -0.7065 0.3194
vn -0.6171 -0.7869 0.0055
vn -0.6329 -0.7154 0.2960
vn -0.6070 -0.7577 -0.2395
vn -0.6587 -0.4562 -0.5983
vn -0.6579 -0.4790 -0.5812
vn -0.6073 -0.7576 -0.2393
vn -0.6058 -0.7563 0.2469
vn -0.6503 -0.4878 0.5824
vn -0.6047 -0.7548 0.2541
vn -0.6514 -0.4955 0.5746
vn -0.6075 -0.7596 -0.2323
vn -0.6176 -0.7865 -0.0044
vn -0.6071 -0.7597 -0.2331
vn -0.6183 -0.7859 0.0028
vn -0.6176 -0.7862 0.0217
vn -0.6045 -0.7564 0.2497
vn -0.6182 -0.7854 0.0305
vn -0.6062 -0.7579 0.2413
vn -0.6162 -0.7289 -0.2983
vn -0.6173 -0.7867 -0.0004
vn -0.6169 -0.7142 -0.3307
vn -0.6175 -0.7866 -0.0008
vn -0.6172 -0.7866 0.0168
vn -0.6167 -0.7140 0.3314
vn -0.6174 -0.7865 0.0172
vn -0.6161 -0.7287 0.2989
vn 0.0311 -0.9925 -0.1183
vn 0.0396 -0.9992 0.0002
vn 0.0314 -0.9925 -0.1181
vn 0.0402 -0.9992 -0.0001
vn 0.0395 -0.9992 -0.0003
vn 0.0388 -0.9913 0.1261
vn 0.0391 -0.9913 0.1258
vn 0.0403 -0.9992 -0.0000
vn 0.2324 -0.8089 -0.5400
vn 0.0316 -0.9922 -0.1205
vn 0.2289 -0.8121 -0.5368
vn 0.0309 -0.9925 -0.1181
vn 0.2291 -0.8118 0.5371
vn 0.0395 -0.9910 0.1282
vn 0.2323 -0.8090 0.5400
vn 0.0387 -0.9913 0.1258
vn 0.6169 -0.7142 -0.3307
vn 0.6218 -0.7832 -0.0005
vn 0.6163 -0.7288 -0.2982
vn 0.6220 -0.7830 -0.0009
vn 0.6217 -0.7831 0.0168
vn 0.6150 -0.7122 0.3385
vn 0.6185 -0.7230 0.3078
vn 0.6219 -0.7829 0.0174
vn 0.6221 -0.7826 0.0218
vn 0.6045 -0.7564 0.2498
vn 0.6049 -0.7564 0.2488
vn 0.6227 -0.7819 0.0307
vn 0.6058 -0.7583 -0.2407
vn 0.6221 -0.7829 -0.0046
vn 0.6074 -0.7596 -0.2324
vn 0.6228 -0.7824 0.0025
vn 0.6513 -0.4560 -0.6065
vn 0.6070 -0.7577 -0.2398
vn 0.6540 -0.4808 -0.5840
vn 0.6059 -0.7561 -0.2472
vn 0.6516 -0.4953 0.5745
vn 0.6045 -0.7548 0.2546
vn 0.6499 -0.4794 0.5898
vn 0.6047 -0.7547 0.2545
vn 0.6280 -0.7188 -0.2982
vn 0.6216 -0.7833 -0.0056
vn 0.6321 -0.7224 -0.2803
vn 0.6216 -0.7833 -0.0058
vn 0.6216 -0.7833 0.0053
vn 0.6255 -0.7079 0.3281
vn 0.6330 -0.7153 0.2960
vn 0.6216 -0.7833 0.0056
vn 0.6426 -0.5207 -0.5621
vn 0.6088 -0.7772 -0.1590
vn 0.6461 -0.5209 -0.5579
vn 0.6093 -0.7773 -0.1568
vn 0.6507 -0.5193 0.5541
vn 0.6053 -0.7820 0.1489
vn 0.6507 -0.5128 0.5601
vn 0.6059 -0.7820 0.1464
vn 0.6091 -0.7795 -0.1465
vn 0.6170 -0.7870 -0.0040
vn 0.6094 -0.7792 -0.1461
vn 0.6171 -0.7869 -0.0044
vn 0.6170 -0.7870 0.0045
vn 0.6057 -0.7836 0.1386
vn 0.6060 -0.7834 0.1382
vn 0.6172 -0.7868 0.0050
vn -0.3077 0.5640 -0.7663
vn -0.8085 0.1203 -0.5761
vn -0.8094 0.1233 -0.5742
vn -0.3152 0.5587 -0.7671
vn -0.5767 0.1717 -0.7987
vn -0.6498 -0.4869 -0.5837
vn -0.6543 -0.4805 -0.5840
vn -0.5722 0.1685 -0.8026
vn -0.5784 0.2025 -0.7902
vn -0.4972 0.5621 -0.6610
vn -0.5760 0.2115 -0.7896
vn -0.5831 0.1835 -0.7914
vn -0.6262 -0.3072 -0.7166
vn -0.5832 0.1835 -0.7914
vn -0.6233 -0.3628 -0.6928
vn -0.5868 0.2101 -0.7820
vn -0.5351 0.4986 -0.6819
vn -0.5823 0.2180 -0.7832
vn -0.5822 0.1911 -0.7903
vn -0.6565 -0.4352 -0.6162
vn -0.6614 -0.4032 -0.6324
vn -0.5860 0.2183 -0.7803
vn -0.5364 0.5079 -0.6740
vn -0.5814 0.2261 -0.7816
vn -0.5679 0.1657 -0.8062
vn -0.6051 -0.3276 -0.7257
vn -0.5690 0.1491 -0.8087
vn -0.6067 -0.3802 -0.6981
vn -0.6087 0.2739 -0.7446
vn -0.7083 0.4773 -0.5201
vn -0.6034 0.2824 -0.7458
vn -0.5742 0.1781 -0.7991
vn -0.5222 0.4997 -0.6911
vn -0.5672 0.2014 -0.7986
vn -0.6080 0.2917 -0.7384
vn -0.6044 0.3016 -0.7374
vn -0.5281 0.4321 -0.7310
vn -0.2425 0.9169 -0.3170
vn -0.2245 0.9039 -0.3642
vn -0.3336 0.6767 -0.6563
vn 0.5493 0.2071 -0.8096
vn 0.4964 0.5119 -0.7011
vn 0.5555 0.1916 -0.8091
vn 0.5497 0.1731 -0.8172
vn 0.5930 -0.3257 -0.7364
vn 0.5987 -0.3801 -0.7050
vn 0.5500 0.1642 -0.8188
vn 0.2012 -0.8141 -0.5448
vn 0.5437 -0.2667 -0.7958
vn 0.5326 -0.2704 -0.8020
vn 0.1997 -0.8190 -0.5379
vn 0.5584 0.2326 -0.7963
vn 0.5054 0.5219 -0.6872
vn 0.5634 0.2248 -0.7950
vn 0.5591 0.1995 -0.8047
vn 0.6539 -0.4037 -0.6399
vn 0.6525 -0.4378 -0.6185
vn 0.5589 0.1993 -0.8049
vn 0.5593 0.2246 -0.7980
vn 0.5119 0.5051 -0.6949
vn 0.5640 0.2170 -0.7968
vn 0.5532 0.2175 -0.8042
vn 0.4744 0.5759 -0.6658
vn 0.5587 0.2174 -0.8004
vn 0.5600 0.1918 -0.8060
vn 0.6160 -0.2985 -0.7290
vn 0.6154 -0.3627 -0.6998
vn 0.5599 0.1917 -0.8061
vn 0.5534 0.1806 -0.8131
vn 0.6461 -0.4729 -0.5991
vn 0.6451 -0.4813 -0.5934
vn 0.5520 0.1854 -0.8129
vn 0.6152 0.3082 -0.7256
vn 0.6159 0.2926 -0.7315
vn 0.5416 0.4316 -0.7214
vn 0.7116 0.4831 -0.5102
vn 0.6169 0.2747 -0.7375
vn 0.6146 0.2891 -0.7339
vn 0.6725 -0.2972 -0.6778
vn 0.9235 -0.1643 -0.3467
vn 0.6710 -0.3164 -0.6706
vn 0.9001 -0.1858 -0.3941
vn 0.4339 -0.5774 0.6916
vn 0.5032 -0.5476 0.6685
vn 0.7826 -0.3599 0.5080
vn 0.4524 -0.5802 -0.6772
vn 0.7960 -0.3619 -0.4852
vn 0.5210 -0.5504 -0.6524
vn 0.7880 -0.5664 0.2412
vn 0.4087 -0.7085 0.5753
vn 0.7471 -0.5834 0.3185
vn 0.7554 -0.5847 -0.2958
vn 0.4240 -0.7109 -0.5611
vn 0.7942 -0.5674 -0.2175
vn 0.8521 -0.5232 0.0126
vn 0.7556 -0.5849 -0.2948
vn 0.7946 -0.5673 -0.2163
vn 0.7475 -0.5834 0.3176
vn 0.7885 -0.5663 0.2400
vn -0.3842 0.6179 0.6860
vn 0.0704 0.7528 0.6544
vn 0.1403 0.7640 0.6297
vn 0.1573 0.7613 -0.6290
vn 0.0881 0.7501 -0.6554
vn -0.3584 0.6173 -0.7003
vn 0.1414 0.7639 0.6296
vn 0.0709 0.7526 0.6546
vn 0.4685 0.7436 0.4770
vn 0.1584 0.7613 -0.6287
vn 0.4813 0.7416 -0.4673
vn 0.0886 0.7499 -0.6556
vn -0.0817 0.7755 0.6260
vn -0.3434 0.7012 0.6248
vn -0.2373 0.7565 0.6094
vn -0.3246 0.6951 -0.6415
vn -0.0647 0.7729 -0.6313
vn -0.2208 0.7539 -0.6188
vn 0.4449 0.8956 0.0043
vn 0.2931 0.8895 -0.3506
vn 0.4449 0.8956 0.0041
vn 0.3474 0.9082 -0.2335
vn 0.3411 0.9091 0.2391
vn 0.4448 0.8956 0.0041
vn 0.2833 0.8911 0.3545
vn 0.4448 0.8956 0.0042
vn -0.0904 0.8055 0.5856
vn 0.1436 0.8424 0.5194
vn -0.2367 0.7567 0.6094
vn -0.0743 0.8031 -0.5912
vn -0.2202 0.7541 -0.6188
vn 0.1576 0.8402 -0.5188
vn -0.0638 0.7735 -0.6306
vn -0.3256 0.6947 -0.6414
vn 0.3469 0.9081 -0.2347
vn 0.3407 0.9089 0.2404
vn 0.2830 0.8908 0.3556
vn -0.0806 0.7759 0.6257
vn -0.0518 -0.7117 0.7006
vn 0.4334 -0.5774 0.6920
vn -0.0990 -0.7193 0.6876
vn -0.7879 0.4954 0.3657
vn -0.4379 0.5901 0.6783
vn -0.3846 0.6176 0.6861
vn 0.0704 0.7525 0.6548
vn -0.3841 0.6176 0.6863
vn -0.4372 0.5902 0.6786
vn -0.8215 0.4870 0.2966
vn -0.4384 0.5898 0.6782
vn -0.7878 0.4952 0.3663
vn -0.7776 0.4936 -0.3895
vn -0.4199 0.5869 -0.6922
vn -0.8131 0.4857 -0.3209
vn -0.8937 0.4485 -0.0130
vn -0.7882 0.4954 0.3652
vn -0.8219 0.4871 0.2952
vn -0.8136 0.4857 -0.3196
vn -0.7780 0.4938 -0.3884
vn 0.4076 -0.7088 0.5758
vn 0.1369 -0.7859 0.6030
vn 0.7473 -0.5831 0.3188
vn 0.2085 -0.7876 0.5799
vn 0.3464 -0.7562 0.5551
vn 0.1368 -0.7859 0.6031
vn 0.1531 -0.7885 -0.5957
vn 0.4230 -0.7110 -0.5617
vn 0.7553 -0.5851 -0.2953
vn 0.3612 -0.7587 -0.5422
vn 0.2238 -0.7899 -0.5710
vn 0.1532 -0.7889 -0.5951
vn -0.0916 0.8054 0.5856
vn -0.2374 0.7564 0.6095
vn -0.3433 0.7018 0.6242
vn -0.2208 0.7540 -0.6187
vn -0.0756 0.8029 -0.5913
vn -0.5379 -0.8430 -0.0055
vn -0.4626 -0.8338 0.3011
vn -0.4332 -0.8241 0.3649
vn -0.4543 -0.8351 -0.3102
vn -0.4234 -0.8256 -0.3729
vn 0.4334 -0.5778 0.6916
vn -0.0517 -0.7120 0.7003
vn 0.5021 -0.5482 0.6688
vn -0.4328 -0.8239 0.3660
vn -0.1002 -0.7195 0.6872
vn -0.4624 -0.8335 0.3024
vn -0.0523 -0.7119 0.7003
vn -0.0329 -0.7149 -0.6985
vn 0.4520 -0.5806 -0.6772
vn 0.5201 -0.5510 -0.6526
vn -0.4227 -0.8254 -0.3741
vn -0.0818 -0.7224 -0.6866
vn -0.0334 -0.7149 -0.6985
vn -0.4540 -0.8348 -0.3114
vn 0.4076 -0.7088 0.5757
vn 0.2085 -0.7875 0.5800
vn 0.1373 -0.7857 0.6032
vn 0.2090 -0.7875 0.5798
vn 0.5398 -0.6797 0.4966
vn 0.3475 -0.7558 0.5550
vn 0.4229 -0.7112 -0.5616
vn 0.1536 -0.7882 -0.5959
vn 0.2240 -0.7899 -0.5708
vn 0.2246 -0.7898 -0.5707
vn 0.3623 -0.7581 -0.5422
vn 0.5530 -0.6817 -0.4790
vn 0.4518 -0.5804 -0.6775
vn -0.0330 -0.7146 -0.6988
vn -0.0804 -0.7221 -0.6871
vn -0.3590 0.6169 -0.7004
vn -0.4194 0.5872 -0.6923
vn -0.7777 0.4938 -0.3889
vn -0.3584 0.6169 -0.7007
vn 0.0881 0.7497 -0.6558
vn -0.4188 0.5874 -0.6925
vn 0.3530 -0.5246 0.7747
vn 0.3802 -0.8008 0.4627
vn 0.3830 -0.7386 0.5548
vn 0.3345 -0.4571 0.8241
vn 0.3823 -0.8036 -0.4562
vn 0.3530 -0.5246 -0.7747
vn 0.3830 -0.7387 -0.5547
vn 0.3345 -0.4571 -0.8241
vn 0.3604 -0.5269 0.7697
vn 0.3837 -0.8093 0.4448
vn 0.3851 -0.7460 0.5433
vn 0.3369 -0.4576 0.8229
vn 0.3837 -0.8093 -0.4448
vn 0.3604 -0.5270 -0.7697
vn 0.3852 -0.7459 -0.5434
vn 0.3369 -0.4576 -0.8228
vn 0.4298 0.1947 0.8817
vn 0.3213 0.6004 0.7323
vn 0.3867 0.2470 0.8885
vn 0.4120 0.9104 0.0377
vn 0.4006 0.8808 0.2524
vn 0.3992 0.8773 0.2665
vn 0.4134 0.9093 0.0482
vn 0.4297 0.1947 -0.8817
vn 0.3867 0.2470 -0.8885
vn 0.3213 0.6005 -0.7323
vn 0.4120 0.9104 -0.0377
vn 0.4010 0.8807 -0.2523
vn 0.4134 0.9093 -0.0482
vn 0.3992 0.8773 -0.2665
vn 0.4047 0.6986 0.5900
vn 0.4126 0.6557 0.6323
vn 0.4016 0.8510 0.3384
vn 0.3844 0.8728 0.3007
vn 0.3832 0.4647 0.7983
vn 0.3821 0.4161 0.8251
vn 0.3602 0.5177 0.7760
vn 0.3844 0.8728 -0.3007
vn 0.4016 0.8510 -0.3384
vn 0.4047 0.6986 -0.5900
vn 0.4126 0.6557 -0.6323
vn 0.3831 0.4647 -0.7983
vn 0.3821 0.4162 -0.8251
vn 0.3604 0.5177 -0.7760
vn 0.3678 -0.5540 0.7469
vn 0.3770 -0.8174 0.4357
vn 0.3849 -0.7622 0.5205
vn 0.3489 -0.4943 0.7962
vn 0.3770 -0.8174 -0.4357
vn 0.3678 -0.5540 -0.7468
vn 0.3849 -0.7623 -0.5203
vn 0.3489 -0.4943 -0.7962
vn 0.3345 -0.5357 0.7753
vn 0.3724 -0.8080 0.4566
vn 0.3739 -0.7432 0.5549
vn 0.3115 -0.4671 0.8275
vn 0.3724 -0.8080 -0.4566
vn 0.3345 -0.5358 -0.7753
vn 0.3738 -0.7432 -0.5549
vn 0.3115 -0.4671 -0.8275
vn 0.3980 0.8560 0.3300
vn 0.3785 0.8776 0.2942
vn 0.4756 0.7016 0.5307
vn 0.4271 0.6741 0.6026
vn 0.3785 0.8776 -0.2943
vn 0.3979 0.8560 -0.3302
vn 0.4755 0.7016 -0.5307
vn 0.4272 0.6742 -0.6024
vn 0.4085 0.5965 0.6909
vn 0.3777 0.3539 0.8556
vn 0.4271 0.5768 0.6964
vn 0.3827 0.3724 0.8455
vn 0.3803 0.3728 0.8464
vn 0.3836 0.3734 0.8447
vn 0.3724 0.4118 0.8317
vn 0.3777 0.3539 -0.8556
vn 0.4271 0.5769 -0.6963
vn 0.3827 0.3724 -0.8455
vn 0.4086 0.5964 -0.6909
vn 0.3803 0.3728 -0.8464
vn 0.3724 0.4118 -0.8317
vn 0.3835 0.3734 -0.8447
vn 0.4086 0.9119 -0.0393
vn 0.3922 0.8854 -0.2495
vn 0.4096 0.9111 -0.0459
vn 0.3949 0.8793 -0.2664
vn 0.4087 0.9118 0.0393
vn 0.3922 0.8854 0.2495
vn 0.3949 0.8793 0.2664
vn 0.4096 0.9111 0.0459
vn 0.4097 0.9116 0.0330
vn 0.4230 0.8587 0.2893
vn 0.4340 0.8240 0.3642
vn 0.4103 0.9112 0.0383
vn 0.4097 0.9116 -0.0330
vn 0.4230 0.8587 -0.2894
vn 0.4103 0.9111 -0.0383
vn 0.4340 0.8240 -0.3642
vn 0.4304 0.7743 0.4639
vn 0.3897 0.8349 0.3886
vn 0.4836 0.5454 0.6846
vn 0.3897 0.8349 -0.3886
vn 0.4305 0.7743 -0.4639
vn 0.4838 0.5454 -0.6845
vn 0.4044 0.4867 0.7743
vn 0.4033 0.5020 0.7651
vn 0.3641 0.5867 0.7233
vn 0.4044 0.4868 -0.7743
vn 0.3644 0.5864 -0.7235
vn 0.4033 0.5021 -0.7650
vn 0.3982 0.4579 0.7948
vn 0.3954 0.4735 0.7870
vn 0.3659 0.5391 0.7586
vn 0.3982 0.4581 -0.7947
vn 0.3659 0.5391 -0.7586
vn 0.4009 0.4724 -0.7849
vn 0.4179 0.9079 -0.0337
vn 0.4104 0.8816 -0.2331
vn 0.4192 0.9068 -0.0439
vn 0.4089 0.8790 -0.2453
vn 0.4180 0.9078 0.0337
vn 0.4104 0.8816 0.2331
vn 0.4090 0.8790 0.2453
vn 0.4192 0.9068 0.0439
vn 0.4270 0.7004 0.5720
vn 0.4356 0.6678 0.6036
vn 0.4113 0.8538 0.3192
vn 0.3950 0.8738 0.2836
vn 0.3928 0.4975 0.7734
vn 0.3932 0.4597 0.7963
vn 0.3950 0.8738 -0.2836
vn 0.4112 0.8537 -0.3194
vn 0.4270 0.7004 -0.5720
vn 0.4356 0.6678 -0.6036
vn 0.3928 0.4975 -0.7734
vn 0.3931 0.4599 -0.7962
vn 0.4198 0.9067 0.0399
vn 0.4083 0.8772 0.2525
vn 0.4064 0.8735 0.2680
vn 0.4212 0.9057 0.0487
vn 0.4198 0.9067 -0.0399
vn 0.4083 0.8772 -0.2526
vn 0.4212 0.9057 -0.0487
vn 0.4063 0.8735 -0.2682
vn 0.4101 0.8442 0.3452
vn 0.3929 0.8686 0.3018
vn 0.4139 0.6957 0.5872
vn 0.4207 0.6538 0.6290
vn 0.3881 0.4710 0.7922
vn 0.3869 0.4422 0.8092
vn 0.3929 0.8686 -0.3018
vn 0.4101 0.8441 -0.3453
vn 0.4138 0.6957 -0.5872
vn 0.4207 0.6537 -0.6290
vn 0.3881 0.4711 -0.7921
vn 0.3917 0.4407 -0.8077
vn -0.4096 0.9116 -0.0336
vn -0.3860 0.8951 -0.2232
vn -0.3955 0.8857 -0.2431
vn -0.3955 0.8857 0.2431
vn -0.3860 0.8951 0.2232
vn -0.4096 0.9116 0.0336
vn -0.3701 -0.3978 0.8395
vn -0.3804 0.0807 0.9213
vn -0.3713 0.0462 0.9274
vn -0.3642 -0.4353 0.8233
vn -0.3216 -0.3935 0.8612
vn -0.3304 0.0827 0.9402
vn -0.3093 0.0579 0.9492
vn -0.3160 -0.4413 0.8399
vn -0.4501 0.2007 0.8701
vn -0.4003 0.4226 0.8131
vn -0.6353 0.5860 0.5029
vn -0.3550 0.2287 0.9065
vn -0.4178 0.1186 0.9008
vn -0.3664 0.1707 0.9147
vn -0.4120 0.4076 0.8149
vn -0.4005 -0.6513 0.6445
vn -0.3323 -0.3698 0.8676
vn -0.3048 -0.2262 0.9252
vn -0.3967 -0.7600 0.5149
vn -0.3361 0.2223 0.9152
vn -0.2602 0.5863 0.7671
vn -0.3741 0.1857 0.9086
vn -0.3555 -0.3688 0.8588
vn -0.3566 0.1275 0.9255
vn -0.3419 0.1144 0.9328
vn -0.3502 -0.4155 0.8395
vn -0.3165 -0.1582 0.9353
vn -0.3025 0.2126 0.9291
vn -0.2833 0.2184 0.9338
vn -0.3116 -0.2554 0.9153
vn -0.3790 0.3031 0.8743
vn -0.3543 0.3173 0.8796
vn -0.3191 0.5118 0.7976
vn -0.2997 0.3121 0.9016
vn -0.2769 0.5467 0.7902
vn -0.3218 0.2881 0.9019
vn -0.3487 -0.3844 0.8548
vn -0.3611 0.1013 0.9270
vn -0.3448 0.0742 0.9357
vn -0.3355 -0.4287 0.8389
vn -0.3591 0.2865 0.8882
vn -0.2933 0.6295 0.7195
vn -0.4024 0.2562 0.8789
vn -0.3636 0.2691 0.8918
vn -0.2868 0.6354 0.7169
vn -0.4090 0.2255 0.8842
vn 0.4093 0.2254 0.8841
vn 0.2875 0.6355 0.7165
vn 0.3639 0.2689 0.8918
vn 0.4024 0.2565 0.8788
vn 0.2934 0.6295 0.7195
vn 0.3592 0.2865 0.8882
vn 0.3409 -0.4276 0.8372
vn 0.3485 -0.3843 0.8549
vn 0.3609 0.1018 0.9270
vn 0.3448 0.0744 0.9357
vn 0.3116 -0.2555 0.9152
vn 0.3165 -0.1582 0.9353
vn 0.3025 0.2128 0.9291
vn 0.2833 0.2184 0.9338
vn 0.3218 0.2881 0.9019
vn 0.2769 0.5467 0.7902
vn 0.2998 0.3120 0.9015
vn 0.3502 -0.4155 0.8395
vn 0.3555 -0.3688 0.8588
vn 0.3566 0.1275 0.9255
vn 0.3419 0.1144 0.9327
vn 0.3048 -0.2262 0.9252
vn 0.3323 -0.3698 0.8677
vn 0.4006 -0.6513 0.6444
vn 0.3967 -0.7600 0.5149
vn 0.3862 0.1774 0.9052
vn 0.2800 0.5764 0.7677
vn 0.3429 0.2215 0.9129
vn 0.3543 0.3172 0.8797
vn 0.3790 0.3033 0.8743
vn 0.3191 0.5118 0.7976
vn 0.3220 -0.4437 0.8363
vn 0.3256 -0.4017 0.8559
vn 0.3409 0.0716 0.9374
vn 0.3249 0.0402 0.9449
vn 0.3554 -0.4530 0.8176
vn 0.3622 -0.4162 0.8340
vn 0.3884 0.0606 0.9195
vn 0.3734 0.0259 0.9273
vn 0.4179 0.1188 0.9007
vn 0.4120 0.4075 0.8150
vn 0.3549 0.2286 0.9065
vn 0.3663 0.1708 0.9147
vn 0.4003 0.4226 0.8131
vn 0.4502 0.2007 0.8701
vn 0.6346 0.5865 0.5033
vn -0.4211 0.7006 0.5761
vn -0.4052 0.8479 0.3420
vn -0.4247 0.6564 0.6235
vn -0.3839 0.8732 0.3001
vn -0.3935 0.4802 0.7839
vn -0.3921 0.4527 0.8008
vn -0.4210 0.7006 -0.5761
vn -0.4052 0.8479 -0.3420
vn -0.3839 0.8733 -0.3001
vn -0.4249 0.6562 -0.6235
vn -0.3935 0.4802 -0.7839
vn -0.3921 0.4528 -0.8008
vn -0.4160 0.9085 -0.0392
vn -0.4172 0.9076 -0.0479
vn -0.3998 0.8814 -0.2516
vn -0.4030 0.8756 -0.2663
vn -0.4030 0.8756 0.2663
vn -0.3998 0.8814 0.2516
vn -0.4160 0.9085 0.0390
vn -0.4172 0.9076 0.0479
vn -0.4126 0.7175 0.5611
vn -0.3956 0.8631 0.3138
vn -0.4189 0.6838 0.5975
vn -0.3797 0.8825 0.2776
vn -0.3852 0.5130 0.7671
vn -0.3826 0.4846 0.7866
vn -0.4126 0.7175 -0.5611
vn -0.3957 0.8631 -0.3138
vn -0.3797 0.8825 -0.2776
vn -0.4189 0.6838 -0.5975
vn -0.3852 0.5131 -0.7670
vn -0.3826 0.4846 -0.7866
vn -0.4210 0.9060 -0.0428
vn -0.4039 0.9139 -0.0410
vn -0.3947 0.8898 -0.2292
vn -0.3947 0.8898 0.2292
vn -0.4039 0.9139 0.0410
vn -0.4211 0.9060 0.0430
vn -0.4003 0.4829 0.7788
vn -0.4038 0.4670 0.7867
vn -0.3647 0.5401 0.7585
vn -0.4003 0.4829 -0.7788
vn -0.3647 0.5401 -0.7585
vn -0.4038 0.4671 -0.7866
vn -0.3979 -0.7507 0.5274
vn -0.3739 -0.5405 0.7537
vn -0.3560 -0.4783 0.8028
vn -0.3907 -0.8067 0.4434
vn -0.3739 -0.5405 -0.7537
vn -0.3979 -0.7507 -0.5274
vn -0.3560 -0.4783 -0.8028
vn -0.3907 -0.8067 -0.4434
vn -0.4097 0.9116 -0.0331
vn -0.4103 0.9112 -0.0383
vn -0.4230 0.8587 -0.2894
vn -0.4340 0.8240 -0.3642
vn -0.4340 0.8240 0.3642
vn -0.4230 0.8587 0.2893
vn -0.4097 0.9116 0.0331
vn -0.4103 0.9111 0.0383
vn -0.3715 -0.7404 0.5602
vn -0.3270 -0.5323 0.7809
vn -0.3059 -0.4583 0.8345
vn -0.3730 -0.8076 0.4568
vn -0.3270 -0.5323 -0.7809
vn -0.3747 -0.7433 -0.5542
vn -0.3060 -0.4585 -0.8343
vn -0.3730 -0.8076 -0.4568
vn -0.3897 0.8349 0.3886
vn -0.4304 0.7743 0.4640
vn -0.4838 0.5454 0.6845
vn -0.3897 0.8350 -0.3885
vn -0.4836 0.5454 -0.6846
vn -0.4304 0.7743 -0.4639
vn -0.3940 0.5226 0.7561
vn -0.3984 0.5012 0.7682
vn -0.3516 0.6011 0.7177
vn -0.3940 0.5227 -0.7560
vn -0.3516 0.6011 -0.7177
vn -0.3984 0.5012 -0.7682
vn -0.3839 0.2615 0.8856
vn -0.3093 0.6139 0.7262
vn -0.4293 0.2097 0.8785
vn -0.3840 0.2615 -0.8855
vn -0.4292 0.2097 -0.8785
vn -0.3093 0.6139 -0.7262
vn -0.4087 0.9118 -0.0394
vn -0.4096 0.9111 -0.0459
vn -0.3923 0.8854 -0.2494
vn -0.3949 0.8793 -0.2663
vn -0.3949 0.8793 0.2663
vn -0.3923 0.8854 0.2494
vn -0.4086 0.9119 0.0394
vn -0.4096 0.9111 0.0458
vn -0.4755 0.7015 0.5308
vn -0.3978 0.8560 0.3302
vn -0.4272 0.6742 0.6025
vn -0.3785 0.8775 0.2944
vn -0.4755 0.7016 -0.5307
vn -0.3980 0.8560 -0.3300
vn -0.3785 0.8775 -0.2944
vn -0.4271 0.6741 -0.6026
vn -0.4271 0.5769 0.6963
vn -0.3777 0.3539 0.8556
vn -0.4086 0.5964 0.6909
vn -0.3826 0.3724 0.8455
vn -0.4272 0.5769 -0.6962
vn -0.3777 0.3539 -0.8556
vn -0.3827 0.3724 -0.8455
vn -0.4085 0.5965 -0.6909
vn -0.4045 0.6983 0.5906
vn -0.4060 0.8491 0.3379
vn -0.4169 0.6544 0.6309
vn -0.3840 0.8728 0.3013
vn -0.3805 0.4641 0.7999
vn -0.3804 0.4217 0.8231
vn -0.4093 0.6935 -0.5929
vn -0.4061 0.8491 -0.3379
vn -0.3840 0.8728 -0.3013
vn -0.4169 0.6544 -0.6308
vn -0.3806 0.4641 -0.7998
vn -0.3804 0.4218 -0.8231
vn -0.4117 0.9105 -0.0377
vn -0.4131 0.9094 -0.0483
vn -0.4003 0.8809 -0.2525
vn -0.4038 0.8754 -0.2656
vn -0.4038 0.8754 0.2656
vn -0.4002 0.8809 0.2525
vn -0.4117 0.9105 0.0377
vn -0.4131 0.9094 0.0483
vn -0.3604 -0.5269 0.7697
vn -0.3852 -0.7460 0.5433
vn -0.3837 -0.8093 0.4448
vn -0.3369 -0.4576 0.8229
vn -0.3604 -0.5270 -0.7697
vn -0.3851 -0.7460 -0.5433
vn -0.3369 -0.4576 -0.8228
vn -0.3837 -0.8093 -0.4448
vn -0.3835 0.3734 0.8447
vn -0.3803 0.3728 0.8464
vn -0.3723 0.4118 0.8317
vn -0.3835 0.3734 -0.8447
vn -0.3724 0.4118 -0.8317
vn -0.3803 0.3728 -0.8464
vn -0.3479 -0.5252 0.7766
vn -0.3835 -0.7386 0.5545
vn -0.3805 -0.8009 0.4624
vn -0.3346 -0.4573 0.8239
vn -0.3478 -0.5253 -0.7766
vn -0.3835 -0.7386 -0.5544
vn -0.3346 -0.4574 -0.8239
vn -0.3826 -0.8037 -0.4558
vn -0.3889 0.4513 0.8032
vn -0.3902 0.4422 0.8076
vn -0.3600 0.5173 0.7764
vn -0.3889 0.4513 -0.8032
vn -0.3600 0.5173 -0.7764
vn -0.3902 0.4422 -0.8076
vn -0.3733 -0.9270 0.0375
vn -0.3648 -0.8195 0.4420
vn -0.3752 -0.9260 0.0430
vn -0.3687 -0.8504 0.3754
vn -0.3664 -0.8223 -0.4354
vn -0.3733 -0.9270 -0.0376
vn -0.3752 -0.9259 -0.0430
vn -0.3688 -0.8504 -0.3753
vn -0.3861 -0.9218 0.0359
vn -0.3911 -0.8316 0.3943
vn -0.3874 -0.9210 0.0406
vn -0.3896 -0.8514 0.3513
vn -0.3911 -0.8317 -0.3942
vn -0.3862 -0.9217 -0.0359
vn -0.3873 -0.9211 -0.0406
vn -0.3896 -0.8514 -0.3512
vn -0.3786 -0.9251 0.0299
vn -0.3954 -0.7849 0.4771
vn -0.3799 -0.9244 0.0354
vn -0.3938 -0.8274 0.4005
vn -0.3954 -0.7849 -0.4771
vn -0.3786 -0.9251 -0.0298
vn -0.3799 -0.9244 -0.0354
vn -0.3938 -0.8274 -0.4005
vn -0.3828 -0.9230 0.0397
vn -0.3797 -0.8243 0.4199
vn -0.3840 -0.9223 0.0434
vn -0.3817 -0.8508 0.3612
vn -0.3797 -0.8243 -0.4199
vn -0.3828 -0.9230 -0.0397
vn -0.3840 -0.9223 -0.0434
vn -0.3817 -0.8508 -0.3611
vn -0.3798 -0.9243 0.0387
vn -0.3777 -0.8208 0.4286
vn -0.3816 -0.9233 0.0444
vn -0.3788 -0.8461 0.3750
vn -0.3777 -0.8208 -0.4286
vn -0.3798 -0.9243 -0.0387
vn -0.3816 -0.9233 -0.0444
vn -0.3802 -0.8485 -0.3681
vn 0.3794 -0.9244 0.0389
vn 0.3812 -0.9234 0.0445
vn 0.3773 -0.8209 0.4287
vn 0.3783 -0.8463 0.3751
vn 0.3798 -0.8486 -0.3682
vn 0.3773 -0.8209 -0.4287
vn 0.3794 -0.9244 -0.0388
vn 0.3811 -0.9235 -0.0445
vn 0.3828 -0.9230 0.0397
vn 0.3839 -0.9224 0.0435
vn 0.3798 -0.8243 0.4198
vn 0.3817 -0.8508 0.3612
vn 0.3817 -0.8508 -0.3612
vn 0.3798 -0.8243 -0.4198
vn 0.3828 -0.9230 -0.0397
vn 0.3839 -0.9224 -0.0434
vn 0.3836 -0.9230 0.0299
vn 0.3850 -0.9222 0.0355
vn 0.3954 -0.7849 0.4771
vn 0.3938 -0.8274 0.4004
vn 0.3938 -0.8274 -0.4004
vn 0.3954 -0.7849 -0.4771
vn 0.3836 -0.9230 -0.0299
vn 0.3850 -0.9222 -0.0355
vn 0.3722 -0.9276 0.0332
vn 0.3736 -0.9268 0.0378
vn 0.3783 -0.8385 0.3921
vn 0.3764 -0.8583 0.3489
vn 0.3764 -0.8582 -0.3489
vn 0.3782 -0.8386 -0.3921
vn 0.3722 -0.9276 -0.0331
vn 0.3736 -0.9268 -0.0378
vn 0.3686 -0.9289 0.0370
vn 0.3702 -0.9280 0.0422
vn 0.3670 -0.8224 0.4347
vn 0.3693 -0.8503 0.3750
vn 0.3693 -0.8504 -0.3749
vn 0.3670 -0.8224 -0.4347
vn 0.3685 -0.9289 -0.0370
vn 0.3702 -0.9280 -0.0422
vn -0.3803 0.0807 -0.9213
vn -0.3701 -0.3979 -0.8395
vn -0.3713 0.0460 -0.9274
vn -0.3642 -0.4353 -0.8233
vn -0.3304 0.0828 -0.9402
vn -0.3216 -0.3935 -0.8612
vn -0.3093 0.0579 -0.9492
vn -0.3160 -0.4413 -0.8399
vn -0.4003 0.4226 -0.8131
vn -0.4548 0.2004 -0.8677
vn -0.6346 0.5865 -0.5033
vn -0.3549 0.2287 -0.9065
vn -0.4223 0.1176 -0.8988
vn -0.4120 0.4076 -0.8149
vn -0.3661 0.1782 -0.9133
vn -0.3323 -0.3697 -0.8677
vn -0.4006 -0.6514 -0.6444
vn -0.3006 -0.2243 -0.9270
vn -0.3966 -0.7601 -0.5148
vn -0.3361 0.2223 -0.9152
vn -0.3741 0.1857 -0.9086
vn -0.2605 0.5863 -0.7670
vn -0.3566 0.1277 -0.9255
vn -0.3555 -0.3689 -0.8588
vn -0.3419 0.1144 -0.9327
vn -0.3502 -0.4155 -0.8395
vn -0.3025 0.2128 -0.9291
vn -0.3117 -0.1563 -0.9372
vn -0.2833 0.2184 -0.9338
vn -0.3116 -0.2554 -0.9152
vn -0.3791 0.3031 -0.8743
vn -0.3190 0.5122 -0.7974
vn -0.3530 0.3245 -0.8776
vn -0.2998 0.3120 -0.9015
vn -0.3218 0.2881 -0.9019
vn -0.2769 0.5467 -0.7902
vn -0.3610 0.1014 -0.9270
vn -0.3488 -0.3844 -0.8547
vn -0.3449 0.0742 -0.9357
vn -0.3356 -0.4287 -0.8388
vn -0.3592 0.2865 -0.8882
vn -0.4024 0.2564 -0.8788
vn -0.2933 0.6295 -0.7195
vn -0.3636 0.2690 -0.8919
vn -0.4091 0.2255 -0.8842
vn -0.2868 0.6353 -0.7170
vn 0.4093 0.2254 -0.8841
vn 0.3639 0.2689 -0.8918
vn 0.2875 0.6355 -0.7165
vn 0.4023 0.2566 -0.8788
vn 0.3593 0.2864 -0.8882
vn 0.2933 0.6296 -0.7195
vn 0.3609 0.1018 -0.9270
vn 0.3485 -0.3842 -0.8549
vn 0.3409 -0.4276 -0.8372
vn 0.3448 0.0742 -0.9357
vn 0.3025 0.2128 -0.9291
vn 0.3165 -0.1582 -0.9353
vn 0.3116 -0.2553 -0.9153
vn 0.2833 0.2184 -0.9338
vn 0.3218 0.2881 -0.9019
vn 0.2998 0.3120 -0.9015
vn 0.2769 0.5467 -0.7902
vn 0.3566 0.1275 -0.9255
vn 0.3555 -0.3688 -0.8588
vn 0.3502 -0.4155 -0.8395
vn 0.3419 0.1144 -0.9327
vn 0.3323 -0.3697 -0.8677
vn 0.4005 -0.6514 -0.6444
vn 0.3967 -0.7600 -0.5147
vn 0.3048 -0.2262 -0.9252
vn 0.3861 0.1774 -0.9052
vn 0.3429 0.2215 -0.9129
vn 0.2800 0.5764 -0.7677
vn 0.3529 0.3245 -0.8776
vn 0.3191 0.5118 -0.7976
vn 0.3791 0.3031 -0.8743
vn 0.3409 0.0716 -0.9374
vn 0.3256 -0.4017 -0.8559
vn 0.3220 -0.4437 -0.8363
vn 0.3248 0.0401 -0.9449
vn 0.3884 0.0606 -0.9195
vn 0.3622 -0.4162 -0.8340
vn 0.3554 -0.4530 -0.8176
vn 0.3734 0.0259 -0.9273
vn 0.3549 0.2287 -0.9065
vn 0.4221 0.1177 -0.8989
vn 0.3661 0.1784 -0.9133
vn 0.4120 0.4075 -0.8150
vn 0.4547 0.2006 -0.8677
vn 0.4003 0.4226 -0.8131
vn 0.6352 0.5862 -0.5028
vt 47.779400 -25.100100
vt 47.839401 -25.153500
vt 47.875198 -25.088800
vt 48.220600 -25.100100
vt 48.124802 -25.088800
vt 48.160599 -25.153500
vt 48.129902 -25.194599
vt 48.164799 -25.170401
vt 48.107498 -25.105101
vt 47.892502 -25.105101
vt 47.835201 -25.170401
vt 47.870098 -25.194599
vt 48.000000 -25.196899
vt 48.000000 -25.106300
vt 48.062302 -24.837400
vt 47.996799 -24.779400
vt 48.007198 -24.844900
vt 48.007198 -25.155100
vt 47.996799 -25.220600
vt 48.062302 -25.162600
vt 47.927299 -24.875200
vt 47.927299 -25.124800
vt 48.009602 -25.095800
vt 48.009602 -24.904200
vt 48.116901 -25.000000
vt 48.018501 -24.892500
vt 48.022499 -25.000000
vt 48.117401 -24.868700
vt 48.117401 -25.131300
vt 48.018501 -25.107500
vt 48.002800 -25.070200
vt 48.002800 -24.929800
vt 47.958900 -25.170401
vt 48.003201 -25.100100
vt 47.908501 -25.118601
vt 47.882599 -25.049601
vt 47.937698 -25.052299
vt 48.137798 -25.131201
vt 48.211102 -25.118601
vt 48.131302 -25.049601
vt 47.868698 -25.049601
vt 47.788898 -25.118601
vt 47.862202 -25.131201
vt 48.000000 -25.133301
vt 48.000000 -25.045000
vt 47.904202 -25.103901
vt 47.929798 -25.103300
vt 48.095798 -25.103901
vt 48.070202 -25.103300
vt 47.844898 -25.048500
vt 48.155102 -25.048500
vt 47.909401 -25.000000
vt 47.835701 -24.862200
vt 47.826302 -25.000000
vt 47.918800 -24.870100
vt 47.835701 -25.137800
vt 47.918800 -25.129900
vt 48.003201 -24.779400
vt 47.958900 -24.835199
vt 48.012798 -24.839399
vt 47.908501 -24.788900
vt 47.958900 -25.164801
vt 48.003201 -25.220600
vt 48.012798 -25.160601
vt 47.908501 -25.211100
vt 47.990398 -25.095800
vt 48.072701 -25.124800
vt 47.997200 -25.070200
vt 47.990398 -24.904200
vt 47.997200 -24.929800
vt 48.072701 -24.875200
vt 47.996799 -25.100100
vt 48.041100 -25.170401
vt 48.091499 -25.118601
vt 48.062302 -25.052299
vt 48.117401 -25.049601
vt 48.121498 -25.015600
vt 48.189602 -25.027300
vt 48.154499 -24.989599
vt 48.129002 -25.074600
vt 47.820400 -25.027300
vt 47.888500 -25.015600
vt 47.855499 -24.989599
vt 47.881001 -25.074600
vt 48.100498 -24.951500
vt 48.000000 -25.028299
vt 48.000000 -24.952000
vt 47.909500 -24.951500
vt 47.821201 -25.016199
vt 47.867001 -25.005400
vt 47.848499 -24.988701
vt 47.859001 -25.048401
vt 48.129601 -25.005400
vt 48.182701 -25.013901
vt 48.155300 -24.986401
vt 48.137600 -25.048401
vt 47.844200 -24.927700
vt 47.905800 -24.931999
vt 47.848301 -24.862600
vt 48.102200 -24.950500
vt 48.160702 -24.927700
vt 48.099098 -24.931999
vt 48.154400 -24.862600
vt 47.907799 -24.950500
vt 48.061798 -24.952700
vt 48.000198 -25.025700
vt 48.074299 -25.013700
vt 48.000198 -24.953300
vt 47.948101 -24.952700
vt 47.935600 -25.013700
vt 47.905998 -24.951700
vt 47.845501 -24.930099
vt 47.852798 -24.988899
vt 47.906502 -24.934200
vt 47.849499 -24.868200
vt 48.104000 -24.951700
vt 48.159302 -24.930099
vt 48.157200 -24.988899
vt 48.098301 -24.934200
vt 48.153099 -24.868200
vt 48.107201 -24.958599
vt 48.001301 -25.014601
vt 48.001301 -24.959000
vt 47.889500 -24.958599
vt 47.936901 -24.924299
vt 47.999298 -24.996901
vt 47.999298 -24.910101
vt 48.073101 -24.924299
vt 47.809299 -24.899500
vt 47.851200 -24.929100
vt 47.855000 -24.849600
vt 47.889400 -24.960199
vt 47.879601 -24.944401
vt 48.114498 -24.957899
vt 48.123501 -24.944401
vt 48.200699 -24.899500
vt 48.148701 -24.849600
vt 48.158798 -24.929100
vt 48.168499 -24.916100
vt 48.151199 -24.842100
vt 48.098400 -24.921101
vt 47.901100 -24.942101
vt 47.834499 -24.916100
vt 47.841599 -24.986601
vt 47.904598 -24.921101
vt 47.843800 -24.842100
vt 48.098099 -24.942101
vt 48.157600 -24.986601
vt 48.098000 -24.901501
vt 47.911999 -24.901501
vt 48.077099 -24.991600
vt 48.152699 -24.979099
vt 48.101101 -24.915300
vt 48.064098 -24.903700
vt 47.857300 -24.979099
vt 47.932899 -24.991600
vt 47.908901 -24.915300
vt 47.945900 -24.903700
vt 48.000099 -24.996000
vt 48.000099 -24.894400
vt 48.840000 -24.922600
vt 48.767799 -24.901100
vt 48.767700 -24.936899
vt 48.830601 -24.843399
vt 48.840000 -25.087299
vt 48.848099 -24.999300
vt 48.767700 -25.073099
vt 48.767799 -25.098101
vt 48.830601 -25.155701
vt 48.495701 -24.906000
vt 48.555901 -24.936199
vt 48.548100 -24.854401
vt 48.555901 -25.073700
vt 48.495701 -25.104000
vt 48.548100 -25.155500
vt 48.934101 -24.853001
vt 48.897301 -24.809299
vt 48.855900 -24.855000
vt 48.934101 -25.157000
vt 48.855900 -25.148701
vt 48.897301 -25.200701
vt 48.898998 -25.098000
vt 48.898998 -24.912001
vt 48.442902 -24.852800
vt 48.434502 -24.935600
vt 48.434502 -25.074301
vt 48.442902 -25.157200
vt 48.686199 -24.999300
vt 48.694500 -24.921900
vt 48.694500 -25.088100
vt 48.704601 -24.841600
vt 48.704601 -25.157600
vt 47.023499 -24.910400
vt 47.041801 -24.972799
vt 47.102699 -24.899500
vt 47.065899 -24.868500
vt 47.232601 -25.029600
vt 47.232101 -24.917999
vt 47.169399 -24.987301
vt 47.175800 -24.917900
vt 47.231701 -24.842100
vt 47.368500 -25.016199
vt 47.368198 -24.942499
vt 47.327999 -24.989201
vt 47.332199 -24.942400
vt 47.368000 -24.893801
vt 47.504700 -25.024799
vt 47.504299 -24.931700
vt 47.451900 -24.989500
vt 47.457298 -24.931499
vt 47.504002 -24.868200
vt 47.652699 -25.027300
vt 47.652199 -24.929300
vt 47.597099 -24.990200
vt 47.602798 -24.929199
vt 47.327999 -24.986900
vt 47.368198 -24.944401
vt 47.651901 -24.862600
vt 47.089500 -24.915300
vt 47.701500 -24.927700
vt 47.707802 -24.989599
vt 47.106400 -24.979099
vt 47.140400 -24.929100
vt 47.551102 -24.930099
vt 47.557098 -24.988899
vt 47.404099 -24.941299
vt 47.288200 -24.916100
vt 47.408699 -24.988701
vt 47.295399 -24.986601
vt 47.408699 -24.986401
vt 47.101002 -24.901501
vt 47.918301 -24.995800
vt 47.848900 -24.910400
vt 47.812599 -24.972799
vt 48.141102 -24.910400
vt 48.071701 -24.995800
vt 48.177399 -24.972799
vt 48.098900 -24.942101
vt 48.156601 -24.987301
vt 48.163300 -24.917900
vt 48.095402 -24.921101
vt 47.926899 -24.924299
vt 48.000702 -24.996700
vt 48.000702 -24.910101
vt 47.844299 -24.987301
vt 47.901901 -24.942101
vt 47.833698 -24.917900
vt 47.901600 -24.921101
vt 47.848801 -24.842100
vt 48.063099 -24.924299
vt 48.178799 -25.016199
vt 48.131901 -25.005400
vt 48.140999 -25.048401
vt 48.150200 -24.989201
vt 47.845901 -24.986900
vt 47.817299 -25.013901
vt 47.871399 -25.005400
vt 47.862400 -25.048401
vt 48.156200 -24.842100
vt 47.998699 -25.014500
vt 47.892799 -24.958599
vt 47.998699 -24.959000
vt 48.110500 -24.958599
vt 47.885502 -24.957899
vt 48.110600 -24.960199
vt 47.847099 -24.990200
vt 47.810398 -25.027300
vt 47.879501 -25.015699
vt 47.870998 -25.074600
vt 48.179600 -25.027300
vt 48.110500 -25.015699
vt 48.118999 -25.074600
vt 48.142899 -24.990200
vt 47.876499 -24.944401
vt 48.120399 -24.944401
vt 47.999802 -24.953300
vt 48.063801 -25.013700
vt 48.051899 -24.952700
vt 47.999802 -25.025600
vt 48.094002 -24.951700
vt 48.145599 -24.989500
vt 48.152599 -24.931499
vt 48.093498 -24.934200
vt 47.896000 -24.951700
vt 47.926300 -25.013700
vt 47.938202 -24.952700
vt 47.844501 -24.989500
vt 47.842602 -24.931499
vt 47.901699 -24.934200
vt 47.846901 -24.868200
vt 48.150501 -24.868200
vt 48.000000 -25.028099
vt 47.899502 -24.951500
vt 48.090500 -24.951500
vt 47.897800 -24.950500
vt 47.841202 -24.929199
vt 47.900902 -24.931999
vt 48.092201 -24.950500
vt 48.153900 -24.929199
vt 48.094200 -24.931999
vt 48.151699 -24.862600
vt 48.091099 -24.915300
vt 48.146999 -24.868500
vt 48.088001 -24.901501
vt 47.842999 -24.868500
vt 47.898899 -24.915300
vt 47.902000 -24.901501
vt 47.845600 -24.862600
vt 47.233002 -24.916599
vt 47.169399 -24.843399
vt 47.160000 -24.922600
vt 47.232601 -24.801701
vt 47.233002 -25.093399
vt 47.169399 -25.155701
vt 47.232601 -25.197500
vt 47.160000 -25.087299
vt 47.233101 -24.999300
vt 47.151901 -24.999300
vt 47.368801 -25.137600
vt 47.368801 -25.001301
vt 47.321999 -25.128599
vt 47.316799 -25.001301
vt 47.321999 -24.868099
vt 47.368801 -24.858999
vt 47.505001 -25.078800
vt 47.451900 -25.155500
vt 47.504700 -25.192801
vt 47.444099 -25.073700
vt 47.505001 -24.931200
vt 47.451900 -24.854401
vt 47.444099 -24.936199
vt 47.504700 -24.817101
vt 47.505100 -25.000200
vt 47.437302 -25.000200
vt 47.653000 -25.129000
vt 47.653099 -25.000000
vt 47.588902 -25.120501
vt 47.581699 -25.000000
vt 47.588902 -24.889500
vt 47.653000 -24.881001
vt 47.107201 -25.077101
vt 47.019100 -25.000099
vt 47.022900 -25.081699
vt 47.112801 -25.000099
vt 47.107201 -24.932899
vt 47.022900 -24.928301
vt 47.106400 -25.152700
vt 47.041801 -25.187401
vt 47.041801 -24.822599
vt 47.106400 -24.857300
vt 47.716599 -25.121500
vt 47.723999 -25.000000
vt 47.716599 -24.888500
vt 47.565498 -24.935600
vt 47.572498 -25.000200
vt 47.565498 -25.074301
vt 47.557098 -25.157200
vt 47.557098 -24.852800
vt 47.415199 -25.129601
vt 47.420502 -25.001301
vt 47.415199 -24.867001
vt 47.295399 -25.157600
vt 47.305500 -25.088100
vt 47.295399 -24.841600
vt 47.305500 -24.921900
vt 47.313801 -24.999300
vt 48.897301 -24.899500
vt 48.958199 -24.972799
vt 48.976501 -24.910400
vt 48.934101 -24.868500
vt 48.767899 -24.917999
vt 48.767399 -25.029600
vt 48.830601 -24.987301
vt 48.824200 -24.917900
vt 48.768299 -24.842100
vt 48.631802 -24.942499
vt 48.672001 -24.986900
vt 48.667801 -24.942400
vt 48.631500 -25.013901
vt 48.632000 -24.893801
vt 48.495701 -24.931700
vt 48.495300 -25.024799
vt 48.548100 -24.989500
vt 48.542702 -24.931499
vt 48.495998 -24.868200
vt 48.347801 -24.929300
vt 48.402901 -24.990200
vt 48.397202 -24.929199
vt 48.347301 -25.027300
vt 48.631802 -24.944401
vt 48.672001 -24.989201
vt 48.348099 -24.862600
vt 48.910500 -24.915300
vt 48.298500 -24.927700
vt 48.292198 -24.989599
vt 48.893600 -24.979099
vt 48.859600 -24.929100
vt 48.448898 -24.930099
vt 48.442902 -24.988899
vt 48.595901 -24.941299
vt 48.711800 -24.916100
vt 48.591301 -24.986401
vt 48.704601 -24.986601
vt 48.591301 -24.988701
vt 48.898998 -24.901501
vt 12.068400 -18.531799
vt 11.828900 -18.693600
vt 12.171100 -18.693600
vt 11.931600 -18.531799
vt 11.863100 -18.769501
vt 12.136900 -18.769501
vt 11.863100 -19.353901
vt 12.136900 -19.353901
vt 11.863100 -19.411600
vt 12.136900 -19.411600
vt 11.863100 -19.468201
vt 12.136900 -19.468201
vt 12.100100 -19.068399
vt 12.100100 -18.931601
vt 12.009200 -19.068399
vt 12.009200 -18.931601
vt 12.007600 -19.468201
vt 11.924500 -19.411600
vt 11.916700 -19.468201
vt 12.015400 -19.411600
vt 11.927100 -19.353901
vt 12.018000 -19.353901
vt 12.009200 -18.769501
vt 12.100100 -18.769501
vt 12.100100 -18.693600
vt 11.899900 -18.531799
vt 12.009200 -18.693600
vt 11.990800 -18.531799
vt 12.007600 -19.136900
vt 12.007600 -18.863100
vt 11.916700 -19.136900
vt 11.916700 -18.863100
vt 12.075500 -19.411600
vt 11.984600 -19.411600
vt 11.992400 -19.468201
vt 12.072900 -19.353901
vt 12.083300 -19.468201
vt 11.982000 -19.353901
vt 11.990800 -18.769501
vt 11.899900 -18.769501
vt 11.990800 -18.693600
vt 11.899900 -18.693600
vt 12.009200 -18.531799
vt 12.100100 -18.531799
vt 2.141140 -47.049900
vt 1.858860 -47.049900
vt 2.112910 -47.123001
vt 1.887090 -47.123001
vt 2.057950 -46.900902
vt 1.942050 -46.900902
vt 2.036130 -46.842098
vt 1.963870 -46.842098
vt 1.999670 -47.314301
vt 1.959770 -47.222301
vt 1.959770 -47.314301
vt 1.999670 -47.222301
vt 2.039560 -47.314301
vt 2.039560 -47.222301
vt 1.979630 -47.090698
vt 1.881660 -47.009102
vt 1.874620 -47.090698
vt 1.979630 -47.009102
vt 2.052050 -47.054298
vt 1.947280 -47.054298
vt 1.999670 -47.076000
vt 2.052050 -46.949501
vt 2.073750 -47.001900
vt 1.947280 -46.949501
vt 1.925580 -47.001900
vt 1.999670 -46.927799
vt 3.298120 -46.962200
vt 3.058670 -46.962200
vt 3.298120 -46.999699
vt 3.058670 -46.999699
vt 3.298120 -47.037102
vt 3.058670 -47.037102
vt 3.035880 -47.040001
vt 2.284730 -46.999699
vt 2.284730 -47.040001
vt 3.035880 -46.999699
vt 2.284730 -46.959301
vt 3.035880 -46.959301
vt 3.025870 -46.999699
vt 3.298120 -46.947300
vt 3.025870 -46.947300
vt 3.025870 -47.051998
vt 3.298120 -47.051998
vt 2.191970 -47.036098
vt 2.308860 -47.057999
vt 2.308860 -46.942001
vt 2.191970 -46.963902
vt 1.078510 -46.963902
vt 1.078510 -47.036098
vt 0.740840 -46.963902
vt 0.740840 -47.036098
vt 2.183540 -46.979599
vt 1.292430 -46.874599
vt 1.292430 -46.979599
vt 2.183540 -46.874599
vt 2.328690 -47.125500
vt 1.998000 -46.874500
vt 1.998000 -47.125500
vt 2.328690 -46.874500
vt 0.941331 -47.039299
vt 0.701878 -47.001900
vt 0.701878 -47.039299
vt 0.701878 -46.964500
vt 0.941331 -47.001900
vt 0.941331 -46.964500
vt 2.002000 -47.123001
vt 1.736240 -47.228901
vt 2.002000 -47.228901
vt 1.671310 -47.123001
vt 1.691140 -47.049900
vt 1.816460 -47.090698
vt 1.816460 -47.049900
vt 1.816460 -47.009102
vt 1.691140 -47.123001
vt 1.691140 -46.900902
vt 2.707570 -47.090698
vt 2.921490 -47.123001
vt 2.921490 -47.049900
vt 2.707570 -47.049900
vt 2.707570 -47.009102
vt 2.921490 -46.900902
vt 1.808030 -46.842098
vt 2.921490 -46.842098
vt 3.259160 -46.842098
vt 3.298120 -46.900902
vt 1.715270 -46.961498
vt 0.964118 -46.961498
vt 1.715270 -47.001900
vt 0.964118 -47.001900
vt 1.715270 -47.042198
vt 0.964118 -47.042198
vt 0.701878 -47.054298
vt 0.974132 -47.054298
vt 0.974132 -47.001900
vt 0.974132 -46.949501
vt 0.701878 -46.949501
vt 1.845830 -47.222301
vt 1.845830 -47.314301
vt 1.885730 -47.314301
vt 1.885730 -47.222301
vt 1.925630 -47.314301
vt 1.925630 -47.222301
vt 2.000330 -46.927799
vt 2.037770 -46.964500
vt 2.052720 -46.949501
vt 2.000330 -46.949001
vt 2.053270 -47.001900
vt 1.962900 -46.964500
vt 2.074420 -47.001900
vt 1.947950 -46.949501
vt 2.052720 -47.054298
vt 1.947400 -47.001900
vt 2.037770 -47.039299
vt 1.926250 -47.001900
vt 2.000330 -47.076000
vt 1.947950 -47.054298
vt 2.000330 -47.054798
vt 1.962900 -47.039299
vt 1.874550 -47.228901
vt 2.125450 -47.123001
vt 1.874550 -47.123001
vt 2.125450 -47.228901
vt 2.000330 -47.222301
vt 2.040230 -47.314301
vt 2.040230 -47.222301
vt 2.000330 -47.314301
vt 1.960440 -47.222301
vt 1.960440 -47.314301
vt 2.020370 -47.090698
vt 2.118340 -47.009102
vt 2.020370 -47.009102
vt 2.125380 -47.090698
vt 0.701878 -46.962200
vt 0.941331 -46.999699
vt 0.941331 -46.962200
vt 0.701878 -46.999699
vt 0.941331 -47.037102
vt 0.701878 -47.037102
vt 3.298120 -47.057999
vt 2.921490 -46.942001
vt 2.921490 -47.057999
vt 3.298120 -46.942001
vt 1.736240 -47.125500
vt 2.002000 -47.125500
vt 1.736240 -46.874500
vt 2.002000 -46.874500
vt 2.921490 -46.887100
vt 1.691140 -46.887100
vt 2.921490 -47.112900
vt 1.691140 -47.112900
vt 1.816460 -46.979599
vt 2.707570 -46.979599
vt 2.707570 -46.881699
vt 1.816460 -46.881699
vt 0.964118 -47.040001
vt 1.715270 -47.040001
vt 0.964118 -46.999699
vt 1.715270 -46.999699
vt 0.964118 -46.959301
vt 1.715270 -46.959301
vt 0.974132 -46.947300
vt 0.701878 -46.947300
vt 0.974132 -46.999699
vt 0.701878 -47.051998
vt 0.974132 -47.051998
vt 1.896300 -47.025700
vt 1.926420 -46.973701
vt 1.896300 -46.973701
vt 1.926420 -47.025700
vt 3.058670 -46.964500
vt 3.298120 -47.001900
vt 3.298120 -46.964500
vt 3.058670 -47.001900
vt 3.298120 -47.039299
vt 3.058670 -47.039299
vt 1.998000 -47.228901
vt 2.263760 -47.228901
vt 1.998000 -47.123001
vt 2.328690 -47.123001
vt 0.740840 -46.842098
vt 1.078510 -46.900902
vt 1.078510 -46.842098
vt 0.701878 -46.900902
vt 2.191970 -46.842098
vt 2.308860 -46.900902
vt 2.308860 -47.049900
vt 1.078510 -47.049900
vt 2.308860 -47.123001
vt 1.078510 -47.123001
vt 3.035880 -46.961498
vt 2.284730 -46.961498
vt 3.035880 -47.001900
vt 2.284730 -47.001900
vt 3.035880 -47.042198
vt 2.284730 -47.042198
vt 3.025870 -47.054298
vt 3.298120 -47.054298
vt 3.025870 -47.001900
vt 3.298120 -46.949501
vt 3.025870 -46.949501
vt 2.114270 -47.222301
vt 2.154170 -47.314301
vt 2.154170 -47.222301
vt 2.114270 -47.314301
vt 2.074370 -47.222301
vt 2.074370 -47.314301
vt 39.918900 -29.017799
vt 39.915298 -28.945499
vt 39.900101 -29.013599
vt 39.934101 -28.949600
vt 40.099899 -28.986401
vt 40.084702 -29.054501
vt 39.933800 -29.099899
vt 40.035702 -29.033600
vt 40.015598 -29.014000
vt 40.066200 -29.099899
vt 40.066200 -29.048000
vt 40.051498 -29.033600
vt 39.933800 -28.934099
vt 40.015598 -28.934099
vt 39.952999 -28.915300
vt 39.996399 -28.915300
vt 39.948502 -28.971701
vt 39.948502 -29.039900
vt 39.964298 -29.039900
vt 39.964298 -28.971701
vt 40.003601 -29.013599
vt 40.047001 -29.013599
vt 40.003601 -28.945499
vt 40.047001 -28.945499
vt 39.915298 -29.054501
vt 39.952000 -28.974899
vt 39.900101 -28.986401
vt 39.967098 -29.043100
vt 39.966400 -28.971701
vt 39.981499 -29.039900
vt 40.001099 -29.035500
vt 39.986000 -28.967400
vt 40.081100 -29.017799
vt 40.065899 -28.949600
vt 40.084702 -28.945499
vt 40.099899 -29.013599
vt 40.066200 -29.084700
vt 40.066200 -28.918900
vt 39.984402 -28.998899
vt 39.984402 -28.918900
vt 40.003601 -28.900101
vt 40.047001 -28.900101
vt 39.964298 -29.018499
vt 39.933800 -29.084700
vt 39.933800 -29.032900
vt 39.948502 -29.018499
vt 39.933800 -28.986401
vt 40.066200 -29.054501
vt 40.066200 -28.986401
vt 39.933800 -29.054501
vt 22.094601 -36.881599
vt 21.855900 -36.963299
vt 22.144100 -36.963299
vt 21.905399 -36.881599
vt 22.133200 -37.089401
vt 21.866800 -37.089401
vt 22.133200 -37.171101
vt 21.866800 -37.171101
vt 21.987499 -36.958698
vt 21.903799 -36.958698
vt 21.987499 -37.040298
vt 21.897301 -37.040298
vt 21.883801 -36.999500
vt 21.943300 -36.828899
vt 22.071600 -36.857498
vt 22.056700 -36.828899
vt 21.928400 -36.857498
vt 21.913601 -36.886101
vt 22.086399 -36.886101
vt 22.423500 -37.056702
vt 22.620001 -37.056702
vt 22.620001 -36.943298
vt 22.423500 -36.943298
vt 22.685101 -37.056702
vt 22.881599 -37.056702
vt 22.881599 -36.943298
vt 22.685101 -36.943298
vt 20.969999 -37.094601
vt 21.471500 -37.094601
vt 21.471500 -36.905399
vt 20.969999 -36.905399
vt 22.138901 -36.987499
vt 23.030001 -36.987499
vt 23.030001 -36.903801
vt 22.138901 -36.903801
vt 21.358700 -37.133202
vt 21.587500 -37.133202
vt 21.587500 -36.866798
vt 21.358700 -36.866798
vt 22.641300 -37.089401
vt 22.412500 -37.089401
vt 22.641300 -37.171101
vt 22.412500 -37.171101
vt 23.030001 -36.881599
vt 22.528500 -36.881599
vt 23.030001 -36.963299
vt 22.528500 -36.963299
vt 21.379999 -36.886101
vt 21.576500 -36.828899
vt 21.379999 -36.828899
vt 21.360399 -36.857498
vt 21.576500 -36.886101
vt 21.596201 -36.857498
vt 21.118401 -36.886101
vt 21.314899 -36.828899
vt 21.118401 -36.828899
vt 21.098700 -36.857498
vt 21.314899 -36.886101
vt 21.334499 -36.857498
vt 21.861099 -36.958698
vt 20.969999 -36.958698
vt 21.861099 -36.999500
vt 20.969999 -36.999500
vt 21.861099 -37.040298
vt 20.969999 -37.040298
vt 22.012501 -37.040298
vt 22.096201 -36.958698
vt 22.012501 -36.958698
vt 22.102699 -37.040298
vt 22.116199 -36.999500
vt 22.412500 -37.133202
vt 22.641300 -37.133202
vt 22.641300 -36.866798
vt 22.412500 -36.866798
vt 20.969999 -36.987499
vt 21.861099 -36.987499
vt 21.861099 -36.897301
vt 20.969999 -36.897301
vt 22.528500 -37.144100
vt 23.030001 -37.144100
vt 23.030001 -36.855900
vt 22.528500 -36.855900
vt 21.379999 -37.086399
vt 21.576500 -37.086399
vt 21.576500 -36.913601
vt 21.379999 -36.913601
vt 21.118401 -37.086399
vt 21.314899 -37.086399
vt 21.314899 -36.913601
vt 21.118401 -36.913601
vt 21.358700 -37.089401
vt 21.587500 -37.171101
vt 21.587500 -37.089401
vt 21.358700 -37.171101
vt 20.969999 -36.881599
vt 21.471500 -36.963299
vt 21.471500 -36.881599
vt 20.969999 -36.963299
vt 22.620001 -36.828899
vt 22.620001 -36.886101
vt 22.639601 -36.857498
vt 22.423500 -36.886101
vt 22.423500 -36.828899
vt 22.403799 -36.857498
vt 22.881599 -36.828899
vt 22.881599 -36.886101
vt 22.901300 -36.857498
vt 22.685101 -36.886101
vt 22.685101 -36.828899
vt 22.665501 -36.857498
vt 22.138901 -36.958698
vt 23.030001 -37.040298
vt 23.030001 -36.958698
vt 22.138901 -37.040298
vt 7.937270 -40.491100
vt 8.156820 -40.646900
vt 8.062730 -40.491100
vt 7.843180 -40.646900
vt 7.874550 -40.720100
vt 8.125450 -40.720100
vt 7.874550 -41.283100
vt 8.125450 -41.283100
vt 7.874550 -41.338600
vt 8.125450 -41.338600
vt 7.874550 -41.393200
vt 8.125450 -41.393200
vt 7.874550 -41.111900
vt 8.125450 -41.111900
vt 8.125450 -41.023399
vt 7.874550 -41.023399
vt 8.064600 -41.132301
vt 8.064600 -40.911499
vt 8.023710 -40.942200
vt 7.934730 -41.132301
vt 7.975620 -40.942200
vt 7.934730 -40.911499
vt 7.975620 -41.132301
vt 7.975620 -41.391998
vt 7.975620 -41.508900
vt 8.023710 -41.391998
vt 7.975620 -41.262100
vt 8.023710 -41.508900
vt 8.023710 -41.262100
vt 8.023710 -41.132301
vt 8.125450 -40.890900
vt 7.874550 -40.890900
vt 7.874550 -40.944698
vt 8.125450 -40.944698
vt 7.874550 -41.264702
vt 8.125450 -41.264702
vt 7.874550 -41.335300
vt 8.125450 -41.335300
vt 7.874550 -40.880501
vt 8.125450 -40.880501
vt 8.125450 -40.823700
vt 7.874550 -40.945400
vt 7.874550 -40.823700
vt 8.125450 -40.945400
vt 7.874550 -41.275600
vt 8.125450 -41.275600
vt 8.403960 -40.937302
vt 6.685390 -40.937302
vt 8.403960 -41.062698
vt 6.685390 -41.062698
vt 9.167600 -40.874500
vt 8.403960 -40.874500
vt 9.167600 -41.125500
vt 8.403960 -41.125500
vt 8.509810 -40.874500
vt 8.646330 -41.125500
vt 8.646330 -40.874500
vt 8.509810 -41.125500
vt 9.343470 -40.934700
vt 9.343470 -41.064602
vt 9.384890 -41.023701
vt 9.384890 -40.975601
vt 9.208050 -41.064602
vt 9.208050 -40.934700
vt 6.615110 -41.132301
vt 6.656530 -40.911499
vt 6.615110 -40.911499
vt 6.656550 -41.132301
vt 6.755750 -41.132301
vt 6.791950 -40.911499
vt 6.643620 -41.262100
vt 6.819290 -40.942200
vt 6.796930 -41.132301
vt 6.602120 -41.262100
vt 6.615110 -41.391998
vt 6.781740 -41.262100
vt 6.656690 -41.391998
vt 6.822910 -41.262100
vt 6.617790 -41.508900
vt 6.576150 -41.508900
vt 6.781780 -41.508900
vt 6.781770 -41.391998
vt 6.822910 -41.391998
vt 6.822910 -41.508900
vt 7.596040 -40.720100
vt 7.640200 -40.890900
vt 7.765330 -40.826000
vt 8.172670 -40.890900
vt 7.423090 -40.822201
vt 7.423090 -40.944698
vt 7.648800 -40.944698
vt 7.541800 -41.217400
vt 7.763210 -41.264702
vt 7.763210 -41.335300
vt 7.490190 -41.274200
vt 7.376970 -41.335300
vt 7.353670 -41.275600
vt 7.258820 -41.277699
vt 7.131240 -40.945400
vt 7.042920 -40.946999
vt 7.131240 -40.880501
vt 6.925640 -40.825298
vt 7.185040 -40.823700
vt 6.832400 -40.720100
vt 6.832400 -40.826000
vt 9.423850 -40.646900
vt 7.596040 -40.646900
vt 9.314610 -40.491100
vt 7.596040 -40.491100
vt 9.423850 -40.720100
vt 8.648000 -41.023399
vt 8.210350 -41.002800
vt 8.623340 -41.111900
vt 9.037620 -41.283100
vt 9.341770 -41.283100
vt 9.339190 -41.338600
vt 9.331400 -41.393200
vt 8.983070 -41.393200
vt 8.983070 -41.338600
vt 7.976290 -40.911499
vt 7.976290 -41.132301
vt 8.024380 -40.911499
vt 8.024380 -41.132301
vt 8.024380 -41.262100
vt 7.976290 -41.262100
vt 8.024380 -41.391998
vt 7.976290 -41.391998
vt 7.976290 -41.508900
vt 8.024380 -41.508900
vt 7.874550 -41.277699
vt 8.125450 -41.277699
vt 7.874550 -40.972900
vt 8.125450 -40.946999
vt 7.874550 -40.946999
vt 8.125450 -40.825298
vt 7.874550 -40.825298
vt 8.125450 -41.217400
vt 7.874550 -41.274200
vt 8.125450 -41.274200
vt 7.874550 -41.217400
vt 8.125450 -40.822201
vt 7.874550 -40.822201
vt 7.874550 -41.002800
vt 8.125450 -41.002800
vt 8.983070 -41.125500
vt 9.331400 -41.125500
vt 9.331400 -40.874500
vt 8.983070 -40.874500
vt 6.617790 -41.064602
vt 6.781780 -40.934700
vt 6.617790 -40.934700
vt 6.576150 -40.975601
vt 6.576150 -41.023701
vt 6.781780 -41.064602
vt 6.822910 -40.975601
vt 6.822910 -41.023701
vt 7.258820 -40.874500
vt 7.258820 -41.125500
vt 7.376970 -41.125500
vt 7.376970 -40.874500
vt 7.763210 -41.125500
vt 7.763210 -40.874500
vt 7.640200 -40.874500
vt 7.640200 -41.125500
vt 7.765330 -41.125500
vt 7.765330 -40.874500
vt 8.172670 -41.125500
vt 8.172670 -40.874500
vt 7.185040 -41.125500
vt 7.423090 -41.125500
vt 7.185040 -40.874500
vt 7.423090 -40.874500
vt 8.210350 -41.125500
vt 8.623340 -41.125500
vt 8.210350 -40.874500
vt 8.623340 -40.874500
vt 6.832400 -40.874500
vt 6.832400 -41.125500
vt 6.925640 -41.125500
vt 6.925640 -40.874500
vt 8.648000 -41.125500
vt 9.037620 -41.125500
vt 8.648000 -40.874500
vt 9.037620 -40.874500
vt 9.208050 -40.911499
vt 9.244260 -41.132301
vt 9.343470 -40.911499
vt 9.343450 -41.132301
vt 9.384890 -41.132301
vt 9.384890 -40.911499
vt 9.356380 -41.262100
vt 9.397880 -41.262100
vt 9.384890 -41.391998
vt 9.382210 -41.508900
vt 9.423850 -41.508900
vt 9.343310 -41.391998
vt 9.218220 -41.508900
vt 9.177090 -41.391998
vt 9.177090 -41.508900
vt 9.218230 -41.391998
vt 9.177090 -41.262100
vt 9.218260 -41.262100
vt 9.203070 -41.132301
vt 9.180710 -40.942200
vt 6.685390 -40.491100
vt 8.403960 -40.646900
vt 8.403960 -40.491100
vt 6.576150 -40.646900
vt 8.403960 -40.720100
vt 6.576150 -40.720100
vt 7.827330 -40.890900
vt 7.352000 -41.023399
vt 7.789650 -41.002800
vt 7.376660 -41.111900
vt 8.234670 -40.826000
vt 6.962380 -41.283100
vt 8.359800 -40.890900
vt 6.658230 -41.283100
vt 6.660810 -41.338600
vt 6.668600 -41.393200
vt 7.016930 -41.393200
vt 7.016930 -41.338600
vt 8.576910 -40.822201
vt 8.576910 -40.944698
vt 8.814960 -40.823700
vt 8.351200 -40.944698
vt 9.167600 -40.720100
vt 8.458200 -41.217400
vt 8.236790 -41.264702
vt 8.236790 -41.335300
vt 8.509810 -41.274200
vt 8.623030 -41.335300
vt 8.646330 -41.275600
vt 8.741180 -41.277699
vt 8.868760 -40.945400
vt 8.939710 -40.972900
vt 8.957080 -40.946999
vt 8.868760 -40.880501
vt 9.074360 -40.825298
vt 9.167600 -40.826000
vt 53.869099 -12.805200
vt 54.130901 -12.779200
vt 53.869099 -12.779200
vt 54.130901 -12.805200
vt 53.869099 -12.831100
vt 54.130901 -12.831100
vt 53.869099 -12.883100
vt 54.130901 -12.857200
vt 53.869099 -12.857200
vt 54.130901 -12.883100
vt 53.869099 -12.909100
vt 54.130901 -12.909100
vt 53.869099 -13.194800
vt 54.130901 -13.168800
vt 53.869099 -13.168800
vt 54.130901 -13.194800
vt 53.869099 -13.220800
vt 54.130901 -13.220800
vt 53.675301 -13.130900
vt 53.649300 -12.869100
vt 53.649300 -13.130900
vt 53.623402 -12.869100
vt 53.675301 -12.869100
vt 53.623402 -13.130900
vt 54.376598 -13.130900
vt 54.350700 -12.869100
vt 54.350700 -13.130900
vt 54.324699 -12.869100
vt 54.376598 -12.869100
vt 54.324699 -13.130900
vt 53.714298 -13.130900
vt 53.688301 -12.869100
vt 53.688301 -13.130900
vt 53.662300 -12.869100
vt 53.714298 -12.869100
vt 53.662300 -13.130900
vt 54.285702 -13.220800
vt 54.311699 -13.158100
vt 54.275002 -13.194800
vt 54.285702 -13.168800
vt 54.348400 -13.194800
vt 54.337700 -13.168800
vt 54.311699 -13.231500
vt 54.337700 -13.220800
vt 53.623402 -12.909100
vt 53.623402 -12.857200
vt 53.612598 -12.883100
vt 53.686100 -12.883100
vt 53.649300 -12.846400
vt 53.675301 -12.857200
vt 53.649300 -12.919800
vt 53.675301 -12.909100
vt 54.324699 -12.831100
vt 54.350700 -12.768500
vt 54.313900 -12.805200
vt 54.324699 -12.779200
vt 54.376598 -12.831100
vt 54.350700 -12.841900
vt 54.387402 -12.805200
vt 54.376598 -12.779200
vt 54.311699 -13.130900
vt 54.285702 -12.869100
vt 54.285702 -13.130900
vt 54.311699 -12.869100
vt 54.337700 -13.130900
vt 54.337700 -12.869100
vt 53.651600 -13.194800
vt 53.688301 -13.158100
vt 53.662300 -13.168800
vt 53.724998 -13.194800
vt 53.714298 -13.168800
vt 53.714298 -13.220800
vt 53.688301 -13.231500
vt 53.662300 -13.220800
vt 54.313900 -12.883100
vt 54.350700 -12.846400
vt 54.324699 -12.857200
vt 54.376598 -12.857200
vt 54.376598 -12.909100
vt 54.387402 -12.883100
vt 54.350700 -12.919800
vt 54.324699 -12.909100
vt 53.612598 -12.805200
vt 53.649300 -12.768500
vt 53.623402 -12.779200
vt 53.623402 -12.831100
vt 53.675301 -12.831100
vt 53.649300 -12.841900
vt 53.686100 -12.805200
vt 53.675301 -12.779200
vt 47.927299 -24.945299
vt 47.964901 -24.980900
vt 47.970001 -24.942801
vt 47.948799 -24.923901
vt 48.035099 -24.980900
vt 48.072701 -24.945299
vt 48.029999 -24.942801
vt 48.051201 -24.923901
vt 47.929798 -24.953100
vt 47.967899 -24.987301
vt 47.971100 -24.953400
vt 47.948502 -24.934500
vt 48.032101 -24.987301
vt 48.070202 -24.953100
vt 48.028900 -24.953400
vt 48.051498 -24.934500
vt 47.943802 -24.911100
vt 47.945801 -24.878401
vt 47.919300 -24.910200
vt 48.000000 -24.906700
vt 48.021099 -24.902901
vt 48.000000 -24.949499
vt 48.056198 -24.911100
vt 48.080700 -24.910200
vt 48.054199 -24.878401
vt 47.978901 -24.902901
vt 48.024899 -24.900801
vt 48.026798 -24.898100
vt 48.058998 -24.897600
vt 48.052502 -24.859600
vt 47.975101 -24.900801
vt 47.973202 -24.898100
vt 47.941002 -24.897600
vt 47.947498 -24.859600
vt 47.931400 -24.951401
vt 47.966099 -24.981800
vt 47.970699 -24.950001
vt 47.951000 -24.933599
vt 48.033901 -24.981800
vt 48.068600 -24.951401
vt 48.029301 -24.950001
vt 48.049000 -24.933599
vt 47.927898 -24.943399
vt 47.965599 -24.979099
vt 47.969101 -24.943300
vt 47.946602 -24.923100
vt 48.034401 -24.979099
vt 48.072102 -24.943399
vt 48.030899 -24.943300
vt 48.053398 -24.923100
vt 48.023102 -24.918400
vt 48.029598 -24.915001
vt 47.976898 -24.918400
vt 47.970299 -24.915001
vt 48.057701 -24.909300
vt 48.032101 -24.910000
vt 48.049702 -24.874201
vt 47.942299 -24.909300
vt 47.967899 -24.910000
vt 47.950298 -24.874201
vt 48.000000 -24.922701
vt 48.000000 -24.959499
vt 48.000000 -24.899099
vt 48.042000 -24.938499
vt 48.027699 -24.894899
vt 48.000000 -24.945700
vt 47.958000 -24.938499
vt 47.972301 -24.894899
vt 48.055801 -24.917500
vt 47.944199 -24.917500
vt 48.027000 -24.911301
vt 47.973000 -24.911301
vt 48.030399 -24.897301
vt 48.062000 -24.895800
vt 48.057499 -24.859301
vt 47.969601 -24.897301
vt 47.942501 -24.859301
vt 47.938000 -24.895800
vt 48.000000 -24.919001
vt 48.000000 -24.955601
vt 47.978600 -24.915701
vt 48.021400 -24.915701
vt 48.025002 -24.913799
vt 47.974998 -24.913799
vt 48.000000 -24.908300
vt 48.022800 -24.904200
vt 48.000000 -24.950001
vt 47.977200 -24.904200
vt 48.027699 -24.901300
vt 47.972301 -24.901300
vt 49.596199 -25.000000
vt 49.630798 -24.970699
vt 49.596100 -24.978600
vt 49.596100 -25.021400
vt 49.630798 -25.029301
vt 46.376301 -24.932899
vt 46.403900 -24.910200
vt 46.379200 -24.910500
vt 46.403400 -24.951401
vt 46.291901 -24.922800
vt 46.322399 -24.895901
vt 46.295399 -24.895000
vt 46.322102 -24.943399
vt 46.492401 -24.892401
vt 46.457100 -24.917500
vt 46.492401 -24.894899
vt 46.460602 -24.888599
vt 46.492401 -24.889200
vt 46.448299 -24.938499
vt 46.492401 -24.940800
vt 46.492401 -24.980000
vt 46.322601 -24.859301
vt 46.560699 -24.934500
vt 46.588001 -24.908400
vt 46.563702 -24.909300
vt 46.588001 -24.953100
vt 46.492401 -24.887800
vt 46.492401 -24.846901
vt 46.649799 -24.923901
vt 46.682201 -24.896900
vt 46.652901 -24.897600
vt 46.682201 -24.945299
vt 46.588001 -24.874201
vt 46.682201 -24.859600
vt 46.711498 -24.897600
vt 46.612301 -24.909300
vt 46.714600 -24.923901
vt 46.527599 -24.917500
vt 46.524200 -24.888599
vt 46.615299 -24.934500
vt 46.536400 -24.938499
vt 46.349499 -24.895800
vt 46.352600 -24.923100
vt 46.431000 -24.933599
vt 46.428600 -24.911100
vt 47.945801 -24.922800
vt 47.968700 -24.943199
vt 47.937000 -24.895000
vt 48.054199 -24.922800
vt 48.031300 -24.943199
vt 48.063000 -24.895000
vt 48.000000 -24.950100
vt 47.951000 -24.932899
vt 47.970699 -24.949100
vt 47.943802 -24.910500
vt 48.049000 -24.932899
vt 48.029301 -24.949100
vt 48.056198 -24.910500
vt 48.000000 -24.954800
vt 47.970402 -24.915001
vt 48.029701 -24.915001
vt 47.970001 -24.942900
vt 48.029999 -24.942900
vt 46.321899 -25.000000
vt 46.283199 -24.968700
vt 46.283100 -25.000000
vt 46.321899 -24.965599
vt 46.283199 -25.031300
vt 46.321899 -25.034401
vt 46.403000 -25.000000
vt 46.369202 -24.970699
vt 46.369099 -25.000000
vt 46.403099 -24.966101
vt 46.369202 -25.029301
vt 46.403099 -25.033899
vt 46.492401 -25.000000
vt 46.448299 -24.958000
vt 46.448299 -25.000000
vt 46.492401 -24.949699
vt 46.448299 -25.042000
vt 46.492401 -25.050301
vt 46.588001 -25.000000
vt 46.552700 -24.971100
vt 46.552601 -25.000000
vt 46.588001 -24.967899
vt 46.552700 -25.028900
vt 46.588001 -25.032101
vt 46.682301 -25.000000
vt 46.641800 -24.969999
vt 46.641800 -25.000000
vt 46.682201 -24.964899
vt 46.641800 -25.030001
vt 46.682201 -25.035101
vt 46.722698 -25.000000
vt 46.722599 -24.969999
vt 46.722599 -25.030001
vt 46.623402 -25.000000
vt 46.623299 -24.971100
vt 46.623299 -25.028900
vt 46.536499 -25.000000
vt 46.536400 -24.958000
vt 46.536400 -25.042000
vt 46.437698 -25.000000
vt 46.437698 -24.970699
vt 46.437698 -25.029301
vt 46.361000 -25.000000
vt 46.360901 -24.969101
vt 46.360901 -25.030899
vt 49.596100 -24.910200
vt 49.623699 -24.932899
vt 49.620800 -24.910500
vt 49.596600 -24.951401
vt 49.677601 -24.895901
vt 49.708099 -24.922800
vt 49.704601 -24.895000
vt 49.677898 -24.943399
vt 49.542900 -24.917500
vt 49.507599 -24.892401
vt 49.507599 -24.894899
vt 49.539398 -24.888599
vt 49.507599 -24.889200
vt 49.507599 -24.940800
vt 49.551701 -24.938499
vt 49.507599 -24.980000
vt 49.677399 -24.859301
vt 49.411999 -24.908400
vt 49.439301 -24.934500
vt 49.436298 -24.909300
vt 49.411999 -24.953100
vt 49.507599 -24.887800
vt 49.507599 -24.846901
vt 49.317799 -24.896900
vt 49.350201 -24.923901
vt 49.347099 -24.897600
vt 49.317799 -24.945299
vt 49.411999 -24.874201
vt 49.317799 -24.859600
vt 49.288502 -24.897600
vt 49.387699 -24.909300
vt 49.285400 -24.923901
vt 49.472401 -24.917500
vt 49.475800 -24.888599
vt 49.384701 -24.934500
vt 49.463600 -24.938499
vt 49.650501 -24.895800
vt 49.647400 -24.923100
vt 49.569000 -24.933599
vt 49.571400 -24.911100
s 1
usemtl Meshpart1Mtl.014
f 1172/463/796 1171/464/797 1173/465/798
f 1175/466/799 1176/467/800 1174/468/801
f 1177/469/802 1178/470/803 1179/471/804
f 1180/472/805 1181/473/806 1182/474/807
f 1183/475/808 1184/472/809 1185/474/810
f 1184/472/809 1183/475/808 1186/476/808
f 1187/471/811 1188/475/812 1189/469/813
f 1188/475/812 1187/471/811 1190/476/812
f 1192/477/814 1191/478/815 1193/479/816
f 1194/480/817 1195/481/818 1196/482/819
f 1197/479/820 1198/478/821 1199/483/822
f 1200/480/823 1201/484/824 1202/481/825
f 1203/482/826 1204/485/827 1205/480/828
f 1207/486/829 1208/477/830 1206/479/831
f 1209/487/832 1210/488/833 1211/489/834
f 1210/488/833 1209/487/832 1212/490/835
f 1213/491/836 1214/487/837 1215/492/838
f 1215/492/838 1214/487/837 1216/489/832
f 1217/493/839 1218/484/840 1219/480/841
f 1220/494/842 1221/479/843 1222/483/844
f 1223/477/845 1224/486/846 1225/490/847
f 1226/491/848 1227/492/849 1228/482/850
f 1230/495/851 1229/496/852 1231/497/853
f 1233/498/854 1232/497/855 1234/499/856
f 1235/496/857 1236/499/858 1237/497/859
f 1238/500/860 1239/501/861 1240/502/862
f 1242/503/863 1241/504/864 1243/505/865
f 1244/506/866 1245/502/867 1246/507/866
f 1245/502/867 1244/506/866 1247/500/868
f 1248/505/869 1249/506/866 1250/503/870
f 1250/503/870 1249/506/866 1251/507/866
f 1252/473/871 1254/508/872 1253/472/873
f 1255/464/874 1256/509/875 1254/508/876
f 1259/510/877 1258/470/878 1257/471/879
f 1261/511/880 1260/468/881 1259/510/882
f 1264/509/883 1263/512/828 1262/508/884
f 1265/513/885 1266/511/886 1267/510/887
f 1268/514/888 1269/515/889 1270/516/890
f 1269/515/889 1268/514/888 1271/517/891
f 1272/514/892 1273/518/893 1274/519/894
f 1273/518/893 1272/514/892 1275/516/888
f 1276/520/895 1277/521/896 1278/522/897
f 1280/517/898 1279/523/899 1281/515/900
f 1279/523/899 1280/517/898 1282/521/901
f 1284/524/902 1283/525/903 1286/526/904
f 1287/519/905 1285/527/906 1288/524/907
f 1285/527/906 1287/519/905 1289/518/908
f 1291/524/909 1292/526/910 1290/528/911
f 1292/526/912 1294/529/913 1293/530/914
f 1296/521/915 1295/531/916 1297/522/917
f 1297/522/918 1298/532/919 1299/533/920
f 1300/534/921 1301/535/922 1302/536/923
f 1303/537/924 1304/536/925 1305/538/926
f 1307/537/927 1306/534/928 1308/536/929
usemtl Meshpart1Mtl.015
f 1310/463/930 1309/464/931 1311/465/932
f 1313/466/933 1314/467/934 1312/468/935
f 1315/469/936 1316/470/937 1317/471/938
f 1318/472/939 1319/473/940 1320/474/941
f 1321/475/942 1322/472/943 1323/474/944
f 1322/472/943 1321/475/942 1324/476/942
f 1325/471/945 1326/475/946 1327/469/947
f 1326/475/946 1325/471/945 1328/476/946
f 1330/477/948 1329/478/949 1331/479/950
f 1332/480/951 1333/481/952 1334/482/953
f 1335/479/954 1336/478/955 1337/483/956
f 1338/480/957 1339/484/958 1340/481/959
f 1341/482/960 1342/485/961 1343/480/962
f 1345/486/963 1346/477/964 1344/479/965
f 1347/487/966 1348/488/967 1349/489/968
f 1348/488/967 1347/487/966 1350/490/969
f 1351/491/970 1352/487/971 1353/492/972
f 1353/492/972 1352/487/971 1354/489/968
f 1355/493/973 1356/484/974 1357/480/975
f 1358/494/976 1359/479/977 1360/483/978
f 1361/477/979 1362/486/980 1363/490/981
f 1364/491/982 1365/492/983 1366/482/984
f 1368/495/985 1367/496/986 1369/497/987
f 1371/498/988 1370/497/989 1372/499/990
f 1373/496/991 1374/499/992 1375/497/993
f 1376/500/994 1377/501/995 1378/502/996
f 1380/503/997 1379/504/998 1381/505/999
f 1382/506/1000 1383/502/1001 1384/507/1000
f 1383/502/1001 1382/506/1000 1385/500/1002
f 1386/505/1003 1387/506/1000 1388/503/1004
f 1388/503/1004 1387/506/1000 1389/507/1000
f 1390/473/1005 1392/508/1006 1391/472/1007
f 1393/464/1008 1394/509/1009 1392/508/1010
f 1397/510/1011 1396/470/1012 1395/471/1013
f 1399/511/1014 1398/468/1015 1397/510/1016
f 1402/509/1017 1401/512/1018 1400/508/1019
f 1403/513/1020 1404/511/1021 1405/510/1022
f 1406/514/1023 1407/515/1024 1408/516/1023
f 1407/515/1024 1406/514/1023 1409/517/1025
f 1410/514/1026 1411/518/1027 1412/519/1028
f 1411/518/1027 1410/514/1026 1413/516/1026
f 1414/520/1029 1415/521/1030 1416/522/1031
f 1418/517/1032 1417/523/1033 1419/515/1034
f 1417/523/1033 1418/517/1032 1420/521/1035
f 1422/524/1036 1421/525/1037 1424/526/1038
f 1425/519/1039 1423/527/1040 1426/524/1041
f 1423/527/1040 1425/519/1039 1427/518/1042
f 1429/524/1043 1430/526/1044 1428/528/1045
f 1430/526/1046 1432/529/1047 1431/530/1048
f 1434/521/1049 1433/531/1050 1435/522/1051
f 1435/522/1052 1436/532/1053 1437/533/1054
f 1438/534/1055 1439/535/1056 1440/536/1057
f 1441/537/1058 1442/536/1059 1443/538/1060
f 1445/537/1061 1444/534/1062 1446/536/1063
usemtl Meshpart1Mtl.016
f 1449/539/1064 1448/540/1065 1447/541/1066
f 1448/540/1065 1449/539/1064 1450/542/1067
f 1452/543/1068 1453/544/1069 1451/545/1070
f 1453/544/1069 1452/543/1068 1454/546/1071
f 1455/547/1072 1456/548/1073 1457/539/1074
f 1456/548/1073 1455/547/1072 1458/549/1075
f 1459/548/1076 1460/550/1077 1461/544/1078
f 1460/550/1077 1459/548/1076 1462/549/1079
f 1464/551/1080 1465/552/1081 1463/553/1082
f 1465/552/1081 1464/551/1080 1466/554/1083
f 1469/555/1084 1468/556/1085 1467/557/1086
f 1468/556/1085 1469/555/1084 1470/558/1087
f 1471/559/1088 1472/560/1089 1473/561/1090
f 1474/547/1091 1475/539/1092 1476/562/1093
f 1475/539/1092 1477/541/1094 1476/562/1093
f 1478/563/1095 1479/562/1096 1477/541/1097
f 1479/562/1096 1478/563/1095 1480/564/1098
f 1481/563/1099 1482/565/1100 1480/564/1101
f 1483/566/1102 1484/545/1103 1485/544/1104
f 1485/544/1104 1486/550/1105 1483/566/1102
f 1483/566/1102 1487/559/1106 1484/545/1103
f 1487/559/1106 1483/566/1102 1488/560/1107
f 1489/567/1108 1490/568/1109 1491/569/1110
f 1490/568/1109 1489/567/1108 1492/570/1111
f 1493/568/1112 1494/571/1113 1495/572/1114
f 1494/571/1113 1493/568/1112 1496/570/1115
f 1498/572/1116 1500/571/1117 1499/573/1118
f 1501/573/1119 1502/574/1120 1497/575/1121
f 1502/574/1120 1501/573/1119 1503/576/1122
f 1504/574/1123 1503/576/1124 1505/577/1125
f 1506/569/1126 1508/578/1127 1509/567/1128
f 1510/579/1129 1511/578/1130 1507/580/1131
f 1511/578/1130 1510/579/1129 1512/581/1132
f 1513/579/1133 1514/582/1134 1512/581/1135
f 1515/583/1136 1516/584/1137 1517/555/1138
f 1516/584/1137 1515/583/1136 1518/585/1139
f 1519/584/1140 1520/586/1141 1521/552/1142
f 1520/586/1141 1519/584/1140 1522/585/1143
f 1524/587/1144 1523/588/1145 1525/589/1146
f 1527/588/1147 1526/590/1148 1528/589/1149
f 1529/591/1150 1530/592/1151 1531/593/1152
f 1532/594/1153 1533/553/1154 1534/552/1155
f 1535/595/1156 1533/553/1154 1532/594/1153
f 1536/583/1157 1537/555/1158 1538/596/1159
f 1537/555/1158 1539/557/1160 1538/596/1159
f 1538/596/1159 1539/557/1160 1540/597/1161
f 1541/598/1162 1542/599/1163 1543/600/1164
f 1544/601/1165 1545/602/1166 1546/603/1167
f 1548/604/1168 1549/605/1169 1547/606/1170
f 1549/605/1169 1548/604/1168 1550/607/1171
f 1551/605/1172 1550/607/1173 1552/608/1174
f 1554/601/1175 1555/609/1176 1553/610/1177
f 1555/609/1176 1554/601/1175 1556/603/1178
f 1557/600/1179 1558/599/1180 1559/611/1181
f 1560/592/1182 1561/612/1183 1562/593/1184
f 1563/613/1185 1564/614/1186 1565/615/1187
f 1563/613/1185 1565/615/1187 1566/616/1188
f 1567/617/1189 1568/618/1190 1569/619/1191
f 1568/618/1190 1570/620/1192 1569/619/1191
f 1571/621/1193 1572/620/1194 1568/618/1195
f 1572/620/1194 1571/621/1193 1573/622/1196
f 1574/616/1197 1575/621/1198 1576/613/1199
f 1575/621/1198 1574/616/1197 1577/622/1200
f 1578/623/1201 1579/624/1202 1580/625/1203
f 1579/624/1202 1578/623/1201 1581/626/1204
f 1582/627/1205 1583/628/1206 1584/629/1207
f 1585/630/1208 1586/627/1209 1587/629/1210
f 1586/627/1209 1585/630/1208 1588/631/1211
f 1590/625/1212 1589/628/1213 1591/623/1214
f 1593/632/1215 1592/633/1216 1594/634/1217
f 1596/635/1218 1595/636/1219 1597/637/1220
f 1598/638/1221 1599/639/1222 1600/640/1223
f 1601/641/1224 1602/642/1225 1603/643/1226
f 1610/644/1227 1611/642/1228 1612/641/1229
f 1613/645/1230 1614/638/1231 1615/640/1232
f 1620/646/1233 1621/647/1234 1622/632/1235
f 1623/648/1236 1624/649/1237 1625/636/1238
f 1626/650/1239 1627/625/1240 1628/651/1241
f 1629/629/1242 1630/650/1243 1631/652/1244
f 1632/653/1245 1633/651/1246 1634/624/1247
f 1633/651/1246 1635/625/1248 1634/624/1247
f 1636/652/1249 1637/654/1250 1638/630/1251
f 1636/652/1249 1638/630/1251 1639/629/1252
f 1640/655/1253 1641/656/1254 1642/657/1255
f 1643/658/1256 1640/655/1253 1642/657/1255
f 1645/659/1257 1646/660/1258 1644/661/1259
f 1644/661/1259 1646/660/1258 1647/662/1260
f 1648/662/1261 1649/660/1262 1650/663/1263
f 1651/664/1264 1652/665/1265 1653/666/1266
f 1653/666/1266 1652/665/1265 1654/667/1267
f 1655/667/1268 1656/665/1269 1657/668/1270
f 1659/669/1271 1660/670/1272 1658/671/1273
f 1658/671/1273 1660/670/1272 1661/672/1274
f 1662/672/1275 1663/670/1276 1664/673/1277
f 1665/674/1278 1666/675/1279 1667/676/1280
f 1667/676/1280 1666/675/1279 1668/677/1281
f 1669/678/1282 1670/679/1283 1671/667/1284
f 1672/677/1285 1673/675/1286 1674/680/1287
f 1675/679/1288 1676/668/1289 1677/667/1290
f 1679/658/1291 1678/655/1292 1680/681/1293
f 1681/675/1294 1682/682/1295 1683/680/1296
f 1684/683/1297 1685/675/1298 1686/674/1299
f 1685/675/1298 1684/683/1297 1687/682/1300
f 1688/657/1301 1689/684/1302 1690/685/1303
f 1689/684/1302 1688/657/1301 1691/656/1304
f 1692/670/1305 1693/686/1306 1694/673/1307
f 1695/687/1308 1696/670/1309 1697/669/1310
f 1696/670/1309 1695/687/1308 1698/686/1311
f 1699/665/1312 1700/688/1313 1701/668/1314
f 1702/660/1315 1703/689/1316 1704/663/1317
f 1705/690/1318 1706/665/1319 1707/664/1320
f 1706/665/1319 1705/690/1318 1708/688/1321
f 1709/691/1322 1710/660/1323 1711/659/1324
f 1710/660/1323 1709/691/1322 1712/689/1325
f 1713/688/1326 1714/668/1327 1715/679/1328
f 1718/688/1329 1717/679/1330 1716/692/1331
f 1720/681/1332 1721/685/1333 1719/693/1334
f 1721/685/1333 1720/681/1332 1722/684/1335
f 1728/694/1336 1727/695/1337 1729/696/1338
f 1731/697/1339 1730/698/1340 1732/699/1341
f 1734/700/1342 1733/701/1343 1735/702/1344
f 1735/702/1344 1736/703/1345 1734/700/1342
f 1738/704/1346 1737/705/1347 1739/706/1348
f 1740/707/1349 1741/708/1350 1742/709/1351
f 1742/709/1351 1741/708/1350 1743/710/1352
f 1743/710/1353 1744/711/1354 1745/709/1355
f 1746/705/1356 1747/712/1357 1748/706/1358
f 1749/713/1359 1750/714/1360 1751/715/1361
f 1750/714/1360 1749/713/1359 1752/716/1362
f 1753/717/1363 1754/718/1364 1755/719/1365
f 1755/719/1365 1754/718/1364 1756/720/1366
f 1757/703/1367 1758/702/1368 1759/721/1369
f 1760/719/1370 1761/722/1371 1762/723/1372
f 1762/723/1372 1761/722/1371 1763/724/1373
f 1764/722/1374 1765/725/1375 1766/724/1376
f 1764/722/1374 1767/714/1377 1765/725/1375
f 1768/726/1378 1769/719/1379 1770/723/1380
f 1769/719/1379 1768/726/1378 1771/717/1381
f 1772/716/1382 1773/727/1383 1774/714/1384
f 1775/728/1385 1776/729/1386 1777/730/1387
f 1777/730/1387 1776/729/1386 1778/731/1388
f 1779/732/1389 1780/733/1390 1781/734/1391
f 1780/733/1390 1779/732/1389 1782/735/1392
f 1784/736/1393 1783/717/1394 1785/726/1395
f 1787/716/1396 1786/737/1397 1788/727/1398
f 1789/738/1399 1790/739/1400 1791/740/1401
f 1790/739/1400 1789/738/1399 1792/741/1402
f 1793/739/1403 1794/742/1404 1791/740/1405
f 1796/742/1406 1795/743/1407 1797/744/1408
f 1797/744/1408 1798/745/1409 1796/742/1406
f 1799/746/1410 1800/747/1411 1801/748/1412
f 1802/749/1413 1803/746/1414 1804/750/1415
f 1804/750/1415 1803/746/1414 1805/751/1416
f 1806/747/1417 1807/741/1418 1808/748/1419
f 1808/748/1419 1807/741/1418 1809/738/1420
f 1810/751/1421 1811/752/1422 1812/750/1423
f 1813/745/1424 1814/744/1425 1815/753/1426
f 1816/730/1427 1817/754/1428 1818/755/1429
f 1818/755/1429 1817/754/1428 1819/549/1430
f 1820/754/1431 1821/756/1432 1822/549/1433
f 1821/756/1432 1820/754/1431 1823/733/1434
f 1824/757/1435 1825/730/1436 1826/755/1437
f 1825/730/1436 1824/757/1435 1827/728/1438
f 1827/728/1439 1828/757/1440 1829/758/1441
f 1829/758/1441 1828/757/1440 1830/759/1442
f 1831/733/1443 1832/760/1444 1833/756/1445
f 1832/760/1444 1831/733/1443 1834/735/1446
f 1832/760/1444 1834/735/1446 1835/761/1447
f 1835/761/1447 1836/762/1448 1832/760/1444
f 1836/762/1449 1837/761/1450 1838/763/1451
f 1839/764/1452 1840/765/1453 1841/766/1454
f 1842/767/1455 1843/768/1456 1844/769/1457
f 1845/759/1458 1846/770/1459 1847/758/1460
f 1848/771/1461 1849/772/1462 1850/773/1463
f 1849/772/1462 1848/771/1461 1851/774/1464
f 1852/775/1465 1853/776/1466 1854/777/1467
f 1853/776/1466 1852/775/1465 1855/778/1468
f 1856/775/1469 1857/779/1470 1858/778/1471
f 1858/778/1471 1857/779/1470 1859/780/1472
f 1860/779/1473 1861/773/1474 1862/780/1475
f 1861/773/1474 1860/779/1473 1863/771/1476
f 1864/781/1477 1865/782/1478 1866/783/1479
f 1866/783/1479 1865/782/1478 1867/784/1480
f 1868/782/1481 1869/785/1482 1870/784/1483
f 1869/785/1482 1868/782/1481 1871/786/1484
f 1872/787/1485 1873/788/1486 1874/789/1487
f 1873/788/1486 1872/787/1485 1875/790/1488
f 1876/791/1489 1877/792/1490 1878/793/1491
f 1877/792/1490 1876/791/1489 1879/794/1492
f 1880/787/1493 1881/795/1494 1882/790/1495
f 1882/790/1495 1881/795/1494 1883/796/1496
f 1884/795/1497 1885/793/1498 1886/796/1499
f 1885/793/1498 1884/795/1497 1887/791/1500
f 1888/797/1501 1889/798/1502 1890/799/1503
f 1890/799/1503 1889/798/1502 1891/800/1504
f 1892/798/1505 1893/801/1506 1894/800/1507
f 1893/801/1506 1892/798/1505 1895/802/1508
f 1896/803/1509 1897/804/1510 1898/805/1511
f 1897/804/1510 1896/803/1509 1899/806/1512
f 1900/804/1513 1901/807/1514 1902/808/1515
f 1901/807/1514 1900/804/1513 1903/806/1516
f 1905/809/1517 1906/805/1518 1904/810/1519
f 1906/805/1518 1905/809/1517 1907/803/1520
f 1908/811/1521 1909/808/1522 1910/812/1523
f 1911/807/1524 1910/812/1523 1909/808/1522
f 1912/813/1525 1913/798/1526 1914/797/1527
f 1913/798/1526 1912/813/1525 1915/814/1528
f 1916/798/1529 1917/815/1530 1918/802/1531
f 1917/815/1530 1916/798/1529 1919/814/1532
f 1920/795/1533 1921/816/1534 1922/791/1535
f 1921/816/1534 1920/795/1533 1923/817/1536
f 1924/818/1537 1925/795/1538 1926/787/1539
f 1925/795/1538 1924/818/1537 1927/817/1540
f 1928/819/1541 1930/787/1542 1929/789/1543
f 1930/787/1542 1928/819/1541 1931/818/1544
f 1933/794/1545 1934/791/1546 1932/820/1547
f 1935/816/1548 1932/820/1547 1934/791/1546
f 1936/821/1549 1937/782/1550 1938/781/1551
f 1937/782/1550 1936/821/1549 1939/822/1552
f 1940/782/1553 1941/823/1554 1942/786/1555
f 1941/823/1554 1940/782/1553 1943/822/1556
f 1944/824/1557 1946/775/1558 1945/777/1559
f 1946/775/1558 1944/824/1557 1947/825/1560
f 1949/774/1561 1950/771/1562 1948/826/1563
f 1951/827/1564 1948/826/1563 1950/771/1562
f 1952/825/1565 1953/779/1566 1954/775/1567
f 1953/779/1566 1952/825/1565 1955/828/1568
f 1956/779/1569 1957/827/1570 1958/771/1571
f 1957/827/1570 1956/779/1569 1959/828/1572
f 1962/829/1573 1961/830/1574 1960/831/1575
f 1960/831/1575 1963/832/1576 1962/829/1573
f 1966/833/1577 1965/834/1578 1964/835/1579
f 1966/833/1577 1964/835/1579 1967/836/1580
f 1968/836/1581 1969/837/1582 1970/833/1583
f 1971/838/1584 1972/839/1585 1973/840/1586
f 1971/838/1584 1974/841/1587 1972/839/1585
f 1975/840/1588 1976/842/1589 1977/838/1590
f 1980/843/1591 1979/844/1592 1978/845/1593
f 1980/843/1591 1978/845/1593 1981/846/1594
f 1982/846/1595 1983/847/1596 1984/843/1597
f 1985/848/1598 1986/849/1599 1987/850/1600
f 1985/848/1598 1988/851/1601 1986/849/1599
f 1989/852/1602 1990/853/1603 1991/840/1604
f 1992/850/1605 1993/854/1606 1994/848/1607
f 1995/852/1608 1996/840/1609 1997/842/1610
f 1999/855/1611 1998/831/1612 2000/832/1613
f 2001/848/1614 2002/854/1615 2003/856/1616
f 2004/848/1617 2005/857/1618 2006/851/1619
f 2005/857/1618 2004/848/1617 2007/856/1620
f 2008/858/1621 2009/829/1622 2010/859/1623
f 2009/829/1622 2008/858/1621 2011/830/1624
f 2012/843/1625 2013/847/1626 2014/860/1627
f 2015/843/1628 2016/861/1629 2017/844/1630
f 2016/861/1629 2015/843/1628 2018/860/1631
f 2019/838/1632 2020/842/1633 2021/862/1634
f 2022/833/1635 2023/837/1636 2024/863/1637
f 2025/838/1638 2026/864/1639 2027/841/1640
f 2026/864/1639 2025/838/1638 2028/862/1641
f 2029/833/1642 2030/865/1643 2031/834/1644
f 2030/865/1643 2029/833/1642 2032/863/1645
f 2033/862/1646 2034/852/1647 2035/842/1648
f 2036/866/1649 2037/852/1650 2038/862/1651
f 2040/859/1652 2041/855/1653 2039/867/1654
f 2041/855/1653 2040/859/1652 2042/858/1655
usemtl Meshpart1Mtl.017
f 2045/539/1656 2044/540/1657 2043/541/1658
f 2044/540/1657 2045/539/1656 2046/542/1659
f 2048/543/1660 2049/544/1661 2047/545/1662
f 2049/544/1661 2048/543/1660 2050/546/1663
f 2051/547/1664 2052/548/1665 2053/539/1666
f 2052/548/1665 2051/547/1664 2054/549/1667
f 2055/548/1668 2056/550/1669 2057/544/1670
f 2056/550/1669 2055/548/1668 2058/549/1671
f 2060/551/1672 2061/552/1673 2059/553/1674
f 2061/552/1673 2060/551/1672 2062/554/1675
f 2065/555/1676 2064/556/1677 2063/557/1678
f 2064/556/1677 2065/555/1676 2066/558/1679
f 2067/559/1680 2068/560/1681 2069/561/1682
f 2070/547/1683 2071/539/1684 2072/562/1685
f 2071/539/1684 2073/541/1686 2072/562/1685
f 2074/563/1687 2075/562/1688 2073/541/1689
f 2075/562/1688 2074/563/1687 2076/564/1690
f 2077/563/1691 2078/565/1692 2076/564/1693
f 2079/566/1694 2080/545/1695 2081/544/1696
f 2081/544/1696 2082/550/1697 2079/566/1694
f 2079/566/1694 2083/559/1698 2080/545/1695
f 2083/559/1698 2079/566/1694 2084/560/1699
f 2085/567/1700 2086/568/1701 2087/569/1702
f 2086/568/1701 2085/567/1700 2088/570/1703
f 2089/568/1704 2090/571/1705 2091/572/1706
f 2090/571/1705 2089/568/1704 2092/570/1707
f 2094/572/1708 2096/571/1709 2095/573/1710
f 2097/573/1711 2098/574/1712 2093/575/1713
f 2098/574/1712 2097/573/1711 2099/576/1714
f 2100/574/1715 2099/576/1716 2101/577/1717
f 2102/569/1718 2104/578/1719 2105/567/1720
f 2106/579/1721 2107/578/1722 2103/580/1723
f 2107/578/1722 2106/579/1721 2108/581/1724
f 2109/579/1725 2110/582/1726 2108/581/1727
f 2111/583/1728 2112/584/1729 2113/555/1730
f 2112/584/1729 2111/583/1728 2114/585/1731
f 2115/584/1732 2116/586/1733 2117/552/1734
f 2116/586/1733 2115/584/1732 2118/585/1735
f 2120/587/1736 2119/588/1737 2121/589/1738
f 2123/588/1739 2122/590/1740 2124/589/1741
f 2125/591/1742 2126/592/1743 2127/593/1744
f 2128/594/1745 2129/553/1746 2130/552/1747
f 2131/595/1748 2129/553/1746 2128/594/1745
f 2132/583/1749 2133/555/1750 2134/596/1751
f 2133/555/1750 2135/557/1752 2134/596/1751
f 2134/596/1751 2135/557/1752 2136/597/1753
f 2137/598/1754 2138/599/1755 2139/600/1756
f 2140/601/1757 2141/602/1758 2142/603/1759
f 2144/604/1760 2145/605/1761 2143/606/1762
f 2145/605/1761 2144/604/1760 2146/607/1763
f 2147/605/1764 2146/607/1765 2148/608/1766
f 2150/601/1767 2151/609/1768 2149/610/1769
f 2151/609/1768 2150/601/1767 2152/603/1770
f 2153/600/1771 2154/599/1772 2155/611/1773
f 2156/592/1774 2157/612/1775 2158/593/1776
f 2159/613/1777 2160/614/1778 2161/615/1779
f 2159/613/1777 2161/615/1779 2162/616/1780
f 2163/617/1781 2164/618/1782 2165/619/1783
f 2164/618/1782 2166/620/1784 2165/619/1783
f 2167/621/1785 2168/620/1786 2164/618/1787
f 2168/620/1786 2167/621/1785 2169/622/1788
f 2170/616/1789 2171/621/1790 2172/613/1791
f 2171/621/1790 2170/616/1789 2173/622/1792
f 2174/623/1793 2175/624/1794 2176/625/1795
f 2175/624/1794 2174/623/1793 2177/626/1796
f 2178/627/1797 2179/628/1798 2180/629/1799
f 2181/630/1800 2182/627/1801 2183/629/1802
f 2182/627/1801 2181/630/1800 2184/631/1803
f 2186/625/1804 2185/628/1805 2187/623/1806
f 2189/632/1807 2188/633/1808 2190/634/1809
f 2192/635/1810 2191/636/1811 2193/637/1812
f 2194/638/1813 2195/639/1814 2196/640/1815
f 2197/641/1816 2198/642/1817 2199/643/1818
f 2206/644/1819 2207/642/1820 2208/641/1821
f 2209/645/1822 2210/638/1823 2211/640/1824
f 2216/646/1825 2217/647/1826 2218/632/1827
f 2219/648/1828 2220/649/1829 2221/636/1830
f 2222/650/1831 2223/625/1832 2224/651/1833
f 2225/629/1834 2226/650/1835 2227/652/1836
f 2228/653/1837 2229/651/1838 2230/624/1839
f 2229/651/1838 2231/625/1840 2230/624/1839
f 2232/652/1841 2233/654/1842 2234/630/1843
f 2232/652/1841 2234/630/1843 2235/629/1844
f 2236/655/1845 2237/656/1846 2238/657/1847
f 2239/658/1848 2236/655/1845 2238/657/1847
f 2241/659/1849 2242/660/1850 2240/661/1851
f 2240/661/1851 2242/660/1850 2243/662/1852
f 2244/662/1853 2245/660/1854 2246/663/1855
f 2247/664/1856 2248/665/1857 2249/666/1858
f 2249/666/1858 2248/665/1857 2250/667/1859
f 2251/667/1860 2252/665/1861 2253/668/1862
f 2255/669/1863 2256/670/1864 2254/671/1865
f 2254/671/1865 2256/670/1864 2257/672/1866
f 2258/672/1867 2259/670/1868 2260/673/1869
f 2261/674/1870 2262/675/1871 2263/676/1872
f 2263/676/1872 2262/675/1871 2264/677/1873
f 2265/678/1874 2266/679/1875 2267/667/1876
f 2268/677/1877 2269/675/1878 2270/680/1879
f 2271/679/1880 2272/668/1881 2273/667/1882
f 2275/658/1883 2274/655/1884 2276/681/1885
f 2277/675/1886 2278/682/1887 2279/680/1888
f 2280/683/1889 2281/675/1890 2282/674/1891
f 2281/675/1890 2280/683/1889 2283/682/1892
f 2284/657/1893 2285/684/1894 2286/685/1895
f 2285/684/1894 2284/657/1893 2287/656/1896
f 2288/670/1897 2289/686/1898 2290/673/1899
f 2291/687/1900 2292/670/1901 2293/669/1902
f 2292/670/1901 2291/687/1900 2294/686/1903
f 2295/665/1904 2296/688/1905 2297/668/1906
f 2298/660/1907 2299/689/1908 2300/663/1909
f 2301/690/1910 2302/665/1911 2303/664/1912
f 2302/665/1911 2301/690/1910 2304/688/1913
f 2305/691/1914 2306/660/1915 2307/659/1916
f 2306/660/1915 2305/691/1914 2308/689/1917
f 2309/688/1918 2310/668/1919 2311/679/1920
f 2314/688/1921 2313/679/1922 2312/692/1923
f 2316/681/1924 2317/685/1925 2315/693/1926
f 2317/685/1925 2316/681/1924 2318/684/1927
f 2324/694/1928 2323/695/1929 2325/696/1930
f 2327/697/1931 2326/698/1932 2328/699/1933
f 2330/700/1934 2329/701/1935 2331/702/1936
f 2331/702/1936 2332/703/1937 2330/700/1934
f 2334/704/1938 2333/705/1939 2335/706/1940
f 2336/707/1941 2337/708/1942 2338/709/1943
f 2338/709/1943 2337/708/1942 2339/710/1944
f 2339/710/1945 2340/711/1946 2341/709/1947
f 2342/705/1948 2343/712/1949 2344/706/1950
f 2345/713/1951 2346/714/1952 2347/715/1953
f 2346/714/1952 2345/713/1951 2348/716/1954
f 2349/717/1955 2350/718/1956 2351/719/1957
f 2351/719/1957 2350/718/1956 2352/720/1958
f 2353/703/1959 2354/702/1960 2355/721/1961
f 2356/719/1962 2357/722/1963 2358/723/1964
f 2358/723/1964 2357/722/1963 2359/724/1965
f 2360/722/1966 2361/725/1967 2362/724/1968
f 2360/722/1966 2363/714/1969 2361/725/1967
f 2364/726/1970 2365/719/1971 2366/723/1972
f 2365/719/1971 2364/726/1970 2367/717/1973
f 2368/716/1974 2369/727/1975 2370/714/1976
f 2371/728/1977 2372/729/1978 2373/730/1979
f 2373/730/1979 2372/729/1978 2374/731/1980
f 2375/732/1981 2376/733/1982 2377/734/1983
f 2376/733/1982 2375/732/1981 2378/735/1984
f 2380/736/1985 2379/717/1986 2381/726/1987
f 2383/716/1988 2382/737/1989 2384/727/1990
f 2385/738/1991 2386/739/1992 2387/740/1993
f 2386/739/1992 2385/738/1991 2388/741/1994
f 2389/739/1995 2390/742/1996 2387/740/1997
f 2392/742/1998 2391/743/1999 2393/744/2000
f 2393/744/2000 2394/745/2001 2392/742/1998
f 2395/746/2002 2396/747/2003 2397/748/2004
f 2398/749/2005 2399/746/2006 2400/750/2007
f 2400/750/2007 2399/746/2006 2401/751/2008
f 2402/747/2009 2403/741/2010 2404/748/2011
f 2404/748/2011 2403/741/2010 2405/738/2012
f 2406/751/2013 2407/752/2014 2408/750/2015
f 2409/745/2016 2410/744/2017 2411/753/2018
f 2412/730/2019 2413/754/2020 2414/755/2021
f 2414/755/2021 2413/754/2020 2415/549/2022
f 2416/754/2023 2417/756/2024 2418/549/2025
f 2417/756/2024 2416/754/2023 2419/733/2026
f 2420/757/2027 2421/730/2028 2422/755/2029
f 2421/730/2028 2420/757/2027 2423/728/2030
f 2423/728/2031 2424/757/2032 2425/758/2033
f 2425/758/2033 2424/757/2032 2426/759/2034
f 2427/733/2035 2428/760/2036 2429/756/2037
f 2428/760/2036 2427/733/2035 2430/735/2038
f 2428/760/2036 2430/735/2038 2431/761/2039
f 2431/761/2039 2432/762/2040 2428/760/2036
f 2432/762/2041 2433/761/2042 2434/763/2043
f 2435/764/2044 2436/765/2045 2437/766/2046
f 2438/767/2047 2439/768/2048 2440/769/2049
f 2441/759/2050 2442/770/2051 2443/758/2052
f 2444/771/2053 2445/772/2054 2446/773/2055
f 2445/772/2054 2444/771/2053 2447/774/2056
f 2448/775/2057 2449/776/2058 2450/777/2059
f 2449/776/2058 2448/775/2057 2451/778/2060
f 2452/775/2061 2453/779/2062 2454/778/2063
f 2454/778/2063 2453/779/2062 2455/780/2064
f 2456/779/2065 2457/773/2066 2458/780/2067
f 2457/773/2066 2456/779/2065 2459/771/2068
f 2460/781/2069 2461/782/2070 2462/783/2071
f 2462/783/2071 2461/782/2070 2463/784/2072
f 2464/782/2073 2465/785/2074 2466/784/2075
f 2465/785/2074 2464/782/2073 2467/786/2076
f 2468/787/2077 2469/788/2078 2470/789/2079
f 2469/788/2078 2468/787/2077 2471/790/2080
f 2472/791/2081 2473/792/2082 2474/793/2083
f 2473/792/2082 2472/791/2081 2475/794/2084
f 2476/787/2085 2477/795/2086 2478/790/2087
f 2478/790/2087 2477/795/2086 2479/796/2088
f 2480/795/2089 2481/793/2090 2482/796/2091
f 2481/793/2090 2480/795/2089 2483/791/2092
f 2484/797/2093 2485/798/2094 2486/799/2095
f 2486/799/2095 2485/798/2094 2487/800/2096
f 2488/798/2097 2489/801/2098 2490/800/2099
f 2489/801/2098 2488/798/2097 2491/802/2100
f 2492/803/2101 2493/804/2102 2494/805/2103
f 2493/804/2102 2492/803/2101 2495/806/2104
f 2496/804/2105 2497/807/2106 2498/808/2107
f 2497/807/2106 2496/804/2105 2499/806/2108
f 2501/809/2109 2502/805/2110 2500/810/2111
f 2502/805/2110 2501/809/2109 2503/803/2112
f 2504/811/2113 2505/808/2114 2506/812/2115
f 2507/807/2116 2506/812/2115 2505/808/2114
f 2508/813/2117 2509/798/2118 2510/797/2119
f 2509/798/2118 2508/813/2117 2511/814/2120
f 2512/798/2121 2513/815/2122 2514/802/2123
f 2513/815/2122 2512/798/2121 2515/814/2124
f 2516/795/2125 2517/816/2126 2518/791/2127
f 2517/816/2126 2516/795/2125 2519/817/2128
f 2520/818/2129 2521/795/2130 2522/787/2131
f 2521/795/2130 2520/818/2129 2523/817/2132
f 2524/819/2133 2526/787/2134 2525/789/2135
f 2526/787/2134 2524/819/2133 2527/818/2136
f 2529/794/2137 2530/791/2138 2528/820/2139
f 2531/816/2140 2528/820/2139 2530/791/2138
f 2532/821/2141 2533/782/2142 2534/781/2143
f 2533/782/2142 2532/821/2141 2535/822/2144
f 2536/782/2145 2537/823/2146 2538/786/2147
f 2537/823/2146 2536/782/2145 2539/822/2148
f 2540/824/2149 2542/775/2150 2541/777/2151
f 2542/775/2150 2540/824/2149 2543/825/2152
f 2545/774/2153 2546/771/2154 2544/826/2155
f 2547/827/2156 2544/826/2155 2546/771/2154
f 2548/825/2157 2549/779/2158 2550/775/2159
f 2549/779/2158 2548/825/2157 2551/828/2160
f 2552/779/2161 2553/827/2162 2554/771/2163
f 2553/827/2162 2552/779/2161 2555/828/2164
f 2558/829/2165 2557/830/2166 2556/831/2167
f 2556/831/2167 2559/832/2168 2558/829/2165
f 2562/833/2169 2561/834/2170 2560/835/2171
f 2562/833/2169 2560/835/2171 2563/836/2172
f 2564/836/2173 2565/837/2174 2566/833/2175
f 2567/838/2176 2568/839/2177 2569/840/2178
f 2567/838/2176 2570/841/2179 2568/839/2177
f 2571/840/2180 2572/842/2181 2573/838/2182
f 2576/843/2183 2575/844/2184 2574/845/2185
f 2576/843/2183 2574/845/2185 2577/846/2186
f 2578/846/2187 2579/847/2188 2580/843/2189
f 2581/848/2190 2582/849/2191 2583/850/2192
f 2581/848/2190 2584/851/2193 2582/849/2191
f 2585/852/2194 2586/853/2195 2587/840/2196
f 2588/850/2197 2589/854/2198 2590/848/2199
f 2591/852/2200 2592/840/2201 2593/842/2202
f 2595/855/2203 2594/831/2204 2596/832/2205
f 2597/848/2206 2598/854/2207 2599/856/2208
f 2600/848/2209 2601/857/2210 2602/851/2211
f 2601/857/2210 2600/848/2209 2603/856/2212
f 2604/858/2213 2605/829/2214 2606/859/2215
f 2605/829/2214 2604/858/2213 2607/830/2216
f 2608/843/2217 2609/847/2218 2610/860/2219
f 2611/843/2220 2612/861/2221 2613/844/2222
f 2612/861/2221 2611/843/2220 2614/860/2223
f 2615/838/2224 2616/842/2225 2617/862/2226
f 2618/833/2227 2619/837/2228 2620/863/2229
f 2621/838/2230 2622/864/2231 2623/841/2232
f 2622/864/2231 2621/838/2230 2624/862/2233
f 2625/833/2234 2626/865/2235 2627/834/2236
f 2626/865/2235 2625/833/2234 2628/863/2237
f 2629/862/2238 2630/852/2239 2631/842/2240
f 2632/866/2241 2633/852/2242 2634/862/2243
f 2636/859/2244 2637/855/2245 2635/867/2246
f 2637/855/2245 2636/859/2244 2638/858/2247
usemtl Meshpart1Mtl.018
f 2641/539/2248 2640/540/2249 2639/541/2250
f 2640/540/2249 2641/539/2248 2642/542/2251
f 2644/543/2252 2645/544/2253 2643/545/2254
f 2645/544/2253 2644/543/2252 2646/546/2255
f 2647/547/2256 2648/548/2257 2649/539/2258
f 2648/548/2257 2647/547/2256 2650/549/2259
f 2651/548/2260 2652/550/2261 2653/544/2262
f 2652/550/2261 2651/548/2260 2654/549/2263
f 2656/551/2264 2657/552/2265 2655/553/2266
f 2657/552/2265 2656/551/2264 2658/554/2267
f 2661/555/2268 2660/556/2269 2659/557/2270
f 2660/556/2269 2661/555/2268 2662/558/2271
f 2663/559/2272 2664/560/2273 2665/561/2274
f 2666/547/2275 2667/539/2276 2668/562/2277
f 2667/539/2276 2669/541/2278 2668/562/2277
f 2670/563/2279 2671/562/2280 2669/541/2281
f 2671/562/2280 2670/563/2279 2672/564/2282
f 2673/563/2283 2674/565/2284 2672/564/2285
f 2675/566/2286 2676/545/2287 2677/544/2288
f 2677/544/2288 2678/550/2289 2675/566/2286
f 2675/566/2286 2679/559/2290 2676/545/2287
f 2679/559/2290 2675/566/2286 2680/560/2291
f 2681/567/2292 2682/568/2293 2683/569/2294
f 2682/568/2293 2681/567/2292 2684/570/2295
f 2685/568/2296 2686/571/2297 2687/572/2298
f 2686/571/2297 2685/568/2296 2688/570/2299
f 2690/572/2300 2692/571/2301 2691/573/2302
f 2693/573/2303 2694/574/2304 2689/575/2305
f 2694/574/2304 2693/573/2303 2695/576/2306
f 2696/574/2307 2695/576/2308 2697/577/2309
f 2698/569/2310 2700/578/2311 2701/567/2312
f 2702/579/2313 2703/578/2314 2699/580/2315
f 2703/578/2314 2702/579/2313 2704/581/2316
f 2705/579/2317 2706/582/2318 2704/581/2319
f 2707/583/2320 2708/584/2321 2709/555/2322
f 2708/584/2321 2707/583/2320 2710/585/2323
f 2711/584/2324 2712/586/2325 2713/552/2326
f 2712/586/2325 2711/584/2324 2714/585/2327
f 2716/587/2328 2715/588/2329 2717/589/2330
f 2719/588/2331 2718/590/2332 2720/589/2333
f 2721/591/2334 2722/592/2335 2723/593/2336
f 2724/594/2337 2725/553/2338 2726/552/2339
f 2727/595/2340 2725/553/2338 2724/594/2337
f 2728/583/2341 2729/555/2342 2730/596/2343
f 2729/555/2342 2731/557/2344 2730/596/2343
f 2730/596/2343 2731/557/2344 2732/597/2345
f 2733/598/2346 2734/599/2347 2735/600/2348
f 2736/601/2349 2737/602/2350 2738/603/2351
f 2740/604/2352 2741/605/2353 2739/606/2354
f 2741/605/2353 2740/604/2352 2742/607/2355
f 2743/605/2356 2742/607/2357 2744/608/2358
f 2746/601/2359 2747/609/2360 2745/610/2361
f 2747/609/2360 2746/601/2359 2748/603/2362
f 2749/600/2363 2750/599/2364 2751/611/2365
f 2752/592/2366 2753/612/2367 2754/593/2368
f 2755/613/2369 2756/614/2370 2757/615/2371
f 2755/613/2369 2757/615/2371 2758/616/2372
f 2759/617/2373 2760/618/2374 2761/619/2375
f 2760/618/2374 2762/620/2376 2761/619/2375
f 2763/621/2377 2764/620/2378 2760/618/2379
f 2764/620/2378 2763/621/2377 2765/622/2380
f 2766/616/2381 2767/621/2382 2768/613/2383
f 2767/621/2382 2766/616/2381 2769/622/2384
f 2770/623/2385 2771/624/2386 2772/625/2387
f 2771/624/2386 2770/623/2385 2773/626/2388
f 2774/627/2389 2775/628/2390 2776/629/2391
f 2777/630/2392 2778/627/2393 2779/629/2394
f 2778/627/2393 2777/630/2392 2780/631/2395
f 2782/625/2396 2781/628/2397 2783/623/2398
f 2785/632/2399 2784/633/2400 2786/634/2401
f 2788/635/2402 2787/636/2403 2789/637/2404
f 2790/638/2405 2791/639/2406 2792/640/2407
f 2793/641/2408 2794/642/2409 2795/643/2410
f 2802/644/2411 2803/642/2412 2804/641/2413
f 2805/645/2414 2806/638/2415 2807/640/2416
f 2812/646/2417 2813/647/2418 2814/632/2419
f 2815/648/2420 2816/649/2421 2817/636/2422
f 2818/650/2423 2819/625/2424 2820/651/2425
f 2821/629/2426 2822/650/2427 2823/652/2428
f 2824/653/2429 2825/651/2430 2826/624/2431
f 2825/651/2430 2827/625/2432 2826/624/2431
f 2828/652/2433 2829/654/2434 2830/630/2435
f 2828/652/2433 2830/630/2435 2831/629/2436
f 2832/655/2437 2833/656/2438 2834/657/2439
f 2835/658/2440 2832/655/2437 2834/657/2439
f 2837/659/2441 2838/660/2442 2836/661/2443
f 2836/661/2443 2838/660/2442 2839/662/2444
f 2840/662/2445 2841/660/2446 2842/663/2447
f 2843/664/2448 2844/665/2449 2845/666/2450
f 2845/666/2450 2844/665/2449 2846/667/2451
f 2847/667/2452 2848/665/2453 2849/668/2454
f 2851/669/2455 2852/670/2456 2850/671/2457
f 2850/671/2457 2852/670/2456 2853/672/2458
f 2854/672/2459 2855/670/2460 2856/673/2461
f 2857/674/2462 2858/675/2463 2859/676/2464
f 2859/676/2464 2858/675/2463 2860/677/2465
f 2861/678/2466 2862/679/2467 2863/667/2468
f 2864/677/2469 2865/675/2470 2866/680/2471
f 2867/679/2472 2868/668/2473 2869/667/2474
f 2871/658/2475 2870/655/2476 2872/681/2477
f 2873/675/2478 2874/682/2479 2875/680/2480
f 2876/683/2481 2877/675/2482 2878/674/2483
f 2877/675/2482 2876/683/2481 2879/682/2484
f 2880/657/2485 2881/684/2486 2882/685/2487
f 2881/684/2486 2880/657/2485 2883/656/2488
f 2884/670/2489 2885/686/2490 2886/673/2491
f 2887/687/2492 2888/670/2493 2889/669/2494
f 2888/670/2493 2887/687/2492 2890/686/2495
f 2891/665/2496 2892/688/2497 2893/668/2498
f 2894/660/2499 2895/689/2500 2896/663/2501
f 2897/690/2502 2898/665/2503 2899/664/2504
f 2898/665/2503 2897/690/2502 2900/688/2505
f 2901/691/2506 2902/660/2507 2903/659/2508
f 2902/660/2507 2901/691/2506 2904/689/2509
f 2905/688/2510 2906/668/2511 2907/679/2512
f 2910/688/2513 2909/679/2514 2908/692/2515
f 2912/681/2516 2913/685/2517 2911/693/2518
f 2913/685/2517 2912/681/2516 2914/684/2519
f 2920/694/2520 2919/695/2521 2921/696/2522
f 2923/697/2523 2922/698/2524 2924/699/2525
f 2926/700/2526 2925/701/2527 2927/702/2528
f 2927/702/2528 2928/703/2529 2926/700/2526
f 2930/704/2530 2929/705/2531 2931/706/2532
f 2932/707/2533 2933/708/2534 2934/709/2535
f 2934/709/2535 2933/708/2534 2935/710/2536
f 2935/710/2537 2936/711/2538 2937/709/2539
f 2938/705/2540 2939/712/2541 2940/706/2542
f 2941/713/2543 2942/714/2544 2943/715/2545
f 2942/714/2544 2941/713/2543 2944/716/2546
f 2945/717/2547 2946/718/2548 2947/719/2549
f 2947/719/2549 2946/718/2548 2948/720/2550
f 2949/703/2551 2950/702/2552 2951/721/2553
f 2952/719/2554 2953/722/2555 2954/723/2556
f 2954/723/2556 2953/722/2555 2955/724/2557
f 2956/722/2558 2957/725/2559 2958/724/2560
f 2956/722/2558 2959/714/2561 2957/725/2559
f 2960/726/2562 2961/719/2563 2962/723/2564
f 2961/719/2563 2960/726/2562 2963/717/2565
f 2964/716/2566 2965/727/2567 2966/714/2568
f 2967/728/2569 2968/729/2570 2969/730/2571
f 2969/730/2571 2968/729/2570 2970/731/2572
f 2971/732/2573 2972/733/2574 2973/734/2575
f 2972/733/2574 2971/732/2573 2974/735/2576
f 2976/736/2577 2975/717/2578 2977/726/2579
f 2979/716/2580 2978/737/2581 2980/727/2582
f 2981/738/2583 2982/739/2584 2983/740/2585
f 2982/739/2584 2981/738/2583 2984/741/2586
f 2985/739/2587 2986/742/2588 2983/740/2589
f 2988/742/2590 2987/743/2591 2989/744/2592
f 2989/744/2592 2990/745/2593 2988/742/2590
f 2991/746/2594 2992/747/2595 2993/748/2596
f 2994/749/2597 2995/746/2598 2996/750/2599
f 2996/750/2599 2995/746/2598 2997/751/2600
f 2998/747/2601 2999/741/2602 3000/748/2603
f 3000/748/2603 2999/741/2602 3001/738/2604
f 3002/751/2605 3003/752/2606 3004/750/2607
f 3005/745/2608 3006/744/2609 3007/753/2610
f 3008/730/2611 3009/754/2612 3010/755/2613
f 3010/755/2613 3009/754/2612 3011/549/2614
f 3012/754/2615 3013/756/2616 3014/549/2617
f 3013/756/2616 3012/754/2615 3015/733/2618
f 3016/757/2619 3017/730/2620 3018/755/2621
f 3017/730/2620 3016/757/2619 3019/728/2622
f 3019/728/2623 3020/757/2624 3021/758/2625
f 3021/758/2625 3020/757/2624 3022/759/2626
f 3023/733/2627 3024/760/2628 3025/756/2629
f 3024/760/2628 3023/733/2627 3026/735/2630
f 3024/760/2628 3026/735/2630 3027/761/2631
f 3027/761/2631 3028/762/2632 3024/760/2628
f 3028/762/2633 3029/761/2634 3030/763/2635
f 3031/764/2636 3032/765/2637 3033/766/2638
f 3034/767/2639 3035/768/2640 3036/769/2641
f 3037/759/2642 3038/770/2643 3039/758/2644
f 3040/771/2645 3041/772/2646 3042/773/2647
f 3041/772/2646 3040/771/2645 3043/774/2648
f 3044/775/2649 3045/776/2650 3046/777/2651
f 3045/776/2650 3044/775/2649 3047/778/2652
f 3048/775/2653 3049/779/2654 3050/778/2655
f 3050/778/2655 3049/779/2654 3051/780/2656
f 3052/779/2657 3053/773/2658 3054/780/2659
f 3053/773/2658 3052/779/2657 3055/771/2660
f 3056/781/2661 3057/782/2662 3058/783/2663
f 3058/783/2663 3057/782/2662 3059/784/2664
f 3060/782/2665 3061/785/2666 3062/784/2667
f 3061/785/2666 3060/782/2665 3063/786/2668
f 3064/787/2669 3065/788/2670 3066/789/2671
f 3065/788/2670 3064/787/2669 3067/790/2672
f 3068/791/2673 3069/792/2674 3070/793/2675
f 3069/792/2674 3068/791/2673 3071/794/2676
f 3072/787/2677 3073/795/2678 3074/790/2679
f 3074/790/2679 3073/795/2678 3075/796/2680
f 3076/795/2681 3077/793/2682 3078/796/2683
f 3077/793/2682 3076/795/2681 3079/791/2684
f 3080/797/2685 3081/798/2686 3082/799/2687
f 3082/799/2687 3081/798/2686 3083/800/2688
f 3084/798/2689 3085/801/2690 3086/800/2691
f 3085/801/2690 3084/798/2689 3087/802/2692
f 3088/803/2693 3089/804/2694 3090/805/2695
f 3089/804/2694 3088/803/2693 3091/806/2696
f 3092/804/2697 3093/807/2698 3094/808/2699
f 3093/807/2698 3092/804/2697 3095/806/2700
f 3097/809/2701 3098/805/2702 3096/810/2703
f 3098/805/2702 3097/809/2701 3099/803/2704
f 3100/811/2705 3101/808/2706 3102/812/2707
f 3103/807/2708 3102/812/2707 3101/808/2706
f 3104/813/2709 3105/798/2710 3106/797/2711
f 3105/798/2710 3104/813/2709 3107/814/2712
f 3108/798/2713 3109/815/2714 3110/802/2715
f 3109/815/2714 3108/798/2713 3111/814/2716
f 3112/795/2717 3113/816/2718 3114/791/2719
f 3113/816/2718 3112/795/2717 3115/817/2720
f 3116/818/2721 3117/795/2722 3118/787/2723
f 3117/795/2722 3116/818/2721 3119/817/2724
f 3120/819/2725 3122/787/2726 3121/789/2727
f 3122/787/2726 3120/819/2725 3123/818/2728
f 3125/794/2729 3126/791/2730 3124/820/2731
f 3127/816/2732 3124/820/2731 3126/791/2730
f 3128/821/2733 3129/782/2734 3130/781/2735
f 3129/782/2734 3128/821/2733 3131/822/2736
f 3132/782/2737 3133/823/2738 3134/786/2739
f 3133/823/2738 3132/782/2737 3135/822/2740
f 3136/824/2741 3138/775/2742 3137/777/2743
f 3138/775/2742 3136/824/2741 3139/825/2744
f 3141/774/2745 3142/771/2746 3140/826/2747
f 3143/827/2748 3140/826/2747 3142/771/2746
f 3144/825/2749 3145/779/2750 3146/775/2751
f 3145/779/2750 3144/825/2749 3147/828/2752
f 3148/779/2753 3149/827/2754 3150/771/2755
f 3149/827/2754 3148/779/2753 3151/828/2756
f 3154/829/2757 3153/830/2758 3152/831/2759
f 3152/831/2759 3155/832/2760 3154/829/2757
f 3158/833/2761 3157/834/2762 3156/835/2763
f 3158/833/2761 3156/835/2763 3159/836/2764
f 3160/836/2765 3161/837/2766 3162/833/2767
f 3163/838/2768 3164/839/2769 3165/840/2770
f 3163/838/2768 3166/841/2771 3164/839/2769
f 3167/840/2772 3168/842/2773 3169/838/2774
f 3172/843/2775 3171/844/2776 3170/845/2777
f 3172/843/2775 3170/845/2777 3173/846/2778
f 3174/846/2779 3175/847/2780 3176/843/2781
f 3177/848/2782 3178/849/2783 3179/850/2784
f 3177/848/2782 3180/851/2785 3178/849/2783
f 3181/852/2786 3182/853/2787 3183/840/2788
f 3184/850/2789 3185/854/2790 3186/848/2791
f 3187/852/2792 3188/840/2793 3189/842/2794
f 3191/855/2795 3190/831/2796 3192/832/2797
f 3193/848/2798 3194/854/2799 3195/856/2800
f 3196/848/2801 3197/857/2802 3198/851/2803
f 3197/857/2802 3196/848/2801 3199/856/2804
f 3200/858/2805 3201/829/2806 3202/859/2807
f 3201/829/2806 3200/858/2805 3203/830/2808
f 3204/843/2809 3205/847/2810 3206/860/2811
f 3207/843/2812 3208/861/2813 3209/844/2814
f 3208/861/2813 3207/843/2812 3210/860/2815
f 3211/838/2816 3212/842/2817 3213/862/2818
f 3214/833/2819 3215/837/2820 3216/863/2821
f 3217/838/2822 3218/864/2823 3219/841/2824
f 3218/864/2823 3217/838/2822 3220/862/2825
f 3221/833/2826 3222/865/2827 3223/834/2828
f 3222/865/2827 3221/833/2826 3224/863/2829
f 3225/862/2830 3226/852/2831 3227/842/2832
f 3228/866/2833 3229/852/2834 3230/862/2835
f 3232/859/2836 3233/855/2837 3231/867/2838
f 3233/855/2837 3232/859/2836 3234/858/2839
usemtl Meshpart1Mtl.019
f 3236/463/2840 3235/464/2841 3237/465/2842
f 3239/466/2843 3240/467/2844 3238/468/2845
f 3241/469/2846 3242/470/2847 3243/471/2848
f 3244/472/2849 3245/473/2850 3246/474/2851
f 3247/475/2852 3248/472/2853 3249/474/2854
f 3248/472/2853 3247/475/2852 3250/476/2852
f 3251/471/2855 3252/475/2852 3253/469/2856
f 3252/475/2852 3251/471/2855 3254/476/2852
f 3256/477/2857 3255/478/2858 3257/479/2859
f 3258/480/2860 3259/481/2861 3260/482/2862
f 3261/479/2863 3262/478/2864 3263/483/2865
f 3264/480/2866 3265/484/2867 3266/481/2868
f 3267/482/2869 3268/485/2870 3269/480/2871
f 3271/486/2872 3272/477/2873 3270/479/2874
f 3273/487/2875 3274/488/2876 3275/489/2877
f 3274/488/2876 3273/487/2875 3276/490/2878
f 3277/491/2879 3278/487/2880 3279/492/2881
f 3279/492/2881 3278/487/2880 3280/489/2882
f 3281/493/2883 3282/484/2884 3283/480/2885
f 3284/494/2886 3285/479/2887 3286/483/2888
f 3287/477/2889 3288/486/2890 3289/490/2891
f 3290/491/2892 3291/492/2893 3292/482/2894
f 3294/495/2895 3293/496/2896 3295/497/2897
f 3297/498/2898 3296/497/2899 3298/499/2900
f 3299/496/2901 3300/499/2902 3301/497/2903
f 3302/500/2904 3303/501/2905 3304/502/2906
f 3306/503/2907 3305/504/2908 3307/505/2909
f 3308/506/2910 3309/502/2911 3310/507/2910
f 3309/502/2911 3308/506/2910 3311/500/2912
f 3312/505/2913 3313/506/2910 3314/503/2914
f 3314/503/2914 3313/506/2910 3315/507/2910
f 3316/473/2915 3318/508/2916 3317/472/2917
f 3319/464/2918 3320/509/2919 3318/508/2916
f 3323/510/2920 3322/470/2921 3321/471/2922
f 3325/511/2923 3324/468/2924 3323/510/2925
f 3328/509/2926 3327/512/2871 3326/508/2927
f 3329/513/2928 3330/511/2929 3331/510/2930
f 3332/514/2931 3333/515/2932 3334/516/2931
f 3333/515/2932 3332/514/2931 3335/517/2933
f 3336/514/2931 3337/518/2934 3338/519/2935
f 3337/518/2934 3336/514/2931 3339/516/2931
f 3340/520/2936 3341/521/2937 3342/522/2938
f 3344/517/2939 3343/523/2940 3345/515/2941
f 3343/523/2940 3344/517/2939 3346/521/2942
f 3348/524/2943 3347/525/2944 3350/526/2945
f 3351/519/2946 3349/527/2947 3352/524/2948
f 3349/527/2947 3351/519/2946 3353/518/2949
f 3355/524/2950 3356/526/2951 3354/528/2952
f 3356/526/2953 3358/529/2954 3357/530/2955
f 3360/521/2956 3359/531/2957 3361/522/2958
f 3361/522/2959 3362/532/2960 3363/533/2961
f 3364/534/2962 3365/535/2963 3366/536/2964
f 3367/537/2965 3368/536/2966 3369/538/2967
f 3371/537/2968 3370/534/2969 3372/536/2970
usemtl Meshpart1Mtl.020
f 3374/463/2971 3373/464/2972 3375/465/2973
f 3377/466/2974 3378/467/2975 3376/468/2976
f 3379/469/2977 3380/470/2978 3381/471/2979
f 3382/472/2980 3383/473/2981 3384/474/2982
f 3385/475/2983 3386/472/2984 3387/474/2985
f 3386/472/2984 3385/475/2983 3388/476/2986
f 3389/471/2987 3390/475/2988 3391/469/2989
f 3390/475/2988 3389/471/2987 3392/476/2988
f 3394/477/2990 3393/478/2991 3395/479/2992
f 3396/480/2993 3397/481/2994 3398/482/2995
f 3399/479/2996 3400/478/2997 3401/483/2998
f 3402/480/2999 3403/484/3000 3404/481/3001
f 3405/482/3002 3406/485/3003 3407/480/3004
f 3409/486/3005 3410/477/3006 3408/479/3007
f 3411/487/3008 3412/488/3009 3413/489/3010
f 3412/488/3009 3411/487/3008 3414/490/3011
f 3415/491/3012 3416/487/3013 3417/492/3014
f 3417/492/3014 3416/487/3013 3418/489/3015
f 3419/493/3016 3420/484/3017 3421/480/3018
f 3422/494/3019 3423/479/3020 3424/483/3021
f 3425/477/3022 3426/486/3023 3427/490/3024
f 3428/491/3025 3429/492/3026 3430/482/3027
f 3432/495/3028 3431/496/3029 3433/497/3030
f 3435/498/3031 3434/497/3032 3436/499/3033
f 3437/496/3034 3438/499/3035 3439/497/3036
f 3440/500/3037 3441/501/3038 3442/502/3039
f 3444/503/3040 3443/504/3041 3445/505/3042
f 3446/506/3043 3447/502/3044 3448/507/3043
f 3447/502/3044 3446/506/3043 3449/500/3045
f 3450/505/3046 3451/506/3043 3452/503/3047
f 3452/503/3047 3451/506/3043 3453/507/3043
f 3454/473/3048 3456/508/3049 3455/472/3050
f 3457/464/3051 3458/509/3052 3456/508/3049
f 3461/510/3053 3460/470/3054 3459/471/3055
f 3463/511/3056 3462/468/3057 3461/510/3058
f 3466/509/3059 3465/512/3060 3464/508/3061
f 3467/513/3062 3468/511/3063 3469/510/3005
f 3470/514/3064 3471/515/3065 3472/516/3064
f 3471/515/3065 3470/514/3064 3473/517/3066
f 3474/514/3067 3475/518/3068 3476/519/3069
f 3475/518/3068 3474/514/3067 3477/516/3067
f 3478/520/3070 3479/521/3071 3480/522/3072
f 3482/517/3073 3481/523/3074 3483/515/3075
f 3481/523/3074 3482/517/3073 3484/521/3076
f 3486/524/3077 3485/525/3078 3488/526/3079
f 3489/519/3080 3487/527/3081 3490/524/3082
f 3487/527/3081 3489/519/3080 3491/518/3083
f 3493/524/3084 3494/526/3085 3492/528/3086
f 3494/526/3087 3496/529/3088 3495/530/3089
f 3498/521/3090 3497/531/3091 3499/522/3092
f 3499/522/3093 3500/532/3094 3501/533/3095
f 3502/534/3096 3503/535/3097 3504/536/3098
f 3505/537/3099 3506/536/3100 3507/538/3101
f 3509/537/3102 3508/534/3103 3510/536/3104
usemtl Meshpart1Mtl.021
f 3512/463/3105 3511/464/3106 3513/465/3107
f 3515/466/3108 3516/467/3109 3514/468/3110
f 3517/469/3111 3518/470/3112 3519/471/3113
f 3520/472/3114 3521/473/3115 3522/474/3116
f 3523/475/3117 3524/472/3118 3525/474/3119
f 3524/472/3118 3523/475/3117 3526/476/3117
f 3527/471/3120 3528/475/3121 3529/469/3122
f 3528/475/3121 3527/471/3120 3530/476/3121
f 3532/477/3123 3531/478/3124 3533/479/3125
f 3534/480/3126 3535/481/3127 3536/482/3128
f 3537/479/3129 3538/478/3130 3539/483/3131
f 3540/480/3132 3541/484/3133 3542/481/3134
f 3543/482/3135 3544/485/3136 3545/480/3137
f 3547/486/3138 3548/477/3139 3546/479/3140
f 3549/487/3141 3550/488/3142 3551/489/3143
f 3550/488/3142 3549/487/3141 3552/490/3144
f 3553/491/3145 3554/487/3146 3555/492/3147
f 3555/492/3147 3554/487/3146 3556/489/3146
f 3557/493/3148 3558/484/3149 3559/480/3150
f 3560/494/3151 3561/479/3152 3562/483/3153
f 3563/477/3154 3564/486/3155 3565/490/3156
f 3566/491/3157 3567/492/3158 3568/482/3159
f 3570/495/3160 3569/496/3161 3571/497/3162
f 3573/498/3163 3572/497/3164 3574/499/3165
f 3575/496/3166 3576/499/3167 3577/497/3168
f 3578/500/3169 3579/501/3170 3580/502/3171
f 3582/503/3172 3581/504/3173 3583/505/3174
f 3584/506/3175 3585/502/3176 3586/507/3177
f 3585/502/3176 3584/506/3175 3587/500/3178
f 3588/505/3179 3589/506/3177 3590/503/3180
f 3590/503/3180 3589/506/3177 3591/507/3177
f 3592/473/3181 3594/508/3182 3593/472/3183
f 3595/464/3184 3596/509/3185 3594/508/3182
f 3599/510/3186 3598/470/3187 3597/471/3188
f 3601/511/3189 3600/468/3190 3599/510/3191
f 3604/509/3192 3603/512/3193 3602/508/3194
f 3605/513/3195 3606/511/3196 3607/510/3197
f 3608/514/3198 3609/515/3199 3610/516/3198
f 3609/515/3199 3608/514/3198 3611/517/3200
f 3612/514/3201 3613/518/3202 3614/519/3203
f 3613/518/3202 3612/514/3201 3615/516/3201
f 3616/520/3204 3617/521/3205 3618/522/3206
f 3620/517/3207 3619/523/3208 3621/515/3209
f 3619/523/3208 3620/517/3207 3622/521/3210
f 3624/524/3211 3623/525/3212 3626/526/3213
f 3627/519/3214 3625/527/3215 3628/524/3216
f 3625/527/3215 3627/519/3214 3629/518/3217
f 3631/524/3181 3632/526/3218 3630/528/3219
f 3632/526/3220 3634/529/3221 3633/530/3222
f 3636/521/3223 3635/531/3224 3637/522/3225
f 3637/522/3226 3638/532/3227 3639/533/3228
f 3640/534/3229 3641/535/3230 3642/536/3231
f 3643/537/3232 3644/536/3233 3645/538/3234
f 3647/537/3235 3646/534/3236 3648/536/3237
usemtl Meshpart1Mtl.022
f 3650/463/796 3649/464/3238 3651/465/3239
f 3653/466/799 3654/467/800 3652/468/3240
f 3655/469/802 3656/470/803 3657/471/3241
f 3658/472/805 3659/473/3242 3660/474/3243
f 3661/475/808 3662/472/3244 3663/474/810
f 3662/472/3244 3661/475/808 3664/476/808
f 3665/471/3245 3666/475/812 3667/469/813
f 3666/475/812 3665/471/3245 3668/476/812
f 3670/477/3246 3669/478/815 3671/479/816
f 3672/480/817 3673/481/818 3674/482/3247
f 3675/479/820 3676/478/821 3677/483/822
f 3678/480/823 3679/484/824 3680/481/825
f 3681/482/826 3682/485/827 3683/480/828
f 3685/486/829 3686/477/830 3684/479/831
f 3687/487/3248 3688/488/833 3689/489/834
f 3688/488/833 3687/487/3248 3690/490/835
f 3691/491/836 3692/487/837 3693/492/3249
f 3693/492/3249 3692/487/837 3694/489/832
f 3695/493/839 3696/484/840 3697/480/841
f 3698/494/842 3699/479/843 3700/483/844
f 3701/477/845 3702/486/846 3703/490/847
f 3704/491/3250 3705/492/849 3706/482/850
f 3708/495/851 3707/496/852 3709/497/853
f 3711/498/854 3710/497/855 3712/499/856
f 3713/496/857 3714/499/858 3715/497/859
f 3716/500/3251 3717/501/3252 3718/502/862
f 3720/503/863 3719/504/3253 3721/505/865
f 3722/506/866 3723/502/867 3724/507/866
f 3723/502/867 3722/506/866 3725/500/868
f 3726/505/869 3727/506/866 3728/503/870
f 3728/503/870 3727/506/866 3729/507/866
f 3730/473/871 3732/508/872 3731/472/3254
f 3733/464/874 3734/509/3255 3732/508/872
f 3737/510/877 3736/470/3256 3735/471/879
f 3739/511/880 3738/468/881 3737/510/882
f 3742/509/883 3741/512/828 3740/508/3257
f 3743/513/885 3744/511/886 3745/510/829
f 3746/514/888 3747/515/3258 3748/516/890
f 3747/515/3258 3746/514/888 3749/517/3259
f 3750/514/892 3751/518/893 3752/519/894
f 3751/518/893 3750/514/892 3753/516/888
f 3754/520/895 3755/521/896 3756/522/3260
f 3758/517/898 3757/523/899 3759/515/900
f 3757/523/899 3758/517/898 3760/521/901
f 3762/524/3261 3761/525/3262 3764/526/3263
f 3765/519/905 3763/527/906 3766/524/907
f 3763/527/906 3765/519/905 3767/518/908
f 3769/524/909 3770/526/3264 3768/528/911
f 3770/526/912 3772/529/3265 3771/530/914
f 3774/521/915 3773/531/916 3775/522/917
f 3775/522/918 3776/532/3266 3777/533/920
f 3778/534/921 3779/535/3267 3780/536/923
f 3781/537/924 3782/536/925 3783/538/926
f 3785/537/927 3784/534/928 3786/536/3268
usemtl Meshpart1Mtl.023
f 3788/463/930 3787/464/3269 3789/465/3270
f 3791/466/933 3792/467/3271 3790/468/935
f 3793/469/3272 3794/470/937 3795/471/3273
f 3796/472/939 3797/473/940 3798/474/941
f 3799/475/942 3800/472/943 3801/474/944
f 3800/472/943 3799/475/942 3802/476/942
f 3803/471/945 3804/475/946 3805/469/947
f 3804/475/946 3803/471/945 3806/476/946
f 3808/477/948 3807/478/949 3809/479/950
f 3810/480/951 3811/481/952 3812/482/953
f 3813/479/954 3814/478/955 3815/483/956
f 3816/480/957 3817/484/3274 3818/481/959
f 3819/482/960 3820/485/961 3821/480/962
f 3823/486/963 3824/477/964 3822/479/965
f 3825/487/3275 3826/488/3276 3827/489/968
f 3826/488/3276 3825/487/3275 3828/490/3277
f 3829/491/970 3830/487/971 3831/492/972
f 3831/492/972 3830/487/971 3832/489/968
f 3833/493/3278 3834/484/3279 3835/480/975
f 3836/494/976 3837/479/977 3838/483/978
f 3839/477/979 3840/486/980 3841/490/981
f 3842/491/982 3843/492/983 3844/482/984
f 3846/495/985 3845/496/3280 3847/497/987
f 3849/498/988 3848/497/989 3850/499/990
f 3851/496/991 3852/499/3281 3853/497/993
f 3854/500/994 3855/501/3282 3856/502/996
f 3858/503/997 3857/504/998 3859/505/999
f 3860/506/1000 3861/502/1001 3862/507/1000
f 3861/502/1001 3860/506/1000 3863/500/1002
f 3864/505/1003 3865/506/1000 3866/503/1004
f 3866/503/1004 3865/506/1000 3867/507/1000
f 3868/473/3283 3870/508/1006 3869/472/1007
f 3871/464/1008 3872/509/1009 3870/508/1010
f 3875/510/1011 3874/470/1012 3873/471/3284
f 3877/511/1014 3876/468/1015 3875/510/1016
f 3880/509/3285 3879/512/3286 3878/508/1019
f 3881/513/1020 3882/511/1021 3883/510/1022
f 3884/514/1023 3885/515/1024 3886/516/1023
f 3885/515/1024 3884/514/1023 3887/517/1025
f 3888/514/1026 3889/518/1027 3890/519/3287
f 3889/518/1027 3888/514/1026 3891/516/1026
f 3892/520/1029 3893/521/1030 3894/522/1031
f 3896/517/1032 3895/523/1033 3897/515/1034
f 3895/523/1033 3896/517/1032 3898/521/1035
f 3900/524/1036 3899/525/3288 3902/526/1038
f 3903/519/1039 3901/527/1040 3904/524/1041
f 3901/527/1040 3903/519/1039 3905/518/1042
f 3907/524/1043 3908/526/1044 3906/528/1045
f 3908/526/3289 3910/529/1047 3909/530/3290
f 3912/521/1049 3911/531/3291 3913/522/1051
f 3913/522/3292 3914/532/1053 3915/533/1054
f 3916/534/1055 3917/535/1056 3918/536/1057
f 3919/537/1058 3920/536/1059 3921/538/1060
f 3923/537/1061 3922/534/1062 3924/536/1063
usemtl Meshpart1Mtl.024
f 4125/868/3293 4126/869/3294 4127/870/3295
f 4126/869/3294 4125/868/3293 4128/871/3296
f 4127/870/3295 4126/869/3294 4129/872/3297
f 4129/872/3297 4130/873/3298 4127/870/3295
f 4129/872/3297 4131/874/3299 4130/873/3298
f 4132/875/3300 4130/873/3298 4131/874/3299
f 4132/875/3300 4131/874/3299 4133/876/3301
f 4133/876/3301 4134/877/3301 4132/875/3300
f 4134/877/3301 4133/876/3301 4135/878/3302
f 4135/878/3302 4136/879/3303 4134/877/3301
f 4138/880/3304 4139/881/3305 4137/882/3306
f 4137/882/3306 4139/881/3305 4140/883/3307
f 4141/884/3308 4143/885/3309 4142/886/3310
f 4143/885/3309 4141/884/3308 4144/887/3309
f 4144/887/3309 4145/888/3309 4143/885/3309
f 4145/888/3309 4144/887/3309 4146/889/3309
f 4146/889/3309 4147/890/3311 4145/888/3309
f 4147/890/3311 4146/889/3309 4149/891/3312
f 4147/890/3311 4149/891/3312 4151/892/3313
f 4148/893/3314 4152/894/3315 4150/895/3316
f 4147/890/3311 4151/892/3313 4152/894/3315
f 4151/892/3313 4150/895/3316 4152/894/3315
f 4153/871/3317 4154/870/3318 4155/868/3319
f 4154/870/3318 4153/871/3317 4156/869/3320
f 4154/870/3318 4156/869/3320 4157/873/3321
f 4157/873/3321 4156/869/3320 4158/872/3322
f 4158/872/3322 4159/875/3323 4157/873/3321
f 4158/872/3322 4160/874/3324 4159/875/3323
f 4160/874/3324 4161/877/3325 4159/875/3323
f 4161/877/3325 4160/874/3324 4162/876/3325
f 4162/876/3325 4163/879/3326 4161/877/3325
f 4164/878/3327 4163/879/3326 4162/876/3325
f 4165/896/3328 4167/897/3329 4166/898/3330
f 4166/898/3330 4167/897/3329 4168/899/3331
f 4169/900/3332 4170/901/3332 4171/902/3333
f 4172/903/3332 4170/901/3332 4169/900/3332
f 4169/900/3332 4171/902/3333 4173/904/3334
f 4172/903/3332 4174/905/3332 4170/901/3332
f 4174/905/3332 4172/903/3332 4175/906/3335
f 4176/907/3336 4174/905/3332 4175/906/3335
f 4177/908/3337 4176/907/3336 4175/906/3335
f 4177/908/3337 4178/909/3338 4176/907/3336
f 4177/908/3337 4179/910/3339 4178/909/3338
f 4179/910/3339 4177/908/3337 4180/911/3340
f 4181/912/3341 4182/913/3341 4183/914/3341
f 4183/914/3341 4182/913/3341 4184/915/3341
f 4185/916/3342 4182/913/3341 4181/912/3341
f 4182/913/3341 4185/916/3342 4186/917/3342
f 4191/917/3343 4190/918/3344 4189/919/3344
f 4190/918/3344 4191/917/3343 4192/916/3345
f 4197/920/3341 4196/921/3346 4195/922/3347
f 4196/921/3346 4197/920/3341 4198/923/3341
f 4199/924/3348 4198/923/3341 4197/920/3341
f 4198/923/3341 4199/924/3348 4200/925/3348
f 4203/926/3341 4204/927/3341 4205/928/3341
f 4205/928/3341 4204/927/3341 4206/913/3341
f 4204/927/3341 4203/926/3341 4207/929/3341
f 4208/930/3341 4209/931/3341 4210/932/3341
f 4209/931/3341 4208/930/3341 4211/933/3341
f 4211/933/3341 4208/930/3341 4212/934/3341
f 4211/933/3341 4213/935/3341 4209/931/3341
f 4209/931/3341 4213/935/3341 4214/936/3341
f 4213/935/3341 4211/933/3341 4215/937/3341
f 4216/938/3349 4217/939/3350 4218/940/3351
f 4219/941/3352 4218/940/3351 4217/939/3350
f 4218/940/3351 4219/941/3352 4220/942/3353
f 4221/943/3354 4220/942/3353 4219/941/3352
f 4222/944/3349 4223/945/3351 4224/946/3349
f 4223/945/3351 4222/944/3349 4225/947/3351
f 4225/947/3351 4226/948/3353 4223/945/3351
f 4226/948/3353 4225/947/3351 4227/949/3353
f 4230/950/3351 4229/951/3353 4228/952/3353
f 4229/951/3353 4230/950/3351 4231/940/3351
f 4232/953/3349 4231/940/3351 4230/950/3351
f 4231/940/3351 4232/953/3349 4233/954/3349
f 4234/955/3355 4235/956/3356 4236/957/3356
f 4234/955/3355 4236/957/3356 4237/958/3357
f 4238/959/3351 4234/955/3355 4237/958/3357
f 4234/955/3355 4238/959/3351 4239/960/3351
f 4238/959/3351 4240/961/3344 4239/960/3351
f 4241/962/3344 4239/960/3351 4240/961/3344
f 4242/963/3351 4243/964/3351 4244/965/3351
f 4243/964/3351 4242/963/3351 4245/966/3351
f 4246/967/3351 4247/968/3351 4248/969/3351
f 4247/968/3351 4246/967/3351 4249/970/3351
f 4253/971/3358 4254/972/3309 4250/973/3359
f 4252/974/3360 4255/975/3361 4251/976/3362
f 4255/975/3361 4252/974/3360 4254/972/3309
f 4254/972/3309 4253/971/3358 4255/975/3361
f 4256/977/3309 4257/978/3309 4258/979/3309
f 4257/978/3309 4256/977/3309 4259/980/3309
f 4260/981/3363 4261/982/3364 4262/983/3363
f 4263/984/3365 4260/981/3363 4262/983/3363
f 4261/982/3364 4260/981/3363 4264/985/3366
f 4260/981/3363 4263/984/3365 4265/986/3367
f 4264/985/3366 4266/987/3366 4261/982/3364
f 4266/987/3366 4264/985/3366 4267/988/3366
f 4268/989/3363 4266/987/3366 4267/988/3366
f 4266/987/3366 4268/989/3363 4269/990/3363
f 4268/989/3363 4270/991/3365 4269/990/3363
f 4270/991/3365 4265/986/3367 4263/984/3365
f 4268/989/3363 4271/992/3368 4270/991/3365
f 4265/986/3367 4270/991/3365 4271/992/3368
f 4265/986/3367 4271/992/3368 4272/993/3369
f 4273/994/3370 4272/993/3369 4271/992/3368
f 4271/992/3368 4274/995/3371 4273/994/3370
f 4274/995/3371 4271/992/3368 4275/996/3369
f 4280/982/3309 4281/987/3309 4282/991/3309
f 4280/982/3309 4282/991/3309 4283/984/3309
f 4284/997/3359 4285/998/3372 4286/999/3309
f 4287/1000/3309 4286/999/3309 4285/998/3372
f 4286/999/3309 4287/1000/3309 4288/1001/3360
f 4289/1002/3360 4288/1001/3360 4287/1000/3309
f 4290/1003/3360 4291/1004/3373 4292/1005/3309
f 4290/1003/3360 4292/1005/3309 4293/972/3309
f 4293/972/3309 4292/1005/3309 4294/1006/3359
f 4293/972/3309 4294/1006/3359 4295/1007/3359
f 4300/1008/3374 4301/1009/3374 4302/1010/3309
f 4302/1010/3309 4303/1011/3309 4300/1008/3374
f 4303/1011/3309 4302/1010/3309 4304/1012/3375
f 4304/1012/3375 4305/1013/3375 4303/1011/3309
f 4306/1014/3376 4307/1015/3376 4308/1016/3376
f 4307/1015/3376 4306/1014/3376 4309/1017/3376
f 4310/1018/3376 4308/1016/3376 4307/1015/3376
f 4306/1014/3376 4311/1019/3376 4309/1017/3376
f 4308/1016/3376 4310/1018/3376 4312/1020/3376
f 4306/1014/3376 4313/1021/3376 4311/1019/3376
f 4310/1018/3376 4314/1022/3376 4312/1020/3376
f 4315/1023/3376 4311/1019/3376 4313/1021/3376
f 4314/1022/3376 4310/1018/3376 4316/1024/3376
f 4313/1021/3376 4317/1025/3376 4315/1023/3376
f 4318/1026/3376 4314/1022/3376 4316/1024/3376
f 4319/1027/3376 4315/1023/3376 4317/1025/3376
f 4318/1026/3376 4316/1024/3376 4320/1028/3376
f 4315/1023/3376 4319/1027/3376 4321/1029/3376
f 4318/1026/3376 4321/1029/3376 4319/1027/3376
f 4321/1029/3376 4318/1026/3376 4320/1028/3376
f 4322/1015/3377 4325/1024/3378 4323/1018/3379
f 4322/1015/3377 4326/1028/3380 4325/1024/3378
f 4326/1028/3380 4322/1015/3377 4324/1017/3381
f 4327/1019/3382 4326/1028/3380 4324/1017/3381
f 4326/1028/3380 4327/1019/3382 4328/1029/3383
f 4328/1029/3383 4327/1019/3382 4329/1023/3384
f 4330/1030/3385 4331/1031/3386 4332/1032/3386
f 4331/1031/3386 4330/1030/3385 4333/1033/3385
f 4340/917/3387 4342/912/3376 4341/916/3387
f 4340/917/3387 4343/913/3376 4342/912/3376
f 4344/915/3376 4342/912/3376 4343/913/3376
f 4342/912/3376 4344/915/3376 4345/914/3376
f 4348/1034/3376 4347/1035/3388 4346/1036/3388
f 4348/1034/3376 4349/1037/3376 4347/1035/3388
f 4350/1038/3389 4349/1037/3376 4348/1034/3376
f 4350/1038/3389 4351/1039/3389 4349/1037/3376
f 4352/1040/3376 4353/1041/3376 4354/1042/3376
f 4353/1041/3376 4352/1040/3376 4355/1043/3376
f 4356/912/3376 4353/1041/3376 4355/1043/3376
f 4358/1044/3390 4359/1045/3391 4357/1046/3392
f 4359/1045/3391 4358/1044/3390 4360/1047/3393
f 4360/1047/3393 4361/1048/3394 4359/1045/3391
f 4361/1048/3394 4360/1047/3393 4362/1049/3395
f 4365/1050/3393 4364/1051/3396 4363/1052/3396
f 4364/1051/3396 4365/1050/3393 4366/1053/3393
f 4367/1054/3393 4368/1055/3393 4369/1056/3393
f 4368/1055/3393 4370/1057/3393 4369/1056/3393
f 4371/1058/3393 4372/1059/3393 4373/1060/3393
f 4374/1061/3393 4373/1060/3393 4372/1059/3393
f 4375/1062/3393 4376/1063/3393 4377/1064/3393
f 4375/1062/3393 4377/1064/3393 4378/1065/3393
f 4379/1066/3390 4380/1067/3397 4381/1068/3393
f 4383/1069/3393 4381/1068/3393 4380/1067/3397
f 4381/1068/3393 4383/1069/3393 4384/1070/3398
f 4382/1071/3395 4384/1070/3398 4383/1069/3393
f 4387/1047/3393 4386/1072/3395 4385/1073/3395
f 4387/1047/3393 4388/1074/3393 4386/1072/3395
f 4389/1075/3390 4388/1074/3393 4387/1047/3393
f 4389/1075/3390 4390/1076/3399 4388/1074/3393
f 4395/1077/3400 4394/1078/3360 4393/1079/3360
f 4395/1077/3400 4396/1080/3400 4394/1078/3360
f 4397/1081/3401 4398/1082/3332 4399/1083/3400
f 4398/1082/3332 4397/1081/3401 4400/1084/3402
f 4400/1084/3402 4401/1085/3403 4398/1082/3332
f 4401/1085/3403 4400/1084/3402 4402/1086/3404
f 4403/1087/3332 4404/1088/3332 4405/1089/3332
f 4406/1090/3332 4405/1089/3332 4404/1088/3332
f 4407/1091/3405 4408/1092/3406 4409/1093/3407
f 4408/1092/3406 4407/1091/3405 4410/1094/3408
f 4408/1092/3406 4411/1095/3409 4409/1093/3407
f 4411/1095/3409 4408/1092/3406 4412/1096/3410
f 4412/1096/3410 4408/1092/3406 4413/1097/3411
f 4414/1098/3411 4413/1097/3411 4408/1092/3406
f 4413/1097/3411 4414/1098/3411 4415/1099/3412
f 4416/1100/3412 4415/1099/3412 4414/1098/3411
f 4419/1101/3403 4420/1102/3403 4421/1103/3332
f 4422/1104/3332 4421/1103/3332 4420/1102/3403
f 4421/1103/3332 4422/1104/3332 4423/1105/3413
f 4424/1106/3400 4423/1105/3413 4422/1104/3332
f 4427/1082/3332 4426/1107/3400 4425/1108/3400
f 4427/1082/3332 4428/1109/3332 4426/1107/3400
f 4430/1110/3403 4428/1109/3332 4427/1082/3332
f 4430/1110/3403 4429/1111/3403 4428/1109/3332
f 4437/1112/3332 4436/1113/3414 4435/1114/3414
f 4436/1113/3414 4437/1112/3332 4438/1115/3332
f 4440/1116/3415 4438/1115/3332 4437/1112/3332
f 4438/1115/3332 4440/1116/3415 4439/1117/3415
usemtl Meshpart3Mtl.012
f 3927/1118/3416 3926/1119/3417 3925/1120/3417
f 3927/1118/3416 3928/1121/3418 3926/1119/3417
f 3929/1122/3341 3928/1121/3418 3927/1118/3416
f 3927/1118/3416 3930/1123/3341 3929/1122/3341
f 3931/1124/3419 3932/1125/3420 3933/1126/3419
f 3932/1125/3420 3931/1124/3419 3934/1127/3421
f 3935/1128/3420 3932/1125/3420 3934/1127/3421
f 3932/1125/3420 3935/1128/3420 3936/1129/3422
f 3933/1126/3419 3937/1130/3419 3931/1124/3419
f 3938/1131/3419 3937/1130/3419 3933/1126/3419
f 3937/1130/3419 3938/1131/3419 3939/1132/3419
f 3939/1132/3419 3938/1131/3419 3940/1133/3423
f 3941/1134/3424 3942/1135/3425 3943/1136/3425
f 3943/1136/3425 3944/1137/3426 3941/1134/3424
f 3946/1138/3425 3947/1139/3427 3945/1140/3424
f 3947/1139/3427 3948/1141/3428 3945/1140/3424
f 3949/1142/3376 3950/1143/3429 3951/1144/3376
f 3950/1143/3429 3949/1142/3376 3952/1145/3430
f 3952/1145/3430 3953/1146/3431 3950/1143/3429
f 3953/1146/3431 3952/1145/3430 3954/1147/3432
f 3957/1148/3433 3956/1146/3431 3955/1147/3434
f 3956/1146/3431 3957/1148/3433 3958/1149/3429
f 3959/1150/3433 3958/1149/3429 3957/1148/3433
f 3958/1149/3429 3959/1150/3433 3960/1151/3433
f 3959/1150/3433 3961/1152/3431 3960/1151/3433
f 3961/1152/3431 3959/1150/3433 3962/1153/3431
f 3963/1154/3435 3964/1155/3436 3965/1156/3437
f 3964/1155/3436 3966/1157/3437 3965/1156/3437
f 3966/1157/3437 3964/1155/3436 3967/1158/3436
f 3967/1158/3436 3964/1155/3436 3968/1159/3437
f 3969/1160/3435 3963/1154/3435 3965/1156/3437
f 3969/1160/3435 3970/1161/3435 3963/1154/3435
f 3970/1161/3435 3969/1160/3435 3971/1162/3435
f 3971/1162/3435 3969/1160/3435 3972/1163/3436
f 3973/1164/3438 3974/1165/3438 3975/1166/3438
f 3974/1165/3438 3973/1164/3438 3976/1167/3438
f 3977/1168/3341 3978/1169/3341 3979/1170/3341
f 3978/1169/3341 3977/1168/3341 3980/1171/3341
f 3981/1172/3341 3982/1173/3341 3983/1174/3341
f 3983/1174/3341 3982/1173/3341 3984/1175/3341
f 3985/1176/3341 3986/1177/3341 3987/1178/3341
f 3986/1177/3341 3988/1179/3341 3987/1178/3341
f 3988/1179/3341 3986/1177/3341 3989/1180/3341
f 3990/1181/3439 3991/1182/3440 3992/1183/3439
f 3993/1184/3441 3991/1182/3440 3990/1181/3439
f 3994/1182/3442 3995/1185/3442 3996/1186/3443
f 3995/1185/3442 3994/1182/3442 3997/1184/3443
f 3998/1181/3439 3999/1182/3444 4000/1183/3439
f 4001/1184/3441 3999/1182/3444 3998/1181/3439
f 4002/1182/3443 4003/1185/3443 4004/1186/3443
f 4003/1185/3443 4002/1182/3443 4005/1184/3445
f 4006/1187/3351 4007/1188/3351 4008/1189/3351
f 4006/1187/3351 4008/1189/3351 4009/1190/3351
f 4010/1191/3351 4011/1192/3351 4012/1193/3351
f 4010/1191/3351 4012/1193/3351 4013/1194/3351
f 4014/1195/3351 4015/1196/3351 4016/1197/3351
f 4014/1195/3351 4016/1197/3351 4017/1198/3351
f 4018/1199/3351 4019/1200/3351 4020/1201/3351
f 4018/1199/3351 4020/1201/3351 4021/1202/3351
f 4022/1203/3351 4023/1204/3351 4024/1205/3351
f 4022/1203/3351 4024/1205/3351 4025/1206/3351
f 4026/1207/3309 4027/1208/3309 4028/1209/3309
f 4029/1210/3309 4028/1209/3309 4027/1208/3309
f 4030/1211/3446 4031/1212/3446 4032/1213/3446
f 4033/1214/3446 4032/1213/3446 4031/1212/3446
f 4034/1215/3447 4035/1216/3448 4036/1217/3448
f 4034/1215/3447 4036/1217/3448 4037/1218/3449
f 4038/1219/3449 4035/1216/3448 4034/1215/3447
f 4035/1216/3448 4038/1219/3449 4039/1220/3448
f 4040/1221/3447 4041/1222/3450 4042/1223/3448
f 4040/1221/3447 4042/1223/3448 4043/1224/3449
f 4044/1225/3451 4041/1222/3450 4040/1221/3447
f 4041/1222/3450 4044/1225/3451 4045/1226/3448
f 4046/1227/3452 4047/1228/3452 4048/1229/3453
f 4049/1230/3453 4048/1229/3453 4047/1228/3452
f 4048/1229/3453 4049/1230/3453 4050/1231/3454
f 4051/1232/3454 4050/1231/3454 4049/1230/3453
f 4052/1233/3376 4053/1234/3376 4054/1235/3376
f 4053/1234/3376 4052/1233/3376 4055/1236/3376
f 4053/1234/3376 4055/1236/3376 4056/1237/3376
f 4057/1184/3455 4058/1183/3456 4059/1181/3456
f 4058/1183/3456 4057/1184/3455 4060/1182/3456
f 4061/1185/3457 4062/1186/3458 4063/1184/3457
f 4063/1184/3457 4062/1186/3458 4064/1182/3457
f 4065/1184/3455 4066/1183/3456 4067/1181/3456
f 4066/1183/3456 4065/1184/3455 4068/1182/3455
f 4069/1185/3457 4070/1186/3459 4071/1184/3458
f 4071/1184/3458 4070/1186/3459 4072/1182/3457
f 4073/1175/3376 4074/1174/3376 4075/1173/3376
f 4075/1173/3376 4074/1174/3376 4076/1172/3376
f 4077/1169/3376 4078/1168/3376 4079/1171/3376
f 4078/1168/3376 4077/1169/3376 4080/1170/3376
f 4081/1238/3393 4082/1239/3393 4083/1240/3393
f 4081/1238/3393 4083/1240/3393 4084/1241/3393
f 4085/1242/3393 4086/1243/3393 4087/1244/3393
f 4085/1242/3393 4087/1244/3393 4088/1245/3393
f 4089/1246/3393 4090/1247/3393 4091/1248/3393
f 4089/1246/3393 4091/1248/3393 4092/1249/3393
f 4093/1250/3393 4094/1251/3393 4095/1252/3393
f 4093/1250/3393 4095/1252/3393 4096/1253/3393
f 4097/1254/3393 4098/1255/3393 4099/1256/3393
f 4097/1254/3393 4099/1256/3393 4100/1257/3393
f 4101/1258/3332 4102/1259/3332 4103/1260/3332
f 4102/1259/3332 4101/1258/3332 4104/1261/3332
f 4105/1262/3460 4106/1263/3460 4107/1264/3460
f 4106/1263/3460 4105/1262/3460 4108/1265/3460
f 4109/1266/3461 4110/1267/3462 4111/1268/3463
f 4110/1267/3462 4109/1266/3461 4112/1269/3461
f 4109/1266/3461 4113/1270/3463 4112/1269/3461
f 4112/1269/3461 4113/1270/3463 4114/1271/3463
f 4115/1272/3463 4116/1273/3462 4117/1274/3463
f 4116/1273/3462 4115/1272/3463 4118/1275/3464
f 4115/1272/3463 4119/1276/3464 4118/1275/3464
f 4118/1275/3464 4119/1276/3464 4120/1277/3463
f 4121/1278/3332 4122/1279/3332 4123/1280/3332
f 4122/1279/3332 4121/1278/3332 4124/1281/3332
usemtl Meshpart7Mtl.001
f 4441/1282/3465 4442/1283/3466 4443/1284/3467
f 4444/1285/3468 4442/1283/3466 4441/1282/3465
f 4442/1283/3466 4444/1285/3468 4445/1286/3469
f 4445/1286/3469 4446/1287/3470 4442/1283/3466
f 4445/1286/3469 4447/1288/3471 4446/1287/3470
f 4448/1289/3471 4446/1287/3470 4447/1288/3471
f 4448/1289/3471 4447/1288/3471 4449/1290/3472
f 4449/1290/3472 4450/1291/3472 4448/1289/3471
f 4450/1291/3472 4449/1290/3472 4451/1292/3473
f 4451/1292/3473 4452/1293/3473 4450/1291/3472
f 4453/1294/3474 4454/1295/3474 4455/1296/3474
f 4455/1296/3474 4456/1297/3474 4453/1294/3474
f 4458/1298/3475 4457/1299/3476 4459/1300/3477
f 4460/1301/3478 4462/1302/3479 4461/1303/3480
f 4463/1304/3481 4459/1300/3482 4462/1302/3483
f 4465/1305/3484 4466/1306/3484 4467/1307/3485
f 4467/1307/3485 4464/1308/3486 4465/1305/3484
f 4468/1309/3485 4467/1307/3485 4466/1306/3484
f 4467/1307/3485 4469/1310/3487 4464/1308/3486
f 4469/1310/3487 4463/1304/3481 4464/1308/3486
f 4463/1304/3481 4469/1310/3487 4470/1311/3488
f 4459/1300/3482 4463/1304/3481 4470/1311/3488
f 4472/1312/3489 4471/1313/3489 4473/1314/3490
f 4473/1314/3490 4474/1315/3490 4472/1312/3489
f 4474/1315/3490 4473/1314/3490 4475/1316/3491
f 4476/1317/3492 4474/1315/3490 4475/1316/3491
f 4476/1317/3492 4475/1316/3491 4477/1318/3341
f 4477/1318/3341 4478/1319/3341 4476/1317/3492
f 4479/1320/3493 4480/1321/3493 4481/1322/3494
f 4480/1321/3493 4479/1320/3493 4482/1323/3495
f 4481/1322/3494 4483/1324/3494 4479/1320/3493
f 4482/1323/3495 4484/1325/3495 4480/1321/3493
f 4484/1325/3495 4482/1323/3495 4485/1326/3496
f 4486/1327/3496 4484/1325/3495 4485/1326/3496
f 4487/1299/3497 4488/1303/3497 4489/1302/3498
f 4487/1299/3497 4489/1302/3498 4490/1300/3499
f 4491/1328/3351 4492/1329/3351 4493/1330/3351
f 4494/1331/3351 4493/1330/3351 4492/1329/3351
f 4495/1332/3351 4496/1333/3500 4497/1334/3351
f 4498/1335/3500 4497/1334/3351 4496/1333/3500
f 4501/1336/3501 4500/1337/3496 4499/1338/3496
f 4500/1337/3496 4501/1336/3501 4502/1339/3501
f 4503/1340/3351 4504/1341/3351 4505/1342/3351
f 4503/1340/3351 4505/1342/3351 4506/1343/3351
f 4504/1341/3351 4503/1340/3351 4507/1344/3502
f 4507/1344/3502 4503/1340/3351 4508/1345/3502
f 4510/1346/3503 4511/1347/3504 4509/1348/3505
f 4511/1347/3504 4510/1346/3503 4512/1349/3506
f 4513/1350/3478 4511/1347/3504 4512/1349/3506
f 4511/1347/3504 4513/1350/3478 4514/1351/3507
f 4510/1346/3503 4515/1352/3508 4512/1349/3506
f 4515/1352/3508 4513/1350/3478 4512/1349/3506
f 4516/1353/3479 4513/1350/3478 4517/1354/3509
f 4515/1352/3508 4510/1346/3503 4518/1355/3510
f 4519/1356/3511 4515/1352/3508 4518/1355/3510
f 4513/1350/3478 4515/1352/3508 4520/1357/3512
f 4520/1357/3512 4517/1354/3509 4513/1350/3478
f 4521/1358/3513 4520/1357/3512 4515/1352/3508
f 4515/1352/3508 4519/1356/3511 4521/1358/3513
f 4517/1354/3509 4520/1357/3512 4522/1359/3514
f 4523/1360/3515 4521/1358/3513 4519/1356/3511
f 4519/1356/3511 4524/1361/3516 4523/1360/3515
f 4525/1362/3517 4521/1358/3513 4523/1360/3515
f 4521/1358/3513 4525/1362/3517 4526/1363/3518
f 4520/1357/3512 4521/1358/3513 4526/1363/3518
f 4526/1363/3518 4522/1359/3514 4520/1357/3512
f 4525/1362/3517 4527/1364/3519 4526/1363/3518
f 4522/1359/3514 4526/1363/3518 4527/1364/3519
f 4527/1364/3519 4525/1362/3517 4528/1365/3519
f 4529/1366/3520 4530/1367/3309 4531/1368/3309
f 4532/1369/3309 4529/1366/3520 4531/1368/3309
f 4530/1367/3309 4529/1366/3520 4533/1370/3309
f 4534/1371/3309 4530/1367/3309 4533/1370/3309
f 4530/1367/3309 4534/1371/3309 4535/1372/3309
f 4534/1371/3309 4536/1373/3309 4535/1372/3309
f 4537/1374/3309 4535/1372/3309 4536/1373/3309
f 4536/1373/3309 4538/1375/3309 4537/1374/3309
f 4538/1375/3309 4536/1373/3309 4539/1376/3309
f 4540/1377/3309 4538/1375/3309 4539/1376/3309
f 4539/1376/3309 4541/1378/3309 4540/1377/3309
f 4542/1379/3309 4540/1377/3309 4541/1378/3309
f 4541/1378/3309 4543/1380/3309 4542/1379/3309
f 4544/1381/3309 4542/1379/3309 4543/1380/3309
f 4545/1382/3309 4544/1381/3309 4543/1380/3309
f 4544/1381/3309 4545/1382/3309 4546/1383/3309
f 4545/1382/3309 4547/1384/3309 4546/1383/3309
f 4547/1384/3309 4548/1385/3309 4546/1383/3309
f 4549/1386/3309 4546/1383/3309 4548/1385/3309
f 4548/1385/3309 4547/1384/3309 4529/1366/3520
f 4529/1366/3520 4547/1384/3309 4533/1370/3309
f 4529/1366/3520 4550/1387/3521 4551/1388/3522
f 4551/1388/3522 4550/1387/3521 4552/1389/3523
f 4551/1388/3522 4552/1389/3523 4553/1390/3524
f 4529/1366/3520 4554/1391/3525 4550/1387/3521
f 4529/1366/3520 4532/1369/3309 4554/1391/3525
f 4554/1391/3525 4532/1369/3309 4555/1392/3309
f 4556/1393/3309 4555/1392/3309 4532/1369/3309
f 4555/1392/3309 4556/1393/3309 4557/1394/3309
f 4558/1395/3309 4554/1391/3525 4555/1392/3309
f 4554/1391/3525 4558/1395/3309 4559/1396/3309
f 4558/1395/3309 4560/1397/3309 4559/1396/3309
f 4560/1397/3309 4558/1395/3309 4561/1398/3309
f 4561/1398/3309 4558/1395/3309 4562/1399/3309
f 4562/1399/3309 4558/1395/3309 4563/1400/3309
f 4565/1286/3526 4564/1287/3526 4566/1282/3376
f 4565/1286/3526 4566/1282/3376 4567/1285/3376
f 4564/1287/3526 4568/1284/3376 4566/1282/3376
f 4568/1284/3376 4564/1287/3526 4569/1283/3376
f 4571/1401/3527 4570/1402/3528 4572/1403/3529
f 4573/1404/3530 4572/1403/3529 4570/1402/3528
f 4570/1402/3528 4574/1405/3531 4573/1404/3530
f 4570/1402/3528 4575/1406/3532 4574/1405/3531
f 4575/1406/3532 4576/1407/3533 4574/1405/3531
f 4575/1406/3532 4577/1408/3534 4576/1407/3533
f 4576/1407/3533 4579/1409/3535 4578/1410/3536
f 4579/1409/3535 4576/1407/3533 4577/1408/3534
f 4580/1411/3537 4581/1412/3537 4582/1413/3538
f 4582/1413/3538 4581/1412/3537 4583/1414/3539
f 4583/1414/3539 4584/1415/3540 4582/1413/3538
f 4585/1416/3541 4584/1415/3540 4583/1414/3539
f 4584/1415/3540 4585/1416/3541 4586/1417/3542
f 4589/1418/3543 4588/1419/3544 4587/1420/3544
f 4588/1419/3544 4589/1418/3543 4590/1421/3543
f 4591/1315/3545 4590/1421/3543 4589/1418/3543
f 4590/1421/3543 4591/1315/3545 4592/1314/3546
f 4593/1422/3376 4592/1314/3546 4591/1315/3545
f 4592/1314/3546 4593/1422/3376 4594/1423/3376
f 4595/1424/3547 4596/1312/3547 4597/1313/3547
f 4596/1312/3547 4595/1424/3547 4598/1425/3547
f 4599/1290/3548 4600/1289/3549 4601/1288/3549
f 4600/1289/3549 4599/1290/3548 4602/1291/3550
f 4603/1292/3376 4602/1291/3550 4599/1290/3548
f 4602/1291/3550 4603/1292/3376 4604/1293/3376
f 4607/1426/3393 4606/1427/3551 4605/1428/3551
f 4607/1426/3393 4605/1428/3551 4608/1429/3393
f 4609/1430/3393 4610/1431/3393 4611/1432/3393
f 4609/1430/3393 4611/1432/3393 4612/1433/3393
f 4609/1430/3393 4612/1433/3393 4613/1434/3393
f 4614/1435/3393 4610/1431/3393 4609/1430/3393
f 4610/1431/3393 4614/1435/3393 4615/1436/3393
f 4615/1436/3393 4614/1435/3393 4616/1437/3393
f 4618/1438/3552 4617/1439/3552 4619/1440/3553
f 4619/1440/3553 4620/1441/3553 4618/1438/3552
f 4619/1440/3553 4621/1442/3393 4620/1441/3553
f 4621/1442/3393 4622/1443/3393 4620/1441/3553
f 4623/1444/3554 4624/1445/3554 4625/1446/3555
f 4625/1446/3555 4626/1447/3556 4623/1444/3554
f 4625/1446/3555 4627/1448/3557 4626/1447/3556
f 4627/1448/3557 4628/1449/3558 4626/1447/3556
f 4629/1450/3559 4631/1451/3560 4630/1452/3559
f 4631/1451/3560 4632/1453/3561 4630/1452/3559
f 4633/1454/3562 4634/1455/3562 4635/1456/3562
f 4634/1455/3562 4636/1457/3562 4635/1456/3562
f 4637/1458/3563 4638/1459/3563 4639/1460/3563
f 4639/1460/3563 4640/1461/3563 4637/1458/3563
f 4641/1462/3564 4642/1463/3565 4643/1464/3565
f 4642/1463/3565 4644/1465/3565 4643/1464/3565
f 4645/1466/3566 4646/1467/3475 4647/1468/3567
f 4647/1468/3567 4646/1467/3475 4649/1469/3568
f 4647/1468/3567 4649/1469/3568 4650/1470/3569
f 4650/1470/3569 4651/1471/3570 4647/1468/3567
f 4646/1467/3475 4652/1472/3571 4649/1469/3568
f 4652/1472/3571 4650/1470/3569 4649/1469/3568
f 4650/1470/3569 4652/1472/3571 4653/1473/3572
f 4654/1474/3573 4653/1473/3572 4652/1472/3571
f 4654/1474/3573 4656/1475/3574 4655/1476/3575
f 4656/1475/3574 4654/1474/3573 4657/1477/3576
f 4652/1472/3571 4657/1477/3576 4654/1474/3573
f 4657/1477/3576 4658/1478/3577 4656/1475/3574
f 4659/1479/3578 4660/1480/3578 4658/1478/3577
f 4658/1478/3577 4662/1481/3579 4659/1479/3578
f 4662/1481/3579 4658/1478/3577 4657/1477/3576
f 4662/1481/3579 4661/1482/3580 4659/1479/3578
f 4657/1477/3576 4663/1483/3581 4662/1481/3579
f 4661/1482/3580 4662/1481/3579 4663/1483/3581
f 4663/1483/3581 4657/1477/3576 4652/1472/3571
f 4652/1472/3571 4646/1467/3475 4663/1483/3581
f 4663/1483/3581 4664/1484/3582 4661/1482/3580
f 4664/1484/3582 4663/1483/3581 4646/1467/3475
f 4646/1467/3475 4648/1485/3583 4664/1484/3582
f 4665/1486/3584 4666/1487/3585 4667/1488/3586
f 4666/1487/3585 4665/1486/3584 4668/1489/3587
f 4666/1487/3585 4668/1489/3587 4669/1490/3588
f 4670/1491/3438 4669/1490/3588 4668/1489/3587
f 4669/1490/3588 4670/1491/3438 4671/1492/3332
f 4671/1492/3332 4670/1491/3438 4672/1493/3332
f 4672/1493/3332 4673/1494/3332 4671/1492/3332
f 4673/1494/3332 4672/1493/3332 4674/1495/3332
f 4669/1490/3588 4671/1492/3332 4675/1496/3332
f 4670/1491/3438 4676/1497/3332 4672/1493/3332
f 4677/1498/3332 4669/1490/3588 4675/1496/3332
f 4670/1491/3438 4678/1499/3332 4676/1497/3332
f 4679/1500/3332 4676/1497/3332 4678/1499/3332
f 4680/1501/3332 4676/1497/3332 4679/1500/3332
f 4681/1502/3332 4676/1497/3332 4680/1501/3332
f 4676/1497/3332 4681/1502/3332 4682/1503/3332
f 4669/1490/3588 4677/1498/3332 4683/1504/3332
f 4684/1505/3332 4683/1504/3332 4677/1498/3332
f 4685/1506/3332 4669/1490/3588 4683/1504/3332
f 4684/1505/3332 4677/1498/3332 4686/1507/3332
f 4669/1490/3588 4685/1506/3332 4687/1508/3332
f 4688/1509/3332 4684/1505/3332 4686/1507/3332
f 4686/1507/3332 4689/1510/3332 4688/1509/3332
f 4690/1511/3332 4688/1509/3332 4689/1510/3332
f 4688/1509/3332 4690/1511/3332 4691/1512/3332
f 4691/1512/3332 4690/1511/3332 4692/1513/3332
f 4692/1513/3332 4693/1514/3332 4691/1512/3332
f 4692/1513/3332 4694/1515/3332 4693/1514/3332
f 4695/1516/3332 4693/1514/3332 4694/1515/3332
f 4694/1515/3332 4696/1517/3332 4695/1516/3332
f 4695/1516/3332 4696/1517/3332 4697/1518/3332
f 4697/1518/3332 4698/1519/3332 4695/1516/3332
f 4699/1520/3332 4698/1519/3332 4697/1518/3332
f 4698/1519/3332 4699/1520/3332 4685/1506/3332
f 4687/1508/3332 4685/1506/3332 4699/1520/3332
f 4687/1508/3332 4699/1520/3332 4700/1521/3332
usemtl Meshpart8Mtl.001
f 4703/1522/3341 4702/1523/3589 4701/1524/3589
f 4702/1523/3589 4703/1522/3341 4704/1525/3341
f 4705/1526/3590 4704/1525/3341 4703/1522/3341
f 4704/1525/3341 4705/1526/3590 4706/1527/3591
f 4709/1528/3341 4708/1529/3589 4707/1530/3592
f 4708/1529/3589 4709/1528/3341 4710/1531/3341
f 4711/1532/3590 4710/1531/3341 4709/1528/3341
f 4710/1531/3341 4711/1532/3590 4712/1533/3591
f 4715/1534/3341 4714/1535/3589 4713/1536/3589
f 4714/1535/3589 4715/1534/3341 4716/1537/3341
f 4717/1538/3590 4716/1537/3341 4715/1534/3341
f 4716/1537/3341 4717/1538/3590 4718/1539/3590
f 4719/1540/3593 4720/1541/3594 4721/1542/3594
f 4722/1543/3595 4721/1542/3594 4720/1541/3594
f 4720/1541/3594 4719/1540/3593 4723/1544/3593
f 4721/1542/3594 4722/1543/3595 4724/1545/3595
f 4725/1546/3596 4726/1547/3351 4727/1548/3351
f 4728/1549/3595 4727/1548/3351 4726/1547/3351
f 4726/1547/3351 4725/1546/3596 4729/1550/3596
f 4727/1548/3351 4728/1549/3595 4730/1551/3597
f 4731/1552/3596 4732/1553/3351 4733/1554/3351
f 4734/1555/3595 4733/1554/3351 4732/1553/3351
f 4732/1553/3351 4731/1552/3596 4735/1556/3598
f 4733/1554/3351 4734/1555/3595 4736/1557/3595
f 4737/1558/3309 4738/1559/3309 4739/1560/3309
f 4739/1560/3309 4738/1559/3309 4740/1561/3309
f 4737/1558/3309 4741/1562/3309 4738/1559/3309
f 4738/1559/3309 4741/1562/3309 4742/1563/3309
f 4743/1564/3309 4741/1562/3309 4737/1558/3309
f 4741/1562/3309 4743/1564/3309 4744/1565/3309
f 4745/1566/3309 4746/1567/3309 4747/1568/3309
f 4745/1566/3309 4748/1569/3309 4746/1567/3309
f 4746/1567/3309 4748/1569/3309 4749/1570/3309
f 4749/1570/3309 4748/1569/3309 4750/1571/3309
f 4751/1572/3309 4748/1569/3309 4745/1566/3309
f 4748/1569/3309 4751/1572/3309 4752/1573/3309
f 4753/1574/3309 4754/1575/3309 4755/1576/3309
f 4755/1576/3309 4754/1575/3309 4756/1577/3309
f 4754/1575/3309 4753/1574/3309 4757/1578/3309
f 4757/1578/3309 4753/1574/3309 4758/1579/3309
f 4754/1575/3309 4757/1578/3309 4759/1580/3309
f 4754/1575/3309 4759/1580/3309 4760/1581/3309
f 4763/1522/3376 4762/1523/3599 4761/1524/3599
f 4762/1523/3599 4763/1522/3376 4764/1525/3376
f 4765/1526/3600 4764/1525/3376 4763/1522/3376
f 4764/1525/3376 4765/1526/3600 4766/1527/3600
f 4769/1528/3376 4768/1529/3599 4767/1530/3599
f 4768/1529/3599 4769/1528/3376 4770/1531/3376
f 4771/1532/3600 4770/1531/3376 4769/1528/3376
f 4770/1531/3376 4771/1532/3600 4772/1533/3600
f 4775/1534/3376 4774/1535/3599 4773/1536/3599
f 4774/1535/3599 4775/1534/3376 4776/1537/3376
f 4777/1538/3600 4776/1537/3376 4775/1534/3376
f 4776/1537/3376 4777/1538/3600 4778/1539/3600
f 4783/1548/3601 4781/1549/3602 4779/1551/3602
f 4784/1547/3601 4782/1546/3603 4780/1550/3603
f 4781/1549/3602 4783/1548/3601 4784/1547/3601
f 4782/1546/3603 4784/1547/3601 4783/1548/3601
f 4789/1542/3393 4787/1543/3602 4785/1545/3602
f 4790/1541/3393 4788/1540/3603 4786/1544/3603
f 4787/1543/3602 4789/1542/3393 4790/1541/3393
f 4788/1540/3603 4790/1541/3393 4789/1542/3393
f 4795/1582/3393 4793/1583/3602 4791/1584/3602
f 4796/1585/3393 4794/1586/3603 4792/1587/3604
f 4793/1583/3602 4795/1582/3393 4796/1585/3393
f 4794/1586/3603 4796/1585/3393 4795/1582/3393
f 4797/1588/3332 4798/1589/3332 4799/1590/3332
f 4798/1589/3332 4800/1591/3332 4801/1592/3332
f 4800/1591/3332 4798/1589/3332 4802/1593/3332
f 4797/1588/3332 4802/1593/3332 4798/1589/3332
f 4802/1593/3332 4797/1588/3332 4803/1594/3332
f 4803/1594/3332 4797/1588/3332 4804/1595/3332
f 4805/1596/3332 4806/1597/3332 4807/1598/3332
f 4806/1597/3332 4805/1596/3332 4808/1599/3332
f 4805/1596/3332 4809/1600/3332 4808/1599/3332
f 4808/1599/3332 4809/1600/3332 4810/1601/3332
f 4809/1600/3332 4805/1596/3332 4811/1602/3332
f 4811/1602/3332 4805/1596/3332 4812/1603/3332
f 4813/1604/3332 4814/1605/3332 4815/1606/3332
f 4816/1607/3332 4814/1605/3332 4813/1604/3332
f 4817/1608/3332 4814/1605/3332 4816/1607/3332
f 4817/1608/3332 4816/1607/3332 4818/1609/3332
f 4819/1610/3332 4814/1605/3332 4817/1608/3332
f 4814/1605/3332 4819/1610/3332 4820/1611/3332
usemtl Meshpart1Mtl.013
f 4823/539/3605 4822/540/3606 4821/541/3607
f 4822/540/3606 4823/539/3605 4824/542/3608
f 4826/543/3609 4827/544/3610 4825/545/3611
f 4827/544/3610 4826/543/3609 4828/546/3612
f 4829/547/3613 4830/548/3614 4831/539/3615
f 4830/548/3614 4829/547/3613 4832/549/3616
f 4833/548/3617 4834/550/3618 4835/544/3619
f 4834/550/3618 4833/548/3617 4836/549/3620
f 4838/551/3621 4839/552/3622 4837/553/3623
f 4839/552/3622 4838/551/3621 4840/554/3624
f 4843/555/3625 4842/556/3626 4841/557/3627
f 4842/556/3626 4843/555/3625 4844/558/3628
f 4845/559/3629 4846/560/3630 4847/561/3631
f 4848/547/3632 4849/539/3633 4850/562/3634
f 4849/539/3633 4851/541/3635 4850/562/3634
f 4852/563/3636 4853/562/3637 4851/541/3638
f 4853/562/3637 4852/563/3636 4854/564/3639
f 4855/563/3640 4856/565/3641 4854/564/3642
f 4857/566/3643 4858/545/3644 4859/544/3645
f 4859/544/3645 4860/550/3646 4857/566/3643
f 4857/566/3643 4861/559/3647 4858/545/3644
f 4861/559/3647 4857/566/3643 4862/560/3648
f 4863/567/3649 4864/568/3650 4865/569/3651
f 4864/568/3650 4863/567/3649 4866/570/3652
f 4867/568/3653 4868/571/3654 4869/572/3655
f 4868/571/3654 4867/568/3653 4870/570/3656
f 4872/572/3657 4874/571/3658 4873/573/3659
f 4875/573/3660 4876/574/3661 4871/575/3662
f 4876/574/3661 4875/573/3660 4877/576/3663
f 4878/574/3664 4877/576/3665 4879/577/3666
f 4880/569/3667 4882/578/3668 4883/567/3669
f 4884/579/3670 4885/578/3671 4881/580/3672
f 4885/578/3671 4884/579/3670 4886/581/3673
f 4887/579/3674 4888/582/3675 4886/581/3676
f 4889/583/3677 4890/584/3678 4891/555/3679
f 4890/584/3678 4889/583/3677 4892/585/3680
f 4893/584/3681 4894/586/3682 4895/552/3683
f 4894/586/3682 4893/584/3681 4896/585/3684
f 4898/587/3685 4897/588/3686 4899/589/3687
f 4901/588/3688 4900/590/3689 4902/589/3690
f 4903/591/3691 4904/592/3692 4905/593/3693
f 4906/594/3694 4907/553/3695 4908/552/3696
f 4909/595/3697 4907/553/3695 4906/594/3694
f 4910/583/3698 4911/555/3699 4912/596/3700
f 4911/555/3699 4913/557/3701 4912/596/3700
f 4912/596/3700 4913/557/3701 4914/597/3702
f 4915/598/3703 4916/599/3704 4917/600/3705
f 4918/601/3706 4919/602/3707 4920/603/3708
f 4922/604/3709 4923/605/3710 4921/606/3711
f 4923/605/3710 4922/604/3709 4924/607/3712
f 4925/605/3713 4924/607/3714 4926/608/3715
f 4928/601/3716 4929/609/3717 4927/610/3718
f 4929/609/3717 4928/601/3716 4930/603/3719
f 4931/600/3720 4932/599/3721 4933/611/3722
f 4934/592/3723 4935/612/3724 4936/593/3725
f 4937/613/3726 4938/614/3727 4939/615/3728
f 4937/613/3726 4939/615/3728 4940/616/3729
f 4941/617/3730 4942/618/3731 4943/619/3732
f 4942/618/3731 4944/620/3733 4943/619/3732
f 4945/621/3734 4946/620/3735 4942/618/3736
f 4946/620/3735 4945/621/3734 4947/622/3737
f 4948/616/3738 4949/621/3739 4950/613/3740
f 4949/621/3739 4948/616/3738 4951/622/3741
f 4952/623/3742 4953/624/3743 4954/625/3744
f 4953/624/3743 4952/623/3742 4955/626/3745
f 4956/627/3746 4957/628/3747 4958/629/3748
f 4959/630/3749 4960/627/3750 4961/629/3751
f 4960/627/3750 4959/630/3749 4962/631/3752
f 4964/625/3753 4963/628/3754 4965/623/3755
f 4967/632/3756 4966/633/3757 4968/634/3758
f 4970/635/3759 4969/636/3760 4971/637/3761
f 4972/638/3762 4973/639/3763 4974/640/3764
f 4975/641/3765 4976/642/3766 4977/643/3767
f 4984/644/3768 4985/642/3769 4986/641/3770
f 4987/645/3771 4988/638/3772 4989/640/3773
f 4994/646/3774 4995/647/3775 4996/632/3776
f 4997/648/3777 4998/649/3778 4999/636/3779
f 5000/650/3780 5001/625/3781 5002/651/3782
f 5003/629/3783 5004/650/3784 5005/652/3785
f 5006/653/3786 5007/651/3787 5008/624/3788
f 5007/651/3787 5009/625/3789 5008/624/3788
f 5010/652/3790 5011/654/3791 5012/630/3792
f 5010/652/3790 5012/630/3792 5013/629/3793
f 5014/655/3794 5015/656/3795 5016/657/3796
f 5017/658/3797 5014/655/3794 5016/657/3796
f 5019/659/3798 5020/660/3799 5018/661/3800
f 5018/661/3800 5020/660/3799 5021/662/3801
f 5022/662/3802 5023/660/3803 5024/663/3804
f 5025/664/3805 5026/665/3806 5027/666/3807
f 5027/666/3807 5026/665/3806 5028/667/3808
f 5029/667/3809 5030/665/3810 5031/668/3811
f 5033/669/3812 5034/670/3813 5032/671/3814
f 5032/671/3814 5034/670/3813 5035/672/3815
f 5036/672/3816 5037/670/3817 5038/673/3818
f 5039/674/3819 5040/675/3820 5041/676/3821
f 5041/676/3821 5040/675/3820 5042/677/3822
f 5043/678/3823 5044/679/3824 5045/667/3825
f 5046/677/3826 5047/675/3827 5048/680/3828
f 5049/679/3829 5050/668/3830 5051/667/3831
f 5053/658/3832 5052/655/3833 5054/681/3834
f 5055/675/3835 5056/682/3836 5057/680/3837
f 5058/683/3838 5059/675/3839 5060/674/3840
f 5059/675/3839 5058/683/3838 5061/682/3841
f 5062/657/3842 5063/684/3843 5064/685/3844
f 5063/684/3843 5062/657/3842 5065/656/3845
f 5066/670/3846 5067/686/3847 5068/673/3848
f 5069/687/3849 5070/670/3850 5071/669/3851
f 5070/670/3850 5069/687/3849 5072/686/3852
f 5073/665/3853 5074/688/3854 5075/668/3855
f 5076/660/3856 5077/689/3857 5078/663/3858
f 5079/690/3859 5080/665/3860 5081/664/3861
f 5080/665/3860 5079/690/3859 5082/688/3862
f 5083/691/3863 5084/660/3864 5085/659/3865
f 5084/660/3864 5083/691/3863 5086/689/3866
f 5087/688/3867 5088/668/3868 5089/679/3869
f 5092/688/3870 5091/679/3871 5090/692/3872
f 5094/681/3873 5095/685/3874 5093/693/3875
f 5095/685/3874 5094/681/3873 5096/684/3876
f 5102/694/3877 5101/695/3878 5103/696/3879
f 5105/697/3880 5104/698/3881 5106/699/3882
f 5108/700/3883 5107/701/3884 5109/702/3885
f 5109/702/3885 5110/703/3886 5108/700/3883
f 5112/704/3887 5111/705/3888 5113/706/3889
f 5114/707/3890 5115/708/3891 5116/709/3892
f 5116/709/3892 5115/708/3891 5117/710/3893
f 5117/710/3894 5118/711/3895 5119/709/3896
f 5120/705/3897 5121/712/3898 5122/706/3899
f 5123/713/3900 5124/714/3901 5125/715/3902
f 5124/714/3901 5123/713/3900 5126/716/3903
f 5127/717/3904 5128/718/3905 5129/719/3906
f 5129/719/3906 5128/718/3905 5130/720/3907
f 5131/703/3908 5132/702/3909 5133/721/3910
f 5134/719/3911 5135/722/3912 5136/723/3913
f 5136/723/3913 5135/722/3912 5137/724/3914
f 5138/722/3915 5139/725/3916 5140/724/3917
f 5138/722/3915 5141/714/3918 5139/725/3916
f 5142/726/3919 5143/719/3920 5144/723/3921
f 5143/719/3920 5142/726/3919 5145/717/3922
f 5146/716/3923 5147/727/3924 5148/714/3925
f 5149/728/3926 5150/729/3927 5151/730/3928
f 5151/730/3928 5150/729/3927 5152/731/3929
f 5153/732/3930 5154/733/3931 5155/734/3932
f 5154/733/3931 5153/732/3930 5156/735/3933
f 5158/736/3934 5157/717/3935 5159/726/3936
f 5161/716/3937 5160/737/3938 5162/727/3939
f 5163/738/3940 5164/739/3941 5165/740/3942
f 5164/739/3941 5163/738/3940 5166/741/3943
f 5167/739/3944 5168/742/3945 5165/740/3946
f 5170/742/3947 5169/743/3948 5171/744/3949
f 5171/744/3949 5172/745/3950 5170/742/3947
f 5173/746/3951 5174/747/3952 5175/748/3953
f 5176/749/3954 5177/746/3955 5178/750/3956
f 5178/750/3956 5177/746/3955 5179/751/3957
f 5180/747/3958 5181/741/3959 5182/748/3960
f 5182/748/3960 5181/741/3959 5183/738/3961
f 5184/751/3962 5185/752/3963 5186/750/3964
f 5187/745/3965 5188/744/3966 5189/753/3967
f 5190/730/3968 5191/754/3969 5192/755/3970
f 5192/755/3970 5191/754/3969 5193/549/3971
f 5194/754/3972 5195/756/3973 5196/549/3974
f 5195/756/3973 5194/754/3972 5197/733/3975
f 5198/757/3976 5199/730/3977 5200/755/3978
f 5199/730/3977 5198/757/3976 5201/728/3979
f 5201/728/3980 5202/757/3981 5203/758/3982
f 5203/758/3982 5202/757/3981 5204/759/3983
f 5205/733/3984 5206/760/3985 5207/756/3986
f 5206/760/3985 5205/733/3984 5208/735/3987
f 5206/760/3985 5208/735/3987 5209/761/3988
f 5209/761/3988 5210/762/3989 5206/760/3985
f 5210/762/3990 5211/761/3991 5212/763/3992
f 5213/764/3993 5214/765/3994 5215/766/3995
f 5216/767/3996 5217/768/3997 5218/769/3998
f 5219/759/3999 5220/770/4000 5221/758/4001
f 5222/771/4002 5223/772/4003 5224/773/4004
f 5223/772/4003 5222/771/4002 5225/774/4005
f 5226/775/4006 5227/776/4007 5228/777/4008
f 5227/776/4007 5226/775/4006 5229/778/4009
f 5230/775/4010 5231/779/4011 5232/778/4012
f 5232/778/4012 5231/779/4011 5233/780/4013
f 5234/779/4014 5235/773/4015 5236/780/4016
f 5235/773/4015 5234/779/4014 5237/771/4017
f 5238/781/4018 5239/782/4019 5240/783/4020
f 5240/783/4020 5239/782/4019 5241/784/4021
f 5242/782/4022 5243/785/4023 5244/784/4024
f 5243/785/4023 5242/782/4022 5245/786/4025
f 5246/787/4026 5247/788/4027 5248/789/4028
f 5247/788/4027 5246/787/4026 5249/790/4029
f 5250/791/4030 5251/792/4031 5252/793/4032
f 5251/792/4031 5250/791/4030 5253/794/4033
f 5254/787/4034 5255/795/4035 5256/790/4036
f 5256/790/4036 5255/795/4035 5257/796/4037
f 5258/795/4038 5259/793/4039 5260/796/4040
f 5259/793/4039 5258/795/4038 5261/791/4041
f 5262/797/4042 5263/798/4043 5264/799/4044
f 5264/799/4044 5263/798/4043 5265/800/4045
f 5266/798/4046 5267/801/4047 5268/800/4048
f 5267/801/4047 5266/798/4046 5269/802/4049
f 5270/803/4050 5271/804/4051 5272/805/4052
f 5271/804/4051 5270/803/4050 5273/806/4053
f 5274/804/4054 5275/807/4055 5276/808/4056
f 5275/807/4055 5274/804/4054 5277/806/4057
f 5279/809/4058 5280/805/4059 5278/810/4060
f 5280/805/4059 5279/809/4058 5281/803/4061
f 5282/811/4062 5283/808/4063 5284/812/4064
f 5285/807/4065 5284/812/4064 5283/808/4063
f 5286/813/4066 5287/798/4067 5288/797/4068
f 5287/798/4067 5286/813/4066 5289/814/4069
f 5290/798/4070 5291/815/4071 5292/802/4072
f 5291/815/4071 5290/798/4070 5293/814/4073
f 5294/795/4074 5295/816/4075 5296/791/4076
f 5295/816/4075 5294/795/4074 5297/817/4077
f 5298/818/4078 5299/795/4079 5300/787/4080
f 5299/795/4079 5298/818/4078 5301/817/4081
f 5302/819/4082 5304/787/4083 5303/789/4084
f 5304/787/4083 5302/819/4082 5305/818/4085
f 5307/794/4086 5308/791/4087 5306/820/4088
f 5309/816/4089 5306/820/4088 5308/791/4087
f 5310/821/4090 5311/782/4091 5312/781/4092
f 5311/782/4091 5310/821/4090 5313/822/4093
f 5314/782/4094 5315/823/4095 5316/786/4096
f 5315/823/4095 5314/782/4094 5317/822/4097
f 5318/824/4098 5320/775/4099 5319/777/4100
f 5320/775/4099 5318/824/4098 5321/825/4101
f 5323/774/4102 5324/771/4103 5322/826/4104
f 5325/827/4105 5322/826/4104 5324/771/4103
f 5326/825/4106 5327/779/4107 5328/775/4108
f 5327/779/4107 5326/825/4106 5329/828/4109
f 5330/779/4110 5331/827/4111 5332/771/4112
f 5331/827/4111 5330/779/4110 5333/828/4113
f 5336/829/4114 5335/830/4115 5334/831/4116
f 5334/831/4116 5337/832/4117 5336/829/4114
f 5340/833/4118 5339/834/4119 5338/835/4120
f 5340/833/4118 5338/835/4120 5341/836/4121
f 5342/836/4122 5343/837/4123 5344/833/4124
f 5345/838/4125 5346/839/4126 5347/840/4127
f 5345/838/4125 5348/841/4128 5346/839/4126
f 5349/840/4129 5350/842/4130 5351/838/4131
f 5354/843/4132 5353/844/4133 5352/845/4134
f 5354/843/4132 5352/845/4134 5355/846/4132
f 5356/846/4135 5357/847/4136 5358/843/4137
f 5359/848/4138 5360/849/4139 5361/850/4140
f 5359/848/4138 5362/851/4141 5360/849/4139
f 5363/852/4142 5364/853/4143 5365/840/4144
f 5366/850/4145 5367/854/4146 5368/848/4147
f 5369/852/4148 5370/840/4149 5371/842/4150
f 5373/855/4151 5372/831/4152 5374/832/4153
f 5375/848/4154 5376/854/4155 5377/856/4156
f 5378/848/4157 5379/857/4158 5380/851/4159
f 5379/857/4158 5378/848/4157 5381/856/4160
f 5382/858/4161 5383/829/4162 5384/859/4163
f 5383/829/4162 5382/858/4161 5385/830/4164
f 5386/843/4165 5387/847/4166 5388/860/4167
f 5389/843/4168 5390/861/4169 5391/844/4170
f 5390/861/4169 5389/843/4168 5392/860/4171
f 5393/838/4172 5394/842/4173 5395/862/4174
f 5396/833/4175 5397/837/4176 5398/863/4177
f 5399/838/4178 5400/864/4179 5401/841/4180
f 5400/864/4179 5399/838/4178 5402/862/4181
f 5403/833/4182 5404/865/4183 5405/834/4184
f 5404/865/4183 5403/833/4182 5406/863/4185
f 5407/862/4186 5408/852/4187 5409/842/4188
f 5410/866/4189 5411/852/4190 5412/862/4191
f 5414/859/4192 5415/855/4193 5413/867/4194
f 5415/855/4193 5414/859/4192 5416/858/4195
f 5418/463/4196 5417/464/4197 5419/465/4198
f 5421/466/4199 5422/467/4200 5420/468/4201
f 5423/469/4202 5424/470/4203 5425/471/4204
f 5426/472/4205 5427/473/4206 5428/474/4207
f 5429/475/4208 5430/472/4209 5431/474/4210
f 5430/472/4209 5429/475/4208 5432/476/4208
f 5433/471/4211 5434/475/4208 5435/469/4212
f 5434/475/4208 5433/471/4211 5436/476/4208
f 5438/477/4213 5437/478/4214 5439/479/4215
f 5440/480/4216 5441/481/4217 5442/482/4218
f 5443/479/4219 5444/478/4220 5445/483/4221
f 5446/480/4222 5447/484/4223 5448/481/4224
f 5449/482/4225 5450/485/4226 5451/480/4227
f 5453/486/4228 5454/477/4229 5452/479/4230
f 5455/487/4231 5456/488/4232 5457/489/4233
f 5456/488/4232 5455/487/4231 5458/490/4234
f 5459/491/4235 5460/487/4236 5461/492/4237
f 5461/492/4237 5460/487/4236 5462/489/4238
f 5463/493/4239 5464/484/4240 5465/480/4241
f 5466/494/4242 5467/479/4243 5468/483/4244
f 5469/477/4245 5470/486/4246 5471/490/4247
f 5472/491/4248 5473/492/4249 5474/482/4250
f 5476/495/4251 5475/496/4252 5477/497/4253
f 5479/498/4254 5478/497/4255 5480/499/4256
f 5481/496/4257 5482/499/4258 5483/497/4259
f 5484/500/4260 5485/501/4261 5486/502/4262
f 5488/503/4263 5487/504/4264 5489/505/4265
f 5490/506/4266 5491/502/4267 5492/507/4266
f 5491/502/4267 5490/506/4266 5493/500/4268
f 5494/505/4269 5495/506/4266 5496/503/4270
f 5496/503/4270 5495/506/4266 5497/507/4266
f 5498/473/4271 5500/508/4272 5499/472/4273
f 5501/464/4274 5502/509/4275 5500/508/4276
f 5505/510/4277 5504/470/4278 5503/471/4279
f 5507/511/4280 5506/468/4281 5505/510/4282
f 5510/509/4283 5509/512/4284 5508/508/4285
f 5511/513/4286 5512/511/4287 5513/510/4228
f 5514/514/4288 5515/515/4289 5516/516/4288
f 5515/515/4289 5514/514/4288 5517/517/4290
f 5518/514/4288 5519/518/4291 5520/519/4292
f 5519/518/4291 5518/514/4288 5521/516/4288
f 5522/520/4293 5523/521/4294 5524/522/4295
f 5526/517/4296 5525/523/4297 5527/515/4298
f 5525/523/4297 5526/517/4296 5528/521/4299
f 5530/524/4300 5529/525/4301 5532/526/4302
f 5533/519/4303 5531/527/4304 5534/524/4305
f 5531/527/4304 5533/519/4303 5535/518/4306
f 5537/524/4307 5538/526/4308 5536/528/4309
f 5538/526/4310 5540/529/4311 5539/530/4312
f 5542/521/4313 5541/531/4314 5543/522/4315
f 5543/522/4316 5544/532/4317 5545/533/4318
f 5546/534/4319 5547/535/4320 5548/536/4321
f 5549/537/4322 5550/536/4323 5551/538/4324
f 5553/537/4325 5552/534/4326 5554/536/4327
f 5555/1612/4328 5556/1613/4329 5557/1614/4330
f 5555/1612/4328 5557/1614/4330 5558/1615/4331
f 5559/1616/4332 5560/1617/4333 5561/1618/4334
f 5561/1618/4334 5560/1617/4333 5562/1619/4335
f 5563/1620/4336 5564/1621/4337 5565/1622/4338
f 5563/1620/4336 5565/1622/4338 5566/1623/4339
f 5567/1624/4340 5568/1625/4341 5569/1626/4342
f 5569/1626/4342 5568/1625/4341 5570/1627/4343
f 5571/1628/4344 5572/1629/4345 5573/1630/4346
f 5574/1631/4347 5575/1618/4348 5576/1632/4349
f 5575/1618/4348 5574/1631/4347 5577/1633/4350
f 5578/1634/4351 5579/1635/4352 5580/1636/4353
f 5581/1631/4354 5582/1614/4355 5583/1633/4356
f 5582/1614/4355 5581/1631/4354 5584/1637/4357
f 5585/1619/4358 5586/1638/4359 5587/1632/4360
f 5587/1632/4360 5588/1618/4361 5585/1619/4358
f 5585/1619/4358 5589/1639/4362 5586/1638/4359
f 5589/1639/4362 5585/1619/4358 5590/1640/4363
f 5589/1639/4362 5590/1640/4363 5591/1641/4364
f 5592/1614/4365 5593/1637/4366 5594/1615/4367
f 5594/1615/4367 5593/1637/4366 5595/1642/4368
f 5596/1643/4369 5594/1615/4367 5595/1642/4368
f 5594/1615/4367 5596/1643/4369 5597/1644/4370
f 5596/1643/4369 5598/1645/4371 5597/1644/4370
f 5599/1646/4372 5600/1647/4373 5601/1648/4374
f 5599/1646/4372 5601/1648/4374 5602/1649/4375
f 5603/1650/4376 5604/1651/4377 5605/1652/4378
f 5605/1652/4378 5604/1651/4377 5606/1653/4379
f 5607/1654/4380 5608/1655/4381 5609/1656/4382
f 5607/1654/4380 5609/1656/4382 5610/1657/4383
f 5611/1658/4384 5612/1659/4385 5613/1660/4386
f 5613/1660/4386 5612/1659/4385 5614/1661/4387
f 5615/1662/4388 5616/1626/4389 5617/1627/4390
f 5615/1662/4388 5617/1627/4390 5618/1663/4391
f 5619/1622/4392 5620/1664/4393 5621/1623/4394
f 5621/1623/4394 5620/1664/4393 5622/1665/4395
f 5623/1627/4396 5624/1666/4397 5625/1663/4398
f 5625/1663/4398 5624/1666/4397 5626/1667/4399
f 5626/1667/4400 5627/1666/4401 5628/1668/4402
f 5629/1669/4403 5630/1665/4404 5631/1670/4405
f 5630/1665/4404 5629/1669/4403 5632/1623/4406
f 5631/1670/4407 5633/1671/4408 5634/1669/4409
f 5635/1672/4410 5636/1622/4411 5637/1673/4412
f 5636/1622/4411 5635/1672/4410 5638/1664/4413
f 5639/1672/4414 5640/1626/4415 5641/1662/4416
f 5640/1626/4415 5639/1672/4414 5642/1673/4417
f 5643/1674/4418 5644/1675/4419 5645/1676/4420
f 5644/1675/4419 5643/1674/4418 5646/1677/4421
f 5647/1674/4422 5648/1678/4423 5649/1677/4424
f 5648/1678/4423 5647/1674/4422 5650/1679/4425
f 5652/1676/4426 5653/1675/4427 5651/1680/4428
f 5654/1678/4429 5655/1679/4430 5656/1681/4431
f 5657/1682/4432 5658/1634/4433 5659/1636/4434
f 5660/1683/4435 5661/1629/4436 5662/1628/4437
f 5663/1684/4438 5664/1685/4439 5665/1686/4440
f 5666/1687/4441 5667/1688/4442 5668/1689/4443
f 5669/1690/4444 5670/1648/4445 5671/1691/4446
f 5670/1648/4445 5669/1690/4444 5672/1692/4447
f 5673/1690/4448 5674/1652/4449 5675/1693/4450
f 5674/1652/4449 5673/1690/4448 5676/1691/4451
f 5677/1653/4452 5678/1694/4453 5679/1693/4454
f 5679/1693/4454 5680/1652/4455 5677/1653/4452
f 5677/1653/4452 5681/1682/4456 5678/1694/4453
f 5681/1682/4456 5677/1653/4452 5682/1634/4457
f 5683/1648/4458 5684/1692/4459 5685/1649/4460
f 5685/1649/4460 5684/1692/4459 5686/1695/4461
f 5687/1683/4462 5685/1649/4460 5686/1695/4461
f 5685/1649/4460 5687/1683/4462 5688/1628/4463
f 5689/1696/4464 5690/1660/4465 5691/1697/4466
f 5690/1660/4465 5689/1696/4464 5692/1698/4467
f 5693/1696/4468 5694/1656/4469 5695/1698/4470
f 5694/1656/4469 5693/1696/4468 5696/1699/4471
f 5697/1697/4472 5698/1660/4473 5699/1661/4474
f 5697/1697/4472 5699/1661/4474 5700/1700/4475
f 5699/1661/4474 5701/1684/4476 5700/1700/4475
f 5701/1684/4476 5699/1661/4474 5702/1685/4477
f 5703/1656/4478 5704/1699/4479 5705/1657/4480
f 5705/1657/4480 5704/1699/4479 5706/1701/4481
f 5707/1687/4482 5705/1657/4480 5706/1701/4481
f 5705/1657/4480 5707/1687/4482 5708/1689/4483
f 5709/1702/4484 5710/1703/4485 5711/1704/4486
f 5712/1705/4487 5713/1706/4488 5714/1702/4489
f 5715/1707/4490 5716/1708/4491 5717/1709/4492
f 5716/1708/4491 5715/1707/4490 5718/1710/4493
f 5719/1711/4494 5720/1712/4495 5721/1713/4496
f 5720/1712/4495 5719/1711/4494 5722/1714/4497
f 5723/1715/4498 5724/1716/4499 5725/1717/4500
f 5726/1718/4501 5727/1715/4502 5728/1719/4503
f 5727/1715/4502 5726/1718/4501 5729/1716/4504
f 5730/1720/4505 5731/1721/4506 5732/1716/4507
f 5731/1721/4506 5730/1720/4505 5733/1722/4508
f 5734/1712/4509 5735/1723/4510 5736/1713/4511
f 5737/1724/4512 5738/1725/4513 5739/1726/4514
f 5738/1725/4513 5737/1724/4512 5740/1727/4515
f 5741/1716/4516 5742/1728/4517 5743/1718/4518
f 5742/1728/4517 5741/1716/4516 5744/1721/4519
f 5745/1718/4520 5746/1719/4521 5747/1729/4522
f 5748/1728/4523 5749/1729/4524 5750/1718/4525
f 5751/1730/4526 5752/1731/4527 5753/1732/4528
f 5752/1731/4527 5751/1730/4526 5754/1733/4529
f 5755/1725/4530 5756/1734/4531 5757/1726/4532
f 5758/1731/4533 5759/1735/4534 5760/1732/4535
f 5761/1736/4536 5762/1735/4537 5763/1731/4538
f 5764/1737/4539 5765/1734/4540 5766/1725/4541
f 5767/1733/4542 5768/1738/4543 5769/1731/4544
f 5768/1738/4543 5770/1736/4545 5769/1731/4544
f 5771/1721/4546 5772/1739/4547 5773/1728/4548
f 5772/1739/4547 5774/1740/4549 5773/1728/4548
f 5774/1740/4550 5775/1729/4551 5776/1728/4552
f 5777/1727/4553 5778/1741/4554 5779/1725/4555
f 5778/1741/4554 5780/1737/4556 5779/1725/4555
f 5781/1739/4557 5782/1721/4558 5783/1742/4559
f 5784/1722/4560 5783/1742/4559 5782/1721/4558
f 5785/1743/4561 5786/1723/4562 5787/1712/4563
f 5788/1719/4564 5789/1740/4565 5790/1729/4566
f 5791/1714/4567 5792/1744/4568 5793/1712/4569
f 5792/1744/4568 5794/1743/4570 5793/1712/4569
f 5795/1710/4571 5796/1745/4572 5797/1708/4573
f 5796/1745/4572 5798/1746/4574 5797/1708/4573
f 5799/1715/4575 5800/1739/4576 5801/1740/4577
f 5799/1715/4575 5801/1740/4577 5802/1719/4578
f 5803/1739/4579 5804/1715/4580 5805/1717/4581
f 5806/1747/4582 5807/1699/4583 5808/1701/4584
f 5807/1699/4583 5806/1747/4582 5809/1748/4585
f 5810/1687/4586 5806/1747/4582 5808/1701/4584
f 5811/1749/4587 5806/1747/4582 5810/1687/4586
f 5812/1750/4588 5813/1697/4589 5814/1751/4590
f 5813/1697/4589 5812/1750/4588 5815/1700/4591
f 5812/1750/4588 5816/1684/4592 5815/1700/4591
f 5816/1684/4592 5812/1750/4588 5817/1752/4593
f 5818/1696/4594 5819/1753/4595 5820/1751/4596
f 5818/1696/4594 5820/1751/4596 5821/1697/4597
f 5822/1699/4598 5823/1748/4599 5824/1696/4600
f 5823/1748/4599 5825/1753/4601 5824/1696/4600
f 5826/1754/4602 5827/1692/4603 5828/1695/4604
f 5827/1692/4603 5826/1754/4602 5829/1755/4605
f 5830/1683/4606 5826/1754/4602 5828/1695/4604
f 5831/1756/4607 5826/1754/4602 5830/1683/4606
f 5832/1757/4608 5833/1693/4609 5834/1758/4610
f 5833/1693/4609 5832/1757/4608 5835/1694/4611
f 5832/1757/4608 5836/1682/4612 5835/1694/4611
f 5836/1682/4612 5832/1757/4608 5837/1759/4613
f 5838/1690/4614 5839/1760/4615 5840/1758/4616
f 5841/1755/4617 5843/1760/4618 5842/1690/4619
f 5844/1749/4620 5845/1687/4621 5846/1688/4622
f 5847/1752/4623 5848/1686/4624 5849/1684/4625
f 5852/1758/4626 5851/1651/4627 5850/1757/4628
f 5851/1651/4627 5852/1758/4626 5853/1650/4629
f 5855/1646/4630 5856/1755/4631 5854/1754/4632
f 5856/1755/4631 5855/1646/4630 5857/1647/4633
f 5858/1674/4634 5859/1677/4635 5860/1675/4636
f 5858/1674/4634 5860/1675/4636 5861/1676/4637
f 5862/1679/4638 5863/1678/4639 5864/1674/4640
f 5863/1678/4639 5865/1677/4641 5864/1674/4640
f 5868/1751/4642 5867/1659/4643 5866/1750/4644
f 5867/1659/4643 5868/1751/4642 5869/1658/4645
f 5871/1654/4646 5872/1748/4647 5870/1747/4648
f 5872/1748/4647 5871/1654/4646 5873/1655/4649
f 5876/1678/4650 5875/1679/4651 5874/1681/4652
f 5879/1675/4653 5877/1680/4654 5878/1676/4655
f 5880/1756/4656 5881/1683/4657 5882/1629/4658
f 5883/1759/4659 5884/1636/4660 5885/1682/4661
f 5886/1635/4662 5887/1636/4663 5888/1759/4664
f 5889/1630/4665 5890/1756/4666 5891/1629/4667
f 5892/1672/4668 5893/1673/4669 5894/1626/4670
f 5892/1672/4668 5894/1626/4670 5895/1662/4671
f 5896/1664/4672 5897/1622/4673 5898/1672/4674
f 5897/1622/4673 5899/1673/4675 5898/1672/4674
f 5900/1623/4676 5901/1664/4677 5902/1761/4678
f 5901/1664/4677 5900/1623/4676 5903/1622/4679
f 5904/1627/4680 5905/1662/4681 5906/1626/4682
f 5905/1662/4681 5904/1627/4680 5907/1762/4683
f 5908/1761/4684 5909/1669/4685 5910/1623/4686
f 5909/1669/4685 5908/1761/4684 5911/1670/4687
f 5912/1762/4688 5913/1666/4689 5914/1667/4690
f 5913/1666/4689 5912/1762/4688 5915/1627/4691
f 5916/1615/4692 5917/1637/4693 5918/1642/4694
f 5917/1637/4693 5916/1615/4692 5919/1763/4695
f 5920/1643/4696 5916/1615/4692 5918/1642/4694
f 5921/1644/4697 5916/1615/4692 5920/1643/4696
f 5922/1619/4698 5923/1632/4699 5924/1764/4700
f 5923/1632/4699 5922/1619/4698 5925/1638/4701
f 5922/1619/4698 5926/1639/4702 5925/1638/4701
f 5926/1639/4702 5922/1619/4698 5927/1640/4703
f 5928/1631/4704 5929/1633/4705 5930/1764/4706
f 5928/1631/4704 5930/1764/4706 5931/1632/4707
f 5932/1637/4708 5933/1763/4709 5934/1631/4710
f 5933/1763/4709 5935/1633/4711 5934/1631/4710
f 5936/1625/4712 5937/1626/4713 5938/1624/4714
f 5937/1626/4713 5936/1625/4712 5939/1627/4715
f 5940/1620/4716 5941/1622/4717 5942/1623/4718
f 5941/1622/4717 5940/1620/4716 5943/1621/4719
f 5944/1669/4720 5945/1670/4721 5946/1671/4722
f 5947/1666/4723 5948/1668/4724 5949/1667/4725
f 5950/1617/4726 5951/1764/4727 5952/1616/4728
f 5951/1764/4727 5950/1617/4726 5953/1619/4729
f 5954/1612/4730 5955/1763/4731 5956/1615/4732
f 5955/1763/4731 5954/1612/4730 5957/1613/4733
f 5958/1644/4734 5959/1643/4735 5960/1645/4736
f 5961/1640/4737 5962/1641/4738 5963/1639/4739
f 5964/1765/4740 5965/1766/4741 5966/1767/4742
f 5965/1766/4741 5964/1765/4740 5967/1768/4743
f 5968/1769/4744 5969/1765/4745 5970/1767/4746
f 5969/1765/4745 5968/1769/4744 5971/1770/4747
f 5972/1771/4748 5973/1772/4749 5974/1773/4750
f 5973/1772/4749 5972/1771/4748 5975/1774/4751
f 5976/1775/4752 5977/1771/4753 5978/1773/4754
f 5977/1771/4753 5976/1775/4752 5979/1776/4755
f 5980/1777/4756 5981/1778/4757 5982/1779/4758
f 5981/1778/4757 5980/1777/4756 5983/1780/4759
f 5984/1781/4760 5985/1777/4761 5986/1779/4762
f 5985/1777/4761 5984/1781/4760 5987/1782/4763
f 5988/1783/4764 5989/1784/4765 5990/1785/4766
f 5989/1784/4765 5988/1783/4764 5991/1786/4767
f 5992/1787/4768 5993/1783/4769 5994/1785/4770
f 5993/1783/4769 5992/1787/4768 5995/1788/4771
f 5996/1789/4772 5997/1790/4773 5998/1791/4774
f 5997/1790/4773 5996/1789/4772 5999/1792/4775
f 6000/1793/4776 6001/1789/4777 6002/1791/4778
f 6001/1789/4777 6000/1793/4776 6003/1794/4779
f 6004/1789/4780 6005/1795/4781 6006/1796/4782
f 6004/1789/4780 6006/1796/4782 6007/1792/4783
f 6008/1794/4784 6009/1797/4785 6010/1789/4786
f 6009/1797/4785 6011/1795/4787 6010/1789/4786
f 6012/1783/4788 6013/1798/4789 6014/1799/4790
f 6012/1783/4788 6014/1799/4790 6015/1786/4791
f 6016/1788/4792 6017/1800/4793 6018/1783/4794
f 6017/1800/4793 6019/1798/4795 6018/1783/4794
f 6020/1777/4796 6021/1801/4797 6022/1802/4798
f 6020/1777/4796 6022/1802/4798 6023/1780/4799
f 6024/1782/4800 6025/1803/4801 6026/1777/4802
f 6025/1803/4801 6027/1801/4803 6026/1777/4802
f 6028/1771/4804 6029/1804/4805 6030/1805/4806
f 6028/1771/4804 6030/1805/4806 6031/1774/4807
f 6032/1776/4808 6033/1806/4809 6034/1771/4810
f 6033/1806/4809 6035/1804/4811 6034/1771/4810
f 6036/1765/4812 6037/1807/4813 6038/1808/4814
f 6036/1765/4812 6038/1808/4814 6039/1768/4815
f 6040/1770/4816 6041/1809/4817 6042/1765/4818
f 6041/1809/4817 6043/1807/4819 6042/1765/4818
f 6044/1810/4820 6045/1811/4821 6046/1812/4822
f 6045/1811/4821 6044/1810/4820 6047/1813/4823
f 6048/1814/4824 6049/1815/4825 6050/1816/4826
f 6049/1815/4825 6048/1814/4824 6051/1817/4827
f 6052/1818/4828 6053/1819/4829 6054/1820/4830
f 6055/1821/4831 6056/1819/4832 6057/1818/4833
f 6056/1819/4832 6055/1821/4831 6058/1822/4834
f 6059/1823/4835 6060/1824/4836 6061/1818/4837
f 6060/1824/4836 6059/1823/4835 6062/1825/4838
f 6063/1814/4839 6064/1816/4840 6065/1826/4841
f 6066/1827/4842 6067/1828/4843 6068/1829/4844
f 6067/1828/4843 6066/1827/4842 6069/1830/4845
f 6070/1831/4846 6071/1818/4847 6072/1821/4848
f 6071/1818/4847 6070/1831/4846 6073/1823/4849
f 6074/1821/4850 6075/1832/4851 6076/1822/4852
f 6077/1831/4853 6078/1821/4854 6079/1832/4855
f 6080/1833/4856 6081/1834/4857 6082/1835/4858
f 6081/1834/4857 6080/1833/4856 6083/1836/4859
f 6084/1827/4860 6085/1829/4861 6086/1837/4862
f 6087/1833/4863 6088/1835/4864 6089/1838/4865
f 6090/1839/4866 6091/1833/4867 6092/1838/4868
f 6093/1840/4869 6094/1827/4870 6095/1837/4871
f 6098/1833/4872 6097/1841/4873 6096/1836/4874
f 6098/1833/4872 6099/1839/4875 6097/1841/4873
f 6100/1831/4876 6101/1842/4877 6102/1823/4878
f 6100/1831/4876 6103/1843/4879 6101/1842/4877
f 6103/1843/4880 6104/1831/4881 6105/1832/4882
f 6106/1827/4883 6107/1844/4884 6108/1830/4885
f 6106/1827/4883 6109/1840/4886 6107/1844/4884
f 6110/1823/4887 6111/1845/4888 6112/1825/4889
f 6111/1845/4888 6110/1823/4887 6113/1842/4890
f 6114/1846/4891 6115/1814/4892 6116/1826/4893
f 6117/1822/4894 6118/1832/4895 6119/1843/4896
f 6120/1814/4897 6121/1847/4898 6122/1817/4899
f 6120/1814/4897 6123/1846/4900 6121/1847/4898
f 6124/1810/4901 6125/1848/4902 6126/1813/4903
f 6124/1810/4901 6127/1849/4904 6125/1848/4902
f 6128/1843/4905 6129/1819/4906 6130/1822/4907
f 6128/1843/4905 6131/1842/4908 6129/1819/4906
f 6134/1819/4909 6133/1842/4910 6132/1820/4911
l 1725 1726
l 1607 1608
l 1607 1609
l 1616 1617
l 1723 1724
l 1604 1605
l 1604 1606
l 1618 1619
l 2321 2322
l 2203 2204
l 2203 2205
l 2212 2213
l 2319 2320
l 2200 2201
l 2200 2202
l 2214 2215
l 2917 2918
l 2799 2800
l 2799 2801
l 2808 2809
l 2915 2916
l 2796 2797
l 2796 2798
l 2810 2811
l 5099 5100
l 4981 4982
l 4981 4983
l 4990 4991
l 5097 5098
l 4978 4979
l 4978 4980
l 4992 4993
l 4276 4277
l 4417 4418
l 4433 4434
l 4193 4194
l 4334 4335
l 4278 4279
l 4296 4297
l 4298 4299
l 4391 4392
l 4338 4339
l 4431 4432
l 4336 4337
l 4187 4188
l 4201 4202
