o caladbolg
v 0.16635115322963867 0.6955069859840727 -0.13090534443796092
v 0.14066528688450275 0.735981912869005 -0.10643243435706418
v 0.14792766740532007 0.6876870939980675 -0.10637649956060471
v 0.17947606161539853 0.7010456334231845 -0.14283695263819124
v 0.14066528688450275 0.735981912869005 -0.10643243435706418
v 0.16635115322963867 0.6955069859840727 -0.13090534443796092
v 0.14066528688450275 0.735981912869005 -0.10643243435706418
v 0.17947606161539853 0.7010456334231845 -0.14283695263819124
v 0.1653249589046633 0.7659054480274281 -0.14294571512829762
v 0.1653249589046633 0.7659054480274281 -0.14294571512829762
v 0.09773291646594623 0.8540078934277816 -0.1067624517399251
v 0.14066528688450275 0.735981912869005 -0.10643243435706418
v 0.1653249589046633 0.7659054480274281 -0.14294571512829762
v 0.09783063108069061 0.9143117575372581 -0.1434646707563291
v 0.09773291646594623 0.8540078934277816 -0.1067624517399251
v 0.03033629234985166 0.7659054480274281 -0.14398362638436057
v 0.09773291646594623 0.8540078934277816 -0.1067624517399251
v 0.09783063108069061 0.9143117575372581 -0.1434646707563291
v 0.09773291646594623 0.8540078934277816 -0.1067624517399251
v 0.03033629234985166 0.7659054480274281 -0.14398362638436057
v 0.054799439000465223 0.735981912869005 -0.10709246912278601
v 0.03033629234985166 0.7659054480274281 -0.14398362638436057
v 0.0004856470938252716 0.6290930735322579 -0.14421295928137218
v 0.054799439000465223 0.735981912869005 -0.10709246912278601
v 0.0004856470938252716 0.6290930735322579 -0.14421295928137218
v 0.01704851854715423 0.6332034003410534 -0.13087488927373112
v 0.054799439000465223 0.735981912869005 -0.10709246912278601
v 0.01704851854715423 0.6332034003410534 -0.13087488927373112
v 0.0004856470938252716 0.6290930735322579 -0.14421295928137218
v 0.009583387562877065 0.6301371606562879 -0.13666232437184958
v 0.028352349739060274 0.6378694172526532 -0.12211543393123242
v 0.054799439000465223 0.735981912869005 -0.10709246912278601
v 0.01704851854715423 0.6332034003410534 -0.13087488927373112
v 0.04081631566358108 0.642988777029623 -0.10719999062398962
v 0.054799439000465223 0.735981912869005 -0.10709246912278601
v 0.028352349739060274 0.6378694172526532 -0.12211543393123242
v 0.09773291646594623 0.8540078934277816 -0.1067624517399251
v 0.054799439000465223 0.735981912869005 -0.10709246912278601
v 0.14066528688450275 0.735981912869005 -0.10643243435706418
v 0.054799439000465223 0.735981912869005 -0.10709246912278601
v 0.14792766740532007 0.6876870939980675 -0.10637649956060471
v 0.14066528688450275 0.735981912869005 -0.10643243435706418
v 0.14792766740532007 0.6876870939980675 -0.10637649956060471
v 0.054799439000465223 0.735981912869005 -0.10709246912278601
v 0.04081631566358108 0.642988777029623 -0.10719999062398962
v 0.009583387562877065 0.6301371606562879 -0.13666232437184958
v 0.0004856470938252716 0.6290930735322579 -0.14421295928137218
v 0.0066226600945864834 0.6289753787499022 -0.14933911399431044
v 0.01443546652763615 0.6322469486066632 -0.15523841868534788
v 0.009583387562877065 0.6301371606562879 -0.13666232437184958
v 0.0066226600945864834 0.6289753787499022 -0.14933911399431044
v 0.01443546652763615 0.6322469486066632 -0.15523841868534788
v 0.01704851854715423 0.6332034003410534 -0.13087488927373112
v 0.009583387562877065 0.6301371606562879 -0.13666232437184958
v 0.028473118742343095 0.6381627460697896 -0.1658300644872452
v 0.01704851854715423 0.6332034003410534 -0.13087488927373112
v 0.01443546652763615 0.6322469486066632 -0.15523841868534788
v 0.01704851854715423 0.6332034003410534 -0.13087488927373112
v 0.028473118742343095 0.6381627460697896 -0.1658300644872452
v 0.028352349739060274 0.6378694172526532 -0.12211543393123242
v 0.028473118742343095 0.6381627460697896 -0.1658300644872452
v 0.04081631566358108 0.642988777029623 -0.10719999062398962
v 0.028352349739060274 0.6378694172526532 -0.12211543393123242
v 0.04081631566358108 0.642988777029623 -0.10719999062398962
v 0.028473118742343095 0.6381627460697896 -0.1658300644872452
v 0.04109042975292245 0.6435067793741882 -0.18060318535261705
v 0.04081631566358108 0.642988777029623 -0.10719999062398962
v 0.04109042975292245 0.6435067793741882 -0.18060318535261705
v 0.14792766740532007 0.6876870939980675 -0.10637649956060471
v 0.14805612847602653 0.6881330809395402 -0.1797809375934127
v 0.14792766740532007 0.6876870939980675 -0.10637649956060471
v 0.04109042975292245 0.6435067793741882 -0.18060318535261705
v 0.16641299516128288 0.6956597349222843 -0.1549438227376057
v 0.14792766740532007 0.6876870939980675 -0.10637649956060471
v 0.14805612847602653 0.6881330809395402 -0.1797809375934127
v 0.14792766740532007 0.6876870939980675 -0.10637649956060471
v 0.16641299516128288 0.6956597349222843 -0.1549438227376057
v 0.16635115322963867 0.6955069859840727 -0.13090534443796092
v 0.16635115322963867 0.6955069859840727 -0.13090534443796092
v 0.16641299516128288 0.6956597349222843 -0.1549438227376057
v 0.17947606161539853 0.7010456334231845 -0.14283695263819124
v 0.1653249589046633 0.7659054480274281 -0.14294571512829762
v 0.09792834569543499 0.8540078934277816 -0.18016626464772612
v 0.09783063108069061 0.9143117575372581 -0.1434646707563291
v 0.09792834569543499 0.8540078934277816 -0.18016626464772612
v 0.1653249589046633 0.7659054480274281 -0.14294571512829762
v 0.14086108694744404 0.735981912869005 -0.1798362449495874
v 0.1653249589046633 0.7659054480274281 -0.14294571512829762
v 0.17947606161539853 0.7010456334231845 -0.14283695263819124
v 0.14086108694744404 0.735981912869005 -0.1798362449495874
v 0.16641299516128288 0.6956597349222843 -0.1549438227376057
v 0.14086108694744404 0.735981912869005 -0.1798362449495874
v 0.17947606161539853 0.7010456334231845 -0.14283695263819124
v 0.14805612847602653 0.6881330809395402 -0.1797809375934127
v 0.14086108694744404 0.735981912869005 -0.1798362449495874
v 0.16641299516128288 0.6956597349222843 -0.1549438227376057
v 0.0004856470938252716 0.6290930735322579 -0.14421295928137218
v 0.01443546652763615 0.6322469486066632 -0.15523841868534788
v 0.0066226600945864834 0.6289753787499022 -0.14933911399431044
v 0.0004856470938252716 0.6290930735322579 -0.14421295928137218
v 0.054994868229953975 0.735981912869005 -0.18049690484031622
v 0.01443546652763615 0.6322469486066632 -0.15523841868534788
v 0.054994868229953975 0.735981912869005 -0.18049690484031622
v 0.028473118742343095 0.6381627460697896 -0.1658300644872452
v 0.01443546652763615 0.6322469486066632 -0.15523841868534788
v 0.028473118742343095 0.6381627460697896 -0.1658300644872452
v 0.054994868229953975 0.735981912869005 -0.18049690484031622
v 0.04109042975292245 0.6435067793741882 -0.18060318535261705
v 0.054994868229953975 0.735981912869005 -0.18049690484031622
v 0.0004856470938252716 0.6290930735322579 -0.14421295928137218
v 0.03033629234985166 0.7659054480274281 -0.14398362638436057
v 0.09792834569543499 0.8540078934277816 -0.18016626464772612
v 0.054994868229953975 0.735981912869005 -0.18049690484031622
v 0.03033629234985166 0.7659054480274281 -0.14398362638436057
v 0.03033629234985166 0.7659054480274281 -0.14398362638436057
v 0.09783063108069061 0.9143117575372581 -0.1434646707563291
v 0.09792834569543499 0.8540078934277816 -0.18016626464772612
v 0.14805612847602653 0.6881330809395402 -0.1797809375934127
v 0.054994868229953975 0.735981912869005 -0.18049690484031622
v 0.14086108694744404 0.735981912869005 -0.1798362449495874
v 0.054994868229953975 0.735981912869005 -0.18049690484031622
v 0.09792834569543499 0.8540078934277816 -0.18016626464772612
v 0.14086108694744404 0.735981912869005 -0.1798362449495874
v 0.054994868229953975 0.735981912869005 -0.18049690484031622
v 0.14805612847602653 0.6881330809395402 -0.1797809375934127
v 0.04109042975292245 0.6435067793741882 -0.18060318535261705
v 0.028508985972010122 0.6376484670941106 -0.16591956386602483
v 0.006993025233557152 0.6285598144566464 -0.1496883968037759
v 0.010176265043596464 0.6297867099116039 -0.1361309403325679
v 0.02838711537523593 0.6372790362494942 -0.12201288564675114
v 0.028508985972010122 0.6376484670941106 -0.16591956386602483
v 0.010176265043596464 0.6297867099116039 -0.1361309403325679
v 0.02838711537523593 0.6372790362494942 -0.12201288564675114
v 0.034093743220700606 0.6400215244689065 -0.17245714897254055
v 0.028508985972010122 0.6376484670941106 -0.16591956386602483
v 0.04076068791898347 0.6423297407367564 -0.10720061111844101
v 0.034093743220700606 0.6400215244689065 -0.17245714897254055
v 0.02838711537523593 0.6372790362494942 -0.12201288564675114
v 0.034093743220700606 0.6400215244689065 -0.17245714897254055
v 0.04076068791898347 0.6423297407367564 -0.10720061111844101
v 0.1480660100968501 0.6870627486055559 -0.10637587675087551
v 0.034093743220700606 0.6400215244689065 -0.17245714897254055
v 0.1480660100968501 0.6870627486055559 -0.10637587675087551
v 0.1568845059463229 0.6908218981586653 -0.11812041281984506
v 0.1568845059463229 0.6908218981586653 -0.11812041281984506
v 0.04105090326962815 0.6429620777502922 -0.18060380584706842
v 0.034093743220700606 0.6400215244689065 -0.17245714897254055
v 0.1568845059463229 0.6908218981586653 -0.11812041281984506
v 0.14819080646049618 0.6875350715708581 -0.1797803078378501
v 0.04105090326962815 0.6429620777502922 -0.18060380584706842
v 0.1568845059463229 0.6908218981586653 -0.11812041281984506
v 0.16646752949253882 0.6950084178088162 -0.15505507646662886
v 0.14819080646049618 0.6875350715708581 -0.1797803078378501
v 0.16646752949253882 0.6950084178088162 -0.15505507646662886
v 0.1568845059463229 0.6908218981586653 -0.11812041281984506
v 0.16640494589398952 0.6948522179433442 -0.13079284972003496
v 0.16646752949253882 0.6950084178088162 -0.15505507646662886
v 0.16640494589398952 0.6948522179433442 -0.13079284972003496
v 0.1796557631437531 0.70042864395457 -0.14283570701873285
v 0.18033683149994215 0.45282733743511716 -0.1428307384325661
v 0.18118955211719237 0.49109644069657143 -0.142823899101934
v 0.15745615662028006 0.4503629213017951 -0.11862818102552908
v 0.1467148347850544 0.45978640469739607 -0.10638582086904239
v 0.15745615662028006 0.4503629213017951 -0.11862818102552908
v 0.18118955211719237 0.49109644069657143 -0.142823899101934
v 0.15745615662028006 0.4503629213017951 -0.11862818102552908
v 0.1467148347850544 0.45978640469739607 -0.10638582086904239
v 0.15404857893175322 0.44977249489169846 -0.11474502950706067
v 0.15404857893175322 0.44977249489169846 -0.11474502950706067
v 0.1467148347850544 0.45978640469739607 -0.10638582086904239
v 0.15203060144482503 0.44997055995367197 -0.11312974584870125
v 0.1467148347850544 0.45978640469739607 -0.10638582086904239
v 0.18118955211719237 0.49109644069657143 -0.142823899101934
v 0.1467148347850544 0.48788167491879453 -0.10638582086904239
v 0.18118955211719237 0.49109644069657143 -0.142823899101934
v 0.16850014399397611 0.5511645519858355 -0.10621863697411535
v 0.1467148347850544 0.48788167491879453 -0.10638582086904239
v 0.16850014399397611 0.5511645519858355 -0.10621863697411535
v 0.18118955211719237 0.49109644069657143 -0.142823899101934
v 0.2156917220316846 0.5352657214346048 -0.14255851732951885
v 0.1796557631437531 0.70042864395457 -0.14283570701873285
v 0.16850014399397611 0.5511645519858355 -0.10621863697411535
v 0.2156917220316846 0.5352657214346048 -0.14255851732951885
v 0.16850014399397611 0.5511645519858355 -0.10621863697411535
v 0.1796557631437531 0.70042864395457 -0.14283570701873285
v 0.16640494589398952 0.6948522179433442 -0.13079284972003496
v 0.16640494589398952 0.6948522179433442 -0.13079284972003496
v 0.1568845059463229 0.6908218981586653 -0.11812041281984506
v 0.16850014399397611 0.5511645519858355 -0.10621863697411535
v 0.1480660100968501 0.6870627486055559 -0.10637587675087551
v 0.16850014399397611 0.5511645519858355 -0.10621863697411535
v 0.1568845059463229 0.6908218981586653 -0.11812041281984506
v 0.03554336663399607 0.6076331191077851 -0.10724100808555989
v 0.04076068791898347 0.6423297407367564 -0.10720061111844101
v 0.028016020157905573 0.6133542570292607 -0.11792774466213277
v 0.028016020157905573 0.6133542570292607 -0.11792774466213277
v 0.04076068791898347 0.6423297407367564 -0.10720061111844101
v 0.02838711537523593 0.6372790362494942 -0.12201288564675114
v 0.028016020157905573 0.6133542570292607 -0.11792774466213277
v 0.02838711537523593 0.6372790362494942 -0.12201288564675114
v 0.010176265043596464 0.6297867099116039 -0.1361309403325679
v 0.03554336663399607 0.6076331191077851 -0.10724100808555989
v 0.1480660100968501 0.6870627486055559 -0.10637587675087551
v 0.04076068791898347 0.6423297407367564 -0.10720061111844101
v 0.16850014399397611 0.5511645519858355 -0.10621863697411535
v 0.1480660100968501 0.6870627486055559 -0.10637587675087551
v 0.03554336663399607 0.6076331191077851 -0.10724100808555989
v 0.03554336663399607 0.6076331191077851 -0.10724100808555989
v 0.1467148347850544 0.48788167491879453 -0.10638582086904239
v 0.16850014399397611 0.5511645519858355 -0.10621863697411535
v 0.03554336663399607 0.6076331191077851 -0.10724100808555989
v 0.1467148347850544 0.45978640469739607 -0.10638582086904239
v 0.1467148347850544 0.48788167491879453 -0.10638582086904239
v 0.02779753381316181 0.5910715288948016 -0.17385801243822196
v 0.028016020157905573 0.6133542570292607 -0.11792774466213277
v 0.006993025233557152 0.6285598144566464 -0.1496883968037759
v 0.010176265043596464 0.6297867099116039 -0.1361309403325679
v 0.006993025233557152 0.6285598144566464 -0.1496883968037759
v 0.028016020157905573 0.6133542570292607 -0.11792774466213277
v 0.028016020157905573 0.6133542570292607 -0.11792774466213277
v 0.02779753381316181 0.5910715288948016 -0.17385801243822196
v 0.03554336663399607 0.6076331191077851 -0.10724100808555989
v 0.02779753381316181 0.5910715288948016 -0.17385801243822196
v 0.1467148347850544 0.45978640469739607 -0.10638582086904239
v 0.03554336663399607 0.6076331191077851 -0.10724100808555989
v 0.1467148347850544 0.45978640469739607 -0.10638582086904239
v 0.02779753381316181 0.5910715288948016 -0.17385801243822196
v 0.15203060144482503 0.44997055995367197 -0.11312974584870125
v 0.034093743220700606 0.6400215244689065 -0.17245714897254055
v 0.03343279530602841 0.5922942469114965 -0.18066222493661127
v 0.028508985972010122 0.6376484670941106 -0.16591956386602483
v 0.04105090326962815 0.6429620777502922 -0.18060380584706842
v 0.03343279530602841 0.5922942469114965 -0.18066222493661127
v 0.034093743220700606 0.6400215244689065 -0.17245714897254055
v 0.028508985972010122 0.6376484670941106 -0.16591956386602483
v 0.03343279530602841 0.5922942469114965 -0.18066222493661127
v 0.02779753381316181 0.5910715288948016 -0.17385801243822196
v 0.02779753381316181 0.5910715288948016 -0.17385801243822196
v 0.006993025233557152 0.6285598144566464 -0.1496883968037759
v 0.028508985972010122 0.6376484670941106 -0.16591956386602483
v 0.2156917220316846 0.5352657214346048 -0.14255851732951885
v 0.18118955211719237 0.49109644069657143 -0.142823899101934
v 0.16869594405691743 0.5511645519858355 -0.17962245219719414
v 0.1796557631437531 0.70042864395457 -0.14283570701873285
v 0.2156917220316846 0.5352657214346048 -0.14255851732951885
v 0.16869594405691743 0.5511645519858355 -0.17962245219719414
v 0.1796557631437531 0.70042864395457 -0.14283570701873285
v 0.16869594405691743 0.5511645519858355 -0.17962245219719414
v 0.16646752949253882 0.6950084178088162 -0.15505507646662886
v 0.16869594405691743 0.5511645519858355 -0.17962245219719414
v 0.14819080646049618 0.6875350715708581 -0.1797803078378501
v 0.16646752949253882 0.6950084178088162 -0.15505507646662886
v 0.18118955211719237 0.49109644069657143 -0.142823899101934
v 0.15223407994160715 0.5033462335184629 -0.17974923680972452
v 0.16869594405691743 0.5511645519858355 -0.17962245219719414
v 0.15223407994160715 0.5033462335184629 -0.17974923680972452
v 0.18118955211719237 0.49109644069657143 -0.142823899101934
v 0.15833412663290178 0.4889520072527789 -0.16747082777783429
v 0.15833412663290178 0.4889520072527789 -0.16747082777783429
v 0.18118955211719237 0.49109644069657143 -0.142823899101934
v 0.1738525140968857 0.46399154119197816 -0.1507362498627279
v 0.18118955211719237 0.49109644069657143 -0.142823899101934
v 0.18033683149994215 0.45282733743511716 -0.1428307384325661
v 0.1738525140968857 0.46399154119197816 -0.1507362498627279
v 0.048705974602953166 0.580810060465106 -0.18054475700196299
v 0.04105090326962815 0.6429620777502922 -0.18060380584706842
v 0.14819080646049618 0.6875350715708581 -0.1797803078378501
v 0.04105090326962815 0.6429620777502922 -0.18060380584706842
v 0.048705974602953166 0.580810060465106 -0.18054475700196299
v 0.03343279530602841 0.5922942469114965 -0.18066222493661127
v 0.16869594405691743 0.5511645519858355 -0.17962245219719414
v 0.048705974602953166 0.580810060465106 -0.18054475700196299
v 0.14819080646049618 0.6875350715708581 -0.1797803078378501
v 0.048705974602953166 0.580810060465106 -0.18054475700196299
v 0.16869594405691743 0.5511645519858355 -0.17962245219719414
v 0.15223407994160715 0.5033462335184629 -0.17974923680972452
v 0.048705974602953166 0.580810060465106 -0.18054475700196299
v 0.02779753381316181 0.5910715288948016 -0.17385801243822196
v 0.03343279530602841 0.5922942469114965 -0.18066222493661127
v 0.15203060144482503 0.44997055995367197 -0.11312974584870125
v 0.02779753381316181 0.5910715288948016 -0.17385801243822196
v 0.048705974602953166 0.580810060465106 -0.18054475700196299
v 0.15223407994160715 0.5033462335184629 -0.17974923680972452
v 0.15203060144482503 0.44997055995367197 -0.11312974584870125
v 0.048705974602953166 0.580810060465106 -0.18054475700196299
v 0.15203060144482503 0.44997055995367197 -0.11312974584870125
v 0.15223407994160715 0.5033462335184629 -0.17974923680972452
v 0.15833412663290178 0.4889520072527789 -0.16747082777783429
v 0.15203060144482503 0.44997055995367197 -0.11312974584870125
v 0.15833412663290178 0.4889520072527789 -0.16747082777783429
v 0.15745615662028006 0.4503629213017951 -0.11862818102552908
v 0.15203060144482503 0.44997055995367197 -0.11312974584870125
v 0.15745615662028006 0.4503629213017951 -0.11862818102552908
v 0.15404857893175322 0.44977249489169846 -0.11474502950706067
v 0.15745615662028006 0.4503629213017951 -0.11862818102552908
v 0.15833412663290178 0.4889520072527789 -0.16747082777783429
v 0.1738525140968857 0.46399154119197816 -0.1507362498627279
v 0.1738525140968857 0.46399154119197816 -0.1507362498627279
v 0.18033683149994215 0.45282733743511716 -0.1428307384325661
v 0.15745615662028006 0.4503629213017951 -0.11862818102552908
v 0.03535269279819283 0.6067951340736903 -0.10724225138974047
v 0.02449095915955409 0.5959280279097895 -0.17027256397030832
v 0.027936967191316976 0.6124477075193338 -0.11777423711319215
v 0.00652384729474644 0.6282897339915803 -0.14940126068111723
v 0.027936967191316976 0.6124477075193338 -0.11777423711319215
v 0.02449095915955409 0.5959280279097895 -0.17027256397030832
v 0.027936967191316976 0.6124477075193338 -0.11777423711319215
v 0.00652384729474644 0.6282897339915803 -0.14940126068111723
v 0.009499945264301505 0.6294705868117736 -0.13659395884886208
v 0.02449095915955409 0.5959280279097895 -0.17027256397030832
v 0.03535269279819283 0.6067951340736903 -0.10724225138974047
v 0.11895718738177319 0.49554918122208924 -0.10659961825199121
v 0.11895718738177319 0.49554918122208924 -0.10659961825199121
v 0.027488285980908807 0.5904964046226887 -0.17375981687601166
v 0.02449095915955409 0.5959280279097895 -0.17027256397030832
v 0.027488285980908807 0.5904964046226887 -0.17375981687601166
v 0.11895718738177319 0.49554918122208924 -0.10659961825199121
v 0.1514604122909455 0.44990962384336286 -0.1118699615207102
v 0.1514604122909455 0.44990962384336286 -0.1118699615207102
v 0.11895718738177319 0.49554918122208924 -0.10659961825199121
v 0.1466500589063886 0.45858275759450884 -0.10638644367877158
v 0.0031718939424215152 0.6287578795186199 -0.14184813916323347
v 0.00652384729474644 0.6282897339915803 -0.14940126068111723
v 0.0019777219477929344 0.6283964402950277 -0.1455989077274422
v 0.009499945264301505 0.6294705868117736 -0.13659395884886208
v 0.00652384729474644 0.6282897339915803 -0.14940126068111723
v 0.0031718939424215152 0.6287578795186199 -0.14184813916323347
v 0.0031718939424215152 0.6287578795186199 -0.14184813916323347
v 0.0019777219477929344 0.6283964402950277 -0.1455989077274422
v 0.00032059295428424285 0.6284341280532666 -0.14421420027027496
v 0.1466500589063886 0.45858275759450884 -0.10638644367877158
v 0.1466500589063886 0.44525500407311003 -0.10638644367877158
v 0.1514604122909455 0.44990962384336286 -0.1118699615207102
v 0.019402096218556597 0.31984717225571446 -0.11380967116603463
v -0.0010569320895284014 0.30149918230220796 -0.144224767198171
v 0.0018013226436157232 0.30197913363303325 -0.14065672035822996
v -0.015198156417415969 0.3527798705782932 -0.1443335296882774
v -0.0010569320895284014 0.30149918230220796 -0.144224767198171
v 0.019402096218556597 0.31984717225571446 -0.11380967116603463
v -0.015198156417415969 0.3527798705782932 -0.1443335296882774
v 0.019402096218556597 0.31984717225571446 -0.11380967116603463
v 0.023337045430777345 0.32385424368832305 -0.10780471108770337
v 0.026987633552813733 0.551160737803074 -0.10730626650573483
v 0.11895718738177319 0.49554918122208924 -0.10659961825199121
v 0.03535269279819283 0.6067951340736903 -0.10724225138974047
v 0.048772948215168574 0.487877860736033 -0.1071390826108078
v 0.11895718738177319 0.49554918122208924 -0.10659961825199121
v 0.026987633552813733 0.551160737803074 -0.10730626650573483
v 0.14465330618118521 0.44328193641196023 -0.10640197919283437
v 0.11895718738177319 0.49554918122208924 -0.10659961825199121
v 0.048772948215168574 0.487877860736033 -0.1071390826108078
v 0.11895718738177319 0.49554918122208924 -0.10659961825199121
v 0.14465330618118521 0.44328193641196023 -0.10640197919283437
v 0.1466500589063886 0.45858275759450884 -0.10638644367877158
v 0.1466500589063886 0.45858275759450884 -0.10638644367877158
v 0.14465330618118521 0.44328193641196023 -0.10640197919283437
v 0.1466500589063886 0.44525500407311003 -0.10638644367877158
v 0.048772948215168574 0.3644621220866572 -0.1071390826108078
v 0.14465330618118521 0.44328193641196023 -0.10640197919283437
v 0.048772948215168574 0.487877860736033 -0.1071390826108078
v 0.025167280302207325 0.32566352852541536 -0.10732056103089485
v 0.14465330618118521 0.44328193641196023 -0.10640197919283437
v 0.048772948215168574 0.3644621220866572 -0.1071390826108078
v 0.048772948215168574 0.487877860736033 -0.1071390826108078
v 0.026987633552813733 0.551160737803074 -0.10730626650573483
v 0.014493656022444509 0.49109267192074746 -0.14410543778016857
v 0.014493656022444509 0.49109267192074746 -0.14410543778016857
v 0.026987633552813733 0.551160737803074 -0.10730626650573483
v -0.0200085138920477 0.535261952658781 -0.14437081955258374
v 0.016983741305130157 0.3793667677383211 -0.14408617003828622
v 0.048772948215168574 0.487877860736033 -0.1071390826108078
v 0.014493656022444509 0.49109267192074746 -0.14410543778016857
v 0.048772948215168574 0.487877860736033 -0.1071390826108078
v 0.016983741305130157 0.3793667677383211 -0.14408617003828622
v 0.048772948215168574 0.3644621220866572 -0.1071390826108078
v 0.016983741305130157 0.3793667677383211 -0.14408617003828622
v 0.025167280302207325 0.32566352852541536 -0.10732056103089485
v 0.048772948215168574 0.3644621220866572 -0.1071390826108078
v 0.016983741305130157 0.3793667677383211 -0.14408617003828622
v -0.015198156417415969 0.3527798705782932 -0.1443335296882774
v 0.025167280302207325 0.32566352852541536 -0.10732056103089485
v 0.025167280302207325 0.32566352852541536 -0.10732056103089485
v -0.015198156417415969 0.3527798705782932 -0.1443335296882774
v 0.023337045430777345 0.32385424368832305 -0.10780471108770337
v 0.026987633552813733 0.551160737803074 -0.10730626650573483
v 0.00032059295428424285 0.6284341280532666 -0.14421420027027496
v -0.0200085138920477 0.535261952658781 -0.14437081955258374
v 0.026987633552813733 0.551160737803074 -0.10730626650573483
v 0.027936967191316976 0.6124477075193338 -0.11777423711319215
v 0.00032059295428424285 0.6284341280532666 -0.14421420027027496
v 0.027936967191316976 0.6124477075193338 -0.11777423711319215
v 0.026987633552813733 0.551160737803074 -0.10730626650573483
v 0.03535269279819283 0.6067951340736903 -0.10724225138974047
v 0.027936967191316976 0.6124477075193338 -0.11777423711319215
v 0.0031718939424215152 0.6287578795186199 -0.14184813916323347
v 0.00032059295428424285 0.6284341280532666 -0.14421420027027496
v 0.0031718939424215152 0.6287578795186199 -0.14184813916323347
v 0.027936967191316976 0.6124477075193338 -0.11777423711319215
v 0.009499945264301505 0.6294705868117736 -0.13659395884886208
v 0.019402096218556597 0.31984717225571446 -0.11380967116603463
v 0.025167280302207325 0.32566352852541536 -0.10732056103089485
v 0.023337045430777345 0.32385424368832305 -0.10780471108770337
v 0.025167280302207325 0.32566352852541536 -0.10732056103089485
v 0.019402096218556597 0.31984717225571446 -0.11380967116603463
v 0.07642812015658677 0.37448361485094017 -0.18033158474402117
v 0.07642812015658677 0.37448361485094017 -0.18033158474402117
v 0.019402096218556597 0.31984717225571446 -0.11380967116603463
v 0.02413230594989977 0.3230772401714751 -0.1807336929318557
v 0.019402096218556597 0.31984717225571446 -0.11380967116603463
v 0.014875000967334418 0.31425553492038016 -0.16765292900765053
v 0.02413230594989977 0.3230772401714751 -0.1807336929318557
v 0.025167280302207325 0.32566352852541536 -0.10732056103089485
v 0.07642812015658677 0.37448361485094017 -0.18033158474402117
v 0.14465330618118521 0.44328193641196023 -0.10640197919283437
v 0.014875000967334418 0.31425553492038016 -0.16765292900765053
v 0.019402096218556597 0.31984717225571446 -0.11380967116603463
v 0.0032703410214025732 0.30322464593242193 -0.15000660858511577
v 0.0032703410214025732 0.30322464593242193 -0.15000660858511577
v 0.019402096218556597 0.31984717225571446 -0.11380967116603463
v 0.0018013226436157232 0.30197913363303325 -0.14065672035822996
v 0.0018013226436157232 0.30197913363303325 -0.14065672035822996
v -0.0010569320895284014 0.30149918230220796 -0.144224767198171
v 0.0032703410214025732 0.30322464593242193 -0.15000660858511577
v 0.14465330618118521 0.44328193641196023 -0.10640197919283437
v 0.07642812015658677 0.37448361485094017 -0.18033158474402117
v 0.10974306677277113 0.407275370039093 -0.18007552428004367
v 0.14465330618118521 0.44328193641196023 -0.10640197919283437
v 0.10974306677277113 0.407275370039093 -0.18007552428004367
v 0.11241687412738316 0.40992263991028 -0.18005502017981415
v 0.1514604122909455 0.44990962384336286 -0.1118699615207102
v 0.14465330618118521 0.44328193641196023 -0.10640197919283437
v 0.11241687412738316 0.40992263991028 -0.18005502017981415
v 0.14465330618118521 0.44328193641196023 -0.10640197919283437
v 0.1514604122909455 0.44990962384336286 -0.1118699615207102
v 0.1466500589063886 0.44525500407311003 -0.10638644367877158
v 0.030400702848498037 0.5725559419344761 -0.18068584077020894
v 0.1514604122909455 0.44990962384336286 -0.1118699615207102
v 0.11241687412738316 0.40992263991028 -0.18005502017981415
v 0.1514604122909455 0.44990962384336286 -0.1118699615207102
v 0.030400702848498037 0.5725559419344761 -0.18068584077020894
v 0.027488285980908807 0.5904964046226887 -0.17375981687601166
v 0.030400702848498037 0.5725559419344761 -0.18068584077020894
v 0.048968377444657325 0.487877860736033 -0.1805428955186088
v 0.027183062782302488 0.551160737803074 -0.1807106975927094
v 0.048968377444657325 0.487877860736033 -0.1805428955186088
v 0.030400702848498037 0.5725559419344761 -0.18068584077020894
v 0.11241687412738316 0.40992263991028 -0.18005502017981415
v 0.10974306677277113 0.407275370039093 -0.18007552428004367
v 0.048968377444657325 0.487877860736033 -0.1805428955186088
v 0.11241687412738316 0.40992263991028 -0.18005502017981415
v 0.07642812015658677 0.37448361485094017 -0.18033158474402117
v 0.048968377444657325 0.487877860736033 -0.1805428955186088
v 0.10974306677277113 0.407275370039093 -0.18007552428004367
v 0.048968377444657325 0.487877860736033 -0.1805428955186088
v 0.07642812015658677 0.37448361485094017 -0.18033158474402117
v 0.048968377444657325 0.3644621220866572 -0.1805428955186088
v 0.048968377444657325 0.3644621220866572 -0.1805428955186088
v 0.07642812015658677 0.37448361485094017 -0.18033158474402117
v 0.02413230594989977 0.3230772401714751 -0.1807336929318557
v 0.048968377444657325 0.487877860736033 -0.1805428955186088
v 0.016983741305130157 0.3793667677383211 -0.14408617003828622
v 0.014493656022444509 0.49109267192074746 -0.14410543778016857
v 0.048968377444657325 0.487877860736033 -0.1805428955186088
v 0.048968377444657325 0.3644621220866572 -0.1805428955186088
v 0.016983741305130157 0.3793667677383211 -0.14408617003828622
v 0.014493656022444509 0.49109267192074746 -0.14410543778016857
v 0.027183062782302488 0.551160737803074 -0.1807106975927094
v 0.048968377444657325 0.487877860736033 -0.1805428955186088
v 0.02413230594989977 0.3230772401714751 -0.1807336929318557
v 0.016983741305130157 0.3793667677383211 -0.14408617003828622
v 0.048968377444657325 0.3644621220866572 -0.1805428955186088
v 0.027183062782302488 0.551160737803074 -0.1807106975927094
v 0.014493656022444509 0.49109267192074746 -0.14410543778016857
v -0.0200085138920477 0.535261952658781 -0.14437081955258374
v 0.016983741305130157 0.3793667677383211 -0.14408617003828622
v 0.02413230594989977 0.3230772401714751 -0.1807336929318557
v -0.015198156417415969 0.3527798705782932 -0.1443335296882774
v 0.014875000967334418 0.31425553492038016 -0.16765292900765053
v -0.015198156417415969 0.3527798705782932 -0.1443335296882774
v 0.02413230594989977 0.3230772401714751 -0.1807336929318557
v 0.0032703410214025732 0.30322464593242193 -0.15000660858511577
v -0.015198156417415969 0.3527798705782932 -0.1443335296882774
v 0.014875000967334418 0.31425553492038016 -0.16765292900765053
v -0.0010569320895284014 0.30149918230220796 -0.144224767198171
v -0.015198156417415969 0.3527798705782932 -0.1443335296882774
v 0.0032703410214025732 0.30322464593242193 -0.15000660858511577
v -0.0200085138920477 0.535261952658781 -0.14437081955258374
v 0.030400702848498037 0.5725559419344761 -0.18068584077020894
v 0.027183062782302488 0.551160737803074 -0.1807106975927094
v 0.02449095915955409 0.5959280279097895 -0.17027256397030832
v 0.030400702848498037 0.5725559419344761 -0.18068584077020894
v -0.0200085138920477 0.535261952658781 -0.14437081955258374
v 0.030400702848498037 0.5725559419344761 -0.18068584077020894
v 0.02449095915955409 0.5959280279097895 -0.17027256397030832
v 0.027488285980908807 0.5904964046226887 -0.17375981687601166
v 0.02449095915955409 0.5959280279097895 -0.17027256397030832
v -0.0200085138920477 0.535261952658781 -0.14437081955258374
v 0.00032059295428424285 0.6284341280532666 -0.14421420027027496
v 0.02449095915955409 0.5959280279097895 -0.17027256397030832
v 0.00032059295428424285 0.6284341280532666 -0.14421420027027496
v 0.0019777219477929344 0.6283964402950277 -0.1455989077274422
v 0.02449095915955409 0.5959280279097895 -0.17027256397030832
v 0.0019777219477929344 0.6283964402950277 -0.1455989077274422
v 0.00652384729474644 0.6282897339915803 -0.14940126068111723
v 0.1801179852286121 0.444268492946004 -0.14317940074758018
v 0.1780674289321916 0.45144083659436485 -0.14083757596858779
v 0.15781701029020057 0.44912499196099187 -0.11942121923996199
v 0.1780674289321916 0.45144083659436485 -0.14083757596858779
v 0.1801179852286121 0.444268492946004 -0.14317940074758018
v 0.18028339876217758 0.4516922548080621 -0.14317815512812182
v 0.15163644911223964 0.44973062969519695 -0.11449829498207648
v 0.15781701029020057 0.44912499196099187 -0.11942121923996199
v 0.1780674289321916 0.45144083659436485 -0.14083757596858779
v 0.03049109895598787 0.574959421957489 -0.1806460642975415
v 0.11309539027686945 0.4104787840824605 -0.1803974682892031
v 0.15163644911223964 0.44973062969519695 -0.11449829498207648
v 0.028174486017669056 0.590046921347018 -0.1748909504775626
v 0.03049109895598787 0.574959421957489 -0.1806460642975415
v 0.15163644911223964 0.44973062969519695 -0.11449829498207648
v 0.028174486017669056 0.590046921347018 -0.1748909504775626
v 0.04803478241415455 0.5805129628721457 -0.180897772039248
v 0.03327067019263766 0.5913991399498542 -0.18101088725162534
v 0.028174486017669056 0.590046921347018 -0.1748909504775626
v 0.15163644911223964 0.44973062969519695 -0.11449829498207648
v 0.04803478241415455 0.5805129628721457 -0.180897772039248
v 0.15163644911223964 0.44973062969519695 -0.11449829498207648
v 0.15197094088643104 0.5026530058015556 -0.18009851961919
v 0.04803478241415455 0.5805129628721457 -0.180897772039248
v 0.15197094088643104 0.5026530058015556 -0.18009851961919
v 0.15163644911223964 0.44973062969519695 -0.11449829498207648
v 0.15775150365149593 0.48888725695970814 -0.16841551668840923
v 0.15163644911223964 0.44973062969519695 -0.11449829498207648
v 0.1736208522577105 0.46322974899923863 -0.15130306228296175
v 0.15775150365149593 0.48888725695970814 -0.16841551668840923
v 0.1736208522577105 0.46322974899923863 -0.15130306228296175
v 0.15163644911223964 0.44973062969519695 -0.11449829498207648
v 0.1780674289321916 0.45144083659436485 -0.14083757596858779
v 0.1736208522577105 0.46322974899923863 -0.15130306228296175
v 0.1780674289321916 0.45144083659436485 -0.14083757596858779
v 0.18028339876217758 0.4516922548080621 -0.14317815512812182
v 0.16542157192591633 0.43294086962058664 -0.16014517767360797
v 0.15781701029020057 0.44912499196099187 -0.11942121923996199
v 0.1468817207455638 0.4192737900542248 -0.18013767559740607
v 0.1801179852286121 0.444268492946004 -0.14317940074758018
v 0.15781701029020057 0.44912499196099187 -0.11942121923996199
v 0.16542157192591633 0.43294086962058664 -0.16014517767360797
v 0.15163644911223964 0.44973062969519695 -0.11449829498207648
v 0.1468817207455638 0.4192737900542248 -0.18013767559740607
v 0.15781701029020057 0.44912499196099187 -0.11942121923996199
v 0.1468817207455638 0.4192737900542248 -0.18013767559740607
v 0.15163644911223964 0.44973062969519695 -0.11449829498207648
v 0.11309539027686945 0.4104787840824605 -0.1803974682892031
v 0.15197094088643104 0.5026530058015556 -0.18009851961919
v 0.15775150365149593 0.48888725695970814 -0.16841551668840923
v 0.1468817207455638 0.48786641818774845 -0.18013767559740607
v 0.1736208522577105 0.46322974899923863 -0.15130306228296175
v 0.1468817207455638 0.48786641818774845 -0.18013767559740607
v 0.15775150365149593 0.48888725695970814 -0.16841551668840923
v 0.16542157192591633 0.43294086962058664 -0.16014517767360797
v 0.1468817207455638 0.48786641818774845 -0.18013767559740607
v 0.1736208522577105 0.46322974899923863 -0.15130306228296175
v 0.1468817207455638 0.48786641818774845 -0.18013767559740607
v 0.16542157192591633 0.43294086962058664 -0.16014517767360797
v 0.1468817207455638 0.4192737900542248 -0.18013767559740607
v 0.18028339876217758 0.4516922548080621 -0.14317815512812182
v 0.16542157192591633 0.43294086962058664 -0.16014517767360797
v 0.1736208522577105 0.46322974899923863 -0.15130306228296175
v 0.16542157192591633 0.43294086962058664 -0.16014517767360797
v 0.18028339876217758 0.4516922548080621 -0.14317815512812182
v 0.1801179852286121 0.444268492946004 -0.14317940074758018
v 0.04803478241415455 0.5805129628721457 -0.180897772039248
v 0.15197094088643104 0.5026530058015556 -0.18009851961919
v 0.1468817207455638 0.48786641818774845 -0.18013767559740607
v 0.1468817207455638 0.48786641818774845 -0.18013767559740607
v 0.03049109895598787 0.574959421957489 -0.1806460642975415
v 0.04803478241415455 0.5805129628721457 -0.180897772039248
v 0.04803478241415455 0.5805129628721457 -0.180897772039248
v 0.03049109895598787 0.574959421957489 -0.1806460642975415
v 0.03327067019263766 0.5913991399498542 -0.18101088725162534
v 0.03049109895598787 0.574959421957489 -0.1806460642975415
v 0.028174486017669056 0.590046921347018 -0.1748909504775626
v 0.03327067019263766 0.5913991399498542 -0.18101088725162534
v 0.03049109895598787 0.574959421957489 -0.1806460642975415
v 0.1468817207455638 0.48786641818774845 -0.18013767559740607
v 0.11309539027686945 0.4104787840824605 -0.1803974682892031
v 0.11309539027686945 0.4104787840824605 -0.1803974682892031
v 0.1468817207455638 0.48786641818774845 -0.18013767559740607
v 0.1468817207455638 0.4192737900542248 -0.18013767559740607
v 0.0019718663239743288 0.3013277711126275 -0.14070271103652254
v 0.0034149006266957944 0.30256570045343073 -0.14992456903141965
v -0.0008523527661439361 0.3008668906956098 -0.14422352620926826
v 0.01989689165947478 0.319481510186922 -0.11337337558615068
v 0.0034149006266957944 0.30256570045343073 -0.14992456903141965
v 0.0019718663239743288 0.3013277711126275 -0.14070271103652254
v 0.0034149006266957944 0.30256570045343073 -0.14992456903141965
v 0.01989689165947478 0.319481510186922 -0.11337337558615068
v 0.01529696853557687 0.3137451609413379 -0.1679537391610178
v 0.01529696853557687 0.3137451609413379 -0.1679537391610178
v 0.01989689165947478 0.319481510186922 -0.11337337558615068
v 0.02433798218023151 0.32237256990628327 -0.18073245194295295
v 0.01989689165947478 0.319481510186922 -0.11337337558615068
v 0.07718275532564009 0.3744645893440701 -0.1803259910328474
v 0.02433798218023151 0.32237256990628327 -0.18073245194295295
v 0.023870633868234438 0.32346192774713756 -0.10733050514906173
v 0.07718275532564009 0.3744645893440701 -0.1803259910328474
v 0.01989689165947478 0.319481510186922 -0.11337337558615068
v 0.11673279745104127 0.4149619472561953 -0.1066163993855124
v 0.07718275532564009 0.3744645893440701 -0.1803259910328474
v 0.023870633868234438 0.32346192774713756 -0.10733050514906173
v 0.07718275532564009 0.3744645893440701 -0.1803259910328474
v 0.11673279745104127 0.4149619472561953 -0.1066163993855124
v 0.11276382154283339 0.4094998559139399 -0.18005252894089738
v 0.11673279745104127 0.4149619472561953 -0.1066163993855124
v 0.15199985498886293 0.449555404322855 -0.11244484962992334
v 0.11276382154283339 0.4094998559139399 -0.18005252894089738
v 0.15199985498886293 0.449555404322855 -0.11244484962992334
v 0.11673279745104127 0.4149619472561953 -0.1066163993855124
v 0.14668445916254486 0.4444322757700614 -0.10638644367877158
v 0.15199985498886293 0.449555404322855 -0.11244484962992334
v 0.1468802483186199 0.4184586447097617 -0.17979025427129477
v 0.11276382154283339 0.4094998559139399 -0.18005252894089738
v 0.1468802483186199 0.4184586447097617 -0.17979025427129477
v 0.15199985498886293 0.449555404322855 -0.11244484962992334
v 0.1553949988498634 0.4490183310644821 -0.1163143248024053
v 0.158352068427885 0.4482793785613741 -0.11968411440401597
v 0.1468802483186199 0.4184586447097617 -0.17979025427129477
v 0.1553949988498634 0.4490183310644821 -0.1163143248024053
v 0.1468802483186199 0.4184586447097617 -0.17979025427129477
v 0.158352068427885 0.4482793785613741 -0.11968411440401597
v 0.16516905615846886 0.4320073029827656 -0.16006811596718978
v 0.18010078510053398 0.4435752652290966 -0.1428319794214689
v 0.16516905615846886 0.4320073029827656 -0.16006811596718978
v 0.158352068427885 0.4482793785613741 -0.11968411440401597
v 0.031330641352090106 0.2923842390478518 -0.10730191609874169
v 0.01989689165947478 0.319481510186922 -0.11337337558615068
v 0.010705462785708312 0.2989433165964846 -0.13105885661745711
v 0.01989689165947478 0.319481510186922 -0.11337337558615068
v 0.0019718663239743288 0.3013277711126275 -0.14070271103652254
v 0.010705462785708312 0.2989433165964846 -0.13105885661745711
v 0.01989689165947478 0.319481510186922 -0.11337337558615068
v 0.031330641352090106 0.2923842390478518 -0.10730191609874169
v 0.023870633868234438 0.32346192774713756 -0.10733050514906173
v 0.17866909530207203 0.3793515564142126 -0.14284316684381637
v 0.14668445916254486 0.4444322757700614 -0.10638644367877158
v 0.14668445916254486 0.3644468653556111 -0.10638644367877158
v 0.17866909530207203 0.3793515564142126 -0.14284316684381637
v 0.14668445916254486 0.3644468653556111 -0.10638644367877158
v 0.17162080565889926 0.32346192774713756 -0.10619439833078848
v 0.14668445916254486 0.4444322757700614 -0.10638644367877158
v 0.17866909530207203 0.3793515564142126 -0.14284316684381637
v 0.18010078510053398 0.4435752652290966 -0.1428319794214689
v 0.21085136385807068 0.3527646592541847 -0.14259580719382517
v 0.17866909530207203 0.3793515564142126 -0.14284316684381637
v 0.17162080565889926 0.32346192774713756 -0.10619439833078848
v 0.14668445916254486 0.4444322757700614 -0.10638644367877158
v 0.18010078510053398 0.4435752652290966 -0.1428319794214689
v 0.158352068427885 0.4482793785613741 -0.11968411440401597
v 0.1553949988498634 0.4490183310644821 -0.1163143248024053
v 0.14668445916254486 0.4444322757700614 -0.10638644367877158
v 0.158352068427885 0.4482793785613741 -0.11968411440401597
v 0.14668445916254486 0.4444322757700614 -0.10638644367877158
v 0.1553949988498634 0.4490183310644821 -0.1163143248024053
v 0.15199985498886293 0.449555404322855 -0.11244484962992334
v 0.17162080565889926 0.32346192774713756 -0.10619439833078848
v 0.1922672198938721 0.2853756328166107 -0.14273875244542533
v 0.21085136385807068 0.3527646592541847 -0.14259580719382517
v 0.1922672198938721 0.2853756328166107 -0.14273875244542533
v 0.17162080565889926 0.32346192774713756 -0.10619439833078848
v 0.16398476680718257 0.29272701602007517 -0.1062534402300605
v 0.17352532992308262 0.27211648917798165 -0.10618010380562845
v 0.1922672198938721 0.2853756328166107 -0.14273875244542533
v 0.16398476680718257 0.29272701602007517 -0.1062534402300605
v 0.1922672198938721 0.2853756328166107 -0.14273875244542533
v 0.17352532992308262 0.27211648917798165 -0.10618010380562845
v 0.20055211912573812 0.2739752675770985 -0.14267473964470873
v 0.044216209464833955 0.1542657112880783 -0.14387672537760834
v 0.15147175543184674 0.1542657112880783 -0.14305261150449422
v 0.14206440878033866 0.18846224360938235 -0.10642186742916812
v 0.044216209464833955 0.1542657112880783 -0.14387672537760834
v 0.14206440878033866 0.18846224360938235 -0.10642186742916812
v 0.05342740430696413 0.18846224360938235 -0.10710303605068208
v 0.15147175543184674 0.1542657112880783 -0.14305261150449422
v 0.18741916147268486 0.24210145904021957 -0.10607320511415405
v 0.14206440878033866 0.18846224360938235 -0.10642186742916812
v 0.00807264820622222 0.24210145904021957 -0.10745169836569615
v 0.044216209464833955 0.1542657112880783 -0.14387672537760834
v 0.05342740430696413 0.18846224360938235 -0.10710303605068208
v 0.18741916147268486 0.24210145904021957 -0.10607320511415405
v 0.15147175543184674 0.1542657112880783 -0.14305261150449422
v 0.2267056937094574 0.23799156359733153 -0.14247399579801717
v 0.20055211912573812 0.2739752675770985 -0.14267473964470873
v 0.18741916147268486 0.24210145904021957 -0.10607320511415405
v 0.2267056937094574 0.23799156359733153 -0.14247399579801717
v 0.18741916147268486 0.24210145904021957 -0.10607320511415405
v 0.20055211912573812 0.2739752675770985 -0.14267473964470873
v 0.17352532992308262 0.27211648917798165 -0.10618010380562845
v -0.031018467752965222 0.23799156359733153 -0.14445534571464103
v 0.044216209464833955 0.1542657112880783 -0.14387672537760834
v 0.00807264820622222 0.24210145904021957 -0.10745169836569615
v 0.00807264820622222 0.24210145904021957 -0.10745169836569615
v 0.003420024127117289 0.2853756328166107 -0.14419058443667726
v -0.031018467752965222 0.23799156359733153 -0.14445534571464103
v 0.003420024127117289 0.2853756328166107 -0.14419058443667726
v 0.00807264820622222 0.24210145904021957 -0.10745169836569615
v 0.031330641352090106 0.2923842390478518 -0.10730191609874169
v 0.010705462785708312 0.2989433165964846 -0.13105885661745711
v 0.003420024127117289 0.2853756328166107 -0.14419058443667726
v 0.031330641352090106 0.2923842390478518 -0.10730191609874169
v 0.003420024127117289 0.2853756328166107 -0.14419058443667726
v 0.010705462785708312 0.2989433165964846 -0.13105885661745711
v 0.0019718663239743288 0.3013277711126275 -0.14070271103652254
v 0.0019718663239743288 0.3013277711126275 -0.14070271103652254
v -0.0008523527661439361 0.3008668906956098 -0.14422352620926826
v 0.003420024127117289 0.2853756328166107 -0.14419058443667726
v 0.05342740430696413 0.18846224360938235 -0.10710303605068208
v 0.031330641352090106 0.2923842390478518 -0.10730191609874169
v 0.00807264820622222 0.24210145904021957 -0.10745169836569615
v 0.14206440878033866 0.18846224360938235 -0.10642186742916812
v 0.031330641352090106 0.2923842390478518 -0.10730191609874169
v 0.05342740430696413 0.18846224360938235 -0.10710303605068208
v 0.031330641352090106 0.2923842390478518 -0.10730191609874169
v 0.14206440878033866 0.18846224360938235 -0.10642186742916812
v 0.17352532992308262 0.27211648917798165 -0.10618010380562845
v 0.17352532992308262 0.27211648917798165 -0.10618010380562845
v 0.14206440878033866 0.18846224360938235 -0.10642186742916812
v 0.18741916147268486 0.24210145904021957 -0.10607320511415405
v 0.16398476680718257 0.29272701602007517 -0.1062534402300605
v 0.031330641352090106 0.2923842390478518 -0.10730191609874169
v 0.17352532992308262 0.27211648917798165 -0.10618010380562845
v 0.14668445916254486 0.3644468653556111 -0.10638644367877158
v 0.031330641352090106 0.2923842390478518 -0.10730191609874169
v 0.16398476680718257 0.29272701602007517 -0.1062534402300605
v 0.16398476680718257 0.29272701602007517 -0.1062534402300605
v 0.17162080565889926 0.32346192774713756 -0.10619439833078848
v 0.14668445916254486 0.3644468653556111 -0.10638644367877158
v 0.031330641352090106 0.2923842390478518 -0.10730191609874169
v 0.14668445916254486 0.3644468653556111 -0.10638644367877158
v 0.023870633868234438 0.32346192774713756 -0.10733050514906173
v 0.023870633868234438 0.32346192774713756 -0.10733050514906173
v 0.14668445916254486 0.3644468653556111 -0.10638644367877158
v 0.11673279745104127 0.4149619472561953 -0.1066163993855124
v 0.14668445916254486 0.3644468653556111 -0.10638644367877158
v 0.14668445916254486 0.4444322757700614 -0.10638644367877158
v 0.11673279745104127 0.4149619472561953 -0.1066163993855124
v 0.02433798218023151 0.32237256990628327 -0.18073245194295295
v 0.023228350328434587 0.303582725042629 -0.17410412646875478
v 0.01529696853557687 0.3137451609413379 -0.1679537391610178
v 0.023228350328434587 0.303582725042629 -0.17410412646875478
v 0.0034149006266957944 0.30256570045343073 -0.14992456903141965
v 0.01529696853557687 0.3137451609413379 -0.1679537391610178
v 0.023228350328434587 0.303582725042629 -0.17410412646875478
v 0.02433798218023151 0.32237256990628327 -0.18073245194295295
v 0.02894778828831128 0.3038150723425186 -0.1806970281925564
v 0.1922672198938721 0.2853756328166107 -0.14273875244542533
v 0.16812466421641278 0.2842062679516396 -0.1796268049194651
v 0.1641801960366713 0.29272701602007517 -0.17965725545313932
v 0.16812466421641278 0.2842062679516396 -0.1796268049194651
v 0.1922672198938721 0.2853756328166107 -0.14273875244542533
v 0.20055211912573812 0.2739752675770985 -0.14267473964470873
v 0.17181660572184054 0.32346192774713756 -0.17959883636359647
v 0.1922672198938721 0.2853756328166107 -0.14273875244542533
v 0.1641801960366713 0.29272701602007517 -0.17965725545313932
v 0.21085136385807068 0.3527646592541847 -0.14259580719382517
v 0.1922672198938721 0.2853756328166107 -0.14273875244542533
v 0.17181660572184054 0.32346192774713756 -0.17959883636359647
v 0.17181660572184054 0.32346192774713756 -0.17959883636359647
v 0.17866909530207203 0.3793515564142126 -0.14284316684381637
v 0.21085136385807068 0.3527646592541847 -0.14259580719382517
v 0.17866909530207203 0.3793515564142126 -0.14284316684381637
v 0.17181660572184054 0.32346192774713756 -0.17959883636359647
v 0.1468802483186199 0.3644468653556111 -0.17979025427129477
v 0.1468802483186199 0.4184586447097617 -0.17979025427129477
v 0.17866909530207203 0.3793515564142126 -0.14284316684381637
v 0.1468802483186199 0.3644468653556111 -0.17979025427129477
v 0.17866909530207203 0.3793515564142126 -0.14284316684381637
v 0.1468802483186199 0.4184586447097617 -0.17979025427129477
v 0.16516905615846886 0.4320073029827656 -0.16006811596718978
v 0.18010078510053398 0.4435752652290966 -0.1428319794214689
v 0.17866909530207203 0.3793515564142126 -0.14284316684381637
v 0.16516905615846886 0.4320073029827656 -0.16006811596718978
v 0.003420024127117289 0.2853756328166107 -0.14419058443667726
v 0.023228350328434587 0.303582725042629 -0.17410412646875478
v 0.03170356892295067 0.29272701602007517 -0.1806758943367643
v 0.03170356892295067 0.29272701602007517 -0.1806758943367643
v 0.023228350328434587 0.303582725042629 -0.17410412646875478
v 0.02894778828831128 0.3038150723425186 -0.1806970281925564
v 0.023228350328434587 0.303582725042629 -0.17410412646875478
v 0.003420024127117289 0.2853756328166107 -0.14419058443667726
v 0.0034149006266957944 0.30256570045343073 -0.14992456903141965
v 0.0034149006266957944 0.30256570045343073 -0.14992456903141965
v 0.003420024127117289 0.2853756328166107 -0.14419058443667726
v -0.0008523527661439361 0.3008668906956098 -0.14422352620926826
v 0.03170356892295067 0.29272701602007517 -0.1806758943367643
v 0.008268078117390115 0.24210145904021957 -0.18085551358877494
v 0.003420024127117289 0.2853756328166107 -0.14419058443667726
v 0.003420024127117289 0.2853756328166107 -0.14419058443667726
v 0.008268078117390115 0.24210145904021957 -0.18085551358877494
v -0.031018467752965222 0.23799156359733153 -0.14445534571464103
v 0.008268078117390115 0.24210145904021957 -0.18085551358877494
v 0.044216209464833955 0.1542657112880783 -0.14387672537760834
v -0.031018467752965222 0.23799156359733153 -0.14445534571464103
v 0.044216209464833955 0.1542657112880783 -0.14387672537760834
v 0.008268078117390115 0.24210145904021957 -0.18085551358877494
v 0.053622833536452884 0.18846224360938235 -0.18050685127376087
v 0.1422601979364137 0.18846224360938235 -0.1798256780216913
v 0.044216209464833955 0.1542657112880783 -0.14387672537760834
v 0.053622833536452884 0.18846224360938235 -0.18050685127376087
v 0.044216209464833955 0.1542657112880783 -0.14387672537760834
v 0.1422601979364137 0.18846224360938235 -0.1798256780216913
v 0.15147175543184674 0.1542657112880783 -0.14305261150449422
v 0.18761459070217362 0.24210145904021957 -0.17947701570667723
v 0.15147175543184674 0.1542657112880783 -0.14305261150449422
v 0.1422601979364137 0.18846224360938235 -0.1798256780216913
v 0.2267056937094574 0.23799156359733153 -0.14247399579801717
v 0.15147175543184674 0.1542657112880783 -0.14305261150449422
v 0.18761459070217362 0.24210145904021957 -0.17947701570667723
v 0.18761459070217362 0.24210145904021957 -0.17947701570667723
v 0.20055211912573812 0.2739752675770985 -0.14267473964470873
v 0.2267056937094574 0.23799156359733153 -0.14247399579801717
v 0.20055211912573812 0.2739752675770985 -0.14267473964470873
v 0.18761459070217362 0.24210145904021957 -0.17947701570667723
v 0.16812466421641278 0.2842062679516396 -0.1796268049194651
v 0.1422601979364137 0.18846224360938235 -0.1798256780216913
v 0.16812466421641278 0.2842062679516396 -0.1796268049194651
v 0.18761459070217362 0.24210145904021957 -0.17947701570667723
v 0.16812466421641278 0.2842062679516396 -0.1796268049194651
v 0.1422601979364137 0.18846224360938235 -0.1798256780216913
v 0.058609589122323336 0.29965942940996104 -0.18046893628444757
v 0.053622833536452884 0.18846224360938235 -0.18050685127376087
v 0.058609589122323336 0.29965942940996104 -0.18046893628444757
v 0.1422601979364137 0.18846224360938235 -0.1798256780216913
v 0.008268078117390115 0.24210145904021957 -0.18085551358877494
v 0.058609589122323336 0.29965942940996104 -0.18046893628444757
v 0.053622833536452884 0.18846224360938235 -0.18050685127376087
v 0.058609589122323336 0.29965942940996104 -0.18046893628444757
v 0.008268078117390115 0.24210145904021957 -0.18085551358877494
v 0.03170356892295067 0.29272701602007517 -0.1806758943367643
v 0.058609589122323336 0.29965942940996104 -0.18046893628444757
v 0.03170356892295067 0.29272701602007517 -0.1806758943367643
v 0.02894778828831128 0.3038150723425186 -0.1806970281925564
v 0.16812466421641278 0.2842062679516396 -0.1796268049194651
v 0.02894778828831128 0.3038150723425186 -0.1806970281925564
v 0.1641801960366713 0.29272701602007517 -0.17965725545313932
v 0.07718275532564009 0.3744645893440701 -0.1803259910328474
v 0.1641801960366713 0.29272701602007517 -0.17965725545313932
v 0.02894778828831128 0.3038150723425186 -0.1806970281925564
v 0.07718275532564009 0.3744645893440701 -0.1803259910328474
v 0.02894778828831128 0.3038150723425186 -0.1806970281925564
v 0.02433798218023151 0.32237256990628327 -0.18073245194295295
v 0.1641801960366713 0.29272701602007517 -0.17965725545313932
v 0.07718275532564009 0.3744645893440701 -0.1803259910328474
v 0.1468802483186199 0.3644468653556111 -0.17979025427129477
v 0.1641801960366713 0.29272701602007517 -0.17965725545313932
v 0.1468802483186199 0.3644468653556111 -0.17979025427129477
v 0.17181660572184054 0.32346192774713756 -0.17959883636359647
v 0.11276382154283339 0.4094998559139399 -0.18005252894089738
v 0.1468802483186199 0.3644468653556111 -0.17979025427129477
v 0.07718275532564009 0.3744645893440701 -0.1803259910328474
v 0.1468802483186199 0.3644468653556111 -0.17979025427129477
v 0.11276382154283339 0.4094998559139399 -0.18005252894089738
v 0.1468802483186199 0.4184586447097617 -0.17979025427129477
v 0.13799331188342093 -0.14012467783599986 -0.17239002443845583
v 0.14721950639336304 -0.12265655762388304 -0.18658887305851032
v 0.16750798999857072 -0.12265655762388304 -0.14292831350032506
v 0.13799331188342093 -0.14012467783599986 -0.17239002443845583
v 0.16750798999857072 -0.12265655762388304 -0.14292831350032506
v 0.1516276581780412 -0.14012467783599986 -0.14305075002114007
v 0.16750798999857072 -0.12265655762388304 -0.14292831350032506
v 0.13783776906381276 -0.14012467783599986 -0.11392278174785635
v 0.1516276581780412 -0.14012467783599986 -0.14305075002114007
v 0.13783776906381276 -0.14012467783599986 -0.11392278174785635
v 0.16750798999857072 -0.12265655762388304 -0.14292831350032506
v 0.1469882153876404 -0.12265655762388304 -0.09958285399011149
v 0.16086264362218178 -0.19901997014035716 -0.14297927739534
v 0.09768057441480679 -0.25733743965248745 -0.08213851666671276
v 0.09784416650170834 -0.2803895656417402 -0.1434640456313221
v 0.09768057441480679 -0.25733743965248745 -0.08213851666671276
v 0.16086264362218178 -0.19901997014035716 -0.14297927739534
v 0.14435795914996935 -0.19606570396380493 -0.08177928800262207
v 0.14468477249031989 -0.19606570396380493 -0.20443221899158392
v 0.16086264362218178 -0.19901997014035716 -0.14297927739534
v 0.09800738775515734 -0.25733743965248745 -0.20479081847893146
v 0.09800738775515734 -0.25733743965248745 -0.20479081847893146
v 0.16086264362218178 -0.19901997014035716 -0.14297927739534
v 0.09784416650170834 -0.2803895656417402 -0.1434640456313221
v 0.17801472695446585 -0.19808676108217 -0.14284751956608732
v 0.09801141238880402 -0.2959074773931323 -0.20625508351198926
v 0.16182222971496113 -0.19778813668093165 -0.18221660058178887
v 0.09801141238880402 -0.2959074773931323 -0.20625508351198926
v 0.17801472695446585 -0.19808676108217 -0.14284751956608732
v 0.09784416650170834 -0.3257045996371734 -0.1434640456313221
v 0.16182222971496113 -0.19778813668093165 -0.18221660058178887
v 0.17039186359718062 -0.17296443915422788 -0.14290655915008155
v 0.17801472695446585 -0.19808676108217 -0.14284751956608732
v 0.15417850152253734 -0.17308251705761984 -0.18227564942689434
v 0.17039186359718062 -0.17296443915422788 -0.14290655915008155
v 0.16182222971496113 -0.19778813668093165 -0.18221660058178887
v 0.15897202561246868 -0.1460522591089265 -0.1822383549320324
v 0.17039186359718062 -0.17296443915422788 -0.14290655915008155
v 0.15417850152253734 -0.17308251705761984 -0.18227564942689434
v 0.17039186359718062 -0.17296443915422788 -0.14290655915008155
v 0.15897202561246868 -0.1460522591089265 -0.1822383549320324
v 0.1750906070193891 -0.1454595772510994 -0.1428698897802266
v 0.17039186359718062 -0.17296443915422788 -0.14290655915008155
v 0.1616128942310021 -0.19778813668093165 -0.10372889835735608
v 0.17801472695446585 -0.19808676108217 -0.14284751956608732
v 0.09767654978116011 -0.2959074773931323 -0.08067425626421057
v 0.17801472695446585 -0.19808676108217 -0.14284751956608732
v 0.1616128942310021 -0.19778813668093165 -0.10372889835735608
v 0.09784416650170834 -0.3257045996371734 -0.1434640456313221
v 0.17801472695446585 -0.19808676108217 -0.14284751956608732
v 0.09767654978116011 -0.2959074773931323 -0.08067425626421057
v 0.1616128942310021 -0.19778813668093165 -0.10372889835735608
v 0.17039186359718062 -0.17296443915422788 -0.14290655915008155
v 0.15396916603857833 -0.17308251705761984 -0.1037879402566281
v 0.17039186359718062 -0.17296443915422788 -0.14290655915008155
v 0.15876269012850966 -0.1460522591089265 -0.10375065039232179
v 0.15396916603857833 -0.17308251705761984 -0.1037879402566281
v 0.1750906070193891 -0.1454595772510994 -0.1428698897802266
v 0.15876269012850966 -0.1460522591089265 -0.10375065039232179
v 0.17039186359718062 -0.17296443915422788 -0.14290655915008155
v 0.135745864837434 0.19728694571836136 -0.08352508908015087
v 0.13606389815045233 0.19728694571836136 -0.20281879450130086
v 0.11556973286147978 0.21861739955669285 -0.20297665940306803
v 0.11556973286147978 0.21861739955669285 -0.20297665940306803
v 0.1152517104553277 0.21861739955669285 -0.08368232943573048
v 0.135745864837434 0.19728694571836136 -0.08352508908015087
v 0.20283287574125616 0.313798468686124 -0.1426567175222848
v 0.20886557253344973 0.3522352143613348 -0.21024699289000845
v 0.23624957251269782 0.37472359051635284 -0.14240003656385591
v 0.20935673053447315 0.28919226755276883 -0.14260699461617263
v 0.1795880533180657 0.3217631179893166 -0.21047198232586034
v 0.20283287574125616 0.313798468686124 -0.1426567175222848
v 0.1795880533180657 0.3217631179893166 -0.21047198232586034
v 0.20935673053447315 0.28919226755276883 -0.14260699461617263
v 0.18837141815134342 0.27605499613475803 -0.21040423729732421
v 0.2160284169928587 0.19752158606860165 -0.21019167627272256
v 0.23228789329801197 0.23812487836623442 -0.2100667624046576
v 0.2562460029602975 0.2432860806362368 -0.1422465243843597
v 0.2562460029602975 0.2432860806362368 -0.1422465243843597
v 0.2391495337390282 0.18917299840421758 -0.142377661719161
v 0.2160284169928587 0.19752158606860165 -0.21019167627272256
v 0.2160284169928587 0.19752158606860165 -0.21019167627272256
v 0.17809451068109328 0.14357153744616885 -0.1428468944410803
v 0.19078611108442603 0.16826762161257686 -0.21038558541933763
v 0.17809451068109328 0.14357153744616885 -0.1428468944410803
v 0.215667945063257 0.19752158606860165 -0.07492287083737237
v 0.1904252683213718 0.16826762161257686 -0.0751167796222253
v 0.2562460029602975 0.2432860806362368 -0.1422465243843597
v 0.215667945063257 0.19752158606860165 -0.07492287083737237
v 0.2391495337390282 0.18917299840421758 -0.142377661719161
v 0.215667945063257 0.19752158606860165 -0.07492287083737237
v 0.2562460029602975 0.2432860806362368 -0.1422465243843597
v 0.23192705053495774 0.23812487836623442 -0.07479794879348266
v 0.17922757048159776 0.3217631179893166 -0.07520192555520969
v 0.18801094622174172 0.27605499613475803 -0.07513542477143575
v 0.20935673053447315 0.28919226755276883 -0.14260699461617263
v 0.17922757048159776 0.3217631179893166 -0.07520192555520969
v 0.20935673053447315 0.28919226755276883 -0.14260699461617263
v 0.20283287574125616 0.313798468686124 -0.1426567175222848
v 0.20283287574125616 0.313798468686124 -0.1426567175222848
v 0.20850510060384803 0.3522352143613348 -0.074978184560561
v 0.17922757048159776 0.3217631179893166 -0.07520192555520969
v 0.20283287574125616 0.313798468686124 -0.1426567175222848
v 0.23624957251269782 0.37472359051635284 -0.14240003656385591
v 0.20850510060384803 0.3522352143613348 -0.074978184560561
v 0.14445713528479137 0.15184393226919768 -0.19285361656752742
v 0.1626742086653063 0.18093259276875417 -0.14296560336463138
v 0.17356925187347616 0.14649304251721584 -0.14288169769702547
v 0.1626742086653063 0.18093259276875417 -0.14296560336463138
v 0.14419180394949876 0.15184393226919768 -0.09336036893156746
v 0.17356925187347616 0.14649304251721584 -0.14288169769702547
v 0.20598024832162845 0.23385344774270195 -0.07105463817319424
v 0.1887952153463995 0.19728694571836136 -0.21434394179142566
v 0.20636196682668745 0.23385344774270195 -0.2142090722288048
v 0.1887952153463995 0.19728694571836136 -0.21434394179142566
v 0.20598024832162845 0.23385344774270195 -0.07105463817319424
v 0.18841386767479304 0.19728694571836136 -0.07118950426289838
v 0.1329633705606289 0.23425491318182134 -0.08755118295612216
v 0.13326017911192242 0.23425491318182134 -0.19883558130671236
v 0.13326017911192242 0.26046470572477226 -0.19883558130671236
v 0.13326017911192242 0.26046470572477226 -0.19883558130671236
v 0.1329633705606289 0.26046470572477226 -0.08755118295612216
v 0.1329633705606289 0.23425491318182134 -0.08755118295612216
v 0.016057462055165356 0.2551854227134443 -0.21567084602294584
v 0.028092141904189162 0.23774016808710313 -0.08435230947725808
v 0.028410172490490937 0.23774016808710313 -0.20364663597167892
v 0.028410172490490937 0.23774016808710313 -0.20364663597167892
v 0.04094367514079618 0.22001911172155353 -0.21547942811524753
v 0.016057462055165356 0.2551854227134443 -0.21567084602294584
v 0.04094367514079618 0.22001911172155353 -0.21547942811524753
v 0.028410172490490937 0.23774016808710313 -0.20364663597167892
v 0.040911835271492406 0.22001911172155353 -0.20355030189282278
v 0.028092141904189162 0.23774016808710313 -0.08435230947725808
v 0.016057462055165356 0.2551854227134443 -0.21567084602294584
v 0.015675751730256034 0.2551854227134443 -0.07251765556092557
v 0.04056196208917029 0.22001911172155353 -0.07232623273326194
v 0.028092141904189162 0.23774016808710313 -0.08435230947725808
v 0.015675751730256034 0.2551854227134443 -0.07251765556092557
v 0.028092141904189162 0.23774016808710313 -0.08435230947725808
v 0.04056196208917029 0.22001911172155353 -0.07232623273326194
v 0.04059380195847407 0.22001911172155353 -0.08425659820813113
v 0.13323126500949053 -0.15490058878885338 -0.20451984762589817
v 0.16086264362218178 -0.19901997014035716 -0.14297927739534
v 0.14468477249031989 -0.19606570396380493 -0.20443221899158392
v 0.16086264362218178 -0.19901997014035716 -0.14297927739534
v 0.13323126500949053 -0.15490058878885338 -0.20451984762589817
v 0.14389756941864051 -0.14403653109775405 -0.1431097896051343
v 0.16086264362218178 -0.19901997014035716 -0.14297927739534
v 0.13290445166914 -0.15490058878885338 -0.08186754176194333
v 0.14435795914996935 -0.19606570396380493 -0.08177928800262207
v 0.13290445166914 -0.15490058878885338 -0.08186754176194333
v 0.16086264362218178 -0.19901997014035716 -0.14297927739534
v 0.14389756941864051 -0.14403653109775405 -0.1431097896051343
v 0.05727122392493966 0.33582215024136275 -0.14377604320703685
v 0.021954762373074987 0.2638661394231757 -0.07641074815875873
v 0.04328883407481091 0.2507098424982949 -0.14388356007768485
v 0.021954762373074987 0.2638661394231757 -0.07641074815875873
v 0.05727122392493966 0.33582215024136275 -0.14377604320703685
v 0.03366592139199783 0.3278575463451078 -0.07632063031139577
v 0.011300169893241348 0.2287722297933475 -0.14412905361376627
v -0.012921433979052587 0.23440879729347386 -0.07667923732339617
v 0.004644938146793549 0.1961610125892403 -0.07654374972630659
v 0.030238943115126697 0.18434013370026986 -0.14398362638436057
v 0.011300169893241348 0.2287722297933475 -0.14412905361376627
v 0.004644938146793549 0.1961610125892403 -0.07654374972630659
v 0.030238943115126697 0.18434013370026986 -0.14398362638436057
v 0.004644938146793549 0.1961610125892403 -0.07654374972630659
v 0.004901851767217231 0.16826762161257686 -0.0765418852041503
v 0.004901851767217231 0.16826762161257686 -0.0765418852041503
v 0.01759272209219029 0.14357153744616885 -0.1440812014521195
v 0.030238943115126697 0.18434013370026986 -0.14398362638436057
v 0.05727122392493966 0.33582215024136275 -0.14377604320703685
v 0.022315246572901223 0.2638661394231757 -0.21168079812828083
v 0.034026404228465784 0.3278575463451078 -0.2115906782550498
v 0.022315246572901223 0.2638661394231757 -0.21168079812828083
v 0.05727122392493966 0.33582215024136275 -0.14377604320703685
v 0.04328883407481091 0.2507098424982949 -0.14388356007768485
v 0.011300169893241348 0.2287722297933475 -0.14412905361376627
v 0.005005788408318339 0.1961610125892403 -0.2118138062075475
v -0.012560949779226352 0.23440879729347386 -0.21194928700350854
v 0.005005788408318339 0.1961610125892403 -0.2118138062075475
v 0.011300169893241348 0.2287722297933475 -0.14412905361376627
v 0.030238943115126697 0.18434013370026986 -0.14398362638436057
v 0.030238943115126697 0.18434013370026986 -0.14398362638436057
v 0.005262701687902451 0.16826762161257686 -0.21181193546308213
v 0.005005788408318339 0.1961610125892403 -0.2118138062075475
v 0.005262701687902451 0.16826762161257686 -0.21181193546308213
v 0.030238943115126697 0.18434013370026986 -0.14398362638436057
v 0.01759272209219029 0.14357153744616885 -0.1440812014521195
v 0.12403507528860543 0.18509811171024781 -0.08361520721692355
v 0.12435273776817121 0.18509811171024781 -0.2029089143745319
v 0.13606389815045233 0.19728694571836136 -0.20281879450130086
v 0.13606389815045233 0.19728694571836136 -0.20281879450130086
v 0.135745864837434 0.19728694571836136 -0.08352508908015087
v 0.12403507528860543 0.18509811171024781 -0.08361520721692355
v 0.14345144586836825 -0.10310224439610231 -0.18329740004388745
v 0.16750798999857072 -0.12265655762388304 -0.14292831350032506
v 0.14721950639336304 -0.12265655762388304 -0.18658887305851032
v 0.16750798999857072 -0.12265655762388304 -0.14292831350032506
v 0.14345144586836825 -0.10310224439610231 -0.18329740004388745
v 0.162191132652175 -0.10310224439610231 -0.14296933096189532
v 0.16750798999857072 -0.12265655762388304 -0.14292831350032506
v 0.162191132652175 -0.10310224439610231 -0.14296933096189532
v 0.14323734408385747 -0.10310224439610231 -0.10293150973593002
v 0.16750798999857072 -0.12265655762388304 -0.14292831350032506
v 0.14323734408385747 -0.10310224439610231 -0.10293150973593002
v 0.1469882153876404 -0.12265655762388304 -0.09958285399011149
v 0.18001222134657435 0.2551854227134443 -0.21441168681996178
v 0.17963050284151533 0.2551854227134443 -0.07125724813379561
v 0.20636196682668745 0.23385344774270195 -0.2142090722288048
v 0.20636196682668745 0.23385344774270195 -0.2142090722288048
v 0.17963050284151533 0.2551854227134443 -0.07125724813379561
v 0.20598024832162845 0.23385344774270195 -0.07105463817319424
v -0.010292278653193768 0.23385344774270195 -0.2158734606141028
v -0.010673988978103092 0.23385344774270195 -0.07272026537682208
v 0.016057462055165356 0.2551854227134443 -0.21567084602294584
v 0.016057462055165356 0.2551854227134443 -0.21567084602294584
v -0.010673988978103092 0.23385344774270195 -0.07272026537682208
v 0.015675751730256034 0.2551854227134443 -0.07251765556092557
v 0.16727780058633945 0.23774016808710313 -0.08328270322570147
v 0.16759582299249154 0.23774016808710313 -0.20257641269858762
v 0.1331361135083152 0.26127985106923546 -0.20284116934599578
v 0.1331361135083152 0.26127985106923546 -0.20284116934599578
v 0.13281808019529684 0.26127985106923546 -0.08354746334602633
v 0.16727780058633945 0.23774016808710313 -0.08328270322570147
v 0.028092141904189162 0.23774016808710313 -0.08435230947725808
v 0.06286989288153354 0.26127985106923546 -0.20338124956870815
v 0.028410172490490937 0.23774016808710313 -0.20364663597167892
v 0.06286989288153354 0.26127985106923546 -0.20338124956870815
v 0.028092141904189162 0.23774016808710313 -0.08435230947725808
v 0.0625518595685152 0.26127985106923546 -0.08408754877811377
v 0.1329633705606289 0.26046470572477226 -0.08755118295612216
v 0.13326017911192242 0.26046470572477226 -0.19883558130671236
v 0.09799239081406196 0.29479911621221166 -0.19910656142085686
v 0.09799239081406196 0.29479911621221166 -0.19910656142085686
v 0.09769558226276842 0.29479911621221166 -0.08782278009180133
v 0.1329633705606289 0.26046470572477226 -0.08755118295612216
v 0.06272386630272953 0.26046470572477226 -0.19937753227389013
v 0.09769558226276842 0.29479911621221166 -0.08782278009180133
v 0.09799239081406196 0.29479911621221166 -0.19910656142085686
v 0.09769558226276842 0.29479911621221166 -0.08782278009180133
v 0.06272386630272953 0.26046470572477226 -0.19937753227389013
v 0.062427793964907954 0.26046470572477226 -0.08809251227120964
v 0.1882854284178191 0.20021760028734226 -0.07931875893063423
v 0.18862358489907086 0.20021760028734226 -0.20621716852267594
v 0.17291927899296922 0.21656205452454447 -0.20633773892958118
v 0.17291927899296922 0.21656205452454447 -0.20633773892958118
v 0.1725807516782649 0.21656205452454447 -0.07943933049517836
v 0.1882854284178191 0.20021760028734226 -0.07931875893063423
v 0.007401817989047313 0.20021760028734226 -0.20761057679382947
v 0.007063658099399833 0.20021760028734226 -0.08071154670733634
v 0.02310648245837696 0.21656205452454447 -0.20748938589247284
v 0.02310648245837696 0.21656205452454447 -0.20748938589247284
v 0.007063658099399833 0.20021760028734226 -0.08071154670733634
v 0.022767956507030923 0.21656205452454447 -0.0805909751427922
v 0.02059663393404416 -0.1454595772510994 -0.1440575809879662
v 0.03671631284438113 -0.1460522591089265 -0.1046891181514382
v 0.0464845131658097 -0.1277781522735646 -0.14385870325518438
v 0.03671631284438113 -0.1460522591089265 -0.1046891181514382
v 0.06172329220657821 -0.1277781522735646 -0.10990663372651029
v 0.0464845131658097 -0.1277781522735646 -0.14385870325518438
v 0.15897202561246868 -0.1460522591089265 -0.1822383549320324
v 0.14920272369754872 -0.1277781522735646 -0.14306939263801544
v 0.1750906070193891 -0.1454595772510994 -0.1428698897802266
v 0.14920272369754872 -0.1277781522735646 -0.14306939263801544
v 0.15897202561246868 -0.1460522591089265 -0.1822383549320324
v 0.13396394465678022 -0.1277781522735646 -0.1770227008403145
v 0.14920272369754872 -0.1277781522735646 -0.14306939263801544
v 0.15876269012850966 -0.1460522591089265 -0.10375065039232179
v 0.1750906070193891 -0.1454595772510994 -0.1428698897802266
v 0.15876269012850966 -0.1460522591089265 -0.10375065039232179
v 0.14920272369754872 -0.1277781522735646 -0.14306939263801544
v 0.13378351236838684 -0.1277781522735646 -0.10935225434808228
v 0.0464845131658097 -0.1277781522735646 -0.14385870325518438
v 0.03692528294832073 -0.1460522591089265 -0.18317682037587102
v 0.02059663393404416 -0.1454595772510994 -0.1440575809879662
v 0.03692528294832073 -0.1460522591089265 -0.18317682037587102
v 0.0464845131658097 -0.1277781522735646 -0.14385870325518438
v 0.061903719041538456 -0.1277781522735646 -0.1775764597242911
v 0.09800300319492436 0.2308062335648064 -0.20311151970457766
v 0.13281808019529684 0.26127985106923546 -0.08354746334602633
v 0.1331361135083152 0.26127985106923546 -0.20284116934599578
v 0.13281808019529684 0.26127985106923546 -0.08354746334602633
v 0.09800300319492436 0.2308062335648064 -0.20311151970457766
v 0.09768496988190602 0.2308062335648064 -0.08381781659870546
v 0.06286989288153354 0.26127985106923546 -0.20338124956870815
v 0.0625518595685152 0.26127985106923546 -0.08408754877811377
v 0.09800300319492436 0.2308062335648064 -0.20311151970457766
v 0.09800300319492436 0.2308062335648064 -0.20311151970457766
v 0.0625518595685152 0.26127985106923546 -0.08408754877811377
v 0.09768496988190602 0.2308062335648064 -0.08381781659870546
v 0.18837141815134342 0.27605499613475803 -0.21040423729732421
v 0.20935673053447315 0.28919226755276883 -0.14260699461617263
v 0.23228789329801197 0.23812487836623442 -0.2100667624046576
v 0.20935673053447315 0.28919226755276883 -0.14260699461617263
v 0.2562460029602975 0.2432860806362368 -0.1422465243843597
v 0.23228789329801197 0.23812487836623442 -0.2100667624046576
v 0.20935673053447315 0.28919226755276883 -0.14260699461617263
v 0.23192705053495774 0.23812487836623442 -0.07479794879348266
v 0.2562460029602975 0.2432860806362368 -0.1422465243843597
v 0.23192705053495774 0.23812487836623442 -0.07479794879348266
v 0.20935673053447315 0.28919226755276883 -0.14260699461617263
v 0.18801094622174172 0.27605499613475803 -0.07513542477143575
v 0.007676664201785797 0.27605499613475803 -0.21179329284620677
v -0.03623981367159931 0.23812487836623442 -0.21213138823332478
v -0.013668385260831944 0.28919226755276883 -0.1443211012770272
v -0.013668385260831944 0.28919226755276883 -0.1443211012770272
v -0.03623981367159931 0.23812487836623442 -0.21213138823332478
v -0.06055876609693907 0.2432860806362368 -0.1446815715088401
v -0.03660029923478383 0.23812487836623442 -0.07686071617759781
v -0.013668385260831944 0.28919226755276883 -0.1443211012770272
v -0.06055876609693907 0.2432860806362368 -0.1446815715088401
v -0.013668385260831944 0.28919226755276883 -0.1443211012770272
v -0.03660029923478383 0.23812487836623442 -0.07686071617759781
v 0.007315814621940147 0.27605499613475803 -0.07652324012729228
v 0.17291927899296922 0.21656205452454447 -0.20633773892958118
v 0.09801324474233422 0.17962457781970786 -0.2069138726582527
v 0.1725807516782649 0.21656205452454447 -0.07943933049517836
v 0.09801324474233422 0.17962457781970786 -0.2069138726582527
v 0.09767508826108244 0.17962457781970786 -0.08001546364503043
v 0.1725807516782649 0.21656205452454447 -0.07943933049517836
v 0.02310648245837696 0.21656205452454447 -0.20748938589247284
v 0.022767956507030923 0.21656205452454447 -0.0805909751427922
v 0.09801324474233422 0.17962457781970786 -0.2069138726582527
v 0.09801324474233422 0.17962457781970786 -0.2069138726582527
v 0.022767956507030923 0.21656205452454447 -0.0805909751427922
v 0.09767508826108244 0.17962457781970786 -0.08001546364503043
v 0.20850510060384803 0.3522352143613348 -0.074978184560561
v 0.138417109078477 0.33582215024136275 -0.14315205268616293
v 0.16166082990817607 0.3278575463451078 -0.0753367915725614
v 0.138417109078477 0.33582215024136275 -0.14315205268616293
v 0.20850510060384803 0.3522352143613348 -0.074978184560561
v 0.23624957251269782 0.37472359051635284 -0.14240003656385591
v 0.138417109078477 0.33582215024136275 -0.14315205268616293
v 0.20886557253344973 0.3522352143613348 -0.21024699289000845
v 0.16202168357809657 0.3278575463451078 -0.21060684262736998
v 0.138417109078477 0.33582215024136275 -0.14315205268616293
v 0.23624957251269782 0.37472359051635284 -0.14240003656385591
v 0.20886557253344973 0.3522352143613348 -0.21024699289000845
v 0.05727122392493966 0.33582215024136275 -0.14377604320703685
v -0.013178346576957559 0.3522352143613348 -0.07668110184555246
v 0.03366592139199783 0.3278575463451078 -0.07632063031139577
v -0.013178346576957559 0.3522352143613348 -0.07668110184555246
v 0.05727122392493966 0.33582215024136275 -0.14377604320703685
v -0.04056196208917029 0.37472359051635284 -0.14452805932934387
v -0.012817862377131324 0.3522352143613348 -0.21195115774797393
v 0.05727122392493966 0.33582215024136275 -0.14377604320703685
v 0.034026404228465784 0.3278575463451078 -0.2115906782550498
v 0.05727122392493966 0.33582215024136275 -0.14377604320703685
v -0.012817862377131324 0.3522352143613348 -0.21195115774797393
v -0.04056196208917029 0.37472359051635284 -0.14452805932934387
v 0.14323734408385747 -0.10310224439610231 -0.10293150973593002
v 0.15598128653832966 -0.09845829809412782 -0.14301718775409772
v 0.13885664488153357 -0.09845829809412782 -0.10684386848389205
v 0.15598128653832966 -0.09845829809412782 -0.14301718775409772
v 0.14323734408385747 -0.10310224439610231 -0.10293150973593002
v 0.162191132652175 -0.10310224439610231 -0.14296933096189532
v 0.162191132652175 -0.10310224439610231 -0.14296933096189532
v 0.14345144586836825 -0.10310224439610231 -0.18329740004388745
v 0.15598128653832966 -0.09845829809412782 -0.14301718775409772
v 0.13905024175749212 -0.09845829809412782 -0.17945339987307957
v 0.15598128653832966 -0.09845829809412782 -0.14301718775409772
v 0.14345144586836825 -0.10310224439610231 -0.18329740004388745
v 0.039705950325028765 -0.09845829809412782 -0.1439109081391021
v 0.05223579099499017 -0.10310224439610231 -0.10363132097431933
v 0.05663698965243318 -0.09845829809412782 -0.10747593700902303
v 0.033496109664616545 -0.10310224439610231 -0.1439587649313045
v 0.05223579099499017 -0.10310224439610231 -0.10363132097431933
v 0.039705950325028765 -0.09845829809412782 -0.1439109081391021
v 0.039705950325028765 -0.09845829809412782 -0.1439109081391021
v 0.05245025270608724 -0.10310224439610231 -0.18399720665172117
v 0.033496109664616545 -0.10310224439610231 -0.1439587649313045
v 0.05245025270608724 -0.10310224439610231 -0.18399720665172117
v 0.039705950325028765 -0.09845829809412782 -0.1439109081391021
v 0.056830591981824864 -0.09845829809412782 -0.18008547071348835
v 0.05178967289815103 -0.14403653109775405 -0.14381830628806552
v 0.06245597185386789 -0.15490058878885338 -0.08240887049821136
v 0.09784416650170834 -0.127609032715368 -0.1434640456313221
v 0.09784416650170834 -0.127609032715368 -0.1434640456313221
v 0.06245597185386789 -0.15490058878885338 -0.08240887049821136
v 0.09764983886571095 -0.13990299336213757 -0.07066930677773496
v 0.06278279064765156 -0.15490058878885338 -0.20506179859307594
v 0.09784416650170834 -0.127609032715368 -0.1434640456313221
v 0.09803813421111943 -0.13990299336213757 -0.216260028657319
v 0.09784416650170834 -0.127609032715368 -0.1434640456313221
v 0.06278279064765156 -0.15490058878885338 -0.20506179859307594
v 0.05178967289815103 -0.14403653109775405 -0.14381830628806552
v 0.09803813421111943 -0.13990299336213757 -0.216260028657319
v 0.09784416650170834 -0.127609032715368 -0.1434640456313221
v 0.13323126500949053 -0.15490058878885338 -0.20451984762589817
v 0.13323126500949053 -0.15490058878885338 -0.20451984762589817
v 0.09784416650170834 -0.127609032715368 -0.1434640456313221
v 0.14389756941864051 -0.14403653109775405 -0.1431097896051343
v 0.09784416650170834 -0.127609032715368 -0.1434640456313221
v 0.13290445166914 -0.15490058878885338 -0.08186754176194333
v 0.14389756941864051 -0.14403653109775405 -0.1431097896051343
v 0.13290445166914 -0.15490058878885338 -0.08186754176194333
v 0.09784416650170834 -0.127609032715368 -0.1434640456313221
v 0.09764983886571095 -0.13990299336213757 -0.07066930677773496
v 0.13396394465678022 -0.1277781522735646 -0.1770227008403145
v 0.13378351236838684 -0.1277781522735646 -0.10935225434808228
v 0.14920272369754872 -0.1277781522735646 -0.14306939263801544
v 0.13396394465678022 -0.1277781522735646 -0.1770227008403145
v 0.09769960689641512 -0.1277781522735646 -0.08932868076560299
v 0.13378351236838684 -0.1277781522735646 -0.10935225434808228
v 0.09798836618041527 -0.1277781522735646 -0.197600037937326
v 0.09769960689641512 -0.1277781522735646 -0.08932868076560299
v 0.13396394465678022 -0.1277781522735646 -0.1770227008403145
v 0.09769960689641512 -0.1277781522735646 -0.08932868076560299
v 0.09798836618041527 -0.1277781522735646 -0.197600037937326
v 0.061903719041538456 -0.1277781522735646 -0.1775764597242911
v 0.061903719041538456 -0.1277781522735646 -0.1775764597242911
v 0.06172329220657821 -0.1277781522735646 -0.10990663372651029
v 0.09769960689641512 -0.1277781522735646 -0.08932868076560299
v 0.06172329220657821 -0.1277781522735646 -0.10990663372651029
v 0.061903719041538456 -0.1277781522735646 -0.1775764597242911
v 0.0464845131658097 -0.1277781522735646 -0.14385870325518438
v 0.05769392497993751 -0.14012467783599986 -0.11453931244364675
v 0.09768021448822051 -0.12265655762388304 -0.08194212206937541
v 0.048467725016562255 -0.12265655762388304 -0.10034046382359225
v 0.09768021448822051 -0.12265655762388304 -0.08194212206937541
v 0.13783776906381276 -0.14012467783599986 -0.11392278174785635
v 0.1469882153876404 -0.12265655762388304 -0.09958285399011149
v 0.09768021448822051 -0.12265655762388304 -0.08194212206937541
v 0.05769392497993751 -0.14012467783599986 -0.11453931244364675
v 0.09772705947876935 -0.14012467783599986 -0.09957228706221542
v 0.13783776906381276 -0.14012467783599986 -0.11392278174785635
v 0.09768021448822051 -0.12265655762388304 -0.08194212206937541
v 0.09772705947876935 -0.14012467783599986 -0.09957228706221542
v 0.05100319513307737 -0.19606570396380493 -0.08249712367871316
v 0.09768057441480679 -0.25733743965248745 -0.08213851666671276
v 0.09764983886571095 -0.23905418864031713 -0.07066930677773496
v 0.09764983886571095 -0.23905418864031713 -0.07066930677773496
v 0.09764983886571095 -0.19606570396380493 -0.07066930677773496
v 0.05100319513307737 -0.19606570396380493 -0.08249712367871316
v 0.14435795914996935 -0.19606570396380493 -0.08177928800262207
v 0.09764983886571095 -0.23905418864031713 -0.07066930677773496
v 0.09768057441480679 -0.25733743965248745 -0.08213851666671276
v 0.09764983886571095 -0.23905418864031713 -0.07066930677773496
v 0.14435795914996935 -0.19606570396380493 -0.08177928800262207
v 0.09764983886571095 -0.19606570396380493 -0.07066930677773496
v 0.14419180394949876 0.15184393226919768 -0.09336036893156746
v 0.1626742086653063 0.18093259276875417 -0.14296560336463138
v 0.14043618815889658 0.18040771127313687 -0.12059150881972899
v 0.051230461505153334 0.15184393226919768 -0.09407509750484598
v 0.05513100773450128 0.18040771127313687 -0.12124781598818687
v 0.03301302274461901 0.18093259276875417 -0.1439624925285684
v 0.14043618815889658 0.18040771127313687 -0.12059150881972899
v 0.09770070848990649 0.16457669598326735 -0.08967547928198509
v 0.14419180394949876 0.15184393226919768 -0.09336036893156746
v 0.051230461505153334 0.15184393226919768 -0.09407509750484598
v 0.09770070848990649 0.16457669598326735 -0.08967547928198509
v 0.05513100773450128 0.18040771127313687 -0.12124781598818687
v 0.0976659374002977 0.14100425189562976 -0.07660590003073495
v 0.14419180394949876 0.15184393226919768 -0.09336036893156746
v 0.09770070848990649 0.16457669598326735 -0.08967547928198509
v 0.09770070848990649 0.16457669598326735 -0.08967547928198509
v 0.051230461505153334 0.15184393226919768 -0.09407509750484598
v 0.0976659374002977 0.14100425189562976 -0.07660590003073495
v 0.15474465513590394 0.22001911172155353 -0.07144867096145925
v 0.20598024832162845 0.23385344774270195 -0.07105463817319424
v 0.17963050284151533 0.2551854227134443 -0.07125724813379561
v 0.20598024832162845 0.23385344774270195 -0.07105463817319424
v 0.15474465513590394 0.22001911172155353 -0.07144867096145925
v 0.18841386767479304 0.19728694571836136 -0.07118950426289838
v 0.04056196208917029 0.22001911172155353 -0.07232623273326194
v -0.010673988978103092 0.23385344774270195 -0.07272026537682208
v 0.006892748868602028 0.19728694571836136 -0.0725847777797325
v -0.010673988978103092 0.23385344774270195 -0.07272026537682208
v 0.04056196208917029 0.22001911172155353 -0.07232623273326194
v 0.015675751730256034 0.2551854227134443 -0.07251765556092557
v 0.18801094622174172 0.27605499613475803 -0.07513542477143575
v 0.2082481784624351 0.23440879729347386 -0.0749800490827173
v 0.23192705053495774 0.23812487836623442 -0.07479794879348266
v 0.2082481784624351 0.23440879729347386 -0.0749800490827173
v 0.215667945063257 0.19752158606860165 -0.07492287083737237
v 0.23192705053495774 0.23812487836623442 -0.07479794879348266
v 0.2082481784624351 0.23440879729347386 -0.0749800490827173
v 0.19068144879587964 0.1961610125892403 -0.07511491517242144
v 0.215667945063257 0.19752158606860165 -0.07492287083737237
v 0.1904252683213718 0.16826762161257686 -0.0751167796222253
v 0.215667945063257 0.19752158606860165 -0.07492287083737237
v 0.19068144879587964 0.1961610125892403 -0.07511491517242144
v 0.2082481784624351 0.23440879729347386 -0.0749800490827173
v 0.18801094622174172 0.27605499613475803 -0.07513542477143575
v 0.1733719902904572 0.2638661394231757 -0.07524667372519844
v 0.17922757048159776 0.3217631179893166 -0.07520192555520969
v 0.1733719902904572 0.2638661394231757 -0.07524667372519844
v 0.18801094622174172 0.27605499613475803 -0.07513542477143575
v 0.1733719902904572 0.2638661394231757 -0.07524667372519844
v 0.17922757048159776 0.3217631179893166 -0.07520192555520969
v 0.16166082990817607 0.3278575463451078 -0.0753367915725614
v 0.17922757048159776 0.3217631179893166 -0.07520192555520969
v 0.20850510060384803 0.3522352143613348 -0.074978184560561
v 0.16166082990817607 0.3278575463451078 -0.0753367915725614
v 0.021954762373074987 0.2638661394231757 -0.07641074815875873
v 0.016099183545292706 0.3217631179893166 -0.07645611790848535
v 0.007315814621940147 0.27605499613475803 -0.07652324012729228
v 0.016099183545292706 0.3217631179893166 -0.07645611790848535
v 0.021954762373074987 0.2638661394231757 -0.07641074815875873
v 0.03366592139199783 0.3278575463451078 -0.07632063031139577
v 0.03366592139199783 0.3278575463451078 -0.07632063031139577
v -0.013178346576957559 0.3522352143613348 -0.07668110184555246
v 0.016099183545292706 0.3217631179893166 -0.07645611790848535
v -0.012921433979052587 0.23440879729347386 -0.07667923732339617
v 0.021954762373074987 0.2638661394231757 -0.07641074815875873
v 0.007315814621940147 0.27605499613475803 -0.07652324012729228
v 0.007315814621940147 0.27605499613475803 -0.07652324012729228
v -0.03660029923478383 0.23812487836623442 -0.07686071617759781
v -0.012921433979052587 0.23440879729347386 -0.07667923732339617
v -0.02034118421957513 0.19752158606860165 -0.07673579406135567
v -0.012921433979052587 0.23440879729347386 -0.07667923732339617
v -0.03660029923478383 0.23812487836623442 -0.07686071617759781
v -0.012921433979052587 0.23440879729347386 -0.07667923732339617
v -0.02034118421957513 0.19752158606860165 -0.07673579406135567
v 0.004644938146793549 0.1961610125892403 -0.07654374972630659
v -0.02034118421957513 0.19752158606860165 -0.07673579406135567
v 0.004901851767217231 0.16826762161257686 -0.0765418852041503
v 0.004644938146793549 0.1961610125892403 -0.07654374972630659
v 0.1882854284178191 0.20021760028734226 -0.07931875893063423
v 0.09767508826108244 0.17962457781970786 -0.08001546364503043
v 0.09767508826108244 0.15219969562558522 -0.08001546364503043
v 0.09767508826108244 0.17962457781970786 -0.08001546364503043
v 0.1882854284178191 0.20021760028734226 -0.07931875893063423
v 0.1725807516782649 0.21656205452454447 -0.07943933049517836
v 0.09767508826108244 0.17962457781970786 -0.08001546364503043
v 0.007063658099399833 0.20021760028734226 -0.08071154670733634
v 0.09767508826108244 0.15219969562558522 -0.08001546364503043
v 0.007063658099399833 0.20021760028734226 -0.08071154670733634
v 0.09767508826108244 0.17962457781970786 -0.08001546364503043
v 0.022767956507030923 0.21656205452454447 -0.0805909751427922
v 0.13290445166914 -0.15490058878885338 -0.08186754176194333
v 0.09764983886571095 -0.19606570396380493 -0.07066930677773496
v 0.14435795914996935 -0.19606570396380493 -0.08177928800262207
v 0.09764983886571095 -0.19606570396380493 -0.07066930677773496
v 0.13290445166914 -0.15490058878885338 -0.08186754176194333
v 0.09764983886571095 -0.13990299336213757 -0.07066930677773496
v 0.09764983886571095 -0.19606570396380493 -0.07066930677773496
v 0.06245597185386789 -0.15490058878885338 -0.08240887049821136
v 0.05100319513307737 -0.19606570396380493 -0.08249712367871316
v 0.06245597185386789 -0.15490058878885338 -0.08240887049821136
v 0.09764983886571095 -0.19606570396380493 -0.07066930677773496
v 0.09764983886571095 -0.13990299336213757 -0.07066930677773496
v 0.13281808019529684 0.26127985106923546 -0.08354746334602633
v 0.13281808019529684 0.23385344774270195 -0.08354746334602633
v 0.16727780058633945 0.23774016808710313 -0.08328270322570147
v 0.13281808019529684 0.23385344774270195 -0.08354746334602633
v 0.15477650318535738 0.22001911172155353 -0.08337841449482843
v 0.16727780058633945 0.23774016808710313 -0.08328270322570147
v 0.09768496988190602 0.2308062335648064 -0.08381781659870546
v 0.13281808019529684 0.23385344774270195 -0.08354746334602633
v 0.13281808019529684 0.26127985106923546 -0.08354746334602633
v 0.13281808019529684 0.23385344774270195 -0.08354746334602633
v 0.09768496988190602 0.2308062335648064 -0.08381781659870546
v 0.1152517104553277 0.21861739955669285 -0.08368232943573048
v 0.1152517104553277 0.21861739955669285 -0.08368232943573048
v 0.12403507528860543 0.18509811171024781 -0.08361520721692355
v 0.135745864837434 0.19728694571836136 -0.08352508908015087
v 0.12403507528860543 0.18509811171024781 -0.08361520721692355
v 0.1152517104553277 0.21861739955669285 -0.08368232943573048
v 0.09768496988190602 0.2094757797264749 -0.08381781659870546
v 0.09768496988190602 0.2308062335648064 -0.08381781659870546
v 0.09768496988190602 0.2094757797264749 -0.08381781659870546
v 0.1152517104553277 0.21861739955669285 -0.08368232943573048
v 0.09768496988190602 0.2094757797264749 -0.08381781659870546
v 0.09768496988190602 0.2308062335648064 -0.08381781659870546
v 0.08011859468850376 0.21861739955669285 -0.08395268268840962
v 0.08011859468850376 0.21861739955669285 -0.08395268268840962
v 0.07133522985522604 0.18509811171024781 -0.08402042655930685
v 0.09768496988190602 0.2094757797264749 -0.08381781659870546
v 0.08011859468850376 0.21861739955669285 -0.08395268268840962
v 0.059624069472944914 0.19728694571836136 -0.08410992304398923
v 0.07133522985522604 0.18509811171024781 -0.08402042655930685
v 0.09768496988190602 0.2308062335648064 -0.08381781659870546
v 0.0625518595685152 0.23385344774270195 -0.08408754877811377
v 0.08011859468850376 0.21861739955669285 -0.08395268268840962
v 0.0625518595685152 0.23385344774270195 -0.08408754877811377
v 0.09768496988190602 0.2308062335648064 -0.08381781659870546
v 0.0625518595685152 0.26127985106923546 -0.08408754877811377
v 0.028092141904189162 0.23774016808710313 -0.08435230947725808
v 0.0625518595685152 0.23385344774270195 -0.08408754877811377
v 0.0625518595685152 0.26127985106923546 -0.08408754877811377
v 0.0625518595685152 0.23385344774270195 -0.08408754877811377
v 0.028092141904189162 0.23774016808710313 -0.08435230947725808
v 0.04059380195847407 0.22001911172155353 -0.08425659820813113
v 0.09769558226276842 0.2673742794250266 -0.08782278009180133
v 0.1329633705606289 0.23425491318182134 -0.08755118295612216
v 0.1329633705606289 0.26046470572477226 -0.08755118295612216
v 0.1329633705606289 0.26046470572477226 -0.08755118295612216
v 0.09769558226276842 0.29479911621221166 -0.08782278009180133
v 0.09769558226276842 0.2673742794250266 -0.08782278009180133
v 0.09769558226276842 0.29479911621221166 -0.08782278009180133
v 0.062427793964907954 0.26046470572477226 -0.08809251227120964
v 0.09769558226276842 0.2673742794250266 -0.08782278009180133
v 0.062427793964907954 0.23425491318182134 -0.08809251227120964
v 0.09769558226276842 0.2673742794250266 -0.08782278009180133
v 0.062427793964907954 0.26046470572477226 -0.08809251227120964
v 0.09769960689641512 -0.1277781522735646 -0.08932868076560299
v 0.09767654978116011 -0.2959074773931323 -0.08067425626421057
v 0.1616128942310021 -0.19778813668093165 -0.10372889835735608
v 0.09769960689641512 -0.1277781522735646 -0.08932868076560299
v 0.03386500987511386 -0.19778813668093165 -0.10471087250168173
v 0.09767654978116011 -0.2959074773931323 -0.08067425626421057
v 0.09769960689641512 -0.1277781522735646 -0.08932868076560299
v 0.1616128942310021 -0.19778813668093165 -0.10372889835735608
v 0.15396916603857833 -0.17308251705761984 -0.1037879402566281
v 0.03386500987511386 -0.19778813668093165 -0.10471087250168173
v 0.09769960689641512 -0.1277781522735646 -0.08932868076560299
v 0.04150946882757646 -0.17308251705761984 -0.10465245109686108
v 0.15396916603857833 -0.17308251705761984 -0.1037879402566281
v 0.13378351236838684 -0.1277781522735646 -0.10935225434808228
v 0.09769960689641512 -0.1277781522735646 -0.08932868076560299
v 0.13378351236838684 -0.1277781522735646 -0.10935225434808228
v 0.15396916603857833 -0.17308251705761984 -0.1037879402566281
v 0.15876269012850966 -0.1460522591089265 -0.10375065039232179
v 0.06172329220657821 -0.1277781522735646 -0.10990663372651029
v 0.04150946882757646 -0.17308251705761984 -0.10465245109686108
v 0.09769960689641512 -0.1277781522735646 -0.08932868076560299
v 0.04150946882757646 -0.17308251705761984 -0.10465245109686108
v 0.06172329220657821 -0.1277781522735646 -0.10990663372651029
v 0.03671631284438113 -0.1460522591089265 -0.1046891181514382
v 0.05467464263681915 0.12789517818589174 -0.10576183266344628
v 0.02211835309661825 0.14649304251721584 -0.14404639819617435
v 0.03693626070920255 0.11743180780799223 -0.14393203736433863
v 0.05467464263681915 0.12789517818589174 -0.10576183266344628
v 0.051230461505153334 0.15184393226919768 -0.09407509750484598
v 0.02211835309661825 0.14649304251721584 -0.14404639819617435
v 0.05467464263681915 0.12789517818589174 -0.10576183266344628
v 0.0976659374002977 0.14100425189562976 -0.07660590003073495
v 0.051230461505153334 0.15184393226919768 -0.09407509750484598
v 0.0976659374002977 0.14100425189562976 -0.07660590003073495
v 0.05467464263681915 0.12789517818589174 -0.10576183266344628
v 0.09770070848990649 0.11743180780799223 -0.08967547928198509
v 0.17356925187347616 0.14649304251721584 -0.14288169769702547
v 0.14080984648979597 0.12789517818589174 -0.10509993178381467
v 0.15875097615415587 0.11743180780799223 -0.14299605852886116
v 0.09770070848990649 0.11743180780799223 -0.08967547928198509
v 0.14080984648979597 0.12789517818589174 -0.10509993178381467
v 0.0976659374002977 0.14100425189562976 -0.07660590003073495
v 0.14080984648979597 0.12789517818589174 -0.10509993178381467
v 0.17356925187347616 0.14649304251721584 -0.14288169769702547
v 0.14419180394949876 0.15184393226919768 -0.09336036893156746
v 0.14419180394949876 0.15184393226919768 -0.09336036893156746
v 0.0976659374002977 0.14100425189562976 -0.07660590003073495
v 0.14080984648979597 0.12789517818589174 -0.10509993178381467
v 0.13885664488153357 -0.09845829809412782 -0.10684386848389205
v 0.09769265922261311 -0.10310224439610231 -0.0866381959868743
v 0.14323734408385747 -0.10310224439610231 -0.10293150973593002
v 0.09769265922261311 -0.10310224439610231 -0.0866381959868743
v 0.13885664488153357 -0.09845829809412782 -0.10684386848389205
v 0.0977072962371222 -0.09845829809412782 -0.09212171382881293
v 0.05663698965243318 -0.09845829809412782 -0.10747593700902303
v 0.09769265922261311 -0.10310224439610231 -0.0866381959868743
v 0.0977072962371222 -0.09845829809412782 -0.09212171382881293
v 0.05223579099499017 -0.10310224439610231 -0.10363132097431933
v 0.09769265922261311 -0.10310224439610231 -0.0866381959868743
v 0.05663698965243318 -0.09845829809412782 -0.10747593700902303
v 0.14323734408385747 -0.10310224439610231 -0.10293150973593002
v 0.09768021448822051 -0.12265655762388304 -0.08194212206937541
v 0.1469882153876404 -0.12265655762388304 -0.09958285399011149
v 0.09768021448822051 -0.12265655762388304 -0.08194212206937541
v 0.14323734408385747 -0.10310224439610231 -0.10293150973593002
v 0.09769265922261311 -0.10310224439610231 -0.0866381959868743
v 0.05223579099499017 -0.10310224439610231 -0.10363132097431933
v 0.09768021448822051 -0.12265655762388304 -0.08194212206937541
v 0.09769265922261311 -0.10310224439610231 -0.0866381959868743
v 0.09768021448822051 -0.12265655762388304 -0.08194212206937541
v 0.05223579099499017 -0.10310224439610231 -0.10363132097431933
v 0.048467725016562255 -0.12265655762388304 -0.10034046382359225
v 0.05784982772613196 -0.14012467783599986 -0.17300593463979486
v 0.028179244138071137 -0.12265655762388304 -0.14399978239287475
v 0.048699752235756864 -0.12265655762388304 -0.1873458670280953
v 0.028179244138071137 -0.12265655762388304 -0.14399978239287475
v 0.05784982772613196 -0.14012467783599986 -0.17300593463979486
v 0.044060306718639496 -0.14012467783599986 -0.14387734587205975
v 0.044060306718639496 -0.14012467783599986 -0.14387734587205975
v 0.05769392497993751 -0.14012467783599986 -0.11453931244364675
v 0.028179244138071137 -0.12265655762388304 -0.14399978239287475
v 0.048467725016562255 -0.12265655762388304 -0.10034046382359225
v 0.028179244138071137 -0.12265655762388304 -0.14399978239287475
v 0.05769392497993751 -0.14012467783599986 -0.11453931244364675
v 0.09800738775515734 -0.25733743965248745 -0.20479081847893146
v 0.03482459324117665 -0.19901997014035716 -0.1439481980034084
v 0.051330373853447325 -0.19606570396380493 -0.2051494272273902
v 0.03482459324117665 -0.19901997014035716 -0.1439481980034084
v 0.09800738775515734 -0.25733743965248745 -0.20479081847893146
v 0.09784416650170834 -0.2803895656417402 -0.1434640456313221
v 0.03482459324117665 -0.19901997014035716 -0.1439481980034084
v 0.09784416650170834 -0.2803895656417402 -0.1434640456313221
v 0.09768057441480679 -0.25733743965248745 -0.08213851666671276
v 0.03482459324117665 -0.19901997014035716 -0.1439481980034084
v 0.09768057441480679 -0.25733743965248745 -0.08213851666671276
v 0.05100319513307737 -0.19606570396380493 -0.08249712367871316
v 0.09767654978116011 -0.2959074773931323 -0.08067425626421057
v 0.017672504455459436 -0.19808676108217 -0.1440805763271125
v 0.09784416650170834 -0.3257045996371734 -0.1434640456313221
v 0.017672504455459436 -0.19808676108217 -0.1440805763271125
v 0.09767654978116011 -0.2959074773931323 -0.08067425626421057
v 0.03386500987511386 -0.19778813668093165 -0.10471087250168173
v 0.025295370539461258 -0.17296443915422788 -0.14402153674311827
v 0.017672504455459436 -0.19808676108217 -0.1440805763271125
v 0.03386500987511386 -0.19778813668093165 -0.10471087250168173
v 0.025295370539461258 -0.17296443915422788 -0.14402153674311827
v 0.03386500987511386 -0.19778813668093165 -0.10471087250168173
v 0.04150946882757646 -0.17308251705761984 -0.10465245109686108
v 0.03671631284438113 -0.1460522591089265 -0.1046891181514382
v 0.025295370539461258 -0.17296443915422788 -0.14402153674311827
v 0.04150946882757646 -0.17308251705761984 -0.10465245109686108
v 0.025295370539461258 -0.17296443915422788 -0.14402153674311827
v 0.03671631284438113 -0.1460522591089265 -0.1046891181514382
v 0.02059663393404416 -0.1454595772510994 -0.1440575809879662
v 0.03692528294832073 -0.1460522591089265 -0.18317682037587102
v 0.04171880703825204 -0.17308251705761984 -0.1831401556365717
v 0.025295370539461258 -0.17296443915422788 -0.14402153674311827
v 0.034074348085789435 -0.19778813668093165 -0.18319857472611453
v 0.025295370539461258 -0.17296443915422788 -0.14402153674311827
v 0.04171880703825204 -0.17308251705761984 -0.1831401556365717
v 0.03692528294832073 -0.1460522591089265 -0.18317682037587102
v 0.025295370539461258 -0.17296443915422788 -0.14402153674311827
v 0.02059663393404416 -0.1454595772510994 -0.1440575809879662
v 0.025295370539461258 -0.17296443915422788 -0.14402153674311827
v 0.034074348085789435 -0.19778813668093165 -0.18319857472611453
v 0.017672504455459436 -0.19808676108217 -0.1440805763271125
v 0.034074348085789435 -0.19778813668093165 -0.18319857472611453
v 0.09801141238880402 -0.2959074773931323 -0.20625508351198926
v 0.017672504455459436 -0.19808676108217 -0.1440805763271125
v 0.09784416650170834 -0.3257045996371734 -0.1434640456313221
v 0.017672504455459436 -0.19808676108217 -0.1440805763271125
v 0.09801141238880402 -0.2959074773931323 -0.20625508351198926
v 0.05994210278596325 0.19728694571836136 -0.20340425416896568
v 0.059624069472944914 0.19728694571836136 -0.08410992304398923
v 0.08043662800152208 0.21861739955669285 -0.2032463892671985
v 0.08043662800152208 0.21861739955669285 -0.2032463892671985
v 0.059624069472944914 0.19728694571836136 -0.08410992304398923
v 0.08011859468850376 0.21861739955669285 -0.08395268268840962
v -0.012817862377131324 0.3522352143613348 -0.21195115774797393
v -0.0071456368328603114 0.313798468686124 -0.14427137837091503
v -0.04056196208917029 0.37472359051635284 -0.14452805932934387
v 0.016459667745118943 0.3217631179893166 -0.21172616831212204
v -0.013668385260831944 0.28919226755276883 -0.1443211012770272
v -0.0071456368328603114 0.313798468686124 -0.14427137837091503
v -0.013668385260831944 0.28919226755276883 -0.1443211012770272
v 0.016459667745118943 0.3217631179893166 -0.21172616831212204
v 0.007676664201785797 0.27605499613475803 -0.21179329284620677
v -0.019980700019748898 0.19752158606860165 -0.2120058446096972
v -0.06055876609693907 0.2432860806362368 -0.1446815715088401
v -0.03623981367159931 0.23812487836623442 -0.21213138823332478
v -0.06055876609693907 0.2432860806362368 -0.1446815715088401
v -0.019980700019748898 0.19752158606860165 -0.2120058446096972
v -0.043461939675800046 0.18917299840421758 -0.1445504341740388
v 0.01759272209219029 0.14357153744616885 -0.1440812014521195
v -0.019980700019748898 0.19752158606860165 -0.2120058446096972
v 0.005262701687902451 0.16826762161257686 -0.21181193546308213
v -0.02034118421957513 0.19752158606860165 -0.07673579406135567
v 0.01759272209219029 0.14357153744616885 -0.1440812014521195
v 0.004901851767217231 0.16826762161257686 -0.0765418852041503
v -0.02034118421957513 0.19752158606860165 -0.07673579406135567
v -0.06055876609693907 0.2432860806362368 -0.1446815715088401
v -0.043461939675800046 0.18917299840421758 -0.1445504341740388
v -0.06055876609693907 0.2432860806362368 -0.1446815715088401
v -0.02034118421957513 0.19752158606860165 -0.07673579406135567
v -0.03660029923478383 0.23812487836623442 -0.07686071617759781
v 0.016099183545292706 0.3217631179893166 -0.07645611790848535
v -0.013668385260831944 0.28919226755276883 -0.1443211012770272
v 0.007315814621940147 0.27605499613475803 -0.07652324012729228
v -0.013668385260831944 0.28919226755276883 -0.1443211012770272
v 0.016099183545292706 0.3217631179893166 -0.07645611790848535
v -0.0071456368328603114 0.313798468686124 -0.14427137837091503
v -0.04056196208917029 0.37472359051635284 -0.14452805932934387
v -0.0071456368328603114 0.313798468686124 -0.14427137837091503
v -0.013178346576957559 0.3522352143613348 -0.07668110184555246
v 0.03301302274461901 0.18093259276875417 -0.1439624925285684
v 0.05149542746042653 0.15184393226919768 -0.19356835208663936
v 0.02211835309661825 0.14649304251721584 -0.14404639819617435
v 0.02211835309661825 0.14649304251721584 -0.14404639819617435
v 0.051230461505153334 0.15184393226919768 -0.09407509750484598
v 0.03301302274461901 0.18093259276875417 -0.1439624925285684
v 0.007274093131812797 0.19728694571836136 -0.21573797055703056
v -0.010673988978103092 0.23385344774270195 -0.07272026537682208
v -0.010292278653193768 0.23385344774270195 -0.2158734606141028
v -0.010673988978103092 0.23385344774270195 -0.07272026537682208
v 0.007274093131812797 0.19728694571836136 -0.21573797055703056
v 0.006892748868602028 0.19728694571836136 -0.0725847777797325
v 0.062427793964907954 0.23425491318182134 -0.08809251227120964
v 0.06272386630272953 0.26046470572477226 -0.19937753227389013
v 0.06272386630272953 0.23425491318182134 -0.19937753227389013
v 0.06272386630272953 0.26046470572477226 -0.19937753227389013
v 0.062427793964907954 0.23425491318182134 -0.08809251227120964
v 0.062427793964907954 0.26046470572477226 -0.08809251227120964
v 0.16759582299249154 0.23774016808710313 -0.20257641269858762
v 0.1551260028075104 0.22001911172155353 -0.2146031047276601
v 0.15509453649837573 0.22001911172155353 -0.20267273751633255
v 0.1551260028075104 0.22001911172155353 -0.2146031047276601
v 0.16759582299249154 0.23774016808710313 -0.20257641269858762
v 0.18001222134657435 0.2551854227134443 -0.21441168681996178
v 0.16759582299249154 0.23774016808710313 -0.20257641269858762
v 0.17963050284151533 0.2551854227134443 -0.07125724813379561
v 0.18001222134657435 0.2551854227134443 -0.21441168681996178
v 0.17963050284151533 0.2551854227134443 -0.07125724813379561
v 0.16759582299249154 0.23774016808710313 -0.20257641269858762
v 0.16727780058633945 0.23774016808710313 -0.08328270322570147
v 0.16727780058633945 0.23774016808710313 -0.08328270322570147
v 0.15474465513590394 0.22001911172155353 -0.07144867096145925
v 0.17963050284151533 0.2551854227134443 -0.07125724813379561
v 0.15474465513590394 0.22001911172155353 -0.07144867096145925
v 0.16727780058633945 0.23774016808710313 -0.08328270322570147
v 0.15477650318535738 0.22001911172155353 -0.08337841449482843
v 0.05178967289815103 -0.14403653109775405 -0.14381830628806552
v 0.03482459324117665 -0.19901997014035716 -0.1439481980034084
v 0.06245597185386789 -0.15490058878885338 -0.08240887049821136
v 0.03482459324117665 -0.19901997014035716 -0.1439481980034084
v 0.05100319513307737 -0.19606570396380493 -0.08249712367871316
v 0.06245597185386789 -0.15490058878885338 -0.08240887049821136
v 0.03482459324117665 -0.19901997014035716 -0.1439481980034084
v 0.06278279064765156 -0.15490058878885338 -0.20506179859307594
v 0.051330373853447325 -0.19606570396380493 -0.2051494272273902
v 0.06278279064765156 -0.15490058878885338 -0.20506179859307594
v 0.03482459324117665 -0.19901997014035716 -0.1439481980034084
v 0.05178967289815103 -0.14403653109775405 -0.14381830628806552
v 0.138417109078477 0.33582215024136275 -0.14315205268616293
v 0.15239840278854752 0.2507098424982949 -0.14304453581551496
v 0.1733719902904572 0.2638661394231757 -0.07524667372519844
v 0.138417109078477 0.33582215024136275 -0.14315205268616293
v 0.1733719902904572 0.2638661394231757 -0.07524667372519844
v 0.16166082990817607 0.3278575463451078 -0.0753367915725614
v 0.1843877943217602 0.2287722297933475 -0.14279841715442654
v 0.19068144879587964 0.1961610125892403 -0.07511491517242144
v 0.2082481784624351 0.23440879729347386 -0.0749800490827173
v 0.16544829374823172 0.18434013370026986 -0.14294446950883924
v 0.19068144879587964 0.1961610125892403 -0.07511491517242144
v 0.1843877943217602 0.2287722297933475 -0.14279841715442654
v 0.16544829374823172 0.18434013370026986 -0.14294446950883924
v 0.1904252683213718 0.16826762161257686 -0.0751167796222253
v 0.19068144879587964 0.1961610125892403 -0.07511491517242144
v 0.17809451068109328 0.14357153744616885 -0.1428468944410803
v 0.1904252683213718 0.16826762161257686 -0.0751167796222253
v 0.16544829374823172 0.18434013370026986 -0.14294446950883924
v 0.17373247312692516 0.2638661394231757 -0.21051672275413894
v 0.138417109078477 0.33582215024136275 -0.14315205268616293
v 0.16202168357809657 0.3278575463451078 -0.21060684262736998
v 0.138417109078477 0.33582215024136275 -0.14315205268616293
v 0.17373247312692516 0.2638661394231757 -0.21051672275413894
v 0.15239840278854752 0.2507098424982949 -0.14304453581551496
v 0.1910422915589339 0.1961610125892403 -0.21038372393598348
v 0.1843877943217602 0.2287722297933475 -0.14279841715442654
v 0.20860867220576929 0.23440879729347386 -0.2102488543733626
v 0.1843877943217602 0.2287722297933475 -0.14279841715442654
v 0.1910422915589339 0.1961610125892403 -0.21038372393598348
v 0.16544829374823172 0.18434013370026986 -0.14294446950883924
v 0.19078611108442603 0.16826762161257686 -0.21038558541933763
v 0.16544829374823172 0.18434013370026986 -0.14294446950883924
v 0.1910422915589339 0.1961610125892403 -0.21038372393598348
v 0.16544829374823172 0.18434013370026986 -0.14294446950883924
v 0.19078611108442603 0.16826762161257686 -0.21038558541933763
v 0.17809451068109328 0.14357153744616885 -0.1428468944410803
v 0.07165325771481125 0.18509811171024781 -0.20331413429573464
v 0.07133522985522604 0.18509811171024781 -0.08402042655930685
v 0.05994210278596325 0.19728694571836136 -0.20340425416896568
v 0.05994210278596325 0.19728694571836136 -0.20340425416896568
v 0.07133522985522604 0.18509811171024781 -0.08402042655930685
v 0.059624069472944914 0.19728694571836136 -0.08410992304398923
v 0.048699752235756864 -0.12265655762388304 -0.1873458670280953
v 0.028179244138071137 -0.12265655762388304 -0.14399978239287475
v 0.05245025270608724 -0.10310224439610231 -0.18399720665172117
v 0.05245025270608724 -0.10310224439610231 -0.18399720665172117
v 0.028179244138071137 -0.12265655762388304 -0.14399978239287475
v 0.033496109664616545 -0.10310224439610231 -0.1439587649313045
v 0.028179244138071137 -0.12265655762388304 -0.14399978239287475
v 0.05223579099499017 -0.10310224439610231 -0.10363132097431933
v 0.033496109664616545 -0.10310224439610231 -0.1439587649313045
v 0.05223579099499017 -0.10310224439610231 -0.10363132097431933
v 0.028179244138071137 -0.12265655762388304 -0.14399978239287475
v 0.048467725016562255 -0.12265655762388304 -0.10034046382359225
v 0.20886557253344973 0.3522352143613348 -0.21024699289000845
v 0.20283287574125616 0.313798468686124 -0.1426567175222848
v 0.1795880533180657 0.3217631179893166 -0.21047198232586034
v 0.17809451068109328 0.14357153744616885 -0.1428468944410803
v 0.2160284169928587 0.19752158606860165 -0.21019167627272256
v 0.2391495337390282 0.18917299840421758 -0.142377661719161
v 0.17809451068109328 0.14357153744616885 -0.1428468944410803
v 0.2391495337390282 0.18917299840421758 -0.142377661719161
v 0.215667945063257 0.19752158606860165 -0.07492287083737237
v -0.0071456368328603114 0.313798468686124 -0.14427137837091503
v -0.012817862377131324 0.3522352143613348 -0.21195115774797393
v 0.016459667745118943 0.3217631179893166 -0.21172616831212204
v -0.019980700019748898 0.19752158606860165 -0.2120058446096972
v 0.01759272209219029 0.14357153744616885 -0.1440812014521195
v -0.043461939675800046 0.18917299840421758 -0.1445504341740388
v -0.043461939675800046 0.18917299840421758 -0.1445504341740388
v 0.01759272209219029 0.14357153744616885 -0.1440812014521195
v -0.02034118421957513 0.19752158606860165 -0.07673579406135567
v -0.013178346576957559 0.3522352143613348 -0.07668110184555246
v -0.0071456368328603114 0.313798468686124 -0.14427137837091503
v 0.016099183545292706 0.3217631179893166 -0.07645611790848535
v 0.0547760165051908 0.12789517818589174 -0.1437953109489192
v 0.05467464263681915 0.12789517818589174 -0.10576183266344628
v 0.03693626070920255 0.11743180780799223 -0.14393203736433863
v 0.05487739037356245 0.12789517818589174 -0.1818294027830101
v 0.0547760165051908 0.12789517818589174 -0.1437953109489192
v 0.03693626070920255 0.11743180780799223 -0.14393203736433863
v 0.09784416650170834 0.11743180780799223 -0.1434640456313221
v 0.05467464263681915 0.12789517818589174 -0.10576183266344628
v 0.0547760165051908 0.12789517818589174 -0.1437953109489192
v 0.05487739037356245 0.12789517818589174 -0.1818294027830101
v 0.09784416650170834 0.11743180780799223 -0.1434640456313221
v 0.0547760165051908 0.12789517818589174 -0.1437953109489192
v 0.05467464263681915 0.12789517818589174 -0.10576183266344628
v 0.09784416650170834 0.11743180780799223 -0.1434640456313221
v 0.09770070848990649 0.11743180780799223 -0.08967547928198509
v 0.05487739037356245 0.12789517818589174 -0.1818294027830101
v 0.0979872645869239 0.11743180780799223 -0.1972532371056661
v 0.09784416650170834 0.11743180780799223 -0.1434640456313221
v 0.09784416650170834 0.11743180780799223 -0.1434640456313221
v 0.14080984648979597 0.12789517818589174 -0.10509993178381467
v 0.09770070848990649 0.11743180780799223 -0.08967547928198509
v 0.1410129650599918 0.12789517818589174 -0.1811675019033785
v 0.09784416650170834 0.11743180780799223 -0.1434640456313221
v 0.0979872645869239 0.11743180780799223 -0.1972532371056661
v 0.09784416650170834 0.11743180780799223 -0.1434640456313221
v 0.14091122581160076 0.12789517818589174 -0.1431327849442806
v 0.14080984648979597 0.12789517818589174 -0.10509993178381467
v 0.09784416650170834 0.11743180780799223 -0.1434640456313221
v 0.1410129650599918 0.12789517818589174 -0.1811675019033785
v 0.14091122581160076 0.12789517818589174 -0.1431327849442806
v 0.15875097615415587 0.11743180780799223 -0.14299605852886116
v 0.14080984648979597 0.12789517818589174 -0.10509993178381467
v 0.14091122581160076 0.12789517818589174 -0.1431327849442806
v 0.1410129650599918 0.12789517818589174 -0.1811675019033785
v 0.15875097615415587 0.11743180780799223 -0.14299605852886116
v 0.14091122581160076 0.12789517818589174 -0.1431327849442806
v 0.1733719902904572 0.2638661394231757 -0.07524667372519844
v 0.15239840278854752 0.2507098424982949 -0.14304453581551496
v 0.1843877943217602 0.2287722297933475 -0.14279841715442654
v 0.1843877943217602 0.2287722297933475 -0.14279841715442654
v 0.2082481784624351 0.23440879729347386 -0.0749800490827173
v 0.1733719902904572 0.2638661394231757 -0.07524667372519844
v 0.17373247312692516 0.2638661394231757 -0.21051672275413894
v 0.1843877943217602 0.2287722297933475 -0.14279841715442654
v 0.15239840278854752 0.2507098424982949 -0.14304453581551496
v 0.1843877943217602 0.2287722297933475 -0.14279841715442654
v 0.17373247312692516 0.2638661394231757 -0.21051672275413894
v 0.20860867220576929 0.23440879729347386 -0.2102488543733626
v 0.04328883407481091 0.2507098424982949 -0.14388356007768485
v 0.021954762373074987 0.2638661394231757 -0.07641074815875873
v 0.011300169893241348 0.2287722297933475 -0.14412905361376627
v 0.011300169893241348 0.2287722297933475 -0.14412905361376627
v 0.021954762373074987 0.2638661394231757 -0.07641074815875873
v -0.012921433979052587 0.23440879729347386 -0.07667923732339617
v 0.011300169893241348 0.2287722297933475 -0.14412905361376627
v 0.022315246572901223 0.2638661394231757 -0.21168079812828083
v 0.04328883407481091 0.2507098424982949 -0.14388356007768485
v 0.022315246572901223 0.2638661394231757 -0.21168079812828083
v 0.011300169893241348 0.2287722297933475 -0.14412905361376627
v -0.012560949779226352 0.23440879729347386 -0.21194928700350854
v 0.18862358489907086 0.20021760028734226 -0.20621716852267594
v 0.1882854284178191 0.20021760028734226 -0.07931875893063423
v 0.09801324474233422 0.15219969562558522 -0.2069138726582527
v 0.09801324474233422 0.15219969562558522 -0.2069138726582527
v 0.1882854284178191 0.20021760028734226 -0.07931875893063423
v 0.09767508826108244 0.15219969562558522 -0.08001546364503043
v 0.007401817989047313 0.20021760028734226 -0.20761057679382947
v 0.09801324474233422 0.15219969562558522 -0.2069138726582527
v 0.007063658099399833 0.20021760028734226 -0.08071154670733634
v 0.09801324474233422 0.15219969562558522 -0.2069138726582527
v 0.09767508826108244 0.15219969562558522 -0.08001546364503043
v 0.007063658099399833 0.20021760028734226 -0.08071154670733634
v 0.1152517104553277 0.21861739955669285 -0.08368232943573048
v 0.11556973286147978 0.21861739955669285 -0.20297665940306803
v 0.1331361135083152 0.23385344774270195 -0.20284116934599578
v 0.1331361135083152 0.23385344774270195 -0.20284116934599578
v 0.13281808019529684 0.23385344774270195 -0.08354746334602633
v 0.1152517104553277 0.21861739955669285 -0.08368232943573048
v 0.08043662800152208 0.21861739955669285 -0.2032463892671985
v 0.08011859468850376 0.21861739955669285 -0.08395268268840962
v 0.06286989288153354 0.23385344774270195 -0.20338124956870815
v 0.06286989288153354 0.23385344774270195 -0.20338124956870815
v 0.08011859468850376 0.21861739955669285 -0.08395268268840962
v 0.0625518595685152 0.23385344774270195 -0.08408754877811377
v 0.09768496988190602 0.2094757797264749 -0.08381781659870546
v 0.09800300319492436 0.2094757797264749 -0.20311151970457766
v 0.12435273776817121 0.18509811171024781 -0.2029089143745319
v 0.12435273776817121 0.18509811171024781 -0.2029089143745319
v 0.12403507528860543 0.18509811171024781 -0.08361520721692355
v 0.09768496988190602 0.2094757797264749 -0.08381781659870546
v 0.09800300319492436 0.2094757797264749 -0.20311151970457766
v 0.09768496988190602 0.2094757797264749 -0.08381781659870546
v 0.07165325771481125 0.18509811171024781 -0.20331413429573464
v 0.07165325771481125 0.18509811171024781 -0.20331413429573464
v 0.09768496988190602 0.2094757797264749 -0.08381781659870546
v 0.07133522985522604 0.18509811171024781 -0.08402042655930685
v 0.1887952153463995 0.19728694571836136 -0.21434394179142566
v 0.15509453649837573 0.22001911172155353 -0.20267273751633255
v 0.1551260028075104 0.22001911172155353 -0.2146031047276601
v 0.18841386767479304 0.19728694571836136 -0.07118950426289838
v 0.15509453649837573 0.22001911172155353 -0.20267273751633255
v 0.1887952153463995 0.19728694571836136 -0.21434394179142566
v 0.15509453649837573 0.22001911172155353 -0.20267273751633255
v 0.18841386767479304 0.19728694571836136 -0.07118950426289838
v 0.15477650318535738 0.22001911172155353 -0.08337841449482843
v 0.15477650318535738 0.22001911172155353 -0.08337841449482843
v 0.18841386767479304 0.19728694571836136 -0.07118950426289838
v 0.15474465513590394 0.22001911172155353 -0.07144867096145925
v 0.15509453649837573 0.22001911172155353 -0.20267273751633255
v 0.15477650318535738 0.22001911172155353 -0.08337841449482843
v 0.13281808019529684 0.23385344774270195 -0.08354746334602633
v 0.1331361135083152 0.23385344774270195 -0.20284116934599578
v 0.15509453649837573 0.22001911172155353 -0.20267273751633255
v 0.13281808019529684 0.23385344774270195 -0.08354746334602633
v 0.007274093131812797 0.19728694571836136 -0.21573797055703056
v 0.04059380195847407 0.22001911172155353 -0.08425659820813113
v 0.006892748868602028 0.19728694571836136 -0.0725847777797325
v 0.04059380195847407 0.22001911172155353 -0.08425659820813113
v 0.04056196208917029 0.22001911172155353 -0.07232623273326194
v 0.006892748868602028 0.19728694571836136 -0.0725847777797325
v 0.04059380195847407 0.22001911172155353 -0.08425659820813113
v 0.007274093131812797 0.19728694571836136 -0.21573797055703056
v 0.040911835271492406 0.22001911172155353 -0.20355030189282278
v 0.040911835271492406 0.22001911172155353 -0.20355030189282278
v 0.007274093131812797 0.19728694571836136 -0.21573797055703056
v 0.04094367514079618 0.22001911172155353 -0.21547942811524753
v 0.040911835271492406 0.22001911172155353 -0.20355030189282278
v 0.0625518595685152 0.23385344774270195 -0.08408754877811377
v 0.04059380195847407 0.22001911172155353 -0.08425659820813113
v 0.040911835271492406 0.22001911172155353 -0.20355030189282278
v 0.06286989288153354 0.23385344774270195 -0.20338124956870815
v 0.0625518595685152 0.23385344774270195 -0.08408754877811377
v 0.13326017911192242 0.23425491318182134 -0.19883558130671236
v 0.1329633705606289 0.23425491318182134 -0.08755118295612216
v 0.09799239081406196 0.2673742794250266 -0.19910656142085686
v 0.09799239081406196 0.2673742794250266 -0.19910656142085686
v 0.1329633705606289 0.23425491318182134 -0.08755118295612216
v 0.09769558226276842 0.2673742794250266 -0.08782278009180133
v 0.09769558226276842 0.2673742794250266 -0.08782278009180133
v 0.06272386630272953 0.23425491318182134 -0.19937753227389013
v 0.09799239081406196 0.2673742794250266 -0.19910656142085686
v 0.06272386630272953 0.23425491318182134 -0.19937753227389013
v 0.09769558226276842 0.2673742794250266 -0.08782278009180133
v 0.062427793964907954 0.23425491318182134 -0.08809251227120964
v 0.09796091359806103 -0.14012467783599986 -0.18735643395599139
v 0.05784982772613196 -0.14012467783599986 -0.17300593463979486
v 0.09800811851519617 -0.12265655762388304 -0.20498597787556053
v 0.09800811851519617 -0.12265655762388304 -0.20498597787556053
v 0.13799331188342093 -0.14012467783599986 -0.17239002443845583
v 0.09796091359806103 -0.14012467783599986 -0.18735643395599139
v 0.048699752235756864 -0.12265655762388304 -0.1873458670280953
v 0.09800811851519617 -0.12265655762388304 -0.20498597787556053
v 0.05784982772613196 -0.14012467783599986 -0.17300593463979486
v 0.13799331188342093 -0.14012467783599986 -0.17239002443845583
v 0.09800811851519617 -0.12265655762388304 -0.20498597787556053
v 0.14721950639336304 -0.12265655762388304 -0.18658887305851032
v 0.14468477249031989 -0.19606570396380493 -0.20443221899158392
v 0.09803813421111943 -0.23905418864031713 -0.216260028657319
v 0.09803813421111943 -0.19606570396380493 -0.216260028657319
v 0.14468477249031989 -0.19606570396380493 -0.20443221899158392
v 0.09800738775515734 -0.25733743965248745 -0.20479081847893146
v 0.09803813421111943 -0.23905418864031713 -0.216260028657319
v 0.051330373853447325 -0.19606570396380493 -0.2051494272273902
v 0.09803813421111943 -0.23905418864031713 -0.216260028657319
v 0.09800738775515734 -0.25733743965248745 -0.20479081847893146
v 0.09803813421111943 -0.23905418864031713 -0.216260028657319
v 0.051330373853447325 -0.19606570396380493 -0.2051494272273902
v 0.09803813421111943 -0.19606570396380493 -0.216260028657319
v 0.0979872645869239 0.16457669598326735 -0.1972532371056661
v 0.14445713528479137 0.15184393226919768 -0.19285361656752742
v 0.09802239560311897 0.14100425189562976 -0.21032344336308645
v 0.05149542746042653 0.15184393226919768 -0.19356835208663936
v 0.0979872645869239 0.16457669598326735 -0.1972532371056661
v 0.09802239560311897 0.14100425189562976 -0.21032344336308645
v 0.14445713528479137 0.15184393226919768 -0.19285361656752742
v 0.0979872645869239 0.16457669598326735 -0.1972532371056661
v 0.14055658905544344 0.18040771127313687 -0.1656815255244713
v 0.0979872645869239 0.16457669598326735 -0.1972532371056661
v 0.05149542746042653 0.15184393226919768 -0.19356835208663936
v 0.05525104870446183 0.18040771127313687 -0.1663372121984778
v 0.1626742086653063 0.18093259276875417 -0.14296560336463138
v 0.14445713528479137 0.15184393226919768 -0.19285361656752742
v 0.14055658905544344 0.18040771127313687 -0.1656815255244713
v 0.05149542746042653 0.15184393226919768 -0.19356835208663936
v 0.03301302274461901 0.18093259276875417 -0.1439624925285684
v 0.05525104870446183 0.18040771127313687 -0.1663372121984778
v 0.1887952153463995 0.19728694571836136 -0.21434394179142566
v 0.1551260028075104 0.22001911172155353 -0.2146031047276601
v 0.20636196682668745 0.23385344774270195 -0.2142090722288048
v 0.20636196682668745 0.23385344774270195 -0.2142090722288048
v 0.1551260028075104 0.22001911172155353 -0.2146031047276601
v 0.18001222134657435 0.2551854227134443 -0.21441168681996178
v 0.007274093131812797 0.19728694571836136 -0.21573797055703056
v -0.010292278653193768 0.23385344774270195 -0.2158734606141028
v 0.04094367514079618 0.22001911172155353 -0.21547942811524753
v -0.010292278653193768 0.23385344774270195 -0.2158734606141028
v 0.016057462055165356 0.2551854227134443 -0.21567084602294584
v 0.04094367514079618 0.22001911172155353 -0.21547942811524753
v 0.18837141815134342 0.27605499613475803 -0.21040423729732421
v 0.23228789329801197 0.23812487836623442 -0.2100667624046576
v 0.20860867220576929 0.23440879729347386 -0.2102488543733626
v 0.23228789329801197 0.23812487836623442 -0.2100667624046576
v 0.2160284169928587 0.19752158606860165 -0.21019167627272256
v 0.20860867220576929 0.23440879729347386 -0.2102488543733626
v 0.2160284169928587 0.19752158606860165 -0.21019167627272256
v 0.1910422915589339 0.1961610125892403 -0.21038372393598348
v 0.20860867220576929 0.23440879729347386 -0.2102488543733626
v 0.1910422915589339 0.1961610125892403 -0.21038372393598348
v 0.2160284169928587 0.19752158606860165 -0.21019167627272256
v 0.19078611108442603 0.16826762161257686 -0.21038558541933763
v 0.18837141815134342 0.27605499613475803 -0.21040423729732421
v 0.20860867220576929 0.23440879729347386 -0.2102488543733626
v 0.17373247312692516 0.2638661394231757 -0.21051672275413894
v 0.17373247312692516 0.2638661394231757 -0.21051672275413894
v 0.1795880533180657 0.3217631179893166 -0.21047198232586034
v 0.18837141815134342 0.27605499613475803 -0.21040423729732421
v 0.1795880533180657 0.3217631179893166 -0.21047198232586034
v 0.17373247312692516 0.2638661394231757 -0.21051672275413894
v 0.16202168357809657 0.3278575463451078 -0.21060684262736998
v 0.16202168357809657 0.3278575463451078 -0.21060684262736998
v 0.20886557253344973 0.3522352143613348 -0.21024699289000845
v 0.1795880533180657 0.3217631179893166 -0.21047198232586034
v -0.019980700019748898 0.19752158606860165 -0.2120058446096972
v 0.005005788408318339 0.1961610125892403 -0.2118138062075475
v 0.005262701687902451 0.16826762161257686 -0.21181193546308213
v 0.005005788408318339 0.1961610125892403 -0.2118138062075475
v -0.019980700019748898 0.19752158606860165 -0.2120058446096972
v -0.012560949779226352 0.23440879729347386 -0.21194928700350854
v -0.019980700019748898 0.19752158606860165 -0.2120058446096972
v -0.03623981367159931 0.23812487836623442 -0.21213138823332478
v -0.012560949779226352 0.23440879729347386 -0.21194928700350854
v 0.007676664201785797 0.27605499613475803 -0.21179329284620677
v -0.012560949779226352 0.23440879729347386 -0.21194928700350854
v -0.03623981367159931 0.23812487836623442 -0.21213138823332478
v 0.022315246572901223 0.2638661394231757 -0.21168079812828083
v -0.012560949779226352 0.23440879729347386 -0.21194928700350854
v 0.007676664201785797 0.27605499613475803 -0.21179329284620677
v 0.016459667745118943 0.3217631179893166 -0.21172616831212204
v 0.022315246572901223 0.2638661394231757 -0.21168079812828083
v 0.007676664201785797 0.27605499613475803 -0.21179329284620677
v 0.022315246572901223 0.2638661394231757 -0.21168079812828083
v 0.016459667745118943 0.3217631179893166 -0.21172616831212204
v 0.034026404228465784 0.3278575463451078 -0.2115906782550498
v -0.012817862377131324 0.3522352143613348 -0.21195115774797393
v 0.034026404228465784 0.3278575463451078 -0.2115906782550498
v 0.016459667745118943 0.3217631179893166 -0.21172616831212204
v 0.18862358489907086 0.20021760028734226 -0.20621716852267594
v 0.09801324474233422 0.15219969562558522 -0.2069138726582527
v 0.09801324474233422 0.17962457781970786 -0.2069138726582527
v 0.09801324474233422 0.17962457781970786 -0.2069138726582527
v 0.17291927899296922 0.21656205452454447 -0.20633773892958118
v 0.18862358489907086 0.20021760028734226 -0.20621716852267594
v 0.09801324474233422 0.15219969562558522 -0.2069138726582527
v 0.007401817989047313 0.20021760028734226 -0.20761057679382947
v 0.09801324474233422 0.17962457781970786 -0.2069138726582527
v 0.09801324474233422 0.17962457781970786 -0.2069138726582527
v 0.007401817989047313 0.20021760028734226 -0.20761057679382947
v 0.02310648245837696 0.21656205452454447 -0.20748938589247284
v 0.06278279064765156 -0.15490058878885338 -0.20506179859307594
v 0.09803813421111943 -0.13990299336213757 -0.216260028657319
v 0.09803813421111943 -0.19606570396380493 -0.216260028657319
v 0.09803813421111943 -0.19606570396380493 -0.216260028657319
v 0.051330373853447325 -0.19606570396380493 -0.2051494272273902
v 0.06278279064765156 -0.15490058878885338 -0.20506179859307594
v 0.13323126500949053 -0.15490058878885338 -0.20451984762589817
v 0.09803813421111943 -0.19606570396380493 -0.216260028657319
v 0.09803813421111943 -0.13990299336213757 -0.216260028657319
v 0.09803813421111943 -0.19606570396380493 -0.216260028657319
v 0.13323126500949053 -0.15490058878885338 -0.20451984762589817
v 0.14468477249031989 -0.19606570396380493 -0.20443221899158392
v 0.16759582299249154 0.23774016808710313 -0.20257641269858762
v 0.1331361135083152 0.23385344774270195 -0.20284116934599578
v 0.1331361135083152 0.26127985106923546 -0.20284116934599578
v 0.1331361135083152 0.23385344774270195 -0.20284116934599578
v 0.16759582299249154 0.23774016808710313 -0.20257641269858762
v 0.15509453649837573 0.22001911172155353 -0.20267273751633255
v 0.09800300319492436 0.2308062335648064 -0.20311151970457766
v 0.1331361135083152 0.26127985106923546 -0.20284116934599578
v 0.1331361135083152 0.23385344774270195 -0.20284116934599578
v 0.11556973286147978 0.21861739955669285 -0.20297665940306803
v 0.09800300319492436 0.2308062335648064 -0.20311151970457766
v 0.1331361135083152 0.23385344774270195 -0.20284116934599578
v 0.12435273776817121 0.18509811171024781 -0.2029089143745319
v 0.11556973286147978 0.21861739955669285 -0.20297665940306803
v 0.13606389815045233 0.19728694571836136 -0.20281879450130086
v 0.11556973286147978 0.21861739955669285 -0.20297665940306803
v 0.12435273776817121 0.18509811171024781 -0.2029089143745319
v 0.09800300319492436 0.2094757797264749 -0.20311151970457766
v 0.09800300319492436 0.2308062335648064 -0.20311151970457766
v 0.11556973286147978 0.21861739955669285 -0.20297665940306803
v 0.09800300319492436 0.2094757797264749 -0.20311151970457766
v 0.09800300319492436 0.2094757797264749 -0.20311151970457766
v 0.08043662800152208 0.21861739955669285 -0.2032463892671985
v 0.09800300319492436 0.2308062335648064 -0.20311151970457766
v 0.07165325771481125 0.18509811171024781 -0.20331413429573464
v 0.08043662800152208 0.21861739955669285 -0.2032463892671985
v 0.09800300319492436 0.2094757797264749 -0.20311151970457766
v 0.08043662800152208 0.21861739955669285 -0.2032463892671985
v 0.07165325771481125 0.18509811171024781 -0.20331413429573464
v 0.05994210278596325 0.19728694571836136 -0.20340425416896568
v 0.06286989288153354 0.23385344774270195 -0.20338124956870815
v 0.09800300319492436 0.2308062335648064 -0.20311151970457766
v 0.08043662800152208 0.21861739955669285 -0.2032463892671985
v 0.09800300319492436 0.2308062335648064 -0.20311151970457766
v 0.06286989288153354 0.23385344774270195 -0.20338124956870815
v 0.06286989288153354 0.26127985106923546 -0.20338124956870815
v 0.06286989288153354 0.23385344774270195 -0.20338124956870815
v 0.028410172490490937 0.23774016808710313 -0.20364663597167892
v 0.06286989288153354 0.26127985106923546 -0.20338124956870815
v 0.028410172490490937 0.23774016808710313 -0.20364663597167892
v 0.06286989288153354 0.23385344774270195 -0.20338124956870815
v 0.040911835271492406 0.22001911172155353 -0.20355030189282278
v 0.06272386630272953 0.26046470572477226 -0.19937753227389013
v 0.09799239081406196 0.29479911621221166 -0.19910656142085686
v 0.09799239081406196 0.2673742794250266 -0.19910656142085686
v 0.09799239081406196 0.2673742794250266 -0.19910656142085686
v 0.06272386630272953 0.23425491318182134 -0.19937753227389013
v 0.06272386630272953 0.26046470572477226 -0.19937753227389013
v 0.09799239081406196 0.29479911621221166 -0.19910656142085686
v 0.13326017911192242 0.26046470572477226 -0.19883558130671236
v 0.09799239081406196 0.2673742794250266 -0.19910656142085686
v 0.13326017911192242 0.23425491318182134 -0.19883558130671236
v 0.09799239081406196 0.2673742794250266 -0.19910656142085686
v 0.13326017911192242 0.26046470572477226 -0.19883558130671236
v 0.09798836618041527 -0.1277781522735646 -0.197600037937326
v 0.09801141238880402 -0.2959074773931323 -0.20625508351198926
v 0.034074348085789435 -0.19778813668093165 -0.18319857472611453
v 0.09798836618041527 -0.1277781522735646 -0.197600037937326
v 0.16182222971496113 -0.19778813668093165 -0.18221660058178887
v 0.09801141238880402 -0.2959074773931323 -0.20625508351198926
v 0.09798836618041527 -0.1277781522735646 -0.197600037937326
v 0.034074348085789435 -0.19778813668093165 -0.18319857472611453
v 0.04171880703825204 -0.17308251705761984 -0.1831401556365717
v 0.16182222971496113 -0.19778813668093165 -0.18221660058178887
v 0.09798836618041527 -0.1277781522735646 -0.197600037937326
v 0.15417850152253734 -0.17308251705761984 -0.18227564942689434
v 0.04171880703825204 -0.17308251705761984 -0.1831401556365717
v 0.061903719041538456 -0.1277781522735646 -0.1775764597242911
v 0.09798836618041527 -0.1277781522735646 -0.197600037937326
v 0.061903719041538456 -0.1277781522735646 -0.1775764597242911
v 0.04171880703825204 -0.17308251705761984 -0.1831401556365717
v 0.03692528294832073 -0.1460522591089265 -0.18317682037587102
v 0.13396394465678022 -0.1277781522735646 -0.1770227008403145
v 0.15417850152253734 -0.17308251705761984 -0.18227564942689434
v 0.09798836618041527 -0.1277781522735646 -0.197600037937326
v 0.15417850152253734 -0.17308251705761984 -0.18227564942689434
v 0.13396394465678022 -0.1277781522735646 -0.1770227008403145
v 0.15897202561246868 -0.1460522591089265 -0.1822383549320324
v 0.09802239560311897 0.14100425189562976 -0.21032344336308645
v 0.05487739037356245 0.12789517818589174 -0.1818294027830101
v 0.05149542746042653 0.15184393226919768 -0.19356835208663936
v 0.05487739037356245 0.12789517818589174 -0.1818294027830101
v 0.02211835309661825 0.14649304251721584 -0.14404639819617435
v 0.05149542746042653 0.15184393226919768 -0.19356835208663936
v 0.05487739037356245 0.12789517818589174 -0.1818294027830101
v 0.09802239560311897 0.14100425189562976 -0.21032344336308645
v 0.0979872645869239 0.11743180780799223 -0.1972532371056661
v 0.02211835309661825 0.14649304251721584 -0.14404639819617435
v 0.05487739037356245 0.12789517818589174 -0.1818294027830101
v 0.03693626070920255 0.11743180780799223 -0.14393203736433863
v 0.09802239560311897 0.14100425189562976 -0.21032344336308645
v 0.1410129650599918 0.12789517818589174 -0.1811675019033785
v 0.0979872645869239 0.11743180780799223 -0.1972532371056661
v 0.1410129650599918 0.12789517818589174 -0.1811675019033785
v 0.09802239560311897 0.14100425189562976 -0.21032344336308645
v 0.14445713528479137 0.15184393226919768 -0.19285361656752742
v 0.17356925187347616 0.14649304251721584 -0.14288169769702547
v 0.1410129650599918 0.12789517818589174 -0.1811675019033785
v 0.14445713528479137 0.15184393226919768 -0.19285361656752742
v 0.17356925187347616 0.14649304251721584 -0.14288169769702547
v 0.15875097615415587 0.11743180780799223 -0.14299605852886116
v 0.1410129650599918 0.12789517818589174 -0.1811675019033785
v 0.14345144586836825 -0.10310224439610231 -0.18329740004388745
v 0.09799568468766981 -0.10310224439610231 -0.20029114089522826
v 0.13905024175749212 -0.09845829809412782 -0.17945339987307957
v 0.09798103676629447 -0.09845829809412782 -0.19480700718939387
v 0.13905024175749212 -0.09845829809412782 -0.17945339987307957
v 0.09799568468766981 -0.10310224439610231 -0.20029114089522826
v 0.09799568468766981 -0.10310224439610231 -0.20029114089522826
v 0.056830591981824864 -0.09845829809412782 -0.18008547071348835
v 0.09798103676629447 -0.09845829809412782 -0.19480700718939387
v 0.056830591981824864 -0.09845829809412782 -0.18008547071348835
v 0.09799568468766981 -0.10310224439610231 -0.20029114089522826
v 0.05245025270608724 -0.10310224439610231 -0.18399720665172117
v 0.14721950639336304 -0.12265655762388304 -0.18658887305851032
v 0.09800811851519617 -0.12265655762388304 -0.20498597787556053
v 0.14345144586836825 -0.10310224439610231 -0.18329740004388745
v 0.09799568468766981 -0.10310224439610231 -0.20029114089522826
v 0.14345144586836825 -0.10310224439610231 -0.18329740004388745
v 0.09800811851519617 -0.12265655762388304 -0.20498597787556053
v 0.09800811851519617 -0.12265655762388304 -0.20498597787556053
v 0.05245025270608724 -0.10310224439610231 -0.18399720665172117
v 0.09799568468766981 -0.10310224439610231 -0.20029114089522826
v 0.05245025270608724 -0.10310224439610231 -0.18399720665172117
v 0.09800811851519617 -0.12265655762388304 -0.20498597787556053
v 0.048699752235756864 -0.12265655762388304 -0.1873458670280953
v 0.13374765059215293 0.09396983879962595 -0.16507991447884793
v 0.15598128653832966 0.05548589261274123 -0.14301718775409772
v 0.13905024175749212 0.05548589261274123 -0.17945339987307957
v 0.15598128653832966 0.05548589261274123 -0.14301718775409772
v 0.13374765059215293 0.09396983879962595 -0.16507991447884793
v 0.14599385820525226 0.09396983879962595 -0.1430936335966201
v 0.15598128653832966 0.05548589261274123 -0.14301718775409772
v 0.14599385820525226 0.09396983879962595 -0.1430936335966201
v 0.13363090349580026 0.09396983879962595 -0.12129815475819482
v 0.15598128653832966 0.05548589261274123 -0.14301718775409772
v 0.13363090349580026 0.09396983879962595 -0.12129815475819482
v 0.13885664488153357 0.05548589261274123 -0.10684386848389205
v 0.13374765059215293 -0.059967489783792655 -0.16507991447884793
v 0.13905024175749212 -0.02148354359690792 -0.17945339987307957
v 0.15598128653832966 -0.02148354359690792 -0.14301718775409772
v 0.13374765059215293 -0.059967489783792655 -0.16507991447884793
v 0.15598128653832966 -0.02148354359690792 -0.14301718775409772
v 0.14599385820525226 -0.059967489783792655 -0.1430936335966201
v 0.15598128653832966 -0.02148354359690792 -0.14301718775409772
v 0.13363090349580026 -0.059967489783792655 -0.12129815475819482
v 0.14599385820525226 -0.059967489783792655 -0.1430936335966201
v 0.13363090349580026 -0.059967489783792655 -0.12129815475819482
v 0.15598128653832966 -0.02148354359690792 -0.14301718775409772
v 0.13885664488153357 -0.02148354359690792 -0.10684386848389205
v 0.13374765059215293 0.01700117450791666 -0.16507991447884793
v 0.13905024175749212 0.05548589261274123 -0.17945339987307957
v 0.15598128653832966 0.05548589261274123 -0.14301718775409772
v 0.13374765059215293 0.01700117450791666 -0.16507991447884793
v 0.15598128653832966 0.05548589261274123 -0.14301718775409772
v 0.14599385820525226 0.01700117450791666 -0.1430936335966201
v 0.15598128653832966 0.05548589261274123 -0.14301718775409772
v 0.13363090349580026 0.01700117450791666 -0.12129815475819482
v 0.14599385820525226 0.01700117450791666 -0.1430936335966201
v 0.13363090349580026 0.01700117450791666 -0.12129815475819482
v 0.15598128653832966 0.05548589261274123 -0.14301718775409772
v 0.13885664488153357 0.05548589261274123 -0.10684386848389205
v 0.13374765059215293 0.01700117450791666 -0.16507991447884793
v 0.15598128653832966 -0.02148354359690792 -0.14301718775409772
v 0.13905024175749212 -0.02148354359690792 -0.17945339987307957
v 0.15598128653832966 -0.02148354359690792 -0.14301718775409772
v 0.13374765059215293 0.01700117450791666 -0.16507991447884793
v 0.14599385820525226 0.01700117450791666 -0.1430936335966201
v 0.15598128653832966 -0.02148354359690792 -0.14301718775409772
v 0.14599385820525226 0.01700117450791666 -0.1430936335966201
v 0.13363090349580026 0.01700117450791666 -0.12129815475819482
v 0.15598128653832966 -0.02148354359690792 -0.14301718775409772
v 0.13363090349580026 0.01700117450791666 -0.12129815475819482
v 0.13885664488153357 -0.02148354359690792 -0.10684386848389205
v 0.15598128653832966 -0.09845220505068361 -0.14301718775409772
v 0.13363090349580026 -0.059967489783792655 -0.12129815475819482
v 0.13885664488153357 -0.09845220505068361 -0.10684386848389205
v 0.15598128653832966 -0.09845220505068361 -0.14301718775409772
v 0.14599385820525226 -0.059967489783792655 -0.1430936335966201
v 0.13363090349580026 -0.059967489783792655 -0.12129815475819482
v 0.15598128653832966 -0.09845220505068361 -0.14301718775409772
v 0.13374765059215293 -0.059967489783792655 -0.16507991447884793
v 0.14599385820525226 -0.059967489783792655 -0.1430936335966201
v 0.13374765059215293 -0.059967489783792655 -0.16507991447884793
v 0.15598128653832966 -0.09845220505068361 -0.14301718775409772
v 0.13905024175749212 -0.09845220505068361 -0.17945339987307957
v 0.13374765059215293 0.09396983879962595 -0.16507991447884793
v 0.13905024175749212 0.13245455690445052 -0.17945339987307957
v 0.15598128653832966 0.13245455690445052 -0.14301718775409772
v 0.13374765059215293 0.09396983879962595 -0.16507991447884793
v 0.15598128653832966 0.13245455690445052 -0.14301718775409772
v 0.14599385820525226 0.09396983879962595 -0.1430936335966201
v 0.15598128653832966 0.13245455690445052 -0.14301718775409772
v 0.13363090349580026 0.09396983879962595 -0.12129815475819482
v 0.14599385820525226 0.09396983879962595 -0.1430936335966201
v 0.13363090349580026 0.09396983879962595 -0.12129815475819482
v 0.15598128653832966 0.13245455690445052 -0.14301718775409772
v 0.13885664488153357 0.13245455690445052 -0.10684386848389205
v 0.0977072962371222 0.05548589261274123 -0.09212171382881293
v 0.06193958627120548 0.09396983879962595 -0.12184880653935887
v 0.05663698965243318 0.05548589261274123 -0.10747593700902303
v 0.06193958627120548 0.09396983879962595 -0.12184880653935887
v 0.0977072962371222 0.05548589261274123 -0.09212171382881293
v 0.09775230887414084 0.09396983879962595 -0.10908252216867398
v 0.0977072962371222 0.05548589261274123 -0.09212171382881293
v 0.13363090349580026 0.09396983879962595 -0.12129815475819482
v 0.09775230887414084 0.09396983879962595 -0.10908252216867398
v 0.13363090349580026 0.09396983879962595 -0.12129815475819482
v 0.0977072962371222 0.05548589261274123 -0.09212171382881293
v 0.13885664488153357 0.05548589261274123 -0.10684386848389205
v 0.06193958627120548 -0.059967489783792655 -0.12184880653935887
v 0.0977072962371222 -0.02148354359690792 -0.09212171382881293
v 0.05663698965243318 -0.02148354359690792 -0.10747593700902303
v 0.0977072962371222 -0.02148354359690792 -0.09212171382881293
v 0.06193958627120548 -0.059967489783792655 -0.12184880653935887
v 0.09775230887414084 -0.059967489783792655 -0.10908252216867398
v 0.13363090349580026 -0.059967489783792655 -0.12129815475819482
v 0.0977072962371222 -0.02148354359690792 -0.09212171382881293
v 0.09775230887414084 -0.059967489783792655 -0.10908252216867398
v 0.0977072962371222 -0.02148354359690792 -0.09212171382881293
v 0.13363090349580026 -0.059967489783792655 -0.12129815475819482
v 0.13885664488153357 -0.02148354359690792 -0.10684386848389205
v 0.06193958627120548 0.01700117450791666 -0.12184880653935887
v 0.0977072962371222 0.05548589261274123 -0.09212171382881293
v 0.05663698965243318 0.05548589261274123 -0.10747593700902303
v 0.0977072962371222 0.05548589261274123 -0.09212171382881293
v 0.06193958627120548 0.01700117450791666 -0.12184880653935887
v 0.09775230887414084 0.01700117450791666 -0.10908252216867398
v 0.13363090349580026 0.01700117450791666 -0.12129815475819482
v 0.0977072962371222 0.05548589261274123 -0.09212171382881293
v 0.09775230887414084 0.01700117450791666 -0.10908252216867398
v 0.0977072962371222 0.05548589261274123 -0.09212171382881293
v 0.13363090349580026 0.01700117450791666 -0.12129815475819482
v 0.13885664488153357 0.05548589261274123 -0.10684386848389205
v 0.0977072962371222 -0.02148354359690792 -0.09212171382881293
v 0.06193958627120548 0.01700117450791666 -0.12184880653935887
v 0.05663698965243318 -0.02148354359690792 -0.10747593700902303
v 0.06193958627120548 0.01700117450791666 -0.12184880653935887
v 0.0977072962371222 -0.02148354359690792 -0.09212171382881293
v 0.09775230887414084 0.01700117450791666 -0.10908252216867398
v 0.0977072962371222 -0.02148354359690792 -0.09212171382881293
v 0.13363090349580026 0.01700117450791666 -0.12129815475819482
v 0.09775230887414084 0.01700117450791666 -0.10908252216867398
v 0.13363090349580026 0.01700117450791666 -0.12129815475819482
v 0.0977072962371222 -0.02148354359690792 -0.09212171382881293
v 0.13885664488153357 -0.02148354359690792 -0.10684386848389205
v 0.0977072962371222 -0.09845220505068361 -0.09212171382881293
v 0.06193958627120548 -0.059967489783792655 -0.12184880653935887
v 0.05663698965243318 -0.09845220505068361 -0.10747593700902303
v 0.06193958627120548 -0.059967489783792655 -0.12184880653935887
v 0.0977072962371222 -0.09845220505068361 -0.09212171382881293
v 0.09775230887414084 -0.059967489783792655 -0.10908252216867398
v 0.0977072962371222 -0.09845220505068361 -0.09212171382881293
v 0.13363090349580026 -0.059967489783792655 -0.12129815475819482
v 0.09775230887414084 -0.059967489783792655 -0.10908252216867398
v 0.13363090349580026 -0.059967489783792655 -0.12129815475819482
v 0.0977072962371222 -0.09845220505068361 -0.09212171382881293
v 0.13885664488153357 -0.09845220505068361 -0.10684386848389205
v 0.06193958627120548 0.09396983879962595 -0.12184880653935887
v 0.0977072962371222 0.13245455690445052 -0.09212171382881293
v 0.05663698965243318 0.13245455690445052 -0.10747593700902303
v 0.0977072962371222 0.13245455690445052 -0.09212171382881293
v 0.06193958627120548 0.09396983879962595 -0.12184880653935887
v 0.09775230887414084 0.09396983879962595 -0.10908252216867398
v 0.13363090349580026 0.09396983879962595 -0.12129815475819482
v 0.0977072962371222 0.13245455690445052 -0.09212171382881293
v 0.09775230887414084 0.09396983879962595 -0.10908252216867398
v 0.0977072962371222 0.13245455690445052 -0.09212171382881293
v 0.13363090349580026 0.09396983879962595 -0.12129815475819482
v 0.13885664488153357 0.13245455690445052 -0.10684386848389205
v 0.06205633336755818 0.09396983879962595 -0.16563118212390776
v 0.056830591981824864 0.05548589261274123 -0.18008547071348835
v 0.039705950325028765 0.05548589261274123 -0.1439109081391021
v 0.06205633336755818 0.09396983879962595 -0.16563118212390776
v 0.039705950325028765 0.05548589261274123 -0.1439109081391021
v 0.04969337320467305 0.09396983879962595 -0.1438338418021283
v 0.039705950325028765 0.05548589261274123 -0.1439109081391021
v 0.06193958627120548 0.09396983879962595 -0.12184880653935887
v 0.04969337320467305 0.09396983879962595 -0.1438338418021283
v 0.06193958627120548 0.09396983879962595 -0.12184880653935887
v 0.039705950325028765 0.05548589261274123 -0.1439109081391021
v 0.05663698965243318 0.05548589261274123 -0.10747593700902303
v 0.06205633336755818 -0.059967489783792655 -0.16563118212390776
v 0.039705950325028765 -0.02148354359690792 -0.1439109081391021
v 0.056830591981824864 -0.02148354359690792 -0.18008547071348835
v 0.039705950325028765 -0.02148354359690792 -0.1439109081391021
v 0.06205633336755818 -0.059967489783792655 -0.16563118212390776
v 0.04969337320467305 -0.059967489783792655 -0.1438338418021283
v 0.039705950325028765 -0.02148354359690792 -0.1439109081391021
v 0.04969337320467305 -0.059967489783792655 -0.1438338418021283
v 0.06193958627120548 -0.059967489783792655 -0.12184880653935887
v 0.039705950325028765 -0.02148354359690792 -0.1439109081391021
v 0.06193958627120548 -0.059967489783792655 -0.12184880653935887
v 0.05663698965243318 -0.02148354359690792 -0.10747593700902303
v 0.06205633336755818 0.01700117450791666 -0.16563118212390776
v 0.039705950325028765 0.05548589261274123 -0.1439109081391021
v 0.056830591981824864 0.05548589261274123 -0.18008547071348835
v 0.039705950325028765 0.05548589261274123 -0.1439109081391021
v 0.06205633336755818 0.01700117450791666 -0.16563118212390776
v 0.04969337320467305 0.01700117450791666 -0.1438338418021283
v 0.06193958627120548 0.01700117450791666 -0.12184880653935887
v 0.039705950325028765 0.05548589261274123 -0.1439109081391021
v 0.04969337320467305 0.01700117450791666 -0.1438338418021283
v 0.039705950325028765 0.05548589261274123 -0.1439109081391021
v 0.06193958627120548 0.01700117450791666 -0.12184880653935887
v 0.05663698965243318 0.05548589261274123 -0.10747593700902303
v 0.06205633336755818 0.01700117450791666 -0.16563118212390776
v 0.056830591981824864 -0.02148354359690792 -0.18008547071348835
v 0.039705950325028765 -0.02148354359690792 -0.1439109081391021
v 0.06205633336755818 0.01700117450791666 -0.16563118212390776
v 0.039705950325028765 -0.02148354359690792 -0.1439109081391021
v 0.04969337320467305 0.01700117450791666 -0.1438338418021283
v 0.039705950325028765 -0.02148354359690792 -0.1439109081391021
v 0.06193958627120548 0.01700117450791666 -0.12184880653935887
v 0.04969337320467305 0.01700117450791666 -0.1438338418021283
v 0.06193958627120548 0.01700117450791666 -0.12184880653935887
v 0.039705950325028765 -0.02148354359690792 -0.1439109081391021
v 0.05663698965243318 -0.02148354359690792 -0.10747593700902303
v 0.06193958627120548 -0.059967489783792655 -0.12184880653935887
v 0.039705950325028765 -0.09845220505068361 -0.1439109081391021
v 0.05663698965243318 -0.09845220505068361 -0.10747593700902303
v 0.039705950325028765 -0.09845220505068361 -0.1439109081391021
v 0.06193958627120548 -0.059967489783792655 -0.12184880653935887
v 0.04969337320467305 -0.059967489783792655 -0.1438338418021283
v 0.06205633336755818 -0.059967489783792655 -0.16563118212390776
v 0.039705950325028765 -0.09845220505068361 -0.1439109081391021
v 0.04969337320467305 -0.059967489783792655 -0.1438338418021283
v 0.06205633336755818 -0.059967489783792655 -0.16563118212390776
v 0.056830591981824864 -0.09845220505068361 -0.18008547071348835
v 0.039705950325028765 -0.09845220505068361 -0.1439109081391021
v 0.06205633336755818 0.09396983879962595 -0.16563118212390776
v 0.039705950325028765 0.13245455690445052 -0.1439109081391021
v 0.056830591981824864 0.13245455690445052 -0.18008547071348835
v 0.039705950325028765 0.13245455690445052 -0.1439109081391021
v 0.06205633336755818 0.09396983879962595 -0.16563118212390776
v 0.04969337320467305 0.09396983879962595 -0.1438338418021283
v 0.039705950325028765 0.13245455690445052 -0.1439109081391021
v 0.04969337320467305 0.09396983879962595 -0.1438338418021283
v 0.06193958627120548 0.09396983879962595 -0.12184880653935887
v 0.039705950325028765 0.13245455690445052 -0.1439109081391021
v 0.06193958627120548 0.09396983879962595 -0.12184880653935887
v 0.05663698965243318 0.13245455690445052 -0.10747593700902303
v 0.06205633336755818 0.09396983879962595 -0.16563118212390776
v 0.09798103676629447 0.05548589261274123 -0.19480700718939387
v 0.056830591981824864 0.05548589261274123 -0.18008547071348835
v 0.09798103676629447 0.05548589261274123 -0.19480700718939387
v 0.06205633336755818 0.09396983879962595 -0.16563118212390776
v 0.09793566420268954 0.09396983879962595 -0.17784619884953282
v 0.09793566420268954 0.09396983879962595 -0.17784619884953282
v 0.13374765059215293 0.09396983879962595 -0.16507991447884793
v 0.09798103676629447 0.05548589261274123 -0.19480700718939387
v 0.13374765059215293 0.09396983879962595 -0.16507991447884793
v 0.13905024175749212 0.05548589261274123 -0.17945339987307957
v 0.09798103676629447 0.05548589261274123 -0.19480700718939387
v 0.056830591981824864 -0.02148354359690792 -0.18008547071348835
v 0.09798103676629447 -0.02148354359690792 -0.19480700718939387
v 0.06205633336755818 -0.059967489783792655 -0.16563118212390776
v 0.09798103676629447 -0.02148354359690792 -0.19480700718939387
v 0.09793566420268954 -0.059967489783792655 -0.17784619884953282
v 0.06205633336755818 -0.059967489783792655 -0.16563118212390776
v 0.09798103676629447 -0.02148354359690792 -0.19480700718939387
v 0.13374765059215293 -0.059967489783792655 -0.16507991447884793
v 0.09793566420268954 -0.059967489783792655 -0.17784619884953282
v 0.13374765059215293 -0.059967489783792655 -0.16507991447884793
v 0.09798103676629447 -0.02148354359690792 -0.19480700718939387
v 0.13905024175749212 -0.02148354359690792 -0.17945339987307957
v 0.056830591981824864 0.05548589261274123 -0.18008547071348835
v 0.09798103676629447 0.05548589261274123 -0.19480700718939387
v 0.06205633336755818 0.01700117450791666 -0.16563118212390776
v 0.09798103676629447 0.05548589261274123 -0.19480700718939387
v 0.09793566420268954 0.01700117450791666 -0.17784619884953282
v 0.06205633336755818 0.01700117450791666 -0.16563118212390776
v 0.09798103676629447 0.05548589261274123 -0.19480700718939387
v 0.13374765059215293 0.01700117450791666 -0.16507991447884793
v 0.09793566420268954 0.01700117450791666 -0.17784619884953282
v 0.13374765059215293 0.01700117450791666 -0.16507991447884793
v 0.09798103676629447 0.05548589261274123 -0.19480700718939387
v 0.13905024175749212 0.05548589261274123 -0.17945339987307957
v 0.06205633336755818 0.01700117450791666 -0.16563118212390776
v 0.09798103676629447 -0.02148354359690792 -0.19480700718939387
v 0.056830591981824864 -0.02148354359690792 -0.18008547071348835
v 0.09798103676629447 -0.02148354359690792 -0.19480700718939387
v 0.06205633336755818 0.01700117450791666 -0.16563118212390776
v 0.09793566420268954 0.01700117450791666 -0.17784619884953282
v 0.09793566420268954 0.01700117450791666 -0.17784619884953282
v 0.13374765059215293 0.01700117450791666 -0.16507991447884793
v 0.09798103676629447 -0.02148354359690792 -0.19480700718939387
v 0.13374765059215293 0.01700117450791666 -0.16507991447884793
v 0.13905024175749212 -0.02148354359690792 -0.17945339987307957
v 0.09798103676629447 -0.02148354359690792 -0.19480700718939387
v 0.06205633336755818 -0.059967489783792655 -0.16563118212390776
v 0.09798103676629447 -0.09845220505068361 -0.19480700718939387
v 0.056830591981824864 -0.09845220505068361 -0.18008547071348835
v 0.09798103676629447 -0.09845220505068361 -0.19480700718939387
v 0.06205633336755818 -0.059967489783792655 -0.16563118212390776
v 0.09793566420268954 -0.059967489783792655 -0.17784619884953282
v 0.09793566420268954 -0.059967489783792655 -0.17784619884953282
v 0.13374765059215293 -0.059967489783792655 -0.16507991447884793
v 0.09798103676629447 -0.09845220505068361 -0.19480700718939387
v 0.13374765059215293 -0.059967489783792655 -0.16507991447884793
v 0.13905024175749212 -0.09845220505068361 -0.17945339987307957
v 0.09798103676629447 -0.09845220505068361 -0.19480700718939387
v 0.056830591981824864 0.13245455690445052 -0.18008547071348835
v 0.09798103676629447 0.13245455690445052 -0.19480700718939387
v 0.06205633336755818 0.09396983879962595 -0.16563118212390776
v 0.09798103676629447 0.13245455690445052 -0.19480700718939387
v 0.09793566420268954 0.09396983879962595 -0.17784619884953282
v 0.06205633336755818 0.09396983879962595 -0.16563118212390776
v 0.09798103676629447 0.13245455690445052 -0.19480700718939387
v 0.13374765059215293 0.09396983879962595 -0.16507991447884793
v 0.09793566420268954 0.09396983879962595 -0.17784619884953282
v 0.13374765059215293 0.09396983879962595 -0.16507991447884793
v 0.09798103676629447 0.13245455690445052 -0.19480700718939387
v 0.13905024175749212 0.13245455690445052 -0.17945339987307957
v 0.11940660480565331 -0.17344665799400144 -0.21897661819328432
v 0.1190033016122832 -0.17344665799400144 -0.06762394345249902
v 0.12736140773042717 -0.202577586676631 -0.21891571712593594
v 0.12736140773042717 -0.202577586676631 -0.21891571712593594
v 0.1190033016122832 -0.17344665799400144 -0.06762394345249902
v 0.12695810453705705 -0.202577586676631 -0.06756241494486583
v 0.12695810453705705 -0.202577586676631 -0.06756241494486583
v 0.11270343022440057 -0.21861961368156782 -0.21902820258275066
v 0.12736140773042717 -0.202577586676631 -0.21891571712593594
v 0.11270343022440057 -0.21861961368156782 -0.21902820258275066
v 0.12695810453705705 -0.202577586676631 -0.06756241494486583
v 0.11230012703103046 -0.21861961368156782 -0.06767552842078481
v 0.11270343022440057 -0.21861961368156782 -0.21902820258275066
v 0.11230012703103046 -0.21861961368156782 -0.06767552842078481
v 0.09804582355182652 -0.24155671254605116 -0.219141317795128
v 0.09804582355182652 -0.24155671254605116 -0.219141317795128
v 0.11230012703103046 -0.21861961368156782 -0.06767552842078481
v 0.09764214952500387 -0.24155671254605116 -0.06778802024461349
v 0.07668393525107522 -0.17344665799400144 -0.21930539690252027
v 0.07628063205770512 -0.17344665799400144 -0.06795209703672796
v 0.09804582355182652 -0.16592691154164543 -0.219141317795128
v 0.09804582355182652 -0.16592691154164543 -0.219141317795128
v 0.07628063205770512 -0.17344665799400144 -0.06795209703672796
v 0.09764214952500387 -0.16592691154164543 -0.06778802024461349
v 0.09804582355182652 -0.16592691154164543 -0.219141317795128
v 0.09764214952500387 -0.16592691154164543 -0.06778802024461349
v 0.11940660480565331 -0.17344665799400144 -0.21897661819328432
v 0.11940660480565331 -0.17344665799400144 -0.21897661819328432
v 0.09764214952500387 -0.16592691154164543 -0.06778802024461349
v 0.1190033016122832 -0.17344665799400144 -0.06762394345249902
v 0.09758652450712281 -0.2049437421969061 -0.04684213838444867
v 0.07628063205770512 -0.17344665799400144 -0.06795209703672796
v 0.06832582367949813 -0.202577586676631 -0.06801300447109032
v 0.07628063205770512 -0.17344665799400144 -0.06795209703672796
v 0.09758652450712281 -0.2049437421969061 -0.04684213838444867
v 0.09764214952500387 -0.16592691154164543 -0.06778802024461349
v 0.09764214952500387 -0.16592691154164543 -0.06778802024461349
v 0.09758652450712281 -0.2049437421969061 -0.04684213838444867
v 0.10829490760626988 -0.1891950099539024 -0.057232419845203004
v 0.09758652450712281 -0.2049437421969061 -0.04684213838444867
v 0.12695810453705705 -0.202577586676631 -0.06756241494486583
v 0.10829490760626988 -0.1891950099539024 -0.057232419845203004
v 0.10829490760626988 -0.1891950099539024 -0.057232419845203004
v 0.1190033016122832 -0.17344665799400144 -0.06762394345249902
v 0.09764214952500387 -0.16592691154164543 -0.06778802024461349
v 0.12695810453705705 -0.202577586676631 -0.06756241494486583
v 0.1190033016122832 -0.17344665799400144 -0.06762394345249902
v 0.10829490760626988 -0.1891950099539024 -0.057232419845203004
v 0.08298380663895785 -0.21861961368156782 -0.06790051206844218
v 0.09764214952500387 -0.24155671254605116 -0.06778802024461349
v 0.09758652450712281 -0.2049437421969061 -0.04684213838444867
v 0.08298380663895785 -0.21861961368156782 -0.06790051206844218
v 0.09758652450712281 -0.2049437421969061 -0.04684213838444867
v 0.06832582367949813 -0.202577586676631 -0.06801300447109032
v 0.09764214952500387 -0.24155671254605116 -0.06778802024461349
v 0.11230012703103046 -0.21861961368156782 -0.06767552842078481
v 0.09758652450712281 -0.2049437421969061 -0.04684213838444867
v 0.11230012703103046 -0.21861961368156782 -0.06767552842078481
v 0.12695810453705705 -0.202577586676631 -0.06756241494486583
v 0.09758652450712281 -0.2049437421969061 -0.04684213838444867
v 0.06872949770632078 -0.202577586676631 -0.21936629796986867
v 0.06832582367949813 -0.202577586676631 -0.06801300447109032
v 0.07668393525107522 -0.17344665799400144 -0.21930539690252027
v 0.07668393525107522 -0.17344665799400144 -0.21930539690252027
v 0.06832582367949813 -0.202577586676631 -0.06801300447109032
v 0.07628063205770512 -0.17344665799400144 -0.06795209703672796
v 0.09764214952500387 -0.24155671254605116 -0.06778802024461349
v 0.08338710983232796 -0.21861961368156782 -0.21925381251305393
v 0.09804582355182652 -0.24155671254605116 -0.219141317795128
v 0.08338710983232796 -0.21861961368156782 -0.21925381251305393
v 0.09764214952500387 -0.24155671254605116 -0.06778802024461349
v 0.08298380663895785 -0.21861961368156782 -0.06790051206844218
v 0.08338710983232796 -0.21861961368156782 -0.21925381251305393
v 0.08298380663895785 -0.21861961368156782 -0.06790051206844218
v 0.06872949770632078 -0.202577586676631 -0.21936629796986867
v 0.06872949770632078 -0.202577586676631 -0.21936629796986867
v 0.08298380663895785 -0.21861961368156782 -0.06790051206844218
v 0.06832582367949813 -0.202577586676631 -0.06801300447109032
v 0.06872949770632078 -0.202577586676631 -0.21936629796986867
v 0.07668393525107522 -0.17344665799400144 -0.21930539690252027
v 0.09810144856970757 -0.2049437421969061 -0.24008658031848032
v 0.07668393525107522 -0.17344665799400144 -0.21930539690252027
v 0.09804582355182652 -0.16592691154164543 -0.219141317795128
v 0.09810144856970757 -0.2049437421969061 -0.24008658031848032
v 0.09810144856970757 -0.2049437421969061 -0.24008658031848032
v 0.11940660480565331 -0.17344665799400144 -0.21897661819328432
v 0.12736140773042717 -0.202577586676631 -0.21891571712593594
v 0.09804582355182652 -0.16592691154164543 -0.219141317795128
v 0.11940660480565331 -0.17344665799400144 -0.21897661819328432
v 0.09810144856970757 -0.2049437421969061 -0.24008658031848032
v 0.08338710983232796 -0.21861961368156782 -0.21925381251305393
v 0.09810144856970757 -0.2049437421969061 -0.24008658031848032
v 0.09804582355182652 -0.24155671254605116 -0.219141317795128
v 0.08338710983232796 -0.21861961368156782 -0.21925381251305393
v 0.06872949770632078 -0.202577586676631 -0.21936629796986867
v 0.09810144856970757 -0.2049437421969061 -0.24008658031848032
v 0.09810144856970757 -0.2049437421969061 -0.24008658031848032
v 0.11270343022440057 -0.21861961368156782 -0.21902820258275066
v 0.09804582355182652 -0.24155671254605116 -0.219141317795128
v 0.11270343022440057 -0.21861961368156782 -0.21902820258275066
v 0.09810144856970757 -0.2049437421969061 -0.24008658031848032
v 0.12736140773042717 -0.202577586676631 -0.21891571712593594
vt 4.026100158691406 -59.025001525878906
vt 4.017340183258057 -59.01169967651367
vt 4.019830226898193 -59.02750015258789
vt 4.030570030212402 -59.02320098876953
vt 4.017340183258057 -59.01169967651367
vt 4.026100158691406 -59.025001525878906
vt 4.017340183258057 -59.01169967651367
vt 4.030570030212402 -59.02320098876953
vt 4.025730133056641 -59.00189971923828
vt 4.025730133056641 -59.00189971923828
vt 4.002679824829102 -58.972999572753906
vt 4.017340183258057 -59.01169967651367
vt 4.025730133056641 -59.00189971923828
vt 4.002679824829102 -58.95320129394531
vt 4.002679824829102 -58.972999572753906
vt 3.9796299934387207 -59.00189971923828
vt 4.002679824829102 -58.972999572753906
vt 4.002679824829102 -58.95320129394531
vt 4.002679824829102 -58.972999572753906
vt 3.9796299934387207 -59.00189971923828
vt 3.9880199432373047 -59.01169967651367
vt 3.9796299934387207 -59.00189971923828
vt 3.9694299697875977 -59.04679870605469
vt 3.9880199432373047 -59.01169967651367
vt 3.9694299697875977 -59.04679870605469
vt 3.975100040435791 -59.0453987121582
vt 3.9880199432373047 -59.01169967651367
vt 3.975100040435791 -59.0453987121582
vt 3.9694299697875977 -59.04679870605469
vt 3.9725499153137207 -59.0463981628418
vt 3.9789700508117676 -59.04389953613281
vt 3.9880199432373047 -59.01169967651367
vt 3.975100040435791 -59.0453987121582
vt 3.9832398891448975 -59.042198181152344
vt 3.9880199432373047 -59.01169967651367
vt 3.9789700508117676 -59.04389953613281
vt 4.002679824829102 -58.972999572753906
vt 3.9880199432373047 -59.01169967651367
vt 4.017340183258057 -59.01169967651367
vt 3.9880199432373047 -59.01169967651367
vt 4.019830226898193 -59.02750015258789
vt 4.017340183258057 -59.01169967651367
vt 4.019830226898193 -59.02750015258789
vt 3.9880199432373047 -59.01169967651367
vt 3.9832398891448975 -59.042198181152344
vt 3.9725499153137207 -58.99850082397461
vt 3.9694299697875977 -59
vt 3.971519947052002 -59.000999450683594
vt 3.9741899967193604 -59.002201080322266
vt 3.9725499153137207 -58.99850082397461
vt 3.971519947052002 -59.000999450683594
vt 3.9741899967193604 -59.002201080322266
vt 3.975100040435791 -58.99729919433594
vt 3.9725499153137207 -58.99850082397461
vt 3.9789700508117676 -59.004398345947266
vt 3.975100040435791 -58.99729919433594
vt 3.9741899967193604 -59.002201080322266
vt 3.975100040435791 -58.99729919433594
vt 3.9789700508117676 -59.004398345947266
vt 3.9789700508117676 -58.995601654052734
vt 3.9789700508117676 -59.004398345947266
vt 3.9832398891448975 -58.99259948730469
vt 3.9789700508117676 -58.995601654052734
vt 3.9832398891448975 -58.99259948730469
vt 3.9789700508117676 -59.004398345947266
vt 3.9832699298858643 -59.00740051269531
vt 3.9832398891448975 -58.99259948730469
vt 3.9832699298858643 -59.00740051269531
vt 4.019830226898193 -58.99259948730469
vt 4.019800186157227 -59.00740051269531
vt 4.019830226898193 -58.99259948730469
vt 3.9832699298858643 -59.00740051269531
vt 4.026090145111084 -59.00239944458008
vt 4.019830226898193 -58.99259948730469
vt 4.019800186157227 -59.00740051269531
vt 4.019830226898193 -58.99259948730469
vt 4.026090145111084 -59.00239944458008
vt 4.026100158691406 -58.99760055541992
vt 4.026100158691406 -58.99760055541992
vt 4.026090145111084 -59.00239944458008
vt 4.030570030212402 -59
vt 3.9742701053619385 -59.00189971923828
vt 3.9973199367523193 -58.972999572753906
vt 3.9973199367523193 -58.95320129394531
vt 3.9973199367523193 -58.972999572753906
vt 3.9742701053619385 -59.00189971923828
vt 3.9826500415802 -59.01169967651367
vt 3.9742701053619385 -59.00189971923828
vt 3.9694299697875977 -59.02320098876953
vt 3.9826500415802 -59.01169967651367
vt 3.973900079727173 -59.024898529052734
vt 3.9826500415802 -59.01169967651367
vt 3.9694299697875977 -59.02320098876953
vt 3.9802000522613525 -59.027400970458984
vt 3.9826500415802 -59.01169967651367
vt 3.973900079727173 -59.024898529052734
vt 4.030570030212402 -59.04679870605469
vt 4.0258097648620605 -59.04570007324219
vt 4.028480052947998 -59.04679870605469
vt 4.030570030212402 -59.04679870605469
vt 4.011980056762695 -59.01169967651367
vt 4.0258097648620605 -59.04570007324219
vt 4.011980056762695 -59.01169967651367
vt 4.021029949188232 -59.043800354003906
vt 4.0258097648620605 -59.04570007324219
vt 4.021029949188232 -59.043800354003906
vt 4.011980056762695 -59.01169967651367
vt 4.016729831695557 -59.04199981689453
vt 4.011980056762695 -59.01169967651367
vt 4.030570030212402 -59.04679870605469
vt 4.020370006561279 -59.00189971923828
vt 3.9973199367523193 -58.972999572753906
vt 4.011980056762695 -59.01169967651367
vt 4.020370006561279 -59.00189971923828
vt 4.020370006561279 -59.00189971923828
vt 3.9973199367523193 -58.95320129394531
vt 3.9973199367523193 -58.972999572753906
vt 3.9802000522613525 -59.027400970458984
vt 4.011980056762695 -59.01169967651367
vt 3.9826500415802 -59.01169967651367
vt 4.011980056762695 -59.01169967651367
vt 3.9973199367523193 -58.972999572753906
vt 3.9826500415802 -59.01169967651367
vt 4.011980056762695 -59.01169967651367
vt 3.9802000522613525 -59.027400970458984
vt 4.016729831695557 -59.04199981689453
vt 58.02830123901367 -7.0044097900390625
vt 58.03559875488281 -7.001110076904297
vt 58.03450012207031 -6.998390197753906
vt 58.02830123901367 -6.995580196380615
vt 58.02830123901367 -7.0044097900390625
vt 58.03450012207031 -6.998390197753906
vt 58.02830123901367 -6.995580196380615
vt 58.02640151977539 -7.005730152130127
vt 58.02830123901367 -7.0044097900390625
vt 58.02410125732422 -6.99261999130249
vt 58.02640151977539 -7.005730152130127
vt 58.02830123901367 -6.995580196380615
vt 58.02640151977539 -7.005730152130127
vt 58.02410125732422 -6.99261999130249
vt 57.98740005493164 -6.99261999130249
vt 58.02640151977539 -7.005730152130127
vt 57.98740005493164 -6.99261999130249
vt 57.98440170288086 -6.99498987197876
vt 57.98440170288086 -6.99498987197876
vt 58.02399826049805 -7.00738000869751
vt 58.02640151977539 -7.005730152130127
vt 57.98440170288086 -6.99498987197876
vt 57.98740005493164 -7.00738000869751
vt 58.02399826049805 -7.00738000869751
vt 57.98440170288086 -6.99498987197876
vt 57.981201171875 -7.002439975738525
vt 57.98740005493164 -7.00738000869751
vt 57.981201171875 -7.002439975738525
vt 57.98440170288086 -6.99498987197876
vt 57.981201171875 -6.997560024261475
vt 57.981201171875 -7.002439975738525
vt 57.981201171875 -6.997560024261475
vt 57.97669982910156 -7
vt 58.02360153198242 -7.040130138397217
vt 58.02389907836914 -7.027569770812988
vt 58.01580047607422 -7.040929794311523
vt 58.01210021972656 -7.037839889526367
vt 58.01580047607422 -7.040929794311523
vt 58.02389907836914 -7.027569770812988
vt 58.01580047607422 -7.040929794311523
vt 58.01210021972656 -7.037839889526367
vt 58.01459884643555 -7.041130065917969
vt 58.01459884643555 -7.041130065917969
vt 58.01210021972656 -7.037839889526367
vt 58.01390075683594 -7.041059970855713
vt 58.01210021972656 -7.037839889526367
vt 58.02389907836914 -7.027569770812988
vt 58.01210021972656 -7.028619766235352
vt 58.02389907836914 -7.027569770812988
vt 58.01959991455078 -7.00786018371582
vt 58.01210021972656 -7.028619766235352
vt 58.01959991455078 -7.00786018371582
vt 58.02389907836914 -7.027569770812988
vt 58.03559875488281 -7.013070106506348
vt 58.02330017089844 -6.958869934082031
vt 58.01959991455078 -7.00786018371582
vt 58.03559875488281 -7.013070106506348
vt 58.01959991455078 -7.00786018371582
vt 58.02330017089844 -6.958869934082031
vt 58.018798828125 -6.960700035095215
vt 58.018798828125 -6.960700035095215
vt 58.01559829711914 -6.962019920349121
vt 58.01959991455078 -7.00786018371582
vt 58.01259994506836 -6.963260173797607
vt 58.01959991455078 -7.00786018371582
vt 58.01559829711914 -6.962019920349121
vt 57.974098205566406 -6.989319801330566
vt 57.97589874267578 -6.977940082550049
vt 57.97159957885742 -6.987450122833252
vt 57.97159957885742 -6.987450122833252
vt 57.97589874267578 -6.977940082550049
vt 57.97169876098633 -6.979599952697754
vt 57.97159957885742 -6.987450122833252
vt 57.97169876098633 -6.979599952697754
vt 57.96549987792969 -6.982049942016602
vt 57.974098205566406 -6.989319801330566
vt 58.01259994506836 -6.963260173797607
vt 57.97589874267578 -6.977940082550049
vt 58.01959991455078 -7.00786018371582
vt 58.01259994506836 -6.963260173797607
vt 57.974098205566406 -6.989319801330566
vt 57.974098205566406 -6.989319801330566
vt 58.01210021972656 -7.028619766235352
vt 58.01959991455078 -7.00786018371582
vt 57.974098205566406 -6.989319801330566
vt 58.01210021972656 -7.037839889526367
vt 58.01210021972656 -7.028619766235352
vt 57.99399948120117 -6.994760036468506
vt 58.00519943237305 -6.987450122833252
vt 57.9989013671875 -6.982460021972656
vt 58.0015983581543 -6.982049942016602
vt 57.9989013671875 -6.982460021972656
vt 58.00519943237305 -6.987450122833252
vt 58.00519943237305 -6.987450122833252
vt 57.99399948120117 -6.994760036468506
vt 58.00740051269531 -6.989319801330566
vt 57.99399948120117 -6.994760036468506
vt 58.00740051269531 -7.037839889526367
vt 58.00740051269531 -6.989319801330566
vt 58.00740051269531 -7.037839889526367
vt 57.99399948120117 -6.994760036468506
vt 58.00600051879883 -7.041059970855713
vt 58.02640151977539 -6.978690147399902
vt 58.0265998840332 -6.994359970092773
vt 58.02830123901367 -6.9794697761535645
vt 58.02399826049805 -6.977729797363281
vt 58.0265998840332 -6.994359970092773
vt 58.02640151977539 -6.978690147399902
vt 58.02830123901367 -6.9794697761535645
vt 58.0265998840332 -6.994359970092773
vt 58.02859878540039 -6.994760036468506
vt 58.02859878540039 -6.994760036468506
vt 58.03559875488281 -6.982460021972656
vt 58.02830123901367 -6.9794697761535645
vt 57.96440124511719 -7.013070106506348
vt 57.97610092163086 -7.027569770812988
vt 57.98040008544922 -7.00786018371582
vt 57.97669982910156 -6.958869934082031
vt 57.96440124511719 -7.013070106506348
vt 57.98040008544922 -7.00786018371582
vt 57.97669982910156 -6.958869934082031
vt 57.98040008544922 -7.00786018371582
vt 57.981201171875 -6.9606499671936035
vt 57.98040008544922 -7.00786018371582
vt 57.98740005493164 -6.963099956512451
vt 57.981201171875 -6.9606499671936035
vt 57.97610092163086 -7.027569770812988
vt 57.98609924316406 -7.023550033569336
vt 57.98040008544922 -7.00786018371582
vt 57.98609924316406 -7.023550033569336
vt 57.97610092163086 -7.027569770812988
vt 57.98400115966797 -7.0282697677612305
vt 57.98400115966797 -7.0282697677612305
vt 57.97610092163086 -7.027569770812988
vt 57.97869873046875 -7.036459922790527
vt 57.97610092163086 -7.027569770812988
vt 57.97639846801758 -7.040130138397217
vt 57.97869873046875 -7.036459922790527
vt 58.021400451660156 -6.998129844665527
vt 58.02399826049805 -6.977729797363281
vt 57.98740005493164 -6.963099956512451
vt 58.02399826049805 -6.977729797363281
vt 58.021400451660156 -6.998129844665527
vt 58.0265998840332 -6.994359970092773
vt 57.98040008544922 -7.00786018371582
vt 58.021400451660156 -6.998129844665527
vt 57.98740005493164 -6.963099956512451
vt 58.021400451660156 -6.998129844665527
vt 57.98040008544922 -7.00786018371582
vt 57.98609924316406 -7.023550033569336
vt 58.021400451660156 -6.998129844665527
vt 58.02859878540039 -6.994760036468506
vt 58.0265998840332 -6.994359970092773
vt 57.98609924316406 -7.041059970855713
vt 58.02859878540039 -6.994760036468506
vt 58.021400451660156 -6.998129844665527
vt 57.98609924316406 -7.023550033569336
vt 57.98609924316406 -7.041059970855713
vt 58.021400451660156 -6.998129844665527
vt 57.98609924316406 -7.041059970855713
vt 57.98609924316406 -7.023550033569336
vt 57.98400115966797 -7.0282697677612305
vt 57.98609924316406 -7.041059970855713
vt 57.98400115966797 -7.0282697677612305
vt 57.98419952392578 -7.040929794311523
vt 57.98609924316406 -7.041059970855713
vt 57.98419952392578 -7.040929794311523
vt 57.98540115356445 -7.041130065917969
vt 57.98419952392578 -7.040929794311523
vt 57.98400115966797 -7.0282697677612305
vt 57.97869873046875 -7.036459922790527
vt 57.97869873046875 -7.036459922790527
vt 57.97639846801758 -7.040130138397217
vt 57.98419952392578 -7.040929794311523
vt 19.992599487304688 -0.9536269903182983
vt 20.005300521850586 -0.9571920037269592
vt 19.994699478149414 -0.9517710208892822
vt 20.001100540161133 -0.94657301902771
vt 19.994699478149414 -0.9517710208892822
vt 20.005300521850586 -0.9571920037269592
vt 19.994699478149414 -0.9517710208892822
vt 20.001100540161133 -0.94657301902771
vt 19.99850082397461 -0.9461849927902222
vt 20.005300521850586 -0.9571920037269592
vt 19.992599487304688 -0.9536269903182983
vt 19.992599487304688 -0.9901340007781982
vt 19.992599487304688 -0.9901340007781982
vt 20.006000518798828 -0.9589750170707703
vt 20.005300521850586 -0.9571920037269592
vt 20.006000518798828 -0.9589750170707703
vt 19.992599487304688 -0.9901340007781982
vt 19.99370002746582 -1.0051100254058838
vt 19.99370002746582 -1.0051100254058838
vt 19.992599487304688 -0.9901340007781982
vt 19.992599487304688 -1.0022599697113037
vt 20.021400451660156 -0.9995290040969849
vt 20.020200729370117 -1.0010499954223633
vt 20.021799087524414 -1.0002800226211548
vt 20.01919937133789 -0.9984819889068604
vt 20.020200729370117 -1.0010499954223633
vt 20.021400451660156 -0.9995290040969849
vt 20.021400451660156 -0.9995290040969849
vt 20.021799087524414 -1.0002800226211548
vt 20.02239990234375 -1
vt 20.027700424194336 -1.0022599697113037
vt 20.027700424194336 -1.0066399574279785
vt 20.029300689697266 -1.0051100254058838
vt 19.98419952392578 -1.0477900505065918
vt 19.97719955444336 -1.0538100004196167
vt 19.978200912475586 -1.0536600351333618
vt 19.972299575805664 -1.0369900465011597
vt 19.97719955444336 -1.0538100004196167
vt 19.98419952392578 -1.0477900505065918
vt 19.972299575805664 -1.0369900465011597
vt 19.98419952392578 -1.0477900505065918
vt 19.98550033569336 -1.0464799404144287
vt 19.986799240112305 -0.97188401222229
vt 20.018199920654297 -0.9901340007781982
vt 19.989599227905273 -0.9536269903182983
vt 19.994199752807617 -0.9926519989967346
vt 20.018199920654297 -0.9901340007781982
vt 19.986799240112305 -0.97188401222229
vt 20.027000427246094 -1.007290005683899
vt 20.018199920654297 -0.9901340007781982
vt 19.994199752807617 -0.9926519989967346
vt 20.018199920654297 -0.9901340007781982
vt 20.027000427246094 -1.007290005683899
vt 20.027700424194336 -1.0022599697113037
vt 20.027700424194336 -1.0022599697113037
vt 20.027000427246094 -1.007290005683899
vt 20.027700424194336 -1.0066399574279785
vt 19.994199752807617 -1.0331499576568604
vt 20.027000427246094 -1.007290005683899
vt 19.994199752807617 -0.9926519989967346
vt 19.9862003326416 -1.0458799600601196
vt 20.027000427246094 -1.007290005683899
vt 19.994199752807617 -1.0331499576568604
vt 19.994199752807617 -0.9926519989967346
vt 19.986799240112305 -0.97188401222229
vt 19.982500076293945 -0.991595983505249
vt 19.982500076293945 -0.991595983505249
vt 19.986799240112305 -0.97188401222229
vt 19.970699310302734 -0.9771019816398621
vt 19.983299255371094 -1.0282599925994873
vt 19.994199752807617 -0.9926519989967346
vt 19.982500076293945 -0.991595983505249
vt 19.994199752807617 -0.9926519989967346
vt 19.983299255371094 -1.0282599925994873
vt 19.994199752807617 -1.0331499576568604
vt 19.983299255371094 -1.0282599925994873
vt 19.9862003326416 -1.0458799600601196
vt 19.994199752807617 -1.0331499576568604
vt 19.983299255371094 -1.0282599925994873
vt 19.972299575805664 -1.0369900465011597
vt 19.9862003326416 -1.0458799600601196
vt 19.9862003326416 -1.0458799600601196
vt 19.972299575805664 -1.0369900465011597
vt 19.98550033569336 -1.0464799404144287
vt 19.986799240112305 -0.97188401222229
vt 19.97760009765625 -0.946524977684021
vt 19.970699310302734 -0.9771019816398621
vt 19.986799240112305 -0.97188401222229
vt 19.98710060119629 -0.9517710208892822
vt 19.97760009765625 -0.946524977684021
vt 19.98710060119629 -0.9517710208892822
vt 19.986799240112305 -0.97188401222229
vt 19.989599227905273 -0.9536269903182983
vt 19.98710060119629 -0.9517710208892822
vt 19.978599548339844 -0.9464190006256104
vt 19.97760009765625 -0.946524977684021
vt 19.978599548339844 -0.9464190006256104
vt 19.98710060119629 -0.9517710208892822
vt 19.98080062866211 -0.9461849927902222
vt 19.98419952392578 -0.993914008140564
vt 19.9862003326416 -0.9926180243492126
vt 19.98550033569336 -0.9927129745483398
vt 19.9862003326416 -0.9926180243492126
vt 19.98419952392578 -0.993914008140564
vt 20.003599166870117 -1.0073800086975098
vt 20.003599166870117 -1.0073800086975098
vt 19.98419952392578 -0.993914008140564
vt 19.985700607299805 -1.0073800086975098
vt 19.98419952392578 -0.993914008140564
vt 19.98259925842285 -1.0047399997711182
vt 19.985700607299805 -1.0073800086975098
vt 19.9862003326416 -0.9926180243492126
vt 20.003599166870117 -1.0073800086975098
vt 20.027000427246094 -0.9926180243492126
vt 19.98259925842285 -1.0047399997711182
vt 19.98419952392578 -0.993914008140564
vt 19.978599548339844 -1.001170039176941
vt 19.978599548339844 -1.001170039176941
vt 19.98419952392578 -0.993914008140564
vt 19.978200912475586 -0.9992870092391968
vt 19.978200912475586 -0.9992870092391968
vt 19.97719955444336 -1
vt 19.978599548339844 -1.001170039176941
vt 20.027000427246094 -0.9926180243492126
vt 20.003599166870117 -1.0073800086975098
vt 20.014999389648438 -1.0073800086975098
vt 20.027000427246094 -0.9926180243492126
vt 20.014999389648438 -1.0073800086975098
vt 20.015899658203125 -1.0073800086975098
vt 20.029300689697266 -0.9937289953231812
vt 20.027000427246094 -0.9926180243492126
vt 20.015899658203125 -1.0073800086975098
vt 20.027000427246094 -0.9926180243492126
vt 20.029300689697266 -0.9937289953231812
vt 20.027700424194336 -0.9926180243492126
vt 20.012100219726562 -0.9648619890213013
vt 19.970699310302734 -1.0051100254058838
vt 19.984100341796875 -1.0182299613952637
vt 19.970699310302734 -1.0051100254058838
vt 20.012100219726562 -0.9648619890213013
vt 20.013099670410156 -0.9589750170707703
vt 20.012100219726562 -0.9648619890213013
vt 20.005800247192383 -0.9926519989967346
vt 20.013200759887695 -0.97188401222229
vt 20.005800247192383 -0.9926519989967346
vt 20.012100219726562 -0.9648619890213013
vt 19.984100341796875 -1.0182299613952637
vt 19.985000610351562 -1.0190999507904053
vt 20.005800247192383 -0.9926519989967346
vt 19.984100341796875 -1.0182299613952637
vt 19.996400833129883 -1.029860019683838
vt 20.005800247192383 -0.9926519989967346
vt 19.985000610351562 -1.0190999507904053
vt 20.005800247192383 -0.9926519989967346
vt 19.996400833129883 -1.029860019683838
vt 20.005800247192383 -1.0331499576568604
vt 20.005800247192383 -1.0331499576568604
vt 19.996400833129883 -1.029860019683838
vt 20.014299392700195 -1.0467300415039062
vt 20.005800247192383 -0.9926519989967346
vt 20.016700744628906 -1.0282599925994873
vt 20.017499923706055 -0.991595983505249
vt 20.005800247192383 -0.9926519989967346
vt 20.005800247192383 -1.0331499576568604
vt 20.016700744628906 -1.0282599925994873
vt 20.017499923706055 -0.991595983505249
vt 20.013200759887695 -0.97188401222229
vt 20.005800247192383 -0.9926519989967346
vt 20.014299392700195 -1.0467300415039062
vt 20.016700744628906 -1.0282599925994873
vt 20.005800247192383 -1.0331499576568604
vt 20.013200759887695 -0.97188401222229
vt 20.017499923706055 -0.991595983505249
vt 20.029300689697266 -0.9771019816398621
vt 20.016700744628906 -1.0282599925994873
vt 20.014299392700195 -1.0467300415039062
vt 20.027700424194336 -1.0369900465011597
vt 20.01740074157715 -1.049630045890808
vt 20.027700424194336 -1.0369900465011597
vt 20.014299392700195 -1.0467300415039062
vt 20.021400451660156 -1.0532499551773071
vt 20.027700424194336 -1.0369900465011597
vt 20.01740074157715 -1.049630045890808
vt 20.02280044555664 -1.0538100004196167
vt 20.027700424194336 -1.0369900465011597
vt 20.021400451660156 -1.0532499551773071
vt 20.029300689697266 -0.9771019816398621
vt 20.012100219726562 -0.9648619890213013
vt 20.013200759887695 -0.97188401222229
vt 20.01409912109375 -0.9571920037269592
vt 20.012100219726562 -0.9648619890213013
vt 20.029300689697266 -0.9771019816398621
vt 20.012100219726562 -0.9648619890213013
vt 20.01409912109375 -0.9571920037269592
vt 20.013099670410156 -0.9589750170707703
vt 20.01409912109375 -0.9571920037269592
vt 20.029300689697266 -0.9771019816398621
vt 20.02239990234375 -0.946524977684021
vt 20.01409912109375 -0.9571920037269592
vt 20.02239990234375 -0.946524977684021
vt 20.021799087524414 -0.9465370178222656
vt 20.01409912109375 -0.9571920037269592
vt 20.021799087524414 -0.9465370178222656
vt 20.020200729370117 -0.94657301902771
vt 30.02589988708496 -29.018600463867188
vt 30.02519989013672 -29.016199111938477
vt 30.018299102783203 -29.017000198364258
vt 30.02519989013672 -29.016199111938477
vt 30.02589988708496 -29.018600463867188
vt 30.025999069213867 -29.016199111938477
vt 30.016199111938477 -29.016799926757812
vt 30.018299102783203 -29.017000198364258
vt 30.02519989013672 -29.016199111938477
vt 29.97480010986328 -28.97570037841797
vt 30.003000259399414 -29.029699325561523
vt 30.016199111938477 -29.016799926757812
vt 29.974000930786133 -28.970800399780273
vt 29.97480010986328 -28.97570037841797
vt 30.016199111938477 -29.016799926757812
vt 29.974000930786133 -28.970800399780273
vt 29.98080062866211 -28.973899841308594
vt 29.97570037841797 -28.970300674438477
vt 29.974000930786133 -28.970800399780273
vt 30.016199111938477 -29.016799926757812
vt 29.98080062866211 -28.973899841308594
vt 30.016199111938477 -29.016799926757812
vt 30.016300201416016 -28.999399185180664
vt 29.98080062866211 -28.973899841308594
vt 30.016300201416016 -28.999399185180664
vt 30.016199111938477 -29.016799926757812
vt 30.018299102783203 -29.003999710083008
vt 30.016199111938477 -29.016799926757812
vt 30.023700714111328 -29.012399673461914
vt 30.018299102783203 -29.003999710083008
vt 30.023700714111328 -29.012399673461914
vt 30.016199111938477 -29.016799926757812
vt 30.02519989013672 -29.016199111938477
vt 30.023700714111328 -29.012399673461914
vt 30.02519989013672 -29.016199111938477
vt 30.025999069213867 -29.016199111938477
vt 30.02090072631836 -29.002599716186523
vt 30.018299102783203 -28.994400024414062
vt 30.01449966430664 -29.00659942626953
vt 30.02589988708496 -28.99920082092285
vt 30.018299102783203 -28.994400024414062
vt 30.02090072631836 -29.002599716186523
vt 30.016199111938477 -28.99340057373047
vt 30.01449966430664 -29.00659942626953
vt 30.018299102783203 -28.994400024414062
vt 30.01449966430664 -29.00659942626953
vt 30.016199111938477 -28.99340057373047
vt 30.003000259399414 -29.00659942626953
vt 29.983699798583984 -28.999399185180664
vt 29.981700897216797 -29.003999710083008
vt 29.98550033569336 -29.00429916381836
vt 29.976299285888672 -29.012399673461914
vt 29.98550033569336 -29.00429916381836
vt 29.981700897216797 -29.003999710083008
vt 29.97909927368164 -29.022300720214844
vt 29.98550033569336 -29.00429916381836
vt 29.976299285888672 -29.012399673461914
vt 29.98550033569336 -29.00429916381836
vt 29.97909927368164 -29.022300720214844
vt 29.98550033569336 -29.02680015563965
vt 29.974000930786133 -29.016199111938477
vt 29.97909927368164 -29.022300720214844
vt 29.976299285888672 -29.012399673461914
vt 29.97909927368164 -29.022300720214844
vt 29.974000930786133 -29.016199111938477
vt 29.97410011291504 -29.018600463867188
vt 30.01919937133789 -28.973899841308594
vt 29.983699798583984 -28.999399185180664
vt 29.98550033569336 -29.00429916381836
vt 29.98550033569336 -29.00429916381836
vt 30.02519989013672 -28.97570037841797
vt 30.01919937133789 -28.973899841308594
vt 30.01919937133789 -28.973899841308594
vt 30.02519989013672 -28.97570037841797
vt 30.02429962158203 -28.970300674438477
vt 30.02519989013672 -28.97570037841797
vt 30.025999069213867 -28.970800399780273
vt 30.02429962158203 -28.970300674438477
vt 30.02519989013672 -28.97570037841797
vt 29.98550033569336 -29.00429916381836
vt 29.996999740600586 -29.029699325561523
vt 29.996999740600586 -29.029699325561523
vt 29.98550033569336 -29.00429916381836
vt 29.98550033569336 -29.02680015563965
vt 0.032742999494075775 -36.999298095703125
vt 0.03225800022482872 -37.00120162963867
vt 0.03370999917387962 -37
vt 0.02659500017762184 -36.99380111694336
vt 0.03225800022482872 -37.00120162963867
vt 0.032742999494075775 -36.999298095703125
vt 0.03225800022482872 -37.00120162963867
vt 0.02659500017762184 -36.99380111694336
vt 0.028216000646352768 -37.004798889160156
vt 0.028216000646352768 -37.004798889160156
vt 0.02659500017762184 -36.99380111694336
vt 0.025140000507235527 -37.00740051269531
vt 0.02659500017762184 -36.99380111694336
vt 0.007089999970048666 -37.00740051269531
vt 0.025140000507235527 -37.00740051269531
vt 0.02523300051689148 -36.99259948730469
vt 0.007089999970048666 -37.00740051269531
vt 0.02659500017762184 -36.99380111694336
vt -0.0064849997870624065 -36.99259948730469
vt 0.007089999970048666 -37.00740051269531
vt 0.02523300051689148 -36.99259948730469
vt 0.007089999970048666 -37.00740051269531
vt -0.0064849997870624065 -36.99259948730469
vt -0.00506300013512373 -37.00740051269531
vt -0.0064849997870624065 -36.99259948730469
vt -0.018525000661611557 -36.99380111694336
vt -0.00506300013512373 -37.00740051269531
vt -0.018525000661611557 -36.99380111694336
vt -0.0064849997870624065 -36.99259948730469
vt -0.016714999452233315 -36.99259948730469
vt -0.018525000661611557 -36.99380111694336
vt -0.016714999452233315 -37.00740051269531
vt -0.00506300013512373 -37.00740051269531
vt -0.016714999452233315 -37.00740051269531
vt -0.018525000661611557 -36.99380111694336
vt -0.019680999219417572 -36.994598388671875
vt -0.020687999203801155 -36.99530029296875
vt -0.016714999452233315 -37.00740051269531
vt -0.019680999219417572 -36.994598388671875
vt -0.016714999452233315 -37.00740051269531
vt -0.020687999203801155 -36.99530029296875
vt -0.02298000082373619 -37.00339889526367
vt -0.028095999732613564 -37
vt -0.02298000082373619 -37.00339889526367
vt -0.020687999203801155 -36.99530029296875
vt -0.02268500067293644 -37.00310134887695
vt -0.02659500017762184 -36.99420166015625
vt -0.029751000925898552 -37.000999450683594
vt -0.02659500017762184 -36.99420166015625
vt -0.032742999494075775 -37.00019836425781
vt -0.029751000925898552 -37.000999450683594
vt -0.02659500017762184 -36.99420166015625
vt -0.02268500067293644 -37.00310134887695
vt -0.02523300051689148 -36.99290084838867
vt 0.02760699950158596 -36.97460174560547
vt 0.016714999452233315 -36.95320129394531
vt 0.016714999452233315 -36.97949981689453
vt 0.02760699950158596 -36.97460174560547
vt 0.016714999452233315 -36.97949981689453
vt 0.02523300051689148 -36.99290084838867
vt 0.016714999452233315 -36.95320129394531
vt 0.02760699950158596 -36.97460174560547
vt 0.028095999732613564 -36.95349884033203
vt 0.03859899938106537 -36.983299255371094
vt 0.02760699950158596 -36.97460174560547
vt 0.02523300051689148 -36.99290084838867
vt 0.016714999452233315 -36.95320129394531
vt 0.028095999732613564 -36.95349884033203
vt 0.020687999203801155 -36.95199966430664
vt 0.019680999219417572 -36.951698303222656
vt 0.016714999452233315 -36.95320129394531
vt 0.020687999203801155 -36.95199966430664
vt 0.016714999452233315 -36.95320129394531
vt 0.019680999219417572 -36.951698303222656
vt 0.018525000661611557 -36.951499938964844
vt 0.02523300051689148 -36.99290084838867
vt 0.03225100040435791 -37.005401611328125
vt 0.03859899938106537 -36.983299255371094
vt 0.03225100040435791 -37.005401611328125
vt 0.02523300051689148 -36.99290084838867
vt 0.022624000906944275 -37.00299835205078
vt 0.02588300034403801 -37.00979995727539
vt 0.03225100040435791 -37.005401611328125
vt 0.022624000906944275 -37.00299835205078
vt 0.03225100040435791 -37.005401611328125
vt 0.02588300034403801 -37.00979995727539
vt 0.03508099913597107 -37.00920104980469
vt -0.018316999077796936 -37.048500061035156
vt 0.018316999077796936 -37.048500061035156
vt 0.015137000009417534 -37.037200927734375
vt -0.018316999077796936 -37.048500061035156
vt 0.015137000009417534 -37.037200927734375
vt -0.015137000009417534 -37.037200927734375
vt 0.018316999077796936 -37.048500061035156
vt 0.030628999695181847 -37.01959991455078
vt 0.015137000009417534 -37.037200927734375
vt -0.030628999695181847 -37.01959991455078
vt -0.018316999077796936 -37.048500061035156
vt -0.015137000009417534 -37.037200927734375
vt 0.030628999695181847 -37.01959991455078
vt 0.018316999077796936 -37.048500061035156
vt 0.04401399940252304 -37.020999908447266
vt 0.03508099913597107 -37.00920104980469
vt 0.030628999695181847 -37.01959991455078
vt 0.04401399940252304 -37.020999908447266
vt 0.030628999695181847 -37.01959991455078
vt 0.03508099913597107 -37.00920104980469
vt 0.02588300034403801 -37.00979995727539
vt -0.04401399940252304 -37.020999908447266
vt -0.018316999077796936 -37.048500061035156
vt -0.030628999695181847 -37.01959991455078
vt -0.030628999695181847 -37.01959991455078
vt -0.03225100040435791 -37.005401611328125
vt -0.04401399940252304 -37.020999908447266
vt -0.03225100040435791 -37.005401611328125
vt -0.030628999695181847 -37.01959991455078
vt -0.02268500067293644 -37.00310134887695
vt -0.029751000925898552 -37.000999450683594
vt -0.03225100040435791 -37.005401611328125
vt -0.02268500067293644 -37.00310134887695
vt -0.03225100040435791 -37.005401611328125
vt -0.029751000925898552 -37.000999450683594
vt -0.032742999494075775 -37.00019836425781
vt -0.032742999494075775 -37.00019836425781
vt -0.03370999917387962 -37.000301361083984
vt -0.03225100040435791 -37.005401611328125
vt -0.015137000009417534 -37.037200927734375
vt -0.02268500067293644 -37.00310134887695
vt -0.030628999695181847 -37.01959991455078
vt 0.015137000009417534 -37.037200927734375
vt -0.02268500067293644 -37.00310134887695
vt -0.015137000009417534 -37.037200927734375
vt -0.02268500067293644 -37.00310134887695
vt 0.015137000009417534 -37.037200927734375
vt 0.02588300034403801 -37.00979995727539
vt 0.02588300034403801 -37.00979995727539
vt 0.015137000009417534 -37.037200927734375
vt 0.030628999695181847 -37.01959991455078
vt 0.022624000906944275 -37.00299835205078
vt -0.02268500067293644 -37.00310134887695
vt 0.02588300034403801 -37.00979995727539
vt 0.016714999452233315 -36.97949981689453
vt -0.02268500067293644 -37.00310134887695
vt 0.022624000906944275 -37.00299835205078
vt 0.022624000906944275 -37.00299835205078
vt 0.02523300051689148 -36.99290084838867
vt 0.016714999452233315 -36.97949981689453
vt -0.02268500067293644 -37.00310134887695
vt 0.016714999452233315 -36.97949981689453
vt -0.02523300051689148 -36.99290084838867
vt -0.02523300051689148 -36.99290084838867
vt 0.016714999452233315 -36.97949981689453
vt 0.0064849997870624065 -36.96289825439453
vt 0.016714999452233315 -36.97949981689453
vt 0.016714999452233315 -36.95320129394531
vt 0.0064849997870624065 -36.96289825439453
vt 0.025140000507235527 -36.99330139160156
vt 0.025513000786304474 -36.9995002746582
vt 0.028216000646352768 -36.99610137939453
vt 0.025513000786304474 -36.9995002746582
vt 0.03225800022482872 -36.99980163574219
vt 0.028216000646352768 -36.99610137939453
vt 0.025513000786304474 -36.9995002746582
vt 0.025140000507235527 -36.99330139160156
vt 0.023564999923110008 -36.9994010925293
vt -0.03225100040435791 -37.005401611328125
vt -0.023972000926733017 -37.00579833984375
vt -0.022624000906944275 -37.00299835205078
vt -0.023972000926733017 -37.00579833984375
vt -0.03225100040435791 -37.005401611328125
vt -0.03508099913597107 -37.00920104980469
vt -0.02523300051689148 -36.99290084838867
vt -0.03225100040435791 -37.005401611328125
vt -0.022624000906944275 -37.00299835205078
vt -0.03859899938106537 -36.983299255371094
vt -0.03225100040435791 -37.005401611328125
vt -0.02523300051689148 -36.99290084838867
vt -0.02523300051689148 -36.99290084838867
vt -0.02760699950158596 -36.97460174560547
vt -0.03859899938106537 -36.983299255371094
vt -0.02760699950158596 -36.97460174560547
vt -0.02523300051689148 -36.99290084838867
vt -0.016714999452233315 -36.97949981689453
vt -0.016714999452233315 -36.96179962158203
vt -0.02760699950158596 -36.97460174560547
vt -0.016714999452233315 -36.97949981689453
vt -0.02760699950158596 -36.97460174560547
vt -0.016714999452233315 -36.96179962158203
vt -0.02298000082373619 -36.957298278808594
vt -0.028095999732613564 -36.95349884033203
vt -0.02760699950158596 -36.97460174560547
vt -0.02298000082373619 -36.957298278808594
vt 0.03225100040435791 -37.005401611328125
vt 0.025513000786304474 -36.9995002746582
vt 0.022624000906944275 -37.00299835205078
vt 0.022624000906944275 -37.00299835205078
vt 0.025513000786304474 -36.9995002746582
vt 0.023564999923110008 -36.9994010925293
vt 0.025513000786304474 -36.9995002746582
vt 0.03225100040435791 -37.005401611328125
vt 0.03225800022482872 -36.99980163574219
vt 0.03225800022482872 -36.99980163574219
vt 0.03225100040435791 -37.005401611328125
vt 0.03370999917387962 -37.000301361083984
vt 0.022624000906944275 -37.00299835205078
vt 0.030628999695181847 -37.01959991455078
vt 0.03225100040435791 -37.005401611328125
vt 0.03225100040435791 -37.005401611328125
vt 0.030628999695181847 -37.01959991455078
vt 0.04401399940252304 -37.020999908447266
vt 0.030628999695181847 -37.01959991455078
vt 0.018316999077796936 -37.048500061035156
vt 0.04401399940252304 -37.020999908447266
vt 0.018316999077796936 -37.048500061035156
vt 0.030628999695181847 -37.01959991455078
vt 0.015137000009417534 -37.037200927734375
vt -0.015137000009417534 -37.037200927734375
vt 0.018316999077796936 -37.048500061035156
vt 0.015137000009417534 -37.037200927734375
vt 0.018316999077796936 -37.048500061035156
vt -0.015137000009417534 -37.037200927734375
vt -0.018316999077796936 -37.048500061035156
vt -0.030628999695181847 -37.01959991455078
vt -0.018316999077796936 -37.048500061035156
vt -0.015137000009417534 -37.037200927734375
vt -0.04401399940252304 -37.020999908447266
vt -0.018316999077796936 -37.048500061035156
vt -0.030628999695181847 -37.01959991455078
vt -0.030628999695181847 -37.01959991455078
vt -0.03508099913597107 -37.00920104980469
vt -0.04401399940252304 -37.020999908447266
vt -0.03508099913597107 -37.00920104980469
vt -0.030628999695181847 -37.01959991455078
vt -0.023972000926733017 -37.00579833984375
vt -0.015137000009417534 -37.037200927734375
vt -0.023972000926733017 -37.00579833984375
vt -0.030628999695181847 -37.01959991455078
vt -0.023972000926733017 -37.00579833984375
vt -0.015137000009417534 -37.037200927734375
vt 0.013434000313282013 -37.000701904296875
vt 0.015137000009417534 -37.037200927734375
vt 0.013434000313282013 -37.000701904296875
vt -0.015137000009417534 -37.037200927734375
vt 0.030628999695181847 -37.01959991455078
vt 0.013434000313282013 -37.000701904296875
vt 0.015137000009417534 -37.037200927734375
vt 0.013434000313282013 -37.000701904296875
vt 0.030628999695181847 -37.01959991455078
vt 0.022624000906944275 -37.00299835205078
vt 0.013434000313282013 -37.000701904296875
vt 0.022624000906944275 -37.00299835205078
vt 0.023564999923110008 -36.9994010925293
vt -0.023972000926733017 -37.00579833984375
vt 0.023564999923110008 -36.9994010925293
vt -0.022624000906944275 -37.00299835205078
vt 0.007089999970048666 -36.976200103759766
vt -0.022624000906944275 -37.00299835205078
vt 0.023564999923110008 -36.9994010925293
vt 0.007089999970048666 -36.976200103759766
vt 0.023564999923110008 -36.9994010925293
vt 0.025140000507235527 -36.99330139160156
vt -0.022624000906944275 -37.00299835205078
vt 0.007089999970048666 -36.976200103759766
vt -0.016714999452233315 -36.97949981689453
vt -0.022624000906944275 -37.00299835205078
vt -0.016714999452233315 -36.97949981689453
vt -0.02523300051689148 -36.99290084838867
vt -0.00506300013512373 -36.964698791503906
vt -0.016714999452233315 -36.97949981689453
vt 0.007089999970048666 -36.976200103759766
vt -0.016714999452233315 -36.97949981689453
vt -0.00506300013512373 -36.964698791503906
vt -0.016714999452233315 -36.96179962158203
vt 36.00590133666992 -5.054029941558838
vt 36.0088005065918 -5.048299789428711
vt 36 -5.048299789428711
vt 36.00590133666992 -5.054029941558838
vt 36 -5.048299789428711
vt 36 -5.054029941558838
vt 36 -5.048299789428711
vt 35.99409866333008 -5.054029941558838
vt 36 -5.054029941558838
vt 35.99409866333008 -5.054029941558838
vt 36 -5.048299789428711
vt 35.9911994934082 -5.048299789428711
vt 36 -5.073359966278076
vt 35.987701416015625 -5.092490196228027
vt 36 -5.100059986114502
vt 35.987701416015625 -5.092490196228027
vt 36 -5.073359966278076
vt 35.987701416015625 -5.072390079498291
vt 36.012298583984375 -5.072390079498291
vt 36 -5.073359966278076
vt 36.012298583984375 -5.092490196228027
vt 36.012298583984375 -5.092490196228027
vt 36 -5.073359966278076
vt 36 -5.100059986114502
vt 36 -5.073050022125244
vt 36.01259994506836 -5.10515022277832
vt 36.00790023803711 -5.0729498863220215
vt 36.01259994506836 -5.10515022277832
vt 36 -5.073050022125244
vt 36 -5.114930152893066
vt 36.00790023803711 -5.0729498863220215
vt 36 -5.064809799194336
vt 36 -5.073050022125244
vt 36.00790023803711 -5.064839839935303
vt 36 -5.064809799194336
vt 36.00790023803711 -5.0729498863220215
vt 36.00790023803711 -5.055970191955566
vt 36 -5.064809799194336
vt 36.00790023803711 -5.064839839935303
vt 36 -5.064809799194336
vt 36.00790023803711 -5.055970191955566
vt 36 -5.055779933929443
vt 36 -5.064809799194336
vt 35.99209976196289 -5.0729498863220215
vt 36 -5.073050022125244
vt 35.98740005493164 -5.10515022277832
vt 36 -5.073050022125244
vt 35.99209976196289 -5.0729498863220215
vt 36 -5.114930152893066
vt 36 -5.073050022125244
vt 35.98740005493164 -5.10515022277832
vt 35.99209976196289 -5.0729498863220215
vt 36 -5.064809799194336
vt 35.99209976196289 -5.064839839935303
vt 36 -5.064809799194336
vt 35.99209976196289 -5.055970191955566
vt 35.99209976196289 -5.064839839935303
vt 36 -5.055779933929443
vt 35.99209976196289 -5.055970191955566
vt 36 -5.064809799194336
vt 35.987998962402344 -4.943299770355225
vt 36.012001037597656 -4.943299770355225
vt 36.012001037597656 -4.936299800872803
vt 36.012001037597656 -4.936299800872803
vt 35.987998962402344 -4.936299800872803
vt 35.987998962402344 -4.943299770355225
vt 36 -4.905059814453125
vt 36.01359939575195 -4.892449855804443
vt 36 -4.885069847106934
vt 36 -4.913139820098877
vt 36.01359939575195 -4.902450084686279
vt 36 -4.905059814453125
vt 36.01359939575195 -4.902450084686279
vt 36 -4.913139820098877
vt 36.01359939575195 -4.917449951171875
vt 36.01359939575195 -4.943220138549805
vt 36.01359939575195 -4.929900169372559
vt 36 -4.928199768066406
vt 36 -4.928199768066406
vt 36 -4.94596004486084
vt 36.01359939575195 -4.943220138549805
vt 36.01359939575195 -4.943220138549805
vt 36 -4.960929870605469
vt 36.01359939575195 -4.95281982421875
vt 36 -4.960929870605469
vt 35.98640060424805 -4.943220138549805
vt 35.98640060424805 -4.95281982421875
vt 36 -4.928199768066406
vt 35.98640060424805 -4.943220138549805
vt 36 -4.94596004486084
vt 35.98640060424805 -4.943220138549805
vt 36 -4.928199768066406
vt 35.98640060424805 -4.929900169372559
vt 35.98640060424805 -4.902450084686279
vt 35.98640060424805 -4.917449951171875
vt 36 -4.913139820098877
vt 35.98640060424805 -4.902450084686279
vt 36 -4.913139820098877
vt 36 -4.905059814453125
vt 36 -4.905059814453125
vt 35.98640060424805 -4.892449855804443
vt 35.98640060424805 -4.902450084686279
vt 36 -4.905059814453125
vt 36 -4.885069847106934
vt 35.98640060424805 -4.892449855804443
vt 36.0099983215332 -4.958209991455078
vt 36 -4.948669910430908
vt 36 -4.959969997406006
vt 36 -4.948669910430908
vt 35.9900016784668 -4.958209991455078
vt 36 -4.959969997406006
vt 35.985599517822266 -4.931300163269043
vt 36.014400482177734 -4.943299770355225
vt 36.014400482177734 -4.931300163269043
vt 36.014400482177734 -4.943299770355225
vt 35.985599517822266 -4.931300163269043
vt 35.985599517822266 -4.943299770355225
vt 35.988800048828125 -4.9311699867248535
vt 36.011199951171875 -4.9311699867248535
vt 36.011199951171875 -4.92257022857666
vt 36.011199951171875 -4.92257022857666
vt 35.988800048828125 -4.92257022857666
vt 35.988800048828125 -4.9311699867248535
vt 36.014400482177734 -4.924300193786621
vt 35.987998962402344 -4.930019855499268
vt 36.012001037597656 -4.930019855499268
vt 36.012001037597656 -4.930019855499268
vt 36.014400482177734 -4.935840129852295
vt 36.014400482177734 -4.924300193786621
vt 36.014400482177734 -4.935840129852295
vt 36.012001037597656 -4.930019855499268
vt 36.012001037597656 -4.935840129852295
vt 35.987998962402344 -4.930019855499268
vt 36.014400482177734 -4.924300193786621
vt 35.985599517822266 -4.924300193786621
vt 35.985599517822266 -4.935840129852295
vt 35.987998962402344 -4.930019855499268
vt 35.985599517822266 -4.924300193786621
vt 35.987998962402344 -4.930019855499268
vt 35.985599517822266 -4.935840129852295
vt 35.987998962402344 -4.935840129852295
vt 36.012298583984375 -5.058879852294922
vt 36 -5.073359966278076
vt 36.012298583984375 -5.072390079498291
vt 36 -5.073359966278076
vt 36.012298583984375 -5.058879852294922
vt 36 -5.055309772491455
vt 36 -5.073359966278076
vt 35.987701416015625 -5.058879852294922
vt 35.987701416015625 -5.072390079498291
vt 35.987701416015625 -5.058879852294922
vt 36 -5.073359966278076
vt 36 -5.055309772491455
vt 36 -4.8978400230407715
vt 35.98640060424805 -4.921450138092041
vt 36 -4.925769805908203
vt 35.98640060424805 -4.921450138092041
vt 36 -4.8978400230407715
vt 35.98640060424805 -4.900450229644775
vt 36 -4.93297004699707
vt 35.98640060424805 -4.931119918823242
vt 35.98640060424805 -4.94366979598999
vt 36 -4.947549819946289
vt 36 -4.93297004699707
vt 35.98640060424805 -4.94366979598999
vt 36 -4.947549819946289
vt 35.98640060424805 -4.94366979598999
vt 35.98640060424805 -4.95281982421875
vt 35.98640060424805 -4.95281982421875
vt 36 -4.960929870605469
vt 36 -4.947549819946289
vt 36 -4.8978400230407715
vt 36.01359939575195 -4.921450138092041
vt 36.01359939575195 -4.900450229644775
vt 36.01359939575195 -4.921450138092041
vt 36 -4.8978400230407715
vt 36 -4.925769805908203
vt 36 -4.93297004699707
vt 36.01359939575195 -4.94366979598999
vt 36.01359939575195 -4.931119918823242
vt 36.01359939575195 -4.94366979598999
vt 36 -4.93297004699707
vt 36 -4.947549819946289
vt 36 -4.947549819946289
vt 36.01359939575195 -4.95281982421875
vt 36.01359939575195 -4.94366979598999
vt 36.01359939575195 -4.95281982421875
vt 36 -4.947549819946289
vt 36 -4.960929870605469
vt 35.987998962402344 -4.947299957275391
vt 36.012001037597656 -4.947299957275391
vt 36.012001037597656 -4.943299770355225
vt 36.012001037597656 -4.943299770355225
vt 35.987998962402344 -4.943299770355225
vt 35.987998962402344 -4.947299957275391
vt 36.00809860229492 -5.041880130767822
vt 36 -5.048299789428711
vt 36.0088005065918 -5.048299789428711
vt 36 -5.048299789428711
vt 36.00809860229492 -5.041880130767822
vt 36 -5.041880130767822
vt 36 -5.048299789428711
vt 36 -5.041880130767822
vt 35.99190139770508 -5.041880130767822
vt 36 -5.048299789428711
vt 35.99190139770508 -5.041880130767822
vt 35.9911994934082 -5.048299789428711
vt 35.97200012207031 -5.014400005340576
vt 35.97200012207031 -4.985599994659424
vt 35.9630012512207 -5.014400005340576
vt 35.9630012512207 -5.014400005340576
vt 35.97200012207031 -4.985599994659424
vt 35.9630012512207 -4.985599994659424
vt 36.0369987487793 -5.014400005340576
vt 36.0369987487793 -4.985599994659424
vt 36.02799987792969 -5.014400005340576
vt 36.02799987792969 -5.014400005340576
vt 36.0369987487793 -4.985599994659424
vt 36.02799987792969 -4.985599994659424
vt 35.976200103759766 -4.98799991607666
vt 35.976200103759766 -5.01200008392334
vt 35.987998962402344 -5.01200008392334
vt 35.987998962402344 -5.01200008392334
vt 35.987998962402344 -4.98799991607666
vt 35.976200103759766 -4.98799991607666
vt 36.023799896240234 -4.98799991607666
vt 36.012001037597656 -5.01200008392334
vt 36.023799896240234 -5.01200008392334
vt 36.012001037597656 -5.01200008392334
vt 36.023799896240234 -4.98799991607666
vt 36.012001037597656 -4.98799991607666
vt 35.987998962402344 -4.988810062408447
vt 35.987998962402344 -5.011189937591553
vt 36 -5.011189937591553
vt 36 -5.011189937591553
vt 36 -4.988810062408447
vt 35.987998962402344 -4.988810062408447
vt 36.012001037597656 -5.011189937591553
vt 36 -4.988810062408447
vt 36 -5.011189937591553
vt 36 -4.988810062408447
vt 36.012001037597656 -5.011189937591553
vt 36.012001037597656 -4.988810062408447
vt 35.96910095214844 -4.987239837646484
vt 35.96910095214844 -5.012760162353516
vt 35.97439956665039 -5.012760162353516
vt 35.97439956665039 -5.012760162353516
vt 35.97439956665039 -4.987239837646484
vt 35.96910095214844 -4.987239837646484
vt 36.03089904785156 -5.012760162353516
vt 36.03089904785156 -4.987239837646484
vt 36.02560043334961 -5.012760162353516
vt 36.02560043334961 -5.012760162353516
vt 36.03089904785156 -4.987239837646484
vt 36.02560043334961 -4.987239837646484
vt 36.02640151977539 -5
vt 36.02080154418945 -4.992109775543213
vt 36.01750183105469 -5
vt 36.02080154418945 -4.992109775543213
vt 36.012298583984375 -4.993199825286865
vt 36.01750183105469 -5
vt 35.97919845581055 -5.007890224456787
vt 35.98249816894531 -5
vt 35.97359848022461 -5
vt 35.98249816894531 -5
vt 35.97919845581055 -5.007890224456787
vt 35.987701416015625 -5.006800174713135
vt 35.98249816894531 -5
vt 35.97919845581055 -4.992109775543213
vt 35.97359848022461 -5
vt 35.97919845581055 -4.992109775543213
vt 35.98249816894531 -5
vt 35.987701416015625 -4.993199825286865
vt 36.01750183105469 -5
vt 36.02080154418945 -5.007890224456787
vt 36.02640151977539 -5
vt 36.02080154418945 -5.007890224456787
vt 36.01750183105469 -5
vt 36.012298583984375 -5.006800174713135
vt 36 -5.01200008392334
vt 35.987998962402344 -4.98799991607666
vt 35.987998962402344 -5.01200008392334
vt 35.987998962402344 -4.98799991607666
vt 36 -5.01200008392334
vt 36 -4.98799991607666
vt 36.012001037597656 -5.01200008392334
vt 36.012001037597656 -4.98799991607666
vt 36 -5.01200008392334
vt 36 -5.01200008392334
vt 36.012001037597656 -4.98799991607666
vt 36 -4.98799991607666
vt 35.96910095214844 -5.013599872589111
vt 35.96189880371094 -5
vt 35.9541015625 -5.013599872589111
vt 35.96189880371094 -5
vt 35.945899963378906 -5
vt 35.9541015625 -5.013599872589111
vt 35.96189880371094 -5
vt 35.9541015625 -4.986400127410889
vt 35.945899963378906 -5
vt 35.9541015625 -4.986400127410889
vt 35.96189880371094 -5
vt 35.96910095214844 -4.986400127410889
vt 36.03089904785156 -5.013599872589111
vt 36.0458984375 -5.013599872589111
vt 36.03810119628906 -5
vt 36.03810119628906 -5
vt 36.0458984375 -5.013599872589111
vt 36.054100036621094 -5
vt 36.0458984375 -4.986400127410889
vt 36.03810119628906 -5
vt 36.054100036621094 -5
vt 36.03810119628906 -5
vt 36.0458984375 -4.986400127410889
vt 36.03089904785156 -4.986400127410889
vt 35.97439956665039 -5.012760162353516
vt 36 -5.012760162353516
vt 35.97439956665039 -4.987239837646484
vt 36 -5.012760162353516
vt 36 -4.987239837646484
vt 35.97439956665039 -4.987239837646484
vt 36.02560043334961 -5.012760162353516
vt 36.02560043334961 -4.987239837646484
vt 36 -5.012760162353516
vt 36 -5.012760162353516
vt 36.02560043334961 -4.987239837646484
vt 36 -4.987239837646484
vt 35.962100982666016 -4.986400127410889
vt 35.98609924316406 -5
vt 35.97809982299805 -4.986400127410889
vt 35.98609924316406 -5
vt 35.962100982666016 -4.986400127410889
vt 35.952701568603516 -5
vt 35.98609924316406 -5
vt 35.962100982666016 -5.013599872589111
vt 35.97809982299805 -5.013599872589111
vt 35.98609924316406 -5
vt 35.952701568603516 -5
vt 35.962100982666016 -5.013599872589111
vt 36.01390075683594 -5
vt 36.037899017333984 -4.986400127410889
vt 36.02190017700195 -4.986400127410889
vt 36.037899017333984 -4.986400127410889
vt 36.01390075683594 -5
vt 36.047298431396484 -5
vt 36.037899017333984 -5.013599872589111
vt 36.01390075683594 -5
vt 36.02190017700195 -5.013599872589111
vt 36.01390075683594 -5
vt 36.037899017333984 -5.013599872589111
vt 36.047298431396484 -5
vt 35.984500885009766 -4.991919994354248
vt 35.980098724365234 -5
vt 35.986000061035156 -4.992700099945068
vt 35.980098724365234 -5
vt 35.984500885009766 -4.991919994354248
vt 35.97800064086914 -5
vt 35.97800064086914 -5
vt 35.984500885009766 -5.008080005645752
vt 35.980098724365234 -5
vt 35.986000061035156 -5.007299900054932
vt 35.980098724365234 -5
vt 35.984500885009766 -5.008080005645752
vt 36.019901275634766 -5
vt 36.015499114990234 -4.991919994354248
vt 36.013999938964844 -4.992700099945068
vt 36.02199935913086 -5
vt 36.015499114990234 -4.991919994354248
vt 36.019901275634766 -5
vt 36.019901275634766 -5
vt 36.015499114990234 -5.008080005645752
vt 36.02199935913086 -5
vt 36.015499114990234 -5.008080005645752
vt 36.019901275634766 -5
vt 36.013999938964844 -5.007299900054932
vt 36.01570129394531 -5
vt 36.012001037597656 -4.987669944763184
vt 36 -5
vt 36 -5
vt 36.012001037597656 -4.987669944763184
vt 36 -4.985360145568848
vt 36.012001037597656 -5.012330055236816
vt 36 -5
vt 36 -5.014639854431152
vt 36 -5
vt 36.012001037597656 -5.012330055236816
vt 36.01570129394531 -5
vt 36 -5.014639854431152
vt 36 -5
vt 35.987998962402344 -5.012330055236816
vt 35.987998962402344 -5.012330055236816
vt 36 -5
vt 35.98429870605469 -5
vt 36 -5
vt 35.987998962402344 -4.987669944763184
vt 35.98429870605469 -5
vt 35.987998962402344 -4.987669944763184
vt 36 -5
vt 36 -4.985360145568848
vt 35.987701416015625 -5.006800174713135
vt 35.987701416015625 -4.993199825286865
vt 35.98249816894531 -5
vt 35.987701416015625 -5.006800174713135
vt 36 -4.989109992980957
vt 35.987701416015625 -4.993199825286865
vt 36 -5.010890007019043
vt 36 -4.989109992980957
vt 35.987701416015625 -5.006800174713135
vt 36 -4.989109992980957
vt 36 -5.010890007019043
vt 36.012298583984375 -5.006800174713135
vt 36.012298583984375 -5.006800174713135
vt 36.012298583984375 -4.993199825286865
vt 36 -4.989109992980957
vt 36.012298583984375 -4.993199825286865
vt 36.012298583984375 -5.006800174713135
vt 36.01750183105469 -5
vt 35.98630142211914 -5.054029941558838
vt 36 -5.048299789428711
vt 35.98320007324219 -5.048299789428711
vt 36 -5.048299789428711
vt 36.01369857788086 -5.054029941558838
vt 36.01679992675781 -5.048299789428711
vt 36 -5.048299789428711
vt 35.98630142211914 -5.054029941558838
vt 36 -5.054029941558838
vt 36.01369857788086 -5.054029941558838
vt 36 -5.048299789428711
vt 36 -5.054029941558838
vt 35.984100341796875 -5.072390079498291
vt 36 -5.092490196228027
vt 36 -5.086490154266357
vt 36 -5.086490154266357
vt 36 -5.072390079498291
vt 35.984100341796875 -5.072390079498291
vt 36.015899658203125 -5.072390079498291
vt 36 -5.086490154266357
vt 36 -5.092490196228027
vt 36 -5.086490154266357
vt 36.015899658203125 -5.072390079498291
vt 36 -5.072390079498291
vt 36.015899658203125 -4.958209991455078
vt 36.022098541259766 -4.948669910430908
vt 36.01459884643555 -4.948840141296387
vt 35.984100341796875 -4.958209991455078
vt 35.98540115356445 -4.948840141296387
vt 35.977901458740234 -4.948669910430908
vt 36.01459884643555 -4.948840141296387
vt 36 -4.9540300369262695
vt 36.015899658203125 -4.958209991455078
vt 35.984100341796875 -4.958209991455078
vt 36 -4.9540300369262695
vt 35.98540115356445 -4.948840141296387
vt 36 -4.961770057678223
vt 36.015899658203125 -4.958209991455078
vt 36 -4.9540300369262695
vt 36 -4.9540300369262695
vt 35.984100341796875 -4.958209991455078
vt 36 -4.961770057678223
vt 36.019500732421875 -4.935840129852295
vt 36.0369987487793 -4.931300163269043
vt 36.02799987792969 -4.924300193786621
vt 36.0369987487793 -4.931300163269043
vt 36.019500732421875 -4.935840129852295
vt 36.03099822998047 -4.943299770355225
vt 35.980499267578125 -4.935840129852295
vt 35.9630012512207 -4.931300163269043
vt 35.96900177001953 -4.943299770355225
vt 35.9630012512207 -4.931300163269043
vt 35.980499267578125 -4.935840129852295
vt 35.97200012207031 -4.924300193786621
vt 36.03089904785156 -4.917449951171875
vt 36.03779983520508 -4.931119918823242
vt 36.0458984375 -4.929900169372559
vt 36.03779983520508 -4.931119918823242
vt 36.04029846191406 -4.943220138549805
vt 36.0458984375 -4.929900169372559
vt 36.03779983520508 -4.931119918823242
vt 36.03179931640625 -4.94366979598999
vt 36.04029846191406 -4.943220138549805
vt 36.031700134277344 -4.95281982421875
vt 36.04029846191406 -4.943220138549805
vt 36.03179931640625 -4.94366979598999
vt 36.03779983520508 -4.931119918823242
vt 36.03089904785156 -4.917449951171875
vt 36.025901794433594 -4.921450138092041
vt 36.02790069580078 -4.902450084686279
vt 36.025901794433594 -4.921450138092041
vt 36.03089904785156 -4.917449951171875
vt 36.025901794433594 -4.921450138092041
vt 36.02790069580078 -4.902450084686279
vt 36.02190017700195 -4.900450229644775
vt 36.02790069580078 -4.902450084686279
vt 36.037899017333984 -4.892449855804443
vt 36.02190017700195 -4.900450229644775
vt 35.974098205566406 -4.921450138092041
vt 35.97209930419922 -4.902450084686279
vt 35.96910095214844 -4.917449951171875
vt 35.97209930419922 -4.902450084686279
vt 35.974098205566406 -4.921450138092041
vt 35.97809982299805 -4.900450229644775
vt 35.97809982299805 -4.900450229644775
vt 35.962100982666016 -4.892449855804443
vt 35.97209930419922 -4.902450084686279
vt 35.96220016479492 -4.931119918823242
vt 35.974098205566406 -4.921450138092041
vt 35.96910095214844 -4.917449951171875
vt 35.96910095214844 -4.917449951171875
vt 35.9541015625 -4.929900169372559
vt 35.96220016479492 -4.931119918823242
vt 35.95970153808594 -4.943220138549805
vt 35.96220016479492 -4.931119918823242
vt 35.9541015625 -4.929900169372559
vt 35.96220016479492 -4.931119918823242
vt 35.95970153808594 -4.943220138549805
vt 35.96820068359375 -4.94366979598999
vt 35.95970153808594 -4.943220138549805
vt 35.968299865722656 -4.95281982421875
vt 35.96820068359375 -4.94366979598999
vt 36.03089904785156 -4.942339897155762
vt 36 -4.949100017547607
vt 36 -4.958099842071533
vt 36 -4.949100017547607
vt 36.03089904785156 -4.942339897155762
vt 36.02560043334961 -4.936970233917236
vt 36 -4.949100017547607
vt 35.96910095214844 -4.942339897155762
vt 36 -4.958099842071533
vt 35.96910095214844 -4.942339897155762
vt 36 -4.949100017547607
vt 35.97439956665039 -4.936970233917236
vt 36.012001037597656 -5.058879852294922
vt 36 -5.072390079498291
vt 36.015899658203125 -5.072390079498291
vt 36 -5.072390079498291
vt 36.012001037597656 -5.058879852294922
vt 36 -5.053959846496582
vt 36 -5.072390079498291
vt 35.987998962402344 -5.058879852294922
vt 35.984100341796875 -5.072390079498291
vt 35.987998962402344 -5.058879852294922
vt 36 -5.072390079498291
vt 36 -5.053959846496582
vt 36.012001037597656 -4.922299861907959
vt 36.012001037597656 -4.931300163269043
vt 36.023799896240234 -4.930019855499268
vt 36.012001037597656 -4.931300163269043
vt 36.019500732421875 -4.935840129852295
vt 36.023799896240234 -4.930019855499268
vt 36 -4.932300090789795
vt 36.012001037597656 -4.931300163269043
vt 36.012001037597656 -4.922299861907959
vt 36.012001037597656 -4.931300163269043
vt 36 -4.932300090789795
vt 36.00600051879883 -4.936299800872803
vt 36.00600051879883 -4.936299800872803
vt 36.00899887084961 -4.947299957275391
vt 36.01300048828125 -4.943299770355225
vt 36.00899887084961 -4.947299957275391
vt 36.00600051879883 -4.936299800872803
vt 36 -4.939300060272217
vt 36 -4.932300090789795
vt 36 -4.939300060272217
vt 36.00600051879883 -4.936299800872803
vt 36 -4.939300060272217
vt 36 -4.932300090789795
vt 35.99399948120117 -4.936299800872803
vt 35.99399948120117 -4.936299800872803
vt 35.99100112915039 -4.947299957275391
vt 36 -4.939300060272217
vt 35.99399948120117 -4.936299800872803
vt 35.98699951171875 -4.943299770355225
vt 35.99100112915039 -4.947299957275391
vt 36 -4.932300090789795
vt 35.987998962402344 -4.931300163269043
vt 35.99399948120117 -4.936299800872803
vt 35.987998962402344 -4.931300163269043
vt 36 -4.932300090789795
vt 35.987998962402344 -4.922299861907959
vt 35.976200103759766 -4.930019855499268
vt 35.987998962402344 -4.931300163269043
vt 35.987998962402344 -4.922299861907959
vt 35.987998962402344 -4.931300163269043
vt 35.976200103759766 -4.930019855499268
vt 35.980499267578125 -4.935840129852295
vt 36 -4.920300006866455
vt 36.012001037597656 -4.9311699867248535
vt 36.012001037597656 -4.92257022857666
vt 36.012001037597656 -4.92257022857666
vt 36 -4.911300182342529
vt 36 -4.920300006866455
vt 36 -4.911300182342529
vt 35.987998962402344 -4.92257022857666
vt 36 -4.920300006866455
vt 35.987998962402344 -4.9311699867248535
vt 36 -4.920300006866455
vt 35.987998962402344 -4.92257022857666
vt 36 -5.049980163574219
vt 36 -5.10515022277832
vt 36.02180099487305 -5.0729498863220215
vt 36 -5.049980163574219
vt 35.97819900512695 -5.0729498863220215
vt 36 -5.10515022277832
vt 36 -5.049980163574219
vt 36.02180099487305 -5.0729498863220215
vt 36.01919937133789 -5.064839839935303
vt 35.97819900512695 -5.0729498863220215
vt 36 -5.049980163574219
vt 35.98080062866211 -5.064839839935303
vt 36.01919937133789 -5.064839839935303
vt 36.012298583984375 -5.049980163574219
vt 36 -5.049980163574219
vt 36.012298583984375 -5.049980163574219
vt 36.01919937133789 -5.064839839935303
vt 36.02080154418945 -5.055970191955566
vt 35.987701416015625 -5.049980163574219
vt 35.98080062866211 -5.064839839935303
vt 36 -5.049980163574219
vt 35.98080062866211 -5.064839839935303
vt 35.987701416015625 -5.049980163574219
vt 35.97919845581055 -5.055970191955566
vt 35.98529815673828 -4.966070175170898
vt 35.974098205566406 -4.959969997406006
vt 35.97919845581055 -4.969510078430176
vt 35.98529815673828 -4.966070175170898
vt 35.984100341796875 -4.958209991455078
vt 35.974098205566406 -4.959969997406006
vt 35.98529815673828 -4.966070175170898
vt 36 -4.961770057678223
vt 35.984100341796875 -4.958209991455078
vt 36 -4.961770057678223
vt 35.98529815673828 -4.966070175170898
vt 36 -4.969510078430176
vt 36.025901794433594 -4.959969997406006
vt 36.01470184326172 -4.966070175170898
vt 36.02080154418945 -4.969510078430176
vt 36 -4.969510078430176
vt 36.01470184326172 -4.966070175170898
vt 36 -4.961770057678223
vt 36.01470184326172 -4.966070175170898
vt 36.025901794433594 -4.959969997406006
vt 36.015899658203125 -4.958209991455078
vt 36.015899658203125 -4.958209991455078
vt 36 -4.961770057678223
vt 36.01470184326172 -4.966070175170898
vt 36.013999938964844 -5.040349960327148
vt 36 -5.041880130767822
vt 36.015499114990234 -5.041880130767822
vt 36 -5.041880130767822
vt 36.013999938964844 -5.040349960327148
vt 36 -5.040349960327148
vt 35.986000061035156 -5.040349960327148
vt 36 -5.041880130767822
vt 36 -5.040349960327148
vt 35.984500885009766 -5.041880130767822
vt 36 -5.041880130767822
vt 35.986000061035156 -5.040349960327148
vt 36.015499114990234 -5.041880130767822
vt 36 -5.048299789428711
vt 36.01679992675781 -5.048299789428711
vt 36 -5.048299789428711
vt 36.015499114990234 -5.041880130767822
vt 36 -5.041880130767822
vt 35.984500885009766 -5.041880130767822
vt 36 -5.048299789428711
vt 36 -5.041880130767822
vt 36 -5.048299789428711
vt 35.984500885009766 -5.041880130767822
vt 35.98320007324219 -5.048299789428711
vt 35.99409866333008 -5.054029941558838
vt 36 -5.048299789428711
vt 35.9911994934082 -5.048299789428711
vt 36 -5.048299789428711
vt 35.99409866333008 -5.054029941558838
vt 36 -5.054029941558838
vt 36 -5.054029941558838
vt 36.00590133666992 -5.054029941558838
vt 36 -5.048299789428711
vt 36.0088005065918 -5.048299789428711
vt 36 -5.048299789428711
vt 36.00590133666992 -5.054029941558838
vt 35.987701416015625 -5.092490196228027
vt 36 -5.073359966278076
vt 35.987701416015625 -5.072390079498291
vt 36 -5.073359966278076
vt 35.987701416015625 -5.092490196228027
vt 36 -5.100059986114502
vt 36 -5.073359966278076
vt 36 -5.100059986114502
vt 36.012298583984375 -5.092490196228027
vt 36 -5.073359966278076
vt 36.012298583984375 -5.092490196228027
vt 36.012298583984375 -5.072390079498291
vt 36.01259994506836 -5.10515022277832
vt 36 -5.073050022125244
vt 36 -5.114930152893066
vt 36 -5.073050022125244
vt 36.01259994506836 -5.10515022277832
vt 36.00790023803711 -5.0729498863220215
vt 36 -5.064809799194336
vt 36 -5.073050022125244
vt 36.00790023803711 -5.0729498863220215
vt 36 -5.064809799194336
vt 36.00790023803711 -5.0729498863220215
vt 36.00790023803711 -5.064839839935303
vt 36.00790023803711 -5.055970191955566
vt 36 -5.064809799194336
vt 36.00790023803711 -5.064839839935303
vt 36 -5.064809799194336
vt 36.00790023803711 -5.055970191955566
vt 36 -5.055779933929443
vt 35.99209976196289 -5.055970191955566
vt 35.99209976196289 -5.064839839935303
vt 36 -5.064809799194336
vt 35.99209976196289 -5.0729498863220215
vt 36 -5.064809799194336
vt 35.99209976196289 -5.064839839935303
vt 35.99209976196289 -5.055970191955566
vt 36 -5.064809799194336
vt 36 -5.055779933929443
vt 36 -5.064809799194336
vt 35.99209976196289 -5.0729498863220215
vt 36 -5.073050022125244
vt 35.99209976196289 -5.0729498863220215
vt 35.98740005493164 -5.10515022277832
vt 36 -5.073050022125244
vt 36 -5.114930152893066
vt 36 -5.073050022125244
vt 35.98740005493164 -5.10515022277832
vt 35.987998962402344 -4.943299770355225
vt 36.012001037597656 -4.943299770355225
vt 35.987998962402344 -4.936299800872803
vt 35.987998962402344 -4.936299800872803
vt 36.012001037597656 -4.943299770355225
vt 36.012001037597656 -4.936299800872803
vt 35.98640060424805 -4.892449855804443
vt 36 -4.905059814453125
vt 36 -4.885069847106934
vt 35.98640060424805 -4.902450084686279
vt 36 -4.913139820098877
vt 36 -4.905059814453125
vt 36 -4.913139820098877
vt 35.98640060424805 -4.902450084686279
vt 35.98640060424805 -4.917449951171875
vt 35.98640060424805 -4.943220138549805
vt 36 -4.928199768066406
vt 35.98640060424805 -4.929900169372559
vt 36 -4.928199768066406
vt 35.98640060424805 -4.943220138549805
vt 36 -4.94596004486084
vt 36 -4.960929870605469
vt 35.98640060424805 -4.943220138549805
vt 35.98640060424805 -4.95281982421875
vt 36.01359939575195 -4.943220138549805
vt 36 -4.960929870605469
vt 36.01359939575195 -4.95281982421875
vt 36.01359939575195 -4.943220138549805
vt 36 -4.928199768066406
vt 36 -4.94596004486084
vt 36 -4.928199768066406
vt 36.01359939575195 -4.943220138549805
vt 36.01359939575195 -4.929900169372559
vt 36.01359939575195 -4.902450084686279
vt 36 -4.913139820098877
vt 36.01359939575195 -4.917449951171875
vt 36 -4.913139820098877
vt 36.01359939575195 -4.902450084686279
vt 36 -4.905059814453125
vt 36 -4.885069847106934
vt 36 -4.905059814453125
vt 36.01359939575195 -4.892449855804443
vt 36 -4.948669910430908
vt 35.9900016784668 -4.958209991455078
vt 36 -4.959969997406006
vt 36 -4.959969997406006
vt 36.0099983215332 -4.958209991455078
vt 36 -4.948669910430908
vt 35.985599517822266 -4.943299770355225
vt 36.014400482177734 -4.931300163269043
vt 35.985599517822266 -4.931300163269043
vt 36.014400482177734 -4.931300163269043
vt 35.985599517822266 -4.943299770355225
vt 36.014400482177734 -4.943299770355225
vt 36.011199951171875 -4.9311699867248535
vt 35.988800048828125 -4.92257022857666
vt 35.988800048828125 -4.9311699867248535
vt 35.988800048828125 -4.92257022857666
vt 36.011199951171875 -4.9311699867248535
vt 36.011199951171875 -4.92257022857666
vt 35.987998962402344 -4.930019855499268
vt 35.985599517822266 -4.935840129852295
vt 35.987998962402344 -4.935840129852295
vt 35.985599517822266 -4.935840129852295
vt 35.987998962402344 -4.930019855499268
vt 35.985599517822266 -4.924300193786621
vt 35.987998962402344 -4.930019855499268
vt 36.014400482177734 -4.924300193786621
vt 35.985599517822266 -4.924300193786621
vt 36.014400482177734 -4.924300193786621
vt 35.987998962402344 -4.930019855499268
vt 36.012001037597656 -4.930019855499268
vt 36.012001037597656 -4.930019855499268
vt 36.014400482177734 -4.935840129852295
vt 36.014400482177734 -4.924300193786621
vt 36.014400482177734 -4.935840129852295
vt 36.012001037597656 -4.930019855499268
vt 36.012001037597656 -4.935840129852295
vt 36 -5.055309772491455
vt 36 -5.073359966278076
vt 36.012298583984375 -5.058879852294922
vt 36 -5.073359966278076
vt 36.012298583984375 -5.072390079498291
vt 36.012298583984375 -5.058879852294922
vt 36 -5.073359966278076
vt 35.987701416015625 -5.058879852294922
vt 35.987701416015625 -5.072390079498291
vt 35.987701416015625 -5.058879852294922
vt 36 -5.073359966278076
vt 36 -5.055309772491455
vt 36 -4.8978400230407715
vt 36 -4.925769805908203
vt 36.01359939575195 -4.921450138092041
vt 36 -4.8978400230407715
vt 36.01359939575195 -4.921450138092041
vt 36.01359939575195 -4.900450229644775
vt 36 -4.93297004699707
vt 36.01359939575195 -4.94366979598999
vt 36.01359939575195 -4.931119918823242
vt 36 -4.947549819946289
vt 36.01359939575195 -4.94366979598999
vt 36 -4.93297004699707
vt 36 -4.947549819946289
vt 36.01359939575195 -4.95281982421875
vt 36.01359939575195 -4.94366979598999
vt 36 -4.960929870605469
vt 36.01359939575195 -4.95281982421875
vt 36 -4.947549819946289
vt 35.98640060424805 -4.921450138092041
vt 36 -4.8978400230407715
vt 35.98640060424805 -4.900450229644775
vt 36 -4.8978400230407715
vt 35.98640060424805 -4.921450138092041
vt 36 -4.925769805908203
vt 35.98640060424805 -4.94366979598999
vt 36 -4.93297004699707
vt 35.98640060424805 -4.931119918823242
vt 36 -4.93297004699707
vt 35.98640060424805 -4.94366979598999
vt 36 -4.947549819946289
vt 35.98640060424805 -4.95281982421875
vt 36 -4.947549819946289
vt 35.98640060424805 -4.94366979598999
vt 36 -4.947549819946289
vt 35.98640060424805 -4.95281982421875
vt 36 -4.960929870605469
vt 35.987998962402344 -4.947299957275391
vt 36.012001037597656 -4.947299957275391
vt 35.987998962402344 -4.943299770355225
vt 35.987998962402344 -4.943299770355225
vt 36.012001037597656 -4.947299957275391
vt 36.012001037597656 -4.943299770355225
vt 35.9911994934082 -5.048299789428711
vt 36 -5.048299789428711
vt 35.99190139770508 -5.041880130767822
vt 35.99190139770508 -5.041880130767822
vt 36 -5.048299789428711
vt 36 -5.041880130767822
vt 36 -5.048299789428711
vt 36.00809860229492 -5.041880130767822
vt 36 -5.041880130767822
vt 36.00809860229492 -5.041880130767822
vt 36 -5.048299789428711
vt 36.0088005065918 -5.048299789428711
vt 36.037899017333984 -5.013599872589111
vt 36.0359001159668 -5
vt 36.02790069580078 -5.013599872589111
vt 36.027400970458984 -5
vt 36.04029846191406 -5.013599872589111
vt 36.048301696777344 -5
vt 36.027400970458984 -5
vt 36.048301696777344 -5
vt 36.04029846191406 -4.986400127410889
vt 35.9640998840332 -5
vt 35.962100982666016 -5.013599872589111
vt 35.97209930419922 -5.013599872589111
vt 35.95970153808594 -5.013599872589111
vt 35.972599029541016 -5
vt 35.951698303222656 -5
vt 35.951698303222656 -5
vt 35.972599029541016 -5
vt 35.95970153808594 -4.986400127410889
vt 35.962100982666016 -4.986400127410889
vt 35.9640998840332 -5
vt 35.97209930419922 -4.986400127410889
vt 35.98529815673828 -5
vt 35.98529815673828 -4.992350101470947
vt 35.97919845581055 -5
vt 35.98529815673828 -5.007649898529053
vt 35.98529815673828 -5
vt 35.97919845581055 -5
vt 36 -5
vt 35.98529815673828 -4.992350101470947
vt 35.98529815673828 -5
vt 35.98529815673828 -5.007649898529053
vt 36 -5
vt 35.98529815673828 -5
vt 35.98529815673828 -4.992350101470947
vt 36 -5
vt 36 -4.989180088043213
vt 35.98529815673828 -5.007649898529053
vt 36 -5.010819911956787
vt 36 -5
vt 36 -5
vt 36.01470184326172 -4.992350101470947
vt 36 -4.989180088043213
vt 36.01470184326172 -5.007649898529053
vt 36 -5
vt 36 -5.010819911956787
vt 36 -5
vt 36.01470184326172 -5
vt 36.01470184326172 -4.992350101470947
vt 36 -5
vt 36.01470184326172 -5.007649898529053
vt 36.01470184326172 -5
vt 36.02080154418945 -5
vt 36.01470184326172 -4.992350101470947
vt 36.01470184326172 -5
vt 36.01470184326172 -5.007649898529053
vt 36.02080154418945 -5
vt 36.01470184326172 -5
vt 36.025901794433594 -4.986400127410889
vt 36.01860046386719 -5
vt 36.029598236083984 -5
vt 36.029598236083984 -5
vt 36.03779983520508 -4.986400127410889
vt 36.025901794433594 -4.986400127410889
vt 36.025901794433594 -5.013599872589111
vt 36.029598236083984 -5
vt 36.01860046386719 -5
vt 36.029598236083984 -5
vt 36.025901794433594 -5.013599872589111
vt 36.03779983520508 -5.013599872589111
vt 35.98139953613281 -5
vt 35.974098205566406 -4.986400127410889
vt 35.970401763916016 -5
vt 35.970401763916016 -5
vt 35.974098205566406 -4.986400127410889
vt 35.96220016479492 -4.986400127410889
vt 35.970401763916016 -5
vt 35.974098205566406 -5.013599872589111
vt 35.98139953613281 -5
vt 35.974098205566406 -5.013599872589111
vt 35.970401763916016 -5
vt 35.96220016479492 -5.013599872589111
vt 36.03089904785156 -5.012760162353516
vt 36.03089904785156 -4.987239837646484
vt 36 -5.012760162353516
vt 36 -5.012760162353516
vt 36.03089904785156 -4.987239837646484
vt 36 -4.987239837646484
vt 35.96910095214844 -5.012760162353516
vt 36 -5.012760162353516
vt 35.96910095214844 -4.987239837646484
vt 36 -5.012760162353516
vt 36 -4.987239837646484
vt 35.96910095214844 -4.987239837646484
vt 36.00600051879883 -4.98799991607666
vt 36.00600051879883 -5.01200008392334
vt 36.012001037597656 -5.01200008392334
vt 36.012001037597656 -5.01200008392334
vt 36.012001037597656 -4.98799991607666
vt 36.00600051879883 -4.98799991607666
vt 35.99399948120117 -5.01200008392334
vt 35.99399948120117 -4.98799991607666
vt 35.987998962402344 -5.01200008392334
vt 35.987998962402344 -5.01200008392334
vt 35.99399948120117 -4.98799991607666
vt 35.987998962402344 -4.98799991607666
vt 36 -4.98799991607666
vt 36 -5.01200008392334
vt 36.00899887084961 -5.01200008392334
vt 36.00899887084961 -5.01200008392334
vt 36.00899887084961 -4.98799991607666
vt 36 -4.98799991607666
vt 36 -5.01200008392334
vt 36 -4.98799991607666
vt 35.99100112915039 -5.01200008392334
vt 35.99100112915039 -5.01200008392334
vt 36 -4.98799991607666
vt 35.99100112915039 -4.98799991607666
vt 36.03099822998047 -5.014400005340576
vt 36.019500732421875 -5.01200008392334
vt 36.019500732421875 -5.014400005340576
vt 36.03099822998047 -4.985599994659424
vt 36.019500732421875 -5.01200008392334
vt 36.03099822998047 -5.014400005340576
vt 36.019500732421875 -5.01200008392334
vt 36.03099822998047 -4.985599994659424
vt 36.019500732421875 -4.98799991607666
vt 36.019500732421875 -4.98799991607666
vt 36.03099822998047 -4.985599994659424
vt 36.019500732421875 -4.985599994659424
vt 36.019500732421875 -5.01200008392334
vt 36.019500732421875 -4.98799991607666
vt 36.012001037597656 -4.98799991607666
vt 36.012001037597656 -5.01200008392334
vt 36.019500732421875 -5.01200008392334
vt 36.012001037597656 -4.98799991607666
vt 35.96900177001953 -5.014400005340576
vt 35.980499267578125 -4.98799991607666
vt 35.96900177001953 -4.985599994659424
vt 35.980499267578125 -4.98799991607666
vt 35.980499267578125 -4.985599994659424
vt 35.96900177001953 -4.985599994659424
vt 35.980499267578125 -4.98799991607666
vt 35.96900177001953 -5.014400005340576
vt 35.980499267578125 -5.01200008392334
vt 35.980499267578125 -5.01200008392334
vt 35.96900177001953 -5.014400005340576
vt 35.980499267578125 -5.014400005340576
vt 35.980499267578125 -5.01200008392334
vt 35.987998962402344 -4.98799991607666
vt 35.980499267578125 -4.98799991607666
vt 35.980499267578125 -5.01200008392334
vt 35.987998962402344 -5.01200008392334
vt 35.987998962402344 -4.98799991607666
vt 36.012001037597656 -5.011189937591553
vt 36.012001037597656 -4.988810062408447
vt 36 -5.011189937591553
vt 36 -5.011189937591553
vt 36.012001037597656 -4.988810062408447
vt 36 -4.988810062408447
vt 36 -4.988810062408447
vt 35.987998962402344 -5.011189937591553
vt 36 -5.011189937591553
vt 35.987998962402344 -5.011189937591553
vt 36 -4.988810062408447
vt 35.987998962402344 -4.988810062408447
vt 36 -5.054029941558838
vt 36.01369857788086 -5.054029941558838
vt 36 -5.048299789428711
vt 36 -5.048299789428711
vt 35.98630142211914 -5.054029941558838
vt 36 -5.054029941558838
vt 36.01679992675781 -5.048299789428711
vt 36 -5.048299789428711
vt 36.01369857788086 -5.054029941558838
vt 35.98630142211914 -5.054029941558838
vt 36 -5.048299789428711
vt 35.98320007324219 -5.048299789428711
vt 35.984100341796875 -5.072390079498291
vt 36 -5.086490154266357
vt 36 -5.072390079498291
vt 35.984100341796875 -5.072390079498291
vt 36 -5.092490196228027
vt 36 -5.086490154266357
vt 36.015899658203125 -5.072390079498291
vt 36 -5.086490154266357
vt 36 -5.092490196228027
vt 36 -5.086490154266357
vt 36.015899658203125 -5.072390079498291
vt 36 -5.072390079498291
vt 36 -4.9540300369262695
vt 35.984100341796875 -4.958209991455078
vt 36 -4.961770057678223
vt 36.015899658203125 -4.958209991455078
vt 36 -4.9540300369262695
vt 36 -4.961770057678223
vt 35.984100341796875 -4.958209991455078
vt 36 -4.9540300369262695
vt 35.98540115356445 -4.948840141296387
vt 36 -4.9540300369262695
vt 36.015899658203125 -4.958209991455078
vt 36.01459884643555 -4.948840141296387
vt 35.977901458740234 -4.948669910430908
vt 35.984100341796875 -4.958209991455078
vt 35.98540115356445 -4.948840141296387
vt 36.015899658203125 -4.958209991455078
vt 36.022098541259766 -4.948669910430908
vt 36.01459884643555 -4.948840141296387
vt 35.96900177001953 -4.943299770355225
vt 35.980499267578125 -4.935840129852295
vt 35.9630012512207 -4.931300163269043
vt 35.9630012512207 -4.931300163269043
vt 35.980499267578125 -4.935840129852295
vt 35.97200012207031 -4.924300193786621
vt 36.03099822998047 -4.943299770355225
vt 36.0369987487793 -4.931300163269043
vt 36.019500732421875 -4.935840129852295
vt 36.0369987487793 -4.931300163269043
vt 36.02799987792969 -4.924300193786621
vt 36.019500732421875 -4.935840129852295
vt 35.96910095214844 -4.917449951171875
vt 35.9541015625 -4.929900169372559
vt 35.96220016479492 -4.931119918823242
vt 35.9541015625 -4.929900169372559
vt 35.95970153808594 -4.943220138549805
vt 35.96220016479492 -4.931119918823242
vt 35.95970153808594 -4.943220138549805
vt 35.96820068359375 -4.94366979598999
vt 35.96220016479492 -4.931119918823242
vt 35.96820068359375 -4.94366979598999
vt 35.95970153808594 -4.943220138549805
vt 35.968299865722656 -4.95281982421875
vt 35.96910095214844 -4.917449951171875
vt 35.96220016479492 -4.931119918823242
vt 35.974098205566406 -4.921450138092041
vt 35.974098205566406 -4.921450138092041
vt 35.97209930419922 -4.902450084686279
vt 35.96910095214844 -4.917449951171875
vt 35.97209930419922 -4.902450084686279
vt 35.974098205566406 -4.921450138092041
vt 35.97809982299805 -4.900450229644775
vt 35.97809982299805 -4.900450229644775
vt 35.962100982666016 -4.892449855804443
vt 35.97209930419922 -4.902450084686279
vt 36.04029846191406 -4.943220138549805
vt 36.03179931640625 -4.94366979598999
vt 36.031700134277344 -4.95281982421875
vt 36.03179931640625 -4.94366979598999
vt 36.04029846191406 -4.943220138549805
vt 36.03779983520508 -4.931119918823242
vt 36.04029846191406 -4.943220138549805
vt 36.0458984375 -4.929900169372559
vt 36.03779983520508 -4.931119918823242
vt 36.03089904785156 -4.917449951171875
vt 36.03779983520508 -4.931119918823242
vt 36.0458984375 -4.929900169372559
vt 36.025901794433594 -4.921450138092041
vt 36.03779983520508 -4.931119918823242
vt 36.03089904785156 -4.917449951171875
vt 36.02790069580078 -4.902450084686279
vt 36.025901794433594 -4.921450138092041
vt 36.03089904785156 -4.917449951171875
vt 36.025901794433594 -4.921450138092041
vt 36.02790069580078 -4.902450084686279
vt 36.02190017700195 -4.900450229644775
vt 36.037899017333984 -4.892449855804443
vt 36.02190017700195 -4.900450229644775
vt 36.02790069580078 -4.902450084686279
vt 35.96910095214844 -4.942339897155762
vt 36 -4.958099842071533
vt 36 -4.949100017547607
vt 36 -4.949100017547607
vt 35.97439956665039 -4.936970233917236
vt 35.96910095214844 -4.942339897155762
vt 36 -4.958099842071533
vt 36.03089904785156 -4.942339897155762
vt 36 -4.949100017547607
vt 36 -4.949100017547607
vt 36.03089904785156 -4.942339897155762
vt 36.02560043334961 -4.936970233917236
vt 36.012001037597656 -5.058879852294922
vt 36 -5.053959846496582
vt 36 -5.072390079498291
vt 36 -5.072390079498291
vt 36.015899658203125 -5.072390079498291
vt 36.012001037597656 -5.058879852294922
vt 35.987998962402344 -5.058879852294922
vt 36 -5.072390079498291
vt 36 -5.053959846496582
vt 36 -5.072390079498291
vt 35.987998962402344 -5.058879852294922
vt 35.984100341796875 -5.072390079498291
vt 35.976200103759766 -4.930019855499268
vt 35.987998962402344 -4.931300163269043
vt 35.987998962402344 -4.922299861907959
vt 35.987998962402344 -4.931300163269043
vt 35.976200103759766 -4.930019855499268
vt 35.980499267578125 -4.935840129852295
vt 36 -4.932300090789795
vt 35.987998962402344 -4.922299861907959
vt 35.987998962402344 -4.931300163269043
vt 35.99399948120117 -4.936299800872803
vt 36 -4.932300090789795
vt 35.987998962402344 -4.931300163269043
vt 35.99100112915039 -4.947299957275391
vt 35.99399948120117 -4.936299800872803
vt 35.98699951171875 -4.943299770355225
vt 35.99399948120117 -4.936299800872803
vt 35.99100112915039 -4.947299957275391
vt 36 -4.939300060272217
vt 36 -4.932300090789795
vt 35.99399948120117 -4.936299800872803
vt 36 -4.939300060272217
vt 36 -4.939300060272217
vt 36.00600051879883 -4.936299800872803
vt 36 -4.932300090789795
vt 36.00899887084961 -4.947299957275391
vt 36.00600051879883 -4.936299800872803
vt 36 -4.939300060272217
vt 36.00600051879883 -4.936299800872803
vt 36.00899887084961 -4.947299957275391
vt 36.01300048828125 -4.943299770355225
vt 36.012001037597656 -4.931300163269043
vt 36 -4.932300090789795
vt 36.00600051879883 -4.936299800872803
vt 36 -4.932300090789795
vt 36.012001037597656 -4.931300163269043
vt 36.012001037597656 -4.922299861907959
vt 36.012001037597656 -4.931300163269043
vt 36.023799896240234 -4.930019855499268
vt 36.012001037597656 -4.922299861907959
vt 36.023799896240234 -4.930019855499268
vt 36.012001037597656 -4.931300163269043
vt 36.019500732421875 -4.935840129852295
vt 36.012001037597656 -4.92257022857666
vt 36 -4.911300182342529
vt 36 -4.920300006866455
vt 36 -4.920300006866455
vt 36.012001037597656 -4.9311699867248535
vt 36.012001037597656 -4.92257022857666
vt 36 -4.911300182342529
vt 35.987998962402344 -4.92257022857666
vt 36 -4.920300006866455
vt 35.987998962402344 -4.9311699867248535
vt 36 -4.920300006866455
vt 35.987998962402344 -4.92257022857666
vt 36 -5.049980163574219
vt 36 -5.10515022277832
vt 36.02180099487305 -5.0729498863220215
vt 36 -5.049980163574219
vt 35.97819900512695 -5.0729498863220215
vt 36 -5.10515022277832
vt 36 -5.049980163574219
vt 36.02180099487305 -5.0729498863220215
vt 36.01919937133789 -5.064839839935303
vt 35.97819900512695 -5.0729498863220215
vt 36 -5.049980163574219
vt 35.98080062866211 -5.064839839935303
vt 36.01919937133789 -5.064839839935303
vt 36.012298583984375 -5.049980163574219
vt 36 -5.049980163574219
vt 36.012298583984375 -5.049980163574219
vt 36.01919937133789 -5.064839839935303
vt 36.02080154418945 -5.055970191955566
vt 35.987701416015625 -5.049980163574219
vt 35.98080062866211 -5.064839839935303
vt 36 -5.049980163574219
vt 35.98080062866211 -5.064839839935303
vt 35.987701416015625 -5.049980163574219
vt 35.97919845581055 -5.055970191955566
vt 36 -4.961770057678223
vt 36.01470184326172 -4.966070175170898
vt 36.015899658203125 -4.958209991455078
vt 36.01470184326172 -4.966070175170898
vt 36.025901794433594 -4.959969997406006
vt 36.015899658203125 -4.958209991455078
vt 36.01470184326172 -4.966070175170898
vt 36 -4.961770057678223
vt 36 -4.969510078430176
vt 36.025901794433594 -4.959969997406006
vt 36.01470184326172 -4.966070175170898
vt 36.02080154418945 -4.969510078430176
vt 36 -4.961770057678223
vt 35.98529815673828 -4.966070175170898
vt 36 -4.969510078430176
vt 35.98529815673828 -4.966070175170898
vt 36 -4.961770057678223
vt 35.984100341796875 -4.958209991455078
vt 35.974098205566406 -4.959969997406006
vt 35.98529815673828 -4.966070175170898
vt 35.984100341796875 -4.958209991455078
vt 35.974098205566406 -4.959969997406006
vt 35.97919845581055 -4.969510078430176
vt 35.98529815673828 -4.966070175170898
vt 35.984500885009766 -5.041880130767822
vt 36 -5.041880130767822
vt 35.986000061035156 -5.040349960327148
vt 36 -5.040349960327148
vt 35.986000061035156 -5.040349960327148
vt 36 -5.041880130767822
vt 36 -5.041880130767822
vt 36.013999938964844 -5.040349960327148
vt 36 -5.040349960327148
vt 36.013999938964844 -5.040349960327148
vt 36 -5.041880130767822
vt 36.015499114990234 -5.041880130767822
vt 35.98320007324219 -5.048299789428711
vt 36 -5.048299789428711
vt 35.984500885009766 -5.041880130767822
vt 36 -5.041880130767822
vt 35.984500885009766 -5.041880130767822
vt 36 -5.048299789428711
vt 36 -5.048299789428711
vt 36.015499114990234 -5.041880130767822
vt 36 -5.041880130767822
vt 36.015499114990234 -5.041880130767822
vt 36 -5.048299789428711
vt 36.01679992675781 -5.048299789428711
vt 60.004398345947266 -22.974700927734375
vt 60 -22.98740005493164
vt 60.007301330566406 -22.98740005493164
vt 60 -22.98740005493164
vt 60.004398345947266 -22.974700927734375
vt 60 -22.974700927734375
vt 60 -22.98740005493164
vt 60 -22.974700927734375
vt 59.995601654052734 -22.974700927734375
vt 60 -22.98740005493164
vt 59.995601654052734 -22.974700927734375
vt 59.992698669433594 -22.98740005493164
vt 60.004398345947266 -23.025299072265625
vt 60.007301330566406 -23.01259994506836
vt 60 -23.01259994506836
vt 60.004398345947266 -23.025299072265625
vt 60 -23.01259994506836
vt 60 -23.025299072265625
vt 60 -23.01259994506836
vt 59.995601654052734 -23.025299072265625
vt 60 -23.025299072265625
vt 59.995601654052734 -23.025299072265625
vt 60 -23.01259994506836
vt 59.992698669433594 -23.01259994506836
vt 60.004398345947266 -23
vt 60.007301330566406 -22.98740005493164
vt 60 -22.98740005493164
vt 60.004398345947266 -23
vt 60 -22.98740005493164
vt 60 -23
vt 60 -22.98740005493164
vt 59.995601654052734 -23
vt 60 -23
vt 59.995601654052734 -23
vt 60 -22.98740005493164
vt 59.992698669433594 -22.98740005493164
vt 60.004398345947266 -23
vt 60 -23.01259994506836
vt 60.007301330566406 -23.01259994506836
vt 60 -23.01259994506836
vt 60.004398345947266 -23
vt 60 -23
vt 60 -23.01259994506836
vt 60 -23
vt 59.995601654052734 -23
vt 60 -23.01259994506836
vt 59.995601654052734 -23
vt 59.992698669433594 -23.01259994506836
vt 60 -23.037900924682617
vt 59.995601654052734 -23.025299072265625
vt 59.992698669433594 -23.037900924682617
vt 60 -23.037900924682617
vt 60 -23.025299072265625
vt 59.995601654052734 -23.025299072265625
vt 60 -23.037900924682617
vt 60.004398345947266 -23.025299072265625
vt 60 -23.025299072265625
vt 60.004398345947266 -23.025299072265625
vt 60 -23.037900924682617
vt 60.007301330566406 -23.037900924682617
vt 60.004398345947266 -22.974700927734375
vt 60.007301330566406 -22.962099075317383
vt 60 -22.962099075317383
vt 60.004398345947266 -22.974700927734375
vt 60 -22.962099075317383
vt 60 -22.974700927734375
vt 60 -22.962099075317383
vt 59.995601654052734 -22.974700927734375
vt 60 -22.974700927734375
vt 59.995601654052734 -22.974700927734375
vt 60 -22.962099075317383
vt 59.992698669433594 -22.962099075317383
vt 60 -22.98740005493164
vt 59.98780059814453 -22.974700927734375
vt 59.986000061035156 -22.98740005493164
vt 59.98780059814453 -22.974700927734375
vt 60 -22.98740005493164
vt 60 -22.974700927734375
vt 60 -22.98740005493164
vt 60.01219940185547 -22.974700927734375
vt 60 -22.974700927734375
vt 60.01219940185547 -22.974700927734375
vt 60 -22.98740005493164
vt 60.013999938964844 -22.98740005493164
vt 59.98780059814453 -23.025299072265625
vt 60 -23.01259994506836
vt 59.986000061035156 -23.01259994506836
vt 60 -23.01259994506836
vt 59.98780059814453 -23.025299072265625
vt 60 -23.025299072265625
vt 60.01219940185547 -23.025299072265625
vt 60 -23.01259994506836
vt 60 -23.025299072265625
vt 60 -23.01259994506836
vt 60.01219940185547 -23.025299072265625
vt 60.013999938964844 -23.01259994506836
vt 59.98780059814453 -23
vt 60 -22.98740005493164
vt 59.986000061035156 -22.98740005493164
vt 60 -22.98740005493164
vt 59.98780059814453 -23
vt 60 -23
vt 60.01219940185547 -23
vt 60 -22.98740005493164
vt 60 -23
vt 60 -22.98740005493164
vt 60.01219940185547 -23
vt 60.013999938964844 -22.98740005493164
vt 60 -23.01259994506836
vt 59.98780059814453 -23
vt 59.986000061035156 -23.01259994506836
vt 59.98780059814453 -23
vt 60 -23.01259994506836
vt 60 -23
vt 60 -23.01259994506836
vt 60.01219940185547 -23
vt 60 -23
vt 60.01219940185547 -23
vt 60 -23.01259994506836
vt 60.013999938964844 -23.01259994506836
vt 60 -23.037900924682617
vt 59.98780059814453 -23.025299072265625
vt 59.986000061035156 -23.037900924682617
vt 59.98780059814453 -23.025299072265625
vt 60 -23.037900924682617
vt 60 -23.025299072265625
vt 60 -23.037900924682617
vt 60.01219940185547 -23.025299072265625
vt 60 -23.025299072265625
vt 60.01219940185547 -23.025299072265625
vt 60 -23.037900924682617
vt 60.013999938964844 -23.037900924682617
vt 59.98780059814453 -22.974700927734375
vt 60 -22.962099075317383
vt 59.986000061035156 -22.962099075317383
vt 60 -22.962099075317383
vt 59.98780059814453 -22.974700927734375
vt 60 -22.974700927734375
vt 60.01219940185547 -22.974700927734375
vt 60 -22.962099075317383
vt 60 -22.974700927734375
vt 60 -22.962099075317383
vt 60.01219940185547 -22.974700927734375
vt 60.013999938964844 -22.962099075317383
vt 59.995601654052734 -22.974700927734375
vt 59.992698669433594 -22.98740005493164
vt 60 -22.98740005493164
vt 59.995601654052734 -22.974700927734375
vt 60 -22.98740005493164
vt 60 -22.974700927734375
vt 60 -22.98740005493164
vt 60.004398345947266 -22.974700927734375
vt 60 -22.974700927734375
vt 60.004398345947266 -22.974700927734375
vt 60 -22.98740005493164
vt 60.007301330566406 -22.98740005493164
vt 59.995601654052734 -23.025299072265625
vt 60 -23.01259994506836
vt 59.992698669433594 -23.01259994506836
vt 60 -23.01259994506836
vt 59.995601654052734 -23.025299072265625
vt 60 -23.025299072265625
vt 60 -23.01259994506836
vt 60 -23.025299072265625
vt 60.004398345947266 -23.025299072265625
vt 60 -23.01259994506836
vt 60.004398345947266 -23.025299072265625
vt 60.007301330566406 -23.01259994506836
vt 59.995601654052734 -23
vt 60 -22.98740005493164
vt 59.992698669433594 -22.98740005493164
vt 60 -22.98740005493164
vt 59.995601654052734 -23
vt 60 -23
vt 60.004398345947266 -23
vt 60 -22.98740005493164
vt 60 -23
vt 60 -22.98740005493164
vt 60.004398345947266 -23
vt 60.007301330566406 -22.98740005493164
vt 59.995601654052734 -23
vt 59.992698669433594 -23.01259994506836
vt 60 -23.01259994506836
vt 59.995601654052734 -23
vt 60 -23.01259994506836
vt 60 -23
vt 60 -23.01259994506836
vt 60.004398345947266 -23
vt 60 -23
vt 60.004398345947266 -23
vt 60 -23.01259994506836
vt 60.007301330566406 -23.01259994506836
vt 60.004398345947266 -23.025299072265625
vt 60 -23.037900924682617
vt 60.007301330566406 -23.037900924682617
vt 60 -23.037900924682617
vt 60.004398345947266 -23.025299072265625
vt 60 -23.025299072265625
vt 59.995601654052734 -23.025299072265625
vt 60 -23.037900924682617
vt 60 -23.025299072265625
vt 59.995601654052734 -23.025299072265625
vt 59.992698669433594 -23.037900924682617
vt 60 -23.037900924682617
vt 59.995601654052734 -22.974700927734375
vt 60 -22.962099075317383
vt 59.992698669433594 -22.962099075317383
vt 60 -22.962099075317383
vt 59.995601654052734 -22.974700927734375
vt 60 -22.974700927734375
vt 60 -22.962099075317383
vt 60 -22.974700927734375
vt 60.004398345947266 -22.974700927734375
vt 60 -22.962099075317383
vt 60.004398345947266 -22.974700927734375
vt 60.007301330566406 -22.962099075317383
vt 60.01219940185547 -22.974700927734375
vt 60 -22.98740005493164
vt 60.013999938964844 -22.98740005493164
vt 60 -22.98740005493164
vt 60.01219940185547 -22.974700927734375
vt 60 -22.974700927734375
vt 60 -22.974700927734375
vt 59.98780059814453 -22.974700927734375
vt 60 -22.98740005493164
vt 59.98780059814453 -22.974700927734375
vt 59.986000061035156 -22.98740005493164
vt 60 -22.98740005493164
vt 60.013999938964844 -23.01259994506836
vt 60 -23.01259994506836
vt 60.01219940185547 -23.025299072265625
vt 60 -23.01259994506836
vt 60 -23.025299072265625
vt 60.01219940185547 -23.025299072265625
vt 60 -23.01259994506836
vt 59.98780059814453 -23.025299072265625
vt 60 -23.025299072265625
vt 59.98780059814453 -23.025299072265625
vt 60 -23.01259994506836
vt 59.986000061035156 -23.01259994506836
vt 60.013999938964844 -22.98740005493164
vt 60 -22.98740005493164
vt 60.01219940185547 -23
vt 60 -22.98740005493164
vt 60 -23
vt 60.01219940185547 -23
vt 60 -22.98740005493164
vt 59.98780059814453 -23
vt 60 -23
vt 59.98780059814453 -23
vt 60 -22.98740005493164
vt 59.986000061035156 -22.98740005493164
vt 60.01219940185547 -23
vt 60 -23.01259994506836
vt 60.013999938964844 -23.01259994506836
vt 60 -23.01259994506836
vt 60.01219940185547 -23
vt 60 -23
vt 60 -23
vt 59.98780059814453 -23
vt 60 -23.01259994506836
vt 59.98780059814453 -23
vt 59.986000061035156 -23.01259994506836
vt 60 -23.01259994506836
vt 60.01219940185547 -23.025299072265625
vt 60 -23.037900924682617
vt 60.013999938964844 -23.037900924682617
vt 60 -23.037900924682617
vt 60.01219940185547 -23.025299072265625
vt 60 -23.025299072265625
vt 60 -23.025299072265625
vt 59.98780059814453 -23.025299072265625
vt 60 -23.037900924682617
vt 59.98780059814453 -23.025299072265625
vt 59.986000061035156 -23.037900924682617
vt 60 -23.037900924682617
vt 60.013999938964844 -22.962099075317383
vt 60 -22.962099075317383
vt 60.01219940185547 -22.974700927734375
vt 60 -22.962099075317383
vt 60 -22.974700927734375
vt 60.01219940185547 -22.974700927734375
vt 60 -22.962099075317383
vt 59.98780059814453 -22.974700927734375
vt 60 -22.974700927734375
vt 59.98780059814453 -22.974700927734375
vt 60 -22.962099075317383
vt 59.986000061035156 -22.962099075317383
vt 16.015199661254883 -14.990099906921387
vt 15.984800338745117 -14.990099906921387
vt 16.015199661254883 -14.999600410461426
vt 16.015199661254883 -14.999600410461426
vt 15.984800338745117 -14.990099906921387
vt 15.984800338745117 -14.999600410461426
vt 15.984800338745117 -14.999600410461426
vt 16.015199661254883 -15.004899978637695
vt 16.015199661254883 -14.999600410461426
vt 16.015199661254883 -15.004899978637695
vt 15.984800338745117 -14.999600410461426
vt 15.984800338745117 -15.004899978637695
vt 16.015199661254883 -15.004899978637695
vt 15.984800338745117 -15.004899978637695
vt 16.015199661254883 -15.012399673461914
vt 16.015199661254883 -15.012399673461914
vt 15.984800338745117 -15.004899978637695
vt 15.984800338745117 -15.012399673461914
vt 16.007299423217773 -15.015199661254883
vt 16.007299423217773 -14.984800338745117
vt 16 -15.015199661254883
vt 16 -15.015199661254883
vt 16.007299423217773 -14.984800338745117
vt 16 -14.984800338745117
vt 16 -15.015199661254883
vt 16 -14.984800338745117
vt 15.99269962310791 -15.015199661254883
vt 15.99269962310791 -15.015199661254883
vt 16 -14.984800338745117
vt 15.99269962310791 -14.984800338745117
vt 16 -15.000399589538574
vt 15.99269962310791 -14.990099906921387
vt 15.989999771118164 -14.999600410461426
vt 15.99269962310791 -14.990099906921387
vt 16 -15.000399589538574
vt 16 -14.987600326538086
vt 16 -14.987600326538086
vt 16 -15.000399589538574
vt 16.003599166870117 -14.995200157165527
vt 16 -15.000399589538574
vt 16.010000228881836 -14.999600410461426
vt 16.003599166870117 -14.995200157165527
vt 16.003599166870117 -14.995200157165527
vt 16.007299423217773 -14.990099906921387
vt 16 -14.987600326538086
vt 16.010000228881836 -14.999600410461426
vt 16.007299423217773 -14.990099906921387
vt 16.003599166870117 -14.995200157165527
vt 15.994999885559082 -15.004899978637695
vt 16 -15.012399673461914
vt 16 -15.000399589538574
vt 15.994999885559082 -15.004899978637695
vt 16 -15.000399589538574
vt 15.989999771118164 -14.999600410461426
vt 16 -15.012399673461914
vt 16.0049991607666 -15.004899978637695
vt 16 -15.000399589538574
vt 16.0049991607666 -15.004899978637695
vt 16.010000228881836 -14.999600410461426
vt 16 -15.000399589538574
vt 15.984800338745117 -14.999600410461426
vt 16.015199661254883 -14.999600410461426
vt 15.984800338745117 -14.990099906921387
vt 15.984800338745117 -14.990099906921387
vt 16.015199661254883 -14.999600410461426
vt 16.015199661254883 -14.990099906921387
vt 16.015199661254883 -15.012399673461914
vt 15.984800338745117 -15.004899978637695
vt 15.984800338745117 -15.012399673461914
vt 15.984800338745117 -15.004899978637695
vt 16.015199661254883 -15.012399673461914
vt 16.015199661254883 -15.004899978637695
vt 15.984800338745117 -15.004899978637695
vt 16.015199661254883 -15.004899978637695
vt 15.984800338745117 -14.999600410461426
vt 15.984800338745117 -14.999600410461426
vt 16.015199661254883 -15.004899978637695
vt 16.015199661254883 -14.999600410461426
vt 16.010000228881836 -14.999600410461426
vt 16.007299423217773 -14.990099906921387
vt 16 -15.000399589538574
vt 16.007299423217773 -14.990099906921387
vt 16 -14.987600326538086
vt 16 -15.000399589538574
vt 16 -15.000399589538574
vt 15.99269962310791 -14.990099906921387
vt 15.989999771118164 -14.999600410461426
vt 16 -14.987600326538086
vt 15.99269962310791 -14.990099906921387
vt 16 -15.000399589538574
vt 16.0049991607666 -15.004899978637695
vt 16 -15.000399589538574
vt 16 -15.012399673461914
vt 16.0049991607666 -15.004899978637695
vt 16.010000228881836 -14.999600410461426
vt 16 -15.000399589538574
vt 16 -15.000399589538574
vt 15.994999885559082 -15.004899978637695
vt 16 -15.012399673461914
vt 15.994999885559082 -15.004899978637695
vt 16 -15.000399589538574
vt 15.989999771118164 -14.999600410461426
vn 0.7453470705615983 0.12179118344022863 0.6554575898114785
vn 0.7414752740830584 0.18183087334275 0.6458730149362694
vn 0.7453353278905614 0.12191855481964518 0.6554472633164001
vn 0.7453470705615983 0.12179118344022863 0.6554575898114785
vn 0.7414752740830584 0.18183087334275 0.6458730149362694
vn 0.7453470705615983 0.12179118344022863 0.6554575898114785
vn 0.7414752740830584 0.18183087334275 0.6458730149362694
vn 0.7453470705615983 0.12179118344022863 0.6554575898114785
vn 0.7350263884204589 0.24029630681672218 0.6340298835668714
vn 0.7350263884204589 0.24029630681672218 0.6340298835668714
vn 0.7288621535342833 0.297803444216928 0.6165006648478996
vn 0.7414752740830584 0.18183087334275 0.6458730149362694
vn 0.7350263884204589 0.24029630681672218 0.6340298835668714
vn 0.7288621535342833 0.297803444216928 0.6165006648478996
vn 0.7288621535342833 0.297803444216928 0.6165006648478996
vn -0.7365475565308713 0.24098913420220988 0.6319983656346527
vn -0.7350059768697068 0.29646902846707934 0.6098133559750836
vn -0.7350059768697068 0.29646902846707934 0.6098133559750836
vn -0.7350059768697068 0.29646902846707934 0.6098133559750836
vn -0.7365475565308713 0.24098913420220988 0.6319983656346527
vn -0.7339147650343755 0.19283039984609818 0.651295289833829
vn -0.7365475565308713 0.24098913420220988 0.6319983656346527
vn -0.7262412609391278 0.12405564829715797 0.6761537007479272
vn -0.7339147650343755 0.19283039984609818 0.651295289833829
vn -0.7262412609391278 0.12405564829715797 0.6761537007479272
vn -0.7262017894645105 0.12404890582790394 0.6761973306228315
vn -0.7339147650343755 0.19283039984609818 0.651295289833829
vn -0.7262017894645105 0.12404890582790394 0.6761973306228315
vn -0.7262412609391278 0.12405564829715797 0.6761537007479272
vn -0.7262017894645105 0.12404890582790394 0.6761973306228315
vn -0.7262017894645105 0.12404890582790394 0.6761973306228315
vn -0.7339147650343755 0.19283039984609818 0.651295289833829
vn -0.7262017894645105 0.12404890582790394 0.6761973306228315
vn -0.7263057232324204 0.12404335765662235 0.6760867117619617
vn -0.7339147650343755 0.19283039984609818 0.651295289833829
vn -0.7262017894645105 0.12404890582790394 0.6761973306228315
vn -0.007641751693049489 0 0.9999708013892515
vn -0.007641751693049489 0 0.9999708013892515
vn -0.007641751693049489 0 0.9999708013892515
vn -0.007641751693049489 0 0.9999708013892515
vn -0.007641751693049489 0 0.9999708013892515
vn -0.007641751693049489 0 0.9999708013892515
vn -0.007641751693049489 0 0.9999708013892515
vn -0.007641751693049489 0 0.9999708013892515
vn -0.007641751693049489 0 0.9999708013892515
vn 0.3105159700861277 -0.9504455396426985 0.01526789097323718
vn 0.048740171862364276 -0.9957922312245944 0.07760301462940276
vn 0.22061051915707355 -0.9745789059090602 0.03907627150005278
vn 0.3830126811487733 -0.9237353575434463 -0.0037782672364020937
vn 0.3105159700861277 -0.9504455396426985 0.01526789097323718
vn 0.22061051915707355 -0.9745789059090602 0.03907627150005278
vn 0.3830126811487733 -0.9237353575434463 -0.0037782672364020937
vn 0.3830126811487733 -0.9237353575434463 -0.0037782672364020937
vn 0.3105159700861277 -0.9504455396426985 0.01526789097323718
vn 0.38292438028988085 -0.9237719645804567 -0.0037784169666981457
vn 0.3830126811487733 -0.9237353575434463 -0.0037782672364020937
vn 0.3830126811487733 -0.9237353575434463 -0.0037782672364020937
vn 0.3830126811487733 -0.9237353575434463 -0.0037782672364020937
vn 0.38292438028988085 -0.9237719645804567 -0.0037784169666981457
vn 0.3830126811487733 -0.9237353575434463 -0.0037782672364020937
vn 0.38292438028988085 -0.9237719645804567 -0.0037784169666981457
vn 0.3830126811487733 -0.9237353575434463 -0.0037782672364020937
vn 0.3830126811487733 -0.9237353575434463 -0.0037782672364020937
vn 0.3830126811487733 -0.9237353575434463 -0.0037782672364020937
vn 0.38292438028988085 -0.9237719645804567 -0.0037784169666981457
vn 0.3830126811487733 -0.9237353575434463 -0.0037782672364020937
vn 0.3830126811487733 -0.9237353575434463 -0.0037782672364020937
vn 0.3830126811487733 -0.9237353575434463 -0.0037782672364020937
vn 0.3830126811487733 -0.9237353575434463 -0.0037782672364020937
vn 0.3830126811487733 -0.9237353575434463 -0.0037782672364020937
vn 0.3830126811487733 -0.9237353575434463 -0.0037782672364020937
vn 0.3830126811487733 -0.9237353575434463 -0.0037782672364020937
vn 0.38292438028988085 -0.9237719645804567 -0.0037784169666981457
vn 0.3830126811487733 -0.9237353575434463 -0.0037782672364020937
vn 0.3830126811487733 -0.9237353575434463 -0.0037782672364020937
vn 0.3830126811487733 -0.9237353575434463 -0.0037782672364020937
vn 0.38292438028988085 -0.9237719645804567 -0.0037784169666981457
vn 0.3830126811487733 -0.9237353575434463 -0.0037782672364020937
vn 0.3830126811487733 -0.9237353575434463 -0.0037782672364020937
vn 0.38292438028988085 -0.9237719645804567 -0.0037784169666981457
vn 0.3830126811487733 -0.9237353575434463 -0.0037782672364020937
vn 0.7412417889193978 0.2391749586231711 -0.6271809543721616
vn 0.7350059768697068 0.29646902846707934 -0.6098133559750836
vn 0.7350059768697068 0.29646902846707934 -0.6098133559750836
vn 0.7350059768697068 0.29646902846707934 -0.6098133559750836
vn 0.7412417889193978 0.2391749586231711 -0.6271809543721616
vn 0.7477530770601969 0.18095503250191194 -0.6388431826037118
vn 0.7412417889193978 0.2391749586231711 -0.6271809543721616
vn 0.7517020190036646 0.12118865925038427 -0.648272615104871
vn 0.7477530770601969 0.18095503250191194 -0.6388431826037118
vn 0.7517020190036646 0.12118865925038427 -0.648272615104871
vn 0.7477530770601969 0.18095503250191194 -0.6388431826037118
vn 0.7517020190036646 0.12118865925038427 -0.648272615104871
vn 0.7516902930972376 0.12131541936332732 -0.6482625026083872
vn 0.7477530770601969 0.18095503250191194 -0.6388431826037118
vn 0.7517020190036646 0.12118865925038427 -0.648272615104871
vn -0.7193756239651378 0.1246634423090011 -0.683343060107029
vn -0.7193756239651378 0.1246634423090011 -0.683343060107029
vn -0.7193756239651378 0.1246634423090011 -0.683343060107029
vn -0.7193756239651378 0.1246634423090011 -0.683343060107029
vn -0.7274157575416844 0.1937453178509084 -0.6582773484564904
vn -0.7193756239651378 0.1246634423090011 -0.683343060107029
vn -0.7274157575416844 0.1937453178509084 -0.6582773484564904
vn -0.7193756239651378 0.1246634423090011 -0.683343060107029
vn -0.7193756239651378 0.1246634423090011 -0.683343060107029
vn -0.7193756239651378 0.1246634423090011 -0.683343060107029
vn -0.7274157575416844 0.1937453178509084 -0.6582773484564904
vn -0.7193756239651378 0.1246634423090011 -0.683343060107029
vn -0.7274157575416844 0.1937453178509084 -0.6582773484564904
vn -0.7193756239651378 0.1246634423090011 -0.683343060107029
vn -0.7301797157333408 0.24213056734657928 -0.6389134300419745
vn -0.7288621535342833 0.297803444216928 -0.6165006648478996
vn -0.7274157575416844 0.1937453178509084 -0.6582773484564904
vn -0.7301797157333408 0.24213056734657928 -0.6389134300419745
vn -0.7301797157333408 0.24213056734657928 -0.6389134300419745
vn -0.7288621535342833 0.297803444216928 -0.6165006648478996
vn -0.7288621535342833 0.297803444216928 -0.6165006648478996
vn 0.007641751693049489 0 -0.9999708013892515
vn 0.007641751693049489 0 -0.9999708013892515
vn 0.007641751693049489 0 -0.9999708013892515
vn 0.007641751693049489 0 -0.9999708013892515
vn 0.007641751693049489 0 -0.9999708013892515
vn 0.007641751693049489 0 -0.9999708013892515
vn 0.007641751693049489 0 -0.9999708013892515
vn 0.007641751693049489 0 -0.9999708013892515
vn 0.007641751693049489 0 -0.9999708013892515
vn -0.38294815724517495 0.923729864515314 0.008593384958449659
vn -0.9574026800530935 0.20408520430444224 0.20427759938663861
vn -0.9169416202965835 0.3533792277904944 0.18531375106577985
vn -0.38294815724517495 0.923729864515314 0.008593384958449659
vn -0.38294815724517495 0.923729864515314 0.008593384958449659
vn -0.9169416202965835 0.3533792277904944 0.18531375106577985
vn -0.38294815724517495 0.923729864515314 0.008593384958449659
vn -0.3830366615830991 0.9236937366148014 0.008532105359183816
vn -0.38294815724517495 0.923729864515314 0.008593384958449659
vn -0.38303646170191114 0.9236932546008848 0.0085930443793474
vn -0.3830366615830991 0.9236937366148014 0.008532105359183816
vn -0.38294815724517495 0.923729864515314 0.008593384958449659
vn -0.3830366615830991 0.9236937366148014 0.008532105359183816
vn -0.38303646170191114 0.9236932546008848 0.0085930443793474
vn -0.3830366615830991 0.9236937366148014 0.008532105359183816
vn -0.3830366615830991 0.9236937366148014 0.008532105359183816
vn -0.3830366615830991 0.9236937366148014 0.008532105359183816
vn -0.3830126811487733 0.9237353575434463 0.0037782672364020937
vn -0.3830126811487733 0.9237353575434463 0.0037782672364020937
vn -0.3830126811487733 0.9237353575434463 0.0037782672364020937
vn -0.3830366615830991 0.9236937366148014 0.008532105359183816
vn -0.3830126811487733 0.9237353575434463 0.0037782672364020937
vn -0.38292438028988085 0.9237719645804567 0.0037784169666981457
vn -0.3830126811487733 0.9237353575434463 0.0037782672364020937
vn -0.3830126811487733 0.9237353575434463 0.0037782672364020937
vn -0.3830126811487733 0.9237353575434463 0.0037782672364020937
vn -0.38292438028988085 0.9237719645804567 0.0037784169666981457
vn -0.3830126811487733 0.9237353575434463 0.0037782672364020937
vn -0.3830126811487733 0.9237353575434463 0.0037782672364020937
vn -0.3830126811487733 0.9237353575434463 0.0037782672364020937
vn -0.3830126811487733 0.9237353575434463 0.0037782672364020937
vn -0.3830126811487733 0.9237353575434463 0.0037782672364020937
vn -0.3830126811487733 0.9237353575434463 0.0037782672364020937
vn 0.7299757097290319 -0.020810552259805125 0.6831561930629318
vn 0.6615383964580162 -0.20293589251124736 0.7219307262767114
vn 0.7299757097290319 -0.020810552259805125 0.6831561930629318
vn 0.7299757097290319 -0.020810552259805125 0.6831561930629318
vn 0.7299757097290319 -0.020810552259805125 0.6831561930629318
vn 0.6615383964580162 -0.20293589251124736 0.7219307262767114
vn 0.7299757097290319 -0.020810552259805125 0.6831561930629318
vn 0.7299757097290319 -0.020810552259805125 0.6831561930629318
vn 0.7299757097290319 -0.020810552259805125 0.6831561930629318
vn 0.7299757097290319 -0.020810552259805125 0.6831561930629318
vn 0.7299757097290319 -0.020810552259805125 0.6831561930629318
vn 0.7299116523929121 -0.02081263520220534 0.6832245706332498
vn 0.7299757097290319 -0.020810552259805125 0.6831561930629318
vn 0.6615383964580162 -0.20293589251124736 0.7219307262767114
vn 0.6868776569780685 -0.13723924013172467 0.7136977478683715
vn 0.6615383964580162 -0.20293589251124736 0.7219307262767114
vn 0.6611897914048119 -0.06511084757825476 0.7473878760521222
vn 0.6868776569780685 -0.13723924013172467 0.7136977478683715
vn 0.6611897914048119 -0.06511084757825476 0.7473878760521222
vn 0.6615383964580162 -0.20293589251124736 0.7219307262767114
vn 0.6523218039300968 -0.10896535717387615 0.7500685402370599
vn 0.6717479581967338 0.1387026702370707 0.7276786721676167
vn 0.6611897914048119 -0.06511084757825476 0.7473878760521222
vn 0.6523218039300968 -0.10896535717387615 0.7500685402370599
vn 0.6611897914048119 -0.06511084757825476 0.7473878760521222
vn 0.6717479581967338 0.1387026702370707 0.7276786721676167
vn 0.67182552579086 0.138689498624262 0.7276095696643806
vn 0.67182552579086 0.138689498624262 0.7276095696643806
vn 0.67182552579086 0.138689498624262 0.7276095696643806
vn 0.6611897914048119 -0.06511084757825476 0.7473878760521222
vn 0.67182552579086 0.138689498624262 0.7276095696643806
vn 0.6611897914048119 -0.06511084757825476 0.7473878760521222
vn 0.67182552579086 0.138689498624262 0.7276095696643806
vn -0.3164365827096858 0.04949050110716779 0.9473217929632874
vn -0.33030740106151585 0.049646855635846046 0.9425668201933805
vn -0.7313075404624596 0.12307445227288917 0.6708516680015608
vn -0.7313075404624596 0.12307445227288917 0.6708516680015608
vn -0.33030740106151585 0.049646855635846046 0.9425668201933805
vn -0.7313075404624596 0.12307445227288917 0.6708516680015608
vn -0.7313075404624596 0.12307445227288917 0.6708516680015608
vn -0.7313075404624596 0.12307445227288917 0.6708516680015608
vn -0.7313075404624596 0.12307445227288917 0.6708516680015608
vn -0.3164365827096858 0.04949050110716779 0.9473217929632874
vn -0.007641751693049489 0 0.9999708013892515
vn -0.33030740106151585 0.049646855635846046 0.9425668201933805
vn -0.007641751693049489 0 0.9999708013892515
vn -0.007641751693049489 0 0.9999708013892515
vn -0.3164365827096858 0.04949050110716779 0.9473217929632874
vn -0.3164365827096858 0.04949050110716779 0.9473217929632874
vn -0.007641751693049489 0 0.9999708013892515
vn -0.007641751693049489 0 0.9999708013892515
vn -0.3164365827096858 0.04949050110716779 0.9473217929632874
vn -0.007641751693049489 0 0.9999708013892515
vn -0.007641751693049489 0 0.9999708013892515
vn -0.7549056027182212 -0.6557913537098397 0.007431782024204436
vn -0.7806076516868273 -0.5793255816029304 0.23459233710503694
vn -0.9573820187128401 0.2041029791640175 0.20435665915672943
vn -0.9169093395597344 0.35346639812007785 0.18530722713415734
vn -0.9573820187128401 0.2041029791640175 0.20435665915672943
vn -0.7806076516868273 -0.5793255816029304 0.23459233710503694
vn -0.7806076516868273 -0.5793255816029304 0.23459233710503694
vn -0.7549056027182212 -0.6557913537098397 0.007431782024204436
vn -0.7806076516868273 -0.5793255816029304 0.23459233710503694
vn -0.7549056027182212 -0.6557913537098397 0.007431782024204436
vn -0.7805961807298747 -0.5793170684673061 0.23465152207556458
vn -0.7806076516868273 -0.5793255816029304 0.23459233710503694
vn -0.7805961807298747 -0.5793170684673061 0.23465152207556458
vn -0.7549056027182212 -0.6557913537098397 0.007431782024204436
vn -0.607750728822873 -0.698895542492493 -0.3770730331108159
vn -0.7109458338994282 0.12513712358860446 -0.6920236423425263
vn -0.7109458338994282 0.12513712358860446 -0.6920236423425263
vn -0.7109458338994282 0.12513712358860446 -0.6920236423425263
vn -0.7109458338994282 0.12513712358860446 -0.6920236423425263
vn -0.7109458338994282 0.12513712358860446 -0.6920236423425263
vn -0.7109458338994282 0.12513712358860446 -0.6920236423425263
vn -0.7109458338994282 0.12513712358860446 -0.6920236423425263
vn -0.7109458338994282 0.12513712358860446 -0.6920236423425263
vn -0.7109458338994282 0.12513712358860446 -0.6920236423425263
vn -0.7109458338994282 0.12513712358860446 -0.6920236423425263
vn -0.7109458338994282 0.12513712358860446 -0.6920236423425263
vn -0.7109458338994282 0.12513712358860446 -0.6920236423425263
vn 0.6572933414409206 -0.10796047718203743 -0.7458619166199977
vn 0.6707860733624171 -0.1917716255586561 -0.7164284244874853
vn 0.6693534006471482 -0.06479161077106156 -0.7401135535955207
vn 0.6795914453310412 0.13802707046050186 -0.72048871972638
vn 0.6572933414409206 -0.10796047718203743 -0.7458619166199977
vn 0.6693534006471482 -0.06479161077106156 -0.7401135535955207
vn 0.6795914453310412 0.13802707046050186 -0.72048871972638
vn 0.6693534006471482 -0.06479161077106156 -0.7401135535955207
vn 0.6795914453310412 0.13802707046050186 -0.72048871972638
vn 0.6693534006471482 -0.06479161077106156 -0.7401135535955207
vn 0.6796671441095535 0.13801387458418732 -0.7204198384554826
vn 0.6795914453310412 0.13802707046050186 -0.72048871972638
vn 0.6707860733624171 -0.1917716255586561 -0.7164284244874853
vn 0.6073326388078929 -0.3210715750746996 -0.726677445306852
vn 0.6693534006471482 -0.06479161077106156 -0.7401135535955207
vn 0.6073326388078929 -0.3210715750746996 -0.726677445306852
vn 0.6707860733624171 -0.1917716255586561 -0.7164284244874853
vn 0.6617702883011054 -0.2137013686578293 -0.7186040707897796
vn 0.6617702883011054 -0.2137013686578293 -0.7186040707897796
vn 0.6707860733624171 -0.1917716255586561 -0.7164284244874853
vn 0.7417185207980317 -0.010316918388965328 -0.6706319386221741
vn 0.6707860733624171 -0.1917716255586561 -0.7164284244874853
vn 0.7417185207980317 -0.010316918388965328 -0.6706319386221741
vn 0.7417185207980317 -0.010316918388965328 -0.6706319386221741
vn 0.007641751693049489 0 -0.9999708013892515
vn 0.007641751693049489 0 -0.9999708013892515
vn 0.007641751693049489 0 -0.9999708013892515
vn 0.007641751693049489 0 -0.9999708013892515
vn 0.007641751693049489 0 -0.9999708013892515
vn 0.007641751693049489 0 -0.9999708013892515
vn 0.007641751693049489 0 -0.9999708013892515
vn 0.007641751693049489 0 -0.9999708013892515
vn 0.007641751693049489 0 -0.9999708013892515
vn 0.007641751693049489 0 -0.9999708013892515
vn 0.007641751693049489 0 -0.9999708013892515
vn 0.007641751693049489 0 -0.9999708013892515
vn -0.5018388189865387 -0.6766859977692897 -0.5387521324145057
vn -0.7549056027182212 -0.6557913537098397 0.007431782024204436
vn -0.5018388189865387 -0.6766859977692897 -0.5387521324145057
vn -0.607750728822873 -0.698895542492493 -0.3770730331108159
vn -0.7549056027182212 -0.6557913537098397 0.007431782024204436
vn -0.5018388189865387 -0.6766859977692897 -0.5387521324145057
vn -0.5018187713577111 -0.6766589652855464 -0.5388047563002123
vn -0.607750728822873 -0.698895542492493 -0.3770730331108159
vn -0.5018388189865387 -0.6766859977692897 -0.5387521324145057
vn -0.607750728822873 -0.698895542492493 -0.3770730331108159
vn -0.5018187713577111 -0.6766589652855464 -0.5388047563002123
vn -0.5017977593768141 -0.6767515369228029 -0.5387080526194434
vn -0.607750728822873 -0.698895542492493 -0.3770730331108159
vn -0.5017977593768141 -0.6767515369228029 -0.5387080526194434
vn -0.5017977593768141 -0.6767515369228029 -0.5387080526194434
vn -0.607750728822873 -0.698895542492493 -0.3770730331108159
vn -0.5017977593768141 -0.6767515369228029 -0.5387080526194434
vn -0.5017977593768141 -0.6767515369228029 -0.5387080526194434
vn -0.5017977593768141 -0.6767515369228029 -0.5387080526194434
vn -0.5017977593768141 -0.6767515369228029 -0.5387080526194434
vn -0.5018388189865387 -0.6766859977692897 -0.5387521324145057
vn -0.5018388189865387 -0.6766859977692897 -0.5387521324145057
vn -0.5018187713577111 -0.6766589652855464 -0.5388047563002123
vn -0.5017977593768141 -0.6767515369228029 -0.5387080526194434
vn 0.7806076516868273 0.5793255816029304 -0.23459233710503694
vn 0.7806076516868273 0.5793255816029304 -0.23459233710503694
vn 0.7806076516868273 0.5793255816029304 -0.23459233710503694
vn 0.7806076516868273 0.5793255816029304 -0.23459233710503694
vn 0.7806076516868273 0.5793255816029304 -0.23459233710503694
vn 0.7806076516868273 0.5793255816029304 -0.23459233710503694
vn 0.7806076516868273 0.5793255816029304 -0.23459233710503694
vn 0.7806076516868273 0.5793255816029304 -0.23459233710503694
vn 0.7806076516868273 0.5793255816029304 -0.23459233710503694
vn 0.7806076516868273 0.5793255816029304 -0.23459233710503694
vn 0.7806076516868273 0.5793255816029304 -0.23459233710503694
vn 0.7805961807298747 0.5793170684673061 -0.23465152207556458
vn 0.7805961807298747 0.5793170684673061 -0.23465152207556458
vn 0.7805961807298747 0.5793170684673061 -0.23465152207556458
vn 0.7806076516868273 0.5793255816029304 -0.23459233710503694
vn 0.7805961807298747 0.5793170684673061 -0.23465152207556458
vn 0.7805961807298747 0.5793170684673061 -0.23465152207556458
vn 0.7806076516868273 0.5793255816029304 -0.23459233710503694
vn 0.7806076516868273 0.5793255816029304 -0.23459233710503694
vn 0.7805961807298747 0.5793170684673061 -0.23465152207556458
vn 0.7805961807298747 0.5793170684673061 -0.23465152207556458
vn -0.04866580925104619 0.9954055855921361 -0.08245822689045336
vn -0.04866580925104619 0.9954055855921361 -0.08245822689045336
vn -0.04866580925104619 0.9954055855921361 -0.08245822689045336
vn -0.04866580925104619 0.9954055855921361 -0.08245822689045336
vn -0.04866580925104619 0.9954055855921361 -0.08245822689045336
vn -0.04866580925104619 0.9954055855921361 -0.08245822689045336
vn -0.04866580925104619 0.9954055855921361 -0.08245822689045336
vn -0.04866580925104619 0.9954055855921361 -0.08245822689045336
vn -0.04866580925104619 0.9954055855921361 -0.08245822689045336
vn 0.7510487127248757 0 0.6602467956107828
vn 0.7510487127248757 0 0.6602467956107828
vn 0.7510487127248757 0 0.6602467956107828
vn -0.7508679524035129 -0.2090621008156698 0.6264905075544998
vn -0.7509255112302661 -0.20904138481177698 0.6264284284892713
vn -0.7509255112302661 -0.20904138481177698 0.6264284284892713
vn -0.7508679524035129 -0.2090621008156698 0.6264905075544998
vn -0.7509255112302661 -0.20904138481177698 0.6264284284892713
vn -0.7508679524035129 -0.2090621008156698 0.6264905075544998
vn -0.7508679524035129 -0.2090621008156698 0.6264905075544998
vn -0.7508679524035129 -0.2090621008156698 0.6264905075544998
vn -0.7508679524035129 -0.2090621008156698 0.6264905075544998
vn -0.007641751693049489 0 0.9999708013892515
vn -0.007641751693049489 0 0.9999708013892515
vn -0.007641751693049489 0 0.9999708013892515
vn -0.007641751693049489 0 0.9999708013892515
vn -0.007641751693049489 0 0.9999708013892515
vn -0.007641751693049489 0 0.9999708013892515
vn -0.007641751693049489 0 0.9999708013892515
vn -0.007641751693049489 0 0.9999708013892515
vn -0.007641751693049489 0 0.9999708013892515
vn -0.007641751693049489 0 0.9999708013892515
vn -0.007641751693049489 0 0.9999708013892515
vn -0.007641751693049489 0 0.9999708013892515
vn -0.007641751693049489 0 0.9999708013892515
vn -0.007641751693049489 0 0.9999708013892515
vn -0.007641751693049489 0 0.9999708013892515
vn -0.007641751693049489 0 0.9999708013892515
vn -0.007641751693049489 0 0.9999708013892515
vn -0.007641751693049489 0 0.9999708013892515
vn -0.007641751693049489 0 0.9999708013892515
vn -0.007641751693049489 0 0.9999708013892515
vn -0.007641751693049489 0 0.9999708013892515
vn -0.7031733938230005 -0.13616146686662195 0.697859035307399
vn -0.6533574328867593 -0.06555514241266606 0.7542059322193632
vn -0.6768480430965256 -0.19039407675118122 0.7110744138938406
vn -0.6768480430965256 -0.19039407675118122 0.7110744138938406
vn -0.6533574328867593 -0.06555514241266606 0.7542059322193632
vn -0.6508948386221516 -0.10878690014250589 0.7513330282986551
vn -0.6523225120308354 0.21426359662919614 0.7270257570796936
vn -0.7031733938230005 -0.13616146686662195 0.697859035307399
vn -0.6768480430965256 -0.19039407675118122 0.7110744138938406
vn -0.7031733938230005 -0.13616146686662195 0.697859035307399
vn -0.6523225120308354 0.21426359662919614 0.7270257570796936
vn -0.6443024630545972 0.22610061894829353 0.7305839077155876
vn -0.6523225120308354 0.21426359662919614 0.7270257570796936
vn -0.5150547203568492 0.4239772532945339 0.744957665728027
vn -0.6443024630545972 0.22610061894829353 0.7305839077155876
vn -0.6523225120308354 0.21426359662919614 0.7270257570796936
vn -0.514919130150921 0.42412173980854 0.7449691532046113
vn -0.5150547203568492 0.4239772532945339 0.744957665728027
vn -0.5150547203568492 0.4239772532945339 0.744957665728027
vn -0.514919130150921 0.42412173980854 0.7449691532046113
vn -0.5149168185456136 0.4239818877813018 0.7450503532059208
vn -0.6533574328867593 -0.06555514241266606 0.7542059322193632
vn -0.6579065806157676 0.14042623938334708 0.7398914802017383
vn -0.6508948386221516 -0.10878690014250589 0.7513330282986551
vn -0.6533574328867593 -0.06555514241266606 0.7542059322193632
vn -0.6579065806157676 0.14042623938334708 0.7398914802017383
vn -0.6579065806157676 0.14042623938334708 0.7398914802017383
vn -0.6579065806157676 0.14042623938334708 0.7398914802017383
vn -0.6533574328867593 -0.06555514241266606 0.7542059322193632
vn -0.6579065806157676 0.14042623938334708 0.7398914802017383
vn -0.6579065806157676 0.14042623938334708 0.7398914802017383
vn -0.6579065806157676 0.14042623938334708 0.7398914802017383
vn -0.6579065806157676 0.14042623938334708 0.7398914802017383
vn -0.6579065806157676 0.14042623938334708 0.7398914802017383
vn -0.6579065806157676 0.14042623938334708 0.7398914802017383
vn -0.6579065806157676 0.14042623938334708 0.7398914802017383
vn 0.7012569027328855 -0.7127278386901518 0.016055663348031424
vn 0.7012092345383041 -0.7127774597034108 0.015934313193807226
vn 0.7013081287560142 -0.7126761026845373 0.016114626992787
vn 0.7012092345383041 -0.7127774597034108 0.015934313193807226
vn 0.7012569027328855 -0.7127278386901518 0.016055663348031424
vn 0.7013081287560142 -0.7126761026845373 0.016114626992787
vn 0.7013081287560142 -0.7126761026845373 0.016114626992787
vn 0.7012569027328855 -0.7127278386901518 0.016055663348031424
vn 0.7013081287560142 -0.7126761026845373 0.016114626992787
vn 0.7012569027328855 -0.7127278386901518 0.016055663348031424
vn 0.7013081287560142 -0.7126761026845373 0.016114626992787
vn 0.7013081287560142 -0.7126761026845373 0.016114626992787
vn 0.7012092345383041 -0.7127774597034108 0.015934313193807226
vn 0.7013081287560142 -0.7126761026845373 0.016114626992787
vn 0.7013081287560142 -0.7126761026845373 0.016114626992787
vn 0.7013081287560142 -0.7126761026845373 0.016114626992787
vn 0.7012569027328855 -0.7127278386901518 0.016055663348031424
vn 0.630250509288563 -0.7763857441949682 -0.0030776212133088055
vn 0.630250509288563 -0.7763857441949682 -0.0030776212133088055
vn 0.7012569027328855 -0.7127278386901518 0.016055663348031424
vn 0.542397661637814 -0.8396826892876806 -0.0271617002494256
vn 0.542397661637814 -0.8396826892876806 -0.0271617002494256
vn 0.26499459050995566 -0.9603308540801306 -0.08684766952652027
vn 0.630250509288563 -0.7763857441949682 -0.0030776212133088055
vn 0.7013081287560142 -0.7126761026845373 0.016114626992787
vn 0.7013081287560142 -0.7126761026845373 0.016114626992787
vn 0.7013081287560142 -0.7126761026845373 0.016114626992787
vn 0.7013081287560142 -0.7126761026845373 0.016114626992787
vn 0.7013081287560142 -0.7126761026845373 0.016114626992787
vn 0.7013081287560142 -0.7126761026845373 0.016114626992787
vn 0.7013081287560142 -0.7126761026845373 0.016114626992787
vn 0.7013081287560142 -0.7126761026845373 0.016114626992787
vn 0.7013081287560142 -0.7126761026845373 0.016114626992787
vn 0.7013081287560142 -0.7126761026845373 0.016114626992787
vn 0.7013081287560142 -0.7126761026845373 0.016114626992787
vn 0.7013081287560142 -0.7126761026845373 0.016114626992787
vn 0.7061894849925776 0.35674850711347583 -0.6115773981747725
vn 0.7061894849925776 0.35674850711347583 -0.6115773981747725
vn 0.7061561715405029 0.35673167802645733 -0.6116256790617016
vn 0.7061894849925776 0.35674850711347583 -0.6115773981747725
vn 0.7061894849925776 0.35674850711347583 -0.6115773981747725
vn 0.7061894849925776 0.35674850711347583 -0.6115773981747725
vn 0.007641751693049489 0 -0.9999708013892515
vn 0.007641751693049489 0 -0.9999708013892515
vn 0.007641751693049489 0 -0.9999708013892515
vn 0.007641751693049489 0 -0.9999708013892515
vn 0.007641751693049489 0 -0.9999708013892515
vn 0.007641751693049489 0 -0.9999708013892515
vn 0.007641751693049489 0 -0.9999708013892515
vn 0.007641751693049489 0 -0.9999708013892515
vn 0.007641751693049489 0 -0.9999708013892515
vn 0.007641751693049489 0 -0.9999708013892515
vn 0.007641751693049489 0 -0.9999708013892515
vn 0.007641751693049489 0 -0.9999708013892515
vn 0.007641751693049489 0 -0.9999708013892515
vn 0.007641751693049489 0 -0.9999708013892515
vn 0.007641751693049489 0 -0.9999708013892515
vn 0.007641751693049489 0 -0.9999708013892515
vn 0.007641751693049489 0 -0.9999708013892515
vn 0.007641751693049489 0 -0.9999708013892515
vn -0.6957956600057952 -0.1368355303405338 -0.7050847021128206
vn -0.6441704658879638 0.2152726079348543 -0.7339632927814648
vn -0.6691196717191281 -0.1913031004664987 -0.7181100115375016
vn -0.6957956600057952 -0.1368355303405338 -0.7050847021128206
vn -0.6359809944630505 0.22717916994079243 -0.7375078300782996
vn -0.6441704658879638 0.2152726079348543 -0.7339632927814648
vn -0.6691196717191281 -0.1913031004664987 -0.7181100115375016
vn -0.634827462881635 -0.06598576631588456 -0.7698311314924671
vn -0.6957956600057952 -0.1368355303405338 -0.7050847021128206
vn -0.656076069236502 0.1401725078251025 -0.7415631189758579
vn -0.6441704658879638 0.2152726079348543 -0.7339632927814648
vn -0.6359809944630505 0.22717916994079243 -0.7375078300782996
vn -0.634827462881635 -0.06598576631588456 -0.7698311314924671
vn -0.6691196717191281 -0.1913031004664987 -0.7181100115375016
vn -0.6357127719107298 -0.1100163374935963 -0.7640455988447755
vn -0.6441704658879638 0.2152726079348543 -0.7339632927814648
vn -0.656076069236502 0.1401725078251025 -0.7415631189758579
vn -0.6304918147832165 0.19649634565882337 -0.7509122835818405
vn -0.7462265043550999 -0.20051523722080075 -0.6347752703439652
vn -0.6304918147832165 0.19649634565882337 -0.7509122835818405
vn -0.656076069236502 0.1401725078251025 -0.7415631189758579
vn -0.7462265043550999 -0.20051523722080075 -0.6347752703439652
vn -0.6304918147832165 0.19649634565882337 -0.7509122835818405
vn -0.7462265043550999 -0.20051523722080075 -0.6347752703439652
vn -0.7462853360612696 -0.2004953707240488 -0.6347123785606709
vn -0.6304918147832165 0.19649634565882337 -0.7509122835818405
vn -0.7462265043550999 -0.20051523722080075 -0.6347752703439652
vn -0.6357127719107298 -0.1100163374935963 -0.7640455988447755
vn -0.6398194937833425 0.14150218958898678 -0.7553860904970052
vn -0.634827462881635 -0.06598576631588456 -0.7698311314924671
vn -0.6398194937833425 0.14150218958898678 -0.7553860904970052
vn -0.6398194937833425 0.14150218958898678 -0.7553860904970052
vn -0.6357127719107298 -0.1100163374935963 -0.7640455988447755
vn -0.6398194937833425 0.14150218958898678 -0.7553860904970052
vn -0.6398194937833425 0.14150218958898678 -0.7553860904970052
vn -0.6398194937833425 0.14150218958898678 -0.7553860904970052
vn -0.6398194937833425 0.14150218958898678 -0.7553860904970052
vn -0.6357127719107298 -0.1100163374935963 -0.7640455988447755
vn -0.6398194937833425 0.14150218958898678 -0.7553860904970052
vn -0.6398194937833425 0.14150218958898678 -0.7553860904970052
vn -0.6398194937833425 0.14150218958898678 -0.7553860904970052
vn -0.6398194937833425 0.14150218958898678 -0.7553860904970052
vn -0.6398194937833425 0.14150218958898678 -0.7553860904970052
vn -0.6398194937833425 0.14150218958898678 -0.7553860904970052
vn -0.6398194937833425 0.14150218958898678 -0.7553860904970052
vn 0.7299757097290319 -0.020810552259805125 0.6831561930629318
vn 0.7299757097290319 -0.020810552259805125 0.6831561930629318
vn 0.7299757097290319 -0.020810552259805125 0.6831561930629318
vn 0.7299757097290319 -0.020810552259805125 0.6831561930629318
vn 0.7299757097290319 -0.020810552259805125 0.6831561930629318
vn 0.7299757097290319 -0.020810552259805125 0.6831561930629318
vn 0.5034020229444822 0.6693659244267984 0.5463841711759782
vn 0.5034020229444822 0.6693659244267984 0.5463841711759782
vn 0.5034020229444822 0.6693659244267984 0.5463841711759782
vn -0.7007717038130619 -0.3493248839694061 0.6220057432007353
vn -0.39182436899704515 -0.6732362263548642 0.6270778638921402
vn 0.1601673367090528 -0.29709189783473916 0.9413197270282196
vn 0.11667705828226678 0.47445049771519165 0.8725154378510466
vn -0.7007717038130619 -0.3493248839694061 0.6220057432007353
vn 0.1601673367090528 -0.29709189783473916 0.9413197270282196
vn 0.11667705828226678 0.47445049771519165 0.8725154378510466
vn 0.49419408114019575 0.6706166606309443 0.5532137965110763
vn 0.4867276849705748 0.6738411409607574 0.5559085153439272
vn 0.11667705828226678 0.47445049771519165 0.8725154378510466
vn 0.1601673367090528 -0.29709189783473916 0.9413197270282196
vn 0.49419408114019575 0.6706166606309443 0.5532137965110763
vn 0.1601673367090528 -0.29709189783473916 0.9413197270282196
vn 0.5034020229444822 0.6693659244267984 0.5463841711759782
vn 0.49419408114019575 0.6706166606309443 0.5532137965110763
vn 0.5034020229444822 0.6693659244267984 0.5463841711759782
vn 0.1601673367090528 -0.29709189783473916 0.9413197270282196
vn 0.5034020229444822 0.6693659244267984 0.5463841711759782
vn 0.1601673367090528 -0.29709189783473916 0.9413197270282196
vn 0.5034020229444822 0.6693659244267984 0.5463841711759782
vn 0.5034020229444822 0.6693659244267984 0.5463841711759782
vn 0.5034020229444822 0.6693659244267984 0.5463841711759782
vn 0.1601673367090528 -0.29709189783473916 0.9413197270282196
vn 0.5034020229444822 0.6693659244267984 0.5463841711759782
vn 0.5034020229444822 0.6693659244267984 0.5463841711759782
vn 0.5034020229444822 0.6693659244267984 0.5463841711759782
vn 0.5034020229444822 0.6693659244267984 0.5463841711759782
vn 0.22636136791826814 -0.8903547701276066 0.39500495493751375
vn 0.22636136791826814 -0.8903547701276066 0.39500495493751375
vn 0.22636136791826814 -0.8903547701276066 0.39500495493751375
vn 0.22636136791826814 -0.8903547701276066 0.39500495493751375
vn 0.22636136791826814 -0.8903547701276066 0.39500495493751375
vn 0.22636136791826814 -0.8903547701276066 0.39500495493751375
vn 0.1601673367090528 -0.29709189783473916 0.9413197270282196
vn 0.22636136791826814 -0.8903547701276066 0.39500495493751375
vn 0.22636136791826814 -0.8903547701276066 0.39500495493751375
vn 0.22636136791826814 -0.8903547701276066 0.39500495493751375
vn 0.1601673367090528 -0.29709189783473916 0.9413197270282196
vn -0.39182436899704515 -0.6732362263548642 0.6270778638921402
vn 0.7209675028336112 -0.24275887162450827 -0.6490562303109509
vn 0.7343706145688645 -0.08245638446130506 -0.6737215634958686
vn 0.7330022609846037 -0.10279687025804934 -0.6724139267271378
vn 0.736885446879361 0 -0.6760176315580864
vn 0.7330022609846037 -0.10279687025804934 -0.6724139267271378
vn 0.7343706145688645 -0.08245638446130506 -0.6737215634958686
vn 0.736885446879361 0 -0.6760176315580864
vn 0.7330022609846037 -0.10279687025804934 -0.6724139267271378
vn 0.736885446879361 0 -0.6760176315580864
vn 0.7330022609846037 -0.10279687025804934 -0.6724139267271378
vn 0.736885446879361 0 -0.6760176315580864
vn 0.736885446879361 0 -0.6760176315580864
vn 0.736885446879361 0 -0.6760176315580864
vn 0.736885446879361 0 -0.6760176315580864
vn 0.736885446879361 0 -0.6760176315580864
vn 0.736885446879361 0 -0.6760176315580864
vn 0.736885446879361 0 -0.6760176315580864
vn 0.7369254682475923 0 -0.6759740041215099
vn 0.007641751693049489 0 -0.9999708013892515
vn 0.007641751693049489 0 -0.9999708013892515
vn 0.007641751693049489 0 -0.9999708013892515
vn 0.007641751693049489 0 -0.9999708013892515
vn -0.13917999802555622 0.0256104784570313 -0.9899358724396283
vn 0.007641751693049489 0 -0.9999708013892515
vn 0.007641751693049489 0 -0.9999708013892515
vn -0.13917999802555622 0.0256104784570313 -0.9899358724396283
vn -0.49507356571949657 0.07059705721345053 -0.8659781868145319
vn -0.13917999802555622 0.0256104784570313 -0.9899358724396283
vn -0.7750528517636917 0.11992625605566606 -0.6204117746154081
vn -0.49507356571949657 0.07059705721345053 -0.8659781868145319
vn -0.13917999802555622 0.0256104784570313 -0.9899358724396283
vn 0.007641751693049489 0 -0.9999708013892515
vn 0.0078115586572522185 0 -0.999969489310221
vn 0.0078115586572522185 0 -0.999969489310221
vn 0.007641751693049489 0 -0.9999708013892515
vn 0.007641751693049489 0 -0.9999708013892515
vn -0.542397661637814 0.8396826892876806 0.0271617002494256
vn -0.630250509288563 0.7763857441949682 0.0030776212133088055
vn -0.26499459050995566 0.9603308540801306 0.08684766952652027
vn -0.7013081287560142 0.7126761026845373 -0.016114626992787
vn -0.630250509288563 0.7763857441949682 0.0030776212133088055
vn -0.542397661637814 0.8396826892876806 0.0271617002494256
vn -0.630250509288563 0.7763857441949682 0.0030776212133088055
vn -0.7013081287560142 0.7126761026845373 -0.016114626992787
vn -0.7013081287560142 0.7126761026845373 -0.016114626992787
vn -0.7013081287560142 0.7126761026845373 -0.016114626992787
vn -0.7013081287560142 0.7126761026845373 -0.016114626992787
vn -0.7013571749303174 0.7126278100436627 -0.016115753973598868
vn -0.7013081287560142 0.7126761026845373 -0.016114626992787
vn -0.7013081287560142 0.7126761026845373 -0.016114626992787
vn -0.7013571749303174 0.7126278100436627 -0.016115753973598868
vn -0.7013081287560142 0.7126761026845373 -0.016114626992787
vn -0.7013081287560142 0.7126761026845373 -0.016114626992787
vn -0.7013081287560142 0.7126761026845373 -0.016114626992787
vn -0.7013081287560142 0.7126761026845373 -0.016114626992787
vn -0.7013081287560142 0.7126761026845373 -0.016114626992787
vn -0.7013081287560142 0.7126761026845373 -0.016114626992787
vn -0.7013081287560142 0.7126761026845373 -0.016114626992787
vn -0.7013081287560142 0.7126761026845373 -0.016114626992787
vn -0.6204173500109212 0.7775090809475237 -0.10277130362880052
vn -0.7013081287560142 0.7126761026845373 -0.016114626992787
vn -0.45973196479287803 0.8542048887834642 -0.24285907132761073
vn -0.6204173500109212 0.7775090809475237 -0.10277130362880052
vn -0.45973196479287803 0.8542048887834642 -0.24285907132761073
vn -0.7013081287560142 0.7126761026845373 -0.016114626992787
vn -0.7013567749259622 0.7127198214736573 -0.011363553318002989
vn -0.45973196479287803 0.8542048887834642 -0.24285907132761073
vn -0.2349658277620403 0.8884727929876024 -0.3942171430885625
vn -0.6204173500109212 0.7775090809475237 -0.10277130362880052
vn -0.2349658277620403 0.8884727929876024 -0.3942171430885625
vn -0.45973196479287803 0.8542048887834642 -0.24285907132761073
vn -0.2349658277620403 0.8884727929876024 -0.3942171430885625
vn -0.23497218565418299 0.888496833990685 -0.3941591657660967
vn -0.2349658277620403 0.8884727929876024 -0.3942171430885625
vn -0.2349658277620403 0.8884727929876024 -0.3942171430885625
vn -0.2349658277620403 0.8884727929876024 -0.3942171430885625
vn -0.23497218565418299 0.888496833990685 -0.3941591657660967
vn -0.2349658277620403 0.8884727929876024 -0.3942171430885625
vn -0.2349658277620403 0.8884727929876024 -0.3942171430885625
vn -0.2349658277620403 0.8884727929876024 -0.3942171430885625
vn -0.23497218565418299 0.888496833990685 -0.3941591657660967
vn -0.7612041024936707 -0.18918954487719294 0.6203028538189759
vn -0.7612041024936707 -0.18918954487719294 0.6203028538189759
vn -0.7611488029750759 -0.18920847901555493 0.6203649338882955
vn -0.7612041024936707 -0.18918954487719294 0.6203028538189759
vn -0.7612041024936707 -0.18918954487719294 0.6203028538189759
vn -0.7611488029750759 -0.18920847901555493 0.6203649338882955
vn -0.7612041024936707 -0.18918954487719294 0.6203028538189759
vn -0.7612041024936707 -0.18918954487719294 0.6203028538189759
vn -0.7612041024936707 -0.18918954487719294 0.6203028538189759
vn 0.6441704658879638 0.2152726079348543 0.7339632927814648
vn 0.7430915859619069 0 0.6691897301009768
vn 0.6344086085636731 0.23731167042708654 0.7356690074071424
vn 0.6441704658879638 0.2152726079348543 0.7339632927814648
vn 0.6344086085636731 0.23731167042708654 0.7356690074071424
vn 0.6930565528588731 0.032018130381273095 0.7201718224606292
vn 0.7430915859619069 0 0.6691897301009768
vn 0.6441704658879638 0.2152726079348543 0.7339632927814648
vn 0.7430915859619069 0 0.6691897301009768
vn 0.6371008271642057 0.1951011179209689 0.7456796160635434
vn 0.6441704658879638 0.2152726079348543 0.7339632927814648
vn 0.6930565528588731 0.032018130381273095 0.7201718224606292
vn 0.7430915859619069 0 0.6691897301009768
vn 0.7430915859619069 0 0.6691897301009768
vn 0.7430915859619069 0 0.6691897301009768
vn 0.7430915859619069 0 0.6691897301009768
vn 0.7430915859619069 0 0.6691897301009768
vn 0.7430915859619069 0 0.6691897301009768
vn 0.7430915859619069 0 0.6691897301009768
vn 0.7430915859619069 0 0.6691897301009768
vn 0.7431313505405664 0 0.6691455714893089
vn 0.6930565528588731 0.032018130381273095 0.7201718224606292
vn 0.7820525968411872 0.1767205688189504 0.5976316393316723
vn 0.6371008271642057 0.1951011179209689 0.7456796160635434
vn 0.7820525968411872 0.1767205688189504 0.5976316393316723
vn 0.6930565528588731 0.032018130381273095 0.7201718224606292
vn 0.7832910193149648 0.05975371822034162 0.6187767547503439
vn 0.739118505593777 0.41344925452368936 0.5317551585293998
vn 0.7820525968411872 0.1767205688189504 0.5976316393316723
vn 0.7832910193149648 0.05975371822034162 0.6187767547503439
vn 0.7820525968411872 0.1767205688189504 0.5976316393316723
vn 0.739118505593777 0.41344925452368936 0.5317551585293998
vn 0.739118505593777 0.41344925452368936 0.5317551585293998
vn -0.28092974580823 -0.6564428473376108 0.7001151805948888
vn 0.27067457892965424 -0.6577134440778954 0.702956824990303
vn 0.32280383065846846 -0.6409567166169753 0.696399435910028
vn -0.28092974580823 -0.6564428473376108 0.7001151805948888
vn 0.32280383065846846 -0.6409567166169753 0.696399435910028
vn -0.33267185645747727 -0.6395368161336994 0.693052737337287
vn 0.27067457892965424 -0.6577134440778954 0.702956824990303
vn 0.7069585412680643 -0.052558871556447825 0.7052993591013982
vn 0.32280383065846846 -0.6409567166169753 0.696399435910028
vn -0.7280674552906113 -0.04152128968976138 0.6842468582676523
vn -0.28092974580823 -0.6564428473376108 0.7001151805948888
vn -0.33267185645747727 -0.6395368161336994 0.693052737337287
vn 0.7069585412680643 -0.052558871556447825 0.7052993591013982
vn 0.27067457892965424 -0.6577134440778954 0.702956824990303
vn 0.7065099601327033 -0.06310893975070386 0.70488363433749
vn 0.6756147405932269 0.4159108355878087 0.6087387774191797
vn 0.7069585412680643 -0.052558871556447825 0.7052993591013982
vn 0.7065099601327033 -0.06310893975070386 0.70488363433749
vn 0.7069585412680643 -0.052558871556447825 0.7052993591013982
vn 0.6756147405932269 0.4159108355878087 0.6087387774191797
vn 0.6756147405932269 0.4159108355878087 0.6087387774191797
vn -0.7221624430594489 -0.06254934271135687 0.6888896758994036
vn -0.28092974580823 -0.6564428473376108 0.7001151805948888
vn -0.7280674552906113 -0.04152128968976138 0.6842468582676523
vn -0.7280674552906113 -0.04152128968976138 0.6842468582676523
vn -0.7639407024658471 0.16984235808752796 0.62253367500502
vn -0.7221624430594489 -0.06254934271135687 0.6888896758994036
vn -0.7639407024658471 0.16984235808752796 0.62253367500502
vn -0.7280674552906113 -0.04152128968976138 0.6842468582676523
vn -0.7496663191449646 0.24856579878486587 0.6133640465613236
vn -0.7611859088249836 -0.1893113168990391 0.6202880278549919
vn -0.7639407024658471 0.16984235808752796 0.62253367500502
vn -0.7496663191449646 0.24856579878486587 0.6133640465613236
vn -0.7639407024658471 0.16984235808752796 0.62253367500502
vn -0.7611859088249836 -0.1893113168990391 0.6202880278549919
vn -0.7611488029750759 -0.18920847901555493 0.6203649338882955
vn -0.7611488029750759 -0.18920847901555493 0.6203649338882955
vn -0.7612041024936707 -0.18918954487719294 0.6203028538189759
vn -0.7639407024658471 0.16984235808752796 0.62253367500502
vn -0.007641751286176139 0.00032632335261763973 0.9999707481473395
vn -0.007641751591331145 0.00016316168282429002 0.9999707880787727
vn -0.00781155855327387 -0.00016316146873702206 0.9999694759997947
vn -0.00781155855327387 0.00016316146873702206 0.9999694759997947
vn -0.007641751591331145 0.00016316168282429002 0.9999707880787727
vn -0.007641751286176139 0.00032632335261763973 0.9999707481473395
vn -0.007641751591331145 0.00016316168282429002 0.9999707880787727
vn -0.00781155855327387 0.00016316146873702206 0.9999694759997947
vn -0.0078115586572522185 0 0.999969489310221
vn -0.0078115586572522185 0 0.999969489310221
vn -0.00781155855327387 0.00016316146873702206 0.9999694759997947
vn -0.007641751693049489 0 0.9999708013892515
vn -0.0078115586572522185 0 0.999969489310221
vn -0.007641751693049489 0 0.9999708013892515
vn -0.007471944759038723 0.00016316189220618043 0.9999720713198519
vn -0.0078115586572522185 0 0.999969489310221
vn -0.007641751693049489 0 0.9999708013892515
vn -0.0078115586572522185 0 0.999969489310221
vn -0.0078115586572522185 0 0.999969489310221
vn -0.007641751693049489 0 0.9999708013892515
vn -0.0078115586572522185 0 0.999969489310221
vn -0.007641751693049489 0 0.9999708013892515
vn -0.0078115586572522185 0 0.999969489310221
vn -0.007641751693049489 0 0.9999708013892515
vn -0.007641751693049489 0 0.9999708013892515
vn -0.0078115586572522185 0 0.999969489310221
vn -0.007641751693049489 0 0.9999708013892515
vn -0.0078115586572522185 0 0.999969489310221
vn -0.007641751693049489 0 0.9999708013892515
vn -0.007641751693049489 0 0.9999708013892515
vn -0.7477023492013898 -0.19083306044398887 -0.6360219650611948
vn -0.7477023492013898 -0.19083306044398887 -0.6360219650611948
vn -0.7477023492013898 -0.19083306044398887 -0.6360219650611948
vn -0.7477023492013898 -0.19083306044398887 -0.6360219650611948
vn -0.7477023492013898 -0.19083306044398887 -0.6360219650611948
vn -0.7477023492013898 -0.19083306044398887 -0.6360219650611948
vn -0.7477023492013898 -0.19083306044398887 -0.6360219650611948
vn -0.7477023492013898 -0.19083306044398887 -0.6360219650611948
vn -0.7477395592451024 -0.19084255741364334 -0.635975368878198
vn 0.789714293463696 0.20317285238959523 -0.578854149808923
vn 0.740316978570712 0.4501881621239294 -0.4992608435711843
vn 0.7917444455046128 0.07860861531478207 -0.6057734053347719
vn 0.740316978570712 0.4501881621239294 -0.4992608435711843
vn 0.789714293463696 0.20317285238959523 -0.578854149808923
vn 0.7402779277935452 0.45028157351379244 -0.499234508197939
vn 0.7006117710398896 0.0318565853548485 -0.7128311891674483
vn 0.789714293463696 0.20317285238959523 -0.578854149808923
vn 0.7917444455046128 0.07860861531478207 -0.6057734053347719
vn 0.6455541449898439 0.19415494843837083 -0.7386228414308111
vn 0.789714293463696 0.20317285238959523 -0.578854149808923
vn 0.7006117710398896 0.0318565853548485 -0.7128311891674483
vn 0.7006117710398896 0.0318565853548485 -0.7128311891674483
vn 0.6586903535224082 0.21267363647482362 -0.7217319048823457
vn 0.6455541449898439 0.19415494843837083 -0.7386228414308111
vn 0.6586903535224082 0.21267363647482362 -0.7217319048823457
vn 0.7006117710398896 0.0318565853548485 -0.7128311891674483
vn 0.6507731153058117 0.2244836177771024 -0.7253285171181899
vn 0.7542140532009436 -0.010088029891632861 -0.6565511355615109
vn 0.6586903535224082 0.21267363647482362 -0.7217319048823457
vn 0.6507731153058117 0.2244836177771024 -0.7253285171181899
vn 0.6586903535224082 0.21267363647482362 -0.7217319048823457
vn 0.7542140532009436 -0.010088029891632861 -0.6565511355615109
vn 0.7541559965675833 -0.01008905430309558 -0.6566178065087974
vn 0.7542140532009436 -0.010088029891632861 -0.6565511355615109
vn 0.6586903535224082 0.21267363647482362 -0.7217319048823457
vn 0.7541559965675833 -0.01008905430309558 -0.6566178065087974
vn -0.7579616909984287 0.17065956223193543 -0.6295787391562766
vn -0.7522228083595947 -0.20919524208449844 -0.6248185314735893
vn -0.7694429611027761 0.050281346801739284 -0.6367333160540565
vn -0.7694429611027761 0.050281346801739284 -0.6367333160540565
vn -0.7522228083595947 -0.20919524208449844 -0.6248185314735893
vn -0.7521655347792288 -0.2092159990516962 -0.6248805278059778
vn -0.7522228083595947 -0.20919524208449844 -0.6248185314735893
vn -0.7579616909984287 0.17065956223193543 -0.6295787391562766
vn -0.7521149414174486 -0.20873167229502518 -0.6251033545563088
vn -0.7521149414174486 -0.20873167229502518 -0.6251033545563088
vn -0.7579616909984287 0.17065956223193543 -0.6295787391562766
vn -0.7521149414174486 -0.20873167229502518 -0.6251033545563088
vn -0.7694429611027761 0.050281346801739284 -0.6367333160540565
vn -0.7212065095070258 -0.0417275829583128 -0.6914622039310241
vn -0.7579616909984287 0.17065956223193543 -0.6295787391562766
vn -0.7579616909984287 0.17065956223193543 -0.6295787391562766
vn -0.7212065095070258 -0.0417275829583128 -0.6914622039310241
vn -0.7151247296154551 -0.06286228182477223 -0.6961644594606975
vn -0.7212065095070258 -0.0417275829583128 -0.6914622039310241
vn -0.27067457892965424 -0.6577134440778954 -0.702956824990303
vn -0.7151247296154551 -0.06286228182477223 -0.6961644594606975
vn -0.27067457892965424 -0.6577134440778954 -0.702956824990303
vn -0.7212065095070258 -0.0417275829583128 -0.6914622039310241
vn -0.32280383065846846 -0.6409567166169753 -0.696399435910028
vn 0.33267185645747727 -0.6395368161336994 -0.693052737337287
vn -0.27067457892965424 -0.6577134440778954 -0.702956824990303
vn -0.32280383065846846 -0.6409567166169753 -0.696399435910028
vn -0.27067457892965424 -0.6577134440778954 -0.702956824990303
vn 0.33267185645747727 -0.6395368161336994 -0.693052737337287
vn 0.28092974580823 -0.6564428473376108 -0.7001151805948888
vn 0.7141221649680841 -0.052431655647191336 -0.698054765034514
vn 0.28092974580823 -0.6564428473376108 -0.7001151805948888
vn 0.33267185645747727 -0.6395368161336994 -0.693052737337287
vn 0.7132249287844782 -0.07327499001535921 -0.6970946684623439
vn 0.28092974580823 -0.6564428473376108 -0.7001151805948888
vn 0.7141221649680841 -0.052431655647191336 -0.698054765034514
vn 0.7141221649680841 -0.052431655647191336 -0.698054765034514
vn 0.6981194970455389 0.40166052051283097 -0.5927039683570926
vn 0.7132249287844782 -0.07327499001535921 -0.6970946684623439
vn 0.6981194970455389 0.40166052051283097 -0.5927039683570926
vn 0.7141221649680841 -0.052431655647191336 -0.698054765034514
vn 0.698151037423862 0.4016786671551007 -0.5926545176546679
vn 0.007641751693049489 0 -0.9999708013892515
vn 0.007641751693049489 0 -0.9999708013892515
vn 0.007641751693049489 0 -0.9999708013892515
vn 0.007641751693049489 0 -0.9999708013892515
vn 0.007641751693049489 0 -0.9999708013892515
vn 0.007641751693049489 0 -0.9999708013892515
vn 0.007641751693049489 0 -0.9999708013892515
vn 0.007641751693049489 0 -0.9999708013892515
vn 0.007641751693049489 0 -0.9999708013892515
vn 0.007641751693049489 0 -0.9999708013892515
vn 0.007641751693049489 0 -0.9999708013892515
vn 0.007641751693049489 0 -0.9999708013892515
vn 0.007641751693049489 0 -0.9999708013892515
vn 0.007641751693049489 0 -0.9999708013892515
vn 0.007641751693049489 0 -0.9999708013892515
vn 0.007641751693049489 0 -0.9999708013892515
vn 0.007641751693049489 0 -0.9999708013892515
vn 0.007641751693049489 0 -0.9999708013892515
vn 0.007641751693049489 0 -0.9999708013892515
vn 0.007641751693049489 0 -0.9999708013892515
vn 0.007641751693049489 0 -0.9999708013892515
vn 0.007641751693049489 0 -0.9999708013892515
vn 0.007641751693049489 0 -0.9999708013892515
vn 0.007641751693049489 0 -0.9999708013892515
vn 0.007641751693049489 0 -0.9999708013892515
vn 0.007641751693049489 0 -0.9999708013892515
vn 0.007641751693049489 0 -0.9999708013892515
vn 0.007641751693049489 0 -0.9999708013892515
vn 0.007641751693049489 0 -0.9999708013892515
vn 0.007641751693049489 0 -0.9999708013892515
vn 0.007641751693049489 0 -0.9999708013892515
vn 0.007641751693049489 0 -0.9999708013892515
vn 0.007641751693049489 0 -0.9999708013892515
vn 0.007641751693049489 0 -0.9999708013892515
vn 0.007641751693049489 0 -0.9999708013892515
vn 0.007641751693049489 0 -0.9999708013892515
vn 0.007641751693049489 0 -0.9999708013892515
vn 0.007641751693049489 0 -0.9999708013892515
vn 0.007641751693049489 0 -0.9999708013892515
vn 0.5416143663786418 -0.6827022606503586 -0.4904808879407558
vn 0.30313616127872006 -0.6956272115294445 -0.6513150161826239
vn 0.7399378794300012 -0.6726722949845435 0.0019794304383062146
vn 0.5416143663786418 -0.6827022606503586 -0.4904808879407558
vn 0.7399378794300012 -0.6726722949845435 0.0019794304383062146
vn 0.7399378794300012 -0.6726722949845435 0.0019794304383062146
vn 0.7399378794300012 -0.6726722949845435 0.0019794304383062146
vn 0.5354661385457571 -0.6845240311154572 0.49467450439287913
vn 0.7399378794300012 -0.6726722949845435 0.0019794304383062146
vn 0.5354661385457571 -0.6845240311154572 0.49467450439287913
vn 0.7399378794300012 -0.6726722949845435 0.0019794304383062146
vn 0.2936460861216914 -0.6970551500045346 0.6541300283258428
vn 0.7695379448804105 -0.5960767930040918 0.22913709483885736
vn 0.7694836014685745 -0.5961169548518227 0.22921510248921687
vn 0.7695379448804105 -0.5960767930040918 0.22913709483885736
vn 0.7694836014685745 -0.5961169548518227 0.22921510248921687
vn 0.7695379448804105 -0.5960767930040918 0.22913709483885736
vn 0.7695379448804105 -0.5960767930040918 0.22913709483885736
vn 0.7716708784399817 -0.5950183313244573 -0.22467140618139547
vn 0.7716817049225145 -0.5950266793854646 -0.2246121036529169
vn 0.7716817049225145 -0.5950266793854646 -0.2246121036529169
vn 0.7716817049225145 -0.5950266793854646 -0.2246121036529169
vn 0.7716817049225145 -0.5950266793854646 -0.2246121036529169
vn 0.7716817049225145 -0.5950266793854646 -0.2246121036529169
vn 0.9281578821152455 -0.13418291078457495 -0.34715686990281613
vn 0.8229945695574055 -0.4960155363783854 -0.27685470223617914
vn 0.9237826648029995 -0.17537165071951583 -0.340397374157588
vn 0.8229945695574055 -0.4960155363783854 -0.27685470223617914
vn 0.9281578821152455 -0.13418291078457495 -0.34715686990281613
vn 0.8229945695574055 -0.4960155363783854 -0.27685470223617914
vn 0.9237826648029995 -0.17537165071951583 -0.340397374157588
vn 0.9238196647225779 0.05954972104203042 -0.3781680285212914
vn 0.9281578821152455 -0.13418291078457495 -0.34715686990281613
vn 0.9238196647225779 0.05954972104203042 -0.3781680285212914
vn 0.9238196647225779 0.05954972104203042 -0.3781680285212914
vn 0.9237826648029995 -0.17537165071951583 -0.340397374157588
vn 0.8381510730460854 0.41399374903159514 -0.35512245002880377
vn 0.9238196647225779 0.05954972104203042 -0.3781680285212914
vn 0.9238196647225779 0.05954972104203042 -0.3781680285212914
vn 0.9238196647225779 0.05954972104203042 -0.3781680285212914
vn 0.8381510730460854 0.41399374903159514 -0.35512245002880377
vn 0.7994535075725913 0.49648691826529256 -0.33819347897514757
vn 0.9212149239983191 0.05976088457426045 0.384436861497013
vn 0.9214439268393633 -0.17593770264961753 0.3463914180190222
vn 0.9258166575847544 -0.13461606865687817 0.35318837834498534
vn 0.8206185996634863 -0.4971262217094181 0.28186988767028215
vn 0.9258166575847544 -0.13461606865687817 0.35318837834498534
vn 0.9214439268393633 -0.17593770264961753 0.3463914180190222
vn 0.8206185996634863 -0.4971262217094181 0.28186988767028215
vn 0.9258166575847544 -0.13461606865687817 0.35318837834498534
vn 0.8206185996634863 -0.4971262217094181 0.28186988767028215
vn 0.9214439268393633 -0.17593770264961753 0.3463914180190222
vn 0.9212149239983191 0.05976088457426045 0.384436861497013
vn 0.9212149239983191 0.05976088457426045 0.384436861497013
vn 0.9212149239983191 0.05976088457426045 0.384436861497013
vn 0.8351801796737092 0.41524251340531715 0.36062130073114906
vn 0.9212149239983191 0.05976088457426045 0.384436861497013
vn 0.7963938651265957 0.49784064361179126 0.34338244736287726
vn 0.8351801796737092 0.41524251340531715 0.36062130073114906
vn 0.9212149239983191 0.05976088457426045 0.384436861497013
vn 0.7210939247688797 0.6928346549009997 0.001921621613655864
vn 0.7210939247688797 0.6928346549009997 0.001921621613655864
vn 0.7210939247688797 0.6928346549009997 0.001921621613655864
vn 0.7210939247688797 0.6928346549009997 0.001921621613655864
vn 0.7210939247688797 0.6928346549009997 0.001921621613655864
vn 0.7210939247688797 0.6928346549009997 0.001921621613655864
vn 0.9335710391278849 -0.1970183789079261 -0.2993808164765642
vn 0.8003967455538022 -0.5491460910591909 -0.24042383488600472
vn 0.8003967455538022 -0.5491460910591909 -0.24042383488600472
vn 0.8096868314891766 0.49204214942909497 -0.3198464601933468
vn 0.928480070432845 -0.22854772840356874 -0.2927297297006027
vn 0.9335710391278849 -0.1970183789079261 -0.2993808164765642
vn 0.928480070432845 -0.22854772840356874 -0.2927297297006027
vn 0.8096868314891766 0.49204214942909497 -0.3198464601933468
vn 0.786638649346572 0.5273393876881552 -0.32111182716754977
vn 0.7769869204478951 -0.5644295930811524 -0.27876613837972
vn 0.8825809806109033 0.2958165665016119 -0.3654358652993622
vn 0.8753069312807163 0.32183258488592653 -0.3609176683920841
vn 0.8753069312807163 0.32183258488592653 -0.3609176683920841
vn 0.7673621279304154 -0.5800260776713568 -0.27335894687989654
vn 0.7769869204478951 -0.5644295930811524 -0.27876613837972
vn 0.7769550843811501 -0.5645105407909745 -0.27869095103745545
vn 0.6401481544767605 -0.7343170342706498 -0.2258070714126436
vn 0.6401481544767605 -0.7343170342706498 -0.2258070714126436
vn 0.6375177439196793 -0.7354516249088405 0.22952567090961346
vn 0.7743661182837529 -0.5657048144585581 0.283434609306205
vn 0.63756594104298 -0.7354044270071152 0.2295430233318276
vn 0.8724905706331438 0.3228624587376027 0.36676973279451597
vn 0.7744118057204922 -0.5656338900840573 0.28345133188803895
vn 0.7647569705298851 -0.5812505947364682 0.27801892407613965
vn 0.7744118057204922 -0.5656338900840573 0.28345133188803895
vn 0.8724905706331438 0.3228624587376027 0.36676973279451597
vn 0.8797716666126122 0.29686948267775654 0.37130893455491726
vn 0.9264616194793116 -0.2292742383854436 0.29849990158213785
vn 0.7836572515365938 0.5286778702442632 0.3261610363426347
vn 0.806849508020839 0.4933375171466115 0.324979946430771
vn 0.9264616194793116 -0.2292742383854436 0.29849990158213785
vn 0.806849508020839 0.4933375171466115 0.324979946430771
vn 0.9315596349660339 -0.19757915787965594 0.30521979436713415
vn 0.9315596349660339 -0.19757915787965594 0.30521979436713415
vn 0.7981761320231665 -0.5502871695591607 0.2451507562442027
vn 0.9264616194793116 -0.2292742383854436 0.29849990158213785
vn 0.9315596349660339 -0.19757915787965594 0.30521979436713415
vn 0.7982334580117579 -0.5502241549760111 0.24510554010777832
vn 0.7981761320231665 -0.5502871695591607 0.2451507562442027
vn 0.28906088889957093 0.5989825507415842 -0.7467688440312006
vn 0.8843064747476649 0.4669008569269874 0.0023766615666924932
vn 0.8843064747476649 0.4669008569269874 0.0023766615666924932
vn 0.8843064747476649 0.4669008569269874 0.0023766615666924932
vn 0.2781366508617899 0.6001712643105199 0.7499563033559347
vn 0.8843064747476649 0.4669008569269874 0.0023766615666924932
vn 0.9013779554331787 -0.4330267273351926 0.0023737886332565604
vn 0.9013779554331787 -0.4330267273351926 0.0023737886332565604
vn 0.9013779554331787 -0.4330267273351926 0.0023737886332565604
vn 0.9013779554331787 -0.4330267273351926 0.0023737886332565604
vn 0.9013779554331787 -0.4330267273351926 0.0023737886332565604
vn 0.9013779554331787 -0.4330267273351926 0.0023737886332565604
vn 0.9999964891967484 0 0.0026498290845384585
vn 0.9999964891967484 0 0.0026498290845384585
vn 0.9999964891967484 0 0.0026498290845384585
vn 0.9999964891967484 0 0.0026498290845384585
vn 0.9999964891967484 0 0.0026498290845384585
vn 0.9999964891967484 0 0.0026498290845384585
vn 0.8166690789318631 0.5771022416551638 0.002148998177619543
vn 0.8167487230212354 0.5769895193986909 0.0021489409599191583
vn 0.8167149645338495 0.5770373020822247 0.0021491189218445805
vn 0.8167149645338495 0.5770373020822247 0.0021491189218445805
vn 0.8167149645338495 0.5770373020822247 0.0021491189218445805
vn 0.8166690789318631 0.5771022416551638 0.002148998177619543
vn 0.8167149645338495 0.5770373020822247 0.0021491189218445805
vn 0.8167149645338495 0.5770373020822247 0.0021491189218445805
vn 0.8168742761953378 0.5768117532348508 0.002149004532451465
vn 0.8167487230212354 0.5769895193986909 0.0021489409599191583
vn 0.8166690789318631 0.5771022416551638 0.002148998177619543
vn 0.8167148582959508 0.5770372270214837 0.0022088164209613835
vn 0.81674850766162 0.5769893672585804 0.0022683260479059533
vn 0.8167487230212354 0.5769895193986909 0.0021489409599191583
vn 0.8167148582959508 0.5770372270214837 0.0022088164209613835
vn 0.8167487230212354 0.5769895193986909 0.0021489409599191583
vn 0.81674850766162 0.5769893672585804 0.0022683260479059533
vn 0.8168742761953378 0.5768117532348508 0.002149004532451465
vn 0.9348649977451683 0.2776561330505172 -0.2212114548805287
vn 0.9348649977451683 0.2776561330505172 -0.2212114548805287
vn 0.9348649977451683 0.2776561330505172 -0.2212114548805287
vn 0.9348649977451683 0.2776561330505172 -0.2212114548805287
vn 0.9348649977451683 0.2776561330505172 -0.2212114548805287
vn 0.9348388562856143 0.2777490623988251 -0.22120526918493139
vn 0.9333768303931882 0.2782436409811641 0.22668958674520243
vn 0.9334034420525074 0.278220258880374 0.2266086977877705
vn 0.9333637028253471 0.27834063545814786 0.2266245549381435
vn 0.9334034420525074 0.278220258880374 0.2266086977877705
vn 0.9333768303931882 0.2782436409811641 0.22668958674520243
vn 0.9333637028253471 0.27834063545814786 0.2266245549381435
vn 0.6746392198312902 0.6832525051050933 0.2793348122469568
vn 0.7801788590580668 -0.5346878275731142 0.32469966880795637
vn 0.7552851059726473 -0.569079896641878 0.32510379870736106
vn 0.7801788590580668 -0.5346878275731142 0.32469966880795637
vn 0.6746392198312902 0.6832525051050933 0.2793348122469568
vn 0.7023550389957736 0.6522031009839669 0.28518154614936564
vn 0.8692812868623707 -0.3385830838020223 0.3601548828962525
vn 0.8582956463059422 -0.37144020824968144 0.3540632079554413
vn 0.9426810925794509 0.139136005854047 0.30330435138354916
vn 0.9464876410820157 0.10678544871582135 0.3045620022615461
vn 0.8692812868623707 -0.3385830838020223 0.3601548828962525
vn 0.9426810925794509 0.139136005854047 0.30330435138354916
vn 0.9464876410820157 0.10678544871582135 0.3045620022615461
vn 0.9426810925794509 0.139136005854047 0.30330435138354916
vn 0.9343913678815464 -0.17340492215585898 0.3111968904095497
vn 0.9343913678815464 -0.17340492215585898 0.3111968904095497
vn 0.9343913678815464 -0.17340492215585898 0.3111968904095497
vn 0.9464876410820157 0.10678544871582135 0.3045620022615461
vn 0.6776978805255183 0.6819469983899271 -0.27508884768050706
vn 0.7831600184970557 -0.533329620081718 -0.3197184726774191
vn 0.7052818757737522 0.6508795231901979 -0.28095074656736235
vn 0.7831600184970557 -0.533329620081718 -0.3197184726774191
vn 0.6776978805255183 0.6819469983899271 -0.27508884768050706
vn 0.7583971858965352 -0.5676795724477721 -0.32027115300902614
vn 0.872040333839733 -0.33752726597938465 -0.3544305303965345
vn 0.944606248116256 0.13875009503986746 -0.2974347779701591
vn 0.8610610516950118 -0.3703236787618277 -0.3484741571511246
vn 0.944606248116256 0.13875009503986746 -0.2974347779701591
vn 0.872040333839733 -0.33752726597938465 -0.3544305303965345
vn 0.9484214494397978 0.10647909915076564 -0.2985949692921074
vn 0.9484214494397978 0.10647909915076564 -0.2985949692921074
vn 0.936415310706911 -0.17291434381475168 -0.30533096072424976
vn 0.944606248116256 0.13875009503986746 -0.2974347779701591
vn 0.936415310706911 -0.17291434381475168 -0.30533096072424976
vn 0.9484214494397978 0.10647909915076564 -0.2985949692921074
vn 0.936415310706911 -0.17291434381475168 -0.30533096072424976
vn 0.7210939247688797 -0.6928346549009997 0.001921621613655864
vn 0.7210939247688797 -0.6928346549009997 0.001921621613655864
vn 0.7210939247688797 -0.6928346549009997 0.001921621613655864
vn 0.7210939247688797 -0.6928346549009997 0.001921621613655864
vn 0.7210939247688797 -0.6928346549009997 0.001921621613655864
vn 0.7210939247688797 -0.6928346549009997 0.001921621613655864
vn 0.573119266917108 0.244564873147158 -0.7821267983587517
vn 0.9640569913267918 0.26568282682482625 0.0025986543255028583
vn 0.48774907232326964 0.2311577313392093 -0.8418235834721547
vn 0.9640569913267918 0.26568282682482625 0.0025986543255028583
vn 0.573119266917108 0.244564873147158 -0.7821267983587517
vn 0.9640323083461328 0.2657723759278162 0.002598587791537509
vn 0.9640569913267918 0.26568282682482625 0.0025986543255028583
vn 0.9640323083461328 0.2657723759278162 0.002598587791537509
vn 0.5635933283322081 0.24566246484784973 0.7886776994592295
vn 0.9640569913267918 0.26568282682482625 0.0025986543255028583
vn 0.5635933283322081 0.24566246484784973 0.7886776994592295
vn 0.4767217178740114 0.2321184639195965 0.8478545998075722
vn 0.6302525944049452 0.7763883127841407 0.0016896798605089336
vn 0.6302525944049452 0.7763883127841407 0.0016896798605089336
vn 0.6302525944049452 0.7763883127841407 0.0016896798605089336
vn 0.6302525944049452 0.7763883127841407 0.0016896798605089336
vn 0.6302525944049452 0.7763883127841407 0.0016896798605089336
vn 0.6302525944049452 0.7763883127841407 0.0016896798605089336
vn -0.6302525944049452 0.7763883127841407 -0.0016896798605089336
vn -0.6302525944049452 0.7763883127841407 -0.0016896798605089336
vn -0.6302525944049452 0.7763883127841407 -0.0016896798605089336
vn -0.6302525944049452 0.7763883127841407 -0.0016896798605089336
vn -0.6302525944049452 0.7763883127841407 -0.0016896798605089336
vn -0.6302525944049452 0.7763883127841407 -0.0016896798605089336
vn 0.5663641085489604 0.8241537519354966 0.0015131814779686945
vn 0.5664339311783573 0.8241057651529197 0.001513093372186961
vn 0.5663641085489604 0.8241537519354966 0.0015131814779686945
vn 0.5663641085489604 0.8241537519354966 0.0015131814779686945
vn 0.5664339311783573 0.8241057651529197 0.001513093372186961
vn 0.5663641085489604 0.8241537519354966 0.0015131814779686945
vn -0.5664339311783573 0.8241057651529197 -0.001513093372186961
vn -0.5664339311783573 0.8241057651529197 -0.001513093372186961
vn -0.5663641085489604 0.8241537519354966 -0.0015131814779686945
vn -0.5664339311783573 0.8241057651529197 -0.001513093372186961
vn -0.5664339311783573 0.8241057651529197 -0.001513093372186961
vn -0.5663641085489604 0.8241537519354966 -0.0015131814779686945
vn 0.6975553379425063 0.7165284891325652 0.0018640733138455782
vn 0.6975553379425063 0.7165284891325652 0.0018640733138455782
vn 0.6975553379425063 0.7165284891325652 0.0018640733138455782
vn 0.6975553379425063 0.7165284891325652 0.0018640733138455782
vn 0.6975553379425063 0.7165284891325652 0.0018640733138455782
vn 0.6975553379425063 0.7165284891325652 0.0018640733138455782
vn -0.6975553379425063 0.7165284891325652 -0.0018640733138455782
vn -0.6975553379425063 0.7165284891325652 -0.0018640733138455782
vn -0.6975553379425063 0.7165284891325652 -0.0018640733138455782
vn -0.6975553379425063 0.7165284891325652 -0.0018640733138455782
vn -0.6975553379425063 0.7165284891325652 -0.0018640733138455782
vn -0.6975553379425063 0.7165284891325652 -0.0018640733138455782
vn 0.7210939247688797 0.6928346549009997 0.001921621613655864
vn 0.7210939247688797 0.6928346549009997 0.001921621613655864
vn 0.7210939247688797 0.6928346549009997 0.001921621613655864
vn 0.7210939247688797 0.6928346549009997 0.001921621613655864
vn 0.7210939247688797 0.6928346549009997 0.001921621613655864
vn 0.7210939247688797 0.6928346549009997 0.001921621613655864
vn -0.7210939247688797 0.6928346549009997 -0.001921621613655864
vn -0.7210939247688797 0.6928346549009997 -0.001921621613655864
vn -0.7210939247688797 0.6928346549009997 -0.001921621613655864
vn -0.7210939247688797 0.6928346549009997 -0.001921621613655864
vn -0.7210939247688797 0.6928346549009997 -0.001921621613655864
vn -0.7210939247688797 0.6928346549009997 -0.001921621613655864
vn -0.7994958985248274 0.4964064355631133 0.3382114116547569
vn -0.8381510730460854 0.41399374903159514 0.35512245002880377
vn -0.5434666317925186 0.8050399923934586 0.23781217541420194
vn -0.8381510730460854 0.41399374903159514 0.35512245002880377
vn -0.5434666317925186 0.8050399923934586 0.23781217541420194
vn -0.5434666317925186 0.8050399923934586 0.23781217541420194
vn 0.8381706740333522 0.4140034306826295 -0.35506489628445254
vn 0.5434748305785603 0.80505213729853 -0.2377523180931663
vn 0.7994958985248274 0.4964064355631133 -0.3382114116547569
vn 0.5434748305785603 0.80505213729853 -0.2377523180931663
vn 0.8381706740333522 0.4140034306826295 -0.35506489628445254
vn 0.5434748305785603 0.80505213729853 -0.2377523180931663
vn 0.5405076440889832 0.8060892922430982 0.24098037184052581
vn 0.8351801796737092 0.41524251340531715 0.36062130073114906
vn 0.7964363244562739 0.49776008559535245 0.3434007546216053
vn 0.8351801796737092 0.41524251340531715 0.36062130073114906
vn 0.5405076440889832 0.8060892922430982 0.24098037184052581
vn 0.5405076440889832 0.8060892922430982 0.24098037184052581
vn -0.5405076440889832 0.8060892922430982 -0.24098037184052581
vn -0.8351801796737092 0.41524251340531715 -0.36062130073114906
vn -0.7964363244562739 0.49776008559535245 -0.3434007546216053
vn -0.8351801796737092 0.41524251340531715 -0.36062130073114906
vn -0.5405076440889832 0.8060892922430982 -0.24098037184052581
vn -0.5405076440889832 0.8060892922430982 -0.24098037184052581
vn -0.6521501826426488 0.7580877810162437 -0.0017480140237980514
vn -0.6521501826426488 0.7580877810162437 -0.0017480140237980514
vn -0.6521501826426488 0.7580877810162437 -0.0017480140237980514
vn -0.6521501826426488 0.7580877810162437 -0.0017480140237980514
vn -0.6521501826426488 0.7580877810162437 -0.0017480140237980514
vn -0.6521501826426488 0.7580877810162437 -0.0017480140237980514
vn 0.6521501826426488 0.7580877810162437 0.0017480140237980514
vn 0.6521501826426488 0.7580877810162437 0.0017480140237980514
vn 0.6521501826426488 0.7580877810162437 0.0017480140237980514
vn 0.6521501826426488 0.7580877810162437 0.0017480140237980514
vn 0.6521501826426488 0.7580877810162437 0.0017480140237980514
vn 0.6521501826426488 0.7580877810162437 0.0017480140237980514
vn 0.7865946618519769 0.5274159306106491 -0.32109387114063237
vn 0.8096868314891766 0.49204214942909497 -0.3198464601933468
vn 0.8825528262373734 0.29591494926199047 -0.3654242078785941
vn 0.8096868314891766 0.49204214942909497 -0.3198464601933468
vn 0.8752860936924031 0.32182492332782614 -0.3609750308729579
vn 0.8825528262373734 0.29591494926199047 -0.3654242078785941
vn 0.806849508020839 0.4933375171466115 0.324979946430771
vn 0.8797716666126122 0.29686948267775654 0.37130893455491726
vn 0.8725173952478591 0.32283080843935885 0.3667337782537646
vn 0.8797716666126122 0.29686948267775654 0.37130893455491726
vn 0.806849508020839 0.4933375171466115 0.324979946430771
vn 0.7836132080430593 0.5287544571672356 0.3261427052782987
vn -0.7836132080430593 0.5287544571672356 -0.3261427052782987
vn -0.8797716666126122 0.29686948267775654 -0.37130893455491726
vn -0.806849508020839 0.4933375171466115 -0.324979946430771
vn -0.806849508020839 0.4933375171466115 -0.324979946430771
vn -0.8797716666126122 0.29686948267775654 -0.37130893455491726
vn -0.8725173952478591 0.32283080843935885 -0.3667337782537646
vn -0.8825528262373734 0.29591494926199047 0.3654242078785941
vn -0.8096868314891766 0.49204214942909497 0.3198464601933468
vn -0.8752860936924031 0.32182492332782614 0.3609750308729579
vn -0.8096868314891766 0.49204214942909497 0.3198464601933468
vn -0.8825528262373734 0.29591494926199047 0.3654242078785941
vn -0.7865782478415702 0.5274049249288238 0.32115215269916364
vn -0.43904372124206187 0.8984649547895345 -0.0011557910549287857
vn -0.4391270960641717 0.898424208139144 -0.0011557386381775383
vn -0.43904372124206187 0.8984649547895345 -0.0011557910549287857
vn -0.4391270960641717 0.898424208139144 -0.0011557386381775383
vn -0.4391270960641717 0.898424208139144 -0.0011557386381775383
vn -0.43904372124206187 0.8984649547895345 -0.0011557910549287857
vn 0.43904372124206187 0.8984649547895345 0.0011557910549287857
vn 0.43904372124206187 0.8984649547895345 0.0011557910549287857
vn 0.43904372124206187 0.8984649547895345 0.0011557910549287857
vn 0.43904372124206187 0.8984649547895345 0.0011557910549287857
vn 0.43904372124206187 0.8984649547895345 0.0011557910549287857
vn 0.4391270960641717 0.898424208139144 0.0011557386381775383
vn -0.3941087099258235 0.8990449724250678 0.19077856881162633
vn -0.6776376808656115 0.6819908622588268 0.27512840141747885
vn -0.7052945686007143 0.6508912369481219 0.280891739227903
vn -0.6776376808656115 0.6819908622588268 0.27512840141747885
vn -0.3941087099258235 0.8990449724250678 0.19077856881162633
vn -0.3941087099258235 0.8990449724250678 0.19077856881162633
vn -0.6746624071309545 0.6832703301078932 -0.2792351919055276
vn -0.3914231392960605 0.8997310483834774 -0.19305948979106288
vn -0.7023550389957736 0.6522031009839669 -0.28518154614936564
vn -0.6746624071309545 0.6832703301078932 -0.2792351919055276
vn -0.3914231392960605 0.8997310483834774 -0.19305948979106288
vn -0.3914231392960605 0.8997310483834774 -0.19305948979106288
vn 0.6746624071309545 0.6832703301078932 0.2792351919055276
vn 0.3914231392960605 0.8997310483834774 0.19305948979106288
vn 0.7023550389957736 0.6522031009839669 0.28518154614936564
vn 0.3914231392960605 0.8997310483834774 0.19305948979106288
vn 0.6746624071309545 0.6832703301078932 0.2792351919055276
vn 0.3914231392960605 0.8997310483834774 0.19305948979106288
vn 0.3941087099258235 0.8990449724250678 -0.19077856881162633
vn 0.6776859489620051 0.6819349920163531 -0.2751479987990519
vn 0.7052945686007143 0.6508912369481219 -0.280891739227903
vn 0.6776859489620051 0.6819349920163531 -0.2751479987990519
vn 0.3941087099258235 0.8990449724250678 -0.19077856881162633
vn 0.3941087099258235 0.8990449724250678 -0.19077856881162633
vn 0.2721689014863313 0.7583831305576104 0.5922660857666612
vn 0.5988782805144296 0.8008385205086466 0.0015713680670369917
vn 0.4519990086871368 0.785607267722546 0.4225140436096313
vn 0.5988782805144296 0.8008385205086466 0.0015713680670369917
vn 0.2721689014863313 0.7583831305576104 0.5922660857666612
vn 0.5988782805144296 0.8008385205086466 0.0015713680670369917
vn 0.5988782805144296 0.8008385205086466 0.0015713680670369917
vn 0.2808517926636347 0.7571218729283069 -0.5898209390070478
vn 0.5988782805144296 0.8008385205086466 0.0015713680670369917
vn 0.45761050826772004 0.7841208088521817 -0.41922211278504773
vn 0.5988782805144296 0.8008385205086466 0.0015713680670369917
vn 0.2808517926636347 0.7571218729283069 -0.5898209390070478
vn -0.5988782805144296 0.8008385205086466 -0.0015713680670369917
vn -0.2808517926636347 0.7571218729283069 0.5898209390070478
vn -0.45759722333884933 0.7840980449755149 0.41927918748508236
vn -0.5988782805144296 0.8008385205086466 -0.0015713680670369917
vn -0.2808517926636347 0.7571218729283069 0.5898209390070478
vn -0.5988782805144296 0.8008385205086466 -0.0015713680670369917
vn -0.5988782805144296 0.8008385205086466 -0.0015713680670369917
vn -0.2721689014863313 0.7583831305576104 -0.5922660857666612
vn -0.5988782805144296 0.8008385205086466 -0.0015713680670369917
vn -0.2721689014863313 0.7583831305576104 -0.5922660857666612
vn -0.5988782805144296 0.8008385205086466 -0.0015713680670369917
vn -0.4520122499011528 0.785630281918959 -0.42245708192813514
vn -0.3774357743961646 0.9071733283797538 0.18595372672352295
vn -0.3774357743961646 0.9071733283797538 0.18595372672352295
vn -0.3774357743961646 0.9071733283797538 0.18595372672352295
vn -0.3774357743961646 0.9071733283797538 0.18595372672352295
vn -0.3774357743961646 0.9071733283797538 0.18595372672352295
vn -0.3774357743961646 0.9071733283797538 0.18595372672352295
vn -0.3748257307941469 0.9078142880686836 -0.18809276943301895
vn -0.3748257307941469 0.9078142880686836 -0.18809276943301895
vn -0.3748257307941469 0.9078142880686836 -0.18809276943301895
vn -0.3748257307941469 0.9078142880686836 -0.18809276943301895
vn -0.3748257307941469 0.9078142880686836 -0.18809276943301895
vn -0.3748257307941469 0.9078142880686836 -0.18809276943301895
vn 0.3774357743961646 0.9071733283797538 -0.18595372672352295
vn 0.3774357743961646 0.9071733283797538 -0.18595372672352295
vn 0.3774357743961646 0.9071733283797538 -0.18595372672352295
vn 0.3774357743961646 0.9071733283797538 -0.18595372672352295
vn 0.3774357743961646 0.9071733283797538 -0.18595372672352295
vn 0.3774357743961646 0.9071733283797538 -0.18595372672352295
vn 0.3748257307941469 0.9078142880686836 0.18809276943301895
vn 0.3748257307941469 0.9078142880686836 0.18809276943301895
vn 0.3748257307941469 0.9078142880686836 0.18809276943301895
vn 0.3748257307941469 0.9078142880686836 0.18809276943301895
vn 0.3748257307941469 0.9078142880686836 0.18809276943301895
vn 0.3748257307941469 0.9078142880686836 0.18809276943301895
vn 0 1 0
vn 0 1 0
vn 0 1 0
vn 0 1 0
vn 0 1 0
vn 0 1 0
vn 0 1 0
vn 0 1 0
vn 0 1 0
vn 0 1 0
vn 0 1 0
vn 0 1 0
vn 0 1 0
vn 0 1 0
vn 0 1 0
vn 0 1 0
vn 0 1 0
vn 0 1 0
vn -0.5415089516580966 -0.6827233401663308 0.49056793216258804
vn -0.005337073411786021 -0.7114309039186679 0.7027357857665029
vn -0.3031086781622992 -0.6956944700308585 0.6512559662614897
vn -0.005337073411786021 -0.7114309039186679 0.7027357857665029
vn 0.5353787560872902 -0.6845689302190365 0.4947069509408471
vn 0.2936460861216914 -0.6970551500045346 0.6541300283258428
vn -0.005337073411786021 -0.7114309039186679 0.7027357857665029
vn -0.5415089516580966 -0.6827233401663308 0.49056793216258804
vn -0.005336763183449928 -0.7113895505385399 0.7027776507141485
vn 0.5353787560872902 -0.6845689302190365 0.4947069509408471
vn -0.005337073411786021 -0.7114309039186679 0.7027357857665029
vn -0.005336763183449928 -0.7113895505385399 0.7027776507141485
vn -0.38349184488800686 -0.1687956875834834 0.9079878968122934
vn -0.3835146807897133 -0.16895934091169834 0.9079478127830085
vn -0.38349184488800686 -0.1687956875834834 0.9079878968122934
vn -0.38349184488800686 -0.1687956875834834 0.9079878968122934
vn -0.38349184488800686 -0.1687956875834834 0.9079878968122934
vn -0.38349184488800686 -0.1687956875834834 0.9079878968122934
vn 0.37072402348848105 -0.1693894066959965 0.9131653340483805
vn 0.37086238349699263 -0.169379331573589 0.9131110198341786
vn 0.3708526979575557 -0.1695290279262721 0.9130871727869007
vn 0.37086238349699263 -0.169379331573589 0.9131110198341786
vn 0.37072402348848105 -0.1693894066959965 0.9131653340483805
vn 0.37072402348848105 -0.1693894066959965 0.9131653340483805
vn 0.2782468246513559 0.6002359966778756 0.7498636228432171
vn 0.8843464961876247 0.4668250482238311 0.002376769128291229
vn 0.6431437040940489 0.4742586843473916 0.6012028577820199
vn -0.28919307252293097 0.5989575712461623 0.746737701372875
vn -0.6498545945948856 0.47240802220620787 0.5954155409788496
vn -0.8843064747476649 0.4669008569269874 -0.0023766615666924932
vn 0.6431437040940489 0.4742586843473916 0.6012028577820199
vn -0.006053156335668734 0.6254259465180608 0.7802600494196558
vn 0.2782468246513559 0.6002359966778756 0.7498636228432171
vn -0.28919307252293097 0.5989575712461623 0.746737701372875
vn -0.006053156335668734 0.6254259465180608 0.7802600494196558
vn -0.6498545945948856 0.47240802220620787 0.5954155409788496
vn -0.006052745679597871 0.6253835165943036 0.7802940608782567
vn 0.2782468246513559 0.6002359966778756 0.7498636228432171
vn -0.006053156335668734 0.6254259465180608 0.7802600494196558
vn -0.006053156335668734 0.6254259465180608 0.7802600494196558
vn -0.28919307252293097 0.5989575712461623 0.746737701372875
vn -0.006052745679597871 0.6253835165943036 0.7802940608782567
vn -0.007641751693049489 0 0.9999708013892515
vn -0.007641751693049489 0 0.9999708013892515
vn -0.007641751693049489 0 0.9999708013892515
vn -0.007641751693049489 0 0.9999708013892515
vn -0.007641751693049489 0 0.9999708013892515
vn -0.007641751693049489 0 0.9999708013892515
vn -0.007641751693049489 0 0.9999708013892515
vn -0.007641751693049489 0 0.9999708013892515
vn -0.007641751693049489 0 0.9999708013892515
vn -0.007641751693049489 0 0.9999708013892515
vn -0.007641751693049489 0 0.9999708013892515
vn -0.007641751693049489 0 0.9999708013892515
vn -0.007641751693049489 0 0.9999708013892515
vn -0.007641751693049489 0 0.9999708013892515
vn -0.007641751693049489 0 0.9999708013892515
vn -0.007641751693049489 0 0.9999708013892515
vn -0.007641751693049489 0 0.9999708013892515
vn -0.007641751693049489 0 0.9999708013892515
vn -0.007641751693049489 0 0.9999708013892515
vn -0.007641751693049489 0 0.9999708013892515
vn -0.007641751693049489 0 0.9999708013892515
vn -0.007641751693049489 0 0.9999708013892515
vn -0.007641751693049489 0 0.9999708013892515
vn -0.007641751693049489 0 0.9999708013892515
vn -0.007641751693049489 0 0.9999708013892515
vn -0.007641751693049489 0 0.9999708013892515
vn -0.007641751693049489 0 0.9999708013892515
vn -0.007641751693049489 0 0.9999708013892515
vn -0.007641751693049489 0 0.9999708013892515
vn -0.007641751693049489 0 0.9999708013892515
vn -0.007641751693049489 0 0.9999708013892515
vn -0.007641751693049489 0 0.9999708013892515
vn -0.007641751693049489 0 0.9999708013892515
vn -0.007641751693049489 0 0.9999708013892515
vn -0.007641751693049489 0 0.9999708013892515
vn -0.007641751693049489 0 0.9999708013892515
vn -0.007641751693049489 0 0.9999708013892515
vn -0.007641751693049489 0 0.9999708013892515
vn -0.007641751693049489 0 0.9999708013892515
vn -0.007641751693049489 0 0.9999708013892515
vn -0.007641751693049489 0 0.9999708013892515
vn -0.007641751693049489 0 0.9999708013892515
vn -0.007641751693049489 0 0.9999708013892515
vn -0.007641751693049489 0 0.9999708013892515
vn -0.007641751693049489 0 0.9999708013892515
vn -0.007641751693049489 0 0.9999708013892515
vn -0.007641751693049489 0 0.9999708013892515
vn -0.007641751693049489 0 0.9999708013892515
vn -0.007641751693049489 0 0.9999708013892515
vn -0.007641751693049489 0 0.9999708013892515
vn -0.007641751693049489 0 0.9999708013892515
vn -0.007641751693049489 0 0.9999708013892515
vn -0.007641751693049489 0 0.9999708013892515
vn -0.007641751693049489 0 0.9999708013892515
vn -0.007641751693049489 0 0.9999708013892515
vn -0.007641751693049489 0 0.9999708013892515
vn -0.007641751693049489 0 0.9999708013892515
vn -0.007641751693049489 0 0.9999708013892515
vn -0.007641751693049489 0 0.9999708013892515
vn -0.007641751693049489 0 0.9999708013892515
vn -0.007641751693049489 0 0.9999708013892515
vn -0.007641751693049489 0 0.9999708013892515
vn -0.007641751693049489 0 0.9999708013892515
vn -0.007641751693049489 0 0.9999708013892515
vn -0.007641751693049489 0 0.9999708013892515
vn -0.007641751693049489 0 0.9999708013892515
vn -0.007641751693049489 0 0.9999708013892515
vn -0.007641751693049489 0 0.9999708013892515
vn -0.007641751693049489 0 0.9999708013892515
vn -0.007641751693049489 0 0.9999708013892515
vn -0.007641751693049489 0 0.9999708013892515
vn -0.007641751693049489 0 0.9999708013892515
vn 0.2671802117746203 0.037582791319649374 0.9629134271743709
vn 0.2671786093233522 0.03774181379564974 0.9629076519643274
vn 0.2671786093233522 0.03774181379564974 0.9629076519643274
vn 0.2671786093233522 0.03774181379564974 0.9629076519643274
vn 0.2671802117746203 0.037582791319649374 0.9629134271743709
vn 0.2671786093233522 0.03774181379564974 0.9629076519643274
vn -0.2811880410904957 0.037642516443677325 0.9589141392760236
vn -0.28118971870330745 0.037483911168665326 0.9589198603110973
vn -0.2811880410904957 0.037642516443677325 0.9589141392760236
vn -0.28118971870330745 0.037483911168665326 0.9589198603110973
vn -0.2811880410904957 0.037642516443677325 0.9589141392760236
vn -0.2811880410904957 0.037642516443677325 0.9589141392760236
vn -0.007641751693049489 0 0.9999708013892515
vn -0.007641751693049489 0 0.9999708013892515
vn -0.007641751693049489 0 0.9999708013892515
vn -0.007641751693049489 0 0.9999708013892515
vn -0.007641751693049489 0 0.9999708013892515
vn -0.007641751693049489 0 0.9999708013892515
vn -0.007641751693049489 0 0.9999708013892515
vn -0.007641751693049489 0 0.9999708013892515
vn -0.007641751693049489 0 0.9999708013892515
vn -0.007641751693049489 0 0.9999708013892515
vn -0.007641751693049489 0 0.9999708013892515
vn -0.007641751693049489 0 0.9999708013892515
vn -0.007641751693049489 0 0.9999708013892515
vn -0.007641751693049489 0 0.9999708013892515
vn -0.007641751693049489 0 0.9999708013892515
vn -0.007641751693049489 0 0.9999708013892515
vn -0.007641751693049489 0 0.9999708013892515
vn -0.007641751693049489 0 0.9999708013892515
vn -0.007641751693049489 0 0.9999708013892515
vn -0.007641751693049489 0 0.9999708013892515
vn -0.007641751693049489 0 0.9999708013892515
vn -0.007641751693049489 0 0.9999708013892515
vn -0.007641751693049489 0 0.9999708013892515
vn -0.007641751693049489 0 0.9999708013892515
vn -0.007641751693049489 0 0.9999708013892515
vn -0.007641751693049489 0 0.9999708013892515
vn -0.007641751693049489 0 0.9999708013892515
vn -0.007641751693049489 0 0.9999708013892515
vn -0.007641751693049489 0 0.9999708013892515
vn -0.007641751693049489 0 0.9999708013892515
vn -0.007641751693049489 0 0.9999708013892515
vn -0.007641751693049489 0 0.9999708013892515
vn -0.007641751693049489 0 0.9999708013892515
vn -0.007641751693049489 0 0.9999708013892515
vn -0.007641751693049489 0 0.9999708013892515
vn -0.007641751693049489 0 0.9999708013892515
vn -0.007641751693049489 0 0.9999708013892515
vn -0.007641751693049489 0 0.9999708013892515
vn -0.007641751693049489 0 0.9999708013892515
vn -0.007641751693049489 0 0.9999708013892515
vn -0.007641751693049489 0 0.9999708013892515
vn -0.007641751693049489 0 0.9999708013892515
vn -0.007641751693049489 0 0.9999708013892515
vn -0.007641751693049489 0 0.9999708013892515
vn -0.007641751693049489 0 0.9999708013892515
vn -0.007641751693049489 0 0.9999708013892515
vn -0.007641751693049489 0 0.9999708013892515
vn -0.007641751693049489 0 0.9999708013892515
vn -0.007641751693049489 0 0.9999708013892515
vn -0.007641751693049489 0 0.9999708013892515
vn -0.007641751693049489 0 0.9999708013892515
vn -0.007641751693049489 0 0.9999708013892515
vn -0.007641751693049489 0 0.9999708013892515
vn -0.007641751693049489 0 0.9999708013892515
vn -0.007622397119371021 0.08967439431157649 0.9959419672184753
vn -0.007622397119371021 0.08967439431157649 0.9959419672184753
vn 0.2782968493719188 0.08722705110307254 0.9565261654474096
vn -0.007622397119371021 0.08967439431157649 0.9959419672184753
vn -0.29216574060672457 0.0871405547974206 0.952389470608176
vn -0.007622397119371021 0.08967439431157649 0.9959419672184753
vn -0.007622397119371021 0.08967439431157649 0.9959419672184753
vn 0.2782968493719188 0.08722705110307254 0.9565261654474096
vn 0.2782929959997584 0.0873844384620274 0.9565129211318344
vn -0.29216574060672457 0.0871405547974206 0.952389470608176
vn -0.007622397119371021 0.08967439431157649 0.9959419672184753
vn -0.29216574060672457 0.0871405547974206 0.952389470608176
vn 0.2782929959997584 0.0873844384620274 0.9565129211318344
vn 0.2782929959997584 0.0873844384620274 0.9565129211318344
vn -0.007622397119371021 0.08967439431157649 0.9959419672184753
vn 0.2782929959997584 0.0873844384620274 0.9565129211318344
vn 0.2782929959997584 0.0873844384620274 0.9565129211318344
vn 0.2782929959997584 0.0873844384620274 0.9565129211318344
vn -0.29216574060672457 0.0871405547974206 0.952389470608176
vn -0.29216574060672457 0.0871405547974206 0.952389470608176
vn -0.007622397119371021 0.08967439431157649 0.9959419672184753
vn -0.29216574060672457 0.0871405547974206 0.952389470608176
vn -0.29216574060672457 0.0871405547974206 0.952389470608176
vn -0.29216574060672457 0.0871405547974206 0.952389470608176
vn -0.615113464016114 -0.42158795064522653 0.6662574774491127
vn -0.9013778268674535 -0.4330266655715396 -0.002433132898414767
vn -0.9013778268674535 -0.4330266655715396 -0.002433132898414767
vn -0.615113464016114 -0.42158795064522653 0.6662574774491127
vn -0.49324807789315 -0.4356383826232682 0.7529445751448748
vn -0.9013778268674535 -0.4330266655715396 -0.002433132898414767
vn -0.615113464016114 -0.42158795064522653 0.6662574774491127
vn -0.006740484127834291 -0.48662828089819765 0.8735831283305482
vn -0.49324807789315 -0.4356383826232682 0.7529445751448748
vn -0.006740484127834291 -0.48662828089819765 0.8735831283305482
vn -0.615113464016114 -0.42158795064522653 0.6662574774491127
vn -0.006740039068804142 -0.4868973596971698 0.8734331874810323
vn 0.9013779554331787 -0.4330267273351926 0.0023737886332565604
vn 0.6072760745782269 -0.42333276050030577 0.6723132775217595
vn 0.9013779554331787 -0.4330267273351926 0.0023737886332565604
vn -0.006740039068804142 -0.4868973596971698 0.8734331874810323
vn 0.6072760745782269 -0.42333276050030577 0.6723132775217595
vn -0.006740484127834291 -0.48662828089819765 0.8735831283305482
vn 0.6072760745782269 -0.42333276050030577 0.6723132775217595
vn 0.9013779554331787 -0.4330267273351926 0.0023737886332565604
vn 0.4834952038082383 -0.43726192318186496 0.7583102257188196
vn 0.4834952038082383 -0.43726192318186496 0.7583102257188196
vn -0.006740484127834291 -0.48662828089819765 0.8735831283305482
vn 0.6072760745782269 -0.42333276050030577 0.6723132775217595
vn 0.4519990086871368 0.785607267722546 0.4225140436096313
vn -0.0050211087069472644 0.7608105856809028 0.6489545755931111
vn 0.2721564909477381 0.7583485492992122 0.592316066142726
vn -0.0050211087069472644 0.7608105856809028 0.6489545755931111
vn 0.4519990086871368 0.785607267722546 0.4225140436096313
vn -0.0050211087069472644 0.7608105856809028 0.6489545755931111
vn -0.45759722333884933 0.7840980449755149 0.41927918748508236
vn -0.0050211087069472644 0.7608105856809028 0.6489545755931111
vn -0.0050211087069472644 0.7608105856809028 0.6489545755931111
vn -0.2808517926636347 0.7571218729283069 0.5898209390070478
vn -0.0050211087069472644 0.7608105856809028 0.6489545755931111
vn -0.45759722333884933 0.7840980449755149 0.41927918748508236
vn 0.56349265499514 0.24568288914308517 0.7887432698596133
vn -0.007504514474575532 0.23890516015584326 0.9710139065499588
vn 0.4767217178740114 0.2321184639195965 0.8478545998075722
vn -0.007504514474575532 0.23890516015584326 0.9710139065499588
vn 0.56349265499514 0.24568288914308517 0.7887432698596133
vn -0.007504514474575532 0.23890516015584326 0.9710139065499588
vn -0.5730206336491886 0.24458545756826378 0.782192628038903
vn -0.007504514474575532 0.23890516015584326 0.9710139065499588
vn -0.007504514474575532 0.23890516015584326 0.9710139065499588
vn -0.007504514474575532 0.23890516015584326 0.9710139065499588
vn -0.5730206336491886 0.24458545756826378 0.782192628038903
vn -0.48774907232326964 0.2311577313392093 0.8418235834721547
vn -0.5354661385457571 -0.6845240311154572 -0.49467450439287913
vn -0.7399378794300012 -0.6726722949845435 -0.0019794304383062146
vn -0.2936460861216914 -0.6970551500045346 -0.6541300283258428
vn -0.7399378794300012 -0.6726722949845435 -0.0019794304383062146
vn -0.5354661385457571 -0.6845240311154572 -0.49467450439287913
vn -0.7399378794300012 -0.6726722949845435 -0.0019794304383062146
vn -0.7399378794300012 -0.6726722949845435 -0.0019794304383062146
vn -0.5415709901212 -0.6827648885009474 0.4904416068090387
vn -0.7399378794300012 -0.6726722949845435 -0.0019794304383062146
vn -0.30313616127872006 -0.6956272115294445 0.6513150161826239
vn -0.7399378794300012 -0.6726722949845435 -0.0019794304383062146
vn -0.5415709901212 -0.6827648885009474 0.4904416068090387
vn -0.7695379448804105 -0.5960767930040918 -0.22913709483885736
vn -0.7695379448804105 -0.5960767930040918 -0.22913709483885736
vn -0.7695379448804105 -0.5960767930040918 -0.22913709483885736
vn -0.7695379448804105 -0.5960767930040918 -0.22913709483885736
vn -0.7695379448804105 -0.5960767930040918 -0.22913709483885736
vn -0.7695379448804105 -0.5960767930040918 -0.22913709483885736
vn -0.7716817049225145 -0.5950266793854646 0.2246121036529169
vn -0.7716708784399817 -0.5950183313244573 0.22467140618139547
vn -0.7716279693336261 -0.5950670323073912 0.2246897950574051
vn -0.7716817049225145 -0.5950266793854646 0.2246121036529169
vn -0.7716279693336261 -0.5950670323073912 0.2246897950574051
vn -0.7716817049225145 -0.5950266793854646 0.2246121036529169
vn -0.8229945695574055 -0.4960155363783854 0.27685470223617914
vn -0.9281578821152455 -0.13418291078457495 0.34715686990281613
vn -0.8229945695574055 -0.4960155363783854 0.27685470223617914
vn -0.9281578821152455 -0.13418291078457495 0.34715686990281613
vn -0.8229945695574055 -0.4960155363783854 0.27685470223617914
vn -0.9237998583930288 -0.17526875381500695 0.34040370968770917
vn -0.9238196647225779 0.05954972104203042 0.3781680285212914
vn -0.9281578821152455 -0.13418291078457495 0.34715686990281613
vn -0.9237998583930288 -0.17526875381500695 0.34040370968770917
vn -0.9238196647225779 0.05954972104203042 0.3781680285212914
vn -0.9237998583930288 -0.17526875381500695 0.34040370968770917
vn -0.9238196647225779 0.05954972104203042 0.3781680285212914
vn -0.8382039390547439 0.4139646236779289 0.3550316139392401
vn -0.9238196647225779 0.05954972104203042 0.3781680285212914
vn -0.9238196647225779 0.05954972104203042 0.3781680285212914
vn -0.9238196647225779 0.05954972104203042 0.3781680285212914
vn -0.8382039390547439 0.4139646236779289 0.3550316139392401
vn -0.7994535075725913 0.49648691826529256 0.33819347897514757
vn -0.8351801796737092 0.41524251340531715 -0.36062130073114906
vn -0.9212149239983191 0.05976088457426045 -0.384436861497013
vn -0.9212149239983191 0.05976088457426045 -0.384436861497013
vn -0.9214439268393633 -0.17593770264961753 -0.3463914180190222
vn -0.9212149239983191 0.05976088457426045 -0.384436861497013
vn -0.9212149239983191 0.05976088457426045 -0.384436861497013
vn -0.8351801796737092 0.41524251340531715 -0.36062130073114906
vn -0.9212149239983191 0.05976088457426045 -0.384436861497013
vn -0.7963938651265957 0.49784064361179126 -0.34338244736287726
vn -0.9212149239983191 0.05976088457426045 -0.384436861497013
vn -0.9214439268393633 -0.17593770264961753 -0.3463914180190222
vn -0.9258007666640532 -0.13462993058144299 -0.35322474748506383
vn -0.9214439268393633 -0.17593770264961753 -0.3463914180190222
vn -0.8206185996634863 -0.4971262217094181 -0.28186988767028215
vn -0.9258007666640532 -0.13462993058144299 -0.35322474748506383
vn -0.8206185996634863 -0.4971262217094181 -0.28186988767028215
vn -0.9258007666640532 -0.13462993058144299 -0.35322474748506383
vn -0.8206185996634863 -0.4971262217094181 -0.28186988767028215
vn -0.7210939247688797 0.6928346549009997 -0.001921621613655864
vn -0.7210939247688797 0.6928346549009997 -0.001921621613655864
vn -0.7210939247688797 0.6928346549009997 -0.001921621613655864
vn -0.7210939247688797 0.6928346549009997 -0.001921621613655864
vn -0.7210939247688797 0.6928346549009997 -0.001921621613655864
vn -0.7210939247688797 0.6928346549009997 -0.001921621613655864
vn -0.7982334580117579 -0.5502241549760111 -0.24510554010777832
vn -0.9315596349660339 -0.19757915787965594 -0.30521979436713415
vn -0.7982334580117579 -0.5502241549760111 -0.24510554010777832
vn -0.9264837122761639 -0.2291756750932606 -0.29850701973743693
vn -0.806849508020839 0.4933375171466115 -0.324979946430771
vn -0.9315596349660339 -0.19757915787965594 -0.30521979436713415
vn -0.806849508020839 0.4933375171466115 -0.324979946430771
vn -0.9264837122761639 -0.2291756750932606 -0.29850701973743693
vn -0.7836572515365938 0.5286778702442632 -0.3261610363426347
vn -0.7744118057204922 -0.5656338900840573 -0.28345133188803895
vn -0.8724905706331438 0.3228624587376027 -0.36676973279451597
vn -0.8797744715627211 0.2968002414379605 -0.3713576387647133
vn -0.8724905706331438 0.3228624587376027 -0.36676973279451597
vn -0.7744118057204922 -0.5656338900840573 -0.28345133188803895
vn -0.7647569705298851 -0.5812505947364682 -0.27801892407613965
vn -0.6375177439196793 -0.7354516249088405 -0.22952567090961346
vn -0.7743661182837529 -0.5657048144585581 -0.283434609306205
vn -0.63756594104298 -0.7354044270071152 -0.2295430233318276
vn -0.7769979848152062 -0.564463062931563 0.27866751188293754
vn -0.6401481544767605 -0.7343170342706498 0.2258070714126436
vn -0.6401481544767605 -0.7343170342706498 0.2258070714126436
vn -0.7769869204478951 -0.5644295930811524 0.27876613837972
vn -0.8753069312807163 0.32183258488592653 0.3609176683920841
vn -0.7673621279304154 -0.5800260776713568 0.27335894687989654
vn -0.8753069312807163 0.32183258488592653 0.3609176683920841
vn -0.7769869204478951 -0.5644295930811524 0.27876613837972
vn -0.8825809806109033 0.2958165665016119 0.3654358652993622
vn -0.928480070432845 -0.22854772840356874 0.2927297297006027
vn -0.8096868314891766 0.49204214942909497 0.3198464601933468
vn -0.786638649346572 0.5273393876881552 0.32111182716754977
vn -0.8096868314891766 0.49204214942909497 0.3198464601933468
vn -0.928480070432845 -0.22854772840356874 0.2927297297006027
vn -0.9335710391278849 -0.1970183789079261 0.2993808164765642
vn -0.8003967455538022 -0.5491460910591909 0.24042383488600472
vn -0.9335710391278849 -0.1970183789079261 0.2993808164765642
vn -0.8003967455538022 -0.5491460910591909 0.24042383488600472
vn -0.8843064747476649 0.4669008569269874 -0.0023766615666924932
vn -0.2782468246513559 0.6002359966778756 -0.7498636228432171
vn -0.8843064747476649 0.4669008569269874 -0.0023766615666924932
vn -0.8843064747476649 0.4669008569269874 -0.0023766615666924932
vn -0.28906088889957093 0.5989825507415842 0.7467688440312006
vn -0.8843064747476649 0.4669008569269874 -0.0023766615666924932
vn -0.9013779554331787 -0.4330267273351926 -0.0023737886332565604
vn -0.9013779554331787 -0.4330267273351926 -0.0023737886332565604
vn -0.9013779554331787 -0.4330267273351926 -0.0023737886332565604
vn -0.9013779554331787 -0.4330267273351926 -0.0023737886332565604
vn -0.9013779554331787 -0.4330267273351926 -0.0023737886332565604
vn -0.9013779554331787 -0.4330267273351926 -0.0023737886332565604
vn -0.9999964891967484 0 -0.0026498290845384585
vn -0.9999964891967484 0 -0.0026498290845384585
vn -0.9999964891967484 0 -0.0026498290845384585
vn -0.9999964891967484 0 -0.0026498290845384585
vn -0.9999964891967484 0 -0.0026498290845384585
vn -0.9999964891967484 0 -0.0026498290845384585
vn -0.8167148582959508 0.5770372270214837 -0.0022088164209613835
vn -0.8167148582959508 0.5770372270214837 -0.0022088164209613835
vn -0.8167946302698672 0.5769245301561744 -0.0021490617461097715
vn -0.8167148582959508 0.5770372270214837 -0.0022088164209613835
vn -0.8167148582959508 0.5770372270214837 -0.0022088164209613835
vn -0.8167149645338495 0.5770373020822247 -0.0021491189218445805
vn -0.8167148582959508 0.5770372270214837 -0.0022088164209613835
vn -0.8166690789318631 0.5771022416551638 -0.002148998177619543
vn -0.8167149645338495 0.5770373020822247 -0.0021491189218445805
vn -0.8166690789318631 0.5771022416551638 -0.002148998177619543
vn -0.8167148582959508 0.5770372270214837 -0.0022088164209613835
vn -0.8167149645338495 0.5770373020822247 -0.0021491189218445805
vn -0.8167149645338495 0.5770373020822247 -0.0021491189218445805
vn -0.8167487230212354 0.5769895193986909 -0.0021489409599191583
vn -0.8166690789318631 0.5771022416551638 -0.002148998177619543
vn -0.8167487230212354 0.5769895193986909 -0.0021489409599191583
vn -0.8167149645338495 0.5770373020822247 -0.0021491189218445805
vn -0.8168742761953378 0.5768117532348508 -0.002149004532451465
vn -0.9348388562856143 0.2777490623988251 0.22120526918493139
vn -0.9348649977451683 0.2776561330505172 0.2212114548805287
vn -0.9348649977451683 0.2776561330505172 0.2212114548805287
vn -0.9348649977451683 0.2776561330505172 0.2212114548805287
vn -0.9348649977451683 0.2776561330505172 0.2212114548805287
vn -0.9348649977451683 0.2776561330505172 0.2212114548805287
vn -0.9333768303931882 0.2782436409811641 -0.22668958674520243
vn -0.9333637028253471 0.27834063545814786 -0.2266245549381435
vn -0.9333768303931882 0.2782436409811641 -0.22668958674520243
vn -0.9333637028253471 0.27834063545814786 -0.2266245549381435
vn -0.9333768303931882 0.2782436409811641 -0.22668958674520243
vn -0.9333637028253471 0.27834063545814786 -0.2266245549381435
vn -0.6776978805255183 0.6819469983899271 0.27508884768050706
vn -0.7583971858965352 -0.5676795724477721 0.32027115300902614
vn -0.7831600184970557 -0.533329620081718 0.3197184726774191
vn -0.6776978805255183 0.6819469983899271 0.27508884768050706
vn -0.7831600184970557 -0.533329620081718 0.3197184726774191
vn -0.7052945686007143 0.6508912369481219 0.280891739227903
vn -0.872040333839733 -0.33752726597938465 0.3544305303965345
vn -0.944606248116256 0.13875009503986746 0.2974347779701591
vn -0.8610610516950118 -0.3703236787618277 0.3484741571511246
vn -0.9484214494397978 0.10647909915076564 0.2985949692921074
vn -0.944606248116256 0.13875009503986746 0.2974347779701591
vn -0.872040333839733 -0.33752726597938465 0.3544305303965345
vn -0.9484214494397978 0.10647909915076564 0.2985949692921074
vn -0.936415310706911 -0.17291434381475168 0.30533096072424976
vn -0.944606248116256 0.13875009503986746 0.2974347779701591
vn -0.936415310706911 -0.17291434381475168 0.30533096072424976
vn -0.936415310706911 -0.17291434381475168 0.30533096072424976
vn -0.9484214494397978 0.10647909915076564 0.2985949692921074
vn -0.7801788590580668 -0.5346878275731142 -0.32469966880795637
vn -0.6746392198312902 0.6832525051050933 -0.2793348122469568
vn -0.7023550389957736 0.6522031009839669 -0.28518154614936564
vn -0.6746392198312902 0.6832525051050933 -0.2793348122469568
vn -0.7801788590580668 -0.5346878275731142 -0.32469966880795637
vn -0.7552851059726473 -0.569079896641878 -0.32510379870736106
vn -0.9426810925794509 0.139136005854047 -0.30330435138354916
vn -0.8692812868623707 -0.3385830838020223 -0.3601548828962525
vn -0.8582956463059422 -0.37144020824968144 -0.3540632079554413
vn -0.8692812868623707 -0.3385830838020223 -0.3601548828962525
vn -0.9426810925794509 0.139136005854047 -0.30330435138354916
vn -0.9464876410820157 0.10678544871582135 -0.3045620022615461
vn -0.9343913678815464 -0.17340492215585898 -0.3111968904095497
vn -0.9464876410820157 0.10678544871582135 -0.3045620022615461
vn -0.9426810925794509 0.139136005854047 -0.30330435138354916
vn -0.9464876410820157 0.10678544871582135 -0.3045620022615461
vn -0.9343913678815464 -0.17340492215585898 -0.3111968904095497
vn -0.9343913678815464 -0.17340492215585898 -0.3111968904095497
vn -0.7210939247688797 -0.6928346549009997 -0.001921621613655864
vn -0.7210939247688797 -0.6928346549009997 -0.001921621613655864
vn -0.7210939247688797 -0.6928346549009997 -0.001921621613655864
vn -0.7210939247688797 -0.6928346549009997 -0.001921621613655864
vn -0.7210939247688797 -0.6928346549009997 -0.001921621613655864
vn -0.7210939247688797 -0.6928346549009997 -0.001921621613655864
vn -0.4767217178740114 0.2321184639195965 -0.8478545998075722
vn -0.9640323083461328 0.2657723759278162 -0.002598587791537509
vn -0.5635933283322081 0.24566246484784973 -0.7886776994592295
vn -0.5635933283322081 0.24566246484784973 -0.7886776994592295
vn -0.9640323083461328 0.2657723759278162 -0.002598587791537509
vn -0.9640323083461328 0.2657723759278162 -0.002598587791537509
vn -0.9640323083461328 0.2657723759278162 -0.002598587791537509
vn -0.5730206336491886 0.24458545756826378 0.782192628038903
vn -0.9640323083461328 0.2657723759278162 -0.002598587791537509
vn -0.5730206336491886 0.24458545756826378 0.782192628038903
vn -0.9640323083461328 0.2657723759278162 -0.002598587791537509
vn -0.48774907232326964 0.2311577313392093 0.8418235834721547
vn 0.800351764935824 -0.5492175604299865 -0.24041032357086015
vn 0.9335710391278849 -0.1970183789079261 -0.2993808164765642
vn 0.9284580511910231 -0.2286460514673896 -0.2927227875088293
vn 0.640036842469303 -0.7344145425491788 -0.2258054914615784
vn 0.7769550843811501 -0.5645105407909745 -0.27869095103745545
vn 0.7673158875171959 -0.5800950097720337 -0.2733424745649348
vn 0.6374542349211526 -0.7355017866315817 0.22954132578435466
vn 0.7646656982201152 -0.5813676926050193 0.2780251354835738
vn 0.7743226545809815 -0.5657523682279205 0.28345843513143365
vn -0.9315596349660339 -0.19757915787965594 -0.30521979436713415
vn -0.7981761320231665 -0.5502871695591607 -0.2451507562442027
vn -0.9264616194793116 -0.2292742383854436 -0.29849990158213785
vn -0.7743226545809815 -0.5657523682279205 -0.28345843513143365
vn -0.6374542349211526 -0.7355017866315817 -0.22954132578435466
vn -0.7646656982201152 -0.5813676926050193 -0.2780251354835738
vn -0.7673158875171959 -0.5800950097720337 0.2733424745649348
vn -0.640036842469303 -0.7344145425491788 0.2258054914615784
vn -0.7769550843811501 -0.5645105407909745 0.27869095103745545
vn -0.800351764935824 -0.5492175604299865 0.24041032357086015
vn -0.9335710391278849 -0.1970183789079261 0.2993808164765642
vn -0.9284580511910231 -0.2286460514673896 0.2927227875088293
vn 0.04911992280017458 -0.9987928805127163 0.00012256106821909038
vn -0.20532279936580108 -0.9786941528443366 -0.0005506803949927486
vn 0.5025682170348188 -0.8645365257453105 0.0013352447983464113
vn -0.20532279936580108 -0.9786941528443366 -0.0005506803949927486
vn 0.04911992280017458 -0.9987928805127163 0.00012256106821909038
vn 0.5025682170348188 -0.8645365257453105 0.0013352447983464113
vn 0 -1 0
vn -0.20532279936580108 -0.9786941528443366 -0.0005506803949927486
vn 0.04911992280017458 -0.9987928805127163 0.00012256106821909038
vn -0.20532279936580108 -0.9786941528443366 -0.0005506803949927486
vn 0 -1 0
vn 0.04911992280017458 -0.9987928805127163 0.00012256106821909038
vn -0.20532279936580108 -0.9786941528443366 -0.0005506803949927486
vn 0 -1 0
vn 0 -1 0
vn -0.20532279936580108 -0.9786941528443366 -0.0005506803949927486
vn 0 -1 0
vn 0 -1 0
vn 0 -1 0
vn 0.20532279936580108 -0.9786941528443366 0.0005506803949927486
vn 0 -1 0
vn 0.20532279936580108 -0.9786941528443366 0.0005506803949927486
vn 0 -1 0
vn 0 -1 0
vn 0 -1 0
vn -0.04911992280017458 -0.9987928805127163 -0.00012256106821909038
vn 0.20532279936580108 -0.9786941528443366 0.0005506803949927486
vn 0 -1 0
vn 0.20532279936580108 -0.9786941528443366 0.0005506803949927486
vn -0.04911992280017458 -0.9987928805127163 -0.00012256106821909038
vn -0.5025682170348188 -0.8645365257453105 -0.0013352447983464113
vn 0.20532279936580108 -0.9786941528443366 0.0005506803949927486
vn -0.04911992280017458 -0.9987928805127163 -0.00012256106821909038
vn 0.20532279936580108 -0.9786941528443366 0.0005506803949927486
vn -0.5025682170348188 -0.8645365257453105 -0.0013352447983464113
vn -0.04911992280017458 -0.9987928805127163 -0.00012256106821909038
vn -0.7831157501442493 -0.5334054516021377 0.31970040049572834
vn -0.7583971858965352 -0.5676795724477721 0.32027115300902614
vn -0.8720719045366201 -0.33743221022641845 0.35444336193471965
vn -0.8720719045366201 -0.33743221022641845 0.35444336193471965
vn -0.8610610516950118 -0.3703236787618277 0.3484741571511246
vn -0.7831157501442493 -0.5334054516021377 0.31970040049572834
vn -0.7801345343350194 -0.5347636980596912 -0.3246812214702383
vn -0.8692923043549345 -0.33847976671660884 -0.3602253976509121
vn -0.7552690965711193 -0.5690678341392617 -0.3251621009784117
vn -0.8692923043549345 -0.33847976671660884 -0.3602253976509121
vn -0.7801345343350194 -0.5347636980596912 -0.3246812214702383
vn -0.8582956463059422 -0.37144020824968144 -0.3540632079554413
vn 0.7552215178529793 -0.569115434925647 0.32518929979510935
vn 0.7801345343350194 -0.5347636980596912 0.3246812214702383
vn 0.8693129548789561 -0.33848780749244267 0.36016800337977983
vn 0.8693129548789561 -0.33848780749244267 0.36016800337977983
vn 0.7801345343350194 -0.5347636980596912 0.3246812214702383
vn 0.8582956463059422 -0.37144020824968144 0.3540632079554413
vn 0.8720719045366201 -0.33743221022641845 -0.35444336193471965
vn 0.7831157501442493 -0.5334054516021377 -0.31970040049572834
vn 0.7583344425448012 -0.5677153061851898 -0.3203563708954791
vn 0.7831157501442493 -0.5334054516021377 -0.31970040049572834
vn 0.8720719045366201 -0.33743221022641845 -0.35444336193471965
vn 0.8610610516950118 -0.3703236787618277 -0.3484741571511246
vn 0.4711412602315014 -0.8820568489621619 0.0012759727328139237
vn 0.4711412602315014 -0.8820568489621619 0.0012759727328139237
vn 0.4711412602315014 -0.8820568489621619 0.0012759727328139237
vn 0.4711412602315014 -0.8820568489621619 0.0012759727328139237
vn 0.4711412602315014 -0.8820568489621619 0.0012759727328139237
vn 0.4711412602315014 -0.8820568489621619 0.0012759727328139237
vn -0.4711412602315014 -0.8820568489621619 -0.0012759727328139237
vn -0.4711412602315014 -0.8820568489621619 -0.0012759727328139237
vn -0.4711412602315014 -0.8820568489621619 -0.0012759727328139237
vn -0.4711412602315014 -0.8820568489621619 -0.0012759727328139237
vn -0.4711412602315014 -0.8820568489621619 -0.0012759727328139237
vn -0.4711412602315014 -0.8820568489621619 -0.0012759727328139237
vn 0.6521501826426488 -0.7580877810162437 0.0017480140237980514
vn 0.6521501826426488 -0.7580877810162437 0.0017480140237980514
vn 0.6521501826426488 -0.7580877810162437 0.0017480140237980514
vn 0.6521501826426488 -0.7580877810162437 0.0017480140237980514
vn 0.6521501826426488 -0.7580877810162437 0.0017480140237980514
vn 0.6521501826426488 -0.7580877810162437 0.0017480140237980514
vn -0.6521501826426488 -0.7580877810162437 -0.0017480140237980514
vn -0.6521501826426488 -0.7580877810162437 -0.0017480140237980514
vn -0.6521501826426488 -0.7580877810162437 -0.0017480140237980514
vn -0.6521501826426488 -0.7580877810162437 -0.0017480140237980514
vn -0.6521501826426488 -0.7580877810162437 -0.0017480140237980514
vn -0.6521501826426488 -0.7580877810162437 -0.0017480140237980514
vn -0.6771373021852098 -0.7358544780401539 -0.001805862007055657
vn -0.6771862230481341 -0.7358094574718272 -0.00180599247443269
vn -0.6771862230481341 -0.7358094574718272 -0.00180599247443269
vn -0.6771862230481341 -0.7358094574718272 -0.00180599247443269
vn -0.6771373021852098 -0.7358544780401539 -0.001805862007055657
vn -0.6771373021852098 -0.7358544780401539 -0.001805862007055657
vn 0.6771373021852098 -0.7358544780401539 0.001805862007055657
vn 0.6771373021852098 -0.7358544780401539 0.001805862007055657
vn 0.6771373021852098 -0.7358544780401539 0.001805862007055657
vn 0.6771373021852098 -0.7358544780401539 0.001805862007055657
vn 0.6771373021852098 -0.7358544780401539 0.001805862007055657
vn 0.6771373021852098 -0.7358544780401539 0.001805862007055657
vn -0.5516224158873532 -0.8340926790627969 -0.0014536245890358534
vn -0.5515053647532395 -0.8341700784208106 -0.0014535872230982561
vn -0.5516224158873532 -0.8340926790627969 -0.0014536245890358534
vn -0.5516224158873532 -0.8340926790627969 -0.0014536245890358534
vn -0.5515053647532395 -0.8341700784208106 -0.0014535872230982561
vn -0.5516224158873532 -0.8340926790627969 -0.0014536245890358534
vn -0.5515053647532395 -0.8341700784208106 -0.0014535872230982561
vn -0.5516224158873532 -0.8340926790627969 -0.0014536245890358534
vn -0.5515053647532395 -0.8341700784208106 -0.0014535872230982561
vn -0.5515053647532395 -0.8341700784208106 -0.0014535872230982561
vn -0.5516224158873532 -0.8340926790627969 -0.0014536245890358534
vn -0.5516224158873532 -0.8340926790627969 -0.0014536245890358534
vn -0.5515053647532395 -0.8341700784208106 -0.0014535872230982561
vn -0.5515053647532395 -0.8341700784208106 -0.0014535872230982561
vn -0.5516224158873532 -0.8340926790627969 -0.0014536245890358534
vn -0.5516224158873532 -0.8340926790627969 -0.0014536245890358534
vn -0.5515053647532395 -0.8341700784208106 -0.0014535872230982561
vn -0.5516224158873532 -0.8340926790627969 -0.0014536245890358534
vn 0.5516224158873532 -0.8340926790627969 0.0014536245890358534
vn 0.5516939806336968 -0.8340453458583137 0.0014535420985505132
vn 0.5516224158873532 -0.8340926790627969 0.0014536245890358534
vn 0.5516939806336968 -0.8340453458583137 0.0014535420985505132
vn 0.5516224158873532 -0.8340926790627969 0.0014536245890358534
vn 0.5516224158873532 -0.8340926790627969 0.0014536245890358534
vn 0.5516939806336968 -0.8340453458583137 0.0014535420985505132
vn 0.5516224158873532 -0.8340926790627969 0.0014536245890358534
vn 0.5516939806336968 -0.8340453458583137 0.0014535420985505132
vn 0.5516939806336968 -0.8340453458583137 0.0014535420985505132
vn 0.5516224158873532 -0.8340926790627969 0.0014536245890358534
vn 0.5516224158873532 -0.8340926790627969 0.0014536245890358534
vn 0.5516939806336968 -0.8340453458583137 0.0014535420985505132
vn 0.5516224158873532 -0.8340926790627969 0.0014536245890358534
vn 0.5516939806336968 -0.8340453458583137 0.0014535420985505132
vn 0.5516939806336968 -0.8340453458583137 0.0014535420985505132
vn 0.5516224158873532 -0.8340926790627969 0.0014536245890358534
vn 0.5516224158873532 -0.8340926790627969 0.0014536245890358534
vn -0.6853562288393957 -0.7282057270997939 -0.0018051620708678833
vn -0.6853562288393957 -0.7282057270997939 -0.0018051620708678833
vn 0 -1 0
vn 0 -1 0
vn -0.6853562288393957 -0.7282057270997939 -0.0018051620708678833
vn 0 -1 0
vn 0 -1 0
vn 0.68530722263945 -0.728251846859379 0.001805032993273405
vn 0 -1 0
vn 0.68530722263945 -0.728251846859379 0.001805032993273405
vn 0 -1 0
vn 0.6853562288393957 -0.7282057270997939 0.0018051620708678833
vn 0.005337073411786021 -0.7114309039186679 -0.7027357857665029
vn -0.5353787560872902 -0.6845689302190365 -0.4947069509408471
vn 0.005337073411786021 -0.7114309039186679 -0.7027357857665029
vn 0.005337073411786021 -0.7114309039186679 -0.7027357857665029
vn 0.5415089516580966 -0.6827233401663308 -0.49056793216258804
vn 0.005337073411786021 -0.7114309039186679 -0.7027357857665029
vn -0.2936460861216914 -0.6970551500045346 -0.6541300283258428
vn 0.005337073411786021 -0.7114309039186679 -0.7027357857665029
vn -0.5353787560872902 -0.6845689302190365 -0.4947069509408471
vn 0.5415089516580966 -0.6827233401663308 -0.49056793216258804
vn 0.005337073411786021 -0.7114309039186679 -0.7027357857665029
vn 0.3031086781622992 -0.6956944700308585 -0.6512559662614897
vn 0.38349184488800686 -0.1687956875834834 -0.9079878968122934
vn 0.38349184488800686 -0.1687956875834834 -0.9079878968122934
vn 0.38349184488800686 -0.1687956875834834 -0.9079878968122934
vn 0.38349184488800686 -0.1687956875834834 -0.9079878968122934
vn 0.3835146807897133 -0.16895934091169834 -0.9079478127830085
vn 0.38349184488800686 -0.1687956875834834 -0.9079878968122934
vn -0.37072402348848105 -0.1693894066959965 -0.9131653340483805
vn -0.37086238349699263 -0.169379331573589 -0.9131110198341786
vn -0.3708526979575557 -0.1695290279262721 -0.9130871727869007
vn -0.37086238349699263 -0.169379331573589 -0.9131110198341786
vn -0.37072402348848105 -0.1693894066959965 -0.9131653340483805
vn -0.37072402348848105 -0.1693894066959965 -0.9131653340483805
vn 0.006053156335668734 0.6254259465180608 -0.7802600494196558
vn 0.28906088889957093 0.5989825507415842 -0.7467688440312006
vn 0.006052745679597871 0.6253835165943036 -0.7802940608782567
vn -0.2782468246513559 0.6002359966778756 -0.7498636228432171
vn 0.006053156335668734 0.6254259465180608 -0.7802600494196558
vn 0.006052745679597871 0.6253835165943036 -0.7802940608782567
vn 0.28906088889957093 0.5989825507415842 -0.7467688440312006
vn 0.006053156335668734 0.6254259465180608 -0.7802600494196558
vn 0.6498545945948856 0.47240802220620787 -0.5954155409788496
vn 0.006053156335668734 0.6254259465180608 -0.7802600494196558
vn -0.2782468246513559 0.6002359966778756 -0.7498636228432171
vn -0.6431437040940489 0.4742586843473916 -0.6012028577820199
vn 0.8843064747476649 0.4669008569269874 0.0023766615666924932
vn 0.28906088889957093 0.5989825507415842 -0.7467688440312006
vn 0.6498545945948856 0.47240802220620787 -0.5954155409788496
vn -0.2782468246513559 0.6002359966778756 -0.7498636228432171
vn -0.8843464961876247 0.4668250482238311 -0.002376769128291229
vn -0.6431437040940489 0.4742586843473916 -0.6012028577820199
vn 0.007641751693049489 0 -0.9999708013892515
vn 0.007641751693049489 0 -0.9999708013892515
vn 0.007641751693049489 0 -0.9999708013892515
vn 0.007641751693049489 0 -0.9999708013892515
vn 0.007641751693049489 0 -0.9999708013892515
vn 0.007641751693049489 0 -0.9999708013892515
vn 0.007641751693049489 0 -0.9999708013892515
vn 0.007641751693049489 0 -0.9999708013892515
vn 0.007641751693049489 0 -0.9999708013892515
vn 0.007641751693049489 0 -0.9999708013892515
vn 0.007641751693049489 0 -0.9999708013892515
vn 0.007641751693049489 0 -0.9999708013892515
vn 0.007641751693049489 0 -0.9999708013892515
vn 0.007641751693049489 0 -0.9999708013892515
vn 0.007641751693049489 0 -0.9999708013892515
vn 0.007641751693049489 0 -0.9999708013892515
vn 0.007641751693049489 0 -0.9999708013892515
vn 0.007641751693049489 0 -0.9999708013892515
vn 0.007641751693049489 0 -0.9999708013892515
vn 0.007641751693049489 0 -0.9999708013892515
vn 0.007641751693049489 0 -0.9999708013892515
vn 0.007641751693049489 0 -0.9999708013892515
vn 0.007641751693049489 0 -0.9999708013892515
vn 0.007641751693049489 0 -0.9999708013892515
vn 0.007641751693049489 0 -0.9999708013892515
vn 0.007641751693049489 0 -0.9999708013892515
vn 0.007641751693049489 0 -0.9999708013892515
vn 0.007641751693049489 0 -0.9999708013892515
vn 0.007641751693049489 0 -0.9999708013892515
vn 0.007641751693049489 0 -0.9999708013892515
vn 0.007641751693049489 0 -0.9999708013892515
vn 0.007641751693049489 0 -0.9999708013892515
vn 0.007641751693049489 0 -0.9999708013892515
vn 0.007641751693049489 0 -0.9999708013892515
vn 0.007641751693049489 0 -0.9999708013892515
vn 0.007641751693049489 0 -0.9999708013892515
vn 0.007641751693049489 0 -0.9999708013892515
vn 0.007641751693049489 0 -0.9999708013892515
vn 0.007641751693049489 0 -0.9999708013892515
vn 0.007641751693049489 0 -0.9999708013892515
vn 0.007641751693049489 0 -0.9999708013892515
vn 0.007641751693049489 0 -0.9999708013892515
vn 0.007641751693049489 0 -0.9999708013892515
vn 0.007641751693049489 0 -0.9999708013892515
vn 0.007641751693049489 0 -0.9999708013892515
vn 0.007641751693049489 0 -0.9999708013892515
vn 0.007641751693049489 0 -0.9999708013892515
vn 0.007641751693049489 0 -0.9999708013892515
vn 0.007641751693049489 0 -0.9999708013892515
vn 0.007641751693049489 0 -0.9999708013892515
vn 0.007641751693049489 0 -0.9999708013892515
vn 0.007641751693049489 0 -0.9999708013892515
vn 0.007641751693049489 0 -0.9999708013892515
vn 0.007641751693049489 0 -0.9999708013892515
vn 0.007641751693049489 0 -0.9999708013892515
vn 0.007641751693049489 0 -0.9999708013892515
vn 0.007641751693049489 0 -0.9999708013892515
vn 0.007641751693049489 0 -0.9999708013892515
vn 0.007641751693049489 0 -0.9999708013892515
vn 0.007641751693049489 0 -0.9999708013892515
vn 0.007641751693049489 0 -0.9999708013892515
vn 0.007641751693049489 0 -0.9999708013892515
vn 0.007641751693049489 0 -0.9999708013892515
vn 0.007641751693049489 0 -0.9999708013892515
vn 0.007641751693049489 0 -0.9999708013892515
vn 0.007641751693049489 0 -0.9999708013892515
vn 0.007641751693049489 0 -0.9999708013892515
vn 0.007641751693049489 0 -0.9999708013892515
vn 0.007641751693049489 0 -0.9999708013892515
vn 0.007641751693049489 0 -0.9999708013892515
vn 0.007641751693049489 0 -0.9999708013892515
vn 0.007641751693049489 0 -0.9999708013892515
vn -0.2671786093233522 0.03774181379564974 -0.9629076519643274
vn -0.2671786093233522 0.03774181379564974 -0.9629076519643274
vn -0.2671786093233522 0.03774181379564974 -0.9629076519643274
vn -0.2671786093233522 0.03774181379564974 -0.9629076519643274
vn -0.2671786093233522 0.03774181379564974 -0.9629076519643274
vn -0.2671786093233522 0.03774181379564974 -0.9629076519643274
vn 0.28118971870330745 0.037483911168665326 -0.9589198603110973
vn 0.2811880410904957 0.037642516443677325 -0.9589141392760236
vn 0.2811880410904957 0.037642516443677325 -0.9589141392760236
vn 0.2811880410904957 0.037642516443677325 -0.9589141392760236
vn 0.28118971870330745 0.037483911168665326 -0.9589198603110973
vn 0.2811880410904957 0.037642516443677325 -0.9589141392760236
vn 0.007641751693049489 0 -0.9999708013892515
vn 0.007641751693049489 0 -0.9999708013892515
vn 0.007641751693049489 0 -0.9999708013892515
vn 0.007641751693049489 0 -0.9999708013892515
vn 0.007641751693049489 0 -0.9999708013892515
vn 0.007641751693049489 0 -0.9999708013892515
vn 0.007641751693049489 0 -0.9999708013892515
vn 0.007641751693049489 0 -0.9999708013892515
vn 0.007641751693049489 0 -0.9999708013892515
vn 0.007641751693049489 0 -0.9999708013892515
vn 0.007641751693049489 0 -0.9999708013892515
vn 0.007641751693049489 0 -0.9999708013892515
vn 0.007641751693049489 0 -0.9999708013892515
vn 0.007641751693049489 0 -0.9999708013892515
vn 0.007641751693049489 0 -0.9999708013892515
vn 0.007641751693049489 0 -0.9999708013892515
vn 0.007641751693049489 0 -0.9999708013892515
vn 0.007641751693049489 0 -0.9999708013892515
vn 0.007641751693049489 0 -0.9999708013892515
vn 0.007641751693049489 0 -0.9999708013892515
vn 0.007641751693049489 0 -0.9999708013892515
vn 0.007641751693049489 0 -0.9999708013892515
vn 0.007641751693049489 0 -0.9999708013892515
vn 0.007641751693049489 0 -0.9999708013892515
vn 0.007641751693049489 0 -0.9999708013892515
vn 0.007641751693049489 0 -0.9999708013892515
vn 0.007641751693049489 0 -0.9999708013892515
vn 0.007641751693049489 0 -0.9999708013892515
vn 0.007641751693049489 0 -0.9999708013892515
vn 0.007641751693049489 0 -0.9999708013892515
vn 0.007641751693049489 0 -0.9999708013892515
vn 0.007641751693049489 0 -0.9999708013892515
vn 0.007641751693049489 0 -0.9999708013892515
vn 0.007641751693049489 0 -0.9999708013892515
vn 0.007641751693049489 0 -0.9999708013892515
vn 0.007641751693049489 0 -0.9999708013892515
vn 0.007641751693049489 0 -0.9999708013892515
vn 0.007641751693049489 0 -0.9999708013892515
vn 0.007641751693049489 0 -0.9999708013892515
vn 0.007641751693049489 0 -0.9999708013892515
vn 0.007641751693049489 0 -0.9999708013892515
vn 0.007641751693049489 0 -0.9999708013892515
vn 0.007641751693049489 0 -0.9999708013892515
vn 0.007641751693049489 0 -0.9999708013892515
vn 0.007641751693049489 0 -0.9999708013892515
vn 0.007641751693049489 0 -0.9999708013892515
vn 0.007641751693049489 0 -0.9999708013892515
vn 0.007641751693049489 0 -0.9999708013892515
vn 0.007641751693049489 0 -0.9999708013892515
vn 0.007641751693049489 0 -0.9999708013892515
vn 0.007641751693049489 0 -0.9999708013892515
vn 0.007641751693049489 0 -0.9999708013892515
vn 0.007641751693049489 0 -0.9999708013892515
vn 0.007641751693049489 0 -0.9999708013892515
vn 0.007622397119371021 0.08967439431157649 -0.9959419672184753
vn 0.007622397119371021 0.08967439431157649 -0.9959419672184753
vn -0.2782929959997584 0.0873844384620274 -0.9565129211318344
vn 0.007622397119371021 0.08967439431157649 -0.9959419672184753
vn 0.29216976351712304 0.08698359998169812 -0.9524025843206078
vn 0.007622397119371021 0.08967439431157649 -0.9959419672184753
vn 0.007622397119371021 0.08967439431157649 -0.9959419672184753
vn -0.2782929959997584 0.0873844384620274 -0.9565129211318344
vn -0.2782929959997584 0.0873844384620274 -0.9565129211318344
vn 0.29216976351712304 0.08698359998169812 -0.9524025843206078
vn 0.007622397119371021 0.08967439431157649 -0.9959419672184753
vn 0.29216574060672457 0.0871405547974206 -0.952389470608176
vn -0.2782929959997584 0.0873844384620274 -0.9565129211318344
vn -0.2782929959997584 0.0873844384620274 -0.9565129211318344
vn 0.007622397119371021 0.08967439431157649 -0.9959419672184753
vn -0.2782929959997584 0.0873844384620274 -0.9565129211318344
vn -0.2782929959997584 0.0873844384620274 -0.9565129211318344
vn -0.2782929959997584 0.0873844384620274 -0.9565129211318344
vn 0.29216574060672457 0.0871405547974206 -0.952389470608176
vn 0.29216574060672457 0.0871405547974206 -0.952389470608176
vn 0.007622397119371021 0.08967439431157649 -0.9959419672184753
vn 0.29216574060672457 0.0871405547974206 -0.952389470608176
vn 0.29216574060672457 0.0871405547974206 -0.952389470608176
vn 0.29216574060672457 0.0871405547974206 -0.952389470608176
vn 0.006740039068804142 -0.4868973596971698 -0.8734331874810323
vn -0.6072760745782269 -0.42333276050030577 -0.6723132775217595
vn -0.4834952038082383 -0.43726192318186496 -0.7583102257188196
vn -0.6072760745782269 -0.42333276050030577 -0.6723132775217595
vn -0.9013779554331787 -0.4330267273351926 -0.0023737886332565604
vn -0.4834952038082383 -0.43726192318186496 -0.7583102257188196
vn -0.6072760745782269 -0.42333276050030577 -0.6723132775217595
vn 0.006740039068804142 -0.4868973596971698 -0.8734331874810323
vn 0.006740039068804142 -0.4868973596971698 -0.8734331874810323
vn -0.9013779554331787 -0.4330267273351926 -0.0023737886332565604
vn -0.6072760745782269 -0.42333276050030577 -0.6723132775217595
vn -0.9013779554331787 -0.4330267273351926 -0.0023737886332565604
vn 0.006740039068804142 -0.4868973596971698 -0.8734331874810323
vn 0.615113464016114 -0.42158795064522653 -0.6662574774491127
vn 0.006740039068804142 -0.4868973596971698 -0.8734331874810323
vn 0.615113464016114 -0.42158795064522653 -0.6662574774491127
vn 0.006740039068804142 -0.4868973596971698 -0.8734331874810323
vn 0.49324807789315 -0.4356383826232682 -0.7529445751448748
vn 0.9013778268674535 -0.4330266655715396 0.002433132898414767
vn 0.615113464016114 -0.42158795064522653 -0.6662574774491127
vn 0.49324807789315 -0.4356383826232682 -0.7529445751448748
vn 0.9013778268674535 -0.4330266655715396 0.002433132898414767
vn 0.9013778268674535 -0.4330266655715396 0.002433132898414767
vn 0.615113464016114 -0.42158795064522653 -0.6662574774491127
vn 0.2808517926636347 0.7571218729283069 -0.5898209390070478
vn 0.0050211087069472644 0.7608105856809028 -0.6489545755931111
vn 0.45759722333884933 0.7840980449755149 -0.41927918748508236
vn 0.0050211087069472644 0.7608105856809028 -0.6489545755931111
vn 0.45759722333884933 0.7840980449755149 -0.41927918748508236
vn 0.0050211087069472644 0.7608105856809028 -0.6489545755931111
vn 0.0050211087069472644 0.7608105856809028 -0.6489545755931111
vn -0.4519990086871368 0.785607267722546 -0.4225140436096313
vn 0.0050211087069472644 0.7608105856809028 -0.6489545755931111
vn -0.4519990086871368 0.785607267722546 -0.4225140436096313
vn 0.0050211087069472644 0.7608105856809028 -0.6489545755931111
vn -0.2721564909477381 0.7583485492992122 -0.592316066142726
vn 0.48774907232326964 0.2311577313392093 -0.8418235834721547
vn 0.007504514474575532 0.23890516015584326 -0.9710139065499588
vn 0.5730206336491886 0.24458545756826378 -0.782192628038903
vn 0.007504514474575532 0.23890516015584326 -0.9710139065499588
vn 0.5730206336491886 0.24458545756826378 -0.782192628038903
vn 0.007504514474575532 0.23890516015584326 -0.9710139065499588
vn 0.007504514474575532 0.23890516015584326 -0.9710139065499588
vn -0.56349265499514 0.24568288914308517 -0.7887432698596133
vn 0.007504514474575532 0.23890516015584326 -0.9710139065499588
vn -0.56349265499514 0.24568288914308517 -0.7887432698596133
vn 0.007504514474575532 0.23890516015584326 -0.9710139065499588
vn -0.4767217178740114 0.2321184639195965 -0.8478545998075722
vn 0.6747877545272336 0.3268388714623016 -0.661693160340458
vn 0.9594502745028182 0.28186648803608233 0.0025404091544365486
vn 0.6747877545272336 0.3268388714623016 -0.661693160340458
vn 0.9594502745028182 0.28186648803608233 0.0025404091544365486
vn 0.6747877545272336 0.3268388714623016 -0.661693160340458
vn 0.9594502745028182 0.28186648803608233 0.0025404091544365486
vn 0.9594502745028182 0.28186648803608233 0.0025404091544365486
vn 0.9594502745028182 0.28186648803608233 0.0025404091544365486
vn 0.6675893698603652 0.3282934736201352 0.6682423425882754
vn 0.9594502745028182 0.28186648803608233 0.0025404091544365486
vn 0.6675893698603652 0.3282934736201352 0.6682423425882754
vn 0.6675893698603652 0.3282934736201352 0.6682423425882754
vn 0.6747877545272336 -0.3268388714623016 -0.661693160340458
vn 0.6747877545272336 -0.3268388714623016 -0.661693160340458
vn 0.9594502745028182 -0.28186648803608233 0.0025404091544365486
vn 0.6747877545272336 -0.3268388714623016 -0.661693160340458
vn 0.9594502745028182 -0.28186648803608233 0.0025404091544365486
vn 0.9594502745028182 -0.28186648803608233 0.0025404091544365486
vn 0.9594502745028182 -0.28186648803608233 0.0025404091544365486
vn 0.6675893698603652 -0.3282934736201352 0.6682423425882754
vn 0.9594502745028182 -0.28186648803608233 0.0025404091544365486
vn 0.6675893698603652 -0.3282934736201352 0.6682423425882754
vn 0.9594502745028182 -0.28186648803608233 0.0025404091544365486
vn 0.6675893698603652 -0.3282934736201352 0.6682423425882754
vn 0.6747877545272336 -0.3268388714623016 -0.661693160340458
vn 0.6747877545272336 -0.3268388714623016 -0.661693160340458
vn 0.9594502745028182 -0.28186648803608233 0.0025404091544365486
vn 0.6747877545272336 -0.3268388714623016 -0.661693160340458
vn 0.9594502745028182 -0.28186648803608233 0.0025404091544365486
vn 0.9594502745028182 -0.28186648803608233 0.0025404091544365486
vn 0.9594502745028182 -0.28186648803608233 0.0025404091544365486
vn 0.6675893698603652 -0.3282934736201352 0.6682423425882754
vn 0.9594502745028182 -0.28186648803608233 0.0025404091544365486
vn 0.6675893698603652 -0.3282934736201352 0.6682423425882754
vn 0.9594502745028182 -0.28186648803608233 0.0025404091544365486
vn 0.6675893698603652 -0.3282934736201352 0.6682423425882754
vn 0.6747877545272336 0.3268388714623016 -0.661693160340458
vn 0.9594502745028182 0.28186648803608233 0.0025404091544365486
vn 0.6747877545272336 0.3268388714623016 -0.661693160340458
vn 0.9594502745028182 0.28186648803608233 0.0025404091544365486
vn 0.6747877545272336 0.3268388714623016 -0.661693160340458
vn 0.9594502745028182 0.28186648803608233 0.0025404091544365486
vn 0.9594502745028182 0.28186648803608233 0.0025404091544365486
vn 0.9594502745028182 0.28186648803608233 0.0025404091544365486
vn 0.6675893698603652 0.3282934736201352 0.6682423425882754
vn 0.9594502745028182 0.28186648803608233 0.0025404091544365486
vn 0.6675893698603652 0.3282934736201352 0.6682423425882754
vn 0.6675893698603652 0.3282934736201352 0.6682423425882754
vn 0.9594502745028182 0.28186648803608233 0.0025404091544365486
vn 0.6675893698603652 0.3282934736201352 0.6682423425882754
vn 0.6675893698603652 0.3282934736201352 0.6682423425882754
vn 0.9594502745028182 0.28186648803608233 0.0025404091544365486
vn 0.9594502745028182 0.28186648803608233 0.0025404091544365486
vn 0.6675893698603652 0.3282934736201352 0.6682423425882754
vn 0.9594502745028182 0.28186648803608233 0.0025404091544365486
vn 0.6747877545272336 0.3268388714623016 -0.661693160340458
vn 0.9594502745028182 0.28186648803608233 0.0025404091544365486
vn 0.6747877545272336 0.3268388714623016 -0.661693160340458
vn 0.9594502745028182 0.28186648803608233 0.0025404091544365486
vn 0.6747877545272336 0.3268388714623016 -0.661693160340458
vn 0.6747877545272336 -0.3268388714623016 -0.661693160340458
vn 0.6747877545272336 -0.3268388714623016 -0.661693160340458
vn 0.9594502745028182 -0.28186648803608233 0.0025404091544365486
vn 0.6747877545272336 -0.3268388714623016 -0.661693160340458
vn 0.9594502745028182 -0.28186648803608233 0.0025404091544365486
vn 0.9594502745028182 -0.28186648803608233 0.0025404091544365486
vn 0.9594502745028182 -0.28186648803608233 0.0025404091544365486
vn 0.6675893698603652 -0.3282934736201352 0.6682423425882754
vn 0.9594502745028182 -0.28186648803608233 0.0025404091544365486
vn 0.6675893698603652 -0.3282934736201352 0.6682423425882754
vn 0.9594502745028182 -0.28186648803608233 0.0025404091544365486
vn 0.6675893698603652 -0.3282934736201352 0.6682423425882754
vn -0.007106696710487761 0.3907586498148311 0.920465736709822
vn -0.6747877545272336 0.3268388714623016 0.661693160340458
vn -0.6747877545272336 0.3268388714623016 0.661693160340458
vn -0.6747877545272336 0.3268388714623016 0.661693160340458
vn -0.007106696710487761 0.3907586498148311 0.920465736709822
vn -0.007106696710487761 0.3907586498148311 0.920465736709822
vn -0.007106696710487761 0.3907586498148311 0.920465736709822
vn 0.6675139699782218 0.3283232817044041 0.6683030170325166
vn -0.007106696710487761 0.3907586498148311 0.920465736709822
vn 0.6675139699782218 0.3283232817044041 0.6683030170325166
vn -0.007106696710487761 0.3907586498148311 0.920465736709822
vn 0.6675139699782218 0.3283232817044041 0.6683030170325166
vn -0.6747877545272336 -0.3268388714623016 0.661693160340458
vn -0.00708729140060798 -0.40098929417918405 0.9160553237956114
vn -0.6747877545272336 -0.3268388714623016 0.661693160340458
vn -0.00708729140060798 -0.40098929417918405 0.9160553237956114
vn -0.6747877545272336 -0.3268388714623016 0.661693160340458
vn -0.00708729140060798 -0.40098929417918405 0.9160553237956114
vn 0.6675139699782218 -0.3283232817044041 0.6683030170325166
vn -0.00708729140060798 -0.40098929417918405 0.9160553237956114
vn -0.00708729140060798 -0.40098929417918405 0.9160553237956114
vn -0.00708729140060798 -0.40098929417918405 0.9160553237956114
vn 0.6675139699782218 -0.3283232817044041 0.6683030170325166
vn 0.6675139699782218 -0.3283232817044041 0.6683030170325166
vn -0.6747877545272336 -0.3268388714623016 0.661693160340458
vn -0.00708729140060798 -0.40098929417918405 0.9160553237956114
vn -0.6747877545272336 -0.3268388714623016 0.661693160340458
vn -0.00708729140060798 -0.40098929417918405 0.9160553237956114
vn -0.6747877545272336 -0.3268388714623016 0.661693160340458
vn -0.00708729140060798 -0.40098929417918405 0.9160553237956114
vn 0.6675139699782218 -0.3283232817044041 0.6683030170325166
vn -0.00708729140060798 -0.40098929417918405 0.9160553237956114
vn -0.00708729140060798 -0.40098929417918405 0.9160553237956114
vn -0.00708729140060798 -0.40098929417918405 0.9160553237956114
vn 0.6675139699782218 -0.3283232817044041 0.6683030170325166
vn 0.6675139699782218 -0.3283232817044041 0.6683030170325166
vn -0.007106696710487761 0.3907586498148311 0.920465736709822
vn -0.6747877545272336 0.3268388714623016 0.661693160340458
vn -0.6747877545272336 0.3268388714623016 0.661693160340458
vn -0.6747877545272336 0.3268388714623016 0.661693160340458
vn -0.007106696710487761 0.3907586498148311 0.920465736709822
vn -0.007106696710487761 0.3907586498148311 0.920465736709822
vn -0.007106696710487761 0.3907586498148311 0.920465736709822
vn 0.6675139699782218 0.3283232817044041 0.6683030170325166
vn -0.007106696710487761 0.3907586498148311 0.920465736709822
vn 0.6675139699782218 0.3283232817044041 0.6683030170325166
vn -0.007106696710487761 0.3907586498148311 0.920465736709822
vn 0.6675139699782218 0.3283232817044041 0.6683030170325166
vn -0.007106696710487761 0.3907586498148311 0.920465736709822
vn -0.6747877545272336 0.3268388714623016 0.661693160340458
vn -0.6747877545272336 0.3268388714623016 0.661693160340458
vn -0.6747877545272336 0.3268388714623016 0.661693160340458
vn -0.007106696710487761 0.3907586498148311 0.920465736709822
vn -0.007106696710487761 0.3907586498148311 0.920465736709822
vn -0.007106696710487761 0.3907586498148311 0.920465736709822
vn 0.6675139699782218 0.3283232817044041 0.6683030170325166
vn -0.007106696710487761 0.3907586498148311 0.920465736709822
vn 0.6675139699782218 0.3283232817044041 0.6683030170325166
vn -0.007106696710487761 0.3907586498148311 0.920465736709822
vn 0.6675139699782218 0.3283232817044041 0.6683030170325166
vn -0.6747877545272336 -0.3268388714623016 0.661693160340458
vn -0.00708729140060798 -0.40098929417918405 0.9160553237956114
vn -0.6747877545272336 -0.3268388714623016 0.661693160340458
vn -0.00708729140060798 -0.40098929417918405 0.9160553237956114
vn -0.6747877545272336 -0.3268388714623016 0.661693160340458
vn -0.00708729140060798 -0.40098929417918405 0.9160553237956114
vn 0.6675139699782218 -0.3283232817044041 0.6683030170325166
vn -0.00708729140060798 -0.40098929417918405 0.9160553237956114
vn -0.00708729140060798 -0.40098929417918405 0.9160553237956114
vn -0.00708729140060798 -0.40098929417918405 0.9160553237956114
vn 0.6675139699782218 -0.3283232817044041 0.6683030170325166
vn 0.6675139699782218 -0.3283232817044041 0.6683030170325166
vn -0.6675893698603652 0.3282934736201352 -0.6682423425882754
vn -0.6675893698603652 0.3282934736201352 -0.6682423425882754
vn -0.9594502745028182 0.28186648803608233 -0.0025404091544365486
vn -0.6675893698603652 0.3282934736201352 -0.6682423425882754
vn -0.9594502745028182 0.28186648803608233 -0.0025404091544365486
vn -0.9594502745028182 0.28186648803608233 -0.0025404091544365486
vn -0.9594502745028182 0.28186648803608233 -0.0025404091544365486
vn -0.6747877545272336 0.3268388714623016 0.661693160340458
vn -0.9594502745028182 0.28186648803608233 -0.0025404091544365486
vn -0.6747877545272336 0.3268388714623016 0.661693160340458
vn -0.9594502745028182 0.28186648803608233 -0.0025404091544365486
vn -0.6747877545272336 0.3268388714623016 0.661693160340458
vn -0.6675893698603652 -0.3282934736201352 -0.6682423425882754
vn -0.9594502745028182 -0.28186648803608233 -0.0025404091544365486
vn -0.6675893698603652 -0.3282934736201352 -0.6682423425882754
vn -0.9594502745028182 -0.28186648803608233 -0.0025404091544365486
vn -0.6675893698603652 -0.3282934736201352 -0.6682423425882754
vn -0.9594502745028182 -0.28186648803608233 -0.0025404091544365486
vn -0.9594502745028182 -0.28186648803608233 -0.0025404091544365486
vn -0.9594502745028182 -0.28186648803608233 -0.0025404091544365486
vn -0.6747877545272336 -0.3268388714623016 0.661693160340458
vn -0.9594502745028182 -0.28186648803608233 -0.0025404091544365486
vn -0.6747877545272336 -0.3268388714623016 0.661693160340458
vn -0.6747877545272336 -0.3268388714623016 0.661693160340458
vn -0.6675893698603652 -0.3282934736201352 -0.6682423425882754
vn -0.9594242050948842 -0.2819552116029798 -0.0025403401284908316
vn -0.6675893698603652 -0.3282934736201352 -0.6682423425882754
vn -0.9594242050948842 -0.2819552116029798 -0.0025403401284908316
vn -0.6675893698603652 -0.3282934736201352 -0.6682423425882754
vn -0.9594502745028182 -0.28186648803608233 -0.0025404091544365486
vn -0.6747877545272336 -0.3268388714623016 0.661693160340458
vn -0.9594242050948842 -0.2819552116029798 -0.0025403401284908316
vn -0.9594502745028182 -0.28186648803608233 -0.0025404091544365486
vn -0.9594242050948842 -0.2819552116029798 -0.0025403401284908316
vn -0.6747877545272336 -0.3268388714623016 0.661693160340458
vn -0.6747877545272336 -0.3268388714623016 0.661693160340458
vn -0.6675893698603652 0.3282934736201352 -0.6682423425882754
vn -0.6675893698603652 0.3282934736201352 -0.6682423425882754
vn -0.9594502745028182 0.28186648803608233 -0.0025404091544365486
vn -0.6675893698603652 0.3282934736201352 -0.6682423425882754
vn -0.9594502745028182 0.28186648803608233 -0.0025404091544365486
vn -0.9594502745028182 0.28186648803608233 -0.0025404091544365486
vn -0.9594502745028182 0.28186648803608233 -0.0025404091544365486
vn -0.6747877545272336 0.3268388714623016 0.661693160340458
vn -0.9594502745028182 0.28186648803608233 -0.0025404091544365486
vn -0.6747877545272336 0.3268388714623016 0.661693160340458
vn -0.9594502745028182 0.28186648803608233 -0.0025404091544365486
vn -0.6747877545272336 0.3268388714623016 0.661693160340458
vn -0.6747877545272336 0.3268388714623016 0.661693160340458
vn -0.9594502745028182 0.28186648803608233 -0.0025404091544365486
vn -0.6747877545272336 0.3268388714623016 0.661693160340458
vn -0.9594502745028182 0.28186648803608233 -0.0025404091544365486
vn -0.6747877545272336 0.3268388714623016 0.661693160340458
vn -0.9594502745028182 0.28186648803608233 -0.0025404091544365486
vn -0.6675893698603652 0.3282934736201352 -0.6682423425882754
vn -0.9594502745028182 0.28186648803608233 -0.0025404091544365486
vn -0.9594502745028182 0.28186648803608233 -0.0025404091544365486
vn -0.6675893698603652 0.3282934736201352 -0.6682423425882754
vn -0.6675893698603652 0.3282934736201352 -0.6682423425882754
vn -0.9594502745028182 0.28186648803608233 -0.0025404091544365486
vn -0.6675893698603652 -0.3282934736201352 -0.6682423425882754
vn -0.9594502745028182 -0.28186648803608233 -0.0025404091544365486
vn -0.6675893698603652 -0.3282934736201352 -0.6682423425882754
vn -0.9594502745028182 -0.28186648803608233 -0.0025404091544365486
vn -0.6675893698603652 -0.3282934736201352 -0.6682423425882754
vn -0.9594502745028182 -0.28186648803608233 -0.0025404091544365486
vn -0.9594502745028182 -0.28186648803608233 -0.0025404091544365486
vn -0.9594502745028182 -0.28186648803608233 -0.0025404091544365486
vn -0.6747877545272336 -0.3268388714623016 0.661693160340458
vn -0.9594502745028182 -0.28186648803608233 -0.0025404091544365486
vn -0.6747877545272336 -0.3268388714623016 0.661693160340458
vn -0.6747877545272336 -0.3268388714623016 0.661693160340458
vn -0.6675139699782218 0.3283232817044041 -0.6683030170325166
vn 0.007106696710487761 0.3907586498148311 -0.920465736709822
vn -0.6675139699782218 0.3283232817044041 -0.6683030170325166
vn 0.007106696710487761 0.3907586498148311 -0.920465736709822
vn -0.6675139699782218 0.3283232817044041 -0.6683030170325166
vn 0.007106696710487761 0.3907586498148311 -0.920465736709822
vn 0.007106696710487761 0.3907586498148311 -0.920465736709822
vn 0.6747877545272336 0.3268388714623016 -0.661693160340458
vn 0.007106696710487761 0.3907586498148311 -0.920465736709822
vn 0.6747877545272336 0.3268388714623016 -0.661693160340458
vn 0.6747877545272336 0.3268388714623016 -0.661693160340458
vn 0.007106696710487761 0.3907586498148311 -0.920465736709822
vn -0.6675139699782218 -0.3283232817044041 -0.6683030170325166
vn 0.00708729140060798 -0.40098929417918405 -0.9160553237956114
vn -0.6675139699782218 -0.3283232817044041 -0.6683030170325166
vn 0.00708729140060798 -0.40098929417918405 -0.9160553237956114
vn 0.00708729140060798 -0.40098929417918405 -0.9160553237956114
vn -0.6675139699782218 -0.3283232817044041 -0.6683030170325166
vn 0.00708729140060798 -0.40098929417918405 -0.9160553237956114
vn 0.6747877545272336 -0.3268388714623016 -0.661693160340458
vn 0.00708729140060798 -0.40098929417918405 -0.9160553237956114
vn 0.6747877545272336 -0.3268388714623016 -0.661693160340458
vn 0.00708729140060798 -0.40098929417918405 -0.9160553237956114
vn 0.6747877545272336 -0.3268388714623016 -0.661693160340458
vn -0.6675139699782218 -0.3283232817044041 -0.6683030170325166
vn 0.00708729140060798 -0.40098929417918405 -0.9160553237956114
vn -0.6675139699782218 -0.3283232817044041 -0.6683030170325166
vn 0.00708729140060798 -0.40098929417918405 -0.9160553237956114
vn 0.007086851460168962 -0.4011191813945228 -0.9159984600717238
vn -0.6675139699782218 -0.3283232817044041 -0.6683030170325166
vn 0.00708729140060798 -0.40098929417918405 -0.9160553237956114
vn 0.6747877545272336 -0.3268388714623016 -0.661693160340458
vn 0.007086851460168962 -0.4011191813945228 -0.9159984600717238
vn 0.6747877545272336 -0.3268388714623016 -0.661693160340458
vn 0.00708729140060798 -0.40098929417918405 -0.9160553237956114
vn 0.6747877545272336 -0.3268388714623016 -0.661693160340458
vn -0.6675139699782218 0.3283232817044041 -0.6683030170325166
vn 0.007106696710487761 0.3907586498148311 -0.920465736709822
vn -0.6675139699782218 0.3283232817044041 -0.6683030170325166
vn 0.007106696710487761 0.3907586498148311 -0.920465736709822
vn -0.6675139699782218 0.3283232817044041 -0.6683030170325166
vn 0.007106696710487761 0.3907586498148311 -0.920465736709822
vn 0.007106696710487761 0.3907586498148311 -0.920465736709822
vn 0.6747877545272336 0.3268388714623016 -0.661693160340458
vn 0.007106696710487761 0.3907586498148311 -0.920465736709822
vn 0.6747877545272336 0.3268388714623016 -0.661693160340458
vn 0.6747877545272336 0.3268388714623016 -0.661693160340458
vn 0.007106696710487761 0.3907586498148311 -0.920465736709822
vn -0.6675139699782218 0.3283232817044041 -0.6683030170325166
vn 0.007106696710487761 0.3907586498148311 -0.920465736709822
vn -0.6675139699782218 0.3283232817044041 -0.6683030170325166
vn 0.007106696710487761 0.3907586498148311 -0.920465736709822
vn -0.6675139699782218 0.3283232817044041 -0.6683030170325166
vn 0.007106696710487761 0.3907586498148311 -0.920465736709822
vn 0.007106696710487761 0.3907586498148311 -0.920465736709822
vn 0.6747877545272336 0.3268388714623016 -0.661693160340458
vn 0.007106696710487761 0.3907586498148311 -0.920465736709822
vn 0.6747877545272336 0.3268388714623016 -0.661693160340458
vn 0.6747877545272336 0.3268388714623016 -0.661693160340458
vn 0.007106696710487761 0.3907586498148311 -0.920465736709822
vn -0.6675139699782218 -0.3283232817044041 -0.6683030170325166
vn 0.00708729140060798 -0.40098929417918405 -0.9160553237956114
vn -0.6675139699782218 -0.3283232817044041 -0.6683030170325166
vn 0.00708729140060798 -0.40098929417918405 -0.9160553237956114
vn 0.00708729140060798 -0.40098929417918405 -0.9160553237956114
vn -0.6675139699782218 -0.3283232817044041 -0.6683030170325166
vn 0.00708729140060798 -0.40098929417918405 -0.9160553237956114
vn 0.6747877545272336 -0.3268388714623016 -0.661693160340458
vn 0.00708729140060798 -0.40098929417918405 -0.9160553237956114
vn 0.6747877545272336 -0.3268388714623016 -0.661693160340458
vn 0.00708729140060798 -0.40098929417918405 -0.9160553237956114
vn 0.6747877545272336 -0.3268388714623016 -0.661693160340458
vn 0.9640569913267918 0.26568282682482625 0.0025986543255028583
vn 0.9640569913267918 0.26568282682482625 0.0025986543255028583
vn 0.9640569913267918 0.26568282682482625 0.0025986543255028583
vn 0.9640569913267918 0.26568282682482625 0.0025986543255028583
vn 0.9640569913267918 0.26568282682482625 0.0025986543255028583
vn 0.9640569913267918 0.26568282682482625 0.0025986543255028583
vn 0.7400813880050024 -0.6725144017359587 0.0019795419456642106
vn 0.793542389630485 -0.6085113782032422 0.002092476219765654
vn 0.7400813880050024 -0.6725144017359587 0.0019795419456642106
vn 0.793542389630485 -0.6085113782032422 0.002092476219765654
vn 0.7400813880050024 -0.6725144017359587 0.0019795419456642106
vn 0.793542389630485 -0.6085113782032422 0.002092476219765654
vn 0.793542389630485 -0.6085113782032422 0.002092476219765654
vn 0.793542389630485 -0.6085113782032422 0.002092476219765654
vn 0.8444096161665552 -0.535693264344472 0.0022642131998484006
vn 0.8444096161665552 -0.535693264344472 0.0022642131998484006
vn 0.793542389630485 -0.6085113782032422 0.002092476219765654
vn 0.8444096161665552 -0.535693264344472 0.0022642131998484006
vn -0.3350311826607456 0.9422065956126686 -0.0009153299554513637
vn -0.3350311826607456 0.9422065956126686 -0.0009153299554513637
vn -0.3350311826607456 0.9422065956126686 -0.0009153299554513637
vn -0.3350311826607456 0.9422065956126686 -0.0009153299554513637
vn -0.3350311826607456 0.9422065956126686 -0.0009153299554513637
vn -0.3350311826607456 0.9422065956126686 -0.0009153299554513637
vn 0.3350311826607456 0.9422065956126686 0.0009153299554513637
vn 0.3350311826607456 0.9422065956126686 0.0009153299554513637
vn 0.3350311826607456 0.9422065956126686 0.0009153299554513637
vn 0.3350311826607456 0.9422065956126686 0.0009153299554513637
vn 0.3350311826607456 0.9422065956126686 0.0009153299554513637
vn 0.3350311826607456 0.9422065956126686 0.0009153299554513637
vn -0.42036194129899196 0.29246564572972195 0.8589293826475141
vn -0.35194714132288185 0.3437054282172436 0.8706318328252491
vn -0.5693668738791721 0.15777637307781406 0.8068010777307312
vn -0.35194714132288185 0.3437054282172436 0.8706318328252491
vn -0.42036194129899196 0.29246564572972195 0.8589293826475141
vn -0.1670629705682423 0.46215946314683215 0.8709182478790686
vn 0.15381879998977216 0.4627866477049807 0.8730225057097283
vn 0.4086460160791545 0.29335387539461827 0.8642638123475923
vn 0.37473396348035687 0.31925986526959577 0.87042954628295
vn 0.4086460160791545 0.29335387539461827 0.8642638123475923
vn 0.5594947205879125 0.1584897491134918 0.8135395854291271
vn 0.37473396348035687 0.31925986526959577 0.87042954628295
vn 0.37473396348035687 0.31925986526959577 0.87042954628295
vn 0.33982737742008473 0.3447160518252968 0.8750361119232547
vn 0.15381879998977216 0.4627866477049807 0.8730225057097283
vn 0.5594947205879125 0.1584897491134918 0.8135395854291271
vn 0.33982737742008473 0.3447160518252968 0.8750361119232547
vn 0.37473396348035687 0.31925986526959577 0.87042954628295
vn -0.5796443765598107 -0.4373970834824232 0.687529045265477
vn -0.6202641919617002 -0.39401096721075357 0.6782534112614147
vn -0.5796455924450099 -0.43726535305048414 0.687611807767078
vn -0.5796443765598107 -0.4373970834824232 0.687529045265477
vn -0.5796455924450099 -0.43726535305048414 0.687611807767078
vn -0.5389464730153826 -0.48135139639521024 0.6912579347918262
vn 0.6123960065756141 -0.3956596636576293 0.6844154890741238
vn 0.571322555809368 -0.43903965306958065 0.6934224688139216
vn 0.571322555809368 -0.43903965306958065 0.6934224688139216
vn 0.571322555809368 -0.43903965306958065 0.6934224688139216
vn 0.5303517346131653 -0.48311388427602003 0.6966548732425136
vn 0.571322555809368 -0.43903965306958065 0.6934224688139216
vn -0.9640323083461328 0.2657723759278162 -0.002598587791537509
vn -0.9640569913267918 0.26568282682482625 -0.0025986543255028583
vn -0.9640569913267918 0.26568282682482625 -0.0025986543255028583
vn -0.9640569913267918 0.26568282682482625 -0.0025986543255028583
vn -0.9640569913267918 0.26568282682482625 -0.0025986543255028583
vn -0.9640569913267918 0.26568282682482625 -0.0025986543255028583
vn -0.844365630468992 -0.5357625929041459 -0.002264095255908492
vn -0.793542389630485 -0.6085113782032422 -0.002092476219765654
vn -0.844365630468992 -0.5357625929041459 -0.002264095255908492
vn -0.793542389630485 -0.6085113782032422 -0.002092476219765654
vn -0.844365630468992 -0.5357625929041459 -0.002264095255908492
vn -0.793542389630485 -0.6085113782032422 -0.002092476219765654
vn -0.793542389630485 -0.6085113782032422 -0.002092476219765654
vn -0.793542389630485 -0.6085113782032422 -0.002092476219765654
vn -0.7400813880050024 -0.6725144017359587 -0.0019795419456642106
vn -0.7400813880050024 -0.6725144017359587 -0.0019795419456642106
vn -0.793542389630485 -0.6085113782032422 -0.002092476219765654
vn -0.7400813880050024 -0.6725144017359587 -0.0019795419456642106
vn -0.5595349225821789 0.1585011372530947 -0.8135097171518179
vn -0.33968886704815476 0.3447343916736209 -0.8750826662669988
vn -0.4086460160791545 0.29335387539461827 -0.8642638123475923
vn -0.33968886704815476 0.3447343916736209 -0.8750826662669988
vn -0.15382951451012344 0.4626683487474078 -0.8730833176352223
vn -0.4086460160791545 0.29335387539461827 -0.8642638123475923
vn 0.4205077094427688 0.292310564731891 -0.8589108219398095
vn 0.3520839347465618 0.3436865372046839 -0.8705839804623288
vn 0.5693539832707031 0.15791623322904577 -0.8067828115524857
vn 0.1670629705682423 0.46215946314683215 -0.8709182478790686
vn 0.3520839347465618 0.3436865372046839 -0.8705839804623288
vn 0.4205077094427688 0.292310564731891 -0.8589108219398095
vn -0.5712891461492824 -0.4391471574097611 -0.6933819190251145
vn -0.571322555809368 -0.43903965306958065 -0.6934224688139216
vn -0.6123960065756141 -0.3956596636576293 -0.6844154890741238
vn -0.5712891461492824 -0.4391471574097611 -0.6933819190251145
vn -0.5303517346131653 -0.48311388427602003 -0.6966548732425136
vn -0.571322555809368 -0.43903965306958065 -0.6934224688139216
vn 0.5796780051779578 -0.43728980413801155 -0.6875689329149793
vn 0.5796455924450099 -0.43726535305048414 -0.687611807767078
vn 0.6202302222440466 -0.39398938859718524 -0.6782970094935674
vn 0.5796455924450099 -0.43726535305048414 -0.687611807767078
vn 0.5796780051779578 -0.43728980413801155 -0.6875689329149793
vn 0.5389464730153826 -0.48135139639521024 -0.6912579347918262
f 1/1/1 2/2/2 3/3/3
f 4/4/4 5/5/5 6/6/6
f 7/7/7 8/8/8 9/9/9
f 10/10/10 11/11/11 12/12/12
f 13/13/13 14/14/14 15/15/15
f 16/16/16 17/17/17 18/18/18
f 19/19/19 20/20/20 21/21/21
f 22/22/22 23/23/23 24/24/24
f 25/25/25 26/26/26 27/27/27
f 28/28/28 29/29/29 30/30/30
f 31/31/31 32/32/32 33/33/33
f 34/34/34 35/35/35 36/36/36
f 37/37/37 38/38/38 39/39/39
f 40/40/40 41/41/41 42/42/42
f 43/43/43 44/44/44 45/45/45
f 46/46/46 47/47/47 48/48/48
f 49/49/49 50/50/50 51/51/51
f 52/52/52 53/53/53 54/54/54
f 55/55/55 56/56/56 57/57/57
f 58/58/58 59/59/59 60/60/60
f 61/61/61 62/62/62 63/63/63
f 64/64/64 65/65/65 66/66/66
f 67/67/67 68/68/68 69/69/69
f 70/70/70 71/71/71 72/72/72
f 73/73/73 74/74/74 75/75/75
f 76/76/76 77/77/77 78/78/78
f 79/79/79 80/80/80 81/81/81
f 82/82/82 83/83/83 84/84/84
f 85/85/85 86/86/86 87/87/87
f 88/88/88 89/89/89 90/90/90
f 91/91/91 92/92/92 93/93/93
f 94/94/94 95/95/95 96/96/96
f 97/97/97 98/98/98 99/99/99
f 100/100/100 101/101/101 102/102/102
f 103/103/103 104/104/104 105/105/105
f 106/106/106 107/107/107 108/108/108
f 109/109/109 110/110/110 111/111/111
f 112/112/112 113/113/113 114/114/114
f 115/115/115 116/116/116 117/117/117
f 118/118/118 119/119/119 120/120/120
f 121/121/121 122/122/122 123/123/123
f 124/124/124 125/125/125 126/126/126
f 127/127/127 128/128/128 129/129/129
f 130/130/130 131/131/131 132/132/132
f 133/133/133 134/134/134 135/135/135
f 136/136/136 137/137/137 138/138/138
f 139/139/139 140/140/140 141/141/141
f 142/142/142 143/143/143 144/144/144
f 145/145/145 146/146/146 147/147/147
f 148/148/148 149/149/149 150/150/150
f 151/151/151 152/152/152 153/153/153
f 154/154/154 155/155/155 156/156/156
f 157/157/157 158/158/158 159/159/159
f 160/160/160 161/161/161 162/162/162
f 163/163/163 164/164/164 165/165/165
f 166/166/166 167/167/167 168/168/168
f 169/169/169 170/170/170 171/171/171
f 172/172/172 173/173/173 174/174/174
f 175/175/175 176/176/176 177/177/177
f 178/178/178 179/179/179 180/180/180
f 181/181/181 182/182/182 183/183/183
f 184/184/184 185/185/185 186/186/186
f 187/187/187 188/188/188 189/189/189
f 190/190/190 191/191/191 192/192/192
f 193/193/193 194/194/194 195/195/195
f 196/196/196 197/197/197 198/198/198
f 199/199/199 200/200/200 201/201/201
f 202/202/202 203/203/203 204/204/204
f 205/205/205 206/206/206 207/207/207
f 208/208/208 209/209/209 210/210/210
f 211/211/211 212/212/212 213/213/213
f 214/214/214 215/215/215 216/216/216
f 217/217/217 218/218/218 219/219/219
f 220/220/220 221/221/221 222/222/222
f 223/223/223 224/224/224 225/225/225
f 226/226/226 227/227/227 228/228/228
f 229/229/229 230/230/230 231/231/231
f 232/232/232 233/233/233 234/234/234
f 235/235/235 236/236/236 237/237/237
f 238/238/238 239/239/239 240/240/240
f 241/241/241 242/242/242 243/243/243
f 244/244/244 245/245/245 246/246/246
f 247/247/247 248/248/248 249/249/249
f 250/250/250 251/251/251 252/252/252
f 253/253/253 254/254/254 255/255/255
f 256/256/256 257/257/257 258/258/258
f 259/259/259 260/260/260 261/261/261
f 262/262/262 263/263/263 264/264/264
f 265/265/265 266/266/266 267/267/267
f 268/268/268 269/269/269 270/270/270
f 271/271/271 272/272/272 273/273/273
f 274/274/274 275/275/275 276/276/276
f 277/277/277 278/278/278 279/279/279
f 280/280/280 281/281/281 282/282/282
f 283/283/283 284/284/284 285/285/285
f 286/286/286 287/287/287 288/288/288
f 289/289/289 290/290/290 291/291/291
f 292/292/292 293/293/293 294/294/294
f 295/295/295 296/296/296 297/297/297
f 298/298/298 299/299/299 300/300/300
f 301/301/301 302/302/302 303/303/303
f 304/304/304 305/305/305 306/306/306
f 307/307/307 308/308/308 309/309/309
f 310/310/310 311/311/311 312/312/312
f 313/313/313 314/314/314 315/315/315
f 316/316/316 317/317/317 318/318/318
f 319/319/319 320/320/320 321/321/321
f 322/322/322 323/323/323 324/324/324
f 325/325/325 326/326/326 327/327/327
f 328/328/328 329/329/329 330/330/330
f 331/331/331 332/332/332 333/333/333
f 334/334/334 335/335/335 336/336/336
f 337/337/337 338/338/338 339/339/339
f 340/340/340 341/341/341 342/342/342
f 343/343/343 344/344/344 345/345/345
f 346/346/346 347/347/347 348/348/348
f 349/349/349 350/350/350 351/351/351
f 352/352/352 353/353/353 354/354/354
f 355/355/355 356/356/356 357/357/357
f 358/358/358 359/359/359 360/360/360
f 361/361/361 362/362/362 363/363/363
f 364/364/364 365/365/365 366/366/366
f 367/367/367 368/368/368 369/369/369
f 370/370/370 371/371/371 372/372/372
f 373/373/373 374/374/374 375/375/375
f 376/376/376 377/377/377 378/378/378
f 379/379/379 380/380/380 381/381/381
f 382/382/382 383/383/383 384/384/384
f 385/385/385 386/386/386 387/387/387
f 388/388/388 389/389/389 390/390/390
f 391/391/391 392/392/392 393/393/393
f 394/394/394 395/395/395 396/396/396
f 397/397/397 398/398/398 399/399/399
f 400/400/400 401/401/401 402/402/402
f 403/403/403 404/404/404 405/405/405
f 406/406/406 407/407/407 408/408/408
f 409/409/409 410/410/410 411/411/411
f 412/412/412 413/413/413 414/414/414
f 415/415/415 416/416/416 417/417/417
f 418/418/418 419/419/419 420/420/420
f 421/421/421 422/422/422 423/423/423
f 424/424/424 425/425/425 426/426/426
f 427/427/427 428/428/428 429/429/429
f 430/430/430 431/431/431 432/432/432
f 433/433/433 434/434/434 435/435/435
f 436/436/436 437/437/437 438/438/438
f 439/439/439 440/440/440 441/441/441
f 442/442/442 443/443/443 444/444/444
f 445/445/445 446/446/446 447/447/447
f 448/448/448 449/449/449 450/450/450
f 451/451/451 452/452/452 453/453/453
f 454/454/454 455/455/455 456/456/456
f 457/457/457 458/458/458 459/459/459
f 460/460/460 461/461/461 462/462/462
f 463/463/463 464/464/464 465/465/465
f 466/466/466 467/467/467 468/468/468
f 469/469/469 470/470/470 471/471/471
f 472/472/472 473/473/473 474/474/474
f 475/475/475 476/476/476 477/477/477
f 478/478/478 479/479/479 480/480/480
f 481/481/481 482/482/482 483/483/483
f 484/484/484 485/485/485 486/486/486
f 487/487/487 488/488/488 489/489/489
f 490/490/490 491/491/491 492/492/492
f 493/493/493 494/494/494 495/495/495
f 496/496/496 497/497/497 498/498/498
f 499/499/499 500/500/500 501/501/501
f 502/502/502 503/503/503 504/504/504
f 505/505/505 506/506/506 507/507/507
f 508/508/508 509/509/509 510/510/510
f 511/511/511 512/512/512 513/513/513
f 514/514/514 515/515/515 516/516/516
f 517/517/517 518/518/518 519/519/519
f 520/520/520 521/521/521 522/522/522
f 523/523/523 524/524/524 525/525/525
f 526/526/526 527/527/527 528/528/528
f 529/529/529 530/530/530 531/531/531
f 532/532/532 533/533/533 534/534/534
f 535/535/535 536/536/536 537/537/537
f 538/538/538 539/539/539 540/540/540
f 541/541/541 542/542/542 543/543/543
f 544/544/544 545/545/545 546/546/546
f 547/547/547 548/548/548 549/549/549
f 550/550/550 551/551/551 552/552/552
f 553/553/553 554/554/554 555/555/555
f 556/556/556 557/557/557 558/558/558
f 559/559/559 560/560/560 561/561/561
f 562/562/562 563/563/563 564/564/564
f 565/565/565 566/566/566 567/567/567
f 568/568/568 569/569/569 570/570/570
f 571/571/571 572/572/572 573/573/573
f 574/574/574 575/575/575 576/576/576
f 577/577/577 578/578/578 579/579/579
f 580/580/580 581/581/581 582/582/582
f 583/583/583 584/584/584 585/585/585
f 586/586/586 587/587/587 588/588/588
f 589/589/589 590/590/590 591/591/591
f 592/592/592 593/593/593 594/594/594
f 595/595/595 596/596/596 597/597/597
f 598/598/598 599/599/599 600/600/600
f 601/601/601 602/602/602 603/603/603
f 604/604/604 605/605/605 606/606/606
f 607/607/607 608/608/608 609/609/609
f 610/610/610 611/611/611 612/612/612
f 613/613/613 614/614/614 615/615/615
f 616/616/616 617/617/617 618/618/618
f 619/619/619 620/620/620 621/621/621
f 622/622/622 623/623/623 624/624/624
f 625/625/625 626/626/626 627/627/627
f 628/628/628 629/629/629 630/630/630
f 631/631/631 632/632/632 633/633/633
f 634/634/634 635/635/635 636/636/636
f 637/637/637 638/638/638 639/639/639
f 640/640/640 641/641/641 642/642/642
f 643/643/643 644/644/644 645/645/645
f 646/646/646 647/647/647 648/648/648
f 649/649/649 650/650/650 651/651/651
f 652/652/652 653/653/653 654/654/654
f 655/655/655 656/656/656 657/657/657
f 658/658/658 659/659/659 660/660/660
f 661/661/661 662/662/662 663/663/663
f 664/664/664 665/665/665 666/666/666
f 667/667/667 668/668/668 669/669/669
f 670/670/670 671/671/671 672/672/672
f 673/673/673 674/674/674 675/675/675
f 676/676/676 677/677/677 678/678/678
f 679/679/679 680/680/680 681/681/681
f 682/682/682 683/683/683 684/684/684
f 685/685/685 686/686/686 687/687/687
f 688/688/688 689/689/689 690/690/690
f 691/691/691 692/692/692 693/693/693
f 694/694/694 695/695/695 696/696/696
f 697/697/697 698/698/698 699/699/699
f 700/700/700 701/701/701 702/702/702
f 703/703/703 704/704/704 705/705/705
f 706/706/706 707/707/707 708/708/708
f 709/709/709 710/710/710 711/711/711
f 712/712/712 713/713/713 714/714/714
f 715/715/715 716/716/716 717/717/717
f 718/718/718 719/719/719 720/720/720
f 721/721/721 722/722/722 723/723/723
f 724/724/724 725/725/725 726/726/726
f 727/727/727 728/728/728 729/729/729
f 730/730/730 731/731/731 732/732/732
f 733/733/733 734/734/734 735/735/735
f 736/736/736 737/737/737 738/738/738
f 739/739/739 740/740/740 741/741/741
f 742/742/742 743/743/743 744/744/744
f 745/745/745 746/746/746 747/747/747
f 748/748/748 749/749/749 750/750/750
f 751/751/751 752/752/752 753/753/753
f 754/754/754 755/755/755 756/756/756
f 757/757/757 758/758/758 759/759/759
f 760/760/760 761/761/761 762/762/762
f 763/763/763 764/764/764 765/765/765
f 766/766/766 767/767/767 768/768/768
f 769/769/769 770/770/770 771/771/771
f 772/772/772 773/773/773 774/774/774
f 775/775/775 776/776/776 777/777/777
f 778/778/778 779/779/779 780/780/780
f 781/781/781 782/782/782 783/783/783
f 784/784/784 785/785/785 786/786/786
f 787/787/787 788/788/788 789/789/789
f 790/790/790 791/791/791 792/792/792
f 793/793/793 794/794/794 795/795/795
f 796/796/796 797/797/797 798/798/798
f 799/799/799 800/800/800 801/801/801
f 802/802/802 803/803/803 804/804/804
f 805/805/805 806/806/806 807/807/807
f 808/808/808 809/809/809 810/810/810
f 811/811/811 812/812/812 813/813/813
f 814/814/814 815/815/815 816/816/816
f 817/817/817 818/818/818 819/819/819
f 820/820/820 821/821/821 822/822/822
f 823/823/823 824/824/824 825/825/825
f 826/826/826 827/827/827 828/828/828
f 829/829/829 830/830/830 831/831/831
f 832/832/832 833/833/833 834/834/834
f 835/835/835 836/836/836 837/837/837
f 838/838/838 839/839/839 840/840/840
f 841/841/841 842/842/842 843/843/843
f 844/844/844 845/845/845 846/846/846
f 847/847/847 848/848/848 849/849/849
f 850/850/850 851/851/851 852/852/852
f 853/853/853 854/854/854 855/855/855
f 856/856/856 857/857/857 858/858/858
f 859/859/859 860/860/860 861/861/861
f 862/862/862 863/863/863 864/864/864
f 865/865/865 866/866/866 867/867/867
f 868/868/868 869/869/869 870/870/870
f 871/871/871 872/872/872 873/873/873
f 874/874/874 875/875/875 876/876/876
f 877/877/877 878/878/878 879/879/879
f 880/880/880 881/881/881 882/882/882
f 883/883/883 884/884/884 885/885/885
f 886/886/886 887/887/887 888/888/888
f 889/889/889 890/890/890 891/891/891
f 892/892/892 893/893/893 894/894/894
f 895/895/895 896/896/896 897/897/897
f 898/898/898 899/899/899 900/900/900
f 901/901/901 902/902/902 903/903/903
f 904/904/904 905/905/905 906/906/906
f 907/907/907 908/908/908 909/909/909
f 910/910/910 911/911/911 912/912/912
f 913/913/913 914/914/914 915/915/915
f 916/916/916 917/917/917 918/918/918
f 919/919/919 920/920/920 921/921/921
f 922/922/922 923/923/923 924/924/924
f 925/925/925 926/926/926 927/927/927
f 928/928/928 929/929/929 930/930/930
f 931/931/931 932/932/932 933/933/933
f 934/934/934 935/935/935 936/936/936
f 937/937/937 938/938/938 939/939/939
f 940/940/940 941/941/941 942/942/942
f 943/943/943 944/944/944 945/945/945
f 946/946/946 947/947/947 948/948/948
f 949/949/949 950/950/950 951/951/951
f 952/952/952 953/953/953 954/954/954
f 955/955/955 956/956/956 957/957/957
f 958/958/958 959/959/959 960/960/960
f 961/961/961 962/962/962 963/963/963
f 964/964/964 965/965/965 966/966/966
f 967/967/967 968/968/968 969/969/969
f 970/970/970 971/971/971 972/972/972
f 973/973/973 974/974/974 975/975/975
f 976/976/976 977/977/977 978/978/978
f 979/979/979 980/980/980 981/981/981
f 982/982/982 983/983/983 984/984/984
f 985/985/985 986/986/986 987/987/987
f 988/988/988 989/989/989 990/990/990
f 991/991/991 992/992/992 993/993/993
f 994/994/994 995/995/995 996/996/996
f 997/997/997 998/998/998 999/999/999
f 1000/1000/1000 1001/1001/1001 1002/1002/1002
f 1003/1003/1003 1004/1004/1004 1005/1005/1005
f 1006/1006/1006 1007/1007/1007 1008/1008/1008
f 1009/1009/1009 1010/1010/1010 1011/1011/1011
f 1012/1012/1012 1013/1013/1013 1014/1014/1014
f 1015/1015/1015 1016/1016/1016 1017/1017/1017
f 1018/1018/1018 1019/1019/1019 1020/1020/1020
f 1021/1021/1021 1022/1022/1022 1023/1023/1023
f 1024/1024/1024 1025/1025/1025 1026/1026/1026
f 1027/1027/1027 1028/1028/1028 1029/1029/1029
f 1030/1030/1030 1031/1031/1031 1032/1032/1032
f 1033/1033/1033 1034/1034/1034 1035/1035/1035
f 1036/1036/1036 1037/1037/1037 1038/1038/1038
f 1039/1039/1039 1040/1040/1040 1041/1041/1041
f 1042/1042/1042 1043/1043/1043 1044/1044/1044
f 1045/1045/1045 1046/1046/1046 1047/1047/1047
f 1048/1048/1048 1049/1049/1049 1050/1050/1050
f 1051/1051/1051 1052/1052/1052 1053/1053/1053
f 1054/1054/1054 1055/1055/1055 1056/1056/1056
f 1057/1057/1057 1058/1058/1058 1059/1059/1059
f 1060/1060/1060 1061/1061/1061 1062/1062/1062
f 1063/1063/1063 1064/1064/1064 1065/1065/1065
f 1066/1066/1066 1067/1067/1067 1068/1068/1068
f 1069/1069/1069 1070/1070/1070 1071/1071/1071
f 1072/1072/1072 1073/1073/1073 1074/1074/1074
f 1075/1075/1075 1076/1076/1076 1077/1077/1077
f 1078/1078/1078 1079/1079/1079 1080/1080/1080
f 1081/1081/1081 1082/1082/1082 1083/1083/1083
f 1084/1084/1084 1085/1085/1085 1086/1086/1086
f 1087/1087/1087 1088/1088/1088 1089/1089/1089
f 1090/1090/1090 1091/1091/1091 1092/1092/1092
f 1093/1093/1093 1094/1094/1094 1095/1095/1095
f 1096/1096/1096 1097/1097/1097 1098/1098/1098
f 1099/1099/1099 1100/1100/1100 1101/1101/1101
f 1102/1102/1102 1103/1103/1103 1104/1104/1104
f 1105/1105/1105 1106/1106/1106 1107/1107/1107
f 1108/1108/1108 1109/1109/1109 1110/1110/1110
f 1111/1111/1111 1112/1112/1112 1113/1113/1113
f 1114/1114/1114 1115/1115/1115 1116/1116/1116
f 1117/1117/1117 1118/1118/1118 1119/1119/1119
f 1120/1120/1120 1121/1121/1121 1122/1122/1122
f 1123/1123/1123 1124/1124/1124 1125/1125/1125
f 1126/1126/1126 1127/1127/1127 1128/1128/1128
f 1129/1129/1129 1130/1130/1130 1131/1131/1131
f 1132/1132/1132 1133/1133/1133 1134/1134/1134
f 1135/1135/1135 1136/1136/1136 1137/1137/1137
f 1138/1138/1138 1139/1139/1139 1140/1140/1140
f 1141/1141/1141 1142/1142/1142 1143/1143/1143
f 1144/1144/1144 1145/1145/1145 1146/1146/1146
f 1147/1147/1147 1148/1148/1148 1149/1149/1149
f 1150/1150/1150 1151/1151/1151 1152/1152/1152
f 1153/1153/1153 1154/1154/1154 1155/1155/1155
f 1156/1156/1156 1157/1157/1157 1158/1158/1158
f 1159/1159/1159 1160/1160/1160 1161/1161/1161
f 1162/1162/1162 1163/1163/1163 1164/1164/1164
f 1165/1165/1165 1166/1166/1166 1167/1167/1167
f 1168/1168/1168 1169/1169/1169 1170/1170/1170
f 1171/1171/1171 1172/1172/1172 1173/1173/1173
f 1174/1174/1174 1175/1175/1175 1176/1176/1176
f 1177/1177/1177 1178/1178/1178 1179/1179/1179
f 1180/1180/1180 1181/1181/1181 1182/1182/1182
f 1183/1183/1183 1184/1184/1184 1185/1185/1185
f 1186/1186/1186 1187/1187/1187 1188/1188/1188
f 1189/1189/1189 1190/1190/1190 1191/1191/1191
f 1192/1192/1192 1193/1193/1193 1194/1194/1194
f 1195/1195/1195 1196/1196/1196 1197/1197/1197
f 1198/1198/1198 1199/1199/1199 1200/1200/1200
f 1201/1201/1201 1202/1202/1202 1203/1203/1203
f 1204/1204/1204 1205/1205/1205 1206/1206/1206
f 1207/1207/1207 1208/1208/1208 1209/1209/1209
f 1210/1210/1210 1211/1211/1211 1212/1212/1212
f 1213/1213/1213 1214/1214/1214 1215/1215/1215
f 1216/1216/1216 1217/1217/1217 1218/1218/1218
f 1219/1219/1219 1220/1220/1220 1221/1221/1221
f 1222/1222/1222 1223/1223/1223 1224/1224/1224
f 1225/1225/1225 1226/1226/1226 1227/1227/1227
f 1228/1228/1228 1229/1229/1229 1230/1230/1230
f 1231/1231/1231 1232/1232/1232 1233/1233/1233
f 1234/1234/1234 1235/1235/1235 1236/1236/1236
f 1237/1237/1237 1238/1238/1238 1239/1239/1239
f 1240/1240/1240 1241/1241/1241 1242/1242/1242
f 1243/1243/1243 1244/1244/1244 1245/1245/1245
f 1246/1246/1246 1247/1247/1247 1248/1248/1248
f 1249/1249/1249 1250/1250/1250 1251/1251/1251
f 1252/1252/1252 1253/1253/1253 1254/1254/1254
f 1255/1255/1255 1256/1256/1256 1257/1257/1257
f 1258/1258/1258 1259/1259/1259 1260/1260/1260
f 1261/1261/1261 1262/1262/1262 1263/1263/1263
f 1264/1264/1264 1265/1265/1265 1266/1266/1266
f 1267/1267/1267 1268/1268/1268 1269/1269/1269
f 1270/1270/1270 1271/1271/1271 1272/1272/1272
f 1273/1273/1273 1274/1274/1274 1275/1275/1275
f 1276/1276/1276 1277/1277/1277 1278/1278/1278
f 1279/1279/1279 1280/1280/1280 1281/1281/1281
f 1282/1282/1282 1283/1283/1283 1284/1284/1284
f 1285/1285/1285 1286/1286/1286 1287/1287/1287
f 1288/1288/1288 1289/1289/1289 1290/1290/1290
f 1291/1291/1291 1292/1292/1292 1293/1293/1293
f 1294/1294/1294 1295/1295/1295 1296/1296/1296
f 1297/1297/1297 1298/1298/1298 1299/1299/1299
f 1300/1300/1300 1301/1301/1301 1302/1302/1302
f 1303/1303/1303 1304/1304/1304 1305/1305/1305
f 1306/1306/1306 1307/1307/1307 1308/1308/1308
f 1309/1309/1309 1310/1310/1310 1311/1311/1311
f 1312/1312/1312 1313/1313/1313 1314/1314/1314
f 1315/1315/1315 1316/1316/1316 1317/1317/1317
f 1318/1318/1318 1319/1319/1319 1320/1320/1320
f 1321/1321/1321 1322/1322/1322 1323/1323/1323
f 1324/1324/1324 1325/1325/1325 1326/1326/1326
f 1327/1327/1327 1328/1328/1328 1329/1329/1329
f 1330/1330/1330 1331/1331/1331 1332/1332/1332
f 1333/1333/1333 1334/1334/1334 1335/1335/1335
f 1336/1336/1336 1337/1337/1337 1338/1338/1338
f 1339/1339/1339 1340/1340/1340 1341/1341/1341
f 1342/1342/1342 1343/1343/1343 1344/1344/1344
f 1345/1345/1345 1346/1346/1346 1347/1347/1347
f 1348/1348/1348 1349/1349/1349 1350/1350/1350
f 1351/1351/1351 1352/1352/1352 1353/1353/1353
f 1354/1354/1354 1355/1355/1355 1356/1356/1356
f 1357/1357/1357 1358/1358/1358 1359/1359/1359
f 1360/1360/1360 1361/1361/1361 1362/1362/1362
f 1363/1363/1363 1364/1364/1364 1365/1365/1365
f 1366/1366/1366 1367/1367/1367 1368/1368/1368
f 1369/1369/1369 1370/1370/1370 1371/1371/1371
f 1372/1372/1372 1373/1373/1373 1374/1374/1374
f 1375/1375/1375 1376/1376/1376 1377/1377/1377
f 1378/1378/1378 1379/1379/1379 1380/1380/1380
f 1381/1381/1381 1382/1382/1382 1383/1383/1383
f 1384/1384/1384 1385/1385/1385 1386/1386/1386
f 1387/1387/1387 1388/1388/1388 1389/1389/1389
f 1390/1390/1390 1391/1391/1391 1392/1392/1392
f 1393/1393/1393 1394/1394/1394 1395/1395/1395
f 1396/1396/1396 1397/1397/1397 1398/1398/1398
f 1399/1399/1399 1400/1400/1400 1401/1401/1401
f 1402/1402/1402 1403/1403/1403 1404/1404/1404
f 1405/1405/1405 1406/1406/1406 1407/1407/1407
f 1408/1408/1408 1409/1409/1409 1410/1410/1410
f 1411/1411/1411 1412/1412/1412 1413/1413/1413
f 1414/1414/1414 1415/1415/1415 1416/1416/1416
f 1417/1417/1417 1418/1418/1418 1419/1419/1419
f 1420/1420/1420 1421/1421/1421 1422/1422/1422
f 1423/1423/1423 1424/1424/1424 1425/1425/1425
f 1426/1426/1426 1427/1427/1427 1428/1428/1428
f 1429/1429/1429 1430/1430/1430 1431/1431/1431
f 1432/1432/1432 1433/1433/1433 1434/1434/1434
f 1435/1435/1435 1436/1436/1436 1437/1437/1437
f 1438/1438/1438 1439/1439/1439 1440/1440/1440
f 1441/1441/1441 1442/1442/1442 1443/1443/1443
f 1444/1444/1444 1445/1445/1445 1446/1446/1446
f 1447/1447/1447 1448/1448/1448 1449/1449/1449
f 1450/1450/1450 1451/1451/1451 1452/1452/1452
f 1453/1453/1453 1454/1454/1454 1455/1455/1455
f 1456/1456/1456 1457/1457/1457 1458/1458/1458
f 1459/1459/1459 1460/1460/1460 1461/1461/1461
f 1462/1462/1462 1463/1463/1463 1464/1464/1464
f 1465/1465/1465 1466/1466/1466 1467/1467/1467
f 1468/1468/1468 1469/1469/1469 1470/1470/1470
f 1471/1471/1471 1472/1472/1472 1473/1473/1473
f 1474/1474/1474 1475/1475/1475 1476/1476/1476
f 1477/1477/1477 1478/1478/1478 1479/1479/1479
f 1480/1480/1480 1481/1481/1481 1482/1482/1482
f 1483/1483/1483 1484/1484/1484 1485/1485/1485
f 1486/1486/1486 1487/1487/1487 1488/1488/1488
f 1489/1489/1489 1490/1490/1490 1491/1491/1491
f 1492/1492/1492 1493/1493/1493 1494/1494/1494
f 1495/1495/1495 1496/1496/1496 1497/1497/1497
f 1498/1498/1498 1499/1499/1499 1500/1500/1500
f 1501/1501/1501 1502/1502/1502 1503/1503/1503
f 1504/1504/1504 1505/1505/1505 1506/1506/1506
f 1507/1507/1507 1508/1508/1508 1509/1509/1509
f 1510/1510/1510 1511/1511/1511 1512/1512/1512
f 1513/1513/1513 1514/1514/1514 1515/1515/1515
f 1516/1516/1516 1517/1517/1517 1518/1518/1518
f 1519/1519/1519 1520/1520/1520 1521/1521/1521
f 1522/1522/1522 1523/1523/1523 1524/1524/1524
f 1525/1525/1525 1526/1526/1526 1527/1527/1527
f 1528/1528/1528 1529/1529/1529 1530/1530/1530
f 1531/1531/1531 1532/1532/1532 1533/1533/1533
f 1534/1534/1534 1535/1535/1535 1536/1536/1536
f 1537/1537/1537 1538/1538/1538 1539/1539/1539
f 1540/1540/1540 1541/1541/1541 1542/1542/1542
f 1543/1543/1543 1544/1544/1544 1545/1545/1545
f 1546/1546/1546 1547/1547/1547 1548/1548/1548
f 1549/1549/1549 1550/1550/1550 1551/1551/1551
f 1552/1552/1552 1553/1553/1553 1554/1554/1554
f 1555/1555/1555 1556/1556/1556 1557/1557/1557
f 1558/1558/1558 1559/1559/1559 1560/1560/1560
f 1561/1561/1561 1562/1562/1562 1563/1563/1563
f 1564/1564/1564 1565/1565/1565 1566/1566/1566
f 1567/1567/1567 1568/1568/1568 1569/1569/1569
f 1570/1570/1570 1571/1571/1571 1572/1572/1572
f 1573/1573/1573 1574/1574/1574 1575/1575/1575
f 1576/1576/1576 1577/1577/1577 1578/1578/1578
f 1579/1579/1579 1580/1580/1580 1581/1581/1581
f 1582/1582/1582 1583/1583/1583 1584/1584/1584
f 1585/1585/1585 1586/1586/1586 1587/1587/1587
f 1588/1588/1588 1589/1589/1589 1590/1590/1590
f 1591/1591/1591 1592/1592/1592 1593/1593/1593
f 1594/1594/1594 1595/1595/1595 1596/1596/1596
f 1597/1597/1597 1598/1598/1598 1599/1599/1599
f 1600/1600/1600 1601/1601/1601 1602/1602/1602
f 1603/1603/1603 1604/1604/1604 1605/1605/1605
f 1606/1606/1606 1607/1607/1607 1608/1608/1608
f 1609/1609/1609 1610/1610/1610 1611/1611/1611
f 1612/1612/1612 1613/1613/1613 1614/1614/1614
f 1615/1615/1615 1616/1616/1616 1617/1617/1617
f 1618/1618/1618 1619/1619/1619 1620/1620/1620
f 1621/1621/1621 1622/1622/1622 1623/1623/1623
f 1624/1624/1624 1625/1625/1625 1626/1626/1626
f 1627/1627/1627 1628/1628/1628 1629/1629/1629
f 1630/1630/1630 1631/1631/1631 1632/1632/1632
f 1633/1633/1633 1634/1634/1634 1635/1635/1635
f 1636/1636/1636 1637/1637/1637 1638/1638/1638
f 1639/1639/1639 1640/1640/1640 1641/1641/1641
f 1642/1642/1642 1643/1643/1643 1644/1644/1644
f 1645/1645/1645 1646/1646/1646 1647/1647/1647
f 1648/1648/1648 1649/1649/1649 1650/1650/1650
f 1651/1651/1651 1652/1652/1652 1653/1653/1653
f 1654/1654/1654 1655/1655/1655 1656/1656/1656
f 1657/1657/1657 1658/1658/1658 1659/1659/1659
f 1660/1660/1660 1661/1661/1661 1662/1662/1662
f 1663/1663/1663 1664/1664/1664 1665/1665/1665
f 1666/1666/1666 1667/1667/1667 1668/1668/1668
f 1669/1669/1669 1670/1670/1670 1671/1671/1671
f 1672/1672/1672 1673/1673/1673 1674/1674/1674
f 1675/1675/1675 1676/1676/1676 1677/1677/1677
f 1678/1678/1678 1679/1679/1679 1680/1680/1680
f 1681/1681/1681 1682/1682/1682 1683/1683/1683
f 1684/1684/1684 1685/1685/1685 1686/1686/1686
f 1687/1687/1687 1688/1688/1688 1689/1689/1689
f 1690/1690/1690 1691/1691/1691 1692/1692/1692
f 1693/1693/1693 1694/1694/1694 1695/1695/1695
f 1696/1696/1696 1697/1697/1697 1698/1698/1698
f 1699/1699/1699 1700/1700/1700 1701/1701/1701
f 1702/1702/1702 1703/1703/1703 1704/1704/1704
f 1705/1705/1705 1706/1706/1706 1707/1707/1707
f 1708/1708/1708 1709/1709/1709 1710/1710/1710
f 1711/1711/1711 1712/1712/1712 1713/1713/1713
f 1714/1714/1714 1715/1715/1715 1716/1716/1716
f 1717/1717/1717 1718/1718/1718 1719/1719/1719
f 1720/1720/1720 1721/1721/1721 1722/1722/1722
f 1723/1723/1723 1724/1724/1724 1725/1725/1725
f 1726/1726/1726 1727/1727/1727 1728/1728/1728
f 1729/1729/1729 1730/1730/1730 1731/1731/1731
f 1732/1732/1732 1733/1733/1733 1734/1734/1734
f 1735/1735/1735 1736/1736/1736 1737/1737/1737
f 1738/1738/1738 1739/1739/1739 1740/1740/1740
f 1741/1741/1741 1742/1742/1742 1743/1743/1743
f 1744/1744/1744 1745/1745/1745 1746/1746/1746
f 1747/1747/1747 1748/1748/1748 1749/1749/1749
f 1750/1750/1750 1751/1751/1751 1752/1752/1752
f 1753/1753/1753 1754/1754/1754 1755/1755/1755
f 1756/1756/1756 1757/1757/1757 1758/1758/1758
f 1759/1759/1759 1760/1760/1760 1761/1761/1761
f 1762/1762/1762 1763/1763/1763 1764/1764/1764
f 1765/1765/1765 1766/1766/1766 1767/1767/1767
f 1768/1768/1768 1769/1769/1769 1770/1770/1770
f 1771/1771/1771 1772/1772/1772 1773/1773/1773
f 1774/1774/1774 1775/1775/1775 1776/1776/1776
f 1777/1777/1777 1778/1778/1778 1779/1779/1779
f 1780/1780/1780 1781/1781/1781 1782/1782/1782
f 1783/1783/1783 1784/1784/1784 1785/1785/1785
f 1786/1786/1786 1787/1787/1787 1788/1788/1788
f 1789/1789/1789 1790/1790/1790 1791/1791/1791
f 1792/1792/1792 1793/1793/1793 1794/1794/1794
f 1795/1795/1795 1796/1796/1796 1797/1797/1797
f 1798/1798/1798 1799/1799/1799 1800/1800/1800
f 1801/1801/1801 1802/1802/1802 1803/1803/1803
f 1804/1804/1804 1805/1805/1805 1806/1806/1806
f 1807/1807/1807 1808/1808/1808 1809/1809/1809
f 1810/1810/1810 1811/1811/1811 1812/1812/1812
f 1813/1813/1813 1814/1814/1814 1815/1815/1815
f 1816/1816/1816 1817/1817/1817 1818/1818/1818
f 1819/1819/1819 1820/1820/1820 1821/1821/1821
f 1822/1822/1822 1823/1823/1823 1824/1824/1824
f 1825/1825/1825 1826/1826/1826 1827/1827/1827
f 1828/1828/1828 1829/1829/1829 1830/1830/1830
f 1831/1831/1831 1832/1832/1832 1833/1833/1833
f 1834/1834/1834 1835/1835/1835 1836/1836/1836
f 1837/1837/1837 1838/1838/1838 1839/1839/1839
f 1840/1840/1840 1841/1841/1841 1842/1842/1842
f 1843/1843/1843 1844/1844/1844 1845/1845/1845
f 1846/1846/1846 1847/1847/1847 1848/1848/1848
f 1849/1849/1849 1850/1850/1850 1851/1851/1851
f 1852/1852/1852 1853/1853/1853 1854/1854/1854
f 1855/1855/1855 1856/1856/1856 1857/1857/1857
f 1858/1858/1858 1859/1859/1859 1860/1860/1860
f 1861/1861/1861 1862/1862/1862 1863/1863/1863
f 1864/1864/1864 1865/1865/1865 1866/1866/1866
f 1867/1867/1867 1868/1868/1868 1869/1869/1869
f 1870/1870/1870 1871/1871/1871 1872/1872/1872
f 1873/1873/1873 1874/1874/1874 1875/1875/1875
f 1876/1876/1876 1877/1877/1877 1878/1878/1878
f 1879/1879/1879 1880/1880/1880 1881/1881/1881
f 1882/1882/1882 1883/1883/1883 1884/1884/1884
f 1885/1885/1885 1886/1886/1886 1887/1887/1887
f 1888/1888/1888 1889/1889/1889 1890/1890/1890
f 1891/1891/1891 1892/1892/1892 1893/1893/1893
f 1894/1894/1894 1895/1895/1895 1896/1896/1896
f 1897/1897/1897 1898/1898/1898 1899/1899/1899
f 1900/1900/1900 1901/1901/1901 1902/1902/1902
f 1903/1903/1903 1904/1904/1904 1905/1905/1905
f 1906/1906/1906 1907/1907/1907 1908/1908/1908
f 1909/1909/1909 1910/1910/1910 1911/1911/1911
f 1912/1912/1912 1913/1913/1913 1914/1914/1914
f 1915/1915/1915 1916/1916/1916 1917/1917/1917
f 1918/1918/1918 1919/1919/1919 1920/1920/1920
f 1921/1921/1921 1922/1922/1922 1923/1923/1923
f 1924/1924/1924 1925/1925/1925 1926/1926/1926
f 1927/1927/1927 1928/1928/1928 1929/1929/1929
f 1930/1930/1930 1931/1931/1931 1932/1932/1932
f 1933/1933/1933 1934/1934/1934 1935/1935/1935
f 1936/1936/1936 1937/1937/1937 1938/1938/1938
f 1939/1939/1939 1940/1940/1940 1941/1941/1941
f 1942/1942/1942 1943/1943/1943 1944/1944/1944
f 1945/1945/1945 1946/1946/1946 1947/1947/1947
f 1948/1948/1948 1949/1949/1949 1950/1950/1950
f 1951/1951/1951 1952/1952/1952 1953/1953/1953
f 1954/1954/1954 1955/1955/1955 1956/1956/1956
f 1957/1957/1957 1958/1958/1958 1959/1959/1959
f 1960/1960/1960 1961/1961/1961 1962/1962/1962
f 1963/1963/1963 1964/1964/1964 1965/1965/1965
f 1966/1966/1966 1967/1967/1967 1968/1968/1968
f 1969/1969/1969 1970/1970/1970 1971/1971/1971
f 1972/1972/1972 1973/1973/1973 1974/1974/1974
f 1975/1975/1975 1976/1976/1976 1977/1977/1977
f 1978/1978/1978 1979/1979/1979 1980/1980/1980
f 1981/1981/1981 1982/1982/1982 1983/1983/1983
f 1984/1984/1984 1985/1985/1985 1986/1986/1986
f 1987/1987/1987 1988/1988/1988 1989/1989/1989
f 1990/1990/1990 1991/1991/1991 1992/1992/1992
f 1993/1993/1993 1994/1994/1994 1995/1995/1995
f 1996/1996/1996 1997/1997/1997 1998/1998/1998
f 1999/1999/1999 2000/2000/2000 2001/2001/2001
f 2002/2002/2002 2003/2003/2003 2004/2004/2004
f 2005/2005/2005 2006/2006/2006 2007/2007/2007
f 2008/2008/2008 2009/2009/2009 2010/2010/2010
f 2011/2011/2011 2012/2012/2012 2013/2013/2013
f 2014/2014/2014 2015/2015/2015 2016/2016/2016
f 2017/2017/2017 2018/2018/2018 2019/2019/2019
f 2020/2020/2020 2021/2021/2021 2022/2022/2022
f 2023/2023/2023 2024/2024/2024 2025/2025/2025
f 2026/2026/2026 2027/2027/2027 2028/2028/2028
f 2029/2029/2029 2030/2030/2030 2031/2031/2031
f 2032/2032/2032 2033/2033/2033 2034/2034/2034
f 2035/2035/2035 2036/2036/2036 2037/2037/2037
f 2038/2038/2038 2039/2039/2039 2040/2040/2040
f 2041/2041/2041 2042/2042/2042 2043/2043/2043
f 2044/2044/2044 2045/2045/2045 2046/2046/2046
f 2047/2047/2047 2048/2048/2048 2049/2049/2049
f 2050/2050/2050 2051/2051/2051 2052/2052/2052
f 2053/2053/2053 2054/2054/2054 2055/2055/2055
f 2056/2056/2056 2057/2057/2057 2058/2058/2058
f 2059/2059/2059 2060/2060/2060 2061/2061/2061
f 2062/2062/2062 2063/2063/2063 2064/2064/2064
f 2065/2065/2065 2066/2066/2066 2067/2067/2067
f 2068/2068/2068 2069/2069/2069 2070/2070/2070
f 2071/2071/2071 2072/2072/2072 2073/2073/2073
f 2074/2074/2074 2075/2075/2075 2076/2076/2076
f 2077/2077/2077 2078/2078/2078 2079/2079/2079
f 2080/2080/2080 2081/2081/2081 2082/2082/2082
f 2083/2083/2083 2084/2084/2084 2085/2085/2085
f 2086/2086/2086 2087/2087/2087 2088/2088/2088
f 2089/2089/2089 2090/2090/2090 2091/2091/2091
f 2092/2092/2092 2093/2093/2093 2094/2094/2094
f 2095/2095/2095 2096/2096/2096 2097/2097/2097
f 2098/2098/2098 2099/2099/2099 2100/2100/2100
f 2101/2101/2101 2102/2102/2102 2103/2103/2103
f 2104/2104/2104 2105/2105/2105 2106/2106/2106
f 2107/2107/2107 2108/2108/2108 2109/2109/2109
f 2110/2110/2110 2111/2111/2111 2112/2112/2112
f 2113/2113/2113 2114/2114/2114 2115/2115/2115
f 2116/2116/2116 2117/2117/2117 2118/2118/2118
f 2119/2119/2119 2120/2120/2120 2121/2121/2121
f 2122/2122/2122 2123/2123/2123 2124/2124/2124
f 2125/2125/2125 2126/2126/2126 2127/2127/2127
f 2128/2128/2128 2129/2129/2129 2130/2130/2130
f 2131/2131/2131 2132/2132/2132 2133/2133/2133
f 2134/2134/2134 2135/2135/2135 2136/2136/2136
f 2137/2137/2137 2138/2138/2138 2139/2139/2139
f 2140/2140/2140 2141/2141/2141 2142/2142/2142
f 2143/2143/2143 2144/2144/2144 2145/2145/2145
f 2146/2146/2146 2147/2147/2147 2148/2148/2148
f 2149/2149/2149 2150/2150/2150 2151/2151/2151
f 2152/2152/2152 2153/2153/2153 2154/2154/2154
f 2155/2155/2155 2156/2156/2156 2157/2157/2157
f 2158/2158/2158 2159/2159/2159 2160/2160/2160
f 2161/2161/2161 2162/2162/2162 2163/2163/2163
f 2164/2164/2164 2165/2165/2165 2166/2166/2166
f 2167/2167/2167 2168/2168/2168 2169/2169/2169
f 2170/2170/2170 2171/2171/2171 2172/2172/2172
f 2173/2173/2173 2174/2174/2174 2175/2175/2175
f 2176/2176/2176 2177/2177/2177 2178/2178/2178
f 2179/2179/2179 2180/2180/2180 2181/2181/2181
f 2182/2182/2182 2183/2183/2183 2184/2184/2184
f 2185/2185/2185 2186/2186/2186 2187/2187/2187
f 2188/2188/2188 2189/2189/2189 2190/2190/2190
f 2191/2191/2191 2192/2192/2192 2193/2193/2193
f 2194/2194/2194 2195/2195/2195 2196/2196/2196
f 2197/2197/2197 2198/2198/2198 2199/2199/2199
f 2200/2200/2200 2201/2201/2201 2202/2202/2202
f 2203/2203/2203 2204/2204/2204 2205/2205/2205
f 2206/2206/2206 2207/2207/2207 2208/2208/2208
f 2209/2209/2209 2210/2210/2210 2211/2211/2211
f 2212/2212/2212 2213/2213/2213 2214/2214/2214
f 2215/2215/2215 2216/2216/2216 2217/2217/2217
f 2218/2218/2218 2219/2219/2219 2220/2220/2220
f 2221/2221/2221 2222/2222/2222 2223/2223/2223
f 2224/2224/2224 2225/2225/2225 2226/2226/2226
f 2227/2227/2227 2228/2228/2228 2229/2229/2229
f 2230/2230/2230 2231/2231/2231 2232/2232/2232
f 2233/2233/2233 2234/2234/2234 2235/2235/2235
f 2236/2236/2236 2237/2237/2237 2238/2238/2238
f 2239/2239/2239 2240/2240/2240 2241/2241/2241
f 2242/2242/2242 2243/2243/2243 2244/2244/2244
f 2245/2245/2245 2246/2246/2246 2247/2247/2247
f 2248/2248/2248 2249/2249/2249 2250/2250/2250
f 2251/2251/2251 2252/2252/2252 2253/2253/2253
f 2254/2254/2254 2255/2255/2255 2256/2256/2256
f 2257/2257/2257 2258/2258/2258 2259/2259/2259
f 2260/2260/2260 2261/2261/2261 2262/2262/2262
f 2263/2263/2263 2264/2264/2264 2265/2265/2265
f 2266/2266/2266 2267/2267/2267 2268/2268/2268
f 2269/2269/2269 2270/2270/2270 2271/2271/2271
f 2272/2272/2272 2273/2273/2273 2274/2274/2274
f 2275/2275/2275 2276/2276/2276 2277/2277/2277
f 2278/2278/2278 2279/2279/2279 2280/2280/2280
f 2281/2281/2281 2282/2282/2282 2283/2283/2283
f 2284/2284/2284 2285/2285/2285 2286/2286/2286
f 2287/2287/2287 2288/2288/2288 2289/2289/2289
f 2290/2290/2290 2291/2291/2291 2292/2292/2292
f 2293/2293/2293 2294/2294/2294 2295/2295/2295
f 2296/2296/2296 2297/2297/2297 2298/2298/2298
f 2299/2299/2299 2300/2300/2300 2301/2301/2301
f 2302/2302/2302 2303/2303/2303 2304/2304/2304
f 2305/2305/2305 2306/2306/2306 2307/2307/2307
f 2308/2308/2308 2309/2309/2309 2310/2310/2310
f 2311/2311/2311 2312/2312/2312 2313/2313/2313
f 2314/2314/2314 2315/2315/2315 2316/2316/2316
f 2317/2317/2317 2318/2318/2318 2319/2319/2319
f 2320/2320/2320 2321/2321/2321 2322/2322/2322
f 2323/2323/2323 2324/2324/2324 2325/2325/2325
f 2326/2326/2326 2327/2327/2327 2328/2328/2328
f 2329/2329/2329 2330/2330/2330 2331/2331/2331
f 2332/2332/2332 2333/2333/2333 2334/2334/2334
f 2335/2335/2335 2336/2336/2336 2337/2337/2337
f 2338/2338/2338 2339/2339/2339 2340/2340/2340
f 2341/2341/2341 2342/2342/2342 2343/2343/2343
f 2344/2344/2344 2345/2345/2345 2346/2346/2346
f 2347/2347/2347 2348/2348/2348 2349/2349/2349
f 2350/2350/2350 2351/2351/2351 2352/2352/2352
f 2353/2353/2353 2354/2354/2354 2355/2355/2355
f 2356/2356/2356 2357/2357/2357 2358/2358/2358
f 2359/2359/2359 2360/2360/2360 2361/2361/2361
f 2362/2362/2362 2363/2363/2363 2364/2364/2364
f 2365/2365/2365 2366/2366/2366 2367/2367/2367
f 2368/2368/2368 2369/2369/2369 2370/2370/2370
f 2371/2371/2371 2372/2372/2372 2373/2373/2373
f 2374/2374/2374 2375/2375/2375 2376/2376/2376
f 2377/2377/2377 2378/2378/2378 2379/2379/2379
f 2380/2380/2380 2381/2381/2381 2382/2382/2382
f 2383/2383/2383 2384/2384/2384 2385/2385/2385
f 2386/2386/2386 2387/2387/2387 2388/2388/2388
f 2389/2389/2389 2390/2390/2390 2391/2391/2391
f 2392/2392/2392 2393/2393/2393 2394/2394/2394
f 2395/2395/2395 2396/2396/2396 2397/2397/2397
f 2398/2398/2398 2399/2399/2399 2400/2400/2400
f 2401/2401/2401 2402/2402/2402 2403/2403/2403
f 2404/2404/2404 2405/2405/2405 2406/2406/2406
f 2407/2407/2407 2408/2408/2408 2409/2409/2409
f 2410/2410/2410 2411/2411/2411 2412/2412/2412
f 2413/2413/2413 2414/2414/2414 2415/2415/2415
f 2416/2416/2416 2417/2417/2417 2418/2418/2418
f 2419/2419/2419 2420/2420/2420 2421/2421/2421
f 2422/2422/2422 2423/2423/2423 2424/2424/2424
f 2425/2425/2425 2426/2426/2426 2427/2427/2427
f 2428/2428/2428 2429/2429/2429 2430/2430/2430
f 2431/2431/2431 2432/2432/2432 2433/2433/2433
f 2434/2434/2434 2435/2435/2435 2436/2436/2436
f 2437/2437/2437 2438/2438/2438 2439/2439/2439
f 2440/2440/2440 2441/2441/2441 2442/2442/2442
f 2443/2443/2443 2444/2444/2444 2445/2445/2445
f 2446/2446/2446 2447/2447/2447 2448/2448/2448
f 2449/2449/2449 2450/2450/2450 2451/2451/2451
f 2452/2452/2452 2453/2453/2453 2454/2454/2454
f 2455/2455/2455 2456/2456/2456 2457/2457/2457
f 2458/2458/2458 2459/2459/2459 2460/2460/2460
f 2461/2461/2461 2462/2462/2462 2463/2463/2463
f 2464/2464/2464 2465/2465/2465 2466/2466/2466
f 2467/2467/2467 2468/2468/2468 2469/2469/2469
f 2470/2470/2470 2471/2471/2471 2472/2472/2472
f 2473/2473/2473 2474/2474/2474 2475/2475/2475
f 2476/2476/2476 2477/2477/2477 2478/2478/2478
f 2479/2479/2479 2480/2480/2480 2481/2481/2481
f 2482/2482/2482 2483/2483/2483 2484/2484/2484
f 2485/2485/2485 2486/2486/2486 2487/2487/2487
f 2488/2488/2488 2489/2489/2489 2490/2490/2490
f 2491/2491/2491 2492/2492/2492 2493/2493/2493
f 2494/2494/2494 2495/2495/2495 2496/2496/2496
f 2497/2497/2497 2498/2498/2498 2499/2499/2499
f 2500/2500/2500 2501/2501/2501 2502/2502/2502
f 2503/2503/2503 2504/2504/2504 2505/2505/2505
f 2506/2506/2506 2507/2507/2507 2508/2508/2508
f 2509/2509/2509 2510/2510/2510 2511/2511/2511
f 2512/2512/2512 2513/2513/2513 2514/2514/2514
f 2515/2515/2515 2516/2516/2516 2517/2517/2517
f 2518/2518/2518 2519/2519/2519 2520/2520/2520
f 2521/2521/2521 2522/2522/2522 2523/2523/2523
f 2524/2524/2524 2525/2525/2525 2526/2526/2526
f 2527/2527/2527 2528/2528/2528 2529/2529/2529
f 2530/2530/2530 2531/2531/2531 2532/2532/2532
f 2533/2533/2533 2534/2534/2534 2535/2535/2535
f 2536/2536/2536 2537/2537/2537 2538/2538/2538
f 2539/2539/2539 2540/2540/2540 2541/2541/2541
