# Blender 5.1.2
# www.blender.org
mtllib diamond pooo.mtl
o Gingerbread_Sniper
v 0.264510 0.224649 -0.097536
v 0.264510 0.133964 0.113341
v 0.264510 0.133964 -0.097536
v 0.264510 0.224649 0.113341
v 0.264510 0.133964 0.113341
v -0.102252 0.180301 0.113341
v -0.102252 0.089616 0.113341
v 0.264510 0.224649 0.113341
v -0.102252 0.089616 -0.097536
v -0.102252 0.089616 0.113341
v -0.102252 0.180301 -0.097536
v -0.102252 0.180301 0.113341
v 0.264510 0.107365 -0.098416
v -0.102252 0.180301 -0.097536
v 0.264510 0.133964 -0.097536
v -0.102252 0.089616 -0.097536
v 0.264510 0.224649 -0.097536
v 0.264019 0.254455 0.111811
v 0.264019 0.254455 -0.096403
v 0.264019 0.254455 0.111811
v 0.264019 0.254455 -0.096403
v -0.100360 0.254455 0.111811
v -0.100360 0.254455 -0.096403
v -0.100360 0.254455 0.111811
v 0.264019 0.254455 0.111811
v -0.100360 0.254455 0.111811
v -0.100360 0.254455 -0.096403
v 0.264019 0.254455 -0.096403
v -0.100360 0.254455 -0.096403
v 0.179696 0.343534 -0.023259
v 0.179696 0.343534 0.039887
v 0.179696 0.330456 0.008314
v 0.179696 0.406681 -0.023259
v 0.179696 0.375107 -0.036338
v 0.179696 0.406681 0.039887
v 0.179696 0.375107 0.052966
v 0.179696 0.419759 0.008314
v -0.082459 0.396462 0.029669
v -0.175293 0.393262 0.026469
v -0.082459 0.405307 0.008314
v -0.208785 0.387909 0.021115
v -0.175293 0.400782 0.008314
v -0.208785 0.393211 0.008314
v -0.208785 0.387909 -0.004487
v -0.175293 0.393262 -0.009841
v -0.082459 0.396462 -0.013041
v -0.060528 0.406681 -0.023259
v 0.179696 0.406681 -0.023259
v -0.060528 0.419759 0.008314
v 0.179696 0.419759 0.008314
v -0.060528 0.406681 0.039887
v 0.179696 0.406681 0.039887
v -0.082459 0.397843 -0.014421
v -0.060528 0.406681 -0.023259
v -0.060528 0.419759 0.008314
v -0.082459 0.407260 0.008314
v -0.082459 0.397843 0.031049
v -0.060528 0.406681 0.039887
v -0.082459 0.396462 0.029669
v -0.175293 0.393262 0.026469
v -0.082459 0.375107 0.038514
v -0.175293 0.375107 0.033989
v -0.208785 0.387909 0.021115
v -0.208785 0.375107 0.026418
v -0.208785 0.362306 0.021115
v -0.175293 0.356952 0.026469
v -0.082459 0.353753 0.029669
v -0.082459 0.375107 0.038514
v -0.175293 0.375107 0.033989
v -0.208785 0.375107 0.026418
v -0.060528 0.343534 0.039887
v 0.179696 0.343534 0.039887
v 0.179696 0.375107 0.052966
v -0.060528 0.375107 0.052966
v -0.060528 0.406681 0.039887
v 0.179696 0.406681 0.039887
v -0.060528 0.375107 0.052966
v 0.179696 0.375107 0.052966
v -0.082459 0.352372 0.031049
v -0.060528 0.375107 0.052966
v -0.082459 0.375107 0.040467
v -0.060528 0.343534 0.039887
v -0.082459 0.397843 0.031049
v -0.060528 0.406681 0.039887
v -0.060528 0.375107 0.052966
v -0.082459 0.375107 0.040467
v -0.208785 0.387909 0.021115
v -0.208785 0.362306 0.021115
v -0.208785 0.375107 0.026418
v -0.208785 0.375107 -0.009789
v -0.208785 0.357004 0.008314
v -0.208785 0.362306 -0.004487
v -0.208785 0.393211 0.008314
v -0.208785 0.387909 -0.004487
v -0.082459 0.353753 -0.013041
v -0.082459 0.375107 -0.023839
v -0.082459 0.352372 -0.014421
v -0.082459 0.375107 -0.021886
v -0.082459 0.344907 0.008314
v -0.082459 0.396462 -0.013041
v -0.082459 0.342955 0.008314
v -0.082459 0.397843 -0.014421
v -0.082459 0.352372 0.031049
v -0.082459 0.405307 0.008314
v -0.082459 0.353753 0.029669
v -0.082459 0.375107 0.040467
v -0.082459 0.375107 0.038514
v -0.082459 0.407260 0.008314
v -0.082459 0.397843 0.031049
v -0.082459 0.396462 0.029669
v -0.082459 0.375107 0.040467
v -0.082459 0.375107 0.038514
v -0.208785 0.362306 -0.004487
v -0.175293 0.356952 -0.009841
v -0.082459 0.353753 -0.013041
v -0.082459 0.344907 0.008314
v -0.175293 0.349432 0.008314
v -0.208785 0.357004 0.008314
v -0.208785 0.362306 0.021115
v -0.175293 0.356952 0.026469
v -0.082459 0.353753 0.029669
v -0.060528 0.343534 0.039887
v 0.179696 0.343534 0.039887
v -0.060528 0.330456 0.008314
v 0.179696 0.330456 0.008314
v -0.060528 0.343534 -0.023259
v 0.179696 0.343534 -0.023259
v -0.082459 0.352372 0.031049
v -0.060528 0.343534 0.039887
v -0.060528 0.330456 0.008314
v -0.082459 0.342955 0.008314
v -0.082459 0.352372 -0.014421
v -0.060528 0.343534 -0.023259
v -0.208785 0.387909 -0.004487
v -0.175293 0.393262 -0.009841
v -0.082459 0.396462 -0.013041
v -0.082459 0.375107 -0.021886
v -0.175293 0.375107 -0.017361
v -0.208785 0.375107 -0.009789
v -0.208785 0.362306 -0.004487
v -0.175293 0.356952 -0.009841
v -0.082459 0.353753 -0.013041
v -0.060528 0.343534 -0.023259
v 0.179696 0.343534 -0.023259
v -0.060528 0.375107 -0.036338
v 0.179696 0.375107 -0.036338
v -0.060528 0.406681 -0.023259
v 0.179696 0.406681 -0.023259
v -0.082459 0.352372 -0.014421
v -0.060528 0.343534 -0.023259
v -0.060528 0.375107 -0.036338
v -0.082459 0.375107 -0.023839
v -0.082459 0.397843 -0.014421
v -0.060528 0.406681 -0.023259
v 0.661582 0.239088 0.007701
v 0.661582 0.446377 0.007701
v 0.661582 0.269445 0.080989
v 0.661582 0.342733 0.111346
v 0.661582 0.416021 0.080989
v 0.661582 0.269445 -0.065587
v 0.661582 0.342733 -0.095944
v 0.661582 0.416021 -0.065587
v 0.637869 0.354491 -0.248092
v 0.645412 0.346268 -0.242432
v 0.645006 0.347272 -0.247582
v 0.650065 0.338368 -0.247030
v 0.645619 0.345756 -0.252584
v 0.639050 0.351574 -0.257710
v 0.647089 0.342123 -0.256098
v 0.641875 0.344590 -0.264466
v 0.634764 0.345640 -0.271644
v 0.649021 0.337349 -0.257182
v 0.645589 0.335411 -0.266550
v 0.650897 0.332712 -0.255546
v 0.652214 0.329455 -0.251627
v 0.652621 0.328450 -0.246477
v 0.649196 0.326495 -0.263403
v 0.640007 0.332681 -0.274586
v 0.651730 0.320233 -0.255870
v 0.652511 0.318301 -0.245968
v 0.645099 0.320095 -0.270145
v 0.648676 0.311253 -0.259510
v 0.649780 0.308526 -0.245530
v 0.643265 0.303126 -0.262300
v 0.638888 0.313945 -0.275314
v 0.633790 0.348047 -0.223915
v 0.637696 0.316891 -0.216911
v 0.642577 0.304827 -0.228582
v 0.644615 0.299789 -0.245195
v 0.648114 0.312643 -0.231953
v 0.644125 0.322502 -0.222415
v 0.638883 0.335461 -0.219473
v 0.651331 0.321217 -0.236350
v 0.648506 0.328201 -0.229594
v 0.644792 0.337380 -0.227510
v 0.652007 0.329967 -0.241475
v 0.650538 0.333599 -0.237962
v 0.648606 0.338374 -0.236878
v 0.641185 0.346296 -0.230656
v 0.646730 0.343010 -0.238514
v 0.638651 0.352559 -0.238190
v 0.605379 0.377675 -0.168714
v 0.622728 0.411371 -0.050363
v 0.642243 0.391258 -0.050588
v 0.594107 0.388169 -0.174421
v 0.605044 0.362110 -0.162775
v 0.641984 0.363348 -0.050433
v 0.622712 0.332252 -0.234898
v 0.614800 0.339266 -0.241303
v 0.621881 0.321671 -0.228614
v 0.592825 0.350734 -0.160060
v 0.612848 0.313692 -0.226111
v 0.637869 0.354491 -0.248092
v 0.639050 0.351574 -0.257710
v 0.629110 0.359616 -0.248529
v 0.630776 0.355499 -0.262107
v 0.619323 0.362304 -0.248865
v 0.641875 0.344590 -0.264466
v 0.621361 0.357266 -0.265478
v 0.611446 0.356758 -0.267596
v 0.634764 0.345640 -0.271644
v 0.626242 0.345202 -0.277148
v 0.616887 0.343309 -0.280607
v 0.661582 0.416021 0.080989
v 0.523494 0.416021 0.080989
v 0.661582 0.446377 0.007701
v 0.523494 0.446377 0.007701
v 0.661582 0.416021 -0.065587
v 0.523494 0.416021 -0.065587
v 0.610679 0.358654 -0.230006
v 0.615558 0.346593 -0.215498
v 0.620673 0.358967 -0.231759
v 0.625050 0.348148 -0.218746
v 0.633790 0.348047 -0.223915
v 0.605957 0.343488 -0.214391
v 0.600906 0.355972 -0.229408
v 0.592019 0.351104 -0.230006
v 0.609173 0.362374 -0.249075
v 0.599348 0.359824 -0.249147
v 0.584618 0.344380 -0.231759
v 0.590514 0.354825 -0.249075
v 0.601700 0.354010 -0.268319
v 0.592786 0.349208 -0.267596
v 0.585306 0.342679 -0.265478
v 0.583268 0.347717 -0.248865
v 0.641185 0.346296 -0.230656
v 0.630213 0.356889 -0.234550
v 0.638651 0.352559 -0.238190
v 0.622728 0.411371 -0.050363
v 0.594107 0.388169 -0.174421
v 0.594643 0.411842 -0.049836
v 0.614800 0.339266 -0.241303
v 0.602783 0.338577 -0.244062
v 0.577868 0.387755 -0.176669
v 0.565970 0.376739 -0.174062
v 0.574445 0.392227 -0.049260
v 0.535252 0.400337 0.068289
v -0.142638 0.400337 0.068289
v 0.535252 0.425434 0.007701
v -0.142638 0.425434 0.007701
v 0.535252 0.400337 -0.052888
v -0.142638 0.400337 -0.052888
v 0.593119 0.301866 -0.222415
v 0.523494 0.342733 0.111346
v 0.661582 0.342733 0.111346
v 0.661582 0.416021 0.080989
v 0.523494 0.269445 0.080989
v 0.523494 0.416021 0.080989
v 0.661582 0.269445 0.080989
v 0.615558 0.346593 -0.215498
v 0.625050 0.348148 -0.218746
v 0.633790 0.348047 -0.223915
v 0.622504 0.329424 -0.209439
v 0.631281 0.332747 -0.213311
v 0.613147 0.325716 -0.208119
v 0.637696 0.316891 -0.216911
v 0.605957 0.343488 -0.214391
v 0.629656 0.311747 -0.213453
v 0.600906 0.355972 -0.229408
v 0.642577 0.304827 -0.228582
v 0.592019 0.351104 -0.230006
v 0.596898 0.339044 -0.215498
v 0.584618 0.344380 -0.231759
v 0.588995 0.333561 -0.218746
v 0.603845 0.321875 -0.209439
v 0.582784 0.327411 -0.223915
v 0.595226 0.318160 -0.213311
v 0.610996 0.304197 -0.213453
v 0.601641 0.302304 -0.216911
v 0.587876 0.314825 -0.219473
v 0.620551 0.307418 -0.212274
v 0.616437 0.290748 -0.226463
v 0.635097 0.298298 -0.226463
v 0.626183 0.293496 -0.225741
v 0.644125 0.322502 -0.222415
v 0.638883 0.335461 -0.219473
v -0.142638 0.279161 0.068289
v 0.535252 0.279161 0.068289
v 0.535252 0.339749 0.093386
v -0.142638 0.339749 0.093386
v 0.535252 0.400337 0.068289
v -0.142638 0.400337 0.068289
v -0.142638 0.279161 -0.052888
v -0.142638 0.279161 0.068289
v -0.142638 0.339749 -0.077984
v -0.142638 0.254064 0.007701
v -0.142638 0.400337 0.068289
v -0.142638 0.339749 0.093386
v -0.142638 0.400337 -0.052888
v -0.142638 0.425434 0.007701
v 0.523494 0.269445 -0.065587
v 0.523494 0.446377 0.007701
v 0.523494 0.342733 -0.095944
v 0.523494 0.416021 -0.065587
v 0.523494 0.239088 0.007701
v 0.523494 0.269445 0.080989
v 0.523494 0.342733 0.111346
v 0.523494 0.416021 0.080989
v 0.590187 0.330615 -0.277148
v 0.594093 0.299459 -0.270145
v 0.583758 0.325004 -0.271644
v 0.579769 0.334863 -0.262107
v 0.589001 0.312045 -0.274586
v 0.576552 0.326289 -0.257710
v 0.575372 0.329206 -0.248092
v 0.579377 0.319305 -0.264466
v 0.583091 0.310126 -0.266550
v 0.586698 0.301210 -0.263403
v 0.577345 0.313907 -0.256098
v 0.579277 0.309133 -0.257182
v 0.575876 0.317539 -0.252584
v 0.577818 0.309138 -0.247030
v 0.581153 0.304496 -0.255546
v 0.575262 0.319056 -0.247582
v 0.576154 0.327274 -0.238190
v 0.575669 0.318051 -0.242432
v 0.578687 0.321011 -0.230656
v 0.576987 0.314794 -0.238514
v 0.582294 0.312095 -0.227510
v 0.578863 0.310157 -0.236878
v 0.586008 0.302916 -0.229594
v 0.593119 0.301866 -0.222415
v 0.580794 0.305383 -0.237962
v 0.588834 0.295932 -0.236350
v 0.582263 0.301751 -0.241475
v 0.590014 0.293015 -0.245968
v 0.582877 0.300234 -0.246477
v 0.582471 0.301238 -0.251627
v 0.589232 0.294947 -0.255870
v 0.584618 0.344380 -0.231759
v 0.585306 0.342679 -0.265478
v 0.583268 0.347717 -0.248865
v 0.578103 0.338980 -0.248529
v 0.579207 0.336253 -0.234550
v 0.588995 0.333561 -0.218746
v 0.582784 0.327411 -0.223915
v 0.587876 0.314825 -0.219473
v 0.602783 0.338577 -0.244062
v 0.594070 0.343721 -0.049315
v 0.600831 0.312940 -0.228856
v 0.577868 0.387755 -0.176669
v 0.565970 0.376739 -0.174062
v 0.593695 0.330591 -0.241583
v 0.574445 0.392227 -0.049260
v 0.565267 0.361478 -0.168083
v 0.592862 0.319949 -0.235284
v 0.574132 0.363910 -0.048998
v 0.576236 0.350664 -0.162275
v 0.643265 0.303126 -0.262300
v 0.621926 0.304018 -0.279669
v 0.612325 0.300913 -0.278561
v 0.617205 0.288852 -0.264054
v 0.607210 0.288539 -0.262300
v 0.602833 0.299358 -0.275314
v 0.608560 0.285202 -0.245195
v 0.594093 0.299459 -0.270145
v 0.597670 0.290617 -0.259510
v 0.586698 0.301210 -0.263403
v 0.586008 0.302916 -0.229594
v 0.593119 0.301866 -0.222415
v 0.597107 0.292007 -0.231953
v 0.606522 0.290240 -0.228582
v 0.588834 0.295932 -0.236350
v 0.598773 0.287890 -0.245530
v 0.590014 0.293015 -0.245968
v 0.589232 0.294947 -0.255870
v 0.523494 0.269445 0.080989
v 0.661582 0.269445 0.080989
v 0.523494 0.239088 0.007701
v 0.661582 0.239088 0.007701
v 0.523494 0.269445 -0.065587
v 0.661582 0.269445 -0.065587
v 0.642577 0.304827 -0.228582
v 0.610996 0.304197 -0.213453
v 0.601641 0.302304 -0.216911
v 0.616437 0.290748 -0.226463
v 0.635097 0.298298 -0.226463
v 0.626183 0.293496 -0.225741
v 0.618710 0.285132 -0.244984
v 0.628535 0.287683 -0.244913
v 0.637370 0.292681 -0.244984
v 0.626977 0.291534 -0.264652
v 0.644615 0.299789 -0.245195
v 0.635864 0.296402 -0.264054
v 0.605044 0.362110 -0.162775
v 0.641984 0.363348 -0.050433
v 0.622198 0.343676 -0.049948
v 0.592825 0.350734 -0.160060
v 0.612848 0.313692 -0.226111
v 0.594070 0.343721 -0.049315
v 0.600831 0.312940 -0.228856
v 0.576236 0.350664 -0.162275
v -0.142638 0.279161 0.068289
v 0.535252 0.279161 0.068289
v -0.142638 0.254064 0.007701
v 0.535252 0.254064 0.007701
v -0.142638 0.279161 -0.052888
v 0.535252 0.279161 -0.052888
v 0.611446 0.356758 -0.267596
v 0.634764 0.345640 -0.271644
v 0.640007 0.332681 -0.274586
v 0.645099 0.320095 -0.270145
v 0.632657 0.329346 -0.280749
v 0.643265 0.303126 -0.262300
v 0.638888 0.313945 -0.275314
v 0.630985 0.308462 -0.278561
v 0.626242 0.345202 -0.277148
v 0.624039 0.325632 -0.284620
v 0.616887 0.343309 -0.280607
v 0.607333 0.340089 -0.281786
v 0.614736 0.321790 -0.285940
v 0.598227 0.335760 -0.280607
v 0.621926 0.304018 -0.279669
v 0.605379 0.318082 -0.284620
v 0.612325 0.300913 -0.278561
v 0.590187 0.330615 -0.277148
v 0.602833 0.299358 -0.275314
v 0.596602 0.314759 -0.280749
v 0.594093 0.299459 -0.270145
v 0.583758 0.325004 -0.271644
v 0.589001 0.312045 -0.274586
v 0.661582 0.416021 -0.065587
v 0.523494 0.269445 -0.065587
v 0.523494 0.416021 -0.065587
v 0.661582 0.269445 -0.065587
v 0.661582 0.342733 -0.095944
v 0.523494 0.342733 -0.095944
v 0.601700 0.354010 -0.268319
v 0.592786 0.349208 -0.267596
v 0.585306 0.342679 -0.265478
v 0.626977 0.291534 -0.264652
v 0.635864 0.296402 -0.264054
v -0.142638 0.279161 -0.052888
v 0.535252 0.279161 -0.052888
v -0.142638 0.339749 -0.077984
v 0.535252 0.339749 -0.077984
v 0.535252 0.400337 -0.052888
v -0.142638 0.400337 -0.052888
v 1.811120 0.025966 0.008772
v 1.766144 0.108403 0.126936
v 1.800291 0.025966 0.126936
v 1.773802 0.116060 0.008772
v 1.766145 0.108403 -0.109392
v 1.800291 0.025966 -0.109392
v 0.808757 0.520364 0.008696
v 0.808757 0.556502 -0.079121
v 0.808757 0.577440 -0.058045
v 0.808757 0.549975 0.008696
v 0.808757 0.643745 -0.085690
v 0.808757 0.577440 0.075437
v 0.808757 0.643745 -0.115496
v 0.808757 0.556502 0.096513
v 0.808757 0.730988 -0.079121
v 0.808757 0.643745 0.103082
v 0.808757 0.710049 -0.058045
v 0.808757 0.643745 0.132888
v 0.808757 0.767125 0.008696
v 0.808757 0.730988 0.096513
v 0.808757 0.737514 0.008696
v 0.808757 0.710050 0.075437
v 0.640173 0.063493 0.008772
v 0.687816 0.178511 0.008772
v 0.630398 0.073268 0.125773
v 0.673992 0.178511 0.125773
v 0.630398 0.073268 -0.108229
v 0.673992 0.178511 -0.108229
v 0.314126 0.607800 -0.074213
v 0.314126 0.607800 0.091711
v 0.314126 0.359853 -0.074213
v 0.314126 0.359853 0.091711
v 0.314126 0.710892 -0.059979
v 0.314126 0.642164 -0.088447
v 0.314126 0.739360 0.008749
v 0.314126 0.710892 0.077477
v 0.314126 0.642164 0.105945
v 0.090009 0.683888 0.161608
v 0.112139 0.643325 0.139895
v 0.093777 0.687656 0.139895
v 0.106811 0.643325 0.161608
v 0.090009 0.683888 0.118183
v 0.106811 0.643325 0.118183
v 0.090009 0.796428 -0.032135
v 0.112139 0.774715 0.008428
v 0.093777 0.774715 -0.035903
v 0.106811 0.796428 0.008428
v 0.090009 0.753003 -0.032135
v 0.106811 0.753003 0.008428
v 0.191454 0.147288 0.008772
v 0.146479 0.229725 0.122414
v 0.180626 0.147287 0.122414
v 0.154136 0.237382 0.008772
v 0.146479 0.229725 -0.104870
v 0.180626 0.147287 -0.104870
v 0.090009 0.602684 -0.144674
v 0.112139 0.643247 -0.122962
v 0.093777 0.598916 -0.122962
v 0.106811 0.643247 -0.144674
v 0.090009 0.602684 -0.101250
v 0.106811 0.643247 -0.101250
v -0.123301 0.739360 0.008749
v -0.123301 0.607801 -0.074213
v -0.123301 0.710892 -0.059979
v -0.123301 0.642164 -0.088447
v -0.123301 0.607801 0.091711
v -0.123301 0.710892 0.077477
v -0.123301 0.642164 0.105945
v -0.123301 0.359853 -0.074213
v -0.123301 0.359853 0.091711
v -2.920264 0.236301 0.007797
v -2.920264 0.336678 -0.092580
v -2.920264 0.336678 0.108174
v -2.920264 0.265701 -0.063181
v -2.920264 0.265701 0.078775
v -2.920264 0.437056 0.007797
v -2.920264 0.407656 0.078775
v -2.920264 0.407656 -0.063181
v -3.136945 0.299220 0.039652
v -3.238005 0.299220 0.039652
v -3.238005 0.283928 0.002799
v -3.136945 0.283928 0.002799
v -3.238005 0.299220 -0.034055
v -3.136945 0.299220 -0.034055
v 0.090009 0.683811 -0.144674
v 0.049446 0.705941 -0.122962
v 0.093777 0.687578 -0.122962
v 0.049446 0.700613 -0.144674
v 0.090009 0.683811 -0.101250
v 0.049446 0.700613 -0.101250
v 0.019195 0.796428 0.032240
v 0.030324 0.796428 0.012973
v 0.011202 0.796428 0.012973
v 0.032716 0.796428 0.018719
v 0.008882 0.796428 0.048992
v -0.007919 0.796428 0.008428
v 0.049446 0.796428 0.008428
v 0.044909 0.796428 0.027528
v 0.059738 0.796428 0.025156
v 0.044909 0.796428 0.046649
v 0.073259 0.796428 0.038678
v 0.049446 0.796428 0.065793
v 0.090009 0.796428 0.048992
v 0.068568 0.796428 0.012973
v 0.059759 0.796428 -0.008323
v 0.087690 0.796428 0.012973
v 0.073280 0.796428 -0.021845
v 0.090009 0.796428 -0.032135
v 0.106811 0.796428 0.008428
v 0.032695 0.796428 -0.001886
v 0.044909 0.796428 -0.010716
v 0.019174 0.796428 -0.015407
v 0.044909 0.796428 -0.029838
v 0.008882 0.796428 -0.032135
v 0.049446 0.796428 -0.048937
v -2.516055 0.394067 -0.055029
v -2.776055 0.394066 -0.055029
v -2.532855 0.418061 0.002798
v -2.516055 0.394067 0.060625
v -2.792855 0.418061 0.002798
v -2.776055 0.394066 0.060625
v 0.640173 0.293531 0.008772
v 0.525154 0.341173 0.008772
v 0.630398 0.283756 0.125773
v 0.525154 0.327349 0.125773
v 0.630398 0.283756 -0.108229
v 0.525154 0.327349 -0.108229
v 0.526674 0.700197 -0.048128
v 0.398976 0.700197 -0.048128
v 0.526673 0.723581 0.008696
v 0.526673 0.700197 0.065520
v 0.390891 0.723581 0.008696
v 0.398976 0.700197 0.065520
v -3.238005 0.394067 -0.055028
v -3.052855 0.418061 0.002798
v -3.036055 0.394066 -0.055029
v -3.238005 0.418061 0.002799
v -3.238005 0.394067 0.060626
v -3.036055 0.394067 0.060625
v 0.216931 0.710892 -0.059979
v 0.314126 0.710892 -0.059979
v 0.216931 0.739360 0.008749
v 0.314126 0.739360 0.008749
v 0.216931 0.710892 0.077477
v 0.314126 0.710892 0.077477
v -0.220495 0.710892 -0.059979
v -0.123301 0.710892 -0.059979
v -0.220495 0.739360 0.008749
v -0.123301 0.739360 0.008749
v -0.220495 0.710892 0.077477
v -0.123301 0.710892 0.077477
v 0.008882 0.683888 0.161608
v 0.049446 0.706019 0.139895
v 0.005115 0.687656 0.139895
v 0.049446 0.700691 0.161608
v 0.008882 0.683888 0.118183
v 0.049446 0.700691 0.118183
v -1.476055 0.394067 0.060625
v -1.736055 0.394067 0.060625
v -1.492855 0.418061 0.002798
v -1.752855 0.418061 0.002798
v -1.736055 0.394067 -0.055029
v -1.476055 0.394067 -0.055029
v 0.808757 0.577440 -0.058045
v 0.732746 0.577440 -0.058045
v 0.808757 0.549975 0.008696
v 0.732746 0.549975 0.008696
v 0.808757 0.577440 0.075437
v 0.732746 0.577440 0.075437
v -2.920264 0.407656 0.078775
v -3.074455 0.407656 0.078775
v -2.920264 0.437056 0.007797
v -3.074455 0.437056 0.007797
v -2.920264 0.407656 -0.063181
v -3.074455 0.407656 -0.063181
v -0.346955 0.700197 0.065520
v -0.497355 0.705439 0.070796
v -0.355035 0.723581 0.008696
v -0.603965 0.732033 0.086087
v -0.497355 0.730994 0.008696
v -0.615505 0.765438 0.008696
v -0.603965 0.732032 -0.068696
v -0.497355 0.705439 -0.053404
v -0.346955 0.700197 -0.048128
v -0.098311 0.700197 -0.048128
v 0.142248 0.723581 0.008696
v 0.150332 0.700197 -0.048128
v -0.106395 0.723581 0.008696
v -0.098311 0.700197 0.065520
v 0.150332 0.700197 0.065520
v -2.272855 0.418061 0.002798
v -2.012855 0.418061 0.002798
v -2.256055 0.394067 -0.055029
v -2.256055 0.394067 0.060625
v -1.996055 0.394067 -0.055029
v -1.996055 0.394067 0.060625
v -0.864555 0.758954 0.124663
v -1.073365 0.757456 0.124663
v -0.881055 0.806675 0.008696
v -1.073365 0.804557 0.008696
v -1.073365 0.757456 -0.107271
v -0.864555 0.758954 -0.107271
v 0.064042 0.274700 0.008772
v -0.018395 0.229725 0.122414
v 0.064042 0.263871 0.122414
v -0.026052 0.237382 0.008772
v -0.018395 0.229725 -0.104870
v 0.064042 0.263871 -0.104870
v -0.997355 0.557324 -0.079439
v -1.073365 0.557324 -0.079439
v -0.997355 0.521527 0.008696
v -1.073365 0.521527 0.008696
v -0.997355 0.557324 0.096831
v -1.073365 0.557324 0.096831
v 0.607297 0.765887 0.008696
v 0.808757 0.767125 0.008696
v 0.607296 0.730112 -0.078239
v 0.808757 0.730988 -0.079121
v 0.607296 0.730112 0.095631
v 0.808757 0.730988 0.096513
v 0.526673 0.700197 0.065520
v 0.526673 0.723581 0.008696
v 0.526674 0.700197 -0.048128
v 1.683707 0.153378 0.008772
v 1.601270 0.108403 0.126936
v 1.683707 0.142550 0.126936
v 1.593613 0.116060 0.008772
v 1.601270 0.108403 -0.109392
v 1.683707 0.142550 -0.109392
v -3.136945 0.373057 -0.034055
v -3.238005 0.373057 -0.034055
v -3.238005 0.336139 -0.049320
v -3.136945 0.336138 -0.049320
v -3.238005 0.299220 -0.034055
v -3.136945 0.299220 -0.034055
v -2.434925 0.278210 0.060625
v -2.694925 0.278210 0.060625
v -2.475495 0.336138 0.084577
v -2.735495 0.336138 0.084578
v -2.516055 0.394067 0.060625
v -2.776055 0.394066 0.060625
v 0.090009 0.796428 0.048992
v 0.049446 0.774715 0.071122
v 0.093777 0.774715 0.052759
v 0.049446 0.796428 0.065793
v 0.090009 0.753003 0.048992
v 0.049446 0.753003 0.065793
v 0.526673 0.587292 0.065520
v 0.438009 0.587292 0.065520
v 0.526673 0.643745 0.089057
v 0.418492 0.643745 0.089057
v 0.526673 0.700197 0.065520
v 0.398976 0.700197 0.065520
v 0.011202 0.638780 0.161608
v 0.008882 0.602762 0.161608
v 0.019195 0.619513 0.161608
v -0.007919 0.643325 0.161608
v 0.030324 0.638780 0.161608
v 0.032716 0.633034 0.161608
v 0.049446 0.643325 0.161608
v 0.044909 0.624225 0.161608
v 0.059738 0.626597 0.161608
v 0.044909 0.605104 0.161608
v 0.073259 0.613076 0.161608
v 0.049446 0.585960 0.161608
v 0.090009 0.602762 0.161608
v 0.068568 0.638780 0.161608
v 0.059759 0.660077 0.161608
v 0.087690 0.638780 0.161608
v 0.073280 0.673598 0.161608
v 0.090009 0.683888 0.161608
v 0.106811 0.643325 0.161608
v 0.032695 0.653639 0.161608
v 0.044909 0.662469 0.161608
v 0.019174 0.667160 0.161608
v 0.044909 0.681591 0.161608
v 0.008882 0.683888 0.161608
v 0.049446 0.700691 0.161608
v -3.238005 0.394067 0.060626
v -3.036055 0.394067 0.060625
v -3.238005 0.336139 0.084578
v -2.995495 0.336138 0.084578
v -3.238005 0.278210 0.060626
v -2.954925 0.278210 0.060625
v 0.425929 0.166720 0.125773
v 0.481694 0.205272 0.125773
v 0.446613 0.240353 0.125773
v 0.475542 0.166720 0.125773
v 0.376317 0.178511 0.125773
v 0.419910 0.283756 0.125773
v 0.525154 0.178511 0.125773
v 0.481749 0.151812 0.125773
v 0.513382 0.128957 0.125773
v 0.446668 0.116731 0.125773
v 0.513382 0.079344 0.125773
v 0.419910 0.073268 0.125773
v 0.525154 0.029674 0.125773
v 0.551857 0.135109 0.125773
v 0.574767 0.166720 0.125773
v 0.586938 0.100028 0.125773
v 0.624379 0.166720 0.125773
v 0.630398 0.073268 0.125773
v 0.673992 0.178511 0.125773
v 0.513382 0.228182 0.125773
v 0.551912 0.221974 0.125773
v 0.513382 0.277794 0.125773
v 0.586993 0.257056 0.125773
v 0.525154 0.327349 0.125773
v 0.630398 0.283756 0.125773
v 1.635280 -0.035523 0.126936
v 1.644814 0.016717 0.126936
v 1.605953 0.016717 0.126936
v 1.662759 -0.008044 0.126936
v 1.601270 -0.056471 0.126936
v 1.567123 0.025966 0.126936
v 1.683707 0.025966 0.126936
v 1.674454 -0.012864 0.126936
v 1.704634 -0.008002 0.126936
v 1.674454 -0.051725 0.126936
v 1.732113 -0.035480 0.126936
v 1.683707 -0.090618 0.126936
v 1.766144 -0.056471 0.126936
v 1.722537 0.016717 0.126936
v 1.717718 0.046914 0.126936
v 1.761398 0.016717 0.126936
v 1.745197 0.074393 0.126936
v 1.800291 0.025966 0.126936
v 1.766144 0.108403 0.126936
v 1.649676 0.046957 0.126936
v 1.674454 0.064859 0.126936
v 1.622197 0.074436 0.126936
v 1.674455 0.103720 0.126936
v 1.601270 0.108403 0.126936
v 1.683707 0.142550 0.126936
v 0.015615 0.085798 0.122414
v 0.025149 0.138038 0.122414
v -0.013712 0.138038 0.122414
v 0.043094 0.113277 0.122414
v -0.018395 0.064850 0.122414
v -0.052542 0.147287 0.122414
v 0.064042 0.147287 0.122414
v 0.054789 0.108458 0.122414
v 0.084969 0.113320 0.122414
v 0.054789 0.069597 0.122414
v 0.112448 0.085841 0.122414
v 0.064042 0.030704 0.122414
v 0.146479 0.064850 0.122414
v 0.102872 0.138038 0.122414
v 0.098052 0.168236 0.122414
v 0.141733 0.138038 0.122414
v 0.125531 0.195715 0.122414
v 0.180626 0.147287 0.122414
v 0.146479 0.229725 0.122414
v 0.030011 0.168278 0.122414
v 0.054789 0.186181 0.122414
v 0.002532 0.195757 0.122414
v 0.054789 0.225042 0.122414
v -0.018395 0.229725 0.122414
v 0.064042 0.263871 0.122414
v 0.216931 0.710892 0.077477
v 0.314126 0.710892 0.077477
v 0.216931 0.642164 0.105945
v 0.314126 0.642164 0.105945
v 0.216931 0.607800 0.091711
v 0.314126 0.607800 0.091711
v 0.216931 0.359853 0.091711
v 0.314126 0.359853 0.091711
v -0.220495 0.710892 0.077477
v -0.123301 0.710892 0.077477
v -0.220495 0.642164 0.105945
v -0.123301 0.642164 0.105945
v -0.220495 0.607801 0.091711
v -0.123301 0.607801 0.091711
v -0.220495 0.359853 0.091711
v -0.123301 0.359853 0.091711
v -1.435495 0.336138 0.084577
v -1.654925 0.278210 0.060625
v -1.394925 0.278210 0.060625
v -1.695495 0.336138 0.084577
v -1.476055 0.394067 0.060625
v -1.736055 0.394067 0.060625
v 0.732746 0.643745 -0.085690
v 0.808757 0.643745 -0.085690
v 0.732746 0.710049 -0.058045
v 0.808757 0.710049 -0.058045
v 0.808757 0.577440 -0.058045
v 0.732746 0.577440 -0.058045
v -3.074455 0.265701 0.078775
v -2.920264 0.265701 0.078775
v -2.920264 0.336678 0.108174
v -3.074455 0.336678 0.108174
v -2.920264 0.407656 0.078775
v -3.074455 0.407656 0.078775
v -0.307925 0.587292 0.065520
v -0.497355 0.582050 0.070796
v -0.327435 0.643745 0.089057
v -0.548195 0.570740 0.086087
v -0.497355 0.643745 0.096519
v -0.346955 0.700197 0.065520
v -0.576085 0.651386 0.118144
v -0.497355 0.705439 0.070796
v -0.603965 0.732033 0.086087
v 0.059759 0.659999 -0.101250
v 0.044909 0.681513 -0.101250
v 0.044909 0.662391 -0.101250
v 0.049446 0.643247 -0.101250
v 0.073280 0.673520 -0.101250
v 0.049446 0.700613 -0.101250
v 0.090009 0.683811 -0.101250
v 0.030324 0.638702 -0.101250
v 0.032695 0.653561 -0.101250
v 0.011202 0.638702 -0.101250
v 0.019174 0.667083 -0.101250
v -0.007919 0.643247 -0.101250
v 0.008882 0.683811 -0.101250
v 0.032716 0.632957 -0.101250
v 0.044909 0.624148 -0.101250
v 0.019195 0.619436 -0.101250
v 0.044909 0.605026 -0.101250
v 0.008882 0.602684 -0.101250
v 0.049446 0.585882 -0.101250
v 0.059738 0.626519 -0.101250
v 0.068568 0.638702 -0.101250
v 0.073259 0.612998 -0.101250
v 0.087689 0.638702 -0.101250
v 0.090009 0.602684 -0.101250
v 0.106811 0.643247 -0.101250
v -0.098311 0.700197 0.065520
v 0.150332 0.700197 0.065520
v -0.078794 0.643745 0.089057
v 0.169849 0.643745 0.089057
v -0.059278 0.587292 0.065520
v 0.189366 0.587292 0.065520
v -2.256055 0.394067 0.060625
v -1.996055 0.394067 0.060625
v -2.215495 0.336138 0.084577
v -1.955495 0.336138 0.084577
v -2.174925 0.278210 0.060625
v -1.914925 0.278210 0.060625
v -1.073365 0.643745 0.172698
v -0.864555 0.758954 0.124663
v -1.073365 0.757456 0.124663
v -0.824725 0.643745 0.172698
v -1.073365 0.530033 0.124663
v -0.784895 0.528535 0.124663
v -0.997355 0.643745 -0.115945
v -1.073365 0.730165 -0.079439
v -1.073365 0.643745 -0.115945
v -0.997355 0.730166 -0.079439
v -0.997355 0.557324 -0.079439
v -1.073365 0.557324 -0.079439
v 0.607296 0.730112 0.095631
v 0.808757 0.730988 0.096513
v 0.808757 0.643745 0.132888
v 0.526673 0.700197 0.065520
v 0.607296 0.643745 0.131641
v 0.526673 0.643745 0.089057
v 0.526673 0.587292 0.065520
v 0.607296 0.557377 0.095631
v 0.808757 0.556502 0.096513
v -3.238005 0.373057 0.039652
v -3.238005 0.336139 0.054918
v -3.238005 0.336139 0.084578
v -3.238005 0.299220 0.039652
v -3.238005 0.394067 0.060626
v -3.238005 0.278210 0.060626
v -3.238005 0.388349 0.002799
v -3.238005 0.283928 0.002799
v -3.238005 0.418061 0.002799
v -3.238005 0.254216 0.002799
v -3.238005 0.394067 -0.055028
v -3.238005 0.278210 -0.055028
v -3.238005 0.373057 -0.034055
v -3.238005 0.299220 -0.034055
v -3.238005 0.336139 -0.078981
v -3.238005 0.336139 -0.049320
v -3.136945 0.373057 0.039652
v -3.136945 0.388349 0.002799
v -3.136945 0.336139 0.054918
v -3.136945 0.373057 -0.034055
v -3.136945 0.336138 -0.049320
v -3.136945 0.299220 0.039652
v -3.136945 0.283928 0.002799
v -3.136945 0.299220 -0.034055
v -3.074455 0.336678 -0.092580
v -3.074455 0.236301 0.007797
v -3.074455 0.336678 0.108174
v -3.074455 0.265701 0.078775
v -3.074455 0.265701 -0.063181
v -3.074455 0.437056 0.007797
v -3.074455 0.407656 -0.063181
v -3.074455 0.407656 0.078775
v -1.073365 0.530033 0.124663
v -1.073365 0.643745 0.133337
v -1.073365 0.557324 0.096831
v -1.073365 0.643745 0.172698
v -1.073365 0.482932 0.008696
v -1.073365 0.757456 0.124663
v -1.073365 0.521527 0.008696
v -1.073365 0.730166 0.096831
v -1.073365 0.557324 -0.079439
v -1.073365 0.804557 0.008696
v -1.073365 0.530033 -0.107271
v -1.073365 0.765962 0.008696
v -1.073365 0.643745 -0.115945
v -1.073365 0.730165 -0.079439
v -1.073365 0.643745 -0.155306
v -1.073365 0.757456 -0.107271
v -0.220495 0.739360 0.008749
v -0.220495 0.607801 0.091711
v -0.220495 0.710892 0.077477
v -0.220495 0.642164 0.105945
v -0.220495 0.607801 -0.074213
v -0.220495 0.710892 -0.059979
v -0.220495 0.642164 -0.088447
v -0.220495 0.359853 0.091711
v -0.220495 0.359853 -0.074213
v -0.063370 0.147288 0.008772
v -0.018395 0.064850 0.122414
v -0.052542 0.147287 0.122414
v -0.026052 0.057194 0.008772
v -0.018395 0.064850 -0.104870
v -0.052542 0.147287 -0.104870
v 0.008882 0.683811 -0.144674
v -0.013248 0.643247 -0.122962
v 0.005115 0.687578 -0.122962
v -0.007919 0.643247 -0.144674
v 0.008882 0.683811 -0.101250
v -0.007919 0.643247 -0.101250
v -0.013248 0.774715 0.008428
v 0.008882 0.796428 0.048992
v -0.007919 0.796428 0.008428
v 0.005115 0.774715 0.052759
v 0.008882 0.753003 0.048992
v -0.007919 0.753003 0.008428
v 0.008882 0.602762 0.161608
v -0.013248 0.643325 0.139895
v 0.005115 0.598994 0.139895
v -0.007919 0.643325 0.161608
v 0.008882 0.602762 0.118183
v -0.007919 0.643325 0.118183
v 0.216931 0.607800 -0.074213
v 0.216931 0.359853 -0.074213
v 0.216931 0.359853 0.091711
v 0.216931 0.607800 0.091711
v 0.216931 0.710892 -0.059979
v 0.216931 0.642164 -0.088447
v 0.216931 0.739360 0.008749
v 0.216931 0.710892 0.077477
v 0.216931 0.642164 0.105945
v 0.410135 0.293531 0.008772
v 0.362493 0.178511 0.008772
v 0.419910 0.283756 0.125773
v 0.376317 0.178511 0.125773
v 0.419910 0.283756 -0.108229
v 0.376317 0.178511 -0.108229
v 1.556295 0.025966 0.008772
v 1.601270 -0.056471 0.126936
v 1.567123 0.025966 0.126936
v 1.593613 -0.064128 0.008772
v 1.601270 -0.056471 -0.109392
v 1.567123 0.025966 -0.109392
v -3.238005 0.388349 0.002799
v -3.136945 0.373057 0.039652
v -3.238005 0.373057 0.039652
v -3.136945 0.388349 0.002799
v -3.136945 0.373057 -0.034055
v -3.238005 0.373057 -0.034055
v 1.683707 -0.101446 0.008772
v 1.766144 -0.056471 0.126936
v 1.683707 -0.090618 0.126936
v 1.773802 -0.064128 0.008772
v 1.766145 -0.056471 -0.109392
v 1.683707 -0.090618 -0.109392
v 0.064042 0.019875 0.008772
v 0.146479 0.064850 0.122414
v 0.064042 0.030704 0.122414
v 0.154136 0.057194 0.008772
v 0.146479 0.064850 -0.104870
v 0.064042 0.030704 -0.104870
v -2.434925 0.278210 -0.055029
v -2.678125 0.254216 0.002798
v -2.694925 0.278210 -0.055029
v -2.418125 0.254216 0.002798
v -2.434925 0.278210 0.060625
v -2.694925 0.278210 0.060625
v 0.526673 0.587292 -0.048128
v 0.446093 0.563909 0.008696
v 0.438009 0.587292 -0.048128
v 0.526674 0.563909 0.008696
v 0.526673 0.587292 0.065520
v 0.438009 0.587292 0.065520
v -3.238005 0.278210 -0.055028
v -2.954925 0.278210 -0.055029
v -3.238005 0.254216 0.002799
v -3.238005 0.278210 0.060626
v -2.938125 0.254216 0.002798
v -2.954925 0.278210 0.060625
v 0.410135 0.063493 0.008772
v 0.525154 0.015850 0.008772
v 0.419910 0.073268 0.125773
v 0.525154 0.029674 0.125773
v 0.419910 0.073268 -0.108229
v 0.525154 0.029674 -0.108229
v -1.654925 0.278210 0.060625
v -1.394925 0.278210 0.060625
v -1.638124 0.254216 0.002798
v -1.378124 0.254216 0.002798
v -1.394925 0.278210 -0.055029
v -1.654925 0.278210 -0.055029
v 0.090009 0.602762 0.161608
v 0.049446 0.580632 0.139895
v 0.093777 0.598994 0.139895
v 0.049446 0.585960 0.161608
v 0.090009 0.602762 0.118183
v 0.049446 0.585960 0.118183
v 0.732746 0.710049 -0.058045
v 0.808757 0.710049 -0.058045
v 0.732746 0.737514 0.008696
v 0.808757 0.737514 0.008696
v 0.732746 0.710050 0.075437
v 0.808757 0.710050 0.075437
v -3.074455 0.265701 0.078775
v -2.920264 0.265701 0.078775
v -3.074455 0.236301 0.007797
v -2.920264 0.236301 0.007797
v -3.074455 0.265701 -0.063181
v -2.920264 0.265701 -0.063181
v -0.497355 0.556495 0.008696
v -0.307925 0.587292 0.065520
v -0.497355 0.582050 0.070796
v -0.299835 0.563908 0.008696
v -0.307925 0.587292 -0.048128
v -0.536655 0.537334 0.008696
v -0.497355 0.582050 -0.053404
v -0.548195 0.570740 0.086087
v -0.548195 0.570739 -0.068696
v -0.059278 0.587292 -0.048128
v 0.189365 0.587292 -0.048128
v -0.051194 0.563909 0.008696
v -0.059278 0.587292 0.065520
v 0.197449 0.563909 0.008696
v 0.189366 0.587292 0.065520
v -2.174925 0.278210 -0.055029
v -2.174925 0.278210 0.060625
v -1.914925 0.278210 -0.055029
v -1.914925 0.278210 0.060625
v -2.158125 0.254216 0.002798
v -1.898125 0.254216 0.002798
v -1.073365 0.530033 0.124663
v -0.784895 0.528535 0.124663
v -1.073365 0.482932 0.008696
v -0.768395 0.480814 0.008696
v -0.784895 0.528535 -0.107271
v -1.073365 0.530033 -0.107271
v 0.008882 0.602684 -0.144674
v 0.049446 0.580554 -0.122962
v 0.005115 0.598916 -0.122962
v 0.049446 0.585882 -0.144674
v 0.008882 0.602684 -0.101250
v 0.049446 0.585882 -0.101250
v 0.059759 0.753003 0.025180
v 0.044909 0.753003 0.046694
v 0.044909 0.753003 0.027572
v 0.049446 0.753003 0.008428
v 0.073280 0.753003 0.038701
v 0.049446 0.753003 0.065793
v 0.090009 0.753003 0.048992
v 0.030324 0.753003 0.003883
v 0.032695 0.753003 0.018742
v 0.011202 0.753003 0.003883
v 0.019174 0.753003 0.032263
v -0.007919 0.753003 0.008428
v 0.008882 0.753003 0.048992
v 0.032716 0.753003 -0.001863
v 0.044909 0.753003 -0.010671
v 0.019195 0.753003 -0.015384
v 0.044909 0.753003 -0.029793
v 0.008882 0.753003 -0.032135
v 0.049446 0.753003 -0.048937
v 0.059738 0.753003 -0.008300
v 0.068568 0.753003 0.003883
v 0.073259 0.753003 -0.021821
v 0.087690 0.753003 0.003883
v 0.090009 0.753003 -0.032135
v 0.106811 0.753003 0.008428
v -1.073365 0.730165 -0.079439
v -0.997355 0.730166 -0.079439
v -1.073365 0.765962 0.008696
v -0.997355 0.765962 0.008696
v -1.073365 0.730166 0.096831
v -0.997355 0.730166 0.096831
v 0.526673 0.587292 0.065520
v 0.607296 0.557377 0.095631
v 0.808757 0.556502 0.096513
v 0.808757 0.520364 0.008696
v 0.607296 0.521602 0.008696
v 0.526674 0.563909 0.008696
v 0.526673 0.587292 -0.048128
v 0.607296 0.557377 -0.078239
v 0.808757 0.556502 -0.079121
v -3.136945 0.373057 0.039652
v -3.238005 0.373057 0.039652
v -3.238005 0.336139 0.054918
v -3.136945 0.336139 0.054918
v -3.136945 0.299220 0.039652
v -3.238005 0.299220 0.039652
v -2.434925 0.278210 -0.055029
v -2.694925 0.278210 -0.055029
v -2.475495 0.336138 -0.078982
v -2.735495 0.336138 -0.078982
v -2.516055 0.394067 -0.055029
v -2.776055 0.394066 -0.055029
v 0.526673 0.587292 -0.048128
v 0.438009 0.587292 -0.048128
v 0.526673 0.643745 -0.071665
v 0.418492 0.643745 -0.071665
v 0.526674 0.700197 -0.048128
v 0.398976 0.700197 -0.048128
v 0.011202 0.647792 -0.144674
v 0.008882 0.683811 -0.144674
v 0.019195 0.667059 -0.144674
v -0.007919 0.643247 -0.144674
v 0.030324 0.647792 -0.144674
v 0.032716 0.653538 -0.144674
v 0.049446 0.643247 -0.144674
v 0.044909 0.662347 -0.144674
v 0.059738 0.659976 -0.144674
v 0.044909 0.681469 -0.144674
v 0.073259 0.673497 -0.144674
v 0.049446 0.700613 -0.144674
v 0.090009 0.683811 -0.144674
v 0.068568 0.647792 -0.144674
v 0.059759 0.626496 -0.144674
v 0.087690 0.647792 -0.144674
v 0.073280 0.612974 -0.144674
v 0.090009 0.602684 -0.144674
v 0.106811 0.643247 -0.144674
v 0.032695 0.632933 -0.144674
v 0.044909 0.624103 -0.144674
v 0.019174 0.619412 -0.144674
v 0.044909 0.604981 -0.144674
v 0.008882 0.602684 -0.144674
v 0.049446 0.585882 -0.144674
v -3.238005 0.394067 -0.055028
v -3.036055 0.394066 -0.055029
v -3.238005 0.336139 -0.078981
v -2.995495 0.336138 -0.078981
v -3.238005 0.278210 -0.055028
v -2.954925 0.278210 -0.055029
v 1.732134 0.087455 -0.109392
v 1.800291 0.025966 -0.109392
v 1.761462 0.016713 -0.109392
v 1.766145 0.108403 -0.109392
v 1.722601 0.016713 -0.109392
v 1.704655 0.059976 -0.109392
v 1.683707 0.025966 -0.109392
v 1.674459 -0.012927 -0.109392
v 1.704699 -0.008065 -0.109392
v 1.674459 -0.051789 -0.109392
v 1.732177 -0.035544 -0.109392
v 1.683707 -0.090618 -0.109392
v 1.766145 -0.056471 -0.109392
v 1.644878 0.016713 -0.109392
v 1.649697 0.005018 -0.109392
v 1.606016 0.016713 -0.109392
v 1.622218 -0.022461 -0.109392
v 1.567123 0.025966 -0.109392
v 1.601270 -0.056471 -0.109392
v 1.649740 0.046893 -0.109392
v 1.674459 0.064795 -0.109392
v 1.622261 0.074372 -0.109392
v 1.674459 0.103657 -0.109392
v 1.601270 0.108403 -0.109392
v 1.683707 0.142550 -0.109392
v 0.574767 0.190303 -0.108229
v 0.551912 0.135049 -0.108229
v 0.525154 0.178512 -0.108229
v 0.624379 0.190303 -0.108229
v 0.586993 0.099968 -0.108229
v 0.630398 0.073268 -0.108229
v 0.673992 0.178511 -0.108229
v 0.481694 0.151751 -0.108229
v 0.513382 0.128841 -0.108229
v 0.446613 0.116670 -0.108229
v 0.513382 0.079229 -0.108229
v 0.419910 0.073268 -0.108229
v 0.525154 0.029674 -0.108229
v 0.481749 0.205211 -0.108229
v 0.475542 0.190303 -0.108229
v 0.446668 0.240292 -0.108229
v 0.425929 0.190303 -0.108229
v 0.419910 0.283756 -0.108229
v 0.376317 0.178511 -0.108229
v 0.513382 0.228066 -0.108229
v 0.551857 0.221914 -0.108229
v 0.513382 0.277679 -0.108229
v 0.586938 0.256995 -0.108229
v 0.525154 0.327349 -0.108229
v 0.630398 0.283756 -0.108229
v 0.112469 0.208777 -0.104870
v 0.180626 0.147287 -0.104870
v 0.141797 0.138035 -0.104870
v 0.146479 0.229725 -0.104870
v 0.102935 0.138035 -0.104870
v 0.084990 0.181298 -0.104870
v 0.064042 0.147288 -0.104870
v 0.054792 0.108394 -0.104870
v 0.085033 0.113257 -0.104870
v 0.054792 0.069533 -0.104870
v 0.112512 0.085777 -0.104870
v 0.064042 0.030704 -0.104870
v 0.146479 0.064850 -0.104870
v 0.025213 0.138035 -0.104870
v 0.030032 0.126339 -0.104870
v -0.013649 0.138035 -0.104870
v 0.002553 0.098861 -0.104870
v -0.052542 0.147287 -0.104870
v -0.018395 0.064850 -0.104870
v 0.030075 0.168215 -0.104870
v 0.054792 0.186117 -0.104870
v 0.002596 0.195694 -0.104870
v 0.054792 0.224979 -0.104870
v -0.018395 0.229725 -0.104870
v 0.064042 0.263871 -0.104870
v 0.216931 0.642164 -0.088447
v 0.314126 0.642164 -0.088447
v 0.314126 0.607800 -0.074213
v 0.216931 0.710892 -0.059979
v 0.216931 0.607800 -0.074213
v 0.314126 0.359853 -0.074213
v 0.216931 0.359853 -0.074213
v 0.314126 0.710892 -0.059979
v -0.220495 0.642164 -0.088447
v -0.123301 0.642164 -0.088447
v -0.123301 0.607801 -0.074213
v -0.220495 0.710892 -0.059979
v -0.220495 0.607801 -0.074213
v -0.123301 0.359853 -0.074213
v -0.220495 0.359853 -0.074213
v -0.123301 0.710892 -0.059979
v -1.394925 0.278210 -0.055029
v -1.654925 0.278210 -0.055029
v -1.435495 0.336138 -0.078982
v -1.736055 0.394067 -0.055029
v -1.695495 0.336138 -0.078982
v -1.476055 0.394067 -0.055029
v 0.732746 0.710050 0.075437
v 0.808757 0.710050 0.075437
v 0.808757 0.577440 0.075437
v 0.732746 0.643745 0.103082
v 0.732746 0.577440 0.075437
v 0.808757 0.643745 0.103082
v -3.074455 0.265701 -0.063181
v -2.920264 0.265701 -0.063181
v -3.074455 0.336678 -0.092580
v -2.920264 0.336678 -0.092580
v -2.920264 0.407656 -0.063181
v -3.074455 0.407656 -0.063181
v -0.307925 0.587292 -0.048128
v -0.497355 0.582050 -0.053404
v -0.327435 0.643745 -0.071665
v -0.548195 0.570739 -0.068696
v -0.603965 0.732032 -0.068696
v -0.497355 0.705439 -0.053404
v -0.346955 0.700197 -0.048128
v -0.576085 0.651386 -0.100752
v -0.497355 0.643745 -0.079127
v 0.008882 0.796428 -0.032135
v 0.049446 0.774715 -0.054265
v 0.005115 0.774715 -0.035903
v 0.049446 0.796428 -0.048937
v 0.008882 0.753003 -0.032135
v 0.049446 0.753003 -0.048937
v 0.059759 0.626574 0.118183
v 0.044909 0.605059 0.118183
v 0.044909 0.624181 0.118183
v 0.049446 0.643325 0.118183
v 0.073280 0.613052 0.118183
v 0.049446 0.585960 0.118183
v 0.090009 0.602762 0.118183
v 0.030324 0.647870 0.118183
v 0.032695 0.633011 0.118183
v 0.011202 0.647870 0.118183
v 0.019174 0.619490 0.118183
v -0.007919 0.643325 0.118183
v 0.008882 0.602762 0.118183
v 0.032716 0.653616 0.118183
v 0.044909 0.662425 0.118183
v 0.019195 0.667137 0.118183
v 0.044909 0.681547 0.118183
v 0.008882 0.683888 0.118183
v 0.049446 0.700691 0.118183
v 0.059738 0.660054 0.118183
v 0.068568 0.647870 0.118183
v 0.073259 0.673575 0.118183
v 0.087689 0.647870 0.118183
v 0.090009 0.683888 0.118183
v 0.106811 0.643325 0.118183
v -0.098311 0.700197 -0.048128
v 0.150332 0.700197 -0.048128
v -0.078794 0.643745 -0.071665
v 0.169849 0.643745 -0.071665
v -0.059278 0.587292 -0.048128
v 0.189365 0.587292 -0.048128
v -2.256055 0.394067 -0.055029
v -1.996055 0.394067 -0.055029
v -2.215495 0.336138 -0.078982
v -1.955495 0.336138 -0.078982
v -2.174925 0.278210 -0.055029
v -1.914925 0.278210 -0.055029
v -1.073365 0.757456 -0.107271
v -0.864555 0.758954 -0.107271
v -1.073365 0.643745 -0.155306
v -0.784895 0.528535 -0.107271
v -0.824725 0.643745 -0.155306
v -1.073365 0.530033 -0.107271
v -1.073365 0.730166 0.096831
v -0.997355 0.730166 0.096831
v -0.997355 0.557324 0.096831
v -1.073365 0.643745 0.133337
v -1.073365 0.557324 0.096831
v -0.997355 0.643745 0.133337
v 0.607296 0.730112 -0.078239
v 0.808757 0.730988 -0.079121
v 0.808757 0.643745 -0.115496
v 0.526674 0.700197 -0.048128
v 0.526673 0.587292 -0.048128
v 0.607296 0.557377 -0.078239
v 0.808757 0.556502 -0.079121
v 0.607296 0.643745 -0.114249
v 0.526673 0.643745 -0.071665
v 0.528907 0.342732 -0.089349
v 0.528907 0.439785 0.007704
v 0.528907 0.245680 0.007704
v 0.528907 0.411359 -0.060923
v 0.528907 0.274106 -0.060923
v 0.528907 0.411359 0.076331
v 0.528907 0.274106 0.076331
v 0.528907 0.342732 0.104758
v 0.647955 0.059959 -0.105480
v 0.647955 0.059959 0.120888
v 0.761974 -0.137716 0.120888
v 0.647955 -0.018135 0.120888
v 0.761974 -0.137716 -0.105480
v 0.647955 -0.018135 -0.105480
v 0.683766 -0.055693 -0.105480
v -0.283895 0.351636 -0.105480
v -0.251475 0.319219 0.120888
v -0.251475 0.319219 -0.105480
v -0.283895 0.351636 0.120888
v -0.083272 0.418174 0.007704
v -0.083272 0.411359 -0.060923
v -0.083272 0.439785 0.007704
v -0.083272 0.342732 -0.089349
v -0.083272 0.338927 0.092461
v -0.083272 0.392724 0.070850
v 0.271980 0.351636 0.120888
v 0.271980 0.351636 -0.105480
v 0.228757 0.319219 -0.105480
v 0.228757 0.319219 0.120888
v -1.542745 0.351636 -0.105480
v -0.283895 0.351636 0.120888
v -0.283895 0.351636 -0.105480
v -1.542745 0.351636 0.120888
v 0.047732 0.342732 -0.089349
v 0.175196 0.338927 0.092461
v 0.175196 0.342732 -0.089349
v -0.083272 0.338927 0.092461
v -0.083272 0.342732 -0.089349
v 1.968455 0.297608 -0.105480
v 0.758231 0.297608 -0.105480
v 0.758231 0.297608 0.120888
v 1.968455 0.297608 0.120887
v 0.671786 0.351636 -0.105480
v 0.671786 0.351636 0.120888
v 0.271980 0.351636 -0.105480
v 0.271980 0.351636 0.120888
v 0.228757 0.319219 -0.105480
v -0.251475 0.319219 -0.105480
v -0.251475 0.319219 0.120888
v 0.228757 0.319219 0.120888
v 0.175196 0.411359 -0.060923
v 0.528907 0.411359 -0.060923
v 0.175196 0.439785 0.007704
v 0.528907 0.439785 0.007704
v -0.083272 0.411359 -0.060923
v -0.403055 0.411359 -0.060923
v -0.403055 0.439785 0.007704
v -0.083272 0.439785 0.007704
v -0.115580 0.411359 0.076331
v -0.403055 0.411359 0.076331
v 0.528907 0.411359 0.076331
v 0.207504 0.411359 0.076331
v 1.178090 -0.032706 -0.105480
v 1.178090 -0.032706 0.120888
v 1.062990 -0.137572 0.120888
v 1.062832 -0.137716 -0.105480
v 1.062832 -0.137716 0.120888
v 0.761974 -0.137716 0.120888
v 0.761974 -0.137716 -0.105480
v 0.207504 0.274106 0.076331
v 0.528907 0.274106 0.076331
v 0.528907 0.342732 0.104758
v -0.403055 0.274106 0.076331
v -0.115580 0.274106 0.076331
v -0.115580 0.342732 0.104758
v -0.403055 0.342733 0.104758
v -0.115580 0.411359 0.076331
v -0.403055 0.411359 0.076331
v 0.207504 0.342732 0.104758
v 0.528907 0.411359 0.076331
v 0.207504 0.411359 0.076331
v 1.968455 -0.236650 0.120887
v 1.605445 -0.096178 0.120887
v 1.713501 -0.236650 0.120887
v 1.968455 0.297608 0.120887
v 1.158943 0.122406 0.120888
v 1.406565 -0.096178 0.120887
v 1.069183 0.168787 0.120888
v 1.178090 -0.032706 0.120888
v 0.758231 0.297608 0.120888
v 1.062990 -0.137572 0.120888
v 0.858569 0.168787 0.120888
v 1.147232 -0.323096 0.120888
v 1.062832 -0.137716 0.120888
v 1.061799 -0.137716 0.120888
v 0.606953 -0.323096 0.120888
v 0.509702 -0.204234 0.120888
v 0.761974 -0.137716 0.120888
v 0.647955 -0.018135 0.120888
v 0.509702 -0.074567 0.120888
v 0.647955 0.059959 0.120888
v 0.671786 0.351636 0.120888
v 0.423258 0.022683 0.120888
v 0.271980 0.351636 0.120888
v 0.228757 0.319219 0.120888
v -0.186641 0.022683 0.120888
v -0.251475 0.319219 0.120888
v -0.510805 0.141544 0.120888
v -0.283895 0.351636 0.120888
v -1.542745 0.351636 0.120888
v -1.542745 0.141544 0.120888
v -1.542745 0.351636 -0.105480
v -1.542745 0.141544 -0.105480
v -1.542745 0.141544 0.120888
v -1.542745 0.351636 0.120888
v -0.403055 0.245680 0.007704
v -0.403055 0.439785 0.007704
v -0.403055 0.342733 -0.089349
v -0.403055 0.411359 -0.060923
v -0.403055 0.274106 -0.060923
v -0.403055 0.411359 0.076331
v -0.403055 0.274106 0.076331
v -0.403055 0.342733 0.104758
v 1.605445 -0.096178 -0.105480
v 1.605445 -0.096178 0.120887
v 1.713501 -0.236650 -0.105480
v 1.713501 -0.236650 0.120887
v 0.423258 0.022683 0.120888
v 0.423258 0.022683 -0.105480
v 0.509702 -0.074567 -0.105480
v 0.509702 -0.074567 0.120888
v 0.509702 -0.204234 -0.105480
v 0.509702 -0.204234 0.120888
v 0.606953 -0.323096 -0.105480
v 0.606953 -0.323096 0.120888
v 0.175196 0.342732 -0.089349
v 0.175196 0.418174 0.007704
v 0.175196 0.411359 -0.060923
v 0.175196 0.439785 0.007704
v 0.175196 0.338927 0.092461
v 0.175196 0.392724 0.070850
v 1.158943 0.122406 -0.105480
v 1.158943 0.122406 0.120888
v 1.178090 -0.032706 -0.105480
v 1.178090 -0.032706 0.120888
v 1.147232 -0.323096 -0.105480
v 1.406565 -0.096178 -0.105480
v 1.147232 -0.323096 0.120888
v 1.406565 -0.096178 0.120887
v 1.605445 -0.096178 -0.105480
v 1.605445 -0.096178 0.120887
v 1.713501 -0.236650 -0.105480
v 1.713501 -0.236650 0.120887
v 1.968455 -0.236650 -0.105480
v 1.968455 -0.236650 0.120887
v -0.510805 0.141544 -0.105480
v -0.186641 0.022683 -0.105480
v -0.510805 0.141544 0.120888
v -1.542745 0.141544 0.120888
v -1.542745 0.141544 -0.105480
v -0.186641 0.022683 0.120888
v 0.423258 0.022683 0.120888
v 0.423258 0.022683 -0.105480
v 0.606953 -0.323096 -0.105480
v 0.606953 -0.323096 0.120888
v 1.147232 -0.323096 -0.105480
v 1.147232 -0.323096 0.120888
v 0.207504 0.274106 0.076331
v 0.528907 0.274106 0.076331
v 0.207504 0.245680 0.007704
v 0.528907 0.245680 0.007704
v 0.207504 0.274106 -0.060923
v 0.528907 0.274106 -0.060923
v -0.115580 0.274106 -0.060923
v -0.403055 0.274106 -0.060923
v -0.115581 0.245680 0.007704
v -0.403055 0.245680 0.007704
v -0.403055 0.274106 0.076331
v -0.115580 0.274106 0.076331
v 1.158943 0.122406 -0.105480
v 1.158943 0.122406 0.120888
v 1.069183 0.168787 -0.105480
v 1.069183 0.168787 0.120888
v 0.858569 0.168787 -0.105480
v 0.858569 0.168787 0.120888
v 0.647955 0.059959 -0.105480
v 0.647955 0.059959 0.120888
v -0.083272 0.418174 0.007704
v 0.175196 0.418174 0.007704
v 0.175196 0.392724 0.070850
v -0.083272 0.392724 0.070850
v 1.147232 -0.323096 -0.105480
v 1.178090 -0.032706 -0.105480
v 1.406565 -0.096178 -0.105480
v 1.062832 -0.137716 -0.105480
v 1.158943 0.122406 -0.105480
v 0.761974 -0.137716 -0.105480
v 0.606953 -0.323096 -0.105480
v 0.509702 -0.204234 -0.105480
v 0.683766 -0.055693 -0.105480
v 0.509702 -0.074567 -0.105480
v 0.647955 -0.018135 -0.105480
v 1.605445 -0.096178 -0.105480
v 0.647955 0.059959 -0.105480
v 1.968455 0.297608 -0.105480
v 1.069183 0.168787 -0.105480
v 1.968455 -0.236650 -0.105480
v 1.713501 -0.236650 -0.105480
v 0.758231 0.297608 -0.105480
v 0.858569 0.168787 -0.105480
v 0.671786 0.351636 -0.105480
v 0.423258 0.022683 -0.105480
v 0.271980 0.351636 -0.105480
v 0.228757 0.319219 -0.105480
v -0.186641 0.022683 -0.105480
v -0.251475 0.319219 -0.105480
v -0.510805 0.141544 -0.105480
v -0.283895 0.351636 -0.105480
v -1.542745 0.351636 -0.105480
v -1.542745 0.141544 -0.105480
v 0.207504 0.274106 -0.060923
v 0.528907 0.274106 -0.060923
v 0.528907 0.342732 -0.089349
v 0.175196 0.342732 -0.089349
v 0.175196 0.411359 -0.060923
v -0.083272 0.342732 -0.089349
v 0.528907 0.411359 -0.060923
v -0.115580 0.274106 -0.060923
v -0.403055 0.342733 -0.089349
v -0.083272 0.411359 -0.060923
v -0.403055 0.274106 -0.060923
v -0.403055 0.411359 -0.060923
v -0.083272 0.439785 0.007704
v 0.175196 0.439785 0.007704
v 0.175196 0.418174 0.007704
v -0.083272 0.418174 0.007704
v 0.175196 0.392724 0.070850
v -0.083272 0.392724 0.070850
v 0.175196 0.338927 0.092461
v -0.083272 0.338927 0.092461
v -1.521015 0.342430 -0.130871
v -1.267145 0.132406 -0.068843
v -1.200955 0.209902 -0.099462
v -1.220365 0.218599 -0.062404
v -1.504694 0.313653 -0.106075
v -1.525205 0.303396 -0.069637
v -1.560945 0.233655 -0.107583
v -1.570695 0.233122 -0.075483
v -1.566205 0.241528 -0.125140
v 0.485445 0.366175 -0.113650
v 0.514589 0.416397 -0.060900
v 0.523721 0.368818 -0.070787
v 0.540134 0.463200 0.019247
v 0.563554 0.431553 0.008308
v 0.523390 0.368419 0.094793
v 0.499169 0.391084 0.119494
v 0.537292 0.401865 0.000901
v 0.383169 0.324962 0.131448
v 0.499601 0.340468 0.078137
v 0.366479 0.313665 0.094338
v 0.497844 0.336804 -0.056298
v 0.472886 0.255346 -0.076051
v 0.487757 0.257083 -0.103331
v 0.371344 0.217533 -0.063753
v 0.483641 0.300226 -0.129277
v 0.382930 0.204679 -0.099451
v 0.468589 0.264962 -0.128798
v 0.365232 0.224428 -0.137314
v 0.331029 0.103150 -0.127214
v 0.341240 0.093215 -0.099559
v 0.330971 0.104835 -0.069964
v 1.917865 0.349492 0.079004
v 1.912845 0.316699 -0.112243
v 1.926575 0.352485 0.001861
v 1.917125 0.314396 0.125074
v 1.932865 0.290624 -0.096641
v 1.947885 0.321435 0.005668
v 1.943595 0.309094 0.084885
v 1.909455 0.263308 -0.080125
v 1.923555 0.290509 0.013503
v 1.925965 0.209059 0.156058
v 1.918635 0.279419 0.071715
v 1.907775 0.228284 0.181654
v 1.884215 0.074081 0.206599
v 1.906785 0.199299 0.125579
v 1.890415 0.051631 0.175680
v 1.880355 0.056446 0.148998
v -1.388365 0.284507 0.157708
v -0.918325 0.233912 0.161422
v -0.964835 0.177078 0.153837
v -0.961655 0.168811 0.124701
v -0.918275 0.227812 0.087199
v -0.964675 0.177606 0.092576
v -1.343875 0.309100 0.131200
v -1.367875 0.295569 0.094013
v -1.370195 0.271341 0.128087
v -1.389625 0.265990 0.095654
v -1.408075 0.131393 0.091790
v -1.404785 0.109898 0.121334
v -1.410375 0.128319 0.155429
v 0.013162 0.204212 -0.099317
v -0.002935 0.220001 -0.137314
v -0.104407 0.315207 -0.131466
v -0.034688 0.103204 -0.127054
v -0.024832 0.093229 -0.099314
v -0.034622 0.104637 -0.070361
v -0.003054 0.219562 -0.061367
v 1.455174 0.183733 0.208558
v 1.455770 0.149452 0.175453
v 1.455352 0.161975 0.131376
v 1.428753 0.107379 0.142041
v 1.406197 -0.051925 0.143892
v 1.425327 -0.025605 0.175468
v 1.406964 -0.049769 0.207809
v 1.402985 -0.077392 0.175437
v 1.428522 0.116434 0.208919
v 1.430417 0.232520 -0.148308
v 1.402663 0.023497 -0.142886
v 1.403992 0.004201 -0.114124
v 1.401269 0.023417 -0.084487
v 1.431239 0.091871 -0.115192
v 1.430911 0.209698 -0.084966
v 1.449512 0.217951 -0.116818
v 1.454631 0.245261 -0.081240
v 1.474742 0.254812 -0.117830
v 1.771262 0.258675 -0.150273
v 1.769738 0.226443 -0.078026
v 1.713336 0.077078 -0.087296
v 1.690517 0.033334 -0.114493
v 1.711444 0.085860 -0.144180
v 1.719755 0.063151 -0.114927
v 1.770550 0.222275 -0.115463
v 1.881145 0.198675 -0.087406
v 1.891815 0.199479 -0.118850
v 1.880615 0.202928 -0.139579
v 1.896315 0.256546 -0.146509
v -0.129903 0.306910 -0.058218
v -0.150833 0.331102 -0.042060
v -0.133951 0.349146 -0.065929
v -0.154231 0.370578 -0.004674
v -0.147515 0.396050 0.003606
v -0.146093 0.367542 -0.094607
v -0.107290 0.322756 -0.093600
v 0.344891 0.295468 0.157863
v 0.360914 0.284108 0.128907
v 0.331999 0.189442 0.156660
v 0.313012 0.157799 0.151853
v 0.332882 0.163773 0.120403
v 0.312975 0.157797 0.094937
v 0.333086 0.191596 0.090374
v 0.344716 0.275976 0.096501
v -0.128726 0.430755 0.015461
v 0.026462 0.308625 0.124426
v 0.037824 0.347095 0.150630
v 0.011799 0.306729 0.087141
v -0.030903 0.260732 0.155505
v -0.026769 0.246284 0.123939
v -0.029294 0.250973 0.096394
v -0.247865 0.309205 0.125676
v -0.269795 0.299312 0.095276
v -0.255035 0.339007 0.151524
v -0.146136 0.458528 0.002895
v -0.132703 0.458038 0.037662
v -0.890615 0.313026 -0.103500
v -0.915995 0.296254 -0.068942
v -0.946375 0.272890 -0.130920
v -0.936045 0.264871 -0.107476
v -0.945145 0.261698 -0.074255
v -1.050995 0.299110 -0.099919
v -1.059595 0.331701 -0.134920
v -1.102555 0.251381 -0.073069
v -1.106735 0.258233 -0.129333
v -1.093205 0.247942 -0.100761
v -1.220675 0.223657 -0.137104
v -1.277745 0.120457 -0.128502
v -1.259264 0.123119 -0.101827
v -0.764915 0.287528 0.096067
v -0.795645 0.245656 0.126888
v -0.742655 0.304533 0.133733
v -0.291285 0.261276 0.157510
v -0.276505 0.258634 0.123547
v -0.300645 0.239775 0.140094
v -0.298765 0.248930 0.092493
v 0.978453 0.275259 -0.147696
v 0.929052 0.209892 -0.143797
v 0.947899 0.210980 -0.122876
v -1.614035 0.408300 -0.107111
v -1.468364 0.388422 -0.104240
v -1.757874 0.425762 -0.096723
v -1.659975 0.468711 -0.047166
v -1.468704 0.452342 -0.001992
v -1.298424 0.412360 -0.048083
v -1.784995 0.481645 -0.006545
v -1.827875 0.408700 -0.088177
v -1.855395 0.460682 -0.005850
v -1.853705 0.463699 0.024860
v -1.779145 0.479791 0.036553
v -1.848605 0.427177 0.081041
v -1.760334 0.412351 0.128196
v -1.318055 0.371839 -0.106688
v 0.435686 0.425076 -0.071121
v 0.514589 0.416397 -0.060900
v 0.297731 0.452038 -0.029845
v 0.448152 0.466548 -0.011346
v 0.217031 0.336813 -0.118698
v 0.540134 0.463200 0.019247
v 0.313837 0.475971 0.026839
v 0.563554 0.431553 0.008308
v 0.463245 0.475193 0.030547
v 0.499169 0.391084 0.119494
v 0.438254 0.401293 0.129371
v 0.816261 0.335070 0.093471
v 0.821329 0.287679 0.157794
v 0.851777 0.300958 0.175003
v 0.880617 0.353086 0.044898
v 0.978248 0.284542 0.160891
v 1.090142 0.298774 0.136126
v 1.006795 0.336684 0.079958
v 1.148040 0.346714 0.083108
v 1.069106 0.354379 0.022040
v 1.019776 0.350136 -0.036766
v 0.890487 0.341409 -0.071882
v 1.447509 0.360480 0.128792
v 1.360951 0.400449 0.027553
v 1.439674 0.399162 0.082546
v 1.306509 0.378798 -0.033596
v 1.233146 0.347428 -0.090045
v 1.598987 0.368564 -0.090416
v 1.191600 0.318593 -0.131002
v 0.916462 0.309089 -0.134782
v 1.595238 0.331392 -0.128295
v 1.558508 0.397182 -0.032436
v 1.506132 0.409971 0.029693
v 1.856455 0.359909 -0.037014
v 1.711060 0.367279 0.083733
v 1.845725 0.366962 0.023664
v 1.852205 0.341193 -0.095588
v 1.917865 0.349492 0.079004
v 1.847615 0.315686 -0.132031
v 1.854685 0.320190 0.136608
v 1.912845 0.316699 -0.112243
v 1.926575 0.352485 0.001861
v 1.917125 0.314396 0.125074
v -1.675765 0.452799 0.084510
v -1.641955 0.401885 0.135919
v -1.639865 0.481777 0.034328
v -1.492835 0.421536 0.093168
v -1.655785 0.487254 0.003149
v -1.404795 0.445936 0.028231
v -1.322134 0.444002 0.016072
v -1.007655 0.455466 0.025662
v -1.301705 0.434536 0.051348
v -1.255505 0.378801 0.129636
v -0.989975 0.451054 0.051122
v -0.769865 0.430951 0.052722
v -0.681775 0.439340 0.027335
v -0.665865 0.373545 0.128885
v -1.032155 0.379057 0.130128
v -1.353925 0.345703 0.010914
v -0.973615 0.360423 0.020313
v -0.747905 0.344324 0.005688
v -0.995735 0.362667 0.027614
v 0.158760 0.311108 -0.132537
v 0.162468 0.323684 -0.097693
v -0.104407 0.315207 -0.131466
v -0.050013 0.309250 -0.066099
v -0.129903 0.306910 -0.058218
v -0.147515 0.396050 0.003606
v -0.180498 0.347491 -0.132615
v -0.408235 0.405404 -0.103598
v -0.278805 0.400751 -0.104904
v -0.182353 0.470353 -0.005200
v -0.345895 0.477966 0.003046
v -0.146093 0.367542 -0.094607
v -0.107290 0.322756 -0.093600
v 0.164704 0.306145 -0.065226
v 0.201532 0.338097 -0.080521
v 0.223213 0.321311 -0.051327
v 0.252672 0.462427 0.017317
v 0.238449 0.436427 0.017222
v 0.239199 0.456365 0.041990
v 0.221415 0.422330 0.019566
v 0.247554 0.451112 0.068339
v 0.150798 0.449206 0.051403
v 0.031060 0.420759 0.033870
v 0.049091 0.455431 0.088394
v -0.047756 0.449058 0.048856
v 0.267385 0.428330 0.100018
v 0.057204 0.435636 0.121099
v -0.131950 0.449133 0.068882
v 0.207905 0.400708 0.135052
v -0.160969 0.419822 0.102841
v -0.128726 0.430755 0.015461
v -0.192565 0.380452 -0.001096
v -0.181448 0.388127 0.004786
v -0.146136 0.458528 0.002895
v -0.132703 0.458038 0.037662
v -0.189095 0.475763 0.026739
v -0.301085 0.477684 0.030777
v -0.410995 0.399026 0.126900
v -0.405725 0.472359 0.030794
v -0.713515 0.440092 0.001992
v -0.572535 0.437000 -0.049616
v -0.742785 0.374665 -0.109071
v -0.768345 0.416227 -0.052235
v -0.993775 0.418790 -0.062443
v -0.985025 0.381875 -0.109866
v 0.860931 0.296061 -0.128765
v 0.824912 0.333725 -0.060658
v 0.780441 0.313778 0.007394
v 0.807671 0.345380 0.024705
v 0.785228 0.308597 0.081728
v -1.614405 0.234670 -0.075140
v -1.666505 0.314328 -0.067622
v -1.594015 0.322627 -0.050797
v -1.717355 0.342619 -0.047607
v -1.785375 0.393755 0.002112
v -1.848605 0.427177 0.081041
v -1.841995 0.372727 0.099919
v -1.820455 0.397031 0.120807
v -1.760334 0.412351 0.128196
v -1.797755 0.356289 0.125146
v -1.267145 0.132406 -0.068843
v -1.220365 0.218599 -0.062404
v -1.290155 0.120535 -0.068835
v -1.289875 0.169408 -0.054625
v -1.318074 0.135145 -0.069389
v -1.344655 0.260881 -0.073234
v -1.368425 0.291688 -0.070406
v -1.287785 0.285387 -0.057093
v -1.129505 0.290857 -0.053731
v -1.335705 0.304174 -0.036842
v -1.028855 0.318933 -0.036796
v -1.525205 0.303396 -0.069637
v -1.570695 0.233122 -0.075483
v -1.590775 0.225548 -0.070395
v 0.523390 0.368419 0.094793
v 0.499169 0.391084 0.119494
v 0.438254 0.401293 0.129371
v 0.537292 0.401865 0.000901
v 0.473826 0.370813 0.140767
v 0.486026 0.343545 0.125847
v 0.383169 0.324962 0.131448
v 0.307552 0.378616 0.000599
v 0.454837 0.384147 -0.002230
v 0.497844 0.336804 -0.056298
v 0.440344 0.319936 -0.048712
v 0.472886 0.255346 -0.076051
v 0.371344 0.217533 -0.063753
v 0.307924 0.308548 -0.045795
v 0.330971 0.104835 -0.069964
v 0.302185 0.092192 -0.068836
v 0.299523 0.147611 -0.056566
v 0.273299 0.104915 -0.070139
v 0.821329 0.287679 0.157794
v 0.851777 0.300958 0.175003
v 0.863003 0.255492 0.189914
v 0.872270 0.219525 0.164560
v 0.976713 0.182602 0.187016
v 0.874218 0.274810 0.194581
v 0.978248 0.284542 0.160891
v 1.022416 0.205602 0.198818
v 1.117762 0.150699 0.177423
v 1.097947 0.250698 0.176652
v 1.144648 0.187397 0.207368
v 1.090142 0.298774 0.136126
v 1.454790 0.283931 0.177426
v 1.447509 0.360480 0.128792
v 1.854685 0.320190 0.136608
v 1.917125 0.314396 0.125074
v 1.909455 0.263308 -0.080125
v 1.842445 0.259102 0.182046
v 1.907775 0.228284 0.181654
v 1.845295 0.251819 -0.067619
v 1.847685 0.185654 0.208192
v 1.884215 0.074081 0.206599
v 1.772509 0.183791 0.203525
v 1.848905 0.049010 0.205980
v 1.848535 0.105871 0.217864
v 1.821165 0.064062 0.206576
v -1.778995 0.376656 0.141767
v -1.684735 0.327135 0.127897
v -1.666485 0.363645 0.155520
v -1.641955 0.401885 0.135919
v -1.443614 0.345254 0.161453
v -1.255505 0.378801 0.129636
v -0.665865 0.373545 0.128885
v -1.032155 0.379057 0.130128
v -1.071095 0.341786 0.151980
v -0.841875 0.333841 0.160044
v -0.744565 0.335857 0.128340
v -1.349925 0.342884 0.151527
v -0.987515 0.286824 0.169844
v -1.087555 0.307782 0.131687
v -0.835585 0.294519 0.166635
v -1.388365 0.284507 0.157708
v -1.042215 0.282797 0.157814
v -0.918325 0.233912 0.161422
v -1.027365 0.201237 0.157200
v -0.988525 0.195280 0.167366
v -1.004465 0.169041 0.152250
v -0.964835 0.177078 0.153837
v -0.807365 0.259462 0.156013
v -1.343875 0.309100 0.131200
v -1.353925 0.345703 0.010914
v -0.747905 0.344324 0.005688
v -0.995735 0.362667 0.027614
v -1.032115 0.354758 0.027774
v -0.784675 0.332439 -0.004469
v -0.640495 0.350848 -0.000772
v -0.690435 0.296467 -0.054884
v -0.989195 0.306541 -0.050796
v -1.240925 0.332387 0.003772
v -1.436495 0.334210 -0.007074
v -1.471935 0.355268 0.006001
v -1.651725 0.391801 0.002929
v -1.625305 0.281093 0.155515
v -1.571584 0.305909 0.169461
v -1.509475 0.236004 0.161194
v -1.453605 0.288518 0.172671
v -1.464805 0.116829 0.148422
v -1.410375 0.128319 0.155429
v -1.437885 0.109253 0.157807
v 0.238334 0.218183 -0.061747
v 0.176968 0.240682 -0.065708
v 0.168916 0.278363 -0.055052
v 0.062901 0.243782 -0.065821
v -0.092965 0.104843 -0.070254
v -0.063959 0.092192 -0.068836
v -0.127567 0.218511 -0.062044
v -0.034622 0.104637 -0.070361
v -0.064038 0.154082 -0.054153
v -0.003054 0.219562 -0.061367
v -0.076362 0.259419 -0.049566
v 1.753082 0.150789 0.176151
v 1.689958 0.172816 0.175616
v 1.690423 0.205581 0.196957
v 1.626466 0.164764 0.176120
v 1.608407 0.195112 0.203530
v 1.556857 0.134771 0.212903
v 1.532119 0.201630 0.209817
v 1.547148 0.119466 0.203908
v 1.455174 0.183733 0.208558
v 1.506085 0.128103 0.205950
v 1.497039 0.120206 0.180180
v 1.455770 0.149452 0.175453
v 1.406964 -0.049769 0.207809
v 1.364023 -0.078493 0.205169
v 1.301027 0.044050 0.213249
v 1.378980 -0.031959 0.216927
v 1.428522 0.116434 0.208919
v 1.356912 0.156945 0.221691
v 1.232319 0.119916 0.220876
v 1.178570 0.088122 0.207079
v 0.977717 0.234729 -0.088912
v 1.138835 0.240728 -0.079216
v 1.716996 0.262168 -0.057605
v 1.373002 0.248109 -0.067821
v 1.538140 0.254892 -0.079885
v 1.209123 0.236700 -0.070998
v 1.176264 0.198213 -0.088131
v 1.297464 0.160670 -0.076162
v 1.349401 0.026770 -0.083527
v 1.373855 0.004201 -0.083646
v 1.373480 0.079320 -0.069495
v 1.401269 0.023417 -0.084487
v 1.430911 0.209698 -0.084966
v 1.454631 0.245261 -0.081240
v 1.614364 0.228572 -0.081064
v 1.665969 0.081078 -0.087565
v 1.689391 0.218109 -0.070586
v 1.769738 0.226443 -0.078026
v 1.690495 0.061345 -0.082876
v 1.713336 0.077078 -0.087296
v 1.814595 0.215632 -0.085011
v 1.853485 0.191349 -0.083131
v 1.881145 0.198675 -0.087406
v -0.200665 0.293426 -0.057569
v -0.217335 0.252806 -0.076109
v -0.050013 0.309250 -0.066099
v -0.257865 0.310684 -0.070078
v -0.129903 0.306910 -0.058218
v -0.199265 0.321835 -0.040512
v -0.150833 0.331102 -0.042060
v -0.203395 0.360292 -0.001151
v -0.154231 0.370578 -0.004674
v -0.181448 0.388127 0.004786
v -0.147515 0.396050 0.003606
v -0.387605 0.383038 -0.000177
v -0.429405 0.360883 -0.007689
v -0.602175 0.298404 -0.072297
v 0.164704 0.306145 -0.065226
v 0.223213 0.321311 -0.051327
v 0.252997 0.390831 0.005809
v 0.267385 0.428330 0.100018
v 0.057204 0.435636 0.121099
v 0.207905 0.400708 0.135052
v 0.296793 0.352166 0.161720
v 0.036313 0.401733 0.142716
v 0.106531 0.346925 0.158596
v -0.160969 0.419822 0.102841
v 0.366751 0.356290 0.154121
v 0.344891 0.295468 0.157863
v 0.288678 0.289432 0.172619
v 0.132175 0.289160 0.159926
v 0.331999 0.189442 0.156660
v 0.148425 0.256929 0.153222
v 0.088843 0.309293 0.123529
v 0.243088 0.234437 0.161422
v 0.306743 0.185524 0.165300
v 0.313012 0.157799 0.151853
v 0.283349 0.164871 0.152193
v 0.058508 0.321085 0.124626
v 0.026462 0.308625 0.124426
v 0.037824 0.347095 0.150630
v -0.030903 0.260732 0.155505
v -0.055392 0.336484 0.161211
v -0.057831 0.255945 0.159780
v -0.143049 0.385077 0.132512
v -0.143748 0.311729 0.124375
v -0.087636 0.258447 0.154261
v -0.139993 0.343316 0.148174
v -0.247865 0.309205 0.125676
v -0.255035 0.339007 0.151524
v -0.296325 0.390179 0.133100
v -0.410995 0.399026 0.126900
v -0.333755 0.340686 0.165343
v -0.660785 0.247898 -0.075654
v -0.689065 0.242288 -0.070023
v -0.718185 0.247742 -0.075781
v -0.762075 0.291893 -0.069316
v -0.840365 0.302574 -0.072051
v -0.915995 0.296254 -0.068942
v -0.945145 0.261698 -0.074255
v -0.963505 0.257495 -0.068612
v -0.991755 0.265637 -0.072890
v -1.057875 0.293882 -0.063785
v -1.102555 0.251381 -0.073069
v -0.742655 0.304533 0.133733
v -0.597675 0.316416 0.138316
v -0.407865 0.355028 0.132857
v -0.441245 0.329130 0.131819
v -0.411425 0.312113 0.128018
v -0.371295 0.262425 0.157064
v -0.329255 0.259817 0.167249
v -0.342785 0.239309 0.152248
v -0.291285 0.261276 0.157510
v -0.300645 0.239775 0.140094
v 0.942836 0.208171 -0.089504
v 0.918504 0.203028 -0.082651
v 0.916126 0.235641 -0.077627
v 0.893550 0.206124 -0.089179
v 0.867135 0.246283 -0.088351
v -1.608535 0.264550 -0.138144
v -1.617285 0.230303 -0.101784
v -1.680675 0.322420 -0.104694
v -1.614405 0.234670 -0.075140
v -1.666505 0.314328 -0.067622
v -1.827875 0.408700 -0.088177
v -1.856085 0.383442 -0.059251
v -1.855395 0.460682 -0.005850
v -1.843095 0.377624 -0.021354
v -1.879165 0.434408 0.007124
v -1.853705 0.463699 0.024860
v -1.850415 0.403161 0.004270
v -1.875655 0.401526 0.055500
v -1.848605 0.427177 0.081041
v -1.845955 0.373540 0.040846
v -1.841995 0.372727 0.099919
v -1.820455 0.397031 0.120807
v -1.318074 0.135145 -0.069389
v -1.325804 0.126229 -0.096472
v -1.318405 0.137679 -0.132045
v -1.362095 0.270178 -0.104642
v -1.342555 0.281426 -0.133862
v -1.344655 0.260881 -0.073234
v -1.387015 0.306434 -0.106546
v -1.368425 0.291688 -0.070406
v -1.599995 0.232626 -0.128420
v 0.217031 0.336813 -0.118698
v 0.273316 0.104655 -0.128282
v 0.238002 0.220887 -0.137314
v 0.265403 0.090735 -0.099314
v 0.273299 0.104915 -0.070139
v 0.224425 0.204097 -0.099349
v 0.816261 0.335070 0.093471
v 0.821329 0.287679 0.157794
v 0.863003 0.255492 0.189914
v 0.836112 0.244834 0.140283
v 0.872270 0.219525 0.164560
v 1.135242 0.146974 0.144555
v 1.117762 0.150699 0.177423
v 1.164139 0.237468 -0.151093
v 1.822835 0.052676 0.148933
v 1.770816 0.155151 0.136605
v 1.812020 0.048543 0.181037
v 1.821165 0.064062 0.206576
v -1.684735 0.327135 0.127897
v -1.087555 0.307782 0.131687
v -1.042215 0.282797 0.157814
v -1.027365 0.201237 0.157200
v -1.061295 0.271849 0.127976
v -1.004465 0.169041 0.152250
v -1.045615 0.204396 0.123753
v -1.005205 0.161099 0.123573
v -1.004545 0.169008 0.094739
v -1.026825 0.198595 0.089964
v -1.042315 0.263075 0.096450
v -1.070055 0.293170 0.098315
v -1.669165 0.317574 0.092584
v -1.628355 0.268212 0.099312
v -1.637084 0.267574 0.125267
v -1.625305 0.281093 0.155515
v -1.529395 0.222769 0.123564
v -1.510255 0.231085 0.086248
v -1.509475 0.236004 0.161194
v -1.462955 0.122388 0.093044
v -1.469565 0.108701 0.125498
v -1.464805 0.116829 0.148422
v 0.238334 0.218183 -0.061747
v -0.092933 0.104802 -0.128360
v -0.124982 0.220887 -0.137314
v -0.141160 0.204130 -0.099398
v -0.100848 0.090781 -0.099311
v -0.092965 0.104843 -0.070254
v -0.214465 0.261321 -0.128075
v -0.127567 0.218511 -0.062044
v -0.222745 0.248473 -0.098635
v 1.753082 0.150789 0.176151
v 1.455174 0.183733 0.208558
v 1.506085 0.128103 0.205950
v 1.497039 0.120206 0.180180
v 1.350918 -0.063798 0.145307
v 1.300007 0.042092 0.138333
v 1.342707 -0.076456 0.175606
v 1.280126 0.028384 0.175490
v 1.364023 -0.078493 0.205169
v 1.301027 0.044050 0.213249
v 1.178570 0.088122 0.207079
v 1.166376 0.074188 0.176445
v 1.180643 0.079763 0.146766
v 1.116014 0.251012 -0.119983
v 1.138835 0.240728 -0.079216
v 1.176264 0.198213 -0.088131
v 1.297464 0.160670 -0.076162
v 1.169054 0.192628 -0.115564
v 1.279771 0.144915 -0.114247
v 1.178410 0.205456 -0.142776
v 1.297971 0.164238 -0.152123
v 1.349667 0.025928 -0.144418
v 1.345399 0.003593 -0.114110
v 1.349401 0.026770 -0.083527
v 1.596841 0.230252 -0.117513
v 1.672026 0.110198 -0.151910
v 1.614364 0.228572 -0.081064
v 1.665969 0.081078 -0.087565
v 1.663586 0.061512 -0.115730
v 1.690495 0.061345 -0.082876
v 1.690517 0.033334 -0.114493
v 1.665257 0.080436 -0.139552
v -0.217335 0.252806 -0.076109
v -0.269785 0.321802 -0.105861
v -0.257865 0.310684 -0.070078
v 0.201532 0.338097 -0.080521
v 0.223213 0.321311 -0.051327
v 0.252672 0.462427 0.017317
v 0.252997 0.390831 0.005809
v 0.238449 0.436427 0.017222
v 0.239199 0.456365 0.041990
v 0.106531 0.346925 0.158596
v 0.132175 0.289160 0.159926
v 0.148425 0.256929 0.153222
v 0.088843 0.309293 0.123529
v 0.243088 0.234437 0.161422
v 0.283349 0.164871 0.152193
v 0.229337 0.217507 0.123526
v 0.137220 0.246718 0.124315
v 0.276113 0.159986 0.126196
v 0.282479 0.167254 0.092651
v 0.245628 0.227636 0.085780
v 0.146598 0.251335 0.095972
v 0.105449 0.305579 0.089594
v -0.086219 0.248901 0.097193
v -0.118543 0.301603 0.086574
v -0.096809 0.247416 0.129238
v -0.143748 0.311729 0.124375
v -0.087636 0.258447 0.154261
v -0.139993 0.343316 0.148174
v -0.711915 0.272425 -0.138182
v -0.719075 0.255706 -0.125087
v -0.723415 0.246723 -0.102609
v -0.780985 0.305066 -0.105405
v -0.762075 0.291893 -0.069316
v -0.965405 0.251007 -0.099636
v -0.967735 0.263354 -0.129168
v -0.984265 0.285610 -0.138441
v -0.411425 0.312113 0.128018
v -0.371295 0.262425 0.157064
v -0.390545 0.300156 0.097236
v -0.376165 0.247481 0.123523
v -0.371015 0.258993 0.091831
v 0.860931 0.296061 -0.128765
v 0.894103 0.219538 -0.146271
v 0.893550 0.206124 -0.089179
v 0.888864 0.205010 -0.117150
v 0.867135 0.246283 -0.088351
v 0.858359 0.256961 -0.115054
v 0.817187 0.293409 -0.075555
v 0.822315 0.272533 -0.043784
v 0.824912 0.333725 -0.060658
v 0.780441 0.313778 0.007394
v 0.807671 0.345380 0.024705
v 0.785228 0.308597 0.081728
v 0.798593 0.280681 0.049601
v -1.617285 0.230303 -0.101784
v -1.680675 0.322420 -0.104694
v -1.614405 0.234670 -0.075140
v -1.666505 0.314328 -0.067622
v -1.594015 0.322627 -0.050797
v -1.796575 0.356300 -0.098126
v -1.801865 0.345753 -0.064965
v -1.856085 0.383442 -0.059251
v -1.717355 0.342619 -0.047607
v -1.843095 0.377624 -0.021354
v -1.785375 0.393755 0.002112
v -1.850415 0.403161 0.004270
v -1.875655 0.401526 0.055500
v -1.845955 0.373540 0.040846
v -1.841995 0.372727 0.099919
v -1.797755 0.356289 0.125146
v -1.801924 0.341222 0.091625
v -1.744035 0.338369 0.072817
v -1.267145 0.132406 -0.068843
v -1.200955 0.209902 -0.099462
v -1.220365 0.218599 -0.062404
v -1.290155 0.105097 -0.099313
v -1.290155 0.120535 -0.068835
v -1.318074 0.135145 -0.069389
v -1.325804 0.126229 -0.096472
v -1.318405 0.137679 -0.132045
v -1.387015 0.306434 -0.106546
v -1.368425 0.291688 -0.070406
v -1.287785 0.285387 -0.057093
v -1.129505 0.290857 -0.053731
v -1.335705 0.304174 -0.036842
v -1.028855 0.318933 -0.036796
v -1.446555 0.308157 -0.073042
v -1.444134 0.323663 -0.106777
v -1.504694 0.313653 -0.106075
v -1.525205 0.303396 -0.069637
v -1.560945 0.233655 -0.107583
v -1.570695 0.233122 -0.075483
v -1.590425 0.214135 -0.099996
v -1.590775 0.225548 -0.070395
v -1.566205 0.241528 -0.125140
v -1.599995 0.232626 -0.128420
v 0.523390 0.368419 0.094793
v 0.537292 0.401865 0.000901
v 0.486026 0.343545 0.125847
v 0.383169 0.324962 0.131448
v 0.476387 0.328456 0.100914
v 0.499601 0.340468 0.078137
v 0.434549 0.330857 0.069880
v 0.448596 0.365974 0.014807
v 0.366479 0.313665 0.094338
v 0.307552 0.378616 0.000599
v 0.454837 0.384147 -0.002230
v 0.472886 0.255346 -0.076051
v 0.487757 0.257083 -0.103331
v 0.371344 0.217533 -0.063753
v 0.382930 0.204679 -0.099451
v 0.468589 0.264962 -0.128798
v 0.365232 0.224428 -0.137314
v 0.331029 0.103150 -0.127214
v 0.341240 0.093215 -0.099559
v 0.302185 0.092192 -0.129793
v 0.302185 0.072757 -0.099314
v 0.330971 0.104835 -0.069964
v 0.273316 0.104655 -0.128282
v 0.302185 0.092192 -0.068836
v 0.238002 0.220887 -0.137314
v 0.265403 0.090735 -0.099314
v 0.273299 0.104915 -0.070139
v 0.224425 0.204097 -0.099349
v 0.836112 0.244834 0.140283
v 0.872270 0.219525 0.164560
v 0.888118 0.214215 0.126289
v 0.869514 0.260619 0.039370
v 0.976713 0.182602 0.187016
v 0.968482 0.171114 0.155397
v 0.958106 0.193826 0.118903
v 1.135242 0.146974 0.144555
v 1.117762 0.150699 0.177423
v 1.111569 0.286095 -0.142182
v 1.909455 0.263308 -0.080125
v 1.923555 0.290509 0.013503
v 1.918635 0.279419 0.071715
v 1.852105 0.277299 0.044331
v 1.854255 0.267764 -0.040299
v 1.839785 0.244248 0.084546
v 1.845295 0.251819 -0.067619
v 1.884215 0.074081 0.206599
v 1.890415 0.051631 0.175680
v 1.880355 0.056446 0.148998
v 1.848315 0.044946 0.143762
v 1.848905 0.028250 0.175634
v 1.822835 0.052676 0.148933
v 1.848905 0.049010 0.205980
v 1.770816 0.155151 0.136605
v 1.812020 0.048543 0.181037
v 1.821165 0.064062 0.206576
v -1.684735 0.327135 0.127897
v -1.087555 0.307782 0.131687
v -0.918325 0.233912 0.161422
v -1.004465 0.169041 0.152250
v -0.964835 0.177078 0.153837
v -1.005205 0.161099 0.123573
v -0.961655 0.168811 0.124701
v -0.807365 0.259462 0.156013
v -0.906355 0.218148 0.124901
v -0.918275 0.227812 0.087199
v -0.964675 0.177606 0.092576
v -1.004545 0.169008 0.094739
v -0.979905 0.287341 0.077815
v -1.070055 0.293170 0.098315
v -0.840845 0.292694 0.075648
v -1.075065 0.303255 0.072569
v -1.196205 0.305744 0.062962
v -1.267155 0.296632 0.102106
v -1.343875 0.309100 0.131200
v -1.367875 0.295569 0.094013
v -0.985195 0.342557 0.025238
v -1.519575 0.328293 0.059389
v -1.353925 0.345703 0.010914
v -0.747905 0.344324 0.005688
v -0.659445 0.340840 0.001088
v -1.032115 0.354758 0.027774
v -0.784675 0.332439 -0.004469
v -0.640495 0.350848 -0.000772
v -0.690435 0.296467 -0.054884
v -0.989195 0.306541 -0.050796
v -1.240925 0.332387 0.003772
v -1.436495 0.334210 -0.007074
v -1.471935 0.355268 0.006001
v -1.659805 0.382791 0.009753
v -1.586704 0.313675 0.076565
v -1.669165 0.317574 0.092584
v -1.628355 0.268212 0.099312
v -1.575294 0.255940 0.089048
v -1.637084 0.267574 0.125267
v -1.625305 0.281093 0.155515
v -1.529395 0.222769 0.123564
v -1.510255 0.231085 0.086248
v -1.509475 0.236004 0.161194
v -1.462955 0.122388 0.093044
v -1.469565 0.108701 0.125498
v -1.440155 0.106218 0.092944
v -1.408075 0.131393 0.091790
v -1.440155 0.087347 0.123422
v -1.464805 0.116829 0.148422
v -1.404785 0.109898 0.121334
v -1.410375 0.128319 0.155429
v -1.437885 0.109253 0.157807
v 0.238334 0.218183 -0.061747
v 0.176708 0.242506 -0.133148
v 0.176968 0.240682 -0.065708
v 0.164136 0.231256 -0.099379
v 0.062890 0.244234 -0.133186
v 0.062901 0.243782 -0.065821
v 0.059750 0.229056 -0.099316
v 0.013162 0.204212 -0.099317
v -0.002935 0.220001 -0.137314
v -0.034688 0.103204 -0.127054
v -0.024832 0.093229 -0.099314
v -0.063959 0.092192 -0.129793
v -0.063959 0.072757 -0.099314
v -0.092933 0.104802 -0.128360
v -0.124982 0.220887 -0.137314
v -0.141160 0.204130 -0.099398
v -0.100848 0.090781 -0.099311
v -0.092965 0.104843 -0.070254
v -0.063959 0.092192 -0.068836
v -0.214465 0.261321 -0.128075
v -0.127567 0.218511 -0.062044
v -0.034622 0.104637 -0.070361
v -0.003054 0.219562 -0.061367
v -0.222745 0.248473 -0.098635
v 1.753082 0.150789 0.176151
v 1.689958 0.172816 0.175616
v 1.689127 0.176652 0.136285
v 1.626466 0.164764 0.176120
v 1.721342 0.255557 0.073848
v 1.606948 0.168207 0.134211
v 1.568414 0.119073 0.181337
v 1.556857 0.134771 0.212903
v 1.547148 0.119466 0.203908
v 1.506085 0.128103 0.205950
v 1.532170 0.109763 0.175621
v 1.560226 0.120436 0.148153
v 1.531702 0.117500 0.142116
v 1.497039 0.120206 0.180180
v 1.505618 0.122475 0.146932
v 1.455770 0.149452 0.175453
v 1.455352 0.161975 0.131376
v 1.436033 0.287501 0.069207
v 1.406197 -0.051925 0.143892
v 1.406964 -0.049769 0.207809
v 1.402985 -0.077392 0.175437
v 1.373855 -0.077392 0.144959
v 1.373855 -0.095608 0.175437
v 1.350918 -0.063798 0.145307
v 1.300007 0.042092 0.138333
v 1.342707 -0.076456 0.175606
v 1.280126 0.028384 0.175490
v 1.364023 -0.078493 0.205169
v 1.301027 0.044050 0.213249
v 1.178570 0.088122 0.207079
v 1.166376 0.074188 0.176445
v 1.180643 0.079763 0.146766
v 1.093694 0.223251 0.077331
v 0.987997 0.246335 0.047214
v 1.157342 0.262068 0.044629
v 1.000531 0.257109 0.014528
v 0.885944 0.256999 -0.032550
v 1.443928 0.316001 0.046000
v 1.186249 0.278113 0.010461
v 1.003377 0.254644 -0.025426
v 0.977717 0.234729 -0.088912
v 1.060518 0.241922 -0.079499
v 1.005025 0.255869 -0.119151
v 1.261330 0.277972 -0.025608
v 1.116014 0.251012 -0.119983
v 1.439192 0.317558 0.024636
v 1.138835 0.240728 -0.079216
v 1.540437 0.315363 0.021024
v 1.556171 0.306683 -0.011389
v 1.731339 0.279073 0.047364
v 1.763631 0.281737 0.019576
v 1.776289 0.269912 -0.042639
v 1.592337 0.288345 -0.040467
v 1.716996 0.262168 -0.057605
v 1.373002 0.248109 -0.067821
v 1.538140 0.254892 -0.079885
v 1.176264 0.198213 -0.088131
v 1.297464 0.160670 -0.076162
v 1.169054 0.192628 -0.115564
v 1.279771 0.144915 -0.114247
v 1.178410 0.205456 -0.142776
v 1.297971 0.164238 -0.152123
v 1.349667 0.025928 -0.144418
v 1.345399 0.003593 -0.114110
v 1.373855 0.004201 -0.144602
v 1.349401 0.026770 -0.083527
v 1.373855 -0.020350 -0.114124
v 1.402663 0.023497 -0.142886
v 1.373855 0.004201 -0.083646
v 1.403992 0.004201 -0.114124
v 1.401269 0.023417 -0.084487
v 1.454631 0.245261 -0.081240
v 1.474742 0.254812 -0.117830
v 1.533492 0.264086 -0.117829
v 1.596841 0.230252 -0.117513
v 1.771262 0.258675 -0.150273
v 1.614364 0.228572 -0.081064
v 1.665969 0.081078 -0.087565
v 1.769738 0.226443 -0.078026
v 1.663586 0.061512 -0.115730
v 1.690495 0.061345 -0.082876
v 1.713336 0.077078 -0.087296
v 1.690517 0.033334 -0.114493
v 1.770550 0.222275 -0.115463
v 1.802586 0.220303 -0.116024
v 1.814595 0.215632 -0.085011
v 1.853485 0.191349 -0.083131
v 1.850175 0.182984 -0.113676
v 1.881145 0.198675 -0.087406
v 1.849475 0.196617 -0.143094
v 1.891815 0.199479 -0.118850
v 1.880615 0.202928 -0.139579
v 1.842655 0.218176 -0.153765
v -0.217335 0.252806 -0.076109
v -0.269785 0.321802 -0.105861
v -0.257865 0.310684 -0.070078
v -0.199265 0.321835 -0.040512
v -0.339585 0.322180 -0.078322
v -0.338375 0.330368 -0.044252
v -0.203395 0.360292 -0.001151
v -0.429405 0.360883 -0.007689
v -0.590425 0.317485 -0.046198
v -0.602175 0.298404 -0.072297
v -0.580165 0.317687 -0.107318
v -0.335775 0.337936 -0.110396
v 0.101429 0.384926 0.027321
v 0.106531 0.346925 0.158596
v 0.148425 0.256929 0.153222
v 0.088843 0.309293 0.123529
v 0.243088 0.234437 0.161422
v 0.313012 0.157799 0.151853
v 0.283349 0.164871 0.152193
v 0.229337 0.217507 0.123526
v 0.137220 0.246718 0.124315
v 0.332882 0.163773 0.120403
v 0.302185 0.148304 0.123422
v 0.276113 0.159986 0.126196
v 0.282479 0.167254 0.092651
v 0.312975 0.157797 0.094937
v 0.245628 0.227636 0.085780
v 0.218696 0.342008 0.058029
v 0.146598 0.251335 0.095972
v 0.105449 0.305579 0.089594
v 0.057590 0.320297 0.086435
v 0.057072 0.362521 0.059094
v 0.019178 0.386968 0.027570
v 0.058508 0.321085 0.124626
v 0.026462 0.308625 0.124426
v 0.037824 0.347095 0.150630
v 0.011799 0.306729 0.087141
v -0.030903 0.260732 0.155505
v -0.026769 0.246284 0.123939
v -0.029294 0.250973 0.096394
v -0.062717 0.235599 0.123708
v -0.057831 0.255945 0.159780
v -0.060054 0.245006 0.091055
v -0.086219 0.248901 0.097193
v -0.118543 0.301603 0.086574
v -0.096809 0.247416 0.129238
v -0.143748 0.311729 0.124375
v -0.087636 0.258447 0.154261
v -0.247865 0.309205 0.125676
v -0.184839 0.311329 0.088970
v -0.136759 0.328375 0.057142
v -0.269795 0.299312 0.095276
v -0.192565 0.380452 -0.001096
v -0.791695 0.342405 -0.124184
v -0.653215 0.249542 -0.108337
v -0.673925 0.251428 -0.129118
v -0.660785 0.247898 -0.075654
v -0.719075 0.255706 -0.125087
v -0.690035 0.235803 -0.100026
v -0.689065 0.242288 -0.070023
v -0.723415 0.246723 -0.102609
v -0.718185 0.247742 -0.075781
v -0.780985 0.305066 -0.105405
v -0.762075 0.291893 -0.069316
v -0.840365 0.302574 -0.072051
v -0.890615 0.313026 -0.103500
v -0.915075 0.336909 -0.130287
v -0.915995 0.296254 -0.068942
v -0.946375 0.272890 -0.130920
v -0.936045 0.264871 -0.107476
v -0.945145 0.261698 -0.074255
v -0.965405 0.251007 -0.099636
v -0.963505 0.257495 -0.068612
v -0.967735 0.263354 -0.129168
v -0.984265 0.285610 -0.138441
v -0.991755 0.265637 -0.072890
v -1.050995 0.299110 -0.099919
v -1.059595 0.331701 -0.134920
v -1.057875 0.293882 -0.063785
v -1.102555 0.251381 -0.073069
v -1.106735 0.258233 -0.129333
v -1.093205 0.247942 -0.100761
v -1.220675 0.223657 -0.137104
v -1.277745 0.120457 -0.128502
v -1.259264 0.123119 -0.101827
v -0.349595 0.379105 -0.002586
v -0.332595 0.306178 0.083414
v -0.428335 0.320942 0.071278
v -0.622425 0.300400 0.070850
v -0.606515 0.296257 0.106191
v -0.764915 0.287528 0.096067
v -0.805345 0.245996 0.099500
v -0.795645 0.245656 0.126888
v -0.742655 0.304533 0.133733
v -0.597675 0.316416 0.138316
v -0.417275 0.314028 0.094866
v -0.441245 0.329130 0.131819
v -0.411425 0.312113 0.128018
v -0.371295 0.262425 0.157064
v -0.390545 0.300156 0.097236
v -0.376165 0.247481 0.123523
v -0.342785 0.239309 0.152248
v -0.371015 0.258993 0.091831
v -0.276505 0.258634 0.123547
v -0.300645 0.239775 0.140094
v -0.298765 0.248930 0.092493
v -0.342935 0.239278 0.094772
v -0.331095 0.233162 0.123422
v 0.978453 0.275259 -0.147696
v 0.929052 0.209892 -0.143797
v 0.894103 0.219538 -0.146271
v 0.918136 0.196382 -0.114829
v 0.947899 0.210980 -0.122876
v 0.942836 0.208171 -0.089504
v 0.918504 0.203028 -0.082651
v 0.916126 0.235641 -0.077627
v 0.893550 0.206124 -0.089179
v 0.888864 0.205010 -0.117150
v 0.867135 0.246283 -0.088351
v 0.858359 0.256961 -0.115054
v 0.817187 0.293409 -0.075555
v 0.822315 0.272533 -0.043784
v 0.798593 0.280681 0.049601
v -1.590485 0.352310 -0.134541
v -1.521015 0.342430 -0.130871
v -1.608535 0.264550 -0.138144
v -1.680675 0.322420 -0.104694
v -1.663764 0.354434 -0.129313
v -1.614035 0.408300 -0.107111
v -1.468364 0.388422 -0.104240
v -1.785175 0.380625 -0.114797
v -1.757874 0.425762 -0.096723
v -1.827875 0.408700 -0.088177
v -1.796575 0.356300 -0.098126
v -1.856085 0.383442 -0.059251
v -1.785375 0.393755 0.002112
v -1.744035 0.338369 0.072817
v -1.318405 0.137679 -0.132045
v -1.342555 0.281426 -0.133862
v -1.387015 0.306434 -0.106546
v -1.365664 0.334969 -0.129769
v -1.441575 0.352144 -0.124146
v -1.318055 0.371839 -0.106688
v -1.444134 0.323663 -0.106777
v -1.504694 0.313653 -0.106075
v -1.560945 0.233655 -0.107583
v -1.566205 0.241528 -0.125140
v -1.599995 0.232626 -0.128420
v 0.435686 0.425076 -0.071121
v 0.485445 0.366175 -0.113650
v 0.307618 0.358721 -0.122508
v 0.514589 0.416397 -0.060900
v 0.297731 0.452038 -0.029845
v 0.217031 0.336813 -0.118698
v 0.448596 0.365974 0.014807
v 0.366479 0.313665 0.094338
v 0.307552 0.378616 0.000599
v 0.454837 0.384147 -0.002230
v 0.483641 0.300226 -0.129277
v 0.468589 0.264962 -0.128798
v 0.425889 0.303414 -0.143166
v 0.365232 0.224428 -0.137314
v 0.263342 0.278826 -0.145743
v 0.331029 0.103150 -0.127214
v 0.297834 0.147060 -0.142386
v 0.302185 0.092192 -0.129793
v 0.273316 0.104655 -0.128282
v 0.238002 0.220887 -0.137314
v 0.958106 0.193826 0.118903
v 1.135242 0.146974 0.144555
v 1.191600 0.318593 -0.131002
v 0.916462 0.309089 -0.134782
v 1.111569 0.286095 -0.142182
v 1.595238 0.331392 -0.128295
v 1.217724 0.280328 -0.154328
v 1.164139 0.237468 -0.151093
v 1.847615 0.315686 -0.132031
v 1.912845 0.316699 -0.112243
v 1.918635 0.279419 0.071715
v 1.839785 0.244248 0.084546
v 1.906785 0.199299 0.125579
v 1.880355 0.056446 0.148998
v 1.847415 0.154230 0.123650
v 1.848315 0.044946 0.143762
v 1.822835 0.052676 0.148933
v 1.770816 0.155151 0.136605
v -0.918275 0.227812 0.087199
v -0.964675 0.177606 0.092576
v -1.004545 0.169008 0.094739
v -0.989905 0.195602 0.079127
v -1.026825 0.198595 0.089964
v -1.042315 0.263075 0.096450
v -0.979905 0.287341 0.077815
v -1.070055 0.293170 0.098315
v -0.840845 0.292694 0.075648
v -1.075065 0.303255 0.072569
v -1.367875 0.295569 0.094013
v -0.985195 0.342557 0.025238
v -1.519575 0.328293 0.059389
v -1.353925 0.345703 0.010914
v -0.973615 0.360423 0.020313
v -0.747905 0.344324 0.005688
v -0.659445 0.340840 0.001088
v -0.640495 0.350848 -0.000772
v -1.471935 0.355268 0.006001
v -1.651725 0.391801 0.002929
v -1.659805 0.382791 0.009753
v -1.586704 0.313675 0.076565
v -1.669165 0.317574 0.092584
v -1.628355 0.268212 0.099312
v -1.443925 0.300046 0.079564
v -1.575294 0.255940 0.089048
v -1.389625 0.265990 0.095654
v -1.510255 0.231085 0.086248
v -1.440175 0.165959 0.078576
v -1.462955 0.122388 0.093044
v -1.440155 0.106218 0.092944
v -1.408075 0.131393 0.091790
v 0.176708 0.242506 -0.133148
v 0.062890 0.244234 -0.133186
v -0.055500 0.273303 -0.147300
v -0.002935 0.220001 -0.137314
v 0.158760 0.311108 -0.132537
v -0.104407 0.315207 -0.131466
v -0.068194 0.144760 -0.141965
v -0.034688 0.103204 -0.127054
v -0.063959 0.092192 -0.129793
v -0.092933 0.104802 -0.128360
v -0.124982 0.220887 -0.137314
v -0.227365 0.305612 -0.136927
v -0.214465 0.261321 -0.128075
v 1.689127 0.176652 0.136285
v 1.721342 0.255557 0.073848
v 1.606948 0.168207 0.134211
v 1.560226 0.120436 0.148153
v 1.537161 0.193104 0.113580
v 1.531702 0.117500 0.142116
v 1.505618 0.122475 0.146932
v 1.455352 0.161975 0.131376
v 1.436033 0.287501 0.069207
v 1.372436 0.153211 0.123218
v 1.428753 0.107379 0.142041
v 1.373499 -0.025631 0.131676
v 1.406197 -0.051925 0.143892
v 1.373855 -0.077392 0.144959
v 1.350918 -0.063798 0.145307
v 1.300007 0.042092 0.138333
v 1.225071 0.159541 0.119328
v 1.180643 0.079763 0.146766
v 1.157051 0.193386 0.103578
v 1.093694 0.223251 0.077331
v 0.987997 0.246335 0.047214
v 1.157342 0.262068 0.044629
v 1.443928 0.316001 0.046000
v 1.005025 0.255869 -0.119151
v 1.116014 0.251012 -0.119983
v 1.169054 0.192628 -0.115564
v 1.178410 0.205456 -0.142776
v 1.297971 0.164238 -0.152123
v 1.357853 0.212140 -0.163100
v 1.452626 0.284821 -0.147280
v 1.372258 0.074715 -0.158019
v 1.430417 0.232520 -0.148308
v 1.349667 0.025928 -0.144418
v 1.373855 0.004201 -0.144602
v 1.402663 0.023497 -0.142886
v 1.474742 0.254812 -0.117830
v 1.532823 0.290974 -0.141068
v 1.533492 0.264086 -0.117829
v 1.614859 0.262894 -0.146250
v 1.596841 0.230252 -0.117513
v 1.690978 0.258290 -0.153184
v 1.672026 0.110198 -0.151910
v 1.771262 0.258675 -0.150273
v 1.690517 0.033334 -0.114493
v 1.665257 0.080436 -0.139552
v 1.690544 0.066474 -0.144722
v 1.711444 0.085860 -0.144180
v 1.719755 0.063151 -0.114927
v 1.770550 0.222275 -0.115463
v 1.802586 0.220303 -0.116024
v 1.849475 0.196617 -0.143094
v 1.880615 0.202928 -0.139579
v 1.842655 0.218176 -0.153765
v 1.896315 0.256546 -0.146509
v 1.849065 0.279067 -0.152290
v -0.269785 0.321802 -0.105861
v -0.147515 0.396050 0.003606
v -0.387605 0.383038 -0.000177
v -0.580165 0.317687 -0.107318
v -0.335775 0.337936 -0.110396
v -0.270085 0.359699 -0.127317
v -0.478255 0.364003 -0.124054
v -0.180498 0.347491 -0.132615
v -0.408235 0.405404 -0.103598
v -0.278805 0.400751 -0.104904
v 0.252997 0.390831 0.005809
v 0.238449 0.436427 0.017222
v 0.101429 0.384926 0.027321
v 0.239199 0.456365 0.041990
v 0.221415 0.422330 0.019566
v 0.150798 0.449206 0.051403
v 0.031060 0.420759 0.033870
v -0.047756 0.449058 0.048856
v 0.282479 0.167254 0.092651
v 0.312975 0.157797 0.094937
v 0.333086 0.191596 0.090374
v 0.344716 0.275976 0.096501
v 0.302012 0.189427 0.079182
v 0.298507 0.309718 0.079301
v 0.245628 0.227636 0.085780
v 0.218696 0.342008 0.058029
v 0.146598 0.251335 0.095972
v 0.154736 0.313418 0.075296
v 0.105449 0.305579 0.089594
v 0.057590 0.320297 0.086435
v 0.057072 0.362521 0.059094
v 0.019178 0.386968 0.027570
v -0.065265 0.343347 0.054887
v -0.128726 0.430755 0.015461
v 0.011799 0.306729 0.087141
v -0.029294 0.250973 0.096394
v -0.051323 0.301034 0.076282
v -0.060054 0.245006 0.091055
v -0.086219 0.248901 0.097193
v -0.118543 0.301603 0.086574
v -0.136759 0.328375 0.057142
v -0.269795 0.299312 0.095276
v -0.192565 0.380452 -0.001096
v -0.181448 0.388127 0.004786
v -0.132703 0.458038 0.037662
v -0.742785 0.374665 -0.109071
v -0.985025 0.381875 -0.109866
v -0.609965 0.336511 -0.130682
v -0.689485 0.338480 -0.134585
v -0.791695 0.342405 -0.124184
v -0.711915 0.272425 -0.138182
v -0.653215 0.249542 -0.108337
v -0.673925 0.251428 -0.129118
v -0.719075 0.255706 -0.125087
v -0.723415 0.246723 -0.102609
v -0.780985 0.305066 -0.105405
v -0.890615 0.313026 -0.103500
v -0.915075 0.336909 -0.130287
v -0.946375 0.272890 -0.130920
v -0.984975 0.340141 -0.136302
v -0.967735 0.263354 -0.129168
v -0.984265 0.285610 -0.138441
v -1.059595 0.331701 -0.134920
v -1.106735 0.258233 -0.129333
v -1.220675 0.223657 -0.137104
v -1.156875 0.286383 -0.144886
v -1.288305 0.334652 -0.136224
v -1.287555 0.285511 -0.145759
v -1.295145 0.159021 -0.140809
v -1.277745 0.120457 -0.128502
v -0.349595 0.379105 -0.002586
v -0.332595 0.306178 0.083414
v -0.764915 0.287528 0.096067
v -0.805345 0.245996 0.099500
v -0.417275 0.314028 0.094866
v -0.390545 0.300156 0.097236
v -0.371015 0.258993 0.091831
v -0.331095 0.261325 0.078673
v -0.298765 0.248930 0.092493
v -0.342935 0.239278 0.094772
v 0.916982 0.280715 -0.152091
v 0.978453 0.275259 -0.147696
v 0.918209 0.241257 -0.157398
v 0.860931 0.296061 -0.128765
v 0.929052 0.209892 -0.143797
v 0.894103 0.219538 -0.146271
v 0.947899 0.210980 -0.122876
v -0.232765 0.004922 -0.214901
v -0.146640 0.228061 -0.212960
v -0.136399 0.223750 -0.171810
v -0.222525 0.000611 -0.173751
v -0.134211 0.230390 0.212678
v -0.215995 0.005623 0.214620
v -0.125624 0.226906 0.171074
v -0.207405 0.002139 0.173015
v -0.337745 0.062642 -0.195663
v -0.328035 -0.045860 -0.200703
v -0.329765 -0.053222 -0.221127
v -0.340165 0.050752 -0.176052
v -0.317105 -0.153306 -0.173130
v -0.320805 -0.169940 -0.191726
v -0.328035 -0.045860 -0.200703
v -0.344655 0.069564 0.201216
v -0.333455 -0.046498 0.224462
v -0.332715 -0.038793 0.204105
v -0.347675 0.057931 0.181534
v -0.323545 -0.162559 0.192844
v -0.320945 -0.145575 0.174380
v -0.332715 -0.038793 0.204105
v -0.496565 -0.184650 -0.170408
v -0.500265 -0.201284 -0.189005
v -0.541825 -0.242671 -0.170504
v -0.545525 -0.259305 -0.189101
v -0.220785 0.006668 0.133877
v -0.139000 0.231435 0.131935
v -0.125624 0.226906 0.171074
v -0.207405 0.002139 0.173015
v -0.499745 -0.180338 0.178625
v -0.502355 -0.197322 0.197090
v -0.543865 -0.239217 0.179673
v -0.546475 -0.256202 0.198137
v -0.234175 0.004760 -0.134024
v -0.148045 0.227899 -0.132082
v -0.136399 0.223750 -0.171810
v -0.222525 0.000611 -0.173751
v -0.432435 0.296339 -0.193637
v -0.419705 0.241470 -0.094486
v -0.419695 0.248320 -0.204259
v -0.432455 0.289933 -0.090986
v -0.447895 0.296553 0.104231
v -0.443695 0.301391 0.206883
v -0.434115 0.248298 0.106419
v -0.429625 0.253471 0.216193
v -0.436325 0.211633 -0.214179
v -0.436335 0.204338 -0.097284
v -0.449055 0.172554 -0.209948
v -0.449075 0.165704 -0.100175
v -0.419695 0.248320 -0.204259
v -0.436335 0.204338 -0.097284
v -0.436325 0.211633 -0.214179
v -0.419705 0.241470 -0.094486
v -0.449915 0.210813 0.109310
v -0.457305 0.177074 0.221883
v -0.461795 0.171901 0.112108
v -0.445135 0.216322 0.226206
v -0.434115 0.248298 0.106419
v -0.429625 0.253471 0.216193
v -0.449915 0.210813 0.109310
v -0.445135 0.216322 0.226206
v -0.462245 0.267210 -0.162212
v -0.495425 0.184153 -0.120257
v -0.495615 0.183056 -0.167065
v -0.462845 0.268529 -0.119513
v -0.476195 0.272850 0.176033
v -0.509265 0.189751 0.134334
v -0.478335 0.274743 0.133591
v -0.507775 0.188011 0.180921
v -0.490065 0.279510 -0.174280
v -0.521365 0.194028 -0.104300
v -0.522725 0.195212 -0.180190
v -0.488795 0.278407 -0.103566
v -0.536125 0.199396 0.119734
v -0.503515 0.284390 0.189714
v -0.534315 0.199395 0.195625
v -0.505195 0.284390 0.118999
v -0.788755 -0.147414 -0.164599
v -0.716715 -0.031912 -0.213871
v -0.714715 -0.029967 -0.193120
v -0.797955 -0.161925 -0.183064
v -0.716715 -0.031912 -0.213871
v -0.641025 0.084392 -0.170638
v -0.634495 0.097245 -0.189814
v -0.792565 -0.148673 0.185578
v -0.719605 -0.030266 0.212874
v -0.720695 -0.032565 0.233657
v -0.800715 -0.163638 0.204174
v -0.649065 0.085826 0.189185
v -0.720695 -0.032565 0.233657
v -0.641975 0.098510 0.208275
v -0.480865 0.202393 0.137460
v -0.344655 0.069564 0.201216
v -0.347675 0.057931 0.181534
v -0.476895 0.218466 0.156094
v -0.545925 0.226783 -0.122387
v -0.538355 0.241510 -0.141020
v -0.508535 0.178822 -0.142533
v -0.516105 0.164095 -0.123899
v -0.849335 0.235631 0.163047
v -0.767555 0.460397 0.161105
v -0.856695 0.238536 0.189417
v -0.774915 0.463302 0.187475
v -0.558755 0.230749 0.139309
v -0.550685 0.245333 0.157846
v -0.519665 0.183218 0.157110
v -0.527735 0.168634 0.138572
v -0.468595 0.196951 -0.124236
v -0.337745 0.062642 -0.195663
v -0.465085 0.213244 -0.142773
v -0.340165 0.050752 -0.176052
v -0.858845 0.245861 -0.133329
v -0.772725 0.469000 -0.131388
v -0.867245 0.249326 -0.159319
v -0.781115 0.472465 -0.157377
v -0.767485 0.460846 0.216045
v -0.856695 0.238536 0.189417
v -0.774915 0.463302 0.187475
v -0.849275 0.236080 0.217987
v -0.774935 0.470330 -0.186267
v -0.867245 0.249326 -0.159319
v -0.861055 0.247191 -0.188209
v -0.781115 0.472465 -0.157377
v -0.824295 0.140177 0.215777
v -0.745645 0.215553 0.210737
v -0.751645 0.205004 0.191126
v -0.827825 0.133490 0.236200
v -0.903165 0.066393 0.188204
v -0.824295 0.140177 0.215777
v -0.816125 0.142426 -0.189032
v -0.741265 0.205481 -0.166461
v -0.735885 0.216228 -0.186143
v -0.820625 0.136134 -0.209389
v -0.895185 0.069694 -0.159306
v -0.816125 0.142426 -0.189032
v -0.524865 0.324575 0.106058
v -0.481855 0.315772 0.215650
v -0.447895 0.296553 0.104231
v -0.443695 0.301391 0.206883
v -0.520665 0.329413 0.208711
v -0.508865 0.325819 -0.191810
v -0.508875 0.319414 -0.089158
v -0.470645 0.311569 -0.200576
v -0.432455 0.289933 -0.090986
v -0.432435 0.296339 -0.193637
v -0.566325 0.296433 0.109559
v -0.520665 0.329413 0.208711
v -0.524865 0.324575 0.106058
v -0.561835 0.301607 0.219333
v -0.139000 0.231435 0.131935
v -0.179115 0.246028 0.131548
v -0.150734 0.235830 0.146460
v -0.175877 0.244674 0.111180
v -0.125624 0.226906 0.171074
v -0.231365 0.254490 0.112498
v -0.142133 0.232925 0.172450
v -0.230865 0.254490 0.133309
v -0.148196 0.235380 0.201341
v -0.342315 0.263732 0.115132
v -0.134211 0.230390 0.212678
v -0.341825 0.263732 0.135944
v -0.172996 0.244622 0.226521
v -0.478335 0.274743 0.133591
v -0.165986 0.242235 0.245474
v -0.489985 0.278852 0.118638
v -0.227585 0.253944 0.236445
v -0.488305 0.278852 0.189353
v -0.227925 0.254490 0.257244
v -0.476195 0.272850 0.176033
v -0.339755 0.263732 0.222863
v -0.336695 0.261095 0.202589
v -0.784455 0.473402 -0.116863
v -0.747965 0.459136 -0.096108
v -0.744635 0.458028 -0.116475
v -0.699695 0.430059 -0.097425
v -0.772725 0.469000 -0.131388
v -0.700075 0.430384 -0.118237
v -0.797515 0.478782 -0.156000
v -0.610015 0.364085 -0.100060
v -0.781115 0.472465 -0.157377
v -0.610385 0.364410 -0.120871
v -0.774935 0.470330 -0.186267
v -0.500275 0.282968 -0.118518
v -0.788755 0.475763 -0.197604
v -0.488795 0.278407 -0.103566
v -0.750165 0.460991 -0.211448
v -0.490065 0.279510 -0.174280
v -0.757025 0.463801 -0.230401
v -0.503135 0.282949 -0.160960
v -0.702905 0.432134 -0.221372
v -0.611935 0.365766 -0.207789
v -0.702285 0.432318 -0.242170
v -0.615985 0.365796 -0.187516
v -0.779965 0.464792 0.147154
v -0.739915 0.450199 0.144863
v -0.744115 0.451553 0.124672
v -0.695305 0.423397 0.123513
v -0.767555 0.460397 0.161105
v -0.694805 0.423397 0.144325
v -0.791465 0.469321 0.186883
v -0.603875 0.359137 0.142165
v -0.774915 0.463302 0.187475
v -0.604365 0.359137 0.121354
v -0.767485 0.460846 0.216045
v -0.516035 0.288468 0.134585
v -0.780915 0.465837 0.228033
v -0.505195 0.284390 0.118999
v -0.741515 0.451605 0.240020
v -0.503515 0.284390 0.189714
v -0.747625 0.453992 0.259284
v -0.517355 0.287868 0.177286
v -0.693355 0.423518 0.247504
v -0.601805 0.359137 0.229085
v -0.691865 0.423397 0.268259
v -0.607005 0.359528 0.209110
v -0.187815 0.243231 -0.129791
v -0.148045 0.227899 -0.132082
v -0.160286 0.232746 -0.146032
v -0.183763 0.241490 -0.109600
v -0.136399 0.223750 -0.171810
v -0.239055 0.252361 -0.108441
v -0.152831 0.230098 -0.172401
v -0.239425 0.252686 -0.129252
v -0.160042 0.233130 -0.200972
v -0.350195 0.264040 -0.127093
v -0.146640 0.228061 -0.212960
v -0.349825 0.263715 -0.106282
v -0.185686 0.243236 -0.224946
v -0.462845 0.268529 -0.119513
v -0.179518 0.241023 -0.244211
v -0.473695 0.272581 -0.103927
v -0.240445 0.253734 -0.232430
v -0.474955 0.273684 -0.174641
v -0.241645 0.254620 -0.253186
v -0.462245 0.267210 -0.162212
v -0.351755 0.265397 -0.214011
v -0.347575 0.262273 -0.194036
v -0.550965 0.298961 -0.201120
v -0.550985 0.292111 -0.091347
v -0.508865 0.325819 -0.191810
v -0.508875 0.319414 -0.089158
v -0.480865 0.202393 0.137460
v -0.476895 0.218466 0.156094
v -0.540575 0.190830 0.157606
v -0.544545 0.174757 0.138972
v -0.545925 0.226783 -0.122387
v -0.735885 0.216228 -0.186143
v -0.741265 0.205481 -0.166461
v -0.538355 0.241510 -0.141020
v -0.558755 0.230749 0.139309
v -0.751645 0.205004 0.191126
v -0.745645 0.215553 0.210737
v -0.550685 0.245333 0.157846
v -0.468595 0.196951 -0.124236
v -0.465085 0.213244 -0.142773
v -0.529295 0.186830 -0.142037
v -0.532805 0.170537 -0.123500
v -0.780915 0.465837 0.228033
v -0.862705 0.241071 0.229975
v -0.829405 0.229225 0.261226
v -0.747625 0.453992 0.259284
v -0.691865 0.423397 0.268259
v -0.767195 0.216358 0.270048
v -0.859075 0.018175 0.205560
v -0.720695 -0.032565 0.233657
v -0.827825 0.133490 0.236200
v -0.813305 -0.032856 0.204473
v -0.796675 -0.090167 0.204078
v -0.800715 -0.163638 0.204174
v -0.323545 -0.162559 0.192844
v -0.333455 -0.046498 0.224462
v -0.384935 -0.154447 0.194301
v -0.522225 -0.104821 0.228945
v -0.452785 -0.164112 0.195913
v -0.502355 -0.197322 0.197090
v -0.546475 -0.256202 0.198137
v -0.720695 -0.032565 0.233657
v -0.859075 0.018175 0.205560
v -0.813305 -0.032856 0.204473
v -0.827825 0.133490 0.236200
v -0.911305 0.051427 0.206800
v -0.134211 0.230390 0.212678
v -0.215995 0.005623 0.214620
v -0.247775 0.017468 0.247416
v -0.165986 0.242235 0.245474
v -0.227925 0.254490 0.257244
v -0.303265 0.047451 0.259033
v -0.339755 0.263732 0.222863
v -0.395685 0.109873 0.226780
v -0.519105 0.193858 0.195264
v -0.488305 0.278852 0.189353
v -0.508865 0.240155 0.237898
v -0.576025 0.176619 0.220088
v -0.537215 0.162977 0.227028
v -0.589515 0.225210 0.225022
v -0.573425 0.263030 0.229252
v -0.429625 0.253471 0.216193
v -0.445135 0.216322 0.226206
v -0.443695 0.301391 0.206883
v -0.481855 0.315772 0.215650
v -0.499055 0.148596 0.218261
v -0.508865 0.240155 0.237898
v -0.520665 0.329413 0.208711
v -0.457305 0.177074 0.221883
v -0.445135 0.216322 0.226206
v -0.561835 0.301607 0.219333
v -0.573425 0.263030 0.229252
v -0.333455 -0.046498 0.224462
v -0.499285 0.046559 0.204887
v -0.522225 -0.104821 0.228945
v -0.344655 0.069564 0.201216
v -0.657735 0.205278 0.233002
v -0.503515 0.284390 0.189714
v -0.601805 0.359137 0.229085
v -0.534315 0.199395 0.195625
v -0.767195 0.216358 0.270048
v -0.691865 0.423397 0.268259
v -0.827825 0.133490 0.236200
v -0.641975 0.098510 0.208275
v -0.745645 0.215553 0.210737
v -0.720695 -0.032565 0.233657
v -0.870585 0.250262 -0.118805
v -0.747965 0.459136 -0.096108
v -0.784455 0.473402 -0.116863
v -0.834085 0.235997 -0.098050
v -0.808025 -0.030942 -0.180839
v -0.798825 -0.016432 -0.162375
v -0.852795 0.020946 -0.179228
v -0.843595 0.035456 -0.160764
v -0.904385 0.055184 -0.177771
v -0.895185 0.069694 -0.159306
v -0.234175 0.004760 -0.134024
v -0.183763 0.241490 -0.109600
v -0.269885 0.018351 -0.111542
v -0.148045 0.227899 -0.132082
v -0.476895 0.218466 0.156094
v -0.499285 0.046559 0.204887
v -0.344655 0.069564 0.201216
v -0.540575 0.190830 0.157606
v -0.550685 0.245333 0.157846
v -0.641975 0.098510 0.208275
v -0.519665 0.183218 0.157110
v -0.745645 0.215553 0.210737
v -0.260895 0.021259 0.133491
v -0.230865 0.254490 0.133309
v -0.306205 0.047451 0.135098
v -0.179115 0.246028 0.131548
v -0.821705 0.225435 0.146807
v -0.694805 0.423397 0.144325
v -0.739915 0.450199 0.144863
v -0.770145 0.216358 0.146113
v -0.770145 0.216358 0.146113
v -0.603875 0.359137 0.142165
v -0.694805 0.423397 0.144325
v -0.659855 0.205278 0.143495
v -0.306205 0.047451 0.135098
v -0.341825 0.263732 0.135944
v -0.397805 0.109873 0.137273
v -0.230865 0.254490 0.133309
v -0.509265 0.189751 0.134334
v -0.397805 0.109873 0.137273
v -0.341825 0.263732 0.135944
v -0.478335 0.274743 0.133591
v -0.603875 0.359137 0.142165
v -0.659855 0.205278 0.143495
v -0.546955 0.203471 0.135329
v -0.516035 0.288468 0.134585
v -0.563725 0.253477 -0.094238
v -0.567605 0.167883 -0.100536
v -0.491185 0.138401 -0.102364
v -0.580345 0.216345 -0.097035
v -0.436335 0.204338 -0.097284
v -0.449075 0.165704 -0.100175
v -0.508875 0.319414 -0.089158
v -0.550985 0.292111 -0.091347
v -0.432455 0.289933 -0.090986
v -0.419705 0.241470 -0.094486
v -0.834085 0.235997 -0.098050
v -0.699695 0.430059 -0.097425
v -0.747965 0.459136 -0.096108
v -0.779035 0.224518 -0.099214
v -0.269885 0.018351 -0.111542
v -0.239055 0.252361 -0.108441
v -0.318385 0.046820 -0.110230
v -0.183763 0.241490 -0.109600
v -0.610015 0.364085 -0.100060
v -0.668965 0.211340 -0.101389
v -0.521365 0.194028 -0.104300
v -0.488795 0.278407 -0.103566
v -0.610015 0.364085 -0.100060
v -0.779035 0.224518 -0.099214
v -0.699695 0.430059 -0.097425
v -0.506265 0.188202 -0.104661
v -0.408775 0.110970 -0.107611
v -0.349825 0.263715 -0.106282
v -0.473695 0.272581 -0.103927
v -0.318385 0.046820 -0.110230
v -0.349825 0.263715 -0.106282
v -0.408775 0.110970 -0.107611
v -0.239055 0.252361 -0.108441
v -0.468595 0.196951 -0.124236
v -0.495805 0.028370 -0.174111
v -0.340165 0.050752 -0.176052
v -0.532805 0.170537 -0.123500
v -0.545925 0.226783 -0.122387
v -0.641025 0.084392 -0.170638
v -0.516105 0.164095 -0.123899
v -0.741265 0.205481 -0.166461
v -0.821705 0.225435 0.146807
v -0.739915 0.450199 0.144863
v -0.849335 0.235631 0.163047
v -0.767555 0.460397 0.161105
v -0.232515 0.011064 0.148402
v -0.179115 0.246028 0.131548
v -0.260895 0.021259 0.133491
v -0.150734 0.235830 0.146460
v -0.328035 -0.045860 -0.200703
v -0.495805 0.028370 -0.174111
v -0.518965 -0.105478 -0.197801
v -0.340165 0.050752 -0.176052
v -0.816125 0.142426 -0.189032
v -0.641025 0.084392 -0.170638
v -0.741265 0.205481 -0.166461
v -0.714715 -0.029967 -0.193120
v -0.406575 0.109574 -0.197955
v -0.462245 0.267210 -0.162212
v -0.495615 0.183056 -0.167065
v -0.347575 0.262273 -0.194036
v -0.319765 0.048187 -0.234221
v -0.240445 0.253734 -0.232430
v -0.674985 0.213099 -0.191434
v -0.503135 0.282949 -0.160960
v -0.615985 0.365796 -0.187516
v -0.535105 0.198257 -0.165848
v -0.782255 0.226597 -0.223161
v -0.702905 0.432134 -0.221372
v -0.798825 -0.016432 -0.162375
v -0.816125 0.142426 -0.189032
v -0.843595 0.035456 -0.160764
v -0.895185 0.069694 -0.159306
v -0.317105 -0.153306 -0.173130
v -0.328035 -0.045860 -0.200703
v -0.378325 -0.144026 -0.171890
v -0.446365 -0.152396 -0.170803
v -0.518965 -0.105478 -0.197801
v -0.496565 -0.184650 -0.170408
v -0.541825 -0.242671 -0.170504
v -0.714715 -0.029967 -0.193120
v -0.816125 0.142426 -0.189032
v -0.798825 -0.016432 -0.162375
v -0.783295 -0.074041 -0.163552
v -0.788755 -0.147414 -0.164599
v -0.246165 0.009990 -0.202914
v -0.160042 0.233130 -0.200972
v -0.271805 0.020094 -0.226885
v -0.185686 0.243236 -0.224946
v -0.240445 0.253734 -0.232430
v -0.319765 0.048187 -0.234221
v -0.774935 0.470330 -0.186267
v -0.861055 0.247191 -0.188209
v -0.836305 0.237854 -0.213386
v -0.750165 0.460991 -0.211448
v -0.702905 0.432134 -0.221372
v -0.782255 0.226597 -0.223161
v -0.788755 0.475763 -0.197604
v -0.883635 0.255643 -0.157942
v -0.797515 0.478782 -0.156000
v -0.874875 0.252623 -0.199546
v -0.873255 0.244555 0.188825
v -0.780915 0.465837 0.228033
v -0.791465 0.469321 0.186883
v -0.862705 0.241071 0.229975
v -0.827825 0.133490 0.236200
v -0.903165 0.066393 0.188204
v -0.911305 0.051427 0.206800
v -0.820625 0.136134 -0.209389
v -0.895185 0.069694 -0.159306
v -0.904385 0.055184 -0.177771
v -0.788525 -0.075201 0.185482
v -0.813305 -0.032856 0.204473
v -0.805165 -0.017891 0.185876
v -0.796675 -0.090167 0.204078
v -0.792565 -0.148673 0.185578
v -0.800715 -0.163638 0.204174
v -0.870585 0.250262 -0.118805
v -0.784455 0.473402 -0.116863
v -0.883635 0.255643 -0.157942
v -0.797515 0.478782 -0.156000
v -0.808025 -0.030942 -0.180839
v -0.792505 -0.088552 -0.182016
v -0.783295 -0.074041 -0.163552
v -0.788755 -0.147414 -0.164599
v -0.797955 -0.161925 -0.183064
v -0.798825 -0.016432 -0.162375
v -0.861745 0.240026 0.149096
v -0.779965 0.464792 0.147154
v -0.873255 0.244555 0.188825
v -0.791465 0.469321 0.186883
v -0.594005 0.220036 0.115247
v -0.589515 0.225210 0.225022
v -0.578205 0.257521 0.112356
v -0.573425 0.263030 0.229252
v -0.578205 0.257521 0.112356
v -0.561835 0.301607 0.219333
v -0.566325 0.296433 0.109559
v -0.573425 0.263030 0.229252
v -0.580335 0.223195 -0.206809
v -0.563725 0.253477 -0.094238
v -0.563705 0.260771 -0.211133
v -0.580345 0.216345 -0.097035
v -0.563705 0.260771 -0.211133
v -0.563725 0.253477 -0.094238
v -0.550965 0.298961 -0.201120
v -0.550985 0.292111 -0.091347
v -0.580225 0.171781 0.117436
v -0.576025 0.176619 0.220088
v -0.594005 0.220036 0.115247
v -0.589515 0.225210 0.225022
v -0.567585 0.174288 -0.203188
v -0.580345 0.216345 -0.097035
v -0.580335 0.223195 -0.206809
v -0.567605 0.167883 -0.100536
v -0.546955 0.203471 0.135329
v -0.517355 0.287868 0.177286
v -0.516035 0.288468 0.134585
v -0.547525 0.202518 0.182138
v -0.503135 0.282949 -0.160960
v -0.532835 0.198586 -0.119262
v -0.500275 0.282968 -0.118518
v -0.535105 0.198257 -0.165848
v -0.520915 0.193858 0.119372
v -0.488305 0.278852 0.189353
v -0.489985 0.278852 0.118638
v -0.519105 0.193858 0.195264
v -0.474955 0.273684 -0.174641
v -0.506265 0.188202 -0.104661
v -0.473695 0.272581 -0.103927
v -0.507615 0.189386 -0.180552
v -0.543865 -0.239217 0.179673
v -0.522225 -0.104821 0.228945
v -0.522455 -0.102041 0.208194
v -0.546475 -0.256202 0.198137
v -0.502805 0.032576 0.185712
v -0.522225 -0.104821 0.228945
v -0.499285 0.046559 0.204887
v -0.541825 -0.242671 -0.170504
v -0.519655 -0.107929 -0.218583
v -0.545525 -0.259305 -0.189101
v -0.518965 -0.105478 -0.197801
v -0.495805 0.028370 -0.174111
v -0.519655 -0.107929 -0.218583
v -0.492815 0.042590 -0.193202
v -0.540575 0.190830 0.157606
v -0.544545 0.174757 0.138972
v -0.499285 0.046559 0.204887
v -0.502805 0.032576 0.185712
v -0.246415 0.009606 -0.147974
v -0.160286 0.232746 -0.146032
v -0.152831 0.230098 -0.172401
v -0.238955 0.006958 -0.174343
v -0.529295 0.186830 -0.142037
v -0.532805 0.170537 -0.123500
v -0.492815 0.042590 -0.193202
v -0.495805 0.028370 -0.174111
v -0.232515 0.011064 0.148402
v -0.150734 0.235830 0.146460
v -0.142133 0.232925 0.172450
v -0.223915 0.008158 0.174392
v -0.229985 0.010614 0.203283
v -0.142133 0.232925 0.172450
v -0.223915 0.008158 0.174392
v -0.148196 0.235380 0.201341
v -0.246165 0.009990 -0.202914
v -0.152831 0.230098 -0.172401
v -0.160042 0.233130 -0.200972
v -0.238955 0.006958 -0.174343
v -0.450055 -0.169030 -0.189400
v -0.496565 -0.184650 -0.170408
v -0.500265 -0.201284 -0.189005
v -0.446365 -0.152396 -0.170803
v -0.382025 -0.160660 -0.190486
v -0.378325 -0.144026 -0.171890
v -0.320805 -0.169940 -0.191726
v -0.317105 -0.153306 -0.173130
v -0.499745 -0.180338 0.178625
v -0.450175 -0.147128 0.177448
v -0.452785 -0.164112 0.195913
v -0.384935 -0.154447 0.194301
v -0.502355 -0.197322 0.197090
v -0.382325 -0.137463 0.175837
v -0.323545 -0.162559 0.192844
v -0.320945 -0.145575 0.174380
v -0.449055 0.172554 -0.209948
v -0.449075 0.165704 -0.100175
v -0.491165 0.144807 -0.205015
v -0.491185 0.138401 -0.102364
v -0.461795 0.171901 0.112108
v -0.499055 0.148596 0.218261
v -0.503255 0.143759 0.115609
v -0.457305 0.177074 0.221883
v -0.503255 0.143759 0.115609
v -0.537215 0.162977 0.227028
v -0.580225 0.171781 0.117436
v -0.576025 0.176619 0.220088
v -0.499055 0.148596 0.218261
v -0.491165 0.144807 -0.205015
v -0.491185 0.138401 -0.102364
v -0.529375 0.160038 -0.211955
v -0.567605 0.167883 -0.100536
v -0.567585 0.174288 -0.203188
v -0.306695 0.047451 0.114286
v -0.257665 0.019907 0.113122
v -0.260895 0.021259 0.133491
v -0.220785 0.006668 0.133877
v -0.306205 0.047451 0.135098
v -0.232515 0.011064 0.148402
v -0.397805 0.109873 0.137273
v -0.207405 0.002139 0.173015
v -0.398305 0.109873 0.116461
v -0.223915 0.008158 0.174392
v -0.509265 0.189751 0.134334
v -0.229985 0.010614 0.203283
v -0.520915 0.193858 0.119372
v -0.215995 0.005623 0.214620
v -0.519105 0.193858 0.195264
v -0.254775 0.019853 0.228459
v -0.507775 0.188011 0.180921
v -0.247775 0.017468 0.247416
v -0.395685 0.109873 0.226780
v -0.302905 0.046898 0.238234
v -0.392605 0.107240 0.206508
v -0.303265 0.047451 0.259033
v -0.830765 0.234892 -0.118419
v -0.779405 0.224843 -0.120025
v -0.779035 0.224518 -0.099214
v -0.834085 0.235997 -0.098050
v -0.668965 0.211340 -0.101389
v -0.870585 0.250262 -0.118805
v -0.669335 0.211665 -0.122200
v -0.858845 0.245861 -0.133329
v -0.532835 0.198586 -0.119262
v -0.883635 0.255643 -0.157942
v -0.521365 0.194028 -0.104300
v -0.867245 0.249326 -0.159319
v -0.522725 0.195212 -0.180190
v -0.861055 0.247191 -0.188209
v -0.535105 0.198257 -0.165848
v -0.874875 0.252623 -0.199546
v -0.670945 0.213062 -0.211707
v -0.836305 0.237854 -0.213386
v -0.674985 0.213099 -0.191434
v -0.843145 0.240661 -0.232343
v -0.782255 0.226597 -0.223161
v -0.781625 0.226777 -0.243959
v -0.770635 0.216358 0.125302
v -0.821705 0.225435 0.146807
v -0.825895 0.226787 0.126614
v -0.861745 0.240026 0.149096
v -0.770145 0.216358 0.146113
v -0.849335 0.235631 0.163047
v -0.659855 0.205278 0.143495
v -0.873255 0.244555 0.188825
v -0.660355 0.205278 0.122683
v -0.856695 0.238536 0.189417
v -0.546955 0.203471 0.135329
v -0.849275 0.236080 0.217987
v -0.536125 0.199396 0.119734
v -0.862705 0.241071 0.229975
v -0.534315 0.199395 0.195625
v -0.823305 0.226841 0.241958
v -0.547525 0.202518 0.182138
v -0.829405 0.229225 0.261226
v -0.657735 0.205278 0.233002
v -0.768705 0.216483 0.249294
v -0.662925 0.205677 0.213028
v -0.767195 0.216358 0.270048
v -0.273935 0.020089 -0.131735
v -0.318385 0.046820 -0.110230
v -0.318765 0.047145 -0.131041
v -0.409155 0.111295 -0.128422
v -0.269885 0.018351 -0.111542
v -0.408775 0.110970 -0.107611
v -0.234175 0.004760 -0.134024
v -0.495425 0.184153 -0.120257
v -0.246415 0.009606 -0.147974
v -0.506265 0.188202 -0.104661
v -0.222525 0.000611 -0.173751
v -0.507615 0.189386 -0.180552
v -0.238955 0.006958 -0.174343
v -0.495615 0.183056 -0.167065
v -0.246165 0.009990 -0.202914
v -0.410755 0.112692 -0.217929
v -0.232765 0.004922 -0.214901
v -0.406575 0.109574 -0.197955
v -0.271805 0.020094 -0.226885
v -0.319765 0.048187 -0.234221
v -0.265645 0.017883 -0.246153
v -0.320975 0.049079 -0.254975
v -0.508535 0.178822 -0.142533
v -0.516105 0.164095 -0.123899
v -0.641025 0.084392 -0.170638
v -0.634495 0.097245 -0.189814
v -0.519665 0.183218 0.157110
v -0.527735 0.168634 0.138572
v -0.649065 0.085826 0.189185
v -0.641975 0.098510 0.208275
v -0.788755 0.475763 -0.197604
v -0.874875 0.252623 -0.199546
v -0.843145 0.240661 -0.232343
v -0.757025 0.463801 -0.230401
v -0.702285 0.432318 -0.242170
v -0.781625 0.226777 -0.243959
v -0.232765 0.004922 -0.214901
v -0.146640 0.228061 -0.212960
v -0.265645 0.017883 -0.246153
v -0.179518 0.241023 -0.244211
v -0.241645 0.254620 -0.253186
v -0.320975 0.049079 -0.254975
v -0.382025 -0.160660 -0.190486
v -0.519655 -0.107929 -0.218583
v -0.329765 -0.053222 -0.221127
v -0.450055 -0.169030 -0.189400
v -0.500265 -0.201284 -0.189005
v -0.545525 -0.259305 -0.189101
v -0.716715 -0.031912 -0.213871
v -0.792505 -0.088552 -0.182016
v -0.808025 -0.030942 -0.180839
v -0.797955 -0.161925 -0.183064
v -0.852795 0.020946 -0.179228
v -0.820625 0.136134 -0.209389
v -0.904385 0.055184 -0.177771
v -0.519655 -0.107929 -0.218583
v -0.382025 -0.160660 -0.190486
v -0.450055 -0.169030 -0.189400
v -0.329765 -0.053222 -0.221127
v -0.320805 -0.169940 -0.191726
v -0.449055 0.172554 -0.209948
v -0.500005 0.236837 -0.222825
v -0.436325 0.211633 -0.214179
v -0.491165 0.144807 -0.205015
v -0.529375 0.160038 -0.211955
v -0.550965 0.298961 -0.201120
v -0.563705 0.260771 -0.211133
v -0.508865 0.325819 -0.191810
v -0.470645 0.311569 -0.200576
v -0.567585 0.174288 -0.203188
v -0.500005 0.236837 -0.222825
v -0.432435 0.296339 -0.193637
v -0.580335 0.223195 -0.206809
v -0.563705 0.260771 -0.211133
v -0.419695 0.248320 -0.204259
v -0.436325 0.211633 -0.214179
v -0.522725 0.195212 -0.180190
v -0.611935 0.365766 -0.207789
v -0.490065 0.279510 -0.174280
v -0.670945 0.213062 -0.211707
v -0.781625 0.226777 -0.243959
v -0.702285 0.432318 -0.242170
v -0.813305 -0.032856 0.204473
v -0.805165 -0.017891 0.185876
v -0.859075 0.018175 0.205560
v -0.850925 0.033140 0.186963
v -0.911305 0.051427 0.206800
v -0.903165 0.066393 0.188204
v -0.820625 0.136134 -0.209389
v -0.634495 0.097245 -0.189814
v -0.716715 -0.031912 -0.213871
v -0.735885 0.216228 -0.186143
v -0.410755 0.112692 -0.217929
v -0.474955 0.273684 -0.174641
v -0.351755 0.265397 -0.214011
v -0.507615 0.189386 -0.180552
v -0.320975 0.049079 -0.254975
v -0.241645 0.254620 -0.253186
v -0.329765 -0.053222 -0.221127
v -0.492815 0.042590 -0.193202
v -0.337745 0.062642 -0.195663
v -0.519655 -0.107929 -0.218583
v -0.220785 0.006668 0.133877
v -0.175877 0.244674 0.111180
v -0.139000 0.231435 0.131935
v -0.257665 0.019907 0.113122
v -0.861745 0.240026 0.149096
v -0.779965 0.464792 0.147154
v -0.744115 0.451553 0.124672
v -0.825895 0.226787 0.126614
v -0.735885 0.216228 -0.186143
v -0.538355 0.241510 -0.141020
v -0.634495 0.097245 -0.189814
v -0.508535 0.178822 -0.142533
v -0.465085 0.213244 -0.142773
v -0.492815 0.042590 -0.193202
v -0.529295 0.186830 -0.142037
v -0.337745 0.062642 -0.195663
v -0.830765 0.234892 -0.118419
v -0.700075 0.430384 -0.118237
v -0.779405 0.224843 -0.120025
v -0.744635 0.458028 -0.116475
v -0.273935 0.020089 -0.131735
v -0.239425 0.252686 -0.129252
v -0.187815 0.243231 -0.129791
v -0.318765 0.047145 -0.131041
v -0.318765 0.047145 -0.131041
v -0.350195 0.264040 -0.127093
v -0.239425 0.252686 -0.129252
v -0.409155 0.111295 -0.128422
v -0.610385 0.364410 -0.120871
v -0.779405 0.224843 -0.120025
v -0.700075 0.430384 -0.118237
v -0.669335 0.211665 -0.122200
v -0.532835 0.198586 -0.119262
v -0.669335 0.211665 -0.122200
v -0.610385 0.364410 -0.120871
v -0.500275 0.282968 -0.118518
v -0.350195 0.264040 -0.127093
v -0.409155 0.111295 -0.128422
v -0.495425 0.184153 -0.120257
v -0.462845 0.268529 -0.119513
v -0.503255 0.143759 0.115609
v -0.449915 0.210813 0.109310
v -0.461795 0.171901 0.112108
v -0.580225 0.171781 0.117436
v -0.578205 0.257521 0.112356
v -0.594005 0.220036 0.115247
v -0.447895 0.296553 0.104231
v -0.434115 0.248298 0.106419
v -0.524865 0.324575 0.106058
v -0.566325 0.296433 0.109559
v -0.257665 0.019907 0.113122
v -0.231365 0.254490 0.112498
v -0.175877 0.244674 0.111180
v -0.306695 0.047451 0.114286
v -0.825895 0.226787 0.126614
v -0.695305 0.423397 0.123513
v -0.770635 0.216358 0.125302
v -0.744115 0.451553 0.124672
v -0.342315 0.263732 0.115132
v -0.398305 0.109873 0.116461
v -0.520915 0.193858 0.119372
v -0.489985 0.278852 0.118638
v -0.342315 0.263732 0.115132
v -0.306695 0.047451 0.114286
v -0.231365 0.254490 0.112498
v -0.536125 0.199396 0.119734
v -0.660355 0.205278 0.122683
v -0.604365 0.359137 0.121354
v -0.505195 0.284390 0.118999
v -0.604365 0.359137 0.121354
v -0.770635 0.216358 0.125302
v -0.695305 0.423397 0.123513
v -0.660355 0.205278 0.122683
v -0.751645 0.205004 0.191126
v -0.558755 0.230749 0.139309
v -0.649065 0.085826 0.189185
v -0.527735 0.168634 0.138572
v -0.480865 0.202393 0.137460
v -0.502805 0.032576 0.185712
v -0.544545 0.174757 0.138972
v -0.347675 0.057931 0.181534
v -0.246415 0.009606 -0.147974
v -0.187815 0.243231 -0.129791
v -0.160286 0.232746 -0.146032
v -0.273935 0.020089 -0.131735
v -0.858845 0.245861 -0.133329
v -0.772725 0.469000 -0.131388
v -0.744635 0.458028 -0.116475
v -0.830765 0.234892 -0.118419
v -0.824295 0.140177 0.215777
v -0.649065 0.085826 0.189185
v -0.719605 -0.030266 0.212874
v -0.751645 0.205004 0.191126
v -0.502805 0.032576 0.185712
v -0.332715 -0.038793 0.204105
v -0.522455 -0.102041 0.208194
v -0.347675 0.057931 0.181534
v -0.662925 0.205677 0.213028
v -0.517355 0.287868 0.177286
v -0.547525 0.202518 0.182138
v -0.607005 0.359528 0.209110
v -0.768705 0.216483 0.249294
v -0.693355 0.423518 0.247504
v -0.229985 0.010614 0.203283
v -0.148196 0.235380 0.201341
v -0.254775 0.019853 0.228459
v -0.172996 0.244622 0.226521
v -0.227585 0.253944 0.236445
v -0.302905 0.046898 0.238234
v -0.336695 0.261095 0.202589
v -0.392605 0.107240 0.206508
v -0.476195 0.272850 0.176033
v -0.507775 0.188011 0.180921
v -0.450175 -0.147128 0.177448
v -0.332715 -0.038793 0.204105
v -0.382325 -0.137463 0.175837
v -0.320945 -0.145575 0.174380
v -0.719605 -0.030266 0.212874
v -0.788525 -0.075201 0.185482
v -0.805165 -0.017891 0.185876
v -0.792565 -0.148673 0.185578
v -0.824295 0.140177 0.215777
v -0.850925 0.033140 0.186963
v -0.903165 0.066393 0.188204
v -0.522455 -0.102041 0.208194
v -0.332715 -0.038793 0.204105
v -0.450175 -0.147128 0.177448
v -0.499745 -0.180338 0.178625
v -0.543865 -0.239217 0.179673
v -0.767485 0.460846 0.216045
v -0.849275 0.236080 0.217987
v -0.823305 0.226841 0.241958
v -0.741515 0.451605 0.240020
v -0.693355 0.423518 0.247504
v -0.768705 0.216483 0.249294
v 0.814800 0.587515 -0.046415
v 0.814800 0.564668 0.008742
v 0.814800 0.587515 0.063899
v 0.826708 0.596980 0.008742
v 0.826708 0.610363 -0.023568
v 0.814800 0.642672 -0.069262
v 0.826708 0.642672 -0.036950
v 0.826708 0.610363 0.041051
v 0.814800 0.642672 0.086745
v 0.814800 0.697829 0.063899
v 0.826708 0.642672 0.054434
v 0.826708 0.674981 0.041051
v 0.826708 0.688364 0.008742
v 0.826708 0.674981 -0.023568
v 0.814800 0.720676 0.008742
v 0.814800 0.697829 -0.046415
v 0.814800 0.697829 0.063899
v 0.796797 0.709597 0.075666
v 0.796797 0.737317 0.008742
v 0.814800 0.720676 0.008742
v 0.814800 0.697829 -0.046415
v 0.796797 0.709597 -0.058183
v 0.814800 0.587515 0.063899
v 0.796797 0.575748 0.075666
v 0.796797 0.642672 0.103387
v 0.814800 0.642672 0.086745
v 0.814800 0.697829 0.063899
v 0.796797 0.709597 0.075666
v -1.073695 0.573731 0.077683
v -1.047075 0.642672 0.135201
v -1.073695 0.642672 0.106239
v -1.047075 0.553252 0.098162
v -1.047075 0.516213 0.008742
v -1.073695 0.711613 0.077683
v -1.047075 0.732092 0.098162
v -1.073695 0.740170 0.008742
v -1.047075 0.769132 0.008742
v -1.088225 0.699416 0.008742
v -1.073695 0.711614 -0.060200
v -1.047075 0.732093 -0.080679
v -1.047075 0.642672 -0.117718
v -1.088225 0.682797 -0.031383
v -1.073695 0.642672 -0.088756
v -1.088225 0.642672 -0.048003
v -1.073695 0.573731 -0.060200
v -1.047075 0.553252 -0.080679
v -1.088225 0.602548 -0.031383
v -1.073695 0.545175 0.008742
v -1.088225 0.585928 0.008742
v -1.088225 0.602548 0.048866
v -1.088225 0.682796 0.048866
v -1.088225 0.642672 0.065486
v 0.814800 0.587515 -0.046415
v 0.796797 0.575748 -0.058183
v 0.796797 0.548027 0.008742
v 0.814800 0.564668 0.008742
v 0.814800 0.587515 0.063899
v 0.796797 0.575748 0.075666
v 0.796797 0.642672 -0.085904
v 0.814800 0.587515 -0.046415
v 0.796797 0.575748 -0.058183
v 0.814800 0.642672 -0.069262
v 0.814800 0.697829 -0.046415
v 0.796797 0.709597 -0.058183
v 1.773801 -0.064128 0.008772
v 1.811119 0.025966 0.008772
v 1.766143 -0.056471 0.126936
v 1.800290 0.025966 0.126936
v 1.766143 -0.056471 -0.109392
v 1.800290 0.025966 -0.109392
v 0.687814 0.178511 0.008772
v 0.630396 0.283756 0.125773
v 0.673990 0.178511 0.125773
v 0.640171 0.293531 0.008772
v 0.630396 0.283756 -0.108229
v 0.673990 0.178511 -0.108229
v 0.154134 0.057194 0.008772
v 0.191452 0.147288 0.008772
v 0.146477 0.064850 0.122414
v 0.180624 0.147287 0.122414
v 0.146477 0.064850 -0.104870
v 0.180624 0.147287 -0.104870
v 0.090007 0.683811 -0.144674
v 0.112137 0.643247 -0.122962
v 0.106809 0.643247 -0.144674
v 0.093775 0.687578 -0.122962
v 0.090007 0.683811 -0.101250
v 0.106809 0.643247 -0.101250
v 0.077741 0.671513 -0.100423
v 0.077741 0.671513 -0.050432
v 0.089316 0.643568 -0.100423
v 0.089316 0.643568 -0.050432
v 0.077741 0.615623 -0.100423
v 0.077741 0.615623 -0.050432
v 0.090007 0.796428 0.048992
v 0.112137 0.774715 0.008428
v 0.106809 0.796428 0.008428
v 0.093775 0.774715 0.052759
v 0.090007 0.753003 0.048992
v 0.106809 0.753003 0.008428
v 0.106809 0.643325 0.161608
v 0.090007 0.602762 0.161608
v 0.112137 0.643325 0.139895
v 0.093775 0.598994 0.139895
v 0.090007 0.602762 0.118183
v 0.106809 0.643325 0.118183
v 0.077741 0.752177 0.036693
v 0.077741 0.702185 0.036693
v 0.089316 0.752177 0.008749
v 0.089316 0.702185 0.008749
v 0.077741 0.752177 -0.019196
v 0.077741 0.702185 -0.019196
v 0.077741 0.615060 0.117357
v 0.077741 0.615060 0.067365
v 0.089316 0.643005 0.117357
v 0.089316 0.643005 0.067365
v 0.077741 0.670949 0.117357
v 0.077741 0.670949 0.067365
v 1.773801 0.116060 0.008772
v 1.683706 0.153378 0.008772
v 1.766143 0.108403 0.126936
v 1.683706 0.142550 0.126936
v 1.766143 0.108403 -0.109392
v 1.683706 0.142550 -0.109392
v 0.019172 0.796428 -0.015407
v -0.007921 0.796428 0.008428
v 0.011200 0.796428 0.012973
v 0.008880 0.796428 -0.032135
v 0.032693 0.796428 -0.001886
v 0.030322 0.796428 0.012973
v 0.049444 0.796428 0.008428
v 0.032714 0.796428 0.018719
v 0.044907 0.796428 0.027528
v 0.019193 0.796428 0.032240
v 0.044907 0.796428 0.046650
v 0.008880 0.796428 0.048992
v 0.049444 0.796428 0.065794
v 0.059736 0.796428 0.025156
v 0.068566 0.796428 0.012973
v 0.073257 0.796428 0.038678
v 0.087688 0.796428 0.012973
v 0.090007 0.796428 0.048992
v 0.106809 0.796428 0.008428
v 0.044907 0.796428 -0.010716
v 0.059757 0.796428 -0.008323
v 0.044907 0.796428 -0.029838
v 0.073278 0.796428 -0.021845
v 0.049444 0.796428 -0.048937
v 0.090007 0.796428 -0.032135
v 0.049444 0.700691 0.161608
v 0.090007 0.683888 0.161608
v 0.049444 0.706019 0.139895
v 0.093775 0.687656 0.139895
v 0.090007 0.683888 0.118183
v 0.049444 0.700691 0.118183
v 0.008880 0.683811 -0.144674
v 0.049444 0.705941 -0.122962
v 0.049444 0.700613 -0.144674
v 0.005113 0.687578 -0.122962
v 0.008880 0.683811 -0.101250
v 0.049444 0.700613 -0.101250
v 0.021851 0.671513 -0.050432
v 0.049796 0.683087 -0.100423
v 0.021851 0.671513 -0.100423
v 0.049796 0.683087 -0.050432
v 0.077741 0.671513 -0.100423
v 0.077741 0.671513 -0.050432
v 0.398974 0.700197 -0.048128
v 0.150330 0.700197 -0.048128
v 0.390889 0.723581 0.008696
v 0.142246 0.723581 0.008696
v 0.150330 0.700197 0.065520
v 0.398973 0.700197 0.065520
v -2.532855 0.418062 0.002798
v -2.272855 0.418062 0.002798
v -2.516055 0.394067 -0.055029
v -2.516055 0.394067 0.060625
v -2.256055 0.394067 -0.055029
v -2.256055 0.394067 0.060625
v -3.036055 0.394067 0.060625
v -2.792855 0.418062 0.002798
v -3.052855 0.418062 0.002798
v -3.036055 0.394067 -0.055029
v -2.776055 0.394067 0.060625
v -2.776055 0.394067 -0.055029
v 0.021851 0.670949 0.067365
v 0.021851 0.670949 0.117357
v 0.077741 0.670949 0.117357
v 0.049796 0.682524 0.067365
v 0.077741 0.670949 0.067365
v 0.049796 0.682524 0.117357
v -1.996055 0.394067 -0.055029
v -1.736055 0.394067 -0.055029
v -1.752855 0.418062 0.002798
v -2.012855 0.418062 0.002798
v -1.996055 0.394067 0.060625
v -1.736055 0.394067 0.060625
v -0.098313 0.700197 -0.048128
v -0.346955 0.700197 -0.048128
v -0.106397 0.723581 0.008696
v -0.098313 0.700197 0.065520
v -0.355035 0.723581 0.008696
v -0.346955 0.700197 0.065520
v 0.154134 0.237382 0.008772
v 0.064040 0.274700 0.008772
v 0.146477 0.229725 0.122414
v 0.064040 0.263871 0.122414
v 0.146477 0.229725 -0.104870
v 0.064040 0.263871 -0.104870
v 0.525152 0.341173 0.008772
v 0.419908 0.283756 0.125773
v 0.525152 0.327349 0.125773
v 0.410133 0.293531 0.008772
v 0.419908 0.283756 -0.108229
v 0.525152 0.327349 -0.108229
v -0.603965 0.732033 0.086088
v -0.740535 0.758954 0.124663
v -0.864555 0.758954 0.124663
v -0.740535 0.806675 0.008696
v -0.615515 0.765438 0.008696
v -0.881055 0.806675 0.008696
v -0.603965 0.732033 -0.068695
v -0.864555 0.758954 -0.107271
v -0.740535 0.758954 -0.107271
v 0.011200 0.638780 0.161608
v 0.032693 0.653639 0.161608
v 0.019172 0.667160 0.161608
v 0.030322 0.638780 0.161608
v -0.007921 0.643325 0.161608
v 0.008880 0.683888 0.161608
v 0.049444 0.643325 0.161608
v 0.032714 0.633034 0.161608
v 0.044907 0.624225 0.161608
v 0.019193 0.619513 0.161608
v 0.044907 0.605104 0.161608
v 0.008880 0.602762 0.161608
v 0.049444 0.585960 0.161608
v 0.059736 0.626597 0.161608
v 0.068566 0.638780 0.161608
v 0.073257 0.613076 0.161608
v 0.087688 0.638780 0.161608
v 0.090007 0.602762 0.161608
v 0.106809 0.643325 0.161608
v 0.044907 0.662469 0.161608
v 0.059757 0.660077 0.161608
v 0.044907 0.681591 0.161608
v 0.073278 0.673598 0.161608
v 0.049444 0.700691 0.161608
v 0.090007 0.683888 0.161608
v 0.150330 0.700197 0.065520
v 0.398973 0.700197 0.065520
v 0.169847 0.643745 0.089057
v 0.438006 0.587292 0.065520
v 0.418490 0.643745 0.089057
v 0.189364 0.587292 0.065520
v -2.516055 0.394067 0.060625
v -2.256055 0.394067 0.060625
v -2.475495 0.336139 0.084578
v -2.215495 0.336139 0.084577
v -2.434935 0.278211 0.060625
v -2.174935 0.278211 0.060625
v 1.601268 -0.056471 0.126936
v 1.683706 -0.090618 0.126936
v 1.635278 -0.035523 0.126936
v 1.674452 -0.051725 0.126936
v 1.662758 -0.008044 0.126936
v 1.674452 -0.012864 0.126936
v 1.683706 0.025966 0.126936
v 1.704632 -0.008002 0.126936
v 1.722536 0.016717 0.126936
v 1.732111 -0.035480 0.126936
v 1.761397 0.016717 0.126936
v 1.766143 -0.056471 0.126936
v 1.800290 0.025966 0.126936
v 1.717716 0.046914 0.126936
v 1.674452 0.064859 0.126936
v 1.745196 0.074393 0.126936
v 1.674453 0.103720 0.126936
v 1.683706 0.142550 0.126936
v 1.766143 0.108403 0.126936
v 1.644813 0.016717 0.126936
v 1.649675 0.046957 0.126936
v 1.605951 0.016717 0.126936
v 1.622195 0.074436 0.126936
v 1.567122 0.025966 0.126936
v 1.601268 0.108403 0.126936
v 0.425927 0.166720 0.125773
v 0.419908 0.073268 0.125773
v 0.446666 0.116731 0.125773
v 0.376315 0.178511 0.125773
v 0.475540 0.166720 0.125773
v 0.481747 0.151812 0.125773
v 0.525152 0.178511 0.125773
v 0.513380 0.128957 0.125773
v 0.551855 0.135109 0.125773
v 0.513380 0.079344 0.125773
v 0.586936 0.100028 0.125773
v 0.525152 0.029674 0.125773
v 0.630396 0.073268 0.125773
v 0.574765 0.166720 0.125773
v 0.551910 0.221974 0.125773
v 0.624377 0.166720 0.125773
v 0.586991 0.257056 0.125773
v 0.630396 0.283756 0.125773
v 0.673990 0.178511 0.125773
v 0.481692 0.205272 0.125773
v 0.513380 0.228182 0.125773
v 0.446611 0.240353 0.125773
v 0.513380 0.277794 0.125773
v 0.419908 0.283756 0.125773
v 0.525152 0.327349 0.125773
v -0.018397 0.064850 0.122414
v 0.064040 0.030704 0.122414
v 0.015613 0.085798 0.122414
v 0.054787 0.069597 0.122414
v 0.043092 0.113277 0.122414
v 0.054787 0.108458 0.122414
v 0.064040 0.147287 0.122414
v 0.084967 0.113320 0.122414
v 0.102870 0.138038 0.122414
v 0.112446 0.085841 0.122414
v 0.141731 0.138038 0.122414
v 0.146477 0.064850 0.122414
v 0.180624 0.147287 0.122414
v 0.098050 0.168236 0.122414
v 0.054787 0.186181 0.122414
v 0.125529 0.195715 0.122414
v 0.054787 0.225042 0.122414
v 0.064040 0.263871 0.122414
v 0.146477 0.229725 0.122414
v 0.025147 0.138038 0.122414
v 0.030009 0.168278 0.122414
v -0.013714 0.138038 0.122414
v 0.002530 0.195757 0.122414
v -0.052544 0.147287 0.122414
v -0.018397 0.229725 0.122414
v 0.049444 0.796428 0.065794
v 0.008880 0.796428 0.048992
v 0.049444 0.774715 0.071122
v 0.005113 0.774715 0.052759
v 0.008880 0.753003 0.048992
v 0.049444 0.753003 0.065794
v -3.036055 0.394067 0.060625
v -2.776055 0.394067 0.060625
v -2.995495 0.336139 0.084578
v -2.735495 0.336139 0.084578
v -2.954935 0.278211 0.060625
v -2.694935 0.278211 0.060625
v 0.049796 0.702185 0.048268
v 0.049796 0.752177 0.048268
v 0.021851 0.702185 0.036693
v 0.021851 0.752177 0.036693
v 0.077741 0.752177 0.036693
v 0.077741 0.702185 0.036693
v 0.068566 0.638703 -0.101250
v 0.059757 0.659999 -0.101250
v 0.049444 0.643247 -0.101250
v 0.087688 0.638703 -0.101250
v 0.073278 0.673520 -0.101250
v 0.090007 0.683811 -0.101250
v 0.106809 0.643247 -0.101250
v 0.032693 0.653561 -0.101250
v 0.044907 0.662391 -0.101250
v 0.019172 0.667083 -0.101250
v 0.044907 0.681513 -0.101250
v 0.008880 0.683811 -0.101250
v 0.049444 0.700613 -0.101250
v 0.032714 0.632957 -0.101250
v 0.030322 0.638703 -0.101250
v 0.019193 0.619436 -0.101250
v 0.011200 0.638703 -0.101250
v 0.008880 0.602684 -0.101250
v -0.007921 0.643247 -0.101250
v 0.044907 0.624148 -0.101250
v 0.059736 0.626519 -0.101250
v 0.044907 0.605026 -0.101250
v 0.073257 0.612998 -0.101250
v 0.049444 0.585882 -0.101250
v 0.090007 0.602684 -0.101250
v -1.996055 0.394067 0.060625
v -1.736055 0.394067 0.060625
v -1.955495 0.336139 0.084577
v -1.654935 0.278211 0.060625
v -1.695495 0.336139 0.084577
v -1.914925 0.278211 0.060625
v -0.059279 0.587292 0.065520
v -0.307925 0.587292 0.065520
v -0.078796 0.643745 0.089057
v -0.327435 0.643745 0.089057
v -0.098313 0.700197 0.065520
v -0.346955 0.700197 0.065520
v -0.740535 0.528536 0.124663
v -0.576085 0.651386 0.118144
v -0.740535 0.643745 0.172698
v -0.548205 0.570740 0.086088
v -0.603965 0.732033 0.086088
v -0.784895 0.528536 0.124663
v -0.824725 0.643745 0.172698
v -0.740535 0.758954 0.124663
v -0.864555 0.758954 0.124663
v 0.021851 0.671513 -0.050432
v 0.021851 0.671513 -0.100423
v 0.010276 0.643568 -0.050432
v 0.010276 0.643568 -0.100423
v 0.021851 0.615623 -0.050432
v 0.021851 0.615623 -0.100423
v -0.007921 0.643325 0.161608
v 0.008880 0.683888 0.161608
v -0.013250 0.643325 0.139895
v 0.005113 0.687656 0.139895
v 0.008880 0.683888 0.118183
v -0.007921 0.643325 0.118183
v 0.005113 0.774715 -0.035903
v -0.013250 0.774715 0.008428
v 0.008880 0.796428 -0.032135
v -0.007921 0.796428 0.008428
v 0.008880 0.753003 -0.032135
v -0.007921 0.753003 0.008428
v 0.021851 0.702185 0.036693
v 0.021851 0.752177 0.036693
v 0.010276 0.702185 0.008749
v 0.010276 0.752177 0.008749
v 0.021851 0.702185 -0.019196
v 0.021851 0.752177 -0.019196
v 0.021851 0.615060 0.067365
v 0.021851 0.615060 0.117357
v 0.010276 0.643005 0.067365
v 0.010276 0.643005 0.117357
v 0.021851 0.670949 0.067365
v 0.021851 0.670949 0.117357
v 0.008880 0.602684 -0.144674
v -0.013250 0.643247 -0.122962
v -0.007921 0.643247 -0.144674
v 0.005113 0.598916 -0.122962
v 0.008880 0.602684 -0.101250
v -0.007921 0.643247 -0.101250
v -0.026054 0.237382 0.008772
v -0.063372 0.147288 0.008772
v -0.018397 0.229725 0.122414
v -0.052544 0.147287 0.122414
v -0.018397 0.229725 -0.104870
v -0.052544 0.147287 -0.104870
v 0.362491 0.178511 0.008772
v 0.419908 0.073268 0.125773
v 0.376315 0.178511 0.125773
v 0.410133 0.063493 0.008772
v 0.419908 0.073268 -0.108229
v 0.376315 0.178511 -0.108229
v 1.593611 0.116060 0.008772
v 1.556293 0.025966 0.008772
v 1.601268 0.108403 0.126936
v 1.567122 0.025966 0.126936
v 1.601268 0.108403 -0.109392
v 1.567122 0.025966 -0.109392
v 0.525152 0.015850 0.008772
v 0.630396 0.073268 0.125773
v 0.525152 0.029674 0.125773
v 0.640171 0.063493 0.008772
v 0.630396 0.073268 -0.108229
v 0.525152 0.029674 -0.108229
v -0.026054 0.057194 0.008772
v 0.064040 0.019875 0.008772
v -0.018397 0.064850 0.122414
v 0.064040 0.030704 0.122414
v -0.018397 0.064850 -0.104870
v 0.064040 0.030704 -0.104870
v 0.021851 0.615623 -0.050432
v 0.021851 0.615623 -0.100423
v 0.049796 0.604048 -0.050432
v 0.077741 0.615623 -0.100423
v 0.049796 0.604048 -0.100423
v 0.077741 0.615623 -0.050432
v 0.189363 0.587292 -0.048128
v 0.438006 0.587292 -0.048128
v 0.197448 0.563909 0.008696
v 0.446091 0.563909 0.008696
v 0.438006 0.587292 0.065520
v 0.189364 0.587292 0.065520
v -2.434935 0.278210 -0.055029
v -2.434935 0.278211 0.060625
v -2.174935 0.278210 -0.055029
v -2.174935 0.278211 0.060625
v -2.418125 0.254216 0.002798
v -2.158125 0.254216 0.002798
v -2.954935 0.278211 0.060625
v -2.954935 0.278210 -0.055029
v -2.694935 0.278211 0.060625
v -2.694935 0.278210 -0.055029
v -2.938125 0.254216 0.002798
v -2.678125 0.254216 0.002798
v 0.049796 0.603485 0.067365
v 0.049796 0.603485 0.117357
v 0.021851 0.615060 0.067365
v 0.021851 0.615060 0.117357
v 0.077741 0.615060 0.117357
v 0.077741 0.615060 0.067365
v 0.090007 0.602684 -0.144674
v 0.049444 0.580554 -0.122962
v 0.049444 0.585882 -0.144674
v 0.093775 0.598916 -0.122962
v 0.090007 0.602684 -0.101250
v 0.049444 0.585882 -0.101250
v -1.914925 0.278210 -0.055029
v -1.654935 0.278210 -0.055029
v -1.898125 0.254216 0.002798
v -1.638124 0.254216 0.002798
v -1.654935 0.278211 0.060625
v -1.914925 0.278211 0.060625
v -0.059280 0.587292 -0.048128
v -0.299835 0.563909 0.008696
v -0.307925 0.587292 -0.048128
v -0.051196 0.563909 0.008696
v -0.059279 0.587292 0.065520
v -0.307925 0.587292 0.065520
v 1.593611 -0.064128 0.008772
v 1.683706 -0.101446 0.008772
v 1.601268 -0.056471 0.126936
v 1.683706 -0.090618 0.126936
v 1.601268 -0.056471 -0.109392
v 1.683706 -0.090618 -0.109392
v 0.049444 0.585960 0.161608
v 0.008880 0.602762 0.161608
v 0.049444 0.580632 0.139895
v 0.005113 0.598994 0.139895
v 0.008880 0.602762 0.118183
v 0.049444 0.585960 0.118183
v 0.068566 0.753003 0.003883
v 0.059757 0.753003 0.025180
v 0.049444 0.753003 0.008428
v 0.087688 0.753003 0.003883
v 0.073278 0.753003 0.038701
v 0.090007 0.753003 0.048992
v 0.106809 0.753003 0.008428
v 0.032693 0.753003 0.018742
v 0.044907 0.753003 0.027572
v 0.019172 0.753003 0.032263
v 0.044907 0.753003 0.046694
v 0.008880 0.753003 0.048992
v 0.049444 0.753003 0.065794
v 0.032714 0.753003 -0.001863
v 0.030322 0.753003 0.003883
v 0.019193 0.753003 -0.015384
v 0.011200 0.753003 0.003883
v 0.008880 0.753003 -0.032135
v -0.007921 0.753003 0.008428
v 0.044907 0.753003 -0.010671
v 0.059736 0.753003 -0.008300
v 0.044907 0.753003 -0.029793
v 0.073257 0.753003 -0.021821
v 0.049444 0.753003 -0.048937
v 0.090007 0.753003 -0.032135
v -0.740535 0.528536 0.124663
v -0.548205 0.570740 0.086088
v -0.784895 0.528536 0.124663
v -0.768395 0.480814 0.008696
v -0.740535 0.480814 0.008696
v -0.536655 0.537334 0.008696
v -0.548205 0.570740 -0.068695
v -0.784895 0.528535 -0.107271
v -0.740535 0.528535 -0.107271
v 0.011200 0.647792 -0.144674
v 0.032693 0.632933 -0.144674
v 0.019172 0.619412 -0.144674
v 0.030322 0.647792 -0.144674
v -0.007921 0.643247 -0.144674
v 0.008880 0.602684 -0.144674
v 0.049444 0.643247 -0.144674
v 0.032714 0.653538 -0.144674
v 0.044907 0.662347 -0.144674
v 0.019193 0.667059 -0.144674
v 0.044907 0.681469 -0.144674
v 0.008880 0.683811 -0.144674
v 0.049444 0.700613 -0.144674
v 0.059736 0.659976 -0.144674
v 0.068566 0.647792 -0.144674
v 0.073257 0.673497 -0.144674
v 0.087688 0.647792 -0.144674
v 0.090007 0.683811 -0.144674
v 0.106809 0.643247 -0.144674
v 0.044907 0.624104 -0.144674
v 0.059757 0.626496 -0.144674
v 0.044907 0.604981 -0.144674
v 0.073278 0.612974 -0.144674
v 0.049444 0.585882 -0.144674
v 0.090007 0.602684 -0.144674
v 0.398974 0.700197 -0.048128
v 0.169847 0.643745 -0.071665
v 0.150330 0.700197 -0.048128
v 0.418490 0.643745 -0.071665
v 0.189363 0.587292 -0.048128
v 0.438006 0.587292 -0.048128
v -2.516055 0.394067 -0.055029
v -2.256055 0.394067 -0.055029
v -2.475495 0.336139 -0.078981
v -2.215495 0.336139 -0.078982
v -2.434935 0.278210 -0.055029
v -2.174935 0.278210 -0.055029
v 0.551910 0.135049 -0.108229
v 0.513380 0.079229 -0.108229
v 0.513380 0.128841 -0.108229
v 0.525152 0.178512 -0.108229
v 0.586991 0.099968 -0.108229
v 0.525152 0.029674 -0.108229
v 0.630396 0.073268 -0.108229
v 0.475540 0.190303 -0.108229
v 0.481692 0.151751 -0.108229
v 0.425927 0.190303 -0.108229
v 0.446611 0.116670 -0.108229
v 0.376315 0.178511 -0.108229
v 0.419908 0.073268 -0.108229
v 0.481747 0.205211 -0.108229
v 0.513380 0.228066 -0.108229
v 0.446666 0.240292 -0.108229
v 0.513380 0.277679 -0.108229
v 0.419908 0.283756 -0.108229
v 0.525152 0.327349 -0.108229
v 0.551855 0.221914 -0.108229
v 0.574765 0.190303 -0.108229
v 0.586936 0.256995 -0.108229
v 0.624377 0.190303 -0.108229
v 0.630396 0.283756 -0.108229
v 0.673990 0.178511 -0.108229
v 1.732176 -0.035544 -0.109392
v 1.722600 0.016713 -0.109392
v 1.761460 0.016713 -0.109392
v 1.704697 -0.008065 -0.109392
v 1.766143 -0.056471 -0.109392
v 1.800290 0.025966 -0.109392
v 1.683706 0.025966 -0.109392
v 1.649696 0.005018 -0.109392
v 1.674457 -0.012927 -0.109392
v 1.622216 -0.022461 -0.109392
v 1.674457 -0.051789 -0.109392
v 1.601268 -0.056471 -0.109392
v 1.683706 -0.090618 -0.109392
v 1.644876 0.016713 -0.109392
v 1.649738 0.046893 -0.109392
v 1.606014 0.016713 -0.109392
v 1.622260 0.074372 -0.109392
v 1.567122 0.025966 -0.109392
v 1.601268 0.108403 -0.109392
v 1.674457 0.064795 -0.109392
v 1.704654 0.059976 -0.109392
v 1.674457 0.103657 -0.109392
v 1.732132 0.087455 -0.109392
v 1.683706 0.142550 -0.109392
v 1.766143 0.108403 -0.109392
v 0.112510 0.085777 -0.104870
v 0.102933 0.138035 -0.104870
v 0.141795 0.138035 -0.104870
v 0.085031 0.113257 -0.104870
v 0.146477 0.064850 -0.104870
v 0.180624 0.147287 -0.104870
v 0.064040 0.147288 -0.104870
v 0.030030 0.126339 -0.104870
v 0.054790 0.108394 -0.104870
v 0.002551 0.098861 -0.104870
v 0.054790 0.069533 -0.104870
v -0.018397 0.064850 -0.104870
v 0.064040 0.030704 -0.104870
v 0.025211 0.138035 -0.104870
v 0.030073 0.168215 -0.104870
v -0.013651 0.138035 -0.104870
v 0.002594 0.195694 -0.104870
v -0.052544 0.147287 -0.104870
v -0.018397 0.229725 -0.104870
v 0.054790 0.186117 -0.104870
v 0.084988 0.181298 -0.104870
v 0.054790 0.224979 -0.104870
v 0.112467 0.208777 -0.104870
v 0.064040 0.263871 -0.104870
v 0.146477 0.229725 -0.104870
v 0.090007 0.796428 -0.032135
v 0.049444 0.774715 -0.054265
v 0.049444 0.796428 -0.048937
v 0.093775 0.774715 -0.035903
v 0.090007 0.753003 -0.032135
v 0.049444 0.753003 -0.048937
v -3.036055 0.394067 -0.055029
v -2.776055 0.394067 -0.055029
v -2.995495 0.336139 -0.078981
v -2.735495 0.336139 -0.078981
v -2.954935 0.278210 -0.055029
v -2.694935 0.278210 -0.055029
v 0.021851 0.702185 -0.019196
v 0.021851 0.752177 -0.019196
v 0.077741 0.752177 -0.019196
v 0.049796 0.702185 -0.030771
v 0.077741 0.702185 -0.019196
v 0.049796 0.752177 -0.030771
v 0.068566 0.647870 0.118183
v 0.059757 0.626574 0.118183
v 0.049444 0.643325 0.118183
v 0.087688 0.647870 0.118183
v 0.073278 0.613052 0.118183
v 0.090007 0.602762 0.118183
v 0.106809 0.643325 0.118183
v 0.032693 0.633011 0.118183
v 0.044907 0.624181 0.118183
v 0.019172 0.619490 0.118183
v 0.044907 0.605059 0.118183
v 0.008880 0.602762 0.118183
v 0.049444 0.585960 0.118183
v 0.032714 0.653616 0.118183
v 0.030322 0.647870 0.118183
v 0.019193 0.667137 0.118183
v 0.011200 0.647870 0.118183
v 0.008880 0.683888 0.118183
v -0.007921 0.643325 0.118183
v 0.044907 0.662425 0.118183
v 0.059736 0.660054 0.118183
v 0.044907 0.681547 0.118183
v 0.073257 0.673575 0.118183
v 0.049444 0.700691 0.118183
v 0.090007 0.683888 0.118183
v -1.996055 0.394067 -0.055029
v -1.736055 0.394067 -0.055029
v -1.955495 0.336139 -0.078982
v -1.695495 0.336139 -0.078982
v -1.914925 0.278210 -0.055029
v -1.654935 0.278210 -0.055029
v -0.059280 0.587292 -0.048128
v -0.307925 0.587292 -0.048128
v -0.078796 0.643745 -0.071665
v -0.327435 0.643745 -0.071665
v -0.098313 0.700197 -0.048128
v -0.346955 0.700197 -0.048128
v -0.548205 0.570740 -0.068695
v -0.603965 0.732033 -0.068695
v -0.864555 0.758954 -0.107271
v -0.740535 0.758954 -0.107271
v -0.824725 0.643745 -0.155306
v -0.740535 0.643745 -0.155306
v -0.576085 0.651386 -0.100752
v -0.784895 0.528535 -0.107271
v -0.740535 0.528535 -0.107271
v 2.146095 0.321388 0.144175
v 2.146095 -0.303656 -0.128767
v 2.146095 0.321388 -0.128767
v 2.146095 -0.303656 0.144175
v 2.146095 0.321388 -0.128767
v 1.931655 0.321388 -0.128767
v 1.931655 0.321388 0.144175
v 2.146095 0.321388 0.144175
v 2.038876 -0.271239 0.144175
v 1.931655 0.321388 0.144175
v 1.931655 -0.271239 0.144175
v 2.146095 0.321388 0.144175
v 2.146095 -0.303656 0.144175
v 2.113676 -0.303656 0.144175
v 1.931655 0.321388 -0.128767
v 1.931655 -0.271239 -0.128767
v 1.931655 -0.271239 0.144175
v 1.931655 0.321388 0.144175
v 2.038876 -0.271239 -0.128767
v 2.038876 -0.271239 0.144175
v 1.931655 -0.271239 -0.128767
v 1.931655 -0.271239 0.144175
v 2.113676 -0.303656 0.144175
v 2.113676 -0.303656 -0.128767
v 2.146095 -0.303656 -0.128767
v 2.146095 -0.303656 0.144175
v 2.146095 0.321388 -0.128767
v 2.038876 -0.271239 -0.128767
v 1.931655 0.321388 -0.128767
v 1.931655 -0.271239 -0.128767
v 2.146095 -0.303656 -0.128767
v 2.113676 -0.303656 -0.128767
vn 1.0000 -0.0000 -0.0000
vn -0.0000 -0.0000 1.0000
vn -1.0000 -0.0000 -0.0000
vn -0.0000 -0.0000 -1.0000
vn 0.7072 0.7070 -0.0000
vn -0.7072 0.7070 -0.0000
vn -0.0472 0.9989 -0.0000
vn -0.1338 0.7008 0.7007
vn -0.0471 0.7064 0.7062
vn -0.1337 0.9910 -0.0000
vn -0.2195 0.6900 0.6898
vn -0.2205 0.9754 -0.0000
vn -0.2195 0.6900 -0.6898
vn -0.1338 0.7008 -0.7007
vn -0.0471 0.7064 -0.7062
vn -0.0000 1.0000 -0.0000
vn -0.0000 0.7072 -0.7070
vn -0.0000 0.7072 0.7070
vn -0.4959 0.6141 -0.6139
vn -0.4970 0.8677 -0.0000
vn -0.4970 0.8678 -0.0000
vn -0.4959 0.6141 0.6139
vn -0.0471 0.7062 0.7064
vn -0.1338 0.7007 0.7008
vn -0.0472 0.0001 0.9989
vn -0.1337 0.0001 0.9910
vn -0.2195 0.6898 0.6899
vn -0.2203 0.0001 0.9754
vn -0.0472 -0.0001 0.9989
vn -0.1338 -0.7007 0.7008
vn -0.0471 -0.7062 0.7064
vn -0.1337 -0.0001 0.9910
vn -0.2195 -0.6898 0.6900
vn -0.2202 -0.0001 0.9754
vn -0.0000 -0.7070 0.7072
vn -0.0000 -0.0001 1.0000
vn -0.0000 0.0001 1.0000
vn -0.0000 0.7070 0.7072
vn -0.4959 -0.6139 0.6141
vn -0.4970 -0.0001 0.8678
vn -0.4970 0.0001 0.8678
vn -0.4959 0.6139 0.6141
vn -0.0473 -0.9989 -0.0000
vn -0.1338 -0.7008 -0.7007
vn -0.0471 -0.7064 -0.7062
vn -0.1335 -0.9910 -0.0000
vn -0.2195 -0.6900 -0.6898
vn -0.2205 -0.9754 -0.0000
vn -0.2195 -0.6900 0.6898
vn -0.1339 -0.7008 0.7007
vn -0.0471 -0.7064 0.7062
vn -0.0000 -1.0000 -0.0000
vn -0.0000 -0.7072 0.7070
vn -0.0000 -0.7072 -0.7070
vn -0.4970 -0.8678 -0.0000
vn -0.4959 -0.6141 0.6139
vn -0.4969 -0.8678 -0.0000
vn -0.4959 -0.6141 -0.6139
vn -0.0472 -0.0000 -0.9989
vn -0.1338 0.7007 -0.7008
vn -0.0471 0.7062 -0.7064
vn -0.1336 -0.0000 -0.9910
vn -0.2195 0.6898 -0.6899
vn -0.2205 -0.0000 -0.9754
vn -0.2195 -0.6898 -0.6900
vn -0.1339 -0.7007 -0.7008
vn -0.0471 -0.7062 -0.7064
vn -0.0000 -0.7070 -0.7072
vn -0.0000 0.7070 -0.7072
vn -0.0001 0.7070 -0.7072
vn -0.4970 -0.0000 -0.8678
vn -0.4959 -0.6139 -0.6141
vn -0.4969 -0.0000 -0.8678
vn -0.4959 0.6139 -0.6141
vn 0.6011 0.7986 -0.0316
vn 0.7964 0.5915 0.1262
vn 0.7884 0.6150 -0.0158
vn 0.9263 0.3767 -0.0000
vn 0.8040 0.5755 -0.1499
vn 0.6294 0.7237 -0.2831
vn 0.8409 0.4792 -0.2514
vn 0.7030 0.5371 -0.4661
vn 0.8949 0.3454 -0.2826
vn 0.8032 0.2914 -0.5196
vn 0.5199 0.5591 -0.6458
vn 0.9478 0.2132 -0.2370
vn 0.9840 0.1260 -0.1260
vn 0.9946 0.1026 0.0158
vn 0.8993 0.0553 -0.4339
vn 0.6535 0.2205 -0.7241
vn 0.9664 -0.1021 -0.2357
vn 0.9869 -0.1579 0.0316
vn 0.7882 -0.1025 -0.6069
vn 0.8835 -0.3313 -0.3313
vn 0.9147 -0.4023 0.0394
vn 0.7453 -0.5333 -0.4000
vn 0.6311 -0.2525 -0.7335
vn 0.7268 -0.4896 0.4818
vn 0.7809 -0.6229 0.0473
vn 0.8684 -0.3000 0.3947
vn 0.5990 -0.1813 0.7800
vn 0.7631 -0.0393 0.6451
vn 0.9555 -0.0789 0.2843
vn 0.8801 0.1022 0.4636
vn 0.6218 0.2991 0.7239
vn 0.7804 0.3468 0.5202
vn 0.4960 0.6218 0.6061
vn 0.9784 0.1420 0.1500
vn 0.9383 0.2365 0.2523
vn 0.8841 0.3710 0.2842
vn 0.6863 0.5837 0.4339
vn 0.8322 0.5022 0.2352
vn 0.6214 0.7471 0.2359
vn 0.8949 0.4082 -0.1806
vn 0.4097 0.8744 -0.2600
vn 0.8919 0.3236 -0.3157
vn 0.3472 0.8680 -0.3551
vn 0.9372 -0.3464 0.0394
vn 0.8789 -0.3844 -0.2825
vn 0.9191 0.3928 -0.0314
vn 0.4184 0.7891 -0.4498
vn 0.8845 -0.2606 0.3870
vn 0.3387 -0.9217 0.1891
vn 0.3302 -0.7780 0.5345
vn 0.6292 0.7238 -0.2832
vn 0.3792 0.9245 -0.0395
vn 0.6009 0.7987 -0.0316
vn 0.4176 0.8190 -0.3936
vn 0.1259 0.9909 -0.0472
vn 0.7030 0.5373 -0.4661
vn 0.1811 0.8582 -0.4803
vn -0.0630 0.8423 -0.5353
vn 0.5198 0.5593 -0.6458
vn 0.3075 0.5442 -0.7806
vn 0.0711 0.4899 -0.8689
vn -0.0000 0.6913 0.7226
vn -0.0000 0.6913 -0.7226
vn -0.0866 0.8895 0.4487
vn 0.0393 0.5742 0.8178
vn 0.1647 0.9017 0.3999
vn 0.2757 0.6224 0.7325
vn 0.4959 0.6220 0.6060
vn -0.1974 0.4975 0.8447
vn -0.3314 0.8207 0.4654
vn -0.1258 0.9905 -0.0550
vn -0.3761 0.9250 -0.0548
vn -0.5577 0.6991 0.4475
vn -0.5966 0.8007 -0.0549
vn -0.7452 0.5335 0.4000
vn -0.3139 0.7690 -0.5569
vn -0.5353 0.6535 -0.5352
vn -0.7267 0.4898 -0.4817
vn -0.7807 0.6231 -0.0473
vn 0.6862 0.5838 0.4339
vn 0.4028 0.8530 0.3317
vn 0.6212 0.7473 0.2360
vn 0.3470 0.8680 -0.3551
vn -0.3393 0.9311 -0.1341
vn 0.4095 0.8745 -0.2599
vn -0.2847 0.7200 -0.6329
vn 0.4181 0.7892 -0.4499
vn -0.3709 0.8369 -0.4025
vn -0.8963 0.3538 -0.2673
vn -0.9021 0.4315 0.0078
vn -0.0000 0.6911 0.7227
vn -0.0000 -0.6911 0.7227
vn 0.0001 0.6911 0.7227
vn 0.2124 0.1416 0.9669
vn 0.2757 0.6222 0.7327
vn 0.0394 0.5740 0.8179
vn 0.4323 0.2279 0.8725
vn 0.4959 0.6218 0.6062
vn -0.0236 0.0472 0.9986
vn 0.5988 -0.1812 0.7801
vn -0.1974 0.4974 0.8448
vn 0.3938 -0.3072 0.8663
vn 0.7266 -0.4897 0.4819
vn -0.5576 0.6989 0.4478
vn -0.3314 0.8206 0.4657
vn -0.4252 0.3858 0.8188
vn -0.7452 0.5334 0.4002
vn -0.6310 0.2524 0.7336
vn -0.2516 -0.0471 0.9667
vn -0.4646 -0.1417 0.8741
vn -0.7881 0.1024 0.6070
vn -0.0711 -0.4897 0.8690
vn -0.3076 -0.5439 0.7807
vn -0.5198 -0.5591 0.6459
vn -0.6533 -0.2204 0.7243
vn 0.1653 -0.4093 0.8973
vn 0.0630 -0.8422 0.5354
vn 0.5353 -0.6533 0.5354
vn 0.3138 -0.7688 0.5572
vn 0.7630 -0.0393 0.6452
vn 0.6217 0.2990 0.7240
vn -0.8685 0.2999 -0.3947
vn -0.5990 0.1813 -0.7800
vn -0.7631 0.0394 -0.6451
vn -0.9555 0.0791 -0.2842
vn -0.9869 0.1579 -0.0315
vn -0.6218 -0.2991 -0.7239
vn -0.8801 -0.1022 -0.4636
vn -0.4960 -0.6218 -0.6061
vn -0.7804 -0.3468 -0.5202
vn -0.6863 -0.5837 -0.4339
vn -0.9383 -0.2365 -0.2523
vn -0.8841 -0.3710 -0.2842
vn -0.9784 -0.1420 -0.1499
vn -0.9263 -0.3768 -0.0000
vn -0.8321 -0.5022 -0.2353
vn -0.9946 -0.1025 -0.0158
vn -0.9664 0.1022 0.2357
vn -0.9840 -0.1259 0.1259
vn -0.8993 -0.0553 0.4339
vn -0.9478 -0.2133 0.2370
vn -0.8031 -0.2913 0.5197
vn -0.8949 -0.3454 0.2826
vn -0.7030 -0.5371 0.4661
vn -0.5199 -0.5591 0.6458
vn -0.8409 -0.4793 0.2514
vn -0.6294 -0.7236 0.2831
vn -0.8040 -0.5754 0.1498
vn -0.6011 -0.7986 0.0316
vn -0.7884 -0.6150 0.0158
vn -0.7962 -0.5916 -0.1265
vn -0.6214 -0.7471 -0.2359
vn -0.9147 0.4022 -0.0394
vn -0.7809 0.6229 -0.0473
vn -0.7268 0.4896 -0.4818
vn -0.7453 0.5333 0.4000
vn -0.8835 0.3313 0.3312
vn -0.6311 0.2525 0.7335
vn -0.7882 0.1025 0.6069
vn -0.6535 -0.2205 0.7241
vn -0.3710 0.8368 -0.4026
vn -0.2849 0.7199 -0.6329
vn -0.8963 0.3537 -0.2674
vn -0.8231 0.2508 -0.5095
vn -0.9436 -0.3302 -0.0236
vn -0.9021 0.4314 0.0079
vn -0.9068 -0.4022 -0.1262
vn -0.4264 -0.8447 0.3236
vn -0.9294 -0.3623 0.0709
vn -0.4662 -0.8690 0.1659
vn -0.3537 -0.9353 -0.0000
vn 0.1974 -0.4975 -0.8447
vn 0.0866 -0.8895 -0.4487
vn -0.0393 -0.5742 -0.8178
vn -0.1646 -0.9017 -0.3998
vn -0.2757 -0.6224 -0.7325
vn -0.1259 -0.9909 0.0472
vn -0.4959 -0.6220 -0.6060
vn -0.4028 -0.8530 -0.3317
vn -0.6862 -0.5839 -0.4339
vn -0.7030 -0.5372 0.4661
vn -0.4174 -0.8190 0.3937
vn -0.5198 -0.5593 0.6458
vn -0.1811 -0.8582 0.4803
vn -0.6292 -0.7238 0.2833
vn -0.3792 -0.9245 0.0395
vn -0.6008 -0.7987 0.0316
vn -0.6212 -0.7473 -0.2360
vn -0.0000 -0.6913 0.7226
vn -0.0000 -0.6913 -0.7226
vn -0.0711 -0.4899 0.8689
vn -0.3075 -0.5442 0.7806
vn 0.0630 -0.8424 0.5352
vn 0.1259 -0.9905 0.0549
vn 0.3139 -0.7690 0.5569
vn 0.3762 -0.9249 0.0549
vn 0.5353 -0.6535 0.5352
vn 0.5966 -0.8007 0.0548
vn 0.7267 -0.4898 0.4817
vn 0.3314 -0.8207 -0.4654
vn 0.7807 -0.6231 0.0473
vn 0.5577 -0.6991 -0.4475
vn 0.7452 -0.5335 -0.4000
vn 0.3938 -0.9056 -0.1575
vn 0.9372 -0.3465 0.0394
vn 0.8788 -0.3846 -0.2825
vn 0.3386 -0.9217 0.1890
vn -0.3536 -0.9354 -0.0000
vn 0.3300 -0.7781 0.5344
vn -0.4262 -0.8447 0.3237
vn -0.4661 -0.8690 0.1659
vn 0.4646 0.1417 -0.8741
vn 0.5198 0.5591 -0.6459
vn 0.6533 0.2204 -0.7243
vn 0.7881 -0.1024 -0.6070
vn 0.6310 -0.2524 -0.7336
vn 0.4252 -0.3858 -0.8188
vn 0.7452 -0.5334 -0.4002
vn 0.3076 0.5440 -0.7807
vn 0.2516 0.0471 -0.9667
vn 0.0711 0.4898 -0.8690
vn -0.1653 0.4093 -0.8973
vn -0.0630 0.8422 -0.5354
vn 0.0235 -0.0473 -0.9986
vn -0.3938 0.3072 -0.8663
vn 0.1974 -0.4974 -0.8448
vn -0.2123 -0.1415 -0.9669
vn -0.0394 -0.5740 -0.8179
vn -0.5988 0.1812 -0.7801
vn -0.2758 -0.6222 -0.7327
vn -0.4323 -0.2279 -0.8725
vn -0.4959 -0.6218 -0.6062
vn -0.7630 0.0393 -0.6452
vn -0.6216 -0.2990 -0.7241
vn -0.0000 0.6911 -0.7227
vn -0.0000 -0.6911 -0.7227
vn -0.3138 0.7688 -0.5572
vn -0.5353 0.6533 -0.5354
vn -0.7266 0.4897 -0.4820
vn 0.3314 -0.8206 -0.4656
vn 0.5576 -0.6989 -0.4478
vn -0.0001 0.6911 -0.7227
vn 0.9224 0.3863 -0.0000
vn 0.9217 0.3782 0.0866
vn 0.9217 0.3781 0.0867
vn 0.9217 0.3781 -0.0867
vn 0.9224 -0.3863 -0.0000
vn 0.9195 -0.3773 0.1100
vn 0.9195 -0.3773 -0.1100
vn 0.9015 0.3718 0.2214
vn 0.9015 0.3718 -0.2214
vn 0.9015 0.3719 -0.2214
vn 0.9016 0.2214 -0.3717
vn 0.9224 -0.0000 -0.3863
vn 0.9015 -0.2214 -0.3718
vn 0.9224 0.3862 -0.0000
vn 0.9217 0.3782 0.0867
vn 0.9217 0.3781 0.0866
vn 0.9217 0.3782 -0.0867
vn 0.9016 -0.3717 -0.2214
vn 0.9015 -0.3718 -0.2214
vn 0.9015 -0.3718 0.2214
vn -0.6058 0.5506 -0.5744
vn -0.6372 0.7707 -0.0000
vn -0.6058 0.5506 0.5743
vn 0.3718 0.9015 -0.2214
vn 0.3863 0.9224 -0.0000
vn 0.3719 0.9015 -0.2214
vn 0.3717 0.9016 0.2214
vn -0.0000 0.6199 -0.7847
vn -0.0000 0.7709 -0.6370
vn -0.0000 0.7709 0.6370
vn -0.0000 0.6199 0.7847
vn 0.3862 0.9224 -0.0000
vn 0.3773 0.9196 0.1100
vn 0.3772 0.9196 0.1100
vn 0.3772 0.9196 -0.1101
vn 0.3772 0.9196 -0.1100
vn -0.0000 0.7343 -0.6788
vn -0.0000 0.7343 0.6788
vn -0.0001 0.6913 0.7226
vn -0.3717 0.9016 0.2214
vn -0.3863 0.9224 -0.0000
vn -0.3718 0.9015 -0.2214
vn -0.3717 0.9016 -0.2214
vn 0.0472 0.9989 -0.0000
vn 0.1655 0.6935 0.7012
vn 0.0473 0.6617 0.7483
vn 0.1733 0.9849 -0.0000
vn 0.2757 0.7327 0.6222
vn 0.2830 0.9591 -0.0000
vn 0.2757 0.7327 -0.6222
vn 0.1655 0.6935 -0.7012
vn 0.0473 0.6617 -0.7483
vn -0.0000 0.6540 -0.7565
vn -0.0000 0.6540 0.7565
vn -0.0085 1.0000 -0.0000
vn -0.0078 0.6913 0.7225
vn -0.0079 0.6540 0.7564
vn -0.0079 1.0000 -0.0000
vn -0.0079 0.6913 -0.7225
vn -0.0079 0.6540 -0.7564
vn -0.3782 0.9217 0.0867
vn -0.3781 0.9217 0.0867
vn -0.3781 0.9217 -0.0866
vn -0.3781 0.9217 -0.0867
vn -0.0000 0.6952 0.7188
vn -0.0000 0.6952 -0.7188
vn -0.2277 0.9737 -0.0000
vn -0.2281 0.6686 -0.7078
vn -0.0078 0.6913 -0.7225
vn -0.2281 0.6686 0.7078
vn -0.4670 0.6254 0.6252
vn -0.4660 0.8848 -0.0000
vn -0.4670 0.6254 -0.6252
vn -0.3782 0.9217 0.0866
vn -0.3781 0.9217 0.0866
vn -0.6059 -0.5507 0.5742
vn -0.5602 -0.0000 0.8283
vn -0.6058 0.5508 0.5741
vn -0.0000 -0.1495 0.9888
vn -0.0000 -0.6198 0.7848
vn -0.0000 -0.7708 0.6371
vn -0.0000 0.1495 0.9888
vn -0.0000 0.6198 0.7848
vn -0.0000 0.7708 0.6371
vn 0.3718 0.2214 0.9015
vn 0.3863 -0.0000 0.9224
vn 0.3718 -0.2214 0.9015
vn -0.0000 -0.6539 0.7566
vn -0.0000 0.0785 0.9969
vn -0.0000 0.7342 0.6790
vn -0.0000 -0.1958 0.9806
vn -0.0000 -0.1960 0.9806
vn -0.0000 -0.1959 0.9806
vn -0.0000 -0.1492 0.9888
vn -0.0000 0.1488 0.9889
vn 0.0471 -0.0706 0.9964
vn 0.1968 -0.6691 0.7166
vn 0.0392 -0.7297 0.6827
vn 0.1657 0.0158 0.9861
vn 0.3228 -0.5589 0.7638
vn 0.0472 0.6616 0.7484
vn 0.2748 0.1492 0.9499
vn 0.1655 0.6933 0.7014
vn 0.2757 0.7325 0.6224
vn -0.0000 0.6539 0.7566
vn -0.0000 -0.0785 0.9969
vn -0.0000 -0.7341 0.6790
vn -0.0000 0.1489 0.9889
vn -0.0079 0.6539 0.7565
vn -0.0078 0.6911 0.7227
vn -0.0000 -0.6951 0.7189
vn -0.0000 -0.7378 0.6750
vn -0.0000 0.6951 0.7189
vn -0.2281 0.6684 0.7080
vn -0.0079 -0.0000 1.0000
vn -0.0079 0.6911 0.7227
vn -0.4670 0.6252 0.6254
vn -0.2202 -0.0000 0.9754
vn -0.4661 -0.0000 0.8847
vn -0.4670 -0.6252 0.6254
vn -0.2281 -0.6684 0.7080
vn -0.0079 -0.6911 0.7227
vn -0.6058 -0.5508 0.5742
vn -0.6058 -0.5506 -0.5744
vn -0.6370 -0.7709 -0.0002
vn -0.5602 -0.0002 0.8284
vn -0.5602 0.0002 -0.8284
vn -0.6058 0.5508 -0.5742
vn -0.6058 0.5506 0.5744
vn -0.6370 0.7709 0.0002
vn -0.9224 -0.3863 -0.0000
vn -0.9217 -0.3782 0.0867
vn -0.9217 -0.3782 -0.0867
vn -0.9016 0.3717 -0.2214
vn -0.9224 0.3863 -0.0000
vn -0.9015 0.3719 -0.2214
vn -0.9015 0.3719 0.2214
vn -0.9015 0.3718 0.2214
vn -0.9224 -0.0000 0.3863
vn -0.9015 0.2214 0.3718
vn -0.9015 -0.2214 0.3718
vn -0.9015 -0.2214 0.3719
vn -0.9015 -0.3718 0.2214
vn -0.9016 -0.3717 0.2214
vn -0.9016 -0.3717 -0.2214
vn -0.9015 -0.3718 -0.2214
vn -0.9196 0.3772 0.1100
vn -0.9196 0.3772 -0.1100
vn -0.9195 0.3773 -0.1100
vn -0.9217 -0.3781 0.0866
vn -0.9217 -0.3781 0.0867
vn -0.9217 -0.3781 -0.0866
vn -0.6058 -0.5506 -0.5743
vn -0.6372 -0.7707 -0.0000
vn -0.6058 -0.5506 0.5744
vn 0.3863 -0.9224 -0.0000
vn 0.3781 -0.9217 0.0867
vn 0.3781 -0.9217 0.0866
vn 0.3781 -0.9217 -0.0867
vn 0.3781 -0.9217 -0.0866
vn 0.3782 -0.9217 0.0867
vn 0.3782 -0.9217 -0.0867
vn -0.0000 -0.7709 -0.6370
vn -0.0000 -0.6199 -0.7847
vn -0.0000 -0.7709 0.6370
vn -0.0000 -0.6199 0.7847
vn -0.0000 -0.6540 -0.7565
vn -0.0000 -0.6540 0.7565
vn 0.0002 -0.6913 0.7226
vn -0.3863 -0.9224 -0.0000
vn -0.3773 -0.9195 0.1100
vn -0.3773 -0.9195 -0.1100
vn 0.3718 -0.9015 0.2214
vn 0.3717 -0.9016 -0.2214
vn -0.0001 -0.6913 -0.7226
vn 0.2203 -0.9754 -0.0000
vn 0.0392 -0.7298 0.6825
vn 0.1969 -0.6693 0.7164
vn 0.0392 -0.9992 -0.0000
vn 0.0392 -0.7298 -0.6825
vn 0.1968 -0.6694 -0.7164
vn 0.3228 -0.5590 0.7637
vn 0.3229 -0.5590 -0.7637
vn -0.0000 -0.7343 -0.6788
vn -0.0000 -0.7343 0.6788
vn -0.0079 -1.0000 -0.0000
vn -0.0000 -0.7379 0.6749
vn -0.0000 -0.6953 0.7188
vn -0.0076 -1.0000 -0.0000
vn -0.0000 -0.7379 -0.6749
vn -0.0000 -0.6953 -0.7188
vn -0.3717 -0.9016 -0.2214
vn -0.3718 -0.9015 -0.2214
vn -0.3717 -0.9016 0.2214
vn -0.3718 -0.9015 0.2214
vn -0.0000 -0.6952 0.7188
vn -0.0000 -0.6952 -0.7188
vn -0.2281 -0.6686 0.7078
vn -0.0078 -0.6913 0.7225
vn -0.4670 -0.6254 0.6252
vn -0.2277 -0.9737 -0.0000
vn -0.4660 -0.8848 -0.0000
vn -0.4670 -0.6254 -0.6252
vn -0.2281 -0.6686 -0.7078
vn -0.0078 -0.6913 -0.7225
vn -0.6058 -0.5508 -0.5741
vn -0.5602 -0.0000 -0.8283
vn -0.6059 0.5507 -0.5742
vn -0.0000 -0.6198 -0.7848
vn -0.0000 -0.1490 -0.9888
vn -0.0000 -0.7708 -0.6371
vn -0.0000 0.1495 -0.9888
vn -0.0000 0.6198 -0.7848
vn -0.0000 0.7708 -0.6371
vn -0.0000 -0.6539 -0.7566
vn -0.0000 0.0786 -0.9969
vn -0.0000 0.7342 -0.6790
vn -0.0000 -0.1495 -0.9888
vn -0.0000 -0.1962 -0.9806
vn -0.0000 -0.1960 -0.9806
vn -0.0000 -0.1959 -0.9806
vn 0.1968 -0.6691 -0.7166
vn 0.0471 -0.0706 -0.9964
vn 0.0392 -0.7297 -0.6827
vn 0.1655 0.6933 -0.7014
vn 0.2748 0.1492 -0.9499
vn 0.2757 0.7325 -0.6224
vn 0.0473 0.6616 -0.7484
vn 0.1657 0.0158 -0.9861
vn 0.3228 -0.5589 -0.7638
vn -0.3717 0.2214 -0.9016
vn -0.3863 -0.0000 -0.9224
vn -0.3718 0.2214 -0.9015
vn -0.3717 -0.2214 -0.9016
vn -0.3718 -0.2214 -0.9015
vn -0.0000 0.6539 -0.7566
vn -0.0000 0.0785 -0.9969
vn -0.0000 -0.0785 -0.9969
vn -0.0000 -0.7342 -0.6790
vn -0.0079 0.6539 -0.7565
vn -0.0078 0.6911 -0.7227
vn -0.0000 -0.6951 -0.7189
vn -0.0000 -0.7378 -0.6750
vn -0.0000 0.6951 -0.7189
vn -0.0079 -0.0000 -1.0000
vn -0.2281 0.6684 -0.7080
vn -0.0079 0.6911 -0.7227
vn -0.2281 -0.6684 -0.7080
vn -0.0079 -0.6911 -0.7227
vn -0.4670 -0.6252 -0.6254
vn -0.2202 -0.0000 -0.9754
vn -0.4661 -0.0000 -0.8847
vn -0.4670 0.6252 -0.6254
vn 0.8533 -0.5215 -0.0000
vn 0.9290 0.3701 -0.0000
vn 0.3931 0.9195 -0.0000
vn 0.7227 0.6911 -0.0000
vn 0.7071 0.7071 -0.0000
vn -0.5975 0.8018 -0.0000
vn -0.0000 0.9997 0.0236
vn -0.0000 0.9997 0.0235
vn 0.2757 0.9612 -0.0000
vn 0.2757 0.9613 -0.0000
vn -0.0000 0.9910 0.1337
vn -0.9379 0.3468 -0.0000
vn -0.6750 0.7378 -0.0000
vn -0.3632 0.9317 -0.0000
vn 0.3929 0.9196 -0.0000
vn -0.0000 -0.5885 0.8085
vn -0.0001 -0.6911 0.7227
vn -0.4409 -0.8975 -0.0000
vn -0.9353 -0.3538 -0.0000
vn -0.4092 -0.9125 -0.0000
vn -0.9353 -0.3537 -0.0000
vn -0.9414 -0.3373 -0.0000
vn -0.9415 -0.3371 -0.0000
vn -0.4251 -0.9052 -0.0000
vn -0.8185 -0.5745 -0.0000
vn 0.6585 -0.7526 -0.0000
vn 0.3538 -0.9353 -0.0000
vn 0.3536 -0.9354 -0.0000
vn -0.4409 -0.8976 -0.0000
vn -0.1734 -0.9849 -0.0000
vn -0.1733 -0.9849 -0.0000
vn -0.1735 -0.9848 -0.0000
vn -0.4089 -0.9126 -0.0000
vn -0.4250 -0.9052 -0.0000
vn -0.0000 -0.5886 0.8084
vn -0.0000 -0.5886 -0.8084
vn -0.2367 -0.9716 -0.0000
vn -0.2362 -0.9717 -0.0000
vn 0.2369 -0.9715 -0.0000
vn -0.0000 -0.9290 -0.3700
vn -0.0000 -0.6913 -0.7225
vn -0.0000 -0.5885 -0.8085
vn -0.0000 -0.1337 -0.9910
vn -0.0000 -0.3700 -0.9290
vn 0.4640 -0.5112 0.7235
vn 0.5818 -0.8095 -0.0786
vn 0.3003 -0.3556 0.8851
vn 0.6692 -0.7165 -0.1969
vn 0.3917 -0.7208 -0.5719
vn 0.3144 -0.8568 0.4087
vn 0.5259 -0.5651 0.6357
vn 0.4639 -0.4639 -0.7548
vn 0.1884 0.0393 -0.9813
vn 0.6693 -0.7164 -0.1969
vn 0.4583 0.6084 -0.6479
vn 0.9421 -0.1178 -0.3140
vn 0.4339 0.3549 -0.8281
vn 0.9937 0.0708 -0.0866
vn 0.5989 0.7961 0.0866
vn 0.8764 -0.2762 0.3946
vn 0.5424 0.3851 0.7466
vn 0.6452 -0.7630 0.0394
vn 0.5107 -0.8405 -0.1807
vn 0.5520 -0.5362 0.6386
vn 0.7707 -0.6132 -0.1730
vn 0.4876 -0.6134 0.6213
vn 0.5601 -0.0158 -0.8283
vn 0.4109 -0.4265 -0.8057
vn 0.4961 -0.4410 -0.7480
vn 0.2991 -0.2756 -0.9135
vn 0.7516 -0.6565 -0.0633
vn 0.7377 -0.6747 -0.0235
vn 0.4901 -0.4427 0.7509
vn 0.3696 -0.3383 0.8654
vn 0.5348 0.5975 -0.5975
vn 0.5668 0.8184 -0.0944
vn 0.9654 -0.0314 -0.2590
vn 0.4729 0.8197 0.3231
vn 0.9992 0.0236 -0.0315
vn 0.9885 0.0706 0.1334
vn 0.5359 0.5436 0.6460
vn 0.6543 -0.6305 0.4176
vn 0.5419 -0.8401 0.0235
vn 0.9858 -0.1262 0.1104
vn 0.5663 -0.7156 -0.4089
vn 0.5745 0.2517 0.7789
vn 0.5501 -0.2594 0.7938
vn 0.5940 -0.3880 -0.7047
vn 0.7856 -0.6127 0.0864
vn 0.5372 -0.4661 -0.7030
vn 0.4503 -0.8926 0.0237
vn 0.2508 -0.4234 0.8705
vn 0.3542 -0.6768 0.6453
vn 0.3540 -0.6845 -0.6373
vn 0.2587 -0.4783 -0.8392
vn 0.3616 -0.7156 0.5977
vn 0.4323 -0.1022 0.8959
vn 0.9196 -0.3694 0.1336
vn 0.2828 -0.8169 -0.5027
vn 0.5520 -0.1892 -0.8121
vn 0.5988 -0.3231 -0.7328
vn 0.7881 -0.6147 -0.0315
vn 0.5817 -0.3223 0.7468
vn 0.5107 -0.4400 -0.7386
vn 0.3383 -0.2833 -0.8974
vn 0.7492 -0.6623 -0.0000
vn 0.7493 -0.6623 -0.0000
vn 0.5049 -0.4418 0.7415
vn 0.3382 -0.3698 0.8654
vn 0.3544 -0.8982 0.2600
vn 0.5760 -0.1815 -0.7970
vn 0.0867 -0.5436 -0.8349
vn 0.5908 -0.3545 -0.7247
vn 0.9715 -0.2370 -0.0079
vn 0.5651 -0.3532 0.7456
vn 0.7068 -0.7067 0.0314
vn 0.5187 -0.1022 0.8488
vn 0.0394 0.0078 0.9992
vn 0.6010 -0.3479 -0.7196
vn 0.9847 -0.1733 -0.0157
vn 0.7817 -0.6236 0.0079
vn 0.5906 -0.3387 0.7324
vn 0.4735 -0.1499 -0.8679
vn 0.5537 -0.2057 0.8069
vn 0.9217 -0.3545 -0.1575
vn 0.3301 -0.7781 0.5345
vn 0.4337 -0.7569 -0.4889
vn 0.5595 -0.3388 0.7564
vn -0.0000 -0.9992 -0.0394
vn 0.8268 -0.5590 -0.0628
vn 0.5354 -0.7955 -0.2836
vn 0.4979 -0.2766 -0.8219
vn 0.0551 -0.0314 -0.9980
vn 0.2360 -0.5819 0.7783
vn 0.7079 -0.6920 -0.1415
vn 0.4958 -0.5981 0.6296
vn 0.4728 -0.5437 -0.6934
vn 0.5363 0.0079 -0.8440
vn 0.9445 0.2283 0.2361
vn 0.5099 -0.4158 0.7531
vn 0.2761 0.2051 0.9390
vn 0.4328 -0.5036 0.7477
vn 0.7572 -0.4417 -0.4811
vn 0.4409 0.8739 0.2047
vn 0.1497 0.6461 -0.7485
vn 0.5848 0.6638 -0.4662
vn 0.9395 -0.3079 0.1500
vn 0.4953 -0.6449 0.5820
vn 0.4895 -0.0789 0.8684
vn 0.3772 -0.7390 -0.5582
vn 0.6721 -0.2531 0.6958
vn 0.2595 -0.7393 0.6213
vn 0.7949 -0.6059 -0.0315
vn 0.6857 -0.2207 -0.6936
vn 0.2359 -0.7471 -0.6214
vn 0.6228 -0.1655 -0.7647
vn 0.3763 -0.4938 0.7839
vn 0.5896 -0.7622 0.2672
vn 0.1023 -0.1889 0.9766
vn 0.5276 -0.8423 0.1102
vn 0.4345 -0.6715 -0.6003
vn 0.3696 -0.6371 -0.6764
vn 0.5902 0.4014 -0.7004
vn 0.5975 0.7075 -0.3774
vn 0.3234 0.9389 -0.1183
vn 0.5896 -0.7623 -0.2671
vn 0.2990 -0.7791 -0.5510
vn 0.3397 -0.7664 0.5452
vn 0.3468 -0.4414 -0.8276
vn 0.4646 -0.6930 0.5513
vn 0.3705 -0.5279 -0.7642
vn 0.0392 0.0706 -0.9967
vn 0.1183 -0.9004 -0.4186
vn 0.5921 -0.7971 -0.1184
vn 0.3851 -0.6681 0.6367
vn 0.2204 -0.6616 -0.7167
vn 0.2746 -0.3530 -0.8944
vn 0.7110 -0.7030 -0.0159
vn 0.3141 -0.9111 -0.2670
vn 0.3232 -0.5121 0.7958
vn 0.5197 -0.8031 0.2914
vn 0.4729 -0.3941 0.7881
vn 0.4864 -0.7767 0.4001
vn 0.2126 0.0079 0.9771
vn 0.7882 -0.6146 -0.0315
vn 0.4080 -0.8629 0.2982
vn 0.3617 -0.7156 -0.5976
vn 0.4498 -0.6156 -0.6471
vn 0.2207 -0.6777 -0.7014
vn 0.1894 -0.0710 -0.9793
vn 0.5458 -0.7908 -0.2769
vn 0.0787 0.6687 -0.7393
vn 0.0473 0.5829 -0.8112
vn 0.0552 0.8520 -0.5206
vn -0.1107 0.6325 -0.7666
vn 0.1336 0.9425 -0.3063
vn 0.0157 0.8642 -0.5028
vn -0.1653 0.9515 -0.2596
vn -0.5363 0.3391 -0.7729
vn -0.5662 0.7552 -0.3304
vn -0.5344 0.8019 0.2673
vn -0.1415 0.9276 0.3458
vn -0.5679 0.5285 0.6310
vn -0.1104 0.6152 0.7806
vn 0.0079 0.6872 -0.7265
vn 0.0552 0.7256 -0.6859
vn 0.0785 0.9024 -0.4237
vn 0.4582 0.6085 -0.6479
vn -0.1892 0.8121 -0.5519
vn 0.5989 0.7961 0.0865
vn -0.0710 0.9937 0.0867
vn 0.9937 0.0708 -0.0867
vn 0.1105 0.9633 0.2448
vn 0.5423 0.3852 0.7467
vn 0.1022 0.6292 0.7705
vn -0.3944 0.8443 0.3629
vn -0.8101 0.0707 0.5820
vn -0.2761 0.5917 0.7574
vn -0.0316 0.9870 0.1579
vn 0.1022 0.7152 0.6914
vn 0.0157 0.9051 0.4250
vn -0.0314 0.7146 0.6988
vn -0.1263 0.8760 0.4656
vn -0.0787 0.9916 0.1023
vn -0.0394 0.9931 -0.1103
vn -0.1100 0.9348 -0.3377
vn -0.0157 0.6832 0.7301
vn -0.1182 0.9930 -0.0000
vn -0.0392 0.9045 0.4247
vn -0.0948 0.9412 -0.3242
vn -0.0475 0.8787 -0.4750
vn 0.0315 0.8435 -0.5361
vn -0.0392 0.6827 -0.7296
vn -0.0866 0.6846 -0.7237
vn 0.0079 0.5273 -0.8497
vn 0.0314 0.9586 -0.2829
vn 0.0315 0.9990 0.0315
vn 0.1814 0.9545 -0.2367
vn 0.0943 0.9041 0.4167
vn 0.1336 0.9899 0.0471
vn 0.1576 0.8669 -0.4728
vn 0.4728 0.8198 0.3232
vn 0.1023 0.5982 -0.7948
vn 0.1261 0.6936 0.7092
vn 0.5347 0.5976 -0.5975
vn 0.5666 0.8186 -0.0945
vn 0.5358 0.5436 0.6461
vn 0.0236 0.7950 0.6061
vn 0.0315 0.5973 0.8014
vn 0.0944 0.9444 0.3148
vn 0.0864 0.8314 0.5489
vn 0.0629 0.9910 -0.1180
vn 0.0550 0.9663 0.2514
vn 0.0316 0.9950 -0.0948
vn -0.0079 0.9980 -0.0629
vn 0.0078 0.9095 0.4156
vn 0.0079 0.6625 0.7490
vn 0.0237 0.8761 0.4815
vn 0.0550 0.8717 0.4869
vn -0.0394 0.9533 0.2994
vn -0.0078 0.4566 0.8896
vn -0.0000 0.6457 0.7636
vn 0.0079 0.5213 -0.8533
vn -0.0551 -0.9847 0.1655
vn 0.0472 0.6534 0.7555
vn 0.0079 -0.9806 -0.1961
vn -0.2529 0.6559 -0.7112
vn -0.0473 0.6700 -0.7409
vn -0.1969 0.9766 0.0866
vn 0.1497 0.6459 -0.7486
vn 0.2121 0.8878 -0.4085
vn 0.1345 0.4113 -0.9015
vn 0.0551 0.6531 -0.7552
vn -0.0236 0.9656 -0.2591
vn -0.0079 0.6541 -0.7563
vn 0.5847 0.6638 -0.4663
vn 0.1498 0.6461 -0.7484
vn 0.0157 0.6456 0.7635
vn 0.2762 0.2051 0.9389
vn -0.1886 0.5893 0.7856
vn -0.7021 0.6865 0.1894
vn -0.3689 -0.0786 0.9261
vn -0.4712 0.8406 -0.2670
vn -0.2530 0.6559 -0.7112
vn -0.2751 0.9588 -0.0706
vn -0.2750 0.9589 -0.0707
vn -0.7864 0.4484 -0.4248
vn -0.2366 0.3865 -0.8914
vn -0.0079 0.9125 0.4091
vn -0.0394 0.8841 -0.4656
vn -0.0158 0.9696 0.2443
vn 0.0628 0.8958 -0.4399
vn 0.0237 0.8054 0.5922
vn -0.0000 0.7267 0.6870
vn 0.0158 0.8927 0.4503
vn 0.0314 0.5509 0.8340
vn -0.0314 0.7223 0.6908
vn 0.0316 0.3630 -0.9312
vn 0.5902 0.4013 -0.7004
vn 0.0629 0.8957 -0.4402
vn 0.0158 -0.0948 -0.9954
vn -0.1576 0.7328 -0.6619
vn 0.7573 -0.4417 -0.4811
vn 0.5973 0.7076 -0.3774
vn 0.3235 0.9388 -0.1182
vn 0.1262 0.9781 0.1656
vn 0.0001 0.9518 0.3068
vn -0.0631 0.5446 0.8363
vn -0.0868 0.9308 0.3550
vn -0.0236 0.9818 -0.1885
vn -0.0711 0.8690 -0.4897
vn -0.0315 0.6454 -0.7632
vn -0.0079 0.8642 -0.5031
vn -0.0079 0.8589 -0.5121
vn -0.0000 0.6625 -0.7490
vn -0.5522 0.3312 -0.7651
vn -0.5274 0.7401 -0.4172
vn -0.4565 0.8897 -0.0001
vn -0.9830 0.0943 -0.1573
vn -0.9586 0.1177 0.2593
vn -0.0786 -0.5347 0.8414
vn -0.3862 -0.7331 0.5598
vn -0.5202 -0.5674 0.6383
vn -0.1021 -0.7304 0.6754
vn -0.1104 0.6150 0.7808
vn -0.5678 0.5286 0.6310
vn -0.4876 0.2595 0.8336
vn -0.7555 -0.4092 0.5117
vn -0.4107 -0.6081 0.6794
vn -0.0707 -0.1257 0.9896
vn 0.3003 -0.3555 0.8851
vn 0.0078 -0.6831 0.7302
vn -0.5662 -0.4089 0.7157
vn -0.5853 -0.2373 0.7753
vn -0.0709 -0.4174 0.9060
vn -0.4174 -0.8112 0.4094
vn 0.0866 -0.4797 0.8732
vn 0.0157 -0.8017 0.5975
vn -0.0786 -0.8258 0.5585
vn 0.0865 -0.4799 0.8731
vn 0.5258 -0.5651 0.6357
vn 0.3144 -0.8568 0.4086
vn 0.0157 -0.6539 0.7564
vn 0.3231 0.0394 0.9456
vn 0.8763 -0.2763 0.3948
vn 0.5424 0.3850 0.7467
vn 0.1022 0.6290 0.7707
vn 0.4954 -0.5819 0.6450
vn 0.4954 -0.6448 0.5821
vn 0.1729 -0.9829 0.0628
vn 0.5518 -0.5362 0.6387
vn 0.6451 -0.7631 0.0392
vn 0.1574 -0.4257 0.8911
vn -0.0474 -0.9792 0.1973
vn 0.3696 -0.3382 0.8654
vn -0.0158 -0.3233 0.9462
vn -0.0156 -0.1413 0.9898
vn 0.0079 -0.6150 0.7885
vn -0.5037 -0.4328 0.7476
vn -0.4885 -0.2993 0.8196
vn -0.2762 0.5916 0.7575
vn -0.8100 0.0708 0.5821
vn -0.5377 -0.7907 0.2926
vn -0.2044 -0.6133 0.7629
vn -0.1186 0.2371 0.9642
vn 0.1022 0.7150 0.6916
vn -0.0315 -0.0157 0.9994
vn -0.4976 -0.7265 0.4738
vn -0.0079 0.5122 0.8589
vn -0.1649 0.0942 0.9818
vn -0.0314 0.7145 0.6989
vn -0.0079 0.4502 0.8929
vn -0.0157 0.6830 0.7303
vn 0.1261 0.6935 0.7094
vn 0.0941 0.4546 0.8857
vn 0.5356 0.5437 0.6462
vn 0.5742 0.2518 0.7790
vn 0.0947 0.1815 0.9788
vn 0.5501 -0.2593 0.7938
vn -0.2052 -0.0237 0.9784
vn 0.0707 -0.0000 0.9975
vn 0.0393 -0.5970 0.8013
vn -0.3866 -0.3708 0.8444
vn -0.2443 -0.0315 0.9692
vn -0.4584 -0.6955 0.5534
vn -0.1728 0.0786 0.9818
vn 0.0314 0.5971 0.8016
vn 0.0708 0.3225 0.9439
vn 0.0079 0.6623 0.7492
vn -0.1334 0.1412 0.9809
vn -0.0000 0.6455 0.7638
vn -0.0079 0.4566 0.8896
vn 0.1022 0.3381 0.9356
vn 0.2199 -0.2199 0.9504
vn 0.1733 0.0079 0.9848
vn -0.0711 0.0632 0.9955
vn -0.3314 -0.6865 0.6472
vn 0.1656 0.0394 0.9854
vn 0.4321 -0.1022 0.8960
vn -0.4650 -0.1340 0.8751
vn 0.2509 -0.4234 0.8705
vn -0.5832 -0.3152 0.7487
vn -0.0316 -0.2683 0.9628
vn -0.2748 -0.7538 0.5968
vn 0.3541 -0.6768 0.6454
vn 0.3232 -0.3783 0.8674
vn 0.3617 -0.7155 0.5977
vn 0.0472 0.6533 0.7556
vn -0.0236 -0.3303 0.9436
vn 0.0078 -0.9806 -0.1961
vn -0.0552 -0.9847 0.1653
vn 0.0157 -0.7706 0.6371
vn -0.0000 -0.7707 0.6372
vn -0.0551 -0.9847 0.1653
vn -0.1419 -0.9773 0.1575
vn -0.0865 -0.7314 0.6765
vn -0.1178 -0.9899 -0.0787
vn -0.0868 -0.9937 0.0708
vn -0.3930 -0.4637 0.7940
vn -0.0862 -0.0079 0.9962
vn -0.3069 -0.3384 0.8895
vn 0.0629 0.0236 0.9977
vn 0.0157 -0.5655 0.8246
vn -0.6055 -0.4875 0.6291
vn -0.3382 -0.3303 0.8812
vn -0.0785 -0.0000 0.9969
vn -0.1808 -0.6210 0.7627
vn 0.1340 -0.6304 0.7646
vn -0.5107 -0.4400 0.7386
vn -0.0000 -0.1414 0.9900
vn 0.5049 -0.4418 0.7416
vn -0.3783 -0.3232 0.8674
vn 0.3382 -0.3696 0.8654
vn -0.0000 0.0550 0.9985
vn -0.6110 -0.7127 0.3446
vn -0.0788 -0.8901 0.4490
vn -0.0158 -0.1104 0.9938
vn 0.3867 -0.8444 0.3709
vn 0.1975 -0.0395 0.9795
vn 0.2442 -0.3231 0.9143
vn 0.0314 0.2276 0.9732
vn 0.0393 0.0080 0.9992
vn -0.2684 -0.5289 0.8051
vn 0.1414 -0.7776 0.6127
vn -0.4561 -0.8729 0.1730
vn 0.0394 0.0079 0.9992
vn 0.3546 -0.8981 0.2600
vn 0.0315 -0.1259 0.9915
vn -0.1819 -0.6248 0.7593
vn -0.2669 -0.3141 0.9111
vn 0.5186 -0.1022 0.8489
vn 0.0391 0.1335 0.9903
vn -0.0948 -0.0316 0.9950
vn -0.4105 -0.4420 0.7975
vn -0.2445 -0.8280 0.5046
vn -0.1027 0.1738 0.9794
vn 0.0710 -0.4491 0.8906
vn -0.3956 -0.6170 0.6803
vn -0.3064 -0.2986 0.9039
vn -0.5130 -0.3551 0.7815
vn 0.0709 -0.0946 0.9930
vn -0.0235 -0.5884 0.8082
vn 0.5907 -0.3386 0.7324
vn 0.5536 -0.2056 0.8070
vn 0.3302 -0.7781 0.5343
vn -0.0157 -0.5743 0.8185
vn -0.0631 -0.9387 0.3390
vn -0.4185 -0.4343 0.7977
vn -0.0314 -0.1960 0.9801
vn -0.5678 -0.3233 0.7570
vn 0.2358 -0.5818 0.7784
vn -0.0237 -0.5213 0.8530
vn 0.0785 -0.6043 0.7929
vn -0.2673 -0.7232 0.6368
vn -0.0471 -0.7218 0.6905
vn 0.4958 -0.5982 0.6296
vn 0.6542 -0.6306 0.4176
vn -0.1810 -0.3462 0.9205
vn -0.5101 -0.6043 0.6121
vn 0.0157 0.6454 0.7637
vn -0.3935 -0.8579 0.3304
vn 0.2760 0.2051 0.9390
vn 0.5098 -0.4158 0.7531
vn 0.0395 -0.4965 0.8671
vn 0.4327 -0.5037 0.7477
vn 0.0868 -0.2840 0.9549
vn 0.7572 -0.4418 -0.4811
vn -0.7242 -0.6534 -0.2204
vn 0.0316 -0.5688 0.8219
vn 0.0946 -0.9301 -0.3549
vn -0.1885 0.5891 0.7857
vn -0.3688 -0.0785 0.9262
vn -0.7164 -0.5275 -0.4566
vn 0.0237 0.8053 0.5923
vn -0.0000 0.7265 0.6872
vn 0.0315 0.5508 0.8341
vn 0.0472 0.2755 0.9602
vn -0.0316 0.4184 0.9077
vn -0.1656 0.0001 0.9862
vn -0.0314 0.7222 0.6910
vn 0.2054 0.1185 0.9715
vn 0.4893 -0.0789 0.8685
vn 0.0550 -0.0000 0.9985
vn -0.4004 -0.2277 0.8876
vn 0.6721 -0.2530 0.6959
vn -0.3620 -0.5351 0.7633
vn -0.2907 -0.3929 0.8724
vn 0.0631 -0.2365 0.9696
vn -0.4174 -0.6143 0.6696
vn -0.1657 0.0001 0.9862
vn -0.0000 -0.8896 0.4567
vn -0.5433 -0.7717 0.3307
vn 0.1024 -0.1890 0.9766
vn 0.5895 -0.7623 0.2671
vn -0.0000 -0.8897 0.4566
vn 0.1024 -0.1889 0.9766
vn -0.0392 0.1413 0.9892
vn 0.3762 -0.4939 0.7839
vn 0.0079 -0.4936 0.8697
vn -0.0471 0.5023 0.8634
vn -0.3614 -0.4634 0.8091
vn -0.1579 -0.0157 0.9873
vn -0.4174 -0.8031 0.4251
vn 0.0157 0.5419 0.8403
vn -0.0631 0.5443 0.8365
vn -0.0706 0.2197 0.9730
vn 0.4094 -0.7086 0.5746
vn 0.3306 -0.8897 0.3148
vn 0.0394 -0.5829 0.8116
vn 0.0157 -0.7148 0.6991
vn -0.4010 -0.7076 0.5818
vn -0.3060 -0.9263 0.2196
vn -0.0554 -0.9959 -0.0711
vn -0.0157 -0.6454 0.7637
vn 0.3397 -0.7664 0.5453
vn -0.0553 -0.9959 -0.0713
vn 0.4646 -0.6931 0.5512
vn 0.0865 -0.7238 0.6845
vn -0.3306 -0.8030 0.4959
vn 0.1100 -0.8172 0.5658
vn 0.3852 -0.6681 0.6366
vn 0.1100 -0.8172 0.5657
vn 0.3231 -0.5123 0.7957
vn 0.0395 -0.3794 0.9244
vn -0.1421 0.1499 0.9784
vn -0.0235 -0.3927 0.9194
vn -0.6705 -0.5128 0.5362
vn -0.5506 -0.3382 0.7632
vn -0.0079 -0.2902 0.9569
vn -0.1655 -0.8119 0.5598
vn 0.4728 -0.3940 0.7882
vn 0.4080 -0.8629 0.2981
vn 0.0237 -0.6622 0.7489
vn 0.4271 -0.6960 0.5772
vn -0.0549 -0.6190 0.7835
vn 0.2983 -0.9340 0.1964
vn -0.4896 -0.6474 0.5841
vn -0.6309 -0.7413 0.2287
vn -0.6926 -0.7002 -0.1732
vn -0.5115 -0.6846 -0.5194
vn -0.2360 -0.2282 -0.9446
vn -0.5201 -0.5675 0.6383
vn -0.3863 -0.7331 0.5598
vn -0.8652 -0.3302 -0.3775
vn -0.5664 0.7550 -0.3304
vn -0.5364 0.3391 -0.7728
vn -0.9886 0.1177 -0.0942
vn -0.4497 -0.7808 0.4337
vn -0.5346 0.8017 0.2673
vn -0.5596 -0.8274 0.0473
vn -0.9620 -0.1969 0.1893
vn -0.5680 0.5284 0.6310
vn -0.4649 -0.8113 -0.3545
vn -0.7555 -0.4093 0.5115
vn -0.4877 0.2595 0.8336
vn -0.5288 -0.4262 -0.7340
vn -0.7743 -0.6320 0.0316
vn -0.8989 -0.3785 -0.2208
vn -0.4424 -0.0869 -0.8926
vn -0.5854 -0.2373 0.7752
vn -0.4576 -0.6706 -0.5838
vn -0.4174 -0.8112 0.4095
vn -0.2041 -0.5735 -0.7934
vn -0.7342 -0.6787 -0.0158
vn -0.5107 -0.4401 -0.7386
vn -0.7227 -0.6912 -0.0000
vn -0.5037 -0.4329 0.7476
vn -0.3461 -0.2990 -0.8893
vn -0.4886 -0.2994 0.8195
vn -0.8101 0.0706 0.5820
vn -0.7031 -0.6951 0.1502
vn -0.5378 -0.7907 0.2926
vn -0.8906 -0.4099 0.1970
vn -0.5833 -0.3153 0.7486
vn -0.4652 -0.1340 0.8750
vn -0.3313 -0.6865 0.6472
vn -0.9125 -0.4090 0.0079
vn -0.3139 -0.9494 0.0078
vn -0.2757 -0.7642 -0.5830
vn -0.6069 -0.3074 -0.7329
vn -0.5654 -0.1963 -0.8011
vn -0.3462 -0.8892 -0.2990
vn -0.4583 -0.6955 0.5534
vn -0.3623 -0.8034 -0.4726
vn -0.4255 -0.6854 -0.5909
vn -0.5966 -0.7926 0.1255
vn -0.3932 -0.4638 0.7939
vn -0.5125 -0.4337 -0.7411
vn -0.6525 -0.7545 0.0707
vn -0.3219 -0.3298 -0.8875
vn -0.7418 -0.6706 0.0079
vn -0.6055 -0.4875 0.6290
vn -0.3382 -0.3304 0.8812
vn -0.3391 -0.2761 -0.8993
vn -0.5125 -0.4337 -0.7412
vn -0.7707 -0.6368 -0.0236
vn -0.7266 -0.6871 -0.0079
vn -0.3784 -0.3232 0.8674
vn -0.6108 -0.7128 0.3448
vn -0.4896 -0.5369 -0.6870
vn -0.6846 -0.7081 0.1731
vn -0.3867 -0.3709 0.8444
vn -0.3312 -0.5836 -0.7414
vn 0.0393 0.0078 0.9992
vn -0.4562 -0.8729 0.1731
vn -0.2684 -0.5289 0.8052
vn -0.3083 -0.3479 -0.8854
vn -0.4717 -0.4560 -0.7547
vn -0.6277 -0.7765 0.0549
vn -0.7343 -0.6788 -0.0078
vn -0.1818 -0.6248 0.7593
vn -0.2670 -0.3141 0.9111
vn -0.4106 -0.4422 0.7975
vn -0.4974 -0.7266 0.4740
vn -0.6537 -0.7558 0.0393
vn -0.4097 -0.5436 -0.7326
vn -0.3540 -0.6845 -0.6373
vn -0.3620 -0.7792 -0.5117
vn -0.3955 -0.6171 0.6803
vn -0.2444 -0.8280 0.5047
vn -0.5831 -0.8038 -0.1182
vn -0.4182 -0.4892 -0.7654
vn -0.3237 -0.2368 -0.9161
vn -0.3165 -0.3165 -0.8942
vn -0.5130 -0.3552 -0.7814
vn -0.6945 -0.7180 -0.0473
vn -0.7748 -0.6323 -0.0000
vn -0.5131 -0.3552 0.7814
vn -0.6763 -0.6371 -0.3698
vn -0.4184 -0.4343 0.7977
vn -0.8133 -0.5764 -0.0790
vn -0.3310 -0.1577 -0.9304
vn 0.0002 -0.9992 -0.0393
vn -0.0236 -0.5212 0.8531
vn -0.8561 -0.1728 -0.4870
vn -0.4793 -0.6837 -0.5502
vn -0.4580 -0.4895 -0.7421
vn -0.6668 -0.7371 -0.1098
vn -0.3935 -0.8579 0.3305
vn -0.7022 0.6864 0.1893
vn -0.4713 0.8405 -0.2671
vn -0.2528 0.6559 -0.7113
vn -0.7164 -0.5276 -0.4565
vn -0.3689 -0.0785 0.9262
vn -0.7866 0.4483 -0.4246
vn -0.2749 0.9589 -0.0706
vn -0.4006 -0.2278 0.8875
vn -0.5434 -0.7716 0.3307
vn -0.5594 -0.8271 0.0551
vn -0.4175 -0.6144 0.6695
vn -0.2908 -0.3930 0.8724
vn -0.5847 -0.8057 0.0948
vn -0.5971 -0.8012 0.0393
vn -0.4262 -0.6156 -0.6629
vn -0.2988 -0.3853 -0.8731
vn -0.4025 -0.6313 -0.6629
vn -0.3693 -0.6208 -0.6915
vn -0.4328 -0.6530 -0.6215
vn -0.4173 -0.8031 0.4252
vn -0.3152 -0.7093 -0.6305
vn -0.5911 -0.7878 0.1733
vn -0.3613 -0.4635 0.8091
vn -0.1578 -0.0158 0.9873
vn -0.7600 -0.3642 -0.5384
vn -0.5124 -0.8278 -0.2285
vn -0.2121 -0.2830 -0.9354
vn -0.5125 -0.8277 -0.2285
vn -0.3062 -0.9263 0.2198
vn -0.3927 -0.7541 -0.5264
vn -0.0472 -0.9863 -0.1579
vn -0.1650 -0.3771 -0.9113
vn -0.0786 -0.7319 -0.6769
vn -0.5507 -0.3383 0.7631
vn -0.6704 -0.5127 0.5365
vn -0.6751 -0.7377 -0.0079
vn -0.5131 -0.4815 -0.7105
vn -0.5522 -0.4102 -0.7258
vn -0.6310 -0.7413 0.2287
vn -0.5979 -0.7707 -0.2202
vn -0.4895 -0.6474 0.5842
vn -0.8286 -0.4261 -0.3631
vn -0.4405 -0.4326 -0.7866
vn -0.5522 0.3313 -0.7651
vn -0.8657 -0.1417 -0.4801
vn -0.5982 -0.7948 -0.1024
vn -0.5275 0.7401 -0.4172
vn -0.9830 0.0942 -0.1573
vn -0.4567 0.8896 -0.0000
vn -0.6864 -0.7257 -0.0473
vn -0.3946 0.8441 0.3630
vn -0.3623 -0.9294 0.0709
vn -0.4499 -0.6316 -0.6314
vn -0.3863 -0.7331 0.5597
vn -0.8651 -0.3302 -0.3775
vn -0.4494 -0.7809 0.4339
vn -0.0868 -0.9937 0.0709
vn -0.5595 -0.8275 0.0473
vn -0.4647 -0.8114 -0.3545
vn -0.7555 -0.4092 0.5115
vn -0.9620 -0.1970 0.1892
vn -0.3632 -0.9316 0.0158
vn -0.4107 -0.6083 0.6792
vn -0.1183 -0.8597 -0.4969
vn -0.0236 -0.9997 0.0079
vn 0.0079 -0.6832 0.7302
vn -0.5662 -0.4089 0.7156
vn -0.7742 -0.6322 0.0316
vn -0.0787 -0.8258 0.5584
vn -0.0709 -0.4175 0.9059
vn 0.0865 -0.4799 0.8730
vn -0.4173 -0.8113 0.4095
vn -0.0707 -0.9974 -0.0158
vn -0.0475 -0.7596 -0.6486
vn 0.3917 -0.7207 -0.5719
vn 0.3143 -0.8568 0.4087
vn 0.0236 -0.9966 -0.0786
vn 0.6691 -0.7166 -0.1969
vn 0.0157 -0.6540 0.7564
vn 0.4638 -0.4640 -0.7547
vn -0.2042 -0.5735 -0.7933
vn -0.6924 -0.7005 -0.1730
vn -0.5201 -0.5674 0.6384
vn 0.3318 -0.9400 0.0790
vn 0.8763 -0.2763 0.3947
vn 0.4955 -0.5820 0.6448
vn 0.4954 -0.6449 0.5820
vn 0.5106 -0.8406 -0.1807
vn 0.1100 -0.8874 -0.4476
vn 0.1026 -0.7814 -0.6156
vn 0.6451 -0.7631 0.0395
vn 0.3773 -0.7390 -0.5582
vn -0.0474 -0.9791 0.1976
vn 0.1731 -0.9829 0.0631
vn 0.7706 -0.6133 -0.1730
vn 0.3697 -0.3382 0.8654
vn 0.7515 -0.6567 -0.0633
vn 0.4108 -0.4266 -0.8058
vn 0.2992 -0.2755 -0.9135
vn 0.0079 -1.0000 -0.0000
vn 0.4961 -0.4409 -0.7480
vn 0.7375 -0.6749 -0.0235
vn 0.0079 -0.6064 -0.7951
vn -0.5107 -0.4400 -0.7386
vn 0.0079 -0.6151 0.7884
vn -0.7225 -0.6914 -0.0000
vn -0.3540 -0.8808 -0.3145
vn -0.5377 -0.7908 0.2924
vn -0.7030 -0.6951 0.1501
vn -0.2360 -0.9517 -0.1966
vn -0.2826 -0.9577 0.0549
vn -0.2045 -0.6134 0.7628
vn -0.1976 -0.8535 -0.4821
vn -0.3541 -0.6844 -0.6374
vn -0.4976 -0.7265 0.4739
vn 0.5417 -0.8402 0.0236
vn 0.5662 -0.7157 -0.4089
vn 0.1026 -0.9556 -0.2763
vn 0.0784 -0.9489 0.3058
vn 0.6542 -0.6305 0.4178
vn 0.0865 -0.6129 -0.7854
vn 0.0785 -0.6045 0.7927
vn 0.7855 -0.6128 0.0864
vn 0.0237 -0.9959 0.0869
vn -0.0000 -0.6151 -0.7885
vn -0.4896 -0.5370 -0.6870
vn 0.0392 -0.5971 0.8012
vn -0.6844 -0.7082 0.1731
vn -0.3866 -0.3709 0.8444
vn -0.4584 -0.6955 0.5533
vn -0.2749 -0.7538 0.5968
vn 0.4501 -0.8927 0.0237
vn 0.4646 -0.8820 0.0788
vn 0.2509 -0.4235 0.8705
vn 0.4504 -0.8925 0.0237
vn 0.3232 -0.3785 0.8673
vn 0.2588 -0.4783 -0.8392
vn -0.2758 -0.7642 -0.5831
vn -0.0553 -0.2291 -0.9718
vn -0.3461 -0.8893 -0.2990
vn -0.0236 -0.8728 -0.4875
vn -0.0000 -0.8730 -0.4876
vn -0.3314 -0.6866 0.6471
vn -0.0157 -0.9998 -0.0156
vn 0.3617 -0.7155 0.5976
vn 0.2827 -0.8170 -0.5027
vn -0.0079 -0.5329 -0.8461
vn 0.0552 -0.5916 -0.8043
vn -0.0707 -0.7618 -0.6439
vn -0.0551 -0.9847 0.1656
vn -0.0079 -0.5122 -0.8589
vn 0.0946 -0.9302 -0.3546
vn 0.0078 -0.9805 -0.1963
vn 0.0157 -0.7707 0.6370
vn 0.0394 -0.5832 0.8114
vn -0.0157 -0.6456 0.7635
vn 0.0157 -0.8018 0.5974
vn -0.0236 -0.3301 0.9436
vn -0.0865 -0.7315 0.6763
vn -0.0551 -0.9847 0.1654
vn -0.1418 -0.9772 0.1578
vn -0.0549 -0.6903 -0.7215
vn -0.1261 -0.4964 -0.8589
vn -0.3622 -0.8035 -0.4725
vn -0.5964 -0.7928 0.1256
vn -0.2672 -0.5894 -0.7624
vn -0.6523 -0.7547 0.0707
vn -0.3931 -0.4638 0.7940
vn -0.3220 -0.3297 -0.8875
vn -0.3070 -0.3384 0.8895
vn -0.0000 -0.9999 -0.0158
vn -0.0236 -0.6455 -0.7634
vn -0.7416 -0.6708 0.0079
vn -0.6054 -0.4877 0.6290
vn 0.7880 -0.6149 -0.0316
vn -0.1180 -0.6058 -0.7868
vn -0.3463 -0.2989 -0.8893
vn -0.7341 -0.6789 -0.0158
vn -0.1809 -0.6211 0.7626
vn -0.3383 -0.3303 0.8812
vn -0.1733 -0.9846 -0.0236
vn 0.1028 -0.6329 -0.7674
vn 0.1340 -0.6305 0.7645
vn 0.2444 -0.9697 -0.0000
vn 0.7491 -0.6624 -0.0000
vn 0.3385 -0.2832 -0.8973
vn 0.0078 -1.0000 -0.0000
vn 0.5108 -0.4400 -0.7386
vn 0.7491 -0.6625 -0.0000
vn -0.5125 -0.4336 -0.7412
vn -0.7264 -0.6872 -0.0079
vn -0.5108 -0.4400 0.7386
vn -0.4579 -0.4896 -0.7420
vn -0.3391 -0.2760 -0.8993
vn -0.7705 -0.6370 -0.0236
vn 0.3383 -0.3697 0.8654
vn -0.3785 -0.3232 0.8674
vn -0.6665 -0.7373 -0.1098
vn -0.6110 -0.7127 0.3447
vn -0.0627 -0.8388 -0.5409
vn -0.3313 -0.5835 -0.7415
vn 0.2290 -0.7267 -0.6477
vn 0.5041 -0.8427 0.1890
vn 0.2443 -0.3231 0.9143
vn 0.1415 -0.7777 0.6125
vn -0.0393 -0.9977 0.0550
vn 0.3373 -0.7531 -0.5648
vn -0.4561 -0.8730 0.1729
vn -0.3059 -0.7608 -0.5724
vn 0.0866 -0.5435 -0.8349
vn 0.5908 -0.3546 -0.7247
vn 0.7067 -0.7069 0.0315
vn 0.0158 -0.6456 -0.7635
vn 0.0472 -0.9989 -0.0078
vn 0.5651 -0.3533 0.7456
vn -0.7341 -0.6790 -0.0080
vn -0.2670 -0.3140 0.9111
vn -0.4106 -0.4422 0.7974
vn -0.6274 -0.7767 0.0549
vn -0.6534 -0.7560 0.0394
vn -0.4097 -0.5435 -0.7326
vn -0.3083 -0.3477 -0.8855
vn 0.0235 -0.6911 -0.7223
vn -0.0393 -0.8808 -0.4718
vn 0.0316 -0.5833 -0.8117
vn 0.0236 -0.6911 -0.7224
vn 0.1180 -0.8416 -0.5271
vn 0.0315 -0.9915 -0.1259
vn 0.1180 -0.8417 -0.5269
vn -0.1486 -0.9750 0.1650
vn 0.1258 -0.9909 -0.0472
vn 0.0316 -0.8925 -0.4500
vn 0.0392 -0.9813 0.1884
vn 0.2983 -0.9341 0.1961
vn 0.0393 -0.9987 0.0314
vn 0.2357 -0.8014 -0.5498
vn 0.0631 -0.8989 0.4337
vn -0.3620 -0.7792 -0.5116
vn 0.0708 -0.9824 0.1729
vn -0.2443 -0.8280 0.5046
vn -0.0868 -0.9931 -0.0788
vn -0.0315 -0.9219 0.3861
vn -0.0790 -0.8684 -0.4895
vn -0.0315 -0.6369 -0.7703
vn -0.0785 -0.9968 0.0157
vn -0.0629 -0.9272 0.3693
vn -0.0394 -0.8115 0.5830
vn -0.0158 -0.5746 0.8183
vn 0.0710 -0.4494 0.8905
vn -0.0631 -0.9386 0.3391
vn -0.3955 -0.6170 0.6803
vn -0.6943 -0.7182 -0.0474
vn -0.3065 -0.2985 0.9038
vn -0.5830 -0.8038 -0.1182
vn -0.4182 -0.4893 -0.7653
vn -0.3166 -0.3165 -0.8942
vn -0.5131 -0.3553 -0.7814
vn -0.0237 -0.9997 -0.0001
vn -0.7746 -0.6325 -0.0000
vn -0.5131 -0.3553 0.7814
vn -0.0158 -0.5835 -0.8119
vn 0.6009 -0.3480 -0.7195
vn -0.0236 -0.5886 0.8081
vn 0.7815 -0.6238 0.0079
vn 0.5907 -0.3388 0.7324
vn 0.3300 -0.7782 0.5344
vn -0.1102 -0.8425 -0.5274
vn -0.6764 -0.6371 -0.3697
vn -0.4185 -0.4342 0.7977
vn -0.5678 -0.3234 0.7570
vn -0.8134 -0.5764 -0.0791
vn -0.0001 -0.9992 -0.0393
vn 0.5595 -0.3389 0.7564
vn -0.0238 -0.5212 0.8531
vn -0.4010 -0.8809 -0.2515
vn 0.2359 -0.5818 0.7784
vn 0.5357 -0.7954 -0.2836
vn -0.1658 -0.9790 -0.1184
vn -0.1184 -0.6943 -0.7099
vn 0.7078 -0.6921 -0.1416
vn 0.0548 -0.0315 -0.9980
vn -0.1020 -0.3612 -0.9269
vn -0.4011 -0.8807 -0.2518
vn -0.0236 -0.9994 -0.0236
vn -0.4794 -0.6837 -0.5502
vn -0.3934 -0.8579 0.3305
vn -0.0001 -0.6541 0.7564
vn -0.0235 -0.8460 0.5327
vn 0.0394 -0.4967 0.8670
vn 0.0316 -0.5691 0.8217
vn 0.0786 -0.8258 0.5584
vn 0.3307 -0.8897 0.3149
vn 0.2684 -0.7343 -0.6236
vn -0.0236 -0.6991 -0.7146
vn -0.2908 -0.3929 0.8724
vn -0.5592 -0.8272 0.0551
vn -0.5844 -0.8059 0.0948
vn -0.0079 -0.9999 -0.0079
vn 0.2596 -0.7393 0.6213
vn 0.7949 -0.6060 -0.0315
vn -0.5969 -0.8014 0.0393
vn 0.2359 -0.7472 -0.6213
vn -0.0473 -0.6618 -0.7482
vn -0.0869 -0.3714 -0.9244
vn -0.2989 -0.3852 -0.8731
vn 0.0158 -0.8184 -0.5745
vn -0.3694 -0.6207 -0.6916
vn 0.0078 -0.6625 -0.7490
vn 0.1022 -0.2908 -0.9513
vn 0.5894 -0.7624 0.2672
vn -0.0001 -0.8896 0.4568
vn 0.1025 -0.1889 0.9766
vn 0.3697 -0.6370 -0.6765
vn 0.3763 -0.4939 0.7839
vn -0.0158 -0.9938 0.1104
vn 0.5274 -0.8425 0.1103
vn 0.4345 -0.6714 -0.6003
vn 0.0078 -0.4936 0.8697
vn -0.0079 -0.6831 -0.7302
vn -0.4327 -0.6530 -0.6215
vn -0.5908 -0.7880 0.1734
vn -0.4173 -0.8032 0.4252
vn 0.0394 -0.9854 -0.1656
vn 0.0156 -0.7226 -0.6911
vn 0.5365 -0.7889 -0.2996
vn 0.4094 -0.7086 0.5747
vn 0.2052 -0.5998 -0.7734
vn -0.0001 -0.9920 -0.1260
vn -0.7601 -0.3640 -0.5383
vn -0.3061 -0.9263 0.2198
vn -0.3928 -0.7541 -0.5263
vn 0.2990 -0.7792 -0.5509
vn -0.0553 -0.9959 -0.0711
vn -0.0948 0.0238 -0.9952
vn 0.1975 0.0317 -0.9798
vn -0.0473 -0.9863 -0.1578
vn 0.5893 -0.7624 -0.2672
vn 0.0866 -0.7238 0.6845
vn -0.0787 -0.7319 -0.6769
vn -0.3306 -0.8029 0.4959
vn -0.1649 -0.3771 -0.9114
vn 0.1100 -0.8171 0.5659
vn 0.3851 -0.6680 0.6368
vn 0.5815 -0.8097 -0.0786
vn 0.5919 -0.7973 -0.1184
vn 0.3703 -0.5279 -0.7643
vn 0.2746 -0.3529 -0.8945
vn 0.2204 -0.6617 -0.7166
vn 0.7109 -0.7032 -0.0157
vn 0.0158 -0.0947 -0.9954
vn -0.0316 -0.4184 -0.9077
vn 0.0158 -0.1258 -0.9919
vn 0.0314 -0.8940 -0.4470
vn 0.0710 -0.9228 -0.3786
vn 0.0785 -0.9818 0.1728
vn 0.3140 -0.9111 -0.2670
vn 0.3858 -0.7087 -0.5906
vn 0.5197 -0.8032 0.2913
vn 0.3142 -0.9110 -0.2670
vn 0.3232 -0.5122 0.7958
vn 0.3231 -0.5121 0.7959
vn 0.0395 -0.3791 0.9245
vn -0.1736 -0.9786 -0.1105
vn -0.0236 -0.3927 0.9193
vn -0.6704 -0.5126 0.5364
vn -0.5131 -0.4814 -0.7106
vn -0.6749 -0.7379 -0.0078
vn -0.1656 -0.8120 0.5596
vn 0.4079 -0.8630 0.2980
vn 0.4498 -0.6155 -0.6471
vn 0.7880 -0.6148 -0.0316
vn -0.1415 -0.8333 -0.5344
vn -0.0000 -0.9992 -0.0393
vn 0.2206 -0.6779 -0.7013
vn 0.0392 -0.9913 -0.1259
vn 0.5457 -0.7910 -0.2767
vn -0.1104 -0.0314 -0.9934
vn 0.2356 -0.8013 -0.5500
vn 0.1896 -0.0709 -0.9793
vn 0.4270 -0.6959 0.5773
vn 0.0237 -0.6621 0.7490
vn -0.4895 -0.6473 0.5842
vn -0.5976 -0.7709 -0.2203
vn -0.0548 -0.6190 0.7835
vn -0.6309 -0.7414 0.2287
vn -0.8286 -0.4262 -0.3630
vn -0.6310 -0.7414 0.2286
vn -0.8657 -0.1416 -0.4802
vn -0.5980 -0.7949 -0.1022
vn -0.6863 -0.7258 -0.0473
vn 0.0158 0.2444 -0.9696
vn -0.2051 0.0316 -0.9782
vn -0.5115 -0.6845 -0.5194
vn 0.0472 0.5827 -0.8113
vn 0.0786 0.6685 -0.7395
vn -0.2924 -0.0079 -0.9563
vn -0.1107 0.6323 -0.7668
vn -0.5363 0.3390 -0.7730
vn -0.4500 -0.6314 -0.6316
vn -0.8651 -0.3303 -0.3775
vn -0.1887 0.1179 -0.9749
vn -0.4422 -0.0869 -0.8927
vn -0.4576 -0.6706 -0.5839
vn 0.0079 0.0236 -0.9997
vn 0.0079 0.6870 -0.7266
vn -0.0475 -0.7594 -0.6489
vn 0.3917 -0.7207 -0.5720
vn 0.6692 -0.7165 -0.1967
vn 0.4639 -0.4638 -0.7548
vn -0.2042 -0.5735 -0.7934
vn 0.0552 0.7254 -0.6861
vn 0.4336 0.3549 -0.8282
vn -0.0864 0.5103 -0.8557
vn 0.4581 0.6085 -0.6480
vn -0.1892 0.8121 -0.5520
vn -0.0474 -0.9792 0.1974
vn 0.1730 -0.9829 0.0630
vn 0.1025 -0.7813 -0.6157
vn 0.5600 -0.0157 -0.8284
vn 0.1105 0.1184 -0.9868
vn 0.4107 -0.4265 -0.8059
vn 0.2991 -0.2756 -0.9136
vn -0.0395 0.1181 -0.9922
vn -0.0157 -0.1491 -0.9887
vn 0.4960 -0.4409 -0.7480
vn 0.0079 -0.6062 -0.7952
vn -0.3462 -0.2989 -0.8893
vn -0.0865 0.6844 -0.7239
vn -0.0392 0.6825 -0.7298
vn -0.1104 -0.0315 -0.9934
vn -0.0474 0.2608 -0.9642
vn 0.0079 0.5270 -0.8498
vn -0.3238 -0.2369 -0.9160
vn 0.5938 -0.3881 -0.7048
vn 0.0864 -0.6126 -0.7856
vn 0.5663 -0.7157 -0.4088
vn 0.5371 -0.4661 -0.7030
vn 0.0315 -0.2757 -0.9607
vn -0.0000 -0.6150 -0.7885
vn 0.3540 -0.6844 -0.6374
vn -0.2758 -0.7642 -0.5830
vn -0.0552 -0.2366 -0.9700
vn -0.6068 -0.3074 -0.7330
vn -0.5654 -0.1962 -0.8011
vn -0.3462 -0.8892 -0.2991
vn 0.0552 -0.5914 -0.8045
vn -0.0236 -0.8729 -0.4874
vn -0.0078 -0.5327 -0.8463
vn -0.0552 -0.9847 0.1655
vn 0.0079 0.5215 -0.8532
vn 0.0079 -0.9806 -0.1960
vn -0.0867 -0.9937 0.0710
vn -0.1179 -0.9899 -0.0784
vn -0.0549 -0.6901 -0.7216
vn -0.1183 -0.8596 -0.4970
vn -0.0707 -0.7617 -0.6441
vn -0.3624 -0.8034 -0.4724
vn -0.4254 -0.6855 -0.5909
vn 0.1260 -0.1733 -0.9768
vn 0.2828 -0.8170 -0.5026
vn 0.5518 -0.1892 -0.8122
vn -0.3219 -0.3297 -0.8875
vn 0.0394 -0.1025 -0.9939
vn -0.0236 -0.6454 -0.7635
vn -0.1180 -0.6057 -0.7869
vn 0.1029 -0.6328 -0.7675
vn -0.0000 0.1182 -0.9930
vn 0.3384 -0.2833 -0.8974
vn -0.0473 0.6699 -0.7410
vn -0.0157 -0.1414 -0.9898
vn 0.0079 -0.6063 -0.7952
vn -0.3392 -0.2760 -0.8993
vn -0.3381 -0.1573 -0.9279
vn -0.4579 -0.4894 -0.7422
vn -0.0627 -0.8387 -0.5410
vn -0.0314 -0.6367 -0.7705
vn 0.2290 -0.7266 -0.6478
vn 0.3374 -0.7531 -0.5648
vn 0.0078 -0.4503 -0.8928
vn -0.3058 -0.7607 -0.5725
vn 0.0866 -0.5434 -0.8350
vn 0.0315 -0.5832 -0.8117
vn 0.0788 -0.2603 -0.9623
vn 0.5760 -0.1815 -0.7971
vn 0.0236 -0.1337 -0.9907
vn 0.5908 -0.3545 -0.7248
vn 0.0158 -0.6455 -0.7636
vn -0.4716 -0.4559 -0.7548
vn -0.0633 -0.3322 -0.9411
vn -0.4096 -0.5436 -0.7326
vn -0.3540 -0.6844 -0.6374
vn -0.0000 -0.5835 -0.8121
vn 0.0235 -0.6910 -0.7225
vn -0.1975 -0.8535 -0.4822
vn 0.0236 -0.6910 -0.7224
vn -0.0393 -0.8807 -0.4720
vn 0.1179 -0.8416 -0.5271
vn 0.1180 -0.8415 -0.5271
vn 0.0316 -0.8923 -0.4503
vn -0.3621 -0.7791 -0.5117
vn 0.2357 -0.8013 -0.5499
vn -0.5831 -0.8037 -0.1182
vn -0.3165 -0.3164 -0.8943
vn -0.4181 -0.4892 -0.7655
vn 0.0393 0.0157 -0.9991
vn 0.1810 -0.0079 -0.9835
vn 0.0473 -0.1106 -0.9927
vn 0.4733 -0.1499 -0.8680
vn -0.5130 -0.3551 -0.7815
vn -0.0158 -0.5834 -0.8120
vn 0.4337 -0.7569 -0.4890
vn -0.0000 -0.1657 -0.9862
vn -0.1102 -0.8423 -0.5276
vn -0.2291 -0.0553 -0.9718
vn -0.6764 -0.6371 -0.3696
vn -0.0000 0.1337 -0.9910
vn 0.1023 0.5980 -0.7949
vn -0.3310 -0.1576 -0.9304
vn 0.0550 -0.0313 -0.9980
vn 0.0237 -0.5120 -0.8586
vn -0.8562 -0.1727 -0.4869
vn -0.0001 -0.9992 -0.0392
vn 0.4978 -0.2766 -0.8220
vn 0.8268 -0.5590 -0.0629
vn 0.0551 -0.0313 -0.9980
vn -0.4011 -0.8808 -0.2515
vn 0.5357 -0.7954 -0.2834
vn -0.4011 -0.8808 -0.2516
vn -0.1021 -0.3613 -0.9268
vn -0.1184 -0.6941 -0.7101
vn 0.5362 0.0080 -0.8440
vn 0.0632 0.2846 -0.9566
vn 0.5346 0.5975 -0.5976
vn 0.0946 -0.9302 -0.3547
vn -0.7242 -0.6535 -0.2203
vn -0.1177 0.0941 -0.9886
vn -0.0236 -0.6989 -0.7148
vn 0.2684 -0.7341 -0.6238
vn -0.0079 0.0236 -0.9997
vn 0.1344 0.4111 -0.9016
vn 0.0550 0.6529 -0.7554
vn -0.0869 -0.3713 -0.9244
vn -0.0473 -0.9792 0.1973
vn -0.2367 0.3865 -0.8914
vn -0.0395 0.8840 -0.4658
vn 0.0628 0.8958 -0.4400
vn 0.2359 -0.7472 -0.6214
vn 0.0553 -0.2124 -0.9756
vn 0.6227 -0.1655 -0.7647
vn -0.4261 -0.6155 -0.6630
vn 0.0944 -0.3615 -0.9276
vn 0.3774 -0.7390 -0.5580
vn -0.0472 -0.6615 -0.7484
vn -0.2051 -0.1262 -0.9706
vn -0.4024 -0.6314 -0.6629
vn -0.3693 -0.6207 -0.6916
vn 0.0157 -0.8183 -0.5746
vn 0.0079 -0.6623 -0.7492
vn 0.1022 -0.2909 -0.9513
vn 0.0942 -0.6123 -0.7850
vn 0.3696 -0.6370 -0.6765
vn 0.4345 -0.6714 -0.6004
vn 0.0708 -0.3853 -0.9201
vn -0.0078 -0.6831 -0.7303
vn -0.3152 -0.7093 -0.6306
vn 0.0158 -0.7225 -0.6912
vn 0.7573 -0.4416 -0.4811
vn 0.0158 -0.0949 -0.9954
vn -0.1575 0.7328 -0.6620
vn 0.0629 0.8957 -0.4401
vn -0.0315 0.6452 -0.7634
vn 0.1580 0.0158 -0.9873
vn 0.0079 0.3303 -0.9438
vn -0.0948 0.0237 -0.9952
vn -0.0000 0.6623 -0.7492
vn -0.2122 -0.2830 -0.9354
vn 0.5365 -0.7889 -0.2998
vn 0.2053 -0.5997 -0.7735
vn -0.7601 -0.3641 -0.5382
vn -0.5124 -0.8277 -0.2286
vn -0.3928 -0.7541 -0.5264
vn 0.2991 -0.7791 -0.5509
vn 0.1975 0.0318 -0.9798
vn 0.2990 -0.7792 -0.5508
vn 0.3468 -0.4413 -0.8277
vn 0.0314 0.2901 -0.9565
vn -0.0787 -0.7319 -0.6768
vn -0.1650 -0.3771 -0.9114
vn 0.0393 0.0708 -0.9967
vn 0.0785 -0.0314 -0.9964
vn 0.3703 -0.5279 -0.7644
vn 0.2745 -0.3530 -0.8945
vn -0.0472 0.3464 -0.9369
vn -0.0784 0.0392 -0.9961
vn -0.0316 -0.1502 -0.9882
vn 0.2205 -0.6616 -0.7167
vn 0.0158 -0.1261 -0.9919
vn 0.3859 -0.7087 -0.5906
vn -0.0316 -0.4183 -0.9077
vn -0.5131 -0.4815 -0.7106
vn -0.1737 -0.9786 -0.1105
vn -0.0000 -0.2277 -0.9737
vn 0.3617 -0.7156 -0.5975
vn -0.1415 -0.8332 -0.5346
vn -0.1177 0.2904 -0.9496
vn 0.1895 -0.0710 -0.9793
vn -0.0550 -0.1180 -0.9915
vn -0.5520 0.3312 -0.7652
vn 0.2206 -0.6777 -0.7015
vn -0.4404 -0.4326 -0.7867
vn 0.1895 -0.0711 -0.9793
vn 0.2357 -0.8012 -0.5500
vn 0.5457 -0.7909 -0.2768
vn 0.7890 -0.2998 -0.5363
vn 0.7890 -0.2997 -0.5363
vn 0.9315 -0.3631 0.0235
vn 0.9316 -0.3631 0.0157
vn 0.8183 -0.2911 0.4956
vn 0.9386 -0.3392 -0.0630
vn 0.9058 0.3149 0.2835
vn 0.9959 0.0711 -0.0553
vn 0.9942 0.0631 -0.0868
vn 0.9227 0.2916 0.2523
vn 0.9851 0.0473 -0.1655
vn 0.9959 0.0711 -0.0554
vn 0.8857 0.3399 -0.3162
vn 0.9957 0.0790 0.0474
vn 0.9961 0.0870 0.0158
vn 0.9080 0.3078 -0.2842
vn 0.9901 0.0629 0.1257
vn 0.7310 -0.5738 0.3694
vn 0.6454 -0.6295 0.4327
vn 0.5541 -0.6726 0.4906
vn 0.9386 -0.3392 -0.0633
vn 0.6945 -0.2604 -0.6707
vn 0.9386 -0.3392 -0.0632
vn 0.7258 -0.5522 -0.4102
vn 0.5433 -0.6533 -0.5273
vn 0.6386 -0.6070 -0.4730
vn 0.7164 -0.2834 0.6375
vn 0.9314 -0.3631 0.0238
vn 0.9316 -0.3632 0.0160
vn 0.7411 0.6702 0.0394
vn 0.9975 -0.0706 -0.0078
vn 0.9920 -0.1258 -0.0079
vn 0.7412 0.6702 0.0394
vn 0.7288 0.6818 -0.0627
vn 0.7251 0.6857 -0.0630
vn 0.9977 -0.0549 -0.0393
vn 0.9931 -0.1102 -0.0394
vn 0.9325 -0.3605 -0.0235
vn 0.9315 -0.3631 -0.0232
vn 0.8116 -0.5829 -0.0394
vn 0.7947 -0.6057 -0.0393
vn 0.9920 -0.1261 -0.0079
vn 0.9314 -0.3631 -0.0237
vn 0.9975 -0.0708 -0.0078
vn 0.9377 -0.3467 -0.0236
vn 0.8248 -0.5654 -0.0079
vn 0.8085 -0.5885 -0.0078
vn 0.9402 -0.3397 -0.0237
vn 0.9977 -0.0551 -0.0393
vn 0.9931 -0.1105 -0.0394
vn 0.9402 -0.3398 -0.0237
vn 0.6764 -0.2910 0.6766
vn 0.5125 -0.1971 -0.8358
vn 0.6472 -0.2763 0.7105
vn 0.4982 -0.1898 -0.8461
vn 0.6380 -0.2599 -0.7248
vn 0.5681 -0.2051 0.7970
vn 0.5511 -0.1968 0.8109
vn 0.6054 -0.2517 -0.7551
vn 0.6752 -0.2355 -0.6990
vn 0.5688 -0.2291 0.7900
vn 0.6450 -0.2202 -0.7317
vn 0.5688 -0.2290 0.7900
vn 0.5274 -0.1968 -0.8265
vn 0.7253 -0.2364 0.6466
vn 0.7001 -0.2281 0.6767
vn 0.5274 -0.1967 -0.8265
vn 0.8439 -0.5363 -0.0157
vn 0.8435 -0.5361 -0.0314
vn 0.8436 -0.5361 -0.0315
vn 0.8439 -0.5363 -0.0158
vn 0.8436 -0.5361 -0.0316
vn 0.7539 -0.6360 -0.1648
vn 0.8434 -0.5364 -0.0314
vn 0.7104 -0.6708 -0.2130
vn 0.8552 -0.5178 -0.0236
vn 0.8554 -0.5179 -0.0078
vn 0.8554 -0.5179 -0.0079
vn 0.8552 -0.5178 -0.0235
vn 0.7724 -0.6225 0.1260
vn 0.8553 -0.5180 -0.0079
vn 0.7310 -0.6601 0.1728
vn 0.1810 0.7484 -0.6381
vn 0.8856 0.3401 -0.3164
vn 0.9079 0.3080 -0.2843
vn 0.2744 0.7290 -0.6271
vn 0.9470 -0.1342 0.2920
vn 0.2742 0.7291 0.6271
vn 0.3541 0.6845 0.6373
vn 0.9102 -0.4081 0.0706
vn 0.7174 -0.2602 0.6463
vn 0.7189 -0.2560 0.6463
vn 0.9397 -0.3417 0.0159
vn 0.9404 -0.3398 0.0159
vn 0.9348 -0.1100 -0.3378
vn 0.3225 0.7000 -0.6371
vn 0.2273 0.7449 -0.6273
vn 0.9155 -0.3868 -0.1105
vn 0.2125 0.7403 0.6378
vn 0.9057 0.3152 0.2836
vn 0.3153 0.7093 0.6305
vn 0.9225 0.2919 0.2524
vn 0.9303 -0.3626 -0.0553
vn 0.6867 -0.2605 -0.6787
vn 0.6871 -0.2593 -0.6787
vn 0.9316 -0.3591 -0.0553
vn 0.7874 -0.2913 -0.5432
vn 0.9404 -0.3398 0.0157
vn 0.9397 -0.3418 0.0157
vn 0.7875 -0.2912 -0.5432
vn 0.8041 -0.3148 0.5043
vn 0.9317 -0.3591 -0.0551
vn 0.8039 -0.3152 0.5043
vn 0.9303 -0.3627 -0.0551
vn -0.7060 0.7060 0.0549
vn -0.4725 0.8345 -0.2834
vn -0.5038 0.8263 -0.2518
vn -0.7084 0.7005 0.0866
vn -0.7130 0.6816 0.1645
vn -0.6911 0.7226 -0.0157
vn -0.4817 0.8290 0.2842
vn -0.4432 0.8387 0.3164
vn -0.6984 0.7141 -0.0471
vn -0.7054 0.6976 -0.1254
vn -0.1181 0.9922 -0.0394
vn 0.3393 0.9390 -0.0553
vn 0.7251 0.6857 -0.0631
vn -0.0946 0.9935 0.0631
vn -0.1024 0.9927 0.0630
vn 0.3627 0.9303 0.0552
vn 0.7411 0.6702 0.0395
vn -0.8018 0.5976 0.0079
vn -0.8308 0.5566 0.0078
vn 0.3399 0.9404 -0.0079
vn 0.2591 0.9657 -0.0157
vn 0.2444 0.9696 -0.0158
vn 0.1259 0.9920 -0.0078
vn 0.3398 0.9405 -0.0079
vn 0.1260 0.9920 -0.0079
vn 0.0869 0.9954 0.0395
vn 0.2758 0.9612 -0.0000
vn 0.2589 0.9651 0.0393
vn 0.2518 0.9677 0.0079
vn 0.2049 0.9772 0.0552
vn 0.1414 0.9895 -0.0314
vn 0.2353 0.9648 -0.1177
vn 0.1414 0.9897 -0.0237
vn 0.2748 0.9576 -0.0864
vn 0.1104 0.9858 -0.1262
vn 0.1181 0.9839 -0.1338
vn 0.3631 0.9317 0.0079
vn 0.4503 0.8927 0.0158
vn 0.4408 0.8974 0.0158
vn 0.5600 0.8285 0.0077
vn 0.5601 0.8284 0.0079
vn 0.3632 0.9317 0.0079
vn 0.5882 0.8078 -0.0392
vn 0.4406 0.8969 -0.0394
vn 0.4869 0.8717 -0.0550
vn 0.4250 0.9052 -0.0000
vn 0.4566 0.8818 0.1181
vn 0.4472 0.8944 -0.0079
vn 0.4234 0.9018 0.0863
vn 0.5453 0.8377 0.0316
vn 0.5647 0.8157 0.1255
vn 0.5419 0.8401 0.0236
vn 0.5588 0.8185 0.1338
vn 0.4185 0.9081 -0.0158
vn 0.4344 0.9004 -0.0237
vn 0.5418 0.8402 -0.0236
vn 0.3400 0.9404 -0.0079
vn 0.5970 0.8013 0.0392
vn 0.5970 0.8013 0.0393
vn 0.3398 0.9404 -0.0079
vn 0.4500 0.8921 0.0395
vn 0.5056 0.8610 0.0553
vn 0.4091 0.9125 -0.0000
vn 0.4552 0.8791 -0.1413
vn 0.4315 0.9021 -0.0000
vn 0.4164 0.9034 -0.1021
vn 0.5268 0.8491 -0.0393
vn 0.5582 0.8176 -0.1415
vn 0.5514 0.8192 -0.1575
vn 0.2830 0.9590 0.0157
vn 0.2684 0.9630 0.0237
vn 0.1414 0.9897 0.0236
vn 0.0784 0.9961 -0.0392
vn 0.2902 0.9570 -0.0000
vn 0.2516 0.9670 -0.0393
vn 0.2685 0.9633 -0.0000
vn 0.1883 0.9806 -0.0549
vn 0.1579 0.9867 0.0394
vn 0.2364 0.9613 0.1418
vn 0.1655 0.9854 0.0394
vn 0.2837 0.9534 0.1024
vn 0.1179 0.9829 0.1415
vn 0.1186 0.9803 0.1581
vn -0.8178 0.5742 0.0393
vn -0.7878 0.6147 0.0394
vn 0.1812 0.7484 -0.6381
vn -0.8032 0.5197 -0.2913
vn 0.2745 0.7290 -0.6271
vn -0.9539 0.2917 -0.0709
vn 0.3541 0.6844 0.6373
vn -0.4430 0.8388 0.3166
vn -0.4815 0.8291 0.2843
vn 0.2743 0.7290 0.6271
vn 0.3226 0.7000 -0.6371
vn -0.5036 0.8264 -0.2519
vn -0.4723 0.8346 -0.2835
vn 0.2274 0.7449 -0.6273
vn -0.7729 0.5363 0.3391
vn 0.2126 0.7402 0.6379
vn 0.3154 0.7093 0.6305
vn -0.9452 0.3072 0.1103
vn -0.3942 0.1498 0.9067
vn -0.7936 0.2907 0.5345
vn 0.0706 -0.0157 0.9974
vn -0.2595 -0.1651 0.9515
vn -0.1103 -0.0709 0.9914
vn -0.0158 -0.0079 0.9998
vn -0.1103 -0.0708 0.9914
vn -0.2596 -0.1650 0.9515
vn 0.1334 -0.3063 0.9426
vn 0.0472 -0.0316 0.9984
vn 0.1335 -0.3063 0.9425
vn 0.0791 -0.1344 0.9878
vn 0.1337 -0.3063 0.9425
vn -0.1102 -0.0709 0.9914
vn -0.2595 -0.1653 0.9515
vn -0.0158 -0.0080 0.9998
vn -0.2594 -0.1652 0.9515
vn 0.8182 -0.2911 0.4958
vn 0.4327 -0.1495 0.8890
vn 0.4391 -0.1490 0.8860
vn -0.0158 0.0157 0.9998
vn -0.0236 0.0157 0.9996
vn -0.2356 0.1099 0.9656
vn -0.2373 0.1108 0.9651
vn -0.6297 0.2598 0.7321
vn -0.6613 0.2677 0.7007
vn 0.0470 0.0549 0.9974
vn -0.1574 -0.0866 0.9837
vn -0.0237 -0.1336 0.9907
vn -0.0866 0.1021 0.9910
vn 0.2434 0.1962 0.9499
vn 0.0472 0.0551 0.9974
vn 0.1810 0.0080 0.9835
vn 0.1105 0.2521 0.9614
vn 0.1025 -0.1814 0.9780
vn 0.0471 0.0548 0.9974
vn -0.0235 -0.1337 0.9907
vn 0.0471 0.0551 0.9974
vn 0.1102 0.2522 0.9614
vn -0.0158 0.2996 0.9539
vn 0.1809 0.0077 0.9835
vn -0.0865 0.1024 0.9910
vn 0.0471 -0.0313 0.9984
vn -0.0314 0.2201 0.9750
vn 0.0789 -0.1342 0.9878
vn -0.0315 0.2202 0.9750
vn 0.3150 -0.0866 0.9451
vn 0.7253 -0.2366 0.6465
vn 0.3150 -0.0867 0.9451
vn 0.7002 -0.2281 0.6765
vn 0.0708 -0.0157 0.9974
vn -0.0156 -0.0078 0.9998
vn 0.2049 0.1340 0.9696
vn -0.1100 -0.0707 0.9914
vn -0.6944 0.2604 0.6709
vn -0.2289 0.0789 0.9702
vn -0.2289 0.0789 0.9703
vn -0.4799 -0.5584 0.6766
vn -0.7072 -0.3380 0.6209
vn -0.6550 -0.4026 0.6394
vn -0.4655 -0.5682 0.6786
vn -0.3914 -0.6187 0.6812
vn 0.7162 -0.2834 0.6377
vn 0.2597 -0.1101 0.9594
vn 0.2596 -0.1102 0.9594
vn 0.7163 -0.2834 0.6377
vn -0.0394 0.2755 0.9605
vn -0.0314 0.2202 0.9750
vn 0.2518 0.1731 0.9522
vn -0.2043 0.0864 0.9751
vn 0.0315 -0.0000 0.9995
vn 0.0315 -0.0001 0.9995
vn 0.2526 -0.0868 0.9637
vn 0.0157 0.0001 0.9999
vn 0.0157 -0.0000 0.9999
vn 0.0472 -0.0079 0.9989
vn 0.0079 0.0079 0.9999
vn 0.5682 -0.2053 0.7969
vn 0.5512 -0.1969 0.8108
vn -0.5134 0.1895 0.8370
vn -0.4982 0.1899 0.8460
vn -0.0078 -0.0707 0.9975
vn -0.0079 -0.0707 0.9975
vn -0.2286 0.0788 0.9703
vn 0.0158 -0.0157 0.9998
vn 0.2594 -0.1100 0.9595
vn 0.2594 -0.1101 0.9595
vn 0.5689 -0.2292 0.7899
vn 0.5688 -0.2292 0.7899
vn 0.0157 -0.0157 0.9998
vn -0.5275 0.1969 0.8265
vn -0.5275 0.1968 0.8265
vn 0.0788 -0.2915 0.9533
vn 0.0706 -0.2512 0.9654
vn 0.0708 -0.2438 0.9672
vn -0.2125 -0.1810 0.9602
vn -0.1817 -0.1501 0.9718
vn -0.1728 -0.1492 0.9736
vn 0.2529 -0.0869 0.9636
vn 0.2539 -0.0841 0.9636
vn 0.7188 -0.2560 0.6464
vn 0.7172 -0.2601 0.6465
vn -0.6907 0.2590 0.6752
vn -0.2046 0.0865 0.9750
vn -0.6881 0.2562 0.6789
vn -0.0078 0.0156 0.9998
vn 0.0706 -0.2511 0.9654
vn -0.0393 0.1258 0.9913
vn 0.0628 -0.0079 0.9980
vn 0.1576 0.0552 0.9860
vn 0.2826 -0.1335 0.9499
vn 0.6765 -0.2911 0.6765
vn 0.6472 -0.2763 0.7104
vn 0.2827 -0.1334 0.9499
vn 0.0630 -0.0393 0.9972
vn 0.0630 -0.0315 0.9975
vn -0.2438 0.0708 0.9672
vn -0.6534 0.2205 0.7242
vn -0.6210 0.2122 0.7546
vn -0.0316 0.0001 0.9995
vn 0.3150 0.1496 0.9372
vn 0.0629 -0.0077 0.9980
vn 0.3149 0.1497 0.9372
vn -0.0945 0.3077 0.9468
vn -0.0079 0.0159 0.9998
vn -0.0947 0.3077 0.9468
vn -0.0394 0.1260 0.9912
vn -0.0948 0.3077 0.9468
vn -0.0948 0.3076 0.9468
vn 0.1579 0.0553 0.9859
vn 0.0630 -0.0078 0.9980
vn 0.3151 0.1496 0.9372
vn 0.3151 0.1495 0.9372
vn -0.7855 0.2985 0.5421
vn -0.7855 0.2984 0.5422
vn -0.3947 0.1421 0.9078
vn 0.0627 -0.0314 0.9975
vn 0.0627 -0.0392 0.9973
vn 0.4247 -0.1730 0.8887
vn 0.8038 -0.3152 0.5045
vn 0.8040 -0.3147 0.5045
vn -0.0313 -0.0000 0.9995
vn -0.0314 -0.0000 0.9995
vn -0.8099 0.3145 -0.4952
vn -0.9299 0.3625 0.0629
vn -0.8098 0.3145 -0.4952
vn -0.9404 0.3398 -0.0157
vn -0.7937 0.2908 0.5343
vn -0.9402 0.3398 -0.0236
vn -0.7084 0.7005 0.0867
vn -0.6985 0.7141 -0.0472
vn -0.8604 -0.1421 -0.4894
vn -0.7234 -0.3459 -0.5975
vn -0.6750 -0.4001 -0.6199
vn -0.8996 -0.0474 -0.4340
vn -0.9280 0.0472 -0.3696
vn -0.6945 0.2604 0.6707
vn -0.9299 0.3625 0.0632
vn -0.9298 0.3625 0.0632
vn -0.7074 -0.3378 0.6208
vn -0.8808 -0.0393 0.4718
vn -0.8400 -0.1335 0.5260
vn -0.9107 0.0628 0.4083
vn -0.9107 0.0628 0.4082
vn -0.6552 -0.4025 0.6393
vn -0.9404 0.3398 -0.0160
vn -0.7248 0.2600 -0.6380
vn -0.9402 0.3397 -0.0238
vn -0.9967 0.0708 0.0392
vn -0.9947 0.0949 0.0394
vn -0.9402 0.3397 0.0231
vn -0.9377 0.3467 0.0236
vn -0.9402 0.3397 0.0237
vn -0.8309 0.5564 0.0079
vn -0.8019 0.5974 0.0079
vn -0.9929 0.1183 0.0079
vn -0.9325 0.3605 0.0235
vn -0.9314 0.3631 0.0237
vn -0.9962 0.0864 0.0079
vn -0.9325 0.3605 0.0229
vn -0.8179 0.5740 0.0393
vn -0.7880 0.6144 0.0394
vn -0.7327 -0.6776 0.0630
vn -0.7251 -0.6857 0.0630
vn -0.9967 0.0705 0.0392
vn -0.9947 0.0946 0.0395
vn -0.7372 -0.6745 -0.0392
vn -0.9963 0.0861 0.0078
vn -0.9930 0.1181 0.0079
vn -0.7486 -0.6619 -0.0394
vn -0.5133 0.1895 0.8370
vn -0.7001 0.2281 -0.6767
vn -0.4982 0.1897 0.8461
vn -0.6707 0.2131 -0.7104
vn -0.6533 0.2204 0.7243
vn -0.5609 0.2212 -0.7978
vn -0.5438 0.2128 -0.8118
vn -0.6208 0.2122 0.7547
vn -0.5770 0.2055 -0.7905
vn -0.6612 0.2677 0.7008
vn -0.6296 0.2598 0.7322
vn -0.7016 0.2996 -0.6466
vn -0.5274 0.1968 0.8265
vn -0.6764 0.2910 -0.6766
vn -0.9885 0.1503 0.0158
vn -0.9882 0.1502 0.0316
vn -0.9870 0.1579 0.0316
vn -0.9885 0.1502 0.0158
vn -0.9861 0.0159 0.1656
vn -0.9881 0.1502 0.0317
vn -0.9764 -0.0392 0.2125
vn -0.9846 0.1733 0.0236
vn -0.9848 0.1733 0.0079
vn -0.9913 0.0394 -0.1258
vn -0.9848 -0.0157 -0.1732
vn -0.9763 -0.0395 0.2127
vn -0.8031 0.5197 -0.2913
vn -0.9539 0.2918 -0.0710
vn -0.9860 0.0157 0.1658
vn -0.9316 0.3632 -0.0159
vn -0.7089 0.2836 -0.6458
vn -0.7104 0.2798 -0.6458
vn -0.9328 0.3601 -0.0159
vn -0.9847 -0.0159 -0.1734
vn -0.9452 0.3073 0.1103
vn -0.9913 0.0392 -0.1260
vn -0.6914 0.2574 0.6750
vn -0.9381 0.3418 0.0553
vn -0.6867 0.2605 0.6786
vn -0.9390 0.3393 0.0554
vn -0.8125 0.2919 -0.5047
vn -0.9391 0.3393 0.0551
vn -0.9382 0.3418 0.0551
vn -0.8127 0.2914 -0.5047
vn -0.7856 0.2985 0.5419
vn -0.9328 0.3601 -0.0157
vn -0.9316 0.3632 -0.0157
vn 0.3142 -0.7383 0.5969
vn 0.5538 -0.6727 0.4907
vn 0.6452 -0.6296 0.4329
vn 0.2433 -0.7458 0.6202
vn 0.0079 -0.7452 0.6668
vn -0.0077 -0.7452 0.6668
vn -0.0943 -0.7309 0.6759
vn -0.0944 -0.7309 0.6759
vn 0.5431 -0.6534 -0.5274
vn 0.2289 -0.7340 -0.6394
vn 0.3062 -0.7222 -0.6202
vn -0.0079 -0.7342 -0.6789
vn 0.6385 -0.6071 -0.4731
vn -0.0158 -0.7341 -0.6788
vn -0.1099 -0.7222 -0.6829
vn 0.8114 -0.5831 -0.0394
vn 0.7946 -0.6059 -0.0393
vn 0.0946 -0.9935 -0.0630
vn 0.1024 -0.9927 -0.0630
vn 0.8083 -0.5887 -0.0078
vn 0.1104 -0.9931 0.0394
vn 0.1336 -0.9903 0.0393
vn 0.8246 -0.5656 -0.0078
vn -0.3394 -0.9390 0.0554
vn -0.7251 -0.6857 0.0631
vn 0.1103 -0.9931 0.0394
vn 0.0946 -0.9935 -0.0631
vn -0.3627 -0.9303 -0.0552
vn -0.7485 -0.6619 -0.0394
vn -0.5272 -0.8497 0.0079
vn -0.4156 -0.9096 -0.0000
vn -0.3400 -0.9404 0.0079
vn -0.3399 -0.9404 0.0079
vn -0.5683 -0.8209 0.0552
vn -0.4811 -0.8754 0.0473
vn -0.5111 -0.8572 0.0629
vn -0.5028 -0.8641 -0.0236
vn -0.4024 -0.9152 0.0237
vn -0.4722 -0.8814 -0.0158
vn -0.4184 -0.9079 0.0237
vn -0.5655 -0.8247 -0.0079
vn -0.5212 -0.8529 0.0316
vn -0.5655 -0.8247 -0.0078
vn -0.2830 -0.9591 -0.0000
vn -0.1580 -0.9874 -0.0079
vn -0.1578 -0.9874 -0.0081
vn -0.2758 -0.9612 -0.0000
vn -0.1103 -0.9924 -0.0551
vn -0.3631 -0.9317 -0.0079
vn -0.2125 -0.9760 -0.0473
vn -0.3632 -0.9317 -0.0079
vn -0.1806 -0.9815 -0.0628
vn -0.1885 -0.9818 0.0236
vn -0.2202 -0.9753 0.0157
vn -0.1182 -0.9930 0.0079
vn -0.2995 -0.9538 -0.0237
vn -0.2757 -0.9610 -0.0236
vn -0.1656 -0.9857 -0.0315
vn -0.1732 -0.9844 -0.0315
vn -0.1414 -0.9899 -0.0079
vn -0.2685 -0.9633 -0.0000
vn -0.2518 -0.9678 -0.0000
vn -0.1414 -0.9899 -0.0078
vn -0.0628 -0.9965 0.0549
vn -0.3398 -0.9405 0.0079
vn -0.1732 -0.9838 0.0473
vn -0.1257 -0.9901 0.0629
vn -0.1413 -0.9889 -0.0471
vn -0.2757 -0.9611 0.0158
vn -0.1884 -0.9813 -0.0393
vn -0.2591 -0.9656 0.0236
vn -0.0785 -0.9964 -0.0314
vn -0.1491 -0.9887 0.0157
vn -0.0784 -0.9961 -0.0392
vn -0.4315 -0.9021 -0.0000
vn -0.5455 -0.8381 0.0079
vn -0.6054 -0.7940 -0.0550
vn -0.5209 -0.8523 -0.0474
vn -0.5590 -0.8268 -0.0631
vn -0.5449 -0.8371 0.0474
vn -0.5059 -0.8617 0.0395
vn -0.5921 -0.8053 0.0316
vn -0.5970 -0.8013 0.0392
vn -0.4250 -0.9051 -0.0158
vn -0.5363 -0.8439 -0.0158
vn -0.4408 -0.8973 -0.0236
vn 0.7538 -0.6361 -0.1650
vn 0.9470 -0.1341 0.2920
vn 0.9103 -0.4079 0.0707
vn 0.7102 -0.6709 -0.2132
vn 0.9348 -0.1100 -0.3377
vn 0.7723 -0.6227 0.1262
vn 0.9156 -0.3866 -0.1106
vn 0.7308 -0.6603 0.1730
vn -0.8097 0.3145 -0.4954
vn -0.4247 0.1730 -0.8887
vn -0.4311 0.1725 -0.8857
vn 0.0235 -0.0000 -0.9997
vn 0.0314 0.0001 -0.9995
vn 0.7888 -0.2998 -0.5366
vn 0.7889 -0.2997 -0.5366
vn 0.3946 -0.1422 -0.9078
vn 0.4013 -0.1416 -0.9049
vn -0.0549 0.0314 -0.9980
vn -0.0627 0.0314 -0.9975
vn 0.0866 -0.2913 -0.9527
vn 0.0393 -0.1260 -0.9913
vn 0.0079 -0.0238 -0.9997
vn 0.0395 -0.1259 -0.9913
vn 0.0867 -0.2913 -0.9527
vn 0.0868 -0.2913 -0.9527
vn -0.1502 -0.0474 -0.9875
vn -0.3061 -0.1411 -0.9415
vn -0.3060 -0.1412 -0.9415
vn -0.0630 0.0078 -0.9980
vn -0.3059 -0.1413 -0.9415
vn 0.0393 -0.1260 -0.9912
vn 0.0866 -0.2914 -0.9527
vn 0.0865 -0.2914 -0.9527
vn 0.0078 -0.0238 -0.9997
vn 0.0865 -0.2913 -0.9527
vn 0.0629 -0.1730 -0.9829
vn 0.0001 0.0706 -0.9975
vn 0.1336 0.0234 -0.9908
vn -0.0706 -0.1257 -0.9896
vn -0.0553 0.3157 -0.9472
vn -0.0000 0.0708 -0.9975
vn -0.1259 0.1261 -0.9840
vn -0.0553 0.3158 -0.9472
vn 0.0786 0.2677 -0.9603
vn -0.1972 -0.0710 -0.9778
vn -0.0001 0.0706 -0.9975
vn -0.0708 -0.1256 -0.9896
vn 0.2053 0.2132 -0.9552
vn 0.0001 0.0708 -0.9975
vn 0.0788 0.2676 -0.9603
vn -0.1971 -0.0710 -0.9778
vn -0.1260 0.1259 -0.9840
vn 0.2052 0.2132 -0.9552
vn 0.1337 0.0237 -0.9907
vn 0.6451 -0.2202 -0.7316
vn 0.2512 -0.0706 -0.9654
vn 0.6753 -0.2356 -0.6989
vn 0.0316 -0.0000 -0.9995
vn 0.0238 -0.0000 -0.9997
vn -0.4945 -0.5572 -0.6671
vn -0.6748 -0.4003 -0.6200
vn -0.7233 -0.3460 -0.5976
vn -0.4862 -0.5648 -0.6668
vn -0.4088 -0.6131 -0.6760
vn -0.4087 -0.6131 -0.6760
vn -0.0627 0.0079 -0.9980
vn 0.1727 0.1492 -0.9736
vn -0.1500 -0.0473 -0.9876
vn 0.1653 0.1417 -0.9760
vn -0.2989 0.1416 -0.9437
vn -0.7017 0.2995 -0.6465
vn -0.2917 0.1419 -0.9459
vn -0.6765 0.2910 -0.6765
vn -0.0630 0.0315 -0.9975
vn -0.0551 0.0315 -0.9980
vn 0.0078 -0.0235 -0.9997
vn -0.0629 0.2439 -0.9678
vn -0.0631 0.2365 -0.9696
vn 0.0393 -0.1257 -0.9913
vn 0.6944 -0.2604 -0.6709
vn 0.2213 -0.0869 -0.9713
vn 0.2212 -0.0869 -0.9713
vn -0.7247 0.2599 -0.6382
vn -0.7247 0.2600 -0.6382
vn -0.2676 0.0866 -0.9596
vn 0.2125 0.1810 -0.9602
vn 0.1728 0.1492 -0.9736
vn -0.0788 0.2915 -0.9533
vn 0.2121 -0.0707 -0.9747
vn -0.0236 0.0157 -0.9996
vn -0.2448 0.1027 -0.9641
vn -0.0157 0.0157 -0.9998
vn -0.0158 0.0157 -0.9998
vn -0.0393 0.0236 -0.9989
vn -0.0000 0.0079 -1.0000
vn -0.5610 0.2211 -0.7977
vn -0.5439 0.2128 -0.8117
vn 0.5126 -0.1972 -0.8357
vn 0.4983 -0.1897 -0.8460
vn -0.0471 -0.0550 -0.9974
vn -0.0471 -0.0551 -0.9974
vn -0.0471 -0.0549 -0.9974
vn 0.2210 -0.0868 -0.9714
vn -0.0234 -0.0000 -0.9997
vn -0.0237 -0.0000 -0.9997
vn -0.2673 0.0865 -0.9597
vn -0.5771 0.2056 -0.7904
vn -0.5771 0.2055 -0.7904
vn 0.5275 -0.1968 -0.8264
vn -0.2518 -0.1731 -0.9522
vn 0.0394 -0.2755 -0.9605
vn 0.0316 -0.2369 -0.9710
vn 0.0314 -0.2276 -0.9732
vn -0.7103 0.2798 -0.6460
vn -0.2450 0.1030 -0.9640
vn -0.7088 0.2835 -0.6460
vn -0.2451 0.1028 -0.9640
vn 0.6866 -0.2604 -0.6788
vn 0.6870 -0.2593 -0.6788
vn 0.2123 -0.0708 -0.9746
vn 0.2114 -0.0731 -0.9747
vn 0.0156 0.0078 -0.9998
vn -0.2122 -0.1415 -0.9669
vn 0.1178 0.0707 -0.9905
vn 0.0316 -0.2368 -0.9710
vn -0.0472 0.0313 -0.9984
vn -0.0867 0.1419 -0.9861
vn -0.3056 0.0862 -0.9482
vn -0.7002 0.2281 -0.6766
vn -0.6709 0.2130 -0.7103
vn -0.0708 0.0157 -0.9974
vn -0.8123 0.2918 -0.5049
vn -0.8125 0.2913 -0.5049
vn -0.4327 0.1495 -0.8890
vn 0.0236 -0.0157 -0.9996
vn 0.0236 -0.0236 -0.9994
vn 0.2281 -0.1101 -0.9674
vn 0.6381 -0.2599 -0.7247
vn 0.6055 -0.2517 -0.7550
vn -0.1415 0.3225 -0.9359
vn -0.0471 0.0316 -0.9984
vn -0.1415 0.3224 -0.9360
vn -0.1414 0.3224 -0.9360
vn 0.1180 0.0708 -0.9905
vn 0.2762 0.1656 -0.9467
vn 0.2761 0.1657 -0.9467
vn 0.0159 0.0080 -0.9998
vn 0.2760 0.1657 -0.9468
vn 0.2760 0.1658 -0.9468
vn -0.0868 0.1421 -0.9860
vn -0.0472 0.0316 -0.9984
vn -0.1416 0.3225 -0.9359
vn -0.1417 0.3224 -0.9359
vn 0.7873 -0.2912 -0.5434
vn 0.3875 -0.1503 -0.9095
vn 0.7873 -0.2913 -0.5434
vn 0.3942 -0.1498 -0.9067
vn -0.0705 0.0157 -0.9974
vn -0.0706 0.0156 -0.9974
vn 0.8032 -0.4173 -0.4251
vn 0.9771 -0.2127 -0.0000
vn 0.8085 -0.5885 -0.0000
vn 0.8032 -0.4172 0.4251
vn 0.9761 -0.1574 -0.1496
vn 0.7953 -0.0000 -0.6062
vn 0.9737 -0.0000 -0.2277
vn 0.9761 -0.1574 0.1496
vn 0.7953 -0.0000 0.6062
vn 0.9737 -0.0000 0.2277
vn 0.9761 0.1574 0.1496
vn 0.8032 0.4173 0.4251
vn 0.9771 0.2128 -0.0000
vn 0.9761 0.1574 -0.1496
vn 0.8085 0.5885 -0.0000
vn 0.8032 0.4172 -0.4251
vn 0.6788 0.7343 -0.0000
vn 0.6772 0.4962 0.5433
vn 0.8031 0.4174 0.4252
vn 0.8083 0.5888 -0.0000
vn 0.8031 0.4174 -0.4252
vn 0.6772 0.4962 -0.5433
vn 0.8031 -0.4173 0.4253
vn 0.6788 -0.0000 0.7343
vn 0.6772 -0.4960 0.5434
vn 0.7952 -0.0000 0.6064
vn 0.8031 0.4173 0.4253
vn 0.6772 0.4960 0.5434
vn -0.8320 -0.3923 0.3923
vn -0.7342 -0.0000 0.6789
vn -0.8284 -0.0000 0.5602
vn -0.7356 -0.4588 0.4983
vn -0.7343 -0.6788 -0.0000
vn -0.8319 0.3924 0.3924
vn -0.7356 0.4588 0.4984
vn -0.8381 0.5455 -0.0000
vn -0.7342 0.6789 -0.0000
vn -0.9787 0.2052 -0.0000
vn -0.8319 0.3924 -0.3924
vn -0.7356 0.4588 -0.4983
vn -0.7342 -0.0000 -0.6789
vn -0.9773 0.1497 -0.1497
vn -0.8284 -0.0000 -0.5602
vn -0.9754 -0.0000 -0.2202
vn -0.8319 -0.3924 -0.3924
vn -0.7356 -0.4588 -0.4983
vn -0.9774 -0.1495 -0.1495
vn -0.8381 -0.5455 -0.0000
vn -0.9787 -0.2052 -0.0000
vn -0.9784 -0.1499 0.1420
vn -0.9784 0.1499 0.1420
vn -0.9754 -0.0000 0.2203
vn 0.8031 -0.4174 -0.4252
vn 0.6788 -0.7343 -0.0000
vn 0.6772 -0.4962 -0.5433
vn 0.8083 -0.5888 -0.0000
vn 0.8031 -0.4175 0.4252
vn 0.6772 -0.4962 0.5433
vn 0.6788 -0.0000 -0.7343
vn 0.8031 -0.4173 -0.4253
vn 0.6772 -0.4960 -0.5434
vn 0.7952 -0.0000 -0.6064
vn 0.8031 0.4173 -0.4253
vn 0.6772 0.4960 -0.5434
vn 0.9217 -0.3781 0.0867
vn 0.9217 -0.3781 0.0866
vn 0.9217 -0.3781 -0.0867
vn 0.9196 0.3772 0.1101
vn 0.9196 0.3773 0.1100
vn 0.9196 0.3773 -0.1100
vn 0.9195 0.3773 -0.1100
vn 0.9217 -0.3782 0.0867
vn 0.9217 -0.3782 -0.0867
vn 0.9015 0.3719 0.2214
vn 0.7072 0.7070 -0.0001
vn 0.7072 -0.7070 -0.0000
vn 0.9016 0.2214 0.3717
vn 0.9224 -0.0000 0.3863
vn 0.9015 0.2214 0.3718
vn 0.9015 -0.2214 0.3718
vn 0.9015 -0.2214 0.3719
vn 0.9015 -0.3719 0.2214
vn 0.9016 -0.3717 0.2214
vn 0.6913 -0.0000 0.7226
vn 0.6913 -0.0000 -0.7226
vn 0.7072 0.7070 -0.0002
vn 0.3781 0.9217 0.0867
vn 0.3781 0.9217 0.0866
vn 0.3782 0.9217 -0.0866
vn 0.3781 0.9217 -0.0866
vn -0.3719 0.9015 0.2214
vn -0.7070 0.7072 -0.0002
vn -0.7070 0.7072 -0.0000
vn 0.7070 0.7072 -0.0000
vn 0.3782 0.9217 0.0867
vn 0.3782 0.9216 0.0867
vn 0.3782 0.9217 -0.0867
vn -0.3773 0.9196 0.1100
vn -0.3772 0.9196 0.1100
vn -0.3773 0.9196 -0.1100
vn -0.3773 0.9195 -0.1100
vn 0.1492 0.6834 0.7146
vn 0.3069 0.6612 0.6846
vn 0.1488 0.9889 -0.0000
vn 0.3068 0.9518 -0.0000
vn 0.3069 0.6612 -0.6846
vn 0.1492 0.6834 -0.7146
vn -0.0000 -0.7342 0.6790
vn -0.3719 0.2214 0.9015
vn -0.3718 0.2214 0.9015
vn -0.3862 -0.0000 0.9224
vn -0.3863 -0.0000 0.9224
vn -0.3718 -0.2214 0.9015
vn -0.3717 -0.2214 0.9016
vn -0.6911 -0.0000 0.7227
vn 0.6911 -0.0001 0.7227
vn 0.6911 -0.0000 0.7227
vn 0.1423 -0.6716 0.7271
vn 0.3067 -0.0236 0.9515
vn 0.1491 0.0078 0.9888
vn 0.2911 -0.6843 0.6686
vn 0.3069 0.6610 0.6848
vn 0.1492 0.6832 0.7148
vn -0.7072 0.7070 0.0001
vn -0.7072 -0.7070 -0.0000
vn -0.9016 0.3717 0.2214
vn -0.9015 0.3718 -0.2214
vn -0.9224 -0.0000 -0.3863
vn -0.9015 0.2214 -0.3719
vn -0.9015 0.2214 -0.3717
vn -0.9016 -0.2214 -0.3717
vn -0.9015 -0.2214 -0.3719
vn -0.6913 -0.0000 0.7226
vn -0.6913 -0.0000 -0.7226
vn -0.7072 0.7070 0.0002
vn -0.9224 -0.3862 -0.0000
vn -0.9015 -0.3719 0.2214
vn -0.9223 0.3864 -0.0000
vn -0.9217 0.3782 0.0867
vn -0.9217 0.3782 -0.0867
vn -0.9196 -0.3773 0.1100
vn -0.9196 -0.3773 -0.1100
vn -0.9217 0.3781 0.0866
vn -0.9217 0.3781 -0.0867
vn -0.9217 0.3781 -0.0866
vn 0.3773 -0.9195 0.1100
vn 0.3773 -0.9195 -0.1100
vn -0.3782 -0.9217 0.0867
vn -0.3782 -0.9216 0.0867
vn -0.3781 -0.9217 -0.0866
vn -0.3781 -0.9217 -0.0867
vn -0.7070 -0.7072 -0.0000
vn 0.7070 -0.7072 -0.0001
vn 0.7070 -0.7072 -0.0000
vn 0.3716 -0.9016 -0.2215
vn 0.3717 -0.9016 0.2214
vn -0.3781 -0.9217 0.0867
vn -0.3781 -0.9217 0.0866
vn 0.1422 -0.6717 0.7270
vn 0.1337 -0.9910 -0.0000
vn 0.2910 -0.6844 0.6685
vn 0.2830 -0.9591 -0.0000
vn 0.2910 -0.6844 -0.6685
vn 0.1423 -0.6717 -0.7270
vn -0.0000 0.1489 -0.9889
vn 0.3717 0.2214 -0.9016
vn 0.3863 -0.0000 -0.9224
vn 0.3717 -0.2214 -0.9016
vn 0.3718 -0.2214 -0.9015
vn -0.0000 0.1492 -0.9888
vn -0.6911 -0.0000 -0.7227
vn 0.6911 -0.0000 -0.7227
vn 0.1492 0.6832 -0.7148
vn 0.3069 0.6610 -0.6848
vn 0.1491 0.0078 -0.9888
vn 0.3067 -0.0236 -0.9515
vn 0.1422 -0.6716 -0.7271
vn 0.2910 -0.6843 -0.6686
vn -0.2052 -0.9787 -0.0000
vt 44.105400 -50.796700
vt 43.894600 -50.887402
vt 44.105400 -50.887402
vt 43.894600 -50.796700
vt 44.183201 -50.887402
vt 43.816399 -50.841099
vt 43.816399 -50.931801
vt 44.183201 -50.796700
vt 43.894600 -50.931801
vt 44.105400 -50.931801
vt 43.894600 -50.841099
vt 44.105400 -50.841099
vt 44.183601 -50.841099
vt 43.816799 -50.887402
vt 44.183601 -50.931801
vt 43.816799 -50.796700
vt 33.817799 0.895893
vt 34.182201 1.104110
vt 33.817799 1.104110
vt 34.182201 0.895893
vt 42.031601 0.968426
vt 41.968399 0.968426
vt 42.000000 0.955348
vt 42.031601 1.031570
vt 42.044701 1.000000
vt 41.968399 1.031570
vt 41.955299 1.000000
vt 42.000000 1.044650
vt 42.067902 1.000000
vt 42.160702 1.018150
vt 42.067902 1.021360
vt 42.160702 1.000000
vt 42.194199 1.012800
vt 42.194199 1.000000
vt 42.194199 0.987199
vt 42.160702 0.981845
vt 42.067902 0.978645
vt 42.046001 1.000000
vt 41.805801 0.968427
vt 42.046001 0.968427
vt 41.805801 1.000000
vt 42.046001 1.031570
vt 41.805801 1.031570
vt 42.067902 0.977265
vt 42.067902 1.022730
vt 41.932098 1.021350
vt 41.839298 1.018150
vt 41.932098 1.000000
vt 41.839298 1.000000
vt 41.805801 1.012800
vt 41.839298 0.981844
vt 41.932098 0.978646
vt 41.805801 0.987198
vt 41.953999 0.968426
vt 42.194199 0.968426
vt 41.953999 1.000000
vt 42.194199 1.031570
vt 41.953999 1.031570
vt 41.932098 0.977265
vt 41.932098 1.022740
vt 42.012798 1.012800
vt 42.012798 0.987198
vt 42.018101 1.000000
vt 41.981899 1.000000
vt 42.000000 0.981897
vt 41.987202 0.987198
vt 42.000000 1.018100
vt 41.987202 1.012800
vt 41.978600 0.978646
vt 41.967800 1.000000
vt 41.977299 0.977265
vt 41.969799 1.000000
vt 42.000000 0.969800
vt 41.978600 1.021350
vt 42.000000 0.967847
vt 41.977299 1.022740
vt 42.022701 0.977265
vt 42.000000 1.030200
vt 42.021400 0.978646
vt 42.032200 1.000000
vt 42.030201 1.000000
vt 42.000000 1.032150
vt 42.022701 1.022740
vt 42.021400 1.021350
vt 41.839298 0.981845
vt 41.932098 0.978645
vt 41.805801 0.987199
vt 41.932098 1.021360
vt 41.953999 0.968427
vt 42.194199 0.968427
vt 41.932098 1.022730
vt 42.067902 1.021350
vt 42.194199 0.987198
vt 42.160702 0.981844
vt 42.067902 0.978646
vt 41.805801 0.968426
vt 42.046001 0.968426
vt 42.067902 1.022740
vt 27.905001 -29.103600
vt 27.905001 -28.896400
vt 27.831699 -29.073299
vt 27.801399 -29.000000
vt 27.831699 -28.926701
vt 27.978300 -29.073299
vt 28.008600 -29.000000
vt 27.978300 -28.926701
vt 28.160801 -28.988199
vt 28.155100 -28.996500
vt 28.160299 -28.995501
vt 28.159700 -29.004400
vt 28.165300 -28.997000
vt 28.170401 -28.991199
vt 28.168800 -29.000601
vt 28.177200 -28.998100
vt 28.169901 -29.005400
vt 28.179300 -29.007299
vt 28.184299 -28.997101
vt 28.168200 -29.010000
vt 28.164301 -29.013300
vt 28.159201 -29.014299
vt 28.176100 -29.016199
vt 28.187300 -29.010099
vt 28.168600 -29.022499
vt 28.158701 -29.024401
vt 28.182800 -29.022600
vt 28.172199 -29.031500
vt 28.158199 -29.034201
vt 28.174999 -29.039600
vt 28.188000 -29.028799
vt 28.141300 -29.037901
vt 28.157900 -29.042900
vt 28.144699 -29.030100
vt 28.129601 -29.025801
vt 28.135099 -29.020201
vt 28.149099 -29.021500
vt 28.142300 -29.014500
vt 28.132200 -29.007299
vt 28.140200 -29.005400
vt 28.136600 -28.994699
vt 28.154200 -29.012800
vt 28.150700 -29.009100
vt 28.149599 -29.004400
vt 28.143400 -28.996401
vt 28.151199 -28.999701
vt 28.150900 -28.990200
vt 28.081400 -28.965099
vt 27.963100 -28.931400
vt 27.963301 -28.951500
vt 28.087099 -28.954599
vt 28.075500 -28.980600
vt 27.963100 -28.979401
vt 28.147600 -29.010500
vt 28.153999 -29.003500
vt 28.141300 -29.021099
vt 28.072800 -28.992001
vt 28.138800 -29.028999
vt 27.620399 -29.170401
vt 27.630400 -29.161200
vt 27.621599 -29.160801
vt 27.628700 -29.174801
vt 27.640100 -29.161600
vt 27.617599 -29.177200
vt 27.638100 -29.178200
vt 27.648001 -29.180300
vt 27.624701 -29.184299
vt 27.633200 -29.189899
vt 27.642599 -29.193300
vt 27.597900 -28.905001
vt 27.736000 -28.831699
vt 27.597900 -28.831699
vt 27.736000 -28.905001
vt 27.597900 -28.978300
vt 27.736000 -28.978300
vt 27.648800 -29.142700
vt 27.643900 -29.128201
vt 27.638800 -29.144501
vt 27.634399 -29.131399
vt 27.625700 -29.136600
vt 27.653500 -29.127100
vt 27.658600 -29.142099
vt 27.650299 -29.161800
vt 27.660101 -29.161800
vt 27.667500 -29.142700
vt 27.669001 -29.161800
vt 27.674900 -29.144501
vt 27.657801 -29.181000
vt 27.666700 -29.180300
vt 27.674200 -29.178200
vt 27.676201 -29.161600
vt 27.618299 -29.143400
vt 27.629299 -29.147301
vt 27.620800 -29.150900
vt 27.665400 -29.087099
vt 27.664801 -28.962500
vt 27.636700 -28.963100
vt 27.656700 -29.156799
vt 27.644699 -29.153999
vt 27.681601 -29.089399
vt 27.693501 -29.086800
vt 27.684999 -28.962000
vt 27.724199 -28.905001
vt 28.402100 -28.844400
vt 27.724199 -28.844400
vt 28.402100 -28.905001
vt 27.724199 -28.965599
vt 28.402100 -28.965599
vt 28.264000 -29.000000
vt 28.402100 -29.000000
vt 28.402100 -28.926701
vt 28.264000 -29.073299
vt 28.264000 -28.926701
vt 28.402100 -29.073299
vt 28.363001 -29.013300
vt 28.365601 -28.994600
vt 28.356100 -28.996099
vt 28.371799 -29.010000
vt 28.374300 -28.994699
vt 28.353701 -29.017000
vt 28.378201 -29.025801
vt 28.346500 -28.999201
vt 28.370199 -29.031000
vt 28.383101 -29.037901
vt 28.332500 -28.991600
vt 28.341400 -28.986799
vt 28.337400 -29.003700
vt 28.325100 -28.998400
vt 28.329500 -29.009199
vt 28.344400 -29.020901
vt 28.335800 -29.024599
vt 28.323299 -29.015301
vt 28.351500 -29.038500
vt 28.342199 -29.040400
vt 28.333599 -29.040899
vt 28.328400 -29.027901
vt 28.361099 -29.035299
vt 28.357000 -29.052000
vt 28.375601 -29.044399
vt 28.366699 -29.049200
vt 28.384701 -29.020201
vt 28.379400 -29.007299
vt 27.597900 -29.063601
vt 28.275801 -29.063601
vt 28.275801 -29.003000
vt 27.597900 -29.003000
vt 28.275801 -28.942400
vt 27.597900 -28.942400
vt 28.034401 -29.063601
vt 28.155600 -29.063601
vt 28.009300 -29.003000
vt 28.094999 -29.088699
vt 28.155600 -28.942400
vt 28.180700 -29.003000
vt 28.034401 -28.942400
vt 28.094999 -28.917299
vt 28.021700 -29.073299
vt 28.094999 -28.896400
vt 27.991400 -29.000000
vt 28.021700 -28.926701
vt 28.094999 -29.103600
vt 28.168301 -29.073299
vt 28.198601 -29.000000
vt 28.168301 -28.926701
vt 27.825199 -29.007900
vt 27.810101 -29.012100
vt 27.815701 -29.017700
vt 27.829599 -29.016399
vt 27.839199 -29.013500
vt 27.812700 -29.030701
vt 27.822800 -29.023399
vt 27.817200 -29.043301
vt 27.820700 -29.032600
vt 27.823900 -29.041500
vt 27.831200 -29.028799
vt 27.830099 -29.033600
vt 27.834700 -29.025200
vt 27.840300 -29.033600
vt 27.831800 -29.038200
vt 27.839701 -29.023701
vt 27.849100 -29.015499
vt 27.844900 -29.024700
vt 27.856600 -29.021700
vt 27.848801 -29.027901
vt 27.859800 -29.030600
vt 27.850401 -29.032600
vt 27.857700 -29.039801
vt 27.864901 -29.040899
vt 27.849300 -29.037300
vt 27.850901 -29.046801
vt 27.845800 -29.041000
vt 27.841299 -29.049700
vt 27.840799 -29.042500
vt 27.835699 -29.041500
vt 27.831400 -29.047800
vt 27.838800 -29.003799
vt 27.838400 -28.995001
vt 27.821800 -29.000099
vt 27.855499 -28.998400
vt 27.852699 -29.006500
vt 27.868601 -29.009199
vt 27.863400 -29.015301
vt 27.867800 -29.027901
vt 27.910601 -28.955000
vt 27.843201 -29.004200
vt 27.913200 -28.966000
vt 27.845699 -29.012100
vt 27.919201 -28.981300
vt 28.038000 -28.950500
vt 27.851999 -29.022800
vt 27.858400 -29.029800
vt 28.038300 -28.978800
vt 27.924999 -28.992100
vt 28.038000 -28.999001
vt 28.362499 -29.192400
vt 28.357700 -29.176800
vt 28.352900 -29.191299
vt 28.347700 -29.174999
vt 28.343399 -29.188000
vt 28.349100 -29.157900
vt 28.334600 -29.182800
vt 28.338200 -29.172199
vt 28.327200 -29.176100
vt 28.326500 -29.142300
vt 28.337601 -29.144699
vt 28.333599 -29.135099
vt 28.347000 -29.141300
vt 28.329399 -29.149099
vt 28.339300 -29.158199
vt 28.330500 -29.158701
vt 28.329800 -29.168600
vt 28.264000 -28.905001
vt 28.402100 -28.831699
vt 28.264000 -28.831699
vt 28.264000 -28.978300
vt 28.402100 -28.978300
vt 28.351500 -29.126200
vt 28.342199 -29.129601
vt 28.357000 -29.139200
vt 28.359200 -29.157700
vt 28.366699 -29.138399
vt 28.369101 -29.157600
vt 28.375601 -29.139200
vt 28.377899 -29.157700
vt 28.383101 -29.141300
vt 28.367500 -29.177401
vt 28.385099 -29.157900
vt 28.376400 -29.176800
vt 28.383801 -29.174999
vt 28.362700 -28.962700
vt 28.345600 -29.075500
vt 28.382500 -28.963100
vt 28.333401 -29.072800
vt 28.334600 -28.962000
vt 28.353399 -29.138800
vt 28.341400 -29.141600
vt 28.316799 -29.075001
vt 28.275801 -28.844400
vt 27.597900 -28.844400
vt 28.275801 -28.905001
vt 27.597900 -28.965599
vt 28.275801 -28.965599
vt 27.626801 -29.013399
vt 27.624701 -28.997101
vt 27.619499 -29.010099
vt 27.614401 -29.022600
vt 27.620600 -29.028799
vt 27.628500 -29.034300
vt 27.616199 -29.039600
vt 27.633200 -28.997499
vt 27.635401 -29.017099
vt 27.642599 -28.999399
vt 27.652100 -29.002600
vt 27.648001 -28.986000
vt 27.644699 -29.020901
vt 27.661200 -29.007000
vt 27.637501 -29.038700
vt 27.654100 -29.024700
vt 27.647100 -29.041800
vt 27.669300 -29.012100
vt 27.656601 -29.043400
vt 27.662901 -29.028000
vt 27.665400 -29.043301
vt 27.675699 -29.017700
vt 27.670500 -29.030701
vt 27.736000 -28.926701
vt 27.597900 -28.926701
vt 27.597900 -29.000000
vt 27.736000 -29.000000
vt 27.597900 -29.073299
vt 27.736000 -29.073299
vt 27.657801 -28.988701
vt 27.666700 -28.993500
vt 27.674200 -29.000099
vt 27.632500 -29.051201
vt 27.623600 -29.046301
vt 28.402100 -29.003000
vt 27.724199 -29.063601
vt 28.402100 -29.063601
vt 27.724199 -29.003000
vt 28.402100 -28.942400
vt 27.724199 -28.942400
vt 33.999901 -55.326599
vt 33.881802 -55.244202
vt 33.881802 -55.326599
vt 33.999901 -55.236599
vt 34.118099 -55.244202
vt 34.118099 -55.326599
vt 34.000000 -54.832199
vt 34.087799 -54.796101
vt 34.066700 -54.775200
vt 34.000000 -54.802601
vt 34.094398 -54.708900
vt 33.933300 -54.775200
vt 34.124199 -54.708900
vt 33.912201 -54.796101
vt 34.087799 -54.621601
vt 33.905602 -54.708900
vt 34.066700 -54.642601
vt 33.875801 -54.708900
vt 34.000000 -54.585499
vt 33.912201 -54.621601
vt 34.000000 -54.615101
vt 33.933300 -54.642601
vt 33.999901 -55.289101
vt 33.999901 -55.174099
vt 33.882900 -55.279301
vt 33.882900 -55.174099
vt 34.116901 -55.279301
vt 34.116901 -55.174099
vt 34.082901 -54.744801
vt 33.917000 -54.744801
vt 34.082901 -54.992802
vt 33.917000 -54.992802
vt 34.068699 -54.641701
vt 34.097099 -54.710400
vt 33.999901 -54.613300
vt 33.931198 -54.641701
vt 33.902802 -54.710400
vt 33.847099 -54.668701
vt 33.868801 -54.709301
vt 33.868801 -54.665001
vt 33.847099 -54.709301
vt 33.890499 -54.668701
vt 33.890499 -54.709301
vt 34.040798 -54.556198
vt 34.000301 -54.577900
vt 34.044601 -54.577900
vt 34.000301 -54.556198
vt 34.040798 -54.599602
vt 34.000301 -54.599602
vt 33.999901 -55.205299
vt 33.886299 -55.122898
vt 33.886299 -55.205299
vt 33.999901 -55.115200
vt 34.113602 -55.122898
vt 34.113602 -55.205299
vt 34.153400 -54.749901
vt 34.131699 -54.709400
vt 34.131699 -54.753700
vt 34.153400 -54.709400
vt 34.109901 -54.749901
vt 34.109901 -54.709400
vt 34.000900 -55.116299
vt 34.101299 -55.015900
vt 33.900501 -55.015900
vt 34.071899 -55.086899
vt 33.929901 -55.086899
vt 34.000900 -54.915600
vt 33.929901 -54.945000
vt 34.071899 -54.945000
vt 36.524601 -54.969002
vt 36.423500 -54.969002
vt 36.524601 -55.005901
vt 36.423500 -55.005901
vt 36.524601 -55.042801
vt 36.423500 -55.042801
vt 33.196499 -55.153400
vt 33.237099 -55.131699
vt 33.192799 -55.131699
vt 33.237099 -55.153400
vt 33.196499 -55.109901
vt 33.237099 -55.109901
vt 33.267399 -54.976501
vt 33.256199 -54.995701
vt 33.275398 -54.995701
vt 33.253799 -54.990002
vt 33.277699 -54.959702
vt 33.294498 -55.000301
vt 33.237099 -55.000301
vt 33.241600 -54.981201
vt 33.226799 -54.983501
vt 33.241600 -54.962002
vt 33.213299 -54.970001
vt 33.237099 -54.942902
vt 33.196499 -54.959702
vt 33.217999 -54.995701
vt 33.226799 -55.016998
vt 33.198898 -54.995701
vt 33.213299 -55.030499
vt 33.196499 -55.040798
vt 33.179699 -55.000301
vt 33.253899 -55.010601
vt 33.241600 -55.019402
vt 33.267399 -55.024101
vt 33.241600 -55.038502
vt 33.277699 -55.040798
vt 33.237099 -55.057598
vt 35.802601 -55.063702
vt 36.062599 -55.063702
vt 35.819401 -55.005901
vt 36.079399 -55.005901
vt 36.062599 -54.948101
vt 35.802601 -54.948101
vt 32.646400 -54.999901
vt 32.761398 -54.999901
vt 32.656200 -54.882900
vt 32.761398 -54.882900
vt 32.656200 -55.116901
vt 32.761398 -55.116901
vt 32.759899 -55.056801
vt 32.887600 -55.056801
vt 32.759899 -55.000000
vt 32.895699 -55.000000
vt 32.887600 -54.943199
vt 32.759899 -54.943199
vt 36.524601 -55.063702
vt 36.339401 -55.005901
vt 36.322601 -55.063702
vt 36.524601 -54.948101
vt 36.322601 -54.948101
vt 33.069599 -55.068699
vt 33.069599 -54.999901
vt 32.972401 -55.068699
vt 32.972401 -54.999901
vt 33.069599 -54.931198
vt 32.972401 -54.931198
vt 33.507099 -54.999901
vt 33.409901 -55.068699
vt 33.507099 -55.068699
vt 33.409901 -54.999901
vt 33.507099 -54.931198
vt 33.409901 -54.931198
vt 33.277699 -54.847099
vt 33.237099 -54.868801
vt 33.281399 -54.868801
vt 33.237099 -54.847099
vt 33.277699 -54.890499
vt 33.237099 -54.890499
vt 34.779400 -55.005901
vt 35.022598 -54.948101
vt 34.762600 -54.948101
vt 35.039398 -55.005901
vt 35.022598 -55.063702
vt 34.762600 -55.063702
vt 32.553799 -55.066700
vt 32.477798 -55.000000
vt 32.477798 -55.066700
vt 32.553799 -55.000000
vt 32.477798 -54.933300
vt 32.553799 -54.933300
vt 36.206799 -55.000900
vt 36.361000 -54.929901
vt 36.206799 -54.929901
vt 36.361000 -55.000900
vt 36.206799 -55.071899
vt 36.361000 -55.071899
vt 33.641602 -55.000000
vt 33.783901 -54.937901
vt 33.633499 -54.943199
vt 33.783901 -55.000000
vt 33.890499 -54.922600
vt 33.902100 -55.000000
vt 33.890499 -55.077400
vt 33.783901 -55.062099
vt 33.633499 -55.056801
vt 33.384899 -55.056801
vt 33.144299 -55.000000
vt 33.136200 -55.056801
vt 33.393002 -55.000000
vt 33.384899 -54.943199
vt 33.136200 -54.943199
vt 35.559399 -55.005901
vt 35.299400 -55.005901
vt 35.542599 -55.063702
vt 35.542599 -54.948101
vt 35.282600 -55.063702
vt 35.282600 -54.948101
vt 34.167599 -55.000000
vt 34.359901 -54.883999
vt 34.151100 -54.883999
vt 34.359901 -55.000000
vt 34.359901 -55.116001
vt 34.151100 -55.116001
vt 33.222500 -54.999901
vt 33.305000 -54.886299
vt 33.222500 -54.886299
vt 33.312599 -54.999901
vt 33.305000 -55.113602
vt 33.222500 -55.113602
vt 34.283901 -55.088100
vt 34.359901 -55.088100
vt 34.283901 -55.000000
vt 34.283901 -54.911900
vt 34.359901 -54.911900
vt 32.679298 -55.000000
vt 32.679298 -55.086899
vt 32.477798 -55.087799
vt 32.679298 -54.913101
vt 32.477798 -54.912201
vt 31.602800 -54.999901
vt 31.685301 -54.881802
vt 31.602800 -54.881802
vt 31.692900 -54.999901
vt 31.685301 -55.118099
vt 31.602800 -55.118099
vt 31.475401 -55.016499
vt 31.576500 -54.979599
vt 31.475401 -54.979599
vt 31.576500 -55.016499
vt 31.576500 -55.053398
vt 31.475401 -55.053398
vt 32.237999 -55.016499
vt 32.018501 -55.074402
vt 32.278500 -55.074402
vt 31.978001 -55.016499
vt 32.197399 -54.958500
vt 31.937401 -54.958500
vt 34.803501 -54.556198
vt 34.762901 -54.577900
vt 34.807201 -54.577900
vt 34.762901 -54.556198
vt 34.803501 -54.599602
vt 34.762901 -54.599602
vt 35.240101 -54.708900
vt 35.151501 -54.765301
vt 35.240101 -54.765301
vt 35.131901 -54.708900
vt 35.240101 -54.652401
vt 35.112400 -54.652401
vt 34.724602 -54.713799
vt 34.722301 -54.749901
vt 34.732601 -54.733101
vt 34.705502 -54.709301
vt 34.743801 -54.713799
vt 34.746201 -54.719601
vt 34.762901 -54.709301
vt 34.758400 -54.728401
vt 34.773201 -54.726002
vt 34.758400 -54.747501
vt 34.786701 -54.739498
vt 34.762901 -54.766701
vt 34.803501 -54.749901
vt 34.782001 -54.713799
vt 34.773201 -54.692501
vt 34.801102 -54.713799
vt 34.786701 -54.679001
vt 34.803501 -54.668701
vt 34.820301 -54.709301
vt 34.746101 -54.699001
vt 34.758400 -54.690102
vt 34.732601 -54.685501
vt 34.758400 -54.671001
vt 34.722301 -54.668701
vt 34.762901 -54.651901
vt 31.677401 -54.958500
vt 31.475401 -54.958500
vt 31.718000 -55.016499
vt 31.475401 -55.074402
vt 31.758499 -55.074402
vt 35.139400 -55.185902
vt 35.195099 -55.147301
vt 35.160099 -55.112301
vt 35.188999 -55.185902
vt 35.089802 -55.174099
vt 35.133400 -55.068901
vt 35.238602 -55.174099
vt 35.195202 -55.200802
vt 35.226799 -55.223701
vt 35.160099 -55.235901
vt 35.226799 -55.273300
vt 35.133400 -55.279301
vt 35.238602 -55.322899
vt 35.265301 -55.217499
vt 35.288200 -55.185902
vt 35.300400 -55.252602
vt 35.337799 -55.185902
vt 35.343800 -55.279301
vt 35.387402 -55.174099
vt 35.226799 -55.124401
vt 35.265400 -55.130600
vt 35.226799 -55.074799
vt 35.300400 -55.095600
vt 35.238602 -55.025299
vt 35.343800 -55.068901
vt 36.348701 -55.388100
vt 36.358299 -55.335899
vt 36.319401 -55.335899
vt 36.376202 -55.360699
vt 36.314701 -55.409100
vt 36.280602 -55.326599
vt 36.397202 -55.326599
vt 36.387901 -55.365501
vt 36.418098 -55.360600
vt 36.387901 -55.404301
vt 36.445599 -55.388100
vt 36.397202 -55.443199
vt 36.479599 -55.409100
vt 36.436001 -55.335899
vt 36.431198 -55.305698
vt 36.474800 -55.335899
vt 36.458599 -55.278198
vt 36.513699 -55.326599
vt 36.479599 -55.244202
vt 36.363098 -55.305698
vt 36.387901 -55.287800
vt 36.335602 -55.278198
vt 36.387901 -55.248901
vt 36.314701 -55.244202
vt 36.397202 -55.210098
vt 34.729099 -55.266800
vt 34.738602 -55.214600
vt 34.699699 -55.214600
vt 34.756500 -55.239300
vt 34.695000 -55.287800
vt 34.660900 -55.205299
vt 34.777500 -55.205299
vt 34.768200 -55.244202
vt 34.798401 -55.239300
vt 34.768200 -55.283001
vt 34.825901 -55.266800
vt 34.777500 -55.321899
vt 34.859901 -55.287800
vt 34.816299 -55.214600
vt 34.811501 -55.184399
vt 34.855202 -55.214600
vt 34.839001 -55.156898
vt 34.894100 -55.205299
vt 34.859901 -55.122898
vt 34.743500 -55.184299
vt 34.768200 -55.166401
vt 34.716000 -55.156898
vt 34.768200 -55.127602
vt 34.695000 -55.122898
vt 34.777500 -55.088699
vt 34.930401 -54.710400
vt 35.027599 -54.641701
vt 34.930401 -54.641701
vt 35.027599 -54.710400
vt 34.930401 -54.744801
vt 35.027599 -54.744801
vt 34.930401 -54.992802
vt 35.027599 -54.992802
vt 34.492901 -54.710400
vt 34.590099 -54.641701
vt 34.492901 -54.641701
vt 34.590099 -54.710400
vt 34.492901 -54.744801
vt 34.590099 -54.744801
vt 34.492901 -54.992802
vt 34.590099 -54.992802
vt 33.278000 -55.016499
vt 33.058498 -55.074402
vt 33.318501 -55.074402
vt 33.018002 -55.016499
vt 33.237400 -54.958500
vt 32.977402 -54.958500
vt 35.446201 -54.708900
vt 35.522202 -54.708900
vt 35.446201 -54.642601
vt 35.522202 -54.642601
vt 35.522202 -54.775200
vt 35.446201 -54.775200
vt 31.639000 -55.086899
vt 31.793200 -55.086899
vt 31.793200 -55.015900
vt 31.639000 -55.015900
vt 31.793200 -54.945000
vt 31.639000 -54.945000
vt 34.386002 -54.708900
vt 34.216099 -54.770599
vt 34.405499 -54.765301
vt 34.216099 -54.708900
vt 34.165199 -54.781898
vt 34.366501 -54.652401
vt 34.137402 -54.701199
vt 34.216099 -54.647202
vt 34.109501 -54.620602
vt 34.773201 -54.692600
vt 34.758400 -54.671101
vt 34.758400 -54.690201
vt 34.762901 -54.709400
vt 34.786701 -54.679100
vt 34.762901 -54.652000
vt 34.803501 -54.668800
vt 34.743801 -54.713902
vt 34.746101 -54.699100
vt 34.724602 -54.713902
vt 34.705502 -54.709400
vt 34.722301 -54.668800
vt 34.746201 -54.719700
vt 34.758400 -54.728500
vt 34.732601 -54.733200
vt 34.758400 -54.747601
vt 34.773201 -54.726101
vt 34.782001 -54.713902
vt 34.786701 -54.739601
vt 34.801102 -54.713902
vt 34.820301 -54.709400
vt 34.634701 -54.708900
vt 34.863800 -54.652401
vt 34.615101 -54.652401
vt 34.883301 -54.708900
vt 34.654202 -54.765301
vt 34.902802 -54.765301
vt 32.498001 -55.016499
vt 32.717400 -54.958500
vt 32.457401 -54.958500
vt 32.757999 -55.016499
vt 32.538502 -55.074402
vt 32.798500 -55.074402
vt 33.640099 -54.708900
vt 33.848900 -54.593700
vt 33.640099 -54.595200
vt 33.888699 -54.708900
vt 33.640099 -54.822601
vt 33.928600 -54.824100
vt 33.716099 -54.708900
vt 33.640099 -54.622398
vt 33.716099 -54.622398
vt 33.716099 -54.795300
vt 33.640099 -54.795300
vt 35.320702 -54.622501
vt 35.522202 -54.621601
vt 35.320702 -54.708900
vt 35.320702 -54.795200
vt 35.522202 -54.796101
vt 34.030998 -54.979599
vt 34.046200 -55.016499
vt 34.075901 -55.016499
vt 34.030998 -55.053398
vt 34.051899 -54.958500
vt 34.051899 -55.074402
vt 33.994099 -54.964298
vt 33.994099 -55.068699
vt 33.994099 -54.934601
vt 33.994099 -55.098400
vt 33.936298 -54.958500
vt 33.936298 -55.074402
vt 33.957199 -54.979599
vt 33.957199 -55.053398
vt 33.912300 -55.016499
vt 33.942001 -55.016499
vt 33.898701 -55.015900
vt 33.999100 -55.116299
vt 34.099499 -55.015900
vt 34.070099 -55.086899
vt 33.928101 -55.086899
vt 33.999100 -54.915600
vt 33.928101 -54.945000
vt 34.070099 -54.945000
vt 34.116001 -54.822601
vt 34.124599 -54.708900
vt 34.088100 -54.795300
vt 34.164001 -54.708900
vt 34.000000 -54.869701
vt 34.116001 -54.595200
vt 34.000000 -54.831100
vt 34.088100 -54.622398
vt 33.911900 -54.795300
vt 34.000000 -54.548100
vt 33.883999 -54.822601
vt 34.000000 -54.586700
vt 33.875401 -54.708900
vt 33.911900 -54.622398
vt 33.835999 -54.708900
vt 33.883999 -54.595200
vt 34.000099 -54.613300
vt 34.083000 -54.744801
vt 34.068802 -54.641701
vt 34.097198 -54.710400
vt 33.917099 -54.744801
vt 33.931301 -54.641701
vt 33.902901 -54.710400
vt 34.083000 -54.992802
vt 33.917099 -54.992802
vt 34.000099 -55.205299
vt 34.113701 -55.287800
vt 34.113701 -55.205299
vt 34.000099 -55.295399
vt 33.886398 -55.287800
vt 33.886398 -55.205299
vt 33.846600 -54.668800
vt 33.868301 -54.709400
vt 33.868301 -54.665001
vt 33.846600 -54.709400
vt 33.890099 -54.668800
vt 33.890099 -54.709400
vt 33.999699 -54.577900
vt 34.040298 -54.556198
vt 33.999699 -54.556198
vt 34.044102 -54.577900
vt 34.040298 -54.599602
vt 33.999699 -54.599602
vt 34.152901 -54.749901
vt 34.131199 -54.709301
vt 34.131199 -54.753601
vt 34.152901 -54.709301
vt 34.109501 -54.749901
vt 34.109501 -54.709301
vt 34.000099 -55.059101
vt 34.000099 -55.174099
vt 34.117100 -55.068901
vt 34.117100 -55.174099
vt 33.883099 -55.068901
vt 33.883099 -55.174099
vt 34.000099 -55.326599
vt 34.118198 -55.409100
vt 34.118198 -55.326599
vt 34.000099 -55.416698
vt 33.881901 -55.409100
vt 33.881901 -55.326599
vt 31.475401 -55.005901
vt 31.576500 -54.969002
vt 31.475401 -54.969002
vt 31.576500 -55.005901
vt 31.576500 -55.042801
vt 31.475401 -55.042801
vt 36.397202 -54.999901
vt 36.479599 -54.881802
vt 36.397202 -54.881802
vt 36.487202 -54.999901
vt 36.479599 -55.118099
vt 36.397202 -55.118099
vt 34.777500 -54.999901
vt 34.859901 -54.886299
vt 34.777500 -54.886299
vt 34.867599 -54.999901
vt 34.859901 -55.113602
vt 34.777500 -55.113602
vt 32.278500 -55.063702
vt 32.035301 -55.005901
vt 32.018501 -55.063702
vt 32.295300 -55.005901
vt 32.278500 -54.948101
vt 32.018501 -54.948101
vt 35.240101 -55.056801
vt 35.159500 -55.000000
vt 35.151501 -55.056801
vt 35.240101 -55.000000
vt 35.240101 -54.943199
vt 35.151501 -54.943199
vt 31.475401 -55.063702
vt 31.758499 -55.063702
vt 31.775299 -55.005901
vt 31.758499 -54.948101
vt 31.475401 -54.948101
vt 35.123600 -54.999901
vt 35.238602 -54.999901
vt 35.133400 -54.882900
vt 35.238602 -54.882900
vt 35.133400 -55.116901
vt 35.238602 -55.116901
vt 33.075298 -55.005901
vt 33.318501 -54.948101
vt 33.058498 -54.948101
vt 33.335300 -55.005901
vt 33.318501 -55.063702
vt 33.058498 -55.063702
vt 34.803501 -54.847099
vt 34.762901 -54.868801
vt 34.807201 -54.868801
vt 34.762901 -54.847099
vt 34.803501 -54.890499
vt 34.762901 -54.890499
vt 35.446201 -55.066700
vt 35.522202 -55.066700
vt 35.446201 -55.000000
vt 35.522202 -55.000000
vt 35.446201 -54.933300
vt 35.522202 -54.933300
vt 31.639000 -55.000900
vt 31.793200 -54.929901
vt 31.639000 -54.929901
vt 31.793200 -55.000900
vt 31.639000 -55.071899
vt 31.793200 -55.071899
vt 34.216099 -55.000000
vt 34.405499 -54.943199
vt 34.216099 -54.937901
vt 34.413601 -55.000000
vt 34.405499 -55.056801
vt 34.176800 -55.000000
vt 34.216099 -55.062099
vt 34.165199 -54.922600
vt 34.165199 -55.077400
vt 34.654202 -55.056801
vt 34.902802 -55.056801
vt 34.662300 -55.000000
vt 34.910900 -55.000000
vt 34.902802 -54.943199
vt 34.654202 -54.943199
vt 32.798500 -55.063702
vt 32.555302 -55.005901
vt 32.538502 -55.063702
vt 32.798500 -54.948101
vt 32.538502 -54.948101
vt 32.815300 -55.005901
vt 33.640099 -55.000000
vt 33.928600 -54.883999
vt 33.640099 -54.883999
vt 33.945000 -55.000000
vt 33.928600 -55.116001
vt 33.640099 -55.116001
vt 34.722301 -55.153400
vt 34.762901 -55.131699
vt 34.718601 -55.131699
vt 34.762901 -55.153400
vt 34.722301 -55.109901
vt 34.762901 -55.109901
vt 34.773201 -54.983501
vt 34.758400 -54.962002
vt 34.758400 -54.981098
vt 34.762901 -55.000301
vt 34.786701 -54.970001
vt 34.762901 -54.942902
vt 34.803501 -54.959702
vt 34.743801 -55.004799
vt 34.746101 -54.990002
vt 34.724602 -55.004799
vt 34.732601 -54.976398
vt 34.705502 -55.000301
vt 34.722301 -54.959702
vt 34.746201 -55.010601
vt 34.758400 -55.019402
vt 34.732601 -55.024101
vt 34.758400 -55.038502
vt 34.722301 -55.040798
vt 34.762901 -55.057598
vt 34.773201 -55.016998
vt 34.782001 -55.004799
vt 34.786701 -55.030499
vt 34.801102 -55.004799
vt 34.803501 -55.040798
vt 34.820301 -55.000301
vt 33.716099 -55.088100
vt 33.640099 -55.088100
vt 33.716099 -55.000000
vt 33.640099 -54.911900
vt 33.716099 -54.911900
vt 35.320702 -54.913101
vt 35.522202 -54.912201
vt 35.320702 -55.000000
vt 35.320702 -55.086899
vt 35.522202 -55.087799
vt 36.423500 -54.979599
vt 36.524601 -55.016499
vt 36.524601 -54.979599
vt 36.423500 -55.016499
vt 36.423500 -55.053398
vt 36.524601 -55.053398
vt 35.981499 -55.074402
vt 35.762001 -55.016499
vt 35.721500 -55.074402
vt 36.021999 -55.016499
vt 35.802601 -54.958500
vt 36.062599 -54.958500
vt 32.848499 -54.765301
vt 32.759899 -54.708900
vt 32.759899 -54.765301
vt 32.868099 -54.708900
vt 32.759899 -54.652401
vt 32.887600 -54.652401
vt 33.275398 -54.704800
vt 33.277699 -54.668800
vt 33.267399 -54.685600
vt 33.294498 -54.709400
vt 33.256199 -54.704800
vt 33.253799 -54.699100
vt 33.237099 -54.709400
vt 33.241600 -54.690300
vt 33.226799 -54.692600
vt 33.241600 -54.671101
vt 33.213299 -54.679100
vt 33.237099 -54.652000
vt 33.196499 -54.668800
vt 33.217999 -54.704800
vt 33.226799 -54.726101
vt 33.198898 -54.704800
vt 33.213299 -54.739601
vt 33.196499 -54.749901
vt 33.179699 -54.709400
vt 33.253899 -54.719700
vt 33.241600 -54.728500
vt 33.267399 -54.733200
vt 33.241600 -54.747601
vt 33.277699 -54.749901
vt 33.237099 -54.766701
vt 36.524601 -54.958500
vt 36.322601 -54.958500
vt 36.282001 -55.016499
vt 36.524601 -55.074402
vt 36.241501 -55.074402
vt 31.554399 -55.265202
vt 31.486300 -55.326599
vt 31.525101 -55.335899
vt 31.520399 -55.244202
vt 31.563999 -55.335899
vt 31.581900 -55.292599
vt 31.602800 -55.326599
vt 31.612101 -55.365501
vt 31.581900 -55.360699
vt 31.612101 -55.404400
vt 31.554399 -55.388199
vt 31.602800 -55.443199
vt 31.520399 -55.409100
vt 31.641701 -55.335899
vt 31.636900 -55.347599
vt 31.680500 -55.335899
vt 31.664301 -55.375099
vt 31.719400 -55.326599
vt 31.685301 -55.409100
vt 31.636801 -55.305698
vt 31.612101 -55.287800
vt 31.664301 -55.278198
vt 31.612101 -55.249001
vt 31.685301 -55.244202
vt 31.602800 -55.210098
vt 32.711800 -55.162300
vt 32.734600 -55.217602
vt 32.761398 -55.174099
vt 32.662201 -55.162300
vt 32.699600 -55.252602
vt 32.656200 -55.279301
vt 32.612598 -55.174099
vt 32.804901 -55.200901
vt 32.773201 -55.223801
vt 32.839901 -55.235901
vt 32.773201 -55.273399
vt 32.866600 -55.279301
vt 32.761398 -55.322899
vt 32.804798 -55.147400
vt 32.811001 -55.162300
vt 32.839901 -55.112301
vt 32.860600 -55.162300
vt 32.866600 -55.068901
vt 32.910198 -55.174099
vt 32.773201 -55.124500
vt 32.734699 -55.130699
vt 32.773201 -55.074902
vt 32.699600 -55.095600
vt 32.761398 -55.025299
vt 32.656200 -55.068901
vt 33.174099 -55.143799
vt 33.105900 -55.205299
vt 33.144798 -55.214600
vt 33.140099 -55.122898
vt 33.183601 -55.214600
vt 33.201599 -55.171299
vt 33.222500 -55.205299
vt 33.231800 -55.244202
vt 33.201500 -55.239399
vt 33.231800 -55.283100
vt 33.174000 -55.266800
vt 33.222500 -55.321899
vt 33.140099 -55.287800
vt 33.261299 -55.214600
vt 33.256500 -55.226299
vt 33.300201 -55.214600
vt 33.284000 -55.253799
vt 33.339100 -55.205299
vt 33.305000 -55.287800
vt 33.256500 -55.184399
vt 33.231800 -55.166500
vt 33.284000 -55.156898
vt 33.231800 -55.127602
vt 33.305000 -55.122898
vt 33.222500 -55.088699
vt 33.069599 -54.710400
vt 32.972401 -54.710400
vt 32.972401 -54.744801
vt 33.069599 -54.641701
vt 33.069599 -54.744801
vt 32.972401 -54.992802
vt 33.069599 -54.992802
vt 32.972401 -54.641701
vt 33.507099 -54.710400
vt 33.409901 -54.710400
vt 33.409901 -54.744801
vt 33.507099 -54.641701
vt 33.507099 -54.744801
vt 33.409901 -54.992802
vt 33.507099 -54.992802
vt 33.409901 -54.641701
vt 34.941502 -55.074402
vt 34.722000 -55.016499
vt 34.681499 -55.074402
vt 34.981998 -55.016499
vt 34.762600 -54.958500
vt 35.022598 -54.958500
vt 32.553799 -54.642601
vt 32.477798 -54.642601
vt 32.553799 -54.708900
vt 32.477798 -54.708900
vt 32.477798 -54.775200
vt 32.553799 -54.775200
vt 36.361000 -55.015900
vt 36.206799 -55.086899
vt 36.361000 -55.086899
vt 36.206799 -55.015900
vt 36.361000 -54.945000
vt 36.206799 -54.945000
vt 33.783901 -54.770599
vt 33.613998 -54.708900
vt 33.594501 -54.765301
vt 33.783901 -54.647202
vt 33.862598 -54.701199
vt 33.890499 -54.620602
vt 33.633499 -54.652401
vt 33.783901 -54.708900
vt 33.834801 -54.781898
vt 33.277699 -54.556198
vt 33.237099 -54.577900
vt 33.281399 -54.577900
vt 33.237099 -54.556198
vt 33.277699 -54.599602
vt 33.237099 -54.599602
vt 33.226799 -54.726002
vt 33.241600 -54.728401
vt 33.237099 -54.709301
vt 33.256199 -54.704700
vt 33.253899 -54.719601
vt 33.275398 -54.704700
vt 33.267399 -54.733101
vt 33.294498 -54.709301
vt 33.253799 -54.699001
vt 33.241600 -54.690201
vt 33.267399 -54.685501
vt 33.277699 -54.668701
vt 33.237099 -54.651901
vt 33.217999 -54.704700
vt 33.213299 -54.679001
vt 33.198898 -54.704700
vt 33.196499 -54.668701
vt 33.179699 -54.709301
vt 33.384899 -54.652401
vt 33.136200 -54.652401
vt 33.365299 -54.708900
vt 33.116699 -54.708900
vt 33.345798 -54.765301
vt 33.097198 -54.765301
vt 35.542599 -54.958500
vt 35.282600 -54.958500
vt 35.501999 -55.016499
vt 35.242001 -55.016499
vt 35.461498 -55.074402
vt 35.201500 -55.074402
vt 34.151100 -54.593700
vt 34.359901 -54.708900
vt 34.359901 -54.595200
vt 34.111301 -54.708900
vt 34.359901 -54.822601
vt 34.071400 -54.824100
vt 34.283901 -54.622398
vt 34.359901 -54.622398
vt 34.283901 -54.708900
vt 34.359901 -54.795300
vt 34.283901 -54.795300
vt 32.679298 -54.622501
vt 32.477798 -54.621601
vt 32.679298 -54.795200
vt 32.477798 -54.796101
vt 32.679298 -54.708900
vt 10.097100 -32.715599
vt 10.000000 -32.618599
vt 10.000000 -32.812698
vt 10.068600 -32.646999
vt 10.068600 -32.784199
vt 9.931370 -32.646999
vt 9.931370 -32.784199
vt 9.902950 -32.715599
vt 10.113200 -32.998402
vt 9.886820 -32.998402
vt 9.886820 -33.076500
vt 10.113200 -33.076500
vt 9.886820 -33.196098
vt 10.113200 -33.196098
vt 10.113200 -33.113998
vt 10.113200 -32.706699
vt 9.886820 -32.739101
vt 10.113200 -32.739101
vt 9.886820 -32.706699
vt 10.000000 -32.640202
vt 9.915240 -32.719398
vt 9.936850 -32.665600
vt 9.940880 -32.886799
vt 9.940880 -33.113201
vt 9.984100 -33.113201
vt 9.984100 -32.886799
vt 11.755600 -33.113201
vt 10.496700 -32.886799
vt 10.496700 -33.113201
vt 11.755600 -32.886799
vt 10.165100 -33.097099
vt 10.037700 -32.915199
vt 10.037700 -33.097099
vt 10.296100 -32.915199
vt 10.296100 -33.097099
vt 8.244400 -33.113201
vt 9.454630 -33.113201
vt 9.454630 -32.886799
vt 8.244400 -32.886799
vt 9.541070 -33.113201
vt 9.541070 -32.886799
vt 10.464300 -33.113201
vt 10.464300 -32.886799
vt 9.683950 -33.068600
vt 10.037700 -33.068600
vt 10.037700 -33.000000
vt 9.683950 -33.000000
vt 10.615900 -33.000000
vt 10.296100 -33.068600
vt 10.615900 -33.068600
vt 10.296100 -33.000000
vt 10.328400 -32.931400
vt 10.615900 -32.931400
vt 10.005400 -32.931400
vt 9.683950 -32.931400
vt 9.034770 -33.113201
vt 9.149870 -32.886799
vt 9.034770 -32.886799
vt 9.150030 -33.113201
vt 9.150030 -32.886799
vt 9.450880 -32.886799
vt 9.450880 -33.113201
vt 9.994650 -32.784199
vt 10.316000 -32.784199
vt 10.316000 -32.715599
vt 9.384090 -32.784199
vt 9.671560 -32.784199
vt 9.671560 -32.715599
vt 9.384090 -32.715599
vt 9.671560 -32.646999
vt 9.384090 -32.646999
vt 9.994650 -32.715599
vt 10.316000 -32.646999
vt 9.994650 -32.646999
vt 11.755600 -33.294998
vt 11.392600 -33.154499
vt 11.500600 -33.294998
vt 11.755600 -32.760700
vt 10.946100 -32.935902
vt 11.193700 -33.154499
vt 10.856300 -32.889599
vt 10.965200 -33.091000
vt 10.545400 -32.760700
vt 10.850100 -33.195900
vt 10.645700 -32.889599
vt 10.934400 -33.381401
vt 10.850000 -33.196098
vt 10.848900 -33.196098
vt 10.394100 -33.381401
vt 10.296800 -33.262600
vt 10.549100 -33.196098
vt 10.435100 -33.076500
vt 10.296800 -33.132900
vt 10.435100 -32.998402
vt 10.458900 -32.706699
vt 10.210400 -33.035702
vt 10.059100 -32.706699
vt 10.015900 -32.739101
vt 9.600500 -33.035702
vt 9.535670 -32.739101
vt 9.276330 -32.916801
vt 9.503250 -32.706699
vt 8.244400 -32.706699
vt 8.244400 -32.916801
vt 9.886820 -32.916801
vt 10.113200 -32.916801
vt 9.886820 -33.294998
vt 10.113200 -33.154499
vt 9.886820 -33.154499
vt 10.113200 -33.294998
vt 9.886820 -33.132900
vt 10.113200 -33.035702
vt 9.886820 -33.035702
vt 10.113200 -33.132900
vt 9.886820 -33.262600
vt 10.113200 -33.262600
vt 9.886820 -33.381401
vt 10.113200 -33.381401
vt 10.084800 -32.719398
vt 10.063100 -32.665600
vt 9.886820 -33.091000
vt 10.113200 -32.935902
vt 9.886820 -32.935902
vt 10.113200 -33.091000
vt 10.934400 -33.113201
vt 11.193700 -33.113201
vt 10.934400 -32.886799
vt 11.193700 -32.886799
vt 11.392600 -33.113201
vt 11.392600 -32.886799
vt 11.500600 -32.886799
vt 11.500600 -33.113201
vt 9.276330 -33.113201
vt 9.600500 -33.113201
vt 9.276330 -32.886799
vt 9.600500 -32.886799
vt 10.210400 -32.886799
vt 10.210400 -33.113201
vt 10.394100 -32.886799
vt 10.394100 -33.113201
vt 9.994650 -33.000000
vt 10.316000 -32.931400
vt 9.994650 -32.931400
vt 10.316000 -33.000000
vt 9.994650 -33.068600
vt 10.316000 -33.068600
vt 9.384090 -33.068600
vt 9.671560 -33.068600
vt 9.671560 -33.000000
vt 9.384090 -33.000000
vt 9.384090 -32.931400
vt 9.671560 -32.931400
vt 10.946100 -33.113201
vt 10.946100 -32.886799
vt 10.856300 -33.113201
vt 10.856300 -32.886799
vt 10.645700 -33.113201
vt 10.645700 -32.886799
vt 10.435100 -33.113201
vt 10.435100 -32.886799
vt 9.703870 -33.000000
vt 9.962340 -33.000000
vt 9.962340 -32.936901
vt 9.703870 -32.936901
vt 9.065630 -33.381401
vt 9.034770 -33.091000
vt 8.806290 -33.154499
vt 9.150030 -33.196098
vt 9.053910 -32.935902
vt 9.450880 -33.196098
vt 9.605900 -33.381401
vt 9.703150 -33.262600
vt 9.529090 -33.113998
vt 9.703150 -33.132900
vt 9.564900 -33.076500
vt 8.607410 -33.154499
vt 9.564900 -32.998402
vt 8.244400 -32.760700
vt 9.143670 -32.889599
vt 8.244400 -33.294998
vt 8.499360 -33.294998
vt 9.454630 -32.760700
vt 9.354290 -32.889599
vt 9.541070 -32.706699
vt 9.789600 -33.035702
vt 9.940880 -32.706699
vt 9.984100 -32.739101
vt 10.399500 -33.035702
vt 10.464300 -32.739101
vt 10.723700 -32.916801
vt 10.496700 -32.706699
vt 11.755600 -32.706699
vt 11.755600 -32.916801
vt 10.005400 -32.784199
vt 9.683950 -32.715599
vt 9.683950 -32.784199
vt 10.037700 -32.715599
vt 10.037700 -32.646999
vt 10.296100 -32.715599
vt 9.683950 -32.646999
vt 10.328400 -32.784199
vt 10.615900 -32.715599
vt 10.296100 -32.646999
vt 10.615900 -32.784199
vt 10.615900 -32.646999
vt 10.296100 -32.618599
vt 10.037700 -32.618599
vt 10.037700 -32.640202
vt 10.296100 -32.640202
vt 10.037700 -32.719398
vt 10.296100 -32.665600
vt 10.037700 -32.665600
vt 10.296100 -32.719398
vt 0.098138 -53.063400
vt 0.128758 -52.985901
vt 0.091700 -52.977200
vt 0.136879 -52.962200
vt 0.135371 -52.882198
vt 0.098932 -52.892399
vt 0.104779 -52.962700
vt 0.154436 -52.954300
vt 0.160167 -52.853401
vt 0.090195 -52.779400
vt 0.100082 -52.827000
vt 0.142945 -52.829601
vt 0.020986 -52.764301
vt 0.010048 -52.732601
vt -0.065498 -52.827400
vt -0.090199 -52.804699
vt 0.028393 -52.793999
vt -0.048841 -52.855400
vt 0.085593 -52.859001
vt 0.132626 -52.938702
vt 0.105346 -52.940498
vt 0.158572 -52.895599
vt 0.158092 -52.930901
vt 0.156509 -53.092701
vt 0.166609 -52.971401
vt 0.128745 -52.991100
vt 0.128853 -53.102600
vt 0.099258 -53.091000
vt 0.093047 -52.978298
vt 0.141538 -52.879101
vt 0.027433 -52.843300
vt 0.125935 -52.905201
vt -0.049709 -52.846298
vt 0.023627 -52.874401
vt -0.055590 -52.886700
vt -0.095779 -52.881401
vt 0.109420 -52.932499
vt 0.015791 -52.905300
vt -0.126762 -52.986801
vt -0.042420 -52.916401
vt -0.152359 -52.967499
vt -0.177303 -53.121700
vt -0.096284 -52.996498
vt -0.146385 -53.144199
vt -0.119702 -53.139400
vt -0.095405 -53.027000
vt -0.132126 -52.961899
vt -0.124541 -53.018700
vt -0.063281 -53.018200
vt -0.057903 -52.967999
vt -0.101904 -52.886700
vt -0.128412 -52.911301
vt -0.098792 -52.924500
vt -0.064718 -52.900299
vt -0.066358 -52.929798
vt -0.062495 -53.064400
vt -0.092038 -53.085899
vt -0.126134 -53.067501
vt 0.156348 -53.092602
vt 0.166609 -52.975800
vt 0.128612 -52.991600
vt 0.128608 -53.102600
vt 0.099656 -53.091202
vt 0.090662 -52.976299
vt -0.146158 -53.046398
vt -0.112746 -53.088402
vt -0.102080 -53.033798
vt -0.114596 -53.247700
vt -0.146172 -53.221401
vt -0.178513 -53.245602
vt -0.146141 -53.273201
vt -0.179623 -53.079399
vt -0.179262 -53.012100
vt 0.172182 -53.172298
vt 0.144487 -53.104000
vt 0.143419 -53.191601
vt 0.113782 -53.172401
vt 0.177604 -52.963299
vt 0.114261 -52.986099
vt 0.146113 -52.977901
vt 0.110535 -52.950600
vt 0.147124 -52.941002
vt 0.116591 -53.118698
vt 0.143788 -53.162498
vt 0.144222 -53.132702
vt 0.144758 -52.973499
vt 0.173476 -53.110001
vt 0.179568 -52.937099
vt 0.107321 -52.969398
vt 0.148145 -52.996300
vt 0.116701 -52.997101
vt 0.168874 -52.992901
vt 0.175804 -52.939301
vt 0.095224 -52.846699
vt 0.071355 -52.864700
vt 0.087513 -52.888901
vt 0.033969 -52.825199
vt 0.025688 -52.799801
vt 0.122895 -52.873100
vt 0.160760 -52.880600
vt 0.123902 -52.828300
vt -0.099611 -52.911701
vt -0.102152 -52.870899
vt -0.128567 -52.900398
vt -0.065043 -52.882198
vt -0.127364 -53.006401
vt -0.122557 -53.037998
vt -0.091108 -53.032101
vt -0.061079 -53.004200
vt -0.065642 -53.037998
vt -0.067206 -52.919800
vt -0.126209 -52.935101
vt -0.095131 -52.887199
vt -0.121335 -52.848701
vt -0.094644 -52.949501
vt -0.067098 -52.944901
vt -0.057845 -52.889099
vt 0.013834 -52.765099
vt 0.026400 -52.737301
vt -0.008367 -52.737801
vt 0.136772 -52.931000
vt 0.132796 -52.882801
vt 0.098237 -52.899601
vt 0.160215 -52.922901
vt 0.103551 -52.934101
vt 0.158628 -52.937599
vt 0.164216 -52.864101
vt 0.129214 -52.896702
vt 0.130057 -52.947899
vt 0.102365 -52.944401
vt 0.157798 -53.075401
vt 0.166400 -52.972198
vt 0.131122 -53.072701
vt -0.066771 -52.908298
vt -0.104437 -52.891300
vt -0.097593 -52.950199
vt -0.128215 -52.934502
vt -0.096381 -52.886600
vt -0.122228 -52.856800
vt -0.094251 -52.937199
vt -0.110799 -52.956001
vt -0.065981 -52.896500
vt -0.063198 -52.946899
vt 0.173093 -52.985901
vt 0.176991 -52.920601
vt 0.152171 -52.984798
vt 1.502730 -53.133499
vt 1.648400 -53.136398
vt 1.694330 -53.076500
vt 1.792230 -53.125999
vt 1.503070 -53.031300
vt 1.332790 -53.077400
vt 1.819350 -53.035801
vt 1.862230 -53.117500
vt 1.889760 -53.035099
vt 1.888070 -53.004398
vt 1.813500 -52.992699
vt 1.882960 -52.948299
vt 1.794690 -52.901100
vt 1.352420 -53.136002
vt -0.401327 -53.100399
vt -0.413792 -53.040600
vt -0.480229 -53.090199
vt -0.263371 -53.059101
vt -0.505774 -53.009998
vt -0.279478 -53.002499
vt -0.529194 -53.021000
vt -0.428885 -52.998699
vt -0.464810 -52.909801
vt -0.403894 -52.899899
vt -0.781901 -52.935799
vt -0.786969 -52.871498
vt -0.817418 -52.854301
vt -0.846256 -52.984402
vt -0.943888 -52.868401
vt -0.972435 -52.949299
vt -1.055780 -52.893200
vt -1.113680 -52.946201
vt -1.034750 -53.007301
vt -0.985416 -53.066101
vt -0.856126 -53.101200
vt -1.413150 -52.900501
vt -1.326590 -53.001701
vt -1.405310 -52.946800
vt -1.272150 -53.062901
vt -1.198790 -53.119301
vt -1.564630 -53.119701
vt -1.157240 -53.160301
vt -0.882102 -53.164101
vt -1.560880 -53.157600
vt -1.524150 -53.061699
vt -1.471770 -52.999599
vt -1.822090 -53.066299
vt -1.676700 -52.945599
vt -1.811370 -53.005600
vt -1.817850 -53.124901
vt -1.883510 -52.950298
vt -1.813260 -53.161301
vt -1.820330 -52.892700
vt -1.878490 -53.141499
vt -1.892220 -53.027401
vt -1.882760 -52.904202
vt 1.710120 -52.944801
vt 1.676310 -52.893398
vt 1.674220 -52.994999
vt 1.527200 -52.936100
vt 1.690140 -53.026100
vt 1.439160 -53.001099
vt 1.356500 -53.013199
vt 1.042020 -53.003601
vt 1.336060 -52.977901
vt 1.289860 -52.899700
vt 1.024330 -52.978199
vt 0.804223 -52.976601
vt 0.716136 -53.001999
vt 0.700221 -52.900398
vt 1.066510 -52.899200
vt 1.007970 -53.008999
vt 1.388290 -53.018398
vt 1.030100 -53.001701
vt 0.782264 -53.023602
vt -0.182672 -53.147999
vt -0.124400 -53.161800
vt -0.128109 -53.126999
vt 0.138766 -53.160801
vt 0.216713 -53.034500
vt 0.214858 -53.161900
vt 0.313163 -53.134201
vt 0.380253 -53.026199
vt 0.442589 -53.132900
vt 0.180452 -53.123901
vt 0.141649 -53.122898
vt 0.084372 -53.095402
vt 0.164263 -53.087502
vt -0.130344 -53.094501
vt -0.167172 -53.109798
vt -0.188854 -53.080601
vt -0.218313 -53.012001
vt -0.204839 -52.987301
vt -0.204089 -53.012100
vt -0.187055 -53.009701
vt -0.213195 -52.960999
vt -0.116439 -52.977901
vt -0.014732 -52.940899
vt 0.082116 -52.980400
vt -0.233025 -52.929298
vt -0.022845 -52.908199
vt 0.166310 -52.960400
vt -0.173545 -52.894199
vt 0.195329 -52.926498
vt 0.003300 -52.995399
vt 0.163086 -53.013802
vt 0.226920 -53.030399
vt 0.215807 -53.024502
vt 0.181874 -53.025700
vt 0.180496 -53.026402
vt 0.167063 -52.991600
vt 0.223454 -53.002602
vt 0.335447 -52.998501
vt 0.445352 -52.902401
vt 0.440084 -52.998501
vt 0.747878 -53.027302
vt 0.606892 -53.078899
vt 0.777140 -53.138401
vt 0.802706 -53.081501
vt 1.028130 -53.091702
vt 1.019390 -53.139198
vt -0.826571 -53.158100
vt -0.790551 -53.090000
vt -0.773311 -53.004601
vt -0.746081 -53.021900
vt -0.750867 -52.947601
vt -1.628370 -52.873199
vt -1.700870 -52.881500
vt -1.648770 -52.961201
vt -1.751710 -52.853199
vt -1.794690 -52.783501
vt -1.882960 -52.768600
vt -1.854810 -52.798801
vt -1.876350 -52.823101
vt -1.832110 -52.839500
vt -1.324240 -53.026402
vt -1.301500 -53.063400
vt -1.254720 -52.977200
vt -1.324520 -53.075298
vt -1.352430 -53.060699
vt -1.379010 -52.934898
vt -1.322140 -52.910400
vt -1.402780 -52.904099
vt -1.163860 -52.904999
vt -1.063220 -52.876900
vt -1.370060 -52.891602
vt -1.605060 -52.962700
vt -1.559560 -52.892399
vt -1.625140 -52.970299
vt 0.439467 -52.825001
vt 0.489031 -52.827400
vt 0.464810 -52.804699
vt 0.403894 -52.794498
vt 0.451667 -52.852299
vt 0.348810 -52.870899
vt 0.420478 -52.811699
vt 0.463484 -52.859001
vt 0.502932 -52.793999
vt 0.405984 -52.875900
vt 0.273192 -52.817200
vt 0.438527 -52.940498
vt 0.336984 -52.978298
vt 0.273565 -52.887299
vt 0.265163 -53.048199
vt 0.296611 -53.091000
vt 0.267825 -53.103600
vt 0.238939 -53.090900
vt 0.828644 -52.940300
vt 0.817418 -52.894901
vt 0.786969 -52.908100
vt 0.837910 -52.976299
vt 0.942353 -53.013199
vt 0.839858 -52.921001
vt 0.943888 -52.911301
vt 0.988056 -52.990200
vt 1.083400 -53.045101
vt 1.063590 -52.945099
vt 1.110290 -53.008400
vt 1.055780 -52.896999
vt 1.420430 -52.911900
vt 1.413150 -52.835300
vt 1.820330 -52.875599
vt 1.808090 -52.936699
vt 1.882760 -52.881401
vt 1.873420 -52.967499
vt 1.813330 -53.010201
vt 1.849850 -53.121700
vt 1.738150 -53.012001
vt 1.814170 -53.090000
vt 1.814550 -53.146801
vt 1.786800 -53.131802
vt -1.813350 -52.819199
vt -1.719090 -52.868698
vt -1.700840 -52.832199
vt -1.676310 -52.793900
vt -1.477980 -52.850601
vt -1.289860 -52.817001
vt -1.105450 -52.854000
vt -1.066510 -52.816799
vt -0.700221 -52.822300
vt -0.876235 -52.862000
vt -0.778929 -52.860001
vt -1.384280 -52.852901
vt -1.021880 -52.909000
vt -1.121920 -52.888000
vt -0.869941 -52.901299
vt -1.422720 -52.911301
vt -1.076570 -52.912998
vt -0.952685 -52.961899
vt -1.061720 -52.994598
vt -1.022890 -53.000500
vt -1.038830 -53.026798
vt -0.999191 -53.018700
vt -0.841724 -52.936401
vt -1.378240 -52.886700
vt -1.030100 -52.833199
vt -1.066470 -52.841099
vt -0.782264 -52.851501
vt -1.388290 -52.850101
vt -0.819034 -52.863400
vt -1.275290 -52.863400
vt -1.506290 -52.840599
vt -1.470860 -52.861599
vt -1.686080 -52.804001
vt -1.819730 -52.802101
vt -1.659660 -52.914700
vt -1.605940 -52.889900
vt -1.543830 -52.959801
vt -1.487960 -52.907299
vt -1.444730 -53.067501
vt -1.472240 -53.086601
vt -1.499160 -53.078999
vt 0.203975 -52.977600
vt 0.134557 -52.917500
vt 0.142608 -52.955101
vt 0.028541 -52.952000
vt -0.127325 -53.091000
vt -0.098319 -53.103600
vt -0.098398 -53.041698
vt -0.068981 -53.091202
vt -0.161927 -52.977299
vt -0.037414 -52.976299
vt -0.110721 -52.936401
vt 1.718720 -53.044998
vt 1.655600 -53.022999
vt 1.656060 -52.990200
vt 1.592110 -53.031101
vt 1.574050 -53.000702
vt 1.522500 -53.061100
vt 1.497760 -52.994202
vt 1.420810 -53.012100
vt 1.471730 -53.067699
vt 1.512790 -53.076401
vt 1.462680 -53.075600
vt 1.421410 -53.046398
vt 1.344620 -53.227798
vt 1.329660 -53.274300
vt 1.372600 -53.245602
vt 1.266670 -53.151798
vt 1.394160 -53.079399
vt 1.322550 -53.038898
vt 1.197960 -53.075901
vt 1.144210 -53.107700
vt 1.104480 -52.955101
vt 1.174760 -52.959099
vt 1.338640 -52.947701
vt 1.141900 -52.997601
vt 1.263100 -53.035198
vt 1.315040 -53.169102
vt 1.339120 -53.116501
vt 1.339500 -53.191601
vt 1.366910 -53.172401
vt 1.396550 -52.986099
vt 1.420270 -52.950600
vt 1.682640 -52.933701
vt 1.503780 -52.940899
vt 1.580000 -52.967300
vt 1.655030 -52.977699
vt 1.631610 -53.114700
vt 1.735380 -52.969398
vt 1.656140 -53.134499
vt 1.678980 -53.118698
vt 1.810930 -52.944000
vt 1.780230 -52.980202
vt 1.819130 -53.004501
vt 1.846780 -52.997101
vt 1.875100 -52.932499
vt -0.235023 -52.902401
vt -0.251691 -52.943001
vt -0.084372 -52.886600
vt -0.292219 -52.885101
vt -0.164263 -52.888901
vt -0.233624 -52.874001
vt -0.185192 -52.864700
vt -0.237756 -52.835499
vt -0.188590 -52.825199
vt -0.215807 -52.807701
vt -0.181874 -52.799801
vt -0.421962 -52.812801
vt -0.463760 -52.834900
vt -0.674852 -52.845001
vt 0.130344 -52.889702
vt 0.188854 -52.874500
vt 0.218637 -52.805000
vt 0.233025 -52.767502
vt 0.022845 -52.760201
vt 0.173545 -52.795101
vt 0.262433 -52.843700
vt 0.001954 -52.794102
vt 0.072172 -52.848900
vt -0.195329 -52.776001
vt 0.332392 -52.839500
vt 0.310531 -52.900398
vt 0.254319 -52.906399
vt 0.097815 -52.906700
vt 0.297639 -53.006401
vt 0.114065 -52.938900
vt 0.208728 -52.961399
vt 0.272384 -53.010300
vt 0.278652 -53.037998
vt 0.248989 -53.030998
vt 0.024148 -52.874699
vt 0.054483 -52.886501
vt 0.003464 -52.848701
vt -0.007897 -52.887199
vt -0.089751 -52.859299
vt -0.065262 -52.935101
vt -0.092190 -52.939899
vt -0.177409 -52.810699
vt -0.121996 -52.937401
vt -0.174352 -52.852501
vt -0.282221 -52.886600
vt -0.178108 -52.884102
vt -0.289389 -52.856800
vt -0.330689 -52.805599
vt -0.445352 -52.796799
vt -0.368111 -52.855099
vt -0.695148 -52.947899
vt -0.636531 -52.897400
vt -0.724795 -52.899399
vt -0.723426 -52.953499
vt -0.752541 -52.948101
vt -0.796432 -52.903900
vt -0.874726 -52.893200
vt -1.023550 -52.889301
vt -0.950352 -52.899601
vt -0.979505 -52.934101
vt -0.997860 -52.938301
vt -1.026120 -52.930199
vt -1.092240 -52.901901
vt -1.136910 -52.944401
vt -0.777013 -52.891300
vt -0.632034 -52.879398
vt -0.442221 -52.840801
vt -0.475604 -52.866699
vt -0.445780 -52.883701
vt -0.405654 -52.933399
vt -0.363609 -52.936001
vt -0.377142 -52.956501
vt -0.325642 -52.934502
vt -0.335005 -52.956001
vt 0.884144 -52.992802
vt 0.908476 -52.987701
vt 0.881766 -52.960201
vt 0.943358 -52.961102
vt 0.859190 -52.989700
vt 0.832775 -52.949501
vt -0.131079 -52.965500
vt -0.133990 -52.873402
vt -0.167440 -52.931301
vt -0.104436 -52.961201
vt -0.096918 -52.881500
vt -0.088546 -52.812401
vt -0.035145 -52.735100
vt -0.117473 -52.787102
vt -0.022171 -52.761398
vt -0.050650 -52.818199
vt -0.004436 -52.732101
vt -0.025025 -52.792702
vt 0.026205 -52.794300
vt 0.051746 -52.768600
vt 0.011551 -52.822300
vt 0.070624 -52.823101
vt 0.091512 -52.798801
vt -0.161341 -53.058102
vt -0.125767 -53.069599
vt -0.133938 -52.925598
vt -0.163157 -52.914398
vt -0.102530 -52.934898
vt -0.098684 -53.060699
vt -0.135842 -52.889400
vt -0.099702 -52.904099
vt -0.157715 -52.963200
vt -0.128644 -52.991699
vt -0.157577 -53.091202
vt -0.128608 -53.105099
vt -0.099433 -53.090900
vt -0.166609 -52.974899
vt 0.160618 -52.940300
vt 0.128498 -52.908100
vt 0.110987 -52.951000
vt 0.135264 -52.976299
vt 0.098681 -52.924000
vt 0.127905 -52.994598
vt 0.128518 -52.912998
vt 0.102391 -52.888000
vt 0.094457 -52.991402
vt 0.122954 -53.026798
vt 0.094278 -53.034698
vt 0.065444 -53.026798
vt 0.060668 -52.997200
vt 0.067154 -52.932701
vt 0.069019 -52.902699
vt 0.098601 -52.868698
vt 0.063289 -52.878300
vt 0.070017 -52.927601
vt 0.095972 -52.928200
vt 0.126219 -52.914700
vt 0.063749 -53.073399
vt 0.094269 -52.973099
vt 0.056952 -52.964699
vt 0.096203 -53.087101
vt 0.131898 -52.959801
vt 0.119126 -53.078999
vt -0.091041 -52.977600
vt -0.157654 -53.091000
vt -0.128693 -52.991699
vt -0.128606 -53.105000
vt -0.099548 -53.091000
vt -0.091339 -52.977299
vt 0.146856 -53.044998
vt 0.119637 -53.143101
vt 0.151742 -53.147301
vt 0.177280 -53.131802
vt 0.107309 -53.040699
vt 0.179262 -53.012100
vt 0.150884 -53.075600
vt 0.176654 -53.067699
vt 0.109037 -53.153702
vt 0.116011 -53.259602
vt 0.146194 -53.167400
vt 0.146311 -53.272301
vt 0.175873 -53.274300
vt 0.183953 -53.151798
vt 0.177783 -53.107700
vt 0.148127 -53.045101
vt 0.147150 -53.121601
vt 0.117470 -53.116100
vt 0.115259 -53.048801
vt -0.149278 -52.944801
vt -0.117426 -52.997601
vt -0.108511 -52.955101
vt -0.144859 -53.003201
vt -0.172072 -52.990398
vt -0.180389 -52.958401
vt -0.181419 -53.031601
vt -0.173714 -53.169899
vt -0.143542 -53.050900
vt -0.143405 -53.192200
vt -0.112822 -53.169102
vt -0.105457 -53.035198
vt -0.146808 -52.965599
vt -0.116860 -53.114700
vt -0.110359 -52.967300
vt -0.145025 -53.134300
vt -0.181206 -53.085602
vt -0.143788 -53.162498
vt -0.112171 -53.134499
vt -0.168847 -53.115398
vt -0.135155 -52.874001
vt -0.157369 -52.934502
vt -0.127930 -52.947300
vt -0.105404 -52.943001
vt -0.099372 -52.885101
vt -0.109816 -52.857700
vt -0.011978 -52.733398
vt -0.147993 -52.859001
vt -0.023486 -52.805000
vt -0.080622 -52.874500
vt -0.012072 -52.759399
vt 0.012695 -52.739498
vt 0.130630 -52.906700
vt 0.129301 -52.848900
vt 0.094233 -52.886501
vt 0.123926 -52.938900
vt 0.094231 -52.978298
vt 0.122897 -53.030998
vt 0.132126 -52.961399
vt 0.095019 -52.949100
vt 0.096901 -53.035801
vt 0.063355 -53.028599
vt 0.056485 -52.968201
vt 0.066676 -52.944500
vt 0.060298 -52.890202
vt 0.067897 -52.946899
vt 0.095079 -52.884102
vt 0.057278 -52.894199
vt 0.099942 -52.948399
vt 0.124965 -52.937401
vt 0.118878 -52.852501
vt -0.154382 -52.940102
vt -0.131903 -52.949100
vt -0.167477 -52.923401
vt -0.098611 -52.903900
vt -0.134700 -52.890800
vt -0.128932 -52.944801
vt -0.167737 -52.910198
vt -0.158464 -52.932499
vt 0.127768 -52.933399
vt 0.098723 -52.883701
vt 0.094228 -52.948299
vt 0.067941 -52.895699
vt 0.062536 -52.936798
vt -0.117646 -52.949501
vt -0.146444 -52.990799
vt -0.118474 -52.989700
vt -0.144349 -52.938900
vt -0.175566 -52.976299
vt -0.158060 -52.899799
vt -0.104850 -52.902401
vt -0.073078 -52.923302
vt -0.089952 -52.862099
vt -0.021900 -52.882000
vt -0.004590 -52.850399
vt 0.052432 -52.887199
vt 0.020306 -52.915100
vt 0.064176 -52.860802
vt -1.715030 -53.133999
vt -1.836220 -53.094299
vt -1.830930 -53.127399
vt -1.700870 -53.096901
vt -1.890440 -53.088501
vt -1.751710 -53.076900
vt -1.877460 -53.050598
vt -1.819730 -53.027199
vt -1.884780 -53.025002
vt -1.880310 -52.988400
vt -1.876350 -52.929401
vt -1.910010 -52.973801
vt -1.836280 -52.937698
vt -1.832110 -52.904099
vt -1.778390 -52.956501
vt -1.324520 -53.128601
vt -1.301500 -53.098099
vt -1.324520 -53.098099
vt -1.352430 -53.098701
vt -1.360170 -53.125801
vt -1.352760 -53.161301
vt -1.370060 -53.066101
vt -1.322140 -53.086399
vt -1.163860 -53.083000
vt -1.402780 -53.099701
vt -1.480920 -53.102299
vt -1.421380 -53.135799
vt -1.478490 -53.136101
vt -1.539050 -53.135399
vt -1.559560 -53.098900
vt -1.628370 -53.080101
vt -1.624780 -53.129299
vt -1.595310 -53.136902
vt -1.605060 -53.104801
vt -1.625140 -53.099701
vt -1.600560 -53.154400
vt -1.634360 -53.157700
vt -1.651650 -53.131100
vt -1.648770 -53.104401
vt 0.442028 -52.928398
vt 0.489031 -52.934502
vt 0.451667 -52.903500
vt 0.348810 -52.897800
vt 0.465241 -52.951199
vt 0.400189 -52.959400
vt 0.414236 -53.014500
vt 0.502932 -53.028400
vt 0.332119 -52.935001
vt 0.273192 -53.028702
vt 0.420478 -53.031502
vt 0.453398 -53.132599
vt 0.438527 -53.105301
vt 0.336984 -53.092999
vt 0.348570 -53.128700
vt 0.434229 -53.158100
vt 0.330873 -53.166599
vt 0.267825 -53.128601
vt 0.296670 -53.156502
vt 0.306881 -53.128899
vt 0.267825 -53.159100
vt 0.296611 -53.099300
vt 0.238956 -53.157600
vt 0.267825 -53.098099
vt 0.231044 -53.128601
vt 0.238939 -53.099400
vt 0.853758 -52.903000
vt 0.837910 -52.864700
vt 0.801753 -52.889000
vt 0.835154 -52.989899
vt 0.934123 -52.873901
vt 0.942353 -52.842300
vt 0.923747 -52.910400
vt 1.100880 -52.884701
vt 1.083400 -52.851898
vt 1.889200 -53.015800
vt 1.884280 -52.957600
vt 1.817750 -52.985001
vt 1.819900 -53.069599
vt 1.875100 -53.109402
vt 1.805430 -52.944698
vt 1.810930 -53.096901
vt 1.846000 -52.880299
vt 1.856060 -52.853600
vt 1.814550 -52.853699
vt 1.813960 -52.885502
vt 1.849850 -52.822701
vt 1.788470 -52.880402
vt 1.814550 -52.823299
vt 1.777660 -52.848301
vt 1.786800 -52.822701
vt -1.719090 -52.901402
vt -1.039570 -52.905701
vt -0.999191 -52.875500
vt -1.038830 -52.876999
vt -0.996010 -52.904598
vt -0.940714 -52.904400
vt -0.952685 -52.867901
vt -0.841724 -52.873299
vt -0.952632 -52.942101
vt -0.999037 -52.936699
vt -1.038900 -52.934601
vt -1.014260 -52.951500
vt -1.104410 -52.931000
vt -1.109420 -52.956699
vt -1.230560 -52.966301
vt -1.121920 -52.897598
vt -1.301510 -52.927200
vt -1.378240 -52.898102
vt -1.402240 -52.935299
vt -1.019550 -53.004101
vt -0.875205 -52.953602
vt -1.553940 -52.969898
vt -1.388290 -53.018398
vt -0.693808 -53.028198
vt -0.674852 -53.030102
vt -0.782264 -53.023602
vt -0.819034 -53.033798
vt -0.724795 -53.084202
vt -1.023550 -53.080101
vt -1.063220 -53.066101
vt -1.066470 -53.001499
vt -1.275290 -53.025501
vt -1.470860 -53.036400
vt -1.506290 -53.023300
vt -1.694160 -53.019501
vt -1.621070 -52.952702
vt -1.703520 -52.936699
vt -1.671450 -52.903999
vt -1.662710 -52.930000
vt -1.609660 -52.940201
vt -1.563750 -52.905701
vt -1.659660 -52.873798
vt -1.544610 -52.943001
vt -1.543830 -52.868099
vt -1.474520 -52.905899
vt -1.497310 -52.936298
vt -1.474520 -52.936401
vt -1.503920 -52.903801
vt -1.442430 -52.937500
vt -1.499160 -52.880901
vt -1.439150 -52.908001
vt -1.444730 -52.873901
vt -1.472240 -52.871498
vt 0.142348 -53.162399
vt 0.203643 -53.166599
vt 0.190066 -53.128601
vt 0.142608 -53.095001
vt 0.203975 -53.091000
vt 0.129777 -53.128700
vt 0.028531 -53.162498
vt 0.028541 -53.095100
vt 0.025391 -53.128601
vt -0.021197 -53.128601
vt -0.037294 -53.166599
vt -0.098319 -53.128601
vt -0.069048 -53.156300
vt -0.059191 -53.128601
vt -0.098319 -53.159100
vt -0.127292 -53.157700
vt -0.135208 -53.128601
vt -0.127325 -53.099499
vt -0.098319 -53.098099
vt -0.248825 -53.157398
vt -0.159341 -53.166599
vt -0.175519 -53.128700
vt -0.068981 -53.099701
vt -0.037414 -53.090698
vt -0.161927 -53.091301
vt -0.257102 -53.127899
vt 1.718720 -52.853100
vt 1.654770 -52.893002
vt 1.736460 -52.892700
vt 1.655600 -52.853699
vt 1.592110 -52.853199
vt 1.572590 -52.895100
vt 1.534050 -52.848000
vt 1.522500 -52.816399
vt 1.512790 -52.825401
vt 1.497810 -52.853699
vt 1.471730 -52.823299
vt 1.525870 -52.881100
vt 1.497340 -52.887199
vt 1.462680 -52.849098
vt 1.471260 -52.882401
vt 1.421410 -52.853802
vt 1.420990 -52.897900
vt 1.371840 -52.885399
vt 1.368630 -52.853901
vt 1.339500 -52.884300
vt 1.339500 -52.853901
vt 1.372600 -52.821499
vt 1.316560 -52.883999
vt 1.308350 -52.853699
vt 1.329660 -52.824100
vt 1.266670 -52.816002
vt 1.144210 -52.822201
vt 1.245770 -52.853802
vt 1.132020 -52.852901
vt 1.146280 -52.882500
vt 1.265650 -52.890999
vt 1.059330 -52.952000
vt 0.953637 -52.982101
vt 1.401670 -52.960098
vt 1.122980 -52.984699
vt 0.966172 -53.014801
vt 0.851583 -53.061798
vt 1.151890 -53.018799
vt 1.409570 -52.983299
vt 0.969018 -53.054699
vt 0.943358 -53.118198
vt 1.026160 -53.108799
vt 0.970666 -53.148399
vt 1.226970 -53.054901
vt 1.081650 -53.149300
vt 1.404830 -53.004700
vt 1.104480 -53.108501
vt 1.506080 -53.008301
vt 1.521810 -53.040699
vt 1.696980 -52.981899
vt 1.686980 -52.955399
vt 1.729270 -53.009701
vt 1.741930 -53.071899
vt 1.557980 -53.069801
vt 1.682640 -53.086899
vt 1.338640 -53.097099
vt 1.503780 -53.109200
vt 1.141900 -53.117401
vt 1.245410 -53.143501
vt 1.263100 -53.105499
vt 1.134690 -53.144901
vt 1.144050 -53.172100
vt 1.263610 -53.181400
vt 1.315310 -53.173698
vt 1.339500 -53.143398
vt 1.311040 -53.143398
vt 1.315040 -53.112801
vt 1.339500 -53.173901
vt 1.368300 -53.172199
vt 1.339500 -53.112900
vt 1.369630 -53.143398
vt 1.366910 -53.113800
vt 1.420270 -53.110500
vt 1.440380 -53.147099
vt 1.499130 -53.147099
vt 1.562480 -53.146801
vt 1.580000 -53.110401
vt 1.656140 -53.112202
vt 1.631610 -53.116901
vt 1.629230 -53.145000
vt 1.656160 -53.143799
vt 1.678980 -53.116600
vt 1.768230 -53.145302
vt 1.735380 -53.107300
vt 1.736190 -53.144798
vt 1.780230 -53.114300
vt 1.815820 -53.143002
vt 1.819130 -53.112400
vt 1.846780 -53.116699
vt 1.815120 -53.172401
vt 1.857450 -53.148102
vt 1.846260 -53.168900
vt 1.736900 -53.179600
vt 1.808290 -53.183102
vt -0.251691 -53.105400
vt -0.373940 -53.107601
vt -0.304143 -53.135201
vt -0.292219 -53.099400
vt -0.233624 -53.069801
vt -0.372737 -53.073502
vt -0.237756 -53.030399
vt -0.463760 -53.036999
vt -0.624780 -53.075500
vt -0.636531 -53.101601
vt -0.614523 -53.136600
vt -0.370133 -53.139702
vt 0.208728 -52.867901
vt 0.114065 -52.876099
vt 0.194977 -52.905800
vt 0.102860 -52.904999
vt 0.267825 -52.905899
vt 0.278652 -52.877399
vt 0.248989 -52.877102
vt 0.298523 -52.908901
vt 0.241754 -52.903099
vt 0.248120 -52.936600
vt 0.278616 -52.934399
vt 0.184336 -52.971298
vt 0.067070 -53.001999
vt 0.112238 -52.933300
vt 0.211268 -52.943501
vt 0.054483 -52.905800
vt 0.023231 -52.942902
vt 0.071089 -52.939701
vt 0.022713 -52.970200
vt -0.015182 -53.001701
vt 0.024148 -52.904701
vt -0.007897 -52.904900
vt 0.072172 -52.870701
vt 0.003464 -52.878700
vt -0.022560 -52.942200
vt -0.065262 -52.873798
vt -0.097076 -52.905602
vt -0.061129 -52.905399
vt -0.063653 -52.932899
vt -0.092190 -52.869499
vt -0.094413 -52.938202
vt -0.120578 -52.932098
vt -0.131168 -52.900101
vt -0.121996 -52.875000
vt -0.178108 -52.904900
vt -0.219198 -52.940300
vt -0.152902 -52.942699
vt -0.282221 -52.903599
vt -0.171118 -52.972198
vt -0.304155 -52.933998
vt -0.687576 -53.137600
vt -0.695148 -53.104900
vt -0.708283 -53.158401
vt -0.724392 -53.129299
vt -0.753438 -53.154400
vt -0.723426 -53.099300
vt -0.757779 -53.131901
vt -0.752541 -53.105099
vt -0.796432 -53.098598
vt -0.874726 -53.101299
vt -0.815343 -53.134701
vt -0.924973 -53.132801
vt -0.826051 -53.153500
vt -0.949434 -53.159599
vt -0.950352 -53.098202
vt -0.999762 -53.128899
vt -0.970405 -53.136799
vt -0.979505 -53.103500
vt -0.980735 -53.160198
vt -0.997860 -53.097900
vt -1.002090 -53.158501
vt -1.026120 -53.102200
vt -1.018630 -53.167702
vt -1.085350 -53.129200
vt -1.093950 -53.164200
vt -1.092240 -53.093102
vt -1.136910 -53.102402
vt -1.235320 -53.128799
vt -1.127560 -53.130100
vt -1.141090 -53.158600
vt -1.254720 -53.091702
vt -1.255040 -53.166401
vt -1.312100 -53.157799
vt -1.293620 -53.131100
vt -0.226920 -53.030399
vt -0.366958 -52.945900
vt -0.383952 -53.031898
vt -0.462691 -52.958000
vt -0.656780 -52.958401
vt -0.640872 -52.923100
vt -0.799273 -52.933201
vt -0.839700 -52.929798
vt -0.830006 -52.902401
vt -0.777013 -52.895599
vt -0.632034 -52.890999
vt -0.451634 -52.934399
vt -0.475604 -52.897499
vt -0.445780 -52.901299
vt -0.424899 -52.932098
vt -0.405654 -52.872200
vt -0.410526 -52.905800
vt -0.377142 -52.876999
vt -0.335005 -52.889198
vt -0.333127 -52.936798
vt -0.310861 -52.905800
vt -0.405374 -52.937500
vt -0.377297 -52.934502
vt -0.365454 -52.905899
vt 0.859743 -53.175598
vt 0.894692 -53.173100
vt 0.883776 -53.144100
vt 0.913539 -53.152199
vt 1.077210 -53.171501
vt 0.944094 -53.176998
vt 0.908476 -53.118801
vt 0.884144 -53.111900
vt 0.859190 -53.118500
vt 0.854504 -53.146400
vt 0.881766 -53.106899
vt 0.832775 -53.117599
vt 0.823999 -53.144299
vt 0.782827 -53.104900
vt 0.787955 -53.073101
vt 0.764233 -52.979698
vt 1.624850 -52.843498
vt 1.555370 -52.853401
vt 1.642890 -52.931301
vt 1.698120 -52.841400
vt 1.715030 -52.873402
vt 1.648400 -52.787498
vt 1.502730 -52.807400
vt 1.819530 -52.815201
vt 1.792230 -52.770100
vt 1.862230 -52.787102
vt 1.830930 -52.839500
vt 1.890440 -52.812401
vt 1.400020 -52.860901
vt 1.376910 -52.914398
vt 1.421380 -52.889400
vt 1.475940 -52.843700
vt 1.352420 -52.824001
vt 1.478490 -52.872200
vt 1.539050 -52.882198
vt 1.595310 -52.962200
vt 1.600560 -52.954300
vt 1.634360 -52.963200
vt -0.401327 -52.770699
vt -0.451086 -52.829601
vt -0.273259 -52.837101
vt -0.480229 -52.779400
vt -0.263371 -52.743801
vt -0.182672 -52.859001
vt -0.273192 -52.817200
vt -0.420478 -52.811699
vt -0.414236 -52.829800
vt -0.449281 -52.895599
vt -0.391530 -52.892399
vt -0.434229 -52.930901
vt -0.330873 -52.971401
vt -0.228982 -52.917000
vt -0.263474 -53.048801
vt -0.296670 -53.092701
vt -0.267825 -53.103600
vt -0.238956 -53.091202
vt -0.203643 -52.974899
vt -0.882102 -52.886700
vt -1.157240 -52.877201
vt -1.077210 -52.909698
vt -1.183360 -52.915501
vt -1.560880 -52.864399
vt -1.129780 -52.958401
vt -1.872420 -52.996498
vt -1.805430 -52.951599
vt -1.884280 -52.916401
vt -1.846000 -53.139400
vt -1.813060 -53.041599
vt -1.813960 -53.150902
vt -1.788470 -53.143101
vt -1.736460 -53.040699
vt 0.999037 -53.018200
vt 1.038900 -53.026798
vt 1.024260 -53.000198
vt 0.952632 -52.967999
vt 1.061180 -52.997200
vt 1.076680 -52.932701
vt 1.014260 -52.908501
vt 1.104410 -52.902699
vt 0.875205 -52.903099
vt 1.109420 -52.892601
vt 1.019550 -52.853298
vt 1.388290 -52.850101
vt 1.007970 -52.835400
vt 0.782264 -52.851501
vt 0.693808 -52.855000
vt 1.819730 -52.802101
vt 1.686080 -52.804001
vt 1.694160 -52.813000
vt 1.506290 -52.840599
vt 1.778390 -52.857498
vt 1.553940 -52.867500
vt 1.621070 -52.882099
vt 1.703520 -52.878300
vt 1.662710 -52.927601
vt 1.478280 -52.895802
vt 1.402240 -52.900299
vt 1.609660 -52.939899
vt 1.423990 -52.929798
vt 1.544610 -52.964699
vt 1.474540 -53.029900
vt 1.497310 -53.073399
vt 1.474520 -53.089600
vt 1.442430 -53.064400
vt -0.142348 -52.953300
vt -0.028531 -52.951599
vt 0.089860 -52.922501
vt 0.037294 -52.975800
vt -0.124400 -52.884701
vt 0.138766 -52.880600
vt 0.102554 -53.051102
vt 0.069048 -53.092602
vt 0.098319 -53.103600
vt 0.127292 -53.091000
vt 0.159341 -52.974899
vt 0.261725 -52.890202
vt 0.248825 -52.934502
vt -1.654770 -53.019199
vt -1.686980 -52.940300
vt -1.572590 -53.027599
vt -1.525870 -53.075401
vt -1.502800 -53.002701
vt -1.497340 -53.078300
vt -1.471260 -53.073299
vt -1.420990 -53.033798
vt -1.401670 -52.908298
vt -1.338080 -53.042599
vt -1.394390 -53.088402
vt -1.339140 -53.221500
vt -1.371840 -53.247700
vt -1.339500 -53.273201
vt -1.316560 -53.259602
vt -1.265650 -53.153702
vt -1.190710 -53.036301
vt -1.146280 -53.116100
vt -1.100880 -53.048801
vt -1.122690 -53.002399
vt -1.059330 -52.972599
vt -0.923747 -53.001999
vt -0.953637 -52.949501
vt -1.122980 -52.933800
vt -1.409570 -52.879799
vt -1.081650 -52.944801
vt -0.970666 -52.939999
vt -1.134690 -53.003201
vt -1.263610 -53.031601
vt -1.144050 -52.990398
vt -1.323490 -52.983700
vt -1.418270 -52.910999
vt -1.337900 -53.121101
vt -1.396060 -52.963299
vt -1.315310 -53.169899
vt -1.339500 -53.191601
vt -1.368300 -53.172298
vt -1.440380 -52.941002
vt -1.498460 -52.904900
vt -1.499130 -52.931702
vt -1.580500 -52.932899
vt -1.562480 -52.965599
vt -1.656620 -52.937500
vt -1.813260 -52.880100
vt -1.637670 -53.085602
vt -1.736900 -52.937099
vt -1.656180 -53.129299
vt -1.630900 -53.115398
vt -1.656160 -53.162498
vt -1.677080 -53.110001
vt -1.685400 -53.132702
vt -1.768230 -52.975498
vt -1.736190 -52.973499
vt -1.808290 -52.977600
vt -1.815120 -52.999199
vt -1.846260 -52.992901
vt -1.861960 -52.939301
vt -1.814700 -52.916801
vt -1.878490 -52.879101
vt 0.304143 -52.874001
vt 0.674852 -52.845001
vt 0.421962 -52.812801
vt 0.304446 -52.836102
vt 0.370133 -52.857899
vt 0.614523 -52.878101
vt 0.512613 -52.831799
vt 0.214858 -52.848301
vt 0.442589 -52.790401
vt 0.313163 -52.795101
vt -0.067070 -52.810902
vt -0.218637 -52.805000
vt -0.204089 -52.759399
vt -0.187055 -52.773499
vt -0.116439 -52.746601
vt -0.204839 -52.739498
vt 0.003300 -52.775101
vt 0.082116 -52.746799
vt -0.278616 -53.037998
vt -0.267653 -53.006401
vt -0.298726 -53.004200
vt -0.310356 -52.919800
vt -0.248120 -53.028599
vt -0.264148 -52.886101
vt -0.332119 -52.882198
vt -0.211268 -52.968201
vt -0.184336 -52.853802
vt -0.120376 -52.882401
vt -0.112238 -52.944500
vt -0.071089 -52.890202
vt -0.023231 -52.875500
vt -0.022713 -52.833302
vt 0.015182 -52.808899
vt 0.099624 -52.852501
vt 0.163086 -52.765099
vt 0.022560 -52.889099
vt 0.063653 -52.944901
vt 0.085682 -52.894798
vt 0.094413 -52.950802
vt 0.120578 -52.946899
vt 0.152902 -52.894199
vt 0.171118 -52.867401
vt 0.226920 -52.815399
vt 0.181874 -52.799801
vt 0.215807 -52.807701
vt 0.167063 -52.737801
vt 0.777140 -52.821201
vt 0.644319 -52.859299
vt 0.723848 -52.857300
vt 0.826051 -52.853401
vt 1.019390 -52.813900
vt 0.746274 -52.923401
vt 0.687576 -52.946301
vt 0.708283 -52.944401
vt 0.753438 -52.940102
vt 0.757779 -52.949100
vt 0.815343 -52.890800
vt 0.924973 -52.882801
vt 0.949434 -52.858898
vt 0.980735 -52.922901
vt 1.019330 -52.855701
vt 1.002090 -52.932499
vt 1.018630 -52.910198
vt 1.093950 -52.864101
vt 1.191230 -52.909401
vt 1.141090 -52.937599
vt 1.255040 -52.972198
vt 1.322660 -52.861198
vt 1.321910 -52.910301
vt 1.329500 -53.036800
vt 1.312100 -53.075401
vt 1.352760 -53.058102
vt 0.383952 -52.816700
vt 0.839700 -52.949799
vt 0.799273 -52.908298
vt 0.366958 -52.889599
vt 0.424899 -52.895699
vt 0.451634 -52.881802
vt 0.365454 -52.934502
vt 0.304155 -52.896500
vt 0.405374 -52.936798
vt 0.333127 -52.946899
vt 0.377297 -52.956501
vt -0.882622 -52.915100
vt -0.944094 -52.920601
vt -0.883850 -52.954601
vt -0.826571 -52.899799
vt -0.894692 -52.985901
vt -0.859743 -52.976299
vt -0.913539 -52.984798
vt 12.222400 -43.104801
vt 12.220500 -42.881699
vt 12.179300 -42.886002
vt 12.181300 -43.109100
vt 11.794900 -42.879299
vt 11.792900 -43.104099
vt 11.836500 -42.882801
vt 11.834500 -43.107601
vt 12.203200 -43.047100
vt 12.208200 -43.155602
vt 12.228700 -43.162998
vt 12.183600 -43.058998
vt 12.180700 -43.263000
vt 12.199300 -43.279701
vt 11.806300 -43.040199
vt 11.783100 -43.156200
vt 11.803400 -43.148499
vt 11.826000 -43.051800
vt 11.814700 -43.272301
vt 11.833200 -43.255299
vt 12.178000 -43.352402
vt 12.196500 -43.311001
vt 12.177900 -43.294399
vt 12.196600 -43.368999
vt 11.873700 -43.103100
vt 11.875600 -42.878300
vt 11.827900 -43.348999
vt 11.828900 -43.290100
vt 11.810400 -43.307098
vt 11.809400 -43.365898
vt 12.141600 -43.105000
vt 12.139600 -42.881802
vt 12.201200 -42.813400
vt 12.102000 -42.868301
vt 12.211800 -42.861401
vt 12.098500 -42.819801
vt 11.903300 -42.813202
vt 11.800700 -42.808300
vt 11.901100 -42.861401
vt 11.791300 -42.856300
vt 12.221700 -42.898102
vt 12.104800 -42.905399
vt 12.217500 -42.937199
vt 12.107700 -42.944000
vt 11.898200 -42.898899
vt 11.785700 -42.932701
vt 11.895400 -42.937801
vt 11.781300 -42.893398
vt 12.169700 -42.842499
vt 12.127800 -42.925598
vt 12.174600 -42.926701
vt 12.127000 -42.841202
vt 11.831500 -42.836899
vt 11.873200 -42.919998
vt 11.873900 -42.834999
vt 11.826600 -42.921700
vt 12.181800 -42.830200
vt 12.111800 -42.915699
vt 12.187700 -42.914501
vt 12.111100 -42.831299
vt 11.887800 -42.910301
vt 11.817800 -42.825298
vt 11.811900 -42.910301
vt 11.888500 -42.825298
vt 12.172100 -43.257198
vt 12.221400 -43.141701
vt 12.200700 -43.139702
vt 12.190600 -43.271702
vt 12.178200 -43.025299
vt 12.197400 -43.012501
vt 11.822000 -43.258400
vt 11.794700 -43.139999
vt 11.773900 -43.142300
vt 11.803400 -43.273399
vt 11.818400 -43.023899
vt 11.799300 -43.011200
vt 11.870100 -42.907299
vt 11.851400 -42.891300
vt 12.150100 -42.930901
vt 12.148600 -42.868198
vt 12.129900 -42.882999
vt 12.131400 -42.945599
vt 11.844500 -42.874100
vt 11.846400 -42.649300
vt 11.818100 -42.871201
vt 11.820100 -42.646400
vt 11.850400 -42.926498
vt 11.868200 -42.879002
vt 11.849700 -42.864399
vt 11.869000 -42.941101
vt 12.131800 -42.912800
vt 12.150300 -42.896500
vt 12.166900 -42.860401
vt 12.138900 -42.640701
vt 12.140900 -42.863899
vt 12.164900 -42.637299
vt 11.791500 -42.648899
vt 11.789500 -42.873699
vt 12.193800 -42.639400
vt 12.195700 -42.862499
vt 12.305800 -42.791801
vt 12.227200 -42.796799
vt 12.233200 -42.816399
vt 12.309400 -42.771301
vt 12.384700 -42.819302
vt 12.297700 -43.196602
vt 12.222800 -43.174000
vt 12.217400 -43.193699
vt 12.302200 -43.216900
vt 12.376700 -43.166801
vt 12.006400 -42.901501
vt 11.963400 -42.791901
vt 11.929400 -42.903301
vt 11.925200 -42.800701
vt 12.002200 -42.798801
vt 11.990400 -43.199299
vt 11.990400 -43.096699
vt 11.952200 -43.208099
vt 11.914000 -43.098499
vt 11.914000 -43.201199
vt 12.047900 -42.897999
vt 12.043400 -42.788200
vt 11.620500 -42.875599
vt 11.660600 -42.875999
vt 11.632300 -42.861099
vt 11.657400 -42.896400
vt 11.607200 -42.836498
vt 11.712900 -42.895000
vt 11.623700 -42.835098
vt 11.712400 -42.874199
vt 11.629700 -42.806198
vt 11.823900 -42.892399
vt 11.615700 -42.794899
vt 11.823400 -42.871601
vt 11.654500 -42.780998
vt 11.959900 -42.873901
vt 11.647500 -42.762100
vt 11.971500 -42.888901
vt 11.709100 -42.771099
vt 11.969800 -42.818199
vt 11.709500 -42.750301
vt 11.957700 -42.831501
vt 11.821300 -42.784698
vt 11.818200 -42.804901
vt 12.266000 -43.124401
vt 12.229500 -43.103600
vt 12.226200 -43.124001
vt 12.181200 -43.105000
vt 12.254300 -43.138901
vt 12.181600 -43.125801
vt 12.279000 -43.163502
vt 12.091500 -43.107601
vt 12.262600 -43.164902
vt 12.091900 -43.128399
vt 12.256500 -43.193802
vt 11.981800 -43.126099
vt 12.270300 -43.205101
vt 11.970300 -43.111099
vt 12.231700 -43.219002
vt 11.971600 -43.181801
vt 12.238600 -43.237900
vt 11.984700 -43.168499
vt 12.184400 -43.228901
vt 12.093500 -43.215302
vt 12.183800 -43.249699
vt 12.097500 -43.195099
vt 12.261500 -42.860401
vt 12.221400 -42.862701
vt 12.225600 -42.882900
vt 12.176800 -42.883999
vt 12.249100 -42.846401
vt 12.176300 -42.863201
vt 12.273000 -42.820702
vt 12.085400 -42.865398
vt 12.256400 -42.820099
vt 12.085900 -42.886200
vt 12.249000 -42.791500
vt 11.997600 -42.873001
vt 12.262400 -42.779499
vt 11.986700 -42.888500
vt 12.223100 -42.767502
vt 11.985000 -42.817799
vt 12.229200 -42.748299
vt 11.998900 -42.830200
vt 12.174900 -42.759998
vt 12.083300 -42.778500
vt 12.173400 -42.739300
vt 12.088500 -42.798401
vt 11.669400 -43.137299
vt 11.629600 -43.139599
vt 11.641800 -43.153599
vt 11.665300 -43.117100
vt 11.617900 -43.179298
vt 11.720600 -43.116001
vt 11.634400 -43.179901
vt 11.721000 -43.136799
vt 11.641600 -43.208500
vt 11.831700 -43.134602
vt 11.628200 -43.220501
vt 11.831400 -43.113800
vt 11.667200 -43.232498
vt 11.944400 -43.126999
vt 11.661100 -43.251701
vt 11.955200 -43.111500
vt 11.722000 -43.240002
vt 11.956500 -43.182201
vt 11.723200 -43.260700
vt 11.943800 -43.169800
vt 11.833300 -43.221500
vt 11.829100 -43.201599
vt 12.032500 -43.208698
vt 12.032500 -43.098900
vt 11.962400 -42.870098
vt 12.022100 -42.849899
vt 11.958400 -42.851398
vt 12.026100 -42.868599
vt 12.027500 -43.129902
vt 12.019900 -43.148602
vt 12.040300 -42.868198
vt 12.032200 -42.849701
vt 12.010800 -43.149601
vt 11.950100 -43.131802
vt 11.946600 -43.150299
vt 12.014300 -43.131001
vt 11.689100 -42.880501
vt 11.737600 -42.643902
vt 11.655800 -42.868698
vt 11.770800 -42.655701
vt 11.826600 -42.686298
vt 11.751300 -42.893398
vt 11.659400 -43.091599
vt 11.797800 -43.142300
vt 11.690600 -42.976200
vt 11.705200 -43.142601
vt 11.721800 -43.199902
vt 11.717800 -43.273399
vt 12.194900 -43.272301
vt 12.185000 -43.156200
vt 12.133500 -43.264198
vt 11.996200 -43.214600
vt 12.065700 -43.273800
vt 12.016100 -43.307098
vt 11.972000 -43.365898
vt 11.607200 -43.058300
vt 12.302500 -43.104099
vt 12.384300 -42.879299
vt 12.270700 -43.092300
vt 12.352500 -42.867500
vt 12.290500 -42.855202
vt 12.215200 -43.062302
vt 12.178700 -42.846001
vt 12.122800 -42.999901
vt 11.999400 -42.915901
vt 12.030200 -42.830898
vt 12.009600 -42.869598
vt 11.942400 -42.933102
vt 11.981200 -42.946800
vt 11.929000 -42.884499
vt 11.945000 -42.846699
vt 12.088800 -42.856300
vt 12.073300 -42.893398
vt 12.074800 -42.808300
vt 12.036600 -42.793999
vt 12.019400 -42.961102
vt 11.997800 -42.780300
vt 12.061200 -42.932701
vt 11.956600 -42.808102
vt 12.019200 -43.063202
vt 12.173800 -43.040199
vt 11.860700 -42.904499
vt 12.015000 -42.825298
vt 11.916700 -42.750599
vt 11.984100 -42.910301
vt 11.876500 -43.011200
vt 11.772800 -42.894199
vt 11.647900 -42.859501
vt 11.770500 -42.650600
vt 11.734000 -42.636299
vt 11.684400 -42.873699
vt 11.665700 -43.088799
vt 11.710400 -43.140701
vt 11.719600 -43.126202
vt 11.674900 -43.074299
vt 11.614100 -43.054600
vt 11.623300 -43.040001
vt 12.284300 -43.105000
vt 12.334700 -42.868198
vt 12.248600 -43.091400
vt 12.370400 -42.881802
vt 12.041600 -42.891300
vt 11.977900 -42.918900
vt 11.967800 -42.864399
vt 11.998800 -42.926498
vt 12.257600 -43.088501
vt 12.287600 -42.855202
vt 12.212300 -43.062302
vt 12.339400 -42.863701
vt 11.696800 -42.884300
vt 11.823700 -42.686298
vt 11.778600 -42.659500
vt 11.748300 -42.893398
vt 11.914600 -42.750599
vt 11.858600 -42.904499
vt 12.176600 -42.846001
vt 12.120700 -42.999901
vt 12.009200 -42.919998
vt 12.040100 -42.834999
vt 11.971500 -42.906300
vt 12.002400 -42.821301
vt 11.954700 -42.856300
vt 11.950900 -42.941898
vt 12.027300 -42.971298
vt 11.938100 -42.893398
vt 12.082100 -42.905399
vt 12.069400 -42.944000
vt 12.009600 -42.790298
vt 11.967500 -42.817600
vt 12.086000 -42.819801
vt 12.098800 -42.868301
vt 11.818800 -42.679699
vt 11.739400 -42.885201
vt 12.279400 -42.857399
vt 12.200100 -43.062901
vt 11.908500 -42.745701
vt 11.849500 -42.898399
vt 11.997100 -42.915699
vt 12.029700 -42.831299
vt 12.012200 -42.921501
vt 12.109700 -42.998798
vt 12.168600 -42.846001
vt 12.044800 -42.837200
vt 12.049900 -42.912800
vt 12.022700 -43.081402
vt 12.178300 -43.058998
vt 11.985700 -42.939201
vt 11.972500 -42.882999
vt 11.877400 -43.025299
vt 12.002400 -42.945599
vt 11.777200 -42.904301
vt 11.669100 -42.874100
vt 11.750900 -42.649300
vt 12.285900 -43.098701
vt 12.367700 -42.873901
vt 12.190400 -43.155602
vt 11.999500 -43.215199
vt 11.702300 -42.967300
vt 11.803800 -43.139702
vt 12.111900 -43.000198
vt 12.056200 -42.842499
vt 12.022900 -42.926701
vt 12.170900 -42.847500
vt 12.198700 -43.061600
vt 12.278000 -42.855999
vt 11.843500 -42.896599
vt 12.015300 -42.826801
vt 11.902500 -42.743900
vt 11.983400 -42.911499
vt 11.736200 -42.883099
vt 11.815600 -42.677601
vt 12.201400 -43.263000
vt 12.140100 -43.253799
vt 12.072100 -43.262100
vt 12.021900 -43.294399
vt 11.976600 -43.352402
vt 11.735200 -43.183800
vt 11.729700 -43.257198
vt 12.272300 -43.099701
vt 12.358400 -42.876598
vt 12.246700 -43.089600
vt 12.332800 -42.866501
vt 11.682200 -42.871899
vt 11.743500 -42.639400
vt 11.657400 -42.862499
vt 11.768300 -42.648701
vt 11.794900 -42.633999
vt 11.834500 -42.854099
vt 11.836500 -42.631001
vt 11.792900 -42.857101
vt 12.181300 -42.865200
vt 12.220500 -42.643902
vt 12.179300 -42.640400
vt 12.222400 -42.868698
vt 12.228700 -42.976200
vt 12.180700 -43.043301
vt 12.199300 -43.058300
vt 11.833200 -43.040001
vt 11.783100 -42.973598
vt 11.814700 -43.054600
vt 12.177900 -43.184898
vt 12.196900 -43.142601
vt 12.178300 -43.127602
vt 12.196500 -43.199902
vt 12.178000 -43.258400
vt 12.196600 -43.273399
vt 11.875600 -42.636299
vt 11.873700 -42.859501
vt 11.811600 -43.140701
vt 11.810400 -43.198299
vt 11.828900 -43.183800
vt 11.827900 -43.257198
vt 11.809400 -43.271702
vt 11.830100 -43.126202
vt 12.139600 -42.644901
vt 12.141600 -42.869701
vt 12.107700 -42.889702
vt 12.217500 -42.884499
vt 12.104800 -42.852200
vt 12.221700 -42.846699
vt 12.211800 -42.808102
vt 12.102000 -42.813301
vt 11.785700 -42.886501
vt 11.898200 -42.856300
vt 11.781300 -42.848999
vt 11.895400 -42.893398
vt 11.791300 -42.810799
vt 11.901100 -42.817600
vt 12.109900 -42.938000
vt 12.212600 -42.933102
vt 11.789300 -42.935501
vt 11.891900 -42.941898
vt 12.127800 -42.906300
vt 12.169700 -42.821899
vt 12.127000 -42.821301
vt 12.174600 -42.907200
vt 11.831500 -42.826801
vt 11.873200 -42.911201
vt 11.873900 -42.826801
vt 11.826600 -42.911499
vt 12.111800 -42.915901
vt 12.181800 -42.830898
vt 12.111100 -42.830898
vt 12.187700 -42.915901
vt 11.817800 -42.836102
vt 11.887800 -42.921501
vt 11.888500 -42.837200
vt 11.811900 -42.920399
vt 12.172100 -43.348999
vt 12.221400 -43.214600
vt 12.200700 -43.211800
vt 12.190600 -43.365898
vt 12.178200 -43.077202
vt 12.197400 -43.063202
vt 11.822000 -43.352402
vt 11.773900 -43.217701
vt 11.803400 -43.368999
vt 11.794700 -43.215199
vt 11.818400 -43.081402
vt 11.799300 -43.067101
vt 12.150100 -42.918900
vt 12.131400 -42.935001
vt 11.820100 -42.879601
vt 11.844500 -43.100101
vt 11.846400 -42.876999
vt 11.818100 -43.102798
vt 11.869000 -42.939201
vt 11.850400 -42.922901
vt 12.140900 -43.098701
vt 12.164900 -42.876801
vt 12.138900 -42.873901
vt 12.166900 -43.101601
vt 12.195700 -43.099098
vt 12.193800 -42.874401
vt 11.789500 -43.099701
vt 11.791500 -42.876598
vt 12.068400 -43.196899
vt 12.021900 -43.177898
vt 12.018200 -43.196499
vt 12.072100 -43.178299
vt 12.136400 -43.198002
vt 12.140100 -43.179401
vt 12.197700 -43.199299
vt 12.201400 -43.180698
vt 12.018700 -42.828899
vt 12.068300 -42.830101
vt 12.065700 -42.811600
vt 12.133500 -42.813202
vt 12.016100 -42.810398
vt 12.136100 -42.831699
vt 12.194900 -42.814701
vt 12.197500 -42.833199
vt 12.069400 -43.217499
vt 12.069400 -43.107700
vt 12.027300 -43.212601
vt 12.027300 -43.109901
vt 12.056700 -42.895401
vt 12.019400 -42.789299
vt 12.015200 -42.891899
vt 12.061200 -42.785702
vt 11.981200 -42.780499
vt 11.938200 -42.890099
vt 11.942400 -42.787399
vt 11.989100 -43.219501
vt 11.950900 -43.108101
vt 11.950900 -43.210701
vt 12.211800 -42.893200
vt 12.260800 -42.894402
vt 12.257600 -42.874001
vt 12.297700 -42.873699
vt 12.212300 -42.872398
vt 12.285900 -42.859100
vt 12.120700 -42.870300
vt 12.311100 -42.834499
vt 12.120200 -42.891102
vt 12.294500 -42.833099
vt 12.009200 -42.873199
vt 12.288500 -42.804298
vt 11.997600 -42.888199
vt 12.302500 -42.792900
vt 11.999400 -42.812302
vt 12.263700 -42.779099
vt 12.010700 -42.826599
vt 12.270700 -42.760101
vt 12.122800 -42.780800
vt 12.215600 -42.769299
vt 12.125900 -42.800999
vt 12.215200 -42.748501
vt 11.687700 -43.125999
vt 11.739100 -43.127602
vt 11.739400 -43.106800
vt 11.684400 -43.105598
vt 11.849500 -43.108898
vt 11.647900 -43.126301
vt 11.849100 -43.129700
vt 11.659600 -43.140900
vt 11.985600 -43.126801
vt 11.634800 -43.165501
vt 11.997100 -43.111801
vt 11.651200 -43.166901
vt 11.995700 -43.187698
vt 11.657400 -43.195702
vt 11.983400 -43.173401
vt 11.643600 -43.207100
vt 11.847500 -43.219200
vt 11.682200 -43.220901
vt 11.843500 -43.199001
vt 11.675300 -43.239899
vt 11.736200 -43.230701
vt 11.736800 -43.251499
vt 11.747800 -42.882198
vt 11.696800 -42.860699
vt 11.692600 -42.880901
vt 11.656700 -42.858398
vt 11.748300 -42.861401
vt 11.669100 -42.844501
vt 11.858600 -42.863998
vt 11.645200 -42.818699
vt 11.858100 -42.884899
vt 11.661800 -42.818100
vt 11.971500 -42.872200
vt 11.669200 -42.789600
vt 11.982300 -42.887798
vt 11.655800 -42.777599
vt 11.984100 -42.811901
vt 11.695200 -42.765598
vt 11.970900 -42.825401
vt 11.689100 -42.746300
vt 11.860700 -42.774502
vt 11.749800 -42.758202
vt 11.855500 -42.794498
vt 11.751300 -42.737499
vt 12.244500 -43.139301
vt 12.200100 -43.117802
vt 12.199700 -43.138599
vt 12.109300 -43.136002
vt 12.248600 -43.119099
vt 12.109700 -43.115101
vt 12.284300 -43.141602
vt 12.023000 -43.127800
vt 12.272100 -43.155499
vt 12.012200 -43.112202
vt 12.295900 -43.181301
vt 12.010800 -43.188099
vt 12.279500 -43.181900
vt 12.022900 -43.174599
vt 12.272300 -43.210400
vt 12.107700 -43.225498
vt 12.285700 -43.222401
vt 12.111900 -43.205502
vt 12.246700 -43.234402
vt 12.198700 -43.241798
vt 12.252800 -43.253700
vt 12.197500 -43.262501
vt 11.877400 -43.178200
vt 12.009900 -43.150101
vt 12.002400 -43.131401
vt 11.884000 -43.197300
vt 11.998800 -42.850399
vt 11.869400 -42.818401
vt 11.990700 -42.868999
vt 11.876500 -42.799301
vt 12.270300 -42.633999
vt 12.324700 -42.869099
vt 12.356400 -42.857101
vt 12.238600 -42.645901
vt 12.183800 -42.677399
vt 12.263200 -42.882999
vt 11.628200 -42.881699
vt 11.714300 -43.104801
vt 11.747200 -43.091900
vt 11.661100 -42.868698
vt 11.723200 -42.855099
vt 11.802500 -43.060699
vt 11.863600 -43.270401
vt 12.001200 -43.217701
vt 11.811300 -43.162998
vt 11.931600 -43.278801
vt 11.981800 -43.311001
vt 12.027100 -43.368999
vt 12.198200 -43.141701
vt 12.274000 -43.198299
vt 12.289600 -43.140701
vt 12.279500 -43.271702
vt 12.334300 -43.088799
vt 12.302200 -42.973598
vt 12.385900 -43.054600
vt 11.802300 -43.279701
vt 11.930600 -42.937199
vt 11.981500 -42.872898
vt 11.917900 -42.898102
vt 11.972700 -42.964901
vt 12.010900 -42.949699
vt 12.032500 -42.810799
vt 12.045200 -42.848999
vt 11.990400 -42.783901
vt 11.952200 -42.798199
vt 12.049100 -42.935501
vt 11.914000 -42.813400
vt 12.061900 -42.886501
vt 11.901200 -42.861401
vt 12.004300 -42.914501
vt 12.093500 -42.743999
vt 11.971600 -42.830200
vt 12.152500 -42.896702
vt 12.340600 -43.091599
vt 12.286700 -43.127602
vt 12.294800 -43.142601
vt 12.332500 -43.076599
vt 12.392800 -43.058300
vt 12.384700 -43.043301
vt 12.116000 -43.012501
vt 12.217400 -42.893501
vt 11.892300 -42.997002
vt 11.956500 -42.836102
vt 11.833300 -42.844299
vt 11.989200 -42.920399
vt 11.974300 -43.067101
vt 11.819300 -43.047100
vt 11.702300 -43.103100
vt 11.657400 -42.865101
vt 11.620500 -42.878300
vt 11.739200 -43.089802
vt 12.343300 -42.869701
vt 12.261500 -42.644901
vt 12.225600 -42.658199
vt 12.307400 -42.882900
vt 12.019900 -42.868198
vt 11.990100 -42.930901
vt 11.946600 -42.896500
vt 12.010800 -42.922901
vt 12.312300 -42.874802
vt 12.181600 -42.679401
vt 12.260900 -42.884899
vt 12.226200 -42.651699
vt 11.755500 -43.089600
vt 11.721000 -42.857101
vt 11.669400 -42.866501
vt 11.800300 -43.062599
vt 11.831700 -42.845699
vt 11.890700 -42.998402
vt 12.091900 -42.745300
vt 12.150900 -42.898102
vt 12.014400 -42.911201
vt 11.981800 -42.826801
vt 11.977000 -42.925598
vt 11.944400 -42.841202
vt 11.984800 -42.966000
vt 11.931400 -42.898899
vt 11.943300 -42.937801
vt 12.061800 -42.938000
vt 12.059700 -42.852200
vt 12.075500 -42.889702
vt 11.929400 -42.813202
vt 11.915600 -42.861401
vt 12.006400 -42.785198
vt 12.047900 -42.813301
vt 11.712900 -42.855202
vt 11.788200 -43.062302
vt 12.176800 -42.686298
vt 12.252200 -42.893398
vt 11.823900 -42.846001
vt 11.879800 -42.999901
vt 12.002400 -42.915901
vt 11.971500 -42.830898
vt 12.017700 -42.910301
vt 12.141900 -42.904499
vt 12.085900 -42.750599
vt 11.986700 -42.825298
vt 12.233200 -42.904701
vt 12.040300 -42.879002
vt 12.130600 -43.023899
vt 12.009300 -42.941101
vt 11.962400 -42.907299
vt 11.984300 -43.077202
vt 12.026100 -42.935001
vt 11.829200 -43.051800
vt 11.727900 -43.100101
vt 11.641800 -42.876999
vt 12.340400 -42.863899
vt 12.254300 -42.640701
vt 12.305800 -42.969601
vt 12.201100 -43.139999
vt 11.814200 -43.148499
vt 12.004000 -43.211800
vt 12.144500 -42.904099
vt 11.998900 -42.821899
vt 12.029100 -42.907200
vt 12.088500 -42.750198
vt 12.250200 -42.893299
vt 12.174900 -42.686199
vt 11.629700 -42.874401
vt 11.711500 -43.099098
vt 11.736300 -43.089901
vt 11.654500 -42.865101
vt 11.709100 -42.855801
vt 11.784400 -43.062801
vt 11.818200 -42.848598
vt 11.874100 -43.002499
vt 11.957700 -42.836899
vt 11.989300 -42.921700
vt 11.931700 -43.256901
vt 11.863900 -43.247200
vt 11.802500 -43.255299
vt 12.270100 -43.184898
vt 12.274100 -43.258400
vt 11.981300 -43.290100
vt 12.025400 -43.348999
vt 12.249000 -42.648899
vt 12.304800 -42.882900
vt 12.330800 -42.873699
vt 12.223100 -42.658100
vt 0.055156 0.944842
vt -0.000000 0.954307
vt -0.000000 0.921996
vt -0.055158 0.944842
vt 0.032309 0.967690
vt 0.078004 1.000000
vt 0.045692 1.000000
vt -0.032309 0.967690
vt -0.078004 1.000000
vt -0.045692 1.000000
vt -0.032309 1.032310
vt -0.055158 1.055160
vt -0.000000 1.045690
vt 0.032309 1.032310
vt -0.000000 1.078000
vt 0.055156 1.055160
vt -0.927552 1.000000
vt -0.927552 1.066920
vt -0.945555 1.055160
vt -0.945555 1.000000
vt -0.945555 0.944843
vt -0.927552 0.933075
vt 0.945555 0.944842
vt 0.927552 1.000000
vt 0.927552 0.933075
vt 0.945555 1.000000
vt 0.945555 1.055160
vt 0.927552 1.066920
vt 0.068941 0.931059
vt 0.126460 1.000000
vt 0.097498 1.000000
vt 0.089420 0.910580
vt 0.000000 0.873541
vt 0.068941 1.068940
vt 0.089420 1.089420
vt 0.000000 1.097500
vt 0.000000 1.126460
vt 0.000000 1.056740
vt -0.068941 1.068940
vt -0.089420 1.089420
vt -0.126460 1.000000
vt -0.040124 1.040120
vt -0.097498 1.000000
vt -0.056745 1.000000
vt -0.068941 0.931059
vt -0.089420 0.910580
vt -0.040124 0.959875
vt 0.000000 0.902503
vt 0.000000 0.943255
vt 0.040124 0.959875
vt 0.040124 1.040120
vt 0.056745 1.000000
vt 0.945555 0.944843
vt -0.945555 0.944842
vt 51.999901 -9.416740
vt 51.999901 -9.326650
vt 51.881802 -9.409090
vt 51.881802 -9.326650
vt 52.118099 -9.409090
vt 52.118099 -9.326650
vt 51.999901 -9.174100
vt 51.882900 -9.068860
vt 51.882900 -9.174100
vt 51.999901 -9.059080
vt 52.116901 -9.068860
vt 52.116901 -9.174100
vt 51.999901 -9.295420
vt 51.999901 -9.205330
vt 51.886299 -9.287760
vt 51.886299 -9.205330
vt 52.113602 -9.287760
vt 52.113602 -9.205330
vt 52.153400 -8.668800
vt 52.131699 -8.709370
vt 52.153400 -8.709370
vt 52.131699 -8.665040
vt 52.109901 -8.668800
vt 52.109901 -8.709370
vt 52.109100 -8.681100
vt 52.059101 -8.681100
vt 52.109100 -8.709050
vt 52.059101 -8.709050
vt 52.109100 -8.736990
vt 52.059101 -8.736990
vt 51.959702 -8.556190
vt 52.000301 -8.577900
vt 52.000301 -8.556190
vt 51.955898 -8.577900
vt 51.959702 -8.599610
vt 52.000301 -8.599610
vt 51.847099 -8.709290
vt 51.847099 -8.749850
vt 51.868801 -8.709290
vt 51.868801 -8.753620
vt 51.890499 -8.749850
vt 51.890499 -8.709290
vt 51.972000 -8.600440
vt 51.972000 -8.650430
vt 51.999901 -8.600440
vt 51.999901 -8.650430
vt 52.027901 -8.600440
vt 52.027901 -8.650430
vt 51.941299 -8.737550
vt 51.891300 -8.709610
vt 51.891300 -8.737550
vt 51.941299 -8.709610
vt 51.891300 -8.681670
vt 51.941299 -8.681670
vt 49.605301 -8.999920
vt 49.695400 -8.999920
vt 49.612999 -8.881760
vt 49.695400 -8.881760
vt 49.612999 -9.118090
vt 49.695400 -9.118090
vt 51.360001 -9.024100
vt 51.387100 -9.000270
vt 51.367901 -8.995720
vt 51.370300 -9.040830
vt 51.346401 -9.010580
vt 51.348801 -8.995720
vt 51.329700 -9.000270
vt 51.346401 -8.989980
vt 51.334202 -8.981170
vt 51.359901 -8.976460
vt 51.334202 -8.962050
vt 51.370300 -8.959700
vt 51.329700 -8.942900
vt 51.319401 -8.983540
vt 51.310600 -8.995720
vt 51.305901 -8.970020
vt 51.291401 -8.995720
vt 51.289101 -8.959700
vt 51.272301 -9.000270
vt 51.334202 -9.019410
vt 51.319401 -9.017020
vt 51.334202 -9.038530
vt 51.305901 -9.030540
vt 51.329700 -9.057630
vt 51.289101 -9.040830
vt 51.329700 -8.847090
vt 51.289101 -8.847090
vt 51.329700 -8.868800
vt 51.285400 -8.868800
vt 51.289101 -8.890510
vt 51.329700 -8.890510
vt 51.370300 -9.153370
vt 51.329700 -9.131660
vt 51.329700 -9.153370
vt 51.374001 -9.131660
vt 51.370300 -9.109950
vt 51.329700 -9.109950
vt 51.357300 -9.059130
vt 51.329300 -9.109120
vt 51.357300 -9.109120
vt 51.329300 -9.059130
vt 51.301399 -9.109120
vt 51.301399 -9.059130
vt 50.980202 -9.056820
vt 51.228802 -9.056820
vt 50.988201 -9.000000
vt 51.236900 -9.000000
vt 51.228802 -8.943180
vt 50.980202 -8.943180
vt 53.911999 -9.005900
vt 53.652000 -9.005900
vt 53.895199 -9.063720
vt 53.895199 -8.948070
vt 53.635201 -9.063720
vt 53.635201 -8.948070
vt 54.415199 -8.948070
vt 54.172001 -9.005900
vt 54.431999 -9.005900
vt 54.415199 -9.063720
vt 54.155201 -8.948070
vt 54.155201 -9.063720
vt 51.357300 -8.941330
vt 51.357300 -8.891340
vt 51.329300 -8.941330
vt 51.329300 -8.891340
vt 51.301399 -8.941330
vt 51.301399 -8.891340
vt 53.115200 -9.063720
vt 53.375198 -9.063720
vt 53.132000 -9.005900
vt 53.391998 -9.005900
vt 53.375198 -8.948070
vt 53.115200 -8.948070
vt 51.477402 -9.056820
vt 51.726101 -9.056820
vt 51.485500 -9.000000
vt 51.734200 -9.000000
vt 51.726101 -8.943180
vt 51.477402 -8.943180
vt 51.224998 -8.999920
vt 51.315102 -8.999920
vt 51.232700 -8.886280
vt 51.315102 -8.886280
vt 51.232700 -9.113570
vt 51.315102 -9.113570
vt 50.854000 -8.999920
vt 50.959202 -8.882920
vt 50.854000 -8.882920
vt 50.969002 -8.999920
vt 50.959202 -9.116930
vt 50.854000 -9.116930
vt 52.119701 -8.884030
vt 51.983101 -8.922610
vt 52.119701 -9.000000
vt 52.243698 -8.884030
vt 51.994598 -9.000000
vt 52.260201 -9.000000
vt 51.983101 -9.077390
vt 52.243698 -9.115970
vt 52.119701 -9.115970
vt 52.632099 -8.713830
vt 52.653599 -8.698980
vt 52.639999 -8.685450
vt 52.651199 -8.713830
vt 52.612900 -8.709290
vt 52.629700 -8.668730
vt 52.670300 -8.709290
vt 52.653599 -8.719580
vt 52.665798 -8.728390
vt 52.640099 -8.733100
vt 52.665798 -8.747510
vt 52.629700 -8.749850
vt 52.670300 -8.766650
vt 52.680599 -8.726020
vt 52.689400 -8.713830
vt 52.694099 -8.739540
vt 52.708599 -8.713830
vt 52.710899 -8.749850
vt 52.727699 -8.709290
vt 52.665798 -8.690150
vt 52.680599 -8.692540
vt 52.665798 -8.671020
vt 52.694099 -8.679020
vt 52.670300 -8.651920
vt 52.710899 -8.668730
vt 52.790699 -8.708870
vt 53.019798 -8.652420
vt 52.771198 -8.652420
vt 53.039398 -8.708870
vt 52.810200 -8.765320
vt 53.058899 -8.765320
vt 50.145401 -9.016480
vt 50.364799 -8.958550
vt 50.104801 -8.958550
vt 50.405399 -9.016480
vt 50.185902 -9.074400
vt 50.445900 -9.074400
vt 54.222099 -9.409090
vt 54.304600 -9.443230
vt 54.256100 -9.388140
vt 54.295300 -9.404340
vt 54.283600 -9.360660
vt 54.295300 -9.365480
vt 54.304600 -9.326650
vt 54.325500 -9.360620
vt 54.343399 -9.335900
vt 54.353001 -9.388090
vt 54.382301 -9.335900
vt 54.387001 -9.409090
vt 54.421200 -9.326650
vt 54.338600 -9.305700
vt 54.295300 -9.287760
vt 54.366100 -9.278220
vt 54.295300 -9.248890
vt 54.304600 -9.210060
vt 54.387001 -9.244210
vt 54.265701 -9.335900
vt 54.270500 -9.305660
vt 54.226799 -9.335900
vt 54.243099 -9.278180
vt 54.188000 -9.326650
vt 54.222099 -9.244210
vt 53.046799 -9.185890
vt 53.040798 -9.279350
vt 53.067501 -9.235880
vt 52.997200 -9.174100
vt 53.096401 -9.185890
vt 53.102600 -9.200800
vt 53.146000 -9.174100
vt 53.134201 -9.223660
vt 53.172699 -9.217510
vt 53.134201 -9.273270
vt 53.207802 -9.252590
vt 53.146000 -9.322940
vt 53.251301 -9.279350
vt 53.195599 -9.185890
vt 53.172798 -9.130640
vt 53.245201 -9.185890
vt 53.207901 -9.095560
vt 53.251301 -9.068860
vt 53.294899 -9.174100
vt 53.102600 -9.147340
vt 53.134201 -9.124430
vt 53.067501 -9.112260
vt 53.134201 -9.074820
vt 53.040798 -9.068860
vt 53.146000 -9.025270
vt 52.602501 -9.287760
vt 52.684898 -9.321910
vt 52.636501 -9.266820
vt 52.675701 -9.283020
vt 52.664001 -9.239340
vt 52.675701 -9.244160
vt 52.684898 -9.205330
vt 52.705799 -9.239290
vt 52.723701 -9.214580
vt 52.733299 -9.266770
vt 52.762600 -9.214580
vt 52.767300 -9.287760
vt 52.801498 -9.205330
vt 52.718899 -9.184380
vt 52.675701 -9.166430
vt 52.746399 -9.156900
vt 52.675701 -9.127570
vt 52.684898 -9.088740
vt 52.767300 -9.122890
vt 52.646000 -9.214580
vt 52.650902 -9.184340
vt 52.607201 -9.214580
vt 52.623402 -9.156860
vt 52.568298 -9.205330
vt 52.602501 -9.122890
vt 52.670300 -8.556190
vt 52.629700 -8.556190
vt 52.670300 -8.577900
vt 52.625999 -8.577900
vt 52.629700 -8.599610
vt 52.670300 -8.599610
vt 49.625401 -9.016480
vt 49.844799 -8.958550
vt 49.584801 -8.958550
vt 49.885399 -9.016480
vt 49.665901 -9.074400
vt 49.925900 -9.074400
vt 52.670700 -8.650430
vt 52.670700 -8.600440
vt 52.642700 -8.650430
vt 52.642700 -8.600440
vt 52.698601 -8.600440
vt 52.698601 -8.650430
vt 52.689400 -8.713910
vt 52.680599 -8.692620
vt 52.670300 -8.709370
vt 52.708599 -8.713910
vt 52.694099 -8.679090
vt 52.710899 -8.668800
vt 52.727699 -8.709370
vt 52.653599 -8.699050
vt 52.665798 -8.690220
vt 52.639999 -8.685530
vt 52.665798 -8.671100
vt 52.629700 -8.668800
vt 52.670300 -8.652000
vt 52.653599 -8.719660
vt 52.651199 -8.713910
vt 52.640099 -8.733180
vt 52.632099 -8.713910
vt 52.629700 -8.749930
vt 52.612900 -8.709370
vt 52.665798 -8.728470
vt 52.680599 -8.726100
vt 52.665798 -8.747590
vt 52.694099 -8.739620
vt 52.670300 -8.766730
vt 52.710899 -8.749930
vt 50.665401 -9.016480
vt 50.884800 -8.958550
vt 50.624802 -8.958550
vt 50.925400 -9.016480
vt 50.705898 -9.074400
vt 50.965900 -9.074400
vt 52.542099 -8.708870
vt 52.312901 -8.765320
vt 52.561600 -8.765320
vt 52.293400 -8.708870
vt 52.522598 -8.652420
vt 52.273899 -8.652420
vt 51.880299 -8.824080
vt 52.044800 -8.701230
vt 51.880299 -8.708870
vt 52.072701 -8.781870
vt 52.016899 -8.620580
vt 51.835999 -8.824080
vt 51.796101 -8.708870
vt 51.880299 -8.593660
vt 51.756302 -8.593660
vt 51.890900 -8.681100
vt 51.940899 -8.709050
vt 51.940899 -8.681100
vt 51.890900 -8.709050
vt 51.940899 -8.736990
vt 51.890900 -8.736990
vt 52.152901 -8.709290
vt 52.152901 -8.668730
vt 52.131199 -8.709290
vt 52.131199 -8.664960
vt 52.109501 -8.668730
vt 52.109501 -8.709290
vt 51.955399 -8.577900
vt 51.999699 -8.577900
vt 51.959202 -8.556190
vt 51.999699 -8.556190
vt 51.959202 -8.599610
vt 51.999699 -8.599610
vt 52.028000 -8.600440
vt 52.000099 -8.650430
vt 52.028000 -8.650430
vt 52.000099 -8.600440
vt 51.972099 -8.650430
vt 51.972099 -8.600440
vt 52.058701 -8.737550
vt 52.108700 -8.737550
vt 52.058701 -8.709610
vt 52.108700 -8.709610
vt 52.058701 -8.681670
vt 52.108700 -8.681670
vt 51.846600 -8.749930
vt 51.868301 -8.709370
vt 51.846600 -8.709370
vt 51.868301 -8.753700
vt 51.890099 -8.749930
vt 51.890099 -8.709370
vt 52.000099 -9.115230
vt 52.000099 -9.205330
vt 52.113701 -9.122890
vt 52.113701 -9.205330
vt 51.886398 -9.122890
vt 51.886398 -9.205330
vt 52.000099 -9.174100
vt 52.117100 -9.279350
vt 52.117100 -9.174100
vt 52.000099 -9.289120
vt 51.883099 -9.279350
vt 51.883099 -9.174100
vt 52.000099 -9.236550
vt 52.000099 -9.326650
vt 52.118198 -9.244210
vt 52.118198 -9.326650
vt 51.881901 -9.244210
vt 51.881901 -9.326650
vt 53.146000 -8.999920
vt 53.251301 -8.882920
vt 53.146000 -8.882920
vt 53.261002 -8.999920
vt 53.251301 -9.116930
vt 53.146000 -9.116930
vt 52.594799 -8.999920
vt 52.684898 -8.999920
vt 52.602501 -8.886280
vt 52.684898 -8.886280
vt 52.602501 -9.113570
vt 52.684898 -9.113570
vt 52.642700 -9.109120
vt 52.670700 -9.059130
vt 52.642700 -9.059130
vt 52.670700 -9.109120
vt 52.698601 -9.059130
vt 52.698601 -9.109120
vt 53.058899 -9.056820
vt 52.818298 -9.000000
vt 52.810200 -9.056820
vt 53.067001 -9.000000
vt 53.058899 -8.943180
vt 52.810200 -8.943180
vt 50.445900 -9.063720
vt 50.202702 -9.005900
vt 50.185902 -9.063720
vt 50.445900 -8.948070
vt 50.185902 -8.948070
vt 50.462700 -9.005900
vt 49.682701 -9.005900
vt 49.925900 -8.948070
vt 49.665901 -8.948070
vt 49.925900 -9.063720
vt 49.665901 -9.063720
vt 49.942699 -9.005900
vt 52.670700 -8.941330
vt 52.670700 -8.891340
vt 52.642700 -8.941330
vt 52.642700 -8.891340
vt 52.698601 -8.891340
vt 52.698601 -8.941330
vt 52.710899 -9.153370
vt 52.670300 -9.131660
vt 52.670300 -9.153370
vt 52.714600 -9.131660
vt 52.710899 -9.109950
vt 52.670300 -9.109950
vt 50.965900 -9.063720
vt 50.722698 -9.005900
vt 50.705898 -9.063720
vt 50.982700 -9.005900
vt 50.965900 -8.948070
vt 50.705898 -8.948070
vt 52.561600 -9.056820
vt 52.320999 -9.000000
vt 52.312901 -9.056820
vt 52.569698 -9.000000
vt 52.561600 -8.943180
vt 52.312901 -8.943180
vt 54.214500 -8.999920
vt 54.304600 -8.999920
vt 54.222099 -8.881760
vt 54.304600 -8.881760
vt 54.222099 -9.118090
vt 54.304600 -9.118090
vt 52.670300 -8.847090
vt 52.629700 -8.847090
vt 52.670300 -8.868800
vt 52.625999 -8.868800
vt 52.629700 -8.890510
vt 52.670300 -8.890510
vt 52.689400 -9.004810
vt 52.680599 -8.983520
vt 52.670300 -9.000270
vt 52.708599 -9.004810
vt 52.694099 -8.969990
vt 52.710899 -8.959700
vt 52.727699 -9.000270
vt 52.653599 -8.989950
vt 52.665798 -8.981120
vt 52.639999 -8.976430
vt 52.665798 -8.962000
vt 52.629700 -8.959700
vt 52.670300 -8.942900
vt 52.653599 -9.010560
vt 52.651199 -9.004810
vt 52.640099 -9.024080
vt 52.632099 -9.004810
vt 52.629700 -9.040830
vt 52.612900 -9.000270
vt 52.665798 -9.019370
vt 52.680599 -9.017000
vt 52.665798 -9.038490
vt 52.694099 -9.030520
vt 52.670300 -9.057630
vt 52.710899 -9.040830
vt 51.852501 -9.000000
vt 51.880299 -8.884030
vt 51.835999 -8.884030
vt 51.880299 -9.000000
vt 52.072701 -8.922610
vt 52.084202 -9.000000
vt 52.072701 -9.077390
vt 51.880299 -9.115970
vt 51.835999 -9.115970
vt 51.367901 -8.704820
vt 51.346401 -8.719680
vt 51.360001 -8.733200
vt 51.348801 -8.704820
vt 51.387100 -8.709370
vt 51.370300 -8.749930
vt 51.329700 -8.709370
vt 51.346401 -8.699080
vt 51.334202 -8.690270
vt 51.359901 -8.685560
vt 51.334202 -8.671150
vt 51.370300 -8.668800
vt 51.329700 -8.652000
vt 51.319401 -8.692640
vt 51.310600 -8.704820
vt 51.305901 -8.679120
vt 51.291401 -8.704820
vt 51.289101 -8.668800
vt 51.272301 -8.709370
vt 51.334202 -8.728510
vt 51.319401 -8.726120
vt 51.334202 -8.747630
vt 51.305901 -8.739640
vt 51.329700 -8.766730
vt 51.289101 -8.749930
vt 50.980202 -8.652420
vt 51.209301 -8.708870
vt 51.228802 -8.652420
vt 50.960602 -8.708870
vt 51.189800 -8.765320
vt 50.941101 -8.765320
vt 53.895199 -8.958550
vt 53.635201 -8.958550
vt 53.854599 -9.016480
vt 53.594601 -9.016480
vt 53.814098 -9.074400
vt 53.554100 -9.074400
vt 50.827202 -9.217570
vt 50.865799 -9.273390
vt 50.865799 -9.223770
vt 50.854000 -9.174100
vt 50.792099 -9.252650
vt 50.854000 -9.322940
vt 50.748699 -9.279350
vt 50.903599 -9.162310
vt 50.897400 -9.200860
vt 50.953201 -9.162310
vt 50.932499 -9.235940
vt 51.002800 -9.174100
vt 50.959202 -9.279350
vt 50.897400 -9.147400
vt 50.865799 -9.124550
vt 50.932499 -9.112320
vt 50.865799 -9.074940
vt 50.959202 -9.068860
vt 50.854000 -9.025270
vt 50.827301 -9.130700
vt 50.804401 -9.162310
vt 50.792198 -9.095620
vt 50.754799 -9.162310
vt 50.748699 -9.068860
vt 50.705101 -9.174100
vt 49.646999 -9.388160
vt 49.656502 -9.335900
vt 49.617699 -9.335900
vt 49.674400 -9.360680
vt 49.612999 -9.409090
vt 49.578800 -9.326650
vt 49.695400 -9.326650
vt 49.729401 -9.347600
vt 49.704700 -9.365540
vt 49.756901 -9.375080
vt 49.704700 -9.404400
vt 49.777901 -9.409090
vt 49.695400 -9.443230
vt 49.734299 -9.335900
vt 49.729401 -9.305720
vt 49.773102 -9.335900
vt 49.756901 -9.278240
vt 49.812000 -9.326650
vt 49.777901 -9.244210
vt 49.704700 -9.287820
vt 49.674500 -9.292640
vt 49.704700 -9.248960
vt 49.646999 -9.265160
vt 49.695400 -9.210060
vt 49.612999 -9.244210
vt 51.266602 -9.266840
vt 51.276199 -9.214580
vt 51.237301 -9.214580
vt 51.294102 -9.239360
vt 51.232700 -9.287760
vt 51.198502 -9.205330
vt 51.315102 -9.205330
vt 51.349098 -9.226280
vt 51.324299 -9.244220
vt 51.376598 -9.253750
vt 51.324299 -9.283080
vt 51.397499 -9.287760
vt 51.315102 -9.321910
vt 51.353901 -9.214580
vt 51.349098 -9.184400
vt 51.392799 -9.214580
vt 51.376499 -9.156920
vt 51.431702 -9.205330
vt 51.397499 -9.122890
vt 51.324299 -9.166500
vt 51.294102 -9.171320
vt 51.324299 -9.127640
vt 51.266701 -9.143840
vt 51.315102 -9.088740
vt 51.232700 -9.122890
vt 51.289101 -8.556190
vt 51.329700 -8.577900
vt 51.329700 -8.556190
vt 51.285400 -8.577900
vt 51.289101 -8.599610
vt 51.329700 -8.599610
vt 54.415199 -8.958550
vt 54.155201 -8.958550
vt 54.374599 -9.016480
vt 54.114601 -9.016480
vt 54.334099 -9.074400
vt 54.074100 -9.074400
vt 51.357300 -8.600440
vt 51.329300 -8.650430
vt 51.357300 -8.650430
vt 51.329300 -8.600440
vt 51.301399 -8.600440
vt 51.301399 -8.650430
vt 51.310600 -8.704740
vt 51.319401 -8.726040
vt 51.329700 -8.709290
vt 51.291401 -8.704740
vt 51.305901 -8.739560
vt 51.289101 -8.749850
vt 51.272301 -8.709290
vt 51.346401 -8.719600
vt 51.334202 -8.728430
vt 51.360001 -8.733120
vt 51.334202 -8.747560
vt 51.370300 -8.749850
vt 51.329700 -8.766650
vt 51.346401 -8.699000
vt 51.348801 -8.704740
vt 51.359901 -8.685480
vt 51.367901 -8.704740
vt 51.370300 -8.668730
vt 51.387100 -8.709290
vt 51.334202 -8.690190
vt 51.319401 -8.692560
vt 51.334202 -8.671070
vt 51.305901 -8.679040
vt 51.329700 -8.651920
vt 51.289101 -8.668730
vt 53.375198 -8.958550
vt 53.115200 -8.958550
vt 53.334599 -9.016480
vt 53.074600 -9.016480
vt 53.294102 -9.074400
vt 53.034100 -9.074400
vt 51.687099 -8.765320
vt 51.457901 -8.708870
vt 51.438400 -8.765320
vt 51.706600 -8.708870
vt 51.477402 -8.652420
vt 51.726101 -8.652420
vt 52.119701 -8.593660
vt 52.203899 -8.708870
vt 52.243698 -8.593660
vt 51.983101 -8.620580
vt 52.119701 -8.708870
vt 51.955200 -8.701230
vt 52.164001 -8.824080
vt 52.119701 -8.824080
vt 51.927299 -8.781870
vt 1.863530 -50.687500
vt 2.136470 -51.312500
vt 2.136470 -50.687500
vt 1.863530 -51.312500
vt 1.892780 -51.136501
vt 2.107220 -51.136501
vt 2.107220 -50.863499
vt 1.892780 -50.863499
vt 2.000000 -51.280102
vt 1.892780 -50.687500
vt 1.892780 -51.280102
vt 2.107220 -50.687500
vt 2.107220 -51.312500
vt 2.074800 -51.312500
vt 1.863530 -51.280102
vt 2.136470 -51.280102
vt 2.000000 -51.136501
vt 2.000000 -50.863499
vt 2.074800 -50.863499
vt 2.074800 -51.136501
vt 2.107220 -51.280102
vt 1.892780 -51.312500
vt 1.925200 -51.312500
s 1
usemtl Meshpart1Mtl
f 1/1/1 2/2/1 3/3/1
f 2/2/1 1/1/1 4/4/1
f 5/5/2 6/6/2 7/7/2
f 6/6/2 5/5/2 8/8/2
f 9/9/3 10/10/3 11/11/3
f 11/11/3 10/10/3 12/12/3
f 14/13/4 15/14/4 16/15/4
f 15/14/4 14/13/4 17/16/4
f 2944/2797/1842 2945/2798/1843 2946/2799/1844
f 2944/2797/1842 2946/2799/1844 2947/2800/1845
f 2948/2801/1846 2949/2802/1846 2950/2803/1847
f 2951/2804/1847 2950/2803/1847 2949/2802/1846
f 2952/2805/1848 2953/2806/1849 2954/2807/1850
f 2953/2806/1849 2952/2805/1848 2955/2808/1851
f 2954/2807/1850 2956/2809/1852 2957/2810/1852
f 2956/2809/1852 2954/2807/1850 2958/2806/1853
f 2959/2811/1854 2960/2812/1855 2961/2813/1856
f 2959/2811/1854 2961/2813/1856 2962/2814/1857
f 2960/2812/1855 2963/2815/1858 2964/2816/1858
f 2964/2816/1858 2965/2813/1856 2960/2812/1855
f 2968/2817/1859 2967/2818/1860 2966/2819/1861
f 2967/2818/1860 2968/2817/1859 2969/2820/1859
f 2972/2803/1862 2970/2821/1863 2971/2822/1863
f 2970/2821/1863 2972/2803/1862 2973/2804/1864
f 2976/2823/1865 2974/2824/1866 2975/2825/1867
f 2975/2825/1867 2977/2826/1865 2976/2823/1865
f 2978/2827/1868 2980/2799/1869 2979/2828/1868
f 2980/2799/1869 2978/2827/1868 2981/2800/1870
f 2982/2829/1871 2983/2830/1872 2984/2831/1873
f 2983/2830/1872 2982/2829/1871 2985/2832/1874
f 2986/2833/1875 2987/2834/1876 2988/2835/1877
f 2988/2835/1877 2987/2834/1876 2989/2836/1878
f 2990/2837/1879 2991/2838/1880 2992/2839/1881
f 2992/2839/1881 2991/2838/1880 2993/2840/1882
f 2994/2831/1883 2995/2838/1884 2996/2837/1879
f 2995/2838/1884 2994/2831/1883 2997/2830/1885
f 2998/2841/1886 2999/2842/1887 3000/2843/1888
f 2999/2842/1887 2998/2841/1886 3001/2844/1889
f 3002/2835/1890 3003/2836/1891 3004/2841/1886
f 3004/2841/1886 3003/2836/1891 3005/2844/1892
f 3006/2845/1893 3007/2846/1894 3008/2847/1895
f 3007/2846/1894 3006/2845/1893 3009/2848/1896
f 3010/2849/1897 3011/2850/1898 3012/2851/1899
f 3011/2850/1898 3010/2849/1897 3013/2852/1900
f 3014/2853/1901 3015/2854/1902 3016/2855/1903
f 3015/2854/1902 3014/2853/1901 3017/2856/1904
f 3018/2857/1905 3019/2858/1906 3020/2859/1907
f 3019/2858/1906 3018/2857/1905 3021/2860/1908
f 3022/2861/1909 3023/2862/1910 3024/2863/1911
f 3023/2862/1910 3022/2861/1909 3025/2864/1912
f 3026/2862/1913 3027/2865/1914 3024/2863/1915
f 3027/2865/1914 3026/2862/1913 3028/2866/1916
f 3029/2867/1917 3030/2868/1918 3031/2869/1919
f 3031/2869/1919 3032/2870/1920 3029/2867/1917
f 3033/2871/1921 3034/2869/1922 3030/2868/1918
f 3034/2869/1922 3033/2871/1921 3035/2872/1923
f 3036/2873/1924 3037/2811/1925 3038/2814/1926
f 3037/2811/1925 3036/2873/1924 3039/2874/1927
f 3042/2875/1928 3041/2876/1929 3040/2877/1930
f 3042/2875/1928 3040/2877/1930 3043/2878/1931
f 3044/2879/1932 3045/2880/1933 3046/2881/1934
f 3047/2882/1935 3046/2881/1934 3045/2880/1933
f 3050/2883/1936 3048/2884/1937 3049/2885/1938
f 3048/2884/1937 3050/2883/1936 3051/2886/1939
f 3052/2887/1940 3053/2805/1941 3054/2888/1942
f 3053/2805/1941 3052/2887/1940 3055/2808/1943
f 3058/2889/1944 3057/2890/1945 3056/2891/1946
f 3058/2889/1944 3059/2892/1947 3057/2890/1945
f 3060/2893/1948 3061/2881/1949 3062/2882/1950
f 3061/2881/1949 3060/2893/1948 3063/2894/1951
f 3064/2895/1952 3065/2889/1953 3066/2896/1954
f 3065/2889/1953 3064/2895/1952 3067/2892/1955
f 3068/2897/1956 3069/2898/1957 3070/2899/1958
f 3069/2898/1957 3068/2897/1956 3071/2900/1959
f 3072/2901/1960 3071/2900/1959 3073/2897/1956
f 3074/2902/1961 3075/2903/1962 3076/2904/1963
f 3076/2904/1963 3077/2905/1964 3074/2902/1961
f 3077/2905/1964 3078/2906/1965 3079/2902/1961
f 3080/2907/1966 3081/2908/1967 3082/2909/1875
f 3082/2909/1875 3081/2908/1967 3083/2910/1968
f 3081/2908/1967 3080/2907/1966 3084/2911/1966
f 3085/2912/1969 3086/2913/1970 3087/2914/1971
f 3088/2915/1871 3087/2914/1971 3086/2913/1970
f 3087/2914/1971 3088/2915/1871 3089/2916/1972
f 3090/2917/1973 3091/2911/1966 3092/2907/1966
f 3091/2911/1966 3090/2917/1973 3093/2918/1974
f 3094/2919/1975 3095/2920/1976 3096/2921/1975
f 3094/2919/1975 3097/2922/1977 3095/2920/1976
f 3096/2921/1975 3098/2923/1975 3094/2919/1975
f 3099/2924/1978 3095/2920/1976 3097/2922/1977
f 3096/2921/1975 3100/2925/1979 3098/2923/1975
f 3095/2920/1976 3099/2924/1978 3101/2926/1980
f 3102/2927/1975 3098/2923/1975 3100/2925/1979
f 3103/2928/1981 3101/2926/1980 3099/2924/1978
f 3098/2923/1975 3102/2927/1975 3104/2929/1975
f 3101/2926/1980 3103/2928/1981 3105/2930/1981
f 3106/2931/1982 3104/2929/1975 3102/2927/1975
f 3103/2928/1981 3107/2932/1983 3105/2930/1981
f 3104/2929/1975 3106/2931/1982 3108/2933/1984
f 3103/2928/1981 3109/2934/1985 3107/2932/1983
f 3110/2935/1986 3108/2933/1984 3106/2931/1982
f 3111/2936/1987 3107/2932/1983 3109/2934/1985
f 3108/2933/1984 3110/2935/1986 3112/2937/1988
f 3107/2932/1983 3111/2936/1987 3113/2938/1989
f 3114/2939/1990 3112/2937/1988 3110/2935/1986
f 3114/2939/1990 3113/2938/1989 3111/2936/1987
f 3110/2935/1986 3115/2940/1991 3114/2939/1990
f 3113/2938/1989 3114/2939/1990 3115/2940/1991
f 3116/2941/1992 3117/2942/1993 3118/2943/1994
f 3119/2944/1995 3118/2943/1994 3117/2942/1993
f 3118/2943/1994 3120/2945/1992 3116/2941/1992
f 3118/2943/1994 3119/2944/1995 3121/2946/1996
f 3122/2947/1997 3116/2941/1992 3120/2945/1992
f 3123/2948/1998 3121/2946/1996 3119/2944/1995
f 3122/2947/1997 3120/2945/1992 3124/2949/1997
f 3121/2946/1996 3123/2948/1998 3125/2950/1998
f 3126/2951/1997 3122/2947/1997 3124/2949/1997
f 3127/2952/1999 3125/2950/1998 3123/2948/1998
f 3122/2947/1997 3126/2951/1997 3128/2953/1992
f 3127/2952/1999 3123/2948/1998 3129/2954/2000
f 3130/2955/2001 3128/2953/1992 3126/2951/1997
f 3131/2956/2002 3127/2952/1999 3129/2954/2000
f 3128/2953/1992 3130/2955/2001 3132/2957/2003
f 3127/2952/1999 3131/2956/2002 3133/2958/2004
f 3134/2959/2005 3132/2957/2003 3130/2955/2001
f 3135/2960/2006 3133/2958/2004 3131/2956/2002
f 3132/2957/2003 3134/2959/2005 3136/2961/2007
f 3135/2960/2006 3136/2961/2007 3134/2959/2005
f 3133/2958/2004 3135/2960/2006 3137/2962/2008
f 3135/2960/2006 3134/2959/2005 3137/2962/2008
f 3138/2963/1975 3139/2964/2009 3140/2965/2010
f 3141/2966/2011 3140/2965/2010 3139/2964/2009
f 3139/2964/2009 3138/2963/1975 3142/2967/2012
f 3141/2966/2011 3139/2964/2009 3143/2968/2011
f 3144/2969/1975 3142/2967/2012 3138/2963/1975
f 3145/2970/2013 3141/2966/2011 3143/2968/2011
f 3142/2967/2012 3144/2969/1975 3146/2971/1979
f 3141/2966/2011 3145/2970/2013 3147/2972/2014
f 3144/2969/1975 3148/2973/2015 3146/2971/1979
f 3149/2974/2016 3147/2972/2014 3145/2970/2013
f 3144/2969/1975 3150/2975/2012 3148/2973/2015
f 3147/2972/2014 3149/2974/2016 3151/2976/2017
f 3152/2977/2018 3148/2973/2015 3150/2975/2012
f 3153/2978/2019 3151/2976/2017 3149/2974/2016
f 3150/2975/2012 3154/2979/2020 3152/2977/2018
f 3153/2978/2019 3149/2974/2016 3155/2980/2021
f 3156/2981/2022 3152/2977/2018 3154/2979/2020
f 3155/2980/2021 3157/2982/2023 3153/2978/2019
f 3156/2981/2022 3154/2979/2020 3158/2983/2022
f 3157/2982/2023 3156/2981/2022 3158/2983/2022
f 3157/2982/2023 3155/2980/2021 3159/2984/2024
f 3156/2981/2022 3157/2982/2023 3159/2984/2024
f 3160/2985/2025 3161/2986/1992 3162/2987/1997
f 3161/2986/1992 3160/2985/2025 3163/2988/2026
f 3164/2989/1997 3162/2987/1997 3161/2986/1992
f 3160/2985/2025 3165/2990/2027 3163/2988/2026
f 3162/2987/1997 3164/2989/1997 3166/2991/1997
f 3160/2985/2025 3167/2992/2027 3165/2990/2027
f 3168/2993/1992 3166/2991/1997 3164/2989/1997
f 3169/2994/2028 3165/2990/2027 3167/2992/2027
f 3168/2993/1992 3164/2989/1997 3170/2995/1997
f 3165/2990/2027 3169/2994/2028 3171/2996/2028
f 3170/2995/1997 3172/2997/2029 3168/2993/1992
f 3173/2998/2030 3171/2996/2028 3169/2994/2028
f 3172/2997/2029 3170/2995/1997 3174/2999/2031
f 3171/2996/2028 3173/2998/2030 3175/3000/2032
f 3174/2999/2031 3176/3001/2033 3172/2997/2029
f 3177/3002/2034 3175/3000/2032 3173/2998/2030
f 3174/2999/2031 3178/3003/2035 3176/3001/2033
f 3177/3002/2034 3173/2998/2030 3179/3004/2036
f 3180/3005/2037 3176/3001/2033 3178/3003/2035
f 3180/3005/2037 3177/3002/2034 3179/3004/2036
f 3176/3001/2033 3180/3005/2037 3181/3006/2038
f 3180/3005/2037 3179/3004/2036 3181/3006/2038
f 3182/3007/2039 3183/3008/2040 3184/2912/1969
f 3184/2912/1969 3183/3008/2040 3185/2913/1970
f 3186/3009/2041 3188/3010/2042 3187/3011/2043
f 3186/3009/2041 3189/3012/2044 3188/3010/2042
f 3190/3013/2045 3191/2904/2046 3192/2903/2047
f 3191/2904/2046 3190/3013/2045 3193/3014/2048
f 3194/3015/2049 3195/2899/2050 3196/2898/2051
f 3196/2898/2051 3197/3016/2052 3194/3015/2049
f 3200/3017/2053 3198/3018/2054 3199/3019/2055
f 3198/3018/2054 3200/3017/2053 3201/3020/2056
f 3204/3021/2057 3202/3022/2058 3203/3023/2058
f 3202/3022/2058 3204/3021/2057 3205/3024/2057
f 3204/3021/2057 3206/3025/2059 3205/3024/2057
f 3206/3025/2059 3204/3021/2057 3207/3026/2059
f 3208/3027/2060 3209/3028/2061 3210/3029/2062
f 3209/3028/2063 3211/3030/2060 3212/3031/2064
f 3213/3032/2064 3209/3028/2063 3212/3031/2064
f 3214/3033/2065 3215/3034/2066 3216/3035/2067
f 3217/3036/2068 3216/3035/2067 3215/3034/2066
f 3216/3035/2067 3217/3036/2068 3218/3037/2067
f 3217/3036/2068 3219/3038/2069 3218/3037/2067
f 3217/3036/2068 3220/3039/2069 3219/3038/2069
f 3221/3028/2070 3222/3027/2071 3223/3030/2071
f 3224/3029/2072 3225/3040/2073 3222/3027/2073
f 3227/3041/2074 3226/3042/2074 3228/3043/2075
f 3228/3043/2075 3226/3042/2074 3229/3044/2076
f 3230/3045/2077 3228/3043/2075 3229/3044/2076
f 3228/3043/2075 3230/3045/2077 3231/3046/2078
f 3232/3047/2079 3231/3046/2078 3230/3045/2077
f 3231/3046/2078 3232/3047/2079 3233/3048/2080
f 3232/3047/2079 3234/3049/2081 3233/3048/2080
f 3234/3049/2081 3232/3047/2079 3235/3050/2082
f 3236/3051/2083 3237/3052/2084 3238/3053/2085
f 3237/3052/2084 3236/3051/2083 3239/3054/2084
f 3239/3054/2084 3236/3051/2083 3240/3055/2086
f 3241/3056/2087 3236/3051/2088 3242/3057/2089
f 3243/3058/2087 3236/3051/2088 3241/3056/2087
f 3236/3051/2088 3243/3058/2087 3244/3059/2090
f 3245/3060/2091 3246/3051/2092 3238/3053/2093
f 3246/3051/2094 3244/3059/2095 3247/3061/2096
f 3246/3051/2092 3245/3060/2091 3248/3062/2091
f 3248/3062/2091 3249/3057/2097 3246/3051/2092
f 3246/3051/2094 3247/3061/2096 3250/3063/2096
f 3251/3055/2098 3246/3051/2094 3250/3063/2096
f 3252/3034/2099 3253/3064/2100 3254/3036/2101
f 3253/3064/2100 3252/3034/2099 3255/3065/2102
f 3256/3066/2103 3257/3067/2104 3258/3068/2105
f 3257/3067/2104 3256/3066/2103 3259/3069/2106
f 3258/3068/2105 3260/3026/2107 3256/3066/2103
f 3260/3026/2107 3258/3068/2105 3261/3025/2107
f 3262/3029/2108 3263/3070/2109 3264/3071/2109
f 3263/3070/2109 3262/3029/2108 3265/3028/2110
f 3266/3072/2111 3267/3073/2112 3268/3074/2111
f 3267/3073/2112 3266/3072/2111 3269/3075/2113
f 3272/3076/2114 3270/3077/2115 3271/3078/2116
f 3271/3078/2116 3273/3079/2117 3272/3076/2114
f 3274/3080/2118 3272/3076/2114 3273/3079/2117
f 3273/3079/2117 3275/3081/2118 3274/3080/2118
f 3276/3082/2119 3277/3083/2120 3278/3084/2121
f 3277/3083/2120 3276/3082/2119 3279/3085/2122
f 3280/3086/2123 3281/3064/2100 3282/3065/2124
f 3281/3064/2100 3280/3086/2123 3283/3087/2123
f 3284/3088/2125 3285/3070/2109 3286/3089/2125
f 3285/3070/2109 3284/3088/2125 3287/3071/2109
f 3288/3090/2126 3289/3091/2127 3290/3092/2128
f 3289/3091/2127 3288/3090/2126 3291/3093/2126
f 3292/3094/2129 3293/3095/2130 3294/3096/2129
f 3293/3095/2130 3292/3094/2129 3295/3097/2131
f 3296/3097/2131 3297/3098/2132 3298/3095/2131
f 3297/3098/2132 3296/3097/2131 3299/3099/2132
f 3300/3092/2127 3301/3100/2133 3302/3101/2133
f 3301/3100/2133 3300/3092/2127 3303/3091/2127
f 3304/3102/2134 3305/3101/2133 3306/3100/2133
f 3304/3102/2134 3306/3100/2133 3307/3103/2135
f 3308/3098/2132 3309/3099/2132 3310/3104/2136
f 3308/3098/2132 3310/3104/2136 3311/3105/2137
f 3312/3106/2138 3313/3107/2138 3314/3108/2138
f 3313/3107/2138 3312/3106/2138 3315/3109/2138
f 3316/3110/2138 3312/3106/2138 3314/3108/2138
f 3316/3110/2138 3314/3108/2138 3317/3111/2139
f 3318/3112/2138 3312/3106/2138 3316/3110/2138
f 3312/3106/2138 3318/3112/2138 3319/3113/2138
f 3316/3110/2138 3320/3114/2138 3318/3112/2138
f 3320/3114/2138 3316/3110/2138 3321/3115/2139
f 3322/3075/2140 3323/3116/2141 3324/3073/2140
f 3323/3116/2141 3322/3075/2140 3325/3117/2141
f 3326/3084/2142 3327/3118/2141 3328/3119/2141
f 3327/3118/2141 3326/3084/2142 3329/3083/2143
f 3330/3120/2141 3331/3121/2141 3332/3122/2144
f 3330/3120/2141 3332/3122/2144 3333/3123/2145
f 3334/3120/2141 3335/3117/2141 3331/3121/2141
f 3335/3117/2141 3334/3120/2141 3336/3116/2146
f 3337/3124/2147 3338/3125/2141 3339/3126/2141
f 3337/3124/2147 3339/3126/2141 3340/3127/2148
f 3341/3119/2146 3342/3126/2141 3343/3125/2141
f 3342/3126/2141 3341/3119/2146 3344/3118/2146
f 3345/3128/2149 3346/3129/2150 3347/3130/2151
f 3346/3129/2150 3345/3128/2149 3348/3131/2149
f 3349/3132/2152 3350/3133/2153 3351/3134/2152
f 3350/3133/2153 3349/3132/2152 3352/3135/2154
f 3353/3094/2155 3354/3096/2156 3355/3136/2157
f 3355/3136/2157 3354/3096/2156 3356/3137/2158
f 3357/3138/2159 3358/3093/2160 3359/3090/2160
f 3358/3093/2160 3357/3138/2159 3360/3139/2161
f 3361/3140/2162 3362/3129/2163 3363/3141/2164
f 3362/3129/2163 3361/3140/2162 3364/3130/2151
f 3365/3142/2165 3366/3133/2153 3367/3135/2154
f 3366/3133/2153 3365/3142/2165 3368/3143/2166
f 3369/3144/2167 3370/3145/2168 3371/3146/2169
f 3370/3145/2168 3369/3144/2167 3372/3147/2170
f 3373/3148/2171 3372/3147/2170 3369/3144/2167
f 3372/3147/2170 3373/3148/2171 3374/3149/2172
f 3375/3150/2173 3376/3151/2174 3377/3152/2173
f 3376/3151/2174 3375/3150/2173 3378/3153/2175
f 3377/3152/2173 3379/3154/2176 3375/3150/2173
f 3379/3154/2176 3377/3152/2173 3380/3155/2176
f 3381/3078/2177 3382/3142/2178 3383/3079/2179
f 3382/3142/2178 3384/3081/2179 3383/3079/2179
f 3385/3156/2180 3386/3140/2181 3387/3157/2180
f 3386/3140/2181 3388/3158/2182 3387/3157/2180
f 3388/3158/2182 3386/3140/2181 3389/3141/2183
f 3389/3141/2183 3390/3159/2184 3388/3158/2182
f 3389/3141/2183 3391/3160/2185 3390/3159/2184
f 3392/3143/2186 3393/3142/2187 3394/3078/2188
f 3392/3143/2186 3394/3078/2188 3395/3161/2189
f 3396/3162/2189 3392/3143/2186 3395/3161/2189
f 3397/3163/2190 3398/3164/2191 3399/3165/2192
f 3399/3165/2192 3398/3164/2191 3400/3166/2192
f 3401/3149/2193 3399/3165/2192 3400/3166/2192
f 3399/3165/2192 3401/3149/2193 3402/3148/2194
f 3405/3167/2195 3403/3168/2196 3404/3169/2197
f 3403/3168/2196 3405/3167/2195 3406/3170/2195
f 3405/3167/2195 3407/3155/2198 3406/3170/2195
f 3407/3155/2198 3405/3167/2195 3408/3154/2199
f 3409/3171/2200 3410/3172/2201 3411/3173/2201
f 3410/3172/2201 3409/3171/2200 3412/3174/2202
f 3413/3175/2203 3414/3176/2204 3415/3177/2205
f 3414/3176/2204 3413/3175/2203 3416/3178/2204
f 3417/3179/2206 3418/3180/1960 3419/3181/1960
f 3421/3182/1965 3420/3183/2207 3422/3184/1965
f 3423/3185/2208 3424/3186/2209 3425/3187/2210
f 3424/3186/2209 3423/3185/2208 3426/3188/2211
f 3427/3189/2212 3426/3188/2211 3423/3185/2208
f 3426/3188/2211 3427/3189/2212 3428/3190/2212
f 3430/3191/2213 3431/3172/2214 3429/3192/2213
f 3431/3172/2214 3430/3191/2213 3432/3173/2215
f 3433/3193/2216 3434/3194/2217 3435/3195/2218
f 3434/3194/2217 3436/3196/2219 3435/3195/2218
f 3434/3194/2217 3437/3197/2220 3436/3196/2219
f 3433/3193/2216 3435/3195/2218 3438/3198/2221
f 3441/3175/2222 3440/3199/2223 3439/3200/2223
f 3440/3199/2223 3441/3175/2222 3442/3177/2224
f 3443/3201/2225 3444/3202/2226 3445/3203/2227
f 3445/3203/2227 3444/3202/2226 3446/3204/2228
f 3447/3203/2229 3448/3205/2230 3449/3206/2231
f 3448/3205/2230 3447/3203/2229 3450/3204/2228
f 3451/3207/2232 3452/3208/2233 3453/3209/2234
f 3452/3208/2233 3451/3207/2232 3454/3210/2235
f 3455/3209/2234 3456/3208/2236 3457/3211/2237
f 3457/3211/2237 3456/3208/2236 3458/3212/2238
f 3459/3213/2239 3460/3214/2240 3461/3201/2241
f 3461/3201/2241 3460/3214/2240 3462/3202/2242
f 3463/3215/2243 3464/3210/2244 3465/3207/2245
f 3464/3210/2244 3463/3215/2243 3466/3216/2246
f 3467/3217/2247 3468/3218/2248 3469/3219/2249
f 3468/3218/2248 3467/3217/2247 3470/3220/2250
f 3471/3221/2251 3472/3222/2252 3473/3223/2253
f 3472/3222/2252 3471/3221/2251 3474/3224/2254
f 3475/3225/2255 3476/3226/2256 3477/3227/2255
f 3476/3226/2256 3475/3225/2255 3478/3228/2257
f 3479/3229/2258 3480/3230/2259 3481/3231/2259
f 3480/3230/2259 3479/3229/2258 3482/3232/2260
f 3483/3233/2261 3484/3234/2262 3485/3235/2263
f 3484/3234/2262 3483/3233/2261 3486/3236/2264
f 3487/3237/2265 3485/3235/2263 3488/3234/2266
f 3488/3234/2266 3489/3238/2267 3487/3237/2265
f 3490/3239/2268 3491/3240/2269 3492/3241/2268
f 3491/3240/2269 3490/3239/2268 3493/3242/2269
f 3494/3243/2270 3495/3240/2269 3493/3242/2269
f 3495/3240/2269 3494/3243/2270 3496/3244/2271
f 3499/3238/2272 3497/3245/2273 3498/3246/2274
f 3498/3246/2274 3500/3237/2275 3499/3238/2272
f 3503/3247/2276 3501/3248/2277 3502/3249/2278
f 3501/3248/2277 3503/3247/2276 3504/3250/2279
f 3507/3244/2280 3506/3251/2281 3505/3252/2053
f 3506/3251/2281 3507/3244/2280 3508/3243/2282
f 3509/3253/2283 3511/3254/2284 3510/3255/2285
f 3511/3254/2284 3509/3253/2283 3512/3256/2286
f 3513/3257/2287 3514/3254/2288 3515/3256/2289
f 3514/3254/2288 3513/3257/2287 3516/3258/2290
f 3517/3259/2291 3518/3247/2292 3519/3260/2291
f 3518/3247/2292 3517/3259/2291 3520/3250/2293
f 3521/3261/2294 3522/3262/2295 3523/3263/2296
f 3522/3262/2295 3521/3261/2294 3524/3264/2297
f 3525/3265/2298 3524/3264/2297 3521/3261/2294
f 3524/3264/2297 3525/3265/2298 3526/3266/2299
f 3527/3267/2300 3526/3266/2299 3525/3265/2298
f 3526/3266/2299 3527/3267/2300 3528/3268/2301
f 3529/3269/2302 3530/3270/2303 3531/3271/2304
f 3530/3270/2303 3532/3272/2305 3531/3271/2304
f 3529/3269/2302 3531/3271/2304 3533/3273/2306
f 3530/3270/2303 3534/3274/2307 3532/3272/2305
f 3534/3274/2307 3535/3275/2308 3532/3272/2305
f 3534/3274/2307 3536/3276/2308 3535/3275/2308
f 3537/3277/2309 3538/3278/2310 3539/3279/2311
f 3539/3279/2311 3538/3278/2310 3540/3280/2312
f 3541/3281/2313 3542/3282/2314 3543/3283/2315
f 3542/3282/2314 3541/3281/2313 3544/3284/2316
f 3545/3283/2315 3546/3285/2317 3547/3286/2239
f 3547/3286/2239 3546/3285/2317 3548/3287/2318
f 3546/3285/2317 3545/3283/2315 3549/3282/2319
f 3550/3279/2320 3551/3280/2312 3552/3288/2321
f 3553/3289/2322 3552/3288/2321 3551/3280/2312
f 3552/3288/2321 3553/3289/2322 3554/3290/2243
f 3555/3291/2323 3556/3292/603 3557/3293/2324
f 3558/3294/2325 3557/3293/2324 3556/3292/603
f 3555/3291/2323 3557/3293/2324 3559/3295/2323
f 3557/3293/2324 3558/3294/2325 3560/3296/2326
f 3561/3297/2327 3555/3291/2323 3559/3295/2323
f 3562/3298/2326 3560/3296/2326 3558/3294/2325
f 3555/3291/2323 3561/3297/2327 3563/3299/2327
f 3560/3296/2326 3562/3298/2326 3564/3300/2326
f 3565/3301/2328 3563/3299/2327 3561/3297/2327
f 3562/3298/2326 3566/3302/2326 3564/3300/2326
f 3563/3299/2327 3565/3301/2328 3567/3303/2329
f 3562/3298/2326 3568/3304/2325 3566/3302/2326
f 3569/3305/2330 3567/3303/2329 3565/3301/2328
f 3568/3304/2325 3570/3306/2331 3566/3302/2326
f 3569/3305/2330 3565/3301/2328 3571/3307/2332
f 3568/3304/2325 3572/3308/2333 3570/3306/2331
f 3571/3307/2332 3573/3309/2334 3569/3305/2330
f 3574/3310/2335 3570/3306/2331 3572/3308/2333
f 3573/3309/2334 3571/3307/2332 3575/3311/2336
f 3574/3310/2335 3573/3309/2334 3575/3311/2336
f 3573/3309/2334 3574/3310/2335 3576/3312/2335
f 3574/3310/2335 3572/3308/2333 3576/3312/2335
f 3577/3313/2337 3578/3314/2338 3579/3315/2339
f 3577/3313/2337 3579/3315/2339 3580/3316/2340
f 3578/3314/2338 3581/3317/2341 3579/3315/2339
f 3582/3318/2342 3577/3313/2337 3580/3316/2340
f 3578/3314/2338 3583/3319/2341 3581/3317/2341
f 3577/3313/2337 3582/3318/2342 3584/3320/2342
f 3585/3321/2343 3581/3317/2341 3583/3319/2341
f 3586/3322/2344 3584/3320/2342 3582/3318/2342
f 3581/3317/2341 3585/3321/2343 3587/3323/2345
f 3584/3320/2342 3586/3322/2344 3588/3324/2344
f 3589/3325/2346 3587/3323/2345 3585/3321/2343
f 3590/3326/2342 3588/3324/2344 3586/3322/2344
f 3589/3325/2346 3585/3321/2343 3591/3327/2347
f 3590/3326/2342 3586/3322/2344 3592/3328/2344
f 3593/3329/2348 3589/3325/2346 3591/3327/2347
f 3592/3328/2344 3594/3330/2349 3590/3326/2342
f 3593/3329/2348 3591/3327/2347 3595/3331/2348
f 3594/3330/2349 3592/3328/2344 3596/3332/2350
f 3597/3333/2351 3593/3329/2348 3595/3331/2348
f 3596/3332/2350 3597/3333/2351 3594/3330/2349
f 3593/3329/2348 3597/3333/2351 3598/3334/2352
f 3596/3332/2350 3598/3334/2352 3597/3333/2351
f 3599/3335/2353 3600/3336/2354 3601/3337/2355
f 3600/3336/2354 3602/3338/2326 3601/3337/2355
f 3600/3336/2354 3599/3335/2353 3603/3339/2356
f 3602/3338/2326 3600/3336/2354 3604/3340/2325
f 3599/3335/2353 3605/3341/2357 3603/3339/2356
f 3604/3340/2325 3606/3342/2358 3602/3338/2326
f 3599/3335/2353 3607/3343/2357 3605/3341/2357
f 3604/3340/2325 3608/3344/2326 3606/3342/2358
f 3607/3343/2357 3609/3345/2359 3605/3341/2357
f 3610/3346/2358 3606/3342/2358 3608/3344/2326
f 3607/3343/2357 3611/3347/2360 3609/3345/2359
f 3606/3342/2358 3610/3346/2358 3612/3348/2358
f 3613/3349/2361 3609/3345/2359 3611/3347/2360
f 3614/3350/2362 3612/3348/2358 3610/3346/2358
f 3609/3345/2359 3613/3349/2361 3615/3351/2363
f 3612/3348/2358 3614/3350/2362 3616/3352/2364
f 3617/3353/2365 3615/3351/2363 3613/3349/2361
f 3618/3354/2366 3616/3352/2364 3614/3350/2362
f 3615/3351/2363 3617/3353/2365 3619/3355/2367
f 3618/3354/2366 3619/3355/2367 3617/3353/2365
f 3616/3352/2364 3618/3354/2366 3620/3356/2366
f 3617/3353/2365 3620/3356/2366 3618/3354/2366
f 3621/3357/2368 3622/3358/2369 3623/3359/2369
f 3624/3360/2370 3623/3359/2369 3622/3358/2369
f 3622/3358/2369 3621/3357/2368 3625/3361/598
f 3624/3360/2370 3622/3358/2369 3626/3362/2370
f 3627/3363/2344 3625/3361/598 3621/3357/2368
f 3628/3364/2371 3624/3360/2370 3626/3362/2370
f 3621/3357/2368 3629/3365/2342 3627/3363/2344
f 3628/3364/2371 3626/3362/2370 3630/3366/2372
f 3631/3367/2342 3627/3363/2344 3629/3365/2342
f 3632/3368/2373 3628/3364/2371 3630/3366/2372
f 3631/3367/2342 3629/3365/2342 3633/3369/2344
f 3628/3364/2371 3632/3368/2373 3634/3370/2374
f 3635/3371/2342 3631/3367/2342 3633/3369/2344
f 3636/3372/2375 3634/3370/2374 3632/3368/2373
f 3631/3367/2342 3635/3371/2342 3637/3373/2344
f 3634/3370/2374 3636/3372/2375 3638/3374/2376
f 3639/3375/2377 3637/3373/2344 3635/3371/2342
f 3636/3372/2375 3640/3376/2378 3638/3374/2376
f 3637/3373/2344 3639/3375/2377 3641/3377/2379
f 3640/3376/2378 3641/3377/2379 3639/3375/2377
f 3636/3372/2375 3642/3378/2378 3640/3376/2378
f 3641/3377/2379 3640/3376/2378 3642/3378/2378
f 3645/3379/2380 3643/3380/2381 3644/3381/2382
f 3643/3380/2381 3645/3379/2380 3646/3382/2383
f 3647/3383/2384 3649/3384/2385 3648/3385/2386
f 3649/3384/2385 3647/3383/2384 3650/3386/2387
f 3651/3387/2388 3653/3388/2389 3652/3389/2388
f 3653/3388/2389 3651/3387/2388 3654/3390/2390
f 3655/3391/2391 3653/3388/2389 3654/3390/2390
f 3653/3388/2389 3655/3391/2391 3656/3392/2392
f 3658/3393/2393 3657/3394/2394 3659/3395/2395
f 3659/3395/2395 3660/3396/2396 3658/3393/2393
f 3659/3395/2395 3661/3397/2397 3660/3396/2396
f 3661/3397/2397 3659/3395/2395 3662/3398/2398
f 3663/3399/2399 3664/3400/2400 3665/3401/2401
f 3664/3400/2402 3666/3402/2399 3667/3403/2403
f 3668/3404/2404 3664/3400/2402 3667/3403/2403
f 3669/3405/2405 3670/3406/2406 3671/3407/2407
f 3669/3405/2405 3672/3408/2406 3670/3406/2406
f 3673/3409/2407 3669/3405/2405 3671/3407/2407
f 3669/3405/2405 3673/3409/2407 3674/3410/2408
f 3674/3410/2408 3673/3409/2407 3675/3411/2409
f 3676/3400/2410 3677/3399/2411 3678/3402/2412
f 3679/3401/2413 3680/3412/2414 3677/3399/2414
f 3681/3413/2415 3682/3414/2416 3683/3415/2417
f 3684/3416/2415 3682/3414/2416 3681/3413/2415
f 3682/3414/2416 3684/3416/2415 3685/3417/2418
f 3686/3418/2419 3682/3414/2420 3687/3419/2421
f 3688/3420/2422 3682/3414/2420 3686/3418/2419
f 3682/3414/2420 3688/3420/2422 3689/3421/2423
f 3690/3422/2424 3691/3414/2425 3685/3417/2426
f 3692/3423/2427 3691/3414/2428 3689/3421/2429
f 3691/3414/2425 3690/3422/2424 3693/3424/2430
f 3691/3414/2425 3693/3424/2430 3694/3419/2431
f 3691/3414/2428 3692/3423/2427 3695/3425/2432
f 3695/3425/2432 3696/3415/2433 3691/3414/2428
f 3697/3426/2434 3698/3427/2435 3699/3428/2436
f 3698/3427/2435 3697/3426/2434 3700/3429/2435
f 3701/3392/2437 3698/3427/2435 3700/3429/2435
f 3698/3427/2435 3701/3392/2437 3702/3391/2438
f 3705/3430/2439 3704/3431/2440 3703/3432/2441
f 3704/3431/2440 3705/3430/2439 3706/3433/2442
f 3707/3434/2443 3706/3433/2442 3705/3430/2439
f 3706/3433/2442 3707/3434/2443 3708/3435/2444
f 3709/3410/2445 3710/3436/2446 3711/3405/2447
f 3710/3436/2446 3709/3410/2445 3712/3437/2448
f 3713/3438/2449 3714/3439/2450 3715/3440/2451
f 3714/3439/2450 3713/3438/2449 3716/3441/2452
f 3715/3440/2451 3717/3398/2453 3713/3438/2449
f 3717/3398/2453 3715/3440/2451 3718/3397/2454
f 3719/3401/2455 3720/3442/2456 3721/3443/2457
f 3720/3442/2456 3719/3401/2455 3722/3400/2458
f 3723/3444/2459 3724/3445/2460 3725/3446/2459
f 3724/3445/2460 3723/3444/2459 3726/3447/2461
f 3727/3448/2462 3728/3449/2463 3729/3450/2464
f 3729/3450/2464 3730/3451/2464 3727/3448/2462
f 3731/3437/2448 3732/3452/2465 3733/3436/2466
f 3733/3436/2466 3732/3452/2465 3734/3453/2465
f 3735/3454/2467 3736/3442/2456 3737/3455/2467
f 3736/3442/2456 3735/3454/2467 3738/3443/2457
f 3739/3456/2468 3740/3457/2469 3741/3458/2469
f 3740/3457/2469 3739/3456/2468 3742/3459/2468
f 3743/3460/2470 3744/3461/2471 3745/3462/2470
f 3744/3461/2471 3743/3460/2470 3746/3463/2472
f 3747/3463/2471 3748/3464/2473 3749/3461/2471
f 3748/3464/2473 3747/3463/2471 3750/3465/2473
f 3751/3466/2474 3752/3458/2469 3753/3457/2469
f 3752/3458/2469 3751/3466/2474 3754/3467/2474
f 3755/3468/2475 3756/3467/2474 3757/3466/2474
f 3755/3468/2475 3757/3466/2474 3758/3469/2476
f 3759/3464/2473 3760/3465/2473 3761/3470/2477
f 3759/3464/2473 3761/3470/2477 3762/3471/2478
f 3763/3472/2479 3764/3473/2479 3765/3474/2479
f 3764/3473/2479 3763/3472/2479 3766/3475/2480
f 3767/3476/2479 3764/3473/2479 3766/3475/2480
f 3767/3476/2479 3766/3475/2480 3768/3477/2481
f 3769/3478/2479 3764/3473/2479 3767/3476/2479
f 3764/3473/2479 3769/3478/2479 3770/3479/2479
f 3767/3476/2479 3771/3480/2479 3769/3478/2479
f 3771/3480/2479 3767/3476/2479 3772/3481/2479
f 3773/3447/2482 3774/3482/2483 3775/3445/2482
f 3774/3482/2483 3773/3447/2482 3776/3483/2484
f 3777/3451/2485 3778/3484/2484 3779/3485/2484
f 3778/3484/2484 3777/3451/2485 3780/3450/2485
f 3781/3486/2484 3782/3487/2484 3783/3488/2486
f 3781/3486/2484 3783/3488/2486 3784/3489/2487
f 3785/3486/2484 3786/3483/2484 3782/3487/2484
f 3786/3483/2484 3785/3486/2484 3787/3482/2484
f 3788/3490/2488 3789/3491/2484 3790/3492/2484
f 3788/3490/2488 3790/3492/2484 3791/3493/2488
f 3792/3492/2484 3793/3485/2484 3794/3484/2484
f 3793/3485/2484 3792/3492/2484 3795/3491/2484
f 3796/3494/301 3797/3495/2489 3798/3496/301
f 3798/3496/301 3797/3495/2489 3799/3497/2489
f 3800/3498/2490 3801/3499/2491 3802/3500/2490
f 3801/3499/2491 3800/3498/2490 3803/3501/2492
f 3804/3502/2493 3805/3462/2494 3806/3503/2495
f 3805/3462/2494 3804/3502/2493 3807/3460/2496
f 3808/3504/2497 3809/3505/2498 3810/3459/2499
f 3810/3459/2499 3811/3456/2500 3808/3504/2497
f 3812/3506/2501 3813/3496/2502 3814/3507/2503
f 3813/3496/2502 3812/3506/2501 3815/3494/2502
f 3816/3499/2504 3817/3508/2505 3818/3509/2506
f 3817/3508/2505 3816/3499/2504 3819/3501/2492
f 3820/3510/2507 3821/3511/2508 3822/3512/2509
f 3821/3511/2508 3820/3510/2507 3823/3513/2507
f 3824/3514/2510 3823/3513/2507 3820/3510/2507
f 3823/3513/2507 3824/3514/2510 3825/3515/2510
f 3827/3516/2511 3826/3517/2512 3828/3518/2513
f 3828/3518/2513 3829/3519/2513 3827/3516/2511
f 3828/3518/2513 3830/3520/2514 3829/3519/2513
f 3830/3520/2514 3828/3518/2513 3831/3521/2515
f 3831/3521/2515 3832/3522/2516 3830/3520/2514
f 3832/3522/2516 3831/3521/2515 3833/3523/2516
f 3833/3523/2516 3834/3524/2517 3832/3522/2516
f 3834/3524/2517 3833/3523/2516 3835/3525/2518
f 3836/3526/2519 3837/3508/2520 3838/3527/2521
f 3837/3508/2520 3839/3528/2522 3838/3527/2521
f 3840/3507/2523 3841/3529/2524 3842/3431/2525
f 3840/3507/2523 3843/3530/2524 3841/3529/2524
f 3842/3431/2525 3844/3506/2526 3840/3507/2523
f 3844/3506/2526 3842/3431/2525 3845/3433/2527
f 3844/3506/2526 3845/3433/2527 3846/3435/2528
f 3847/3509/2529 3848/3508/2530 3849/3526/2531
f 3847/3509/2529 3849/3526/2531 3850/3531/2532
f 3851/3532/2532 3847/3509/2529 3850/3531/2532
f 3852/3533/2533 3854/3534/2534 3853/3535/2535
f 3854/3534/2534 3852/3533/2533 3855/3536/2536
f 3856/3515/2537 3854/3534/2534 3855/3536/2536
f 3854/3534/2534 3856/3515/2537 3857/3514/2538
usemtl Meshpart2Mtl
f 21/17/5 22/18/6 20/19/5
f 21/17/5 23/20/6 22/18/6
f 155/99/1 156/100/1 157/101/1
f 157/101/1 156/100/1 158/102/1
f 158/102/1 156/100/1 159/103/1
f 156/100/1 155/99/1 160/104/1
f 161/105/1 156/100/1 160/104/1
f 156/100/1 161/105/1 162/106/1
f 163/107/75 164/108/76 165/109/77
f 164/108/76 166/110/78 165/109/77
f 167/111/79 163/107/75 165/109/77
f 165/109/77 166/110/78 167/111/79
f 163/107/75 167/111/79 168/112/80
f 169/113/81 168/112/80 167/111/79
f 167/111/79 166/110/78 169/113/81
f 168/112/80 169/113/81 170/114/82
f 170/114/82 169/113/81 172/115/83
f 169/113/81 166/110/78 172/115/83
f 173/116/84 170/114/82 172/115/83
f 170/114/82 173/116/84 171/117/85
f 172/115/83 166/110/78 174/118/86
f 173/116/84 172/115/83 174/118/86
f 174/118/86 166/110/78 175/119/87
f 175/119/87 166/110/78 176/120/88
f 174/118/86 177/121/89 173/116/84
f 175/119/87 177/121/89 174/118/86
f 178/122/90 171/117/85 173/116/84
f 178/122/90 173/116/84 177/121/89
f 176/120/88 179/123/91 175/119/87
f 177/121/89 175/119/87 179/123/91
f 179/123/91 176/120/88 180/124/92
f 181/125/93 178/122/90 177/121/89
f 179/123/91 181/125/93 177/121/89
f 180/124/92 182/126/94 179/123/91
f 181/125/93 179/123/91 182/126/94
f 182/126/94 180/124/92 183/127/95
f 183/127/95 184/128/96 182/126/94
f 182/126/94 185/129/97 181/125/93
f 185/129/97 182/126/94 184/128/96
f 183/127/95 188/130/98 189/131/99
f 184/128/96 183/127/95 189/131/99
f 188/130/98 183/127/95 190/132/100
f 190/132/100 187/133/101 188/130/98
f 187/133/101 190/132/100 191/134/102
f 193/135/103 191/134/102 190/132/100
f 194/136/104 192/137/105 191/134/102
f 191/134/102 193/135/103 194/136/104
f 192/137/105 194/136/104 195/138/106
f 195/138/106 186/139/107 192/137/105
f 196/140/108 194/136/104 193/135/103
f 197/141/109 195/138/106 194/136/104
f 194/136/104 196/140/108 197/141/109
f 190/132/100 180/124/92 193/135/103
f 180/124/92 190/132/100 183/127/95
f 193/135/103 176/120/88 196/140/108
f 176/120/88 193/135/103 180/124/92
f 196/140/108 166/110/78 197/141/109
f 176/120/88 166/110/78 196/140/108
f 195/138/106 197/141/109 198/142/110
f 197/141/109 166/110/78 198/142/110
f 198/142/110 199/143/111 195/138/106
f 186/139/107 195/138/106 199/143/111
f 199/143/111 198/142/110 200/144/112
f 198/142/110 166/110/78 200/144/112
f 200/144/112 201/145/113 199/143/111
f 201/145/113 200/144/112 164/108/76
f 200/144/112 166/110/78 164/108/76
f 164/108/76 163/107/75 201/145/113
f 202/146/114 203/147/115 204/148/116
f 203/147/115 202/146/114 205/149/117
f 204/148/116 206/150/118 202/146/114
f 206/150/118 204/148/116 207/151/119
f 206/150/118 208/152/120 202/146/114
f 208/152/120 205/149/117 202/146/114
f 205/149/117 208/152/120 209/153/121
f 208/152/120 206/150/118 210/154/122
f 211/155/123 210/154/122 206/150/118
f 210/154/122 211/155/123 212/156/124
f 214/157/125 215/158/126 213/159/127
f 215/158/126 214/157/125 216/160/128
f 216/160/128 217/161/129 215/158/126
f 218/162/130 216/160/128 214/157/125
f 217/161/129 216/160/128 219/163/131
f 220/164/132 217/161/129 219/163/131
f 216/160/128 218/162/130 221/165/133
f 221/165/133 219/163/131 216/160/128
f 219/163/131 221/165/133 222/166/134
f 223/167/135 219/163/131 222/166/134
f 219/163/131 223/167/135 220/164/132
f 226/168/16 225/169/136 224/170/136
f 226/168/16 227/171/16 225/169/136
f 228/172/137 227/171/16 226/168/16
f 228/172/137 229/173/137 227/171/16
f 230/174/138 231/175/139 232/176/140
f 231/175/139 233/177/141 232/176/140
f 234/178/142 232/176/140 233/177/141
f 235/179/143 231/175/139 230/174/138
f 236/180/144 235/179/143 230/174/138
f 238/181/145 236/180/144 230/174/138
f 239/182/146 237/183/147 236/180/144
f 239/182/146 236/180/144 238/181/145
f 241/184/148 237/183/147 239/182/146
f 241/184/148 240/185/149 237/183/147
f 238/181/145 230/174/138 217/161/129
f 217/161/129 230/174/138 232/176/140
f 238/181/145 242/186/150 239/182/146
f 239/182/146 243/187/151 241/184/148
f 243/187/151 239/182/146 242/186/150
f 242/186/150 238/181/145 220/164/132
f 217/161/129 220/164/132 238/181/145
f 244/188/152 241/184/148 243/187/151
f 241/184/148 244/188/152 245/189/153
f 245/189/153 240/185/149 241/184/148
f 246/190/154 247/191/155 234/178/142
f 232/176/140 234/178/142 247/191/155
f 247/191/155 217/161/129 232/176/140
f 247/191/155 246/190/154 248/192/156
f 217/161/129 247/191/155 215/158/126
f 248/192/156 215/158/126 247/191/155
f 215/158/126 248/192/156 213/159/127
f 250/193/157 251/194/158 249/195/159
f 253/196/160 250/193/157 252/197/161
f 250/193/157 253/196/160 254/198/162
f 251/194/158 250/193/157 254/198/162
f 255/199/163 251/194/158 254/198/162
f 251/194/158 255/199/163 256/200/164
f 259/201/16 258/202/136 257/203/136
f 258/202/136 259/201/16 260/204/16
f 261/205/137 260/204/16 259/201/16
f 260/204/16 261/205/137 262/206/137
f 264/207/2 265/208/2 266/209/165
f 267/210/166 265/208/2 264/207/2
f 264/207/2 266/209/165 268/211/167
f 267/210/166 269/212/166 265/208/2
f 273/213/168 271/214/169 270/215/170
f 274/216/171 272/217/172 271/214/169
f 271/214/169 273/213/168 274/216/171
f 270/215/170 275/218/173 273/213/168
f 273/213/168 276/219/174 274/216/171
f 275/218/173 270/215/170 277/220/175
f 275/218/173 278/221/176 273/213/168
f 276/219/174 273/213/168 278/221/176
f 278/221/176 280/222/177 276/219/174
f 281/223/178 277/220/175 279/224/179
f 277/220/175 281/223/178 282/225/180
f 282/225/180 275/218/173 277/220/175
f 283/226/181 282/225/180 281/223/178
f 282/225/180 283/226/181 284/227/182
f 284/227/182 285/228/183 282/225/180
f 275/218/173 282/225/180 285/228/183
f 285/228/183 284/227/182 287/229/184
f 286/230/185 287/229/184 284/227/182
f 288/231/186 275/218/173 285/228/183
f 289/232/187 285/228/183 287/229/184
f 285/228/183 289/232/187 288/231/186
f 289/232/187 287/229/184 263/233/188
f 287/229/184 286/230/185 290/234/189
f 263/233/188 287/229/184 290/234/189
f 275/218/173 288/231/186 291/235/190
f 278/221/176 275/218/173 291/235/190
f 292/236/191 291/235/190 288/231/186
f 291/235/190 293/237/192 278/221/176
f 291/235/190 292/236/191 294/238/193
f 293/237/192 291/235/190 294/238/193
f 280/222/177 278/221/176 293/237/192
f 295/239/194 274/216/171 276/219/174
f 274/216/171 295/239/194 296/240/195
f 272/217/172 274/216/171 296/240/195
f 297/241/166 298/242/166 299/243/2
f 297/241/166 299/243/2 300/244/2
f 300/244/2 299/243/2 301/245/165
f 300/244/2 301/245/165 302/246/165
f 303/247/3 304/248/3 305/249/3
f 304/248/3 303/247/3 306/250/3
f 304/248/3 307/251/3 305/249/3
f 307/251/3 304/248/3 308/252/3
f 307/251/3 309/253/3 305/249/3
f 309/253/3 307/251/3 310/254/3
f 311/255/3 312/256/3 313/257/3
f 313/257/3 312/256/3 314/258/3
f 315/259/3 312/256/3 311/255/3
f 312/256/3 315/259/3 316/260/3
f 317/261/3 312/256/3 316/260/3
f 312/256/3 317/261/3 318/262/3
f 322/263/196 319/264/197 321/265/198
f 322/263/196 321/265/198 324/266/199
f 324/266/199 325/267/200 322/263/196
f 321/265/198 323/268/201 326/269/202
f 324/266/199 321/265/198 326/269/202
f 320/270/203 327/271/204 323/268/201
f 326/269/202 323/268/201 327/271/204
f 327/271/204 320/270/203 328/272/205
f 326/269/202 327/271/204 329/273/206
f 328/272/205 330/274/207 327/271/204
f 329/273/206 327/271/204 330/274/207
f 331/275/208 326/269/202 329/273/206
f 331/275/208 324/266/199 326/269/202
f 332/276/209 329/273/206 330/274/207
f 332/276/209 331/275/208 329/273/206
f 330/274/207 328/272/205 333/277/210
f 332/276/209 330/274/207 333/277/210
f 324/266/199 331/275/208 334/278/211
f 334/278/211 325/267/200 324/266/199
f 332/276/209 334/278/211 331/275/208
f 334/278/211 335/279/212 325/267/200
f 335/279/212 334/278/211 336/280/213
f 332/276/209 336/280/213 334/278/211
f 336/280/213 337/281/214 335/279/212
f 337/281/214 336/280/213 338/282/215
f 332/276/209 338/282/215 336/280/213
f 338/282/215 339/283/216 337/281/214
f 339/283/216 338/282/215 340/284/217
f 332/276/209 340/284/217 338/282/215
f 340/284/217 341/285/218 339/283/216
f 342/286/219 339/283/216 341/285/218
f 341/285/218 340/284/217 343/287/220
f 332/276/209 343/287/220 340/284/217
f 343/287/220 344/288/221 341/285/218
f 344/288/221 343/287/220 345/289/222
f 332/276/209 345/289/222 343/287/220
f 345/289/222 346/290/223 344/288/221
f 332/276/209 347/291/224 345/289/222
f 346/290/223 345/289/222 347/291/224
f 332/276/209 348/292/225 347/291/224
f 348/292/225 346/290/223 347/291/224
f 332/276/209 333/277/210 348/292/225
f 349/293/226 346/290/223 348/292/225
f 349/293/226 348/292/225 333/277/210
f 333/277/210 328/272/205 349/293/226
f 353/294/227 352/295/228 351/296/229
f 353/294/227 350/297/230 352/295/228
f 322/263/196 353/294/227 351/296/229
f 351/296/229 319/264/197 322/263/196
f 325/267/200 353/294/227 322/263/196
f 350/297/230 353/294/227 354/298/231
f 325/267/200 354/298/231 353/294/227
f 354/298/231 355/299/232 350/297/230
f 354/298/231 325/267/200 335/279/212
f 355/299/232 354/298/231 356/300/233
f 335/279/212 356/300/233 354/298/231
f 337/281/214 357/301/234 356/300/233
f 356/300/233 335/279/212 337/281/214
f 357/301/234 337/281/214 339/283/216
f 339/283/216 342/286/219 357/301/234
f 361/302/235 358/303/236 362/304/237
f 363/305/238 362/304/237 358/303/236
f 362/304/237 363/305/238 365/306/239
f 365/306/239 364/307/240 362/304/237
f 366/308/241 365/306/239 363/305/238
f 360/309/242 365/306/239 366/308/241
f 364/307/240 365/306/239 367/310/243
f 365/306/239 360/309/242 368/311/244
f 368/311/244 367/310/243 365/306/239
f 367/310/243 368/311/244 359/312/245
f 370/313/246 372/314/247 371/315/248
f 373/316/249 371/315/248 372/314/247
f 371/315/248 373/316/249 374/317/250
f 372/314/247 375/318/251 373/316/249
f 374/317/250 373/316/249 376/319/252
f 373/316/249 375/318/251 377/320/253
f 376/319/252 373/316/249 377/320/253
f 378/321/254 376/319/252 377/320/253
f 379/322/255 381/323/256 380/324/257
f 382/325/258 380/324/257 381/323/256
f 381/323/256 375/318/251 382/325/258
f 381/323/256 379/322/255 383/326/259
f 375/318/251 381/323/256 384/327/260
f 383/326/259 384/327/260 381/323/256
f 377/320/253 375/318/251 384/327/260
f 384/327/260 383/326/259 385/328/261
f 386/329/262 384/327/260 385/328/261
f 377/320/253 384/327/260 386/329/262
f 386/329/262 378/321/254 377/320/253
f 389/330/52 388/331/263 387/332/263
f 389/330/52 390/204/52 388/331/263
f 391/333/264 390/204/52 389/330/52
f 391/333/264 392/334/264 390/204/52
f 382/325/258 394/335/265 395/336/266
f 380/324/257 382/325/258 395/336/266
f 394/335/265 382/325/258 396/337/267
f 399/338/268 398/339/269 396/337/267
f 375/318/251 396/337/267 382/325/258
f 399/338/268 396/337/267 375/318/251
f 400/340/270 397/341/271 398/339/269
f 400/340/270 398/339/269 399/338/268
f 401/342/272 397/341/271 400/340/270
f 401/342/272 393/343/273 397/341/271
f 399/338/268 402/344/274 400/340/270
f 403/345/275 393/343/273 401/342/272
f 402/344/274 399/338/268 372/314/247
f 375/318/251 372/314/247 399/338/268
f 404/346/276 400/340/270 402/344/274
f 400/340/270 404/346/276 401/342/272
f 401/342/272 369/347/277 403/345/275
f 369/347/277 401/342/272 404/346/276
f 372/314/247 370/313/246 402/344/274
f 407/348/278 405/349/279 406/350/280
f 405/349/279 407/348/278 408/351/281
f 410/352/282 408/351/281 407/348/278
f 409/353/283 408/351/281 411/354/284
f 412/355/285 411/354/284 408/351/281
f 408/351/281 410/352/282 412/355/285
f 415/168/52 414/356/263 413/357/263
f 415/168/52 416/358/52 414/356/263
f 417/359/264 416/358/52 415/168/52
f 417/359/264 418/360/264 416/358/52
f 423/361/286 420/362/287 421/363/288
f 421/363/288 422/364/289 423/361/286
f 425/365/290 423/361/286 422/364/289
f 426/366/291 425/365/290 424/367/292
f 420/362/287 423/361/286 427/368/293
f 423/361/286 425/365/290 428/369/294
f 426/366/291 428/369/294 425/365/290
f 428/369/294 427/368/293 423/361/286
f 427/368/293 428/369/294 429/370/295
f 430/371/296 419/372/297 429/370/295
f 431/373/298 429/370/295 428/369/294
f 429/370/295 431/373/298 430/371/296
f 428/369/294 426/366/291 431/373/298
f 430/371/296 431/373/298 432/374/299
f 433/375/300 431/373/298 426/366/291
f 434/376/301 432/374/299 431/373/298
f 435/377/302 431/373/298 433/375/300
f 431/373/298 435/377/302 434/376/301
f 432/374/299 434/376/301 436/378/303
f 437/379/304 434/376/301 435/377/302
f 434/376/301 437/379/304 438/380/305
f 438/380/305 436/378/303 434/376/301
f 439/381/306 438/380/305 437/379/304
f 436/378/303 438/380/305 440/382/307
f 438/380/305 439/381/306 441/383/308
f 441/383/308 440/382/307 438/380/305
f 444/384/309 442/385/309 446/386/4
f 447/387/4 445/388/310 443/389/310
f 444/384/309 446/386/4 447/387/4
f 447/387/4 446/386/4 445/388/310
f 448/390/311 430/371/296 449/391/312
f 419/372/297 430/371/296 448/390/311
f 432/374/299 449/391/312 430/371/296
f 450/392/313 449/391/312 432/374/299
f 436/378/303 450/392/313 432/374/299
f 451/393/314 433/375/300 452/394/315
f 452/394/315 426/366/291 424/367/292
f 433/375/300 426/366/291 452/394/315
f 455/395/4 454/396/310 453/397/310
f 455/395/4 456/398/4 454/396/310
f 458/399/309 456/398/4 455/395/4
f 458/399/309 457/400/316 456/398/4
f 4594/4263/1 4595/4264/1 4596/4265/1
f 4595/4264/1 4594/4263/1 4597/4266/1
f 4598/4267/16 4599/4268/16 4600/4269/16
f 4598/4267/16 4600/4269/16 4601/4270/16
f 4602/4271/2 4603/4272/2 4604/4273/2
f 4603/4272/2 4602/4271/2 4605/4274/2
f 4602/4271/2 4606/4275/2 4605/4274/2
f 4606/4275/2 4602/4271/2 4607/4276/2
f 4608/4263/3 4609/4277/3 4610/4278/3
f 4608/4263/3 4610/4278/3 4611/4265/3
f 4612/4279/2717 4613/4280/2717 4614/4267/52
f 4614/4267/52 4613/4280/2717 4615/4270/52
f 4612/4279/2717 4616/4281/2717 4613/4280/2717
f 4617/4282/2717 4616/4281/2717 4612/4279/2717
f 4618/4268/52 4616/4281/2717 4617/4282/2717
f 4616/4281/2717 4618/4268/52 4619/4269/52
f 4620/4272/4 4621/4271/4 4622/4274/4
f 4622/4274/4 4621/4271/4 4623/4283/4
f 4621/4271/4 4620/4272/4 4624/4284/4
f 4625/4285/4 4621/4271/4 4624/4284/4
usemtl Meshpart3Mtl
f 30/21/1 31/22/1 32/23/1
f 31/22/1 30/21/1 33/24/1
f 33/24/1 30/21/1 34/25/1
f 33/24/1 35/26/1 31/22/1
f 31/22/1 35/26/1 36/27/1
f 35/26/1 33/24/1 37/28/1
f 40/29/7 39/30/8 38/31/9
f 42/32/10 41/33/11 39/30/8
f 39/30/8 40/29/7 42/32/10
f 41/33/11 42/32/10 43/34/12
f 42/32/10 44/35/13 43/34/12
f 40/29/7 45/36/14 42/32/10
f 44/35/13 42/32/10 45/36/14
f 45/36/14 40/29/7 46/37/15
f 49/38/16 48/39/17 47/40/17
f 48/39/17 49/38/16 50/41/16
f 51/42/18 50/41/16 49/38/16
f 50/41/16 51/42/18 52/43/18
f 53/44/19 55/38/20 54/40/19
f 55/38/20 53/44/19 56/29/21
f 57/45/22 55/38/20 56/29/21
f 55/38/20 57/45/22 58/42/22
f 59/46/23 60/47/24 61/48/25
f 62/49/26 61/48/25 60/47/24
f 60/47/24 63/50/27 62/49/26
f 64/41/28 62/49/26 63/50/27
f 68/48/29 66/51/30 67/52/31
f 66/51/30 68/48/29 69/49/32
f 69/49/32 65/53/33 66/51/30
f 65/53/33 69/49/32 70/41/34
f 71/54/35 72/55/35 73/34/36
f 71/54/35 73/34/36 74/56/36
f 77/56/37 76/57/38 75/58/38
f 77/56/37 78/34/37 76/57/38
f 79/59/39 80/56/40 81/48/40
f 80/56/40 79/59/39 82/54/39
f 85/56/41 84/58/42 83/60/42
f 86/48/41 85/56/41 83/60/42
f 87/61/3 88/62/3 89/63/3
f 87/61/3 90/64/3 88/62/3
f 88/62/3 90/64/3 91/65/3
f 91/65/3 90/64/3 92/66/3
f 90/64/3 87/61/3 93/67/3
f 90/64/3 93/67/3 94/68/3
f 95/69/3 96/70/3 97/71/3
f 96/70/3 95/69/3 98/72/3
f 97/71/3 99/73/3 95/69/3
f 100/74/3 96/70/3 98/72/3
f 97/71/3 101/75/3 99/73/3
f 96/70/3 100/74/3 102/76/3
f 103/77/3 99/73/3 101/75/3
f 104/78/3 102/76/3 100/74/3
f 99/73/3 103/77/3 105/79/3
f 106/80/3 105/79/3 103/77/3
f 105/79/3 106/80/3 107/81/3
f 102/76/3 104/78/3 108/82/3
f 104/78/3 109/83/3 108/82/3
f 109/83/3 104/78/3 110/84/3
f 111/80/3 109/83/3 110/84/3
f 110/84/3 112/81/3 111/80/3
f 116/48/43 114/85/44 115/86/45
f 117/49/46 113/87/47 114/85/44
f 114/85/44 116/48/43 117/49/46
f 113/87/47 117/49/46 118/41/48
f 118/41/48 117/49/46 119/50/49
f 117/49/46 116/48/43 120/47/50
f 120/47/50 119/50/49 117/49/46
f 121/88/51 120/47/50 116/48/43
f 124/56/52 123/57/53 122/58/53
f 124/56/52 125/34/52 123/57/53
f 126/89/54 125/34/52 124/56/52
f 126/89/54 127/90/54 125/34/52
f 130/56/55 129/58/56 128/91/56
f 131/48/57 130/56/55 128/91/56
f 132/59/58 130/56/55 131/48/57
f 130/56/55 132/59/58 133/89/58
f 137/29/59 135/30/60 136/92/61
f 138/32/62 134/33/63 135/30/60
f 135/30/60 137/29/59 138/32/62
f 134/33/63 138/32/62 139/34/64
f 139/34/64 138/32/62 140/93/65
f 138/32/62 137/29/59 141/94/66
f 141/94/66 140/93/65 138/32/62
f 142/95/67 141/94/66 137/29/59
f 145/38/4 144/96/68 143/97/68
f 145/38/4 146/41/4 144/96/68
f 147/42/69 146/41/4 145/38/4
f 147/42/69 148/43/70 146/41/4
f 151/38/71 150/97/72 149/44/72
f 152/29/73 151/38/71 149/44/72
f 153/98/74 151/38/71 152/29/73
f 151/38/71 153/98/74 154/42/74
f 459/401/317 460/402/318 461/403/319
f 460/402/318 459/401/317 462/404/317
f 463/405/320 462/404/317 459/401/317
f 464/406/320 463/405/320 459/401/317
f 465/407/1 466/408/1 467/409/1
f 465/407/1 467/409/1 468/410/1
f 469/411/1 467/409/1 466/408/1
f 470/412/1 465/407/1 468/410/1
f 466/408/1 471/413/1 469/411/1
f 465/407/1 470/412/1 472/414/1
f 473/415/1 469/411/1 471/413/1
f 474/416/1 472/414/1 470/412/1
f 469/411/1 473/415/1 475/417/1
f 472/414/1 474/416/1 476/418/1
f 477/419/1 475/417/1 473/415/1
f 474/416/1 478/420/1 476/418/1
f 475/417/1 477/419/1 479/421/1
f 478/420/1 474/416/1 480/422/1
f 477/419/1 480/422/1 479/421/1
f 477/419/1 478/420/1 480/422/1
f 481/423/321 482/424/321 483/425/322
f 482/424/321 484/426/322 483/425/322
f 485/427/323 482/424/321 481/423/321
f 482/424/321 485/427/323 486/428/323
f 487/429/1 488/430/1 489/431/1
f 489/431/1 488/430/1 490/432/1
f 491/433/1 487/429/1 492/434/1
f 493/435/1 487/429/1 491/433/1
f 487/429/1 493/435/1 488/430/1
f 488/430/1 493/435/1 494/436/1
f 488/430/1 494/436/1 495/437/1
f 496/438/324 497/439/317 498/440/317
f 497/439/317 496/438/324 499/441/324
f 498/440/317 497/439/317 500/442/325
f 501/443/326 500/442/325 497/439/317
f 502/444/327 503/445/328 504/446/328
f 503/445/328 502/444/327 505/447/327
f 504/446/328 503/445/328 506/448/329
f 506/448/329 503/445/328 507/449/329
f 508/450/330 509/451/331 510/452/332
f 509/451/331 508/450/330 511/453/317
f 512/454/333 511/453/317 508/450/330
f 513/455/333 512/454/333 508/450/330
f 514/456/334 515/457/321 516/458/321
f 515/457/321 514/456/334 517/459/335
f 515/457/321 518/460/336 516/458/321
f 518/460/336 515/457/321 519/461/336
f 520/435/1 521/429/1 522/433/1
f 522/433/1 521/429/1 523/434/1
f 521/429/1 520/435/1 524/430/1
f 525/436/1 524/430/1 520/435/1
f 524/430/1 525/436/1 526/437/1
f 524/430/1 527/431/1 521/429/1
f 527/431/1 524/430/1 528/432/1
f 529/462/1 530/463/1 531/464/1
f 530/463/1 529/462/1 532/465/1
f 529/462/1 531/464/1 533/466/1
f 530/463/1 534/467/1 531/464/1
f 531/464/1 534/467/1 535/468/1
f 534/467/1 530/463/1 536/469/1
f 538/470/137 537/471/337 539/472/16
f 540/473/338 539/472/16 537/471/337
f 539/472/16 540/473/338 541/474/136
f 542/475/339 541/474/136 540/473/338
f 543/476/340 544/477/341 545/478/341
f 544/477/341 543/476/340 546/479/342
f 544/477/341 547/480/343 545/478/341
f 547/480/343 544/477/341 548/481/343
f 549/482/16 550/483/16 551/484/16
f 550/483/16 549/482/16 552/485/16
f 551/484/16 553/486/16 549/482/16
f 554/487/16 553/486/16 551/484/16
f 552/485/16 555/488/16 550/483/16
f 556/489/16 557/490/16 555/488/16
f 557/490/16 556/489/16 558/491/16
f 558/491/16 559/492/16 557/490/16
f 560/493/16 559/492/16 558/491/16
f 559/492/16 560/493/16 561/494/16
f 562/495/16 563/496/16 555/488/16
f 563/496/16 562/495/16 564/497/16
f 564/497/16 565/498/16 563/496/16
f 565/498/16 564/497/16 566/499/16
f 566/499/16 564/497/16 567/500/16
f 568/501/16 555/488/16 569/502/16
f 569/502/16 570/503/16 568/501/16
f 570/503/16 569/502/16 571/504/16
f 571/504/16 572/505/16 570/503/16
f 573/506/16 572/505/16 571/504/16
f 574/507/344 575/508/345 576/509/16
f 578/510/16 576/509/16 575/508/345
f 579/511/346 576/509/16 578/510/16
f 576/509/16 579/511/346 577/512/347
f 580/513/348 581/514/341 582/515/349
f 581/514/341 583/516/350 582/515/349
f 584/517/351 581/514/341 580/513/348
f 581/514/341 584/517/351 585/518/352
f 586/519/137 587/520/353 588/521/16
f 590/522/16 588/521/16 587/520/353
f 591/523/354 588/521/16 590/522/16
f 588/521/16 591/523/354 589/524/136
f 592/525/137 593/526/16 594/527/344
f 593/526/16 592/525/137 595/472/16
f 596/528/136 593/526/16 595/472/16
f 593/526/16 596/528/136 597/529/347
f 598/530/137 600/531/16 599/532/137
f 599/532/137 600/531/16 601/533/16
f 600/531/16 602/534/136 601/533/16
f 601/533/16 602/534/136 603/535/136
f 606/536/16 605/537/137 604/538/137
f 605/537/137 606/536/16 607/539/16
f 608/540/136 607/539/16 606/536/16
f 607/539/16 608/540/136 609/541/355
f 610/542/356 611/543/357 612/544/357
f 611/543/357 610/542/356 613/545/356
f 612/544/357 611/543/357 614/546/358
f 615/547/359 614/546/358 611/543/357
f 618/548/16 617/549/346 616/550/347
f 617/549/346 618/548/16 619/551/16
f 619/551/16 618/548/16 620/552/345
f 621/553/344 620/552/345 618/548/16
f 623/554/136 624/555/16 622/556/136
f 624/555/16 623/554/136 625/557/16
f 625/557/16 626/558/137 624/555/16
f 626/558/137 625/557/16 627/559/137
f 630/560/16 629/561/136 628/562/355
f 630/560/16 631/563/16 629/561/136
f 632/564/137 631/563/16 630/560/16
f 632/564/137 633/565/137 631/563/16
f 636/566/360 635/567/361 634/568/362
f 638/569/363 637/570/364 635/567/361
f 635/567/361 636/566/360 638/569/363
f 637/570/364 638/569/363 639/571/365
f 640/572/366 639/571/365 638/569/363
f 638/569/363 636/566/360 641/573/367
f 641/573/367 640/572/366 638/569/363
f 642/574/368 641/573/367 636/566/360
f 643/575/353 644/576/16 645/577/369
f 644/576/16 643/575/353 646/578/16
f 647/579/354 644/576/16 646/578/16
f 644/576/16 647/579/354 648/580/370
f 649/581/16 650/582/16 651/583/345
f 652/584/346 650/582/16 649/581/16
f 653/585/344 651/583/345 650/582/16
f 650/582/16 652/584/346 654/586/347
f 657/587/371 656/588/372 655/589/373
f 656/588/372 657/587/371 658/590/374
f 659/591/375 658/590/374 657/587/371
f 660/592/376 659/591/375 657/587/371
f 661/593/357 662/594/377 663/595/378
f 662/594/377 661/593/357 664/596/357
f 665/597/379 664/596/357 661/593/357
f 666/598/380 665/597/379 661/593/357
f 667/599/381 668/600/381 669/601/16
f 668/600/381 670/590/16 669/601/16
f 669/601/16 670/590/16 671/602/382
f 670/590/16 672/603/382 671/602/382
f 673/604/383 674/555/374 675/605/384
f 676/606/385 675/605/384 674/555/374
f 677/607/386 674/555/374 673/604/383
f 674/555/374 677/607/386 678/608/372
f 673/604/383 679/524/387 677/607/386
f 679/524/387 673/604/383 680/521/388
f 681/519/389 680/521/388 673/604/383
f 675/605/384 681/519/389 673/604/383
f 682/609/357 683/610/390 684/611/391
f 683/610/390 682/609/357 685/612/357
f 686/613/379 685/612/357 682/609/357
f 687/614/379 686/613/379 682/609/357
f 690/615/2 688/616/392 689/617/166
f 688/616/392 690/615/2 691/618/393
f 690/615/2 693/619/394 691/618/393
f 693/619/394 690/615/2 692/620/165
f 696/621/395 695/622/396 694/623/397
f 695/622/396 696/621/395 697/624/398
f 698/625/399 697/624/398 696/621/395
f 697/624/398 698/625/399 699/626/400
f 700/627/401 701/628/402 702/629/402
f 701/628/402 700/627/401 703/630/401
f 702/629/402 701/628/402 704/631/403
f 705/632/403 704/631/403 701/628/402
f 708/633/2 707/634/404 706/635/166
f 707/634/404 708/633/2 709/636/405
f 710/637/165 709/636/405 708/633/2
f 709/636/405 710/637/165 711/638/406
f 712/639/2 713/640/2 714/641/2
f 713/640/2 712/639/2 715/642/2
f 714/641/2 716/643/2 712/639/2
f 716/643/2 714/641/2 717/644/2
f 717/644/2 718/645/2 716/643/2
f 719/646/2 720/647/2 718/645/2
f 720/647/2 719/646/2 721/648/2
f 720/647/2 721/648/2 722/649/2
f 723/650/2 722/649/2 721/648/2
f 722/649/2 723/650/2 724/651/2
f 725/652/2 726/653/2 718/645/2
f 726/653/2 725/652/2 727/654/2
f 727/654/2 728/655/2 726/653/2
f 727/654/2 729/656/2 728/655/2
f 730/657/2 729/656/2 727/654/2
f 731/658/2 718/645/2 732/659/2
f 732/659/2 733/660/2 731/658/2
f 733/660/2 732/659/2 734/661/2
f 734/661/2 735/662/2 733/660/2
f 734/661/2 736/663/2 735/662/2
f 739/615/2 738/664/399 737/665/165
f 738/664/399 739/615/2 740/666/395
f 741/667/166 740/666/395 739/615/2
f 740/666/395 741/667/166 742/668/397
f 743/669/2 744/670/2 745/671/2
f 744/670/2 743/669/2 746/672/2
f 745/671/2 747/673/2 743/669/2
f 748/674/2 747/673/2 745/671/2
f 746/672/2 749/675/2 744/670/2
f 750/676/2 751/677/2 749/675/2
f 751/677/2 750/676/2 752/678/2
f 752/678/2 753/679/2 751/677/2
f 754/680/2 753/679/2 752/678/2
f 753/679/2 754/680/2 755/681/2
f 756/682/2 757/683/2 749/675/2
f 757/683/2 756/682/2 758/684/2
f 758/684/2 759/685/2 757/683/2
f 760/686/2 759/685/2 758/684/2
f 759/685/2 760/686/2 761/687/2
f 762/688/2 749/675/2 763/689/2
f 763/689/2 764/690/2 762/688/2
f 764/690/2 763/689/2 765/691/2
f 764/690/2 765/691/2 766/692/2
f 766/692/2 765/691/2 767/693/2
f 768/694/2 769/695/2 770/696/2
f 769/695/2 768/694/2 771/697/2
f 768/694/2 770/696/2 772/698/2
f 772/698/2 770/696/2 773/699/2
f 771/697/2 774/700/2 769/695/2
f 775/701/2 776/702/2 774/700/2
f 776/702/2 775/701/2 777/703/2
f 776/702/2 777/703/2 778/704/2
f 779/705/2 778/704/2 777/703/2
f 778/704/2 779/705/2 780/706/2
f 781/707/2 782/708/2 774/700/2
f 782/708/2 781/707/2 783/709/2
f 784/710/2 782/708/2 783/709/2
f 785/711/2 784/710/2 783/709/2
f 784/710/2 785/711/2 786/712/2
f 787/713/2 774/700/2 788/714/2
f 788/714/2 789/715/2 787/713/2
f 789/715/2 788/714/2 790/716/2
f 790/716/2 791/717/2 789/715/2
f 790/716/2 792/718/2 791/717/2
f 793/719/2 794/720/2 795/721/2
f 794/720/2 793/719/2 796/722/2
f 793/719/2 795/721/2 797/723/2
f 797/723/2 795/721/2 798/724/2
f 796/722/2 799/725/2 794/720/2
f 800/726/2 801/727/2 799/725/2
f 801/727/2 800/726/2 802/728/2
f 801/727/2 802/728/2 803/729/2
f 804/730/2 803/729/2 802/728/2
f 803/729/2 804/730/2 805/731/2
f 806/732/2 807/733/2 799/725/2
f 807/733/2 806/732/2 808/734/2
f 809/735/2 807/733/2 808/734/2
f 810/736/2 809/735/2 808/734/2
f 809/735/2 810/736/2 811/737/2
f 812/738/2 799/725/2 813/739/2
f 813/739/2 814/740/2 812/738/2
f 814/740/2 813/739/2 815/741/2
f 815/741/2 816/742/2 814/740/2
f 815/741/2 817/743/2 816/742/2
f 820/744/2 819/745/165 818/746/165
f 820/744/2 821/747/2 819/745/165
f 822/748/407 821/747/2 820/744/2
f 822/748/407 823/749/408 821/747/2
f 824/750/2 823/749/408 822/748/407
f 825/751/2 823/749/408 824/750/2
f 828/752/2 827/753/165 826/754/165
f 828/752/2 829/755/2 827/753/165
f 830/756/407 829/755/2 828/752/2
f 830/756/407 831/757/409 829/755/2
f 832/758/2 831/757/409 830/756/407
f 833/759/2 831/757/409 832/758/2
f 834/760/410 835/761/396 836/762/397
f 835/761/396 834/760/410 837/763/411
f 838/764/399 837/763/411 834/760/410
f 837/763/411 838/764/399 839/765/400
f 840/766/2 841/767/2 842/768/166
f 841/767/2 843/769/166 842/768/166
f 844/770/165 841/767/2 840/766/2
f 845/771/165 844/770/165 840/766/2
f 846/772/166 847/773/166 848/774/2
f 846/772/166 848/774/2 849/775/2
f 849/775/2 848/774/2 850/776/165
f 849/775/2 850/776/165 851/777/167
f 854/778/412 853/779/413 852/780/414
f 853/779/413 854/778/412 856/781/415
f 856/781/415 855/782/416 853/779/413
f 857/783/417 856/781/415 854/778/412
f 855/782/416 856/781/415 858/784/418
f 856/781/415 857/783/417 859/785/419
f 859/785/419 858/784/418 856/781/415
f 858/784/418 859/785/419 860/786/420
f 861/787/2 862/788/2 863/789/2
f 863/789/2 864/790/2 861/787/2
f 862/788/2 861/787/2 865/791/2
f 862/788/2 865/791/2 866/792/2
f 866/792/2 865/791/2 867/793/2
f 868/794/2 864/790/2 869/795/2
f 869/795/2 870/796/2 868/794/2
f 870/796/2 869/795/2 871/660/2
f 871/660/2 872/797/2 870/796/2
f 873/798/2 872/797/2 871/660/2
f 874/799/2 875/800/2 864/790/2
f 875/800/2 874/799/2 876/801/2
f 876/801/2 877/802/2 875/800/2
f 878/640/2 877/802/2 876/801/2
f 877/802/2 878/640/2 879/650/2
f 880/803/2 881/804/2 864/790/2
f 881/804/2 880/803/2 882/805/2
f 882/805/2 883/806/2 881/804/2
f 884/651/2 883/806/2 882/805/2
f 883/806/2 884/651/2 885/807/2
f 888/808/405 887/809/421 886/810/406
f 887/809/421 888/808/405 889/811/422
f 890/812/404 889/811/422 888/808/405
f 889/811/422 890/812/404 891/813/423
f 894/814/424 893/815/399 892/816/400
f 893/815/399 894/814/424 895/817/410
f 896/818/396 895/817/410 894/814/424
f 895/817/410 896/818/396 897/819/397
f 898/820/2 899/821/425 900/822/426
f 899/821/425 898/820/2 901/823/422
f 902/824/427 901/823/422 898/820/2
f 901/823/422 902/824/427 903/825/428
f 904/826/2 905/827/427 906/820/2
f 905/827/427 904/826/2 907/828/427
f 906/820/2 908/829/429 904/826/2
f 908/829/429 906/820/2 909/830/429
f 910/831/430 912/767/431 911/832/432
f 913/637/433 914/833/434 910/831/430
f 912/767/431 910/831/430 914/833/434
f 914/833/434 913/637/433 915/633/435
f 916/635/436 914/833/434 915/633/435
f 917/834/437 912/767/431 914/833/434
f 914/833/434 916/635/436 917/834/437
f 912/767/431 917/834/437 918/835/438
f 919/836/3 920/837/3 921/838/3
f 922/839/3 921/838/3 920/837/3
f 921/838/3 923/840/3 919/836/3
f 921/838/3 922/839/3 924/841/3
f 923/840/3 925/842/3 919/836/3
f 926/843/3 924/841/3 922/839/3
f 925/842/3 923/840/3 927/844/3
f 924/841/3 926/843/3 928/845/3
f 929/846/3 925/842/3 927/844/3
f 930/847/3 928/845/3 926/843/3
f 925/842/3 929/846/3 931/848/3
f 930/847/3 926/843/3 932/849/3
f 933/850/3 931/848/3 929/846/3
f 932/849/3 933/850/3 930/847/3
f 931/848/3 933/850/3 934/851/3
f 933/850/3 932/849/3 934/851/3
f 938/848/439 935/836/440 936/842/441
f 939/851/442 935/836/440 938/848/439
f 939/851/442 937/837/443 935/836/440
f 937/837/443 939/851/442 940/839/444
f 942/849/445 940/839/444 939/851/442
f 940/839/444 942/849/445 941/843/446
f 943/852/3 944/853/3 945/854/3
f 945/854/3 944/853/3 946/855/3
f 944/853/3 943/852/3 947/856/3
f 945/854/3 948/857/3 943/852/3
f 943/852/3 948/857/3 949/858/3
f 948/857/3 945/854/3 950/859/3
f 951/860/3 952/861/3 953/862/3
f 952/861/3 951/860/3 954/863/3
f 955/864/3 951/860/3 953/862/3
f 956/865/3 952/861/3 954/863/3
f 955/864/3 953/862/3 957/866/3
f 952/861/3 956/865/3 958/867/3
f 959/868/3 955/864/3 957/866/3
f 960/869/3 958/867/3 956/865/3
f 955/864/3 959/868/3 961/870/3
f 958/867/3 960/869/3 962/871/3
f 963/872/3 961/870/3 959/868/3
f 960/869/3 964/873/3 962/871/3
f 961/870/3 963/872/3 965/874/3
f 960/869/3 966/875/3 964/873/3
f 963/872/3 964/873/3 966/875/3
f 966/875/3 965/874/3 963/872/3
f 967/876/3 968/877/3 969/878/3
f 969/878/3 968/877/3 970/879/3
f 968/877/3 967/876/3 971/880/3
f 971/880/3 967/876/3 972/881/3
f 971/880/3 972/881/3 973/882/3
f 968/877/3 971/880/3 974/883/3
f 974/883/3 971/880/3 975/884/3
f 976/885/447 977/886/448 978/887/448
f 977/886/448 976/885/447 979/888/447
f 980/889/449 979/888/447 976/885/447
f 981/890/449 980/889/449 976/885/447
f 982/891/450 983/892/451 984/893/451
f 983/892/451 982/891/450 985/894/452
f 983/892/451 986/895/453 984/893/451
f 986/895/453 983/892/451 987/896/454
f 988/897/455 989/898/456 990/899/456
f 989/898/456 988/897/455 991/900/455
f 988/897/455 992/901/457 991/900/455
f 993/902/458 992/901/457 988/897/455
f 994/903/459 995/904/447 996/905/447
f 995/904/447 994/903/459 997/906/460
f 996/905/447 995/904/447 998/907/461
f 999/908/462 998/907/461 995/904/447
f 1000/880/3 1001/884/3 1002/883/3
f 1003/877/3 1000/880/3 1002/883/3
f 1000/880/3 1004/881/3 1005/882/3
f 1000/880/3 1006/876/3 1004/881/3
f 1006/876/3 1000/880/3 1003/877/3
f 1006/876/3 1003/877/3 1007/878/3
f 1007/878/3 1003/877/3 1008/879/3
f 1009/909/451 1010/910/451 1011/911/463
f 1010/910/451 1012/912/463 1011/911/463
f 1013/913/464 1010/910/451 1009/909/451
f 1010/910/451 1013/913/464 1014/914/465
f 1015/915/447 1016/916/466 1017/917/467
f 1016/916/466 1015/915/447 1018/918/447
f 1019/919/468 1018/918/447 1015/915/447
f 1020/920/468 1019/919/468 1015/915/447
f 1021/921/52 1022/922/469 1023/923/264
f 1022/922/469 1021/921/52 1024/924/470
f 1021/921/52 1025/925/471 1024/924/470
f 1025/925/471 1021/921/52 1026/926/263
f 1027/927/472 1028/928/473 1029/929/474
f 1028/928/473 1027/927/472 1030/930/472
f 1031/931/475 1030/930/472 1027/927/472
f 1032/932/476 1031/931/475 1027/927/472
f 1033/933/472 1034/934/477 1035/935/473
f 1034/934/477 1033/933/472 1036/936/472
f 1037/937/478 1036/936/472 1033/933/472
f 1038/938/475 1037/937/478 1033/933/472
f 1039/939/479 1040/940/52 1041/941/480
f 1040/940/52 1039/939/479 1042/942/52
f 1043/943/481 1040/940/52 1042/942/52
f 1040/940/52 1043/943/481 1044/944/482
f 1045/945/264 1046/946/52 1047/947/483
f 1046/946/52 1045/945/264 1048/948/52
f 1049/949/263 1046/946/52 1048/948/52
f 1046/946/52 1049/949/263 1050/950/484
f 1051/951/264 1052/952/479 1053/921/52
f 1055/953/52 1053/921/52 1052/952/479
f 1056/954/481 1053/921/52 1055/953/52
f 1053/921/52 1056/954/481 1054/955/485
f 1057/956/486 1058/957/486 1059/958/487
f 1058/957/486 1060/959/487 1059/958/487
f 1061/960/488 1058/957/486 1057/956/486
f 1058/957/486 1061/960/488 1062/961/488
f 1065/962/52 1064/963/481 1063/964/482
f 1064/963/481 1065/962/52 1066/965/52
f 1065/962/52 1067/966/479 1066/965/52
f 1067/966/479 1065/962/52 1068/967/480
f 1069/968/489 1070/969/472 1071/970/472
f 1070/969/472 1069/968/489 1072/971/489
f 1071/970/472 1070/969/472 1073/972/490
f 1074/973/490 1073/972/490 1070/969/472
f 1075/974/263 1076/975/263 1077/976/52
f 1076/975/263 1078/977/52 1077/976/52
f 1077/976/52 1078/977/52 1079/978/264
f 1078/977/52 1080/979/264 1079/978/264
f 1083/980/52 1082/981/263 1081/982/263
f 1083/980/52 1084/983/52 1082/981/263
f 1085/984/264 1084/983/52 1083/980/52
f 1085/984/264 1086/985/491 1084/983/52
f 1087/986/492 1088/987/493 1089/988/494
f 1088/987/493 1087/986/492 1090/989/495
f 1087/986/492 1091/990/496 1090/989/495
f 1089/988/494 1092/991/472 1087/986/492
f 1091/990/496 1087/986/492 1093/992/497
f 1092/991/472 1093/992/497 1087/986/492
f 1092/991/472 1089/988/494 1094/993/498
f 1093/992/497 1092/991/472 1095/994/499
f 1096/995/483 1097/996/500 1098/997/52
f 1100/998/52 1098/997/52 1097/996/500
f 1101/999/501 1098/997/52 1100/998/52
f 1098/997/52 1101/999/501 1099/1000/484
f 1104/1001/479 1106/1002/52 1102/1003/480
f 1106/1002/52 1105/1004/481 1103/1005/482
f 1106/1002/52 1104/1001/479 1107/1006/52
f 1105/1004/481 1106/1002/52 1107/1006/52
f 1110/1007/502 1109/1008/503 1108/1009/504
f 1109/1008/503 1110/1007/502 1111/1010/505
f 1110/1007/502 1112/1011/506 1111/1010/505
f 1112/1011/506 1110/1007/502 1113/1012/507
f 1114/1013/508 1115/1014/486 1116/1015/486
f 1115/1014/486 1114/1013/508 1117/1016/509
f 1115/1014/486 1118/1017/510 1116/1015/486
f 1118/1017/510 1115/1014/486 1119/1018/511
f 1120/1019/52 1121/1020/52 1122/1021/52
f 1122/1021/52 1123/1022/52 1120/1019/52
f 1121/1020/52 1120/1019/52 1124/1023/52
f 1121/1020/52 1124/1023/52 1125/1024/52
f 1125/1024/52 1124/1023/52 1126/1025/52
f 1127/1026/52 1123/1022/52 1128/1027/52
f 1128/1027/52 1129/1028/52 1127/1026/52
f 1129/1028/52 1128/1027/52 1130/1029/52
f 1130/1029/52 1131/1030/52 1129/1028/52
f 1132/1031/52 1131/1030/52 1130/1029/52
f 1133/1032/52 1134/1033/52 1123/1022/52
f 1134/1033/52 1133/1032/52 1135/1034/52
f 1135/1034/52 1136/1035/52 1134/1033/52
f 1137/1036/52 1136/1035/52 1135/1034/52
f 1136/1035/52 1137/1036/52 1138/1037/52
f 1139/1038/52 1140/1039/52 1123/1022/52
f 1140/1039/52 1139/1038/52 1141/1040/52
f 1141/1040/52 1142/1041/52 1140/1039/52
f 1143/1042/52 1142/1041/52 1141/1040/52
f 1142/1041/52 1143/1042/52 1144/1043/52
f 1146/1044/512 1147/1007/52 1145/1045/512
f 1147/1007/52 1146/1044/512 1148/1046/52
f 1148/1046/52 1149/1047/513 1147/1007/52
f 1149/1047/513 1148/1046/52 1150/1048/513
f 1152/1049/514 1154/977/502 1153/1050/515
f 1151/949/516 1155/1051/517 1152/1049/514
f 1154/977/502 1152/1049/514 1155/1051/517
f 1155/1051/517 1151/949/516 1156/948/518
f 1157/945/519 1155/1051/517 1156/948/518
f 1158/1052/520 1154/977/502 1155/1051/517
f 1155/1051/517 1157/945/519 1158/1052/520
f 1154/977/502 1158/1052/520 1159/1053/521
f 1160/1054/522 1162/1055/4 1161/1056/310
f 1162/1055/4 1160/1054/522 1163/1057/523
f 1164/1058/524 1162/1055/4 1163/1057/523
f 1162/1055/4 1164/1058/524 1165/1059/309
f 1167/1060/525 1168/1061/526 1166/1062/527
f 1169/1063/528 1168/1061/526 1167/1060/525
f 1169/1063/528 1170/1064/529 1168/1061/526
f 1171/1065/530 1170/1064/529 1169/1063/528
f 1173/1066/531 1174/1067/4 1172/1068/310
f 1174/1067/4 1173/1066/531 1175/1069/532
f 1175/1069/532 1176/1070/309 1174/1067/4
f 1176/1070/309 1175/1069/532 1177/1071/533
f 1178/1072/4 1179/1073/4 1180/1074/4
f 1179/1073/4 1178/1072/4 1181/1075/4
f 1180/1074/4 1182/1076/4 1178/1072/4
f 1182/1076/4 1180/1074/4 1183/1077/4
f 1183/1077/4 1184/1078/4 1182/1076/4
f 1185/1079/4 1186/1080/4 1184/1078/4
f 1186/1080/4 1185/1079/4 1187/1081/4
f 1186/1080/4 1187/1081/4 1188/1082/4
f 1189/1083/4 1188/1082/4 1187/1081/4
f 1188/1082/4 1189/1083/4 1190/1084/4
f 1191/1085/4 1192/1086/4 1184/1078/4
f 1192/1086/4 1191/1085/4 1193/1087/4
f 1193/1087/4 1194/1088/4 1192/1086/4
f 1193/1087/4 1195/1089/4 1194/1088/4
f 1196/1090/4 1195/1089/4 1193/1087/4
f 1197/1091/4 1184/1078/4 1198/1092/4
f 1198/1092/4 1199/1093/4 1197/1091/4
f 1199/1093/4 1198/1092/4 1200/1094/4
f 1200/1094/4 1201/1095/4 1199/1093/4
f 1200/1094/4 1202/1096/4 1201/1095/4
f 1203/1097/309 1204/1098/529 1205/1055/4
f 1206/1099/534 1205/1055/4 1204/1098/529
f 1205/1055/4 1206/1099/534 1207/1100/310
f 1208/1101/527 1207/1100/310 1206/1099/534
f 1209/1102/4 1210/1103/4 1211/1104/4
f 1210/1103/4 1209/1102/4 1212/1105/4
f 1209/1102/4 1211/1104/4 1213/1106/4
f 1213/1106/4 1214/1107/4 1209/1102/4
f 1214/1107/4 1213/1106/4 1215/1108/4
f 1216/1109/4 1215/1108/4 1217/1110/4
f 1217/1110/4 1218/1111/4 1216/1109/4
f 1218/1111/4 1217/1110/4 1219/1112/4
f 1218/1111/4 1219/1112/4 1220/1113/4
f 1220/1113/4 1219/1112/4 1221/1114/4
f 1222/1115/4 1215/1108/4 1223/1116/4
f 1223/1116/4 1224/1117/4 1222/1115/4
f 1224/1117/4 1223/1116/4 1225/1118/4
f 1225/1118/4 1226/1119/4 1224/1117/4
f 1227/1120/4 1226/1119/4 1225/1118/4
f 1228/1121/4 1229/1122/4 1215/1108/4
f 1229/1122/4 1228/1121/4 1230/1123/4
f 1230/1123/4 1231/1124/4 1229/1122/4
f 1232/1125/4 1231/1124/4 1230/1123/4
f 1231/1124/4 1232/1125/4 1233/1126/4
f 1234/1127/4 1235/1128/4 1236/1129/4
f 1235/1128/4 1234/1127/4 1237/1130/4
f 1237/1130/4 1238/1131/4 1235/1128/4
f 1237/1130/4 1239/1132/4 1238/1131/4
f 1240/1133/4 1239/1132/4 1237/1130/4
f 1241/1134/4 1236/1129/4 1242/1135/4
f 1242/1135/4 1243/1136/4 1241/1134/4
f 1243/1136/4 1242/1135/4 1244/1137/4
f 1244/1137/4 1245/1138/4 1243/1136/4
f 1244/1137/4 1246/1139/4 1245/1138/4
f 1247/1140/4 1236/1129/4 1248/1141/4
f 1248/1141/4 1249/1142/4 1247/1140/4
f 1249/1142/4 1248/1141/4 1250/1143/4
f 1250/1143/4 1251/1144/4 1249/1142/4
f 1251/1144/4 1250/1143/4 1252/1145/4
f 1253/1146/4 1254/1147/4 1236/1129/4
f 1254/1147/4 1253/1146/4 1255/1148/4
f 1254/1147/4 1255/1148/4 1256/1149/4
f 1257/1150/4 1256/1149/4 1255/1148/4
f 1256/1149/4 1257/1150/4 1258/1151/4
f 1259/1152/4 1260/1153/4 1261/1154/4
f 1260/1153/4 1259/1152/4 1262/1155/4
f 1259/1152/4 1261/1154/4 1263/1156/4
f 1263/1156/4 1264/1157/4 1259/1152/4
f 1264/1157/4 1263/1156/4 1265/1158/4
f 1266/1159/4 1265/1158/4 1267/1160/4
f 1267/1160/4 1268/1161/4 1266/1159/4
f 1268/1161/4 1267/1160/4 1269/1162/4
f 1268/1161/4 1269/1162/4 1270/1163/4
f 1270/1163/4 1269/1162/4 1271/1164/4
f 1272/1165/4 1265/1158/4 1273/1166/4
f 1273/1166/4 1274/1167/4 1272/1165/4
f 1274/1167/4 1273/1166/4 1275/1168/4
f 1275/1168/4 1276/1169/4 1274/1167/4
f 1277/1170/4 1276/1169/4 1275/1168/4
f 1278/1171/4 1279/1172/4 1265/1158/4
f 1279/1172/4 1278/1171/4 1280/1173/4
f 1280/1173/4 1281/1174/4 1279/1172/4
f 1282/1175/4 1281/1174/4 1280/1173/4
f 1281/1174/4 1282/1175/4 1283/1176/4
f 1284/1177/4 1285/1178/4 1286/1179/535
f 1287/1180/309 1285/1178/4 1284/1177/4
f 1284/1177/4 1286/1179/535 1288/1181/536
f 1289/1182/4 1288/1181/536 1286/1179/535
f 1288/1181/536 1289/1182/4 1290/1183/4
f 1287/1180/309 1291/1184/309 1285/1178/4
f 1292/1185/4 1293/1186/4 1294/1187/537
f 1295/1188/309 1293/1186/4 1292/1185/4
f 1292/1185/4 1294/1187/537 1296/1189/537
f 1294/1187/537 1297/1190/4 1296/1189/537
f 1296/1189/537 1297/1190/4 1298/1191/4
f 1295/1188/309 1299/1192/309 1293/1186/4
f 1301/1193/525 1302/1194/526 1300/1195/527
f 1304/1196/528 1302/1194/526 1301/1193/525
f 1304/1196/528 1305/1197/529 1302/1194/526
f 1303/1198/530 1305/1197/529 1304/1196/528
f 1306/1199/310 1307/1200/310 1309/1201/4
f 1307/1200/310 1311/1202/4 1309/1201/4
f 1311/1202/4 1308/1203/309 1310/1204/309
f 1309/1201/4 1311/1202/4 1310/1204/309
f 1314/1205/4 1313/1206/310 1312/1207/310
f 1314/1205/4 1315/1208/4 1313/1206/310
f 1317/1209/309 1315/1208/4 1314/1205/4
f 1317/1209/309 1316/1210/316 1315/1208/4
f 1319/1211/538 1320/1212/539 1318/1213/540
f 1323/1214/541 1325/1215/542 1322/1216/543
f 1324/1217/544 1326/1218/545 1323/1214/541
f 1325/1215/542 1323/1214/541 1326/1218/545
f 1326/1218/545 1324/1217/544 1320/1212/539
f 1326/1218/545 1321/1219/546 1325/1215/542
f 1320/1212/539 1319/1211/538 1326/1218/545
f 1321/1219/546 1326/1218/545 1319/1211/538
f 1327/1220/547 1328/1221/548 1329/1222/548
f 1328/1221/548 1327/1220/547 1330/1223/549
f 1328/1221/548 1331/1224/550 1329/1222/548
f 1331/1224/550 1328/1221/548 1332/1225/551
f 1333/1226/4 1334/1094/4 1335/1227/4
f 1335/1227/4 1336/1228/4 1333/1226/4
f 1334/1094/4 1333/1226/4 1337/1088/4
f 1334/1094/4 1337/1088/4 1338/1096/4
f 1338/1096/4 1337/1088/4 1339/1089/4
f 1340/1229/4 1336/1228/4 1341/1230/4
f 1341/1230/4 1342/1231/4 1340/1229/4
f 1342/1231/4 1341/1230/4 1343/1232/4
f 1343/1232/4 1344/1233/4 1342/1231/4
f 1345/1095/4 1344/1233/4 1343/1232/4
f 1346/1234/4 1347/1235/4 1336/1228/4
f 1347/1235/4 1346/1234/4 1348/1236/4
f 1348/1236/4 1349/1081/4 1347/1235/4
f 1350/1237/4 1349/1081/4 1348/1236/4
f 1349/1081/4 1350/1237/4 1351/1238/4
f 1352/1080/4 1353/1239/4 1336/1228/4
f 1353/1239/4 1352/1080/4 1354/1240/4
f 1354/1240/4 1355/1241/4 1353/1239/4
f 1356/1242/4 1355/1241/4 1354/1240/4
f 1355/1241/4 1356/1242/4 1357/1243/4
f 1358/1244/533 1359/1245/552 1360/1246/553
f 1361/1247/554 1360/1246/553 1359/1245/552
f 1360/1246/553 1361/1247/554 1362/1248/531
f 1363/1249/555 1362/1248/531 1361/1247/554
f 1364/1250/530 1365/1251/529 1366/1252/528
f 1366/1252/528 1365/1251/529 1367/1253/534
f 1366/1252/528 1367/1253/534 1368/1254/525
f 1368/1254/525 1367/1253/534 1369/1255/527
f 1371/1256/556 1372/1257/4 1370/1258/557
f 1372/1257/4 1371/1256/556 1374/1259/554
f 1374/1259/554 1375/1260/558 1372/1257/4
f 1375/1260/558 1374/1259/554 1373/1261/559
f 1377/1262/558 1379/1257/4 1376/1263/558
f 1379/1257/4 1377/1262/558 1381/1264/4
f 1380/1265/560 1381/1264/4 1378/1266/560
f 1381/1264/4 1380/1265/560 1379/1257/4
f 1384/1202/561 1382/1267/562 1383/1268/563
f 1387/1269/564 1384/1202/561 1388/1270/565
f 1386/1068/566 1389/1271/567 1387/1269/564
f 1384/1202/561 1387/1269/564 1389/1271/567
f 1389/1271/567 1386/1068/566 1390/1067/568
f 1382/1267/562 1384/1202/561 1389/1271/567
f 1385/1070/569 1389/1271/567 1390/1067/568
f 1389/1271/567 1385/1070/569 1382/1267/562
usemtl Meshpart6Mtl
f 1391/1272/1 1392/1273/1 1393/1274/1
f 1392/1273/1 1391/1272/1 1394/1275/1
f 1391/1272/1 1393/1274/1 1395/1276/1
f 1396/1277/1 1393/1274/1 1392/1273/1
f 1393/1274/1 1396/1277/1 1397/1278/1
f 1397/1278/1 1396/1277/1 1398/1279/1
f 1399/1280/570 1400/1281/570 1402/1282/571
f 1402/1282/571 1404/1283/571 1399/1280/570
f 1401/1284/572 1403/1285/572 1405/1286/573
f 1404/1283/571 1402/1282/571 1405/1286/573
f 1405/1286/573 1402/1282/571 1401/1284/572
f 1406/1287/574 1407/1288/574 1408/1289/574
f 1407/1288/574 1406/1287/574 1409/1290/574
f 1410/1291/1 1411/1275/1 1412/1273/1
f 1411/1275/1 1410/1291/1 1413/1272/1
f 1410/1291/1 1414/1292/1 1413/1272/1
f 1414/1292/1 1410/1291/1 1415/1293/1
f 1416/1294/575 1417/1295/575 1418/1296/575
f 1418/1296/575 1419/1297/575 1416/1294/575
f 1420/1298/16 1421/1299/16 1422/1300/16
f 1421/1299/16 1420/1298/16 1423/1301/16
f 1424/1302/576 1425/1303/576 1426/1304/577
f 1424/1302/576 1427/1305/576 1425/1303/576
f 1427/1305/576 1424/1302/576 1428/1306/576
f 1429/1307/16 1430/1308/578 1431/1309/578
f 1429/1307/16 1431/1309/578 1432/1310/16
f 1431/1309/578 1430/1308/578 1433/1311/579
f 1433/1311/579 1434/1312/578 1431/1309/578
f 1433/1311/579 1435/1295/16 1434/1312/578
f 1436/1294/16 1434/1312/578 1435/1295/16
f 1437/1296/16 1438/1313/16 1439/1314/16
f 1437/1296/16 1439/1314/16 1440/1297/16
f 1442/1315/137 1441/1316/137 1443/1317/580
f 1442/1315/137 1443/1317/580 1444/1318/16
f 1447/1319/16 1445/1320/137 1446/1321/137
f 1445/1320/137 1447/1319/16 1448/1322/580
f 1447/1319/16 1449/1323/136 1448/1322/580
f 1449/1323/136 1447/1319/16 1450/1324/136
f 1452/1325/136 1448/1322/580 1449/1323/136
f 1444/1318/16 1452/1325/136 1451/1326/136
f 1448/1322/580 1452/1325/136 1443/1317/580
f 1444/1318/16 1443/1317/580 1452/1325/136
f 1453/1327/581 1455/1328/582 1454/1329/581
f 1455/1328/582 1453/1327/581 1456/1330/583
f 1456/1330/583 1457/1331/583 1455/1328/582
f 1456/1330/583 1458/1332/584 1457/1331/583
f 1456/1330/583 1459/1333/584 1458/1332/584
f 1460/1334/585 1461/1335/586 1462/1336/2
f 1463/1337/166 1464/1338/585 1465/1339/2
f 1464/1338/585 1460/1334/585 1465/1339/2
f 1463/1337/166 1465/1339/2 1466/1340/2
f 1466/1340/2 1465/1339/2 1467/1341/165
f 1466/1340/2 1467/1341/165 1468/1342/165
f 1469/1343/2 1465/1339/2 1460/1334/585
f 1465/1339/2 1469/1343/2 1467/1341/165
f 1460/1334/585 1462/1336/2 1469/1343/2
f 1469/1343/2 1462/1336/2 1470/1344/165
f 1471/1345/165 1467/1341/165 1469/1343/2
f 1469/1343/2 1470/1344/165 1471/1345/165
f 1472/1346/2 1473/1347/2 1474/1348/2
f 1473/1347/2 1472/1346/2 1475/1349/2
f 1476/1350/2 1473/1347/2 1475/1349/2
f 1473/1347/2 1476/1350/2 1477/1351/2
f 1476/1350/2 1475/1349/2 1478/1352/2
f 1477/1351/2 1476/1350/2 1479/1353/2
f 1475/1349/2 1480/1354/2 1478/1352/2
f 1481/1355/2 1477/1351/2 1479/1353/2
f 1482/1356/2 1478/1352/2 1480/1354/2
f 1481/1355/2 1483/1357/2 1477/1351/2
f 1483/1357/2 1481/1355/2 1484/1358/2
f 1485/1359/2 1483/1357/2 1484/1358/2
f 1483/1357/2 1485/1359/2 1486/1360/2
f 1485/1359/2 1487/1361/2 1486/1360/2
f 1485/1359/2 1488/1362/2 1487/1361/2
f 1489/1363/2 1487/1361/2 1488/1362/2
f 1487/1361/2 1489/1363/2 1490/1364/2
f 1491/1365/2 1490/1364/2 1489/1363/2
f 1480/1354/2 1491/1365/2 1482/1356/2
f 1491/1365/2 1480/1354/2 1492/1366/2
f 1490/1364/2 1491/1365/2 1493/1367/2
f 1492/1366/2 1493/1367/2 1491/1365/2
f 1493/1367/2 1492/1366/2 1494/1368/2
f 1493/1367/2 1494/1368/2 1495/1369/2
f 1495/1369/2 1496/1370/2 1493/1367/2
f 1495/1369/2 1497/1371/2 1496/1370/2
f 1497/1371/2 1498/1372/2 1496/1370/2
f 1498/1372/2 1497/1371/2 1499/1373/2
f 1500/1374/2 1498/1372/2 1499/1373/2
f 1498/1372/2 1500/1374/2 1501/1375/2
f 1502/1290/3 1503/1376/3 1504/1377/3
f 1502/1290/3 1504/1377/3 1505/1287/3
f 1506/1274/3 1507/1273/3 1508/1279/3
f 1508/1279/3 1507/1273/3 1509/1277/3
f 1506/1274/3 1508/1279/3 1510/1278/3
f 1506/1274/3 1511/1275/3 1507/1273/3
f 1511/1275/3 1506/1274/3 1512/1276/3
f 1511/1275/3 1512/1276/3 1513/1272/3
f 1516/1378/587 1515/1379/587 1514/1380/587
f 1515/1379/587 1516/1378/587 1517/1381/587
f 1520/1382/588 1518/1383/589 1519/1384/589
f 1518/1383/589 1520/1382/588 1521/1385/590
f 1522/1386/591 1521/1385/590 1520/1382/588
f 1521/1385/590 1522/1386/591 1523/1387/592
f 1524/1388/593 1523/1387/592 1522/1386/591
f 1523/1387/592 1524/1388/593 1525/1389/593
f 1526/1279/3 1527/1291/3 1528/1277/3
f 1528/1277/3 1527/1291/3 1529/1273/3
f 1530/1390/3 1527/1291/3 1526/1279/3
f 1527/1291/3 1530/1390/3 1531/1391/3
f 1534/1392/581 1533/1393/594 1532/1394/594
f 1533/1393/594 1534/1392/581 1535/1395/581
f 1536/1396/595 1537/1397/596 1538/1398/595
f 1537/1397/596 1539/1399/597 1538/1398/595
f 1540/1400/598 1539/1399/597 1537/1397/596
f 1539/1399/597 1540/1400/598 1541/1401/598
f 1544/1298/52 1543/1402/598 1542/1403/598
f 1543/1402/598 1544/1298/52 1545/1301/52
f 1546/1404/599 1547/1405/600 1548/1406/601
f 1548/1406/601 1549/1310/52 1546/1404/599
f 1550/1307/52 1546/1404/599 1549/1310/52
f 1547/1405/600 1551/1407/599 1548/1406/601
f 1547/1405/600 1552/1408/602 1551/1407/599
f 1552/1408/602 1547/1405/600 1553/1409/602
f 1556/1396/52 1555/1410/603 1554/1411/603
f 1555/1410/603 1556/1396/52 1557/1398/52
f 1560/1412/52 1559/1413/263 1558/1414/604
f 1560/1412/52 1561/1415/52 1559/1413/263
f 1562/1416/605 1561/1415/52 1560/1412/52
f 1562/1416/605 1563/1417/264 1561/1415/52
f 1565/1418/264 1564/1419/605 1566/1420/52
f 1565/1418/264 1566/1420/52 1567/1421/52
f 1566/1420/52 1568/1422/263 1567/1421/52
f 1568/1422/263 1566/1420/52 1569/1423/604
f 1570/1424/594 1571/1425/594 1572/1426/606
f 1572/1426/606 1571/1425/594 1573/1427/607
f 1572/1426/606 1573/1427/607 1574/1428/608
f 1574/1428/608 1573/1427/607 1575/1429/608
f 1574/1428/608 1575/1429/608 1576/1430/570
f 1576/1430/570 1575/1429/608 1577/1431/570
f 1578/1432/609 1579/1433/609 1580/1434/610
f 1578/1432/609 1580/1434/610 1581/1435/264
f 1582/1436/4 1583/1437/4 1584/1438/4
f 1583/1437/4 1582/1436/4 1585/1439/4
f 1586/1440/4 1584/1438/4 1583/1437/4
f 1582/1436/4 1587/1441/4 1585/1439/4
f 1587/1441/4 1582/1436/4 1588/1442/4
f 1589/1443/4 1587/1441/4 1588/1442/4
f 1589/1443/4 1590/1444/4 1587/1441/4
f 1590/1444/4 1589/1443/4 1591/1445/4
f 1590/1444/4 1591/1445/4 1592/1446/4
f 1586/1440/4 1593/1447/4 1584/1438/4
f 1592/1446/4 1591/1445/4 1594/1448/4
f 1593/1447/4 1586/1440/4 1595/1449/4
f 1595/1449/4 1586/1440/4 1596/1450/4
f 1597/1451/4 1593/1447/4 1595/1449/4
f 1593/1447/4 1597/1451/4 1598/1452/4
f 1599/1453/4 1595/1449/4 1596/1450/4
f 1596/1450/4 1600/1454/4 1599/1453/4
f 1594/1448/4 1599/1453/4 1600/1454/4
f 1599/1453/4 1594/1448/4 1601/1455/4
f 1594/1448/4 1591/1445/4 1602/1456/4
f 1602/1456/4 1601/1455/4 1594/1448/4
f 1601/1455/4 1602/1456/4 1603/1457/4
f 1603/1457/4 1602/1456/4 1604/1458/4
f 1605/1459/4 1604/1458/4 1602/1456/4
f 1604/1458/4 1605/1459/4 1606/1460/4
f 1606/1460/4 1605/1459/4 1607/1461/4
f 1607/1461/4 1608/1462/4 1606/1460/4
f 1608/1462/4 1607/1461/4 1609/1463/4
f 1609/1463/4 1607/1461/4 1610/1464/4
f 1611/1465/611 1613/1466/4 1612/1467/310
f 1613/1466/4 1611/1465/611 1614/1468/612
f 1615/1469/309 1613/1466/4 1614/1468/612
f 1611/1465/611 1616/1470/612 1614/1468/612
f 1615/1469/309 1617/1471/309 1613/1466/4
f 1616/1470/612 1611/1465/611 1618/1472/611
f 1619/1473/4 1616/1470/612 1618/1472/611
f 1619/1473/4 1620/1474/309 1616/1470/612
f 1619/1473/4 1618/1472/611 1621/1475/310
f 1620/1474/309 1619/1473/4 1622/1476/309
f 1623/1477/4 1624/1478/4 1625/1479/4
f 1623/1477/4 1625/1479/4 1626/1480/4
f 1629/1481/613 1628/1482/310 1627/1483/310
f 1628/1482/310 1629/1481/613 1630/1484/613
usemtl Meshpart7Mtl
f 1632/1485/614 1633/1486/615 1634/1487/616
f 1637/1488/617 1635/1489/618 1636/1490/619
f 1637/1488/617 1636/1490/619 1638/1491/620
f 1639/1492/621 1631/1493/622 1637/1488/623
f 1641/1494/624 1642/1495/625 1640/1496/626
f 1644/1497/627 1642/1495/625 1641/1494/624
f 1643/1498/628 1645/1499/629 1644/1497/627
f 1643/1498/628 1646/1500/630 1645/1499/629
f 1645/1499/629 1647/1501/631 1644/1497/627
f 1647/1501/631 1642/1495/625 1644/1497/627
f 1645/1499/629 1649/1502/632 1647/1501/631
f 1647/1501/631 1651/1503/633 1642/1495/625
f 1653/1504/634 1642/1495/625 1651/1503/633
f 1653/1504/634 1651/1503/633 1652/1505/635
f 1642/1495/625 1653/1504/634 1655/1506/636
f 1655/1506/636 1640/1496/626 1642/1495/625
f 1657/1507/637 1655/1506/636 1653/1504/634
f 1659/1508/638 1658/1509/639 1656/1510/640
f 1656/1510/640 1660/1511/641 1659/1508/638
f 1656/1510/640 1661/1512/642 1660/1511/641
f 1661/1512/642 1656/1510/640 1654/1513/643
f 1663/1514/644 1664/1515/645 1666/1516/646
f 1662/1517/647 1667/1518/648 1664/1515/645
f 1666/1516/646 1664/1515/645 1667/1518/648
f 1667/1518/648 1662/1517/647 1668/1519/649
f 1662/1517/647 1665/1520/650 1668/1519/649
f 1667/1518/648 1669/1521/651 1666/1516/646
f 1668/1519/649 1670/1522/652 1667/1518/648
f 1669/1521/651 1667/1518/648 1670/1522/652
f 1665/1520/650 1671/1523/653 1668/1519/649
f 1670/1522/652 1668/1519/649 1672/1524/654
f 1671/1523/653 1672/1524/654 1668/1519/649
f 1671/1523/653 1665/1520/650 1673/1525/655
f 1673/1525/655 1674/1526/656 1671/1523/653
f 1675/1527/657 1672/1524/654 1671/1523/653
f 1676/1528/658 1671/1523/653 1674/1526/656
f 1671/1523/653 1677/1529/659 1675/1527/657
f 1677/1529/659 1671/1523/653 1676/1528/658
f 1681/1530/660 1679/1531/661 1680/1532/662
f 1683/1533/663 1682/1534/664 1681/1530/660
f 1684/1535/665 1678/1536/666 1686/1537/667
f 1685/1538/668 1684/1535/665 1686/1537/667
f 1687/1539/669 1685/1538/668 1686/1537/667
f 1686/1537/667 1688/1540/670 1687/1539/669
f 1689/1541/671 1688/1540/670 1686/1537/667
f 1690/1542/672 1689/1541/671 1686/1537/667
f 1690/1542/672 1686/1537/667 1678/1536/666
f 1694/1543/673 1692/1544/674 1691/1545/675
f 1691/1545/675 1695/1546/676 1694/1543/673
f 1691/1545/675 1696/1547/677 1695/1546/676
f 1696/1547/677 1691/1545/675 1697/1548/678
f 1699/1549/679 1701/1550/680 1700/1551/681
f 1699/1549/679 1702/1552/682 1701/1550/680
f 1703/1553/683 1702/1552/682 1699/1549/679
f 1704/1554/684 1703/1553/683 1699/1549/679
f 1703/1553/683 1705/1555/685 1702/1552/682
f 1704/1554/684 1705/1555/685 1703/1553/683
f 1704/1554/684 1699/1549/679 1706/1556/686
f 1706/1556/686 1699/1549/679 1698/1557/687
f 1708/1558/688 1711/1559/689 1709/1560/690
f 1711/1559/689 1710/1561/691 1709/1560/690
f 1708/1558/688 1707/1562/692 1711/1559/689
f 1711/1559/689 1712/1563/693 1710/1561/691
f 1707/1562/692 1713/1564/694 1711/1559/689
f 1711/1559/689 1713/1564/694 1712/1563/693
f 1714/1565/695 1712/1563/693 1713/1564/694
f 1707/1562/692 1715/1566/696 1713/1564/694
f 1713/1564/694 1715/1566/696 1714/1565/695
f 1718/1567/697 1719/1568/698 1721/1569/699
f 1722/1570/700 1718/1567/697 1721/1569/699
f 1720/1571/701 1722/1570/700 1721/1569/699
f 1720/1571/701 1716/1572/702 1722/1570/700
f 1722/1570/700 1717/1573/703 1718/1567/697
f 1724/1574/704 1669/1521/651 1723/1575/705
f 1724/1574/704 1666/1516/646 1669/1521/651
f 1725/1576/706 1726/1577/707 1724/1574/704
f 1726/1577/707 1666/1516/646 1724/1574/704
f 1663/1514/644 1666/1516/646 1726/1577/707
f 1729/1578/708 1728/1579/709 1727/1580/710
f 1729/1578/708 1730/1581/711 1728/1579/709
f 1729/1578/708 1731/1582/712 1730/1581/711
f 1733/1583/713 1693/1584/714 1732/1585/715
f 1727/1580/710 1733/1583/713 1729/1578/708
f 1732/1585/715 1729/1578/708 1733/1583/713
f 1735/1586/716 1648/1587/717 1734/1588/718
f 1650/1589/719 1648/1587/717 1735/1586/716
f 1736/1590/720 1735/1586/716 1734/1588/718
f 1737/1591/721 1738/1592/722 1736/1590/720
f 1736/1590/720 1738/1592/722 1735/1586/716
f 1738/1592/722 1740/1593/723 1735/1586/716
f 1738/1592/722 1739/1594/724 1740/1593/723
f 1735/1586/716 1740/1593/723 1741/1595/725
f 1741/1595/725 1650/1589/719 1735/1586/716
f 1746/1596/726 1743/1597/727 1744/1598/728
f 1746/1596/726 1747/1599/729 1743/1597/727
f 1743/1597/727 1748/1600/730 1745/1601/731
f 1747/1599/729 1748/1600/730 1743/1597/727
f 1729/1578/708 1742/1602/732 1731/1582/712
f 1752/1603/733 1742/1602/732 1729/1578/708
f 1732/1585/715 1752/1603/733 1729/1578/708
f 1752/1603/733 1753/1604/734 1742/1602/732
f 1757/1605/735 1754/1606/736 1755/1607/737
f 1756/1608/738 1754/1606/736 1757/1605/735
f 1757/1605/735 1755/1607/737 1758/1609/739
f 1762/1610/740 1760/1611/741 1759/1612/742
f 1763/1613/743 1759/1612/742 1761/1614/744
f 1759/1612/742 1763/1613/743 1762/1610/740
f 1765/1615/745 1764/1616/746 1766/1617/747
f 1764/1616/746 1633/1486/615 1766/1617/747
f 1633/1486/615 1632/1485/614 1766/1617/747
f 1767/1618/748 1769/1619/749 1768/1620/750
f 1770/1621/751 1749/1622/752 1751/1623/753
f 1770/1621/751 1771/1624/754 1749/1622/752
f 1770/1621/751 1772/1625/755 1771/1624/754
f 1750/1626/756 1749/1622/752 1771/1624/754
f 1773/1627/757 1750/1626/756 1771/1624/754
f 1775/1628/758 1774/1629/759 1776/1630/760
f 1778/1631/761 1777/1632/762 1780/1633/763
f 1780/1633/763 1777/1632/762 1779/1634/764
f 1781/1635/765 1778/1631/761 1780/1633/763
f 1782/1636/766 1778/1631/761 1781/1635/765
f 1780/1633/763 1779/1634/764 1783/1637/767
f 1783/1637/767 1779/1634/764 1784/1638/768
f 1784/1638/768 1785/1639/769 1783/1637/767
f 1783/1637/767 1785/1639/769 1786/1640/770
f 1783/1637/767 1786/1640/770 1787/1641/771
f 1787/1641/771 1786/1640/770 1788/1642/772
f 1787/1641/771 1788/1642/772 1789/1643/773
f 1782/1636/766 1790/1644/774 1778/1631/761
f 1791/1645/775 1794/1646/776 1792/1647/777
f 1793/1648/778 1794/1646/776 1791/1645/775
f 1792/1647/777 1794/1646/776 1796/1649/779
f 1797/1650/780 1794/1646/776 1793/1648/778
f 1798/1651/781 1792/1647/777 1796/1649/779
f 1799/1652/782 1796/1649/779 1794/1646/776
f 1797/1650/780 1799/1652/782 1794/1646/776
f 1800/1653/783 1796/1649/779 1799/1652/782
f 1799/1652/782 1801/1654/784 1800/1653/783
f 1802/1655/785 1803/1656/786 1804/1657/787
f 1805/1658/788 1802/1655/785 1804/1657/787
f 1806/1659/789 1805/1658/788 1804/1657/787
f 1805/1658/788 1806/1659/789 1808/1660/790
f 1808/1660/790 1806/1659/789 1807/1661/791
f 1808/1660/790 1807/1661/791 1809/1662/792
f 1810/1663/793 1805/1658/788 1808/1660/790
f 1810/1663/793 1808/1660/790 1809/1662/792
f 1811/1664/794 1805/1658/788 1810/1663/793
f 1805/1658/788 1811/1664/794 1812/1665/795
f 1813/1666/796 1809/1662/792 1807/1661/791
f 1809/1662/792 1814/1667/797 1810/1663/793
f 1809/1662/792 1813/1666/796 1815/1668/798
f 1814/1667/797 1809/1662/792 1815/1668/798
f 1810/1663/793 1816/1669/799 1811/1664/794
f 1810/1663/793 1814/1667/797 1816/1669/799
f 1811/1664/794 1816/1669/799 1817/1670/800
f 1811/1664/794 1817/1670/800 1812/1665/795
f 1816/1669/799 1818/1671/801 1817/1670/800
f 1819/1672/802 1812/1665/795 1817/1670/800
f 1812/1665/795 1819/1672/802 1820/1673/803
f 1817/1670/800 1821/1674/804 1819/1672/802
f 1817/1670/800 1818/1671/801 1821/1674/804
f 1822/1675/805 1816/1669/799 1814/1667/797
f 1818/1671/801 1816/1669/799 1822/1675/805
f 1822/1675/805 1814/1667/797 1823/1676/806
f 1814/1667/797 1815/1668/798 1823/1676/806
f 1822/1675/805 1824/1677/807 1818/1671/801
f 1823/1676/806 1815/1668/798 1825/1678/808
f 1826/1679/809 1822/1675/805 1823/1676/806
f 1826/1679/809 1824/1677/807 1822/1675/805
f 1826/1679/809 1823/1676/806 1825/1678/808
f 1825/1678/808 1815/1668/798 1813/1666/796
f 1827/1680/810 1818/1671/801 1824/1677/807
f 1826/1679/809 1825/1678/808 1828/1681/811
f 1829/1682/812 1818/1671/801 1827/1680/810
f 1825/1678/808 1813/1666/796 1830/1683/813
f 1825/1678/808 1830/1683/813 1828/1681/811
f 1824/1677/807 1831/1684/814 1827/1680/810
f 1827/1680/810 1831/1684/814 1829/1682/812
f 1826/1679/809 1832/1685/815 1824/1677/807
f 1826/1679/809 1828/1681/811 1832/1685/815
f 1832/1685/815 1831/1684/814 1824/1677/807
f 1828/1681/811 1830/1683/813 1833/1686/816
f 1834/1687/817 1787/1641/771 1789/1643/773
f 1834/1687/817 1789/1643/773 1835/1688/818
f 1836/1689/819 1787/1641/771 1834/1687/817
f 1837/1690/820 1834/1687/817 1835/1688/818
f 1836/1689/819 1834/1687/817 1837/1690/820
f 1787/1641/771 1836/1689/819 1838/1691/821
f 1838/1691/821 1783/1637/767 1787/1641/771
f 1838/1691/821 1780/1633/763 1783/1637/767
f 1781/1635/765 1780/1633/763 1838/1691/821
f 1836/1689/819 1781/1635/765 1838/1691/821
f 1839/1692/822 1781/1635/765 1836/1689/819
f 1839/1692/822 1836/1689/819 1837/1690/820
f 1839/1692/822 1840/1693/823 1781/1635/765
f 1840/1693/823 1782/1636/766 1781/1635/765
f 1841/1694/824 1782/1636/766 1840/1693/823
f 1842/1695/825 1840/1693/823 1839/1692/822
f 1842/1695/825 1841/1694/824 1840/1693/823
f 1839/1692/822 1837/1690/820 1842/1695/825
f 1837/1690/820 1835/1688/818 1843/1696/826
f 1842/1695/825 1837/1690/820 1843/1696/826
f 1841/1694/824 1842/1695/825 1844/1697/827
f 1844/1697/827 1842/1695/825 1843/1696/826
f 1845/1698/828 1841/1694/824 1844/1697/827
f 1846/1699/829 1841/1694/824 1845/1698/828
f 1846/1699/829 1845/1698/828 1847/1700/830
f 1848/1701/831 1845/1698/828 1844/1697/827
f 1848/1701/831 1844/1697/827 1843/1696/826
f 1848/1701/831 1847/1700/830 1845/1698/828
f 1850/1702/832 1849/1703/833 1852/1704/834
f 1851/1705/835 1850/1702/832 1852/1704/834
f 1795/1706/836 1853/1707/837 1854/1708/838
f 1853/1707/837 1855/1709/839 1854/1708/838
f 1818/1671/801 1829/1682/812 1821/1674/804
f 1862/1710/840 1859/1711/841 1861/1712/842
f 1863/1713/843 1861/1712/842 1860/1714/844
f 1861/1712/842 1863/1713/843 1862/1710/840
f 1864/1715/845 1855/1709/846 1859/1711/841
f 1864/1715/845 1859/1711/841 1862/1710/840
f 1855/1709/839 1865/1716/713 1854/1708/838
f 1865/1716/713 1856/1717/847 1854/1708/838
f 1865/1716/713 1857/1718/848 1856/1717/847
f 1854/1708/838 1856/1717/847 1866/1719/849
f 1867/1720/850 1854/1708/838 1866/1719/849
f 1866/1719/849 1868/1721/851 1867/1720/850
f 1795/1706/836 1854/1708/838 1867/1720/850
f 1869/1722/852 1793/1648/778 1795/1706/853
f 1869/1722/852 1797/1650/780 1793/1648/778
f 1797/1650/780 1869/1722/852 1871/1723/854
f 1871/1723/855 1870/1724/856 1872/1725/857
f 1873/1726/858 1797/1650/780 1871/1723/854
f 1873/1726/858 1871/1723/854 1874/1727/859
f 1873/1726/858 1874/1727/859 1876/1728/860
f 1876/1728/860 1874/1727/859 1877/1729/861
f 1878/1730/862 1797/1650/780 1873/1726/858
f 1799/1652/782 1797/1650/780 1878/1730/862
f 1879/1731/863 1873/1726/858 1876/1728/860
f 1873/1726/858 1879/1731/863 1878/1730/862
f 1801/1654/784 1799/1652/782 1878/1730/862
f 1880/1732/864 1876/1728/860 1877/1729/861
f 1880/1732/864 1879/1731/863 1876/1728/860
f 1801/1654/784 1878/1730/862 1881/1733/865
f 1879/1731/863 1880/1732/864 1882/1734/866
f 1875/1735/867 1883/1736/868 1877/1729/869
f 1884/1737/870 1885/1738/871 1858/1739/872
f 1886/1740/873 1864/1715/845 1862/1710/840
f 1880/1732/864 1877/1729/861 1887/1741/874
f 1886/1740/873 1888/1742/875 1887/1741/874
f 1880/1732/864 1887/1741/874 1888/1742/875
f 1886/1740/873 1862/1710/840 1888/1742/875
f 1889/1743/876 1880/1732/864 1888/1742/875
f 1862/1710/840 1889/1743/876 1888/1742/875
f 1889/1743/876 1882/1734/866 1880/1732/864
f 1889/1743/876 1862/1710/840 1863/1713/843
f 1882/1734/866 1889/1743/876 1890/1744/877
f 1889/1743/876 1863/1713/843 1891/1745/878
f 1890/1744/877 1889/1743/876 1891/1745/878
f 1863/1713/843 1892/1746/879 1891/1745/878
f 1890/1744/877 1891/1745/878 1847/1700/830
f 1893/1747/880 1892/1746/879 1863/1713/843
f 1860/1714/844 1893/1747/880 1863/1713/843
f 1860/1714/844 1894/1748/881 1893/1747/880
f 1891/1745/878 1846/1699/829 1847/1700/830
f 1891/1745/878 1892/1746/879 1846/1699/829
f 1893/1747/880 1895/1749/882 1892/1746/879
f 1894/1748/881 1895/1749/882 1893/1747/880
f 1892/1746/879 1895/1749/882 1896/1750/883
f 1846/1699/829 1892/1746/879 1841/1694/824
f 1896/1750/883 1841/1694/824 1892/1746/879
f 1896/1750/883 1895/1749/882 1897/1751/884
f 1894/1748/881 1897/1751/884 1895/1749/882
f 1782/1636/766 1841/1694/824 1896/1750/883
f 1897/1751/884 1782/1636/766 1896/1750/883
f 1897/1751/884 1790/1644/774 1782/1636/766
f 1898/1752/885 1899/1753/886 1812/1665/795
f 1812/1665/795 1820/1673/803 1898/1752/885
f 1901/1754/887 1899/1753/886 1900/1755/888
f 1899/1753/886 1901/1754/887 1805/1658/788
f 1805/1658/788 1812/1665/795 1899/1753/886
f 1901/1754/887 1902/1756/889 1802/1655/785
f 1805/1658/788 1901/1754/887 1802/1655/785
f 1905/1757/890 1904/1758/891 1903/1759/892
f 1905/1757/890 1906/1760/893 1904/1758/891
f 1911/1761/894 1908/1762/895 1910/1763/896
f 1910/1763/896 1909/1764/897 1912/1765/898
f 1916/1766/899 1913/1767/614 1914/1768/900
f 1916/1766/899 1915/1769/901 1913/1767/614
f 1917/1770/902 1915/1769/901 1916/1766/899
f 1917/1770/902 1916/1766/899 1918/1771/903
f 1918/1771/903 1916/1766/899 1920/1772/904
f 1920/1772/904 1916/1766/899 1914/1768/900
f 1918/1771/903 1920/1772/904 1919/1773/905
f 1920/1772/904 1914/1768/900 1921/1774/906
f 1923/1775/907 1922/1776/908 1921/1774/909
f 1925/1777/910 1924/1778/911 1905/1757/890
f 1905/1757/890 1926/1779/912 1925/1777/910
f 1926/1779/912 1905/1757/890 1903/1759/892
f 1931/1780/913 1927/1781/914 1928/1782/915
f 1931/1780/913 1928/1782/915 1929/1783/916
f 1927/1781/914 1931/1780/913 1932/1784/917
f 1931/1780/913 1933/1785/918 1932/1784/917
f 1935/1786/919 1936/1787/920 1930/1788/921
f 1935/1786/919 1937/1789/922 1936/1787/920
f 1934/1790/923 1937/1789/922 1935/1786/919
f 1938/1791/635 1936/1787/920 1937/1789/922
f 1937/1789/922 1939/1792/924 1938/1791/635
f 1934/1790/923 1940/1793/925 1937/1789/922
f 1940/1793/925 1939/1792/924 1937/1789/922
f 1943/1794/926 1941/1795/642 1939/1792/924
f 1943/1794/926 1942/1796/927 1941/1795/642
f 1943/1794/926 1939/1792/924 1940/1793/925
f 1944/1797/928 1942/1796/927 1943/1794/926
f 1947/1798/929 1946/1799/930 1945/1800/931
f 1948/1801/932 1949/1802/933 1947/1798/929
f 1946/1799/930 1947/1798/929 1950/1803/934
f 1949/1802/933 1950/1803/934 1947/1798/929
f 1950/1803/934 1951/1804/935 1946/1799/930
f 1950/1803/934 1949/1802/933 1952/1805/936
f 1950/1803/934 1952/1805/936 1951/1804/935
f 1949/1802/933 1953/1806/937 1952/1805/936
f 1954/1807/938 1951/1804/935 1952/1805/936
f 1954/1807/938 1952/1805/936 1955/1808/939
f 1953/1806/937 1955/1808/939 1952/1805/936
f 1956/1809/940 1951/1804/935 1954/1807/938
f 1954/1807/938 1957/1810/941 1956/1809/940
f 1954/1807/938 1955/1808/939 1957/1810/941
f 1958/1811/942 1956/1809/940 1957/1810/941
f 1959/1812/943 1958/1811/942 1957/1810/941
f 1962/1813/944 1960/1814/945 1959/1812/943
f 1959/1812/943 1957/1810/941 1962/1813/944
f 1960/1814/945 1962/1813/944 1963/1815/946
f 1962/1813/944 1965/1816/947 1963/1815/946
f 1966/1817/948 1963/1815/946 1965/1816/947
f 1962/1813/944 1967/1818/949 1965/1816/947
f 1969/1819/950 1968/1820/951 1966/1817/948
f 1966/1817/948 1965/1816/947 1969/1819/950
f 1969/1819/950 1970/1821/952 1968/1820/951
f 1967/1818/949 1969/1819/950 1965/1816/947
f 1969/1819/950 1967/1818/949 1970/1821/952
f 1910/1763/896 1912/1765/898 1971/1822/953
f 1911/1761/894 1910/1763/896 1971/1822/953
f 1912/1765/898 1972/1823/954 1971/1822/953
f 1973/1824/955 1911/1761/894 1971/1822/953
f 1973/1824/955 1971/1822/953 1972/1823/954
f 1911/1761/894 1973/1824/955 1974/1825/956
f 1974/1825/956 1973/1824/955 1975/1826/957
f 1976/1827/958 1974/1825/956 1975/1826/957
f 1976/1827/958 1979/1828/959 1978/1829/960
f 1977/1830/961 1978/1829/960 1980/1831/962
f 1978/1829/960 1979/1828/959 1980/1831/962
f 1981/1832/963 1977/1830/961 1980/1831/962
f 1982/1833/964 1979/1828/959 1976/1827/958
f 1976/1827/958 1975/1826/957 1982/1833/964
f 1980/1831/962 1979/1828/959 1983/1834/965
f 1982/1833/964 1984/1835/966 1979/1828/959
f 1985/1836/967 1981/1832/963 1980/1831/962
f 1983/1834/965 1985/1836/967 1980/1831/962
f 1986/1837/968 1982/1833/964 1975/1826/957
f 1979/1828/959 1987/1838/969 1983/1834/965
f 1987/1838/969 1979/1828/959 1984/1835/966
f 1988/1839/970 1985/1836/967 1983/1834/965
f 1989/1840/971 1983/1834/965 1987/1838/969
f 1990/1841/972 1988/1839/970 1983/1834/965
f 1990/1841/972 1983/1834/965 1989/1840/971
f 1990/1841/972 1989/1840/971 1991/1842/973
f 1990/1841/972 1991/1842/973 1992/1843/974
f 1990/1841/972 1992/1843/974 1988/1839/970
f 1985/1836/967 1988/1839/970 1993/1844/975
f 1981/1832/963 1985/1836/967 1993/1844/975
f 1982/1833/964 1994/1845/976 1984/1835/966
f 1982/1833/964 1986/1837/968 1994/1845/976
f 1997/1846/977 1998/1847/978 1996/1848/979
f 1995/1849/980 1998/1847/978 1997/1846/977
f 1996/1848/979 1998/1847/978 1999/1850/981
f 1998/1847/978 1995/1849/980 2003/1851/982
f 1995/1849/983 2005/1852/984 2004/1853/985
f 2004/1853/985 2006/1854/986 1905/1757/890
f 2005/1852/984 2006/1854/986 2004/1853/985
f 2006/1854/986 1906/1760/893 1905/1757/890
f 2006/1854/986 1907/1855/987 1906/1760/893
f 2007/1856/988 1973/1824/955 1972/1823/954
f 1973/1824/955 2007/1856/988 2008/1857/989
f 1975/1826/957 1973/1824/955 2008/1857/989
f 2008/1857/989 2007/1856/988 2009/1858/990
f 1975/1826/957 2008/1857/989 2010/1859/991
f 2010/1859/991 2008/1857/989 2009/1858/990
f 2010/1859/991 1986/1837/968 1975/1826/957
f 1986/1837/968 2010/1859/991 2012/1860/672
f 2012/1860/672 2010/1859/991 2013/1861/992
f 2013/1861/992 2009/1858/990 2011/1862/993
f 2010/1859/991 2009/1858/990 2013/1861/992
f 1944/1797/928 1943/1794/926 2014/1863/994
f 2014/1863/994 1943/1794/926 1940/1793/925
f 2014/1863/994 1940/1793/925 2016/1864/995
f 2015/1865/996 2014/1863/994 2016/1864/995
f 2017/1866/997 2015/1865/996 2016/1864/995
f 2018/1867/998 2019/1868/927 2022/1869/999
f 2022/1869/999 2019/1868/927 2021/1870/1000
f 2018/1867/998 2022/1869/999 2020/1871/1001
f 2022/1869/999 2021/1870/1000 2023/1872/1002
f 2024/1873/1003 2022/1869/999 2023/1872/1002
f 2017/1866/997 2024/1873/1003 2023/1872/1002
f 2020/1871/1001 2022/1869/999 2024/1873/1003
f 2016/1864/995 2024/1873/1003 2017/1866/997
f 2025/1874/1004 1970/1821/952 1967/1818/949
f 1967/1818/949 2026/1875/1005 2025/1874/1004
f 2026/1875/1005 1967/1818/949 2027/1876/1006
f 2027/1876/1006 1967/1818/949 1962/1813/944
f 2027/1876/1006 2028/1877/1007 2026/1875/1005
f 1962/1813/944 1957/1810/941 2027/1876/1006
f 2028/1877/1007 2027/1876/1006 2029/1878/1008
f 1957/1810/941 2029/1878/1008 2027/1876/1006
f 2030/1879/1009 2028/1877/1007 2029/1878/1008
f 2031/1880/1010 2030/1879/1009 2029/1878/1008
f 1957/1810/941 2031/1880/1010 2029/1878/1008
f 1957/1810/941 2033/1881/1011 2031/1880/1010
f 2031/1880/1010 2034/1882/1012 2030/1879/1009
f 2030/1879/1009 2034/1882/1012 2032/1883/1013
f 2034/1882/1012 2031/1880/1010 2033/1881/1011
f 2035/1884/1014 2033/1881/1015 2036/1885/1016
f 2040/1886/1017 2038/1887/1018 2037/1888/684
f 2040/1886/1017 2039/1889/1019 2038/1887/1018
f 2041/1890/1020 2040/1886/1017 2037/1888/684
f 2040/1886/1017 2041/1890/1020 2042/1891/1021
f 2042/1891/1021 2041/1890/1020 2033/1881/1011
f 2040/1886/1017 2042/1891/1021 2039/1889/1019
f 1957/1810/941 2042/1891/1021 2033/1881/1011
f 1957/1810/941 1955/1808/939 2042/1891/1021
f 2039/1889/1019 2042/1891/1021 2043/1892/1022
f 1955/1808/939 2043/1892/1022 2042/1891/1021
f 2043/1892/1022 2044/1893/1023 2039/1889/1019
f 1955/1808/939 2044/1893/1023 2043/1892/1022
f 2044/1893/1023 1955/1808/939 1953/1806/937
f 2046/1894/1024 2050/1895/1025 2048/1896/1026
f 2051/1897/1027 2050/1895/1025 2046/1894/1024
f 2051/1897/1027 2052/1898/1028 2050/1895/1025
f 2050/1895/1025 2052/1898/1028 2048/1896/1026
f 2053/1899/1029 2055/1900/1030 2052/1898/1028
f 2053/1899/1029 2054/1901/1031 2055/1900/1030
f 2052/1898/1028 2055/1900/1030 2048/1896/1026
f 2055/1900/1030 2054/1901/1031 2056/1902/1032
f 2055/1900/1030 2056/1902/1032 2057/1903/1033
f 2048/1896/1026 2055/1900/1030 2057/1903/1033
f 2048/1896/1026 2057/1903/1033 2058/1904/1034
f 2047/1905/1035 2049/1906/1036 2059/1907/1037
f 2047/1905/1035 2059/1907/1037 2061/1908/1038
f 2061/1908/1038 2059/1907/1037 2060/1909/1039
f 2061/1908/1038 2062/1910/1040 2047/1905/1035
f 2063/1911/1041 2061/1908/1038 2060/1909/1039
f 2061/1908/1038 2063/1911/1041 2064/1912/697
f 2064/1912/697 2062/1910/1040 2061/1908/1038
f 2047/1905/1035 2062/1910/1040 1964/1913/1042
f 2065/1914/1043 1964/1913/1042 2062/1910/1040
f 2065/1914/1043 2066/1915/1044 1964/1913/1042
f 2066/1915/1044 2067/1916/1045 1964/1913/1042
f 2067/1916/1045 1961/1917/1046 1964/1913/1042
f 2020/1871/1001 2024/1873/1003 2068/1918/1047
f 2069/1919/1048 2020/1871/1001 2068/1918/1047
f 2070/1920/1049 2024/1873/1003 2016/1864/995
f 2069/1919/1048 2068/1918/1047 2071/1921/1050
f 2068/1918/1047 2024/1873/1003 2072/1922/1051
f 2024/1873/1003 2070/1920/1049 2072/1922/1051
f 2071/1921/1050 2068/1918/1047 2073/1923/484
f 2068/1918/1047 2072/1922/1051 2074/1924/1052
f 2068/1918/1047 2074/1924/1052 2073/1923/484
f 2074/1924/1052 2075/1925/1053 2073/1923/484
f 2075/1925/1053 2074/1924/1052 2076/1926/1054
f 2075/1925/1053 2076/1926/1054 2077/1927/1055
f 2076/1926/1054 2078/1928/1056 2077/1927/1055
f 2079/1929/1057 2075/1925/1053 2077/1927/1055
f 2079/1929/1057 2080/1930/1058 2075/1925/1053
f 2000/1931/1059 2080/1930/1058 2079/1929/1057
f 2016/1864/995 2082/1932/1060 2070/1920/1049
f 2016/1864/995 2083/1933/1061 2082/1932/1060
f 2016/1864/995 1940/1793/925 2083/1933/1061
f 2083/1933/1061 1940/1793/925 1934/1790/923
f 2084/1934/1062 2083/1933/1061 1934/1790/923
f 2085/1935/1063 2086/1936/1064 2087/1937/1065
f 2088/1938/1066 1929/1783/916 2087/1937/1065
f 2089/1939/1067 2087/1937/1065 2086/1936/1064
f 2088/1938/1066 2087/1937/1065 2090/1940/1068
f 2090/1940/1068 2087/1937/1065 2089/1939/1067
f 2089/1939/1067 2086/1936/1064 2091/1941/1069
f 1929/1783/916 2088/1938/1066 2092/1942/1070
f 1931/1780/913 1929/1783/916 2092/1942/1070
f 1933/1785/918 1931/1780/913 2092/1942/1070
f 2093/1943/1071 2092/1942/1070 2088/1938/1066
f 1933/1785/918 2092/1942/1070 2093/1943/1071
f 2094/1944/1072 2093/1943/1071 2088/1938/1066
f 2088/1938/1066 2095/1945/1073 2094/1944/1072
f 2095/1945/1073 2088/1938/1066 2090/1940/1068
f 2094/1944/1072 2096/1946/1074 2093/1943/1071
f 2097/1947/1075 2094/1944/1072 2095/1945/1073
f 2097/1947/1075 2099/1948/1076 2094/1944/1072
f 2096/1946/1074 2094/1944/1072 2100/1949/1077
f 2094/1944/1072 2099/1948/1076 2100/1949/1077
f 2100/1949/1077 2101/1950/721 2096/1946/1074
f 2100/1949/1077 2099/1948/1076 2102/1951/1078
f 2100/1949/1077 2102/1951/1078 2101/1950/721
f 2090/1940/1079 2103/1952/1080 2098/1953/1081
f 2105/1954/1082 2104/1955/1083 2103/1952/1084
f 2105/1954/1085 2090/1940/1068 2089/1939/1067
f 2107/1956/1086 2105/1954/1085 2089/1939/1067
f 2106/1957/1087 2105/1954/1085 2107/1956/1086
f 2107/1956/1086 2108/1958/1088 2106/1957/1087
f 2109/1959/1089 2107/1956/1086 2089/1939/1067
f 2108/1958/1088 2107/1956/1086 2111/1960/1090
f 2111/1960/1090 2107/1956/1086 2112/1961/1091
f 2107/1956/1086 2109/1959/1089 2112/1961/1091
f 2112/1961/1091 2113/1962/752 2110/1963/1092
f 2113/1962/752 2112/1961/1091 2114/1964/753
f 2109/1959/1089 2114/1964/753 2112/1961/1091
f 2109/1959/1089 2089/1939/1067 2091/1941/1069
f 2115/1965/1093 2109/1959/1089 2091/1941/1069
f 2114/1964/753 2109/1959/1089 2115/1965/1093
f 2091/1941/1069 2116/1966/1094 2115/1965/1093
f 2117/1967/1095 2114/1964/753 2115/1965/1093
f 2116/1966/1094 2117/1967/1095 2115/1965/1093
f 2118/1968/1096 2081/1969/1097 2001/1970/1098
f 2001/1970/1098 2119/1971/1099 2118/1968/1096
f 2119/1971/1099 2001/1970/1098 2120/1972/1100
f 2001/1970/1098 2121/1973/1101 2120/1972/1100
f 2001/1970/1098 2122/1974/1102 2121/1973/1101
f 2002/1975/1103 2123/1976/1104 2122/1974/1105
f 2124/1977/1106 2123/1976/1104 2002/1975/1103
f 2124/1977/1106 2002/1975/1103 2125/1978/1107
f 2125/1978/1107 2002/1975/1103 2126/1979/1108
f 2127/1980/1109 2126/1979/1108 2002/1975/1103
f 1921/1774/906 2128/1981/1110 2127/1980/1111
f 1914/1768/900 2128/1981/1110 1921/1774/906
f 1981/1832/963 1993/1844/975 2129/1982/1112
f 1981/1832/963 2129/1982/1112 2130/1983/1113
f 2130/1983/1113 2131/1984/1114 1981/1832/963
f 1981/1832/963 2131/1984/1114 1977/1830/961
f 2131/1984/1114 2130/1983/1113 2132/1985/1115
f 1977/1830/961 2131/1984/1114 2116/1966/1094
f 2117/1967/1095 2116/1966/1094 2131/1984/1114
f 2131/1984/1114 2132/1985/1115 2133/1986/1116
f 2134/1987/1117 2117/1967/1095 2131/1984/1114
f 2134/1987/1117 2131/1984/1114 2133/1986/1116
f 2135/1988/1118 2117/1967/1095 2134/1987/1117
f 2135/1988/1118 2134/1987/1117 2136/1989/1119
f 2117/1967/1095 2135/1988/1118 2137/1990/1120
f 2137/1990/1120 2114/1964/753 2117/1967/1095
f 2138/1991/1121 2137/1990/1120 2135/1988/1118
f 2136/1989/1119 2138/1991/1121 2135/1988/1118
f 2140/1992/1122 2139/1993/1123 2141/1994/1124
f 2139/1993/1123 2045/1995/1125 2141/1994/1124
f 2142/1996/1126 2140/1992/1122 2141/1994/1124
f 2141/1994/1124 2143/1997/1127 2142/1996/1126
f 2145/1998/1128 2146/1999/1129 2144/2000/1130
f 2147/2001/1131 2146/1999/1129 2145/1998/1128
f 2146/1999/1129 2147/2001/1131 2148/2002/1132
f 2150/2003/1133 2151/2004/1134 2149/2005/1135
f 2151/2004/1134 2150/2003/1133 2153/2006/1136
f 2150/2003/1133 2152/2007/1137 2153/2006/1136
f 2151/2004/1134 2153/2006/1136 2154/2008/1138
f 2153/2006/1136 2152/2007/1137 2155/2009/1139
f 2156/2010/1140 2154/2008/1138 2153/2006/1136
f 2156/2010/1140 2153/2006/1136 2155/2009/1139
f 2154/2008/1138 2156/2010/1140 2157/2011/1141
f 2156/2010/1140 2155/2009/1139 2158/2012/1142
f 2159/2013/1143 2157/2011/1141 2156/2010/1140
f 2157/2011/1141 2159/2013/1143 2160/2014/1144
f 2163/2015/1145 2162/2016/1146 2164/2017/1147
f 2163/2015/1145 2164/2017/1147 2165/2018/1148
f 2166/2019/1149 2162/2016/1146 2161/2020/902
f 2162/2016/1146 2166/2019/1149 2164/2017/1147
f 2164/2017/1147 2167/2021/1150 2165/2018/1148
f 2168/2022/1151 2164/2017/1147 2166/2019/1149
f 2164/2017/1147 2168/2022/1151 2167/2021/1150
f 2169/2023/1152 2145/1998/1128 2144/2000/1130
f 2175/2024/1153 2171/2025/1154 2173/2026/1155
f 2175/2024/1153 2173/2026/1155 2174/2027/1156
f 2172/2028/1157 2171/2025/1154 2175/2024/1153
f 2178/2029/1158 2177/2030/1159 2179/2031/1160
f 2178/2029/1158 2179/2031/1160 2180/2032/1161
f 2192/2033/1162 2191/2034/1163 2190/2035/1164
f 2190/2035/1164 2189/2036/1165 2192/2033/1162
f 2192/2033/1162 2194/2037/1166 2191/2034/1163
f 2194/2037/1166 2193/2038/973 2191/2034/1163
f 2195/2039/1167 2193/2038/973 2194/2037/1166
f 2196/2040/1168 2195/2039/1167 2194/2037/1166
f 2196/2040/1168 2194/2037/1166 2197/2041/1169
f 2198/2042/1170 2197/2041/1169 2194/2037/1166
f 2198/2042/1170 2194/2037/1166 2192/2033/1162
f 2198/2042/1170 2192/2033/1162 2199/2043/1171
f 2199/2043/1171 2192/2033/1162 2189/2036/1165
f 2188/2044/1172 2200/2045/1173 2201/2046/1174
f 2202/2047/1175 2188/2044/1172 2201/2046/1174
f 2203/2048/1176 2188/2044/1172 2202/2047/1175
f 2207/2049/1177 2204/2050/1178 2205/2051/1179
f 2204/2050/1178 2207/2049/1177 2208/2052/1180
f 2206/2053/990 2204/2050/1178 2208/2052/1180
f 2209/2054/1181 2206/2053/990 2208/2052/1180
f 2174/2027/1156 2210/2055/1182 2175/2024/1153
f 2212/2028/1183 2211/2056/1184 2213/2057/1185
f 2213/2057/1185 2211/2056/1184 2214/2058/1186
f 2213/2057/1185 2214/2058/1186 2215/2059/998
f 2215/2059/998 2217/2060/1187 2213/2057/1185
f 2219/2061/1188 2184/2062/1189 2186/2063/1190
f 2219/2061/1188 2186/2063/1190 2187/2064/1191
f 2184/2062/1189 2219/2061/1188 2185/2065/1192
f 2220/2066/1193 2222/2067/1194 2221/2068/1195
f 2224/2069/1196 2223/2070/1197 2226/2071/1198
f 2225/2072/1199 2226/2071/1198 2223/2070/1197
f 2227/2073/1200 2228/2074/1201 2225/2072/1199
f 2228/2074/1201 2226/2071/1198 2225/2072/1199
f 2229/2075/1202 2182/2076/1203 2230/2077/1204
f 2230/2077/1204 2182/2076/1203 2231/2078/1205
f 2182/2076/1203 2181/2079/1206 2231/2078/1205
f 2232/2080/1207 2234/2081/1208 2233/2082/1209
f 2234/2081/1208 2232/2080/1207 2236/2083/1210
f 2238/2084/1211 2236/2083/1210 2183/2085/1212
f 2239/2086/1213 2240/2087/1214 2237/2088/1215
f 2237/2088/1215 2240/2087/1214 2241/2089/1216
f 2237/2088/1215 2241/2089/1216 2242/2090/1217
f 2242/2090/1217 2235/2091/1028 2237/2088/1215
f 2243/2092/1218 2246/2093/1039 2245/2094/1219
f 2246/2093/1039 2243/2092/1218 2247/2095/1220
f 2243/2092/1218 2244/2096/1221 2247/2095/1220
f 2249/2097/1222 2248/2098/1223 2247/2095/1220
f 2250/2099/1224 2247/2095/1220 2244/2096/1221
f 2250/2099/1224 2249/2097/1222 2247/2095/1220
f 2252/2100/1225 2216/2101/1226 2218/2102/1227
f 2218/2102/1227 2251/2103/1048 2252/2100/1225
f 2252/2100/1225 2251/2103/1048 2253/2104/1228
f 2254/2105/1229 2256/2106/1230 2170/2107/1231
f 2257/2108/1232 2254/2105/1229 2255/2109/1233
f 2258/2110/1234 2254/2105/1229 2257/2108/1232
f 2256/2106/1230 2254/2105/1229 2258/2110/1234
f 2256/2106/1230 2258/2110/1234 2259/2111/1235
f 2261/2112/1236 2260/2113/1068 2263/2114/1237
f 2263/2114/1237 2262/2115/1075 2261/2112/1236
f 2266/2116/1238 2265/2117/1239 2264/2118/1240
f 2262/2115/1075 2263/2114/1237 2267/2119/1241
f 2266/2116/1238 2268/2120/1242 2265/2117/1239
f 2266/2116/1238 2269/2121/1243 2268/2120/1242
f 2269/2121/1243 2266/2116/1238 2270/2122/1244
f 2263/2114/1237 2271/2123/1245 2267/2119/1241
f 2271/2123/1245 2263/2114/1237 2272/2124/1246
f 2273/2125/1247 2276/2126/1248 2274/2127/1249
f 2276/2126/1248 2273/2125/1247 2275/2128/1250
f 2276/2126/1248 2275/2128/1250 2277/2129/1251
f 2276/2126/1248 2277/2129/1251 2278/2130/1252
f 2280/2131/1253 2281/2132/1254 2279/2133/1255
f 2281/2132/1256 2283/2134/1257 2282/2135/1258
f 2284/2136/1259 2286/2137/1260 2285/2138/1261
f 2288/2139/1262 2287/2140/1263 2290/2141/1264
f 2289/2142/1265 2290/2141/1264 2287/2140/1263
f 2289/2142/1265 2291/2143/1266 2290/2141/1264
f 2296/2144/1267 2295/2145/1268 2294/2146/1269
f 2297/2147/1270 2293/2148/1271 2295/2145/1268
f 2295/2145/1268 2296/2144/1267 2297/2147/1270
f 2292/2149/1272 2293/2148/1271 2297/2147/1270
f 2292/2149/1272 2297/2147/1270 2298/2150/1273
f 2298/2150/1273 2296/2144/1127 2299/2151/1274
f 2300/2152/1275 2292/2149/1272 2298/2150/1273
f 2298/2150/1273 2299/2151/1274 2301/2153/1276
f 2300/2152/1275 2298/2150/1273 2301/2153/1276
f 2302/2154/1277 2301/2153/1276 2303/2155/889
f 2301/2153/1276 2299/2151/1274 2304/2156/1278
f 2301/2153/1276 2304/2156/1278 2303/2155/889
f 2303/2155/889 2304/2156/1278 2179/2031/1160
f 2177/2030/1159 2176/2157/1279 2303/2155/889
f 2177/2030/1159 2303/2155/889 2179/2031/1160
f 2306/2158/1129 2311/2159/1280 2310/2160/1281
f 2311/2159/1280 2306/2158/1129 2308/2161/1282
f 2310/2160/1281 2311/2159/1280 2312/2162/1283
f 2313/2163/893 2311/2159/1280 2308/2161/1282
f 2312/2162/1283 2311/2159/1280 2314/2164/1284
f 2313/2163/893 2314/2164/1284 2311/2159/1280
f 2315/2165/1285 2314/2164/1284 2313/2163/893
f 2315/2165/1285 2316/2166/1286 2314/2164/1284
f 2318/2167/1287 2316/2166/1286 2315/2165/1285
f 2319/2168/1288 2317/2169/1289 2318/2167/1287
f 2318/2167/1287 2321/2170/1290 2319/2168/1288
f 2320/2171/1291 2319/2168/1288 2321/2170/1290
f 2321/2170/1290 2318/2167/1287 2322/2172/1292
f 2318/2167/1287 2315/2165/1285 2322/2172/1292
f 2326/2173/1293 2323/2174/614 2327/2175/1294
f 2328/2176/1295 2326/2173/1293 2327/2175/1294
f 2326/2173/1293 2329/2177/1296 2330/2178/1145
f 2326/2173/1293 2328/2176/1295 2329/2177/1296
f 2335/2179/1297 2333/2180/1298 2334/2181/1299
f 2335/2179/1297 2332/2182/1300 2333/2180/1298
f 2337/2183/1301 2331/2184/1150 2332/2182/1300
f 2335/2179/1297 2337/2183/1301 2332/2182/1300
f 2331/2184/1150 2337/2183/1301 2338/2185/1302
f 2339/2186/1303 2338/2185/1302 2337/2183/1301
f 2337/2183/1301 2340/2187/1304 2339/2186/1303
f 2335/2179/1297 2340/2187/1304 2337/2183/1301
f 2335/2179/1297 2309/2188/890 2340/2187/1304
f 2343/2189/1305 2341/2190/1306 2342/2191/910
f 2343/2189/1305 2342/2191/910 2344/2192/1307
f 2343/2189/1305 2345/2193/1308 2341/2190/1306
f 2345/2193/1308 2343/2189/1305 2346/2194/1309
f 2346/2194/1309 2343/2189/1305 2305/2195/1310
f 2307/2196/1311 2343/2189/1305 2344/2192/1307
f 2343/2189/1305 2307/2196/1311 2305/2195/1310
f 2351/2197/1312 2347/2198/1313 2349/2199/1314
f 2349/2199/1314 2350/2200/1315 2351/2197/1312
f 2347/2198/1313 2351/2197/1312 2352/2201/1316
f 2353/2202/1317 2352/2201/1316 2351/2197/1312
f 2354/2203/1318 2348/2204/1319 2352/2201/1316
f 2354/2203/1318 2352/2201/1316 2353/2202/1317
f 2353/2202/1317 2351/2197/1312 2355/2205/1320
f 2355/2205/1320 2351/2197/1312 2350/2200/1315
f 2353/2202/1317 2356/2206/1321 2354/2203/1318
f 2357/2207/1322 2348/2204/1319 2354/2203/1318
f 2359/2208/1323 2358/2209/635 2360/2210/1324
f 2361/2211/1325 2359/2208/1323 2360/2210/1324
f 2361/2211/1325 2362/2212/1326 2359/2208/1323
f 2363/2213/1327 2362/2212/1326 2361/2211/1325
f 2367/2214/1328 2364/2215/1329 2365/2216/1330
f 2364/2215/1329 2367/2214/1328 2366/2217/1331
f 2367/2214/1328 2365/2216/1330 2368/2218/642
f 2369/2219/1332 2366/2217/1331 2367/2214/1328
f 2367/2214/1328 2368/2218/642 2370/2220/1333
f 2367/2214/1328 2372/2221/1334 2369/2219/1332
f 2373/2222/1156 2367/2214/1328 2370/2220/1333
f 2367/2214/1328 2373/2222/1156 2372/2221/1334
f 2377/2223/1335 2376/2224/1336 2375/2225/1337
f 2375/2225/1337 2378/2226/1338 2377/2223/1335
f 2377/2223/1335 2380/2227/1339 2376/2224/1336
f 2376/2224/1336 2380/2227/1339 2379/2228/1340
f 2380/2227/1339 2377/2223/1335 2381/2229/1341
f 2378/2226/1338 2381/2229/1341 2377/2223/1335
f 2379/2228/1340 2380/2227/1339 2382/2230/1342
f 2382/2230/1342 2380/2227/1339 2381/2229/1341
f 2383/2231/1343 2379/2228/1340 2382/2230/1342
f 2386/2232/1344 2387/2233/1345 2388/2234/1346
f 2389/2235/1347 2385/2236/1348 2386/2232/1344
f 2388/2234/1346 2389/2235/1347 2386/2232/1344
f 2387/2233/1345 2390/2237/1349 2388/2234/1346
f 2389/2235/1347 2391/2238/1350 2385/2236/1348
f 2394/2239/659 2393/2240/1351 2396/2241/1352
f 2395/2242/1353 2394/2239/659 2396/2241/1352
f 2392/2243/948 2396/2241/1352 2393/2240/1351
f 2395/2242/1353 2396/2241/1352 2397/2244/1354
f 2396/2241/1352 2392/2243/948 2398/2245/1355
f 2397/2244/1354 2396/2241/1352 2400/2246/1356
f 2401/2247/1357 2396/2241/1352 2398/2245/1355
f 2396/2241/1352 2401/2247/1357 2400/2246/1356
f 2321/2170/1290 2402/2248/1358 2320/2171/1291
f 2407/2249/1167 2406/2250/662 2405/2251/1359
f 2406/2250/662 2407/2249/1167 2408/2252/1360
f 2410/2253/1361 2404/2254/1362 2408/2252/1363
f 2409/2255/1364 2404/2254/1362 2410/2253/1361
f 2411/2256/1365 2410/2253/1361 2408/2252/1363
f 2412/2257/663 2408/2252/1360 2407/2249/1167
f 2413/2258/1366 2412/2257/663 2407/2249/1167
f 2414/2259/1367 2415/2260/1368 2417/2261/1369
f 2418/2262/1370 2417/2261/1369 2415/2260/1368
f 2403/2263/1371 2419/2264/1372 2415/2260/1368
f 2415/2260/1368 2419/2264/1372 2418/2262/1370
f 2420/2265/1373 2419/2264/1372 2403/2263/1371
f 2420/2265/1373 2421/2266/1374 2419/2264/1372
f 2421/2266/1374 2418/2262/1370 2419/2264/1372
f 2417/2261/1369 2418/2262/1370 2422/2267/1375
f 2417/2261/1369 2422/2267/1375 2416/2268/1376
f 2423/2269/1377 2418/2262/1370 2421/2266/1374
f 2422/2267/1375 2418/2262/1370 2424/2270/1378
f 2418/2262/1370 2423/2269/1377 2424/2270/1378
f 2416/2268/1376 2422/2267/1375 2426/2271/1379
f 2429/2272/1380 2425/2273/1381 2428/2274/1382
f 2430/2275/1383 2429/2272/1380 2428/2274/1382
f 2428/2274/1382 2431/2276/1384 2430/2275/1383
f 2428/2274/1382 2336/2277/1385 2431/2276/1384
f 2428/2274/1382 2427/2278/1386 2336/2277/1385
f 2427/2278/1386 2432/2279/481 2336/2277/1385
f 2432/2279/481 2335/2179/1297 2336/2277/1385
f 2432/2279/481 2433/2280/1387 2335/2179/1297
f 2433/2280/1387 2432/2279/481 2424/2270/1388
f 2433/2280/1387 2309/2188/890 2335/2179/1297
f 2423/2269/1377 2434/2281/1389 2424/2270/1378
f 2423/2269/1377 2435/2282/1390 2434/2281/1389
f 2322/2172/1292 2315/2165/1285 2435/2282/1390
f 2322/2172/1292 2435/2282/1390 2423/2269/1377
f 2322/2172/1292 2436/2283/1391 2437/2284/1392
f 2321/2170/1290 2322/2172/1292 2437/2284/1392
f 2402/2248/1358 2321/2170/1290 2437/2284/1392
f 2440/2285/1393 2438/2286/1174 2439/2287/1394
f 2442/2288/1395 2440/2285/1393 2439/2287/1394
f 2440/2285/1393 2442/2288/1395 2441/2289/1396
f 2443/2290/1397 2442/2288/1395 2439/2287/1394
f 2444/2291/1398 2441/2289/1396 2442/2288/1395
f 2449/2292/1399 2445/2293/1177 2447/2294/1400
f 2445/2293/1177 2449/2292/1399 2446/2295/1401
f 2448/2296/670 2449/2292/1399 2447/2294/1400
f 2449/2292/1399 2450/2297/1402 2446/2295/1401
f 2449/2292/1399 2448/2296/670 2451/2298/1403
f 2452/2299/672 2449/2292/1399 2451/2298/1403
f 2449/2292/1399 2452/2299/672 2453/2300/992
f 2450/2297/1402 2449/2292/1399 2453/2300/992
f 2455/2301/1404 2371/2302/1405 2374/2303/1406
f 2456/2304/1407 2374/2303/1406 2454/2305/1408
f 2374/2303/1406 2457/2306/1409 2455/2301/1404
f 2374/2303/1406 2456/2304/1407 2457/2306/1409
f 2455/2301/1404 2457/2306/1409 2458/2307/1410
f 2457/2306/1409 2456/2304/1407 2459/2308/1411
f 2458/2307/1410 2457/2306/1409 2460/2309/1412
f 2460/2309/1412 2457/2306/1409 2459/2308/1411
f 2461/2310/1413 2458/2307/1410 2460/2309/1412
f 2461/2310/1413 2460/2309/1412 2459/2308/1411
f 2458/2307/1410 2461/2310/1413 2462/2311/1414
f 2466/2312/1415 2463/2313/1416 2464/2314/1417
f 2463/2313/1416 2466/2312/1415 2465/2315/1331
f 2467/2316/1418 2465/2315/1331 2466/2312/1415
f 2466/2312/1415 2470/2317/1419 2467/2316/1418
f 2466/2312/1415 2471/2318/1420 2470/2317/1419
f 2471/2318/1420 2466/2312/1415 2472/2319/1333
f 2473/2320/1421 2468/2321/1422 2469/2322/1423
f 2466/2312/1415 2475/2323/1000 2472/2319/1333
f 2466/2312/1415 2464/2314/1417 2475/2323/1000
f 2459/2308/1411 2476/2324/1424 2461/2310/1413
f 2469/2322/1423 2474/2325/1425 2477/2326/1426
f 2469/2322/1423 2477/2326/1426 2473/2320/1421
f 2478/2327/1427 2480/2328/1428 2399/2329/1429
f 2480/2328/1428 2478/2327/1427 2479/2330/1005
f 2480/2328/1428 2479/2330/1005 2481/2331/1007
f 2483/2332/1430 2480/2328/1428 2481/2331/1007
f 2483/2332/1430 2481/2331/1007 2484/2333/1431
f 2481/2331/1007 2485/2334/1432 2484/2333/1431
f 2486/2335/1433 2484/2333/1431 2485/2334/1432
f 2486/2335/1433 2488/2336/1434 2484/2333/1431
f 2488/2336/1434 2486/2335/1433 2487/2337/1195
f 2489/2338/1435 2483/2332/1430 2484/2333/1431
f 2489/2338/1435 2484/2333/1431 2488/2336/1434
f 2490/2339/559 2489/2338/1435 2488/2336/1434
f 2491/2340/1436 2488/2336/1434 2487/2337/1195
f 2490/2339/559 2488/2336/1434 2492/2341/1437
f 2492/2341/1437 2488/2336/1434 2491/2340/1436
f 2492/2341/1437 2491/2340/1436 2493/2342/679
f 2494/2343/1438 2492/2341/1437 2493/2342/679
f 2496/2344/1439 2498/2345/1440 2499/2346/1441
f 2499/2346/1441 2498/2345/1440 2500/2347/1442
f 2497/2348/1443 2500/2347/1442 2498/2345/1440
f 2500/2347/1442 2501/2349/1197 2499/2346/1441
f 2501/2349/1197 2500/2347/1442 2503/2350/1444
f 2505/2351/1018 2503/2350/1444 2500/2347/1442
f 2500/2347/1442 2497/2348/1443 2505/2351/1018
f 2506/2352/1445 2507/2353/1446 2504/2354/1447
f 2508/2355/1448 2504/2354/1447 2507/2353/1446
f 2509/2356/1449 2504/2354/1447 2508/2355/1448
f 2509/2356/1449 2502/2357/1450 2504/2354/1447
f 2510/2358/1451 2381/2229/1341 2511/2359/1452
f 2381/2229/1341 2378/2226/1338 2511/2359/1452
f 2495/2360/1453 2510/2358/1454 2512/2361/1455
f 2511/2359/1452 2378/2226/1338 2513/2362/1456
f 2513/2362/1456 2512/2361/1457 2511/2359/1452
f 2513/2362/1456 2378/2226/1338 2514/2363/1458
f 2513/2362/1456 2516/2364/1459 2512/2361/1457
f 2515/2365/1460 2512/2361/1457 2516/2364/1459
f 2514/2363/1458 2517/2366/1461 2513/2362/1456
f 2513/2362/1456 2517/2366/1461 2516/2364/1459
f 2514/2363/1458 2518/2367/1462 2517/2366/1461
f 2518/2367/1462 2519/2368/1463 2517/2366/1461
f 2520/2369/1464 2519/2368/1463 2518/2367/1462
f 2516/2364/1459 2517/2366/1461 2521/2370/1465
f 2517/2366/1461 2519/2368/1463 2521/2370/1465
f 2520/2369/1464 2522/2371/1466 2519/2368/1463
f 2515/2365/1460 2516/2364/1459 2523/2372/1467
f 2516/2364/1459 2521/2370/1465 2523/2372/1467
f 2519/2368/1463 2522/2371/1466 2524/2373/1468
f 2519/2368/1463 2524/2373/1468 2521/2370/1465
f 2515/2365/1460 2523/2372/1467 2525/2374/1469
f 2523/2372/1467 2521/2370/1465 2526/2375/1470
f 2526/2375/1470 2525/2374/1469 2523/2372/1467
f 2525/2374/1469 2527/2376/1471 2515/2365/1460
f 2482/2377/1472 2515/2365/1460 2527/2376/1471
f 2527/2376/1471 2390/2237/1349 2482/2377/1472
f 2390/2237/1349 2527/2376/1471 2388/2234/1346
f 2528/2378/1473 2527/2376/1471 2525/2374/1469
f 2388/2234/1346 2527/2376/1471 2528/2378/1473
f 2528/2378/1473 2525/2374/1469 2526/2375/1470
f 2389/2235/1347 2388/2234/1346 2528/2378/1473
f 2389/2235/1347 2528/2378/1473 2529/2379/1474
f 2526/2375/1470 2529/2379/1474 2528/2378/1473
f 2389/2235/1347 2529/2379/1474 2391/2238/1350
f 2530/2380/1475 2529/2379/1474 2526/2375/1470
f 2521/2370/1465 2530/2380/1475 2526/2375/1470
f 2530/2380/1475 2531/2381/1476 2529/2379/1474
f 2531/2381/1476 2391/2238/1350 2529/2379/1474
f 2521/2370/1465 2532/2382/1477 2530/2380/1475
f 2521/2370/1465 2524/2373/1468 2532/2382/1477
f 2531/2381/1476 2530/2380/1475 2533/2383/1478
f 2534/2384/1479 2537/2385/1480 2535/2386/1481
f 2537/2385/1480 2534/2384/1479 2536/2387/1482
f 2537/2385/1480 2536/2387/1482 2538/2388/1483
f 2538/2388/1483 2539/2389/1484 2537/2385/1480
f 2540/2390/1485 2544/2391/1486 2541/2392/1487
f 2544/2391/1486 2543/2393/1488 2541/2392/1487
f 2544/2391/1486 2540/2390/1485 2542/2394/1489
f 2545/2395/1490 2544/2391/1486 2542/2394/1489
f 2543/2393/1488 2544/2391/1486 2546/2396/1491
f 2544/2391/1486 2545/2395/1490 2547/2397/1492
f 2544/2391/1486 2548/2398/1493 2546/2396/1491
f 2548/2398/1493 2544/2391/1486 2547/2397/1492
f 2549/2399/1494 2530/2380/1475 2532/2382/1477
f 2530/2380/1475 2549/2399/1494 2533/2383/1478
f 2533/2383/1478 2549/2399/1494 2550/2400/696
f 2550/2400/696 2551/2401/1495 2533/2383/1478
f 2552/2402/1496 2533/2383/1478 2551/2401/1495
f 2533/2383/1478 2552/2402/1496 2554/2403/1497
f 2558/2404/1223 2555/2405/1498 2557/2406/1499
f 2560/2407/1500 2559/2408/1501 2558/2404/1502
f 2562/2409/1503 2556/2410/1504 2561/2411/1505
f 2556/2410/1504 2562/2409/1503 2563/2412/1043
f 2565/2413/1506 2563/2412/1043 2562/2409/1503
f 2563/2412/1043 2565/2413/1506 2564/2414/1044
f 2565/2413/1506 2566/2415/705 2564/2414/1044
f 2562/2409/1503 2567/2416/1507 2565/2413/1506
f 2565/2413/1506 2568/2417/1508 2566/2415/705
f 2569/2418/706 2565/2413/1506 2567/2416/1507
f 2565/2413/1506 2569/2418/706 2568/2417/1508
f 2553/2419/1509 2570/2420/1510 2562/2409/1511
f 2477/2326/1426 2474/2325/1425 2571/2421/1048
f 2575/2422/1512 2572/2423/1513 2573/2424/1514
f 2574/2425/1515 2576/2426/1516 2573/2424/1514
f 2575/2422/1512 2573/2424/1514 2576/2426/1516
f 2577/2427/1517 2576/2426/1516 2574/2425/1515
f 2576/2426/1516 2577/2427/1517 2578/2428/1518
f 2578/2428/1518 2579/2429/1519 2576/2426/1516
f 2576/2426/1516 2579/2429/1519 2575/2422/1512
f 2429/2272/1380 2579/2429/1519 2578/2428/1518
f 2580/2430/1520 2575/2422/1512 2579/2429/1519
f 2429/2272/1380 2430/2275/1383 2579/2429/1519
f 2430/2275/1383 2580/2430/1520 2579/2429/1519
f 2581/2431/1521 2575/2422/1512 2580/2430/1520
f 2582/2432/1522 2575/2422/1512 2581/2431/1521
f 2572/2423/1513 2575/2422/1512 2582/2432/1522
f 2587/2433/1523 2585/2434/1075 2590/2435/1524
f 2591/2436/1525 2590/2435/1524 2585/2434/1075
f 2593/2437/1526 2588/2438/1527 2589/2439/1239
f 2588/2438/1527 2593/2437/1526 2592/2440/1528
f 2594/2441/1529 2593/2437/1526 2589/2439/1239
f 2595/2442/1243 2593/2437/1526 2594/2441/1529
f 2593/2437/1526 2596/2443/1530 2592/2440/1528
f 2593/2437/1526 2595/2442/1243 2596/2443/1530
f 2598/2444/1531 2353/2202/1317 2355/2205/1320
f 2356/2206/1321 2353/2202/1317 2598/2444/1531
f 2583/2445/1532 2356/2206/1321 2598/2444/1531
f 2599/2446/1245 2597/2447/1533 2590/2435/1524
f 2599/2446/1245 2590/2435/1524 2591/2436/1525
f 2586/2448/1081 2601/2449/1534 2600/2450/1535
f 2583/2445/1532 2598/2444/1531 2602/2451/1536
f 2602/2451/1536 2603/2452/1537 2583/2445/1532
f 2601/2449/1534 2586/2448/1081 2604/2453/1084
f 2601/2449/1534 2604/2453/1084 2605/2454/1538
f 2604/2453/1539 2584/2455/1068 2606/2456/1540
f 2607/2457/1541 2601/2449/1534 2605/2454/1538
f 2608/2458/1542 2611/2459/1543 2609/2460/1544
f 2610/2461/1545 2609/2460/1544 2611/2459/1543
f 2611/2459/1543 2608/2458/1542 2612/2462/1546
f 2613/2463/1547 2610/2461/1545 2611/2459/1543
f 2613/2463/1547 2611/2459/1543 2614/2464/1548
f 2614/2464/1548 2611/2459/1543 2616/2465/1549
f 2616/2465/1549 2611/2459/1543 2618/2466/1090
f 2611/2459/1543 2612/2462/1546 2618/2466/1090
f 2617/2467/1550 2620/2468/1551 2615/2469/1249
f 2617/2467/1550 2619/2470/752 2620/2468/1551
f 2620/2468/1551 2621/2471/1552 2615/2469/1249
f 2621/2471/1552 2620/2468/1551 2622/2472/756
f 2622/2472/756 2620/2468/1551 2619/2470/752
f 2625/2473/1553 2581/2431/1521 2580/2430/1520
f 2580/2430/1520 2627/2474/1554 2625/2473/1553
f 2626/2475/1555 2625/2473/1553 2629/2476/1556
f 2629/2476/1556 2625/2473/1553 2627/2474/1554
f 2628/2477/1557 2626/2475/1555 2629/2476/1556
f 2629/2476/1556 2627/2474/1554 2630/2478/1099
f 2628/2477/1557 2629/2476/1556 2631/2479/1254
f 2632/2480/1100 2629/2476/1556 2630/2478/1099
f 2629/2476/1556 2632/2480/1100 2631/2479/1254
f 2634/2481/1558 2631/2479/1254 2632/2480/1100
f 2635/2482/1105 2633/2483/1559 2634/2481/1257
f 2636/2484/1560 2633/2483/1559 2635/2482/1105
f 2430/2275/1383 2431/2276/1384 2635/2482/1561
f 2624/2485/1562 2636/2484/736 2637/2486/1563
f 2636/2484/1560 2635/2482/1105 2638/2487/737
f 2642/2488/1564 2640/2489/1565 2641/2490/739
f 2642/2488/1564 2639/2491/738 2640/2489/1565
f 2642/2488/1564 2641/2490/739 2643/2492/1566
f 2639/2491/738 2642/2488/1564 2644/2493/1567
f 2642/2488/1564 2643/2492/1566 2646/2494/1568
f 2645/2495/1569 2642/2488/1564 2647/2496/742
f 2642/2488/1564 2646/2494/1568 2647/2496/742
f 2645/2495/1569 2647/2496/742 2648/2497/741
f 2647/2496/742 2646/2494/1568 2649/2498/1570
f 2336/2277/1385 2649/2498/1109 2431/2276/1384
f 2647/2496/742 2649/2498/1570 2650/2499/1571
f 2324/2500/1572 2652/2501/1573 2650/2499/744
f 2324/2500/1572 2651/2502/1574 2652/2501/1573
f 2334/2181/1299 2649/2498/1109 2336/2277/1385
f 2650/2499/744 2325/2503/900 2324/2500/1572
f 2653/2504/1575 2651/2502/1574 2324/2500/1572
f 2330/2178/1145 2654/2505/1576 2326/2173/1293
f 2654/2505/1576 2655/2506/1577 2326/2173/1293
f 2326/2173/1293 2655/2506/1577 2323/2174/614
f 2623/2507/1578 2657/2508/1579 2656/2509/1580
f 2657/2508/1579 2623/2507/1578 2621/2471/1552
f 2426/2271/1379 2656/2509/1580 2658/2510/1581
f 2656/2509/1580 2657/2508/1579 2658/2510/1581
f 2426/2271/1379 2658/2510/1581 2659/2511/1582
f 2416/2268/1376 2426/2271/1379 2659/2511/1582
f 2660/2512/1583 2659/2511/1582 2658/2510/1581
f 2416/2268/1376 2659/2511/1582 2661/2513/1584
f 2660/2512/1583 2661/2513/1584 2659/2511/1582
f 2410/2253/1361 2411/2256/1365 2662/2514/1585
f 2410/2253/1361 2662/2514/1585 2663/2515/1586
f 2662/2514/1585 2661/2513/1587 2663/2515/1586
f 2409/2255/1364 2410/2253/1361 2663/2515/1586
f 2664/2516/1588 2409/2255/1364 2663/2515/1586
f 2664/2516/1589 2661/2513/1584 2660/2512/1583
f 2664/2516/1589 2660/2512/1583 2665/2517/1590
f 2666/2518/1591 2660/2512/1583 2658/2510/1581
f 2660/2512/1583 2667/2519/1592 2665/2517/1590
f 2660/2512/1583 2666/2518/1591 2667/2519/1592
f 2658/2510/1581 2657/2508/1579 2666/2518/1591
f 2666/2518/1591 2668/2520/1593 2667/2519/1592
f 2670/2521/1594 2668/2520/1593 2666/2518/1591
f 2669/2522/1262 2671/2523/1595 2672/2524/1596
f 2657/2508/1579 2621/2471/1552 2622/2472/756
f 2675/2525/1597 2676/2526/1598 2674/2527/1599
f 2671/2523/1595 2673/2528/1266 2677/2529/1600
f 2676/2526/1598 2675/2525/1597 2678/2530/1601
f 2677/2529/1600 2676/2526/1598 2678/2530/1601
f 2678/2530/1601 2671/2523/1595 2677/2529/1600
f 2675/2525/1597 2672/2524/1596 2678/2530/1601
f 2672/2524/1596 2671/2523/1595 2678/2530/1601
f 2681/2531/1271 2680/2532/1602 2682/2533/1603
f 2680/2532/1602 2683/2534/1604 2682/2533/1603
f 2384/2535/1605 2520/2369/1606 2679/2536/1607
f 2683/2534/1604 2520/2369/1464 2518/2367/1462
f 2682/2533/1603 2683/2534/1604 2684/2537/1608
f 2683/2534/1604 2518/2367/1462 2684/2537/1608
f 2682/2533/1603 2684/2537/1608 2685/2538/1609
f 2687/2539/1610 2682/2533/1603 2685/2538/1609
f 2682/2533/1603 2687/2539/1610 2688/2540/1611
f 2682/2533/1603 2688/2540/1611 2681/2531/1271
f 2686/2541/1612 2518/2367/1462 2514/2363/1458
f 2686/2541/1612 2514/2363/1458 2689/2542/1613
f 2690/2543/1614 2689/2542/1615 2691/2544/1616
f 2514/2363/1458 2692/2545/1617 2689/2542/1613
f 2378/2226/1338 2693/2546/1618 2692/2545/1617
f 2692/2545/1617 2514/2363/1458 2378/2226/1338
f 2378/2226/1338 2375/2225/1337 2693/2546/1618
f 2694/2547/1619 2695/2548/622 2696/2549/1130
f 2694/2547/1619 2696/2549/1130 2698/2550/1620
f 2698/2550/1620 2696/2549/1130 2697/2551/1621
f 2699/2552/1622 2695/2548/622 2694/2547/1619
f 2699/2552/1622 2694/2547/1619 2698/2550/1620
f 2695/2548/622 2699/2552/1622 2700/2553/1623
f 2697/2551/1621 2701/2554/1624 2698/2550/1620
f 2698/2550/1620 2702/2555/1625 2699/2552/1622
f 2702/2555/1625 2698/2550/1620 2701/2554/1624
f 2702/2555/1625 2701/2554/1624 2703/2556/1626
f 2701/2554/1624 2704/2557/1627 2703/2556/1626
f 2701/2554/1624 2697/2551/1621 2704/2557/1627
f 2704/2557/1627 2705/2558/1628 2703/2556/1626
f 2711/2559/1629 2709/2560/1630 2710/2561/1631
f 2712/2562/1632 2711/2559/1629 2710/2561/1631
f 2712/2562/1632 2713/2563/1633 2711/2559/1629
f 2712/2562/1632 2710/2561/1631 2714/2564/1634
f 2715/2565/1635 2712/2562/1632 2714/2564/1634
f 2700/2553/1623 2713/2563/1633 2712/2562/1632
f 2695/2548/622 2712/2562/1632 2715/2565/1635
f 2712/2562/1632 2695/2548/622 2700/2553/1623
f 2695/2548/622 2715/2565/1635 2716/2566/1636
f 2696/2549/1130 2695/2548/622 2717/2567/1637
f 2696/2549/1130 2717/2567/1637 2718/2568/1638
f 2719/2569/1639 2720/2570/1640 2721/2571/1641
f 2719/2569/1639 2722/2572/1642 2720/2570/1640
f 2723/2573/1643 2719/2569/1639 2721/2571/1641
f 2724/2574/1231 2723/2573/1643 2721/2571/1641
f 2727/2575/1644 2728/2576/1645 2725/2577/1646
f 2720/2570/1640 2729/2578/1647 2731/2579/1648
f 2731/2579/1648 2729/2578/1647 2730/2580/1649
f 2721/2571/1641 2720/2570/1640 2731/2579/1648
f 2731/2579/1648 2730/2580/1649 2732/2581/1650
f 2721/2571/1641 2731/2579/1648 2733/2582/1651
f 2733/2582/1651 2731/2579/1648 2732/2581/1650
f 2724/2574/1231 2721/2571/1641 2733/2582/1651
f 2735/2583/1652 2732/2581/1650 2734/2584/1653
f 2733/2582/1651 2732/2581/1650 2735/2583/1652
f 2735/2583/1652 2734/2584/1653 2736/2585/1654
f 2735/2583/1652 2736/2585/1654 2737/2586/1332
f 2735/2583/1652 2737/2586/1332 2738/2587/1655
f 2733/2582/1651 2735/2583/1652 2738/2587/1655
f 2742/2588/1656 2741/2589/1657 2743/2590/1658
f 2741/2589/1657 2745/2591/1659 2743/2590/1658
f 2744/2592/1660 2745/2591/1659 2741/2589/1657
f 2745/2591/1659 2746/2593/1661 2743/2590/1658
f 2751/2594/1662 2750/2595/1663 2749/2596/1664
f 2751/2594/1662 2752/2597/1665 2753/2598/1666
f 2751/2594/1662 2753/2598/1666 2750/2595/1663
f 2754/2599/1667 2753/2598/1666 2752/2597/1665
f 2755/2600/1354 2753/2598/1666 2754/2599/1667
f 2753/2598/1666 2755/2600/1354 2756/2601/1192
f 2753/2598/1666 2756/2601/1192 2750/2595/1663
f 2758/2602/1668 2759/2603/1669 2760/2604/1670
f 2758/2602/1668 2760/2604/1670 2757/2605/664
f 2760/2604/1670 2759/2603/1669 2761/2606/1671
f 2762/2607/1672 2760/2604/1670 2761/2606/1671
f 2757/2605/664 2760/2604/1670 2763/2608/1367
f 2760/2604/1670 2762/2607/1672 2763/2608/1367
f 2763/2608/1367 2762/2607/1672 2764/2609/1673
f 2765/2610/1674 2757/2605/664 2763/2608/1367
f 2763/2608/1367 2766/2611/1675 2765/2610/1674
f 2768/2612/1676 2770/2613/1677 2771/2614/1678
f 2768/2612/1676 2771/2614/1678 2772/2615/1679
f 2768/2612/1676 2772/2615/1679 2773/2616/1379
f 2706/2617/1680 2776/2618/1681 2777/2619/1682
f 2777/2619/1682 2776/2618/1681 2775/2620/984
f 2707/2621/1683 2769/2622/1684 2778/2623/1391
f 2779/2624/1685 2778/2623/1391 2780/2625/1686
f 2778/2623/1391 2769/2622/1684 2781/2626/1687
f 2781/2626/1687 2769/2622/1684 2767/2627/1688
f 2780/2625/1686 2778/2623/1391 2782/2628/1394
f 2783/2629/1689 2781/2626/1687 2767/2627/1688
f 2778/2623/1391 2784/2630/1690 2782/2628/1394
f 2781/2626/1687 2784/2630/1690 2778/2623/1391
f 2781/2626/1687 2785/2631/1691 2784/2630/1690
f 2783/2629/1689 2785/2631/1691 2781/2626/1687
f 2785/2631/1691 2786/2632/1418 2784/2630/1690
f 2785/2631/1691 2787/2633/1692 2786/2632/1418
f 2783/2629/1689 2788/2634/670 2785/2631/1691
f 2788/2634/670 2787/2633/1692 2785/2631/1691
f 2733/2582/1651 2738/2587/1655 2789/2635/1693
f 2733/2582/1651 2789/2635/1693 2790/2636/1694
f 2733/2582/1651 2790/2636/1694 2791/2637/1695
f 2791/2637/1695 2790/2636/1694 2792/2638/1696
f 2793/2639/1697 2733/2582/1651 2791/2637/1695
f 2793/2639/1697 2724/2574/1231 2733/2582/1651
f 2794/2640/839 2793/2639/1697 2791/2637/1695
f 2791/2637/1695 2792/2638/1696 2795/2641/1698
f 2795/2641/1698 2792/2638/1696 2796/2642/673
f 2795/2641/1698 2796/2642/673 2797/2643/1699
f 2795/2641/1698 2797/2643/1699 2798/2644/1184
f 2791/2637/1695 2795/2641/1698 2799/2645/1700
f 2795/2641/1698 2798/2644/1184 2799/2645/1700
f 2791/2637/1695 2799/2645/1700 2800/2646/1701
f 2794/2640/839 2791/2637/1695 2800/2646/1701
f 2800/2646/1701 2799/2645/1700 2801/2647/1702
f 2756/2601/1192 2802/2648/1703 2803/2649/1704
f 2750/2595/1663 2756/2601/1192 2803/2649/1704
f 2804/2650/1705 2803/2649/1704 2802/2648/1703
f 2805/2651/1706 2806/2652/1707 2804/2650/1705
f 2806/2652/1707 2803/2649/1704 2804/2650/1705
f 2806/2652/1707 2805/2651/1706 2807/2653/559
f 2808/2654/1708 2806/2652/1707 2807/2653/559
f 2809/2655/1709 2806/2652/1707 2808/2654/1708
f 2806/2652/1707 2809/2655/1709 2810/2656/1710
f 2803/2649/1704 2806/2652/1707 2810/2656/1710
f 2810/2656/1710 2809/2655/1709 2811/2657/1711
f 2812/2658/1712 2811/2657/1711 2809/2655/1709
f 2812/2658/1712 2813/2659/1713 2811/2657/1711
f 2813/2659/1713 2812/2658/1712 2814/2660/1714
f 2814/2660/1714 2815/2661/1715 2813/2659/1713
f 2813/2659/1713 2815/2661/1715 2816/2662/1716
f 2813/2659/1713 2816/2662/1716 2817/2663/1450
f 2811/2657/1711 2813/2659/1713 2817/2663/1450
f 2811/2657/1711 2817/2663/1450 2818/2664/1717
f 2817/2663/1450 2819/2665/1718 2818/2664/1717
f 2818/2664/1717 2819/2665/1718 2740/2666/1719
f 2818/2664/1717 2740/2666/1719 2820/2667/1720
f 2820/2667/1720 2740/2666/1719 2821/2668/1721
f 2810/2656/1710 2818/2664/1717 2820/2667/1720
f 2818/2664/1717 2810/2656/1710 2811/2657/1711
f 2820/2667/1720 2821/2668/1721 2810/2656/1710
f 2740/2666/1719 2739/2669/1722 2821/2668/1721
f 2821/2668/1723 2822/2670/1724 2823/2671/1725
f 2823/2671/1726 2824/2672/1727 2810/2656/1710
f 2824/2672/1727 2803/2649/1704 2810/2656/1710
f 2743/2590/1658 2826/2673/1728 2825/2674/1729
f 2826/2673/1728 2743/2590/1658 2746/2593/1661
f 2827/2675/1730 2826/2673/1728 2746/2593/1661
f 2746/2593/1661 2829/2676/1731 2828/2677/1732
f 2829/2676/1731 2746/2593/1661 2830/2678/1733
f 2745/2591/1659 2830/2678/1733 2746/2593/1661
f 2745/2591/1659 2831/2679/1734 2830/2678/1733
f 2830/2678/1733 2832/2680/1735 2829/2676/1731
f 2744/2592/1660 2831/2679/1734 2745/2591/1659
f 2831/2679/1734 2833/2681/1736 2830/2678/1733
f 2830/2678/1733 2833/2681/1736 2832/2680/1735
f 2832/2680/1735 2834/2682/1737 2829/2676/1731
f 2832/2680/1735 2835/2683/1738 2834/2682/1737
f 2832/2680/1735 2836/2684/688 2835/2683/1738
f 2832/2680/1735 2833/2681/1736 2836/2684/688
f 2837/2685/1739 2833/2681/1736 2831/2679/1734
f 2831/2679/1734 2838/2686/1740 2837/2685/1739
f 2744/2592/1660 2838/2686/1740 2831/2679/1734
f 2837/2685/1739 2838/2686/1740 2839/2687/1741
f 2744/2592/1660 2840/2688/1742 2838/2686/1740
f 2840/2688/1742 2839/2687/1741 2838/2686/1740
f 2841/2689/1743 2839/2687/1741 2840/2688/1742
f 2744/2592/1660 2842/2690/1744 2840/2688/1742
f 2744/2592/1660 2747/2691/1745 2842/2690/1744
f 2842/2690/1744 2843/2692/1746 2840/2688/1742
f 2840/2688/1742 2843/2692/1746 2841/2689/1743
f 2842/2690/1744 2747/2691/1745 2844/2693/1747
f 2844/2693/1747 2843/2692/1746 2842/2690/1744
f 2843/2692/1746 2847/2694/1748 2846/2695/1749
f 2845/2696/1750 2846/2695/1749 2847/2694/1748
f 2843/2692/1746 2848/2697/1751 2847/2694/1748
f 2843/2692/1746 2844/2693/1747 2848/2697/1751
f 2847/2694/1748 2849/2698/1752 2845/2696/1750
f 2849/2698/1752 2847/2694/1748 2848/2697/1751
f 2844/2693/1753 2851/2699/1754 2850/2700/1755
f 2851/2699/1756 2854/2701/1757 2852/2702/1758
f 2854/2701/1757 2853/2703/706 2852/2702/1758
f 2854/2701/1757 2855/2704/1759 2853/2703/706
f 2856/2705/1760 2854/2701/1757 2844/2693/1747
f 2856/2705/1760 2855/2704/1759 2854/2701/1757
f 2856/2705/1760 2748/2706/1761 2855/2704/1759
f 2747/2691/1745 2856/2705/1760 2844/2693/1747
f 2748/2706/1761 2856/2705/1760 2747/2691/1745
f 2801/2647/1702 2857/2707/1513 2800/2646/1701
f 2773/2616/1379 2774/2708/1762 2859/2709/1763
f 2773/2616/1379 2772/2615/1679 2774/2708/1762
f 2862/2710/1764 2857/2707/1513 2861/2711/1765
f 2800/2646/1701 2857/2707/1513 2862/2710/1764
f 2861/2711/1765 2860/2712/1766 2863/2713/1767
f 2863/2713/1767 2862/2710/1764 2861/2711/1765
f 2864/2714/1768 2800/2646/1701 2862/2710/1764
f 2794/2640/839 2800/2646/1701 2864/2714/1768
f 2862/2710/1764 2863/2713/1767 2865/2715/556
f 2864/2714/1768 2862/2710/1764 2866/2716/1769
f 2865/2715/556 2866/2716/1769 2862/2710/1764
f 2869/2717/1770 2867/2718/1062 2727/2575/1771
f 2868/2719/1234 2867/2718/1062 2871/2720/1772
f 2871/2720/1772 2867/2718/1062 2869/2717/1770
f 2872/2721/1773 2870/2722/854 2871/2720/1772
f 2872/2721/1773 2871/2720/1772 2873/2723/867
f 2873/2723/867 2871/2720/1772 2869/2717/1770
f 2872/2721/1773 2873/2723/867 2874/2724/1774
f 2876/2725/1775 2879/2726/1776 2877/2727/723
f 2879/2726/1776 2878/2728/1777 2877/2727/723
f 2879/2726/1776 2876/2725/1775 2875/2729/1778
f 2878/2728/1777 2880/2730/1779 2726/2731/1780
f 2878/2728/1777 2879/2726/1776 2880/2730/1779
f 2879/2726/1776 2875/2729/1778 2881/2732/1533
f 2880/2730/1779 2879/2726/1776 2881/2732/1533
f 2882/2733/1781 2726/2731/1780 2880/2730/1779
f 2880/2730/1779 2881/2732/1533 2884/2734/1782
f 2881/2732/1533 2883/2735/1783 2884/2734/1782
f 2884/2734/1782 2882/2733/1781 2880/2730/1779
f 2884/2734/1782 2883/2735/1783 2885/2736/1784
f 2882/2733/1781 2884/2734/1782 2885/2736/1784
f 2886/2737/1785 2882/2733/1781 2885/2736/1784
f 2887/2738/1786 2882/2733/1781 2886/2737/1785
f 2873/2723/867 2869/2717/1770 2888/2739/1787
f 2889/2740/1788 2887/2738/1786 2886/2737/1785
f 2889/2740/1788 2888/2739/1787 2887/2738/1786
f 2890/2741/732 2873/2723/867 2888/2739/1787
f 2889/2740/1788 2886/2737/1785 2891/2742/1789
f 2891/2742/1789 2892/2743/1790 2893/2744/1791
f 2893/2744/1791 2889/2740/1788 2891/2742/1789
f 2893/2744/1791 2892/2743/1790 2894/2745/1792
f 2895/2746/1548 2893/2744/1791 2894/2745/1792
f 2896/2747/1793 2893/2744/1791 2895/2746/1548
f 2896/2747/1793 2889/2740/1788 2893/2744/1791
f 2889/2740/1788 2896/2747/1793 2897/2748/1794
f 2897/2748/1794 2899/2749/870 2889/2740/1788
f 2889/2740/1788 2899/2749/870 2888/2739/1787
f 2899/2749/870 2858/2750/1795 2888/2739/1787
f 2888/2739/1787 2858/2750/1795 2890/2741/732
f 2899/2749/1796 2859/2709/1763 2900/2751/1797
f 2874/2724/1798 2890/2741/732 2901/2752/874
f 2902/2753/1799 2865/2715/556 2863/2713/1767
f 2902/2753/1799 2863/2713/1767 2904/2754/1800
f 2863/2713/1767 2860/2712/1766 2904/2754/1800
f 2904/2754/1800 2905/2755/1801 2902/2753/1799
f 2905/2755/1801 2906/2756/1802 2902/2753/1799
f 2906/2756/1802 2903/2757/1803 2902/2753/1799
f 2905/2755/1801 2904/2754/1800 2907/2758/1804
f 2905/2755/1801 2907/2758/1804 2906/2756/1802
f 2904/2754/1800 2860/2712/1766 2908/2759/1805
f 2909/2760/1806 2904/2754/1800 2908/2759/1805
f 2907/2758/1804 2904/2754/1800 2909/2760/1806
f 2907/2758/1804 2909/2760/1806 2910/2761/1807
f 2911/2762/1808 2912/2763/1809 2907/2758/1804
f 2912/2763/1809 2906/2756/1802 2907/2758/1804
f 2906/2756/1802 2912/2763/1809 2913/2764/1810
f 2903/2757/1803 2906/2756/1802 2914/2765/1811
f 2913/2764/1812 2915/2766/1813 2914/2765/1811
f 2916/2767/1814 2914/2765/1811 2915/2766/1813
f 2903/2757/1803 2914/2765/1811 2916/2767/1814
f 2915/2766/1813 2917/2768/1815 2918/2769/1816
f 2916/2767/1814 2915/2766/1813 2918/2769/1816
f 2916/2767/1814 2918/2769/1816 2919/2770/1817
f 2903/2757/1803 2916/2767/1814 2919/2770/1817
f 2713/2563/1633 2903/2757/1803 2919/2770/1817
f 2922/2771/1818 2919/2770/1817 2920/2772/1819
f 2922/2771/1818 2920/2772/1819 2921/2773/1820
f 2923/2774/1821 2919/2770/1817 2922/2771/1818
f 2713/2563/1633 2919/2770/1817 2923/2774/1821
f 2923/2774/1821 2922/2771/1818 2924/2775/1822
f 2924/2775/1822 2922/2771/1818 2921/2773/1820
f 2713/2563/1633 2923/2774/1821 2711/2559/1629
f 2709/2560/1630 2923/2774/1821 2924/2775/1822
f 2923/2774/1821 2709/2560/1630 2711/2559/1629
f 2924/2775/1822 2921/2773/1820 2925/2776/1823
f 2925/2776/1823 2709/2560/1630 2924/2775/1822
f 2925/2776/1823 2921/2773/1820 2926/2777/1824
f 2709/2560/1630 2925/2776/1823 2708/2778/1145
f 2925/2776/1823 2926/2777/1824 2708/2778/1145
f 2927/2779/1825 2859/2709/1763 2899/2749/1796
f 2927/2779/1825 2773/2616/1379 2859/2709/1763
f 2930/2780/1826 2765/2610/1674 2929/2781/748
f 2930/2780/1826 2757/2605/664 2765/2610/1674
f 2928/2782/1827 2932/2783/1828 2931/2784/1829
f 2928/2782/1827 2934/2785/1830 2932/2783/1828
f 2898/2786/1831 2934/2785/1830 2928/2782/1827
f 2934/2785/1830 2933/2787/1266 2932/2783/1828
f 2935/2788/1598 2934/2785/1830 2898/2786/1831
f 2934/2785/1830 2936/2789/1832 2933/2787/1266
f 2935/2788/1598 2936/2789/1832 2934/2785/1830
f 2937/2790/1833 2938/2791/1834 2939/2792/1835
f 2939/2792/1835 2940/2793/1836 2937/2790/1833
f 2742/2588/1656 2938/2791/1834 2937/2790/1833
f 2742/2588/1656 2937/2790/1833 2940/2793/1836
f 2939/2792/1835 2938/2791/1834 2941/2794/1837
f 2742/2588/1656 2743/2590/1658 2938/2791/1834
f 2939/2792/1835 2941/2794/1837 2942/2795/1838
f 2940/2793/1836 2939/2792/1835 2942/2795/1838
f 2938/2791/1839 2825/2674/1840 2943/2796/1841
usemtl Meshpart9Mtl
f 3858/3537/2539 3861/3538/2540 3859/3539/2541
f 3861/3538/2540 3860/3540/2542 3859/3539/2541
f 3861/3538/2540 3858/3537/2539 3862/3541/2543
f 3863/3542/2544 3862/3541/2543 3858/3537/2539
f 3864/3543/2545 3861/3538/2540 3862/3541/2543
f 3862/3541/2543 3863/3542/2544 3864/3543/2545
f 3860/3540/2542 3861/3538/2540 3865/3544/2546
f 3864/3543/2545 3865/3544/2546 3861/3538/2540
f 3866/3545/2547 3860/3540/2542 3865/3544/2546
f 3865/3544/2546 3868/3546/2548 3866/3545/2547
f 3865/3544/2546 3869/3547/2549 3868/3546/2548
f 3869/3547/2549 3866/3545/2547 3868/3546/2548
f 3864/3543/2545 3869/3547/2549 3865/3544/2546
f 3866/3545/2547 3869/3547/2549 3867/3548/2550
f 3869/3547/2549 3864/3543/2545 3870/3549/2551
f 3870/3549/2551 3867/3548/2550 3869/3547/2549
f 3870/3549/2551 3864/3543/2545 3871/3550/2552
f 3863/3542/2544 3871/3550/2552 3864/3543/2545
f 3867/3548/2550 3870/3549/2551 3872/3551/2553
f 3873/3552/2554 3870/3549/2551 3871/3550/2552
f 3871/3550/2552 3863/3542/2544 3873/3552/2554
f 3873/3552/2554 3872/3551/2553 3870/3549/2551
f 3876/3553/2555 3875/3554/2556 3874/3555/2557
f 3874/3555/2557 3877/3556/2558 3876/3553/2555
f 3878/3557/2559 3876/3553/2555 3877/3556/2558
f 3876/3553/2555 3878/3557/2559 3879/3558/2560
f 3880/3559/2561 3882/3560/2562 3881/3561/2563
f 3882/3560/2562 3880/3559/2561 3883/3562/2564
f 3884/3563/2565 3882/3560/2562 3883/3562/2564
f 3882/3560/2562 3884/3563/2565 3885/3564/2566
f 3886/3565/2567 3887/3566/2568 3888/3567/2569
f 3887/3566/2568 3886/3565/2567 3889/3568/2570
f 3890/3569/2571 3889/3568/2570 3886/3565/2567
f 3891/3570/2572 3888/3567/2569 3887/3566/2568
f 3887/3566/2568 3892/3571/2573 3891/3570/2572
f 3892/3571/2573 3893/3572/2574 3891/3570/2572
f 3893/3572/2574 3892/3571/2573 3894/3573/2575
f 3895/3574/2576 3891/3570/2572 3893/3572/2574
f 3894/3573/2575 3896/3575/2577 3893/3572/2574
f 3894/3573/2575 3897/3576/2578 3896/3575/2577
f 3898/3577/2579 3896/3575/2577 3897/3576/2578
f 3893/3572/2574 3896/3575/2577 3899/3578/2580
f 3893/3572/2574 3899/3578/2580 3895/3574/2576
f 3896/3575/2577 3898/3577/2579 3900/3579/2581
f 3900/3579/2581 3899/3578/2580 3896/3575/2577
f 3899/3578/2580 3900/3579/2581 3901/3580/2582
f 3901/3580/2582 3895/3574/2576 3899/3578/2580
f 3898/3577/2579 3902/3581/2583 3900/3579/2581
f 3902/3581/2583 3898/3577/2579 3903/3582/2584
f 3890/3569/2571 3902/3581/2583 3903/3582/2584
f 3900/3579/2581 3904/3583/2585 3901/3580/2582
f 3904/3583/2585 3895/3574/2576 3901/3580/2582
f 3904/3583/2585 3900/3579/2581 3902/3581/2583
f 3902/3581/2583 3890/3569/2571 3905/3584/2586
f 3905/3584/2586 3904/3583/2585 3902/3581/2583
f 3890/3569/2571 3886/3565/2567 3905/3584/2586
f 3906/3585/2587 3895/3574/2576 3904/3583/2585
f 3904/3583/2585 3905/3584/2586 3906/3585/2587
f 3905/3584/2586 3886/3565/2567 3907/3586/2588
f 3905/3584/2586 3907/3586/2588 3906/3585/2587
f 3888/3567/2569 3907/3586/2588 3886/3565/2567
f 3906/3585/2587 3908/3587/2589 3895/3574/2576
f 3908/3587/2589 3906/3585/2587 3907/3586/2588
f 3891/3570/2572 3895/3574/2576 3908/3587/2589
f 3888/3567/2569 3891/3570/2572 3908/3587/2589
f 3908/3587/2589 3907/3586/2588 3909/3588/2590
f 3907/3586/2588 3888/3567/2569 3909/3588/2590
f 3908/3587/2589 3909/3588/2590 3888/3567/2569
f 3910/3589/2591 3912/3560/2592 3911/3561/2593
f 3912/3560/2592 3910/3589/2591 3913/3562/2594
f 3914/3563/2595 3912/3560/2592 3913/3562/2594
f 3912/3560/2592 3914/3563/2595 3915/3564/2596
f 3916/3553/2597 3917/3590/2598 3918/3558/2599
f 3917/3590/2598 3916/3553/2597 3919/3556/2600
f 3916/3553/2597 3920/3555/2601 3919/3556/2600
f 3920/3555/2601 3916/3553/2597 3921/3554/2602
f 3922/3591/321 3923/3592/321 3924/3593/2603
f 3923/3592/321 3925/3594/2604 3924/3593/2603
f 3926/3595/2605 3923/3592/321 3922/3591/321
f 3923/3592/321 3926/3595/2605 3927/3596/2605
f 3928/3597/317 3929/3598/2606 3930/3599/2607
f 3929/3598/2606 3928/3597/317 3931/3600/317
f 3932/3601/2608 3931/3600/317 3928/3597/317
f 3933/3602/2609 3932/3601/2608 3928/3597/317
f 3934/3603/321 3935/3604/321 3936/3605/2610
f 3935/3604/321 3937/3606/2604 3936/3605/2610
f 3938/3607/2611 3935/3604/321 3934/3603/321
f 3935/3604/321 3938/3607/2611 3939/3608/2611
f 3940/3609/326 3941/3610/317 3942/3611/325
f 3941/3610/317 3940/3609/326 3943/3612/317
f 3944/3613/2612 3941/3610/317 3943/3612/317
f 3941/3610/317 3944/3613/2612 3945/3614/324
f 3946/3615/5 3947/3616/2613 3948/3617/1
f 3948/3617/1 3947/3616/2613 3949/3618/1
f 3948/3617/1 3949/3618/1 3950/3619/2614
f 3950/3619/2614 3949/3618/1 3951/3620/2614
f 3952/3621/2615 3953/3622/2616 3954/3623/2617
f 3953/3622/2616 3952/3621/2615 3955/3624/2616
f 3956/3625/2618 3953/3622/2616 3955/3624/2616
f 3953/3622/2616 3956/3625/2618 3957/3626/2619
f 3958/3627/2620 3959/3628/2621 3960/3629/321
f 3961/3630/321 3960/3629/321 3959/3628/2621
f 3962/3631/335 3960/3629/321 3961/3630/321
f 3960/3629/321 3962/3631/335 3963/3632/335
f 3964/3633/2622 3965/3634/2622 3966/3635/1
f 3967/3636/1 3966/3635/1 3965/3634/2622
f 3966/3635/1 3967/3636/1 3968/3637/2623
f 3969/3638/2623 3968/3637/2623 3967/3636/1
f 3971/3639/2614 3972/3640/1 3970/3641/2614
f 3973/3642/1 3972/3640/1 3971/3639/2614
f 3973/3642/1 3974/3643/2624 3972/3640/1
f 3975/3644/5 3974/3643/2624 3973/3642/1
f 3976/3645/341 3977/3646/341 3978/3647/2625
f 3977/3646/341 3979/3648/2626 3978/3647/2625
f 3980/3649/2627 3977/3646/341 3976/3645/341
f 3977/3646/341 3980/3649/2627 3981/3650/2628
f 3982/3651/16 3983/3652/16 3984/3653/16
f 3983/3652/16 3982/3651/16 3985/3654/16
f 3984/3653/16 3986/3655/16 3982/3651/16
f 3986/3655/16 3984/3653/16 3987/3656/16
f 3987/3656/16 3988/3657/16 3986/3655/16
f 3989/3658/16 3990/3659/16 3988/3657/16
f 3990/3659/16 3989/3658/16 3991/3660/16
f 3990/3659/16 3991/3660/16 3992/3661/16
f 3993/3662/16 3992/3661/16 3991/3660/16
f 3992/3661/16 3993/3662/16 3994/3663/16
f 3995/3664/16 3996/3665/16 3988/3657/16
f 3996/3665/16 3995/3664/16 3997/3666/16
f 3998/3667/16 3996/3665/16 3997/3666/16
f 3999/3668/16 3998/3667/16 3997/3666/16
f 3998/3667/16 3999/3668/16 4000/3669/16
f 4001/3670/16 3988/3657/16 4002/3671/16
f 4002/3671/16 4003/3672/16 4001/3670/16
f 4003/3672/16 4002/3671/16 4004/3673/16
f 4004/3673/16 4005/3674/16 4003/3672/16
f 4006/3675/16 4005/3674/16 4004/3673/16
f 4007/3676/343 4008/3677/343 4009/3678/341
f 4010/3679/341 4009/3678/341 4008/3677/343
f 4011/3680/342 4009/3678/341 4010/3679/341
f 4009/3678/341 4011/3680/342 4012/3681/340
f 4013/3682/358 4014/3683/357 4015/3684/358
f 4014/3683/357 4013/3682/358 4016/3685/357
f 4017/3686/2629 4014/3683/357 4016/3685/357
f 4014/3683/357 4017/3686/2629 4018/3687/2629
f 4019/3688/2630 4020/3689/16 4021/3690/2631
f 4020/3689/16 4019/3688/2630 4022/3691/16
f 4020/3689/16 4022/3691/16 4023/3692/2632
f 4023/3692/2632 4022/3691/16 4024/3693/2632
f 4025/3694/369 4026/3695/353 4027/3696/16
f 4028/3697/16 4027/3696/16 4026/3695/353
f 4029/3698/354 4027/3696/16 4028/3697/16
f 4027/3696/16 4029/3698/354 4030/3699/370
f 4031/3700/16 4032/3701/16 4033/3702/345
f 4034/3703/346 4032/3701/16 4031/3700/16
f 4035/3704/344 4033/3702/345 4032/3701/16
f 4032/3701/16 4034/3703/346 4036/3705/347
f 4037/3706/346 4038/3707/16 4039/3708/16
f 4039/3708/16 4038/3707/16 4040/3709/345
f 4038/3707/16 4037/3706/346 4041/3710/347
f 4042/3711/344 4040/3709/345 4038/3707/16
f 4043/3712/2631 4044/3713/2631 4046/3714/16
f 4046/3714/16 4044/3713/2631 4048/3715/16
f 4047/3716/2632 4048/3715/16 4045/3717/2632
f 4046/3714/16 4048/3715/16 4047/3716/2632
f 4050/3718/344 4049/3719/345 4051/3720/16
f 4052/3721/16 4051/3720/16 4049/3719/345
f 4053/3722/346 4051/3720/16 4052/3721/16
f 4051/3720/16 4053/3722/346 4054/3723/347
f 4055/3724/369 4056/3725/353 4057/3726/16
f 4059/3727/16 4057/3726/16 4056/3725/353
f 4060/3728/354 4057/3726/16 4059/3727/16
f 4057/3726/16 4060/3728/354 4058/3729/370
f 4061/3730/341 4062/3731/341 4063/3732/2633
f 4062/3731/341 4064/3733/2634 4063/3732/2633
f 4065/3734/2635 4062/3731/341 4061/3730/341
f 4062/3731/341 4065/3734/2635 4066/3735/2635
f 4067/3736/357 4068/3737/2636 4069/3738/2637
f 4068/3737/2636 4067/3736/357 4070/3739/357
f 4071/3740/2638 4070/3739/357 4067/3736/357
f 4072/3741/2639 4071/3740/2638 4067/3736/357
f 4074/3742/2640 4073/3743/2641 4076/3744/2642
f 4076/3744/2642 4075/3745/354 4074/3742/2640
f 4077/3746/2643 4076/3744/2642 4073/3743/2641
f 4075/3745/354 4076/3744/2642 4078/3747/16
f 4079/3748/2644 4076/3744/2642 4077/3746/2643
f 4080/3749/353 4078/3747/16 4076/3744/2642
f 4081/3750/2645 4080/3749/353 4076/3744/2642
f 4076/3744/2642 4079/3748/2644 4081/3750/2645
f 4082/3751/2 4083/3752/2 4084/3753/2
f 4083/3752/2 4082/3751/2 4085/3754/2
f 4084/3753/2 4086/3755/2 4082/3751/2
f 4087/3756/2 4086/3755/2 4084/3753/2
f 4085/3754/2 4088/3757/2 4083/3752/2
f 4089/3758/2 4090/3759/2 4088/3757/2
f 4090/3759/2 4089/3758/2 4091/3760/2
f 4091/3760/2 4092/3761/2 4090/3759/2
f 4093/3762/2 4092/3761/2 4091/3760/2
f 4092/3761/2 4093/3762/2 4094/3763/2
f 4095/3764/2 4096/3765/2 4088/3757/2
f 4096/3765/2 4095/3764/2 4097/3766/2
f 4097/3766/2 4098/3767/2 4096/3765/2
f 4099/3768/2 4098/3767/2 4097/3766/2
f 4098/3767/2 4099/3768/2 4100/3769/2
f 4101/3770/2 4088/3757/2 4102/3771/2
f 4102/3771/2 4103/3772/2 4101/3770/2
f 4103/3772/2 4102/3771/2 4104/3773/2
f 4103/3772/2 4104/3773/2 4105/3774/2
f 4105/3774/2 4104/3773/2 4106/3775/2
f 4109/3776/405 4108/3777/421 4107/3778/406
f 4108/3777/421 4109/3776/405 4111/3779/422
f 4112/3780/404 4111/3779/422 4109/3776/405
f 4111/3779/422 4112/3780/404 4110/3781/2646
f 4115/3782/398 4114/3783/399 4113/3784/400
f 4114/3783/399 4115/3782/398 4116/3785/395
f 4117/3786/396 4116/3785/395 4115/3782/398
f 4116/3785/395 4117/3786/396 4118/3787/397
f 4119/3788/2 4120/3789/2 4121/3790/2
f 4121/3790/2 4120/3789/2 4122/3791/2
f 4122/3791/2 4123/3792/2 4121/3790/2
f 4123/3792/2 4122/3791/2 4124/3793/2
f 4124/3793/2 4125/3794/2 4123/3792/2
f 4126/3795/2 4127/3796/2 4125/3794/2
f 4127/3796/2 4126/3795/2 4128/3797/2
f 4128/3797/2 4129/3798/2 4127/3796/2
f 4130/3799/2 4129/3798/2 4128/3797/2
f 4129/3798/2 4130/3799/2 4131/3800/2
f 4132/3801/2 4133/3802/2 4125/3794/2
f 4133/3802/2 4132/3801/2 4134/3803/2
f 4133/3802/2 4134/3803/2 4135/3804/2
f 4135/3804/2 4134/3803/2 4136/3805/2
f 4136/3805/2 4134/3803/2 4137/3806/2
f 4138/3807/2 4125/3794/2 4139/3808/2
f 4139/3808/2 4140/3809/2 4138/3807/2
f 4140/3809/2 4139/3808/2 4141/3810/2
f 4141/3810/2 4142/3811/2 4140/3809/2
f 4143/3812/2 4142/3811/2 4141/3810/2
f 4144/3813/2 4145/3814/2 4146/3815/2
f 4145/3814/2 4144/3813/2 4147/3816/2
f 4146/3815/2 4148/3817/2 4144/3813/2
f 4148/3817/2 4146/3815/2 4149/3818/2
f 4149/3818/2 4150/3819/2 4148/3817/2
f 4151/3820/2 4152/3821/2 4150/3819/2
f 4152/3821/2 4151/3820/2 4153/3822/2
f 4152/3821/2 4153/3822/2 4154/3823/2
f 4155/3824/2 4154/3823/2 4153/3822/2
f 4154/3823/2 4155/3824/2 4156/3825/2
f 4157/3826/2 4158/3827/2 4150/3819/2
f 4158/3827/2 4157/3826/2 4159/3828/2
f 4159/3828/2 4160/3829/2 4158/3827/2
f 4159/3828/2 4161/3830/2 4160/3829/2
f 4162/3831/2 4161/3830/2 4159/3828/2
f 4163/3832/2 4150/3819/2 4164/3833/2
f 4164/3833/2 4165/3834/2 4163/3832/2
f 4165/3834/2 4164/3833/2 4166/3835/2
f 4166/3835/2 4167/3836/2 4165/3834/2
f 4166/3835/2 4168/3837/2 4167/3836/2
f 4169/3838/2 4170/3839/2 4171/3840/2
f 4171/3840/2 4170/3839/2 4172/3841/2
f 4172/3841/2 4173/3842/2 4171/3840/2
f 4173/3842/2 4172/3841/2 4174/3843/2
f 4174/3843/2 4175/3844/2 4173/3842/2
f 4176/3845/2 4177/3846/2 4175/3844/2
f 4177/3846/2 4176/3845/2 4178/3847/2
f 4178/3847/2 4179/3848/2 4177/3846/2
f 4180/3849/2 4179/3848/2 4178/3847/2
f 4179/3848/2 4180/3849/2 4181/3850/2
f 4182/3851/2 4183/3852/2 4175/3844/2
f 4183/3852/2 4182/3851/2 4184/3853/2
f 4183/3852/2 4184/3853/2 4185/3854/2
f 4185/3854/2 4184/3853/2 4186/3855/2
f 4186/3855/2 4184/3853/2 4187/3856/2
f 4188/3857/2 4175/3844/2 4189/3858/2
f 4189/3858/2 4190/3859/2 4188/3857/2
f 4190/3859/2 4189/3858/2 4191/3860/2
f 4191/3860/2 4192/3861/2 4190/3859/2
f 4193/3862/2 4192/3861/2 4191/3860/2
f 4194/3863/2647 4195/3864/2648 4196/3865/2649
f 4197/3866/2650 4196/3865/2649 4195/3864/2648
f 4198/3867/2651 4196/3865/2649 4197/3866/2650
f 4196/3865/2649 4198/3867/2651 4199/3868/2652
f 4202/3869/398 4201/3870/399 4200/3871/400
f 4201/3870/399 4202/3869/398 4203/3872/395
f 4204/3873/396 4203/3872/395 4202/3869/398
f 4203/3872/395 4204/3873/396 4205/3874/397
f 4206/3875/2 4207/3876/2 4208/3877/2653
f 4208/3877/2653 4207/3876/2 4209/3878/2653
f 4206/3875/2 4210/3879/2654 4207/3876/2
f 4211/3880/2655 4210/3879/2654 4206/3875/2
f 4212/3881/2 4213/3882/2 4214/3883/2
f 4213/3882/2 4212/3881/2 4215/3884/2
f 4215/3884/2 4216/3885/2 4213/3882/2
f 4215/3884/2 4217/3886/2 4216/3885/2
f 4218/3887/2 4217/3886/2 4215/3884/2
f 4219/3888/2 4214/3883/2 4220/3889/2
f 4220/3889/2 4221/3890/2 4219/3888/2
f 4221/3890/2 4220/3889/2 4222/3891/2
f 4222/3891/2 4223/3892/2 4221/3890/2
f 4222/3891/2 4224/3893/2 4223/3892/2
f 4225/3894/2 4214/3883/2 4226/3895/2
f 4226/3895/2 4227/3896/2 4225/3894/2
f 4227/3896/2 4226/3895/2 4228/3897/2
f 4228/3897/2 4229/3898/2 4227/3896/2
f 4229/3898/2 4228/3897/2 4230/3899/2
f 4231/3900/2 4232/3901/2 4214/3883/2
f 4232/3901/2 4231/3900/2 4233/3902/2
f 4232/3901/2 4233/3902/2 4234/3903/2
f 4235/3904/2 4234/3903/2 4233/3902/2
f 4234/3903/2 4235/3904/2 4236/3905/2
f 4239/3906/398 4238/3907/399 4237/3908/400
f 4238/3907/399 4239/3906/398 4241/3909/395
f 4242/3910/396 4241/3909/395 4239/3906/398
f 4241/3909/395 4242/3910/396 4240/3911/397
f 4245/3912/422 4244/3913/404 4243/3914/2646
f 4244/3913/404 4245/3912/422 4246/3915/405
f 4247/3916/421 4246/3915/405 4245/3912/422
f 4246/3915/405 4247/3916/421 4248/3917/406
f 4249/3918/2656 4250/3919/2657 4251/3920/2658
f 4250/3919/2657 4249/3918/2656 4252/3921/2659
f 4253/3922/2660 4251/3920/2658 4250/3919/2657
f 4251/3920/2658 4254/3923/404 4249/3918/2656
f 4254/3923/404 4251/3920/2658 4255/3924/405
f 4256/3925/2661 4255/3924/405 4251/3920/2658
f 4251/3920/2658 4253/3922/2660 4256/3925/2661
f 4255/3924/405 4256/3925/2661 4257/3926/406
f 4259/3927/2662 4260/3928/3 4258/3929/6
f 4261/3930/3 4260/3928/3 4259/3927/2662
f 4261/3930/3 4262/3931/2663 4260/3928/3
f 4263/3932/2663 4262/3931/2663 4261/3930/3
f 4264/3933/2664 4265/3934/2664 4266/3935/451
f 4267/3936/451 4266/3935/451 4265/3934/2664
f 4268/3937/452 4266/3935/451 4267/3936/451
f 4266/3935/451 4268/3937/452 4269/3938/2665
f 4270/3939/2666 4271/3940/2666 4272/3941/2667
f 4272/3941/2667 4271/3940/2666 4273/3942/2668
f 4274/3943/2669 4271/3940/2666 4270/3939/2666
f 4271/3940/2666 4274/3943/2669 4275/3944/2670
f 4277/3945/2671 4278/3946/3 4276/3947/2671
f 4278/3946/3 4277/3945/2671 4279/3948/3
f 4279/3948/3 4280/3949/2672 4278/3946/3
f 4280/3949/2672 4279/3948/3 4281/3950/2672
f 4282/3951/2663 4283/3952/2663 4284/3953/3
f 4284/3953/3 4283/3952/2663 4285/3954/3
f 4284/3953/3 4285/3954/3 4286/3955/2673
f 4286/3955/2673 4285/3954/3 4287/3956/6
f 4288/3957/462 4289/3958/2674 4290/3959/462
f 4289/3958/2674 4288/3957/462 4291/3960/447
f 4292/3961/460 4289/3958/2674 4291/3960/447
f 4289/3958/2674 4292/3961/460 4293/3962/2675
f 4294/3963/451 4295/3964/2676 4296/3965/2677
f 4295/3964/2676 4297/3966/2677 4296/3965/2677
f 4298/3967/2678 4295/3964/2676 4294/3963/451
f 4295/3964/2676 4298/3967/2678 4299/3968/2678
f 4300/3969/447 4301/3970/2679 4302/3971/2679
f 4301/3970/2679 4300/3969/447 4303/3972/447
f 4304/3973/2680 4303/3972/447 4300/3969/447
f 4305/3974/2680 4304/3973/2680 4300/3969/447
f 4306/3975/451 4307/3976/451 4308/3977/2681
f 4307/3976/451 4309/3978/2681 4308/3977/2681
f 4310/3979/2682 4307/3976/451 4306/3975/451
f 4307/3976/451 4310/3979/2682 4311/3980/2683
f 4312/3981/472 4313/3982/2684 4314/3983/2684
f 4313/3982/2684 4312/3981/472 4315/3984/472
f 4316/3985/2685 4315/3984/472 4312/3981/472
f 4317/3986/2685 4316/3985/2685 4312/3981/472
f 4318/3987/486 4319/3988/486 4320/3989/2686
f 4319/3988/486 4321/3990/2687 4320/3989/2686
f 4322/3991/2688 4319/3988/486 4318/3987/486
f 4319/3988/486 4322/3991/2688 4323/3992/2689
f 4325/3993/2690 4326/3994/52 4324/3995/2690
f 4328/3996/52 4326/3994/52 4325/3993/2690
f 4328/3996/52 4329/3997/2691 4326/3994/52
f 4327/3998/2692 4329/3997/2691 4328/3996/52
f 4331/3999/500 4332/4000/52 4330/4001/483
f 4332/4000/52 4331/3999/500 4333/4002/52
f 4334/4003/501 4332/4000/52 4333/4002/52
f 4332/4000/52 4334/4003/501 4335/4004/484
f 4338/4005/479 4340/4006/52 4336/4007/480
f 4340/4006/52 4339/4008/481 4337/4009/482
f 4340/4006/52 4338/4005/479 4341/4010/52
f 4339/4008/481 4340/4006/52 4341/4010/52
f 4346/4011/52 4344/4012/481 4342/4013/482
f 4345/4014/479 4346/4011/52 4343/4015/480
f 4344/4012/481 4346/4011/52 4347/4016/52
f 4346/4011/52 4345/4014/479 4347/4016/52
f 4348/4017/52 4349/4018/52 4350/4019/2690
f 4350/4019/2690 4349/4018/52 4351/4020/2690
f 4348/4017/52 4352/4021/2692 4349/4018/52
f 4353/4022/2692 4352/4021/2692 4348/4017/52
f 4354/4023/2693 4355/4024/472 4356/4025/490
f 4355/4024/472 4354/4023/2693 4357/4026/472
f 4358/4027/2694 4355/4024/472 4357/4026/472
f 4355/4024/472 4358/4027/2694 4359/4028/2694
f 4361/4029/479 4362/4030/52 4360/4031/480
f 4362/4030/52 4361/4029/479 4363/4032/52
f 4364/4033/481 4362/4030/52 4363/4032/52
f 4362/4030/52 4364/4033/481 4365/4034/482
f 4366/4035/500 4367/4036/52 4368/4037/483
f 4367/4036/52 4366/4035/500 4369/4038/52
f 4370/4039/501 4367/4036/52 4369/4038/52
f 4367/4036/52 4370/4039/501 4371/4040/484
f 4372/4041/486 4373/4042/486 4374/4043/2695
f 4373/4042/486 4375/4044/2696 4374/4043/2695
f 4376/4045/2689 4373/4042/486 4372/4041/486
f 4373/4042/486 4376/4045/2689 4377/4046/2688
f 4378/4047/511 4379/4048/510 4380/4049/486
f 4381/4050/486 4380/4049/486 4379/4048/510
f 4382/4051/508 4380/4049/486 4381/4050/486
f 4380/4049/486 4382/4051/508 4383/4052/509
f 4384/4053/52 4385/4054/52 4386/4055/52
f 4385/4054/52 4384/4053/52 4387/4056/52
f 4387/4056/52 4388/4057/52 4385/4054/52
f 4387/4056/52 4389/4058/52 4388/4057/52
f 4390/4059/52 4389/4058/52 4387/4056/52
f 4391/4060/52 4386/4055/52 4392/4061/52
f 4392/4061/52 4393/4062/52 4391/4060/52
f 4393/4062/52 4392/4061/52 4394/4063/52
f 4394/4063/52 4395/4064/52 4393/4062/52
f 4394/4063/52 4396/4065/52 4395/4064/52
f 4397/4066/52 4386/4055/52 4398/4067/52
f 4398/4067/52 4399/4068/52 4397/4066/52
f 4399/4068/52 4398/4067/52 4400/4069/52
f 4400/4069/52 4401/4070/52 4399/4068/52
f 4401/4070/52 4400/4069/52 4402/4071/52
f 4403/4072/52 4404/4073/52 4386/4055/52
f 4404/4073/52 4403/4072/52 4405/4074/52
f 4404/4073/52 4405/4074/52 4406/4075/52
f 4407/4076/52 4406/4075/52 4405/4074/52
f 4406/4075/52 4407/4076/52 4408/4077/52
f 4412/4078/52 4409/4079/2697 4411/4080/484
f 4413/4081/2698 4410/4082/2699 4409/4079/2697
f 4409/4079/2697 4412/4078/52 4413/4081/2698
f 4410/4082/2699 4413/4081/2698 4414/4083/2700
f 4413/4081/2698 4415/4084/2701 4414/4083/2700
f 4417/4085/2702 4412/4078/52 4416/4086/483
f 4415/4084/2701 4413/4081/2698 4417/4085/2702
f 4412/4078/52 4417/4085/2702 4413/4081/2698
f 4418/4087/4 4419/4088/4 4420/4089/4
f 4419/4088/4 4418/4087/4 4421/4090/4
f 4420/4089/4 4422/4091/4 4418/4087/4
f 4423/4092/4 4422/4091/4 4420/4089/4
f 4421/4090/4 4424/4093/4 4419/4088/4
f 4425/4094/4 4426/4095/4 4424/4093/4
f 4426/4095/4 4425/4094/4 4427/4096/4
f 4427/4096/4 4428/4097/4 4426/4095/4
f 4429/4098/4 4428/4097/4 4427/4096/4
f 4428/4097/4 4429/4098/4 4430/4099/4
f 4431/4100/4 4432/4101/4 4424/4093/4
f 4432/4101/4 4431/4100/4 4433/4102/4
f 4433/4102/4 4434/4103/4 4432/4101/4
f 4435/4104/4 4434/4103/4 4433/4102/4
f 4434/4103/4 4435/4104/4 4436/4105/4
f 4437/4106/4 4424/4093/4 4438/4107/4
f 4438/4107/4 4439/4108/4 4437/4106/4
f 4439/4108/4 4438/4107/4 4440/4109/4
f 4439/4108/4 4440/4109/4 4441/4110/4
f 4441/4110/4 4440/4109/4 4442/4111/4
f 4443/4112/552 4444/4113/553 4445/4114/533
f 4444/4113/553 4443/4112/552 4446/4115/554
f 4446/4115/554 4447/4116/531 4444/4113/553
f 4447/4116/531 4446/4115/554 4448/4117/555
f 4449/4118/530 4450/4119/529 4451/4120/2703
f 4451/4120/2703 4450/4119/529 4452/4121/534
f 4451/4120/2703 4452/4121/534 4453/4122/525
f 4453/4122/525 4452/4121/534 4454/4123/527
f 4455/4124/4 4456/4125/4 4457/4126/4
f 4457/4126/4 4458/4127/4 4455/4124/4
f 4456/4125/4 4455/4124/4 4459/4128/4
f 4456/4125/4 4459/4128/4 4460/4129/4
f 4460/4129/4 4459/4128/4 4461/4130/4
f 4462/4131/4 4458/4127/4 4463/4132/4
f 4463/4132/4 4464/4133/4 4462/4131/4
f 4464/4133/4 4463/4132/4 4465/4134/4
f 4465/4134/4 4466/4135/4 4464/4133/4
f 4467/4136/4 4466/4135/4 4465/4134/4
f 4468/4137/4 4469/4138/4 4458/4127/4
f 4469/4138/4 4468/4137/4 4470/4139/4
f 4470/4139/4 4471/4140/4 4469/4138/4
f 4472/4141/4 4471/4140/4 4470/4139/4
f 4471/4140/4 4472/4141/4 4473/4142/4
f 4474/4143/4 4475/4144/4 4458/4127/4
f 4475/4144/4 4474/4143/4 4476/4145/4
f 4476/4145/4 4477/4146/4 4475/4144/4
f 4478/4147/4 4477/4146/4 4476/4145/4
f 4477/4146/4 4478/4147/4 4479/4148/4
f 4480/4149/4 4481/4150/4 4482/4151/4
f 4481/4150/4 4480/4149/4 4483/4152/4
f 4482/4151/4 4484/4153/4 4480/4149/4
f 4485/4154/4 4484/4153/4 4482/4151/4
f 4483/4152/4 4486/4155/4 4481/4150/4
f 4487/4156/4 4486/4155/4 4488/4157/4
f 4488/4157/4 4489/4158/4 4487/4156/4
f 4489/4158/4 4488/4157/4 4490/4159/4
f 4490/4159/4 4491/4160/4 4489/4158/4
f 4490/4159/4 4492/4161/4 4491/4160/4
f 4493/4162/4 4494/4163/4 4486/4155/4
f 4494/4163/4 4493/4162/4 4495/4164/4
f 4495/4164/4 4496/4165/4 4494/4163/4
f 4497/4166/4 4496/4165/4 4495/4164/4
f 4496/4165/4 4497/4166/4 4498/4167/4
f 4499/4168/4 4500/4169/4 4486/4155/4
f 4500/4169/4 4499/4168/4 4501/4170/4
f 4500/4169/4 4501/4170/4 4502/4171/4
f 4503/4172/4 4502/4171/4 4501/4170/4
f 4502/4171/4 4503/4172/4 4504/4173/4
f 4505/4174/4 4506/4175/4 4507/4176/4
f 4506/4175/4 4505/4174/4 4508/4177/4
f 4507/4176/4 4509/4178/4 4505/4174/4
f 4510/4179/4 4509/4178/4 4507/4176/4
f 4508/4177/4 4511/4180/4 4506/4175/4
f 4512/4181/4 4511/4180/4 4513/4182/4
f 4513/4182/4 4514/4183/4 4512/4181/4
f 4514/4183/4 4513/4182/4 4515/4184/4
f 4515/4184/4 4516/4185/4 4514/4183/4
f 4515/4184/4 4517/4186/4 4516/4185/4
f 4518/4187/4 4519/4188/4 4511/4180/4
f 4519/4188/4 4518/4187/4 4520/4189/4
f 4520/4189/4 4521/4190/4 4519/4188/4
f 4522/4191/4 4521/4190/4 4520/4189/4
f 4521/4190/4 4522/4191/4 4523/4192/4
f 4524/4193/4 4525/4194/4 4511/4180/4
f 4525/4194/4 4524/4193/4 4526/4195/4
f 4525/4194/4 4526/4195/4 4527/4196/4
f 4528/4197/4 4527/4196/4 4526/4195/4
f 4527/4196/4 4528/4197/4 4529/4198/4
f 4530/4199/2704 4531/4200/2705 4532/4201/2704
f 4531/4200/2705 4530/4199/2704 4533/4202/2705
f 4534/4203/2706 4531/4200/2705 4533/4202/2705
f 4531/4200/2705 4534/4203/2706 4535/4204/2707
f 4536/4205/530 4537/4206/529 4538/4207/2708
f 4538/4207/2708 4537/4206/529 4539/4208/534
f 4538/4207/2708 4539/4208/534 4540/4209/525
f 4540/4209/525 4539/4208/534 4541/4210/527
f 4543/4211/2709 4545/4212/4 4542/4213/2709
f 4547/4214/4 4545/4212/4 4543/4211/2709
f 4544/4215/2710 4546/4216/2710 4547/4214/4
f 4547/4214/4 4546/4216/2710 4545/4212/4
f 4548/4217/4 4549/4218/4 4550/4219/4
f 4549/4218/4 4548/4217/4 4551/4220/4
f 4551/4220/4 4552/4221/4 4549/4218/4
f 4551/4220/4 4553/4222/4 4552/4221/4
f 4554/4223/4 4553/4222/4 4551/4220/4
f 4555/4224/4 4550/4219/4 4556/4225/4
f 4556/4225/4 4557/4226/4 4555/4224/4
f 4557/4226/4 4556/4225/4 4558/4227/4
f 4558/4227/4 4559/4228/4 4557/4226/4
f 4558/4227/4 4560/4229/4 4559/4228/4
f 4561/4230/4 4550/4219/4 4562/4231/4
f 4562/4231/4 4563/4232/4 4561/4230/4
f 4563/4232/4 4562/4231/4 4564/4233/4
f 4564/4233/4 4565/4234/4 4563/4232/4
f 4565/4234/4 4564/4233/4 4566/4235/4
f 4567/4236/4 4568/4237/4 4550/4219/4
f 4568/4237/4 4567/4236/4 4569/4238/4
f 4568/4237/4 4569/4238/4 4570/4239/4
f 4571/4240/4 4570/4239/4 4569/4238/4
f 4570/4239/4 4571/4240/4 4572/4241/4
f 4573/4242/530 4574/4243/529 4575/4244/528
f 4575/4244/528 4574/4243/529 4576/4245/534
f 4575/4244/528 4576/4245/534 4577/4246/525
f 4577/4246/525 4576/4245/534 4578/4247/527
f 4580/4248/531 4581/4249/554 4579/4250/555
f 4581/4249/554 4580/4248/531 4582/4251/553
f 4582/4251/553 4583/4252/552 4581/4249/554
f 4583/4252/552 4582/4251/553 4584/4253/533
f 4588/4254/2711 4589/4255/553 4587/4256/533
f 4586/4257/2712 4590/4258/2713 4588/4254/2711
f 4589/4255/553 4588/4254/2711 4590/4258/2713
f 4590/4258/2713 4586/4257/2712 4591/4259/2714
f 4590/4258/2713 4592/4260/531 4589/4255/553
f 4591/4259/2714 4593/4261/2715 4590/4258/2713
f 4592/4260/531 4590/4258/2713 4593/4261/2715
f 4593/4261/2715 4591/4259/2714 4585/4262/2716
l 18 19
l 28 29
l 24 25
l 26 27
