# Blender 5.1.2
# www.blender.org
mtllib horizon fist right.mtl
o Event_Horizon
v -2.407966 -0.092774 0.011295
v -2.372762 -0.051013 -0.025415
v -2.407045 -0.082209 -0.041510
v -2.372171 -0.027438 -0.052231
v -2.373373 -0.058018 0.009597
v -2.406155 -0.046654 -0.081956
v -2.408671 -0.075518 0.062311
v -2.371759 0.006389 -0.063668
v -2.373840 -0.046576 0.043422
v -2.405533 0.004366 -0.099205
v -2.408970 -0.035064 0.097868
v -2.405346 0.057178 -0.088635
v -2.374038 -0.019754 0.066997
v -2.371636 0.041405 -0.056660
v -2.408784 0.017748 0.108437
v -2.405646 0.097632 -0.053079
v -2.373915 0.015262 0.074005
v -2.371834 0.068227 -0.033085
v -2.373502 0.049089 0.062568
v -2.406350 0.114888 -0.002063
v -2.408162 0.068767 0.091188
v -2.372301 0.079668 0.000740
v -2.372912 0.072663 0.035752
v -2.407271 0.104323 0.050742
v -2.407045 -0.082209 -0.041510
v -2.372688 -0.112585 -0.055866
v -2.406155 -0.046654 -0.081956
v -2.408671 -0.075518 0.062311
v -2.371509 -0.065537 -0.109384
v -2.374838 -0.103731 0.081511
v -2.408970 -0.035064 0.097868
v -2.375234 -0.050202 0.128559
v -2.405346 0.057178 -0.088635
v -2.370440 0.071853 -0.118222
v -2.370836 0.125382 -0.071173
v -2.408162 0.068767 0.091188
v -2.405646 0.097632 -0.053079
v -2.374165 0.087188 0.119721
v -2.372986 0.134235 0.066203
v -2.407271 0.104323 0.050742
v -2.258373 -0.119743 0.015376
v -2.214370 -0.067541 -0.030512
v -2.257221 -0.106536 -0.050631
v -2.256108 -0.062092 -0.101188
v -2.215133 -0.076297 0.013253
v -2.213631 -0.038073 -0.064033
v -2.215717 -0.061996 0.055534
v -2.213116 0.004211 -0.078328
v -2.259254 -0.098173 0.079145
v -2.255331 0.001682 -0.122750
v -2.215965 -0.028468 0.085002
v -2.212961 0.047981 -0.069568
v -2.259627 -0.047605 0.123591
v -2.255098 0.067697 -0.109537
v -2.259395 0.018410 0.136803
v -2.213210 0.081509 -0.040100
v -2.215810 0.015302 0.093762
v -2.255472 0.118265 -0.065092
v -2.215295 0.057586 0.079467
v -2.213793 0.095811 0.002182
v -2.258617 0.082184 0.115242
v -2.256353 0.139836 -0.001322
v -2.214557 0.087054 0.045946
v -2.257504 0.126629 0.064684
v -2.257221 -0.106536 -0.050631
v -2.214276 -0.144506 -0.068576
v -2.256108 -0.062092 -0.101188
v -2.259254 -0.098173 0.079145
v -2.212803 -0.085697 -0.135474
v -2.216965 -0.133438 0.103144
v -2.259627 -0.047605 0.123591
v -2.217460 -0.066528 0.161955
v -2.255098 0.067697 -0.109537
v -2.211466 0.086040 -0.146521
v -2.211961 0.152951 -0.087710
v -2.258617 0.082184 0.115242
v -2.255472 0.118265 -0.065092
v -2.216123 0.105209 0.150908
v -2.214650 0.164019 0.084010
v -2.257504 0.126629 0.064684
v -2.025367 -0.153764 0.021216
v -1.970362 -0.088512 -0.036143
v -2.023928 -0.137256 -0.061292
v -1.969440 -0.051677 -0.078044
v -1.971316 -0.099457 0.018563
v -2.022536 -0.081700 -0.124488
v -2.026468 -0.126801 0.100928
v -1.968795 0.001178 -0.095913
v -1.972046 -0.081580 0.071414
v -2.021565 -0.001983 -0.151440
v -1.972356 -0.039670 0.108250
v -2.021274 0.080536 -0.134924
v -2.026936 -0.063592 0.156486
v -1.968602 0.055891 -0.084963
v -2.026645 0.018927 0.173001
v -1.968912 0.097801 -0.048128
v -1.972163 0.015042 0.119200
v -2.021741 0.143746 -0.079368
v -2.025673 0.098644 0.146050
v -2.022842 0.170708 0.000344
v -1.971519 0.067897 0.101331
v -1.969642 0.115678 0.004724
v -2.024281 0.154201 0.082852
v -1.970596 0.104732 0.059429
v -2.023928 -0.137256 -0.061292
v -1.970246 -0.184718 -0.083723
v -2.022536 -0.081700 -0.124488
v -2.026468 -0.126801 0.100928
v -1.968404 -0.111206 -0.167345
v -1.973607 -0.170884 0.130928
v -2.026936 -0.063592 0.156486
v -1.974225 -0.087245 0.204441
v -2.021274 0.080536 -0.134924
v -1.966733 0.103465 -0.181154
v -1.967352 0.187105 -0.107641
v -2.025673 0.098644 0.146050
v -2.021741 0.143746 -0.079368
v -1.972555 0.127427 0.190632
v -1.970713 0.200939 0.107010
v -2.024281 0.154201 0.082852
v -1.638906 -0.148621 -0.059433
v -1.690797 -0.194073 -0.082920
v -1.688884 -0.117714 -0.169782
v -1.637430 -0.089723 -0.126432
v -1.641599 -0.137537 0.112547
v -1.694288 -0.179703 0.140045
v -1.694931 -0.092824 0.216406
v -1.636092 0.082274 -0.137496
v -1.642094 -0.070525 0.171447
v -1.687149 0.105274 -0.184126
v -1.636588 0.149286 -0.078596
v -1.687792 0.192152 -0.107765
v -1.640756 0.101472 0.160383
v -1.693196 0.130163 0.202062
v -1.639280 0.160370 0.093384
v -1.691283 0.206522 0.115200
v -1.638793 -0.241644 -0.105439
v -1.641238 -0.269683 0.034702
v -1.692775 -0.216763 0.030484
v -1.643107 -0.223887 0.170091
v -1.690797 -0.194073 -0.082920
v -1.694288 -0.179703 0.140045
v -1.688884 -0.117714 -0.169782
v -1.694931 -0.092824 0.216406
v -1.636429 -0.147282 -0.212777
v -1.643901 -0.116525 0.264455
v -1.687549 -0.008145 -0.206825
v -1.694531 0.020595 0.239105
v -1.634779 -0.011883 -0.258554
v -1.643407 0.023632 0.292506
v -1.634285 0.128275 -0.230503
v -1.641757 0.159032 0.246729
v -1.687149 0.105274 -0.184126
v -1.693196 0.130163 0.202062
v -1.635079 0.235635 -0.136141
v -1.639393 0.253393 0.139389
v -1.687792 0.192152 -0.107765
v -1.691283 0.206522 0.115200
v -1.636949 0.281432 -0.000750
v -1.689305 0.229213 0.001796
v -1.195720 -0.409434 0.050684
v -1.187319 -0.388475 0.070534
v -1.211612 -0.378495 0.048441
v -1.195720 -0.409434 0.050684
v -1.186662 -0.391179 0.028580
v -1.211612 -0.378495 0.048441
v -1.233638 -0.317178 0.044145
v -1.258002 -0.239872 -0.069688
v -1.282489 -0.311085 -0.098750
v -1.213521 -0.242074 0.039619
v -1.322768 -0.190239 -0.152391
v -1.261384 -0.225952 0.146298
v -1.363549 -0.243185 -0.207699
v -1.286907 -0.292896 0.183481
v -1.328597 -0.166246 0.219889
v -1.371189 -0.211738 0.280236
v -1.396006 0.012243 -0.166494
v -1.459286 0.021734 -0.226320
v -1.448338 0.147124 -0.131073
v -1.401832 0.036224 0.205599
v -1.466927 0.053187 0.261711
v -1.452763 0.165338 0.151547
v -1.375198 -0.108297 -0.323723
v -1.386178 -0.063100 0.377569
v -1.440878 -0.127136 -0.254482
v -1.449705 -0.090801 0.309305
v -1.459286 0.021734 -0.226320
v -1.466927 0.053187 0.261711
v -1.392629 0.079300 -0.288769
v -1.402134 0.118425 0.318304
v -1.448338 0.147124 -0.131073
v -1.452763 0.165338 0.151547
v -1.384953 0.234306 -0.169814
v -1.390442 0.256900 0.180737
v -1.424661 0.210078 0.007173
v -1.368273 0.308237 0.001729
v -0.963863 0.483241 -0.115350
v -0.944568 0.502221 -0.116271
v -0.944017 0.480232 -0.159725
v -0.944960 0.509755 -0.088703
v -0.970044 0.485080 -0.087506
v -0.964700 0.486687 -0.061874
v -0.945405 0.505668 -0.062795
v -0.946253 0.489438 -0.016882
v -0.967359 0.497631 0.107931
v -0.948912 0.500381 0.152923
v -0.948063 0.516612 0.107010
v -0.947581 0.520544 0.078705
v -0.972666 0.495869 0.079903
v -0.966521 0.494184 0.054456
v -0.947226 0.513165 0.053535
v -0.946675 0.491175 0.010081
v -0.575121 0.213900 0.020228
v -0.568681 0.137618 0.104097
v -0.610785 0.129089 0.025135
v -0.575121 0.213900 0.020228
v -0.566223 0.127499 -0.052918
v -0.610785 0.129089 0.025135
v -0.566223 0.127499 -0.052918
v -0.559789 0.051217 0.030953
v -0.610785 0.129089 0.025135
v -0.568681 0.137618 0.104097
v -0.559789 0.051217 0.030953
v -0.610785 0.129089 0.025135
v -0.964742 0.602088 -0.010891
v -0.945894 0.603191 0.008525
v -0.945248 0.646648 -0.013457
v -0.946202 0.575620 0.016054
v -0.965158 0.548608 -0.007451
v -0.946311 0.549710 0.011965
v -0.946359 0.503790 -0.004268
v -0.964742 0.602088 -0.010891
v -0.945296 0.600728 -0.029691
v -0.945248 0.646648 -0.013457
v -0.966480 0.378784 0.003473
v -0.947681 0.333968 0.006656
v -0.947632 0.379887 0.022889
v -0.947505 0.408196 0.026824
v -0.972006 0.406763 0.001584
v -0.947216 0.433368 0.019449
v -0.966063 0.432266 0.000033
v -0.946569 0.476824 -0.002533
v -0.947034 0.377424 -0.015326
v -0.966480 0.378784 0.003473
v -0.947681 0.333968 0.006656
v -0.946471 0.426137 -0.032851
v -0.968372 0.407513 -0.042488
v -0.967619 0.437573 -0.076683
v -0.945897 0.449040 -0.058904
v -0.947518 0.430448 0.034026
v -0.969746 0.413170 0.045286
v -0.969999 0.447371 0.075346
v -0.945376 0.515924 -0.063206
v -0.947711 0.456506 0.056930
v -0.966936 0.525355 -0.082329
v -0.945569 0.541983 -0.040303
v -0.967189 0.559557 -0.052268
v -0.947190 0.523389 0.052628
v -0.969316 0.535153 0.069700
v -0.946616 0.546293 0.026574
v -0.968563 0.565213 0.035505
v -0.946423 0.386989 -0.052212
v -0.947403 0.375749 0.003968
v -0.969151 0.398580 0.002156
v -0.969746 0.413170 0.045286
v -0.968372 0.407513 -0.042488
v -0.948153 0.394108 0.058244
v -0.945476 0.424817 -0.095243
v -0.969999 0.447371 0.075346
v -0.967619 0.437573 -0.076683
v -0.948471 0.437147 0.096072
v -0.967093 0.480706 -0.091265
v -0.969842 0.492020 0.084283
v -0.944814 0.479096 -0.113595
v -0.948273 0.493333 0.107317
v -0.944616 0.535283 -0.102349
v -0.947611 0.547613 0.088966
v -0.966936 0.525355 -0.082329
v -0.969316 0.535153 0.069700
v -0.944934 0.578322 -0.064520
v -0.946664 0.585441 0.045936
v -0.967189 0.559557 -0.052268
v -0.968563 0.565213 0.035505
v -0.945684 0.596681 -0.010244
v -0.967784 0.574146 -0.009138
v -0.627366 -0.208003 0.046601
v -0.538983 -0.149525 0.148308
v -0.634003 -0.136653 0.041899
v -0.571083 -0.095023 0.114304
v -0.614639 -0.064520 0.037553
v -0.596675 -0.052635 0.058223
v -0.605817 -0.037584 0.035955
v -0.627366 -0.208003 0.046601
v -0.535738 -0.162884 -0.058966
v -0.634003 -0.136653 0.041899
v -0.568773 -0.104533 -0.033255
v -0.614639 -0.064520 0.037553
v -0.596015 -0.055350 0.016097
v -0.605817 -0.037584 0.035955
v -0.750722 -0.089856 0.149993
v -0.700635 -0.123334 0.180875
v -0.727459 0.001342 0.227380
v -0.747201 -0.104350 -0.074894
v -0.680198 -0.011189 0.276989
v -0.696243 -0.141414 -0.099649
v -0.739679 0.116364 0.249673
v -0.721353 -0.023791 -0.162582
v -0.688270 0.133279 0.305403
v -0.672594 -0.042489 -0.208675
v -0.782952 0.218966 0.212569
v -0.732641 0.087395 -0.199822
v -0.749428 0.260443 0.258396
v -0.679486 0.097121 -0.255631
v -0.846716 0.287444 0.124277
v -0.776844 0.193822 -0.177560
v -0.820195 0.346610 0.148674
v -0.741824 0.229143 -0.227262
v -0.859008 0.370309 0.005703
v -0.843192 0.272937 -0.100817
v -0.886989 0.305161 0.009463
v -0.815804 0.328536 -0.131766
v -0.714078 -0.063449 0.035927
v -0.750722 -0.089856 0.149993
v -0.688987 -0.031080 0.121008
v -0.727459 0.001342 0.227380
v -0.776018 -0.130891 0.039304
v -0.670859 0.038770 0.179582
v -0.747201 -0.104350 -0.074894
v -0.739679 0.116364 0.249673
v -0.686282 -0.042216 -0.051781
v -0.686784 0.126287 0.196833
v -0.721353 -0.023791 -0.162582
v -0.666196 0.019575 -0.118241
v -0.732641 0.087395 -0.199822
v -0.681400 0.104123 -0.147070
v -0.268186 -0.216335 0.052762
v -0.216259 -0.286794 0.177133
v -0.300292 -0.275547 0.056075
v -0.265275 -0.323049 0.139924
v -0.292674 -0.347691 0.060844
v -0.268186 -0.216335 0.052762
v -0.212549 -0.302068 -0.059860
v -0.300292 -0.275547 0.056075
v -0.262773 -0.333346 -0.019853
v -0.292674 -0.347691 0.060844
v 0.172287 -0.145892 -0.057588
v 0.183049 -0.165999 0.056583
v 0.215013 -0.079011 0.051477
v 0.168773 -0.131429 0.166837
v 0.207409 -0.064802 -0.029206
v 0.204926 -0.054580 0.129392
v 0.139364 -0.076496 -0.145083
v 0.133278 -0.051444 0.243632
v 0.184142 -0.015760 -0.091037
v 0.179840 0.001944 0.183662
v 0.093107 0.023596 -0.182457
v 0.086080 0.052524 0.266392
v 0.151452 0.054973 -0.117449
v 0.146485 0.075416 0.199746
v 0.153492 0.046575 -0.247764
v 0.093107 0.023596 -0.182457
v 0.045909 0.127564 -0.159697
v 0.144445 0.083815 0.330061
v 0.092734 0.180417 -0.218465
v 0.086080 0.052524 0.266392
v 0.010414 0.207549 -0.082901
v 0.039823 0.152616 0.229017
v 0.047035 0.283385 -0.119601
v 0.084899 0.212668 0.281947
v -0.003862 0.242119 0.027353
v 0.006900 0.222013 0.141523
v 0.028658 0.327890 0.022335
v 0.042511 0.302005 0.169311
v -2.370836 0.125382 -0.071173
v -2.405646 0.097632 -0.053079
v -2.371768 0.148216 -0.003669
v -2.372986 0.134235 0.066203
v -2.406350 0.114888 -0.002063
v -2.407271 0.104323 0.050742
v 0.215013 -0.079011 0.051477
v 0.301799 -0.111730 0.054944
v 0.207409 -0.064802 -0.029206
v 0.204926 -0.054580 0.129392
v 0.291037 -0.091623 -0.059226
v 0.287523 -0.077159 0.165198
v 0.184142 -0.015760 -0.091037
v 0.179840 0.001944 0.183662
v 0.258114 -0.022227 -0.146721
v 0.252028 0.002825 0.241994
v 0.164659 0.181833 -0.161335
v 0.158573 0.206885 0.227379
v 0.092734 0.180417 -0.218465
v 0.084899 0.212668 0.281947
v 0.047035 0.283385 -0.119601
v 0.042511 0.302005 0.169311
v 0.129164 0.261818 -0.084539
v 0.125650 0.276282 0.139885
v 0.028658 0.327890 0.022335
v 0.114888 0.296388 0.025715
v -2.211961 0.152951 -0.087710
v -2.255472 0.118265 -0.065092
v -2.213127 0.181494 -0.003330
v -2.214650 0.164019 0.084010
v -2.256353 0.139836 -0.001322
v -2.257504 0.126629 0.064684
v -1.967352 0.187105 -0.107641
v -2.021741 0.143746 -0.079368
v -1.968809 0.222782 -0.002166
v -1.970713 0.200939 0.107010
v -2.022842 0.170708 0.000344
v -2.024281 0.154201 0.082852
v -1.692775 -0.216763 0.030484
v -1.638906 -0.148621 -0.059433
v -1.690797 -0.194073 -0.082920
v -1.640432 -0.166123 0.028040
v -1.641599 -0.137537 0.112547
v -1.694288 -0.179703 0.140045
v -0.667003 -0.104126 0.039286
v -0.688987 -0.031080 0.121008
v -0.714078 -0.063449 0.035927
v -0.686282 -0.042216 -0.051781
v -0.677581 0.246247 0.212610
v -0.749428 0.260443 0.258396
v -0.737991 0.313928 0.124776
v -0.671468 0.221085 -0.177815
v -0.820195 0.346610 0.148674
v -0.741824 0.229143 -0.227262
v -0.777562 0.330658 0.009533
v -0.734451 0.299357 -0.101321
v -0.859008 0.370309 0.005703
v -0.815804 0.328536 -0.131766
v -0.505846 -0.062902 0.039152
v -0.568773 -0.104533 -0.033255
v -0.578051 -0.043465 0.036769
v -0.596015 -0.055350 0.016097
v -0.605817 -0.037584 0.035955
v -0.505846 -0.062902 0.039152
v -0.571083 -0.095023 0.114304
v -0.578051 -0.043465 0.036769
v -0.596675 -0.052635 0.058223
v -0.605817 -0.037584 0.035955
v -0.947064 0.419331 0.001164
v -0.925302 0.398284 0.002862
v -0.946471 0.426137 -0.032851
v -0.947518 0.430448 0.034026
v -0.924524 0.407217 -0.041782
v -0.925898 0.412874 0.045991
v -0.112419 0.246666 0.025361
v -0.106323 0.174374 0.104844
v -0.030747 0.176933 0.052468
v -0.032487 0.197571 0.029776
v -0.003624 0.177709 0.031508
v -0.112419 0.246666 0.025361
v -0.103993 0.164784 -0.043960
v -0.030082 0.174195 0.009986
v -0.032487 0.197571 0.029776
v -0.003624 0.177709 0.031508
v -1.384953 0.234306 -0.169814
v -1.317314 0.196102 -0.131549
v -1.368273 0.308237 0.001729
v -1.390442 0.256900 0.180737
v -1.293576 0.260491 0.005976
v -1.321719 0.214236 0.149819
v -1.151605 -0.261462 -0.099335
v -1.213521 -0.242074 0.039619
v -1.102090 -0.268364 0.043058
v -1.156007 -0.243345 0.181773
v -1.258002 -0.239872 -0.069688
v -1.261384 -0.225952 0.146298
v -1.235703 -0.196522 -0.208463
v -1.243336 -0.165107 0.278990
v -1.322768 -0.190239 -0.152391
v -1.328597 -0.166246 0.219889
v -0.969151 0.398580 0.002156
v -0.946471 0.426137 -0.032851
v -0.968372 0.407513 -0.042488
v -0.947064 0.419331 0.001164
v -0.947518 0.430448 0.034026
v -0.969746 0.413170 0.045286
v -1.211612 -0.378495 0.048441
v -1.178196 -0.370347 0.048439
v -1.186662 -0.391179 0.028580
v -1.104130 -0.344305 0.047921
v -1.111283 -0.423193 -0.020907
v -1.013015 -0.436087 -0.048403
v -0.961855 -0.321161 0.048657
v -0.922491 -0.439100 -0.060576
v -0.926152 -0.424028 0.173294
v -0.961855 -0.321161 0.048657
v -1.016247 -0.422784 0.158019
v -1.104130 -0.344305 0.047921
v -1.113584 -0.413722 0.126046
v -1.187319 -0.388475 0.070534
v -1.178196 -0.370347 0.048439
v -1.211612 -0.378495 0.048441
v -1.640432 -0.166123 0.028040
v -1.588881 -0.217464 0.032156
v -1.638906 -0.148621 -0.059433
v -1.641599 -0.137537 0.112547
v -1.586903 -0.194774 -0.081249
v -1.590394 -0.180404 0.141717
v -0.067542 -0.091563 0.047862
v -0.077524 -0.192241 0.175215
v -0.020934 -0.154799 0.159484
v -0.130331 -0.120597 0.048750
v 0.007268 -0.070313 0.047663
v -0.155507 -0.244399 0.189464
v 0.040446 -0.115330 0.127128
v -0.213596 -0.165587 0.050346
v 0.081243 -0.072338 0.048952
v 0.090711 -0.085190 0.071638
v 0.108765 -0.074532 0.049525
v -0.067542 -0.091563 0.047862
v -0.073751 -0.207772 -0.065768
v -0.130331 -0.120597 0.048750
v -0.017604 -0.168507 -0.053215
v -0.151357 -0.261484 -0.075630
v 0.007268 -0.070313 0.047663
v -0.213596 -0.165587 0.050346
v 0.042817 -0.125089 -0.024294
v 0.081243 -0.072338 0.048952
v 0.091388 -0.087976 0.028409
v 0.108765 -0.074532 0.049525
v -1.967352 0.187105 -0.107641
v -1.970713 0.200939 0.107010
v -1.914491 0.143022 -0.077642
v -1.917031 0.153477 0.084578
v -1.968809 0.222782 -0.002166
v -1.915591 0.169985 0.002070
v -2.211961 0.152951 -0.087710
v -2.214650 0.164019 0.084010
v -2.169673 0.117686 -0.063711
v -2.171705 0.126050 0.066065
v -2.213127 0.181494 -0.003330
v -2.170553 0.139257 0.000058
v -2.370836 0.125382 -0.071173
v -2.372986 0.134235 0.066203
v -2.337010 0.097169 -0.051974
v -2.338635 0.103860 0.051847
v -2.371768 0.148216 -0.003669
v -2.337714 0.114425 -0.000958
v -2.406155 -0.046654 -0.081956
v -2.371509 -0.065537 -0.109384
v -2.370686 0.001971 -0.132208
v -2.405533 0.004366 -0.099205
v -2.405346 0.057178 -0.088635
v -2.370440 0.071853 -0.118222
v 0.179840 0.001944 0.183662
v 0.252028 0.002825 0.241994
v 0.204830 0.106793 0.264754
v 0.146485 0.075416 0.199746
v 0.153492 0.046575 -0.247764
v 0.211857 0.077865 -0.184095
v 0.164659 0.181833 -0.161335
v 0.092734 0.180417 -0.218465
v -2.256108 -0.062092 -0.101188
v -2.212803 -0.085697 -0.135474
v -2.211774 -0.001311 -0.164004
v -2.255331 0.001682 -0.122750
v -2.255098 0.067697 -0.109537
v -2.211466 0.086040 -0.146521
v -2.022536 -0.081700 -0.124488
v -1.968404 -0.111206 -0.167345
v -1.967119 -0.005724 -0.203007
v -2.021565 -0.001983 -0.151440
v -2.021274 0.080536 -0.134924
v -1.966733 0.103465 -0.181154
v 0.029004 -0.231743 0.058408
v -0.073751 -0.207772 -0.065768
v -0.017604 -0.168507 -0.053215
v -0.020944 -0.279416 0.060698
v -0.151357 -0.261484 -0.075630
v -0.093268 -0.340297 0.063489
v -1.694931 -0.092824 0.216406
v -1.642094 -0.070525 0.171447
v -1.694531 0.020595 0.239105
v -1.641786 0.016958 0.188956
v -1.640756 0.101472 0.160383
v -1.693196 0.130163 0.202062
v -0.670859 0.038770 0.179582
v -0.634184 0.143343 0.250356
v -0.686784 0.126287 0.196833
v -0.713397 0.205678 0.168084
v -0.672594 -0.042489 -0.208675
v -0.615755 0.002736 -0.162832
v -0.679486 0.097121 -0.255631
v -0.627122 0.114275 -0.200673
v -0.671468 0.221085 -0.177815
v -0.741824 0.229143 -0.227262
v -0.989890 -0.525749 0.061403
v -0.922491 -0.439100 -0.060576
v -0.885770 -0.543281 0.064163
v -0.803516 -0.405232 -0.072647
v -1.111283 -0.423193 -0.020907
v -0.749973 -0.515341 0.064489
v -1.118292 -0.491730 0.057200
v -0.650575 -0.415098 0.059584
v -1.195720 -0.409434 0.050684
v -1.186662 -0.391179 0.028580
v -0.712222 -0.327838 -0.062511
v -0.447356 -0.104407 0.042743
v -0.405252 -0.149740 0.046324
v -0.505387 -0.215994 -0.068910
v -0.535738 -0.162884 -0.058966
v -0.463612 -0.288826 -0.075361
v -0.505846 -0.062902 0.039152
v -0.353459 -0.215944 0.051401
v -0.568773 -0.104533 -0.033255
v -0.332750 -0.279276 0.055807
v -0.431227 -0.344433 -0.057518
v -1.328597 -0.166246 0.219889
v -1.371189 -0.211738 0.280236
v -1.449705 -0.090801 0.309305
v -1.383829 -0.071686 0.241856
v -1.401832 0.036224 0.205599
v -1.466927 0.053187 0.261711
v -1.452763 0.165338 0.151547
v -1.387722 0.123309 0.121682
v -1.273449 -0.250212 -0.265671
v -1.363549 -0.243185 -0.207699
v -1.375198 -0.108297 -0.323723
v -1.440878 -0.127136 -0.254482
v -0.926151 0.447075 0.076052
v -0.947711 0.456506 0.056930
v -0.925994 0.491724 0.084988
v -0.947590 0.490525 0.063738
v -0.947190 0.523389 0.052628
v -0.925468 0.534857 0.070405
v -0.920920 0.573851 -0.008385
v -0.945296 0.600728 -0.029691
v -0.945424 0.572419 -0.033625
v -0.945712 0.547247 -0.026251
v -0.922223 0.406427 0.002385
v -0.947034 0.377424 -0.015326
v -0.946727 0.404994 -0.022855
v -0.946618 0.430905 -0.018767
v -0.280666 0.147744 -0.089829
v -0.207478 0.270485 0.022337
v -0.195632 0.155467 -0.075036
v -0.294083 0.278059 0.020493
v -0.112419 0.246666 0.025361
v -0.398142 0.137559 -0.102911
v -0.103993 0.164784 -0.043960
v -0.412901 0.280911 0.018449
v -0.503767 0.259221 0.018424
v -0.490573 0.131064 -0.090071
v -0.575121 0.213900 0.020228
v -0.566223 0.127499 -0.052918
v -0.187066 0.053919 0.036614
v -0.270957 0.032692 0.036669
v -0.280666 0.147744 -0.089829
v -0.195632 0.155467 -0.075036
v -0.398142 0.137559 -0.102911
v -0.097891 0.092491 0.035524
v -0.387462 0.010996 0.036243
v -0.103993 0.164784 -0.043960
v -0.481025 0.017917 0.034332
v -0.028335 0.153556 0.032678
v -0.030082 0.174195 0.009986
v -0.003624 0.177709 0.031508
v -0.490573 0.131064 -0.090071
v -0.945424 0.572419 -0.033625
v -0.970703 0.574187 -0.009186
v -0.964742 0.602088 -0.010891
v -0.965158 0.548608 -0.007451
v -0.945296 0.600728 -0.029691
v -0.945712 0.547247 -0.026251
v -0.946359 0.503790 -0.004268
v -0.947034 0.377424 -0.015326
v -0.966480 0.378784 0.003473
v -0.946727 0.404994 -0.022855
v -0.972006 0.406763 0.001584
v -0.946618 0.430905 -0.018767
v -0.966063 0.432266 0.000033
v -0.946569 0.476824 -0.002533
v -1.235703 -0.196522 -0.208463
v -1.375198 -0.108297 -0.323723
v -1.312858 -0.080893 -0.254495
v -1.392629 0.079300 -0.288769
v -1.331149 0.067483 -0.227077
v -1.384953 0.234306 -0.169814
v -1.317314 0.196102 -0.131549
v -1.243336 -0.165107 0.278990
v -1.328597 -0.166246 0.219889
v -1.321655 -0.044681 0.307374
v -1.383829 -0.071686 0.241856
v -0.969999 0.447371 0.075346
v -0.947711 0.456506 0.056930
v -0.969842 0.492020 0.084283
v -0.947590 0.490525 0.063738
v -0.947190 0.523389 0.052628
v -0.969316 0.535153 0.069700
v -0.505387 -0.215994 -0.068910
v -0.627366 -0.208003 0.046601
v -0.535738 -0.162884 -0.058966
v -0.609205 -0.267113 0.050695
v -0.463612 -0.288826 -0.075361
v -0.577810 -0.345059 0.056210
v -0.533321 -0.394704 0.060106
v -0.431227 -0.344433 -0.057518
v -0.961855 -0.321161 0.048657
v -0.922491 -0.439100 -0.060576
v -0.864649 -0.281999 0.047655
v -0.803516 -0.405232 -0.072647
v -0.712222 -0.327838 -0.062511
v -0.788949 -0.234846 0.045801
v -0.680126 -0.242014 -0.029905
v -0.741688 -0.187498 0.043489
v -0.667307 -0.134923 0.041266
v -0.672594 -0.042489 -0.208675
v -0.732641 0.087395 -0.199822
v -0.679486 0.097121 -0.255631
v -0.727459 0.001342 0.227380
v -0.670859 0.038770 0.179582
v -0.739679 0.116364 0.249673
v -0.686784 0.126287 0.196833
v -0.713397 0.205678 0.168084
v -0.782952 0.218966 0.212569
v -1.591037 -0.093525 0.218077
v -1.642094 -0.070525 0.171447
v -1.590637 0.019894 0.240777
v -1.641786 0.016958 0.188956
v -1.640756 0.101472 0.160383
v -1.589301 0.129462 0.203733
v -0.151357 -0.261484 -0.075630
v -0.213596 -0.165587 0.050346
v -0.268186 -0.216335 0.052762
v -0.212549 -0.302068 -0.059860
v -1.915286 -0.082424 -0.122762
v -1.968404 -0.111206 -0.167345
v -1.967119 -0.005724 -0.203007
v -1.914314 -0.002706 -0.149714
v -1.914023 0.079812 -0.133199
v -1.966733 0.103465 -0.181154
v -2.170309 -0.062671 -0.099807
v -2.212803 -0.085697 -0.135474
v -2.211774 -0.001311 -0.164004
v -2.169532 0.001103 -0.121369
v -2.169299 0.067119 -0.108156
v -2.211466 0.086040 -0.146521
v 0.086080 0.052524 0.266392
v 0.146485 0.075416 0.199746
v 0.113795 0.146149 0.173334
v 0.039823 0.152616 0.229017
v 0.139364 -0.076496 -0.145083
v 0.213045 -0.082279 -0.199650
v 0.153492 0.046575 -0.247764
v 0.093107 0.023596 -0.182457
v -2.337518 -0.047117 -0.080852
v -2.371509 -0.065537 -0.109384
v -2.370686 0.001971 -0.132208
v -2.336897 0.003902 -0.098101
v -2.336710 0.056715 -0.087531
v -2.370440 0.071853 -0.118222
v 0.211857 0.077865 -0.184095
v 0.204830 0.106793 0.264754
v 0.151452 0.054973 -0.117449
v 0.146485 0.075416 0.199746
v 0.118096 0.128445 -0.101365
v 0.113795 0.146149 0.173334
v 0.164659 0.181833 -0.161335
v 0.158573 0.206885 0.227379
v 0.093017 0.184970 -0.047094
v 0.090534 0.195192 0.111503
v 0.129164 0.261818 -0.084539
v 0.125650 0.276282 0.139885
v 0.082923 0.209401 0.030821
v 0.114888 0.296388 0.025715
v 0.255425 -0.171616 -0.087014
v 0.301799 -0.111730 0.054944
v 0.269279 -0.197501 0.059963
v 0.250902 -0.152996 0.201898
v 0.291037 -0.091623 -0.059226
v 0.287523 -0.077159 0.165198
v 0.213045 -0.082279 -0.199650
v 0.205209 -0.050028 0.300761
v 0.258114 -0.022227 -0.146721
v 0.252028 0.002825 0.241994
v 0.153492 0.046575 -0.247764
v 0.144445 0.083815 0.330061
v 0.211857 0.077865 -0.184095
v 0.204830 0.106793 0.264754
v 0.029004 -0.231743 0.058408
v -0.017604 -0.168507 -0.053215
v 0.076000 -0.170107 0.055171
v 0.042817 -0.125089 -0.024294
v 0.100862 -0.100828 0.051096
v 0.091388 -0.087976 0.028409
v 0.108765 -0.074532 0.049525
v 0.029004 -0.231743 0.058408
v -0.020934 -0.154799 0.159484
v 0.076000 -0.170107 0.055171
v 0.040446 -0.115330 0.127128
v 0.100862 -0.100828 0.051096
v 0.090711 -0.085190 0.071638
v 0.108765 -0.074532 0.049525
v -0.667003 -0.104126 0.039286
v -0.688987 -0.031080 0.121008
v -0.641799 -0.063868 0.150474
v -0.670859 0.038770 0.179582
v -0.686282 -0.042216 -0.051781
v -0.621867 0.027893 0.227516
v -0.638264 -0.078420 -0.075310
v -0.634184 0.143343 0.250356
v -0.666196 0.019575 -0.118241
v -0.615755 0.002736 -0.162832
v -0.713397 0.205678 0.168084
v -0.627122 0.114275 -0.200673
v -0.677581 0.246247 0.212610
v -0.762357 0.256838 0.101200
v -0.708736 0.186493 -0.129590
v -0.737991 0.313928 0.124776
v -0.671468 0.221085 -0.177815
v -0.777562 0.330658 0.009533
v -0.759655 0.245715 -0.071383
v -0.798624 0.269549 0.013142
v -0.734451 0.299357 -0.101321
v -0.926407 0.486429 -0.061258
v -0.945405 0.505668 -0.062795
v -0.946253 0.489438 -0.016882
v -0.920261 0.484744 -0.086705
v -0.944960 0.509755 -0.088703
v -0.944568 0.502221 -0.116271
v -0.925570 0.482982 -0.114733
v -0.944017 0.480232 -0.159725
v -0.928228 0.493926 0.055073
v -0.946675 0.491175 0.010081
v -0.947226 0.513165 0.053535
v -0.922882 0.495533 0.080704
v -0.947581 0.520544 0.078705
v -0.948063 0.516612 0.107010
v -0.929066 0.497372 0.108547
v -0.948912 0.500381 0.152923
v -0.700635 -0.123334 0.180875
v -0.667003 -0.104126 0.039286
v -0.641799 -0.063868 0.150474
v -0.720719 -0.172491 0.042851
v -0.680198 -0.011189 0.276989
v -0.696243 -0.141414 -0.099649
v -0.621867 0.027893 0.227516
v -0.638264 -0.078420 -0.075310
v -0.688270 0.133279 0.305403
v -0.672594 -0.042489 -0.208675
v -0.634184 0.143343 0.250356
v -0.615755 0.002736 -0.162832
v -0.679486 0.097121 -0.255631
v -0.627122 0.114275 -0.200673
v -0.650575 -0.415098 0.059584
v -0.715823 -0.313015 0.167489
v -0.620457 -0.286211 0.051749
v -0.682554 -0.232021 0.125156
v -0.667307 -0.134923 0.041266
v -0.650575 -0.415098 0.059584
v -0.712222 -0.327838 -0.062511
v -0.620457 -0.286211 0.051749
v -0.680126 -0.242014 -0.029905
v -0.667307 -0.134923 0.041266
v -0.332750 -0.279276 0.055807
v -0.431227 -0.344433 -0.057518
v -0.338890 -0.344057 0.059886
v -0.405284 -0.387984 -0.016516
v -0.391189 -0.409509 0.063286
v -0.332750 -0.279276 0.055807
v -0.434844 -0.329549 0.173430
v -0.338890 -0.344057 0.059886
v -0.407722 -0.377950 0.139185
v -0.391189 -0.409509 0.063286
v -0.946471 0.426137 -0.032851
v -0.947518 0.430448 0.034026
v -0.924524 0.407217 -0.041782
v -0.925898 0.412874 0.045991
v -0.923771 0.437277 -0.075977
v -0.926151 0.447075 0.076052
v -0.945897 0.449040 -0.058904
v -0.947711 0.456506 0.056930
v -0.945376 0.515924 -0.063206
v -0.947190 0.523389 0.052628
v -0.923087 0.525059 -0.081624
v -0.925468 0.534857 0.070405
v -0.945569 0.541983 -0.040303
v -0.946616 0.546293 0.026574
v -0.923340 0.559261 -0.051563
v -0.924715 0.564918 0.036211
v -0.946423 0.386989 -0.052212
v -0.925302 0.398284 0.002862
v -0.947403 0.375749 0.003968
v -0.925898 0.412874 0.045991
v -0.924524 0.407217 -0.041782
v -0.948153 0.394108 0.058244
v -0.945476 0.424817 -0.095243
v -0.926151 0.447075 0.076052
v -0.923771 0.437277 -0.075977
v -0.948471 0.437147 0.096072
v -0.923245 0.480410 -0.090560
v -0.925994 0.491724 0.084988
v -0.944814 0.479096 -0.113595
v -0.948273 0.493333 0.107317
v -0.944616 0.535283 -0.102349
v -0.947611 0.547613 0.088966
v -0.923087 0.525059 -0.081624
v -0.925468 0.534857 0.070405
v -0.944934 0.578322 -0.064520
v -0.946664 0.585441 0.045936
v -0.923340 0.559261 -0.051563
v -0.924715 0.564918 0.036211
v -0.945684 0.596681 -0.010244
v -0.923936 0.573851 -0.008432
v -0.920920 0.573851 -0.008385
v -0.945296 0.600728 -0.029691
v -0.926449 0.601831 -0.010275
v -0.945248 0.646648 -0.013457
v -0.945712 0.547247 -0.026251
v -0.926865 0.548349 -0.006834
v -0.946359 0.503790 -0.004268
v -0.926865 0.548349 -0.006834
v -0.946311 0.549710 0.011965
v -0.946359 0.503790 -0.004268
v -0.946202 0.575620 0.016054
v -0.922223 0.406427 0.002385
v -0.928187 0.378526 0.004090
v -0.947034 0.377424 -0.015326
v -0.947681 0.333968 0.006656
v -0.946618 0.430905 -0.018767
v -0.927770 0.432007 0.000650
v -0.946569 0.476824 -0.002533
v -0.927770 0.432007 0.000650
v -0.946569 0.476824 -0.002533
v -0.947216 0.433368 0.019449
v -0.947505 0.408196 0.026824
v -0.928187 0.378526 0.004090
v -0.947632 0.379887 0.022889
v -0.947681 0.333968 0.006656
v -1.130065 -0.350190 0.047894
v -1.178539 -0.335632 -0.129903
v -1.151605 -0.261462 -0.099335
v -1.102090 -0.268364 0.043058
v -1.235703 -0.196522 -0.208463
v -1.156007 -0.243345 0.181773
v -1.273449 -0.250212 -0.265671
v -1.184029 -0.313033 0.220753
v -1.375198 -0.108297 -0.323723
v -1.243336 -0.165107 0.278990
v -1.312858 -0.080893 -0.254495
v -1.282954 -0.211087 0.341410
v -1.392629 0.079300 -0.288769
v -1.386178 -0.063100 0.377569
v -1.331149 0.067483 -0.227077
v -1.321655 -0.044681 0.307374
v -1.384953 0.234306 -0.169814
v -1.402134 0.118425 0.318304
v -1.338784 0.098912 0.260585
v -1.390442 0.256900 0.180737
v -1.312858 -0.080893 -0.254495
v -1.321655 -0.044681 0.307374
v -1.377098 -0.099391 -0.188024
v -1.383829 -0.071686 0.241856
v -1.396006 0.012243 -0.166494
v -1.401832 0.036224 0.205599
v -1.331149 0.067483 -0.227077
v -1.338784 0.098912 0.260585
v -1.384344 0.109406 -0.094047
v -1.387722 0.123309 0.121682
v -1.317314 0.196102 -0.131549
v -1.321719 0.214236 0.149819
v -1.359957 0.161655 0.011307
v -1.293576 0.260491 0.005976
v -1.638906 -0.148621 -0.059433
v -1.641599 -0.137537 0.112547
v -1.586903 -0.194774 -0.081249
v -1.590394 -0.180404 0.141717
v -1.584990 -0.118415 -0.168110
v -1.591037 -0.093525 0.218077
v -1.637430 -0.089723 -0.126432
v -1.642094 -0.070525 0.171447
v -1.636092 0.082274 -0.137496
v -1.640756 0.101472 0.160383
v -1.583255 0.104573 -0.182454
v -1.589301 0.129462 0.203733
v -1.636588 0.149286 -0.078596
v -1.639280 0.160370 0.093384
v -1.583897 0.191451 -0.106094
v -1.587388 0.205821 0.116872
v -1.638793 -0.241644 -0.105439
v -1.588881 -0.217464 0.032156
v -1.641238 -0.269683 0.034702
v -1.643107 -0.223887 0.170091
v -1.586903 -0.194774 -0.081249
v -1.590394 -0.180404 0.141717
v -1.584990 -0.118415 -0.168110
v -1.591037 -0.093525 0.218077
v -1.636429 -0.147282 -0.212777
v -1.643901 -0.116525 0.264455
v -1.583655 -0.008846 -0.205154
v -1.590637 0.019894 0.240777
v -1.634779 -0.011883 -0.258554
v -1.643407 0.023632 0.292506
v -1.634285 0.128275 -0.230503
v -1.641757 0.159032 0.246729
v -1.583255 0.104573 -0.182454
v -1.589301 0.129462 0.203733
v -1.635079 0.235635 -0.136141
v -1.639393 0.253393 0.139389
v -1.583897 0.191451 -0.106094
v -1.587388 0.205821 0.116872
v -1.636949 0.281432 -0.000750
v -1.585410 0.228512 0.003468
v -1.918117 -0.154488 0.022942
v -1.916677 -0.137980 -0.059566
v -1.970362 -0.088512 -0.036143
v -1.969440 -0.051677 -0.078044
v -1.971316 -0.099457 0.018563
v -1.915286 -0.082424 -0.122762
v -1.919217 -0.127525 0.102654
v -1.968795 0.001178 -0.095913
v -1.972046 -0.081580 0.071414
v -1.914314 -0.002706 -0.149714
v -1.972356 -0.039670 0.108250
v -1.914023 0.079812 -0.133199
v -1.919685 -0.064316 0.158212
v -1.968602 0.055891 -0.084963
v -1.919394 0.018203 0.174727
v -1.968912 0.097801 -0.048128
v -1.972163 0.015042 0.119200
v -1.914491 0.143022 -0.077642
v -1.918422 0.097921 0.147775
v -1.915591 0.169985 0.002070
v -1.971519 0.067897 0.101331
v -1.969642 0.115678 0.004724
v -1.917031 0.153477 0.084578
v -1.970596 0.104732 0.059429
v -1.916677 -0.137980 -0.059566
v -1.919217 -0.127525 0.102654
v -1.970246 -0.184718 -0.083723
v -1.973607 -0.170884 0.130928
v -1.915286 -0.082424 -0.122762
v -1.919685 -0.064316 0.158212
v -1.968404 -0.111206 -0.167345
v -1.974225 -0.087245 0.204441
v -1.914023 0.079812 -0.133199
v -1.918422 0.097921 0.147775
v -1.966733 0.103465 -0.181154
v -1.972555 0.127427 0.190632
v -1.967352 0.187105 -0.107641
v -1.970713 0.200939 0.107010
v -1.914491 0.143022 -0.077642
v -1.917031 0.153477 0.084578
v -2.172574 -0.120322 0.016756
v -2.171422 -0.107115 -0.049250
v -2.214370 -0.067541 -0.030512
v -2.170309 -0.062671 -0.099807
v -2.215133 -0.076297 0.013253
v -2.213631 -0.038073 -0.064033
v -2.215717 -0.061996 0.055534
v -2.213116 0.004211 -0.078328
v -2.173454 -0.098752 0.080526
v -2.169532 0.001103 -0.121369
v -2.215965 -0.028468 0.085002
v -2.212961 0.047981 -0.069568
v -2.173828 -0.048184 0.124972
v -2.169299 0.067119 -0.108156
v -2.173595 0.017831 0.138184
v -2.213210 0.081509 -0.040100
v -2.215810 0.015302 0.093762
v -2.169673 0.117686 -0.063711
v -2.215295 0.057586 0.079467
v -2.213793 0.095811 0.002182
v -2.172818 0.081605 0.116623
v -2.170553 0.139257 0.000058
v -2.214557 0.087054 0.045946
v -2.171705 0.126050 0.066065
v -2.171422 -0.107115 -0.049250
v -2.173454 -0.098752 0.080526
v -2.214276 -0.144506 -0.068576
v -2.216965 -0.133438 0.103144
v -2.170309 -0.062671 -0.099807
v -2.173828 -0.048184 0.124972
v -2.212803 -0.085697 -0.135474
v -2.217460 -0.066528 0.161955
v -2.169299 0.067119 -0.108156
v -2.172818 0.081605 0.116623
v -2.211466 0.086040 -0.146521
v -2.216123 0.105209 0.150908
v -2.211961 0.152951 -0.087710
v -2.214650 0.164019 0.084010
v -2.169673 0.117686 -0.063711
v -2.171705 0.126050 0.066065
v -2.339330 -0.093237 0.012400
v -2.338409 -0.082672 -0.040406
v -2.372762 -0.051013 -0.025415
v -2.372171 -0.027438 -0.052231
v -2.373373 -0.058018 0.009597
v -2.337518 -0.047117 -0.080852
v -2.340035 -0.075981 0.063415
v -2.371759 0.006389 -0.063668
v -2.373840 -0.046576 0.043422
v -2.336897 0.003902 -0.098101
v -2.340334 -0.035527 0.098972
v -2.336710 0.056715 -0.087531
v -2.374038 -0.019754 0.066997
v -2.371636 0.041405 -0.056660
v -2.340148 0.017285 0.109542
v -2.337010 0.097169 -0.051974
v -2.373915 0.015262 0.074005
v -2.371834 0.068227 -0.033085
v -2.373502 0.049089 0.062568
v -2.337714 0.114425 -0.000958
v -2.339526 0.068304 0.092293
v -2.372301 0.079668 0.000740
v -2.372912 0.072663 0.035752
v -2.338635 0.103860 0.051847
v -2.338409 -0.082672 -0.040406
v -2.340035 -0.075981 0.063415
v -2.372688 -0.112585 -0.055866
v -2.374838 -0.103731 0.081511
v -2.337518 -0.047117 -0.080852
v -2.340334 -0.035527 0.098972
v -2.371509 -0.065537 -0.109384
v -2.375234 -0.050202 0.128559
v -2.336710 0.056715 -0.087531
v -2.339526 0.068304 0.092293
v -2.370440 0.071853 -0.118222
v -2.374165 0.087188 0.119721
v -2.370836 0.125382 -0.071173
v -2.372986 0.134235 0.066203
v -2.337010 0.097169 -0.051974
v -2.338635 0.103860 0.051847
v -2.373906 -0.126565 0.014006
v -2.407045 -0.082209 -0.041510
v -2.372688 -0.112585 -0.055866
v -2.407966 -0.092774 0.011295
v -2.408671 -0.075518 0.062311
v -2.374838 -0.103731 0.081511
v -2.215800 -0.161981 0.018764
v -2.257221 -0.106536 -0.050631
v -2.214276 -0.144506 -0.068576
v -2.258373 -0.119743 0.015376
v -2.259254 -0.098173 0.079145
v -2.216965 -0.133438 0.103144
v -1.972150 -0.206562 0.025452
v -2.023928 -0.137256 -0.061292
v -1.970246 -0.184718 -0.083723
v -2.025367 -0.153764 0.021216
v -2.026468 -0.126801 0.100928
v -1.973607 -0.170884 0.130928
v -0.151357 -0.261484 -0.075630
v -0.093268 -0.340297 0.063489
v -0.160615 -0.372526 0.064512
v -0.212549 -0.302068 -0.059860
v -0.227763 -0.380848 0.063997
v -0.262773 -0.333346 -0.019853
v -0.292674 -0.347691 0.060844
v -0.155507 -0.244399 0.189464
v -0.093268 -0.340297 0.063489
v -0.160615 -0.372526 0.064512
v -0.216259 -0.286794 0.177133
v -0.227763 -0.380848 0.063997
v -0.265275 -0.323049 0.139924
v -0.292674 -0.347691 0.060844
v -1.636588 0.149286 -0.078596
v -1.687792 0.192152 -0.107765
v -1.689305 0.229213 0.001796
v -1.637755 0.177872 0.005912
v -1.639280 0.160370 0.093384
v -1.691283 0.206522 0.115200
v -0.989890 -0.525749 0.061403
v -0.926152 -0.424028 0.173294
v -1.016247 -0.422784 0.158019
v -1.113584 -0.413722 0.126046
v -0.885770 -0.543281 0.064163
v -0.989890 -0.525749 0.061403
v -0.922491 -0.439100 -0.060576
v -0.885770 -0.543281 0.064163
v -1.013015 -0.436087 -0.048403
v -1.111283 -0.423193 -0.020907
v -1.448338 0.147124 -0.131073
v -1.384344 0.109406 -0.094047
v -1.424661 0.210078 0.007173
v -1.452763 0.165338 0.151547
v -1.359957 0.161655 0.011307
v -1.387722 0.123309 0.121682
v -1.178539 -0.335632 -0.129903
v -1.130065 -0.350190 0.047894
v -1.233638 -0.317178 0.044145
v -1.184029 -0.313033 0.220753
v -1.282489 -0.311085 -0.098750
v -1.286907 -0.292896 0.183481
v -1.273449 -0.250212 -0.265671
v -1.282954 -0.211087 0.341410
v -1.363549 -0.243185 -0.207699
v -1.371189 -0.211738 0.280236
v -0.945569 0.541983 -0.040303
v -0.946616 0.546293 0.026574
v -0.923340 0.559261 -0.051563
v -0.924715 0.564918 0.036211
v -0.923936 0.573851 -0.008432
v -0.946023 0.553099 -0.007440
v -0.481025 0.017917 0.034332
v -0.490573 0.131064 -0.090071
v -0.566223 0.127499 -0.052918
v -0.559789 0.051217 0.030953
v -0.481025 0.017917 0.034332
v -0.494220 0.146074 0.142826
v -0.568681 0.137618 0.104097
v -0.559789 0.051217 0.030953
v -0.920261 0.484744 -0.086705
v -0.945347 0.460070 -0.085507
v -0.944865 0.464003 -0.113812
v -0.945702 0.467449 -0.060337
v -0.925570 0.482982 -0.114733
v -0.944017 0.480232 -0.159725
v -0.926407 0.486429 -0.061258
v -0.946253 0.489438 -0.016882
v -0.929066 0.497372 0.108547
v -0.948361 0.478393 0.109469
v -0.922882 0.495533 0.080704
v -0.948912 0.500381 0.152923
v -0.947968 0.470859 0.081901
v -0.947524 0.474947 0.055994
v -0.928228 0.493926 0.055073
v -0.946675 0.491175 0.010081
v -0.945569 0.541983 -0.040303
v -0.967189 0.559557 -0.052268
v -0.967784 0.574146 -0.009138
v -0.946023 0.553099 -0.007440
v -0.946616 0.546293 0.026574
v -0.968563 0.565213 0.035505
v -0.533321 -0.394704 0.060106
v -0.434844 -0.329549 0.173430
v -0.474116 -0.421877 0.062784
v -0.407722 -0.377950 0.139185
v -0.391189 -0.409509 0.063286
v -0.533321 -0.394704 0.060106
v -0.431227 -0.344433 -0.057518
v -0.474116 -0.421877 0.062784
v -0.405284 -0.387984 -0.016516
v -0.391189 -0.409509 0.063286
v -0.750722 -0.089856 0.149993
v -0.720719 -0.172491 0.042851
v -0.700635 -0.123334 0.180875
v -0.776018 -0.130891 0.039304
v -0.747201 -0.104350 -0.074894
v -0.696243 -0.141414 -0.099649
v -0.713397 0.205678 0.168084
v -0.782952 0.218966 0.212569
v -0.762357 0.256838 0.101200
v -0.846716 0.287444 0.124277
v -0.708736 0.186493 -0.129590
v -0.798624 0.269549 0.013142
v -0.776844 0.193822 -0.177560
v -0.886989 0.305161 0.009463
v -0.759655 0.245715 -0.071383
v -0.843192 0.272937 -0.100817
v -0.945347 0.460070 -0.085507
v -0.970044 0.485080 -0.087506
v -0.963863 0.483241 -0.115350
v -0.964700 0.486687 -0.061874
v -0.944865 0.464003 -0.113812
v -0.944017 0.480232 -0.159725
v -0.945702 0.467449 -0.060337
v -0.946253 0.489438 -0.016882
v -0.948361 0.478393 0.109469
v -0.967359 0.497631 0.107931
v -0.947968 0.470859 0.081901
v -0.948912 0.500381 0.152923
v -0.972666 0.495869 0.079903
v -0.966521 0.494184 0.054456
v -0.947524 0.474947 0.055994
v -0.946675 0.491175 0.010081
v -1.636588 0.149286 -0.078596
v -1.639280 0.160370 0.093384
v -1.583897 0.191451 -0.106094
v -1.587388 0.205821 0.116872
v -1.585410 0.228512 0.003468
v -1.637755 0.177872 0.005912
v -1.918117 -0.154488 0.022942
v -1.972150 -0.206562 0.025452
v -1.916677 -0.137980 -0.059566
v -1.919217 -0.127525 0.102654
v -1.970246 -0.184718 -0.083723
v -1.973607 -0.170884 0.130928
v -2.172574 -0.120322 0.016756
v -2.215800 -0.161981 0.018764
v -2.171422 -0.107115 -0.049250
v -2.173454 -0.098752 0.080526
v -2.214276 -0.144506 -0.068576
v -2.216965 -0.133438 0.103144
v 0.118096 0.128445 -0.101365
v 0.113795 0.146149 0.173334
v 0.045909 0.127564 -0.159697
v 0.039823 0.152616 0.229017
v 0.010414 0.207549 -0.082901
v 0.006900 0.222013 0.141523
v 0.093017 0.184970 -0.047094
v 0.090534 0.195192 0.111503
v -0.003862 0.242119 0.027353
v 0.082923 0.209401 0.030821
v 0.269279 -0.197501 0.059963
v 0.172287 -0.145892 -0.057588
v 0.255425 -0.171616 -0.087014
v 0.183049 -0.165999 0.056583
v 0.139364 -0.076496 -0.145083
v 0.168773 -0.131429 0.166837
v 0.213045 -0.082279 -0.199650
v 0.250902 -0.152996 0.201898
v 0.133278 -0.051444 0.243632
v 0.205209 -0.050028 0.300761
v -2.339330 -0.093237 0.012400
v -2.373906 -0.126565 0.014006
v -2.338409 -0.082672 -0.040406
v -2.340035 -0.075981 0.063415
v -2.372688 -0.112585 -0.055866
v -2.374838 -0.103731 0.081511
v -2.408970 -0.035064 0.097868
v -2.375234 -0.050202 0.128559
v -2.374988 0.019679 0.142545
v -2.408784 0.017748 0.108437
v -2.408162 0.068767 0.091188
v -2.374165 0.087188 0.119721
v 0.184142 -0.015760 -0.091037
v 0.258114 -0.022227 -0.146721
v 0.211857 0.077865 -0.184095
v 0.151452 0.054973 -0.117449
v 0.144445 0.083815 0.330061
v 0.204830 0.106793 0.264754
v 0.158573 0.206885 0.227379
v 0.084899 0.212668 0.281947
v -2.259627 -0.047605 0.123591
v -2.217460 -0.066528 0.161955
v -2.217152 0.020824 0.179438
v -2.259395 0.018410 0.136803
v -2.258617 0.082184 0.115242
v -2.216123 0.105209 0.150908
v -2.026936 -0.063592 0.156486
v -1.974225 -0.087245 0.204441
v -1.973840 0.021944 0.226294
v -2.026645 0.018927 0.173001
v -2.025673 0.098644 0.146050
v -1.972555 0.127427 0.190632
v -0.077524 -0.192241 0.175215
v 0.029004 -0.231743 0.058408
v -0.020934 -0.154799 0.159484
v -0.020944 -0.279416 0.060698
v -0.155507 -0.244399 0.189464
v -0.093268 -0.340297 0.063489
v -1.688884 -0.117714 -0.169782
v -1.637430 -0.089723 -0.126432
v -1.687549 -0.008145 -0.206825
v -1.636400 -0.005210 -0.155004
v -1.636092 0.082274 -0.137496
v -1.687149 0.105274 -0.184126
v -0.666196 0.019575 -0.118241
v -0.627122 0.114275 -0.200673
v -0.681400 0.104123 -0.147070
v -0.708736 0.186493 -0.129590
v -0.680198 -0.011189 0.276989
v -0.621867 0.027893 0.227516
v -0.688270 0.133279 0.305403
v -0.634184 0.143343 0.250356
v -0.677581 0.246247 0.212610
v -0.749428 0.260443 0.258396
v -0.989890 -0.525749 0.061403
v -0.926152 -0.424028 0.173294
v -1.113584 -0.413722 0.126046
v -0.885770 -0.543281 0.064163
v -1.118292 -0.491730 0.057200
v -0.807544 -0.388652 0.184623
v -1.195720 -0.409434 0.050684
v -1.187319 -0.388475 0.070534
v -0.749973 -0.515341 0.064489
v -0.650575 -0.415098 0.059584
v -0.715823 -0.313015 0.167489
v -0.509064 -0.200859 0.165927
v -0.447356 -0.104407 0.042743
v -0.538983 -0.149525 0.148308
v -0.505846 -0.062902 0.039152
v -0.405252 -0.149740 0.046324
v -0.571083 -0.095023 0.114304
v -0.467657 -0.272177 0.182971
v -0.353459 -0.215944 0.051401
v -0.332750 -0.279276 0.055807
v -0.434844 -0.329549 0.173430
v -1.322768 -0.190239 -0.152391
v -1.363549 -0.243185 -0.207699
v -1.440878 -0.127136 -0.254482
v -1.377098 -0.099391 -0.188024
v -1.396006 0.012243 -0.166494
v -1.459286 0.021734 -0.226320
v -1.448338 0.147124 -0.131073
v -1.384344 0.109406 -0.094047
v -1.282954 -0.211087 0.341410
v -1.371189 -0.211738 0.280236
v -1.386178 -0.063100 0.377569
v -1.449705 -0.090801 0.309305
v -0.923771 0.437277 -0.075977
v -0.945897 0.449040 -0.058904
v -0.923245 0.480410 -0.090560
v -0.945496 0.481905 -0.070016
v -0.945376 0.515924 -0.063206
v -0.923087 0.525059 -0.081624
v -0.926865 0.548349 -0.006834
v -0.946202 0.575620 0.016054
v -0.920920 0.573851 -0.008385
v -0.926449 0.601831 -0.010275
v -0.945894 0.603191 0.008525
v -0.945248 0.646648 -0.013457
v -0.927770 0.432007 0.000650
v -0.947216 0.433368 0.019449
v -0.947505 0.408196 0.026824
v -0.922223 0.406427 0.002385
v -0.928187 0.378526 0.004090
v -0.207478 0.270485 0.022337
v -0.294083 0.278059 0.020493
v -0.284374 0.163007 0.146989
v -0.198905 0.168938 0.133986
v -0.402221 0.154348 0.157601
v -0.112419 0.246666 0.025361
v -0.412901 0.280911 0.018449
v -0.106323 0.174374 0.104844
v -0.503767 0.259221 0.018424
v -0.494220 0.146074 0.142826
v -0.575121 0.213900 0.020228
v -0.568681 0.137618 0.104097
v -0.284374 0.163007 0.146989
v -0.187066 0.053919 0.036614
v -0.198905 0.168938 0.133986
v -0.097891 0.092491 0.035524
v -0.270957 0.032692 0.036669
v -0.106323 0.174374 0.104844
v -0.402221 0.154348 0.157601
v -0.028335 0.153556 0.032678
v -0.030747 0.176933 0.052468
v -0.003624 0.177709 0.031508
v -0.387462 0.010996 0.036243
v -0.481025 0.017917 0.034332
v -0.494220 0.146074 0.142826
v -0.964742 0.602088 -0.010891
v -0.946202 0.575620 0.016054
v -0.970703 0.574187 -0.009186
v -0.965158 0.548608 -0.007451
v -0.966480 0.378784 0.003473
v -0.947505 0.408196 0.026824
v -0.972006 0.406763 0.001584
v -0.947216 0.433368 0.019449
v -1.243336 -0.165107 0.278990
v -1.386178 -0.063100 0.377569
v -1.321655 -0.044681 0.307374
v -1.402134 0.118425 0.318304
v -1.338784 0.098912 0.260585
v -1.390442 0.256900 0.180737
v -1.321719 0.214236 0.149819
v -1.235703 -0.196522 -0.208463
v -1.322768 -0.190239 -0.152391
v -1.312858 -0.080893 -0.254495
v -1.377098 -0.099391 -0.188024
v -0.967619 0.437573 -0.076683
v -0.945897 0.449040 -0.058904
v -0.967093 0.480706 -0.091265
v -0.945496 0.481905 -0.070016
v -0.945376 0.515924 -0.063206
v -0.966936 0.525355 -0.082329
v -0.609205 -0.267113 0.050695
v -0.509064 -0.200859 0.165927
v -0.627366 -0.208003 0.046601
v -0.538983 -0.149525 0.148308
v -0.467657 -0.272177 0.182971
v -0.577810 -0.345059 0.056210
v -0.533321 -0.394704 0.060106
v -0.434844 -0.329549 0.173430
v -0.926152 -0.424028 0.173294
v -0.864649 -0.281999 0.047655
v -0.961855 -0.321161 0.048657
v -0.807544 -0.388652 0.184623
v -0.715823 -0.313015 0.167489
v -0.788949 -0.234846 0.045801
v -0.682554 -0.232021 0.125156
v -0.741688 -0.187498 0.043489
v -0.667307 -0.134923 0.041266
v -0.680198 -0.011189 0.276989
v -0.739679 0.116364 0.249673
v -0.688270 0.133279 0.305403
v -0.721353 -0.023791 -0.162582
v -0.666196 0.019575 -0.118241
v -0.732641 0.087395 -0.199822
v -0.681400 0.104123 -0.147070
v -0.708736 0.186493 -0.129590
v -0.776844 0.193822 -0.177560
v -1.584990 -0.118415 -0.168110
v -1.637430 -0.089723 -0.126432
v -1.583655 -0.008846 -0.205154
v -1.636400 -0.005210 -0.155004
v -1.636092 0.082274 -0.137496
v -1.583255 0.104573 -0.182454
v -0.155507 -0.244399 0.189464
v -0.213596 -0.165587 0.050346
v -0.268186 -0.216335 0.052762
v -0.216259 -0.286794 0.177133
v -1.919685 -0.064316 0.158212
v -1.974225 -0.087245 0.204441
v -1.973840 0.021944 0.226294
v -1.919394 0.018203 0.174727
v -1.918422 0.097921 0.147775
v -1.972555 0.127427 0.190632
v -2.173828 -0.048184 0.124972
v -2.217460 -0.066528 0.161955
v -2.217152 0.020824 0.179438
v -2.173595 0.017831 0.138184
v -2.172818 0.081605 0.116623
v -2.216123 0.105209 0.150908
v 0.093107 0.023596 -0.182457
v 0.151452 0.054973 -0.117449
v 0.118096 0.128445 -0.101365
v 0.045909 0.127564 -0.159697
v 0.133278 -0.051444 0.243632
v 0.205209 -0.050028 0.300761
v 0.144445 0.083815 0.330061
v 0.086080 0.052524 0.266392
v -2.340334 -0.035527 0.098972
v -2.375234 -0.050202 0.128559
v -2.374988 0.019679 0.142545
v -2.340148 0.017285 0.109542
v -2.339526 0.068304 0.092293
v -2.374165 0.087188 0.119721
v -0.834431 -0.072816 0.213247
v -0.786887 0.027446 0.174805
v -0.787147 -0.046434 0.160019
v -0.834063 0.031631 0.234151
v -0.833839 -0.152823 0.142927
v -0.832833 0.132532 0.200038
v -0.891359 0.244673 0.139561
v -0.831071 0.202851 0.120047
v -0.895473 -0.092890 0.253686
v -0.894748 -0.190861 0.167577
v -0.893516 0.158565 0.237511
v -0.830625 -0.166056 -0.062401
v -0.832446 -0.186951 0.042033
v -0.888655 -0.120957 -0.181803
v -0.828863 -0.095737 -0.142392
v -0.890812 -0.207065 -0.083853
v -0.886698 0.130498 -0.197979
v -0.827265 0.109612 -0.155601
v -0.827857 0.189618 -0.085281
v -0.782497 0.139198 -0.051144
v -0.887422 0.228468 -0.111870
v -0.829250 0.223746 0.015614
v -0.784771 0.148558 0.094094
v -0.783482 0.163338 0.020224
v -0.754436 0.080641 -0.011783
v -0.754219 0.051320 -0.037556
v -0.754946 0.093149 0.025194
v -0.745590 0.017822 0.030196
v -0.755614 0.085491 0.063469
v -0.756260 0.059720 0.092785
v -0.756710 0.022739 0.105287
v -0.756845 -0.015540 0.097626
v -0.786017 0.098818 0.150675
v -0.827633 0.005164 -0.176505
v -0.782339 0.008725 -0.115671
v -0.782078 0.082605 -0.100884
v -0.754354 0.013039 -0.045217
v -0.783209 -0.062647 -0.091541
v -0.754804 -0.023941 -0.032715
v -0.755450 -0.049713 -0.003398
v -0.784455 -0.112387 -0.034960
v -0.785743 -0.127167 0.038911
v -0.756118 -0.057371 0.034877
v -0.756628 -0.044863 0.071854
v -0.786729 -0.103026 0.110278
v -0.833839 -0.152823 0.142927
v -0.894748 -0.190861 0.167577
v -0.966112 -0.105290 0.278586
v -0.965304 -0.214552 0.182552
v -0.963401 -0.261159 0.044765
v -1.038735 -0.270536 0.044190
v -1.040705 -0.222286 0.186834
v -1.041541 -0.109173 0.286252
v -1.115817 -0.213537 0.180130
v -1.113914 -0.260144 0.042343
v -1.111427 -0.231608 -0.100278
v -1.116625 -0.104275 0.276164
v -1.185531 -0.188897 0.162897
v -1.181595 -0.205101 -0.088532
v -1.179438 -0.118994 -0.186482
v -1.183825 -0.230688 0.039350
v -1.241903 -0.163262 -0.069010
v -1.315186 -0.049092 -0.085147
v -1.525034 -0.013076 -0.036603
v -1.316279 -0.092692 -0.035551
v -1.904658 0.006099 -0.017784
v -1.525593 -0.035355 -0.011260
v -1.243724 -0.184154 0.035413
v -1.317408 -0.105647 0.029200
v -1.245118 -0.150030 0.136296
v -1.318272 -0.084487 0.091756
v -1.526170 -0.041975 0.021828
v -1.904960 -0.005944 -0.004084
v -2.505983 0.020524 -0.011901
v -1.526611 -0.031162 0.053794
v -1.526799 -0.005814 0.076074
v -1.905272 -0.009522 0.013801
v -1.905510 -0.003677 0.031080
v -1.905612 0.010024 0.043122
v -2.506383 0.015935 0.011039
v -2.506125 0.014871 -0.005470
v -2.506271 0.013191 0.002927
v -3.033256 0.020857 -0.012751
v -3.033472 0.021747 0.001053
v -3.033378 0.019453 -0.005730
v -3.033137 0.025585 -0.018129
v -3.495652 0.029231 -0.017593
v -3.495584 0.031956 -0.020692
v -3.499508 0.032490 -0.016056
v -3.499547 0.032047 -0.013840
v -3.495723 0.028422 -0.013547
v -3.495777 0.029744 -0.009638
v -3.499577 0.032771 -0.011700
v -3.495800 0.032844 -0.006914
v -3.033512 0.027126 0.005781
v -2.506431 0.022367 0.016692
v -1.318639 -0.034881 0.135357
v -1.186256 -0.090928 0.249006
v -0.830625 -0.166056 -0.062401
v -0.893042 -0.232651 0.044030
v -0.832446 -0.186951 0.042033
v -0.890812 -0.207065 -0.083853
v -0.958508 -0.136592 -0.207096
v -0.960914 -0.232624 -0.097856
v -1.036159 -0.240995 -0.103459
v -1.109021 -0.135576 -0.209518
v -0.834431 -0.072816 0.213247
v -0.834063 0.031631 0.234151
v -0.832833 0.132532 0.200038
v -0.895473 -0.092890 0.253686
v -0.895022 0.035008 0.279284
v -0.894748 -0.190861 0.167577
v -0.893516 0.158565 0.237511
v -0.965609 0.037349 0.307134
v -0.966112 -0.105290 0.278586
v -0.965304 -0.214552 0.182552
v -0.963930 0.175146 0.260546
v -1.040705 -0.222286 0.186834
v -1.041020 0.038494 0.315806
v -1.041541 -0.109173 0.286252
v -1.115817 -0.213537 0.180130
v -1.116625 -0.104275 0.276164
v -1.112037 0.272193 0.148885
v -1.526799 -0.005814 0.076074
v -1.905612 0.010024 0.043122
v -2.506383 0.015935 0.011039
v -3.033472 0.021747 0.001053
v -3.495800 0.032844 -0.006914
v -3.499589 0.034468 -0.010208
v -3.499581 0.036685 -0.009764
v -3.495785 0.036891 -0.006103
v -3.033512 0.027126 0.005781
v -3.033487 0.034148 0.007186
v -3.499555 0.038826 -0.010488
v -3.495738 0.040800 -0.007425
v -2.506431 0.022367 0.016692
v -2.506401 0.030765 0.018374
v -3.033404 0.040931 0.004893
v -3.495669 0.043525 -0.010525
v -3.033286 0.045659 -0.000485
v -2.506302 0.038878 0.015630
v -2.506161 0.044532 0.009199
v -1.905036 0.057234 0.027161
v -1.905338 0.045192 0.040860
v -1.526292 0.059247 0.071889
v -1.317648 0.092440 0.127166
v -1.244111 0.135295 0.193401
v -1.905549 0.027912 0.046702
v -1.526682 0.027278 0.082696
v -1.318410 0.029879 0.148317
v -1.318639 -0.034881 0.135357
v -1.245341 0.034404 0.227511
v -1.245709 -0.070032 0.206609
v -1.185805 0.036970 0.274603
v -1.186256 -0.090928 0.249006
v -1.116122 0.038365 0.304712
v -1.184299 0.160526 0.232830
v -1.114443 0.176161 0.258124
v -1.039282 0.181147 0.267576
v -1.036791 0.280565 0.154487
v -0.961524 0.271178 0.151307
v -1.185531 -0.188897 0.162897
v -1.181595 -0.205101 -0.088532
v -1.179438 -0.118994 -0.186482
v -1.240142 -0.092950 -0.148992
v -1.241903 -0.163262 -0.069010
v -1.238912 0.007941 -0.183101
v -1.238544 0.112377 -0.162200
v -1.177481 0.132459 -0.202657
v -1.314424 0.013469 -0.106299
v -1.315186 -0.049092 -0.085147
v -1.178205 0.230429 -0.116548
v -1.239135 0.192375 -0.091887
v -1.314196 0.078229 -0.093337
v -1.240528 0.226499 0.008997
v -1.182142 0.246633 0.134881
v -1.242350 0.205606 0.113419
v -1.315426 0.148995 0.012820
v -1.314562 0.127834 -0.049737
v -1.316279 -0.092692 -0.035551
v -1.243724 -0.184154 0.035413
v -1.317408 -0.105647 0.029200
v -1.245118 -0.150030 0.136296
v -1.318272 -0.084487 0.091756
v -3.495652 0.029231 -0.017593
v -3.495584 0.031956 -0.020692
v -3.495522 0.039912 -0.021204
v -3.495545 0.043012 -0.018480
v -3.499437 0.038340 -0.018034
v -3.499471 0.033982 -0.017754
v -3.499450 0.040037 -0.016542
v -3.499445 0.036123 -0.018478
v -3.499508 0.032490 -0.016056
v -3.499547 0.032047 -0.013840
v -3.499479 0.040761 -0.014401
v -3.495777 0.029744 -0.009638
v -3.499577 0.032771 -0.011700
v -3.495800 0.032844 -0.006914
v -3.499589 0.034468 -0.010208
v -3.499581 0.036685 -0.009764
v -3.499555 0.038826 -0.010488
v -3.495738 0.040800 -0.007425
v -3.495669 0.043525 -0.010525
v -3.499518 0.040318 -0.012185
v -1.316556 0.136039 0.077571
v -1.317648 0.092440 0.127166
v -1.244111 0.135295 0.193401
v -1.318410 0.029879 0.148317
v -1.318639 -0.034881 0.135357
v -1.245341 0.034404 0.227511
v -1.245709 -0.070032 0.206609
v -1.186256 -0.090928 0.249006
v -1.184299 0.160526 0.232830
v -0.891359 0.244673 0.139561
v -0.831071 0.202851 0.120047
v -0.893516 0.158565 0.237511
v -0.963930 0.175146 0.260546
v -1.177481 0.132459 -0.202657
v -1.178205 0.230429 -0.116548
v -1.107646 0.254121 -0.131524
v -1.239135 0.192375 -0.091887
v -1.109549 0.300729 0.006264
v -1.034216 0.310106 0.006839
v -1.179911 0.272220 0.007000
v -1.112037 0.272193 0.148885
v -1.240528 0.226499 0.008997
v -1.182142 0.246633 0.134881
v -1.242350 0.205606 0.113419
v -1.315426 0.148995 0.012820
v -1.314562 0.127834 -0.049737
v -1.524528 0.051985 -0.040788
v -1.524716 0.077334 -0.018509
v -1.904384 0.041266 -0.020046
v -2.505855 0.037036 -0.012963
v -3.495545 0.043012 -0.018480
v -3.033070 0.044769 -0.014290
v -3.499450 0.040037 -0.016542
v -3.499479 0.040761 -0.014401
v -3.495669 0.043525 -0.010525
v -3.499518 0.040318 -0.012185
v -3.495599 0.044335 -0.014570
v -3.033164 0.047064 -0.007506
v -3.033286 0.045659 -0.000485
v -2.506302 0.038878 0.015630
v -2.506014 0.046212 0.000803
v -2.506161 0.044532 0.009199
v -2.505902 0.043468 -0.007310
v -1.904724 0.060813 0.009276
v -1.904486 0.054968 -0.008003
v -1.525157 0.088146 0.013458
v -1.905036 0.057234 0.027161
v -1.525734 0.081526 0.046545
v -1.316556 0.136039 0.077571
v -1.905338 0.045192 0.040860
v -1.526292 0.059247 0.071889
v -1.317648 0.092440 0.127166
v -1.184299 0.160526 0.232830
v -1.114443 0.176161 0.258124
v -1.039282 0.181147 0.267576
v -1.036791 0.280565 0.154487
v -0.961524 0.271178 0.151307
v -0.959036 0.299713 0.008686
v -0.886698 0.130498 -0.197979
v -0.827857 0.189618 -0.085281
v -0.956325 0.143844 -0.225136
v -0.887422 0.228468 -0.111870
v -0.957134 0.253106 -0.129102
v -1.032246 0.261856 -0.135805
v -0.889128 0.270260 0.011679
v -0.829250 0.223746 0.015614
v -1.179438 -0.118994 -0.186482
v -1.240142 -0.092950 -0.148992
v -1.177932 0.004562 -0.228254
v -1.238912 0.007941 -0.183101
v -1.238544 0.112377 -0.162200
v -1.177481 0.132459 -0.202657
v -1.314424 0.013469 -0.106299
v -1.315186 -0.049092 -0.085147
v -1.107646 0.254121 -0.131524
v -1.314196 0.078229 -0.093337
v -1.314562 0.127834 -0.049737
v -1.524528 0.051985 -0.040788
v -1.524645 0.018893 -0.047412
v -1.904384 0.041266 -0.020046
v -1.525034 -0.013076 -0.036603
v -1.904447 0.023379 -0.023625
v -1.904658 0.006099 -0.017784
v -1.904960 -0.005944 -0.004084
v -2.505983 0.020524 -0.011901
v -2.506125 0.014871 -0.005470
v -3.033256 0.020857 -0.012751
v -3.033137 0.025585 -0.018129
v -3.495652 0.029231 -0.017593
v -2.505884 0.028637 -0.014644
v -2.505855 0.037036 -0.012963
v -3.033055 0.032368 -0.020422
v -3.495584 0.031956 -0.020692
v -3.033030 0.039390 -0.019017
v -3.495536 0.035865 -0.022014
v -3.495522 0.039912 -0.021204
v -3.495545 0.043012 -0.018480
v -3.033070 0.044769 -0.014290
v -3.499437 0.038340 -0.018034
v -3.499471 0.033982 -0.017754
v -3.499445 0.036123 -0.018478
v -2.505902 0.043468 -0.007310
v -1.904486 0.054968 -0.008003
v -0.888655 -0.120957 -0.181803
v -0.828863 -0.095737 -0.142392
v -0.887149 0.002600 -0.223577
v -0.890812 -0.207065 -0.083853
v -0.958508 -0.136592 -0.207096
v -0.956828 0.001205 -0.253684
v -0.886698 0.130498 -0.197979
v -0.827265 0.109612 -0.155601
v -1.036159 -0.240995 -0.103459
v -1.033669 -0.141578 -0.216548
v -1.031930 0.001076 -0.264778
v -1.109021 -0.135576 -0.209518
v -0.956325 0.143844 -0.225136
v -0.887422 0.228468 -0.111870
v -1.107341 0.002221 -0.256106
v -1.031409 0.148743 -0.235224
v -1.106838 0.144860 -0.227558
v -0.957134 0.253106 -0.129102
v -1.032246 0.261856 -0.135805
v -0.827633 0.005164 -0.176505
v -1.182856 -0.088371 0.243844
v -1.182148 -0.184078 0.159724
v -1.240930 -0.067951 0.202413
v -1.240352 -0.146095 0.133729
v -1.176195 -0.115789 -0.181587
v -1.237211 -0.159021 -0.066821
v -1.235491 -0.090338 -0.144950
v -1.178303 -0.199908 -0.085899
v -1.180945 0.157276 0.228042
v -1.178837 0.241395 0.132354
v -1.239369 0.132620 0.189511
v -1.237648 0.201302 0.111382
v -1.174284 0.129858 -0.197389
v -1.174991 0.225565 -0.113269
v -1.233930 0.110233 -0.157852
v -1.234508 0.188377 -0.089168
v -3.493582 0.035475 -0.012227
v -3.493578 0.036493 -0.012023
v -3.493576 0.034695 -0.012912
v -3.493531 0.038366 -0.014153
v -3.493515 0.036235 -0.016026
v -3.493545 0.034566 -0.014914
v -3.493562 0.034362 -0.013896
v -3.493527 0.035251 -0.015694
v -3.493512 0.037253 -0.015823
v -3.493517 0.038033 -0.015137
v -1.310633 0.144314 0.013196
v -1.309667 0.013736 -0.101574
v -1.309447 0.076132 -0.089086
v -1.234290 0.008216 -0.178270
v -1.233930 0.110233 -0.157852
v -1.309800 0.123927 -0.047078
v -1.234508 0.188377 -0.089168
v -1.235869 0.221711 0.009379
v -1.235491 -0.090338 -0.144950
v -1.310402 -0.046542 -0.081195
v -1.237211 -0.159021 -0.066821
v -1.311454 -0.088550 -0.033409
v -1.238991 -0.179430 0.035183
v -1.312542 -0.101032 0.028979
v -1.240352 -0.146095 0.133729
v -1.313375 -0.080644 0.089252
v -1.240930 -0.067951 0.202413
v -1.313728 -0.032849 0.131260
v -1.313508 0.029547 0.143748
v -1.240570 0.034066 0.222830
v -1.312773 0.089824 0.123369
v -1.239369 0.132620 0.189511
v -1.311721 0.131832 0.075584
v -1.237648 0.201302 0.111382
v -1.235869 0.221711 0.009379
v -1.310633 0.144314 0.013196
v -3.493549 0.038162 -0.013135
v -3.493566 0.037477 -0.012356
v -1.106035 0.248730 -0.127911
v -1.034262 0.303434 0.007269
v -1.032337 0.256293 -0.132098
v -0.958922 0.247737 -0.125543
v -1.107894 0.294265 0.006707
v -0.960781 0.293273 0.009074
v -1.174991 0.225565 -0.113269
v -0.890788 0.223648 -0.108695
v -1.176658 0.266391 0.007426
v -1.234508 0.188377 -0.089168
v -1.235869 0.221711 0.009379
v -0.892455 0.264474 0.012000
v -0.832589 0.185665 -0.082701
v -0.833950 0.218999 0.015847
v -0.963211 0.265393 0.148413
v -1.034262 0.303434 0.007269
v -1.036778 0.274572 0.151523
v -1.110324 0.266386 0.146045
v -0.960781 0.293273 0.009074
v -1.107894 0.294265 0.006707
v -0.894634 0.239478 0.136928
v -1.178837 0.241395 0.132354
v -0.892455 0.264474 0.012000
v -1.176658 0.266391 0.007426
v -1.237648 0.201302 0.111382
v -1.235869 0.221711 0.009379
v -0.835729 0.198590 0.117850
v -0.833950 0.218999 0.015847
v -1.039211 0.177440 0.262014
v -1.112675 0.172564 0.252772
v -0.965561 0.171571 0.255139
v -1.110324 0.266386 0.146045
v -1.180945 0.157276 0.228042
v -0.963211 0.265393 0.148413
v -0.896742 0.155359 0.232615
v -1.031520 0.145779 -0.229232
v -0.958132 0.140990 -0.219368
v -1.105245 0.141982 -0.221735
v -0.958922 0.247737 -0.125543
v -0.890081 0.127940 -0.192815
v -1.106035 0.248730 -0.127911
v -1.174284 0.129858 -0.197389
v -3.493531 0.038366 -0.014153
v -2.505293 0.035300 -0.009453
v -3.032692 0.036430 -0.013030
v -3.488301 0.037796 -0.016907
v -3.493512 0.037253 -0.015823
v -3.488310 0.039083 -0.015776
v -3.493517 0.038033 -0.015137
v -3.488333 0.039631 -0.014153
v -3.032761 0.040403 -0.007070
v -3.032713 0.039215 -0.010583
v -2.505415 0.042310 0.001064
v -2.505330 0.040214 -0.005134
v -1.903360 0.055911 0.009614
v -1.903154 0.050879 -0.005262
v -1.522582 0.083619 0.013790
v -1.903067 0.039084 -0.015629
v -1.522171 0.073555 -0.015961
v -1.310633 0.144314 0.013196
v -1.521997 0.049964 -0.036696
v -1.309800 0.123927 -0.047078
v -1.311721 0.131832 0.075584
v -1.310633 0.144314 0.013196
v -1.523119 0.077458 0.044584
v -1.522582 0.083619 0.013790
v -1.903628 0.052830 0.025010
v -1.903360 0.055911 0.009614
v -1.903888 0.042463 0.036803
v -2.505527 0.041027 0.007478
v -2.505415 0.042310 0.001064
v -2.505635 0.036708 0.012391
v -3.032825 0.039675 -0.003435
v -3.032761 0.040403 -0.007070
v -3.488362 0.039296 -0.012474
v -3.488333 0.039631 -0.014153
v -3.493549 0.038162 -0.013135
v -3.493531 0.038366 -0.014153
v -3.488390 0.038164 -0.011188
v -3.493566 0.037477 -0.012356
v -1.032337 0.256293 -0.132098
v -1.176195 -0.115789 -0.181587
v -1.178303 -0.199908 -0.085899
v -1.107377 -0.132001 -0.204111
v -1.033727 -0.137869 -0.210986
v -0.960264 -0.132994 -0.201743
v -0.894100 -0.201826 -0.081326
v -0.891992 -0.117707 -0.177013
v -0.891992 -0.117707 -0.177013
v -0.890521 0.002996 -0.217822
v -0.833572 -0.093050 -0.138483
v -0.832371 0.005504 -0.171802
v -0.958623 0.001632 -0.247259
v -0.960264 -0.132994 -0.201743
v -1.032029 0.001506 -0.258107
v -1.107377 -0.132001 -0.204111
v -1.105736 0.002625 -0.249626
v -1.176195 -0.115789 -0.181587
v -1.174724 0.004914 -0.222395
v -1.235491 -0.090338 -0.144950
v -1.234290 0.008216 -0.178270
v -1.105736 0.002625 -0.249626
v -1.105245 0.141982 -0.221735
v -1.174284 0.129858 -0.197389
v -1.174724 0.004914 -0.222395
v -1.233930 0.110233 -0.157852
v -1.234290 0.008216 -0.178270
v -1.031520 0.145779 -0.229232
v -0.958132 0.140990 -0.219368
v -0.958623 0.001632 -0.247259
v -0.890081 0.127940 -0.192815
v -0.890521 0.002996 -0.217822
v -0.832011 0.107521 -0.151385
v -0.832371 0.005504 -0.171802
v -1.105245 0.141982 -0.221735
v -0.958922 0.247737 -0.125543
v -0.890081 0.127940 -0.192815
v -0.890788 0.223648 -0.108695
v -1.106035 0.248730 -0.127911
v -1.174284 0.129858 -0.197389
v -1.174991 0.225565 -0.113269
v -3.493515 0.036235 -0.016026
v -3.493545 0.034566 -0.014914
v -1.903562 -0.001558 -0.001889
v -1.522988 -0.031321 -0.009215
v -2.505500 0.018368 -0.003728
v -3.032809 0.026835 -0.009786
v -2.505392 0.022687 -0.008641
v -1.903303 0.008809 -0.013682
v -1.522468 -0.010586 -0.032801
v -3.488355 0.033363 -0.015408
v -3.493527 0.035251 -0.015694
v -3.488326 0.034493 -0.016695
v -3.032748 0.029282 -0.012570
v -3.488307 0.036116 -0.017243
v -3.032705 0.032794 -0.013758
v -2.505316 0.028884 -0.010736
v -1.903121 0.023685 -0.018711
v -2.505293 0.035300 -0.009453
v -3.032692 0.036430 -0.013030
v -3.488301 0.037796 -0.016907
v -3.493512 0.037253 -0.015823
v -3.488310 0.039083 -0.015776
v -3.032713 0.039215 -0.010583
v -2.505330 0.040214 -0.005134
v -1.903154 0.050879 -0.005262
v -1.903067 0.039084 -0.015629
v -1.522171 0.073555 -0.015961
v -1.521997 0.049964 -0.036696
v -1.522106 0.019166 -0.042860
v -1.309667 0.013736 -0.101574
v -1.309447 0.076132 -0.089086
v -1.309800 0.123927 -0.047078
v -1.310402 -0.046542 -0.081195
v -1.311454 -0.088550 -0.033409
v -0.791450 -0.123700 0.038599
v -0.763022 -0.043280 0.070725
v -0.792412 -0.100130 0.108281
v -0.762524 -0.055481 0.034655
v -0.752270 0.017867 0.030088
v -0.898653 -0.090288 0.248418
v -0.897946 -0.185996 0.164297
v -0.839011 -0.070663 0.208881
v -0.838433 -0.148807 0.140197
v -0.792412 -0.100130 0.108281
v -0.792821 -0.044873 0.156848
v -0.763234 -0.014677 0.095865
v -0.763022 -0.043280 0.070725
v -0.752270 0.017867 0.030088
v -0.839011 -0.070663 0.208881
v -0.838651 0.031354 0.229298
v -0.792821 -0.044873 0.156848
v -0.792566 0.027264 0.171285
v -0.763234 -0.014677 0.095865
v -0.763102 0.022664 0.103339
v -0.752270 0.017867 0.030088
v -0.832589 0.185665 -0.082701
v -0.833950 0.218999 0.015847
v -0.789242 0.159949 0.020352
v -0.788280 0.136378 -0.049331
v -0.760883 0.079145 -0.010861
v -0.761381 0.091347 0.025210
v -0.752270 0.017867 0.030088
v -0.835729 0.198590 0.117850
v -0.833950 0.218999 0.015847
v -0.789242 0.159949 0.020352
v -0.790500 0.145517 0.092479
v -0.761381 0.091347 0.025210
v -0.762032 0.083876 0.062545
v -0.752270 0.017867 0.030088
v -0.894100 -0.201826 -0.081326
v -0.891992 -0.117707 -0.177013
v -0.835293 -0.161733 -0.060354
v -0.833572 -0.093050 -0.138483
v -0.788975 -0.060703 -0.088775
v -0.790192 -0.109269 -0.033530
v -0.761873 -0.048011 -0.002681
v -0.761243 -0.022871 -0.031278
v -0.752270 0.017867 0.030088
v -0.835293 -0.161733 -0.060354
v -0.837072 -0.182142 0.041651
v -0.790192 -0.109269 -0.033530
v -0.791450 -0.123700 0.038599
v -0.761873 -0.048011 -0.002681
v -0.762524 -0.055481 0.034655
v -0.752270 0.017867 0.030088
v -0.837450 0.129908 0.195979
v -0.838651 0.031354 0.229298
v -0.791717 0.096951 0.147725
v -0.792566 0.027264 0.171285
v -0.763102 0.022664 0.103339
v -0.762662 0.058737 0.091143
v -0.752270 0.017867 0.030088
v -0.896742 0.155359 0.232615
v -0.894634 0.239478 0.136928
v -0.837450 0.129908 0.195979
v -0.835729 0.198590 0.117850
v -0.790500 0.145517 0.092479
v -0.791717 0.096951 0.147725
v -0.762662 0.058737 0.091143
v -0.762032 0.083876 0.062545
v -0.752270 0.017867 0.030088
v -0.833572 -0.093050 -0.138483
v -0.832371 0.005504 -0.171802
v -0.788975 -0.060703 -0.088775
v -0.788126 0.008985 -0.112335
v -0.760803 0.013202 -0.043474
v -0.761243 -0.022871 -0.031278
v -0.752270 0.017867 0.030088
v -0.832011 0.107521 -0.151385
v -0.832371 0.005504 -0.171802
v -0.787871 0.081121 -0.097898
v -0.788126 0.008985 -0.112335
v -0.760803 0.013202 -0.043474
v -0.760672 0.050543 -0.036001
v -0.752270 0.017867 0.030088
v -0.890081 0.127940 -0.192815
v -0.890788 0.223648 -0.108695
v -0.832011 0.107521 -0.151385
v -0.832589 0.185665 -0.082701
v -0.788280 0.136378 -0.049331
v -0.787871 0.081121 -0.097898
v -0.760672 0.050543 -0.036001
v -0.760883 0.079145 -0.010861
v -0.752270 0.017867 0.030088
v -0.838433 -0.148807 0.140197
v -0.837072 -0.182142 0.041651
v -1.040601 -0.216723 0.183126
v -1.114807 -0.101420 0.270396
v -1.114017 -0.208168 0.176572
v -1.182856 -0.088371 0.243844
v -1.182148 -0.184078 0.159724
v -1.041419 -0.106209 0.280260
v -0.967694 -0.102412 0.272764
v -0.966904 -0.209160 0.178939
v -0.898653 -0.090288 0.248418
v -0.897946 -0.185996 0.164297
v -1.178303 -0.199908 -0.085899
v -1.107377 -0.132001 -0.204111
v -1.109728 -0.225824 -0.097384
v -1.036161 -0.235002 -0.100494
v -1.033727 -0.137869 -0.210986
v -0.960264 -0.132994 -0.201743
v -0.962615 -0.226817 -0.095017
v -0.894100 -0.201826 -0.081326
v -1.038677 -0.263864 0.043761
v -1.109728 -0.225824 -0.097384
v -0.962615 -0.226817 -0.095017
v -1.112158 -0.253702 0.041956
v -1.178303 -0.199908 -0.085899
v -1.180482 -0.224904 0.039030
v -1.237211 -0.159021 -0.066821
v -1.238991 -0.179430 0.035183
v -0.965045 -0.254695 0.044323
v -0.894100 -0.201826 -0.081326
v -0.896279 -0.226821 0.043603
v -0.835293 -0.161733 -0.060354
v -0.837072 -0.182142 0.041651
v -1.114017 -0.208168 0.176572
v -1.112158 -0.253702 0.041956
v -1.182148 -0.184078 0.159724
v -1.180482 -0.224904 0.039030
v -1.240352 -0.146095 0.133729
v -1.238991 -0.179430 0.035183
v -0.966904 -0.209160 0.178939
v -0.965045 -0.254695 0.044323
v -0.897946 -0.185996 0.164297
v -0.896279 -0.226821 0.043603
v -0.838433 -0.148807 0.140197
v -0.837072 -0.182142 0.041651
v -3.493576 0.034695 -0.012912
v -3.488406 0.033575 -0.012106
v -3.032921 0.027295 -0.002639
v -2.505734 0.024095 0.013202
v -2.505697 0.019181 0.008883
v -1.904124 0.012188 0.038751
v -3.493545 0.034566 -0.014914
v -1.904036 0.000393 0.028384
v -1.523936 -0.027419 0.051330
v -1.523525 -0.037482 0.021580
v -1.903831 -0.004639 0.013509
v -2.505612 0.017085 0.002686
v -1.903562 -0.001558 -0.001889
v -1.522988 -0.031321 -0.009215
v -2.505500 0.018368 -0.003728
v -3.032872 0.026108 -0.006151
v -3.032809 0.026835 -0.009786
v -2.505392 0.022687 -0.008641
v -1.903303 0.008809 -0.013682
v -1.522468 -0.010586 -0.032801
v -3.488384 0.033026 -0.013729
v -3.493562 0.034362 -0.013896
v -3.488355 0.033363 -0.015408
v -3.493527 0.035251 -0.015694
v -3.488326 0.034493 -0.016695
v -1.310402 -0.046542 -0.081195
v -1.311454 -0.088550 -0.033409
v -1.312542 -0.101032 0.028979
v -1.313375 -0.080644 0.089252
v -1.313728 -0.032849 0.131260
v -1.524110 -0.003828 0.072065
v -1.040601 -0.216723 0.183126
v -1.114807 -0.101420 0.270396
v -1.114017 -0.208168 0.176572
v -1.041419 -0.106209 0.280260
v -0.967694 -0.102412 0.272764
v -0.966904 -0.209160 0.178939
v -0.898653 -0.090288 0.248418
v -0.967694 -0.102412 0.272764
v -1.040910 0.038064 0.309135
v -1.114807 -0.101420 0.270396
v -0.967202 0.036945 0.300654
v -0.898653 -0.090288 0.248418
v -0.898213 0.034656 0.273424
v -0.839011 -0.070663 0.208881
v -0.838651 0.031354 0.229298
v -1.114315 0.037937 0.298287
v -1.182856 -0.088371 0.243844
v -1.182416 0.036574 0.268850
v -1.240930 -0.067951 0.202413
v -1.240570 0.034066 0.222830
v -1.036778 0.274572 0.151523
v -1.112675 0.172564 0.252772
v -1.114315 0.037937 0.298287
v -1.180945 0.157276 0.228042
v -1.182416 0.036574 0.268850
v -1.239369 0.132620 0.189511
v -1.240570 0.034066 0.222830
v -1.039211 0.177440 0.262014
v -0.965561 0.171571 0.255139
v -0.967202 0.036945 0.300654
v -0.896742 0.155359 0.232615
v -0.898213 0.034656 0.273424
v -0.837450 0.129908 0.195979
v -0.838651 0.031354 0.229298
v -1.112675 0.172564 0.252772
v -1.110324 0.266386 0.146045
v -1.180945 0.157276 0.228042
v -1.178837 0.241395 0.132354
v -0.963211 0.265393 0.148413
v -0.896742 0.155359 0.232615
v -0.894634 0.239478 0.136928
v -3.488410 0.036542 -0.010639
v -3.493582 0.035475 -0.012227
v -3.488416 0.034862 -0.010975
v -3.493578 0.036493 -0.012023
v -3.493576 0.034695 -0.012912
v -3.488406 0.033575 -0.012106
v -3.032942 0.030080 -0.000192
v -3.032921 0.027295 -0.002639
v -2.505734 0.024095 0.013202
v -2.505697 0.019181 0.008883
v -1.904124 0.012188 0.038751
v -1.904036 0.000393 0.028384
v -1.523936 -0.027419 0.051330
v -1.313728 -0.032849 0.131260
v -1.313508 0.029547 0.143748
v -1.524110 -0.003828 0.072065
v -1.312773 0.089824 0.123369
v -1.524001 0.026970 0.078229
v -1.523639 0.056722 0.068170
v -1.311721 0.131832 0.075584
v -1.523119 0.077458 0.044584
v -1.903628 0.052830 0.025010
v -1.903888 0.042463 0.036803
v -2.505527 0.041027 0.007478
v -1.904069 0.027587 0.041833
v -2.505635 0.036708 0.012391
v -3.032825 0.039675 -0.003435
v -3.488362 0.039296 -0.012474
v -3.032886 0.037228 -0.000652
v -2.505711 0.030510 0.014485
v -3.493549 0.038162 -0.013135
v -3.488390 0.038164 -0.011188
v -3.032929 0.033716 0.000536
v -3.493566 0.037477 -0.012356
v -1.274170 0.286998 -0.357833
v -1.266777 -0.504106 0.459992
v -1.272403 0.300350 0.446645
v -1.268548 -0.517463 -0.344487
v 1.427526 0.319113 0.440419
v 1.431385 -0.498699 -0.350712
v 1.425762 0.305762 -0.364058
v 1.433147 -0.485341 0.453763
v 1.395939 -0.546647 -0.349838
v 1.395502 -0.499739 -0.398329
v 1.431385 -0.498699 -0.350712
v 1.425762 0.305762 -0.364058
v 1.389881 0.304711 -0.411670
v 1.389651 0.353210 -0.364765
v 1.397702 -0.533289 0.454637
v 1.433147 -0.485341 0.453763
v 1.397473 -0.484799 0.501546
v 1.391851 0.319664 0.488199
v 1.427526 0.319113 0.440419
v 1.391414 0.366560 0.439712
v -1.232433 -0.564910 -0.343778
v -1.268548 -0.517463 -0.344487
v -1.232862 -0.518011 -0.392263
v -1.238485 0.286451 -0.405608
v -1.274170 0.286998 -0.357833
v -1.238724 0.334946 -0.358706
v -1.230675 -0.551559 0.460697
v -1.230899 -0.503068 0.507606
v -1.266777 -0.504106 0.459992
v -1.272403 0.300350 0.446645
v -1.236519 0.301388 0.494264
v -1.236957 0.348298 0.445772
v 1.431385 -0.498699 -0.350712
v 1.397702 -0.533289 0.454637
v 1.395939 -0.546647 -0.349838
v 1.433147 -0.485341 0.453763
v 1.427526 0.319113 0.440419
v 1.389651 0.353210 -0.364765
v 1.391414 0.366560 0.439712
v 1.425762 0.305762 -0.364058
v -1.266777 -0.504106 0.459992
v -1.268548 -0.517463 -0.344487
v -1.232433 -0.564910 -0.343778
v -1.230675 -0.551559 0.460697
v -1.274170 0.286998 -0.357833
v -1.272403 0.300350 0.446645
v -1.236957 0.348298 0.445772
v -1.238724 0.334946 -0.358706
v 1.397473 -0.484799 0.501546
v -1.230899 -0.503068 0.507606
v -1.230675 -0.551559 0.460697
v 1.397702 -0.533289 0.454637
v 1.391414 0.366560 0.439712
v -1.236957 0.348298 0.445772
v -1.236519 0.301388 0.494264
v 1.391851 0.319664 0.488199
v -1.232862 -0.518011 -0.392263
v 1.395502 -0.499739 -0.398329
v 1.395939 -0.546647 -0.349838
v -1.232433 -0.564910 -0.343778
v -1.238724 0.334946 -0.358706
v 1.389651 0.353210 -0.364765
v 1.389881 0.304711 -0.411670
v -1.238485 0.286451 -0.405608
v 1.389881 0.304711 -0.411670
v -1.232862 -0.518011 -0.392263
v -1.238485 0.286451 -0.405608
v 1.395502 -0.499739 -0.398329
v -1.236957 0.348298 0.445772
v 1.391414 0.366560 0.439712
v 1.389651 0.353210 -0.364765
v -1.238724 0.334946 -0.358706
v -1.236519 0.301388 0.494264
v 1.397473 -0.484799 0.501546
v 1.391851 0.319664 0.488199
v -1.230899 -0.503068 0.507606
v -1.232433 -0.564910 -0.343778
v 1.395939 -0.546647 -0.349838
v 1.397702 -0.533289 0.454637
v -1.230675 -0.551559 0.460697
v -1.281106 0.288936 -0.359873
v -1.273725 -0.506142 0.462060
v -1.279345 0.302341 0.448667
v -1.275483 -0.519555 -0.346475
v 1.434461 0.321204 0.442409
v 1.438329 -0.500694 -0.352732
v 1.432704 0.307786 -0.366125
v 1.440086 -0.487280 0.455804
v 1.399249 -0.552943 -0.352170
v 1.398758 -0.502277 -0.404614
v 1.438329 -0.500694 -0.352732
v 1.432704 0.307786 -0.366125
v 1.393126 0.307090 -0.418030
v 1.392896 0.359461 -0.367322
v 1.401047 -0.539511 0.457167
v 1.440086 -0.487280 0.455804
v 1.400763 -0.487148 0.507851
v 1.395129 0.322219 0.494437
v 1.434461 0.321204 0.442409
v 1.394671 0.372904 0.442068
v -1.235688 -0.571253 -0.346134
v -1.275483 -0.519555 -0.346475
v -1.236141 -0.520567 -0.398501
v -1.241782 0.288797 -0.411918
v -1.281106 0.288936 -0.359873
v -1.242071 0.341163 -0.361236
v -1.233908 -0.557813 0.463261
v -1.234142 -0.505434 0.513963
v -1.273725 -0.506142 0.462060
v -1.279345 0.302341 0.448667
v -1.239775 0.303927 0.500548
v -1.240268 0.354596 0.448103
v 1.438329 -0.500694 -0.352732
v 1.401047 -0.539511 0.457167
v 1.399249 -0.552943 -0.352170
v 1.440086 -0.487280 0.455804
v 1.434461 0.321204 0.442409
v 1.392896 0.359461 -0.367322
v 1.394671 0.372904 0.442068
v 1.432704 0.307786 -0.366125
v -1.273725 -0.506142 0.462060
v -1.275483 -0.519555 -0.346475
v -1.235688 -0.571253 -0.346134
v -1.233908 -0.557813 0.463261
v -1.281106 0.288936 -0.359873
v -1.279345 0.302341 0.448667
v -1.240268 0.354596 0.448103
v -1.242071 0.341163 -0.361236
v 1.400763 -0.487148 0.507851
v -1.234142 -0.505434 0.513963
v -1.233908 -0.557813 0.463261
v 1.401047 -0.539511 0.457167
v 1.394671 0.372904 0.442068
v -1.240268 0.354596 0.448103
v -1.239775 0.303927 0.500548
v 1.395129 0.322219 0.494437
v -1.236141 -0.520567 -0.398501
v 1.398758 -0.502277 -0.404614
v 1.399249 -0.552943 -0.352170
v -1.235688 -0.571253 -0.346134
v -1.242071 0.341163 -0.361236
v 1.392896 0.359461 -0.367322
v 1.393126 0.307090 -0.418030
v -1.241782 0.288797 -0.411918
v 1.393126 0.307090 -0.418030
v -1.236141 -0.520567 -0.398501
v -1.241782 0.288797 -0.411918
v 1.398758 -0.502277 -0.404614
v -1.240268 0.354596 0.448103
v 1.394671 0.372904 0.442068
v 1.392896 0.359461 -0.367322
v -1.242071 0.341163 -0.361236
v -1.239775 0.303927 0.500548
v 1.400763 -0.487148 0.507851
v 1.395129 0.322219 0.494437
v -1.234142 -0.505434 0.513963
v -1.235688 -0.571253 -0.346134
v 1.399249 -0.552943 -0.352170
v 1.401047 -0.539511 0.457167
v -1.233908 -0.557813 0.463261
v -0.166134 0.675961 0.501977
v -0.163553 0.727221 0.562593
v -0.196007 0.682383 0.599425
v -0.203583 0.698065 0.558129
v -0.252887 0.697758 0.502702
v -0.237095 0.698065 0.548547
v -0.231317 0.688005 0.591506
v -0.269326 0.674204 0.546293
v -0.215757 0.436674 -0.528158
v -0.213176 0.487935 -0.467542
v -0.245631 0.443096 -0.430710
v -0.253206 0.458778 -0.472006
v -0.302510 0.458470 -0.527433
v -0.286718 0.458778 -0.481588
v -0.280941 0.448718 -0.438629
v -0.318949 0.434917 -0.483842
v -0.352903 0.946190 0.120764
v -0.350321 0.997451 0.181380
v -0.382776 0.952612 0.218212
v -0.390352 0.968294 0.176916
v -0.439655 0.967987 0.121490
v -0.423864 0.968294 0.167334
v -0.418086 0.958234 0.210293
v -0.456095 0.944433 0.165080
v 0.818511 0.855281 0.006170
v 0.821092 0.906541 0.066786
v 0.788637 0.861703 0.103618
v 0.781061 0.877385 0.062322
v 0.731758 0.877077 0.006895
v 0.747549 0.877385 0.052740
v 0.753327 0.867325 0.095699
v 0.715318 0.853524 0.050486
v 0.565342 0.313194 -0.999365
v 0.567923 0.364454 -0.938749
v 0.535469 0.319616 -0.901917
v 0.527893 0.335298 -0.943213
v 0.478589 0.334990 -0.998639
v 0.494381 0.335298 -0.952795
v 0.500159 0.325238 -0.909836
v 0.462150 0.311437 -0.955049
v -0.061376 0.140037 0.687034
v -0.058794 0.191297 0.747649
v -0.091249 0.146459 0.784482
v -0.098825 0.162141 0.743186
v -0.148129 0.161833 0.687759
v -0.132337 0.162141 0.733603
v -0.126559 0.152081 0.776563
v -0.164568 0.138280 0.731349
v 0.484970 0.979708 0.204317
v 0.487552 1.030969 0.264932
v 0.455097 0.986130 0.301765
v 0.447521 1.001812 0.260469
v 0.398218 1.001505 0.205042
v 0.414009 1.001812 0.250886
v 0.419787 0.991752 0.293846
v 0.381778 0.977951 0.248632
v 1.342064 0.466468 0.786559
v 1.344645 0.517729 0.847174
v 1.312190 0.472890 0.884007
v 1.304615 0.488572 0.842711
v 1.255311 0.488265 0.787284
v 1.271102 0.488572 0.833129
v 1.276880 0.478512 0.876088
v 1.238871 0.464711 0.830875
v 1.770850 0.520262 -0.446444
v 1.773432 0.571522 -0.385828
v 1.740977 0.526684 -0.348996
v 1.733401 0.542366 -0.390292
v 1.684098 0.542058 -0.445718
v 1.699889 0.542366 -0.399874
v 1.705667 0.532306 -0.356915
v 1.667658 0.518505 -0.402128
v 0.059817 -0.779651 -0.315990
v 0.062398 -0.728390 -0.255375
v 0.029944 -0.773228 -0.218542
v 0.022368 -0.757546 -0.259838
v -0.026936 -0.757854 -0.315265
v -0.011144 -0.757546 -0.269420
v -0.005366 -0.767606 -0.226461
v -0.043375 -0.781407 -0.271674
v 1.449003 0.017634 -0.295533
v 1.451585 0.068894 -0.234917
v 1.419129 0.024056 -0.198085
v 1.411554 0.039738 -0.239381
v 1.362250 0.039431 -0.294807
v 1.378042 0.039738 -0.248963
v 1.383819 0.029678 -0.206004
v 1.345811 0.015877 -0.251217
v 0.886523 -0.866084 -0.030812
v 0.889104 -0.814824 0.029803
v 0.856649 -0.859662 0.066636
v 0.849074 -0.843980 0.025340
v 0.799770 -0.844288 -0.030087
v 0.815562 -0.843980 0.015757
v 0.821339 -0.854040 0.058717
v 0.783331 -0.867841 0.013504
v -0.463382 -1.100305 0.726941
v -0.460801 -1.049044 0.787557
v -0.493255 -1.093883 0.824389
v -0.500831 -1.078201 0.783093
v -0.550135 -1.078508 0.727666
v -0.534343 -1.078201 0.773511
v -0.528565 -1.088261 0.816470
v -0.566574 -1.102062 0.771257
v -0.920554 0.134573 0.802199
v -0.917973 0.185833 0.862815
v -0.950428 0.140995 0.899648
v -0.958003 0.156676 0.858352
v -1.007307 0.156369 0.802925
v -0.991515 0.156677 0.848769
v -0.985738 0.146617 0.891729
v -1.023746 0.132816 0.846516
vn -0.7090 0.7029 -0.0564
vn -0.7167 0.6318 0.2951
vn -0.7228 0.3894 0.5709
vn -0.7059 0.5873 -0.3960
vn -0.7257 0.0498 0.6862
vn -0.7039 0.3115 -0.6384
vn -0.7282 -0.3018 0.6154
vn -0.7039 0.3114 -0.6384
vn -0.7039 -0.0401 -0.7092
vn -0.7261 -0.5776 0.3730
vn -0.7035 -0.0402 -0.7095
vn -0.7262 -0.5776 0.3729
vn -0.7093 -0.3797 -0.5939
vn -0.7199 -0.6933 0.0334
vn -0.7153 -0.6221 -0.3182
vn -0.6925 -0.3882 -0.6081
vn -0.6987 -0.6376 -0.3243
vn -0.7098 -0.5922 0.3816
vn -0.7119 -0.3083 0.6310
vn -0.7098 -0.5921 0.3815
vn -0.6891 0.6016 -0.4041
vn -0.6870 0.3178 -0.6535
vn -0.7001 0.6471 0.3018
vn -0.7064 0.3976 0.5856
vn -0.7094 0.7026 -0.0564
vn -0.7168 0.6318 0.2951
vn -0.7093 0.7027 -0.0564
vn -0.7254 0.0498 0.6865
vn -0.7201 -0.6930 0.0334
vn -0.7092 -0.3798 -0.5939
vn -0.7202 -0.6929 0.0334
vn -0.7098 -0.5922 0.3815
vn -0.7256 0.0498 0.6863
vn -0.7153 -0.6221 -0.3181
vn -0.7097 0.3991 0.5806
vn -0.7036 0.6424 0.3038
vn -0.6905 0.3198 -0.6488
vn -0.6925 0.5966 -0.4055
vn -0.7132 -0.5872 0.3829
vn -0.7152 -0.3104 0.6262
vn -0.7021 -0.6329 -0.3264
vn -0.6960 -0.3896 -0.6032
vn -0.7094 -0.6245 -0.3268
vn -0.7164 -0.6968 0.0337
vn -0.7164 -0.6969 0.0337
vn -0.7205 -0.5788 0.3820
vn -0.7035 -0.3887 -0.5950
vn -0.7225 -0.3106 0.6178
vn -0.7225 -0.3105 0.6178
vn -0.6999 -0.0404 -0.7131
vn -0.7219 0.0500 0.6901
vn -0.7000 -0.0404 -0.7130
vn -0.7220 0.0500 0.6901
vn -0.6980 0.3201 -0.6406
vn -0.7169 0.3983 0.5722
vn -0.7170 0.3983 0.5722
vn -0.6999 0.5884 -0.4048
vn -0.7110 0.6341 0.3039
vn -0.7055 0.7064 -0.0566
vn -0.6440 -0.4283 0.6339
vn -0.7061 -0.3168 0.6333
vn -0.6248 -0.5074 -0.5935
vn -0.6866 -0.3969 -0.6091
vn -0.9770 0.2114 -0.0289
vn -0.8740 0.1317 0.4677
vn -0.8561 0.0944 0.5080
vn -0.7516 -0.0703 0.6559
vn -0.8587 0.0689 -0.5078
vn -0.7421 -0.0932 0.6637
vn -0.8397 0.0267 -0.5424
vn -0.7309 -0.1554 -0.6645
vn -0.7213 -0.1791 -0.6691
vn -0.6259 -0.5419 0.5608
vn -0.6602 -0.3147 0.6820
vn -0.6598 -0.3308 0.6748
vn -0.6092 -0.6107 -0.5059
vn -0.6391 -0.4159 -0.6470
vn -0.6392 -0.4009 -0.6563
vn -0.7710 0.2047 -0.6031
vn -0.6395 -0.2867 -0.7133
vn -0.7890 0.2788 0.5475
vn -0.6621 -0.1941 0.7239
vn -0.6620 -0.1941 0.7239
vn -0.7829 0.2611 -0.5646
vn -0.7996 0.3299 0.5018
vn -0.8307 0.4574 -0.3174
vn -0.8393 0.4927 0.2301
vn -0.8388 0.4763 -0.2637
vn -0.8457 0.5045 0.1741
vn -0.8491 0.5261 -0.0472
vn -0.6835 0.6822 -0.2597
vn -0.6835 0.6822 -0.2596
vn -0.6666 0.6609 -0.3447
vn -0.7016 0.7109 -0.0490
vn -0.6889 0.7079 0.1560
vn -0.6757 0.6984 0.2361
vn -0.6899 0.7085 0.1485
vn -0.7014 0.7099 -0.0646
vn -0.6822 0.6806 -0.2670
vn -0.5660 0.5875 0.5783
vn -0.5554 0.5930 0.5830
vn -0.8340 0.3732 0.4065
vn -0.5358 0.5121 -0.6713
vn -0.5465 0.5073 -0.6663
vn -0.8202 0.3163 -0.4768
vn -0.4452 -0.6823 -0.5799
vn -0.4366 -0.6819 -0.5868
vn -0.7475 -0.5196 -0.4138
vn -0.4560 -0.6018 0.6556
vn -0.4644 -0.6032 0.6485
vn -0.7611 -0.4637 0.4535
vn -0.7013 0.2533 0.6664
vn -0.6847 0.3385 0.6454
vn -0.7181 0.0424 0.6947
vn -0.7034 -0.1625 0.6920
vn -0.6892 -0.2424 0.6828
vn -0.6636 0.2515 -0.7046
vn -0.6797 0.1642 -0.7149
vn -0.7045 -0.1549 0.6926
vn -0.7180 0.0581 0.6937
vn -0.7001 0.2607 0.6648
vn -0.6681 -0.3294 -0.6672
vn -0.6828 -0.2439 -0.6887
vn -0.6970 0.4050 0.5917
vn -0.6908 0.6539 0.3086
vn -0.6774 0.3243 -0.6603
vn -0.6795 0.6075 -0.4114
vn -0.7039 -0.5933 0.3906
vn -0.7026 -0.3150 0.6380
vn -0.6926 -0.6399 -0.3330
vn -0.6830 -0.3957 -0.6139
vn -0.7187 -0.6172 -0.3201
vn -0.7241 -0.6889 0.0331
vn -0.7296 -0.5725 0.3741
vn -0.7187 -0.6173 -0.3200
vn -0.7128 -0.3810 -0.5889
vn -0.7316 -0.3037 0.6104
vn -0.7128 -0.3809 -0.5889
vn -0.7078 -0.0399 -0.7052
vn -0.7296 0.0496 0.6821
vn -0.7079 -0.0399 -0.7052
vn -0.7297 0.0496 0.6820
vn -0.7074 0.3134 -0.6336
vn -0.7262 0.3907 0.5657
vn -0.7262 0.3906 0.5658
vn -0.7094 0.5822 -0.3973
vn -0.7202 0.6269 0.2970
vn -0.7202 0.6269 0.2971
vn -0.7134 0.6985 -0.0562
vn -0.7133 0.6986 -0.0562
vn -0.7181 -0.1074 0.6876
vn -0.7733 0.0702 0.6302
vn -0.7181 -0.1074 0.6877
vn -0.7733 0.0703 0.6302
vn -0.7950 0.2624 0.5470
vn -0.7949 0.2624 0.5470
vn -0.7986 0.2916 0.5266
vn -0.7531 -0.0128 -0.6578
vn -0.6965 -0.1962 -0.6902
vn -0.7806 0.1898 -0.5955
vn -0.7806 0.1897 -0.5956
vn -0.7811 0.2199 -0.5844
vn -0.7049 -0.2920 0.6465
vn -0.6642 -0.5703 0.4833
vn -0.6718 -0.5280 0.5195
vn -0.7067 -0.2686 0.6545
vn -0.7257 -0.1397 0.6737
vn -0.6849 -0.3739 -0.6253
vn -0.6564 -0.5917 -0.4681
vn -0.6500 -0.6289 -0.4266
vn -0.6848 -0.3588 -0.6343
vn -0.7729 -0.0083 0.6345
vn -0.7257 -0.1396 0.6737
vn -0.7046 -0.2264 -0.6725
vn -0.7690 -0.0242 0.6388
vn -0.8642 0.2174 0.4538
vn -0.7567 -0.0912 -0.6474
vn -0.8572 0.1875 0.4797
vn -0.7488 -0.1075 -0.6541
vn -0.9411 0.3360 -0.0364
vn -0.8492 0.1556 -0.5047
vn -0.9412 0.3360 -0.0364
vn -0.8414 0.1227 -0.5262
vn -0.7211 0.6905 -0.0558
vn -0.7354 0.6412 -0.2192
vn -0.7328 0.6199 -0.2806
vn -0.7363 0.3389 -0.5857
vn -0.7211 0.6906 -0.0558
vn -0.7370 0.2822 -0.6142
vn -0.7406 0.6626 0.1121
vn -0.7399 0.6493 0.1758
vn -0.7370 0.2821 -0.6142
vn -0.6455 -0.2162 -0.7325
vn -0.6466 -0.2166 -0.7314
vn -0.7535 0.4098 0.5141
vn -0.7552 0.3572 0.5496
vn -0.6685 -0.1217 0.7337
vn -0.7552 0.3571 0.5496
vn -0.6226 0.5406 0.5658
vn -0.6274 0.5380 0.5629
vn -0.8321 0.2587 0.4906
vn -0.8097 0.2993 0.5048
vn -0.9356 -0.0731 0.3453
vn -0.6035 0.4623 -0.6497
vn -0.8159 0.1919 -0.5454
vn -0.6085 0.4601 -0.6466
vn -0.7929 0.2304 -0.5641
vn -0.9246 -0.1187 -0.3621
vn -0.9049 0.2791 0.3213
vn -0.9387 0.3428 -0.0368
vn -0.8939 0.2337 -0.3826
vn -0.8939 0.2338 -0.3825
vn -0.8044 0.0601 0.5911
vn -0.7854 -0.0179 -0.6187
vn -0.7855 -0.0179 -0.6187
vn -0.6597 -0.2494 0.7090
vn -0.6378 -0.3397 -0.6913
vn -0.6597 -0.2494 0.7089
vn -0.6377 -0.3397 -0.6913
vn -0.7784 -0.0106 -0.6277
vn -0.6294 -0.3401 -0.6987
vn -0.8905 0.2427 -0.3849
vn -0.7976 0.0684 0.5993
vn -0.6516 -0.2489 0.7166
vn -0.7976 0.0685 0.5993
vn -0.9351 0.3524 -0.0374
vn -0.9016 0.2883 0.3226
vn -0.9015 0.2883 0.3227
vn -0.6936 0.7181 -0.0571
vn -0.6891 0.6016 -0.4040
vn -0.6937 0.7180 -0.0571
vn 0.3542 0.9336 -0.0546
vn 0.3873 0.8699 0.3055
vn 0.3984 0.8242 -0.4024
vn 0.4912 0.6562 0.5728
vn 0.5101 0.5783 -0.6367
vn 0.3891 0.8290 -0.4016
vn 0.5019 0.5773 -0.6441
vn 0.3781 0.8745 0.3038
vn 0.4827 0.6562 0.5800
vn 0.3891 0.8291 -0.4016
vn 0.3445 0.9372 -0.0550
vn -0.6891 0.6017 -0.4040
vn -0.7001 0.6471 0.3017
vn -0.7036 0.6424 0.3037
vn -0.6925 0.5967 -0.4055
vn 0.6713 0.5361 -0.5118
vn 0.6887 0.7241 -0.0359
vn 0.6561 0.5987 0.4594
vn 0.4196 0.8791 0.2261
vn 0.4906 0.7049 0.5123
vn 0.5080 0.6632 0.5496
vn 0.4206 0.8912 0.1700
vn 0.4095 0.9108 -0.0523
vn 0.5077 0.6343 -0.5830
vn 0.4282 0.8437 -0.3238
vn 0.5261 0.5882 -0.6141
vn 0.4274 0.8628 -0.2698
vn 0.3626 0.6333 -0.6837
vn 0.2126 0.7586 -0.6159
vn 0.1806 0.7732 -0.6079
vn 0.3424 0.7166 0.6077
vn 0.3423 0.7166 0.6077
vn 0.1939 0.8286 0.5252
vn 0.1631 0.8452 0.5090
vn 0.6967 0.7165 -0.0353
vn 0.6892 0.6446 0.3308
vn 0.7005 0.5982 -0.3891
vn 0.6892 0.6446 0.3307
vn 0.2537 0.7237 0.6418
vn 0.2552 0.7271 0.6374
vn 0.4063 0.6929 0.5957
vn 0.4063 0.6928 0.5957
vn 0.4366 0.6819 0.5868
vn 0.2750 0.6359 -0.7211
vn 0.4261 0.6115 -0.6667
vn 0.2764 0.6398 -0.7171
vn 0.4560 0.6019 -0.6556
vn 0.5897 0.8065 -0.0427
vn 0.6121 0.6029 -0.5117
vn 0.6192 0.5768 -0.5328
vn 0.5971 0.6648 0.4489
vn 0.6035 0.6416 0.4734
vn 0.2404 0.9648 0.1068
vn 0.2128 0.9753 -0.0595
vn 0.2455 0.9436 -0.2222
vn 0.2491 0.9530 0.1725
vn 0.2636 0.9216 -0.2849
vn 0.3769 0.7887 0.4858
vn 0.3935 0.7206 -0.5710
vn 0.4058 0.7413 0.5345
vn 0.4238 0.6674 -0.6124
vn -0.6855 0.7258 -0.0575
vn -0.6908 0.6539 0.3085
vn -0.6795 0.6075 -0.4113
vn -0.2121 0.6730 -0.7085
vn -0.2121 0.6730 -0.7086
vn -0.1483 0.6688 -0.7285
vn -0.1407 0.6695 -0.7293
vn -0.1019 0.6646 -0.7402
vn -0.1730 0.6411 -0.7477
vn -0.1892 0.6348 -0.7492
vn -0.2112 0.7253 0.6553
vn -0.1950 0.7314 0.6535
vn -0.1236 0.7539 0.6452
vn -0.1696 0.7564 0.6317
vn -0.1630 0.7537 0.6367
vn -0.2327 0.7580 0.6094
vn 0.7047 0.7087 -0.0346
vn 0.7046 0.7087 -0.0346
vn 0.7021 0.6329 0.3264
vn 0.7132 0.5872 -0.3828
vn -0.2882 0.7746 0.5630
vn -0.3647 0.7384 0.5673
vn -0.2954 0.7729 0.5616
vn -0.3579 0.7404 0.5690
vn -0.1288 0.8396 0.5277
vn -0.4632 0.6743 0.5751
vn -0.1447 0.8320 0.5356
vn 0.0297 0.8761 0.4813
vn 0.0297 0.8760 0.4813
vn 0.0612 0.8797 0.4715
vn -0.2690 0.6953 -0.6664
vn -0.3454 0.6587 -0.6684
vn -0.3385 0.6605 -0.6702
vn -0.2762 0.6938 -0.6651
vn -0.4437 0.5940 -0.6711
vn -0.1106 0.7647 -0.6349
vn -0.1262 0.7561 -0.6422
vn 0.0465 0.8071 -0.5886
vn 0.0776 0.8121 -0.5784
vn 0.7047 0.7086 -0.0346
vn 0.7098 0.5922 -0.3815
vn 0.6987 0.6377 0.3243
vn -0.6925 -0.3881 -0.6082
vn -0.6879 -0.0413 -0.7246
vn -0.6870 0.3177 -0.6536
vn 0.5101 0.5782 -0.6367
vn 0.6596 0.2495 -0.7090
vn 0.5102 0.5782 -0.6367
vn 0.5019 0.5772 -0.6441
vn 0.6516 0.2490 -0.7166
vn 0.6516 0.2489 -0.7166
vn -0.6880 -0.0413 -0.7246
vn -0.6880 -0.0413 -0.7245
vn -0.6870 0.3177 -0.6535
vn 0.5947 -0.5687 -0.5682
vn 0.5314 -0.6235 -0.5735
vn 0.5895 -0.5713 -0.5710
vn 0.5314 -0.6235 -0.5734
vn 0.4373 -0.6945 -0.5713
vn -0.6905 0.3198 -0.6489
vn -0.6960 -0.3895 -0.6033
vn -0.6960 -0.3895 -0.6032
vn 0.6819 0.3069 -0.6639
vn 0.7115 0.1312 -0.6904
vn 0.7115 0.1312 -0.6903
vn 0.7664 -0.0157 -0.6421
vn 0.6809 0.1216 -0.7222
vn 0.7566 -0.3652 -0.5424
vn 0.7601 -0.4086 -0.5053
vn 0.5262 0.5881 -0.6142
vn 0.5077 0.6342 -0.5831
vn 0.0369 -0.7619 -0.6467
vn 0.0131 -0.7656 -0.6432
vn 0.3527 -0.6531 -0.6701
vn 0.3371 -0.6612 -0.6702
vn -0.3886 -0.6840 -0.6173
vn -0.1529 -0.7728 -0.6160
vn -0.3733 -0.6927 -0.6171
vn 0.6466 -0.4101 -0.6433
vn 0.6831 -0.3609 -0.6349
vn 0.4938 0.4929 -0.7164
vn 0.5572 0.4144 -0.7196
vn 0.6345 0.2876 -0.7174
vn 0.7374 0.0617 -0.6726
vn -0.6606 -0.2843 -0.6948
vn -0.7309 -0.1555 -0.6645
vn -0.7213 -0.1792 -0.6691
vn -0.6088 -0.6316 -0.4801
vn -0.6395 -0.2868 -0.7133
vn -0.3903 -0.7837 -0.4831
vn -0.4144 -0.7416 -0.5275
vn 0.7026 0.3149 -0.6381
vn 0.7025 -0.0511 -0.7099
vn 0.7024 -0.0511 -0.7100
vn 0.6970 -0.4049 -0.5918
vn 0.6970 -0.4050 -0.5918
vn 0.7045 0.1549 -0.6926
vn 0.7180 -0.0581 -0.6937
vn 0.7001 -0.2607 -0.6648
vn 0.7181 -0.0424 -0.6947
vn 0.7013 -0.2532 -0.6664
vn 0.7034 0.1625 -0.6920
vn 0.0482 0.6470 -0.7610
vn 0.1270 0.6469 -0.7519
vn 0.0482 0.6469 -0.7610
vn -0.0621 0.6375 -0.7680
vn 0.2763 0.6398 -0.7172
vn -0.0621 0.6375 -0.7679
vn -0.2514 0.6081 -0.7530
vn -0.5357 0.5121 -0.6713
vn 0.2352 -0.7101 -0.6637
vn 0.1559 -0.7249 -0.6710
vn 0.1560 -0.7249 -0.6710
vn 0.0452 -0.7359 -0.6755
vn 0.3840 -0.6676 -0.6378
vn 0.0530 -0.7358 -0.6752
vn 0.3839 -0.6677 -0.6378
vn -0.1444 -0.7379 -0.6593
vn 0.5256 -0.6108 -0.5922
vn 0.5554 -0.5929 -0.5830
vn -0.6960 -0.0485 -0.7164
vn -0.6818 -0.2514 -0.6870
vn -0.6959 -0.0329 -0.7174
vn -0.6785 0.1718 -0.7142
vn 0.7638 0.0945 -0.6385
vn 0.6969 0.2025 -0.6880
vn 0.6969 0.2026 -0.6880
vn 0.6772 0.3248 -0.6602
vn 0.6192 0.5767 -0.5329
vn 0.6122 0.6028 -0.5117
vn 0.3935 0.7205 -0.5710
vn 0.4238 0.6673 -0.6124
vn 0.6553 0.1913 -0.7307
vn 0.6584 0.1926 -0.7276
vn -0.6799 -0.0418 -0.7321
vn -0.6798 -0.0418 -0.7322
vn -0.6830 -0.3956 -0.6140
vn -0.6605 -0.2845 -0.6948
vn -0.6606 -0.2844 -0.6948
vn -0.5892 -0.4181 -0.6914
vn -0.4448 -0.6171 -0.6491
vn -0.3133 0.5829 -0.7497
vn -0.1893 0.6347 -0.7492
vn -0.1727 0.6403 -0.7484
vn -0.3134 0.5828 -0.7497
vn -0.4171 0.5146 -0.7491
vn -0.4318 0.5056 -0.7469
vn -0.4652 0.4846 -0.7408
vn -0.4489 0.4997 -0.7408
vn -0.4032 0.5414 -0.7378
vn -0.7363 0.3388 -0.5857
vn -0.5055 -0.6535 -0.5635
vn -0.6455 -0.2163 -0.7325
vn -0.4848 -0.7009 -0.5231
vn 0.7152 0.3103 -0.6263
vn 0.7103 -0.0507 -0.7021
vn 0.7097 -0.3990 -0.5806
vn -0.6084 0.4601 -0.6466
vn 0.7064 -0.3976 -0.5856
vn 0.7064 -0.3976 -0.5857
vn 0.7119 0.3083 -0.6311
vn 0.7119 0.3083 -0.6310
vn -0.4912 -0.6562 -0.5729
vn -0.6377 -0.3398 -0.6913
vn -0.4828 -0.6561 -0.5801
vn -0.6294 -0.3402 -0.6987
vn 0.7103 -0.0507 -0.7020
vn 0.6378 0.3397 0.6913
vn 0.6377 0.3397 0.6913
vn 0.7854 0.0179 0.6187
vn 0.8044 -0.0601 -0.5911
vn 0.6597 0.2494 -0.7090
vn 0.8939 -0.2338 0.3825
vn 0.9049 -0.2791 -0.3213
vn 0.9387 -0.3427 0.0368
vn 0.9386 -0.3431 0.0368
vn 0.9015 -0.2884 -0.3228
vn 0.9351 -0.3524 0.0374
vn 0.8905 -0.2427 0.3849
vn 0.9015 -0.2883 -0.3226
vn 0.7976 -0.0685 -0.5993
vn 0.7784 0.0106 0.6277
vn 0.6294 0.3401 0.6987
vn 0.5896 -0.5713 -0.5710
vn 0.7135 -0.4423 -0.5434
vn 0.7001 -0.4520 -0.5528
vn 0.8097 -0.2993 -0.5048
vn 0.8019 -0.3076 -0.5123
vn 0.8207 -0.2763 -0.5002
vn 0.5703 -0.4921 0.6577
vn 0.5756 -0.4899 0.6548
vn 0.6953 -0.3675 0.6177
vn 0.6816 -0.3759 0.6278
vn 0.7929 -0.2304 0.5641
vn 0.7849 -0.2377 0.5723
vn 0.8042 -0.2082 0.5568
vn 0.6729 0.4953 -0.5494
vn 0.6819 0.3070 -0.6639
vn 0.6821 0.2908 -0.6709
vn 0.6593 0.5649 0.4962
vn 0.6561 0.5987 0.4595
vn 0.6615 0.3910 0.6399
vn 0.6615 0.3759 0.6490
vn 0.6899 0.2201 0.6896
vn 0.7591 -0.0083 -0.6509
vn 0.8549 -0.1796 -0.4866
vn 0.8431 -0.1581 -0.5140
vn 0.7460 0.0684 0.6624
vn 0.6899 0.2201 0.6897
vn 0.7384 0.0768 0.6700
vn 0.9611 -0.2744 0.0327
vn 0.8390 -0.1140 0.5321
vn 0.8264 -0.0892 0.5560
vn 0.6930 0.6986 0.1783
vn 0.6771 0.6892 0.2579
vn 0.7123 0.7013 -0.0261
vn 0.7123 0.7013 -0.0262
vn 0.7006 0.6729 -0.2374
vn 0.6862 0.6518 -0.3229
vn 0.6996 0.6713 -0.2447
vn 0.6996 0.6713 -0.2448
vn 0.7126 0.7003 -0.0419
vn 0.7126 0.7003 -0.0418
vn 0.6942 0.6992 0.1708
vn 0.7631 -0.5970 0.2475
vn 0.7586 -0.6494 0.0537
vn 0.7584 -0.5812 0.2950
vn 0.7431 -0.3389 0.5770
vn 0.7692 -0.6223 -0.1450
vn 0.7386 -0.2911 0.6081
vn 0.7661 -0.6127 -0.1942
vn 0.7601 -0.4087 -0.5053
vn 0.6539 0.2158 0.7251
vn 0.6583 0.2146 0.7215
vn 0.7566 -0.3653 -0.5423
vn 0.6659 -0.2770 0.6927
vn 0.6254 -0.3227 0.7104
vn 0.8094 0.0393 0.5860
vn 0.8184 0.0933 0.5671
vn 0.8279 0.2847 0.4833
vn 0.6832 -0.3608 -0.6349
vn 0.8273 -0.0346 -0.5606
vn 0.6466 -0.4100 -0.6433
vn 0.8358 0.0214 -0.5486
vn 0.8431 0.2220 -0.4898
vn 0.7998 -0.2689 -0.5366
vn 0.7382 -0.6065 -0.2953
vn 0.7162 0.1490 0.6818
vn 0.7792 -0.1974 0.5949
vn 0.7162 0.1489 0.6818
vn 0.7275 -0.5621 0.3935
vn 0.6830 0.3957 0.6139
vn 0.7005 0.5982 -0.3892
vn 0.7026 0.3150 -0.6380
vn 0.6774 -0.3243 0.6602
vn 0.6829 -0.6026 0.4129
vn 0.6908 -0.6539 -0.3086
vn 0.6970 -0.4050 -0.5917
vn 0.7203 -0.6270 -0.2968
vn 0.7134 -0.6985 0.0562
vn 0.7094 -0.5822 0.3973
vn 0.7202 -0.6270 -0.2969
vn 0.7093 -0.5821 0.3974
vn 0.7262 -0.3907 -0.5657
vn 0.7074 -0.3133 0.6336
vn 0.7262 -0.3905 -0.5658
vn 0.7296 -0.0496 -0.6821
vn 0.7079 0.0399 0.7052
vn 0.7316 0.3037 -0.6104
vn 0.7128 0.3809 0.5889
vn 0.7128 0.3810 0.5889
vn 0.7296 0.5725 -0.3741
vn 0.7187 0.6172 0.3201
vn 0.7242 0.6888 -0.0331
vn 0.7241 0.6889 -0.0331
vn 0.7044 0.1550 -0.6926
vn 0.6892 0.2424 -0.6828
vn 0.7180 -0.0581 -0.6936
vn 0.7001 -0.2606 -0.6648
vn 0.6847 -0.3385 -0.6455
vn 0.6785 -0.1718 0.7142
vn 0.6636 -0.2514 0.7046
vn 0.6959 0.0328 0.7174
vn 0.7181 -0.0424 -0.6946
vn 0.7013 -0.2533 -0.6664
vn 0.6847 -0.3385 -0.6454
vn 0.6818 0.2514 0.6870
vn 0.6681 0.3294 0.6672
vn 0.6797 -0.1643 0.7149
vn 0.6960 0.0485 0.7164
vn 0.6636 -0.2515 0.7046
vn 0.9637 -0.2651 0.0322
vn 0.8714 -0.1239 -0.4746
vn 0.8869 -0.1609 -0.4330
vn 0.7638 0.0944 -0.6385
vn 0.8727 -0.1022 0.4775
vn 0.7507 0.1179 -0.6501
vn 0.8560 -0.0603 0.5135
vn 0.7437 0.1771 0.6446
vn 0.7303 0.2018 0.6527
vn 0.6755 0.2906 0.6777
vn 0.6772 0.3247 -0.6602
vn 0.6570 0.4081 0.6339
vn 0.6035 0.6416 0.4735
vn 0.7673 -0.2032 0.6082
vn 0.6358 0.2856 0.7171
vn 0.6339 0.2851 0.7189
vn 0.7855 -0.2780 -0.5529
vn 0.6584 0.1925 -0.7276
vn 0.6584 0.1925 -0.7277
vn 0.7746 -0.2683 0.5726
vn 0.7916 -0.3380 -0.5090
vn 0.8122 -0.4922 0.3132
vn 0.8206 -0.5267 -0.2220
vn 0.8192 -0.5192 0.2435
vn 0.8254 -0.5445 -0.1492
vn 0.8202 -0.5699 0.0496
vn 0.6960 0.3896 0.6032
vn 0.7132 0.5872 -0.3829
vn 0.7152 0.3104 -0.6262
vn 0.6904 -0.3198 0.6488
vn 0.6925 -0.5966 0.4055
vn 0.6905 -0.3198 0.6488
vn 0.7036 -0.6424 -0.3038
vn 0.7097 -0.3991 -0.5806
vn 0.7110 -0.6341 -0.3039
vn 0.7055 -0.7065 0.0566
vn 0.7055 -0.7064 0.0566
vn 0.6999 -0.5884 0.4048
vn 0.7110 -0.6341 -0.3040
vn 0.7170 -0.3983 -0.5722
vn 0.6979 -0.3201 0.6406
vn 0.7169 -0.3983 -0.5722
vn 0.6980 -0.3201 0.6406
vn 0.7219 -0.0500 -0.6901
vn 0.7000 0.0404 0.7130
vn 0.7220 -0.0500 -0.6901
vn 0.6999 0.0404 0.7130
vn 0.7225 0.3105 -0.6178
vn 0.7035 0.3887 0.5950
vn 0.7205 0.5788 -0.3820
vn 0.7094 0.6245 0.3268
vn 0.7164 0.6968 -0.0337
vn 0.7165 0.6968 -0.0337
vn 0.7201 0.6930 -0.0334
vn 0.7153 0.6222 0.3182
vn 0.7153 0.6221 0.3182
vn 0.7092 0.3798 0.5939
vn 0.7199 0.6933 -0.0334
vn 0.7093 0.3797 0.5939
vn 0.7262 0.5776 -0.3729
vn 0.7038 0.0401 0.7093
vn 0.7261 0.5776 -0.3729
vn 0.7282 0.3018 -0.6154
vn 0.7039 -0.3114 0.6384
vn 0.7254 -0.0498 -0.6865
vn 0.7059 -0.5873 0.3960
vn 0.7059 -0.5873 0.3959
vn 0.7228 -0.3894 -0.5709
vn 0.7090 -0.7029 0.0564
vn 0.7167 -0.6318 -0.2951
vn 0.7168 -0.6318 -0.2951
vn 0.7001 -0.6471 -0.3018
vn 0.6870 -0.3178 0.6535
vn 0.6891 -0.6016 0.4041
vn 0.7098 0.5921 -0.3816
vn 0.6987 0.6376 0.3243
vn 0.6925 0.3882 0.6081
vn 0.7098 0.5922 -0.3816
vn 0.7153 0.6221 0.3181
vn 0.7202 0.6929 -0.0334
vn 0.7035 0.0402 0.7095
vn 0.7261 0.5776 -0.3730
vn 0.7039 -0.3115 0.6384
vn 0.7257 -0.0498 -0.6862
vn 0.7256 -0.0498 -0.6863
vn 0.7094 -0.7026 0.0564
vn 0.7167 -0.6318 -0.2952
vn 0.7199 0.6932 -0.0334
vn 0.7092 0.3797 0.5939
vn 0.7038 0.0401 0.7092
vn 0.7091 -0.7029 0.0564
vn 0.7001 -0.6471 -0.3019
vn 0.6987 0.6376 0.3244
vn -0.7047 -0.7087 0.0346
vn -0.6987 -0.6377 -0.3243
vn -0.7047 -0.7086 0.0346
vn -0.7048 -0.7086 0.0346
vn 0.2477 -0.7955 -0.5530
vn 0.4373 -0.6946 -0.5713
vn 0.2552 -0.7940 -0.5517
vn -0.0772 -0.8817 -0.4654
vn -0.0376 -0.8758 -0.4813
vn -0.4190 -0.8544 -0.3073
vn 0.4178 -0.6146 0.6691
vn 0.2288 -0.7175 0.6579
vn 0.2363 -0.7161 0.6567
vn -0.0935 -0.8149 0.5721
vn -0.0543 -0.8068 0.5883
vn -0.4301 -0.8088 0.4012
vn -0.7132 -0.5872 0.3828
vn -0.1736 -0.6877 0.7050
vn -0.0086 -0.6767 0.7362
vn -0.1899 -0.6818 0.7064
vn -0.4090 -0.6000 0.6876
vn 0.0151 -0.6725 0.7399
vn -0.1529 -0.7728 -0.6159
vn 0.0130 -0.7656 -0.6432
vn 0.0368 -0.7619 -0.6467
vn -0.1682 -0.7707 -0.6146
vn -0.3886 -0.6841 -0.6173
vn -0.6430 -0.7649 0.0392
vn -0.6259 -0.5420 0.5608
vn -0.6247 -0.5661 0.5379
vn -0.6087 -0.6317 -0.4800
vn -0.6092 -0.6107 -0.5058
vn -0.2880 -0.9472 -0.1410
vn -0.2666 -0.9621 0.0578
vn -0.2942 -0.9218 0.2524
vn -0.2864 -0.9395 -0.1882
vn -0.2940 -0.9081 0.2982
vn -0.3903 -0.7838 -0.4830
vn -0.4068 -0.7161 0.5672
vn -0.4143 -0.7417 -0.5275
vn -0.4321 -0.6687 0.6051
vn 0.6855 -0.7258 0.0575
vn 0.6829 -0.6027 0.4128
vn 0.6908 -0.6539 -0.3085
vn -0.1445 -0.7379 -0.6593
vn -0.4451 -0.6823 -0.5799
vn -0.4365 -0.6819 -0.5869
vn -0.1665 -0.6475 0.7437
vn -0.4560 -0.6019 0.6556
vn 0.7014 -0.7099 0.0646
vn 0.6899 -0.7085 -0.1485
vn 0.6822 -0.6806 0.2671
vn 0.6757 -0.6984 -0.2361
vn 0.6822 -0.6806 0.2670
vn 0.6666 -0.6609 0.3447
vn 0.6835 -0.6822 0.2597
vn 0.6835 -0.6822 0.2596
vn 0.7016 -0.7109 0.0490
vn 0.7016 -0.7109 0.0489
vn 0.6889 -0.7079 -0.1561
vn -0.6968 -0.7164 0.0353
vn -0.7039 -0.5933 0.3905
vn -0.6926 -0.6399 -0.3329
vn -0.4660 -0.5296 0.7088
vn -0.2038 -0.7629 0.6135
vn 0.1289 -0.9043 0.4069
vn -0.4447 -0.6171 -0.6491
vn -0.1861 -0.8357 -0.5166
vn 0.1397 -0.9488 -0.2833
vn -0.6468 -0.7617 0.0390
vn -0.6718 -0.5281 0.5194
vn -0.6500 -0.6290 -0.4266
vn -0.6564 -0.5917 -0.4680
vn -0.3888 -0.8954 -0.2169
vn -0.5054 -0.6535 -0.5634
vn -0.4848 -0.7010 -0.5230
vn -0.3816 -0.9130 -0.1443
vn -0.3611 -0.9310 0.0543
vn -0.3609 -0.9310 0.0543
vn -0.3971 -0.8610 0.3178
vn -0.5023 -0.6291 0.5933
vn -0.5241 -0.5768 0.6266
vn -0.3877 -0.8877 0.2483
vn -0.7126 -0.7003 0.0418
vn -0.6942 -0.6992 -0.1708
vn -0.6996 -0.6713 0.2448
vn -0.6771 -0.6892 -0.2579
vn -0.6862 -0.6518 0.3229
vn -0.7006 -0.6729 0.2373
vn -0.7006 -0.6729 0.2374
vn -0.7123 -0.7013 0.0262
vn -0.6862 -0.6518 0.3230
vn -0.7123 -0.7013 0.0261
vn -0.6930 -0.6986 -0.1784
vn -0.6930 -0.6986 -0.1783
vn 0.6936 -0.7181 0.0571
vn 0.6925 -0.5967 0.4055
vn 0.7036 -0.6424 -0.3037
vn 0.6935 -0.7181 0.0571
vn 0.6891 -0.6016 0.4040
vn 0.6937 -0.7180 0.0571
vn -0.3984 -0.8242 0.4024
vn -0.5101 -0.5783 0.6367
vn -0.3873 -0.8699 -0.3055
vn -0.4912 -0.6562 -0.5728
vn -0.3541 -0.9336 0.0546
vn -0.3542 -0.9336 0.0546
vn -0.3445 -0.9372 0.0550
vn -0.3781 -0.8745 -0.3038
vn -0.4827 -0.6562 -0.5800
vn -0.3891 -0.8290 0.4016
vn -0.5019 -0.5773 0.6441
vn -0.7102 0.0507 0.7022
vn -0.7119 -0.3083 0.6311
vn -0.7103 0.0507 0.7021
vn -0.7064 0.3976 0.5857
vn 0.4912 0.6561 0.5729
vn 0.4828 0.6561 0.5801
vn 0.6294 0.3402 0.6987
vn -0.7104 0.0507 0.7020
vn -0.7103 0.0507 0.7020
vn 0.5120 -0.5437 0.6650
vn 0.5755 -0.4899 0.6548
vn 0.4179 -0.6146 0.6691
vn -0.7097 0.3990 0.5806
vn -0.7152 -0.3103 0.6262
vn -0.7152 -0.3103 0.6263
vn 0.7431 -0.3388 0.5770
vn 0.5080 0.6632 0.5497
vn 0.6583 0.2147 0.7215
vn 0.6539 0.2159 0.7252
vn 0.4906 0.7048 0.5124
vn -0.4091 -0.5999 0.6876
vn -0.3937 -0.6085 0.6890
vn 0.0152 -0.6725 0.7399
vn 0.3303 -0.5610 0.7591
vn -0.0085 -0.6767 0.7362
vn 0.3147 -0.5690 0.7597
vn 0.6254 -0.3228 0.7104
vn 0.5353 0.5045 0.6775
vn 0.4722 0.5817 0.6622
vn 0.4723 0.5817 0.6622
vn 0.3424 0.7165 0.6077
vn 0.6124 0.3787 0.6940
vn -0.6825 -0.1941 0.7046
vn -0.7421 -0.0933 0.6637
vn -0.7516 -0.0704 0.6559
vn -0.6598 -0.3307 0.6748
vn -0.6597 -0.3308 0.6748
vn -0.6247 -0.5660 0.5379
vn -0.4321 -0.6686 0.6052
vn -0.4068 -0.7160 0.5673
vn -0.6620 -0.1942 0.7239
vn 0.6799 0.0418 0.7321
vn 0.6830 0.3956 0.6140
vn 0.6798 0.0418 0.7322
vn 0.6774 -0.3243 0.6603
vn 0.6959 0.0329 0.7174
vn 0.6828 0.2439 0.6887
vn 0.6828 0.2439 0.6886
vn 0.6960 0.0486 0.7164
vn 0.6818 0.2513 0.6870
vn 0.6797 -0.1642 0.7149
vn 0.1048 0.7383 0.6662
vn 0.0258 0.7394 0.6728
vn -0.0847 0.7306 0.6775
vn 0.2536 0.7237 0.6418
vn -0.0847 0.7307 0.6775
vn 0.2551 0.7271 0.6374
vn -0.2735 0.6992 0.6605
vn -0.5660 0.5875 0.5784
vn 0.1335 -0.6325 0.7630
vn 0.2130 -0.6185 0.7563
vn 0.3625 -0.5795 0.7299
vn 0.0226 -0.6431 0.7655
vn 0.5057 -0.5287 0.6817
vn 0.5358 -0.5121 0.6713
vn 0.0304 -0.6429 0.7653
vn -0.1664 -0.6475 0.7437
vn -0.7013 0.2532 0.6664
vn -0.7034 -0.1624 0.6920
vn 0.6615 0.3909 0.6400
vn 0.6569 0.4082 0.6339
vn 0.5971 0.6647 0.4490
vn 0.6358 0.2857 0.7171
vn 0.4059 0.7412 0.5346
vn 0.3769 0.7886 0.4858
vn 0.6358 0.2857 0.7170
vn -0.7025 0.0511 0.7099
vn -0.6970 0.4049 0.5918
vn -0.6970 0.4050 0.5918
vn -0.7024 0.0511 0.7099
vn -0.7026 -0.3150 0.6381
vn -0.6824 -0.1943 0.7047
vn -0.7180 -0.1074 0.6877
vn -0.6114 -0.3270 0.7206
vn -0.4661 -0.5295 0.7088
vn -0.2113 0.7253 0.6553
vn -0.3354 0.6736 0.6586
vn -0.4392 0.6057 0.6635
vn -0.4539 0.5964 0.6620
vn -0.4871 0.5747 0.6576
vn -0.4707 0.5898 0.6562
vn -0.4249 0.6308 0.6493
vn -0.7067 -0.2686 0.6546
vn -0.6684 -0.1217 0.7337
vn -0.7535 0.4097 0.5141
vn -0.6684 -0.1218 0.7337
vn -0.5023 -0.6290 0.5933
vn 0.6879 0.0413 0.7246
vn 0.6960 0.3895 0.6032
vn 0.6905 -0.3198 0.6489
vn 0.6905 -0.3197 0.6489
vn -0.4633 0.6743 0.5751
vn -0.6274 0.5381 0.5629
vn -0.6225 0.5407 0.5658
vn 0.6880 0.0413 0.7246
vn 0.6870 -0.3177 0.6536
vn 0.6925 0.3881 0.6082
vn 0.6925 0.3881 0.6081
vn -0.5101 -0.5782 0.6367
vn -0.6597 -0.2495 0.7089
vn -0.6596 -0.2495 0.7090
vn -0.5102 -0.5782 0.6367
vn -0.5019 -0.5772 0.6441
vn 0.6880 0.0413 0.7245
vn 0.6870 -0.3177 0.6535
vn -0.6809 0.3264 -0.6556
vn -0.8472 -0.0275 -0.5305
vn -0.8468 0.2355 -0.4770
vn -0.6839 -0.0415 -0.7284
vn -0.6829 0.6026 -0.4129
vn -0.6865 -0.3971 -0.6091
vn -0.4879 -0.7799 -0.3920
vn -0.4736 0.3874 -0.7910
vn -0.4761 0.7307 -0.4892
vn -0.4803 -0.4781 -0.7353
vn -0.4973 0.4847 0.7196
vn -0.6943 0.6492 0.3106
vn -0.7003 0.4065 0.5868
vn -0.4897 0.7865 0.3763
vn -0.5040 -0.3808 0.7752
vn -0.7060 -0.3171 0.6333
vn -0.8633 -0.4242 0.2734
vn -0.5014 -0.7242 0.4734
vn -0.7007 -0.7126 0.0350
vn -0.8553 -0.4574 -0.2435
vn -0.8593 -0.5110 0.0195
vn -0.9634 -0.2277 0.1415
vn -0.9642 -0.1191 0.2369
vn -0.9632 -0.2687 0.0022
vn -0.9998 0.0067 -0.0161
vn -0.9590 -0.2459 -0.1410
vn -0.9566 -0.1505 -0.2496
vn -0.9568 -0.0112 -0.2906
vn -0.9544 0.1321 -0.2678
vn -0.8508 -0.2815 -0.4437
vn -0.8634 0.0391 0.5030
vn -0.7063 0.0509 0.7061
vn -0.8648 -0.2240 0.4495
vn -0.9654 0.0242 0.2597
vn -0.8608 0.2931 0.4162
vn -0.9620 0.1634 0.2187
vn -0.9596 0.2588 0.1102
vn -0.8563 0.4691 0.2161
vn -0.8513 0.5226 -0.0470
vn -0.9589 0.2817 -0.0332
vn -0.9552 0.2406 -0.1723
vn -0.8482 0.4357 -0.3010
vn -0.6895 0.7220 -0.0573
vn -0.2362 0.4294 -0.8717
vn -0.4761 0.7308 -0.4891
vn -0.2390 0.8074 -0.5394
vn -0.2442 0.9675 -0.0662
vn 0.0078 0.9979 -0.0642
vn 0.0145 0.8340 -0.5516
vn 0.0174 0.4402 -0.8977
vn 0.2671 0.8040 -0.5312
vn 0.2592 0.9641 -0.0581
vn 0.2521 0.8661 0.4317
vn 0.2699 0.4259 -0.8635
vn 0.5014 0.7242 -0.4734
vn 0.4879 0.7799 0.3920
vn 0.4803 0.4782 0.7353
vn 0.4944 0.8679 -0.0482
vn 0.6613 0.6651 0.3468
vn 0.1797 0.5414 0.8214
vn 0.5439 0.7483 0.3798
vn 0.5367 0.4607 0.7069
vn 0.1882 0.8800 0.4362
vn 0.0454 0.5506 0.8335
vn 0.6681 0.7431 -0.0374
vn 0.5483 0.8350 -0.0453
vn 0.6732 0.6164 -0.4085
vn 0.1962 0.9787 -0.0600
vn 0.0541 0.8962 0.4404
vn 0.0061 0.5516 0.8341
vn 0.2034 0.8171 -0.5394
vn 0.5570 0.6945 -0.4555
vn 0.2063 0.4319 -0.8780
vn 0.0629 0.9960 -0.0632
vn 0.0696 0.8323 -0.5499
vn 0.0725 0.4391 -0.8955
vn 0.0303 0.8338 -0.5513
vn 0.0147 0.8977 0.4404
vn 0.0235 0.9977 -0.0639
vn 0.0069 0.8978 0.4403
vn 0.0224 0.8339 -0.5514
vn 0.0156 0.9978 -0.0641
vn 0.3535 0.8372 0.4173
vn -0.0018 0.5517 0.8340
vn 0.3454 0.5136 0.7855
vn 0.3535 0.8372 0.4174
vn 0.8896 0.4018 0.2170
vn 0.3610 0.9310 -0.0544
vn 0.8962 0.4435 -0.0145
vn 0.3680 0.7774 -0.5101
vn 0.8968 0.3724 -0.2389
vn 0.3707 0.4092 -0.8337
vn 0.0253 0.4401 -0.8976
vn 0.0332 0.4400 -0.8974
vn 0.5594 0.3673 -0.7431
vn 0.5040 0.3808 -0.7752
vn -0.6942 0.6493 0.3106
vn -0.4808 0.8745 -0.0639
vn -0.6829 0.6027 -0.4128
vn -0.4897 0.7866 0.3762
vn -0.2541 0.8695 0.4236
vn -0.2625 0.5372 0.8016
vn -0.0010 0.8979 0.4402
vn 0.2437 0.5338 0.8097
vn -0.6809 0.3264 -0.6557
vn -0.4739 -0.0529 -0.8790
vn -0.6838 -0.0415 -0.7285
vn -0.2366 -0.0605 -0.9697
vn -0.4761 0.7308 -0.4892
vn -0.2363 0.4293 -0.8717
vn -0.2438 -0.5337 -0.8098
vn 0.0156 -0.0643 -0.9978
vn 0.0174 0.4401 -0.8978
vn 0.2637 0.8056 -0.5305
vn 0.2700 0.4259 -0.8636
vn 0.8981 0.1967 -0.3935
vn 0.3686 -0.0625 -0.9275
vn 0.8997 -0.0350 -0.4351
vn 0.0224 0.8339 -0.5515
vn 0.0303 0.8337 -0.5513
vn 0.0235 -0.0644 -0.9977
vn 0.8945 -0.2593 -0.3641
vn 0.3635 -0.5184 -0.7741
vn 0.0314 -0.0644 -0.9974
vn 0.0332 0.4399 -0.8974
vn 0.0176 -0.5518 -0.8338
vn 0.3554 -0.8420 -0.4060
vn 0.0089 -0.8979 -0.4401
vn 0.0255 -0.5518 -0.8336
vn 0.0168 -0.8979 -0.4399
vn 0.0561 -0.8969 -0.4387
vn 0.0707 -0.0646 -0.9954
vn 0.0648 -0.5512 -0.8318
vn 0.0725 0.4390 -0.8955
vn 0.2038 -0.0644 -0.9769
vn 0.1987 -0.5438 -0.8153
vn 0.2063 0.4318 -0.8781
vn 0.5549 -0.0577 -0.8299
vn 0.5529 -0.4681 -0.6893
vn 0.6694 -0.4237 -0.6102
vn 0.5012 -0.0594 -0.8633
vn 0.6740 -0.0526 -0.7368
vn 0.6753 0.3316 -0.6588
vn 0.5040 0.3807 -0.7753
vn 0.2668 -0.0639 -0.9616
vn 0.4972 -0.4847 -0.7196
vn 0.2624 -0.5371 -0.8016
vn 0.0097 -0.5517 -0.8340
vn 0.0097 -0.5518 -0.8339
vn 0.2541 -0.8695 -0.4236
vn 0.0010 -0.8979 -0.4402
vn -0.2487 -0.8676 -0.4307
vn 0.6551 0.4148 0.6315
vn 0.5288 0.0504 0.8473
vn 0.6506 0.0437 0.7582
vn 0.6492 -0.3406 0.6801
vn 0.5368 0.4607 0.7068
vn 0.4762 -0.7307 0.4892
vn 0.4736 -0.3874 0.7910
vn 0.6513 -0.6253 0.4298
vn 0.5303 -0.3746 0.7606
vn 0.5354 -0.8423 0.0627
vn 0.6565 -0.7520 0.0587
vn 0.6631 -0.6740 -0.3255
vn 0.5327 -0.7018 0.4730
vn 0.5440 0.7483 0.3797
vn 0.5484 0.8350 -0.0452
vn 0.5571 0.6944 -0.4555
vn 0.3409 -0.7822 0.5215
vn 0.8822 -0.2087 0.4220
vn 0.3382 -0.4140 0.8451
vn 0.8835 -0.3844 0.2676
vn 0.8858 0.2473 0.3927
vn 0.8962 0.4434 -0.0145
vn 0.8857 0.0230 0.4637
vn 0.8892 -0.4554 0.0433
vn 0.8981 0.1967 -0.3934
vn 0.8998 -0.0350 -0.4350
vn 0.8946 -0.2593 -0.3640
vn 0.3554 -0.8419 -0.4060
vn 0.3635 -0.5184 -0.7740
vn 0.8907 -0.4138 -0.1884
vn 0.5458 -0.7556 -0.3622
vn 0.5530 -0.4681 -0.6893
vn 0.4897 -0.7865 -0.3763
vn 0.5595 0.3673 -0.7430
vn 0.5550 -0.0577 -0.8298
vn 0.6753 0.3317 -0.6588
vn 0.5015 0.7241 -0.4735
vn 0.4973 -0.4848 -0.7195
vn -0.4803 -0.4782 -0.7353
vn -0.2437 -0.5338 -0.8097
vn -0.4879 -0.7800 -0.3920
vn 0.2391 -0.8074 0.5394
vn 0.4761 -0.7308 0.4892
vn 0.2442 -0.9675 0.0662
vn -0.0078 -0.9979 0.0642
vn 0.4808 -0.8745 0.0639
vn 0.6513 -0.6254 0.4298
vn 0.6565 -0.7521 0.0587
vn 0.6631 -0.6741 -0.3255
vn 0.5326 -0.7018 0.4730
vn 0.1750 -0.8196 0.5455
vn 0.1721 -0.4344 0.8841
vn 0.5353 -0.8423 0.0627
vn 0.0377 -0.4399 0.8973
vn 0.3468 -0.9356 0.0657
vn 0.8892 -0.4555 0.0433
vn 0.3554 -0.8420 -0.4059
vn 0.8835 -0.3845 0.2676
vn 0.0001 -0.9979 0.0643
vn -0.0066 -0.8340 0.5517
vn 0.0089 -0.8979 -0.4400
vn 0.0080 -0.9979 0.0645
vn 0.0168 -0.8979 -0.4398
vn 0.0013 -0.8340 0.5518
vn 0.0474 -0.9968 0.0650
vn 0.0406 -0.8330 0.5517
vn -0.0016 -0.4402 0.8979
vn 0.1809 -0.9813 0.0661
vn 0.0562 -0.8969 -0.4387
vn 0.1902 -0.8825 -0.4301
vn 0.5457 -0.7556 -0.3622
vn 0.0648 -0.5513 -0.8318
vn 0.1987 -0.5439 -0.8153
vn 0.5529 -0.4681 -0.6894
vn 0.4972 -0.4848 -0.7196
vn 0.2625 -0.5372 -0.8016
vn -0.2521 -0.8661 -0.4317
vn -0.2593 -0.9641 0.0581
vn -0.5014 -0.7242 0.4735
vn -0.2699 -0.4259 0.8635
vn -0.0145 -0.8340 0.5516
vn -0.2672 -0.8040 0.5312
vn -0.5015 -0.7242 0.4734
vn -0.4944 -0.8679 0.0482
vn -0.7006 -0.7127 0.0350
vn 0.4739 0.0529 0.8790
vn 0.6551 0.4148 0.6316
vn 0.4803 0.4781 0.7353
vn 0.6492 -0.3405 0.6801
vn 0.1721 -0.4343 0.8842
vn 0.5302 -0.3746 0.7606
vn 0.5287 0.0504 0.8473
vn 0.1732 0.0619 0.9829
vn 0.0377 -0.4398 0.8973
vn 0.1797 0.5413 0.8214
vn 0.0395 0.0638 0.9972
vn 0.0454 0.5505 0.8336
vn 0.0061 0.5515 0.8341
vn 0.0541 0.8961 0.4405
vn 0.0148 0.8977 0.4404
vn -0.0018 0.5517 0.8341
vn 0.0069 0.8978 0.4404
vn 0.3534 0.8372 0.4173
vn 0.0001 0.0642 0.9979
vn -0.0078 0.0643 0.9979
vn 0.3453 0.5135 0.7855
vn -0.0095 -0.4402 0.8979
vn 0.3391 0.0578 0.9390
vn 0.3381 -0.4140 0.8452
vn 0.3409 -0.7822 0.5216
vn -0.0066 -0.8340 0.5518
vn 0.8822 -0.2087 0.4221
vn 0.8858 0.2473 0.3928
vn 0.8856 0.0229 0.4638
vn 0.0406 -0.8331 0.5517
vn -0.5012 0.0594 0.8633
vn -0.4972 0.4847 0.7196
vn -0.7003 0.4064 0.5868
vn -0.2624 0.5371 0.8016
vn -0.2669 0.0639 0.9616
vn -0.5040 -0.3807 0.7753
vn -0.7059 -0.3170 0.6334
vn -0.0097 0.5518 0.8339
vn -0.0156 0.0643 0.9978
vn 0.2437 0.5337 0.8098
vn -0.2699 -0.4259 0.8636
vn 0.2366 0.0605 0.9697
vn -0.0174 -0.4402 0.8977
vn 0.2362 -0.4293 0.8717
vn -0.2671 -0.8040 0.5312
vn 0.2390 -0.8074 0.5394
vn -0.7062 0.0509 0.7061
vn -0.6753 -0.3317 0.6588
vn -0.5015 -0.7241 0.4735
vn -0.6732 -0.6164 0.4085
vn -0.6613 -0.6651 -0.3469
vn -0.6551 -0.4148 -0.6315
vn -0.6694 0.4238 0.6102
vn -0.4973 0.4847 0.7195
vn -0.6631 0.6740 0.3255
vn -0.6492 0.3406 -0.6801
vn -0.6513 0.6253 -0.4299
vn -0.7521 0.0481 0.6573
vn -0.7491 -0.5542 0.3630
vn -0.7510 -0.2951 0.5907
vn -0.7364 0.6743 -0.0550
vn -0.7311 -0.0381 -0.6812
vn -0.7385 -0.5976 -0.3121
vn -0.7468 -0.6643 0.0311
vn -0.7328 -0.3700 -0.5710
vn -0.7295 0.5641 -0.3868
vn -0.7276 0.3051 -0.6145
vn -0.5303 0.3746 -0.7606
vn -0.6506 -0.0437 -0.7582
vn -0.5288 -0.0504 -0.8473
vn -0.5327 0.7018 -0.4730
vn -0.6513 0.6253 -0.4298
vn -0.6565 0.7520 -0.0588
vn -0.5354 0.8423 -0.0627
vn -0.5368 -0.4607 -0.7068
vn -0.6614 -0.6651 -0.3468
vn -0.5440 -0.7482 -0.3798
vn -0.6681 -0.7431 0.0374
vn -0.5484 -0.8350 0.0452
vn -0.5570 -0.6944 0.4555
vn -0.6753 -0.3316 0.6588
vn -0.5595 -0.3673 0.7430
vn -0.5550 0.0577 0.8298
vn -0.6740 0.0526 0.7368
vn -0.5530 0.4681 0.6893
vn -0.6694 0.4237 0.6102
vn -0.5457 0.7556 0.3622
vn -0.6632 0.6740 0.3255
vn -0.6565 0.7521 -0.0587
vn -0.5353 0.8423 -0.0626
vn -0.7458 0.3800 0.5472
vn -0.7400 0.6076 0.2883
vn -0.2391 0.8074 -0.5394
vn 0.0145 0.8340 -0.5515
vn 0.2593 0.9641 -0.0581
vn -0.6513 0.6254 -0.4298
vn 0.4944 0.8679 -0.0483
vn 0.7039 0.5933 -0.3905
vn 0.7006 0.7127 -0.0350
vn 0.0078 0.9979 -0.0641
vn -0.0010 0.8979 0.4401
vn 0.2593 0.9641 -0.0580
vn -0.2442 0.9675 -0.0661
vn -0.4897 0.7865 0.3762
vn -0.6631 0.6740 0.3254
vn 0.6926 0.6399 0.3329
vn 0.7006 0.7127 -0.0349
vn -0.0011 0.8979 0.4402
vn -0.4972 0.4848 0.7196
vn 0.2521 0.8661 0.4318
vn 0.0145 0.8339 -0.5517
vn 0.2671 0.8040 -0.5313
vn -0.1116 0.8260 -0.5525
vn 0.0095 0.4402 -0.8978
vn -0.1088 0.4410 -0.8909
vn -0.7276 0.3050 -0.6145
vn -0.1182 0.9908 -0.0658
vn -0.0001 0.9979 -0.0644
vn 0.0066 0.8340 -0.5517
vn -0.0158 0.9978 -0.0646
vn -0.0092 0.8339 -0.5518
vn -0.0473 0.9968 -0.0650
vn -0.0406 0.8331 -0.5516
vn -0.1809 0.9813 -0.0661
vn -0.0377 0.4399 -0.8973
vn -0.0062 0.4402 -0.8979
vn -0.0406 0.8331 -0.5517
vn -0.1749 0.8197 -0.5455
vn -0.5353 0.8423 -0.0627
vn -0.1721 0.4344 -0.8841
vn -0.5326 0.7018 -0.4731
vn -0.1902 0.8825 0.4300
vn -0.0561 0.8969 0.4386
vn -0.0473 0.9968 -0.0649
vn -0.0247 0.8978 0.4397
vn -0.0158 0.9978 -0.0645
vn -0.0333 0.5518 0.8333
vn -0.0648 0.5513 0.8318
vn -0.0089 0.8980 0.4400
vn -0.0001 0.9979 -0.0643
vn -0.1271 0.8899 0.4381
vn -0.1183 0.9908 -0.0657
vn -0.7401 0.6076 0.2882
vn -0.7364 0.6743 -0.0551
vn -0.1356 0.5515 0.8231
vn 0.5012 -0.0595 -0.8633
vn 0.7003 -0.4065 -0.5868
vn 0.7063 -0.0510 -0.7061
vn 0.2669 -0.0640 -0.9616
vn -0.2366 -0.0606 -0.9697
vn -0.6506 -0.0438 -0.7582
vn -0.2362 0.4293 -0.8717
vn -0.4736 0.3873 -0.7910
vn -0.4739 -0.0528 -0.8790
vn -0.6492 0.3405 -0.6801
vn -0.6506 -0.0436 -0.7582
vn 0.2699 0.4259 -0.8636
vn 0.2669 -0.0639 -0.9616
vn 0.5040 0.3808 -0.7753
vn 0.7059 0.3170 -0.6334
vn 0.7063 -0.0509 -0.7061
vn 0.5014 0.7242 -0.4735
vn 0.5039 0.3808 -0.7753
vn 0.2672 0.8040 -0.5313
vn -0.0139 -0.5515 -0.8341
vn -0.0541 -0.8962 -0.4404
vn -0.0226 -0.8975 -0.4405
vn -0.0069 -0.8978 -0.4403
vn -0.7329 -0.3700 -0.5710
vn -0.1250 -0.8881 -0.4423
vn -0.7385 -0.5977 -0.3120
vn -0.1165 -0.5497 -0.8272
vn 0.0018 -0.5517 -0.8341
vn -0.1104 -0.0629 -0.9919
vn -0.7312 -0.0382 -0.6811
vn 0.0078 -0.0643 -0.9979
vn -0.0080 -0.0641 -0.9979
vn -0.0391 -0.0638 -0.9972
vn -0.0454 -0.5505 -0.8336
vn 0.0095 0.4402 -0.8979
vn -0.7276 0.3051 -0.6144
vn -0.0092 0.8339 -0.5519
vn -0.0377 0.4398 -0.8973
vn -0.0407 0.8331 -0.5517
vn -0.1750 0.8196 -0.5456
vn -0.1732 -0.0619 -0.9829
vn -0.1797 -0.5413 -0.8214
vn -0.5287 -0.0504 -0.8473
vn -0.5302 0.3747 -0.7606
vn -0.1882 -0.8799 -0.4362
vn -0.5367 -0.4608 -0.7068
vn -0.5439 -0.7483 -0.3798
vn -0.5367 -0.4607 -0.7069
vn 0.8513 -0.5226 0.0470
vn 0.9552 -0.2407 0.1723
vn 0.8482 -0.4358 0.3010
vn 0.9589 -0.2817 0.0332
vn 0.9998 -0.0068 0.0161
vn 0.4761 -0.7307 0.4892
vn 0.6809 -0.3264 0.6556
vn 0.4736 -0.3874 0.7909
vn 0.8482 -0.4357 0.3011
vn 0.8468 -0.2356 0.4770
vn 0.9544 -0.1321 0.2678
vn 0.9552 -0.2406 0.1724
vn 0.8468 -0.2355 0.4770
vn 0.6838 0.0415 0.7284
vn 0.8472 0.0275 0.5306
vn 0.9544 -0.1320 0.2678
vn 0.9568 0.0112 0.2906
vn 0.8593 0.5111 -0.0195
vn 0.7007 0.7126 -0.0350
vn 0.8633 0.4242 -0.2735
vn 0.9634 0.2277 -0.1414
vn 0.9632 0.2687 -0.0023
vn 0.9998 -0.0067 0.0161
vn 0.7007 0.7126 -0.0349
vn 0.8552 0.4575 0.2436
vn 0.9632 0.2687 -0.0022
vn 0.9590 0.2459 0.1410
vn 0.6942 -0.6493 -0.3106
vn 0.8607 -0.2932 -0.4162
vn 0.8563 -0.4690 -0.2161
vn 0.9596 -0.2588 -0.1102
vn 0.9620 -0.1634 -0.2187
vn 0.8563 -0.4691 -0.2160
vn 0.6895 -0.7220 0.0573
vn 0.6943 -0.6493 -0.3106
vn 0.9596 -0.2589 -0.1101
vn 0.9589 -0.2817 0.0331
vn 0.6865 0.3971 0.6091
vn 0.8508 0.2816 0.4437
vn 0.8472 0.0276 0.5306
vn 0.9568 0.0113 0.2906
vn 0.9566 0.1504 0.2496
vn 0.6926 0.6399 0.3330
vn 0.9566 0.1505 0.2496
vn 0.9590 0.2459 0.1411
vn 0.8607 -0.2931 -0.4162
vn 0.7003 -0.4064 -0.5868
vn 0.8634 -0.0391 -0.5031
vn 0.9654 -0.0242 -0.2597
vn 0.8648 0.2240 -0.4495
vn 0.7060 0.3170 -0.6333
vn 0.9642 0.1191 -0.2369
vn 0.7060 0.3171 -0.6333
vn 0.7039 0.5933 -0.3906
vn 0.8648 0.2241 -0.4494
vn 0.9634 0.2277 -0.1415
vn -0.2672 -0.8040 0.5313
vn -0.2700 -0.4259 0.8635
vn -0.5014 -0.7241 0.4735
vn 0.2363 -0.4293 0.8717
vn 0.2624 -0.5372 -0.8016
vn 0.0010 -0.8979 -0.4401
vn -0.4944 -0.8679 0.0481
vn -0.6613 -0.6651 -0.3468
vn 0.4897 -0.7865 -0.3762
vn 0.4808 -0.8745 0.0638
vn 0.6894 -0.7221 0.0573
vn -0.4943 -0.8679 0.0482
vn -0.6681 -0.7431 0.0375
vn -0.0145 -0.8340 0.5515
vn 0.4761 -0.7308 0.4891
vn 0.4808 -0.8745 0.0640
vn 0.6895 -0.7220 0.0574
vn -0.0411 -0.4399 0.8971
vn -0.0224 -0.8339 0.5514
vn -0.0382 -0.8336 0.5511
vn -0.0725 -0.4391 0.8955
vn -0.0696 -0.8324 0.5498
vn -0.1961 -0.9787 0.0600
vn -0.2034 -0.8171 0.5394
vn -0.0628 -0.9960 0.0632
vn -0.0314 -0.9975 0.0638
vn -0.1882 -0.8800 -0.4362
vn -0.0226 -0.8975 -0.4404
vn -0.0156 -0.9978 0.0641
vn -0.1405 -0.8243 0.5484
vn -0.0455 -0.5506 -0.8336
vn -0.0140 -0.5515 -0.8341
vn -0.1797 -0.5414 -0.8214
vn -0.1336 -0.9891 0.0617
vn -0.7491 -0.5541 0.3630
vn -0.7468 -0.6643 0.0312
vn -0.7386 -0.5976 -0.3120
vn -0.1250 -0.8882 -0.4422
vn -0.1165 -0.5498 -0.8271
vn -0.5483 -0.8350 0.0452
vn -0.5439 -0.7483 -0.3797
vn -0.2063 -0.4319 0.8780
vn -0.5570 -0.6945 0.4555
vn -0.5594 -0.3673 0.7431
vn -0.2671 -0.8040 0.5313
vn 0.2362 -0.4294 0.8717
vn -0.0174 -0.4401 0.8978
vn 0.4736 -0.3873 0.7910
vn 0.4739 0.0528 0.8790
vn 0.6808 -0.3264 0.6557
vn 0.6838 0.0415 0.7285
vn -0.6740 0.0526 0.7369
vn -0.2625 0.5371 0.8016
vn -0.2669 0.0640 0.9616
vn -0.5012 0.0595 0.8633
vn -0.6740 0.0527 0.7369
vn -0.0097 0.5517 0.8340
vn 0.2366 0.0606 0.9697
vn 0.6865 0.3971 0.6092
vn 0.6838 0.0416 0.7285
vn -0.2542 0.8695 0.4236
vn 0.2521 0.8660 0.4318
vn -0.1414 0.0646 0.9878
vn -0.7511 -0.2951 0.5906
vn -0.1433 -0.4393 0.8868
vn -0.7521 0.0482 0.6573
vn -0.1405 -0.8243 0.5485
vn -0.0253 -0.4401 0.8976
vn -0.0224 -0.8339 0.5515
vn -0.0411 -0.4398 0.8971
vn -0.0725 -0.4392 0.8955
vn -0.0381 -0.8336 0.5511
vn -0.0696 -0.8323 0.5499
vn -0.2035 -0.8171 0.5394
vn -0.5549 0.0577 0.8299
vn -0.2063 -0.4317 0.8781
vn -0.2039 0.0644 0.9769
vn -0.1987 0.5439 0.8153
vn -0.5529 0.4681 0.6894
vn -0.1902 0.8825 0.4301
vn -0.5457 0.7557 0.3622
vn -0.0562 0.8969 0.4387
vn -0.0703 0.0646 0.9954
vn -0.0333 0.5517 0.8334
vn -0.0176 0.5518 0.8338
vn -0.0089 0.8979 0.4401
vn -0.1271 0.8898 0.4382
vn -0.0392 0.0644 0.9972
vn -0.1356 0.5514 0.8231
vn -0.0236 0.0644 0.9976
vn -0.9267 0.2587 -0.2725
vn -0.9226 -0.2702 0.2753
vn -0.9256 0.2659 0.2692
vn -0.9233 -0.2783 -0.2647
vn 0.9233 0.2783 0.2648
vn 0.9256 -0.2659 -0.2693
vn 0.9226 0.2703 -0.2753
vn 0.9267 -0.2587 0.2725
vn 0.4422 -0.8411 -0.3116
vn 0.4332 -0.3374 -0.8358
vn 0.9226 0.2703 -0.2754
vn 0.4318 0.3150 -0.8452
vn 0.4325 0.8345 -0.3413
vn 0.4458 -0.8292 0.3371
vn 0.9267 -0.2587 0.2726
vn 0.4392 -0.3135 0.8419
vn 0.4374 0.3412 0.8320
vn 0.4336 0.8448 0.3136
vn -0.4336 -0.8448 -0.3136
vn -0.9233 -0.2783 -0.2648
vn -0.4374 -0.3411 -0.8320
vn -0.4392 0.3136 -0.8419
vn -0.9267 0.2588 -0.2726
vn -0.4458 0.8292 -0.3371
vn -0.4325 -0.8345 0.3413
vn -0.4318 -0.3150 0.8452
vn -0.9226 -0.2703 0.2754
vn -0.9256 0.2659 0.2693
vn -0.4331 0.3374 0.8358
vn -0.4422 0.8410 0.3117
vn 0.9256 -0.2659 -0.2692
vn 0.9267 -0.2588 0.2726
vn -0.4335 -0.8448 -0.3136
vn -0.4326 -0.8345 0.3414
vn -0.9267 0.2588 -0.2725
vn -0.4422 0.8410 0.3116
vn 0.4392 -0.3136 0.8419
vn 0.4459 -0.8292 0.3371
vn 0.4375 0.3411 0.8320
vn -0.4374 -0.3411 -0.8321
vn -0.4375 -0.3411 -0.8320
vn -0.4391 0.3136 -0.8419
vn 0.4331 -0.3374 -0.8358
vn -0.4422 0.8411 0.3116
vn 0.4335 0.8448 0.3136
vn -0.9267 0.2587 -0.2726
vn 0.9233 0.2783 0.2647
vn 0.9267 -0.2588 0.2725
vn 0.4422 -0.8410 -0.3116
vn -0.4318 -0.3151 0.8452
vn 0.4421 -0.8411 -0.3116
vn -0.9226 -0.2703 0.2753
vn -0.9233 -0.2784 -0.2648
vn -0.9256 0.2660 0.2693
vn -0.4422 0.8411 0.3117
vn -0.4326 -0.8345 0.3413
vn 0.4335 0.8448 0.3135
vn 0.4374 0.3411 0.8320
vn 0.4326 0.8345 -0.3413
vn -0.4392 0.3135 -0.8419
vn -0.4374 -0.3412 -0.8320
vn 0.8071 -0.1073 0.5805
vn -0.2001 0.9716 0.1266
vn 0.4957 -0.8284 -0.2607
vn -0.0052 0.9003 -0.4352
vn -0.2176 -0.9757 -0.0271
vn -0.2665 0.2452 0.9321
vn 0.4958 -0.8284 -0.2607
vt 62.000000 -41.238701
vt 61.946800 -41.170399
vt 61.919800 -41.217201
vt 61.907902 -41.131500
vt 62.000000 -41.184700
vt 61.861099 -41.158501
vt 62.080200 -41.217201
vt 61.893600 -41.078300
vt 62.053200 -41.170399
vt 61.839600 -41.078300
vt 62.138901 -41.158501
vt 61.861099 -40.998100
vt 62.092098 -41.131500
vt 61.907902 -41.025101
vt 62.160400 -41.078300
vt 61.919800 -40.939400
vt 62.106400 -41.078300
vt 61.946800 -40.986198
vt 62.092098 -41.025101
vt 62.000000 -40.917900
vt 62.138901 -40.998100
vt 62.000000 -40.972000
vt 62.053200 -40.986198
vt 62.080200 -40.939400
vt 61.893902 -41.262100
vt 61.816200 -41.184399
vt 62.106098 -41.262100
vt 62.183800 -41.184399
vt 61.893902 -40.894501
vt 61.816200 -40.972198
vt 62.106098 -40.894501
vt 62.183800 -40.972198
vt 62.000000 -41.278801
vt 61.933498 -41.193401
vt 61.899700 -41.251999
vt 61.826401 -41.178600
vt 62.000000 -41.211300
vt 61.884899 -41.144798
vt 62.066502 -41.193401
vt 61.867100 -41.078300
vt 62.100300 -41.251999
vt 61.799500 -41.078300
vt 62.115101 -41.144798
vt 61.884899 -41.011799
vt 62.173599 -41.178600
vt 61.826401 -40.978100
vt 62.200500 -41.078300
vt 61.933498 -40.963200
vt 62.132900 -41.078300
vt 61.899700 -40.904701
vt 62.115101 -41.011799
vt 62.000000 -40.945400
vt 62.173599 -40.978100
vt 62.000000 -40.877800
vt 62.066502 -40.963200
vt 62.100300 -40.904701
vt 61.867298 -41.308102
vt 61.770199 -41.210999
vt 62.132702 -41.308102
vt 62.229801 -41.210999
vt 61.867298 -40.848499
vt 61.770199 -40.945702
vt 62.132702 -40.848499
vt 62.229801 -40.945702
vt 62.000000 -41.328899
vt 61.916901 -41.222198
vt 61.874699 -41.295399
vt 61.856098 -41.161400
vt 62.000000 -41.244499
vt 61.782902 -41.203602
vt 62.125301 -41.295399
vt 61.833801 -41.078300
vt 62.083099 -41.222198
vt 61.749401 -41.078300
vt 62.143902 -41.161400
vt 61.782902 -40.952999
vt 62.217098 -41.203602
vt 61.856098 -40.995201
vt 62.250599 -41.078300
vt 61.916901 -40.934399
vt 62.166199 -41.078300
vt 61.874699 -40.861198
vt 62.217098 -40.952999
vt 62.000000 -40.827702
vt 62.143902 -40.995201
vt 62.000000 -40.912102
vt 62.125301 -40.861198
vt 62.083099 -40.934399
vt 61.834202 -41.365501
vt 61.712799 -41.244099
vt 62.165798 -41.365501
vt 62.287201 -41.244099
vt 61.834202 -40.791100
vt 61.712799 -40.912498
vt 62.165798 -40.791100
vt 62.287201 -40.912498
vt 61.701698 -41.250599
vt 61.827801 -41.376598
vt 61.867100 -41.308399
vt 61.769901 -41.211201
vt 62.298302 -41.250599
vt 62.132900 -41.308399
vt 62.172199 -41.376598
vt 62.230099 -41.211201
vt 61.867100 -40.848202
vt 61.701698 -40.906101
vt 61.769901 -40.945400
vt 61.827801 -40.779999
vt 62.132900 -40.848202
vt 62.230099 -40.945400
vt 62.298302 -40.906101
vt 62.172199 -40.779999
vt 61.787102 -41.446999
vt 62.000000 -41.504002
vt 62.000000 -41.422798
vt 62.212898 -41.446999
vt 61.631302 -41.291199
vt 62.368698 -41.291199
vt 61.655499 -41.078300
vt 62.344501 -41.078300
vt 61.574299 -41.078300
vt 62.425701 -41.078300
vt 61.631302 -40.865501
vt 62.368698 -40.865501
vt 61.787102 -40.709599
vt 62.212898 -40.709599
vt 62.000000 -40.652599
vt 62.000000 -40.733799
vt 62.000000 -41.715302
vt 62.032398 -41.684898
vt 62.000000 -41.667599
vt 61.967602 -41.684898
vt 62.000000 -41.573101
vt 61.833099 -41.443199
vt 61.782001 -41.550201
vt 62.000000 -41.456902
vt 61.712399 -41.359501
vt 62.166901 -41.443199
vt 61.623100 -41.435902
vt 62.217999 -41.550201
vt 62.287601 -41.359501
vt 62.376900 -41.435902
vt 61.781700 -40.844101
vt 61.623001 -41.027699
vt 61.712502 -41.047401
vt 62.218300 -40.844101
vt 62.287498 -41.047401
vt 62.376999 -41.027699
vt 61.458199 -41.217098
vt 61.564499 -41.253700
vt 62.435501 -41.253700
vt 62.541801 -41.217098
vt 61.530998 -40.932098
vt 62.469002 -40.932098
vt 61.729198 -40.705399
vt 62.270802 -40.705299
vt 62.000000 -40.760601
vt 62.000000 -40.608398
vt 61.827499 -40.322701
vt 61.827499 -40.293201
vt 61.758499 -40.322701
vt 61.870701 -40.284302
vt 61.870701 -40.322701
vt 61.910099 -40.322701
vt 61.910099 -40.293201
vt 61.979198 -40.322701
vt 62.172501 -40.322701
vt 62.241501 -40.322701
vt 62.172501 -40.293201
vt 62.129299 -40.284302
vt 62.129299 -40.322701
vt 62.089901 -40.322701
vt 62.089901 -40.293201
vt 62.020802 -40.322701
vt 62.121300 -40.871399
vt 62.000000 -40.745899
vt 62.000000 -40.877201
vt 61.878700 -40.871399
vt 62.000000 -40.997002
vt 62.000000 -40.150200
vt 62.029499 -40.150200
vt 62.000000 -40.081200
vt 62.038399 -40.193401
vt 62.000000 -40.232899
vt 62.029499 -40.232899
vt 62.000000 -40.301899
vt 61.970501 -40.150200
vt 62.000000 -40.495201
vt 62.000000 -40.564301
vt 62.029499 -40.495201
vt 62.038399 -40.452099
vt 62.000000 -40.452099
vt 62.029499 -40.412601
vt 62.000000 -40.412601
vt 62.000000 -40.343601
vt 61.970501 -40.495201
vt 61.882599 -40.396900
vt 61.932201 -40.446499
vt 61.948299 -40.418499
vt 61.910500 -40.380699
vt 62.117401 -40.396900
vt 62.051701 -40.418499
vt 62.067799 -40.446499
vt 62.089500 -40.380699
vt 61.948299 -40.239601
vt 61.882599 -40.261200
vt 61.910500 -40.277401
vt 61.932201 -40.211601
vt 62.051701 -40.239601
vt 62.089500 -40.277401
vt 62.117401 -40.261200
vt 62.067799 -40.211601
vt 61.914700 -40.476799
vt 62.000000 -40.499699
vt 62.000000 -40.464699
vt 62.085300 -40.476799
vt 61.852200 -40.414398
vt 62.147800 -40.414398
vt 61.864399 -40.329102
vt 62.135601 -40.329102
vt 61.829300 -40.329102
vt 62.170700 -40.329102
vt 61.852200 -40.243698
vt 62.147800 -40.243698
vt 61.914700 -40.181301
vt 62.085300 -40.181301
vt 62.000000 -40.158401
vt 62.000000 -40.193401
vt 62.160099 -41.317200
vt 62.000000 -41.287998
vt 62.000000 -41.398201
vt 62.113998 -41.230400
vt 62.000000 -41.176399
vt 62.032501 -41.159901
vt 62.000000 -41.134701
vt 61.839901 -41.317200
vt 61.886002 -41.230400
vt 61.967499 -41.159901
vt 62.301300 -41.095200
vt 62.173698 -41.228100
vt 62.216702 -41.282101
vt 62.375198 -41.118801
vt 62.347198 -40.920601
vt 61.698700 -41.095200
vt 61.783298 -41.282101
vt 61.826302 -41.228100
vt 61.624802 -41.118801
vt 62.433399 -40.899502
vt 62.301399 -40.759602
vt 61.652802 -40.920601
vt 62.375198 -40.699902
vt 62.173901 -40.646301
vt 61.698601 -40.759602
vt 61.566601 -40.899502
vt 62.216599 -40.557301
vt 61.624802 -40.699902
vt 62.000000 -40.507198
vt 61.826099 -40.646301
vt 62.000000 -40.608101
vt 61.783401 -40.557301
vt 62.000000 -41.175800
vt 62.133499 -41.134102
vt 62.000000 -41.280602
vt 62.230099 -41.032200
vt 61.866501 -41.134102
vt 62.265701 -40.899502
vt 61.769901 -41.032200
vt 61.734299 -40.899502
vt 62.183102 -41.527401
vt 62.000000 -41.407299
vt 62.000000 -41.499100
vt 62.123402 -41.580101
vt 62.000000 -41.610500
vt 61.816898 -41.527401
vt 61.876598 -41.580101
vt 61.826599 -41.282700
vt 62.000000 -41.324799
vt 62.000000 -41.190102
vt 62.173401 -41.282700
vt 61.877499 -41.160400
vt 62.122501 -41.160400
vt 61.699699 -41.167702
vt 62.300301 -41.167702
vt 61.787800 -41.079102
vt 62.212200 -41.079102
vt 61.653301 -41.010601
vt 62.346699 -41.010601
vt 61.755001 -40.967999
vt 62.244999 -40.967999
vt 61.699699 -40.853401
vt 61.553600 -40.967999
vt 61.613400 -40.765800
vt 61.826599 -40.738400
vt 62.300301 -40.853401
vt 62.446400 -40.967999
vt 61.776798 -40.617699
vt 62.386600 -40.765800
vt 62.000000 -40.696301
vt 62.173401 -40.738400
vt 62.000000 -40.563499
vt 62.223202 -40.617699
vt 59.963799 -41.000000
vt 59.963799 -40.893902
vt 59.910900 -40.919800
vt 59.910900 -41.000000
vt 59.910900 -41.080200
vt 59.963799 -41.106098
vt 63.954899 -41.000000
vt 64.089104 -41.000000
vt 63.941002 -40.877499
vt 63.941002 -41.122501
vt 64.069504 -40.826599
vt 64.069504 -41.173401
vt 63.903099 -40.787800
vt 63.903099 -41.212200
vt 64.015800 -40.699699
vt 64.015800 -41.300301
vt 63.688000 -40.776798
vt 63.869301 -40.699699
vt 63.757000 -40.613400
vt 63.688000 -41.223202
vt 63.757000 -41.386600
vt 63.869301 -41.300301
vt 63.815701 -40.826599
vt 63.815701 -41.173401
vt 63.662701 -41.000000
vt 63.796001 -41.000000
vt 60.208000 -41.000000
vt 60.208000 -40.867298
vt 60.141899 -40.899700
vt 60.141899 -41.000000
vt 60.141899 -41.100300
vt 60.208000 -41.132702
vt 60.584202 -41.000000
vt 60.584202 -40.834202
vt 60.501499 -40.874699
vt 60.501499 -41.000000
vt 60.501499 -41.125301
vt 60.584202 -41.165798
vt 61.015099 -41.000000
vt 61.095200 -40.867100
vt 61.015099 -40.827801
vt 61.095200 -41.000000
vt 61.095200 -41.132900
vt 61.015099 -41.172199
vt 62.562698 -41.133499
vt 62.595299 -41.000000
vt 62.522202 -41.000000
vt 62.562698 -40.866501
vt 62.483601 -41.174702
vt 62.469898 -41.375198
vt 62.579601 -41.301601
vt 62.357201 -41.216599
vt 62.419601 -41.000000
vt 62.469898 -40.624802
vt 62.483601 -40.825298
vt 62.579601 -40.698399
vt 62.293598 -41.000000
vt 62.357201 -40.783401
vt 62.744900 -40.886002
vt 62.731701 -41.000000
vt 62.843300 -41.000000
vt 62.703602 -40.967499
vt 62.688801 -41.000000
vt 62.744900 -41.113998
vt 62.703602 -41.032501
vt 62.157200 -41.000000
vt 62.191002 -41.000000
vt 62.157200 -40.948299
vt 62.157200 -41.051701
vt 62.191002 -40.932201
vt 62.191002 -41.067799
vt 63.446098 -41.000000
vt 63.458302 -41.115002
vt 63.573399 -41.032799
vt 63.570000 -41.000000
vt 63.614700 -41.000000
vt 63.573399 -40.967201
vt 63.458302 -40.884998
vt 61.509102 -41.000000
vt 61.585499 -40.782600
vt 61.479900 -40.729198
vt 61.624901 -41.000000
vt 61.585499 -41.217400
vt 61.479900 -41.270802
vt 61.846500 -40.782799
vt 61.754299 -41.000000
vt 61.926399 -41.000000
vt 61.846500 -41.217201
vt 61.682999 -40.833099
vt 61.682999 -41.166901
vt 61.713501 -40.623402
vt 61.713501 -41.376598
vt 61.580601 -40.712399
vt 61.580601 -41.287601
vt 62.123402 -41.000000
vt 62.123402 -40.932201
vt 62.123402 -41.067799
vt 61.758900 -41.000000
vt 61.810299 -41.000000
vt 61.797001 -40.967602
vt 61.924198 -41.000000
vt 61.912300 -40.886501
vt 62.063202 -40.840500
vt 62.143299 -41.000000
vt 62.202499 -40.819302
vt 62.202499 -41.180698
vt 62.063202 -41.159500
vt 61.912300 -41.113499
vt 61.797001 -41.032398
vt 61.175301 -41.000000
vt 61.175301 -40.827801
vt 61.175301 -41.172199
vt 63.519402 -41.000000
vt 63.508202 -41.186199
vt 63.594700 -41.164299
vt 63.422901 -41.000000
vt 63.634499 -41.000000
vt 63.388901 -41.204800
vt 63.688099 -41.117001
vt 63.295101 -41.000000
vt 63.748600 -41.000000
vt 63.763901 -41.033401
vt 63.791000 -41.000000
vt 63.508202 -40.813801
vt 63.594700 -40.835701
vt 63.388901 -40.795200
vt 63.688099 -40.882999
vt 63.763901 -40.966599
vt 60.666901 -40.874699
vt 60.666901 -41.125301
vt 60.666901 -41.000000
vt 60.274200 -40.899700
vt 60.274200 -41.100300
vt 60.274200 -41.000000
vt 60.016701 -40.919800
vt 60.016701 -41.080200
vt 60.016701 -41.000000
vt 64.036201 -41.184399
vt 64.089104 -41.158501
vt 64.036201 -41.078300
vt 64.089104 -41.078300
vt 64.089104 -40.998100
vt 64.036201 -40.972198
vt 60.096901 -41.079102
vt 60.057400 -40.925499
vt 59.984200 -41.082600
vt 60.148701 -40.967999
vt 60.130699 -40.768398
vt 60.243000 -40.765800
vt 63.792000 -41.210999
vt 63.858101 -41.178600
vt 63.792000 -41.078300
vt 63.858101 -41.078300
vt 63.858101 -40.978100
vt 63.792000 -40.945702
vt 63.415798 -41.244099
vt 63.498501 -41.203602
vt 63.415798 -41.078300
vt 63.498501 -41.078300
vt 63.498501 -40.952999
vt 63.415798 -40.912498
vt 60.330101 -41.428001
vt 60.491798 -41.380100
vt 60.405300 -41.320202
vt 60.406502 -41.502201
vt 60.611099 -41.462601
vt 60.517300 -41.597000
vt 62.984901 -41.078300
vt 62.904800 -41.211201
vt 62.984901 -41.250599
vt 62.904800 -41.078300
vt 62.904800 -40.945400
vt 62.984901 -40.906101
vt 61.408699 -41.032200
vt 61.433701 -40.899502
vt 61.351501 -40.877899
vt 61.476200 -40.774799
vt 61.433399 -40.899502
vt 61.331799 -41.053101
vt 61.420101 -41.118801
vt 61.420399 -40.716400
vt 61.530102 -40.699902
vt 61.736698 -41.918800
vt 61.797501 -41.746601
vt 61.614799 -41.691898
vt 61.527699 -41.874199
vt 62.087700 -41.728298
vt 61.897499 -41.892799
vt 62.095901 -41.841599
vt 61.375599 -41.718300
vt 62.216202 -41.715302
vt 62.202999 -41.684898
vt 61.474602 -41.572701
vt 61.066101 -41.236301
vt 61.000599 -41.305801
vt 61.157101 -41.397598
vt 61.204201 -41.317200
vt 61.092098 -41.508499
vt 61.156700 -41.172699
vt 60.919899 -41.407600
vt 61.255100 -41.230400
vt 60.887299 -41.505199
vt 61.041199 -41.595402
vt 62.604599 -41.253700
vt 62.419399 -41.359501
vt 62.483101 -41.435902
vt 62.505001 -41.216801
vt 62.534698 -41.047401
vt 62.633900 -41.027699
vt 62.615898 -40.844101
vt 62.515999 -40.904999
vt 62.505299 -41.217098
vt 62.345600 -41.439899
vt 61.842800 -40.380699
vt 61.808998 -40.329102
vt 61.808998 -40.396900
vt 61.842800 -40.329102
vt 61.842800 -40.277401
vt 61.808998 -40.261200
vt 61.842701 -40.150200
vt 61.804298 -40.193401
vt 61.842701 -40.193401
vt 61.842701 -40.232899
vt 61.804298 -40.452099
vt 61.842701 -40.495201
vt 61.842701 -40.452099
vt 61.842701 -40.412601
vt 60.814999 -40.833199
vt 60.700699 -40.654598
vt 60.683701 -40.821800
vt 60.834301 -40.643799
vt 60.553902 -40.690399
vt 60.996300 -40.848999
vt 60.541698 -40.809399
vt 61.017601 -40.640598
vt 61.157398 -40.675098
vt 61.138401 -40.861401
vt 61.266899 -40.745899
vt 61.254101 -40.871399
vt 60.666599 -40.988998
vt 60.795700 -41.022598
vt 60.529598 -40.928398
vt 60.975101 -41.057400
vt 61.119400 -41.047600
vt 60.423100 -40.833401
vt 60.426601 -40.799400
vt 60.385300 -40.795799
vt 61.881100 -40.193401
vt 61.872200 -40.150200
vt 61.872200 -40.232899
vt 61.842701 -40.301899
vt 61.872200 -40.495201
vt 61.881100 -40.452099
vt 61.872200 -40.412601
vt 61.842701 -40.343601
vt 62.286499 -41.362499
vt 62.407799 -41.181000
vt 62.533298 -40.932098
vt 62.436798 -40.955700
vt 62.520100 -40.705399
vt 62.414501 -40.767101
vt 61.876598 -40.329102
vt 61.876598 -40.396900
vt 61.876598 -40.261200
vt 61.342400 -41.398201
vt 61.313599 -41.489300
vt 61.264301 -41.609402
vt 61.195099 -41.685600
vt 61.707298 -41.514900
vt 61.856701 -41.576500
vt 61.591202 -41.441299
vt 61.425201 -41.443600
vt 61.518902 -41.367699
vt 61.404800 -41.285702
vt 61.513802 -40.920601
vt 61.494301 -41.095200
vt 61.582500 -40.759602
vt 62.824699 -41.078300
vt 62.824699 -41.250599
vt 62.824699 -40.906101
vt 60.788502 -41.407299
vt 60.704899 -41.328300
vt 60.704601 -41.527401
vt 63.333099 -41.203602
vt 63.333099 -41.078300
vt 63.333099 -40.952999
vt 63.725800 -41.178600
vt 63.725800 -41.078300
vt 63.725800 -40.978100
vt 60.239899 -41.010601
vt 60.200401 -40.856998
vt 60.313202 -40.853401
vt 60.054298 -41.170300
vt 60.166599 -41.167702
vt 63.983299 -41.158501
vt 63.983299 -41.078300
vt 63.983299 -40.998100
vt 62.346699 -40.925499
vt 62.212200 -40.856998
vt 61.787800 -40.856998
vt 61.653301 -40.925499
vt 62.300301 -40.768398
vt 61.699699 -40.768398
vt 62.122501 -40.775700
vt 61.877499 -40.775700
vt 62.173401 -40.653301
vt 61.826599 -40.653301
vt 62.000000 -40.611198
vt 62.223202 -41.318401
vt 62.000000 -41.239799
vt 62.000000 -41.372601
vt 61.776798 -41.318401
vt 62.173401 -41.197701
vt 61.826599 -41.197701
vt 62.386600 -41.170300
vt 61.613400 -41.170300
vt 62.300301 -41.082600
vt 61.699699 -41.082600
vt 62.164299 -41.320202
vt 62.000000 -41.332298
vt 62.000000 -41.428001
vt 62.117001 -41.255600
vt 62.000000 -41.224998
vt 62.033401 -41.203098
vt 62.000000 -41.184299
vt 61.835701 -41.320202
vt 61.882999 -41.255600
vt 61.966599 -41.203098
vt 62.000000 -41.238098
vt 61.825600 -41.186901
vt 61.698399 -41.053101
vt 62.174400 -41.186901
vt 61.651600 -40.877899
vt 62.301601 -41.053101
vt 62.348400 -40.877899
vt 61.770000 -40.774799
vt 61.698399 -40.716400
vt 61.866699 -40.690102
vt 61.825298 -40.604301
vt 62.230000 -40.774799
vt 62.301601 -40.716400
vt 62.000000 -40.567600
vt 62.133301 -40.690102
vt 62.000000 -40.662201
vt 62.174702 -40.604301
vt 62.000000 -41.344299
vt 61.822300 -41.572701
vt 62.000000 -41.718300
vt 62.000000 -41.518902
vt 61.880199 -41.443600
vt 62.000000 -41.285702
vt 62.177700 -41.572701
vt 62.119801 -41.443600
vt 62.000000 -41.605301
vt 62.178398 -41.595402
vt 62.000000 -41.505199
vt 62.120300 -41.666100
vt 62.000000 -41.707001
vt 61.821602 -41.595402
vt 61.879700 -41.666100
vt 61.970501 -40.232899
vt 61.961601 -40.193401
vt 61.970501 -40.412601
vt 61.961601 -40.452099
vt 62.000000 -41.623100
vt 62.270901 -41.583599
vt 62.217201 -41.472198
vt 62.000000 -41.496399
vt 62.376598 -41.362499
vt 61.782799 -41.472198
vt 62.469002 -41.439899
vt 61.729099 -41.583599
vt 61.623402 -41.362499
vt 61.530998 -41.439899
vt 62.434101 -41.181000
vt 62.376701 -40.955700
vt 62.270802 -40.705399
vt 61.565899 -41.181000
vt 61.623299 -40.955700
vt 61.729198 -40.705299
vt 62.332100 -41.216801
vt 61.667900 -41.216801
vt 62.166698 -40.904999
vt 61.833302 -40.904999
vt 62.217400 -40.767101
vt 61.782600 -40.767101
vt 62.000000 -40.834702
vt 62.000000 -40.681400
vt 64.036201 -41.000000
vt 64.089104 -40.919800
vt 64.036201 -40.893902
vt 64.089104 -41.080200
vt 64.036201 -41.106098
vt 63.792000 -41.000000
vt 63.858101 -40.899700
vt 63.792000 -40.867298
vt 63.858101 -41.000000
vt 63.858101 -41.100300
vt 63.792000 -41.132702
vt 63.415798 -41.000000
vt 63.498501 -40.874699
vt 63.415798 -40.834202
vt 63.498501 -41.000000
vt 63.498501 -41.125301
vt 63.415798 -41.165798
vt 60.620701 -41.000000
vt 60.611099 -40.795200
vt 60.517300 -41.000000
vt 60.704601 -40.816898
vt 60.724201 -41.000000
vt 60.780701 -40.876598
vt 60.824600 -41.000000
vt 60.611099 -41.204800
vt 60.704601 -41.183102
vt 60.780701 -41.123402
vt 62.984901 -41.000000
vt 62.984901 -40.827801
vt 62.904800 -40.867100
vt 62.904800 -41.000000
vt 62.904800 -41.132900
vt 62.984901 -41.172199
vt 61.897499 -41.000000
vt 61.797501 -41.180698
vt 61.936798 -41.159500
vt 62.087700 -41.113499
vt 61.736698 -41.000000
vt 61.797501 -40.819302
vt 61.936798 -40.840500
vt 62.087700 -40.886501
vt 62.576698 -41.000000
vt 62.615898 -40.781700
vt 62.515999 -40.833302
vt 62.476299 -41.000000
vt 62.515999 -41.166698
vt 62.615898 -41.218300
vt 62.195000 -40.729099
vt 62.115700 -41.000000
vt 62.275799 -41.000000
vt 62.195000 -41.270901
vt 62.354698 -40.782001
vt 62.354698 -41.217999
vt 62.345600 -40.530998
vt 62.345600 -41.469002
vt 62.483101 -40.623100
vt 62.483101 -41.376900
vt 61.808998 -41.000000
vt 61.842800 -40.948299
vt 61.808998 -40.932201
vt 61.842800 -41.051701
vt 61.808998 -41.067799
vt 61.842800 -41.000000
vt 61.119400 -41.000000
vt 61.254101 -40.878700
vt 61.138401 -40.820099
vt 61.241299 -41.000000
vt 61.254101 -41.121300
vt 61.138401 -41.179901
vt 61.804298 -40.870701
vt 61.842701 -40.870701
vt 61.842701 -40.827499
vt 61.842701 -40.910099
vt 61.813202 -40.827499
vt 61.842701 -40.758499
vt 61.813202 -40.910099
vt 61.842701 -40.979198
vt 61.813202 -41.172501
vt 61.842701 -41.172501
vt 61.804298 -41.129299
vt 61.842701 -41.241501
vt 61.842701 -41.129299
vt 61.842701 -41.089901
vt 61.813202 -41.089901
vt 61.842701 -41.020802
vt 61.876598 -41.000000
vt 61.876598 -40.932201
vt 61.876598 -41.067799
vt 61.041199 -41.178398
vt 61.195099 -41.000000
vt 61.103500 -41.000000
vt 60.999699 -41.120300
vt 60.975800 -41.000000
vt 61.041199 -40.821602
vt 60.999699 -40.879700
vt 61.531200 -41.173698
vt 61.486698 -41.000000
vt 61.452801 -41.216702
vt 61.572498 -41.000000
vt 61.531200 -40.826302
vt 61.452801 -40.783298
vt 61.553902 -41.133301
vt 61.476200 -41.230000
vt 61.582500 -41.301399
vt 61.683701 -41.173901
vt 61.612099 -41.000000
vt 61.748798 -41.000000
vt 61.553902 -40.866699
vt 61.582500 -40.698601
vt 61.476200 -40.770000
vt 61.683701 -40.826099
vt 61.881100 -40.870701
vt 61.872200 -40.827499
vt 61.872200 -40.910099
vt 61.872200 -41.172501
vt 61.881100 -41.129299
vt 61.872200 -41.089901
vt 62.824699 -41.000000
vt 62.824699 -40.827801
vt 62.824699 -41.172199
vt 63.333099 -41.000000
vt 63.333099 -40.874699
vt 63.333099 -41.125301
vt 63.725800 -41.000000
vt 63.725800 -40.899700
vt 63.725800 -41.100300
vt 60.366798 -40.826599
vt 60.313202 -40.699699
vt 60.200401 -40.787800
vt 60.366798 -41.173401
vt 60.200401 -41.212200
vt 60.313202 -41.300301
vt 60.238300 -40.877499
vt 60.238300 -41.122501
vt 60.386398 -41.000000
vt 60.252201 -41.000000
vt 59.959999 -41.000000
vt 60.112999 -40.826599
vt 59.985298 -40.776798
vt 60.093300 -41.000000
vt 60.166599 -40.699699
vt 60.112999 -41.173401
vt 60.054298 -40.613400
vt 59.985298 -41.223202
vt 60.166599 -41.300301
vt 60.054298 -41.386600
vt 63.983299 -41.000000
vt 63.983299 -40.919800
vt 63.983299 -41.080200
vt 59.963799 -41.078300
vt 59.910900 -41.158501
vt 59.963799 -41.184399
vt 59.910900 -41.078300
vt 59.910900 -40.998100
vt 59.963799 -40.972198
vt 63.942600 -40.925499
vt 63.903099 -41.079102
vt 64.015800 -41.082600
vt 63.851299 -40.967999
vt 63.869301 -40.768398
vt 63.757000 -40.765800
vt 60.208000 -41.078300
vt 60.141899 -41.178600
vt 60.208000 -41.210999
vt 60.141899 -41.078300
vt 60.141899 -40.978100
vt 60.208000 -40.945702
vt 60.584202 -41.078300
vt 60.501499 -41.203602
vt 60.584202 -41.244099
vt 60.501499 -41.078300
vt 60.501499 -40.952999
vt 60.584202 -40.912498
vt 63.508202 -41.380100
vt 63.669899 -41.428001
vt 63.594700 -41.320202
vt 63.593498 -41.502201
vt 63.388901 -41.462601
vt 63.482700 -41.597000
vt 61.015099 -41.078300
vt 61.015099 -41.250599
vt 61.095200 -41.211201
vt 61.095200 -41.078300
vt 61.095200 -40.945400
vt 61.015099 -40.906101
vt 62.591301 -41.032200
vt 62.648499 -40.877899
vt 62.566299 -40.899502
vt 62.523800 -40.774799
vt 62.566601 -40.899502
vt 62.579899 -41.118801
vt 62.668201 -41.053101
vt 62.579601 -40.716400
vt 62.469898 -40.699902
vt 62.102501 -41.892799
vt 61.912300 -41.728298
vt 61.904099 -41.841599
vt 62.263302 -41.918800
vt 62.385201 -41.691898
vt 62.202499 -41.746601
vt 61.783798 -41.715302
vt 61.797001 -41.684898
vt 62.472301 -41.874199
vt 62.624401 -41.718300
vt 62.525398 -41.572701
vt 62.842899 -41.397598
vt 62.933899 -41.236301
vt 62.795799 -41.317200
vt 62.843300 -41.172699
vt 62.999401 -41.305801
vt 62.744900 -41.230400
vt 62.907902 -41.508499
vt 63.080101 -41.407600
vt 63.112701 -41.505199
vt 62.958801 -41.595402
vt 61.395401 -41.253700
vt 61.516899 -41.435902
vt 61.580601 -41.359501
vt 61.494999 -41.216801
vt 61.465302 -41.047401
vt 61.366100 -41.027699
vt 61.384102 -40.844101
vt 61.484001 -40.904999
vt 61.494701 -41.217098
vt 61.654400 -41.439899
vt 62.191002 -40.329102
vt 62.157200 -40.380699
vt 62.191002 -40.396900
vt 62.157200 -40.329102
vt 62.157200 -40.277401
vt 62.191002 -40.261200
vt 62.157299 -40.193401
vt 62.186798 -40.232899
vt 62.195702 -40.193401
vt 62.186798 -40.150200
vt 62.157299 -40.150200
vt 62.157299 -40.081200
vt 62.157299 -40.452099
vt 62.186798 -40.412601
vt 62.157299 -40.412601
vt 62.195702 -40.452099
vt 62.186798 -40.495201
vt 63.299301 -40.654598
vt 63.165699 -40.643799
vt 63.185001 -40.833199
vt 63.316299 -40.821800
vt 63.003700 -40.848999
vt 63.446098 -40.690399
vt 62.982399 -40.640598
vt 63.458302 -40.809399
vt 62.842602 -40.675098
vt 62.861599 -40.861401
vt 62.733101 -40.745899
vt 62.745899 -40.871399
vt 63.333401 -40.988998
vt 63.470402 -40.928398
vt 63.204300 -41.022598
vt 63.576900 -40.833401
vt 63.573399 -40.799400
vt 63.614700 -40.795799
vt 63.024899 -41.057400
vt 62.880600 -41.047600
vt 62.127800 -40.150200
vt 62.118900 -40.193401
vt 62.127800 -40.232899
vt 62.127800 -40.495201
vt 62.118900 -40.452099
vt 61.713501 -41.362499
vt 61.592201 -41.181000
vt 61.466702 -40.932098
vt 61.563202 -40.955700
vt 61.585499 -40.767101
vt 61.479900 -40.705299
vt 62.123402 -40.329102
vt 62.123402 -40.396900
vt 62.123402 -40.261200
vt 62.686401 -41.489300
vt 62.657600 -41.398201
vt 62.735699 -41.609402
vt 62.804901 -41.685600
vt 62.292702 -41.514900
vt 62.143299 -41.576500
vt 62.408798 -41.441299
vt 62.574799 -41.443600
vt 62.481098 -41.367699
vt 62.595200 -41.285702
vt 62.486198 -40.920601
vt 62.505699 -41.095200
vt 62.417500 -40.759602
vt 61.175301 -41.078300
vt 61.175301 -41.250599
vt 61.175301 -40.906101
vt 63.295101 -41.328300
vt 63.211498 -41.407299
vt 63.295399 -41.527401
vt 60.666901 -41.203602
vt 60.666901 -41.078300
vt 60.666901 -40.952999
vt 60.274200 -41.178600
vt 60.274200 -41.078300
vt 60.274200 -40.978100
vt 63.799599 -40.856998
vt 63.760101 -41.010601
vt 63.686798 -40.853401
vt 63.833401 -41.167702
vt 63.945702 -41.170300
vt 60.016701 -41.158501
vt 60.016701 -41.078300
vt 60.016701 -40.998100
vt 22.274700 -41.158600
vt 22.224400 -41.000000
vt 22.194300 -41.112202
vt 22.317200 -41.000000
vt 22.158600 -41.274700
vt 22.274700 -40.841400
vt 22.194201 -40.663601
vt 22.158600 -40.725300
vt 22.336399 -41.194199
vt 22.194201 -41.336399
vt 22.336399 -40.805801
vt 21.663601 -41.194199
vt 21.841400 -41.274700
vt 21.725300 -41.158600
vt 21.805799 -41.336399
vt 21.841400 -40.725300
vt 21.663601 -40.805801
vt 21.725300 -40.841400
vt 21.887800 -40.805698
vt 21.805799 -40.663601
vt 22.000000 -40.682800
vt 22.112200 -40.805698
vt 22.000000 -40.775600
vt 21.941900 -40.899300
vt 21.899300 -40.941898
vt 22.000000 -40.883701
vt 22.000000 -41.000000
vt 22.058100 -40.899300
vt 22.100700 -40.941898
vt 22.116301 -41.000000
vt 22.100700 -41.058102
vt 22.194300 -40.887798
vt 21.775600 -41.000000
vt 21.682800 -41.000000
vt 21.805700 -40.887798
vt 21.883699 -41.000000
vt 21.805700 -41.112202
vt 21.899300 -41.058102
vt 21.941900 -41.100700
vt 21.887800 -41.194302
vt 22.000000 -41.224400
vt 22.000000 -41.116299
vt 22.058100 -41.100700
vt 22.112200 -41.194302
vt 22.000000 -41.317200
vt 23.790701 -41.375198
vt 23.898800 -41.194199
vt 23.790701 -41.216599
vt 23.790701 -41.000000
vt 23.674601 -41.000000
vt 23.674601 -41.224300
vt 23.674601 -41.388401
vt 23.558599 -41.216599
vt 23.558599 -41.000000
vt 23.558599 -40.783401
vt 23.558599 -41.375198
vt 23.450399 -41.194199
vt 23.450399 -40.805801
vt 23.450399 -40.663601
vt 23.450399 -41.000000
vt 23.357500 -40.841400
vt 22.920300 -40.912998
vt 23.243000 -40.901699
vt 23.243000 -40.829700
vt 22.920300 -40.949699
vt 22.335400 -40.952900
vt 23.357500 -41.000000
vt 23.243000 -41.000000
vt 23.357500 -41.158600
vt 22.920300 -41.000000
vt 22.335400 -40.972801
vt 21.408501 -40.977901
vt 22.920300 -41.050301
vt 23.243000 -41.098301
vt 22.920300 -41.087002
vt 22.335400 -41.000000
vt 22.335400 -41.027199
vt 22.335400 -41.047100
vt 21.408501 -41.012798
vt 21.408501 -40.987202
vt 21.408501 -41.000000
vt 20.595800 -40.989300
vt 20.595800 -41.010700
vt 20.595800 -41.000000
vt 19.882799 -40.993900
vt 20.595800 -40.981499
vt 19.882799 -40.989399
vt 19.876900 -40.996601
vt 19.882799 -41.000000
vt 19.876900 -41.000000
vt 19.882799 -41.006100
vt 19.876900 -41.003399
vt 19.882799 -41.010601
vt 20.595800 -41.018501
vt 21.408501 -41.022099
vt 23.243000 -41.170300
vt 23.450399 -41.336399
vt 23.991699 -40.841400
vt 23.898800 -41.000000
vt 23.991699 -41.000000
vt 23.991699 -41.158600
vt 23.898800 -40.805801
vt 23.790701 -40.783401
vt 23.790701 -40.624802
vt 23.674601 -40.775700
vt 23.558599 -40.624802
vt 20.008301 -41.158600
vt 20.101200 -41.000000
vt 20.008301 -41.000000
vt 20.008301 -40.841400
vt 20.101200 -41.194199
vt 20.101200 -40.805801
vt 20.209299 -41.000000
vt 20.101200 -41.336399
vt 20.209299 -41.216599
vt 20.209299 -40.783401
vt 20.325399 -41.000000
vt 20.325399 -41.224300
vt 20.209299 -41.375198
vt 20.325399 -41.388401
vt 20.441401 -41.375198
vt 20.441401 -41.216599
vt 24.123100 -41.003399
vt 24.117201 -41.000000
vt 24.117201 -41.006100
vt 24.123100 -41.000000
vt 23.404200 -41.010700
vt 23.404200 -41.018501
vt 22.591499 -41.022099
vt 23.404200 -41.000000
vt 24.123100 -40.996601
vt 24.117201 -40.993900
vt 22.591499 -41.000000
vt 22.591499 -41.012798
vt 23.404200 -40.989300
vt 24.117201 -40.989399
vt 23.404200 -40.981499
vt 22.591499 -40.987202
vt 22.591499 -40.977901
vt 21.664600 -40.952900
vt 21.664600 -41.000000
vt 21.664600 -40.972801
vt 21.664600 -41.027199
vt 21.079700 -41.000000
vt 21.079700 -40.949699
vt 21.079700 -41.050301
vt 20.757000 -41.000000
vt 20.757000 -40.901699
vt 20.757000 -41.098400
vt 20.642500 -40.841400
vt 20.549601 -41.000000
vt 20.642500 -41.000000
vt 20.642500 -41.158600
vt 20.549601 -41.194199
vt 20.441401 -41.000000
vt 20.549601 -40.805801
vt 20.441401 -40.783401
vt 20.325399 -40.775700
vt 20.441401 -40.624802
vt 20.325399 -40.611599
vt 20.209299 -40.624802
vt 22.196699 -41.000000
vt 22.170300 -41.098400
vt 22.170300 -40.901699
vt 22.000000 -40.803299
vt 22.098301 -40.829700
vt 22.098301 -41.170300
vt 22.000000 -41.196701
vt 21.901699 -41.170300
vt 22.006100 -40.989399
vt 22.005800 -40.996601
vt 22.010599 -40.993900
vt 22.003401 -40.994202
vt 22.003401 -41.005798
vt 22.010599 -41.006100
vt 22.005800 -41.003399
vt 22.006100 -41.010601
vt 22.000000 -41.006699
vt 22.006701 -41.000000
vt 22.000000 -40.993301
vt 21.996599 -41.005798
vt 21.989401 -41.006100
vt 21.993900 -41.010601
vt 21.994200 -41.003399
vt 21.993299 -41.000000
vt 21.994200 -40.996601
vt 21.993900 -40.989399
vt 21.989401 -40.993900
vt 21.996599 -40.994202
vt 21.901699 -40.829700
vt 21.829700 -40.901699
vt 21.829700 -41.098400
vt 21.803301 -41.000000
vt 20.549601 -40.663601
vt 21.079700 -40.912998
vt 20.757000 -41.098301
vt 21.664600 -41.047100
vt 21.079700 -41.087002
vt 20.757000 -41.170300
vt 20.549601 -41.336399
vt 20.101200 -40.663601
vt 23.243000 -41.098400
vt 23.898800 -41.336399
vt 23.898800 -40.663601
vt 23.674601 -40.611599
vt 20.268299 -35.154900
vt 20.189800 -35.328701
vt 20.328699 -35.189800
vt 20.154900 -35.268299
vt 19.671301 -35.189800
vt 19.845100 -35.268299
vt 19.731701 -35.154900
vt 19.810200 -35.328701
vt 20.268299 -34.845100
vt 20.328699 -34.810200
vt 20.189800 -34.671299
vt 20.154900 -34.731701
vt 19.731701 -34.845100
vt 19.810200 -34.671299
vt 19.671301 -34.810200
vt 19.845100 -34.731701
vt 20.003099 -35.000000
vt 20.001499 -35.002701
vt 20.002701 -35.001499
vt 20.000000 -34.996899
vt 19.996901 -35.000000
vt 19.998501 -35.002701
vt 20.000000 -35.003101
vt 19.997299 -35.001499
vt 19.998501 -34.997299
vt 19.997299 -34.998501
vt 19.835899 -34.905201
vt 19.690100 -35.000000
vt 19.810499 -35.000000
vt 19.905199 -34.835899
vt 20.000000 -34.690102
vt 20.000000 -34.810501
vt 19.835899 -35.094799
vt 19.905199 -35.164101
vt 20.000000 -35.309898
vt 20.000000 -35.189499
vt 20.094801 -35.164101
vt 20.164101 -35.094799
vt 20.189501 -35.000000
vt 20.309900 -35.000000
vt 20.164101 -34.905201
vt 20.094801 -34.835899
vt 20.002701 -34.998501
vt 20.001499 -34.997299
vt 21.561800 -34.788399
vt 21.675200 -35.000000
vt 21.675200 -34.780899
vt 21.788601 -34.788399
vt 21.561800 -35.000000
vt 21.788601 -35.000000
vt 21.456100 -34.810200
vt 21.894300 -34.810200
vt 21.456100 -35.000000
vt 21.365299 -34.845100
vt 21.365299 -35.000000
vt 21.894300 -35.000000
vt 21.985001 -34.845100
vt 21.985001 -35.000000
vt 21.788601 -35.211601
vt 21.675200 -35.219101
vt 21.561800 -35.211601
vt 21.894300 -35.189800
vt 21.456100 -35.189800
vt 21.365299 -35.154900
vt 21.985001 -35.154900
vt 21.788601 -35.366600
vt 21.675200 -35.379501
vt 21.561800 -35.366600
vt 21.456100 -35.328701
vt 21.894300 -35.328701
vt 21.788601 -34.633400
vt 21.675200 -34.620499
vt 21.894300 -34.671299
vt 21.561800 -34.633400
vt 21.456100 -34.671299
vt 17.894600 -34.997398
vt 18.597000 -34.990398
vt 17.894600 -34.995602
vt 17.886600 -34.997299
vt 17.886600 -34.998501
vt 17.886600 -35.000000
vt 17.894600 -35.000000
vt 18.597000 -35.000000
vt 18.597000 -34.994499
vt 19.410101 -35.000000
vt 19.410101 -34.990299
vt 20.338200 -35.000000
vt 20.338200 -34.976601
vt 20.924900 -35.000000
vt 20.338200 -34.959499
vt 19.410101 -34.983101
vt 20.924900 -34.953201
vt 21.250999 -35.000000
vt 20.924900 -34.918999
vt 21.250999 -34.905201
vt 20.924900 -35.046799
vt 21.250999 -35.094799
vt 20.338200 -35.023399
vt 19.410101 -35.009701
vt 19.410101 -35.016899
vt 20.338200 -35.040501
vt 18.597000 -35.005501
vt 17.894600 -35.002602
vt 17.886600 -35.001499
vt 17.894600 -35.004398
vt 17.886600 -35.002701
vt 18.438200 -35.211601
vt 18.543900 -35.328701
vt 18.543900 -35.189800
vt 18.105700 -35.328701
vt 18.211399 -35.211601
vt 18.105700 -35.189800
vt 18.105700 -35.000000
vt 18.014999 -35.154900
vt 18.014999 -35.000000
vt 18.211399 -35.000000
vt 18.324800 -35.000000
vt 18.324800 -35.219101
vt 18.438200 -35.000000
vt 18.543900 -35.000000
vt 18.634701 -35.154900
vt 18.634701 -35.000000
vt 18.438200 -34.788399
vt 18.543900 -34.810200
vt 18.634701 -34.845100
vt 18.324800 -34.780899
vt 18.211399 -34.788399
vt 18.105700 -34.810200
vt 18.014999 -34.845100
vt 18.324800 -34.620499
vt 18.105700 -34.671299
vt 18.211399 -34.633400
vt 18.438200 -34.633400
vt 18.543900 -34.671299
vt 20.589899 -35.009701
vt 19.661800 -35.040501
vt 20.589899 -35.016899
vt 21.403000 -35.009602
vt 22.113400 -35.001499
vt 22.105400 -35.004398
vt 22.113400 -35.002701
vt 22.105400 -35.002602
vt 21.403000 -35.005501
vt 22.105400 -35.000000
vt 22.113400 -35.000000
vt 21.403000 -35.000000
vt 20.589899 -35.000000
vt 19.661800 -35.000000
vt 19.661800 -35.023399
vt 20.589899 -34.990299
vt 21.403000 -34.994499
vt 22.105400 -34.997398
vt 22.113400 -34.998501
vt 22.105400 -34.995602
vt 21.403000 -34.990398
vt 20.589899 -34.983101
vt 19.661800 -34.959499
vt 19.661800 -34.976601
vt 19.075100 -34.953201
vt 19.075100 -34.918999
vt 19.075100 -35.000000
vt 19.075100 -35.046799
vt 18.749001 -35.000000
vt 18.749001 -34.905201
vt 18.749001 -34.835899
vt 19.075100 -35.081001
vt 18.749001 -35.094799
vt 18.749001 -35.164101
vt 20.000000 -35.219101
vt 19.943300 -35.098202
vt 19.890400 -35.189800
vt 20.000000 -35.113400
vt 20.000000 -35.000000
vt 19.810200 -35.109600
vt 19.901800 -35.056702
vt 19.780899 -35.000000
vt 19.886600 -35.000000
vt 20.000000 -34.780899
vt 20.109600 -34.810200
vt 20.056700 -34.901798
vt 20.000000 -34.886600
vt 19.890400 -34.810200
vt 19.943300 -34.901798
vt 20.189800 -35.109600
vt 20.109600 -35.189800
vt 20.056700 -35.098202
vt 20.098200 -35.056702
vt 19.810200 -34.890400
vt 19.901800 -34.943298
vt 20.219101 -35.000000
vt 20.113400 -35.000000
vt 20.189800 -34.890400
vt 20.098200 -34.943298
vt 18.438200 -35.366600
vt 18.324800 -35.379501
vt 18.211399 -35.366600
vt 22.113400 -34.997299
vt 18.597000 -35.009602
vt 20.924900 -35.081001
vt 21.250999 -34.835899
vt 0.372650 0.019678
vt 0.478632 0.130590
vt 0.372650 0.130590
vt 0.478632 0.019678
vt 0.478632 0.481216
vt 0.372650 0.370304
vt 0.478632 0.370304
vt 0.372650 0.481216
vt 0.478632 0.363148
vt 0.478632 0.137746
vt 0.365812 0.363148
vt 0.365812 0.137746
vt 0.140171 0.137746
vt 0.140171 0.363148
vt 0.252991 0.137746
vt 0.252991 0.363148
vt 0.147009 0.137746
vt 0.147009 0.363148
vt 0.259829 0.363148
vt 0.259829 0.137746
vt 0.372650 0.137746
vt 0.372650 0.363148
vt 0.034188 0.363148
vt 0.034188 0.137746
vt 0.375000 0.000000
vt 0.625000 0.000000
vt 0.625000 0.250000
vt 0.375000 0.250000
vt 0.625000 0.500000
vt 0.375000 0.500000
vt 0.625000 0.750000
vt 0.375000 0.750000
vt 0.625000 1.000000
vt 0.375000 1.000000
vt 0.125000 0.500000
vt 0.125000 0.750000
vt 0.875000 0.500000
vt 0.875000 0.750000
s 1
usemtl Meshpart1Mtl.002
f 1/1/1 2/2/2 3/3/2
f 4/4/3 3/3/2 2/2/2
f 2/2/2 1/1/1 5/5/1
f 3/3/2 4/4/3 6/6/3
f 7/7/4 5/5/1 1/1/1
f 8/8/5 6/6/3 4/4/3
f 5/5/1 7/7/4 9/9/4
f 6/6/3 8/8/5 10/10/5
f 11/11/6 9/9/4 7/7/4
f 8/8/5 12/12/7 10/10/5
f 9/9/4 11/11/6 13/13/8
f 8/8/5 14/14/7 12/12/7
f 15/15/9 13/13/8 11/11/6
f 16/16/10 12/12/7 14/14/7
f 13/13/8 15/15/9 17/17/11
f 16/16/10 14/14/7 18/18/12
f 15/15/9 19/19/13 17/17/11
f 20/20/14 16/16/10 18/18/12
f 15/15/9 21/21/13 19/19/13
f 20/20/14 18/18/12 22/22/14
f 23/23/15 19/19/13 21/21/13
f 22/22/14 24/24/15 20/20/14
f 23/23/15 21/21/13 24/24/15
f 24/24/15 22/22/14 23/23/15
f 27/6/16 26/25/17 25/3/17
f 26/25/17 27/6/16 29/26/16
f 30/27/18 31/11/19 28/7/20
f 31/11/19 30/27/18 32/28/19
f 35/29/21 34/30/22 33/12/22
f 35/29/21 33/12/22 37/16/21
f 39/31/23 36/21/24 38/32/24
f 36/21/24 39/31/23 40/24/23
f 41/33/25 42/34/26 43/35/26
f 44/36/3 43/35/26 42/34/26
f 42/34/26 41/33/25 45/37/27
f 44/36/3 42/34/26 46/38/3
f 47/39/4 45/37/27 41/33/25
f 48/40/28 44/36/3 46/38/3
f 47/39/4 41/33/25 49/41/4
f 44/36/3 48/40/28 50/42/28
f 49/41/4 51/43/8 47/39/4
f 52/44/7 50/42/28 48/40/28
f 51/43/8 49/41/4 53/45/8
f 50/42/28 52/44/7 54/46/7
f 55/47/9 51/43/8 53/45/8
f 56/48/12 54/46/7 52/44/7
f 51/43/8 55/47/9 57/49/11
f 54/46/7 56/48/12 58/50/10
f 55/47/9 59/51/13 57/49/11
f 60/52/29 58/50/10 56/48/12
f 55/47/9 61/53/30 59/51/13
f 58/50/10 60/52/29 62/54/31
f 63/55/15 59/51/13 61/53/30
f 60/52/29 64/56/15 62/54/31
f 63/55/15 61/53/30 64/56/15
f 64/56/15 60/52/29 63/55/15
f 67/36/16 66/57/17 65/35/17
f 66/57/17 67/36/16 69/58/16
f 70/59/32 71/45/19 68/41/32
f 71/45/19 70/59/32 72/60/19
f 75/61/21 74/62/22 73/46/22
f 75/61/21 73/46/22 77/50/21
f 79/63/23 76/53/24 78/64/24
f 76/53/24 79/63/23 80/56/23
f 81/65/1 82/66/2 83/67/2
f 84/68/3 83/67/2 82/66/2
f 82/66/2 81/65/1 85/69/27
f 83/67/2 84/68/3 86/70/3
f 87/71/4 85/69/27 81/65/1
f 88/72/5 86/70/3 84/68/3
f 85/69/27 87/71/4 89/73/4
f 86/70/3 88/72/5 90/74/33
f 87/71/4 91/75/8 89/73/4
f 88/72/5 92/76/7 90/74/33
f 91/75/8 87/71/4 93/77/6
f 88/72/5 94/78/7 92/76/7
f 95/79/11 91/75/8 93/77/6
f 96/80/12 92/76/7 94/78/7
f 91/75/8 95/79/11 97/81/11
f 92/76/7 96/80/12 98/82/12
f 99/83/13 97/81/11 95/79/11
f 100/84/14 98/82/12 96/80/12
f 97/81/11 99/83/13 101/85/13
f 100/84/14 96/80/12 102/86/14
f 103/87/15 101/85/13 99/83/13
f 102/86/14 103/87/15 100/84/14
f 101/85/13 103/87/15 104/88/34
f 103/87/15 102/86/14 104/88/34
f 107/70/16 106/89/17 105/67/17
f 106/89/17 107/70/16 109/90/16
f 110/91/18 111/77/19 108/71/32
f 111/77/19 110/91/18 112/92/19
f 115/93/21 114/94/22 113/76/22
f 115/93/21 113/76/22 117/82/21
f 119/95/23 116/83/24 118/96/24
f 116/83/24 119/95/23 120/87/23
f 123/97/35 122/98/36 121/99/36
f 123/97/35 121/99/36 124/100/35
f 127/101/37 125/102/38 126/103/38
f 125/102/38 127/101/37 129/104/37
f 131/105/39 130/106/40 128/107/40
f 130/106/40 131/105/39 132/108/39
f 135/109/41 133/110/42 134/111/42
f 135/109/41 134/111/42 136/112/41
f 137/113/43 138/114/44 139/115/45
f 140/116/46 139/115/45 138/114/44
f 137/113/43 139/115/45 141/98/43
f 139/115/45 140/116/46 142/103/46
f 143/97/47 137/113/43 141/98/43
f 140/116/46 144/101/48 142/103/46
f 137/113/43 143/97/47 145/117/47
f 144/101/48 140/116/46 146/118/49
f 147/119/50 145/117/47 143/97/47
f 146/118/49 148/120/51 144/101/48
f 145/117/47 147/119/50 149/121/52
f 146/118/49 150/122/53 148/120/51
f 147/119/50 151/123/54 149/121/52
f 152/124/55 148/120/51 150/122/53
f 147/119/50 153/106/54 151/123/54
f 148/120/51 152/124/55 154/111/56
f 155/125/57 151/123/54 153/106/54
f 156/126/58 154/111/56 152/124/55
f 155/125/57 153/106/54 157/108/57
f 154/111/56 156/126/58 158/112/58
f 159/127/59 155/125/57 157/108/57
f 159/127/59 158/112/58 156/126/58
f 159/127/59 157/108/57 160/128/59
f 158/112/58 159/127/59 160/128/59
f 161/129/60 162/130/60 163/131/61
f 165/132/62 164/129/62 166/131/63
f 167/133/64 168/134/65 169/135/66
f 168/134/65 167/133/64 170/136/64
f 171/137/67 169/135/66 168/134/65
f 172/138/68 170/136/64 167/133/64
f 169/135/66 171/137/67 173/139/69
f 174/140/70 172/138/68 167/133/64
f 174/140/70 175/141/71 172/138/68
f 175/141/71 174/140/70 176/142/72
f 179/143/73 178/144/74 177/145/75
f 182/146/76 180/147/77 181/148/78
f 187/144/79 183/149/80 185/150/80
f 188/148/81 186/151/82 184/152/83
f 183/149/80 187/144/79 189/153/84
f 184/152/83 190/154/85 188/148/81
f 191/143/86 189/153/84 187/144/79
f 192/146/87 188/148/81 190/154/85
f 189/153/84 191/143/86 193/155/88
f 192/146/87 190/154/85 194/156/89
f 195/157/90 193/155/88 191/143/86
f 194/156/89 195/157/90 192/146/87
f 193/155/88 195/157/90 196/158/90
f 195/157/90 194/156/89 196/158/90
f 197/159/91 198/160/92 199/161/93
f 197/159/91 200/162/94 198/160/92
f 200/162/94 197/159/91 201/163/94
f 202/164/95 200/162/94 201/163/94
f 203/165/95 200/162/94 202/164/95
f 204/166/96 203/165/95 202/164/95
f 205/167/97 206/168/96 207/169/97
f 208/170/98 205/167/97 207/169/97
f 205/167/97 208/170/98 209/171/98
f 208/170/98 210/172/99 209/171/98
f 210/172/99 208/170/98 211/173/99
f 212/174/93 210/172/99 211/173/99
f 214/175/100 213/176/101 215/177/102
f 216/176/103 217/178/104 218/177/105
f 219/178/106 220/179/107 221/177/108
f 223/179/109 222/175/110 224/177/111
f 225/180/112 226/181/112 227/182/113
f 225/180/112 228/183/114 226/181/112
f 228/183/114 229/184/115 230/185/115
f 231/186/116 230/185/115 229/184/115
f 234/182/117 233/187/118 232/180/118
f 235/188/119 236/189/116 237/190/119
f 238/191/120 235/188/119 237/190/119
f 239/192/120 240/193/121 241/194/121
f 242/195/113 241/194/121 240/193/121
f 245/189/122 244/188/123 243/196/123
f 248/197/124 247/198/125 246/199/125
f 248/197/124 246/199/125 249/200/124
f 252/201/126 250/202/127 251/203/127
f 250/202/127 252/201/126 254/204/126
f 256/205/128 255/206/129 253/207/129
f 255/206/129 256/205/128 257/208/128
f 260/209/130 258/210/131 259/211/131
f 260/209/130 259/211/131 261/212/130
f 262/213/132 263/214/133 264/215/133
f 265/203/134 264/215/133 263/214/133
f 262/213/132 264/215/133 266/198/135
f 265/203/134 263/214/133 267/216/134
f 268/217/136 262/213/132 266/198/135
f 267/216/134 269/201/137 265/203/134
f 268/217/136 266/198/135 270/197/138
f 269/201/137 267/216/134 271/218/137
f 272/219/139 268/217/136 270/197/138
f 271/218/137 273/220/140 269/201/137
f 268/217/136 272/219/139 274/221/141
f 271/218/137 275/222/142 273/220/140
f 272/219/139 276/223/143 274/221/141
f 277/224/144 273/220/140 275/222/142
f 272/219/139 278/206/143 276/223/143
f 273/220/140 277/224/144 279/211/145
f 280/225/146 276/223/143 278/206/143
f 281/226/147 279/211/145 277/224/144
f 280/225/146 278/206/143 282/208/146
f 279/211/145 281/226/147 283/212/148
f 284/227/149 280/225/146 282/208/146
f 284/227/149 283/212/148 281/226/147
f 284/227/149 282/208/146 285/228/150
f 283/212/148 284/227/149 285/228/150
f 287/229/151 288/230/152 286/231/153
f 288/230/152 287/229/151 289/232/154
f 289/232/154 290/233/155 288/230/152
f 290/233/155 289/232/154 291/234/156
f 290/233/155 291/234/156 292/235/157
f 295/230/158 294/236/159 293/231/159
f 294/236/159 295/230/158 296/237/158
f 295/230/158 297/233/160 296/237/158
f 296/237/158 297/233/160 298/238/161
f 298/238/161 297/233/160 299/235/162
f 302/239/163 300/240/164 301/241/165
f 301/241/165 304/242/166 302/239/163
f 304/242/166 306/243/167 302/239/163
f 307/244/168 305/245/169 303/246/170
f 305/245/169 307/244/168 309/247/171
f 308/248/167 310/249/172 306/243/173
f 311/250/174 309/247/171 307/244/168
f 310/249/172 308/248/167 312/251/175
f 312/251/175 314/252/176 310/249/172
f 315/253/177 313/254/174 311/250/174
f 314/252/176 312/251/175 316/255/178
f 313/254/174 315/253/177 317/256/179
f 318/257/180 314/252/176 316/255/178
f 319/258/181 317/256/179 315/253/177
f 314/252/176 318/257/180 320/259/182
f 318/257/180 319/258/181 320/259/182
f 317/256/179 319/258/181 321/260/183
f 318/257/180 321/260/183 319/258/181
f 322/261/184 323/240/185 324/262/186
f 325/239/187 324/262/186 323/240/185
f 323/240/185 322/261/184 326/263/188
f 324/262/186 325/239/187 327/264/189
f 322/261/184 328/246/190 326/263/188
f 328/246/190 322/261/184 330/265/191
f 327/264/192 329/243/193 331/266/194
f 332/244/195 328/246/190 330/265/191
f 332/244/195 330/265/191 333/267/196
f 334/250/197 333/267/198 335/268/197
f 337/269/199 336/270/200 338/271/201
f 337/269/199 338/271/201 339/272/202
f 339/272/202 338/271/201 340/273/203
f 342/274/204 343/271/205 341/270/206
f 343/271/205 342/274/204 344/275/207
f 343/271/205 344/275/207 345/273/208
f 346/276/209 347/277/210 348/278/210
f 349/279/211 348/278/210 347/277/210
f 346/276/209 348/278/210 350/280/209
f 348/278/210 349/279/211 351/281/212
f 352/282/213 346/276/209 350/280/209
f 353/283/214 351/281/212 349/279/211
f 352/282/213 350/280/209 354/284/213
f 351/281/212 353/283/214 355/285/215
f 354/284/213 356/286/216 352/282/213
f 357/287/217 355/285/215 353/283/214
f 356/286/216 354/284/213 358/288/218
f 355/285/215 357/287/217 359/289/219
f 362/290/220 360/291/221 361/286/221
f 360/291/221 362/290/220 364/292/220
f 366/293/222 364/292/220 362/290/220
f 367/294/223 365/287/224 363/295/224
f 364/292/220 366/293/222 368/296/222
f 363/295/224 369/297/225 367/294/223
f 370/298/226 368/296/222 366/293/222
f 371/299/227 367/294/223 369/297/225
f 368/296/222 370/298/226 372/300/226
f 371/299/227 369/297/225 373/301/228
f 370/298/226 373/301/228 372/300/226
f 373/301/228 370/298/226 371/299/227
f 376/302/229 374/303/230 375/304/230
f 376/302/229 375/304/230 378/305/231
f 376/302/229 379/306/23 377/307/23
f 379/306/23 376/302/229 378/305/231
f 380/308/232 381/309/232 382/310/233
f 383/311/234 381/309/232 380/308/232
f 381/309/232 384/312/233 382/310/233
f 381/309/232 383/311/234 385/313/234
f 384/312/233 386/314/235 382/310/233
f 387/315/236 385/313/234 383/311/234
f 388/316/235 386/314/235 384/312/233
f 385/313/234 387/315/236 389/317/236
f 394/318/237 390/319/238 392/320/238
f 395/321/239 393/322/240 391/323/240
f 390/319/238 394/318/237 396/324/241
f 391/323/240 397/325/239 395/321/239
f 398/326/242 396/324/241 394/318/237
f 397/325/239 398/326/242 395/321/239
f 396/324/241 398/326/242 399/327/242
f 398/326/242 397/325/239 399/327/242
f 402/328/231 400/329/230 401/330/230
f 402/328/231 401/330/230 404/331/231
f 402/328/231 405/332/23 403/333/23
f 405/332/23 402/328/231 404/331/231
f 408/334/229 406/335/230 407/336/243
f 408/334/229 407/336/243 410/337/229
f 408/334/229 411/338/244 409/339/23
f 411/338/244 408/334/229 410/337/229
f 412/340/229 413/341/245 414/342/245
f 413/341/245 412/340/229 415/343/229
f 416/344/246 415/343/229 412/340/229
f 412/340/229 417/345/246 416/344/246
f 419/346/247 418/347/248 420/348/248
f 418/347/248 421/349/249 420/348/248
f 424/350/250 423/351/251 422/352/252
f 423/351/251 424/350/250 426/353/253
f 428/354/254 426/353/253 424/350/250
f 427/355/255 429/356/256 425/357/257
f 426/353/253 428/354/254 430/358/254
f 427/355/255 431/359/258 429/356/256
f 428/354/254 429/356/256 431/359/258
f 431/359/258 430/358/254 428/354/254
f 433/360/259 434/361/260 432/362/259
f 434/361/260 433/360/259 435/363/260
f 434/361/260 435/363/260 436/364/261
f 438/365/262 437/362/263 439/361/264
f 438/365/262 439/361/264 440/366/264
f 440/366/264 439/361/264 441/364/265
f 442/367/266 443/368/266 444/369/267
f 445/370/268 443/368/266 442/367/266
f 443/368/266 446/371/269 444/369/267
f 443/368/266 445/370/268 447/372/268
f 448/373/270 449/374/271 450/375/272
f 448/373/270 450/375/272 451/376/273
f 451/376/273 450/375/272 452/377/274
f 453/373/275 455/378/276 454/379/277
f 455/378/276 453/373/275 456/376/276
f 455/378/276 456/376/276 457/377/278
f 460/380/279 459/381/280 458/382/281
f 459/381/280 460/380/279 462/383/279
f 463/384/282 460/380/279 461/385/283
f 460/380/279 463/384/282 462/383/279
f 464/386/284 465/387/285 466/388/285
f 467/389/286 466/388/285 465/387/285
f 465/387/285 464/386/284 468/390/287
f 465/387/285 469/391/288 467/389/286
f 470/392/289 468/390/287 464/386/284
f 471/393/290 467/389/286 469/391/288
f 468/390/287 470/392/289 472/394/291
f 469/391/288 473/395/292 471/393/290
f 474/396/293 475/369/294 476/397/294
f 475/369/294 474/396/293 477/367/293
f 478/370/295 477/367/293 474/396/293
f 479/398/295 478/370/295 474/396/293
f 480/399/296 481/400/297 482/401/297
f 483/402/298 482/401/297 481/400/297
f 483/402/298 484/403/299 482/401/297
f 483/402/298 485/404/300 484/403/299
f 483/402/298 486/405/301 485/404/300
f 485/404/300 486/405/301 487/406/302
f 488/407/303 489/405/304 490/408/305
f 491/402/306 490/408/305 489/405/304
f 490/408/305 491/402/306 492/409/307
f 491/402/306 493/410/308 492/409/307
f 493/410/308 491/402/306 494/400/308
f 493/410/308 494/400/308 495/399/308
f 496/343/309 497/411/310 498/341/311
f 499/344/312 497/411/310 496/343/309
f 497/411/310 500/412/311 498/341/311
f 497/411/310 499/344/312 501/413/312
f 502/414/313 503/415/314 504/416/315
f 503/415/314 502/414/313 505/417/316
f 504/416/315 506/418/317 502/414/313
f 505/417/316 507/419/318 503/415/314
f 506/418/317 504/416/315 508/420/319
f 507/419/318 505/417/316 509/421/318
f 508/420/319 510/422/320 506/418/317
f 510/422/320 508/420/319 511/423/321
f 510/422/320 511/423/321 512/424/322
f 513/414/323 514/425/324 515/417/325
f 514/425/324 513/414/323 516/426/326
f 515/417/325 514/425/324 517/427/327
f 518/418/328 516/426/326 513/414/323
f 517/427/327 519/421/327 515/417/325
f 516/426/326 518/418/328 520/428/329
f 521/422/330 520/428/329 518/418/328
f 520/428/329 521/422/330 522/429/330
f 522/429/330 521/422/330 523/424/331
f 528/334/332 526/430/333 524/335/333
f 527/431/334 528/334/332 525/339/334
f 526/430/333 528/334/332 529/432/332
f 528/334/332 527/431/334 529/432/332
f 534/328/332 532/433/333 530/329/333
f 533/434/334 534/328/332 531/333/334
f 532/433/333 534/328/332 535/435/332
f 534/328/332 533/434/334 535/435/332
f 540/302/332 538/436/333 536/303/333
f 539/437/334 540/302/332 537/307/334
f 538/436/333 540/302/332 541/438/309
f 540/302/332 539/437/334 541/438/309
f 543/439/335 542/440/335 544/441/336
f 542/440/335 545/442/336 544/441/336
f 546/443/337 544/441/336 545/442/336
f 544/441/336 546/443/337 547/444/337
f 548/445/338 550/446/339 549/447/340
f 550/446/339 548/445/338 551/448/339
f 554/449/341 553/446/342 552/448/343
f 552/448/343 555/450/341 554/449/341
f 557/451/335 556/452/335 558/453/344
f 556/452/335 559/454/345 558/453/344
f 560/455/337 558/453/344 559/454/345
f 558/453/344 560/455/337 561/456/337
f 563/457/335 562/458/335 564/459/344
f 562/458/335 565/460/344 564/459/344
f 566/461/346 564/459/344 565/460/344
f 564/459/344 566/461/346 567/462/337
f 568/463/347 569/464/348 570/465/349
f 569/464/348 568/463/347 571/466/350
f 571/466/350 572/467/351 569/464/348
f 572/467/351 571/466/350 573/468/351
f 576/469/336 575/470/352 574/471/352
f 575/470/352 576/469/336 577/472/336
f 576/469/336 578/473/353 577/472/336
f 576/469/336 579/474/354 578/473/353
f 580/475/355 582/476/356 581/477/357
f 583/478/358 581/477/357 582/476/356
f 586/479/359 585/480/360 584/481/361
f 586/479/359 588/482/362 587/477/359
f 588/482/362 586/479/359 589/483/363
f 592/484/364 591/485/365 593/486/366
f 593/486/366 595/487/367 592/484/364
f 594/488/368 590/489/369 596/490/370
f 593/486/366 597/491/371 595/487/367
f 594/488/368 596/490/370 598/492/62
f 599/493/62 594/488/368 598/492/62
f 597/491/371 593/486/366 600/494/372
f 601/495/373 602/496/374 603/497/374
f 601/495/373 603/497/374 604/498/373
f 602/496/374 605/499/375 603/497/374
f 604/498/373 606/500/259 601/495/373
f 605/499/375 602/496/374 607/501/375
f 606/500/259 604/498/373 608/502/259
f 609/503/376 605/499/375 607/501/375
f 605/499/375 609/503/376 610/504/376
f 613/505/377 611/506/378 612/507/379
f 611/506/378 613/505/377 614/508/377
f 613/505/377 615/509/77 614/508/377
f 615/509/77 613/505/377 616/510/78
f 615/509/77 617/511/76 618/512/380
f 621/513/381 619/514/382 620/507/383
f 620/507/383 622/505/381 621/513/381
f 624/515/384 625/516/385 623/517/384
f 625/516/385 624/515/384 626/518/386
f 627/519/387 625/516/385 626/518/386
f 625/516/385 627/519/387 628/520/388
f 630/521/389 629/522/390 631/523/390
f 629/522/390 632/524/391 631/523/390
f 633/525/392 634/526/393 635/527/392
f 636/528/394 633/525/392 635/527/392
f 637/529/395 638/530/396 639/531/396
f 638/530/396 637/529/395 640/532/397
f 639/531/396 638/530/396 641/533/275
f 642/534/398 640/532/397 637/529/395
f 643/535/399 639/531/396 641/533/275
f 640/532/397 642/534/398 644/536/400
f 642/534/398 645/537/401 644/536/400
f 645/537/401 642/534/398 646/538/401
f 646/538/401 647/539/402 645/537/401
f 647/539/402 646/538/401 648/540/104
f 649/541/403 650/542/404 651/529/405
f 649/541/403 651/529/405 652/531/403
f 650/542/404 653/534/406 651/529/405
f 652/531/403 654/543/407 649/541/403
f 653/534/406 650/542/404 655/544/408
f 654/543/407 652/531/403 656/535/409
f 657/545/410 653/534/406 655/544/408
f 656/535/409 658/546/411 654/543/407
f 658/546/411 656/535/409 659/547/411
f 658/546/411 659/547/411 660/548/412
f 653/534/406 657/545/410 661/538/410
f 662/523/413 663/549/413 664/550/118
f 662/523/413 665/551/414 663/549/413
f 662/523/413 664/550/118 666/521/118
f 665/551/414 662/523/413 667/524/414
f 665/551/414 667/524/414 668/552/122
f 669/526/123 670/553/123 671/527/415
f 670/553/123 672/554/415 671/527/415
f 672/554/415 673/528/416 671/527/415
f 673/528/416 672/554/415 674/555/416
f 674/555/416 675/556/117 673/528/416
f 676/557/417 677/513/418 678/558/419
f 679/559/355 678/558/419 677/513/418
f 680/560/420 681/561/421 682/562/422
f 683/557/423 684/506/424 685/558/425
f 685/558/425 684/506/424 686/508/426
f 689/563/427 688/515/126 687/564/126
f 688/515/126 689/563/427 690/518/428
f 689/563/427 691/519/429 690/518/428
f 689/563/427 692/565/429 691/519/429
f 693/497/430 694/566/159 695/498/159
f 694/566/159 693/497/430 696/567/431
f 697/499/432 696/567/431 693/497/430
f 696/567/431 697/499/432 698/568/432
f 697/499/432 699/569/433 698/568/432
f 699/569/433 697/499/432 700/504/433
f 703/570/434 702/485/435 701/571/436
f 703/570/434 704/486/437 702/485/435
f 703/570/434 705/494/438 704/486/437
f 705/494/438 703/570/434 706/572/439
f 706/572/439 707/573/440 705/494/438
f 707/573/440 706/572/439 708/574/441
f 707/573/440 708/574/441 709/575/442
f 710/481/171 711/576/174 712/479/174
f 715/576/193 714/475/192 713/577/443
f 717/478/444 716/476/445 715/576/445
f 715/576/445 718/578/446 717/478/444
f 720/470/447 721/579/448 719/580/447
f 721/579/448 720/470/447 722/472/448
f 723/473/449 721/579/448 722/472/448
f 721/579/448 723/473/449 724/581/449
f 725/467/327 727/582/450 726/583/327
f 727/582/450 725/467/327 728/584/204
f 731/459/448 729/585/451 730/457/452
f 729/585/451 731/459/448 732/586/448
f 732/586/448 731/459/448 733/587/453
f 731/459/448 734/462/453 733/587/453
f 737/453/448 735/588/451 736/451/451
f 735/588/451 737/453/448 738/589/448
f 738/589/448 737/453/448 739/590/453
f 737/453/448 740/456/454 739/590/453
f 741/591/219 743/592/455 742/448/456
f 743/592/455 741/591/219 744/593/455
f 747/448/221 746/594/457 745/595/457
f 747/448/221 745/595/457 748/591/458
f 751/441/459 749/596/451 750/439/451
f 749/596/451 751/441/459 752/597/448
f 752/597/448 751/441/459 753/598/453
f 751/441/459 754/444/454 753/598/453
f 757/289/460 755/599/461 759/600/462
f 760/601/463 756/602/464 758/288/464
f 755/599/461 761/603/462 759/600/462
f 756/602/464 760/601/463 762/604/463
f 761/603/462 763/605/465 759/600/462
f 764/606/466 762/604/463 760/601/463
f 765/607/465 763/605/465 761/603/462
f 762/604/463 764/606/466 766/608/466
f 765/607/465 767/176/467 763/605/465
f 767/176/467 766/608/466 764/606/466
f 767/176/467 765/607/465 768/609/468
f 766/608/466 767/176/467 768/609/468
f 769/610/469 770/611/470 771/612/470
f 772/613/471 771/612/470 770/611/470
f 770/611/470 769/610/469 773/614/472
f 770/611/470 774/615/471 772/613/471
f 775/616/473 773/614/472 769/610/469
f 774/615/471 776/617/474 772/613/471
f 773/614/472 775/616/473 777/618/473
f 776/617/474 774/615/471 778/619/474
f 779/295/343 777/618/473 775/616/473
f 778/619/474 780/291/475 776/617/474
f 777/618/473 779/295/343 781/599/343
f 780/291/475 778/619/474 782/602/475
f 784/620/476 785/621/477 783/622/347
f 785/621/477 784/620/476 786/623/478
f 786/623/478 787/624/479 785/621/477
f 787/624/479 786/623/478 788/625/480
f 787/624/479 788/625/480 789/626/481
f 791/627/482 790/622/483 792/621/484
f 792/621/484 793/628/485 791/627/482
f 793/628/485 792/621/484 794/624/486
f 793/628/485 794/624/486 795/629/487
f 795/629/487 794/624/486 796/626/488
f 797/630/248 798/265/247 799/631/489
f 800/267/490 799/631/489 798/265/247
f 799/631/489 800/267/490 802/632/491
f 797/630/248 803/633/492 801/262/493
f 804/634/357 802/632/491 800/267/490
f 803/633/492 805/264/494 801/262/493
f 803/633/492 806/635/495 805/264/494
f 808/636/496 805/264/494 806/635/495
f 804/634/357 807/637/358 809/638/497
f 810/639/498 809/638/497 807/637/358
f 809/638/497 810/639/498 812/640/499
f 811/641/500 808/636/501 813/642/502
f 810/639/498 814/643/503 812/640/499
f 813/642/502 815/644/504 811/641/500
f 810/639/498 816/645/503 814/643/503
f 815/644/504 814/643/503 816/645/503
f 813/642/502 817/646/505 815/644/504
f 814/643/503 815/644/504 817/646/505
f 818/172/506 819/173/506 820/174/507
f 819/173/506 818/172/506 821/171/508
f 821/171/508 822/170/509 819/173/506
f 821/171/508 823/169/510 822/170/509
f 823/169/510 821/171/508 824/167/510
f 825/168/511 823/169/510 824/167/510
f 826/164/512 827/166/511 828/165/513
f 829/163/514 826/164/512 828/165/513
f 830/162/515 829/163/514 828/165/513
f 831/160/516 829/163/514 830/162/515
f 829/163/514 831/160/516 832/159/516
f 833/161/507 832/159/516 831/160/516
f 834/245/517 835/630/518 836/631/519
f 835/630/518 834/245/517 837/647/518
f 836/631/519 838/247/520 834/245/517
f 839/241/521 835/630/518 837/647/518
f 836/631/519 840/632/522 838/247/520
f 835/630/518 839/241/521 841/633/523
f 843/242/524 841/633/523 839/241/521
f 840/632/522 844/634/525 842/254/526
f 841/633/523 843/242/524 845/635/527
f 845/635/360 846/248/359 847/636/359
f 849/648/528 848/649/529 850/650/530
f 850/650/530 851/651/531 849/648/528
f 850/650/530 852/652/532 851/651/531
f 854/653/533 855/650/534 853/649/535
f 855/650/534 854/653/533 856/654/536
f 855/650/534 856/654/536 857/652/537
f 860/655/538 859/656/376 858/657/376
f 859/656/376 860/655/538 861/658/538
f 861/658/538 860/655/538 862/659/539
f 864/660/540 865/655/541 863/657/542
f 865/655/541 864/660/540 866/661/541
f 865/655/541 866/661/541 867/659/543
f 872/201/544 868/202/267 870/203/267
f 869/199/545 873/197/546 871/198/545
f 868/202/267 872/201/544 874/204/544
f 873/197/546 869/199/545 875/200/546
f 878/211/547 880/209/548 876/210/547
f 881/205/549 879/206/550 877/207/550
f 878/211/547 882/212/548 880/209/548
f 879/206/550 881/205/549 883/208/549
f 884/216/551 885/215/552 886/214/552
f 887/198/553 886/214/552 885/215/552
f 885/215/552 884/216/551 888/203/554
f 886/214/552 887/198/553 889/213/555
f 890/218/556 888/203/554 884/216/551
f 891/197/557 889/213/555 887/198/553
f 888/203/554 890/218/556 892/201/558
f 889/213/555 891/197/557 893/217/557
f 890/218/556 894/220/559 892/201/558
f 895/219/560 893/217/557 891/197/557
f 894/220/559 890/218/556 896/222/559
f 893/217/557 895/219/560 897/221/560
f 898/224/561 894/220/559 896/222/559
f 899/223/562 897/221/560 895/219/560
f 894/220/559 898/224/561 900/211/561
f 899/223/562 895/219/560 901/206/563
f 902/226/564 900/211/561 898/224/561
f 903/225/565 899/223/562 901/206/563
f 900/211/561 902/226/564 904/212/564
f 901/206/563 905/208/565 903/225/565
f 906/227/566 904/212/564 902/226/564
f 905/208/565 906/227/566 903/225/565
f 904/212/564 906/227/566 907/228/567
f 906/227/566 905/208/565 907/228/567
f 908/228/390 909/181/389 910/180/568
f 911/182/569 910/180/568 909/181/389
f 912/185/391 908/228/570 913/184/571
f 912/185/391 913/184/571 914/186/572
f 915/184/573 916/662/573 917/186/574
f 915/184/573 918/663/575 916/662/573
f 919/192/576 920/188/577 921/190/577
f 922/189/578 921/190/577 920/188/577
f 919/192/392 923/193/394 924/194/394
f 923/193/394 925/195/569 924/194/394
f 926/194/579 927/195/580 928/664/579
f 930/188/581 929/665/582 931/196/581
f 932/189/583 930/188/581 931/196/581
f 933/666/584 934/667/585 935/668/586
f 933/666/584 935/668/586 936/669/584
f 934/667/585 937/670/587 935/668/586
f 938/671/588 933/666/584 936/669/584
f 937/670/587 934/667/585 939/672/589
f 933/666/584 938/671/588 940/673/590
f 941/152/419 937/670/587 939/672/589
f 942/674/591 940/673/590 938/671/588
f 940/673/590 942/674/591 944/675/592
f 942/674/591 946/149/593 944/675/592
f 943/676/419 945/154/490 947/677/594
f 949/678/421 947/677/594 945/154/490
f 950/153/494 948/679/593 951/680/595
f 952/681/596 950/153/494 951/680/595
f 957/147/597 955/682/598 953/676/599
f 958/145/600 954/679/601 956/683/602
f 953/676/599 959/677/603 957/147/597
f 954/679/601 958/145/600 960/680/604
f 959/677/603 961/684/605 957/147/597
f 962/685/606 960/680/604 958/145/600
f 959/677/603 963/686/607 961/684/605
f 960/680/604 962/685/606 964/687/608
f 963/686/607 965/688/609 961/684/605
f 965/688/609 964/687/608 962/685/606
f 965/688/609 963/686/607 966/689/609
f 964/687/608 965/688/609 966/689/609
f 971/101/610 967/102/311 969/103/311
f 968/99/611 972/97/612 970/98/611
f 967/102/311 971/101/610 973/104/610
f 972/97/612 968/99/611 974/100/612
f 977/111/613 979/109/614 975/110/615
f 980/105/616 978/106/617 976/107/617
f 977/111/613 981/112/614 979/109/614
f 978/106/617 980/105/616 982/108/616
f 983/116/618 984/115/619 985/114/620
f 986/113/621 985/114/620 984/115/619
f 984/115/619 983/116/618 987/103/622
f 984/115/619 988/98/621 986/113/621
f 983/116/618 989/101/623 987/103/622
f 990/97/624 986/113/621 988/98/621
f 989/101/623 983/116/618 991/118/625
f 986/113/621 990/97/624 992/117/626
f 991/118/625 993/120/627 989/101/623
f 994/119/628 992/117/626 990/97/624
f 993/120/627 991/118/625 995/122/629
f 992/117/626 994/119/628 996/121/630
f 997/124/631 993/120/627 995/122/629
f 998/123/632 996/121/630 994/119/628
f 993/120/627 997/124/631 999/111/631
f 998/123/632 994/119/628 1000/106/632
f 1001/126/633 999/111/631 997/124/631
f 1002/125/634 998/123/632 1000/106/632
f 999/111/631 1001/126/633 1003/112/633
f 1000/106/632 1004/108/634 1002/125/634
f 1005/127/635 1003/112/633 1001/126/633
f 1004/108/634 1005/127/635 1002/125/634
f 1003/112/633 1005/127/635 1006/128/636
f 1005/127/635 1004/108/634 1006/128/636
f 1007/65/637 1008/71/638 1009/73/639
f 1008/71/638 1010/75/640 1009/73/639
f 1007/65/637 1009/73/639 1011/69/641
f 1010/75/640 1008/71/638 1012/77/642
f 1013/67/643 1007/65/637 1011/69/641
f 1012/77/642 1014/81/644 1010/75/640
f 1011/69/641 1015/66/645 1013/67/643
f 1014/81/644 1012/77/642 1016/79/644
f 1017/68/646 1013/67/643 1015/66/645
f 1018/83/647 1014/81/644 1016/79/644
f 1013/67/643 1017/68/646 1019/70/646
f 1014/81/644 1018/83/647 1020/85/647
f 1017/68/646 1021/74/648 1019/70/646
f 1018/83/647 1022/88/649 1020/85/647
f 1021/74/648 1017/68/646 1023/72/648
f 1018/83/647 1024/87/650 1022/88/649
f 1025/76/651 1021/74/648 1023/72/648
f 1026/84/652 1022/88/649 1024/87/650
f 1025/76/651 1023/72/648 1027/78/651
f 1022/88/649 1026/84/652 1028/86/652
f 1029/82/653 1025/76/651 1027/78/651
f 1029/82/653 1028/86/652 1026/84/652
f 1027/78/651 1030/80/654 1029/82/653
f 1028/86/652 1029/82/653 1030/80/654
f 1033/91/655 1035/77/451 1031/71/655
f 1036/70/656 1034/89/657 1032/67/657
f 1035/77/451 1033/91/655 1037/92/451
f 1034/89/657 1036/70/656 1038/90/656
f 1043/95/658 1039/83/454 1041/96/454
f 1044/93/659 1042/94/660 1040/76/660
f 1039/83/454 1043/95/658 1045/87/661
f 1040/76/660 1046/82/334 1044/93/659
f 1047/33/637 1048/41/662 1049/39/639
f 1050/45/642 1049/39/639 1048/41/662
f 1047/33/637 1049/39/639 1051/37/663
f 1049/39/639 1050/45/642 1052/43/642
f 1053/34/645 1047/33/637 1051/37/663
f 1050/45/642 1054/49/664 1052/43/642
f 1047/33/637 1053/34/645 1055/35/665
f 1054/49/664 1050/45/642 1056/47/664
f 1057/38/646 1055/35/665 1053/34/645
f 1058/51/666 1054/49/664 1056/47/664
f 1055/35/665 1057/38/646 1059/36/646
f 1056/47/664 1060/53/647 1058/51/666
f 1057/38/646 1061/42/667 1059/36/646
f 1060/53/647 1062/55/649 1058/51/666
f 1061/42/667 1057/38/646 1063/40/668
f 1060/53/647 1064/56/649 1062/55/649
f 1065/44/651 1061/42/667 1063/40/668
f 1064/56/649 1066/52/669 1062/55/649
f 1061/42/667 1065/44/651 1067/46/651
f 1066/52/669 1064/56/649 1068/54/669
f 1069/48/670 1067/46/651 1065/44/651
f 1070/50/670 1066/52/669 1068/54/669
f 1067/46/651 1069/48/670 1070/50/670
f 1066/52/669 1070/50/670 1069/48/670
f 1073/59/655 1075/45/451 1071/41/655
f 1076/36/656 1074/57/657 1072/35/657
f 1075/45/451 1073/59/655 1077/60/451
f 1074/57/657 1076/36/656 1078/58/656
f 1083/63/333 1079/53/454 1081/64/454
f 1084/61/659 1082/62/660 1080/46/660
f 1079/53/454 1083/63/333 1085/56/661
f 1080/46/660 1086/50/334 1084/61/659
f 1087/1/671 1088/7/639 1089/9/639
f 1088/7/639 1090/13/672 1089/9/639
f 1087/1/671 1089/9/639 1091/5/671
f 1090/13/672 1088/7/639 1092/11/640
f 1093/3/643 1087/1/671 1091/5/671
f 1092/11/640 1094/17/673 1090/13/672
f 1091/5/671 1095/2/643 1093/3/643
f 1094/17/673 1092/11/640 1096/15/673
f 1095/2/643 1097/6/646 1093/3/643
f 1098/21/647 1094/17/673 1096/15/673
f 1097/6/646 1095/2/643 1099/4/646
f 1094/17/673 1098/21/647 1100/19/647
f 1099/4/646 1101/10/648 1097/6/646
f 1102/24/649 1100/19/647 1098/21/647
f 1101/10/648 1099/4/646 1103/8/667
f 1100/19/647 1102/24/649 1104/23/649
f 1105/14/651 1101/10/648 1103/8/667
f 1106/20/674 1104/23/649 1102/24/649
f 1101/10/648 1105/14/651 1107/12/651
f 1104/23/649 1106/20/674 1108/22/674
f 1109/18/653 1107/12/651 1105/14/651
f 1110/16/670 1108/22/674 1106/20/674
f 1107/12/651 1109/18/653 1110/16/670
f 1108/22/674 1110/16/670 1109/18/653
f 1113/27/675 1115/11/451 1111/7/675
f 1116/6/656 1114/25/657 1112/3/657
f 1115/11/451 1113/27/675 1117/28/451
f 1114/25/657 1116/6/656 1118/26/656
f 1123/31/658 1119/21/454 1121/32/454
f 1124/29/676 1122/30/660 1120/12/660
f 1119/21/454 1123/31/658 1125/24/333
f 1120/12/660 1126/16/676 1124/29/676
f 1127/690/677 1128/691/678 1129/692/678
f 1128/691/678 1127/690/677 1130/309/679
f 1131/693/32 1130/309/679 1127/690/677
f 1132/694/32 1131/693/32 1127/690/677
f 1133/695/679 1134/696/678 1135/697/678
f 1134/696/678 1133/695/679 1136/698/677
f 1137/699/32 1136/698/677 1133/695/679
f 1138/700/32 1137/699/32 1133/695/679
f 1139/701/677 1140/702/678 1141/703/678
f 1140/702/678 1139/701/677 1142/704/680
f 1143/705/32 1142/704/680 1139/701/677
f 1144/706/32 1143/705/32 1139/701/677
f 1147/707/681 1145/708/682 1146/709/682
f 1145/708/682 1147/707/681 1148/710/683
f 1149/711/684 1148/710/683 1147/707/681
f 1148/710/683 1149/711/684 1150/712/685
f 1150/712/685 1149/711/684 1151/713/686
f 1152/714/687 1154/707/688 1153/709/687
f 1154/707/688 1152/714/687 1155/715/689
f 1155/715/689 1156/711/690 1154/707/688
f 1156/711/690 1155/715/689 1157/716/691
f 1156/711/690 1157/716/691 1158/713/692
f 1161/717/677 1160/718/693 1159/719/693
f 1161/717/677 1159/719/693 1162/720/677
f 1163/721/41 1161/717/677 1162/720/677
f 1161/717/677 1163/721/41 1164/722/41
f 1165/723/694 1166/724/695 1167/725/696
f 1168/726/697 1165/723/694 1167/725/696
f 1166/724/695 1165/723/694 1169/727/698
f 1170/723/699 1171/728/700 1172/727/701
f 1171/728/700 1170/723/699 1173/729/702
f 1170/723/699 1174/730/703 1173/729/702
f 1177/731/704 1175/732/705 1176/733/706
f 1177/731/704 1176/733/706 1179/734/704
f 1177/731/704 1180/735/707 1178/736/708
f 1180/735/707 1177/731/704 1179/734/704
f 1181/737/709 1182/738/710 1183/739/710
f 1184/740/711 1183/739/710 1182/738/710
f 1183/739/710 1185/741/712 1181/737/709
f 1183/739/710 1184/740/711 1186/742/713
f 1187/743/714 1181/737/709 1185/741/712
f 1188/744/715 1186/742/713 1184/740/711
f 1187/743/714 1185/741/712 1189/745/716
f 1186/742/713 1188/744/715 1190/746/717
f 1195/747/718 1191/748/719 1193/749/719
f 1192/750/720 1195/747/718 1194/751/720
f 1191/748/719 1195/747/718 1196/752/718
f 1195/747/718 1192/750/720 1196/752/718
f 1197/753/721 1199/754/722 1198/755/721
f 1199/754/722 1197/753/721 1200/756/723
f 1203/757/110 1201/753/724 1202/758/724
f 1201/753/724 1203/757/110 1204/756/725
f 1205/759/726 1206/760/726 1207/761/727
f 1205/759/726 1208/762/728 1206/760/726
f 1205/759/726 1207/761/727 1209/763/727
f 1210/764/729 1209/763/727 1207/761/727
f 1208/762/728 1205/759/726 1211/765/730
f 1208/762/728 1211/765/730 1212/766/731
f 1213/767/732 1214/768/733 1215/769/734
f 1216/770/731 1214/768/733 1213/767/732
f 1214/768/733 1217/771/735 1215/769/734
f 1218/772/736 1215/769/734 1217/771/735
f 1215/769/734 1218/772/736 1219/773/736
f 1218/772/736 1220/774/729 1219/773/736
f 1223/775/737 1222/776/738 1221/748/738
f 1223/775/737 1221/748/738 1224/752/737
f 1225/750/739 1223/775/737 1224/752/737
f 1223/775/737 1225/750/739 1226/777/739
f 1228/778/740 1227/779/740 1229/780/741
f 1228/778/740 1229/780/741 1230/781/741
f 1230/781/741 1229/780/741 1231/782/742
f 1233/783/743 1234/780/744 1232/779/433
f 1234/780/744 1233/783/743 1235/784/744
f 1234/780/744 1235/784/744 1236/782/745
f 1237/785/164 1238/786/746 1239/787/747
f 1238/786/746 1237/785/164 1240/788/746
f 1241/789/748 1238/786/746 1240/788/746
f 1238/786/746 1241/789/748 1242/790/749
f 1245/791/750 1243/792/751 1244/793/752
f 1244/793/752 1246/794/753 1245/791/750
f 1248/795/754 1245/791/750 1246/794/753
f 1246/794/753 1250/796/755 1248/795/754
f 1251/797/756 1249/798/757 1247/799/758
f 1252/800/759 1248/795/754 1250/796/755
f 1249/798/757 1251/797/756 1252/800/759
f 1248/795/754 1252/800/759 1251/797/756
f 1253/760/760 1254/801/760 1255/802/761
f 1253/760/760 1256/803/762 1254/801/760
f 1253/760/760 1255/802/761 1257/761/761
f 1258/764/763 1257/761/761 1255/802/761
f 1256/803/762 1253/760/760 1259/762/762
f 1256/803/762 1259/762/762 1260/766/764
f 1261/768/765 1262/804/766 1263/771/767
f 1264/770/768 1262/804/766 1261/768/765
f 1262/804/766 1265/805/769 1263/771/767
f 1266/806/770 1263/771/767 1265/805/769
f 1263/771/767 1266/806/770 1267/772/771
f 1266/806/770 1268/774/763 1267/772/771
f 1273/807/772 1269/719/773 1271/808/773
f 1270/721/774 1273/807/772 1272/809/774
f 1269/719/773 1273/807/772 1274/720/775
f 1273/807/772 1270/721/774 1274/720/775
f 1275/810/772 1276/701/772 1277/811/655
f 1278/812/776 1276/701/772 1275/810/772
f 1276/701/772 1279/703/655 1277/811/655
f 1276/701/772 1278/812/776 1280/706/776
f 1281/813/777 1282/695/777 1283/814/655
f 1284/815/776 1282/695/777 1281/813/777
f 1282/695/777 1285/697/655 1283/814/655
f 1282/695/777 1284/815/776 1286/700/776
f 1291/816/778 1289/817/779 1287/818/779
f 1292/819/780 1288/820/781 1290/821/781
f 1291/816/778 1287/818/779 1293/822/778
f 1288/820/781 1292/819/780 1294/823/780
f 1293/822/778 1295/824/782 1291/816/778
f 1295/824/782 1294/823/780 1292/819/780
f 1295/824/782 1293/822/778 1296/825/783
f 1294/823/780 1295/824/782 1296/825/783
f 1297/826/784 1298/827/785 1299/828/785
f 1298/827/785 1297/826/784 1300/829/784
f 1301/830/786 1299/828/785 1298/827/785
f 1302/831/787 1300/829/784 1297/826/784
f 1299/828/785 1301/830/786 1303/832/786
f 1304/833/787 1302/831/787 1297/826/784
f 1302/831/787 1304/833/787 1305/834/788
f 1305/834/788 1304/833/787 1306/835/788
f 1307/836/772 1308/690/772 1309/837/655
f 1310/838/776 1308/690/772 1307/836/772
f 1308/690/772 1311/692/655 1309/837/655
f 1308/690/772 1310/838/776 1312/694/776
f 1315/839/789 1313/840/790 1314/841/19
f 1313/840/790 1315/839/789 1316/842/791
f 1317/843/792 1316/842/791 1315/839/789
f 1318/844/24 1317/843/792 1315/839/789
f 1321/845/461 1319/846/793 1320/847/793
f 1319/846/793 1321/845/461 1322/848/461
f 1325/849/794 1323/848/795 1324/845/475
f 1323/848/795 1325/849/794 1326/850/794
f 1329/851/796 1327/852/790 1328/853/790
f 1327/852/790 1329/851/796 1330/854/791
f 1331/855/792 1330/854/791 1329/851/796
f 1332/856/24 1331/855/792 1329/851/796
f 1335/857/797 1333/858/19 1334/859/790
f 1333/858/19 1335/857/797 1336/860/791
f 1337/861/24 1336/860/791 1335/857/797
f 1338/862/24 1337/861/24 1335/857/797
f 1339/863/798 1340/864/799 1341/865/482
f 1340/864/799 1339/863/798 1342/866/798
f 1343/867/800 1342/866/798 1339/863/798
f 1343/867/800 1344/868/800 1342/866/798
f 1347/869/791 1345/870/801 1346/871/801
f 1347/869/791 1346/871/801 1348/872/791
f 1349/873/802 1347/869/791 1348/872/791
f 1347/869/791 1349/873/802 1350/874/803
f 1351/875/494 1352/876/501 1353/877/501
f 1352/876/501 1354/878/500 1353/877/501
f 1357/879/526 1355/880/804 1356/881/522
f 1359/882/805 1357/879/806 1358/876/807
f 1357/879/806 1359/882/805 1360/883/808
f 1361/884/694 1363/885/809 1365/886/810
f 1364/887/811 1366/888/812 1362/889/813
f 1363/885/809 1367/890/60 1365/886/810
f 1367/890/60 1363/885/809 1368/891/60
f 1366/888/812 1364/887/811 1369/892/814
f 1369/892/814 1370/893/815 1366/888/812
f 1366/888/812 1370/893/815 1371/894/528
f 1372/895/816 1373/896/817 1374/897/818
f 1374/897/818 1373/896/817 1375/898/819
f 1373/896/817 1372/895/816 1376/899/816
f 1377/900/262 1374/897/818 1375/898/819
f 1378/901/820 1376/899/816 1372/895/816
f 1376/899/816 1378/901/820 1379/902/820
f 1378/901/820 1380/903/540 1379/902/820
f 1380/903/540 1378/901/820 1381/904/540
f 1384/905/821 1383/906/822 1382/907/823
f 1384/905/821 1382/907/823 1385/908/821
f 1386/909/824 1384/905/821 1385/908/821
f 1384/905/821 1386/909/824 1387/910/74
f 1388/911/73 1386/909/825 1389/912/826
f 1392/913/83 1391/906/827 1390/914/828
f 1391/906/827 1392/913/83 1393/905/829
f 1396/915/830 1395/916/831 1394/917/831
f 1395/916/831 1396/915/830 1397/918/832
f 1396/915/830 1398/919/833 1397/918/832
f 1398/919/833 1396/915/830 1399/920/833
f 1401/921/834 1400/922/573 1402/923/834
f 1403/924/835 1401/921/834 1402/923/834
f 1404/925/836 1401/921/834 1403/924/835
f 1405/926/580 1404/925/836 1403/924/835
f 1408/927/837 1406/928/838 1407/929/838
f 1406/928/838 1408/927/837 1409/930/582
f 1408/927/837 1410/931/839 1409/930/582
f 1411/932/840 1412/933/841 1413/934/841
f 1411/932/840 1413/934/841 1414/935/840
f 1412/933/841 1415/936/842 1413/934/841
f 1414/935/840 1416/937/843 1411/932/840
f 1415/936/842 1412/933/841 1417/938/844
f 1416/937/843 1414/935/840 1418/939/845
f 1419/940/846 1415/936/842 1417/938/844
f 1415/936/842 1419/940/846 1420/941/846
f 1421/942/101 1420/941/846 1419/940/846
f 1420/941/846 1421/942/101 1422/943/847
f 1423/934/848 1424/944/849 1425/935/849
f 1425/935/849 1424/944/849 1426/945/850
f 1424/944/849 1423/934/848 1427/946/848
f 1428/939/850 1425/935/849 1426/945/850
f 1429/936/851 1427/946/848 1423/934/848
f 1426/945/850 1430/947/852 1428/939/850
f 1431/948/852 1428/939/850 1430/947/852
f 1431/948/852 1430/947/852 1432/949/853
f 1427/946/848 1429/936/851 1433/950/854
f 1429/936/851 1434/951/855 1433/950/854
f 1434/951/855 1429/936/851 1435/941/855
f 1437/921/114 1436/952/856 1438/953/114
f 1437/921/114 1438/953/114 1439/954/857
f 1440/955/119 1441/927/120 1442/956/120
f 1443/929/121 1442/956/120 1441/927/120
f 1445/913/593 1444/957/591 1446/958/593
f 1447/959/858 1445/913/593 1446/958/593
f 1448/960/859 1450/961/860 1449/962/596
f 1453/958/861 1452/907/862 1451/957/863
f 1452/907/862 1453/958/861 1454/908/864
f 1457/963/865 1455/964/866 1456/916/867
f 1457/963/865 1456/916/867 1458/918/868
f 1459/919/869 1457/963/865 1458/918/868
f 1457/963/865 1459/919/869 1460/965/869
f 1461/966/870 1462/895/870 1463/967/871
f 1463/967/871 1462/895/870 1464/897/153
f 1461/966/870 1465/901/872 1462/895/870
f 1465/901/872 1461/966/870 1466/968/872
f 1467/969/873 1465/901/872 1466/968/872
f 1465/901/872 1467/969/873 1468/904/873
f 1469/889/874 1470/970/875 1471/971/304
f 1470/970/875 1469/889/874 1472/888/875
f 1472/888/875 1473/894/876 1470/970/875
f 1470/970/875 1473/894/876 1474/972/877
f 1475/973/878 1474/972/877 1473/894/876
f 1474/972/877 1475/973/878 1476/974/879
f 1476/974/879 1475/973/878 1477/975/880
f 1478/880/881 1480/879/167 1479/976/167
f 1483/976/882 1481/977/883 1482/875/198
f 1485/878/758 1483/976/884 1484/877/884
f 1483/976/884 1485/878/758 1486/978/885
f 1489/979/886 1488/871/887 1487/980/887
f 1488/871/887 1489/979/886 1490/872/886
f 1489/979/886 1491/873/888 1490/872/886
f 1491/873/888 1489/979/886 1492/981/889
f 1493/867/318 1494/982/890 1495/983/891
f 1495/983/891 1496/984/892 1493/867/318
f 1499/857/893 1498/859/894 1497/985/894
f 1500/986/893 1499/857/893 1497/985/894
f 1501/987/895 1499/857/893 1500/986/893
f 1499/857/893 1501/987/895 1502/862/895
f 1505/851/893 1504/853/894 1503/988/894
f 1506/989/893 1505/851/893 1503/988/894
f 1507/990/896 1505/851/893 1506/989/893
f 1505/851/893 1507/990/896 1508/856/895
f 1511/991/897 1509/992/898 1510/848/899
f 1509/992/898 1511/991/897 1512/993/900
f 1515/848/224 1513/994/901 1514/995/901
f 1513/994/901 1515/848/224 1516/992/224
f 1519/839/902 1518/841/903 1517/996/894
f 1520/997/902 1519/839/902 1517/996/894
f 1521/998/896 1519/839/902 1520/997/902
f 1519/839/902 1521/998/896 1522/844/895
usemtl Meshpart2Mtl.002
f 1523/999/904 1524/1000/905 1525/1001/906
f 1523/999/904 1526/1002/907 1524/1000/905
f 1527/1003/908 1523/999/904 1525/1001/906
f 1528/1004/909 1529/1005/910 1530/1006/739
f 1527/1003/908 1531/1007/911 1523/999/904
f 1531/1007/911 1527/1003/908 1532/1008/912
f 1529/1005/910 1528/1004/909 1533/1009/913
f 1536/1010/914 1534/1011/915 1537/1012/916
f 1536/1010/914 1538/1013/917 1534/1011/915
f 1541/1014/738 1539/1015/918 1540/1016/919
f 1540/1016/919 1542/1017/920 1541/1014/738
f 1539/1015/918 1541/1014/738 1543/1018/921
f 1544/1019/922 1541/1014/738 1542/1017/920
f 1544/1019/922 1545/1020/923 1530/1006/739
f 1544/1019/922 1542/1017/920 1546/1021/924
f 1545/1020/923 1544/1019/922 1546/1021/924
f 1542/1017/920 1547/1022/925 1546/1021/924
f 1542/1017/920 1548/1023/926 1547/1022/925
f 1546/1021/924 1547/1022/925 1549/1024/927
f 1547/1022/925 1548/1023/926 1550/1025/928
f 1549/1024/927 1547/1022/925 1550/1025/928
f 1551/1026/929 1546/1021/924 1549/1024/927
f 1551/1026/929 1549/1024/927 1550/1025/928
f 1546/1021/924 1551/1026/929 1545/1020/923
f 1552/1027/930 1551/1026/929 1550/1025/928
f 1552/1027/930 1545/1020/923 1551/1026/929
f 1553/1028/931 1552/1027/930 1550/1025/928
f 1554/1029/932 1553/1028/931 1550/1025/928
f 1525/1001/906 1553/1028/931 1554/1029/932
f 1553/1028/931 1555/1030/933 1552/1027/930
f 1545/1020/923 1552/1027/930 1555/1030/933
f 1524/1000/905 1553/1028/931 1525/1001/906
f 1555/1030/933 1553/1028/931 1524/1000/905
f 1528/1004/909 1545/1020/923 1555/1030/933
f 1545/1020/923 1528/1004/909 1530/1006/739
f 1526/1002/907 1555/1030/933 1524/1000/905
f 1555/1030/933 1526/1002/907 1528/1004/909
f 1537/1012/916 1557/1031/934 1556/1032/935
f 1558/1033/936 1556/1032/935 1557/1031/934
f 1556/1032/935 1558/1033/936 1540/1016/919
f 1559/1034/937 1558/1033/936 1557/1031/934
f 1542/1017/920 1540/1016/919 1558/1033/936
f 1558/1033/936 1559/1034/937 1548/1023/926
f 1548/1023/926 1542/1017/920 1558/1033/936
f 1560/1035/938 1559/1034/937 1557/1031/934
f 1557/1031/934 1537/1012/916 1560/1035/938
f 1559/1034/937 1560/1035/938 1561/1036/939
f 1548/1023/926 1559/1034/937 1550/1025/928
f 1559/1034/937 1561/1036/939 1550/1025/928
f 1560/1035/938 1562/1037/940 1561/1036/939
f 1561/1036/939 1562/1037/940 1550/1025/928
f 1537/1012/916 1563/1038/941 1560/1035/938
f 1563/1038/941 1562/1037/940 1560/1035/938
f 1537/1012/916 1534/1011/915 1563/1038/941
f 1564/1039/942 1562/1037/940 1563/1038/941
f 1534/1011/915 1564/1039/942 1563/1038/941
f 1562/1037/940 1565/1040/943 1550/1025/928
f 1562/1037/940 1564/1039/942 1565/1040/943
f 1565/1040/943 1566/1041/944 1550/1025/928
f 1564/1039/942 1566/1041/944 1565/1040/943
f 1566/1041/944 1564/1039/942 1567/1042/945
f 1566/1041/944 1554/1029/932 1550/1025/928
f 1525/1001/906 1566/1041/944 1567/1042/945
f 1566/1041/944 1525/1001/906 1554/1029/932
f 1564/1039/942 1527/1003/908 1567/1042/945
f 1525/1001/906 1567/1042/945 1527/1003/908
f 1564/1039/942 1534/1011/915 1535/1043/946
f 1527/1003/908 1564/1039/942 1535/1043/946
f 1570/1044/947 1569/1045/948 1571/1046/949
f 1569/1045/948 1572/1047/950 1571/1046/949
f 1573/1048/951 1571/1046/949 1572/1047/950
f 1571/1046/949 1573/1048/951 1574/1049/952
f 1571/1046/949 1575/1050/953 1570/1044/947
f 1573/1048/951 1576/1051/954 1574/1049/952
f 1576/1051/954 1573/1048/951 1577/1052/955
f 1573/1048/951 1578/1053/956 1577/1052/955
f 1576/1051/954 1579/1054/957 1575/1050/953
f 1577/1052/955 1580/1055/958 1576/1051/954
f 1576/1051/954 1580/1055/958 1579/1054/957
f 1581/1056/959 1577/1052/955 1578/1053/956
f 1578/1053/956 1582/1057/960 1581/1056/959
f 1577/1052/955 1581/1056/959 1583/1058/961
f 1580/1055/958 1577/1052/955 1583/1058/961
f 1583/1058/961 1581/1056/959 1584/1059/962
f 1586/1060/963 1587/1061/964 1585/1062/965
f 1587/1061/964 1586/1060/963 1589/1063/966
f 1588/1064/967 1589/1063/966 1586/1060/963
f 1583/1058/961 1584/1059/962 1590/1065/968
f 1589/1063/966 1591/1066/969 1587/1061/964
f 1592/1067/970 1583/1058/961 1590/1065/968
f 1583/1058/961 1592/1067/970 1580/1055/958
f 1591/1066/969 1589/1063/966 1594/1068/971
f 1589/1063/966 1588/1064/967 1595/1069/972
f 1595/1069/972 1594/1068/971 1589/1063/966
f 1596/1070/973 1595/1069/972 1588/1064/967
f 1597/1071/974 1593/1072/975 1591/1066/969
f 1597/1071/974 1591/1066/969 1594/1068/971
f 1598/1073/976 1593/1072/975 1597/1071/974
f 1594/1068/971 1595/1069/972 1599/1074/977
f 1600/1075/978 1597/1071/974 1594/1068/971
f 1600/1075/978 1594/1068/971 1599/1074/977
f 1601/1076/979 1597/1071/974 1600/1075/978
f 1601/1076/979 1598/1073/976 1597/1071/974
f 1602/1077/980 1600/1075/978 1599/1074/977
f 1602/1077/980 1601/1076/979 1600/1075/978
f 1603/1078/981 1599/1074/977 1595/1069/972
f 1599/1074/977 1603/1078/981 1604/1079/982
f 1602/1077/980 1599/1074/977 1604/1079/982
f 1596/1070/973 1605/1080/983 1603/1078/981
f 1605/1080/983 1604/1079/982 1603/1078/981
f 1606/1081/984 1602/1077/980 1604/1079/982
f 1604/1079/982 1605/1080/983 1607/1082/985
f 1606/1081/984 1604/1079/982 1607/1082/985
f 1609/1083/986 1607/1082/985 1605/1080/983
f 1608/1084/987 1610/1085/988 1609/1083/989
f 1609/1083/986 1611/1086/990 1613/1087/991
f 1612/1088/992 1613/1087/991 1611/1086/990
f 1607/1082/985 1609/1083/986 1613/1087/991
f 1614/1089/993 1607/1082/985 1613/1087/991
f 1614/1089/993 1606/1081/984 1607/1082/985
f 1615/1090/994 1613/1087/991 1612/1088/992
f 1613/1087/991 1615/1090/994 1614/1089/993
f 1616/1091/995 1606/1081/984 1614/1089/993
f 1617/1092/996 1618/1093/997 1602/1077/980
f 1601/1076/979 1602/1077/980 1618/1093/997
f 1598/1073/976 1619/1094/998 1593/1072/975
f 1580/1055/958 1620/1095/999 1579/1054/957
f 1621/1096/1000 1622/1097/1001 1623/1098/946
f 1622/1097/1001 1568/1099/1002 1623/1098/946
f 1622/1097/1001 1621/1096/1000 1624/1100/1003
f 1568/1099/1002 1622/1097/1001 1569/1045/948
f 1624/1100/1003 1572/1047/950 1622/1097/1001
f 1572/1047/950 1569/1045/948 1622/1097/1001
f 1572/1047/950 1624/1100/1003 1626/1101/1004
f 1625/1102/1005 1626/1101/1004 1624/1100/1003
f 1626/1101/1004 1573/1048/951 1572/1047/950
f 1625/1102/1005 1627/1103/1006 1626/1101/1004
f 1573/1048/951 1626/1101/1004 1627/1103/1006
f 1627/1103/1006 1628/1104/1007 1578/1053/956
f 1578/1053/956 1573/1048/951 1627/1103/1006
f 1582/1057/960 1578/1053/956 1628/1104/1007
f 1629/1105/1008 1633/1106/1009 1630/1107/1010
f 1630/1107/1010 1633/1106/1009 1631/1108/909
f 1633/1106/1009 1629/1105/1008 1632/1109/911
f 1633/1106/1009 1635/1110/913 1631/1108/909
f 1632/1109/911 1636/1111/1011 1633/1106/1009
f 1633/1106/1009 1636/1111/1011 1635/1110/913
f 1634/1112/1012 1637/1113/1013 1632/1109/911
f 1636/1111/1011 1632/1109/911 1637/1113/1013
f 1636/1111/1011 1639/1114/1014 1635/1110/913
f 1637/1113/1013 1641/1115/1015 1636/1111/1011
f 1639/1114/1014 1636/1111/1011 1641/1115/1015
f 1642/1116/953 1638/1117/949 1640/1118/952
f 1641/1115/1015 1637/1113/1013 1642/1116/1016
f 1640/1118/952 1643/1119/1017 1642/1116/953
f 1641/1115/1015 1642/1116/1016 1644/1120/1018
f 1651/1121/1019 1653/1122/1020 1650/1123/995
f 1653/1122/1020 1651/1121/1019 1652/1124/1021
f 1650/1123/995 1654/1125/996 1649/1126/1022
f 1654/1125/996 1648/1127/1023 1649/1126/1022
f 1655/1128/1024 1650/1123/995 1653/1122/1020
f 1650/1123/995 1655/1128/1024 1654/1125/996
f 1656/1129/1025 1653/1122/1020 1652/1124/1021
f 1655/1128/1024 1653/1122/1020 1657/1130/1026
f 1653/1122/1020 1656/1129/1025 1657/1130/1026
f 1659/1131/1027 1654/1125/996 1655/1128/1024
f 1654/1125/996 1659/1131/1027 1658/1132/1028
f 1655/1128/1024 1657/1130/1026 1660/1133/1029
f 1660/1133/1029 1659/1131/1027 1655/1128/1024
f 1660/1133/1029 1657/1130/1026 1661/1134/1030
f 1661/1134/1030 1662/1135/1031 1660/1133/1029
f 1663/1136/1032 1660/1133/1029 1662/1135/1031
f 1659/1131/1027 1660/1133/1029 1663/1136/1032
f 1663/1136/1032 1662/1135/1031 1664/1137/1033
f 1665/1138/1034 1663/1136/1032 1664/1137/1033
f 1670/1139/1035 1663/1136/1032 1666/1140/1036
f 1663/1136/1032 1670/1139/1035 1659/1131/1027
f 1670/1139/1035 1658/1132/1028 1659/1131/1027
f 1658/1132/1028 1670/1139/1035 1647/1141/1037
f 1671/1142/1038 1670/1139/1035 1666/1140/1036
f 1671/1142/1038 1647/1141/1037 1670/1139/1035
f 1671/1142/1038 1666/1140/1036 1667/1143/1039
f 1647/1141/1037 1671/1142/1038 1646/1144/1040
f 1667/1143/1039 1672/1145/1041 1671/1142/1038
f 1672/1145/1041 1646/1144/1040 1671/1142/1038
f 1672/1145/1041 1667/1143/1039 1668/1146/1042
f 1646/1144/1040 1672/1145/1041 1673/1147/998
f 1669/1148/1043 1676/1149/1044 1674/1150/1045
f 1675/1151/1046 1674/1150/1045 1676/1149/1044
f 1676/1149/1044 1677/1152/1047 1675/1151/1046
f 1678/1153/1048 1644/1120/1018 1677/1152/1047
f 1677/1152/1047 1676/1149/1044 1678/1153/1048
f 1644/1120/1018 1678/1153/1048 1641/1115/1015
f 1676/1149/1044 1669/1148/1043 1679/1154/1049
f 1679/1154/1049 1678/1153/1048 1676/1149/1044
f 1678/1153/1048 1679/1154/1049 1680/1155/1050
f 1680/1155/1050 1641/1115/1015 1678/1153/1048
f 1641/1115/1015 1680/1155/1050 1681/1156/1051
f 1641/1115/1015 1681/1156/1051 1639/1114/1014
f 1681/1156/1052 1645/1157/1053 1682/1158/1054
f 1681/1156/1052 1682/1158/1054 1683/1159/1055
f 1685/1008/959 1686/1007/960 1687/999/1056
f 1685/1008/959 1687/999/1056 1688/1003/962
f 1692/1160/1057 1687/999/1056 1689/1002/1058
f 1690/1004/1059 1692/1160/1057 1689/1002/1058
f 1693/1161/1060 1688/1003/962 1687/999/1056
f 1687/999/1056 1692/1160/1057 1693/1161/1060
f 1694/1005/1061 1690/1004/1059 1691/1009/1062
f 1690/1004/1059 1694/1005/1061 1695/1006/1063
f 1692/1160/1057 1690/1004/1059 1696/1162/1064
f 1690/1004/1059 1695/1006/1063 1696/1162/1064
f 1700/1163/1065 1695/1006/1063 1697/1019/1066
f 1699/1014/1067 1700/1163/1065 1697/1019/1066
f 1695/1006/1063 1701/1164/1068 1696/1162/1064
f 1695/1006/1063 1700/1163/1065 1701/1164/1068
f 1688/1003/962 1693/1161/1060 1702/1165/1069
f 1702/1165/1069 1703/1043/968 1688/1003/962
f 1703/1043/968 1702/1165/1069 1704/1166/1070
f 1706/1167/1071 1703/1043/968 1704/1166/1070
f 1703/1043/968 1706/1167/1071 1705/1011/970
f 1710/1168/1072 1711/1169/1073 1709/1170/1074
f 1711/1169/1073 1710/1168/1072 1713/1171/1075
f 1715/1172/990 1708/1173/988 1712/1174/1076
f 1708/1173/988 1715/1172/990 1707/1175/989
f 1716/1176/1077 1712/1174/1076 1714/1177/1078
f 1712/1174/1076 1716/1176/1077 1715/1172/990
f 1717/1178/1079 1714/1177/1078 1711/1169/1073
f 1717/1178/1079 1711/1169/1073 1713/1171/1075
f 1716/1176/1077 1714/1177/1078 1717/1178/1079
f 1719/1179/994 1720/1180/995 1718/1181/993
f 1716/1176/1077 1721/1182/1080 1719/1179/994
f 1720/1180/995 1719/1179/994 1721/1182/1080
f 1716/1176/1077 1722/1183/1081 1721/1182/1080
f 1722/1183/1081 1716/1176/1077 1717/1178/1079
f 1722/1183/1081 1717/1178/1079 1723/1184/1082
f 1725/1185/1083 1724/1186/1084 1723/1184/1082
f 1723/1184/1082 1717/1178/1079 1726/1187/1085
f 1726/1187/1085 1725/1185/1083 1723/1184/1082
f 1700/1163/1065 1699/1014/1067 1727/1188/1086
f 1699/1014/1067 1728/1189/1087 1727/1188/1086
f 1728/1189/1087 1699/1014/1067 1729/1016/1043
f 1698/1018/1088 1729/1016/1043 1699/1014/1067
f 1731/1190/1089 1705/1011/970 1706/1167/1071
f 1732/1032/1045 1730/1191/1090 1728/1189/1087
f 1732/1032/1045 1731/1190/1089 1730/1191/1090
f 1729/1016/1043 1732/1032/1045 1728/1189/1087
f 1705/1011/970 1731/1190/1089 1733/1012/1091
f 1731/1190/1089 1732/1032/1045 1733/1012/1091
f 1733/1012/1091 1684/1013/1092 1705/1011/970
f 1684/1013/1092 1733/1012/1091 1734/1010/999
f 1729/1016/1043 1698/1018/1088 1735/1015/1093
f 1738/1112/1094 1739/1117/1095 1736/1109/1096
f 1740/1192/1062 1742/1155/1097 1741/1154/1098
f 1744/1153/1099 1741/1154/1098 1742/1155/1097
f 1742/1155/1097 1745/1115/1100 1744/1153/1099
f 1741/1154/1098 1744/1153/1099 1746/1149/1101
f 1746/1149/1101 1743/1148/1102 1741/1154/1098
f 1747/1120/1053 1744/1153/1099 1745/1115/1100
f 1743/1148/1102 1746/1149/1101 1748/1150/1103
f 1749/1152/1088 1746/1149/1101 1744/1153/1099
f 1744/1153/1099 1747/1120/1053 1749/1152/1088
f 1750/1151/1104 1748/1150/1103 1746/1149/1101
f 1746/1149/1101 1749/1152/1088 1750/1151/1104
f 1752/1146/1105 1754/1143/1106 1753/1193/1107
f 1751/1145/1108 1754/1143/1106 1752/1146/1105
f 1755/1138/1109 1753/1193/1107 1754/1143/1106
f 1763/1122/1110 1762/1121/1085 1760/1124/1111
f 1762/1121/1085 1763/1122/1110 1761/1123/1112
f 1759/1129/1113 1763/1122/1110 1760/1124/1111
f 1763/1122/1110 1759/1129/1113 1757/1130/1072
f 1764/1128/1114 1763/1122/1110 1757/1130/1072
f 1764/1128/1114 1761/1123/1112 1763/1122/1110
f 1764/1128/1114 1757/1130/1072 1758/1133/1115
f 1761/1123/1112 1764/1128/1114 1765/1125/1116
f 1767/1131/1117 1765/1125/1116 1764/1128/1114
f 1758/1133/1115 1767/1131/1117 1764/1128/1114
f 1765/1125/1116 1767/1131/1117 1768/1132/1118
f 1767/1131/1117 1758/1133/1115 1769/1136/1119
f 1770/1139/1120 1768/1132/1118 1767/1131/1117
f 1769/1136/1119 1770/1139/1120 1767/1131/1117
f 1770/1139/1120 1769/1136/1119 1771/1140/1121
f 1756/1137/1122 1755/1138/1109 1771/1140/1121
f 1754/1143/1106 1771/1140/1121 1755/1138/1109
f 1772/1142/1123 1771/1140/1121 1754/1143/1106
f 1772/1142/1123 1770/1139/1120 1771/1140/1121
f 1754/1143/1106 1751/1145/1108 1772/1142/1123
f 1768/1132/1118 1770/1139/1120 1773/1141/1124
f 1772/1142/1123 1773/1141/1124 1770/1139/1120
f 1751/1145/1108 1774/1144/1125 1772/1142/1123
f 1773/1141/1124 1772/1142/1123 1774/1144/1125
f 1774/1144/1125 1751/1145/1108 1775/1194/1126
f 1774/1144/1125 1776/1195/1127 1773/1141/1124
f 1766/1127/1032 1773/1141/1124 1776/1195/1127
f 1775/1194/1126 1777/1196/1128 1774/1144/1125
f 1776/1195/1127 1774/1144/1125 1777/1196/1128
f 1777/1196/1128 1775/1194/1126 1778/1197/1129
f 1779/1198/1130 1749/1152/1088 1747/1120/1053
f 1780/1119/1131 1779/1198/1130 1747/1120/1053
f 1747/1120/1053 1781/1118/1052 1780/1119/1131
f 1745/1115/1100 1782/1116/1054 1747/1120/1053
f 1739/1117/1095 1781/1118/1052 1783/1113/1132
f 1745/1115/1100 1783/1113/1132 1782/1116/1054
f 1739/1117/1095 1783/1113/1132 1736/1109/1096
f 1783/1113/1132 1745/1115/1100 1784/1111/1133
f 1784/1111/1133 1736/1109/1096 1783/1113/1132
f 1788/1110/1134 1787/1159/1135 1785/1199/918
f 1745/1115/1100 1790/1156/1136 1789/1114/1137
f 1745/1115/1100 1742/1155/1097 1790/1156/1136
f 1784/1111/1133 1789/1114/1137 1788/1110/1138
f 1789/1114/1137 1784/1111/1133 1745/1115/1100
f 1791/1106/1139 1784/1111/1133 1788/1110/1138
f 1791/1106/1139 1788/1110/1138 1786/1108/738
f 1736/1109/1096 1784/1111/1133 1791/1106/1139
f 1792/1107/1140 1791/1106/1139 1786/1108/738
f 1737/1105/739 1791/1106/1139 1792/1107/1140
f 1791/1106/1139 1737/1105/739 1736/1109/1096
f 1795/1058/1141 1794/1067/1142 1793/1055/1143
f 1794/1067/1142 1795/1058/1141 1796/1065/1058
f 1797/1059/1144 1796/1065/1058 1795/1058/1141
f 1795/1058/1141 1798/1056/1062 1797/1059/1144
f 1804/1063/1145 1802/1061/1146 1803/1062/1105
f 1804/1063/1145 1799/1066/1147 1802/1061/1146
f 1799/1066/1147 1804/1063/1145 1805/1068/1148
f 1806/1069/1149 1805/1068/1148 1804/1063/1145
f 1807/1071/1150 1799/1066/1147 1805/1068/1148
f 1799/1066/1147 1807/1071/1150 1800/1200/965
f 1805/1068/1148 1806/1069/1149 1808/1074/1151
f 1805/1068/1148 1809/1075/1152 1807/1071/1150
f 1805/1068/1148 1808/1074/1151 1809/1075/1152
f 1808/1074/1151 1811/1077/1153 1809/1075/1152
f 1810/1076/1154 1811/1077/973 1812/1093/1155
f 1811/1077/1153 1814/1081/1156 1813/1092/1157
f 1815/1091/1158 1813/1092/1157 1814/1081/1156
f 1816/1079/1159 1814/1081/1156 1811/1077/1153
f 1811/1077/1153 1808/1074/1151 1816/1079/1159
f 1808/1074/1151 1817/1078/1122 1816/1079/1159
f 1817/1078/1122 1808/1074/1151 1806/1069/1149
f 1814/1081/1156 1816/1079/1159 1818/1082/1160
f 1818/1082/1160 1819/1089/1161 1814/1081/1156
f 1816/1079/1159 1820/1080/1162 1818/1082/1160
f 1820/1080/1162 1816/1079/1159 1817/1078/1122
f 1818/1082/1160 1821/1087/1163 1819/1089/1161
f 1822/1083/1164 1818/1082/1160 1820/1080/1162
f 1818/1082/1160 1822/1083/1164 1821/1087/1163
f 1820/1080/1162 1823/1085/1165 1822/1083/1164
f 1817/1078/1122 1824/1084/1166 1820/1080/1162
f 1823/1085/1165 1820/1080/1162 1824/1084/1166
f 1825/1086/1167 1821/1087/1163 1822/1083/1164
f 1821/1087/1163 1826/1090/1168 1819/1089/1161
f 1826/1090/1168 1821/1087/1163 1827/1088/1169
f 1821/1087/1163 1825/1086/1167 1827/1088/1169
f 1824/1084/1166 1817/1078/1122 1828/1070/1119
f 1829/1064/1170 1828/1070/1119 1817/1078/1122
f 1832/1097/1171 1830/1045/1172 1831/1099/1173
f 1830/1045/1172 1834/1046/1174 1833/1201/917
f 1832/1097/1171 1835/1047/1175 1830/1045/1172
f 1835/1047/1175 1834/1046/1174 1830/1045/1172
f 1836/1100/1176 1835/1047/1175 1832/1097/1171
f 1832/1097/1171 1837/1096/1177 1836/1100/1176
f 1838/1050/1006 1834/1046/1174 1839/1049/1178
f 1840/1048/1179 1839/1049/1178 1834/1046/1174
f 1834/1046/1174 1835/1047/1175 1840/1048/1179
f 1841/1051/1180 1838/1050/1006 1839/1049/1178
f 1840/1048/1179 1841/1051/1180 1839/1049/1178
f 1835/1047/1175 1836/1100/1176 1842/1101/1181
f 1842/1101/1181 1840/1048/1179 1835/1047/1175
f 1841/1051/1180 1840/1048/1179 1844/1052/1182
f 1844/1052/1182 1793/1055/1143 1841/1051/1180
f 1840/1048/1179 1842/1101/1181 1845/1103/1183
f 1846/1053/1184 1844/1052/1182 1840/1048/1179
f 1840/1048/1179 1845/1103/1183 1846/1053/1184
f 1847/1102/1185 1845/1103/1183 1842/1101/1181
f 1842/1101/1181 1843/1202/1134 1847/1102/1185
f 1845/1103/1183 1847/1102/1185 1848/1203/1136
f 1801/1104/1186 1846/1053/1184 1845/1103/1183
f 1848/1203/1136 1801/1104/1186 1845/1103/1183
f 1844/1052/1182 1846/1053/1184 1798/1056/1062
f 1801/1104/1186 1798/1056/1062 1846/1053/1184
f 1798/1056/1062 1795/1058/1141 1844/1052/1182
f 1793/1055/1143 1844/1052/1182 1795/1058/1141
f 1849/1098/1187 1832/1097/1171 1831/1099/1173
f 1837/1096/1177 1832/1097/1171 1849/1098/1187
usemtl Black1Mtl
f 1852/1204/1188 1851/1205/1189 1850/1206/918
f 1851/1205/1189 1852/1204/1188 1853/1207/1190
f 1854/1208/1094 1855/1209/1191 1856/1210/1192
f 1855/1209/1191 1854/1208/1094 1857/1211/910
f 1860/1212/1193 1858/1213/1194 1859/1214/917
f 1861/1215/1195 1860/1212/1193 1859/1214/917
f 1864/1216/1196 1863/1217/912 1862/1218/911
f 1863/1217/912 1864/1216/1196 1865/1219/1197
f 1867/1220/1198 1868/1221/1199 1866/1222/1200
f 1869/1223/1201 1870/1224/1202 1867/1220/1198
f 1867/1220/1198 1871/1225/1203 1868/1221/1199
f 1871/1225/1203 1867/1220/1198 1870/1224/1202
f 1868/1221/1199 1871/1225/1203 1872/1226/1204
f 1871/1225/1203 1870/1224/1202 1873/1227/1205
f 1870/1224/1202 1875/1228/1206 1874/1229/1207
f 1870/1224/1202 1869/1223/1201 1875/1228/1206
f 1878/1230/1208 1879/1231/1209 1877/1232/1210
f 1879/1231/1209 1878/1230/1208 1880/1216/1196
f 1881/1233/1211 1880/1216/1196 1878/1230/1208
f 1880/1216/1196 1881/1233/1211 1882/1219/1212
f 1883/1234/1213 1881/1233/1211 1876/1235/1214
f 1882/1219/1212 1881/1233/1211 1883/1234/1213
f 1877/1232/1210 1884/1210/1192 1885/1236/1215
f 1886/1209/1216 1885/1236/1215 1884/1210/1192
f 1884/1210/1192 1877/1232/1210 1879/1231/1209
f 1885/1236/1215 1886/1209/1216 1887/1237/1217
f 1888/1238/1218 1887/1237/1217 1886/1209/1216
f 1887/1237/1217 1888/1238/1218 1889/1239/1219
f 1890/1207/1190 1889/1239/1219 1888/1238/1218
f 1889/1239/1219 1890/1207/1190 1891/1240/1220
f 1892/1204/1221 1891/1240/1220 1890/1207/1190
f 1891/1240/1220 1892/1204/1221 1893/1241/1222
f 1892/1204/1221 1894/1242/1223 1893/1241/1222
f 1892/1204/1221 1895/1243/1224 1894/1242/1223
f 1895/1243/1224 1896/1244/1225 1894/1242/1223
f 1896/1244/1225 1895/1243/1224 1897/1212/1226
f 1897/1212/1226 1898/1245/1227 1896/1244/1225
f 1898/1245/1227 1897/1212/1226 1899/1215/1228
f 1900/1234/1229 1898/1245/1227 1899/1215/1228
f 1898/1245/1227 1900/1234/1229 1901/1235/1230
f 1869/1223/1201 1903/1246/1231 1902/1247/1232
f 1903/1246/1231 1869/1223/1201 1867/1220/1198
f 1904/1248/1233 1905/1249/951 1906/1250/1234
f 1905/1249/951 1907/1251/954 1906/1250/1234
f 1905/1249/951 1904/1248/1233 1908/1252/950
f 1907/1251/954 1905/1249/951 1909/1253/1235
f 1910/1254/948 1908/1252/950 1904/1248/1233
f 1909/1253/1235 1911/1255/958 1907/1251/954
f 1908/1252/950 1910/1254/948 1912/1256/1001
f 1913/1257/1236 1912/1256/1001 1910/1254/948
f 1912/1256/1001 1913/1257/1236 1914/1258/1213
f 1915/1259/1237 1911/1255/958 1909/1253/1235
f 1911/1255/958 1915/1259/1237 1916/1260/1238
f 1916/1260/1238 1915/1259/1237 1917/1261/1239
f 1918/1262/956 1919/1249/1240 1920/1263/1241
f 1920/1263/1241 1919/1249/1240 1921/1264/1004
f 1919/1249/1240 1918/1262/956 1922/1253/1242
f 1921/1264/1004 1919/1249/1240 1923/1252/1243
f 1924/1265/959 1922/1253/1242 1918/1262/956
f 1921/1264/1004 1923/1252/1243 1925/1266/1244
f 1922/1253/1242 1924/1265/959 1926/1259/961
f 1925/1266/1244 1923/1252/1243 1927/1256/1001
f 1925/1266/1244 1927/1256/1001 1928/1267/1245
f 1928/1267/1245 1927/1256/1001 1929/1258/1229
f 1930/1268/1246 1926/1259/961 1924/1265/959
f 1926/1259/961 1930/1268/1246 1931/1261/1247
f 1934/1269/1007 1920/1263/1006 1932/1270/1178
f 1933/1271/1005 1920/1263/1248 1935/1264/1004
f 1933/1271/1005 1935/1264/1004 1936/1272/1249
f 1920/1263/1006 1934/1269/1007 1937/1262/1250
f 1938/1273/960 1937/1262/1250 1934/1269/1007
f 1906/1250/1251 1940/1274/957 1939/1275/953
f 1942/1251/1252 1940/1274/957 1906/1250/1251
f 1942/1251/1252 1943/1276/999 1940/1274/957
f 1906/1250/952 1941/1277/947 1944/1248/949
f 1945/1278/911 1944/1248/949 1941/1277/947
f 1951/1279/1253 1948/1280/1254 1949/1281/1255
f 1949/1281/1255 1950/1282/1256 1951/1279/1253
f 1952/1283/1206 1951/1279/1253 1950/1282/1256
f 1946/1284/1201 1953/1285/1257 1952/1283/1206
f 1951/1279/1253 1952/1283/1206 1953/1285/1257
f 1953/1285/1257 1954/1286/1258 1951/1279/1253
f 1955/1287/1259 1951/1279/1253 1954/1286/1258
f 1954/1286/1258 1956/1288/1260 1955/1287/1259
f 1957/1289/1261 1955/1287/1259 1956/1288/1260
f 1956/1288/1260 1958/1290/1262 1957/1289/1261
f 1959/1291/1263 1957/1289/1261 1958/1290/1262
f 1958/1290/1262 1960/1292/1264 1959/1291/1263
f 1961/1293/1265 1947/1294/1266 1959/1291/1267
f 1962/1295/1268 1959/1291/1263 1960/1292/1264
f 1960/1292/1264 1963/1296/1269 1962/1295/1268
f 1959/1291/1267 1964/1297/1270 1961/1293/1265
f 1965/1298/1271 1962/1295/1268 1963/1296/1269
f 1967/1296/1230 1968/1299/1272 1966/1300/1227
f 1968/1299/1272 1967/1296/1230 1969/1292/1264
f 1969/1292/1264 1970/1301/1273 1968/1299/1272
f 1970/1301/1273 1969/1292/1264 1971/1290/1274
f 1971/1290/1274 1973/1302/1275 1970/1301/1273
f 1973/1302/1275 1971/1290/1274 1974/1288/1276
f 1975/1303/1277 1972/1304/1278 1973/1302/1275
f 1974/1288/1276 1976/1305/1279 1973/1302/1275
f 1976/1305/1279 1975/1303/1277 1973/1302/1275
f 1976/1305/1279 1974/1288/1276 1977/1286/1280
f 1977/1286/1280 1978/1306/1281 1976/1305/1279
f 1978/1306/1281 1977/1286/1280 1979/1285/1282
f 1979/1285/1282 1980/1307/1283 1978/1306/1281
f 1980/1307/1283 1979/1285/1282 1981/1284/1284
f 1982/1308/1285 1980/1307/1283 1983/1309/1231
f 1987/1310/1095 1986/1311/910 1985/1312/1094
f 1990/1313/1088 1989/1314/1131 1991/1315/1130
f 1992/1315/1049 1993/1316/1286 1994/1317/1287
f 1994/1317/1287 1993/1316/1286 1995/1318/1288
f 1992/1315/1049 1996/1319/1289 1993/1316/1286
f 1997/1314/1050 1996/1319/1289 1992/1315/1049
f 1997/1314/1050 1998/1320/1015 1996/1319/1289
f 1988/1321/1051 1998/1320/1015 1997/1314/1050
f 1999/1310/1014 1998/1320/1015 1988/1321/1051
f 1998/1320/1015 1999/1310/1014 2000/1322/1290
f 2001/1312/913 2000/1322/1290 1999/1310/1014
f 2000/1322/1290 2001/1312/913 2002/1323/1009
f 2003/1324/1192 2002/1323/1009 2001/1312/913
f 2002/1323/1009 2003/1324/1192 2004/1325/1291
f 2005/1322/1011 2006/1326/1292 1998/1320/1015
f 2005/1322/1011 2007/1327/1293 2006/1326/1292
f 2005/1322/1011 2008/1323/1294 2007/1327/1293
f 2008/1323/1294 2009/1328/1295 2007/1327/1293
f 2008/1323/1294 2010/1325/1296 2009/1328/1295
f 1998/1320/1015 2006/1326/1292 2011/1329/1016
f 2012/1330/1297 1998/1320/1015 2011/1329/1016
f 1998/1320/1015 2012/1330/1297 2013/1319/1298
f 2014/1331/1299 2013/1319/1298 2012/1330/1297
f 2013/1319/1298 2014/1331/1299 2015/1316/1044
f 2016/1332/1300 2015/1316/1044 2014/1331/1299
f 2015/1316/1044 2016/1332/1300 2017/1318/1301
f 2018/1326/1013 1984/1333/952 2011/1329/953
f 2021/1334/1302 2020/1331/1303 2019/1335/1304
f 2022/1336/1233 2023/1327/911 2024/1337/912
f 2031/1338/1305 2027/1339/1306 2029/1340/1307
f 2030/1341/1308 2031/1338/1305 2029/1340/1307
f 2035/1342/1309 2034/1343/1310 2026/1344/1311
f 2030/1341/1308 2036/1345/1312 2037/1346/1313
f 2037/1346/1313 2031/1338/1305 2030/1341/1308
f 2035/1342/1309 2038/1347/1314 2036/1345/1312
f 2038/1347/1314 2035/1342/1309 2025/1348/1315
f 2036/1345/1312 2039/1349/1316 2037/1346/1313
f 2039/1349/1316 2036/1345/1312 2038/1347/1314
f 2037/1346/1313 2040/1350/1317 2031/1338/1305
f 2040/1350/1317 2037/1346/1313 2039/1349/1316
f 2041/1351/1318 2031/1338/1305 2040/1350/1317
f 2031/1338/1305 2041/1351/1318 2032/1352/1319
f 2042/1353/1266 2041/1351/1318 2040/1350/1317
f 2043/1354/1320 2040/1350/1317 2039/1349/1316
f 2040/1350/1317 2043/1354/1320 2042/1353/1266
f 2044/1355/1255 2039/1349/1316 2038/1347/1314
f 2039/1349/1316 2044/1355/1255 2043/1354/1320
f 2038/1347/1314 2045/1356/1321 2044/1355/1255
f 2045/1356/1321 2038/1347/1314 2025/1348/1315
f 2043/1354/1320 2046/1357/1253 2047/1358/1259
f 2047/1358/1259 2042/1353/1266 2043/1354/1320
f 2042/1353/1266 2047/1358/1259 2048/1359/1322
f 2048/1359/1322 2049/1360/1267 2042/1353/1266
f 2041/1351/1318 2042/1353/1266 2050/1361/1323
f 2052/1362/1270 2049/1360/1324 2051/1363/1325
f 2050/1361/1323 2053/1364/1326 2041/1351/1318
f 2053/1364/1326 2050/1361/1323 2052/1362/1270
f 2053/1364/1326 2032/1352/1319 2041/1351/1318
f 2032/1352/1319 2053/1364/1326 2033/1365/1327
f 2054/1366/1328 2033/1365/1327 2053/1364/1326
f 2052/1362/1270 2054/1366/1328 2053/1364/1326
f 2054/1366/1328 2052/1362/1270 2055/1367/1329
f 2051/1363/1325 2055/1367/1329 2052/1362/1270
f 2055/1367/1329 2051/1363/1325 2056/1368/1271
f 2028/1369/1330 2057/1370/1331 2058/1371/1332
f 2033/1365/1327 2054/1366/1328 2057/1370/1333
f 2059/1372/1334 2060/1373/1335 2061/1374/1336
f 2060/1373/1335 2059/1372/1334 2062/1375/1337
f 2062/1375/1337 2063/1376/1338 2060/1373/1335
f 2065/1211/1339 2066/1210/1340 2064/1208/1341
f 2066/1210/1340 2065/1211/1339 2067/1209/548
f 2068/1374/1342 2066/1210/1340 2067/1209/548
f 2066/1210/1340 2068/1374/1342 2069/1377/1343
f 2068/1374/1342 2070/1378/1344 2069/1377/1343
f 2070/1378/1344 2068/1374/1342 2071/1373/1345
f 2071/1373/1345 2072/1376/1338 2070/1378/1344
f 2075/1377/1346 2074/1231/1347 2073/1210/1340
f 2074/1231/1347 2075/1377/1346 2076/1379/1348
f 2077/1378/1349 2076/1379/1348 2075/1377/1346
f 2076/1379/1348 2077/1378/1349 2078/1380/1350
f 2077/1378/1349 2079/1376/1338 2078/1380/1350
f 2082/1381/1351 2080/1215/1238 2081/1234/1352
f 2080/1215/1238 2082/1381/1351 2083/1382/1353
f 2083/1382/1353 2082/1381/1351 2084/1383/1354
f 2084/1383/1354 2082/1381/1351 2085/1384/1355
f 2085/1384/1355 2086/1376/1356 2084/1383/1354
f 2087/1219/1246 2089/1381/1351 2088/1234/1357
f 2089/1381/1351 2087/1219/1246 2090/1385/1358
f 2090/1385/1358 2091/1384/1359 2089/1381/1351
f 2091/1384/1359 2090/1385/1358 2092/1386/1360
f 2092/1386/1360 2093/1376/1356 2091/1384/1359
f 2094/1205/1088 2095/1206/1093 2096/1207/1361
f 2096/1207/1361 2095/1206/1093 2097/1204/1287
f 2098/1387/1362 2096/1207/1361 2097/1204/1287
f 2096/1207/1361 2098/1387/1362 2099/1388/1363
f 2099/1388/1363 2098/1387/1362 2100/1389/1364
f 2098/1387/1362 2101/1390/1365 2100/1389/1364
f 2101/1390/1365 2102/1376/1338 2100/1389/1364
f 2105/1388/1366 2104/1238/1367 2103/1207/1368
f 2104/1238/1367 2105/1388/1366 2106/1372/1334
f 2107/1389/1369 2106/1372/1334 2105/1388/1366
f 2106/1372/1334 2107/1389/1369 2108/1375/1370
f 2107/1389/1369 2109/1376/1338 2108/1375/1370
f 2110/1216/1371 2111/1231/1347 2112/1391/1372
f 2111/1231/1347 2113/1379/1373 2112/1391/1372
f 2114/1380/1374 2112/1391/1372 2113/1379/1373
f 2112/1391/1372 2114/1380/1374 2115/1392/1375
f 2114/1380/1374 2116/1376/1338 2115/1392/1375
f 2119/1216/1371 2118/1217/959 2117/1218/960
f 2118/1217/959 2119/1216/1371 2120/1219/1376
f 2119/1216/1371 2121/1385/1358 2120/1219/1376
f 2121/1385/1358 2119/1216/1371 2122/1391/1372
f 2123/1392/1377 2121/1385/1358 2122/1391/1372
f 2121/1385/1358 2123/1392/1377 2124/1386/1378
f 2123/1392/1377 2125/1376/1356 2124/1386/1378
f 2127/1243/1301 2128/1387/1379 2126/1204/1380
f 2128/1387/1379 2127/1243/1301 2129/1393/1381
f 2130/1394/1382 2128/1387/1379 2129/1393/1381
f 2128/1387/1379 2130/1394/1382 2131/1390/1365
f 2130/1394/1382 2132/1376/1356 2131/1390/1365
f 2135/1395/1383 2134/1243/1301 2133/1212/1384
f 2134/1243/1301 2135/1395/1383 2136/1393/1381
f 2135/1395/1383 2137/1394/1382 2136/1393/1381
f 2137/1394/1382 2135/1395/1383 2138/1396/1385
f 2138/1396/1385 2139/1376/1356 2137/1394/1382
f 2140/1213/999 2141/1214/1092 2142/1212/1386
f 2141/1214/1092 2143/1215/1387 2142/1212/1386
f 2144/1382/1353 2142/1212/1386 2143/1215/1387
f 2142/1212/1386 2144/1382/1353 2145/1395/1388
f 2146/1396/1385 2145/1395/1388 2144/1382/1353
f 2144/1382/1353 2147/1383/1389 2146/1396/1385
f 2147/1383/1389 2148/1376/1356 2146/1396/1385
f 2059/1372/1334 2149/1209/719 2150/1238/1367
f 2149/1209/719 2059/1372/1334 2061/1374/1336
f 2154/1311/918 2153/1310/1390 2152/1397/1391
f 2153/1310/1390 2154/1311/918 2155/1312/1392
f 2152/1397/1135 2151/1321/1136 2156/1398/1183
f 2157/1399/1393 2156/1398/1183 2151/1321/1136
f 2159/1313/1062 2158/1314/1097 2160/1315/1339
f 2161/1327/910 2162/1336/1095 2163/1326/1132
f 2164/1329/1054 2163/1326/1132 2162/1336/1095
f 2164/1329/1054 2162/1336/1095 2165/1333/1052
f 2166/1335/1394 2164/1329/1054 2165/1333/1052
f 2164/1329/1054 2166/1335/1394 2167/1330/1053
f 2168/1331/1088 2167/1330/1053 2166/1335/1394
f 2169/1320/1100 2170/1326/1132 2164/1329/1395
f 2171/1330/1053 2169/1320/1100 2164/1329/1395
f 2172/1322/1133 2170/1326/1132 2169/1320/1100
f 2172/1322/1133 2173/1327/1096 2170/1326/1132
f 2172/1322/1133 2174/1323/1396 2173/1327/1096
f 2174/1323/1396 2175/1328/1397 2173/1327/1096
f 2174/1323/1396 2176/1325/1218 2175/1328/1397
f 2169/1320/1100 2171/1330/1053 2177/1319/1099
f 2178/1331/1398 2177/1319/1099 2171/1330/1053
f 2177/1319/1099 2178/1331/1398 2179/1316/1399
f 2180/1332/1361 2179/1316/1399 2178/1331/1398
f 2179/1316/1399 2180/1332/1361 2181/1318/1400
f 2169/1320/1100 2182/1310/1137 2183/1322/1133
f 2184/1312/921 2183/1322/1133 2182/1310/1137
f 2183/1322/1133 2184/1312/921 2185/1323/1401
f 2186/1324/1190 2185/1323/1401 2184/1312/921
f 2185/1323/1401 2186/1324/1190 2187/1325/1402
f 2182/1310/1137 2169/1320/1100 2151/1321/1403
f 2151/1321/1403 2169/1320/1100 2188/1314/1186
f 2188/1314/1186 2169/1320/1100 2189/1319/1099
f 2188/1314/1186 2189/1319/1099 2190/1315/1404
f 2190/1315/1404 2189/1319/1099 2191/1316/1405
f 2190/1315/1404 2191/1316/1405 2192/1317/719
f 2192/1317/719 2191/1316/1405 2193/1318/1406
f 2197/1340/1407 2196/1346/1408 2198/1338/1409
f 2198/1338/1409 2199/1339/1410 2197/1340/1407
f 2201/1352/1411 2203/1364/1412 2202/1365/1413
f 2198/1338/1409 2204/1351/1414 2201/1352/1411
f 2203/1364/1412 2201/1352/1411 2204/1351/1414
f 2204/1351/1414 2198/1338/1409 2205/1350/1415
f 2196/1346/1408 2205/1350/1415 2198/1338/1409
f 2206/1361/1306 2203/1364/1412 2204/1351/1414
f 2203/1364/1412 2206/1361/1306 2207/1362/1416
f 2208/1353/1417 2204/1351/1414 2205/1350/1415
f 2204/1351/1414 2208/1353/1417 2206/1361/1306
f 2205/1350/1415 2196/1346/1408 2209/1349/1418
f 2195/1345/1419 2209/1349/1418 2196/1346/1408
f 2205/1350/1415 2210/1354/1308 2208/1353/1417
f 2210/1354/1308 2205/1350/1415 2209/1349/1418
f 2212/1360/1420 2207/1362/1416 2206/1361/1306
f 2206/1361/1306 2211/1359/1421 2212/1360/1420
f 2207/1362/1416 2212/1360/1420 2213/1363/1422
f 2209/1349/1418 2195/1345/1419 2214/1347/1423
f 2194/1342/1424 2214/1347/1423 2195/1345/1419
f 2214/1347/1423 2194/1342/1424 2215/1348/1425
f 2200/1356/1426 2214/1347/1423 2215/1348/1425
f 2216/1355/1427 2209/1349/1418 2214/1347/1423
f 2214/1347/1423 2200/1356/1426 2216/1355/1427
f 2209/1349/1418 2216/1355/1427 2210/1354/1308
f 2218/1357/1428 2210/1354/1308 2216/1355/1427
f 2216/1355/1427 2217/1400/1309 2218/1357/1428
f 2221/1366/1429 2207/1362/1416 2220/1367/1430
f 2213/1363/1422 2219/1368/1333 2207/1362/1416
f 2224/1369/1431 2222/1370/1432 2223/1371/1433
f 2202/1365/1413 2221/1366/1429 2222/1370/1432
f 2202/1365/1413 2222/1370/1432 2224/1369/1431
f 2221/1366/1429 2202/1365/1413 2203/1364/1412
f 2207/1362/1416 2221/1366/1429 2203/1364/1412
f 2199/1339/1410 2202/1365/1413 2224/1369/1431
f 2225/1270/1136 2226/1264/1181 2227/1271/1434
f 2229/1262/1435 2225/1270/1136 2230/1269/1186
f 2231/1265/1062 2229/1262/1435 2230/1269/1186
f 2232/1262/1184 2233/1249/1179 2228/1263/1436
f 2233/1249/1179 2234/1264/1181 2228/1263/1436
f 2233/1249/1179 2232/1262/1184 2235/1253/1182
f 2236/1265/1437 2235/1253/1182 2232/1262/1184
f 2235/1253/1182 2236/1265/1437 2237/1259/1438
f 2238/1268/1439 2237/1259/1438 2236/1265/1437
f 2237/1259/1438 2238/1268/1439 2239/1261/1440
f 2240/1252/1175 2234/1264/1181 2233/1249/1179
f 2240/1252/1175 2241/1266/1176 2234/1264/1181
f 2240/1252/1175 2242/1256/1171 2241/1266/1176
f 2242/1256/1171 2243/1267/1221 2241/1266/1176
f 2242/1256/1171 2244/1258/1441 2243/1267/1221
f 2233/1249/1179 2246/1248/1442 2247/1252/1443
f 2248/1254/1172 2247/1252/1443 2246/1248/1442
f 2247/1252/1443 2248/1254/1172 2249/1256/1444
f 2250/1257/1226 2249/1256/1444 2248/1254/1172
f 2249/1256/1444 2250/1257/1226 2251/1258/1445
f 2246/1248/1442 2233/1249/1179 2252/1250/1446
f 2252/1250/1446 2233/1249/1179 2253/1251/1180
f 2253/1251/1180 2233/1249/1179 2254/1253/1447
f 2253/1251/1180 2254/1253/1447 2255/1255/1143
f 2255/1255/1143 2254/1253/1447 2256/1259/1141
f 2255/1255/1143 2256/1259/1141 2257/1260/1448
f 2257/1260/1448 2256/1259/1141 2258/1261/1449
f 2252/1250/1178 2245/1275/1248 2259/1248/1005
f 2261/1254/1249 2260/1277/1450 2262/1278/917
f 2263/1274/1451 2264/1255/960 2265/1276/959
f 2266/1285/1452 2267/1307/1453 2268/1306/1454
f 2267/1307/1453 2266/1285/1452 2269/1284/1455
f 2270/1309/1424 2268/1306/1454 2267/1307/1453
f 2271/1308/1456 2272/1305/1457 2268/1306/1454
f 2268/1306/1454 2270/1309/1424 2271/1308/1456
f 2272/1305/1457 2271/1308/1456 2273/1401/1458
f 2273/1401/1458 2274/1302/1459 2272/1305/1457
f 2276/1301/1460 2275/1303/1461 2277/1304/1462
f 2277/1304/1462 2278/1402/1463 2276/1301/1460
f 2280/1296/1464 2281/1299/1465 2279/1300/1433
f 2281/1299/1465 2280/1296/1464 2283/1292/1466
f 2283/1292/1466 2276/1301/1410 2281/1299/1465
f 2284/1295/1467 2280/1296/1464 2282/1298/1468
f 2280/1296/1464 2284/1295/1467 2283/1292/1466
f 2286/1297/1469 2282/1298/1468 2285/1403/1470
f 2284/1295/1467 2282/1298/1468 2286/1297/1469
f 2287/1293/1471 2284/1295/1467 2286/1297/1469
f 2288/1291/1278 2284/1295/1467 2287/1293/1471
f 2288/1291/1278 2283/1292/1466 2284/1295/1467
f 2289/1294/1275 2288/1291/1278 2287/1293/1471
f 2283/1292/1466 2288/1291/1278 2290/1290/1472
f 2291/1289/1473 2290/1290/1472 2288/1291/1278
f 2276/1301/1410 2283/1292/1466 2290/1290/1472
f 2294/1287/1474 2291/1289/1473 2292/1280/1475
f 2293/1281/1476 2294/1287/1474 2292/1280/1475
f 2290/1290/1472 2291/1289/1473 2295/1288/1477
f 2294/1287/1474 2295/1288/1477 2291/1289/1473
f 2290/1290/1472 2274/1302/1459 2276/1301/1410
f 2274/1302/1459 2290/1290/1472 2295/1288/1477
f 2297/1279/1478 2294/1287/1474 2293/1281/1476
f 2296/1282/1283 2297/1279/1478 2293/1281/1476
f 2295/1288/1477 2294/1287/1474 2298/1286/1479
f 2297/1279/1478 2298/1286/1479 2294/1287/1474
f 2272/1305/1457 2295/1288/1477 2298/1286/1479
f 2295/1288/1477 2272/1305/1457 2274/1302/1459
f 2298/1286/1479 2297/1279/1478 2266/1285/1452
f 2299/1283/1231 2266/1285/1452 2297/1279/1478
f 2268/1306/1454 2298/1286/1479 2266/1285/1452
f 2298/1286/1479 2268/1306/1454 2272/1305/1457
f 2266/1285/1452 2299/1283/1231 2269/1284/1455
usemtl Rightarm1Mtl
f 2300/1404/1480 2301/1405/1481 2302/1406/1482
f 2301/1405/1481 2300/1404/1480 2303/1407/1483
f 2304/1408/1484 2305/1409/1485 2306/1410/1486
f 2305/1409/1485 2304/1408/1484 2307/1411/1487
f 2308/1409/1488 2309/1409/1489 2310/1409/1485
f 2309/1409/1489 2311/1410/1490 2310/1409/1485
f 2311/1410/1490 2309/1409/1489 2312/1410/1491
f 2312/1410/1491 2313/1410/1492 2311/1410/1490
f 2314/1411/1493 2315/1411/1494 2316/1411/1495
f 2317/1408/1496 2316/1411/1495 2315/1411/1494
f 2315/1411/1494 2318/1408/1484 2317/1408/1496
f 2319/1408/1497 2317/1408/1496 2318/1408/1484
f 2320/1407/1498 2321/1407/1499 2322/1407/1500
f 2323/1404/1501 2322/1407/1500 2321/1407/1499
f 2321/1407/1499 2324/1404/1502 2323/1404/1501
f 2325/1404/1503 2323/1404/1501 2324/1404/1502
f 2326/1405/1504 2327/1405/1505 2328/1405/1506
f 2329/1406/1507 2328/1405/1506 2327/1405/1505
f 2327/1405/1505 2330/1406/1508 2329/1406/1507
f 2331/1406/1509 2329/1406/1507 2330/1406/1508
f 2332/1409/1510 2333/1411/1493 2334/1409/1488
f 2333/1411/1493 2332/1409/1510 2335/1411/1511
f 2336/1408/1484 2337/1410/1492 2338/1408/1497
f 2337/1410/1492 2336/1408/1484 2339/1410/1490
f 2340/1405/1506 2341/1407/1499 2342/1407/1512
f 2342/1407/1512 2343/1405/1513 2340/1405/1506
f 2344/1404/1514 2345/1406/1507 2346/1406/1515
f 2346/1406/1515 2347/1404/1503 2344/1404/1514
f 2348/1412/1516 2349/1413/1505 2350/1413/1504
f 2348/1412/1516 2350/1413/1504 2351/1412/1517
f 2352/1414/1497 2353/1415/1515 2354/1415/1508
f 2352/1414/1497 2354/1415/1508 2355/1414/1518
f 2356/1416/1519 2357/1417/1489 2358/1417/1488
f 2356/1416/1519 2358/1417/1488 2359/1416/1498
f 2360/1418/1503 2361/1419/1492 2362/1419/1491
f 2360/1418/1503 2362/1419/1491 2363/1418/1501
f 2364/1419/1491 2365/1420/1520 2366/1418/1521
f 2365/1420/1520 2364/1419/1491 2367/1421/1522
f 2368/1415/1523 2369/1414/1524 2370/1422/1492
f 2368/1415/1523 2370/1422/1492 2371/1423/1503
f 2372/1424/1508 2373/1412/1516 2374/1425/1496
f 2373/1412/1516 2372/1424/1508 2375/1413/1505
f 2376/1416/1498 2377/1417/1488 2378/1426/1493
f 2376/1416/1498 2378/1426/1493 2379/1427/1504
usemtl Rightarm2Mtl
f 2380/1404/1525 2381/1405/1481 2382/1406/1482
f 2381/1405/1481 2380/1404/1525 2383/1407/1483
f 2384/1408/1526 2385/1409/1510 2386/1410/1486
f 2385/1409/1510 2384/1408/1526 2387/1411/1527
f 2388/1409/1528 2389/1409/1489 2390/1409/1485
f 2389/1409/1489 2391/1410/1490 2390/1409/1485
f 2391/1410/1490 2389/1409/1489 2392/1410/1491
f 2392/1410/1491 2393/1410/1492 2391/1410/1490
f 2394/1411/1493 2395/1411/1494 2396/1411/1495
f 2397/1408/1496 2396/1411/1495 2395/1411/1494
f 2395/1411/1494 2398/1408/1484 2397/1408/1496
f 2399/1408/1497 2397/1408/1496 2398/1408/1484
f 2400/1407/1498 2401/1407/1499 2402/1407/1520
f 2403/1404/1501 2402/1407/1520 2401/1407/1499
f 2401/1407/1499 2404/1404/1502 2403/1404/1501
f 2405/1404/1503 2403/1404/1501 2404/1404/1502
f 2406/1405/1504 2407/1405/1529 2408/1405/1506
f 2409/1406/1507 2408/1405/1506 2407/1405/1529
f 2407/1405/1529 2410/1406/1508 2409/1406/1507
f 2411/1406/1509 2409/1406/1507 2410/1406/1508
f 2412/1409/1510 2413/1411/1493 2414/1409/1530
f 2413/1411/1493 2412/1409/1510 2415/1411/1527
f 2416/1408/1484 2417/1410/1492 2418/1408/1497
f 2417/1410/1492 2416/1408/1484 2419/1410/1486
f 2420/1405/1531 2421/1407/1532 2422/1407/1512
f 2422/1407/1512 2423/1405/1504 2420/1405/1531
f 2424/1404/1514 2425/1406/1533 2426/1406/1534
f 2426/1406/1534 2427/1404/1503 2424/1404/1514
f 2428/1412/1495 2429/1413/1505 2430/1413/1535
f 2428/1412/1495 2430/1413/1535 2431/1412/1493
f 2432/1414/1536 2433/1415/1515 2434/1415/1508
f 2432/1414/1536 2434/1415/1508 2435/1414/1537
f 2436/1416/1519 2437/1417/1489 2438/1417/1488
f 2436/1416/1519 2438/1417/1488 2439/1416/1498
f 2440/1418/1503 2441/1419/1538 2442/1419/1491
f 2440/1418/1503 2442/1419/1491 2443/1418/1539
f 2444/1419/1491 2445/1420/1540 2446/1418/1501
f 2445/1420/1540 2444/1419/1491 2447/1421/1522
f 2448/1415/1523 2449/1414/1497 2450/1422/1492
f 2448/1415/1523 2450/1422/1492 2451/1423/1503
f 2452/1424/1508 2453/1412/1516 2454/1425/1496
f 2453/1412/1516 2452/1424/1508 2455/1413/1505
f 2456/1416/1498 2457/1417/1488 2458/1426/1493
f 2456/1416/1498 2458/1426/1493 2459/1427/1504
s 0
usemtl 
f 2460/1428/1541 2461/1429/1541 2463/1430/1541 2462/1431/1541
f 2462/1431/1542 2463/1430/1542 2467/1432/1542 2466/1433/1542
f 2466/1433/1543 2467/1432/1543 2465/1434/1543 2464/1435/1543
f 2464/1435/1544 2465/1434/1544 2461/1436/1544 2460/1437/1544
f 2462/1438/1545 2466/1433/1545 2464/1435/1545 2460/1439/1545
f 2467/1432/1546 2463/1440/1546 2461/1441/1546 2465/1434/1546
f 2468/1428/1541 2469/1429/1541 2471/1430/1541 2470/1431/1541
f 2470/1431/1542 2471/1430/1542 2475/1432/1542 2474/1433/1542
f 2474/1433/1543 2475/1432/1543 2473/1434/1543 2472/1435/1543
f 2472/1435/1544 2473/1434/1544 2469/1436/1544 2468/1437/1544
f 2470/1438/1545 2474/1433/1545 2472/1435/1545 2468/1439/1545
f 2475/1432/1546 2471/1440/1546 2469/1441/1546 2473/1434/1546
f 2476/1428/1541 2477/1429/1541 2479/1430/1541 2478/1431/1541
f 2478/1431/1542 2479/1430/1542 2483/1432/1542 2482/1433/1542
f 2482/1433/1543 2483/1432/1543 2481/1434/1543 2480/1435/1543
f 2480/1435/1544 2481/1434/1544 2477/1436/1544 2476/1437/1544
f 2478/1438/1545 2482/1433/1545 2480/1435/1545 2476/1439/1545
f 2483/1432/1546 2479/1440/1546 2477/1441/1546 2481/1434/1546
f 2484/1428/1541 2485/1429/1541 2487/1430/1541 2486/1431/1541
f 2486/1431/1542 2487/1430/1542 2491/1432/1542 2490/1433/1542
f 2490/1433/1543 2491/1432/1543 2489/1434/1543 2488/1435/1543
f 2488/1435/1544 2489/1434/1544 2485/1436/1544 2484/1437/1544
f 2486/1438/1545 2490/1433/1545 2488/1435/1545 2484/1439/1545
f 2491/1432/1546 2487/1440/1546 2485/1441/1546 2489/1434/1546
f 2492/1428/1541 2493/1429/1541 2495/1430/1541 2494/1431/1541
f 2494/1431/1542 2495/1430/1542 2499/1432/1542 2498/1433/1542
f 2498/1433/1543 2499/1432/1543 2497/1434/1543 2496/1435/1543
f 2496/1435/1544 2497/1434/1544 2493/1436/1544 2492/1437/1544
f 2494/1438/1545 2498/1433/1545 2496/1435/1545 2492/1439/1545
f 2499/1432/1546 2495/1440/1546 2493/1441/1546 2497/1434/1546
f 2500/1428/1541 2501/1429/1541 2503/1430/1541 2502/1431/1541
f 2502/1431/1542 2503/1430/1542 2507/1432/1542 2506/1433/1542
f 2506/1433/1547 2507/1432/1547 2505/1434/1547 2504/1435/1547
f 2504/1435/1544 2505/1434/1544 2501/1436/1544 2500/1437/1544
f 2502/1438/1545 2506/1433/1545 2504/1435/1545 2500/1439/1545
f 2507/1432/1546 2503/1440/1546 2501/1441/1546 2505/1434/1546
f 2508/1428/1541 2509/1429/1541 2511/1430/1541 2510/1431/1541
f 2510/1431/1542 2511/1430/1542 2515/1432/1542 2514/1433/1542
f 2514/1433/1547 2515/1432/1547 2513/1434/1547 2512/1435/1547
f 2512/1435/1544 2513/1434/1544 2509/1436/1544 2508/1437/1544
f 2510/1438/1545 2514/1433/1545 2512/1435/1545 2508/1439/1545
f 2515/1432/1546 2511/1440/1546 2509/1441/1546 2513/1434/1546
f 2516/1428/1541 2517/1429/1541 2519/1430/1541 2518/1431/1541
f 2518/1431/1542 2519/1430/1542 2523/1432/1542 2522/1433/1542
f 2522/1433/1543 2523/1432/1543 2521/1434/1543 2520/1435/1543
f 2520/1435/1544 2521/1434/1544 2517/1436/1544 2516/1437/1544
f 2518/1438/1545 2522/1433/1545 2520/1435/1545 2516/1439/1545
f 2523/1432/1546 2519/1440/1546 2517/1441/1546 2521/1434/1546
f 2524/1428/1541 2525/1429/1541 2527/1430/1541 2526/1431/1541
f 2526/1431/1542 2527/1430/1542 2531/1432/1542 2530/1433/1542
f 2530/1433/1543 2531/1432/1543 2529/1434/1543 2528/1435/1543
f 2528/1435/1544 2529/1434/1544 2525/1436/1544 2524/1437/1544
f 2526/1438/1545 2530/1433/1545 2528/1435/1545 2524/1439/1545
f 2531/1432/1546 2527/1440/1546 2525/1441/1546 2529/1434/1546
f 2532/1428/1541 2533/1429/1541 2535/1430/1541 2534/1431/1541
f 2534/1431/1542 2535/1430/1542 2539/1432/1542 2538/1433/1542
f 2538/1433/1543 2539/1432/1543 2537/1434/1543 2536/1435/1543
f 2536/1435/1544 2537/1434/1544 2533/1436/1544 2532/1437/1544
f 2534/1438/1545 2538/1433/1545 2536/1435/1545 2532/1439/1545
f 2539/1432/1546 2535/1440/1546 2533/1441/1546 2537/1434/1546
f 2540/1428/1541 2541/1429/1541 2543/1430/1541 2542/1431/1541
f 2542/1431/1542 2543/1430/1542 2547/1432/1542 2546/1433/1542
f 2546/1433/1547 2547/1432/1547 2545/1434/1547 2544/1435/1547
f 2544/1435/1544 2545/1434/1544 2541/1436/1544 2540/1437/1544
f 2542/1438/1545 2546/1433/1545 2544/1435/1545 2540/1439/1545
f 2547/1432/1546 2543/1440/1546 2541/1441/1546 2545/1434/1546
f 2548/1428/1541 2549/1429/1541 2551/1430/1541 2550/1431/1541
f 2550/1431/1542 2551/1430/1542 2555/1432/1542 2554/1433/1542
f 2554/1433/1543 2555/1432/1543 2553/1434/1543 2552/1435/1543
f 2552/1435/1544 2553/1434/1544 2549/1436/1544 2548/1437/1544
f 2550/1438/1545 2554/1433/1545 2552/1435/1545 2548/1439/1545
f 2555/1432/1546 2551/1440/1546 2549/1441/1546 2553/1434/1546
f 2556/1428/1541 2557/1429/1541 2559/1430/1541 2558/1431/1541
f 2558/1431/1542 2559/1430/1542 2563/1432/1542 2562/1433/1542
f 2562/1433/1543 2563/1432/1543 2561/1434/1543 2560/1435/1543
f 2560/1435/1544 2561/1434/1544 2557/1436/1544 2556/1437/1544
f 2558/1438/1545 2562/1433/1545 2560/1435/1545 2556/1439/1545
f 2563/1432/1546 2559/1440/1546 2557/1441/1546 2561/1434/1546
f 2564/1428/1541 2565/1429/1541 2567/1430/1541 2566/1431/1541
f 2566/1431/1542 2567/1430/1542 2571/1432/1542 2570/1433/1542
f 2570/1433/1543 2571/1432/1543 2569/1434/1543 2568/1435/1543
f 2568/1435/1544 2569/1434/1544 2565/1436/1544 2564/1437/1544
f 2566/1438/1545 2570/1433/1545 2568/1435/1545 2564/1439/1545
f 2571/1432/1546 2567/1440/1546 2565/1441/1546 2569/1434/1546
