# Blender 5.1.2
# www.blender.org
mtllib key fists attempt 2.mtl
o Knife.002
v -0.964120 -0.075204 0.113422
v -0.978529 0.004617 0.116568
v -0.970659 -0.070613 -0.032996
v -0.985068 0.009207 -0.029850
v -0.971497 -0.070025 -0.051766
v -0.985906 0.009796 -0.048620
v -0.971985 -0.069682 -0.062694
v -0.986394 0.010138 -0.059548
v -0.972685 -0.069191 -0.078371
v -0.987095 0.010630 -0.075225
v -0.974049 -0.068234 -0.108894
v -0.988458 0.011587 -0.105748
v -0.976307 -0.025327 -0.160700
v -1.078437 -0.013572 0.120460
v -1.171048 -0.071654 0.122775
v -1.088635 -0.009648 -0.025816
v -1.184904 -0.068396 -0.023358
v -1.186110 -0.067874 -0.042114
v -1.085204 -0.008282 -0.044752
v -1.176100 -0.065198 -0.064160
v -1.075936 -0.006163 -0.056060
v -1.061087 -0.002841 -0.072343
v -1.162945 -0.062034 -0.084188
v -1.048241 -0.000184 -0.080917
v -1.134675 -0.056129 -0.104528
v -1.083245 -0.045998 -0.126011
v -1.030577 -0.035762 -0.144512
v -0.988458 0.011587 -0.105748
v -0.976307 -0.025327 -0.160700
v -1.078437 -0.013572 0.120460
v -0.978529 0.004617 0.116568
v -0.985068 0.009207 -0.029850
v -1.088635 -0.009648 -0.025816
v -1.085204 -0.008282 -0.044752
v -0.985906 0.009796 -0.048620
v -1.075936 -0.006163 -0.056060
v -0.986394 0.010138 -0.059548
v -1.061087 -0.002841 -0.072343
v -0.987095 0.010630 -0.075225
v -1.048241 -0.000184 -0.080917
v -0.988458 0.011587 -0.105748
v -1.064028 -0.093392 0.117314
v -1.171048 -0.071654 0.122775
v -1.074226 -0.089468 -0.028962
v -1.184904 -0.068396 -0.023358
v -1.186110 -0.067874 -0.042114
v -1.070795 -0.088102 -0.047898
v -1.176100 -0.065198 -0.064160
v -1.061527 -0.085984 -0.059206
v -1.046678 -0.082661 -0.075489
v -1.162945 -0.062034 -0.084188
v -1.033832 -0.080004 -0.084063
v -1.134675 -0.056129 -0.104528
v -1.083245 -0.045998 -0.126011
v -1.030577 -0.035762 -0.144512
v -0.974049 -0.068234 -0.108894
v -0.976307 -0.025327 -0.160700
v -1.064028 -0.093392 0.117314
v -0.964120 -0.075204 0.113422
v -0.970659 -0.070613 -0.032996
v -1.074226 -0.089468 -0.028962
v -1.070795 -0.088102 -0.047898
v -0.971497 -0.070025 -0.051766
v -1.061527 -0.085984 -0.059206
v -0.971985 -0.069682 -0.062694
v -1.046678 -0.082661 -0.075489
v -0.972685 -0.069191 -0.078371
v -1.033832 -0.080004 -0.084063
v -0.974049 -0.068234 -0.108894
v -0.980387 0.008161 0.114333
v -0.965756 -0.071609 0.111930
v -0.974470 0.018765 0.261184
v -0.959839 -0.061005 0.258782
v -0.973711 0.020124 0.280010
v -0.959080 -0.059646 0.277607
v -0.973270 0.020916 0.290970
v -0.958639 -0.058854 0.288567
v -0.972636 0.022051 0.306694
v -0.958005 -0.057719 0.304291
v -0.971403 0.024262 0.337307
v -0.956772 -0.055508 0.334904
v -0.954628 -0.010429 0.389063
v -1.065615 -0.090033 0.115945
v -1.172697 -0.068555 0.121158
v -1.063355 -0.080104 0.262944
v -1.174093 -0.059300 0.268303
v -1.173702 -0.058009 0.287143
v -1.058330 -0.077957 0.281597
v -1.161858 -0.054419 0.308385
v -1.048137 -0.075367 0.292166
v -1.031961 -0.071364 0.307265
v -1.147053 -0.050422 0.327361
v -1.018436 -0.068345 0.314817
v -1.117163 -0.043659 0.345452
v -1.064105 -0.032607 0.362853
v -1.010066 -0.021570 0.377177
v -0.956772 -0.055508 0.334904
v -0.954628 -0.010429 0.389063
v -1.065615 -0.090033 0.115945
v -0.965756 -0.071609 0.111930
v -0.959839 -0.061005 0.258782
v -1.063355 -0.080104 0.262944
v -1.058330 -0.077957 0.281597
v -0.959080 -0.059646 0.277607
v -1.048137 -0.075367 0.292166
v -0.958639 -0.058854 0.288567
v -1.031961 -0.071364 0.307265
v -0.958005 -0.057719 0.304291
v -1.018436 -0.068345 0.314817
v -0.956772 -0.055508 0.334904
v -1.080246 -0.010263 0.118348
v -1.172697 -0.068555 0.121158
v -1.077986 -0.000334 0.265346
v -1.174093 -0.059300 0.268303
v -1.173702 -0.058009 0.287143
v -1.072961 0.001813 0.284000
v -1.161858 -0.054419 0.308385
v -1.062768 0.004404 0.294568
v -1.046592 0.008406 0.309667
v -1.147053 -0.050422 0.327361
v -1.033067 0.011425 0.317220
v -1.117163 -0.043659 0.345452
v -1.064105 -0.032607 0.362853
v -1.010066 -0.021570 0.377177
v -0.971403 0.024262 0.337307
v -0.954628 -0.010429 0.389063
v -1.080246 -0.010263 0.118348
v -0.980387 0.008161 0.114333
v -0.974470 0.018765 0.261184
v -1.077986 -0.000334 0.265346
v -1.072961 0.001813 0.284000
v -0.973711 0.020124 0.280010
v -1.062768 0.004404 0.294568
v -0.973270 0.020916 0.290970
v -1.046592 0.008406 0.309667
v -0.972636 0.022051 0.306694
v -1.033067 0.011425 0.317220
v -0.971403 0.024262 0.337307
v -0.610146 -0.015244 -0.020711
v -0.515686 -0.016470 -0.016002
v -0.517090 -0.064107 -0.017578
v -0.611427 -0.058710 -0.022149
v -0.613199 -0.092741 -0.049200
v -0.519032 -0.101403 -0.047225
v 0.090340 -0.116622 -0.067001
v 0.040513 -0.119981 -0.061714
v 0.042530 -0.081245 -0.030923
v 0.092221 -0.080497 -0.038284
v 0.093581 -0.034355 -0.036759
v 0.043988 -0.031770 -0.029286
v -0.503208 -0.016837 -0.016434
v -0.412446 -0.018568 -0.014744
v -0.413921 -0.068604 -0.016399
v -0.504611 -0.064440 -0.018008
v -0.506552 -0.101709 -0.047635
v -0.415960 -0.107778 -0.047540
v 0.031517 -0.033867 -0.041476
v -0.068625 -0.029642 -0.031484
v -0.069993 -0.076042 -0.033019
v 0.030264 -0.076366 -0.042881
v 0.028532 -0.109639 -0.069331
v -0.071884 -0.112370 -0.061897
v -0.403445 -0.108602 -0.047538
v -0.305620 -0.112245 -0.049757
v -0.303543 -0.072348 -0.018042
v -0.401393 -0.069173 -0.016194
v -0.399908 -0.018811 -0.014528
v -0.302041 -0.021389 -0.016356
v -0.172649 -0.025215 -0.020906
v -0.080780 -0.029114 -0.030193
v -0.174140 -0.075778 -0.022578
v -0.082163 -0.076031 -0.031744
v -0.084076 -0.112764 -0.060944
v -0.176200 -0.115365 -0.054047
v -0.189821 -0.115358 -0.053337
v -0.182272 -0.110136 -0.057897
v -0.187750 -0.075563 -0.021703
v -0.180355 -0.073311 -0.028623
v -0.178968 -0.026275 -0.027067
v -0.186251 -0.024734 -0.020022
v -0.189821 -0.115358 -0.053337
v -0.288921 -0.112721 -0.050252
v -0.286844 -0.072824 -0.018537
v -0.187750 -0.075563 -0.021703
v -0.186251 -0.024734 -0.020022
v -0.285342 -0.021865 -0.016852
v -0.295792 -0.106932 -0.054506
v -0.305620 -0.112245 -0.049757
v -0.303543 -0.072348 -0.018042
v -0.293874 -0.070090 -0.025220
v -0.292487 -0.023033 -0.023664
v -0.302041 -0.021389 -0.016356
v -0.406034 -0.019899 -0.020816
v -0.413921 -0.068604 -0.016399
v -0.407413 -0.066668 -0.022363
v -0.409319 -0.103284 -0.051470
v -0.412446 -0.018568 -0.014744
v -0.415960 -0.107778 -0.047540
v -0.510874 -0.061751 -0.024651
v -0.503208 -0.016837 -0.016434
v -0.509585 -0.018014 -0.023205
v -0.504611 -0.064440 -0.018008
v -0.506552 -0.101709 -0.047635
v -0.512657 -0.095994 -0.051871
v -0.512049 0.029380 -0.151862
v -0.505890 0.034745 -0.156462
v -0.513832 -0.004863 -0.179082
v -0.515121 -0.048600 -0.180529
v -0.507831 -0.002524 -0.186088
v -0.509234 -0.050126 -0.187663
v -0.411954 -0.052605 -0.189046
v -0.409319 -0.103284 -0.051470
v -0.406283 -0.054030 -0.195683
v -0.403445 -0.108602 -0.047538
v -0.410576 -0.005836 -0.187499
v -0.407413 -0.066668 -0.022363
v -0.404799 -0.003667 -0.194018
v -0.401393 -0.069173 -0.016194
v -0.402746 0.035762 -0.162674
v -0.399908 -0.018811 -0.014528
v -0.408670 0.030780 -0.158392
v -0.406034 -0.019899 -0.020816
v -0.295792 -0.106932 -0.054506
v -0.288921 -0.112721 -0.050252
v -0.293874 -0.070090 -0.025220
v -0.298443 -0.055940 -0.192931
v -0.286844 -0.072824 -0.018537
v -0.291792 -0.057502 -0.200151
v -0.285342 -0.021865 -0.016852
v -0.297056 -0.008883 -0.191374
v -0.292487 -0.023033 -0.023664
v -0.290290 -0.006543 -0.198467
v -0.288213 0.033354 -0.166751
v -0.295138 0.027959 -0.162088
v -0.178968 -0.026275 -0.027067
v -0.181618 0.024694 -0.165429
v -0.172649 -0.025215 -0.020906
v -0.175498 0.029574 -0.169640
v -0.180355 -0.073311 -0.028623
v -0.183536 -0.012131 -0.194703
v -0.174140 -0.075778 -0.022578
v -0.177559 -0.010012 -0.201109
v -0.176200 -0.115365 -0.054047
v -0.179049 -0.060575 -0.202781
v -0.182272 -0.110136 -0.057897
v -0.184922 -0.059168 -0.196258
v -0.074498 -0.062091 -0.198387
v -0.078821 -0.017957 -0.190077
v -0.073131 -0.015690 -0.196853
v -0.071239 0.020637 -0.167974
v -0.080078 -0.060617 -0.191488
v -0.077082 0.015442 -0.163527
v -0.077675 -0.106844 -0.065999
v -0.074679 -0.030784 -0.038038
v -0.071884 -0.112370 -0.061897
v -0.068625 -0.029642 -0.031484
v -0.075936 -0.073444 -0.039449
v -0.069993 -0.076042 -0.033019
v 0.026138 -0.063587 -0.194348
v 0.037726 -0.066369 -0.207251
v 0.027390 -0.021088 -0.192942
v 0.028532 -0.109639 -0.069331
v 0.039184 -0.016894 -0.205615
v 0.040513 -0.119981 -0.061714
v 0.041200 0.021842 -0.174823
v 0.030264 -0.076366 -0.042881
v 0.029123 0.012186 -0.166493
v 0.042530 -0.081245 -0.030923
v 0.043988 -0.031770 -0.029286
v 0.031517 -0.033867 -0.041476
v -0.615648 -0.045641 -0.177060
v -0.613199 -0.092741 -0.049200
v -0.521716 -0.049783 -0.187354
v -0.519032 -0.101403 -0.047225
v -0.521067 -0.093183 -0.123756
v -0.615056 -0.085240 -0.119030
v 0.087740 -0.066622 -0.202732
v 0.102406 -0.063669 -0.185898
v 0.088369 -0.108660 -0.141131
v 0.102904 -0.096969 -0.137102
v 0.104465 -0.103275 -0.078382
v 0.090340 -0.116622 -0.067001
v 0.090340 -0.116622 -0.067001
v 0.038400 -0.111444 -0.141199
v 0.088369 -0.108660 -0.141131
v 0.087740 -0.066622 -0.202732
v 0.040513 -0.119981 -0.061714
v 0.037726 -0.066369 -0.207251
v -0.506552 -0.101709 -0.047635
v -0.512657 -0.095994 -0.051871
v -0.508585 -0.093495 -0.124110
v -0.514525 -0.088447 -0.122137
v -0.515121 -0.048600 -0.180529
v -0.509234 -0.050126 -0.187663
v -0.509234 -0.050126 -0.187663
v -0.506552 -0.101709 -0.047635
v -0.418779 -0.053559 -0.194725
v -0.415960 -0.107778 -0.047540
v -0.418097 -0.099144 -0.127925
v -0.508585 -0.093495 -0.124110
v 0.028532 -0.109639 -0.069331
v -0.071884 -0.112370 -0.061897
v -0.073866 -0.104364 -0.136440
v 0.026717 -0.102306 -0.137609
v 0.026138 -0.063587 -0.194348
v -0.074498 -0.062091 -0.198387
v -0.411317 -0.095214 -0.126607
v -0.411954 -0.052605 -0.189046
v -0.405597 -0.099913 -0.128447
v -0.409319 -0.103284 -0.051470
v -0.406283 -0.054030 -0.195683
v -0.403445 -0.108602 -0.047538
v -0.086719 -0.061924 -0.198956
v -0.080078 -0.060617 -0.191488
v -0.086080 -0.104668 -0.136319
v -0.079497 -0.099482 -0.134534
v -0.077675 -0.106844 -0.065999
v -0.084076 -0.112764 -0.060944
v -0.307797 -0.103452 -0.131624
v -0.403445 -0.108602 -0.047538
v -0.405597 -0.099913 -0.128447
v -0.406283 -0.054030 -0.195683
v -0.305620 -0.112245 -0.049757
v -0.308492 -0.057026 -0.199656
v -0.084076 -0.112764 -0.060944
v -0.176200 -0.115365 -0.054047
v -0.178360 -0.106640 -0.135277
v -0.086080 -0.104668 -0.136319
v -0.086719 -0.061924 -0.198956
v -0.179049 -0.060575 -0.202781
v -0.295792 -0.106932 -0.054506
v -0.291098 -0.103928 -0.132119
v -0.288921 -0.112721 -0.050252
v -0.297802 -0.098812 -0.130106
v -0.298443 -0.055940 -0.192931
v -0.291792 -0.057502 -0.200151
v -0.189821 -0.115358 -0.053337
v -0.191993 -0.106588 -0.134997
v -0.182272 -0.110136 -0.057897
v -0.184281 -0.102020 -0.133462
v -0.184922 -0.059168 -0.196258
v -0.192685 -0.060279 -0.202857
v -0.192685 -0.060279 -0.202857
v -0.291098 -0.103928 -0.132119
v -0.291792 -0.057502 -0.200151
v -0.191993 -0.106588 -0.134997
v -0.189821 -0.115358 -0.053337
v -0.288921 -0.112721 -0.050252
v -0.176200 -0.115365 -0.054047
v -0.179049 -0.060575 -0.202781
v -0.182272 -0.110136 -0.057897
v -0.184922 -0.059168 -0.196258
v -0.178360 -0.106640 -0.135277
v -0.184281 -0.102020 -0.133462
v -0.307797 -0.103452 -0.131624
v -0.298443 -0.055940 -0.192931
v -0.297802 -0.098812 -0.130106
v -0.295792 -0.106932 -0.054506
v -0.308492 -0.057026 -0.199656
v -0.305620 -0.112245 -0.049757
v -0.074498 -0.062091 -0.198387
v -0.080078 -0.060617 -0.191488
v -0.073866 -0.104364 -0.136440
v -0.079497 -0.099482 -0.134534
v -0.077675 -0.106844 -0.065999
v -0.071884 -0.112370 -0.061897
v -0.409319 -0.103284 -0.051470
v -0.415960 -0.107778 -0.047540
v -0.418097 -0.099144 -0.127925
v -0.411317 -0.095214 -0.126607
v -0.411954 -0.052605 -0.189046
v -0.418779 -0.053559 -0.194725
v 0.038400 -0.111444 -0.141199
v 0.026138 -0.063587 -0.194348
v 0.037726 -0.066369 -0.207251
v 0.026717 -0.102306 -0.137609
v 0.028532 -0.109639 -0.069331
v 0.040513 -0.119981 -0.061714
v -0.519032 -0.101403 -0.047225
v -0.512657 -0.095994 -0.051871
v -0.521067 -0.093183 -0.123756
v -0.514525 -0.088447 -0.122137
v -0.515121 -0.048600 -0.180529
v -0.521716 -0.049783 -0.187354
v -0.612595 0.031856 -0.148571
v -0.518370 0.035150 -0.156131
v -0.520312 -0.002146 -0.185779
v -0.614367 -0.002174 -0.175623
v -0.615648 -0.045641 -0.177060
v -0.521716 -0.049783 -0.187354
v 0.087740 -0.066622 -0.202732
v 0.037726 -0.066369 -0.207251
v 0.039184 -0.016894 -0.205615
v 0.089100 -0.020480 -0.201207
v 0.090981 0.015645 -0.172489
v 0.041200 0.021842 -0.174823
v -0.505890 0.034745 -0.156462
v -0.415265 0.035651 -0.161930
v -0.417305 -0.003523 -0.193070
v -0.507831 -0.002524 -0.186088
v -0.509234 -0.050126 -0.187663
v -0.418779 -0.053559 -0.194725
v 0.029123 0.012186 -0.166493
v -0.071239 0.020637 -0.167974
v -0.073131 -0.015690 -0.196853
v 0.027390 -0.021088 -0.192942
v 0.026138 -0.063587 -0.194348
v -0.074498 -0.062091 -0.198387
v -0.406283 -0.054030 -0.195683
v -0.308492 -0.057026 -0.199656
v -0.306990 -0.006067 -0.197972
v -0.404799 -0.003667 -0.194018
v -0.402746 0.035762 -0.162674
v -0.304913 0.033830 -0.166256
v -0.083424 0.021726 -0.168204
v -0.175498 0.029574 -0.169640
v -0.177559 -0.010012 -0.201109
v -0.085336 -0.015007 -0.197404
v -0.086719 -0.061924 -0.198956
v -0.179049 -0.060575 -0.202781
v -0.184922 -0.059168 -0.196258
v -0.192685 -0.060279 -0.202857
v -0.191187 -0.009450 -0.201177
v -0.183536 -0.012131 -0.194703
v -0.181618 0.024694 -0.165429
v -0.189115 0.030345 -0.169542
v -0.192685 -0.060279 -0.202857
v -0.291792 -0.057502 -0.200151
v -0.290290 -0.006543 -0.198467
v -0.191187 -0.009450 -0.201177
v -0.189115 0.030345 -0.169542
v -0.288213 0.033354 -0.166751
v -0.298443 -0.055940 -0.192931
v -0.308492 -0.057026 -0.199656
v -0.306990 -0.006067 -0.197972
v -0.297056 -0.008883 -0.191374
v -0.295138 0.027959 -0.162088
v -0.304913 0.033830 -0.166256
v -0.408670 0.030780 -0.158392
v -0.411954 -0.052605 -0.189046
v -0.415265 0.035651 -0.161930
v -0.418779 -0.053559 -0.194725
v -0.417305 -0.003523 -0.193070
v -0.410576 -0.005836 -0.187499
v 0.103483 -0.027119 -0.184690
v 0.106534 -0.004810 -0.103223
v 0.102904 -0.096969 -0.137102
v 0.104973 0.001497 -0.161941
v 0.102406 -0.063669 -0.185898
v 0.105955 -0.074659 -0.055634
v 0.104465 -0.103275 -0.078382
v 0.107032 -0.038109 -0.054426
v 0.103483 -0.027119 -0.184690
v 0.090981 0.015645 -0.172489
v 0.104973 0.001497 -0.161941
v 0.089100 -0.020480 -0.201207
v 0.087740 -0.066622 -0.202732
v 0.102406 -0.063669 -0.185898
v 0.107032 -0.038109 -0.054426
v 0.093581 -0.034355 -0.036759
v 0.105955 -0.074659 -0.055634
v 0.104465 -0.103275 -0.078382
v 0.092221 -0.080497 -0.038284
v 0.090340 -0.116622 -0.067001
v -0.078821 -0.017957 -0.190077
v -0.086719 -0.061924 -0.198956
v -0.085336 -0.015007 -0.197404
v -0.083424 0.021726 -0.168204
v -0.080078 -0.060617 -0.191488
v -0.077082 0.015442 -0.163527
v -0.077675 -0.106844 -0.065999
v -0.074679 -0.030784 -0.038038
v -0.084076 -0.112764 -0.060944
v -0.080780 -0.029114 -0.030193
v -0.075936 -0.073444 -0.039449
v -0.082163 -0.076031 -0.031744
v -0.515686 -0.016470 -0.016002
v -0.510874 -0.061751 -0.024651
v -0.509585 -0.018014 -0.023205
v -0.517090 -0.064107 -0.017578
v -0.519032 -0.101403 -0.047225
v -0.512657 -0.095994 -0.051871
v -0.512049 0.029380 -0.151862
v -0.518370 0.035150 -0.156131
v -0.513832 -0.004863 -0.179082
v -0.515121 -0.048600 -0.180529
v -0.520312 -0.002146 -0.185779
v -0.521716 -0.049783 -0.187354
v -0.612595 0.031856 -0.148571
v -0.610739 0.024356 -0.078741
v -0.516335 0.026930 -0.079601
v -0.610146 -0.015244 -0.020711
v -0.518370 0.035150 -0.156131
v -0.515686 -0.016470 -0.016002
v 0.090981 0.015645 -0.172489
v 0.104973 0.001497 -0.161941
v 0.092952 0.007683 -0.098360
v 0.106534 -0.004810 -0.103223
v 0.107032 -0.038109 -0.054426
v 0.093581 -0.034355 -0.036759
v 0.093581 -0.034355 -0.036759
v 0.090981 0.015645 -0.172489
v 0.043988 -0.031770 -0.029286
v 0.041200 0.021842 -0.174823
v 0.043314 0.013305 -0.095339
v 0.092952 0.007683 -0.098360
v -0.503208 -0.016837 -0.016434
v -0.509585 -0.018014 -0.023205
v -0.503857 0.026531 -0.079986
v -0.510181 0.021833 -0.081596
v -0.512049 0.029380 -0.151862
v -0.505890 0.034745 -0.156462
v -0.505890 0.034745 -0.156462
v -0.503857 0.026531 -0.079986
v -0.413128 0.027018 -0.081545
v -0.503208 -0.016837 -0.016434
v -0.415265 0.035651 -0.161930
v -0.412446 -0.018568 -0.014744
v 0.031517 -0.033867 -0.041476
v -0.069257 0.012631 -0.093431
v -0.068625 -0.029642 -0.031484
v 0.030938 0.004853 -0.098215
v 0.029123 0.012186 -0.166493
v -0.071239 0.020637 -0.167974
v -0.402746 0.035762 -0.162674
v -0.399908 -0.018811 -0.014528
v -0.408670 0.030780 -0.158392
v -0.406034 -0.019899 -0.020816
v -0.400595 0.027073 -0.081765
v -0.406672 0.022711 -0.083255
v -0.083424 0.021726 -0.168204
v -0.077082 0.015442 -0.163527
v -0.081420 0.013630 -0.092830
v -0.075260 0.008082 -0.094992
v -0.074679 -0.030784 -0.038038
v -0.080780 -0.029114 -0.030193
v -0.399908 -0.018811 -0.014528
v -0.402746 0.035762 -0.162674
v -0.302041 -0.021389 -0.016356
v -0.304913 0.033830 -0.166256
v -0.302736 0.025037 -0.084389
v -0.400595 0.027073 -0.081765
v -0.172649 -0.025215 -0.020906
v -0.080780 -0.029114 -0.030193
v -0.173338 0.020850 -0.088410
v -0.081420 0.013630 -0.092830
v -0.083424 0.021726 -0.168204
v -0.175498 0.029574 -0.169640
v -0.285342 -0.021865 -0.016852
v -0.292487 -0.023033 -0.023664
v -0.286036 0.024561 -0.084884
v -0.288213 0.033354 -0.166751
v -0.293128 0.019839 -0.086488
v -0.295138 0.027959 -0.162088
v -0.178968 -0.026275 -0.027067
v -0.186251 -0.024734 -0.020022
v -0.186944 0.021575 -0.087882
v -0.179609 0.016578 -0.089863
v -0.181618 0.024694 -0.165429
v -0.189115 0.030345 -0.169542
v -0.189115 0.030345 -0.169542
v -0.288213 0.033354 -0.166751
v -0.286036 0.024561 -0.084884
v -0.186944 0.021575 -0.087882
v -0.186251 -0.024734 -0.020022
v -0.285342 -0.021865 -0.016852
v -0.178968 -0.026275 -0.027067
v -0.173338 0.020850 -0.088410
v -0.179609 0.016578 -0.089863
v -0.181618 0.024694 -0.165429
v -0.172649 -0.025215 -0.020906
v -0.175498 0.029574 -0.169640
v -0.295138 0.027959 -0.162088
v -0.292487 -0.023033 -0.023664
v -0.304913 0.033830 -0.166256
v -0.302041 -0.021389 -0.016356
v -0.302736 0.025037 -0.084389
v -0.293128 0.019839 -0.086488
v -0.071239 0.020637 -0.167974
v -0.077082 0.015442 -0.163527
v -0.069257 0.012631 -0.093431
v -0.075260 0.008082 -0.094992
v -0.074679 -0.030784 -0.038038
v -0.068625 -0.029642 -0.031484
v -0.406034 -0.019899 -0.020816
v -0.412446 -0.018568 -0.014744
v -0.413128 0.027018 -0.081545
v -0.406672 0.022711 -0.083255
v -0.408670 0.030780 -0.158392
v -0.415265 0.035651 -0.161930
v 0.041200 0.021842 -0.174823
v 0.029123 0.012186 -0.166493
v 0.043314 0.013305 -0.095339
v 0.043988 -0.031770 -0.029286
v 0.030938 0.004853 -0.098215
v 0.031517 -0.033867 -0.041476
v -0.515686 -0.016470 -0.016002
v -0.509585 -0.018014 -0.023205
v -0.516335 0.026930 -0.079601
v -0.510181 0.021833 -0.081596
v -0.512049 0.029380 -0.151862
v -0.518370 0.035150 -0.156131
v -0.644048 -0.096630 -0.023437
v -0.602879 -0.027370 0.020345
v -0.641298 -0.026816 0.002227
v -0.606157 -0.110591 -0.010249
v -0.678938 -0.090148 -0.028500
v -0.676413 -0.026046 -0.004934
v -0.713790 -0.092437 -0.023821
v -0.711130 -0.024919 0.001000
v -0.741657 -0.023734 0.014370
v -0.744656 -0.099869 -0.013619
v -1.230031 -0.009819 0.028850
v -1.233030 -0.085954 0.000861
v -1.292637 -0.008035 0.030706
v -1.295636 -0.084170 0.002717
v -1.329087 -0.006996 0.031786
v -1.332087 -0.083131 0.003798
v -1.381379 -0.005507 0.033337
v -1.384378 -0.081641 0.005348
v -1.483188 -0.002606 0.036355
v -1.486187 -0.078740 0.008367
v -1.661646 -0.038199 0.034595
v -0.645721 -0.064453 -0.110786
v -0.646019 0.002630 -0.185301
v -0.608151 -0.072234 -0.114372
v -0.608506 0.007732 -0.203197
v -0.680748 0.000992 -0.177122
v -0.680474 -0.060604 -0.108702
v -0.715407 -0.061318 -0.108296
v -0.715696 0.003559 -0.180360
v -0.746482 -0.064746 -0.108964
v -0.746807 0.008411 -0.190226
v -1.234923 -0.049545 -0.097976
v -1.235315 0.024898 -0.182729
v -1.297928 0.026812 -0.181224
v -1.297451 -0.049262 -0.092046
v -1.369836 0.025008 -0.168611
v -1.333723 -0.051653 -0.081654
v -1.385730 -0.055629 -0.065265
v -1.434560 0.021929 -0.153300
v -1.412371 -0.059506 -0.051865
v -1.498086 0.013514 -0.123603
v -1.561990 -0.003023 -0.071771
v -1.615787 -0.020236 -0.019184
v -1.486187 -0.078740 0.008367
v -1.661646 -0.038199 0.034595
v -0.645721 -0.064453 -0.110786
v -0.644048 -0.096630 -0.023437
v -0.678938 -0.090148 -0.028500
v -0.608151 -0.072234 -0.114372
v -0.606157 -0.110591 -0.010249
v -0.680474 -0.060604 -0.108702
v -0.715407 -0.061318 -0.108296
v -0.713790 -0.092437 -0.023821
v -0.746482 -0.064746 -0.108964
v -0.744656 -0.099869 -0.013619
v -1.233030 -0.085954 0.000861
v -1.234923 -0.049545 -0.097976
v -1.297451 -0.049262 -0.092046
v -1.295636 -0.084170 0.002717
v -1.333723 -0.051653 -0.081654
v -1.332087 -0.083131 0.003798
v -1.385730 -0.055629 -0.065265
v -1.384378 -0.081641 0.005348
v -1.412371 -0.059506 -0.051865
v -1.486187 -0.078740 0.008367
v -0.712748 0.006199 -0.083475
v -0.680748 0.000992 -0.177122
v -0.715696 0.003559 -0.180360
v -0.677949 0.003498 -0.085137
v -0.743483 0.011389 -0.080975
v -0.642971 0.005361 -0.085121
v -0.746807 0.008411 -0.190226
v -0.646019 0.002630 -0.185301
v -0.604873 0.010986 -0.083778
v -0.608506 0.007732 -0.203197
v -1.231924 0.026590 -0.069987
v -1.235315 0.024898 -0.182729
v -1.297928 0.026812 -0.181224
v -1.294452 0.026873 -0.064057
v -1.369836 0.025008 -0.168611
v -1.330724 0.024482 -0.053666
v -1.382731 0.020505 -0.037276
v -1.434560 0.021929 -0.153300
v -1.409372 0.016629 -0.023876
v -1.498086 0.013514 -0.123603
v -1.561990 -0.003023 -0.071771
v -1.615787 -0.020236 -0.019184
v -1.483188 -0.002606 0.036355
v -1.661646 -0.038199 0.034595
v -0.641298 -0.026816 0.002227
v -0.604873 0.010986 -0.083778
v -0.642971 0.005361 -0.085121
v -0.602879 -0.027370 0.020345
v -0.676413 -0.026046 -0.004934
v -0.677949 0.003498 -0.085137
v -0.712748 0.006199 -0.083475
v -0.711130 -0.024919 0.001000
v -0.743483 0.011389 -0.080975
v -0.741657 -0.023734 0.014370
v -1.230031 -0.009819 0.028850
v -1.231924 0.026590 -0.069987
v -1.294452 0.026873 -0.064057
v -1.292637 -0.008035 0.030706
v -1.330724 0.024482 -0.053666
v -1.329087 -0.006996 0.031786
v -1.382731 0.020505 -0.037276
v -1.381379 -0.005507 0.033337
v -1.409372 0.016629 -0.023876
v -1.483188 -0.002606 0.036355
v -0.565450 -0.043158 0.080895
v -0.576759 -0.044923 0.086908
v -0.574464 -0.058471 0.086347
v -0.563157 -0.056706 0.080334
v -0.572117 -0.079433 0.083251
v -0.560810 -0.077668 0.077238
v -0.573474 -0.113871 0.070591
v -0.562167 -0.112106 0.064578
v -0.566039 -0.129866 0.053440
v -0.577346 -0.131631 0.059453
v -0.569279 -0.140359 0.045162
v -0.580588 -0.142124 0.051175
v -0.621627 0.058162 -0.137120
v -0.625573 -0.095435 -0.122584
v -0.620430 0.035127 -0.074587
v -0.619232 0.012091 -0.012054
v -0.626770 -0.072400 -0.185117
v -0.624375 -0.118471 -0.060052
v -0.623098 -0.061005 -0.216510
v -0.619505 -0.130110 -0.028912
v -0.617955 0.069558 -0.168513
v -0.614362 0.000452 0.019085
v -0.580250 0.016456 -0.283199
v -0.592733 -0.029801 -0.278964
v -0.583965 -0.004333 -0.286116
v -0.587055 -0.017728 -0.286516
v -0.578894 0.050894 -0.270539
v -0.588244 0.084152 -0.237073
v -0.581083 0.068827 -0.259221
v -0.583226 0.079473 -0.250783
v -0.572117 -0.079433 0.083251
v -0.582177 -0.032533 0.079684
v -0.574464 -0.058471 0.086347
v -0.576759 -0.044923 0.086908
v -0.573474 -0.113871 0.070591
v -0.586666 -0.146486 0.037793
v -0.577346 -0.131631 0.059453
v -0.580588 -0.142124 0.051175
v -0.575530 -0.020143 -0.281181
v -0.587055 -0.017728 -0.286516
v -0.592733 -0.029801 -0.278964
v -0.580815 -0.032370 -0.273487
v -0.569279 -0.140359 0.045162
v -0.605981 -0.062348 -0.214691
v -0.580588 -0.142124 0.051175
v -0.623098 -0.061005 -0.216510
v -0.586666 -0.146486 0.037793
v -0.609605 -0.073459 -0.184075
v -0.574972 -0.144741 0.031560
v -0.626770 -0.072400 -0.185117
v -0.602477 -0.129740 -0.031744
v -0.625573 -0.095435 -0.122584
v -0.619505 -0.130110 -0.028912
v -0.608437 -0.095923 -0.123093
v -0.607269 -0.118388 -0.062110
v -0.624375 -0.118471 -0.060052
v -0.571701 0.077058 -0.245448
v -0.583226 0.079473 -0.250783
v -0.581083 0.068827 -0.259221
v -0.569558 0.066411 -0.253884
v -0.578894 0.050894 -0.270539
v -0.567369 0.048478 -0.265203
v -0.580250 0.016456 -0.283199
v -0.568725 0.014041 -0.277863
v -0.572440 -0.006748 -0.280779
v -0.583965 -0.004333 -0.286116
v -0.575530 -0.020143 -0.281181
v -0.587055 -0.017728 -0.286516
v -0.604462 0.057103 -0.136078
v -0.609605 -0.073459 -0.184075
v -0.600838 0.068215 -0.166694
v -0.608437 -0.095923 -0.123093
v -0.603294 0.034639 -0.075095
v -0.605981 -0.062348 -0.214691
v -0.602126 0.012174 -0.014113
v -0.607269 -0.118388 -0.062110
v -0.597334 0.000822 0.016254
v -0.602477 -0.129740 -0.031744
v -0.567369 0.048478 -0.265203
v -0.576320 0.081733 -0.231540
v -0.569558 0.066411 -0.253884
v -0.571701 0.077058 -0.245448
v -0.568725 0.014041 -0.277863
v -0.580815 -0.032370 -0.273487
v -0.572440 -0.006748 -0.280779
v -0.575530 -0.020143 -0.281181
v -0.562167 -0.112106 0.064578
v -0.574972 -0.144741 0.031560
v -0.566039 -0.129866 0.053440
v -0.569279 -0.140359 0.045162
v -0.560810 -0.077668 0.077238
v -0.570478 -0.030637 0.073506
v -0.563157 -0.056706 0.080334
v -0.565450 -0.043158 0.080895
v -0.620430 0.035127 -0.074587
v -0.604462 0.057103 -0.136078
v -0.621627 0.058162 -0.137120
v -0.617955 0.069558 -0.168513
v -0.603294 0.034639 -0.075095
v -0.600838 0.068215 -0.166694
v -0.602126 0.012174 -0.014113
v -0.588244 0.084152 -0.237073
v -0.619232 0.012091 -0.012054
v -0.576320 0.081733 -0.231540
v -0.614362 0.000452 0.019085
v -0.571701 0.077058 -0.245448
v -0.597334 0.000822 0.016254
v -0.583226 0.079473 -0.250783
v -0.582177 -0.032533 0.079684
v -0.570478 -0.030637 0.073506
v -0.565450 -0.043158 0.080895
v -0.576759 -0.044923 0.086908
v -0.652320 -0.029386 0.260932
v -0.558144 -0.033350 0.253094
v -0.558350 0.011926 0.238135
v -0.652508 0.011926 0.247282
v -0.652320 0.053238 0.260932
v -0.558144 0.057202 0.253094
v 0.051707 0.055781 0.247028
v 0.001794 0.058950 0.242490
v 0.001580 0.011926 0.226954
v 0.051507 0.011926 0.232539
v 0.051707 -0.031929 0.247028
v 0.001794 -0.035097 0.242490
v -0.545653 -0.033317 0.252975
v -0.455030 -0.035630 0.247911
v -0.455246 0.011926 0.232198
v -0.545859 0.011926 0.238027
v -0.545653 0.057169 0.252975
v -0.455030 0.059482 0.247911
v -0.010093 -0.028467 0.253591
v -0.110642 -0.032174 0.248862
v -0.110843 0.011926 0.234292
v -0.010277 0.011926 0.240245
v -0.010093 0.052319 0.253591
v -0.110642 0.056026 0.248862
v -0.442510 0.059792 0.247226
v -0.344621 0.060359 0.244942
v -0.344841 0.011926 0.228939
v -0.442728 0.011926 0.231411
v -0.442510 -0.035940 0.247226
v -0.344621 -0.036507 0.244942
v -0.215098 -0.036130 0.243777
v -0.122850 -0.032666 0.248219
v -0.215317 0.011926 0.227899
v -0.123054 0.011926 0.233486
v -0.122850 0.056518 0.248219
v -0.215098 0.059983 0.243777
v -0.228733 0.060236 0.243546
v -0.221122 0.056631 0.249388
v -0.228953 0.011926 0.227584
v -0.221326 0.011926 0.234618
v -0.221122 -0.032779 0.249388
v -0.228733 -0.036384 0.243546
v -0.228733 0.060236 0.243546
v -0.327909 0.060359 0.244711
v -0.328129 0.011926 0.228709
v -0.228953 0.011926 0.227584
v -0.228733 -0.036384 0.243546
v -0.327909 -0.036507 0.244711
v -0.334727 0.056651 0.250922
v -0.344621 0.060359 0.244942
v -0.344841 0.011926 0.228939
v -0.334931 0.011926 0.236145
v -0.334727 -0.032799 0.250922
v -0.344621 -0.036507 0.244942
v -0.448336 -0.032525 0.252940
v -0.455246 0.011926 0.232198
v -0.448538 0.011926 0.238254
v -0.448336 0.056377 0.252940
v -0.455030 -0.035630 0.247911
v -0.455030 0.059482 0.247911
v -0.551895 0.011926 0.245385
v -0.545653 -0.033317 0.252975
v -0.551706 -0.029643 0.259119
v -0.545859 0.011926 0.238027
v -0.545653 0.057169 0.252975
v -0.551706 0.053495 0.259119
v -0.549815 -0.029643 0.396237
v -0.543595 -0.033317 0.402212
v -0.549626 0.011926 0.409972
v -0.549815 0.053495 0.396237
v -0.543389 0.011926 0.417160
v -0.543595 0.057169 0.402212
v -0.446314 0.056377 0.399564
v -0.448336 0.056377 0.252940
v -0.440333 0.059792 0.405114
v -0.442510 0.059792 0.247226
v -0.446111 0.011926 0.414250
v -0.448538 0.011926 0.238254
v -0.440115 0.011926 0.420929
v -0.442728 0.011926 0.231411
v -0.440333 -0.035940 0.405114
v -0.442510 -0.035940 0.247226
v -0.446314 -0.032525 0.399564
v -0.448336 -0.032525 0.252940
v -0.334727 0.056651 0.250922
v -0.327909 0.060359 0.244711
v -0.334931 0.011926 0.236145
v -0.332693 0.056651 0.398449
v -0.328129 0.011926 0.228709
v -0.325706 0.060359 0.404469
v -0.327909 -0.036507 0.244711
v -0.332489 0.011926 0.413225
v -0.334727 -0.032799 0.250922
v -0.325485 0.011926 0.420471
v -0.325706 -0.036507 0.404469
v -0.332693 -0.032799 0.398449
v -0.221122 -0.032779 0.249388
v -0.219088 -0.032779 0.396849
v -0.215098 -0.036130 0.243777
v -0.212912 -0.036130 0.402292
v -0.221326 0.011926 0.234618
v -0.218885 0.011926 0.411620
v -0.215317 0.011926 0.227899
v -0.212693 0.011926 0.418170
v -0.215098 0.059983 0.243777
v -0.212912 0.059983 0.402292
v -0.221122 0.056631 0.249388
v -0.219089 0.056631 0.396849
v -0.108636 0.056026 0.394328
v -0.114353 0.011926 0.401942
v -0.108435 0.011926 0.408899
v -0.108636 -0.032174 0.394328
v -0.114538 0.052472 0.388546
v -0.114538 -0.028620 0.388546
v -0.116382 0.052472 0.254805
v -0.116382 -0.028620 0.254805
v -0.110642 0.056026 0.248862
v -0.110642 -0.032174 0.248862
v -0.116567 0.011926 0.241409
v -0.110843 0.011926 0.234292
v -0.008256 0.052319 0.386829
v 0.003933 0.058950 0.397598
v -0.008072 0.011926 0.400174
v -0.010093 0.052319 0.253591
v 0.004147 0.011926 0.413134
v 0.001794 0.058950 0.242490
v 0.003933 -0.035097 0.397598
v -0.010277 0.011926 0.240245
v -0.008256 -0.028467 0.386829
v 0.001580 0.011926 0.226954
v 0.001794 -0.035097 0.242490
v -0.010093 -0.028467 0.253591
v -0.650441 0.053238 0.397200
v -0.652320 0.053238 0.260932
v -0.556084 0.057202 0.402437
v -0.558144 0.057202 0.253094
v -0.557114 0.075956 0.327766
v -0.651381 0.070349 0.329066
v 0.053702 0.055781 0.391685
v 0.067564 0.046665 0.376455
v 0.052705 0.073946 0.319357
v 0.066774 0.061055 0.319163
v 0.065984 0.046665 0.261869
v 0.051707 0.055781 0.247028
v 0.051707 0.055781 0.247028
v 0.002864 0.078427 0.320044
v 0.052705 0.073946 0.319357
v 0.053702 0.055781 0.391685
v 0.001794 0.058950 0.242490
v 0.003933 0.058950 0.397598
v -0.545653 0.057169 0.252975
v -0.551706 0.053495 0.259119
v -0.544624 0.075909 0.327594
v -0.550761 0.070714 0.327678
v -0.549815 0.053495 0.396237
v -0.543595 0.057169 0.402212
v -0.543595 0.057169 0.402212
v -0.545653 0.057169 0.252975
v -0.452866 0.059482 0.404775
v -0.455030 0.059482 0.247911
v -0.453948 0.079180 0.326343
v -0.544624 0.075909 0.327594
v -0.010093 0.052319 0.253591
v -0.110642 0.056026 0.248862
v -0.109639 0.074294 0.321595
v -0.009175 0.069050 0.320210
v -0.008256 0.052319 0.386829
v -0.108636 0.056026 0.394328
v -0.447325 0.074789 0.326252
v -0.446314 0.056377 0.399564
v -0.441422 0.079619 0.326171
v -0.448336 0.056377 0.252940
v -0.440333 0.059792 0.405114
v -0.442510 0.059792 0.247226
v -0.120822 0.056518 0.395307
v -0.114538 0.052472 0.388546
v -0.121836 0.074989 0.321764
v -0.115460 0.069266 0.321676
v -0.116382 0.052472 0.254805
v -0.122850 0.056518 0.248219
v -0.343519 0.080421 0.324820
v -0.442510 0.059792 0.247226
v -0.441422 0.079619 0.326171
v -0.440333 0.059792 0.405114
v -0.344621 0.060359 0.244942
v -0.342418 0.060359 0.404699
v -0.122850 0.056518 0.248219
v -0.215098 0.059983 0.243777
v -0.214005 0.079888 0.323035
v -0.121836 0.074989 0.321764
v -0.120822 0.056518 0.395307
v -0.212912 0.059983 0.402292
v -0.334727 0.056651 0.250922
v -0.326807 0.080421 0.324590
v -0.327909 0.060359 0.244711
v -0.333710 0.075176 0.324685
v -0.332693 0.056651 0.398449
v -0.325706 0.060359 0.404469
v -0.228733 0.060236 0.243546
v -0.227634 0.080247 0.323223
v -0.221122 0.056631 0.249388
v -0.220105 0.075148 0.323119
v -0.219089 0.056631 0.396849
v -0.226535 0.060236 0.402898
v -0.226535 0.060236 0.402898
v -0.326807 0.080421 0.324590
v -0.325706 0.060359 0.404469
v -0.227634 0.080247 0.323223
v -0.228733 0.060236 0.243546
v -0.327909 0.060359 0.244711
v -0.215098 0.059983 0.243777
v -0.212912 0.059983 0.402292
v -0.221122 0.056631 0.249388
v -0.219089 0.056631 0.396849
v -0.214005 0.079888 0.323035
v -0.220105 0.075148 0.323119
v -0.343519 0.080421 0.324820
v -0.332693 0.056651 0.398449
v -0.333710 0.075176 0.324685
v -0.334727 0.056651 0.250922
v -0.342418 0.060359 0.404699
v -0.344621 0.060359 0.244942
v -0.108636 0.056026 0.394328
v -0.114538 0.052472 0.388546
v -0.109639 0.074294 0.321595
v -0.115460 0.069266 0.321676
v -0.116382 0.052472 0.254805
v -0.110642 0.056026 0.248862
v -0.448336 0.056377 0.252940
v -0.455030 0.059482 0.247911
v -0.453948 0.079180 0.326343
v -0.447325 0.074789 0.326252
v -0.446314 0.056377 0.399564
v -0.452866 0.059482 0.404775
v 0.002864 0.078427 0.320044
v -0.008256 0.052319 0.386829
v 0.003933 0.058950 0.397598
v -0.009175 0.069050 0.320210
v -0.010093 0.052319 0.253591
v 0.001794 0.058950 0.242490
v -0.558144 0.057202 0.253094
v -0.551706 0.053495 0.259119
v -0.557114 0.075956 0.327766
v -0.550761 0.070714 0.327678
v -0.549815 0.053495 0.396237
v -0.556084 0.057202 0.402437
v -0.650441 -0.029386 0.397200
v -0.556084 -0.033350 0.402437
v -0.555878 0.011926 0.417397
v -0.650253 0.011926 0.410849
v -0.650441 0.053238 0.397200
v -0.556084 0.057202 0.402437
v 0.053702 0.055781 0.391685
v 0.003933 0.058950 0.397598
v 0.004147 0.011926 0.413134
v 0.053902 0.011926 0.406175
v 0.053702 -0.031929 0.391685
v 0.003933 -0.035097 0.397598
v -0.543595 -0.033317 0.402212
v -0.452866 -0.035630 0.404775
v -0.452650 0.011926 0.420487
v -0.543389 0.011926 0.417160
v -0.543595 0.057169 0.402212
v -0.452866 0.059482 0.404775
v -0.008256 -0.028467 0.386829
v -0.108636 -0.032174 0.394328
v -0.108435 0.011926 0.408899
v -0.008072 0.011926 0.400174
v -0.008256 0.052319 0.386829
v -0.108636 0.056026 0.394328
v -0.440333 0.059792 0.405114
v -0.342418 0.060359 0.404699
v -0.342197 0.011926 0.420702
v -0.440115 0.011926 0.420929
v -0.440333 -0.035940 0.405114
v -0.342418 -0.036507 0.404699
v -0.120822 -0.032666 0.395307
v -0.212912 -0.036130 0.402292
v -0.212693 0.011926 0.418170
v -0.120619 0.011926 0.410040
v -0.120822 0.056518 0.395307
v -0.212912 0.059983 0.402292
v -0.219089 0.056631 0.396849
v -0.226535 0.060236 0.402898
v -0.226315 0.011926 0.418861
v -0.218885 0.011926 0.411620
v -0.219088 -0.032779 0.396849
v -0.226535 -0.036384 0.402898
v -0.226535 0.060236 0.402898
v -0.325706 0.060359 0.404469
v -0.325485 0.011926 0.420471
v -0.226315 0.011926 0.418861
v -0.226535 -0.036384 0.402898
v -0.325706 -0.036507 0.404469
v -0.332693 0.056651 0.398449
v -0.342418 0.060359 0.404699
v -0.342197 0.011926 0.420702
v -0.332489 0.011926 0.413225
v -0.332693 -0.032799 0.398449
v -0.342418 -0.036507 0.404699
v -0.446314 -0.032525 0.399564
v -0.446314 0.056377 0.399564
v -0.452866 -0.035630 0.404775
v -0.452866 0.059482 0.404775
v -0.452650 0.011926 0.420487
v -0.446111 0.011926 0.414250
v 0.067722 0.011926 0.387934
v 0.066774 -0.037202 0.319163
v 0.066774 0.061055 0.319163
v 0.067564 -0.022813 0.376455
v 0.067564 0.046665 0.376455
v 0.065826 0.011926 0.250391
v 0.065984 0.046665 0.261869
v 0.065984 -0.022813 0.261869
v 0.067722 0.011926 0.387934
v 0.053702 -0.031929 0.391685
v 0.067564 -0.022813 0.376455
v 0.053902 0.011926 0.406175
v 0.053702 0.055781 0.391685
v 0.067564 0.046665 0.376455
v 0.065984 -0.022813 0.261869
v 0.051707 -0.031929 0.247028
v 0.065826 0.011926 0.250391
v 0.065984 0.046665 0.261869
v 0.051507 0.011926 0.232539
v 0.051707 0.055781 0.247028
v -0.114353 0.011926 0.401942
v -0.120822 0.056518 0.395307
v -0.120619 0.011926 0.410040
v -0.120822 -0.032666 0.395307
v -0.114538 0.052472 0.388546
v -0.114538 -0.028620 0.388546
v -0.116382 0.052472 0.254805
v -0.116382 -0.028620 0.254805
v -0.122850 0.056518 0.248219
v -0.122850 -0.032666 0.248219
v -0.116567 0.011926 0.241409
v -0.123054 0.011926 0.233486
v -0.558144 -0.033350 0.253094
v -0.551895 0.011926 0.245385
v -0.551706 -0.029643 0.259119
v -0.558350 0.011926 0.238135
v -0.558144 0.057202 0.253094
v -0.551706 0.053495 0.259119
v -0.549815 -0.029643 0.396237
v -0.556084 -0.033350 0.402437
v -0.549626 0.011926 0.409972
v -0.549815 0.053495 0.396237
v -0.555878 0.011926 0.417397
v -0.556084 0.057202 0.402437
v -0.650441 -0.029386 0.397200
v -0.651381 -0.046497 0.329066
v -0.557114 -0.052104 0.327766
v -0.652320 -0.029386 0.260932
v -0.556084 -0.033350 0.402437
v -0.558144 -0.033350 0.253094
v 0.053702 -0.031929 0.391685
v 0.067564 -0.022813 0.376455
v 0.052705 -0.050094 0.319357
v 0.066774 -0.037202 0.319163
v 0.065984 -0.022813 0.261869
v 0.051707 -0.031929 0.247028
v 0.051707 -0.031929 0.247028
v 0.053702 -0.031929 0.391685
v 0.001794 -0.035097 0.242490
v 0.003933 -0.035097 0.397598
v 0.002864 -0.054575 0.320044
v 0.052705 -0.050094 0.319357
v -0.545653 -0.033317 0.252975
v -0.551706 -0.029643 0.259119
v -0.544624 -0.052058 0.327594
v -0.550761 -0.046862 0.327678
v -0.549815 -0.029643 0.396237
v -0.543595 -0.033317 0.402212
v -0.543595 -0.033317 0.402212
v -0.544624 -0.052058 0.327594
v -0.453948 -0.055328 0.326343
v -0.545653 -0.033317 0.252975
v -0.452866 -0.035630 0.404775
v -0.455030 -0.035630 0.247911
v -0.010093 -0.028467 0.253591
v -0.109639 -0.050441 0.321595
v -0.110642 -0.032174 0.248862
v -0.009175 -0.045198 0.320210
v -0.008256 -0.028467 0.386829
v -0.108636 -0.032174 0.394328
v -0.440333 -0.035940 0.405114
v -0.442510 -0.035940 0.247226
v -0.446314 -0.032525 0.399564
v -0.448336 -0.032525 0.252940
v -0.441422 -0.055767 0.326171
v -0.447325 -0.050937 0.326252
v -0.120822 -0.032666 0.395307
v -0.114538 -0.028620 0.388546
v -0.121836 -0.051136 0.321764
v -0.115460 -0.045414 0.321676
v -0.116382 -0.028620 0.254805
v -0.122850 -0.032666 0.248219
v -0.442510 -0.035940 0.247226
v -0.440333 -0.035940 0.405114
v -0.344621 -0.036507 0.244942
v -0.342418 -0.036507 0.404699
v -0.343519 -0.056569 0.324820
v -0.441422 -0.055767 0.326171
v -0.215098 -0.036130 0.243777
v -0.122850 -0.032666 0.248219
v -0.214005 -0.056036 0.323035
v -0.121836 -0.051136 0.321764
v -0.120822 -0.032666 0.395307
v -0.212912 -0.036130 0.402292
v -0.327909 -0.036507 0.244711
v -0.334727 -0.032799 0.250922
v -0.326807 -0.056569 0.324590
v -0.325706 -0.036507 0.404469
v -0.333710 -0.051325 0.324685
v -0.332693 -0.032799 0.398449
v -0.221122 -0.032779 0.249388
v -0.228733 -0.036384 0.243546
v -0.227634 -0.056395 0.323223
v -0.220105 -0.051296 0.323119
v -0.219088 -0.032779 0.396849
v -0.226535 -0.036384 0.402898
v -0.226535 -0.036384 0.402898
v -0.325706 -0.036507 0.404469
v -0.326807 -0.056569 0.324590
v -0.227634 -0.056395 0.323223
v -0.228733 -0.036384 0.243546
v -0.327909 -0.036507 0.244711
v -0.221122 -0.032779 0.249388
v -0.214005 -0.056036 0.323035
v -0.220105 -0.051296 0.323119
v -0.219088 -0.032779 0.396849
v -0.215098 -0.036130 0.243777
v -0.212912 -0.036130 0.402292
v -0.332693 -0.032799 0.398449
v -0.334727 -0.032799 0.250922
v -0.342418 -0.036507 0.404699
v -0.344621 -0.036507 0.244942
v -0.343519 -0.056569 0.324820
v -0.333710 -0.051325 0.324685
v -0.108636 -0.032174 0.394328
v -0.114538 -0.028620 0.388546
v -0.109639 -0.050441 0.321595
v -0.115460 -0.045414 0.321676
v -0.116382 -0.028620 0.254805
v -0.110642 -0.032174 0.248862
v -0.448336 -0.032525 0.252940
v -0.455030 -0.035630 0.247911
v -0.453948 -0.055328 0.326343
v -0.447325 -0.050937 0.326252
v -0.446314 -0.032525 0.399564
v -0.452866 -0.035630 0.404775
v 0.003933 -0.035097 0.397598
v -0.008256 -0.028467 0.386829
v 0.002864 -0.054575 0.320044
v 0.001794 -0.035097 0.242490
v -0.009175 -0.045198 0.320210
v -0.010093 -0.028467 0.253591
v -0.558144 -0.033350 0.253094
v -0.551706 -0.029643 0.259119
v -0.557114 -0.052104 0.327766
v -0.550761 -0.046862 0.327678
v -0.549815 -0.029643 0.396237
v -0.556084 -0.033350 0.402437
v -0.684136 0.049142 0.236407
v -0.646521 -0.032437 0.218007
v -0.684136 -0.025290 0.236407
v -0.646521 0.056289 0.218007
v -0.718923 0.046098 0.244504
v -0.718923 -0.022246 0.244504
v -0.753878 0.047918 0.240431
v -0.753878 -0.024066 0.240431
v -0.784966 -0.028660 0.229274
v -0.784966 0.052512 0.229274
v -1.273706 -0.028660 0.236013
v -1.273706 0.052512 0.236013
v -1.336360 -0.028660 0.236877
v -1.336360 0.052512 0.236877
v -1.372837 -0.028660 0.237380
v -1.372837 0.052512 0.237380
v -1.425168 -0.028660 0.238102
v -1.425168 0.052512 0.238102
v -1.527053 -0.028660 0.239507
v -1.527053 0.052512 0.239507
v -1.704381 0.011926 0.234508
v -0.682853 0.049142 0.329500
v -0.681569 0.011926 0.422592
v -0.644991 0.056289 0.328978
v -0.643460 0.011926 0.439948
v -0.716566 0.011926 0.415458
v -0.717745 0.046098 0.329981
v -0.752637 0.047918 0.330462
v -0.751395 0.011926 0.420492
v -0.783565 0.052512 0.330888
v -0.782165 0.011926 0.432409
v -1.272254 0.052512 0.341349
v -1.270802 0.011926 0.446591
v -1.333451 0.011926 0.447829
v -1.334967 0.052512 0.337872
v -1.405768 0.011926 0.437660
v -1.371581 0.052512 0.328452
v -1.424130 0.052512 0.313358
v -1.470993 0.011926 0.424293
v -1.451218 0.052512 0.300298
v -1.535508 0.011926 0.395551
v -1.601151 0.011926 0.343255
v -1.656713 0.011926 0.289696
v -1.527053 0.052512 0.239507
v -1.704381 0.011926 0.234508
v -0.682853 0.049142 0.329500
v -0.684136 0.049142 0.236407
v -0.718923 0.046098 0.244504
v -0.644991 0.056289 0.328978
v -0.646521 0.056289 0.218007
v -0.717745 0.046098 0.329981
v -0.752637 0.047918 0.330462
v -0.753878 0.047918 0.240431
v -0.783565 0.052512 0.330888
v -0.784966 0.052512 0.229274
v -1.273706 0.052512 0.236013
v -1.272254 0.052512 0.341349
v -1.334967 0.052512 0.337872
v -1.336360 0.052512 0.236877
v -1.371581 0.052512 0.328452
v -1.372837 0.052512 0.237380
v -1.424130 0.052512 0.313358
v -1.425168 0.052512 0.238102
v -1.451218 0.052512 0.300298
v -1.527053 0.052512 0.239507
v -0.752637 -0.024066 0.330462
v -0.716566 0.011926 0.415458
v -0.751395 0.011926 0.420492
v -0.717745 -0.022246 0.329981
v -0.783565 -0.028660 0.330888
v -0.682853 -0.025290 0.329500
v -0.782165 0.011926 0.432409
v -0.681569 0.011926 0.422592
v -0.644991 -0.032437 0.328978
v -0.643460 0.011926 0.439948
v -1.272254 -0.028660 0.341349
v -1.270802 0.011926 0.446591
v -1.333451 0.011926 0.447829
v -1.334967 -0.028660 0.337872
v -1.405768 0.011926 0.437660
v -1.371581 -0.028660 0.328452
v -1.424130 -0.028660 0.313358
v -1.470993 0.011926 0.424293
v -1.451218 -0.028660 0.300298
v -1.535508 0.011926 0.395551
v -1.601151 0.011926 0.343255
v -1.656713 0.011926 0.289696
v -1.527053 -0.028660 0.239507
v -1.704381 0.011926 0.234508
v -0.684136 -0.025290 0.236407
v -0.644991 -0.032437 0.328978
v -0.682853 -0.025290 0.329500
v -0.646521 -0.032437 0.218007
v -0.718923 -0.022246 0.244504
v -0.717745 -0.022246 0.329981
v -0.752637 -0.024066 0.330462
v -0.753878 -0.024066 0.240431
v -0.783565 -0.028660 0.330888
v -0.784966 -0.028660 0.229274
v -1.273706 -0.028660 0.236013
v -1.272254 -0.028660 0.341349
v -1.334967 -0.028660 0.337872
v -1.336360 -0.028660 0.236877
v -1.371581 -0.028660 0.328452
v -1.372837 -0.028660 0.237380
v -1.424130 -0.028660 0.313358
v -1.425168 -0.028660 0.238102
v -1.451218 -0.028660 0.300298
v -1.527053 -0.028660 0.239507
v -0.611339 -0.039890 0.154579
v -0.622849 -0.039890 0.148689
v -0.620212 -0.027074 0.144454
v -0.608704 -0.027074 0.150344
v -0.617239 -0.006432 0.140031
v -0.605731 -0.006432 0.145921
v -0.617239 0.030284 0.140031
v -0.605731 0.030284 0.145921
v -0.608704 0.050926 0.150344
v -0.620212 0.050926 0.144454
v -0.611339 0.063742 0.154578
v -0.622849 0.063742 0.148689
v -0.660573 -0.057674 0.395850
v -0.661492 0.081526 0.329205
v -0.661492 -0.057674 0.329205
v -0.662411 -0.057674 0.262560
v -0.660573 0.081526 0.395850
v -0.662411 0.081526 0.262560
v -0.655839 0.081527 0.429113
v -0.658596 0.081526 0.229179
v -0.655839 -0.057674 0.429113
v -0.658596 -0.057674 0.229179
v -0.612040 0.030284 0.517087
v -0.623591 0.072672 0.497508
v -0.615133 0.050926 0.512748
v -0.617886 0.063742 0.508587
v -0.612040 -0.006432 0.517087
v -0.623591 -0.048820 0.497508
v -0.615133 -0.027074 0.512748
v -0.617886 -0.039890 0.508587
v -0.617239 -0.006432 0.140031
v -0.628247 -0.048820 0.159921
v -0.620212 -0.027074 0.144454
v -0.622849 -0.039890 0.148689
v -0.617239 0.030284 0.140031
v -0.628247 0.072672 0.159921
v -0.620212 0.050926 0.144454
v -0.622849 0.063742 0.148689
v -0.606543 0.063742 0.502383
v -0.617886 0.063742 0.508587
v -0.623591 0.072672 0.497508
v -0.611860 0.072753 0.491105
v -0.611339 0.063742 0.154578
v -0.638788 0.081527 0.426400
v -0.622849 0.063742 0.148689
v -0.655839 0.081527 0.429113
v -0.628247 0.072672 0.159921
v -0.643447 0.081526 0.393961
v -0.616343 0.072753 0.165998
v -0.660573 0.081526 0.395850
v -0.641477 0.081526 0.231421
v -0.661492 0.081526 0.329205
v -0.658596 0.081526 0.229179
v -0.644343 0.081526 0.328969
v -0.645239 0.081526 0.263976
v -0.662411 0.081526 0.262560
v -0.606543 -0.039890 0.502383
v -0.617886 -0.039890 0.508587
v -0.615133 -0.027074 0.512748
v -0.603792 -0.027074 0.506542
v -0.612040 -0.006432 0.517087
v -0.600699 -0.006432 0.510882
v -0.612040 0.030284 0.517087
v -0.600699 0.030284 0.510882
v -0.603792 0.050926 0.506542
v -0.615133 0.050926 0.512748
v -0.606543 0.063742 0.502383
v -0.617886 0.063742 0.508587
v -0.643447 -0.057674 0.393961
v -0.643447 0.081526 0.393961
v -0.638788 -0.057674 0.426400
v -0.644343 0.081526 0.328969
v -0.644343 -0.057674 0.328969
v -0.638788 0.081527 0.426400
v -0.645239 -0.057674 0.263976
v -0.645239 0.081526 0.263976
v -0.641477 -0.057674 0.231421
v -0.641477 0.081526 0.231421
v -0.600699 -0.006432 0.510882
v -0.611860 -0.048900 0.491105
v -0.603792 -0.027074 0.506542
v -0.606543 -0.039890 0.502383
v -0.600699 0.030284 0.510882
v -0.611860 0.072753 0.491105
v -0.603792 0.050926 0.506542
v -0.606543 0.063742 0.502383
v -0.605731 0.030284 0.145921
v -0.616343 0.072753 0.165998
v -0.608704 0.050926 0.150344
v -0.611339 0.063742 0.154578
v -0.605731 -0.006432 0.145921
v -0.616343 -0.048900 0.165998
v -0.608704 -0.027074 0.150344
v -0.611339 -0.039890 0.154579
v -0.661492 -0.057674 0.329205
v -0.643447 -0.057674 0.393961
v -0.660573 -0.057674 0.395850
v -0.655839 -0.057674 0.429113
v -0.644343 -0.057674 0.328969
v -0.638788 -0.057674 0.426400
v -0.645239 -0.057674 0.263976
v -0.623591 -0.048820 0.497508
v -0.662411 -0.057674 0.262560
v -0.611860 -0.048900 0.491105
v -0.658596 -0.057674 0.229179
v -0.606543 -0.039890 0.502383
v -0.641477 -0.057674 0.231421
v -0.617886 -0.039890 0.508587
v -0.628247 -0.048820 0.159921
v -0.616343 -0.048900 0.165998
v -0.611339 -0.039890 0.154579
v -0.622849 -0.039890 0.148689
vn 0.9831 0.1790 -0.0383
vn 0.8706 0.1386 0.4720
vn 0.8706 0.1386 0.4721
vn 0.9841 0.1771 0.0141
vn 0.9841 0.1771 0.0143
vn 0.9805 0.1734 0.0922
vn -0.5043 0.8175 0.2782
vn -0.5200 0.8527 0.0499
vn -0.5089 0.8233 0.2514
vn -0.5200 0.8527 0.0500
vn -0.5089 0.8570 -0.0808
vn -0.5089 0.8570 -0.0809
vn -0.4894 0.8530 -0.1815
vn -0.4588 0.8361 -0.3007
vn -0.4525 0.8392 -0.3016
vn -0.3972 0.8025 -0.4452
vn -0.3875 0.7966 -0.4640
vn -0.3525 0.7795 -0.5178
vn -0.3457 0.7615 -0.5483
vn -0.1644 0.9555 0.2449
vn -0.1775 0.9834 0.0388
vn -0.1625 0.9499 0.2672
vn -0.1859 -0.9658 0.1809
vn -0.1889 -0.9817 -0.0224
vn -0.1834 -0.9608 0.2080
vn -0.1889 -0.9817 -0.0223
vn -0.1788 -0.9719 -0.1529
vn -0.1788 -0.9719 -0.1530
vn -0.1633 -0.9537 -0.2527
vn -0.1421 -0.9182 -0.3698
vn -0.1351 -0.9188 -0.3709
vn -0.0981 -0.8542 -0.5105
vn -0.0913 -0.8439 -0.5287
vn -0.0653 -0.8116 -0.5805
vn -0.0656 -0.7901 -0.6095
vn 0.1830 -0.9642 0.1917
vn 0.1775 -0.9834 -0.0388
vn 0.1829 -0.9685 0.1692
vn 0.9819 0.1817 -0.0527
vn 0.8201 0.1669 -0.5473
vn 0.8201 0.1669 -0.5474
vn 0.9776 0.1825 -0.1049
vn 0.9776 0.1825 -0.1051
vn 0.9662 0.1827 -0.1821
vn -0.2004 -0.9673 -0.1553
vn -0.1812 -0.9803 0.0782
vn -0.2000 -0.9715 -0.1269
vn -0.1812 -0.9803 0.0781
vn -0.1578 -0.9662 0.2040
vn -0.1578 -0.9661 0.2041
vn -0.1329 -0.9454 0.2975
vn -0.1329 -0.9454 0.2974
vn -0.1014 -0.9088 0.4048
vn -0.0946 -0.9093 0.4052
vn -0.0468 -0.8468 0.5299
vn -0.0388 -0.8370 0.5458
vn -0.0096 -0.8068 0.5907
vn -0.0075 -0.7870 0.6170
vn -0.0075 -0.7870 0.6169
vn 0.1738 -0.9738 -0.1467
vn 0.1835 -0.9810 0.0634
vn 0.1722 -0.9703 -0.1702
vn -0.5226 0.8192 -0.2365
vn -0.5241 0.8507 -0.0402
vn -0.5194 0.8133 -0.2622
vn -0.5241 0.8507 -0.0403
vn -0.5070 0.8573 0.0894
vn -0.5070 0.8573 0.0895
vn -0.4824 0.8550 0.1906
vn -0.4823 0.8550 0.1906
vn -0.4447 0.8394 0.3124
vn -0.4382 0.8427 0.3127
vn -0.3723 0.8056 0.4609
vn -0.3609 0.7994 0.4803
vn -0.3208 0.7814 0.5353
vn -0.3113 0.7620 0.5679
vn -0.3113 0.7620 0.5678
vn -0.1850 0.9407 -0.2843
vn -0.1835 0.9810 -0.0634
vn -0.1853 0.9468 -0.2633
vn -0.0478 0.1387 0.9892
vn -0.0575 -0.2095 0.9761
vn -0.0478 0.1343 0.9898
vn -0.0593 -0.2533 0.9656
vn -0.1073 -0.9120 -0.3960
vn -0.1083 -0.9244 -0.3658
vn 0.1468 -0.2136 0.9658
vn 0.0522 -0.9274 -0.3705
vn 0.0479 -0.9081 -0.4160
vn 0.1458 -0.2601 0.9545
vn 0.1550 0.1361 0.9785
vn 0.1543 0.1294 0.9795
vn -0.0158 0.1340 0.9909
vn -0.0260 -0.2159 0.9761
vn -0.0158 0.1318 0.9912
vn -0.0272 -0.2458 0.9689
vn -0.0820 -0.9119 -0.4021
vn -0.0820 -0.9186 -0.3866
vn 0.0940 -0.2214 0.9706
vn 0.1047 0.1295 0.9860
vn 0.1045 0.1253 0.9866
vn 0.0933 -0.2456 0.9649
vn 0.0112 -0.9130 -0.4079
vn 0.0133 -0.9257 -0.3779
vn 0.0125 -0.2244 0.9744
vn -0.0505 -0.9121 -0.4068
vn -0.0503 -0.9188 -0.3915
vn 0.0121 -0.2373 0.9714
vn 0.0230 0.1302 0.9912
vn 0.0229 0.1280 0.9915
vn 0.0947 -0.2212 0.9706
vn 0.1056 0.1295 0.9859
vn 0.1054 0.1253 0.9865
vn 0.0940 -0.2460 0.9647
vn 0.0111 -0.9131 -0.4076
vn 0.0132 -0.9259 -0.3775
vn 0.5642 -0.7346 -0.3769
vn 0.6986 -0.1563 0.6982
vn 0.6510 -0.7460 -0.1403
vn 0.6975 -0.3012 0.6501
vn 0.7144 0.2835 0.6398
vn 0.7159 0.2057 0.6672
vn -0.0451 -0.9117 -0.4084
vn 0.0236 -0.2344 0.9719
vn -0.0452 -0.9117 -0.4084
vn 0.0239 -0.2276 0.9735
vn 0.0347 0.1295 0.9910
vn 0.4729 -0.7954 -0.3791
vn 0.6107 -0.1685 0.7737
vn 0.5497 -0.8229 -0.1439
vn 0.6098 -0.3176 0.7261
vn 0.6257 0.2681 0.7326
vn 0.6193 0.2006 0.7591
vn 0.7033 0.2819 0.6526
vn 0.6905 -0.1576 0.7060
vn 0.6894 -0.3031 0.6579
vn 0.5551 -0.7438 -0.3722
vn 0.7050 0.2053 0.6788
vn 0.6415 -0.7547 -0.1377
vn -0.7519 -0.2356 0.6158
vn -0.7424 0.2478 0.6225
vn -0.7286 0.3299 0.6002
vn -0.7426 -0.0998 0.6622
vn -0.7822 -0.6172 -0.0847
vn -0.7138 -0.6301 -0.3056
vn -0.7725 0.2779 -0.5710
vn -0.6487 0.6763 0.3490
vn -0.7344 0.6664 0.1288
vn -0.7738 0.1431 -0.6170
vn -0.7903 -0.1988 -0.5795
vn -0.7805 -0.2802 -0.5588
vn -0.7739 -0.2817 -0.5671
vn -0.7614 0.2819 -0.5837
vn -0.7774 -0.2003 -0.5962
vn -0.7707 -0.6316 -0.0844
vn -0.7404 -0.2403 0.6277
vn -0.7034 -0.6374 -0.3144
vn -0.7628 0.1453 -0.6302
vn -0.7311 -0.1025 0.6745
vn -0.7218 0.6802 0.1278
vn -0.7284 0.2488 0.6384
vn -0.6369 0.6832 0.3572
vn -0.7216 0.3313 0.6079
vn -0.7447 -0.6621 -0.0843
vn -0.7130 -0.2504 0.6549
vn -0.6773 -0.6630 -0.3188
vn -0.7035 -0.1090 0.7022
vn -0.6977 0.2499 0.6714
vn -0.7482 -0.2829 -0.6001
vn -0.7354 0.2902 -0.6123
vn -0.7490 -0.2026 -0.6308
vn -0.6939 0.3316 0.6391
vn -0.7366 0.1502 -0.6594
vn -0.6934 0.7094 0.1265
vn -0.6082 0.7072 0.3605
vn -0.7273 -0.2465 0.6406
vn -0.7086 0.2499 0.6598
vn -0.7052 0.3327 0.6261
vn -0.7026 0.6999 0.1285
vn -0.7486 0.2872 -0.5975
vn -0.6170 0.6976 0.3641
vn -0.7175 -0.1053 0.6885
vn -0.7498 0.1474 -0.6451
vn -0.7532 -0.6522 -0.0859
vn -0.7592 -0.2022 -0.6187
vn -0.6855 -0.6529 -0.3221
vn -0.7586 -0.2836 -0.5866
vn -0.7948 -0.1928 -0.5754
vn -0.7795 0.2754 -0.5626
vn -0.7809 0.1416 -0.6084
vn -0.7446 0.6579 0.1128
vn -0.7913 -0.2806 -0.5432
vn -0.6561 0.6654 0.3559
vn -0.7906 -0.6084 -0.0684
vn -0.7593 -0.2326 0.6078
vn -0.7208 -0.6188 -0.3123
vn -0.7473 0.2419 0.6188
vn -0.7404 0.3309 0.5851
vn -0.7502 -0.0978 0.6539
vn -0.7480 0.2871 -0.5983
vn -0.7585 -0.2019 -0.6196
vn -0.7579 -0.2832 -0.5876
vn -0.7492 0.1476 -0.6457
vn -0.7031 0.6998 0.1265
vn -0.7535 -0.6520 -0.0841
vn -0.7265 -0.2464 0.6415
vn -0.6861 -0.6535 -0.3196
vn -0.6177 0.6983 0.3616
vn -0.7169 -0.1056 0.6891
vn -0.7079 0.2496 0.6607
vn -0.7044 0.3323 0.6272
vn -0.0996 -0.9272 -0.3611
vn -0.1067 -0.3119 -0.9441
vn -0.1067 -0.3050 -0.9464
vn -0.0514 -0.5287 0.8473
vn -0.0509 -0.5187 0.8534
vn -0.0996 -0.9282 -0.3586
vn 0.6440 -0.6826 -0.3455
vn 0.6427 -0.2546 -0.7225
vn 0.6325 -0.3369 -0.6975
vn 0.6472 -0.7306 -0.2178
vn 0.7126 -0.5173 0.4739
vn 0.7048 -0.4209 0.5710
vn 0.1135 -0.5360 0.8366
vn 0.0497 -0.9226 -0.3826
vn 0.0504 -0.9376 -0.3439
vn 0.0584 -0.3244 -0.9441
vn 0.1132 -0.5208 0.8462
vn 0.0587 -0.3139 -0.9476
vn -0.6753 -0.4973 0.5447
vn -0.6729 -0.6711 -0.3111
vn -0.6659 -0.4066 0.6255
vn -0.6714 -0.7151 -0.1944
vn -0.6658 -0.3073 -0.6799
vn -0.6808 -0.2330 -0.6944
vn -0.0762 -0.9302 -0.3590
vn -0.0805 -0.3117 -0.9468
vn -0.0804 -0.3081 -0.9479
vn -0.0249 -0.5232 0.8519
vn -0.0253 -0.5283 0.8487
vn -0.0762 -0.9287 -0.3630
vn 0.0171 -0.9258 -0.3776
vn 0.0733 -0.5293 0.8452
vn 0.0735 -0.5194 0.8514
vn 0.0177 -0.9369 -0.3490
vn 0.0184 -0.3167 -0.9483
vn 0.0187 -0.3098 -0.9506
vn -0.6587 -0.7256 -0.1991
vn -0.6567 -0.3110 -0.6870
vn -0.6601 -0.6818 -0.3154
vn -0.6655 -0.5026 0.5519
vn -0.6665 -0.2370 -0.7068
vn -0.6507 -0.4125 0.6374
vn 0.6355 -0.6892 -0.3480
vn 0.6384 -0.2620 -0.7237
vn 0.6210 -0.3381 -0.7072
vn 0.6386 -0.7373 -0.2202
vn 0.7021 -0.5207 0.4856
vn 0.7014 -0.4294 0.5689
vn -0.0450 -0.9333 -0.3562
vn 0.0070 -0.5282 0.8491
vn -0.0456 -0.9287 -0.3680
vn -0.0483 -0.3123 -0.9487
vn 0.0074 -0.5230 0.8523
vn -0.0482 -0.3088 -0.9499
vn 0.0172 -0.9258 -0.3777
vn 0.0736 -0.5293 0.8452
vn 0.0738 -0.5193 0.8514
vn 0.0178 -0.9370 -0.3489
vn 0.0189 -0.3167 -0.9483
vn 0.0192 -0.3098 -0.9506
vn -0.6358 -0.5151 0.5748
vn -0.6346 -0.7020 -0.3231
vn -0.6181 -0.4246 0.6615
vn -0.6334 -0.7453 -0.2084
vn -0.6292 -0.3185 -0.7090
vn -0.6361 -0.2451 -0.7316
vn 0.6005 -0.4672 0.6489
vn 0.5263 -0.7634 -0.3745
vn 0.6058 -0.5580 0.5672
vn 0.5295 -0.8110 -0.2490
vn 0.5216 -0.3606 -0.7733
vn 0.5339 -0.2892 -0.7945
vn -0.0395 -0.3126 -0.9491
vn -0.0372 -0.9284 -0.3697
vn -0.0369 -0.9341 -0.3551
vn 0.0151 -0.5283 0.8489
vn -0.6431 -0.6954 -0.3206
vn -0.6295 -0.4210 0.6530
vn -0.6470 -0.5117 0.5653
vn -0.6394 -0.3168 -0.7005
vn -0.6468 -0.2429 -0.7230
vn -0.6418 -0.7389 -0.2053
vn 0.4365 -0.8117 -0.3881
vn 0.4336 -0.3665 -0.8232
vn 0.4395 -0.8565 -0.2706
vn 0.5156 -0.5711 0.6387
vn 0.4376 -0.3017 -0.8471
vn 0.5047 -0.4858 0.7136
vn -0.6809 -0.6643 -0.3084
vn -0.6764 -0.3058 -0.6701
vn -0.6852 -0.2258 -0.6925
vn -0.6796 -0.7082 -0.1914
vn -0.6866 -0.4936 0.5338
vn -0.6693 -0.3980 0.6274
vn 0.5169 -0.7689 -0.3763
vn 0.5952 -0.5597 0.5766
vn 0.5896 -0.4691 0.6575
vn 0.5200 -0.8164 -0.2513
vn 0.5108 -0.3609 -0.7803
vn 0.5224 -0.2901 -0.8018
vn -0.6432 -0.6953 -0.3206
vn -0.6392 -0.3165 -0.7009
vn -0.6461 -0.2424 -0.7237
vn -0.6468 -0.5114 0.5658
vn -0.6289 -0.4207 0.6539
vn 0.6048 -0.7120 -0.3567
vn 0.6780 -0.5386 0.5002
vn 0.6724 -0.4422 0.5935
vn 0.6080 -0.7603 -0.2286
vn 0.5954 -0.3508 -0.7228
vn 0.6080 -0.2712 -0.7462
vn -0.1030 0.2198 -0.9701
vn -0.0173 0.9134 0.4067
vn -0.0196 0.9261 0.3767
vn -0.1022 0.2484 -0.9633
vn -0.1139 -0.1300 -0.9849
vn -0.1137 -0.1258 -0.9855
vn 0.1010 0.2019 -0.9742
vn 0.0887 -0.1489 -0.9849
vn 0.0884 -0.1420 -0.9859
vn 0.1041 0.2629 -0.9592
vn 0.1389 0.9057 0.4006
vn 0.1411 0.9243 0.3547
vn -0.0712 0.2252 -0.9717
vn 0.0078 0.9126 0.4089
vn 0.0071 0.9193 0.3934
vn -0.0708 0.2396 -0.9683
vn -0.0820 -0.1287 -0.9883
vn -0.0819 -0.1265 -0.9886
vn 0.1012 0.9115 0.3987
vn 0.0485 0.2114 -0.9762
vn 0.1019 0.9240 0.3686
vn 0.0502 0.2510 -0.9667
vn 0.0385 -0.1372 -0.9898
vn 0.0385 -0.1329 -0.9904
vn -0.0433 -0.1291 -0.9907
vn -0.0322 0.2326 -0.9720
vn -0.0432 -0.1269 -0.9910
vn -0.0323 0.2297 -0.9727
vn 0.0391 0.9118 0.4088
vn 0.0387 0.9185 0.3935
vn 0.1011 0.9118 0.3981
vn 0.0492 0.2112 -0.9762
vn 0.1018 0.9243 0.3678
vn 0.0509 0.2513 -0.9666
vn 0.0394 -0.1373 -0.9897
vn 0.0394 -0.1330 -0.9903
vn 0.6637 0.1172 -0.7387
vn 0.6581 -0.3311 -0.6762
vn 0.6628 -0.2518 -0.7052
vn 0.6737 0.2640 -0.6903
vn 0.6376 0.6927 0.3371
vn 0.7066 0.7005 0.1000
vn -0.0209 0.2265 -0.9738
vn -0.0315 -0.1297 -0.9911
vn -0.0206 0.2354 -0.9717
vn 0.0445 0.9120 0.4077
vn 0.5722 0.1344 -0.8090
vn 0.5651 -0.3121 -0.7637
vn 0.5609 -0.2424 -0.7916
vn 0.5828 0.2865 -0.7604
vn 0.5533 0.7593 0.3426
vn 0.6129 0.7829 0.1070
vn 0.6551 0.1190 -0.7461
vn 0.6977 0.7097 0.0977
vn 0.6291 0.7025 0.3328
vn 0.6462 -0.3290 -0.6886
vn 0.6511 -0.2509 -0.7163
vn 0.6653 0.2664 -0.6974
vn 0.9992 -0.0285 -0.0296
vn 0.7778 0.2242 -0.5872
vn 0.8076 0.5865 0.0614
vn 0.7389 0.6008 0.3051
vn 0.7691 0.0930 -0.6324
vn 0.7636 -0.2384 -0.6001
vn 0.7571 -0.3288 -0.5645
vn 0.7972 -0.2681 0.5409
vn 0.8067 0.2781 0.5214
vn 0.8098 0.1888 0.5555
vn 0.7986 -0.1378 0.5858
vn 0.7638 -0.6366 -0.1068
vn 0.6763 -0.6483 -0.3496
vn 0.7699 0.2275 -0.5962
vn 0.7593 -0.2449 -0.6029
vn 0.7612 0.0952 -0.6415
vn 0.7994 0.5956 0.0787
vn 0.7457 -0.3284 -0.5797
vn 0.7320 0.6121 0.2992
vn 0.7898 -0.2709 0.5503
vn 0.7537 -0.6455 -0.1237
vn 0.6689 -0.6592 -0.3435
vn 0.7964 0.2782 0.5370
vn 0.8060 0.1953 0.5588
vn 0.7912 -0.1395 0.5954
vn 0.7814 0.2000 0.5911
vn 0.7661 -0.2807 0.5782
vn 0.7774 0.2869 0.5598
vn 0.7672 -0.1442 0.6250
vn 0.7252 -0.6764 -0.1290
vn 0.6339 -0.6787 -0.3708
vn 0.7453 0.2388 -0.6225
vn 0.7738 0.6276 0.0856
vn 0.7011 0.6331 0.3281
vn 0.7361 0.1012 -0.6693
vn 0.7328 -0.2487 -0.6334
vn 0.7252 -0.3367 -0.6005
vn -0.0803 0.5295 -0.8445
vn -0.0255 0.9371 0.3481
vn -0.0249 0.9252 0.3786
vn -0.0256 0.3173 0.9480
vn -0.0805 0.5196 -0.8506
vn -0.0260 0.3105 0.9502
vn 0.7013 0.6462 0.3010
vn 0.7070 0.4832 -0.5164
vn 0.6882 0.3873 -0.6135
vn 0.6998 0.6903 0.1836
vn 0.6956 0.2995 0.6531
vn 0.7028 0.2179 0.6772
vn 0.1397 0.3059 0.9418
vn 0.1398 0.3165 0.9382
vn 0.1244 0.9231 0.3639
vn 0.0853 0.5346 -0.8408
vn 0.0838 0.5193 -0.8505
vn 0.1242 0.9274 0.3529
vn -0.6137 0.7056 0.3543
vn -0.6001 0.3429 0.7227
vn -0.6187 0.2686 0.7383
vn -0.6169 0.7538 0.2262
vn -0.6825 0.5292 -0.5042
vn -0.6825 0.4384 -0.5848
vn -0.0542 0.5288 -0.8470
vn -0.0019 0.9363 0.3511
vn -0.0014 0.9269 0.3752
vn 0.0004 0.3150 0.9491
vn -0.0542 0.5236 -0.8502
vn 0.0003 0.3115 0.9503
vn 0.0994 0.3118 0.9449
vn 0.0919 0.9282 0.3605
vn 0.0994 0.3049 0.9472
vn 0.0919 0.9284 0.3600
vn 0.0444 0.5286 -0.8477
vn 0.0438 0.5187 -0.8539
vn -0.6729 0.5338 -0.5120
vn -0.6001 0.7154 0.3580
vn -0.6680 0.4434 -0.5976
vn -0.5904 0.3460 0.7292
vn -0.6032 0.2717 0.7499
vn -0.6032 0.7637 0.2299
vn 0.6934 0.6534 0.3039
vn 0.6958 0.4874 -0.5275
vn 0.6854 0.3962 -0.6109
vn 0.6919 0.6975 0.1867
vn 0.6850 0.3013 0.6633
vn 0.6990 0.2254 0.6787
vn 0.0293 0.9283 0.3708
vn 0.0325 0.3130 0.9492
vn 0.0325 0.3094 0.9504
vn -0.0219 0.5284 -0.8487
vn -0.0221 0.5232 -0.8519
vn 0.0293 0.9346 0.3544
vn 0.0999 0.3049 0.9471
vn 0.0999 0.3118 0.9449
vn 0.0920 0.9282 0.3606
vn 0.0920 0.9285 0.3599
vn 0.0447 0.5286 -0.8477
vn 0.0442 0.5186 -0.8539
vn -0.5731 0.7339 0.3646
vn -0.5608 0.3519 0.7495
vn -0.5703 0.2781 0.7729
vn -0.5764 0.7821 0.2370
vn -0.6446 0.5444 -0.5368
vn -0.6370 0.4534 -0.6234
vn 0.5925 0.3292 0.7352
vn 0.5903 0.7344 0.3350
vn 0.6021 0.2580 0.7556
vn 0.5888 0.7766 0.2240
vn 0.5956 0.5315 -0.6024
vn 0.5808 0.4411 -0.6842
vn 0.0373 0.9339 0.3556
vn -0.0138 0.5282 -0.8490
vn -0.0139 0.5282 -0.8490
vn 0.0376 0.9286 0.3692
vn 0.0413 0.3126 0.9490
vn -0.5718 0.3509 0.7416
vn -0.5821 0.7279 0.3625
vn -0.5854 0.7761 0.2347
vn -0.6551 0.5417 -0.5267
vn -0.5818 0.2765 0.7649
vn -0.6477 0.4505 -0.6144
vn 0.4810 0.4658 -0.7427
vn 0.5043 0.7884 0.3521
vn 0.5009 0.5506 -0.6678
vn 0.5094 0.3396 0.7907
vn 0.5115 0.2752 0.8140
vn 0.5032 0.8265 0.2524
vn -0.6930 0.5263 -0.4927
vn -0.6222 0.6993 0.3519
vn -0.6864 0.4302 -0.5863
vn -0.6255 0.7475 0.2238
vn -0.6116 0.3420 0.7134
vn -0.6235 0.2616 0.7367
vn 0.5814 0.7405 0.3371
vn 0.5914 0.2595 0.7635
vn 0.5825 0.3301 0.7428
vn 0.5800 0.7824 0.2269
vn 0.5843 0.5339 -0.6112
vn 0.5693 0.4437 -0.6921
vn -0.6550 0.5414 -0.5271
vn -0.5820 0.7279 0.3625
vn -0.6472 0.4501 -0.6152
vn -0.5715 0.3505 0.7419
vn -0.5811 0.2760 0.7656
vn 0.6645 0.6782 0.3139
vn 0.6709 0.2361 0.7030
vn 0.6613 0.3154 0.6805
vn 0.6631 0.7220 0.1975
vn 0.6717 0.5070 -0.5402
vn 0.6555 0.4111 -0.6335
vn -0.2657 -0.3234 0.9082
vn -0.4087 -0.3004 0.8618
vn -0.3338 -0.3136 0.8889
vn -0.4086 -0.3004 0.8619
vn -0.0084 -0.3444 0.9388
vn -0.0278 -0.3436 0.9387
vn 0.2299 -0.3442 0.9103
vn 0.2813 -0.3414 0.8968
vn 0.1369 -0.3476 0.9276
vn 0.1975 -0.3462 0.9171
vn 0.0180 -0.3456 0.9382
vn 0.0352 -0.3461 0.9375
vn 0.0349 -0.3458 0.9377
vn 0.0588 -0.3464 0.9362
vn -0.1635 -0.7308 -0.6628
vn -0.1861 -0.7275 -0.6604
vn -0.2140 -0.7303 -0.6487
vn -0.2139 -0.7304 -0.6487
vn -0.0577 -0.7432 -0.6666
vn -0.0580 -0.7438 -0.6659
vn 0.0488 -0.7402 -0.6706
vn 0.0711 -0.7409 -0.6678
vn 0.0349 -0.7448 -0.6664
vn 0.0025 -0.7461 -0.6658
vn -0.0450 -0.7468 -0.6635
vn -0.0402 -0.7493 -0.6610
vn -0.0721 -0.7640 -0.6412
vn -0.0916 -0.7504 -0.6546
vn -0.1044 -0.7639 -0.6368
vn -0.1200 -0.7492 -0.6514
vn -0.1650 -0.7741 -0.6112
vn -0.1323 -0.7850 -0.6052
vn -0.2207 -0.8063 -0.5488
vn -0.1903 -0.8038 -0.5636
vn -0.2359 -0.8036 -0.5464
vn -0.2494 -0.7879 -0.5631
vn -0.2557 -0.8343 -0.4884
vn -0.2570 -0.7794 -0.5713
vn -0.1728 -0.9249 -0.3385
vn -0.1904 -0.9245 -0.3302
vn -0.0559 -0.9384 -0.3410
vn -0.2246 -0.9162 -0.3319
vn -0.2242 -0.9144 -0.3370
vn -0.0515 -0.9374 -0.3445
vn 0.0698 -0.9359 -0.3452
vn 0.0806 -0.9340 -0.3480
vn 0.0277 -0.9376 -0.3465
vn 0.0121 -0.9381 -0.3460
vn -0.0369 -0.9379 -0.3448
vn 0.1224 0.9918 -0.0364
vn 0.0116 0.9996 -0.0250
vn 0.1404 0.9896 -0.0318
vn 0.0096 0.9997 -0.0234
vn 0.0985 0.9948 -0.0263
vn -0.1023 0.9944 -0.0282
vn 0.0713 0.9972 -0.0235
vn -0.1190 0.9924 -0.0308
vn -0.1463 0.9891 -0.0142
vn -0.1455 0.9893 -0.0131
vn 0.0242 0.9993 -0.0277
vn 0.0278 0.9994 -0.0194
vn -0.0036 0.9999 0.0153
vn -0.0224 0.9995 -0.0238
vn -0.0347 0.9993 0.0106
vn -0.0507 0.9983 -0.0275
vn -0.0971 0.9947 0.0334
vn -0.0615 0.9966 0.0547
vn -0.1517 0.9823 0.1102
vn -0.1165 0.9878 0.1029
vn -0.1673 0.9807 0.1010
vn -0.1854 0.9801 0.0716
vn -0.1829 0.9652 0.1867
vn -0.1996 0.9787 0.0478
vn -0.1199 0.9282 0.3523
vn -0.1521 0.9272 0.3422
vn -0.0913 0.9332 0.3474
vn -0.1520 0.9283 0.3395
vn 0.0179 0.9368 0.3494
vn 0.0241 0.9380 0.3458
vn 0.1377 0.9303 0.3400
vn 0.1567 0.9289 0.3356
vn 0.1082 0.9337 0.3412
vn 0.0805 0.9359 0.3430
vn 0.0369 0.9379 0.3448
vn 0.4375 0.1902 0.8789
vn 0.4727 -0.0100 0.8812
vn 0.4738 -0.0207 0.8804
vn 0.4837 -0.1523 0.8619
vn 0.4853 -0.2211 0.8459
vn 0.4814 -0.3744 0.7925
vn 0.4728 -0.4728 0.7436
vn 0.4468 -0.6128 0.6518
vn 0.4561 -0.5644 0.6881
vn 0.3699 -0.9158 0.1563
vn 0.3694 -0.9157 0.1580
vn -0.9992 0.0400 0.0003
vn -0.9992 0.0285 0.0296
vn -0.9934 -0.0039 0.1148
vn -0.9966 0.0606 -0.0561
vn -0.9981 0.0169 0.0587
vn -0.9390 0.1473 -0.3108
vn -0.9724 -0.0494 0.2281
vn -0.9797 0.1051 -0.1708
vn -0.9259 -0.0940 0.3658
vn -0.9075 0.1858 -0.3767
vn -0.9104 0.1661 -0.3789
vn -0.8986 0.1764 -0.4016
vn -0.9057 0.1662 -0.3900
vn -0.9217 0.1762 -0.3457
vn -0.9149 0.1680 -0.3672
vn -0.9403 0.1623 -0.2993
vn -0.9317 0.1668 -0.3226
vn -0.8927 -0.1343 0.4301
vn -0.8943 -0.1142 0.4326
vn -0.8823 -0.1252 0.4538
vn -0.8892 -0.1144 0.4429
vn -0.9085 -0.1240 0.3991
vn -0.8996 -0.1170 0.4208
vn -0.9295 -0.1089 0.3525
vn -0.9196 -0.1145 0.3759
vn 0.1894 -0.6619 -0.7253
vn 0.2611 -0.3573 -0.8968
vn 0.2616 -0.3585 -0.8961
vn 0.0706 -0.8327 -0.5492
vn -0.0260 -0.9208 -0.3891
vn -0.0205 -0.9067 -0.4213
vn 0.1939 -0.9763 0.0957
vn 0.3432 -0.6674 0.6609
vn 0.3416 -0.6642 0.6649
vn -0.0369 -0.9380 -0.3448
vn 0.0597 -0.9854 -0.1596
vn -0.0241 -0.9537 -0.2997
vn -0.0178 -0.9624 -0.2710
vn 0.4207 0.8884 -0.1836
vn 0.4214 0.8884 -0.1819
vn 0.4460 0.5382 -0.7151
vn 0.4416 0.5881 -0.6775
vn 0.4542 0.3470 -0.8205
vn 0.4542 0.4481 -0.7700
vn 0.4397 0.1253 -0.8893
vn 0.4463 0.1962 -0.8731
vn 0.4214 -0.0043 -0.9069
vn 0.4195 -0.0161 -0.9076
vn 0.3704 -0.2183 -0.9028
vn 0.3704 -0.2184 -0.9028
vn 0.9992 -0.0400 -0.0023
vn 0.9967 -0.0608 0.0546
vn 0.9804 -0.1040 0.1676
vn 0.9467 -0.1363 0.2918
vn 0.9935 0.0041 -0.1137
vn 0.9982 -0.0169 -0.0567
vn 0.9424 0.0819 -0.3243
vn 0.9787 0.0465 -0.1998
vn 0.9398 -0.1634 0.3002
vn 0.9327 -0.1548 0.3259
vn 0.9616 -0.1437 0.2337
vn 0.9593 -0.1493 0.2396
vn 0.9202 -0.1773 0.3490
vn 0.9269 -0.1500 0.3441
vn 0.9061 -0.1678 0.3883
vn 0.9022 -0.1554 0.4023
vn 0.9285 0.1102 -0.3546
vn 0.9191 0.1027 -0.3805
vn 0.9536 0.0890 -0.2876
vn 0.9512 0.0952 -0.2937
vn 0.9063 0.1253 -0.4037
vn 0.9119 0.0971 -0.3987
vn 0.8895 0.1161 -0.4419
vn 0.8845 0.1038 -0.4549
vn 0.0532 0.9622 0.2670
vn 0.0476 0.9522 0.3018
vn 0.2448 0.9631 -0.1117
vn 0.1237 0.9797 0.1576
vn 0.0558 0.9070 0.4175
vn 0.3321 0.6532 -0.6805
vn 0.0499 0.9190 0.3911
vn 0.3301 0.6502 -0.6843
vn 0.2684 0.6503 0.7107
vn 0.1519 0.8241 0.5457
vn 0.3392 0.3420 0.8764
vn 0.3387 0.3407 0.8770
vn -0.0945 -0.8322 -0.5464
vn -0.0951 0.0164 -0.9953
vn -0.0949 -0.8168 -0.5690
vn -0.0950 0.0144 -0.9954
vn -0.0985 0.7323 -0.6739
vn -0.0984 0.7185 -0.6885
vn 0.1116 0.0176 -0.9936
vn 0.1433 0.7178 -0.6814
vn 0.1460 0.7385 -0.6582
vn 0.1116 0.0112 -0.9937
vn 0.1496 -0.8319 -0.5344
vn 0.1472 -0.8090 -0.5690
vn -0.0559 -0.8343 -0.5484
vn -0.0630 0.0159 -0.9979
vn -0.0560 -0.8264 -0.5603
vn -0.0630 0.0152 -0.9979
vn -0.0600 0.7336 -0.6769
vn -0.0600 0.7264 -0.6846
vn 0.0583 0.0172 -0.9982
vn 0.0897 -0.8309 -0.5492
vn 0.0885 -0.8157 -0.5717
vn 0.0583 0.0129 -0.9982
vn 0.0855 0.7338 -0.6739
vn 0.0843 0.7201 -0.6887
vn -0.0240 0.0151 -0.9996
vn -0.0127 0.7346 -0.6784
vn -0.0128 0.7274 -0.6861
vn -0.0240 0.0160 -0.9996
vn -0.0083 -0.8353 -0.5497
vn -0.0086 -0.8274 -0.5616
vn 0.0591 0.0172 -0.9981
vn 0.0901 -0.8305 -0.5496
vn 0.0890 -0.8153 -0.5722
vn 0.0591 0.0129 -0.9982
vn 0.0861 0.7336 -0.6741
vn 0.0850 0.7198 -0.6889
vn 0.7586 0.6214 -0.1957
vn 0.6763 0.0139 -0.7365
vn 0.7588 0.5383 -0.3668
vn 0.6763 -0.0021 -0.7366
vn 0.7463 -0.6528 -0.1300
vn 0.7576 -0.5680 -0.3215
vn -0.0003 0.7343 -0.6788
vn -0.0122 0.0163 -0.9998
vn -0.0122 0.0148 -0.9998
vn 0.0033 -0.8347 -0.5507
vn 0.0034 -0.8347 -0.5507
vn 0.6785 0.6737 -0.2929
vn 0.5856 0.0153 -0.8105
vn 0.6666 0.5897 -0.4561
vn 0.5855 -0.0012 -0.8107
vn 0.6686 -0.7120 -0.2146
vn 0.6674 -0.6264 -0.4027
vn 0.7374 -0.6597 -0.1448
vn 0.6677 0.0140 -0.7443
vn 0.6678 -0.0020 -0.7444
vn 0.7491 0.6278 -0.2117
vn 0.7483 -0.5740 -0.3324
vn 0.7492 0.5438 -0.3783
vn -0.7721 -0.0022 -0.6355
vn -0.8249 -0.5041 -0.2556
vn -0.8006 -0.5931 -0.0850
vn -0.7718 0.0123 -0.6357
vn -0.8280 0.4779 -0.2932
vn -0.8141 0.5634 -0.1410
vn -0.7541 0.0025 0.6567
vn -0.8152 -0.5610 0.1441
vn -0.8251 -0.4794 0.2990
vn -0.7541 -0.0124 0.6566
vn -0.8233 0.5037 0.2617
vn -0.8040 0.5877 0.0899
vn -0.7976 0.5966 0.0893
vn -0.7426 0.0024 0.6698
vn -0.8127 0.5143 0.2739
vn -0.8173 0.4876 -0.3072
vn -0.7610 -0.0021 -0.6488
vn -0.8078 0.5718 -0.1433
vn -0.7425 -0.0126 0.6697
vn -0.7609 0.0126 -0.6488
vn -0.8143 -0.4893 0.3123
vn -0.8144 -0.5146 -0.2684
vn -0.8093 -0.5692 0.1451
vn -0.7937 -0.6023 -0.0855
vn -0.7928 0.5076 -0.3373
vn -0.7344 -0.0019 -0.6787
vn -0.7863 0.5936 -0.1713
vn -0.7344 0.0131 -0.6786
vn -0.7904 -0.5365 -0.2958
vn -0.7764 0.6204 0.1114
vn -0.7151 0.0022 0.6990
vn -0.7888 0.5367 0.2997
vn -0.7721 -0.6260 -0.1096
vn -0.7150 -0.0132 0.6990
vn -0.7898 -0.5100 0.3408
vn -0.7880 -0.5915 0.1709
vn -0.7485 -0.0022 -0.6631
vn -0.7986 -0.5298 -0.2855
vn -0.7800 -0.6185 -0.0958
vn -0.7984 -0.5036 0.3300
vn -0.7302 0.0025 0.6832
vn -0.7963 -0.5843 0.1566
vn -0.7484 0.0129 -0.6631
vn -0.7302 -0.0129 0.6831
vn -0.8013 0.5015 -0.3261
vn -0.7971 0.5298 0.2897
vn -0.7945 0.5867 -0.1566
vn -0.7843 0.6126 0.0980
vn -0.8277 0.4927 0.2684
vn -0.7617 0.0025 0.6480
vn -0.7616 -0.0122 0.6479
vn -0.8291 -0.4692 0.3042
vn -0.8114 0.5798 0.0734
vn -0.8232 -0.5534 0.1267
vn -0.8323 0.4677 -0.2976
vn -0.7792 -0.0023 -0.6267
vn -0.8218 0.5563 -0.1233
vn -0.8298 -0.4930 -0.2615
vn -0.8078 -0.5856 -0.0682
vn -0.7792 0.0122 -0.6267
vn -0.7292 0.0024 0.6843
vn -0.7969 0.5293 0.2913
vn -0.7841 0.6124 0.1009
vn -0.7292 -0.0129 0.6842
vn -0.7981 -0.5031 0.3316
vn -0.8011 0.5010 -0.3274
vn -0.7477 -0.0021 -0.6641
vn -0.7942 0.5865 -0.1589
vn -0.7959 -0.5841 0.1593
vn -0.7477 0.0129 -0.6639
vn -0.7985 -0.5292 -0.2868
vn -0.7799 -0.6181 -0.0985
vn -0.0625 0.9980 0.0129
vn -0.0464 0.4038 0.9137
vn -0.0465 0.3952 0.9174
vn -0.0869 0.4406 -0.8935
vn -0.0869 0.4325 -0.8974
vn -0.0628 0.9979 -0.0149
vn 0.6747 0.7377 -0.0254
vn 0.7014 0.3225 0.6357
vn 0.6997 0.4150 0.5816
vn 0.6751 0.7377 0.0056
vn 0.6685 0.4434 -0.5971
vn 0.6704 0.3549 -0.6516
vn 0.0803 0.4526 -0.8881
vn 0.0869 0.9960 -0.0189
vn 0.0874 0.9961 0.0132
vn 0.1210 0.4045 0.9065
vn 0.0802 0.4402 -0.8943
vn 0.1206 0.3913 0.9123
vn -0.6650 0.4477 -0.5978
vn -0.6456 0.7636 0.0087
vn -0.6764 0.3672 -0.6385
vn -0.6456 0.7636 0.0062
vn -0.6412 0.4296 0.6359
vn -0.6501 0.3435 0.6778
vn -0.0389 0.9992 0.0130
vn -0.0201 0.4017 0.9156
vn -0.0201 0.3972 0.9175
vn -0.0602 0.4361 -0.8979
vn -0.0603 0.4403 -0.8958
vn -0.0393 0.9991 -0.0156
vn 0.0546 0.9983 -0.0181
vn 0.0397 0.4448 -0.8947
vn 0.0399 0.4367 -0.8987
vn 0.0550 0.9984 0.0131
vn 0.0800 0.3987 0.9136
vn 0.0799 0.3900 0.9173
vn -0.6324 0.7746 0.0057
vn -0.6316 0.4335 0.6428
vn -0.6324 0.7746 0.0088
vn -0.6558 0.4518 -0.6048
vn -0.6348 0.3474 0.6902
vn -0.6621 0.3716 -0.6508
vn 0.6665 0.7451 -0.0254
vn 0.6977 0.3306 0.6356
vn 0.6892 0.4170 0.5926
vn 0.6669 0.7451 0.0059
vn 0.6572 0.4460 -0.6077
vn 0.6668 0.3631 -0.6508
vn -0.0077 0.9999 0.0130
vn -0.0276 0.4410 -0.8971
vn -0.0084 0.9998 -0.0164
vn 0.0125 0.3997 0.9166
vn -0.0276 0.4367 -0.8992
vn 0.0126 0.3952 0.9185
vn 0.0401 0.4448 -0.8947
vn 0.0403 0.4367 -0.8987
vn 0.0551 0.9984 0.0131
vn 0.0805 0.3987 0.9136
vn 0.0804 0.3900 0.9173
vn -0.6281 0.4605 -0.6273
vn -0.6061 0.7954 0.0090
vn -0.6315 0.3804 -0.6757
vn -0.6062 0.7953 0.0046
vn -0.6021 0.4413 0.6654
vn -0.6021 0.3551 0.7151
vn 0.5635 0.3991 -0.7234
vn 0.5600 0.8281 -0.0256
vn 0.5585 0.4785 -0.6776
vn 0.5605 0.8281 0.0086
vn 0.5955 0.4446 0.6691
vn 0.5996 0.3610 0.7143
vn 0.0210 0.3995 0.9165
vn -0.0001 0.9999 -0.0167
vn 0.0210 0.3994 0.9165
vn 0.0003 0.9999 0.0131
vn -0.0189 0.4412 -0.8972
vn -0.0190 0.4411 -0.8972
vn -0.6149 0.7886 0.0090
vn -0.6422 0.3780 -0.6669
vn -0.6384 0.4585 -0.6183
vn -0.6131 0.4397 0.6563
vn -0.6136 0.3531 0.7063
vn -0.6149 0.7886 0.0050
vn 0.4718 0.8814 -0.0252
vn 0.5096 0.4513 0.7325
vn 0.4723 0.8814 0.0103
vn 0.4690 0.4897 -0.7350
vn 0.5066 0.3738 0.7769
vn 0.4661 0.4165 -0.7806
vn -0.6539 0.7565 0.0087
vn -0.6526 0.4279 0.6253
vn -0.6542 0.3355 0.6778
vn -0.6540 0.7564 0.0065
vn -0.6756 0.4457 -0.5874
vn -0.6807 0.3596 -0.6383
vn 0.5508 0.8343 -0.0256
vn 0.5476 0.4797 -0.6856
vn 0.5519 0.4007 -0.7313
vn 0.5512 0.8343 0.0088
vn 0.5852 0.4453 0.6777
vn 0.5887 0.3620 0.7227
vn -0.6149 0.7885 0.0090
vn -0.6129 0.4393 0.6568
vn -0.6128 0.3526 0.7072
vn -0.6150 0.7885 0.0050
vn -0.6382 0.4582 -0.6187
vn -0.6416 0.3775 -0.6677
vn 0.6366 0.7707 -0.0256
vn 0.6324 0.4621 -0.6217
vn 0.6368 0.3752 -0.6735
vn 0.6371 0.7708 0.0067
vn 0.6655 0.4322 0.6086
vn 0.6694 0.3411 0.6599
vn -0.0675 -0.0173 0.9976
vn -0.0960 -0.7332 0.6732
vn -0.0949 -0.7196 0.6879
vn -0.0674 -0.0126 0.9976
vn -0.0999 0.8295 0.5495
vn -0.0988 0.8144 0.5719
vn 0.1389 -0.0169 0.9902
vn 0.1430 0.8354 0.5307
vn 0.1430 0.8123 0.5655
vn 0.1389 -0.0132 0.9902
vn 0.1473 -0.7369 0.6598
vn 0.1464 -0.7160 0.6826
vn -0.0354 -0.0170 0.9992
vn -0.0573 -0.7340 0.6767
vn -0.0566 -0.7268 0.6845
vn -0.0354 -0.0136 0.9993
vn -0.0611 0.8324 0.5507
vn -0.0605 0.8245 0.5627
vn 0.0880 -0.7328 0.6748
vn 0.0858 -0.0162 0.9962
vn 0.0879 -0.7190 0.6894
vn 0.0858 -0.0147 0.9962
vn 0.0841 0.8330 0.5468
vn 0.0846 0.8177 0.5694
vn -0.0133 0.8343 0.5511
vn 0.0036 -0.0164 0.9999
vn -0.0130 0.8264 0.5629
vn 0.0036 -0.0146 0.9999
vn -0.0096 -0.7342 0.6789
vn -0.0095 -0.7271 0.6865
vn 0.0886 -0.7327 0.6747
vn 0.0867 -0.0163 0.9961
vn 0.0886 -0.7189 0.6895
vn 0.0867 -0.0146 0.9961
vn 0.0846 0.8330 0.5468
vn 0.0851 0.8175 0.5696
vn 0.6965 -0.0139 0.7174
vn 0.7408 0.6587 0.1315
vn 0.7582 0.5677 0.3207
vn 0.6964 0.0017 0.7177
vn 0.7560 -0.6233 0.1999
vn 0.7609 -0.5354 0.3666
vn 0.0154 -0.0149 0.9998
vn -0.0016 0.8352 0.5499
vn -0.0017 0.8352 0.5500
vn 0.0154 -0.0162 0.9998
vn 0.0026 -0.7347 0.6784
vn 0.6079 -0.0152 0.7939
vn 0.6614 0.7166 0.2214
vn 0.6674 0.6245 0.4057
vn 0.6080 0.0005 0.7939
vn 0.6749 -0.6730 0.3027
vn 0.6688 -0.5843 0.4598
vn 0.6881 -0.0140 0.7254
vn 0.7515 -0.5405 0.3783
vn 0.7466 -0.6292 0.2161
vn 0.7320 0.6653 0.1467
vn 0.7490 0.5735 0.3318
vn 0.6883 0.0016 0.7254
vn 0.9999 -0.0000 -0.0138
vn 0.7971 0.0023 0.6039
vn 0.8459 -0.4517 0.2836
vn 0.8347 -0.5399 0.1091
vn 0.7970 -0.0118 0.6039
vn 0.8436 0.4755 0.2495
vn 0.8211 0.5679 0.0568
vn 0.7801 -0.0025 -0.6257
vn 0.8244 -0.5623 -0.0638
vn 0.8412 -0.4752 -0.2580
vn 0.7800 0.0118 -0.6256
vn 0.8424 0.4530 -0.2918
vn 0.8358 0.5370 -0.1144
vn 0.7894 0.0023 0.6139
vn 0.8391 0.4870 0.2424
vn 0.7894 -0.0119 0.6138
vn 0.8420 -0.4622 0.2781
vn 0.8143 0.5758 0.0726
vn 0.8274 -0.5474 0.1258
vn 0.7720 -0.0025 -0.6356
vn 0.8389 0.4634 -0.2856
vn 0.8283 0.5449 -0.1307
vn 0.8174 -0.5706 -0.0791
vn 0.8371 -0.4864 -0.2502
vn 0.7720 0.0120 -0.6355
vn 0.8159 -0.5116 -0.2696
vn 0.7479 -0.0025 -0.6638
vn 0.7981 -0.5980 -0.0734
vn 0.7477 0.0125 -0.6640
vn 0.8176 0.4867 -0.3078
vn 0.8107 0.5709 -0.1297
vn 0.7658 0.0022 0.6431
vn 0.8205 -0.4852 0.3024
vn 0.8089 -0.5739 0.1276
vn 0.7659 -0.0125 0.6429
vn 0.8175 0.5120 0.2639
vn 0.7938 0.6042 0.0693
vn -0.0469 -0.4453 0.8942
vn -0.0628 -0.9979 -0.0131
vn -0.0624 -0.9979 0.0183
vn -0.0873 -0.3988 -0.9129
vn -0.0470 -0.4372 0.8981
vn -0.0872 -0.3902 -0.9166
vn 0.6750 -0.7377 -0.0086
vn 0.6948 -0.4382 0.5703
vn 0.6985 -0.3510 0.6236
vn 0.6750 -0.7377 -0.0074
vn 0.6731 -0.4210 -0.6081
vn 0.6730 -0.3274 -0.6633
vn 0.0797 -0.3983 -0.9138
vn 0.0799 -0.4116 -0.9078
vn 0.0870 -0.9961 -0.0128
vn 0.1206 -0.4459 0.8869
vn 0.1204 -0.4335 0.8931
vn 0.0874 -0.9961 0.0141
vn -0.6453 -0.7635 0.0256
vn -0.6698 -0.4232 -0.6101
vn -0.6793 -0.3381 -0.6513
vn -0.6458 -0.7635 -0.0065
vn -0.6367 -0.4533 0.6239
vn -0.6474 -0.3717 0.6654
vn -0.0206 -0.4433 0.8961
vn -0.0393 -0.9991 -0.0131
vn -0.0389 -0.9991 0.0176
vn -0.0607 -0.3986 -0.9151
vn -0.0206 -0.4391 0.8982
vn -0.0606 -0.3941 -0.9171
vn 0.0392 -0.4033 -0.9142
vn 0.0547 -0.9984 -0.0130
vn 0.0393 -0.3946 -0.9180
vn 0.0551 -0.9984 0.0151
vn 0.0796 -0.4405 0.8942
vn 0.0796 -0.4324 0.8982
vn -0.6270 -0.4575 0.6305
vn -0.6321 -0.7745 0.0256
vn -0.6321 -0.3762 0.6774
vn -0.6606 -0.4269 -0.6175
vn -0.6650 -0.3418 -0.6640
vn -0.6325 -0.7745 -0.0068
vn 0.6668 -0.7452 -0.0086
vn 0.6843 -0.4407 0.5810
vn 0.6947 -0.3589 0.6233
vn 0.6668 -0.7452 -0.0071
vn 0.6617 -0.4231 -0.6190
vn 0.6694 -0.3357 -0.6627
vn -0.0080 -0.9998 0.0169
vn -0.0279 -0.3992 -0.9164
vn -0.0280 -0.3947 -0.9184
vn 0.0120 -0.4414 0.8972
vn 0.0121 -0.4372 0.8993
vn -0.0080 -0.9999 -0.0131
vn 0.0397 -0.3946 -0.9180
vn 0.0397 -0.4033 -0.9142
vn 0.0548 -0.9984 -0.0129
vn 0.0800 -0.4405 0.8942
vn 0.0800 -0.4324 0.8981
vn -0.6058 -0.7952 0.0257
vn -0.6329 -0.4345 -0.6409
vn -0.6344 -0.3492 -0.6896
vn -0.6063 -0.7952 -0.0075
vn -0.5976 -0.4664 0.6522
vn -0.5995 -0.3854 0.7015
vn 0.5628 -0.4521 -0.6920
vn 0.5603 -0.8283 -0.0094
vn 0.5659 -0.3676 -0.7380
vn 0.5602 -0.8284 -0.0029
vn 0.5908 -0.4721 0.6543
vn 0.5967 -0.3935 0.6993
vn -0.0001 -0.9999 -0.0130
vn 0.0206 -0.4412 0.8972
vn 0.0003 -0.9999 0.0166
vn -0.0194 -0.3994 -0.9166
vn -0.6432 -0.4329 -0.6315
vn -0.6145 -0.7885 0.0257
vn -0.6150 -0.7885 -0.0073
vn -0.6087 -0.4644 0.6433
vn -0.6451 -0.3473 -0.6806
vn -0.6109 -0.3828 0.6930
vn 0.5043 -0.4099 0.7600
vn 0.4720 -0.8815 -0.0101
vn 0.5056 -0.4823 0.7154
vn 0.4725 -0.4599 -0.7518
vn 0.4681 -0.3816 -0.7970
vn 0.4722 -0.8815 0.0006
vn -0.6481 -0.4511 0.6136
vn -0.6536 -0.7564 0.0255
vn -0.6516 -0.3639 0.6656
vn -0.6541 -0.7564 -0.0063
vn -0.6804 -0.4216 -0.5994
vn -0.6835 -0.3303 -0.6509
vn 0.5511 -0.8344 -0.0094
vn 0.5543 -0.3688 -0.7462
vn 0.5518 -0.4529 -0.7003
vn 0.5511 -0.8344 -0.0026
vn 0.5806 -0.4732 0.6626
vn 0.5860 -0.3951 0.7075
vn -0.6084 -0.4640 0.6438
vn -0.6102 -0.3824 0.6939
vn -0.6430 -0.4326 -0.6320
vn -0.6445 -0.3468 -0.6814
vn 0.6369 -0.7709 -0.0088
vn 0.6395 -0.3466 -0.6862
vn 0.6370 -0.4387 -0.6339
vn 0.6370 -0.7709 -0.0059
vn 0.6605 -0.4565 0.5961
vn 0.6665 -0.3707 0.6468
vn -0.3277 -0.0000 -0.9448
vn -0.4379 -0.0000 -0.8990
vn -0.3193 -0.0000 -0.9477
vn -0.0561 -0.0000 -0.9984
vn -0.0556 -0.0000 -0.9985
vn 0.2204 -0.0001 -0.9754
vn 0.2120 -0.0001 -0.9773
vn 0.1270 -0.0002 -0.9919
vn 0.1173 -0.0000 -0.9931
vn -0.0138 -0.0000 -0.9999
vn 0.0041 -0.0000 -1.0000
vn 0.0045 -0.0000 -1.0000
vn 0.0274 -0.0000 -0.9996
vn -0.1173 0.9194 0.3754
vn -0.1432 0.9157 0.3754
vn -0.1691 0.9174 0.3602
vn -0.1688 0.9175 0.3600
vn -0.0145 0.9290 0.3699
vn -0.0068 0.9298 0.3681
vn 0.1018 0.9223 0.3728
vn 0.1159 0.9222 0.3689
vn 0.0726 0.9276 0.3664
vn 0.0525 0.9295 0.3652
vn 0.0004 0.9287 0.3708
vn 0.0052 0.9325 0.3612
vn -0.0251 0.9433 0.3310
vn -0.0469 0.9282 0.3692
vn -0.0582 0.9396 0.3373
vn -0.0722 0.9252 0.3726
vn -0.1220 0.9414 0.3145
vn -0.0864 0.9512 0.2963
vn -0.1798 0.9541 0.2396
vn -0.1458 0.9570 0.2506
vn -0.1933 0.9493 0.2478
vn -0.2067 0.9382 0.2775
vn -0.2159 0.9628 0.1624
vn -0.2152 0.9304 0.2967
vn -0.1362 0.9907 0.0025
vn -0.1542 0.9880 -0.0052
vn -0.0156 0.9999 -0.0033
vn -0.1886 0.9821 0.0018
vn -0.1880 0.9821 0.0076
vn -0.0198 0.9998 0.0007
vn 0.0996 0.9950 -0.0004
vn 0.1223 0.9925 0.0032
vn 0.0748 0.9972 -0.0017
vn 0.0396 0.9992 -0.0010
vn -0.0000 1.0000 -0.0000
vn 0.1013 -0.9224 0.3727
vn -0.0146 -0.9290 0.3699
vn 0.1158 -0.9222 0.3689
vn -0.0066 -0.9297 0.3683
vn 0.0731 -0.9276 0.3664
vn -0.1166 -0.9195 0.3754
vn 0.0524 -0.9294 0.3653
vn -0.1432 -0.9159 0.3750
vn -0.1690 -0.9173 0.3606
vn -0.1689 -0.9174 0.3603
vn 0.0003 -0.9290 0.3701
vn 0.0053 -0.9325 0.3612
vn -0.0249 -0.9430 0.3319
vn -0.0469 -0.9287 0.3678
vn -0.0583 -0.9396 0.3372
vn -0.0723 -0.9260 0.3706
vn -0.1219 -0.9416 0.3140
vn -0.0864 -0.9510 0.2968
vn -0.1796 -0.9541 0.2398
vn -0.1461 -0.9568 0.2512
vn -0.1931 -0.9496 0.2470
vn -0.2062 -0.9388 0.2760
vn -0.2160 -0.9625 0.1640
vn -0.2141 -0.9315 0.2940
vn -0.1539 -0.9881 -0.0051
vn -0.1886 -0.9821 0.0015
vn -0.1369 -0.9906 0.0029
vn -0.1880 -0.9821 0.0075
vn -0.0156 -0.9999 -0.0032
vn -0.0199 -0.9998 0.0008
vn 0.1001 -0.9950 -0.0005
vn 0.1221 -0.9925 0.0031
vn 0.0742 -0.9972 -0.0017
vn 0.0401 -0.9992 -0.0010
vn -0.0000 -1.0000 -0.0000
vn 0.4350 -0.6321 -0.6413
vn 0.4390 -0.2818 -0.8531
vn 0.4357 -0.6325 -0.6404
vn 0.4341 -0.3253 -0.8401
vn 0.4552 -0.0930 -0.8855
vn 0.4535 -0.1425 -0.8798
vn 0.4546 0.1074 -0.8842
vn 0.4537 0.1344 -0.8809
vn 0.4346 0.3219 -0.8411
vn 0.4387 0.2853 -0.8522
vn 0.4339 0.6004 -0.6718
vn 0.4333 0.6000 -0.6725
vn -0.9969 0.0001 0.0789
vn -0.9999 -0.0000 0.0138
vn -0.9990 -0.0001 -0.0438
vn -0.9975 0.0001 0.0712
vn -0.9987 -0.0001 -0.0515
vn -0.9562 0.0037 0.2928
vn -0.9581 0.0036 -0.2864
vn -0.9503 -0.0037 0.3114
vn -0.9635 -0.0035 -0.2677
vn -0.9081 -0.0015 0.4187
vn -0.9012 -0.0016 0.4335
vn -0.9241 -0.0062 0.3820
vn -0.9163 -0.0009 0.4004
vn -0.9066 0.0045 0.4220
vn -0.9007 0.0006 0.4343
vn -0.9202 0.0082 0.3914
vn -0.9138 0.0018 0.4062
vn -0.9186 0.0019 -0.3951
vn -0.9128 0.0028 -0.4084
vn -0.9326 0.0070 -0.3607
vn -0.9260 0.0023 -0.3774
vn -0.9172 -0.0049 -0.3983
vn -0.9124 -0.0019 -0.4093
vn -0.9290 -0.0089 -0.3701
vn -0.9237 -0.0030 -0.3832
vn 0.2303 0.8695 0.4369
vn 0.3346 0.5036 0.7965
vn 0.3358 0.5063 0.7943
vn 0.1009 0.9743 0.2012
vn 0.0130 0.9987 0.0495
vn 0.0190 0.9967 0.0785
vn 0.2218 0.8658 -0.4486
vn 0.2960 0.5351 -0.7912
vn 0.2947 0.5328 -0.7933
vn 0.0945 0.9750 -0.2009
vn 0.0109 0.9990 -0.0444
vn 0.0172 0.9962 -0.0849
vn 0.4448 -0.5963 0.6683
vn 0.4453 -0.5966 0.6677
vn 0.4617 -0.2852 0.8399
vn 0.4573 -0.3214 0.8292
vn 0.4786 -0.1066 0.8715
vn 0.4776 -0.1337 0.8683
vn 0.4792 0.0926 0.8728
vn 0.4773 0.1409 0.8674
vn 0.4569 0.3245 0.8282
vn 0.4621 0.2820 0.8408
vn 0.4439 0.6310 0.6362
vn 0.4433 0.6307 0.6370
vn 0.9970 -0.0001 -0.0772
vn 0.9976 -0.0001 -0.0695
vn 0.9546 0.0060 -0.2979
vn 0.9595 -0.0056 -0.2817
vn 0.9991 0.0001 0.0424
vn 0.9988 0.0001 0.0498
vn 0.9728 0.0057 0.2318
vn 0.9687 -0.0048 0.2484
vn 0.9192 -0.0031 -0.3937
vn 0.9196 0.0005 -0.3929
vn 0.9386 -0.0094 -0.3448
vn 0.9360 -0.0011 -0.3520
vn 0.9226 -0.0001 -0.3858
vn 0.9201 0.0005 -0.3916
vn 0.9446 0.0075 -0.3282
vn 0.9414 -0.0000 -0.3372
vn 0.9296 0.0037 0.3686
vn 0.9300 0.0009 0.3674
vn 0.9461 0.0100 0.3238
vn 0.9438 0.0025 0.3305
vn 0.9325 -0.0005 0.3611
vn 0.9306 -0.0020 0.3661
vn 0.9516 -0.0083 0.3073
vn 0.9489 -0.0016 0.3156
vn 0.0190 -0.9967 0.0785
vn 0.0130 -0.9987 0.0497
vn 0.2313 -0.8684 0.4386
vn 0.1028 -0.9734 0.2047
vn 0.0172 -0.9963 -0.0848
vn 0.3316 -0.5313 0.7796
vn 0.0108 -0.9990 -0.0442
vn 0.3305 -0.5290 0.7816
vn 0.2209 -0.8667 -0.4472
vn 0.0928 -0.9759 -0.1974
vn 0.2991 -0.5109 -0.8059
vn 0.2977 -0.5083 -0.8081
vt 22.037399 -18.909300
vt 21.962601 -19.360001
vt 22.037399 -19.360001
vt 21.962601 -18.909300
vt 22.037399 -18.851500
vt 21.962601 -18.851500
vt 22.037399 -18.817900
vt 21.962601 -18.817900
vt 22.037399 -18.769600
vt 21.962601 -18.769600
vt 22.037399 -18.675600
vt 21.962601 -18.675600
vt 22.000000 -18.512199
vt 22.000000 -19.360001
vt 21.996599 -18.909300
vt 21.906401 -19.360001
vt 21.899500 -18.909300
vt 21.899200 -18.851500
vt 22.000601 -18.851500
vt 21.909500 -18.785000
vt 22.009701 -18.817900
vt 22.024300 -18.769600
vt 21.922600 -18.725000
vt 22.036699 -18.744801
vt 21.949900 -18.665899
vt 21.999001 -18.606001
vt 22.049101 -18.555401
vt 22.093700 -18.675600
vt 22.100599 -18.512199
vt 22.093700 -19.360001
vt 22.093700 -18.909300
vt 22.093700 -18.851500
vt 22.093700 -18.817900
vt 22.093700 -18.769600
vt 22.093599 -19.360001
vt 22.003401 -18.909300
vt 22.100500 -18.909300
vt 22.100800 -18.851500
vt 21.999399 -18.851500
vt 22.090500 -18.785000
vt 21.990299 -18.817900
vt 21.975700 -18.769600
vt 22.077400 -18.725000
vt 21.963301 -18.744801
vt 22.050100 -18.665899
vt 22.000999 -18.606001
vt 21.950899 -18.555401
vt 21.906300 -18.675600
vt 21.899401 -18.512199
vt 21.906300 -18.909300
vt 21.906300 -19.360001
vt 21.906300 -18.851500
vt 21.906300 -18.817900
vt 21.906300 -18.769600
vt 20.038099 -24.668900
vt 20.000000 -24.755800
vt 20.041700 -24.755800
vt 20.000000 -24.668900
vt 19.961901 -24.668900
vt 19.958300 -24.755800
vt 20.000000 -25.272200
vt 19.956600 -25.272200
vt 19.959600 -25.318199
vt 20.000000 -25.318199
vt 20.040400 -25.318199
vt 20.043400 -25.272200
vt 20.041700 -24.767300
vt 20.000000 -24.850901
vt 20.043900 -24.850901
vt 20.000000 -24.767300
vt 19.958300 -24.767300
vt 19.956100 -24.850901
vt 20.000000 -25.168501
vt 20.037201 -25.261101
vt 20.040701 -25.168501
vt 20.000000 -25.261101
vt 19.962799 -25.261101
vt 19.959299 -25.168501
vt 20.000000 -24.952801
vt 19.955900 -24.862499
vt 19.955299 -24.952801
vt 20.000000 -24.862499
vt 20.044100 -24.862499
vt 20.044701 -24.952801
vt 20.000000 -25.072201
vt 20.041100 -25.157200
vt 20.044300 -25.072201
vt 20.000000 -25.157200
vt 19.958900 -25.157200
vt 19.955700 -25.072201
vt 19.958799 -25.066601
vt 20.000000 -25.059601
vt 19.955500 -25.059601
vt 20.000000 -25.066601
vt 20.041201 -25.066601
vt 20.044500 -25.059601
vt 20.000000 -24.968201
vt 19.955299 -24.968201
vt 20.044701 -24.968201
vt 19.958799 -24.961800
vt 20.000000 -24.961800
vt 20.041201 -24.961800
vt 20.041000 -24.857000
vt 20.000000 -24.857000
vt 19.959000 -24.857000
vt 19.924101 -25.000000
vt 19.931200 -25.041700
vt 19.936800 -25.038300
vt 19.917400 -25.000000
vt 19.931200 -24.958300
vt 19.936800 -24.961700
vt 20.075899 -25.000000
vt 20.063200 -25.038300
vt 20.068800 -25.041700
vt 20.082600 -25.000000
vt 20.068800 -24.958300
vt 20.063200 -24.961700
vt 20.067600 -24.959000
vt 20.081200 -25.000000
vt 20.072800 -24.955900
vt 19.927200 -24.955900
vt 19.918800 -25.000000
vt 19.932400 -24.959000
vt 20.087400 -25.000000
vt 19.912600 -25.000000
vt 20.072800 -25.044100
vt 19.927200 -25.044100
vt 20.067600 -25.041000
vt 19.932400 -25.041000
vt 19.926300 -24.955299
vt 19.918301 -25.000000
vt 19.931999 -24.958799
vt 19.911600 -25.000000
vt 19.926300 -25.044701
vt 20.068001 -24.958799
vt 20.081699 -25.000000
vt 20.073700 -24.955299
vt 19.931999 -25.041201
vt 20.088400 -25.000000
vt 20.073700 -25.044701
vt 20.068001 -25.041201
vt 19.918400 -25.000000
vt 19.926901 -25.044300
vt 20.073099 -25.044300
vt 20.081600 -25.000000
vt 19.912300 -25.000000
vt 20.087700 -25.000000
vt 19.926901 -24.955700
vt 20.073099 -24.955700
vt 20.067101 -24.959299
vt 20.073999 -25.000000
vt 20.080500 -25.000000
vt 20.067101 -25.040701
vt 20.061701 -24.962601
vt 20.061701 -25.037399
vt 19.932899 -24.959299
vt 19.926001 -25.000000
vt 19.938299 -24.962601
vt 19.932899 -25.040701
vt 19.938299 -25.037399
vt 19.919500 -25.000000
vt 20.073700 -25.000000
vt 20.071501 -24.956600
vt 20.061399 -24.962799
vt 20.085800 -25.000000
vt 20.071501 -25.043400
vt 19.928499 -24.956600
vt 19.926300 -25.000000
vt 19.938601 -24.962799
vt 20.061399 -25.037201
vt 19.914200 -25.000000
vt 19.928499 -25.043400
vt 19.938601 -25.037201
vt 19.937201 -24.668900
vt 19.931101 -24.755800
vt 20.062799 -24.668900
vt 20.068899 -24.755800
vt 19.933300 -25.318199
vt 19.947201 -25.331100
vt 20.000000 -25.331100
vt 20.052799 -25.331100
vt 20.066700 -25.318199
vt 20.071501 -25.272200
vt 19.928499 -25.272200
vt 20.063200 -24.761600
vt 20.068800 -24.767300
vt 20.000000 -24.761600
vt 19.936800 -24.761600
vt 19.931200 -24.767300
vt 19.927700 -24.850901
vt 20.072300 -24.850901
vt 20.061399 -25.261101
vt 20.067101 -25.168501
vt 19.938601 -25.261101
vt 19.932899 -25.168501
vt 19.932400 -24.857000
vt 20.067600 -24.857000
vt 19.927200 -24.862499
vt 20.072800 -24.862499
vt 19.932199 -25.157200
vt 19.938299 -25.163099
vt 20.000000 -25.163099
vt 20.061701 -25.163099
vt 20.067801 -25.157200
vt 20.073700 -24.952801
vt 19.926300 -24.952801
vt 20.073099 -25.072201
vt 19.926901 -25.072201
vt 20.068001 -24.961800
vt 20.073700 -24.968201
vt 19.931999 -24.961800
vt 19.926300 -24.968201
vt 20.073500 -25.059601
vt 20.068001 -25.066601
vt 19.931999 -25.066601
vt 19.926500 -25.059601
vt 19.936600 -25.000000
vt 20.000000 -25.045300
vt 20.000000 -24.954700
vt 19.947201 -25.032000
vt 19.947201 -24.968000
vt 20.063400 -25.000000
vt 20.052799 -24.968000
vt 20.052799 -25.032000
vt 19.933300 -25.040400
vt 19.919901 -25.000000
vt 19.933300 -24.959600
vt 20.066700 -25.040400
vt 20.080099 -25.000000
vt 20.066700 -24.959600
vt 19.932199 -24.958900
vt 19.918600 -25.000000
vt 19.932199 -25.041100
vt 20.067801 -24.958900
vt 20.067801 -25.041100
vt 20.081400 -25.000000
vt 20.068899 -25.041700
vt 20.082701 -25.000000
vt 20.068899 -24.958300
vt 19.931101 -25.041700
vt 19.917299 -25.000000
vt 19.931101 -24.958300
vt 21.965700 -19.452900
vt 22.040899 -19.487801
vt 22.034300 -19.452900
vt 21.959101 -19.487801
vt 21.968500 -19.420700
vt 22.031500 -19.420700
vt 21.966801 -19.388500
vt 22.033199 -19.388500
vt 22.000000 -19.452900
vt 21.914101 -19.452900
vt 22.000000 -19.487801
vt 21.897699 -19.487801
vt 21.921200 -19.420700
vt 22.000000 -19.420700
vt 22.000000 -19.388500
vt 21.917000 -19.388500
vt 22.085899 -19.452900
vt 22.078800 -19.420700
vt 22.102301 -19.487801
vt 22.083000 -19.388500
vt 58.047798 -15.011100
vt 58.035999 -15.013500
vt 58.047798 -15.021600
vt 58.035999 -15.024100
vt 58.016899 -15.016300
vt 58.016899 -15.026900
vt 57.983101 -15.016300
vt 57.983101 -15.026900
vt 57.964001 -15.024100
vt 57.964001 -15.013500
vt 57.952202 -15.021600
vt 57.952202 -15.011100
vt 58.061501 -15.064200
vt 58.000000 -14.935800
vt 58.000000 -15.064200
vt 57.938499 -15.064200
vt 58.061501 -14.935800
vt 57.938499 -14.935800
vt 58.092201 -14.935800
vt 57.907799 -14.935800
vt 58.092201 -15.064200
vt 57.907799 -15.064200
vt 58.173901 -14.983100
vt 58.155701 -14.944000
vt 58.169800 -14.964000
vt 58.166000 -14.952200
vt 58.173901 -15.016900
vt 58.155701 -15.056000
vt 58.169800 -15.036000
vt 58.166000 -15.047800
vt 57.826099 -15.016900
vt 57.844299 -15.056000
vt 57.830200 -15.036000
vt 57.834000 -15.047800
vt 57.826099 -14.983100
vt 57.844299 -14.944000
vt 57.830200 -14.964000
vt 57.834000 -14.952200
vt 57.844299 -15.005900
vt 57.834000 -15.011100
vt 57.839600 -15.021600
vt 57.850101 -15.016800
vt 57.910099 -14.992800
vt 57.907799 -14.977100
vt 58.155701 -15.005900
vt 58.160400 -15.021600
vt 58.166000 -15.011100
vt 57.940102 -14.988900
vt 58.149899 -15.016800
vt 57.938499 -14.973100
vt 58.089901 -14.992800
vt 58.000000 -14.973100
vt 58.092201 -14.977100
vt 58.000000 -14.988900
vt 58.059898 -14.988900
vt 58.061501 -14.973100
vt 57.940102 -15.064200
vt 57.940102 -14.935800
vt 57.910099 -15.064200
vt 57.910099 -14.935800
vt 58.059898 -15.064200
vt 58.059898 -14.935800
vt 58.089901 -15.064200
vt 58.089901 -14.935800
vt 57.831699 -15.016900
vt 57.850101 -15.056100
vt 57.835800 -15.036000
vt 57.839600 -15.047800
vt 57.831699 -14.983100
vt 57.850101 -14.943900
vt 57.835800 -14.964000
vt 57.839600 -14.952200
vt 58.168301 -14.983100
vt 58.149899 -14.943900
vt 58.164200 -14.964000
vt 58.160400 -14.952200
vt 58.168301 -15.016900
vt 58.149899 -15.056100
vt 58.164200 -15.036000
vt 58.160400 -15.047800
s 1
usemtl Meshpart2Mtl.002
f 3/1/1 2/2/2 1/3/3
f 2/2/2 3/1/1 4/4/1
f 5/5/1 4/4/1 3/1/1
f 4/4/1 5/5/1 6/6/1
f 7/7/1 6/6/1 5/5/1
f 6/6/1 7/7/1 8/8/1
f 9/9/1 8/8/1 7/7/1
f 8/8/1 9/9/1 10/10/1
f 11/11/4 10/10/1 9/9/1
f 10/10/1 11/11/4 12/12/5
f 12/12/5 11/11/4 13/13/6
f 14/14/7 16/15/8 15/16/9
f 15/16/9 16/15/8 17/17/10
f 16/15/8 18/18/11 17/17/10
f 18/18/11 16/15/8 19/19/12
f 19/19/12 20/20/13 18/18/11
f 20/20/13 19/19/12 21/21/13
f 20/20/13 21/21/13 22/22/14
f 20/20/13 22/22/14 23/23/15
f 23/23/15 22/22/14 24/24/16
f 24/24/16 25/25/17 23/23/15
f 24/24/16 26/26/18 25/25/17
f 26/26/18 24/24/16 27/27/19
f 28/28/19 27/27/19 24/24/16
f 27/27/19 28/28/19 29/29/19
f 31/30/20 32/31/21 30/14/22
f 30/14/22 32/31/21 33/15/21
f 32/31/21 34/19/21 33/15/21
f 34/19/21 32/31/21 35/32/21
f 35/32/21 36/21/21 34/19/21
f 36/21/21 35/32/21 37/33/21
f 37/33/21 38/22/21 36/21/21
f 38/22/21 37/33/21 39/34/21
f 39/34/21 40/24/21 38/22/21
f 40/24/21 39/34/21 41/28/21
f 43/35/23 44/36/24 42/14/25
f 44/36/24 43/35/23 45/37/26
f 46/38/27 44/36/24 45/37/26
f 46/38/27 47/39/28 44/36/24
f 48/40/29 47/39/28 46/38/27
f 48/40/29 49/41/29 47/39/28
f 48/40/29 50/42/30 49/41/29
f 50/42/30 48/40/29 51/43/31
f 51/43/31 52/44/32 50/42/30
f 52/44/32 51/43/31 53/45/33
f 52/44/32 53/45/33 54/46/34
f 55/47/35 52/44/32 54/46/34
f 56/48/35 52/44/32 55/47/35
f 57/49/35 56/48/35 55/47/35
f 58/14/36 60/50/37 59/51/38
f 60/50/37 58/14/36 61/36/37
f 62/39/37 60/50/37 61/36/37
f 62/39/37 63/52/37 60/50/37
f 63/52/37 62/39/37 64/41/37
f 64/41/37 65/53/37 63/52/37
f 65/53/37 64/41/37 66/42/37
f 66/42/37 67/54/37 65/53/37
f 67/54/37 66/42/37 68/44/37
f 68/44/37 69/48/37 67/54/37
usemtl Meshpart2Mtl.004
f 72/1/39 71/2/40 70/3/41
f 71/2/40 72/1/39 73/4/39
f 74/5/39 73/4/39 72/1/39
f 73/4/39 74/5/39 75/6/39
f 76/7/39 75/6/39 74/5/39
f 75/6/39 76/7/39 77/8/39
f 78/9/39 77/8/39 76/7/39
f 77/8/39 78/9/39 79/10/39
f 80/11/42 79/10/39 78/9/39
f 79/10/39 80/11/42 81/12/43
f 81/12/43 80/11/42 82/13/44
f 83/14/45 85/15/46 84/16/47
f 84/16/47 85/15/46 86/17/48
f 85/15/46 87/18/49 86/17/48
f 87/18/49 85/15/46 88/19/50
f 88/19/50 89/20/51 87/18/49
f 89/20/51 88/19/50 90/21/52
f 89/20/51 90/21/52 91/22/53
f 89/20/51 91/22/53 92/23/54
f 92/23/54 91/22/53 93/24/55
f 93/24/55 94/25/56 92/23/54
f 93/24/55 95/26/57 94/25/56
f 95/26/57 93/24/55 96/27/58
f 97/28/58 96/27/58 93/24/55
f 96/27/58 97/28/58 98/29/59
f 100/30/60 101/31/61 99/14/62
f 99/14/62 101/31/61 102/15/61
f 101/31/61 103/19/61 102/15/61
f 103/19/61 101/31/61 104/32/61
f 104/32/61 105/21/61 103/19/61
f 105/21/61 104/32/61 106/33/61
f 106/33/61 107/22/61 105/21/61
f 107/22/61 106/33/61 108/34/61
f 108/34/61 109/24/61 107/22/61
f 109/24/61 108/34/61 110/28/61
f 112/35/63 113/36/64 111/14/65
f 113/36/64 112/35/63 114/37/66
f 115/38/67 113/36/64 114/37/66
f 115/38/67 116/39/68 113/36/64
f 117/40/69 116/39/68 115/38/67
f 117/40/69 118/41/70 116/39/68
f 117/40/69 119/42/71 118/41/70
f 119/42/71 117/40/69 120/43/72
f 120/43/72 121/44/73 119/42/71
f 121/44/73 120/43/72 122/45/74
f 121/44/73 122/45/74 123/46/75
f 124/47/76 121/44/73 123/46/75
f 125/48/77 121/44/73 124/47/76
f 126/49/77 125/48/77 124/47/76
f 127/14/78 129/50/79 128/51/80
f 129/50/79 127/14/78 130/36/79
f 131/39/79 129/50/79 130/36/79
f 131/39/79 132/52/79 129/50/79
f 132/52/79 131/39/79 133/41/79
f 133/41/79 134/53/79 132/52/79
f 134/53/79 133/41/79 135/42/79
f 135/42/79 136/54/79 134/53/79
f 136/54/79 135/42/79 137/44/79
f 137/44/79 138/48/79 136/54/79
usemtl Meshpart1Mtl.001
f 139/55/81 141/56/82 140/57/83
f 141/56/82 139/55/81 142/58/84
f 143/59/85 141/56/82 142/58/84
f 141/56/82 143/59/85 144/60/86
f 147/61/87 146/62/88 145/63/89
f 148/64/90 147/61/87 145/63/89
f 149/65/91 147/61/87 148/64/90
f 147/61/87 149/65/91 150/66/92
f 151/67/93 153/68/94 152/69/95
f 153/68/94 151/67/93 154/70/96
f 155/71/97 153/68/94 154/70/96
f 153/68/94 155/71/97 156/72/98
f 159/73/99 157/74/100 158/75/101
f 157/74/100 159/73/99 160/76/102
f 160/76/102 159/73/99 161/77/103
f 162/78/104 161/77/103 159/73/99
f 165/79/105 163/80/106 164/81/107
f 163/80/106 165/79/105 166/82/108
f 165/79/105 167/83/109 166/82/108
f 167/83/109 165/79/105 168/84/110
f 171/85/111 170/86/112 169/87/113
f 170/86/112 171/85/111 172/88/114
f 172/88/114 171/85/111 173/89/115
f 174/90/116 173/89/115 171/85/111
f 176/91/117 177/92/118 175/93/119
f 177/92/118 176/91/117 178/94/120
f 179/95/121 177/92/118 178/94/120
f 180/96/122 177/92/118 179/95/121
f 181/93/123 183/97/124 182/98/125
f 183/97/124 181/93/123 184/92/126
f 185/96/127 183/97/124 184/92/126
f 185/96/127 186/99/127 183/97/124
f 187/100/128 189/79/129 188/81/130
f 189/79/129 187/100/128 190/101/131
f 191/102/132 189/79/129 190/101/131
f 192/84/133 189/79/129 191/102/132
f 193/103/134 194/68/135 195/104/136
f 194/68/135 196/105/137 195/104/136
f 194/68/135 193/103/134 197/69/138
f 194/68/135 198/72/139 196/105/137
f 199/106/140 200/107/141 201/108/142
f 200/107/141 199/106/140 202/109/143
f 199/106/140 203/110/144 202/109/143
f 203/110/144 199/106/140 204/111/145
f 207/112/146 205/113/147 206/114/148
f 206/114/148 209/115/149 207/112/146
f 210/116/150 207/112/146 209/115/149
f 207/112/146 210/116/150 208/117/151
f 211/118/152 215/119/153 213/120/154
f 214/121/155 216/122/156 212/123/157
f 217/124/158 213/120/154 215/119/153
f 216/122/156 214/121/155 218/125/159
f 215/119/153 219/126/160 217/124/158
f 220/127/161 216/122/156 218/125/159
f 219/126/160 215/119/153 221/128/162
f 216/122/156 220/127/161 222/129/163
f 224/130/164 225/131/165 223/132/166
f 225/131/165 224/130/164 227/133/167
f 229/134/168 225/131/165 227/133/167
f 226/135/169 230/136/170 228/137/171
f 225/131/165 229/134/168 231/138/172
f 232/139/173 228/137/171 230/136/170
f 230/136/170 233/140/174 232/139/173
f 233/140/174 230/136/170 234/141/175
f 239/142/176 237/143/177 235/138/178
f 238/144/179 240/145/180 236/141/181
f 237/143/177 239/142/176 241/146/182
f 240/145/180 238/144/179 242/147/183
f 243/148/184 241/146/182 239/142/176
f 244/149/185 240/145/180 242/147/183
f 243/148/184 239/142/176 245/132/186
f 240/145/180 244/149/185 246/135/187
f 247/150/188 248/151/189 249/152/190
f 248/151/189 250/153/191 249/152/190
f 248/151/189 247/150/188 251/154/192
f 250/153/191 248/151/189 252/155/193
f 255/156/194 257/157/195 253/158/196
f 257/157/195 256/159/197 254/160/198
f 255/156/194 258/161/199 257/157/195
f 256/159/197 257/157/195 258/161/199
f 261/162/200 260/163/201 259/164/202
f 260/163/201 261/162/200 263/165/203
f 261/162/200 265/166/204 263/165/203
f 264/167/205 266/168/206 262/169/207
f 265/166/204 261/162/200 267/170/208
f 264/167/205 268/171/209 266/168/206
f 269/172/210 266/168/206 268/171/209
f 266/168/206 269/172/210 270/173/211
f 275/56/212 271/174/213 273/175/214
f 272/176/215 275/56/212 274/177/216
f 271/174/213 275/56/212 276/58/217
f 275/56/212 272/176/215 276/58/217
f 279/64/218 277/178/219 278/179/220
f 278/179/220 280/180/221 279/64/218
f 281/181/222 279/64/218 280/180/221
f 279/64/218 281/181/222 282/182/223
f 283/182/224 284/61/225 285/64/226
f 286/178/227 285/64/226 284/61/225
f 284/61/225 283/182/224 287/183/228
f 286/178/227 284/61/225 288/184/229
f 290/185/230 291/70/231 289/186/232
f 291/70/231 290/185/230 292/187/233
f 293/188/234 291/70/231 292/187/233
f 291/70/231 293/188/234 294/189/235
f 299/68/236 295/189/237 297/190/238
f 298/191/239 296/186/240 299/68/236
f 295/189/237 299/68/236 300/70/241
f 299/68/236 296/186/240 300/70/241
f 303/73/242 301/192/243 302/193/244
f 301/192/243 303/73/242 304/76/245
f 305/194/246 304/76/245 303/73/242
f 305/194/246 303/73/242 306/195/247
f 307/104/248 308/196/249 309/82/250
f 309/82/250 310/197/251 307/104/248
f 311/198/252 309/82/250 308/196/249
f 310/197/251 309/82/250 312/199/253
f 315/88/254 313/200/255 314/201/256
f 314/201/256 316/202/257 315/88/254
f 317/203/258 315/88/254 316/202/257
f 315/88/254 317/203/258 318/204/259
f 319/79/260 320/199/261 321/82/262
f 319/79/260 321/82/262 322/198/263
f 320/199/261 319/79/260 323/205/264
f 324/206/265 319/79/260 322/198/263
f 327/85/266 325/204/267 326/207/268
f 325/204/267 327/85/266 328/88/269
f 329/200/270 328/88/269 327/85/266
f 329/200/270 327/85/266 330/208/271
f 331/209/272 332/97/273 333/210/274
f 332/97/273 331/209/272 334/101/275
f 334/101/275 335/211/276 332/97/273
f 336/212/277 332/97/273 335/211/276
f 337/213/278 338/92/279 339/214/280
f 340/94/281 339/214/280 338/92/279
f 338/92/279 341/215/282 340/94/281
f 341/215/282 338/92/279 342/216/283
f 343/216/284 344/97/285 345/212/284
f 344/97/285 343/216/284 346/92/286
f 346/92/286 347/213/287 344/97/285
f 347/213/287 348/210/287 344/97/285
f 353/85/288 349/207/289 351/214/290
f 353/85/288 352/215/291 350/208/292
f 353/85/288 351/214/290 354/94/293
f 352/215/291 353/85/288 354/94/293
f 355/79/294 356/211/295 357/101/296
f 357/101/296 358/209/297 355/79/294
f 356/211/295 355/79/294 359/206/298
f 360/205/299 355/79/294 358/209/297
f 363/73/300 362/201/301 361/195/302
f 362/201/301 363/73/300 364/202/303
f 363/73/300 365/203/304 364/202/303
f 363/73/300 366/193/305 365/203/304
f 369/68/306 367/197/307 368/191/308
f 367/197/307 369/68/306 370/104/309
f 371/196/310 370/104/309 369/68/306
f 371/196/310 369/68/306 372/190/311
f 373/61/312 374/194/313 375/184/314
f 374/194/313 373/61/312 376/76/293
f 373/61/312 377/192/315 376/76/293
f 373/61/312 378/183/316 377/192/315
f 381/56/317 380/185/318 379/177/319
f 380/185/318 381/56/317 382/187/320
f 383/188/321 382/187/320 381/56/317
f 383/188/321 381/56/317 384/175/322
f 387/56/323 385/59/324 386/60/325
f 385/59/324 387/56/323 388/58/326
f 388/58/326 387/56/323 389/55/327
f 390/57/328 389/55/327 387/56/323
f 393/61/329 391/65/330 392/66/331
f 391/65/330 393/61/329 394/64/332
f 393/61/329 395/63/333 394/64/332
f 395/63/333 393/61/329 396/62/334
f 399/68/335 397/71/336 398/72/337
f 397/71/336 399/68/335 400/70/338
f 400/70/338 399/68/335 401/67/339
f 402/69/340 401/67/339 399/68/335
f 403/77/341 405/73/342 404/78/343
f 405/73/342 403/77/341 406/76/344
f 407/74/345 405/73/342 406/76/344
f 405/73/342 407/74/345 408/75/346
f 409/83/347 411/79/348 410/84/349
f 411/79/348 409/83/347 412/82/350
f 413/80/351 411/79/348 412/82/350
f 413/80/351 414/81/352 411/79/348
f 415/89/353 417/85/354 416/90/355
f 417/85/354 415/89/353 418/88/356
f 419/86/357 417/85/354 418/88/356
f 417/85/354 419/86/357 420/87/358
f 423/92/359 421/95/360 422/96/361
f 424/94/362 421/95/360 423/92/359
f 423/92/359 425/91/363 424/94/362
f 425/91/363 423/92/359 426/93/364
f 429/97/365 427/96/366 428/99/366
f 429/97/365 430/92/367 427/96/366
f 429/97/365 431/93/368 430/92/367
f 431/93/368 429/97/365 432/98/368
f 435/79/369 433/102/370 434/84/371
f 436/101/372 433/102/370 435/79/369
f 435/79/369 437/100/373 436/101/372
f 437/100/373 435/79/369 438/81/374
f 443/68/375 441/72/376 439/105/377
f 443/68/375 440/103/378 442/69/379
f 439/105/377 444/104/380 443/68/375
f 440/103/378 443/68/375 444/104/380
f 445/217/381 446/218/381 447/219/381
f 446/218/381 445/217/381 448/220/381
f 445/217/381 447/219/381 449/221/381
f 446/218/381 450/222/381 447/219/381
f 447/219/381 450/222/381 451/223/381
f 450/222/381 446/218/381 452/224/381
f 453/217/382 454/225/383 455/220/384
f 454/225/383 453/217/382 456/226/385
f 453/217/382 457/227/386 456/226/385
f 457/227/386 453/217/382 458/221/387
f 461/222/388 459/224/389 460/228/390
f 460/228/390 463/229/391 461/222/388
f 464/230/392 461/222/388 463/229/391
f 461/222/388 464/230/392 462/223/393
f 465/157/394 466/231/395 467/232/396
f 468/233/397 465/157/394 467/232/396
f 466/231/395 465/157/394 469/158/398
f 465/157/394 468/233/397 470/160/399
f 475/151/400 473/234/401 471/154/402
f 475/151/400 472/155/403 474/235/404
f 473/234/401 475/151/400 476/236/405
f 474/235/404 476/236/405 475/151/400
f 477/237/406 478/112/407 479/113/408
f 478/112/407 477/237/406 480/238/409
f 481/239/410 478/112/407 480/238/409
f 478/112/407 481/239/410 482/117/411
f 485/106/412 484/240/413 483/108/414
f 484/240/413 485/106/412 487/241/415
f 488/242/416 487/241/415 485/106/412
f 488/242/416 485/106/412 486/111/417
f 489/176/418 490/58/419 491/56/420
f 492/174/421 491/56/420 490/58/419
f 489/176/418 491/56/420 493/177/422
f 491/56/420 492/174/421 494/175/423
f 497/64/424 496/181/425 495/182/426
f 496/181/425 497/64/424 498/180/427
f 497/64/424 499/179/428 498/180/427
f 499/179/428 497/64/424 500/178/429
f 503/184/430 501/178/431 505/61/432
f 505/61/432 502/182/433 504/183/434
f 505/61/432 501/178/431 506/64/435
f 502/182/433 505/61/432 506/64/435
f 509/70/436 508/188/437 507/189/438
f 508/188/437 509/70/436 510/187/439
f 511/185/440 510/187/439 509/70/436
f 509/70/436 512/186/441 511/185/440
f 513/186/442 514/70/443 515/68/444
f 516/189/445 515/68/444 514/70/443
f 513/186/442 515/68/444 517/191/446
f 515/68/444 516/189/445 518/190/447
f 519/194/448 520/73/449 521/195/450
f 520/73/449 519/194/448 522/76/451
f 523/192/452 520/73/449 522/76/451
f 520/73/449 523/192/452 524/193/453
f 527/197/454 529/82/455 525/199/456
f 529/82/455 528/196/457 526/198/458
f 529/82/455 527/197/454 530/104/459
f 528/196/457 529/82/455 530/104/459
f 533/88/460 532/203/461 531/204/462
f 532/203/461 533/88/460 534/202/463
f 533/88/460 535/201/464 534/202/463
f 535/201/464 533/88/460 536/200/465
f 541/79/466 537/198/467 539/206/468
f 538/199/469 541/79/466 540/205/470
f 537/198/467 541/79/466 542/82/471
f 541/79/466 538/199/469 542/82/471
f 543/208/472 544/200/473 545/85/474
f 545/85/474 544/200/473 546/88/475
f 547/204/476 545/85/474 546/88/475
f 545/85/474 547/204/476 548/207/477
f 551/97/478 550/211/479 549/212/480
f 550/211/479 551/97/478 553/101/481
f 551/97/478 554/209/482 553/101/481
f 554/209/482 551/97/478 552/210/483
f 555/215/484 557/92/485 556/216/486
f 557/92/485 555/215/484 558/94/487
f 559/214/488 557/92/485 558/94/487
f 560/213/489 557/92/485 559/214/488
f 563/97/490 561/213/491 562/210/492
f 561/213/491 563/97/490 564/92/493
f 563/97/490 565/216/494 564/92/493
f 565/216/494 563/97/490 566/212/494
f 567/215/495 568/85/496 569/94/497
f 570/214/498 569/94/497 568/85/496
f 568/85/496 567/215/495 571/208/499
f 570/214/498 568/85/496 572/207/500
f 575/205/501 577/79/502 573/209/503
f 574/211/504 577/79/502 576/206/505
f 573/209/503 577/79/502 578/101/506
f 577/79/502 574/211/504 578/101/506
f 580/203/507 581/73/508 579/193/509
f 580/203/507 582/202/510 581/73/508
f 583/201/511 581/73/508 582/202/510
f 581/73/508 583/201/511 584/195/512
f 587/68/513 586/190/514 585/196/515
f 587/68/513 585/196/515 588/104/516
f 589/197/517 587/68/513 588/104/516
f 587/68/513 589/197/517 590/191/518
f 592/192/519 593/61/520 591/183/521
f 592/192/519 595/76/497 593/61/520
f 596/194/522 593/61/520 595/76/497
f 593/61/520 596/194/522 594/184/523
f 599/56/524 597/175/525 598/188/526
f 599/56/524 598/188/526 600/187/527
f 601/185/528 599/56/524 600/187/527
f 599/56/524 601/185/528 602/177/529
f 713/263/614 714/264/615 712/265/614
f 712/265/614 714/264/615 715/266/616
f 714/264/615 716/267/617 715/266/616
f 715/266/616 716/267/617 717/268/618
f 716/267/617 718/269/619 717/268/618
f 717/268/618 718/269/619 719/270/620
f 718/269/619 720/271/621 719/270/620
f 720/271/621 718/269/619 721/272/622
f 721/272/622 722/273/623 720/271/621
f 722/273/623 721/272/622 723/274/624
f 724/275/625 725/276/626 726/277/626
f 726/277/626 725/276/626 727/278/627
f 725/276/626 724/275/625 728/279/628
f 727/278/627 725/276/626 729/280/629
f 724/275/625 730/281/630 728/279/628
f 727/278/627 729/280/629 731/282/631
f 732/283/632 730/281/630 724/275/625
f 731/282/631 733/284/633 727/278/627
f 732/283/632 734/285/634 730/281/630
f 734/285/634 735/286/635 730/281/630
f 735/286/635 734/285/634 736/287/636
f 735/286/635 736/287/636 737/288/637
f 734/285/634 732/283/632 738/289/638
f 739/290/639 738/289/638 732/283/632
f 738/289/638 739/290/639 740/291/640
f 740/291/640 739/290/639 741/292/641
f 731/282/631 742/293/642 733/284/633
f 733/284/633 742/293/642 743/294/643
f 743/294/643 742/293/642 744/295/644
f 743/294/643 744/295/644 745/296/645
f 742/293/642 731/282/631 746/297/646
f 747/298/647 746/297/646 731/282/631
f 746/297/646 747/298/647 748/299/648
f 748/299/648 747/298/647 749/300/649
f 752/301/650 751/302/651 750/303/652
f 753/304/653 752/301/650 750/303/652
f 755/305/654 752/301/650 753/304/653
f 752/301/650 755/305/654 757/306/655
f 758/307/656 754/308/657 756/309/658
f 759/310/659 757/306/655 755/305/654
f 754/308/657 758/307/656 760/311/660
f 757/306/655 759/310/659 761/312/659
f 758/307/656 762/313/661 760/311/660
f 761/312/659 759/310/659 763/314/578
f 762/313/661 758/307/656 764/315/662
f 759/310/659 765/316/578 763/314/578
f 766/317/578 762/313/661 764/315/662
f 766/317/578 763/314/578 765/316/578
f 766/317/578 764/315/662 767/318/578
f 763/314/578 766/317/578 767/318/578
f 769/274/663 768/273/664 770/272/665
f 768/273/664 771/271/666 770/272/665
f 772/269/667 770/272/665 771/271/666
f 771/271/666 773/270/668 772/269/667
f 774/267/669 772/269/667 773/270/668
f 773/270/668 775/268/670 774/267/669
f 776/266/671 774/267/669 775/268/670
f 774/267/669 776/266/671 777/264/672
f 778/265/673 777/264/672 776/266/671
f 777/264/672 778/265/673 779/263/674
f 780/319/675 781/320/676 782/321/677
f 780/319/675 783/276/381 781/320/676
f 784/277/381 783/276/381 780/319/675
f 782/321/677 781/320/676 785/322/678
f 783/276/381 784/277/381 786/323/679
f 786/323/679 787/324/680 783/276/381
f 787/324/680 786/323/679 788/325/681
f 788/325/681 789/326/682 787/324/680
f 785/322/678 790/327/683 782/321/677
f 790/327/683 791/328/684 782/321/677
f 791/328/684 790/327/683 792/329/685
f 791/328/684 792/329/685 793/330/686
f 790/327/683 785/322/678 794/331/687
f 795/332/688 794/331/687 785/322/678
f 794/331/687 795/332/688 796/333/689
f 796/333/689 795/332/688 797/334/690
f 788/325/681 798/335/691 789/326/682
f 789/326/682 798/335/691 799/336/692
f 799/336/692 798/335/691 800/337/693
f 799/336/692 800/337/693 801/338/694
f 798/335/691 788/325/681 802/339/695
f 803/340/696 802/339/695 788/325/681
f 802/339/695 803/340/696 804/341/697
f 804/341/697 803/340/696 805/342/698
f 806/314/613 807/317/613 808/318/613
f 807/317/613 809/315/699 808/318/613
f 807/317/613 806/314/613 810/316/613
f 809/315/699 807/317/613 811/313/700
f 806/314/613 812/310/613 810/316/613
f 813/307/701 809/315/699 811/313/700
f 812/310/613 806/314/613 814/312/613
f 813/307/701 811/313/700 815/311/702
f 816/306/703 812/310/613 814/312/613
f 817/308/704 813/307/701 815/311/702
f 812/310/613 816/306/703 818/305/705
f 813/307/701 817/308/704 819/309/706
f 820/301/707 818/305/705 816/306/703
f 821/304/708 818/305/705 820/301/707
f 820/301/707 822/303/709 821/304/708
f 822/303/709 820/301/707 823/302/710
usemtl Meshpart2Mtl.001
f 603/243/530 604/244/531 605/245/532
f 604/244/531 603/243/530 606/246/533
f 605/245/532 607/247/534 603/243/530
f 607/247/534 605/245/532 608/248/535
f 608/248/535 609/249/536 607/247/534
f 609/249/536 608/248/535 610/250/537
f 611/3/538 609/249/536 610/250/537
f 609/249/536 611/3/538 612/2/539
f 613/1/540 612/2/539 611/3/538
f 612/2/539 613/1/540 614/4/540
f 615/5/540 614/4/540 613/1/540
f 614/4/540 615/5/540 616/6/540
f 617/7/540 616/6/540 615/5/540
f 616/6/540 617/7/540 618/8/540
f 619/9/540 618/8/540 617/7/540
f 618/8/540 619/9/540 620/10/540
f 621/11/541 620/10/540 619/9/540
f 620/10/540 621/11/541 622/12/542
f 622/12/542 621/11/541 623/13/543
f 624/251/544 625/252/545 626/253/546
f 627/254/547 626/253/546 625/252/545
f 624/251/544 628/255/548 625/252/545
f 628/255/548 624/251/544 629/256/549
f 628/255/548 629/256/549 630/257/550
f 628/255/548 630/257/550 631/258/551
f 631/258/551 630/257/550 632/14/552
f 631/258/551 632/14/552 633/16/553
f 632/14/552 634/15/554 633/16/553
f 633/16/553 634/15/554 635/17/555
f 634/15/554 636/18/556 635/17/555
f 636/18/556 634/15/554 637/19/557
f 637/19/557 638/20/558 636/18/556
f 638/20/558 637/19/557 639/21/559
f 638/20/558 639/21/559 640/22/560
f 638/20/558 640/22/560 641/23/561
f 641/23/561 640/22/560 642/24/562
f 642/24/562 643/25/563 641/23/561
f 642/24/562 644/26/564 643/25/563
f 644/26/564 642/24/562 645/27/565
f 646/28/566 645/27/565 642/24/562
f 645/27/565 646/28/566 647/29/567
f 648/251/568 649/259/569 650/260/570
f 651/253/571 649/259/569 648/251/568
f 649/259/569 651/253/571 652/261/572
f 648/251/568 650/260/570 653/256/573
f 650/260/570 654/257/574 653/256/573
f 654/257/574 650/260/570 655/262/575
f 655/262/575 656/14/576 654/257/574
f 656/14/576 655/262/575 657/30/577
f 657/30/577 658/31/578 656/14/576
f 656/14/576 658/31/578 659/15/578
f 658/31/578 660/19/578 659/15/578
f 660/19/578 658/31/578 661/32/578
f 661/32/578 662/21/578 660/19/578
f 662/21/578 661/32/578 663/33/578
f 663/33/578 664/22/578 662/21/578
f 664/22/578 663/33/578 665/34/578
f 665/34/578 666/24/578 664/22/578
f 666/24/578 665/34/578 667/28/578
f 668/257/579 669/260/580 670/262/581
f 669/260/580 668/257/579 671/256/582
f 670/262/581 672/14/583 668/257/579
f 669/260/580 671/256/582 673/251/584
f 672/14/583 670/262/581 674/35/585
f 673/251/584 675/259/586 669/260/580
f 676/253/587 675/259/586 673/251/584
f 675/259/586 676/253/587 677/261/588
f 674/35/585 678/36/589 672/14/583
f 678/36/589 674/35/585 679/37/590
f 680/38/591 678/36/589 679/37/590
f 680/38/591 681/39/592 678/36/589
f 682/40/593 681/39/592 680/38/591
f 682/40/593 683/41/594 681/39/592
f 682/40/593 684/42/595 683/41/594
f 684/42/595 682/40/593 685/43/596
f 685/43/596 686/44/597 684/42/595
f 686/44/597 685/43/596 687/45/598
f 686/44/597 687/45/598 688/46/599
f 689/47/600 686/44/597 688/46/599
f 690/48/601 686/44/597 689/47/600
f 691/49/602 690/48/601 689/47/600
f 692/252/603 693/253/604 694/251/605
f 693/253/604 692/252/603 695/254/606
f 694/251/605 696/255/607 692/252/603
f 696/255/607 694/251/605 697/256/608
f 698/257/609 696/255/607 697/256/608
f 698/257/609 699/258/610 696/255/607
f 700/14/611 699/258/610 698/257/609
f 700/14/611 701/51/612 699/258/610
f 700/14/611 702/50/613 701/51/612
f 702/50/613 700/14/611 703/36/613
f 704/39/613 702/50/613 703/36/613
f 704/39/613 705/52/613 702/50/613
f 705/52/613 704/39/613 706/41/613
f 706/41/613 707/53/613 705/52/613
f 707/53/613 706/41/613 708/42/613
f 708/42/613 709/54/613 707/53/613
f 709/54/613 708/42/613 710/44/613
f 710/44/613 711/48/613 709/54/613
usemtl Meshpart1Mtl
f 824/55/711 826/56/712 825/57/713
f 826/56/712 824/55/711 827/58/714
f 828/59/715 826/56/712 827/58/714
f 826/56/712 828/59/715 829/60/716
f 832/61/717 831/62/718 830/63/719
f 833/64/720 832/61/717 830/63/719
f 834/65/721 832/61/717 833/64/720
f 832/61/717 834/65/721 835/66/722
f 836/67/723 838/68/724 837/69/725
f 838/68/724 836/67/723 839/70/726
f 840/71/727 838/68/724 839/70/726
f 838/68/724 840/71/727 841/72/728
f 844/73/729 842/74/730 843/75/731
f 842/74/730 844/73/729 845/76/732
f 845/76/732 844/73/729 846/77/733
f 847/78/734 846/77/733 844/73/729
f 850/79/735 848/80/736 849/81/737
f 848/80/736 850/79/735 851/82/738
f 850/79/735 852/83/739 851/82/738
f 852/83/739 850/79/735 853/84/740
f 856/85/741 855/86/742 854/87/743
f 855/86/742 856/85/741 857/88/744
f 857/88/744 856/85/741 858/89/745
f 859/90/746 858/89/745 856/85/741
f 861/91/747 862/92/748 860/93/749
f 862/92/748 861/91/747 863/94/750
f 864/95/751 862/92/748 863/94/750
f 865/96/752 862/92/748 864/95/751
f 866/93/753 868/97/754 867/98/753
f 868/97/754 866/93/753 869/92/755
f 870/96/756 868/97/754 869/92/755
f 870/96/756 871/99/757 868/97/754
f 872/100/758 874/79/759 873/81/760
f 874/79/759 872/100/758 875/101/761
f 876/102/762 874/79/759 875/101/761
f 877/84/763 874/79/759 876/102/762
f 878/103/764 879/68/765 880/104/766
f 879/68/765 881/105/767 880/104/766
f 879/68/765 878/103/764 882/69/768
f 879/68/765 883/72/769 881/105/767
f 884/106/770 885/107/771 886/108/772
f 885/107/771 884/106/770 887/109/773
f 884/106/770 888/110/774 887/109/773
f 888/110/774 884/106/770 889/111/775
f 892/112/776 890/113/777 891/114/778
f 891/114/778 894/115/779 892/112/776
f 895/116/780 892/112/776 894/115/779
f 892/112/776 895/116/780 893/117/781
f 896/118/782 900/119/783 898/120/784
f 899/121/785 901/122/786 897/123/787
f 902/124/788 898/120/784 900/119/783
f 901/122/786 899/121/785 903/125/789
f 900/119/783 904/126/790 902/124/788
f 905/127/791 901/122/786 903/125/789
f 904/126/790 900/119/783 906/128/792
f 901/122/786 905/127/791 907/129/793
f 909/130/794 910/131/795 908/132/796
f 910/131/795 909/130/794 912/133/797
f 914/134/798 910/131/795 912/133/797
f 911/135/799 915/136/800 913/137/801
f 910/131/795 914/134/798 916/138/802
f 917/139/803 913/137/801 915/136/800
f 915/136/800 918/140/804 917/139/803
f 918/140/804 915/136/800 919/141/805
f 924/142/806 922/143/807 920/138/808
f 923/144/809 925/145/810 921/141/811
f 922/143/807 924/142/806 926/146/812
f 925/145/810 923/144/809 927/147/813
f 928/148/814 926/146/812 924/142/806
f 929/149/815 925/145/810 927/147/813
f 928/148/814 924/142/806 930/132/816
f 925/145/810 929/149/815 931/135/817
f 932/150/818 933/151/819 934/152/820
f 933/151/819 935/153/821 934/152/820
f 933/151/819 932/150/818 936/154/822
f 935/153/821 933/151/819 937/155/823
f 940/156/824 942/157/825 938/158/826
f 942/157/825 941/159/827 939/160/828
f 940/156/824 943/161/829 942/157/825
f 941/159/827 942/157/825 943/161/829
f 946/162/830 945/163/831 944/164/832
f 945/163/831 946/162/830 948/165/833
f 946/162/830 950/166/834 948/165/833
f 949/167/835 951/168/836 947/169/837
f 950/166/834 946/162/830 952/170/838
f 949/167/835 953/171/839 951/168/836
f 954/172/840 951/168/836 953/171/839
f 951/168/836 954/172/840 955/173/841
f 960/56/842 956/174/843 958/175/844
f 957/176/845 960/56/842 959/177/846
f 956/174/843 960/56/842 961/58/847
f 960/56/842 957/176/845 961/58/847
f 964/64/848 962/178/849 963/179/850
f 963/179/850 965/180/851 964/64/848
f 966/181/852 964/64/848 965/180/851
f 964/64/848 966/181/852 967/182/853
f 968/182/854 969/61/855 970/64/856
f 971/178/857 970/64/856 969/61/855
f 969/61/855 968/182/854 972/183/858
f 971/178/857 969/61/855 973/184/859
f 975/185/860 976/70/861 974/186/862
f 976/70/861 975/185/860 977/187/863
f 978/188/864 976/70/861 977/187/863
f 976/70/861 978/188/864 979/189/865
f 984/68/866 980/189/867 982/190/868
f 983/191/869 981/186/870 984/68/866
f 980/189/867 984/68/866 985/70/871
f 984/68/866 981/186/870 985/70/871
f 988/73/872 986/192/873 987/193/874
f 986/192/873 988/73/872 989/76/875
f 990/194/876 989/76/875 988/73/872
f 990/194/876 988/73/872 991/195/877
f 992/104/878 993/196/879 994/82/880
f 994/82/880 995/197/881 992/104/878
f 996/198/882 994/82/880 993/196/879
f 995/197/881 994/82/880 997/199/883
f 1000/88/884 998/200/885 999/201/886
f 999/201/886 1001/202/887 1000/88/884
f 1002/203/888 1000/88/884 1001/202/887
f 1000/88/884 1002/203/888 1003/204/889
f 1004/79/890 1005/199/891 1006/82/892
f 1004/79/890 1006/82/892 1007/198/893
f 1005/199/891 1004/79/890 1008/205/894
f 1009/206/895 1004/79/890 1007/198/893
f 1012/85/872 1010/204/896 1011/207/897
f 1010/204/896 1012/85/872 1013/88/898
f 1014/200/899 1013/88/898 1012/85/872
f 1014/200/899 1012/85/872 1015/208/900
f 1016/209/901 1017/97/902 1018/210/903
f 1017/97/902 1016/209/901 1019/101/904
f 1019/101/904 1020/211/905 1017/97/902
f 1021/212/906 1017/97/902 1020/211/905
f 1022/213/907 1023/92/908 1024/214/909
f 1025/94/910 1024/214/909 1023/92/908
f 1023/92/908 1026/215/911 1025/94/910
f 1026/215/911 1023/92/908 1027/216/912
f 1028/216/913 1029/97/914 1030/212/915
f 1029/97/914 1028/216/913 1031/92/916
f 1031/92/916 1032/213/917 1029/97/914
f 1032/213/917 1033/210/918 1029/97/914
f 1038/85/919 1034/207/920 1036/214/921
f 1038/85/919 1037/215/922 1035/208/923
f 1038/85/919 1036/214/921 1039/94/924
f 1037/215/922 1038/85/919 1039/94/924
f 1040/79/925 1041/211/926 1042/101/927
f 1042/101/927 1043/209/928 1040/79/925
f 1041/211/926 1040/79/925 1044/206/929
f 1045/205/930 1040/79/925 1043/209/928
f 1048/73/931 1047/201/932 1046/195/933
f 1047/201/932 1048/73/931 1049/202/934
f 1048/73/931 1050/203/935 1049/202/934
f 1048/73/931 1051/193/936 1050/203/935
f 1054/68/937 1052/197/938 1053/191/939
f 1052/197/938 1054/68/937 1055/104/940
f 1056/196/941 1055/104/940 1054/68/937
f 1056/196/941 1054/68/937 1057/190/942
f 1058/61/943 1059/194/944 1060/184/945
f 1059/194/944 1058/61/943 1061/76/946
f 1058/61/943 1062/192/947 1061/76/946
f 1058/61/943 1063/183/948 1062/192/947
f 1066/56/949 1065/185/950 1064/177/951
f 1065/185/950 1066/56/949 1067/187/952
f 1068/188/953 1067/187/952 1066/56/949
f 1068/188/953 1066/56/949 1069/175/954
f 1072/56/955 1070/59/956 1071/60/957
f 1070/59/956 1072/56/955 1073/58/958
f 1073/58/958 1072/56/955 1074/55/959
f 1075/57/960 1074/55/959 1072/56/955
f 1078/61/961 1076/65/962 1077/66/963
f 1076/65/962 1078/61/961 1079/64/964
f 1078/61/961 1080/63/965 1079/64/964
f 1080/63/965 1078/61/961 1081/62/966
f 1084/68/967 1082/71/968 1083/72/969
f 1082/71/968 1084/68/967 1085/70/970
f 1085/70/970 1084/68/967 1086/67/971
f 1087/69/972 1086/67/971 1084/68/967
f 1088/77/973 1090/73/974 1089/78/975
f 1090/73/974 1088/77/973 1091/76/976
f 1092/74/977 1090/73/974 1091/76/976
f 1090/73/974 1092/74/977 1093/75/978
f 1094/83/979 1096/79/980 1095/84/981
f 1096/79/980 1094/83/979 1097/82/982
f 1098/80/983 1096/79/980 1097/82/982
f 1098/80/983 1099/81/984 1096/79/980
f 1100/89/985 1102/85/986 1101/90/987
f 1102/85/986 1100/89/985 1103/88/988
f 1104/86/989 1102/85/986 1103/88/988
f 1102/85/986 1104/86/989 1105/87/990
f 1108/92/991 1106/95/992 1107/96/993
f 1109/94/994 1106/95/992 1108/92/991
f 1108/92/991 1110/91/995 1109/94/994
f 1110/91/995 1108/92/991 1111/93/996
f 1114/97/997 1112/96/998 1113/99/999
f 1114/97/997 1115/92/1000 1112/96/998
f 1114/97/997 1116/93/1001 1115/92/1000
f 1116/93/1001 1114/97/997 1117/98/1001
f 1120/79/1002 1118/102/1003 1119/84/1004
f 1121/101/1005 1118/102/1003 1120/79/1002
f 1120/79/1002 1122/100/1006 1121/101/1005
f 1122/100/1006 1120/79/1002 1123/81/1007
f 1128/68/1008 1126/72/1009 1124/105/1010
f 1128/68/1008 1125/103/1011 1127/69/1012
f 1124/105/1010 1129/104/1013 1128/68/1008
f 1125/103/1011 1128/68/1008 1129/104/1013
f 1130/217/1014 1131/218/1014 1132/219/1014
f 1131/218/1014 1130/217/1014 1133/220/1014
f 1130/217/1014 1132/219/1014 1134/221/1014
f 1131/218/1014 1135/222/1014 1132/219/1014
f 1132/219/1014 1135/222/1014 1136/223/1014
f 1135/222/1014 1131/218/1014 1137/224/1014
f 1138/217/1015 1139/225/1016 1140/220/1017
f 1139/225/1016 1138/217/1015 1141/226/1018
f 1138/217/1015 1142/227/1019 1141/226/1018
f 1142/227/1019 1138/217/1015 1143/221/1020
f 1146/222/1021 1144/224/1022 1145/228/1023
f 1145/228/1023 1148/229/1024 1146/222/1021
f 1149/230/1025 1146/222/1021 1148/229/1024
f 1146/222/1021 1149/230/1025 1147/223/1026
f 1150/157/1027 1151/231/1028 1152/232/1029
f 1153/233/1030 1150/157/1027 1152/232/1029
f 1151/231/1028 1150/157/1027 1154/158/1031
f 1150/157/1027 1153/233/1030 1155/160/1032
f 1160/151/1033 1158/234/1034 1156/154/1035
f 1160/151/1033 1157/155/1036 1159/235/1037
f 1158/234/1034 1160/151/1033 1161/236/1038
f 1159/235/1037 1161/236/1038 1160/151/1033
f 1162/237/1039 1163/112/1040 1164/113/1041
f 1163/112/1040 1162/237/1039 1165/238/1042
f 1166/239/1043 1163/112/1040 1165/238/1042
f 1163/112/1040 1166/239/1043 1167/117/1044
f 1170/106/1045 1169/240/1046 1168/108/1047
f 1169/240/1046 1170/106/1045 1172/241/1048
f 1173/242/1049 1172/241/1048 1170/106/1045
f 1173/242/1049 1170/106/1045 1171/111/1050
f 1174/176/1051 1175/58/1052 1176/56/1053
f 1177/174/1054 1176/56/1053 1175/58/1052
f 1174/176/1051 1176/56/1053 1178/177/1055
f 1176/56/1053 1177/174/1054 1179/175/1056
f 1182/64/1057 1181/181/1058 1180/182/1059
f 1181/181/1058 1182/64/1057 1183/180/1060
f 1182/64/1057 1184/179/1061 1183/180/1060
f 1184/179/1061 1182/64/1057 1185/178/1062
f 1188/184/1063 1186/178/1064 1190/61/1065
f 1190/61/1065 1187/182/1066 1189/183/1067
f 1190/61/1065 1186/178/1064 1191/64/1068
f 1187/182/1066 1190/61/1065 1191/64/1068
f 1194/70/1069 1193/188/1070 1192/189/1071
f 1193/188/1070 1194/70/1069 1195/187/1072
f 1196/185/1073 1195/187/1072 1194/70/1069
f 1194/70/1069 1197/186/1074 1196/185/1073
f 1198/186/1075 1199/70/1076 1200/68/1077
f 1201/189/1078 1200/68/1077 1199/70/1076
f 1198/186/1075 1200/68/1077 1202/191/1079
f 1200/68/1077 1201/189/1078 1203/190/1080
f 1204/194/1081 1205/73/1082 1206/195/1083
f 1205/73/1082 1204/194/1081 1207/76/1084
f 1208/192/1085 1205/73/1082 1207/76/1084
f 1205/73/1082 1208/192/1085 1209/193/1086
f 1212/197/1087 1214/82/1088 1210/199/1089
f 1214/82/1088 1213/196/1090 1211/198/1091
f 1214/82/1088 1212/197/1087 1215/104/1092
f 1213/196/1090 1214/82/1088 1215/104/1092
f 1218/88/1093 1217/203/1094 1216/204/1095
f 1217/203/1094 1218/88/1093 1219/202/1096
f 1218/88/1093 1220/201/1097 1219/202/1096
f 1220/201/1097 1218/88/1093 1221/200/1098
f 1226/79/1099 1222/198/1100 1224/206/1101
f 1223/199/1102 1226/79/1099 1225/205/1103
f 1222/198/1100 1226/79/1099 1227/82/1104
f 1226/79/1099 1223/199/1102 1227/82/1104
f 1228/208/1105 1229/200/1106 1230/85/1107
f 1230/85/1107 1229/200/1106 1231/88/1084
f 1232/204/1108 1230/85/1107 1231/88/1084
f 1230/85/1107 1232/204/1108 1233/207/1109
f 1236/97/1110 1235/211/1111 1234/212/1112
f 1235/211/1111 1236/97/1110 1238/101/1113
f 1236/97/1110 1239/209/1114 1238/101/1113
f 1239/209/1114 1236/97/1110 1237/210/1115
f 1240/215/1116 1242/92/1117 1241/216/1118
f 1242/92/1117 1240/215/1116 1243/94/1119
f 1244/214/1120 1242/92/1117 1243/94/1119
f 1245/213/1121 1242/92/1117 1244/214/1120
f 1248/97/1122 1246/213/1123 1247/210/1123
f 1246/213/1123 1248/97/1122 1249/92/1124
f 1248/97/1122 1250/216/1125 1249/92/1124
f 1250/216/1125 1248/97/1122 1251/212/1125
f 1252/215/1126 1253/85/1127 1254/94/1128
f 1255/214/1129 1254/94/1128 1253/85/1127
f 1253/85/1127 1252/215/1126 1256/208/1130
f 1255/214/1129 1253/85/1127 1257/207/1131
f 1260/205/1132 1262/79/1133 1258/209/1134
f 1259/211/1135 1262/79/1133 1261/206/1136
f 1258/209/1134 1262/79/1133 1263/101/1137
f 1262/79/1133 1259/211/1135 1263/101/1137
f 1265/203/1138 1266/73/1139 1264/193/1140
f 1265/203/1138 1267/202/1141 1266/73/1139
f 1268/201/1142 1266/73/1139 1267/202/1141
f 1266/73/1139 1268/201/1142 1269/195/1143
f 1272/68/1144 1271/190/1145 1270/196/1146
f 1272/68/1144 1270/196/1146 1273/104/1147
f 1274/197/1148 1272/68/1144 1273/104/1147
f 1272/68/1144 1274/197/1148 1275/191/1149
f 1277/192/1150 1278/61/1127 1276/183/1151
f 1277/192/1150 1280/76/1128 1278/61/1127
f 1281/194/1152 1278/61/1127 1280/76/1128
f 1278/61/1127 1281/194/1152 1279/184/1153
f 1284/56/1154 1282/175/1155 1283/188/1156
f 1284/56/1154 1283/188/1156 1285/187/1157
f 1286/185/1158 1284/56/1154 1285/187/1157
f 1284/56/1154 1286/185/1158 1287/177/1159
f 1398/263/1243 1399/264/1244 1397/265/1245
f 1397/265/1245 1399/264/1244 1400/266/1246
f 1399/264/1244 1401/267/1247 1400/266/1246
f 1400/266/1246 1401/267/1247 1402/268/1248
f 1401/267/1247 1403/269/1249 1402/268/1248
f 1402/268/1248 1403/269/1249 1404/270/1250
f 1403/269/1249 1405/271/1251 1404/270/1250
f 1405/271/1251 1403/269/1249 1406/272/1252
f 1406/272/1252 1407/273/1253 1405/271/1251
f 1407/273/1253 1406/272/1252 1408/274/1254
f 1409/275/1255 1410/276/1256 1411/277/1256
f 1411/277/1256 1410/276/1256 1412/278/1257
f 1410/276/1256 1409/275/1255 1413/279/1258
f 1412/278/1257 1410/276/1256 1414/280/1259
f 1409/275/1255 1415/281/1260 1413/279/1258
f 1412/278/1257 1414/280/1259 1416/282/1261
f 1417/283/1262 1415/281/1260 1409/275/1255
f 1416/282/1261 1418/284/1263 1412/278/1257
f 1417/283/1262 1419/285/1264 1415/281/1260
f 1419/285/1264 1420/286/1265 1415/281/1260
f 1420/286/1265 1419/285/1264 1421/287/1266
f 1420/286/1265 1421/287/1266 1422/288/1267
f 1419/285/1264 1417/283/1262 1423/289/1268
f 1424/290/1269 1423/289/1268 1417/283/1262
f 1423/289/1268 1424/290/1269 1425/291/1270
f 1425/291/1270 1424/290/1269 1426/292/1271
f 1416/282/1261 1427/293/1272 1418/284/1263
f 1418/284/1263 1427/293/1272 1428/294/1273
f 1428/294/1273 1427/293/1272 1429/295/1274
f 1428/294/1273 1429/295/1274 1430/296/1275
f 1427/293/1272 1416/282/1261 1431/297/1276
f 1432/298/1277 1431/297/1276 1416/282/1261
f 1431/297/1276 1432/298/1277 1433/299/1278
f 1433/299/1278 1432/298/1277 1434/300/1279
f 1437/301/1280 1436/302/1281 1435/303/1282
f 1438/304/1283 1437/301/1280 1435/303/1282
f 1440/305/1284 1437/301/1280 1438/304/1283
f 1437/301/1280 1440/305/1284 1442/306/1285
f 1443/307/1286 1439/308/1287 1441/309/1288
f 1444/310/1207 1442/306/1285 1440/305/1284
f 1439/308/1287 1443/307/1286 1445/311/1289
f 1442/306/1285 1444/310/1207 1446/312/1207
f 1443/307/1286 1447/313/1290 1445/311/1289
f 1446/312/1207 1444/310/1207 1448/314/1207
f 1447/313/1290 1443/307/1286 1449/315/1291
f 1444/310/1207 1450/316/1207 1448/314/1207
f 1451/317/1207 1447/313/1290 1449/315/1291
f 1451/317/1207 1448/314/1207 1450/316/1207
f 1451/317/1207 1449/315/1291 1452/318/1207
f 1448/314/1207 1451/317/1207 1452/318/1207
f 1454/274/1292 1453/273/1293 1455/272/1294
f 1453/273/1293 1456/271/1295 1455/272/1294
f 1457/269/1296 1455/272/1294 1456/271/1295
f 1456/271/1295 1458/270/1297 1457/269/1296
f 1459/267/1298 1457/269/1296 1458/270/1297
f 1458/270/1297 1460/268/1299 1459/267/1298
f 1461/266/1300 1459/267/1298 1460/268/1299
f 1459/267/1298 1461/266/1300 1462/264/1301
f 1463/265/1302 1462/264/1301 1461/266/1300
f 1462/264/1301 1463/265/1302 1464/263/1303
f 1465/319/1304 1466/320/1305 1467/321/1306
f 1465/319/1304 1468/276/1014 1466/320/1305
f 1469/277/1014 1468/276/1014 1465/319/1304
f 1467/321/1306 1466/320/1305 1470/322/1307
f 1468/276/1014 1469/277/1014 1471/323/1308
f 1471/323/1308 1472/324/1309 1468/276/1014
f 1472/324/1309 1471/323/1308 1473/325/1310
f 1473/325/1310 1474/326/1311 1472/324/1309
f 1470/322/1307 1475/327/1312 1467/321/1306
f 1475/327/1312 1476/328/1313 1467/321/1306
f 1476/328/1313 1475/327/1312 1477/329/1314
f 1476/328/1313 1477/329/1314 1478/330/1315
f 1475/327/1312 1470/322/1307 1479/331/1316
f 1480/332/1317 1479/331/1316 1470/322/1307
f 1479/331/1316 1480/332/1317 1481/333/1318
f 1481/333/1318 1480/332/1317 1482/334/1319
f 1473/325/1310 1483/335/1320 1474/326/1311
f 1474/326/1311 1483/335/1320 1484/336/1321
f 1484/336/1321 1483/335/1320 1485/337/1322
f 1484/336/1321 1485/337/1322 1486/338/1323
f 1483/335/1320 1473/325/1310 1487/339/1324
f 1488/340/1325 1487/339/1324 1473/325/1310
f 1487/339/1324 1488/340/1325 1489/341/1326
f 1489/341/1326 1488/340/1325 1490/342/1327
f 1491/314/1242 1492/317/1242 1493/318/1242
f 1492/317/1242 1494/315/1328 1493/318/1242
f 1492/317/1242 1491/314/1242 1495/316/1242
f 1494/315/1328 1492/317/1242 1496/313/1329
f 1491/314/1242 1497/310/1242 1495/316/1242
f 1498/307/1330 1494/315/1328 1496/313/1329
f 1497/310/1242 1491/314/1242 1499/312/1242
f 1498/307/1330 1496/313/1329 1500/311/1331
f 1501/306/1332 1497/310/1242 1499/312/1242
f 1502/308/1333 1498/307/1330 1500/311/1331
f 1497/310/1242 1501/306/1332 1503/305/1334
f 1498/307/1330 1502/308/1333 1504/309/1335
f 1505/301/1336 1503/305/1334 1501/306/1332
f 1506/304/1337 1503/305/1334 1505/301/1336
f 1505/301/1336 1507/303/1338 1506/304/1337
f 1507/303/1338 1505/301/1336 1508/302/1339
usemtl Meshpart2Mtl
f 1288/243/1160 1289/244/1161 1290/245/1162
f 1289/244/1161 1288/243/1160 1291/246/1161
f 1290/245/1162 1292/247/1163 1288/243/1160
f 1292/247/1163 1290/245/1162 1293/248/1164
f 1293/248/1164 1294/249/1165 1292/247/1163
f 1294/249/1165 1293/248/1164 1295/250/1166
f 1296/3/1167 1294/249/1165 1295/250/1166
f 1294/249/1165 1296/3/1167 1297/2/1168
f 1298/1/1169 1297/2/1168 1296/3/1167
f 1297/2/1168 1298/1/1169 1299/4/1169
f 1300/5/1169 1299/4/1169 1298/1/1169
f 1299/4/1169 1300/5/1169 1301/6/1169
f 1302/7/1169 1301/6/1169 1300/5/1169
f 1301/6/1169 1302/7/1169 1303/8/1169
f 1304/9/1169 1303/8/1169 1302/7/1169
f 1303/8/1169 1304/9/1169 1305/10/1169
f 1306/11/1170 1305/10/1169 1304/9/1169
f 1305/10/1169 1306/11/1170 1307/12/1171
f 1307/12/1171 1306/11/1170 1308/13/1172
f 1309/251/1173 1310/252/1174 1311/253/1175
f 1312/254/1176 1311/253/1175 1310/252/1174
f 1309/251/1173 1313/255/1177 1310/252/1174
f 1313/255/1177 1309/251/1173 1314/256/1178
f 1313/255/1177 1314/256/1178 1315/257/1179
f 1313/255/1177 1315/257/1179 1316/258/1180
f 1316/258/1180 1315/257/1179 1317/14/1181
f 1316/258/1180 1317/14/1181 1318/16/1182
f 1317/14/1181 1319/15/1183 1318/16/1182
f 1318/16/1182 1319/15/1183 1320/17/1184
f 1319/15/1183 1321/18/1185 1320/17/1184
f 1321/18/1185 1319/15/1183 1322/19/1186
f 1322/19/1186 1323/20/1187 1321/18/1185
f 1323/20/1187 1322/19/1186 1324/21/1188
f 1323/20/1187 1324/21/1188 1325/22/1189
f 1323/20/1187 1325/22/1189 1326/23/1190
f 1326/23/1190 1325/22/1189 1327/24/1191
f 1327/24/1191 1328/25/1192 1326/23/1190
f 1327/24/1191 1329/26/1193 1328/25/1192
f 1329/26/1193 1327/24/1191 1330/27/1194
f 1331/28/1195 1330/27/1194 1327/24/1191
f 1330/27/1194 1331/28/1195 1332/29/1196
f 1333/251/1197 1334/259/1198 1335/260/1199
f 1336/253/1200 1334/259/1198 1333/251/1197
f 1334/259/1198 1336/253/1200 1337/261/1201
f 1333/251/1197 1335/260/1199 1338/256/1202
f 1335/260/1199 1339/257/1203 1338/256/1202
f 1339/257/1203 1335/260/1199 1340/262/1204
f 1340/262/1204 1341/14/1205 1339/257/1203
f 1341/14/1205 1340/262/1204 1342/30/1206
f 1342/30/1206 1343/31/1207 1341/14/1205
f 1341/14/1205 1343/31/1207 1344/15/1207
f 1343/31/1207 1345/19/1207 1344/15/1207
f 1345/19/1207 1343/31/1207 1346/32/1207
f 1346/32/1207 1347/21/1207 1345/19/1207
f 1347/21/1207 1346/32/1207 1348/33/1207
f 1348/33/1207 1349/22/1207 1347/21/1207
f 1349/22/1207 1348/33/1207 1350/34/1207
f 1350/34/1207 1351/24/1207 1349/22/1207
f 1351/24/1207 1350/34/1207 1352/28/1207
f 1353/257/1208 1354/260/1209 1355/262/1210
f 1354/260/1209 1353/257/1208 1356/256/1211
f 1355/262/1210 1357/14/1212 1353/257/1208
f 1354/260/1209 1356/256/1211 1358/251/1213
f 1357/14/1212 1355/262/1210 1359/35/1214
f 1358/251/1213 1360/259/1215 1354/260/1209
f 1361/253/1216 1360/259/1215 1358/251/1213
f 1360/259/1215 1361/253/1216 1362/261/1217
f 1359/35/1214 1363/36/1218 1357/14/1212
f 1363/36/1218 1359/35/1214 1364/37/1219
f 1365/38/1220 1363/36/1218 1364/37/1219
f 1365/38/1220 1366/39/1221 1363/36/1218
f 1367/40/1222 1366/39/1221 1365/38/1220
f 1367/40/1222 1368/41/1223 1366/39/1221
f 1367/40/1222 1369/42/1224 1368/41/1223
f 1369/42/1224 1367/40/1222 1370/43/1225
f 1370/43/1225 1371/44/1226 1369/42/1224
f 1371/44/1226 1370/43/1225 1372/45/1227
f 1371/44/1226 1372/45/1227 1373/46/1228
f 1374/47/1229 1371/44/1226 1373/46/1228
f 1375/48/1230 1371/44/1226 1374/47/1229
f 1376/49/1231 1375/48/1230 1374/47/1229
f 1377/252/1232 1378/253/1233 1379/251/1234
f 1378/253/1233 1377/252/1232 1380/254/1235
f 1379/251/1234 1381/255/1236 1377/252/1232
f 1381/255/1236 1379/251/1234 1382/256/1237
f 1383/257/1238 1381/255/1236 1382/256/1237
f 1383/257/1238 1384/258/1239 1381/255/1236
f 1385/14/1240 1384/258/1239 1383/257/1238
f 1385/14/1240 1386/51/1241 1384/258/1239
f 1385/14/1240 1387/50/1242 1386/51/1241
f 1387/50/1242 1385/14/1240 1388/36/1242
f 1389/39/1242 1387/50/1242 1388/36/1242
f 1389/39/1242 1390/52/1242 1387/50/1242
f 1390/52/1242 1389/39/1242 1391/41/1242
f 1391/41/1242 1392/53/1242 1390/52/1242
f 1392/53/1242 1391/41/1242 1393/42/1242
f 1393/42/1242 1394/54/1242 1392/53/1242
f 1394/54/1242 1393/42/1242 1395/44/1242
f 1395/44/1242 1396/48/1242 1394/54/1242
o Fist
v -0.796148 0.338942 -0.241580
v -0.786570 -0.431103 0.501920
v -0.793091 0.325666 0.515216
v -0.789630 -0.417832 -0.254876
v 1.746818 0.347711 0.505360
v 1.750283 -0.395786 -0.264730
v 1.743765 0.360988 -0.251435
v 1.753335 -0.409057 0.492062
v 1.717011 -0.440950 -0.265389
v 1.716444 -0.395291 -0.309473
v 1.750283 -0.395786 -0.264730
v 1.743765 0.360988 -0.251435
v 1.709927 0.361473 -0.296173
v 1.709721 0.405565 -0.250515
v 1.720063 -0.454220 0.491404
v 1.753335 -0.409057 0.492062
v 1.719858 -0.410136 0.537066
v 1.713340 0.346639 0.550361
v 1.746818 0.347711 0.505360
v 1.712773 0.392287 0.506279
v -0.755583 -0.462408 -0.255795
v -0.789630 -0.417832 -0.254876
v -0.756141 -0.416758 -0.299873
v -0.762660 0.340017 -0.286577
v -0.796148 0.338942 -0.241580
v -0.762875 0.384106 -0.240922
v -0.752535 -0.475685 0.500998
v -0.752735 -0.431600 0.546659
v -0.786570 -0.431103 0.501920
v -0.793091 0.325666 0.515216
v -0.759251 0.325168 0.559959
v -0.759819 0.370829 0.515874
v 1.750283 -0.395786 -0.264730
v 1.720063 -0.454220 0.491404
v 1.717011 -0.440950 -0.265389
v 1.753335 -0.409057 0.492062
v 1.746818 0.347711 0.505360
v 1.709721 0.405565 -0.250515
v 1.712773 0.392287 0.506279
v 1.743765 0.360988 -0.251435
v -0.786570 -0.431103 0.501920
v -0.789630 -0.417832 -0.254876
v -0.755583 -0.462408 -0.255795
v -0.752535 -0.475685 0.500998
v -0.796148 0.338942 -0.241580
v -0.793091 0.325666 0.515216
v -0.759819 0.370829 0.515874
v -0.762875 0.384106 -0.240922
v 1.719858 -0.410136 0.537066
v -0.752735 -0.431600 0.546659
v -0.752535 -0.475685 0.500998
v 1.720063 -0.454220 0.491404
v 1.712773 0.392287 0.506279
v -0.759819 0.370829 0.515874
v -0.759251 0.325168 0.559959
v 1.713340 0.346639 0.550361
v -0.756141 -0.416758 -0.299873
v 1.716444 -0.395291 -0.309473
v 1.717011 -0.440950 -0.265389
v -0.755583 -0.462408 -0.255795
v -0.762875 0.384106 -0.240922
v 1.709721 0.405565 -0.250515
v 1.709927 0.361473 -0.296173
v -0.762660 0.340017 -0.286577
v 1.709927 0.361473 -0.296173
v -0.756141 -0.416758 -0.299873
v -0.762660 0.340017 -0.286577
v 1.716444 -0.395291 -0.309473
v -0.759819 0.370829 0.515874
v 1.712773 0.392287 0.506279
v 1.709721 0.405565 -0.250515
v -0.762875 0.384106 -0.240922
v -0.759251 0.325168 0.559959
v 1.719858 -0.410136 0.537066
v 1.713340 0.346639 0.550361
v -0.752735 -0.431600 0.546659
v -0.755583 -0.462408 -0.255795
v 1.717011 -0.440950 -0.265389
v 1.720063 -0.454220 0.491404
v -0.752535 -0.475685 0.500998
v -0.802679 0.340819 -0.243424
v -0.793100 -0.433095 0.503811
v -0.799622 0.327462 0.517192
v -0.796155 -0.419745 -0.256800
v 1.753342 0.349624 0.507286
v 1.756814 -0.397586 -0.266706
v 1.750289 0.362968 -0.253326
v 1.759869 -0.410934 0.493907
v 1.720130 -0.446789 -0.267789
v 1.719500 -0.397470 -0.315469
v 1.756814 -0.397586 -0.266706
v 1.750289 0.362968 -0.253326
v 1.712965 0.363919 -0.302081
v 1.712759 0.411529 -0.252723
v 1.723224 -0.460146 0.493577
v 1.759869 -0.410934 0.493907
v 1.722967 -0.412542 0.542913
v 1.716431 0.348847 0.556302
v 1.753342 0.349624 0.507286
v 1.715832 0.398182 0.508693
v -0.758639 -0.468301 -0.258207
v -0.796155 -0.419745 -0.256800
v -0.759234 -0.418965 -0.305815
v -0.765776 0.342420 -0.292428
v -0.802679 0.340819 -0.243424
v -0.766037 0.390027 -0.243095
v -0.755562 -0.481653 0.503213
v -0.755772 -0.434034 0.552566
v -0.793100 -0.433095 0.503811
v -0.799622 0.327462 0.517192
v -0.762308 0.327348 0.565954
v -0.762939 0.376671 0.518273
v 1.756814 -0.397586 -0.266706
v 1.723224 -0.460146 0.493577
v 1.720130 -0.446789 -0.267789
v 1.759869 -0.410934 0.493907
v 1.753342 0.349624 0.507286
v 1.712759 0.411529 -0.252723
v 1.715832 0.398182 0.508693
v 1.750289 0.362968 -0.253326
v -0.793100 -0.433095 0.503811
v -0.796155 -0.419745 -0.256800
v -0.758639 -0.468301 -0.258207
v -0.755562 -0.481653 0.503213
v -0.802679 0.340819 -0.243424
v -0.799622 0.327462 0.517192
v -0.762939 0.376671 0.518273
v -0.766037 0.390027 -0.243095
v 1.722967 -0.412542 0.542913
v -0.755772 -0.434034 0.552566
v -0.755562 -0.481653 0.503213
v 1.723224 -0.460146 0.493577
v 1.715832 0.398182 0.508693
v -0.762939 0.376671 0.518273
v -0.762308 0.327348 0.565954
v 1.716431 0.348847 0.556302
v -0.759234 -0.418965 -0.305815
v 1.719500 -0.397470 -0.315469
v 1.720130 -0.446789 -0.267789
v -0.758639 -0.468301 -0.258207
v -0.766037 0.390027 -0.243095
v 1.712759 0.411529 -0.252723
v 1.712965 0.363919 -0.302081
v -0.765776 0.342420 -0.292428
v 1.712965 0.363919 -0.302081
v -0.759234 -0.418965 -0.305815
v -0.765776 0.342420 -0.292428
v 1.719500 -0.397470 -0.315469
v -0.762939 0.376671 0.518273
v 1.715832 0.398182 0.508693
v 1.712759 0.411529 -0.252723
v -0.766037 0.390027 -0.243095
v -0.762308 0.327348 0.565954
v 1.722967 -0.412542 0.542913
v 1.716431 0.348847 0.556302
v -0.755772 -0.434034 0.552566
v -0.758639 -0.468301 -0.258207
v 1.720130 -0.446789 -0.267789
v 1.723224 -0.460146 0.493577
v -0.755562 -0.481653 0.503213
vn -0.9276 0.2663 -0.2619
vn -0.9216 -0.2810 0.2676
vn -0.9256 0.2550 0.2798
vn -0.9233 -0.2706 -0.2724
vn 0.9233 0.2706 0.2724
vn 0.9256 -0.2550 -0.2799
vn 0.9216 0.2810 -0.2676
vn 0.9276 -0.2664 0.2618
vn 0.4429 -0.8292 -0.3410
vn 0.4321 -0.3080 -0.8476
vn 0.9255 -0.2551 -0.2799
vn 0.9216 0.2810 -0.2677
vn 0.4297 0.3444 -0.8347
vn 0.4306 0.8464 -0.3134
vn 0.4478 -0.8395 0.3078
vn 0.9276 -0.2664 0.2619
vn 0.4413 -0.3414 0.8299
vn 0.4384 0.3133 0.8424
vn 0.9233 0.2706 0.2725
vn 0.4328 0.8343 0.3415
vn -0.4328 -0.8343 -0.3415
vn -0.9233 -0.2706 -0.2725
vn -0.4384 -0.3132 -0.8424
vn -0.4412 0.3414 -0.8299
vn -0.9276 0.2664 -0.2619
vn -0.4477 0.8395 -0.3078
vn -0.4306 -0.8464 0.3134
vn -0.4297 -0.3444 0.8347
vn -0.9216 -0.2810 0.2677
vn -0.9255 0.2550 0.2799
vn -0.4321 0.3079 0.8476
vn -0.4429 0.8292 0.3410
vn 0.9255 -0.2551 -0.2798
vn 0.9233 0.2707 0.2724
vn 0.9216 0.2811 -0.2677
vn -0.9216 -0.2811 0.2676
vn -0.9233 -0.2707 -0.2725
vn -0.4306 -0.8464 0.3135
vn -0.9276 0.2664 -0.2618
vn -0.9255 0.2551 0.2798
vn -0.4478 0.8395 -0.3078
vn 0.4412 -0.3414 0.8299
vn -0.4305 -0.8464 0.3134
vn 0.4328 0.8343 0.3414
vn -0.4430 0.8292 0.3409
vn 0.4385 0.3133 0.8424
vn 0.4321 -0.3079 -0.8476
vn 0.4429 -0.8292 -0.3409
vn -0.4329 -0.8343 -0.3415
vn -0.4413 0.3414 -0.8299
vn -0.4385 -0.3133 -0.8424
vn -0.4321 0.3080 0.8476
vn -0.9256 0.2551 0.2798
vn 0.9256 -0.2550 -0.2798
vn 0.9255 -0.2550 -0.2799
vn 0.9256 -0.2551 -0.2798
vn 0.4477 -0.8395 0.3078
vn 0.4305 0.8464 -0.3134
vn -0.4328 -0.8343 -0.3414
vn -0.9255 0.2551 0.2799
vn 0.4384 0.3132 0.8424
vn 0.4297 0.3443 -0.8347
vn -0.4384 -0.3133 -0.8424
vn -0.4412 0.3415 -0.8299
vt 0.372650 0.019678
vt 0.478632 0.130590
vt 0.372650 0.130590
vt 0.478632 0.019678
vt 0.478632 0.481216
vt 0.372650 0.370304
vt 0.478632 0.370304
vt 0.372650 0.481216
vt 0.478632 0.363148
vt 0.478632 0.137746
vt 0.365812 0.363148
vt 0.365812 0.137746
vt 0.140171 0.137746
vt 0.140171 0.363148
vt 0.252991 0.137746
vt 0.252991 0.363148
vt 0.147009 0.137746
vt 0.147009 0.363148
vt 0.259829 0.363148
vt 0.259829 0.137746
vt 0.372650 0.137746
vt 0.372650 0.363148
vt 0.034188 0.363148
vt 0.034188 0.137746
s 1
usemtl Rightarm1Mtl
f 1509/343/1340 1510/344/1341 1511/345/1342
f 1510/344/1341 1509/343/1340 1512/346/1343
f 1513/347/1344 1514/348/1345 1515/349/1346
f 1514/348/1345 1513/347/1344 1516/350/1347
f 1517/348/1348 1518/348/1349 1519/348/1350
f 1518/348/1349 1520/349/1351 1519/348/1350
f 1520/349/1351 1518/348/1349 1521/349/1352
f 1521/349/1352 1522/349/1353 1520/349/1351
f 1523/350/1354 1524/350/1355 1525/350/1356
f 1526/347/1357 1525/350/1356 1524/350/1355
f 1524/350/1355 1527/347/1358 1526/347/1357
f 1528/347/1359 1526/347/1357 1527/347/1358
f 1529/346/1360 1530/346/1361 1531/346/1362
f 1532/343/1363 1531/346/1362 1530/346/1361
f 1530/346/1361 1533/343/1364 1532/343/1363
f 1534/343/1365 1532/343/1363 1533/343/1364
f 1535/344/1366 1536/344/1367 1537/344/1368
f 1538/345/1369 1537/344/1368 1536/344/1367
f 1536/344/1367 1539/345/1370 1538/345/1369
f 1540/345/1371 1538/345/1369 1539/345/1370
f 1541/348/1372 1542/350/1354 1543/348/1348
f 1542/350/1354 1541/348/1372 1544/350/1355
f 1545/347/1373 1546/349/1353 1547/347/1359
f 1546/349/1353 1545/347/1373 1548/349/1374
f 1549/344/1375 1550/346/1376 1551/346/1360
f 1551/346/1360 1552/344/1377 1549/344/1375
f 1553/343/1378 1554/345/1379 1555/345/1371
f 1555/345/1371 1556/343/1380 1553/343/1378
f 1557/351/1381 1558/352/1367 1559/352/1382
f 1557/351/1381 1559/352/1382 1560/351/1354
f 1561/353/1383 1562/354/1384 1563/354/1370
f 1561/353/1383 1563/354/1370 1564/353/1385
f 1565/355/1362 1566/356/1386 1567/356/1387
f 1565/355/1362 1567/356/1387 1568/355/1388
f 1569/357/1380 1570/358/1353 1571/358/1352
f 1569/357/1380 1571/358/1352 1572/357/1389
f 1573/358/1352 1574/359/1390 1575/357/1363
f 1574/359/1390 1573/358/1352 1576/360/1386
f 1577/354/1371 1578/353/1359 1579/361/1353
f 1577/354/1371 1579/361/1353 1580/362/1380
f 1581/363/1391 1582/351/1356 1583/364/1357
f 1582/351/1356 1581/363/1391 1584/352/1367
f 1585/355/1360 1586/356/1387 1587/365/1354
f 1585/355/1360 1587/365/1354 1588/366/1366
usemtl Rightarm2Mtl
f 1589/343/1364 1590/344/1341 1591/345/1392
f 1590/344/1341 1589/343/1364 1592/346/1343
f 1593/347/1344 1594/348/1393 1595/349/1346
f 1594/348/1393 1593/347/1344 1596/350/1347
f 1597/348/1348 1598/348/1386 1599/348/1394
f 1598/348/1386 1600/349/1351 1599/348/1394
f 1600/349/1351 1598/348/1386 1601/349/1352
f 1601/349/1352 1602/349/1353 1600/349/1351
f 1603/350/1354 1604/350/1355 1605/350/1381
f 1606/347/1357 1605/350/1381 1604/350/1355
f 1604/350/1355 1607/347/1358 1606/347/1357
f 1608/347/1359 1606/347/1357 1607/347/1358
f 1609/346/1360 1610/346/1361 1611/346/1390
f 1612/343/1363 1611/346/1390 1610/346/1361
f 1610/346/1361 1613/343/1364 1612/343/1363
f 1614/343/1380 1612/343/1363 1613/343/1364
f 1615/344/1366 1616/344/1367 1617/344/1368
f 1618/345/1369 1617/344/1368 1616/344/1367
f 1616/344/1367 1619/345/1370 1618/345/1369
f 1620/345/1371 1618/345/1369 1619/345/1370
f 1621/348/1395 1622/350/1396 1623/348/1348
f 1622/350/1396 1621/348/1395 1624/350/1355
f 1625/347/1344 1626/349/1397 1627/347/1359
f 1626/349/1397 1625/347/1344 1628/349/1346
f 1629/344/1375 1630/346/1376 1631/346/1398
f 1631/346/1398 1632/344/1366 1629/344/1375
f 1633/343/1364 1634/345/1399 1635/345/1371
f 1635/345/1371 1636/343/1380 1633/343/1364
f 1637/351/1381 1638/352/1367 1639/352/1366
f 1637/351/1381 1639/352/1366 1640/351/1354
f 1641/353/1383 1642/354/1384 1643/354/1370
f 1641/353/1383 1643/354/1370 1644/353/1400
f 1645/355/1362 1646/356/1386 1647/356/1387
f 1645/355/1362 1647/356/1387 1648/355/1360
f 1649/357/1380 1650/358/1353 1651/358/1401
f 1649/357/1380 1651/358/1401 1652/357/1363
f 1653/358/1352 1654/359/1402 1655/357/1403
f 1654/359/1402 1653/358/1352 1656/360/1349
f 1657/354/1371 1658/353/1359 1659/361/1353
f 1657/354/1371 1659/361/1353 1660/362/1380
f 1661/363/1370 1662/351/1381 1663/364/1357
f 1662/351/1381 1661/363/1370 1664/352/1367
f 1665/355/1360 1666/356/1348 1667/365/1396
f 1665/355/1360 1667/365/1396 1668/366/1366
