# Blender 5.1.2
# www.blender.org
mtllib key gunn.mtl
o Keygun
v 0.605464 0.085434 0.019776
v 0.617919 0.085474 0.019067
v 0.617919 0.085474 0.019182
v -0.099075 0.301455 0.021671
v -0.072824 0.293105 0.021799
v -0.079067 0.294096 0.021768
v -0.066997 0.290087 0.021827
v -0.003790 0.301248 0.022134
v -0.063193 0.287317 0.021845
v -0.083532 0.292650 0.021747
v -0.090021 0.291533 0.021715
v -0.105895 0.298314 0.021638
v -0.094486 0.290169 0.021694
v -0.099281 0.286698 0.021670
v -0.101099 0.301785 0.021661
v 0.504210 0.125677 0.024598
v 0.525210 0.124479 0.024700
v 0.505988 0.123322 0.024606
v 0.513926 0.200418 0.024645
v 0.535172 0.201242 0.024748
v 0.602403 0.085426 0.025074
v 0.512762 0.085145 0.026157
v 0.572806 0.085333 0.024931
v -0.099450 0.301455 0.099078
v -0.083907 0.292650 0.099154
v -0.080369 0.293756 0.099171
v -0.073531 0.290996 0.099204
v -0.067372 0.290087 0.099234
v -0.004166 0.301248 0.099541
v -0.079443 0.294096 0.099176
v -0.090397 0.291533 0.099122
v -0.106270 0.298314 0.099045
v -0.097010 0.303232 0.099090
v -0.101475 0.301785 0.099069
v 0.556788 0.125844 0.102262
v 0.564395 0.200830 0.102299
v 0.557119 0.127867 0.102263
v 0.081654 0.135231 0.141782
v 0.080601 0.083791 0.148775
v 0.082279 0.083797 0.150554
v 0.077210 0.133785 0.137544
v 0.076162 0.083777 0.142682
v 0.079845 0.083790 0.148097
v 0.099643 0.083852 0.151987
v 0.099208 0.125843 0.144818
v 0.097353 0.126090 0.144640
v 0.093876 0.135438 0.142768
v 0.153514 0.115642 0.151237
v 0.189877 0.137174 0.150655
v 0.182123 0.136981 0.150026
v 0.177167 0.129628 0.150846
v 0.231680 0.084265 0.154652
v 0.168603 0.116954 0.151394
v 0.167596 0.115096 0.151558
v 0.167512 0.115180 0.151474
v 0.167180 0.113239 0.151641
v 0.163131 0.113816 0.151537
v 0.045896 0.176860 0.133260
v 0.066685 0.133330 0.099884
v 0.074256 0.083771 0.135759
v 0.080552 0.171149 0.137307
v 0.077837 0.178139 0.136198
v 0.089547 0.147062 0.141061
v 0.111640 0.209276 0.135602
v 0.130271 0.207818 0.137633
v 0.150927 0.238575 0.135793
v 0.106160 0.209682 0.135070
v 0.105908 0.209681 0.134985
v 0.078169 0.180249 0.135946
v 0.103050 0.206383 0.135139
v 0.077921 0.178394 0.136114
v 0.186907 0.144838 0.149544
v 0.186825 0.143994 0.149628
v 0.158429 0.205629 0.140214
v 0.160369 0.205297 0.140392
v 0.160453 0.205298 0.140393
v 0.161724 0.202773 0.140820
v 0.182410 0.156544 0.147835
v 0.076180 0.083776 0.069321
v 0.043230 0.173057 0.129031
v 0.080326 0.135562 -0.019283
v 0.081113 0.083791 -0.026362
v 0.077546 0.083780 -0.021067
v 0.082808 0.083796 -0.028040
v 0.075842 0.134115 -0.015088
v 0.076869 0.083777 -0.020480
v 0.082436 0.135231 -0.019273
v 0.083145 0.083797 -0.028039
v 0.149318 0.116637 -0.027465
v 0.098077 0.126173 -0.021979
v 0.100019 0.125843 -0.022223
v 0.094666 0.135438 -0.020141
v 0.190739 0.137174 -0.027095
v 0.179206 0.131403 -0.027236
v 0.182980 0.136981 -0.026543
v 0.154384 0.115642 -0.028031
v 0.100522 0.083852 -0.029304
v 0.177947 0.129628 -0.027410
v 0.232579 0.084265 -0.030687
v 0.169474 0.116869 -0.028126
v 0.168468 0.115180 -0.028215
v 0.168299 0.115179 -0.028216
v 0.168053 0.113239 -0.028302
v 0.164172 0.113817 -0.028236
v 0.046596 0.176860 -0.011099
v 0.082907 0.166855 -0.015138
v 0.184237 0.138924 -0.026368
v 0.073797 0.134447 -0.010967
v 0.076612 0.083776 -0.019807
v 0.043218 0.168922 -0.004875
v 0.039995 0.163011 0.020238
v 0.043559 0.170948 -0.006897
v 0.043890 0.173057 -0.006895
v -0.073758 0.178927 -0.007466
v -0.075526 0.181283 -0.009583
v -0.075516 0.181283 -0.011691
v -0.076953 0.185748 -0.013806
v -0.119954 0.154413 -0.011907
v -0.076622 0.187856 -0.013805
v -0.125856 0.157516 -0.014044
v -0.167277 0.136473 -0.014244
v -0.143424 0.166651 -0.014129
v 0.525383 0.124479 -0.010884
v 0.527407 0.124146 -0.010875
v 0.527076 0.122122 -0.010876
v -0.152859 0.083058 -0.014175
v -0.173809 0.095218 -0.014276
v 0.514429 0.202443 -0.010938
v 0.511989 0.200748 -0.010949
v 0.512320 0.202773 -0.010948
v -0.142656 0.083090 -0.014125
v -0.137596 0.083106 -0.014101
v -0.175710 0.082986 -0.014285
v -0.123055 0.229029 -0.011922
v 0.151647 0.238575 -0.012697
v -0.118281 0.152058 -0.007682
v -0.072837 0.172354 0.015558
v 0.106875 0.209682 -0.012324
v 0.112107 0.209276 -0.012720
v 0.106622 0.209681 -0.012241
v 0.078893 0.180249 -0.013303
v 0.103850 0.206552 -0.012423
v 0.078646 0.178394 -0.013473
v 0.078563 0.178139 -0.013558
v 0.161133 0.205297 -0.017120
v 0.159192 0.205629 -0.016961
v 0.161217 0.205298 -0.017120
v 0.162407 0.202857 -0.017536
v 0.183330 0.156461 -0.024349
v 0.081203 0.171319 -0.014472
v 0.187678 0.143994 -0.026098
v 0.187759 0.144838 -0.026014
v 0.037288 0.159208 0.024440
v -0.129361 0.083046 -0.008158
v -0.129195 0.083132 -0.007735
v -0.112480 0.149040 0.015366
v -0.128532 0.083133 -0.005371
v -0.071410 0.167889 0.019697
v 0.062575 0.131966 0.026671
v 0.028067 0.141303 0.024818
v 0.028235 0.141135 0.024903
v 0.027729 0.141300 0.024816
v 0.067061 0.133330 0.022477
v 0.062931 0.106839 0.021867
v 0.063932 0.100181 0.010825
v 0.063752 0.101022 0.012679
v 0.065084 0.096220 0.002061
v 0.061050 0.110965 0.024387
v 0.061476 0.110376 0.023883
v 0.059603 0.112647 0.026151
v 0.062158 0.109366 0.023043
v 0.007241 0.142249 0.023705
v -0.048236 0.144267 0.020652
v 0.031952 0.138869 0.025005
v 0.050894 0.120883 0.025771
v 0.031277 0.139035 0.025002
v 0.058081 0.114160 0.026060
v 0.062587 0.108103 0.022371
v 0.062244 0.109198 0.022875
v -0.108697 0.146271 0.019516
v -0.054644 0.144500 0.020537
v -0.075641 0.145278 0.020098
v -0.077158 0.144850 0.020091
v -0.078756 0.143666 0.020083
v -0.084620 0.130831 0.020307
v -0.122889 0.083152 0.013376
v -0.122554 0.083153 0.013799
v -0.106468 0.083204 0.018094
v -0.118693 0.083166 0.017528
v -0.105889 0.086579 0.018265
v -0.087047 0.125510 0.020043
v -0.106137 0.084975 0.018180
v -0.106055 0.085735 0.018180
v -0.131283 0.083126 -0.011962
v -0.136923 0.083107 -0.013844
v -0.177963 0.095881 -0.010080
v -0.179184 0.082976 -0.010845
v -0.180031 0.082973 -0.010090
v -0.180710 0.082973 0.130053
v -0.180441 0.084407 0.125753
v -0.180689 0.082973 0.125752
v -0.179283 0.091663 0.125759
v -0.178643 0.095881 0.130063
v -0.178065 0.095037 -0.005780
v -0.177984 0.095881 -0.005779
v -0.178645 0.091747 -0.005782
v -0.180051 0.082973 -0.005789
v -0.178622 0.095881 0.125762
v -0.171776 0.137135 0.061034
v -0.171863 0.136544 0.062046
v -0.172111 0.137135 0.130095
v -0.172361 0.131228 -0.005752
v -0.175420 0.111994 -0.005767
v -0.172195 0.132411 -0.005835
v -0.171431 0.137135 -0.010048
v -0.171954 0.133845 -0.004317
v -0.171554 0.136544 -0.001617
v -0.171637 0.136375 -0.001786
v -0.171848 0.136544 0.058927
v -0.171858 0.136544 0.061034
v -0.172503 0.134436 0.125792
v -0.178208 0.098412 0.125764
v -0.172143 0.136544 0.119722
v -0.172153 0.136544 0.121746
v -0.172503 0.134520 0.125708
v -0.168744 0.140938 -0.010035
v -0.147247 0.169338 -0.009931
v -0.174539 0.095218 0.136322
v -0.177194 0.082983 0.135213
v -0.176440 0.082986 0.136313
v -0.153583 0.083058 0.135159
v -0.168007 0.136473 0.136354
v -0.143377 0.083004 0.134703
v -0.098082 0.102626 0.102036
v -0.087605 0.124666 0.100906
v -0.084925 0.130747 0.100582
v -0.109093 0.146271 0.101139
v -0.106795 0.083204 0.102753
v -0.119108 0.083166 0.103030
v -0.106712 0.083709 0.102669
v -0.106713 0.084131 0.102669
v -0.106630 0.084470 0.102669
v -0.122763 0.154745 0.132441
v -0.132151 0.083125 0.132396
v -0.124282 0.083148 0.109330
v -0.137894 0.083107 0.134223
v -0.112916 0.149040 0.105253
v -0.123344 0.083152 0.107142
v -0.119446 0.083163 0.103282
v -0.126576 0.157516 0.134447
v -0.138317 0.083106 0.134390
v -0.075885 0.183393 0.132669
v -0.073273 0.172354 0.105445
v -0.071806 0.167889 0.101320
v -0.048623 0.144267 0.100590
v -0.076033 0.145278 0.100794
v -0.077549 0.144850 0.100787
v -0.079148 0.143666 0.100779
v -0.083920 0.133110 0.100587
v 0.039599 0.163011 0.101861
v -0.035633 0.143803 0.099978
v 0.006880 0.142249 0.098076
v 0.027294 0.141300 0.097163
v 0.057995 0.113824 0.096131
v 0.059263 0.112647 0.096138
v 0.062241 0.131966 0.095646
v 0.031603 0.138869 0.096931
v 0.027970 0.141135 0.097082
v 0.031012 0.138952 0.097013
v 0.060021 0.111722 0.097069
v 0.027716 0.141303 0.097081
v 0.036933 0.159208 0.097632
v 0.062300 0.105574 0.100453
v 0.061962 0.106584 0.099946
v 0.061624 0.107594 0.099438
v 0.060778 0.110796 0.098000
v 0.060694 0.110965 0.097916
v 0.064889 0.097486 0.093551
v 0.063156 0.085423 0.093543
v 0.065220 0.099343 0.093553
v 0.062908 0.083735 0.093541
v 0.178123 0.181406 0.094100
v 0.367946 0.176857 0.095021
v 0.370633 0.180660 0.095034
v 0.065944 0.083745 0.093556
v 0.067874 0.086617 0.093565
v 0.166135 0.212904 0.094042
v 0.383863 0.210298 0.095098
v 0.384440 0.214432 0.095101
v 0.068451 0.090752 0.093568
v 0.179817 0.179049 0.094109
v 0.164357 0.215344 0.094034
v -0.077343 0.187856 0.134686
v -0.123765 0.229029 0.134461
v 0.153282 0.240355 0.135804
v 0.151257 0.240685 0.135795
v -0.144144 0.166651 0.134362
v -0.133933 0.217952 0.134411
v -0.147927 0.169338 0.130212
v -0.123424 0.231138 0.132438
v -0.138378 0.216504 0.130258
v -0.137706 0.220638 0.128153
v -0.125449 0.231470 0.132428
v -0.122786 0.248004 0.111530
v -0.125141 0.246227 0.111518
v 0.151906 0.257551 0.112862
v 0.186991 0.145260 0.149460
v 0.185207 0.150398 0.148777
v -0.122775 0.248004 0.109421
v 0.151916 0.257551 0.110754
v -0.125131 0.246227 0.109410
v -0.124355 0.246819 0.105619
v -0.122846 0.247837 0.106638
v -0.124750 0.246480 0.100221
v -0.125052 0.246227 0.093220
v -0.122298 0.248004 0.011102
v -0.123915 0.246819 0.014889
v -0.122396 0.247837 0.013884
v -0.124654 0.246227 0.011091
v -0.124363 0.246480 0.020537
v -0.124736 0.246227 0.027955
v -0.137381 0.220638 0.061201
v -0.137046 0.220638 -0.007773
v -0.124644 0.246227 0.008983
v -0.088249 0.248872 0.101240
v -0.088672 0.248871 0.101408
v -0.072905 0.249427 0.101315
v -0.090543 0.248950 0.104771
v -0.072238 0.249512 0.102921
v -0.073823 0.248749 0.082422
v -0.073283 0.249088 0.092712
v -0.074953 0.248323 0.072382
v -0.075195 0.248239 0.070189
v -0.082272 0.247962 0.069142
v 0.039194 0.253572 0.109364
v 0.040797 0.253662 0.109287
v 0.042408 0.253582 0.107355
v 0.042578 0.253582 0.107188
v 0.045016 0.253169 0.091600
v -0.082271 0.247962 0.068890
v 0.038857 0.253572 0.109362
v 0.025790 0.253109 0.109046
v 0.022502 0.253014 0.108861
v 0.004208 0.252367 0.108520
v -0.119816 0.248014 0.107749
v -0.121922 0.247924 0.107486
v -0.122342 0.247922 0.107063
v -0.113406 0.248204 0.107443
v -0.094520 0.248852 0.107535
v -0.115849 0.248111 0.107094
v -0.058678 0.250062 0.105938
v -0.091990 0.248945 0.107463
v -0.014843 0.251632 0.107668
v -0.070144 0.249687 0.105798
v -0.108682 0.248387 0.106876
v -0.103114 0.248573 0.106397
v 0.029078 0.253204 0.109062
v 0.014242 0.252650 0.108315
v -0.120236 0.248013 0.107410
v 0.153684 0.255111 0.112871
v 0.152403 0.257551 0.010327
v 0.152393 0.257551 0.012435
v 0.154182 0.255111 0.010335
v 0.192327 0.138868 0.148558
v 0.187159 0.146019 0.149123
v 0.187158 0.145935 0.149208
v -0.126247 0.246475 0.061255
v -0.127006 0.246557 0.061252
v 0.194309 0.151268 0.131872
v 0.203395 0.128699 0.150720
v 0.022967 0.253014 0.013072
v -0.119355 0.248014 0.012634
v 0.004670 0.252367 0.013236
v 0.029544 0.253204 0.012935
v 0.039326 0.253572 0.012730
v -0.121464 0.247924 0.013046
v -0.121888 0.247922 0.013381
v -0.115395 0.248111 0.013497
v -0.112954 0.248204 0.014183
v -0.108230 0.248387 0.013785
v -0.119778 0.248013 0.013139
v -0.014388 0.251632 0.013903
v -0.076977 0.249243 0.019670
v -0.073616 0.248749 0.039756
v -0.073014 0.249424 0.019689
v -0.077690 0.248989 0.027678
v -0.082197 0.247962 0.053543
v -0.076628 0.248148 0.052811
v -0.078073 0.249241 0.019665
v -0.087938 0.248872 0.019617
v -0.070546 0.249686 0.014811
v -0.102668 0.248573 0.014318
v -0.058322 0.250061 0.015207
v -0.072823 0.249593 0.014800
v -0.091457 0.248945 0.014878
v -0.094240 0.248852 0.015117
v 0.018076 0.252830 0.013301
v -0.077650 0.249242 0.019329
v -0.088274 0.248871 0.019447
v -0.077819 0.249241 0.019413
v -0.090113 0.248950 0.016065
v -0.082198 0.247962 0.053796
v 0.027604 0.253113 0.013094
v 0.044966 0.253673 0.014696
v 0.041264 0.253577 0.012992
v 0.041347 0.253577 0.013161
v 0.039662 0.253572 0.012900
v 0.046490 0.253173 0.031062
v 0.205738 0.143126 0.127711
v 0.154025 0.257221 0.110764
v 0.194650 0.153378 0.129765
v 0.047516 0.254525 0.062098
v 0.047333 0.254355 0.065049
v 0.152481 0.259576 0.062607
v -0.083754 0.248212 0.061461
v -0.082930 0.248045 0.065598
v -0.073805 0.248665 0.061510
v -0.082270 0.247962 0.068721
v -0.082889 0.248045 0.057166
v -0.082199 0.247962 0.053964
v 0.047362 0.254355 0.059231
v 0.154259 0.257221 0.062616
v 0.154502 0.257221 0.012445
v -0.122619 0.245896 0.008993
v -0.122724 0.231138 -0.011920
v -0.124749 0.231470 -0.011930
v 0.151968 0.240685 -0.010588
v 0.154003 0.240355 -0.012686
v 0.552862 0.124396 -0.008643
v 0.555217 0.126173 -0.008631
v 0.554971 0.124064 -0.008633
v 0.193169 0.138868 -0.024975
v 0.188005 0.146019 -0.025423
v 0.188006 0.145935 -0.025507
v 0.194989 0.151268 -0.008271
v 0.194969 0.151268 -0.004139
v 0.206057 0.141016 -0.006109
v 0.206378 0.143126 -0.004083
v 0.204258 0.128699 -0.027030
v 0.210416 0.127707 -0.027000
v 0.203927 0.126590 -0.027031
v 0.233085 0.084268 -0.030684
v 0.210096 0.125597 -0.029110
v 0.233676 0.084269 -0.030850
v 0.355172 0.132376 -0.024190
v 0.248177 0.084315 -0.030443
v 0.357862 0.084659 -0.026285
v 0.364432 0.137212 -0.024145
v 0.358115 0.084659 -0.026284
v 0.212300 0.140109 -0.006079
v 0.355503 0.134402 -0.024188
v 0.346348 0.144323 -0.003404
v 0.212290 0.140109 -0.004055
v 0.344229 0.144654 -0.001307
v 0.211640 0.140109 0.129848
v 0.343610 0.144654 0.126272
v 0.211650 0.140109 0.127740
v 0.211965 0.140109 0.062896
v 0.343915 0.144654 0.063536
v 0.362644 0.139652 -0.022130
v 0.360755 0.154740 -0.007467
v 0.206053 0.143126 0.062867
v 0.482185 0.085047 -0.015310
v 0.194975 0.153378 0.062814
v 0.360741 0.156848 0.063618
v 0.361066 0.156848 -0.003333
v 0.360416 0.156848 0.130570
v 0.345709 0.144323 0.128390
v 0.209554 0.127707 0.150750
v 0.354661 0.134402 0.149346
v 0.209213 0.125597 0.152857
v 0.203054 0.126590 0.152827
v 0.232185 0.084268 0.154823
v 0.232775 0.084269 0.154826
v 0.354330 0.132376 0.149344
v 0.247280 0.084315 0.154475
v 0.357000 0.084659 0.151381
v 0.363591 0.137212 0.149389
v 0.357253 0.084659 0.151382
v 0.361822 0.139652 0.147272
v 0.481423 0.085047 0.141697
v 0.614033 0.087065 0.129692
v 0.611761 0.085457 0.129681
v 0.616436 0.085470 0.122030
v 0.617425 0.085725 0.120041
v 0.617403 0.086533 0.121286
v 0.617431 0.085474 0.119704
v 0.612008 0.087397 0.129682
v 0.617084 0.101151 0.129706
v 0.617169 0.096707 0.129707
v 0.421046 0.084857 0.037770
v 0.423449 0.084865 0.063922
v 0.222174 0.084234 0.062945
v 0.611677 0.085457 0.129680
v 0.504116 0.085119 0.139615
v 0.512692 0.085145 0.040660
v 0.512681 0.085145 0.042852
v 0.503995 0.085118 0.042895
v 0.617171 0.096596 0.129657
v 0.616788 0.116589 0.130023
v 0.616130 0.150964 0.130685
v 0.616866 0.112499 0.129948
v 0.616994 0.085470 0.006931
v 0.614672 0.087065 -0.002103
v 0.617971 0.085624 0.007832
v 0.617969 0.086537 0.004614
v 0.617971 0.085474 0.008397
v 0.617812 0.096486 -0.001972
v 0.617810 0.096596 -0.002038
v 0.617808 0.096691 -0.002087
v 0.612400 0.085457 -0.002114
v 0.612647 0.087397 -0.002113
v 0.617783 0.098004 -0.002088
v 0.617691 0.102844 -0.002088
v 0.612316 0.085457 -0.002114
v 0.504857 0.085119 -0.013007
v 0.576207 0.124974 -0.006421
v 0.617085 0.134877 -0.003030
v 0.615643 0.210915 -0.004395
v 0.616648 0.157908 -0.003457
v 0.616758 0.152111 -0.003346
v 0.616776 0.151186 -0.003281
v 0.551888 0.240927 0.064545
v 0.614707 0.242409 0.064850
v 0.614898 0.242409 0.025510
v 0.614525 0.242409 0.102302
v 0.555798 0.240350 0.110605
v 0.614503 0.242334 0.107142
v 0.614519 0.240535 0.110890
v 0.556255 0.240350 0.016502
v 0.614923 0.242334 0.020460
v 0.479628 0.239690 0.064194
v 0.614967 0.240535 0.018671
v 0.482001 0.239358 0.009817
v 0.555788 0.240350 0.112713
v 0.614518 0.240535 0.111113
v 0.556265 0.240350 0.014394
v 0.614968 0.240535 0.018448
v 0.481473 0.239358 0.118592
v 0.481484 0.239358 0.116484
v 0.482011 0.239358 0.007794
v 0.558185 0.225178 -0.006509
v 0.615010 0.238887 0.016167
v 0.615353 0.225661 -0.002515
v 0.615396 0.223834 -0.004326
v 0.483921 0.224186 -0.011086
v 0.557854 0.223154 -0.006510
v 0.615400 0.223639 -0.004326
v 0.563239 0.203269 -0.008593
v 0.615441 0.221565 -0.004562
v 0.483600 0.222162 -0.013110
v 0.401399 0.224518 -0.017726
v 0.396866 0.240021 0.124507
v 0.396876 0.240021 0.122398
v 0.397160 0.240021 0.063794
v 0.397454 0.240021 0.003168
v 0.397465 0.240021 0.001059
v 0.400822 0.220385 -0.017728
v 0.394436 0.238243 0.122387
v 0.394720 0.238243 0.063783
v 0.395015 0.238243 0.003156
v 0.397134 0.237911 0.001058
v 0.399043 0.222824 -0.017737
v 0.454931 0.120800 -0.017466
v 0.482775 0.085050 -0.015307
v 0.461495 0.202361 -0.015326
v 0.478276 0.121378 -0.015244
v 0.483028 0.085051 -0.015221
v 0.457276 0.122577 -0.015346
v 0.455252 0.122910 -0.015356
v 0.486865 0.202609 -0.013095
v 0.457104 0.122577 0.020153
v 0.455079 0.122910 0.020143
v 0.463179 0.200005 -0.013209
v 0.463007 0.200005 0.022290
v 0.463510 0.202029 -0.013208
v 0.465116 0.199674 0.022300
v 0.506171 0.123322 -0.013001
v 0.503731 0.121542 -0.013013
v 0.504061 0.123652 -0.013011
v 0.465535 0.201699 -0.013198
v 0.484500 0.200830 -0.011083
v 0.484338 0.200830 0.022393
v -0.108571 0.294510 0.019517
v -0.105059 0.276982 0.019534
v -0.105967 0.270823 0.019530
v 0.484007 0.198806 0.022392
v 0.476400 0.123734 0.022355
v 0.486535 0.200500 -0.013096
v 0.476069 0.121710 0.022353
v 0.476572 0.123734 -0.013144
v 0.476241 0.121710 -0.013146
v 0.483281 0.085052 -0.015220
v 0.508068 0.162200 -0.011980
v 0.537774 0.203022 -0.008716
v 0.535335 0.201242 -0.008728
v 0.483534 0.085052 -0.015219
v 0.527488 0.125243 -0.010790
v 0.527407 0.124146 -0.010790
v 0.527405 0.124738 -0.010790
v 0.527405 0.124738 -0.010875
v 0.527491 0.124232 -0.010790
v 0.525362 0.124479 -0.006668
v 0.535314 0.201242 -0.004512
v 0.514409 0.202443 -0.006721
v 0.514078 0.200418 -0.006723
v 0.504372 0.125677 -0.008878
v 0.506151 0.123322 -0.008869
v 0.483787 0.085053 -0.015218
v 0.554969 0.124318 -0.008464
v 0.554970 0.124149 -0.008464
v 0.564408 0.124685 -0.007575
v 0.559689 0.124417 -0.008019
v 0.554969 0.124402 -0.008464
v 0.563229 0.203269 -0.006484
v 0.554970 0.124233 -0.008548
v 0.559689 0.124417 -0.008103
v 0.574182 0.125306 -0.006431
v 0.555187 0.126173 -0.002391
v 0.562878 0.201160 -0.002354
v 0.555044 0.126173 0.026952
v 0.562736 0.201160 0.026989
v 0.565253 0.202939 -0.006475
v 0.565233 0.202939 -0.002343
v 0.584475 0.204096 -0.006381
v 0.583982 0.202070 0.027092
v 0.565091 0.202939 0.027001
v 0.584114 0.202070 -0.000143
v 0.586223 0.201740 -0.000133
v 0.586091 0.201740 0.027103
v 0.574350 0.127331 0.027046
v 0.574020 0.125306 0.027044
v 0.574483 0.127331 -0.000190
v 0.574152 0.125306 -0.000192
v 0.576453 0.127000 -0.006420
v 0.576538 0.127000 -0.006420
v 0.581561 0.165381 -0.006395
v 0.576537 0.127084 -0.006336
v 0.586574 0.203764 -0.004263
v 0.576537 0.127168 -0.006420
v 0.576537 0.127084 -0.006420
v 0.586584 0.203764 -0.006371
v 0.581561 0.165466 -0.006395
v 0.615639 0.211098 -0.004397
v 0.615565 0.215030 -0.004436
v 0.606480 0.085438 0.018854
v 0.617946 0.085474 0.013513
v 0.617920 0.085474 0.018909
v 0.615466 0.220245 -0.004488
v 0.457695 0.084971 0.044441
v 0.455172 0.084965 0.042995
v 0.457611 0.084971 0.044356
v 0.462574 0.084988 0.064112
v 0.460176 0.084980 0.054319
v 0.462490 0.084988 0.064111
v 0.462985 0.084989 0.066222
v 0.466123 0.084999 0.080066
v 0.384177 0.210298 0.030255
v 0.370947 0.180660 0.030191
v 0.384744 0.214432 0.032366
v 0.166450 0.212904 0.029199
v 0.178438 0.181406 0.029257
v 0.385055 0.216541 0.036584
v 0.164661 0.215344 0.031299
v 0.368251 0.176857 0.032286
v 0.162947 0.217700 0.035506
v 0.162683 0.217700 0.089894
v 0.162815 0.217700 0.062658
v 0.384791 0.216541 0.090971
v 0.384923 0.216541 0.063735
v 0.181616 0.176610 0.089986
v 0.195299 0.153378 -0.004137
v 0.181879 0.176610 0.035598
v 0.181748 0.176610 0.062749
v 0.180121 0.179049 0.031374
v 0.368230 0.176857 0.036502
v 0.367966 0.176857 0.090890
v 0.368098 0.176857 0.063653
v 0.360075 0.154740 0.132676
v 0.396535 0.237911 0.124505
v 0.398262 0.222824 0.143318
v 0.400371 0.222494 0.143328
v 0.400618 0.224518 0.143329
v 0.483201 0.224186 0.137405
v 0.557505 0.225178 0.133634
v 0.614538 0.238887 0.113389
v 0.614709 0.225661 0.130119
v 0.557164 0.223154 0.135740
v 0.614735 0.223834 0.132007
v 0.614738 0.223639 0.132207
v 0.482859 0.222162 0.139511
v 0.558982 0.207981 0.135749
v 0.614766 0.222146 0.132218
v 0.458956 0.204715 0.141504
v 0.539761 0.206825 0.135655
v 0.549475 0.120593 0.135702
v 0.507797 0.205544 0.137524
v 0.488565 0.204304 0.139539
v 0.451794 0.119106 0.143577
v 0.481930 0.085050 0.141615
v 0.462439 0.200005 0.139412
v 0.464794 0.201699 0.139424
v 0.483780 0.200830 0.137408
v 0.466725 0.199343 0.108065
v 0.464369 0.197565 0.108053
v 0.456847 0.124603 0.141494
v 0.481492 0.199136 0.106028
v 0.456516 0.122577 0.141492
v 0.466735 0.199343 0.105957
v 0.483601 0.198806 0.106038
v 0.464379 0.197565 0.105945
v 0.476325 0.125844 0.106003
v 0.456999 0.124603 0.110126
v 0.457009 0.124603 0.108018
v 0.485804 0.200500 0.137418
v 0.477857 0.123404 0.139487
v 0.476315 0.125844 0.108111
v 0.473885 0.124066 0.105991
v 0.473875 0.124066 0.108099
v 0.459118 0.124272 0.108028
v 0.459108 0.124272 0.110136
v 0.475832 0.123734 0.139477
v 0.479294 0.118940 0.141602
v 0.482267 0.085051 0.141617
v 0.500635 0.119848 0.139598
v 0.482520 0.085052 0.141618
v 0.530490 0.121460 0.137634
v 0.482857 0.085052 0.141620
v 0.513388 0.200418 0.135527
v 0.515744 0.202111 0.135539
v 0.505687 0.125346 0.137514
v 0.534975 0.203351 0.133525
v 0.505440 0.123322 0.137513
v 0.506170 0.127455 0.106148
v 0.515565 0.200087 0.104169
v 0.507948 0.125015 0.106156
v 0.507958 0.125015 0.104133
v 0.506180 0.127455 0.104124
v 0.522715 0.124809 0.104204
v 0.521697 0.126745 0.104199
v 0.523047 0.126665 0.104206
v 0.525155 0.126588 0.104216
v 0.523046 0.126918 0.104206
v 0.524672 0.124479 0.135582
v 0.527027 0.126256 0.135594
v 0.534466 0.199218 0.102154
v 0.532772 0.201575 0.102145
v 0.534456 0.199218 0.104261
v 0.532762 0.201575 0.104253
v 0.536754 0.200912 0.133533
v 0.483111 0.085052 0.141537
v 0.579330 0.122204 0.133740
v 0.615009 0.209422 0.132101
v 0.564253 0.200830 0.131558
v 0.590700 0.207237 0.133795
v 0.614800 0.220391 0.132226
v 0.583806 0.204096 0.131653
v 0.564584 0.202939 0.131560
v 0.554537 0.126173 0.131511
v 0.566751 0.202608 0.102310
v 0.585594 0.201740 0.129554
v 0.556646 0.125844 0.131521
v 0.575868 0.127000 0.131615
v 0.583296 0.199961 0.100282
v 0.573512 0.125306 0.131603
v 0.564405 0.200830 0.100191
v 0.571876 0.127661 0.102335
v 0.574316 0.129440 0.102347
v 0.571886 0.127661 0.100227
v 0.574326 0.129440 0.100239
v 0.566514 0.200499 0.100201
v 0.583461 0.201057 0.100283
v 0.583627 0.202070 0.100284
v 0.187608 0.143994 -0.029219
v 0.187619 0.143994 -0.031327
v 0.185830 0.146349 -0.029227
v 0.186715 0.143994 0.154855
v 0.186726 0.143994 0.152748
v 0.184937 0.146349 0.154846
v 0.185840 0.146349 -0.031336
v 0.168241 0.115263 -0.033529
v 0.167317 0.115263 0.156785
v 0.161246 0.205298 -0.023107
v 0.106929 0.209682 -0.023370
v 0.160905 0.203274 -0.021000
v 0.187939 0.146019 -0.029217
v 0.159221 0.205629 -0.023117
v 0.161236 0.205298 -0.020999
v 0.158409 0.205629 0.144262
v 0.158400 0.205629 0.146285
v 0.160103 0.203274 0.144270
v 0.159211 0.205629 -0.021009
v 0.106117 0.209682 0.144008
v 0.106107 0.209682 0.146032
v 0.106919 0.209682 -0.021262
v 0.160434 0.205298 0.144271
v 0.167910 0.113239 -0.033530
v 0.100064 0.126012 -0.031752
v 0.098040 0.126343 -0.031762
v 0.098029 0.126343 -0.029653
v 0.078952 0.180249 -0.025530
v 0.078621 0.178139 -0.025531
v 0.078110 0.180249 0.148004
v 0.077779 0.178139 0.148003
v 0.055946 0.088519 -0.021510
v 0.054521 0.083708 -0.020083
v 0.052512 0.083700 -0.023128
v 0.063979 0.083738 -0.005449
v 0.063980 0.083738 -0.005702
v 0.066242 0.086949 -0.004763
v 0.063331 0.083738 0.128032
v 0.063332 0.083738 0.127779
v 0.065603 0.086949 0.127031
v 0.052154 0.091290 -0.023636
v 0.048811 0.083689 -0.025086
v 0.046793 0.083683 -0.026192
v 0.056608 0.092652 -0.021506
v 0.066904 0.091083 -0.004760
v 0.052073 0.104022 -0.015204
v 0.047949 0.104684 -0.017332
v 0.041899 0.083668 -0.025541
v 0.060911 0.106833 0.003643
v 0.064380 0.083739 -0.001231
v 0.066893 0.091083 -0.002652
v 0.066648 0.086865 -0.001557
v 0.066975 0.090914 -0.001893
v 0.064873 0.083909 0.001386
v 0.064788 0.083740 0.001554
v 0.066974 0.091083 -0.001809
v 0.059463 0.111297 0.003636
v 0.050615 0.108487 -0.013188
v 0.032046 0.138869 0.005611
v 0.024335 0.129569 -0.015338
v 0.035835 0.083648 -0.027088
v 0.032057 0.138869 0.003503
v 0.026681 0.131263 -0.013304
v -0.068179 0.133579 -0.015787
v 0.018888 0.083512 -0.027339
v 0.031499 0.138869 0.118518
v 0.027923 0.139530 0.003483
v 0.027913 0.139530 0.005591
v 0.027365 0.139530 0.118498
v 0.022547 0.131925 -0.013324
v -0.073407 0.144865 0.115901
v -0.073417 0.144865 0.118009
v -0.072869 0.144865 0.005103
v -0.067858 0.135605 -0.013762
v -0.071348 0.083313 -0.025247
v -0.090534 0.086288 -0.018004
v -0.087734 0.083261 -0.019592
v -0.092900 0.084510 -0.015907
v -0.091374 0.083251 -0.016827
v -0.091712 0.083249 -0.016660
v -0.092307 0.083247 -0.015736
v -0.092238 0.088644 -0.015904
v -0.072322 0.134242 -0.013784
v -0.103615 0.084140 0.002845
v -0.102935 0.083215 0.002342
v -0.103284 0.086164 0.002847
v -0.077664 0.141392 0.005079
v -0.077334 0.143502 0.005081
v -0.104821 0.083209 0.008742
v -0.103780 0.083211 0.002844
v -0.224478 0.096831 0.000151
v -0.183680 0.082961 -0.005217
v -0.192554 0.082932 -0.001128
v -0.225018 0.094722 0.060776
v -0.194339 0.082927 0.019185
v -0.194541 0.082927 0.060924
v -0.228281 0.099518 0.000132
v -0.224127 0.098855 -0.004064
v -0.183003 0.082963 -0.005719
v -0.232889 0.123534 -0.004107
v -0.235019 0.123866 0.000099
v -0.232248 0.127669 0.000113
v -0.235313 0.123866 0.060726
v -0.228870 0.099518 0.121471
v -0.235607 0.123866 0.121439
v -0.228575 0.099518 0.060759
v -0.234651 0.128000 0.060729
v -0.225067 0.096831 0.121490
v -0.192943 0.082849 0.079146
v -0.232837 0.127669 0.121452
v -0.233177 0.125644 0.123474
v -0.181111 0.082971 0.125750
v -0.224745 0.098855 0.123515
v -0.183640 0.082963 0.125654
v -0.191810 0.082937 0.123674
v -0.193156 0.082932 0.123078
v -0.133213 0.217952 -0.014079
v -0.137708 0.216504 -0.007776
v -0.140152 0.216835 0.061188
v -0.149701 0.169668 0.061142
v -0.169424 0.140938 0.130108
v -0.171114 0.141268 0.061038
v 0.000654 0.302695 0.026371
v -0.001445 0.302942 0.024252
v -0.003149 0.305381 0.026352
v 0.002837 0.304389 0.061881
v -0.000965 0.307075 0.061863
v 0.000309 0.302695 0.097454
v -0.003484 0.305381 0.095328
v -0.001810 0.302942 0.099552
v -0.005099 0.307737 0.061843
v -0.007617 0.306042 0.095308
v -0.007283 0.306042 0.026332
v -0.005934 0.303602 0.097424
v -0.096659 0.305258 0.094876
v -0.096166 0.307367 0.061401
v -0.101124 0.303811 0.094854
v -0.100631 0.305920 0.061380
v -0.005579 0.303602 0.024232
v -0.096324 0.305258 0.025900
v -0.100789 0.303811 0.025879
v -0.096645 0.303232 0.023791
v -0.103229 0.302117 0.025867
v -0.105095 0.304471 0.061358
v -0.103574 0.302117 0.096950
v -0.109891 0.301000 0.061335
v -0.108014 0.298645 0.023736
v -0.108369 0.298645 0.096927
v -0.112577 0.297197 0.061322
v -0.110725 0.296865 0.096916
v -0.110370 0.296865 0.023724
v -0.113056 0.293062 0.023711
v -0.115348 0.293394 0.061308
v -0.113411 0.293062 0.096903
v -0.110690 0.294841 0.021615
v -0.108957 0.294510 0.099032
v -0.111397 0.292732 0.099021
v -0.109298 0.292401 0.101138
v -0.111021 0.292732 0.021613
v -0.104594 0.266359 0.017428
v -0.103477 0.259786 0.017434
v -0.102505 0.266029 0.021655
v -0.101142 0.261564 0.021661
v -0.101844 0.270163 0.021658
v -0.102881 0.266029 0.099062
v -0.102698 0.266029 0.061370
v -0.102219 0.270163 0.099065
v -0.102036 0.270163 0.061373
v -0.099995 0.255074 0.015426
v -0.101528 0.261564 0.101176
v -0.101335 0.261564 0.061376
v -0.097660 0.256768 0.019570
v -0.097862 0.256768 0.061393
v -0.098056 0.256768 0.101193
v -0.093857 0.254081 0.019588
v -0.096192 0.252303 0.015445
v -0.096084 0.254413 0.061402
v -0.092078 0.251642 0.019597
v -0.092389 0.249617 0.015463
v -0.088275 0.248955 0.019615
v -0.092281 0.251642 0.061420
v -0.088671 0.248955 0.101238
v -0.088478 0.248955 0.061439
v -0.092474 0.251642 0.101220
v -0.077652 0.249409 0.019667
v -0.096277 0.254413 0.101201
v -0.073721 0.248749 0.061510
v -0.096628 0.252303 0.105332
v -0.092835 0.249617 0.107459
v -0.100431 0.255074 0.105313
v -0.103903 0.259786 0.105297
v -0.105010 0.266359 0.103183
v -0.106202 0.270487 0.103009
v -0.106203 0.270656 0.102924
v -0.106035 0.271162 0.102841
v -0.105867 0.271584 0.102757
v -0.105606 0.268465 0.103096
v -0.106118 0.270741 0.102925
v -0.106120 0.271245 0.102925
v -0.106373 0.270823 0.103176
v -0.105465 0.276982 0.103181
v -0.101642 0.274296 0.099068
v -0.101277 0.274296 0.023768
v -0.101459 0.274296 0.061376
v -0.102684 0.280786 0.101170
v -0.100970 0.278430 0.096963
v -0.100615 0.278430 0.023771
v -0.100797 0.278430 0.061379
v -0.099998 0.284589 0.101183
v -0.102288 0.280786 0.019547
v -0.098199 0.282233 0.096976
v -0.098027 0.282233 0.061392
v -0.095202 0.288060 0.101207
v -0.097513 0.284258 0.023786
v -0.093059 0.285706 0.025916
v -0.093231 0.285706 0.061415
v -0.093404 0.285706 0.097000
v -0.088263 0.289177 0.025940
v -0.088436 0.289177 0.061439
v -0.088598 0.289177 0.094915
v -0.083883 0.290625 0.025961
v -0.084055 0.290625 0.061460
v -0.084218 0.290625 0.094936
v -0.077640 0.289632 0.025991
v -0.077813 0.289632 0.061490
v -0.077975 0.289632 0.094966
v -0.073841 0.288970 0.094986
v -0.073679 0.288970 0.061510
v -0.073507 0.288970 0.026011
v -0.069875 0.286200 0.061529
v -0.070038 0.286200 0.095005
v -0.069703 0.286200 0.026030
v -0.062270 0.280828 0.061566
v -0.065900 0.283514 0.026048
v -0.062087 0.280828 0.023958
v -0.066073 0.283514 0.061547
v -0.062442 0.280828 0.097150
v -0.066245 0.283514 0.097131
v -0.063910 0.285291 0.101358
v -0.060107 0.282521 0.101377
v -0.060822 0.276362 0.061573
v -0.060640 0.276362 0.023965
v -0.060995 0.276362 0.097157
v -0.058660 0.278057 0.101384
v -0.057553 0.271568 0.103413
v -0.059711 0.282521 0.019754
v -0.058264 0.278057 0.019761
v -0.056816 0.273592 0.019768
v -0.059642 0.271898 0.099272
v -0.059459 0.271898 0.061579
v -0.059277 0.271898 0.023972
v -0.057798 0.267434 0.017655
v -0.059928 0.267764 0.021861
v -0.058460 0.263299 0.017652
v -0.060451 0.265655 0.061574
v -0.060920 0.261521 0.021856
v -0.060634 0.265655 0.099267
v -0.058214 0.267434 0.103410
v -0.059207 0.261191 0.103405
v -0.061296 0.261521 0.099264
v -0.061113 0.261521 0.061571
v -0.061903 0.257388 0.105500
v -0.063992 0.257718 0.101358
v -0.061467 0.257388 0.015613
v -0.066679 0.253916 0.101345
v -0.063799 0.257718 0.061558
v -0.066486 0.253916 0.061545
v -0.066283 0.253916 0.019722
v -0.063596 0.257718 0.019735
v -0.064238 0.253583 0.015600
v -0.064674 0.253583 0.105487
v -0.071474 0.250443 0.101322
v -0.069470 0.250112 0.105464
v -0.069033 0.250112 0.015577
v -0.070748 0.252552 0.019700
v -0.071281 0.250443 0.061522
v 0.166986 0.113239 0.156868
v 0.099161 0.126012 0.154430
v 0.097136 0.126343 0.154421
v 0.187057 0.146019 0.152749
v 0.160424 0.205298 0.146295
v 0.063774 0.083739 0.123565
v 0.066264 0.091083 0.127034
v 0.060343 0.106833 0.120766
v 0.058905 0.111297 0.118651
v 0.055806 0.092652 0.143764
v 0.055145 0.088519 0.143761
v 0.053734 0.083708 0.142236
v 0.051695 0.083700 0.145346
v 0.051332 0.104022 0.137418
v 0.051332 0.091290 0.145766
v 0.049920 0.083696 0.146181
v 0.045947 0.083683 0.148270
v 0.047188 0.104684 0.139506
v 0.049885 0.108487 0.137411
v 0.023595 0.129569 0.137284
v 0.034981 0.083648 0.149060
v 0.025961 0.131263 0.135187
v -0.047396 0.083390 0.147648
v -0.068919 0.133579 0.136835
v -0.072188 0.083313 0.147781
v -0.091295 0.086288 0.138834
v -0.089016 0.083261 0.140363
v -0.088512 0.083261 0.140787
v -0.068578 0.135605 0.134728
v -0.093640 0.084510 0.136715
v -0.092460 0.083249 0.137564
v -0.093045 0.083247 0.136549
v -0.092979 0.088644 0.136718
v -0.073043 0.134242 0.134707
v -0.103842 0.086164 0.117861
v -0.104173 0.084140 0.117860
v -0.103497 0.083215 0.118369
v -0.078212 0.141392 0.117986
v -0.103497 0.083215 0.118284
v -0.104338 0.083211 0.117859
v -0.106058 0.083205 0.107394
v -0.077871 0.143502 0.115879
v 0.021827 0.131925 0.135167
v 0.277797 0.084409 0.138685
v 0.340995 0.084605 0.008796
v 0.065440 0.083741 0.006279
v 0.339573 0.084602 0.006597
v 0.339607 0.084602 0.016969
v 0.338336 0.084598 0.018143
v 0.067391 0.083749 0.021129
v 0.278793 0.084413 0.142147
v 0.280635 0.084419 0.144854
v 0.062151 0.083732 0.006263
v 0.065439 0.083741 0.006363
v 0.065439 0.083741 0.006448
v 0.047804 0.083688 0.095745
v 0.047635 0.083688 0.095744
v 0.055235 0.083712 0.093504
v 0.219772 0.084227 0.036794
v 0.419845 0.084854 0.024694
v 0.337488 0.084594 0.019067
v 0.617950 0.085474 0.012714
v 0.617951 0.085474 0.012640
v 0.063174 0.083735 0.021278
v 0.063175 0.083735 0.021193
v 0.066210 0.083745 0.021208
v -0.180257 0.082973 0.036624
v -0.178260 0.082979 0.059485
v -0.178345 0.082978 0.059569
v 0.279399 0.084413 -0.017558
v 0.280970 0.084419 0.145278
v 0.054038 0.083708 0.096787
v 0.020900 0.083602 0.061969
v 0.019698 0.083600 0.048893
v 0.032553 0.083640 0.093394
v -0.017534 0.083483 0.093151
v -0.178269 0.082979 0.061425
v -0.178269 0.082979 0.061341
v 0.053717 0.083707 0.093497
v 0.041147 0.083668 0.094701
v 0.040816 0.083667 0.093434
v 0.278135 0.084410 0.138687
v 0.279989 0.084414 -0.017555
v 0.279820 0.084414 -0.017556
v -0.180375 0.082973 0.060993
v -0.178689 0.082978 0.061086
v -0.178690 0.082978 0.061254
v 0.280073 0.084414 -0.017471
v 0.279652 0.084414 -0.017557
v 0.290692 0.084448 -0.016407
v 0.344464 0.084616 -0.010919
v 0.280157 0.084414 -0.017470
v 0.278303 0.084410 0.138688
v 0.343928 0.084616 0.099542
v 0.278388 0.084412 0.138688
v 0.278556 0.084412 0.138689
v 0.278641 0.084413 0.138689
v 0.289186 0.084445 0.137644
v 0.343008 0.084614 0.132762
v -0.180276 0.082973 0.040503
v -0.180449 0.082973 0.076086
v -0.178267 0.082979 0.061003
v -0.178267 0.082979 0.060919
v 0.346803 0.084624 -0.006438
v 0.346308 0.084624 0.095675
v 0.347160 0.084626 0.093824
v 0.347841 0.084629 0.092647
v 0.617439 0.085474 0.118187
v 0.617948 0.085474 0.013111
v 0.348551 0.084630 0.085146
v 0.347843 0.084629 0.092225
v 0.617454 0.085474 0.114967
v 0.617454 0.085474 0.114912
v 0.512577 0.085145 0.064354
v 0.514094 0.085149 0.064362
v 0.512574 0.085145 0.064861
v 0.617451 0.085474 0.115720
v 0.609209 0.085448 0.099480
v 0.604996 0.085434 0.098954
v 0.617612 0.085474 0.082471
v 0.617635 0.085474 0.077655
v 0.350494 0.084636 0.067110
v 0.617957 0.085474 0.011317
v 0.340992 0.084605 0.009471
v 0.617951 0.085474 0.012572
v -0.177990 0.082979 0.003749
v 0.602329 0.085426 0.022966
v 0.067633 0.083750 0.023407
v 0.067391 0.083749 0.021213
v 0.068041 0.083750 0.026361
v 0.067878 0.083750 0.025179
v -0.177942 0.082979 -0.005948
v 0.512747 0.085145 0.081473
v 0.512494 0.085145 0.081472
v -0.178691 0.082978 0.061423
v -0.178270 0.082979 0.061509
v -0.178691 0.082978 0.061339
v -0.028487 0.083447 0.021760
v -0.024778 0.083460 0.021947
v -0.041251 0.083408 0.028192
v 0.044265 0.083677 0.095222
v 0.606044 0.085438 0.108741
v 0.617484 0.085474 0.108796
v 0.617458 0.085474 0.114192
v 0.601933 0.085426 0.104588
v 0.605037 0.085434 0.107808
v 0.516610 0.085158 0.102067
v 0.602027 0.085426 0.102481
v 0.512394 0.085145 0.102046
v 0.512430 0.085145 0.094626
v 0.534460 0.085213 0.090095
v 0.531426 0.085204 0.089743
v 0.602645 0.085427 0.044722
v -0.178693 0.082978 0.061844
v -0.178612 0.082978 0.062520
v -0.178275 0.082979 0.062690
v -0.178276 0.082979 0.062858
v 0.602400 0.085427 0.095146
v 0.602215 0.085427 0.098603
v -0.178582 0.082979 0.125847
v -0.180647 0.082973 0.116983
v 0.610389 0.085452 0.099655
v 0.617602 0.085474 0.084583
v 0.617563 0.085474 0.092465
v -0.180456 0.082973 0.077520
v -0.178610 0.082978 0.062182
v 0.512465 0.085145 0.087374
v 0.602648 0.085427 0.043964
v 0.042160 0.083669 0.024886
v 0.041473 0.083668 0.027497
v -0.035686 0.083426 0.028219
v -0.010783 0.083503 0.022605
v -0.180456 0.082973 0.077605
v 0.526508 0.085189 0.095453
v 0.602124 0.085426 0.099867
v -0.107022 0.083202 0.027872
v 0.063585 0.083736 0.023472
v 0.067372 0.083749 0.025177
v 0.063998 0.083738 0.025245
v 0.050153 0.083694 0.028635
v 0.041131 0.083667 0.028591
v 0.054044 0.083707 0.026040
v 0.054959 0.083709 0.028658
v 0.054032 0.083707 0.028654
v 0.054975 0.083709 0.025454
v -0.108118 0.083199 0.027867
v -0.078479 0.083291 0.019410
v 0.044349 0.083678 0.095222
v -0.180052 0.082973 -0.005621
v 0.011307 0.083573 0.022965
v 0.042246 0.083669 0.024718
v 0.054048 0.083707 0.025365
v 0.054046 0.083707 0.025618
v 0.062065 0.083732 0.006684
v -0.180084 0.082973 0.000956
v -0.177986 0.082979 0.002990
v -0.178746 0.082977 0.003155
v 0.059211 0.083723 0.021259
v -0.177943 0.082979 -0.005779
v -0.177954 0.082979 -0.003672
v 0.061113 0.083729 0.011655
v -0.180059 0.082973 -0.004187
v 0.067704 0.083750 0.026275
v -0.180053 0.082973 -0.005536
v -0.178266 0.082979 0.060666
v -0.178411 0.082978 0.003747
v -0.177994 0.082979 0.004593
v -0.180096 0.082973 0.003402
v -0.177990 0.082979 0.003833
v 0.049405 0.083693 0.096005
v 0.048225 0.083689 0.095831
v -0.178297 0.082979 0.067075
v -0.178612 0.082978 0.062435
v 0.056078 0.083714 0.093508
v 0.057174 0.083718 0.093514
v 0.055732 0.083714 0.095362
v -0.178571 0.082979 0.123570
v -0.178791 0.082978 0.116739
v -0.178537 0.082979 0.116656
v -0.178268 0.082979 0.061088
v 0.056071 0.083714 0.025543
v 0.054975 0.083626 0.025454
v 0.056071 0.083714 0.025375
v -0.178768 0.082978 0.059905
v -0.178265 0.082979 0.060582
v -0.178772 0.082978 0.060663
v 0.056076 0.083714 0.024363
v 0.056224 0.083714 0.028664
v -0.036698 0.083422 0.028214
v 0.056839 0.083715 0.023608
v -0.178689 0.082978 0.061001
v -0.178689 0.082978 0.060917
v -0.178772 0.082978 0.060748
v 0.512679 0.085145 0.043190
v 0.602702 0.085427 0.032833
v 0.513524 0.085148 0.042857
v 0.056727 0.083717 0.098824
v 0.056391 0.083715 0.098485
v 0.055647 0.083713 0.095446
v 0.608784 0.085447 0.100237
v 0.604485 0.085433 0.099963
v 0.617846 0.085474 0.034201
v 0.617872 0.085474 0.028866
v 0.617610 0.085474 0.082913
v 0.048472 0.083691 0.097097
v 0.054964 0.083710 0.097129
v 0.054880 0.083709 0.097044
v 0.054883 0.083709 0.096454
v 0.055053 0.083710 0.096286
v 0.610048 0.085451 0.100328
v 0.617523 0.085474 0.100769
v 0.617524 0.085474 0.100546
v 0.603123 0.085428 0.102487
v 0.046701 0.083684 0.097173
v 0.043748 0.083676 0.097328
v -0.108024 0.083200 0.095326
v -0.011154 0.083503 0.099000
v -0.093133 0.083246 0.102397
v 0.043580 0.083674 0.097327
v 0.005801 0.083557 0.097818
v 0.024856 0.083616 0.098163
v 0.010940 0.083573 0.098771
v -0.178275 0.082979 0.062521
v 0.041977 0.083669 0.097403
v 0.025868 0.083620 0.098084
v 0.602547 0.085427 0.064791
v 0.617671 0.085474 0.070190
v 0.617742 0.085474 0.055643
v 0.522883 0.085177 0.095267
v 0.609026 0.085448 0.102515
v 0.617520 0.085474 0.101413
v 0.617514 0.085474 0.102556
v -0.178875 0.082978 0.116738
v 0.516985 0.085158 0.024660
v 0.512769 0.085145 0.024639
v 0.617950 0.085474 0.012844
v 0.524490 0.085181 0.024696
v 0.617844 0.085474 0.034564
v 0.617875 0.085474 0.028307
v 0.617907 0.085474 0.021661
v 0.617917 0.085474 0.019571
v -0.178495 0.082978 0.003662
v -0.079323 0.083288 0.019406
v -0.178272 0.082979 0.062015
v -0.178274 0.082979 0.062437
v 0.034216 0.083645 0.028558
v 0.050332 0.083696 0.096094
v 0.054039 0.083708 0.096703
v -0.037012 0.083422 0.093057
v -0.037434 0.083421 0.093055
v 0.054629 0.083709 0.096790
v -0.178581 0.082979 0.125762
v 0.607677 0.085443 0.102509
v -0.007781 0.083514 0.098933
v 0.067718 0.083750 0.023407
v 0.058825 0.083638 0.100942
v 0.056895 0.083717 0.098993
v 0.066874 0.083746 0.023403
v 0.068366 0.083751 0.028723
v 0.064741 0.083740 0.028706
v 0.060463 0.083728 0.093530
v 0.055138 0.083710 0.096203
v 0.055647 0.083713 0.095530
v 0.055133 0.083710 0.097214
v 0.617508 0.085474 0.103931
v 0.617890 0.085474 0.025149
v 0.617894 0.085474 0.024305
v 0.617643 0.085474 0.075979
v 0.617663 0.085474 0.071858
v 0.617771 0.085474 0.049758
v 0.617817 0.085474 0.040141
v 0.064163 0.083739 0.026089
v 0.025784 0.083619 0.098083
v -0.107336 0.083202 0.092716
v -0.108432 0.083199 0.092710
v -0.041566 0.083408 0.093035
v 0.042399 0.083671 0.097321
v 0.737981 0.017271 0.023539
v 0.735743 0.014123 0.023592
v 0.736220 0.017550 0.020083
v 0.738801 0.017271 0.058218
v 0.739580 0.017271 0.091150
v 0.736563 0.014123 0.058271
v 0.737342 0.014123 0.091203
v 0.734123 0.091685 0.020133
v 0.700714 0.014473 0.024420
v 0.737631 0.091125 0.023547
v 0.738451 0.091125 0.058227
v 0.701534 0.014473 0.059100
v 0.702313 0.014473 0.092031
v 0.699443 0.018181 0.020953
v -0.127056 0.058325 0.040495
v -0.129853 0.049932 0.040561
v -0.128454 0.058533 0.040528
v -0.126777 0.058254 0.040488
v 0.655116 0.092103 0.022001
v 0.623512 0.091895 0.022748
v 0.630154 0.108750 0.022591
v 0.695039 0.089167 0.021057
v 0.653018 0.108750 0.022050
v 0.733144 0.108750 0.020156
v 0.584707 0.091125 0.023666
v 0.566948 0.106372 0.024086
v 0.571982 0.108750 0.023967
v 0.564012 0.103293 0.024155
v 0.561215 0.103714 0.024221
v 0.558418 0.102385 0.024287
v 0.582261 0.021258 0.023723
v 0.559118 0.019719 0.024271
v 0.582750 0.089726 0.023712
v 0.593447 0.108750 0.023459
v 0.693640 0.091195 0.021090
v 0.652878 0.088957 0.022054
v 0.626379 0.087978 0.022680
v 0.651759 0.091614 0.022080
v 0.652389 0.020489 0.022065
v 0.627847 0.020908 0.022646
v 0.558348 0.103853 0.024289
v 0.560376 0.103853 0.024241
v 0.654766 0.091614 0.022009
v 0.568766 0.107980 0.024043
v 0.569815 0.108750 0.024018
v 0.568487 0.107840 0.024049
v 0.567788 0.107280 0.024066
v 0.697778 0.018460 0.024490
v 0.692884 0.086020 0.024605
v 0.698598 0.018460 0.059169
v 0.699376 0.018460 0.092100
v 0.694203 0.084341 0.092223
v 0.693424 0.084341 0.059291
v 0.690278 0.086579 0.059366
v 0.689737 0.088258 0.024680
v 0.701207 0.018181 0.095555
v 0.737984 0.017550 0.094685
v 0.560182 0.102385 0.098889
v 0.560882 0.019719 0.098873
v 0.583745 0.019578 0.098332
v 0.736166 0.093363 0.094728
v 0.696803 0.089167 0.095659
v 0.735187 0.108750 0.094752
v 0.659606 0.108750 0.096539
v 0.624996 0.090215 0.097357
v 0.593464 0.108750 0.098103
v 0.573746 0.108750 0.098569
v 0.695404 0.091195 0.095692
v 0.631918 0.108750 0.097193
v 0.586471 0.091125 0.098268
v 0.571579 0.108750 0.098620
v 0.571369 0.108609 0.098625
v 0.570251 0.107840 0.098651
v 0.569552 0.107280 0.098668
v 0.566685 0.104274 0.098736
v 0.584514 0.089726 0.098314
v 0.628143 0.087978 0.097283
v 0.629611 0.020908 0.097248
v 0.654153 0.020489 0.096668
v 0.560182 0.102595 0.098889
v 0.562000 0.102595 0.098846
v 0.656600 0.090356 0.096610
v 0.654642 0.088957 0.096656
v 0.565776 0.103293 0.098757
v 0.691336 0.088258 0.092290
v 0.658064 0.088118 0.025429
v 0.658884 0.088118 0.060108
v 0.659663 0.088118 0.093039
v 0.654079 0.085251 0.025523
v 0.656647 0.084970 0.060161
v 0.657426 0.084970 0.093092
v 0.656177 0.021677 0.025473
v 0.656717 0.019928 0.060159
v 0.652191 0.018810 0.025568
v 0.652732 0.017061 0.060254
v 0.657496 0.019928 0.093090
v 0.653510 0.017061 0.093185
v 0.627370 0.017481 0.026154
v 0.622476 0.085110 0.026270
v 0.624075 0.085110 0.093881
v 0.620928 0.087348 0.093955
v 0.628969 0.017481 0.093765
v 0.625823 0.019789 0.093839
v 0.628190 0.017481 0.060834
v 0.625044 0.019789 0.060908
v 0.623296 0.085110 0.060950
v 0.624504 0.021467 0.026222
v 0.620150 0.087348 0.061024
v 0.619609 0.089026 0.026338
v 0.587937 0.088886 0.027087
v 0.588477 0.087139 0.061773
v 0.589535 0.088886 0.094697
v 0.585699 0.085740 0.027140
v 0.585769 0.020698 0.027138
v 0.586519 0.085740 0.061819
v 0.586309 0.019020 0.061824
v 0.587298 0.085740 0.094750
v 0.587088 0.019020 0.094755
v 0.581784 0.017831 0.027232
v 0.583382 0.017831 0.094843
v 0.582604 0.017831 0.061912
v 0.558991 0.017971 0.027771
v 0.560310 0.016292 0.095388
v 0.559531 0.016292 0.062457
v 0.558894 0.102595 0.097661
v 0.556676 0.102664 0.095545
v 0.560111 0.102595 0.098821
v 0.556674 0.102664 0.095474
v 0.557443 0.020278 0.095456
v 0.555767 0.073781 0.045267
v 0.555845 0.020278 0.027846
v 0.555881 0.073360 0.050091
v 0.555643 0.074199 0.040023
v 0.555613 0.074620 0.038764
v 0.555519 0.075879 0.034779
v 0.555429 0.076718 0.033942
v 0.555368 0.079306 0.031355
v 0.555358 0.080215 0.030935
v 0.555326 0.082803 0.029607
v 0.555256 0.089796 0.029609
v 0.555117 0.102945 0.029612
v 0.555075 0.102945 0.027864
v 0.556175 0.072242 0.062537
v 0.556665 0.020278 0.062525
v 0.556454 0.073360 0.074353
v 0.556634 0.102664 0.093796
v 0.556774 0.089796 0.093793
v 0.556552 0.073781 0.078478
v 0.556667 0.074199 0.083372
v 0.556696 0.074620 0.084561
v 0.556790 0.075879 0.088546
v 0.556740 0.076718 0.089387
v 0.556803 0.079306 0.092043
v 0.556813 0.080215 0.092463
v 0.556844 0.082803 0.093791
v 0.556774 0.089517 0.093793
v 0.555100 0.103714 0.028913
v 0.555117 0.103714 0.029612
v 0.555416 0.103714 0.027506
v 0.558214 0.103853 0.024502
v 0.555075 0.103714 0.027864
v 0.735579 0.108750 0.022547
v 0.736652 0.108750 0.023570
v 0.736775 0.108750 0.034691
v 0.737332 0.108750 0.058253
v 0.738041 0.094831 0.091186
v 0.737201 0.108750 0.082251
v 0.737552 0.108750 0.091198
v 0.736665 0.108750 0.092128
v 0.485061 0.081614 0.031338
v 0.485059 0.081824 0.031268
v 0.484989 0.092664 0.031270
v 0.488345 0.102664 0.031191
v 0.484919 0.097070 0.031272
v 0.505055 0.103154 0.030796
v 0.503867 0.103154 0.030824
v 0.488135 0.102945 0.031196
v 0.484010 0.094552 0.031293
v 0.483940 0.094063 0.031295
v 0.484779 0.091475 0.031275
v 0.484709 0.090985 0.031277
v 0.485240 0.078116 0.033013
v 0.485313 0.077976 0.033151
v 0.485461 0.074690 0.036435
v 0.485467 0.074620 0.036715
v 0.485655 0.073012 0.041678
v 0.485719 0.072592 0.047343
v 0.486018 0.071403 0.062936
v 0.486047 0.071263 0.064195
v 0.486032 0.071332 0.063565
v 0.486075 0.071403 0.065383
v 0.486470 0.073012 0.085032
v 0.486518 0.074620 0.089998
v 0.486523 0.074690 0.090207
v 0.486462 0.077976 0.093567
v 0.486465 0.078116 0.093707
v 0.486363 0.081614 0.095318
v 0.486366 0.081824 0.095458
v 0.506853 0.103154 0.094974
v 0.506643 0.103154 0.094978
v 0.504056 0.103154 0.095040
v 0.489653 0.101475 0.095380
v 0.486366 0.091964 0.095458
v 0.488464 0.101686 0.095408
v 0.488045 0.102245 0.095418
v 0.486856 0.102525 0.095446
v 0.486577 0.102875 0.095453
v 0.486297 0.091475 0.095460
v 0.486297 0.095951 0.095460
v 0.485388 0.093363 0.095481
v 0.486227 0.090914 0.095461
v 0.486017 0.089726 0.095466
v 0.562553 0.108680 0.006840
v 0.563791 0.103293 0.020732
v 0.558412 0.104134 0.012185
v 0.567945 0.107909 0.018885
v 0.454884 0.106720 0.000711
v 0.454449 0.103293 0.005968
v 0.488008 0.103224 0.022874
v 0.484541 0.103364 0.015261
v 0.487267 0.103293 0.018134
v 0.486155 0.103293 0.018440
v 0.473069 0.103224 0.015322
v 0.488002 0.103224 0.022594
v 0.455125 0.108400 -0.000974
v 0.350810 0.105881 -0.007252
v 0.350137 0.100707 -0.000240
v 0.349638 0.100426 0.017121
v 0.429973 0.102525 0.015221
v 0.438230 0.102735 0.015306
v 0.252116 0.104203 -0.006597
v 0.351090 0.107561 -0.007258
v 0.251469 0.099097 -0.001405
v 0.337934 0.099867 0.039924
v 0.346130 0.099728 0.055190
v 0.338493 0.099518 0.060618
v 0.346961 0.099587 0.066644
v 0.333725 0.100217 0.015748
v 0.348309 0.100426 0.017152
v 0.335867 0.100217 0.017586
v 0.337373 0.100217 0.019160
v 0.345925 0.100357 0.019867
v 0.344894 0.100286 0.020661
v 0.278392 0.099237 0.015867
v 0.275593 0.099168 0.015864
v 0.250397 0.104483 -0.008305
v 0.124330 0.094971 0.003350
v 0.123087 0.098679 -0.001867
v 0.254791 0.099097 0.139060
v 0.127569 0.094971 0.140319
v 0.127529 0.094971 0.138641
v 0.124371 0.094971 0.005098
v 0.119744 0.099237 0.001710
v 0.249988 0.098469 0.015839
v 0.144061 0.095252 0.015336
v 0.256141 0.098679 0.015694
v 0.255444 0.098608 0.015781
v 0.253556 0.098608 0.015825
v 0.258592 0.098747 0.015776
v 0.257123 0.098679 0.015811
v 0.261179 0.098818 0.015715
v 0.346981 0.099518 0.067483
v 0.338657 0.099308 0.067540
v 0.133288 0.094971 0.015311
v 0.127132 0.094831 0.015317
v 0.124332 0.094762 0.015243
v 0.123842 0.095112 0.015254
v 0.123213 0.095670 0.015269
v 0.120009 0.098398 0.018843
v 0.127044 0.094762 0.129978
v 0.129841 0.094831 0.129912
v 0.135781 0.095042 0.129632
v 0.143257 0.095181 0.129245
v 0.126625 0.095112 0.129988
v 0.252817 0.098539 0.123646
v 0.256102 0.098679 0.123499
v 0.259526 0.098747 0.123348
v 0.260989 0.098747 0.123103
v 0.262668 0.098818 0.123064
v 0.276366 0.099168 0.122530
v 0.338660 0.099308 0.067680
v 0.347001 0.099587 0.068322
v 0.338824 0.099518 0.074602
v 0.258547 0.098747 0.123371
v 0.257918 0.098679 0.123386
v 0.121276 0.099518 0.140468
v 0.125926 0.095601 0.130005
v 0.122171 0.097908 0.125057
v 0.122028 0.098048 0.124920
v 0.121036 0.097140 0.097800
v 0.119873 0.098539 0.018986
v 0.119871 0.098539 0.018916
v 0.119803 0.098608 0.018988
v 0.119675 0.098887 0.019480
v 0.119804 0.098679 0.019058
v 0.119743 0.098747 0.019409
v 0.119807 0.097350 0.075373
v 0.120349 0.096790 0.077598
v 0.119475 0.097839 0.076150
v 0.126574 0.098679 0.145590
v 0.346702 0.099728 0.079382
v 0.339058 0.099728 0.087468
v 0.353294 0.100707 0.133303
v 0.280630 0.099237 0.122359
v 0.336184 0.100217 0.119786
v 0.338094 0.100217 0.117712
v 0.351975 0.100426 0.115985
v 0.347138 0.100286 0.112602
v 0.347642 0.100286 0.113219
v 0.339669 0.100217 0.116276
v 0.348828 0.100357 0.116059
v 0.255404 0.102525 0.144292
v 0.402945 0.101756 0.114780
v 0.395366 0.101546 0.113770
v 0.395842 0.101546 0.113199
v 0.457197 0.103293 0.122172
v 0.431143 0.102385 0.109076
v 0.354296 0.105881 0.140205
v 0.485763 0.103154 0.105406
v 0.479686 0.103085 0.105830
v 0.254045 0.104483 0.146003
v 0.126825 0.100357 0.147333
v 0.125105 0.100636 0.145624
v 0.125289 0.108750 0.144501
v 0.126720 0.108750 0.145866
v 0.121464 0.108750 0.139554
v 0.124646 0.108750 0.143956
v 0.141152 0.108750 0.146714
v 0.250683 0.108750 0.145803
v 0.119721 0.108750 0.133859
v 0.121425 0.099237 0.072816
v 0.119747 0.108750 0.078732
v 0.118317 0.101196 0.003493
v 0.118563 0.100426 0.019786
v 0.118947 0.100776 0.018308
v 0.118706 0.100217 0.019923
v 0.121619 0.100636 -0.001833
v 0.123257 0.100357 -0.003550
v 0.121575 0.108750 -0.000712
v 0.118743 0.108750 0.003762
v 0.122941 0.108750 -0.002144
v 0.118196 0.108750 0.004265
v 0.123221 0.108750 -0.002150
v 0.137597 0.108750 -0.003609
v 0.247048 0.108750 -0.007946
v 0.117999 0.108750 0.004829
v -0.053323 0.102595 0.019723
v -0.052492 0.108750 0.019354
v -0.052344 0.108750 0.019700
v -0.051741 0.108750 0.021575
v 0.105277 0.102735 0.028915
v 0.099071 0.074549 0.038646
v 0.102648 0.096720 0.039051
v 0.098935 0.090985 0.041797
v 0.096007 0.076858 0.042216
v 0.098041 0.089586 0.042448
v 0.097340 0.088676 0.042395
v 0.095520 0.086090 0.042298
v 0.093770 0.084760 0.042269
v 0.093350 0.084691 0.042279
v 0.088519 0.084481 0.042113
v 0.100379 0.093292 0.040714
v 0.084392 0.084341 0.042141
v -0.047530 0.103434 0.036936
v -0.046618 0.108750 0.037054
v -0.046331 0.108750 0.037327
v 0.062277 0.083571 0.041754
v -0.028838 0.102314 0.040481
v -0.043743 0.104623 0.040274
v -0.030865 0.105183 0.040529
v -0.028208 0.101546 0.040466
v -0.032963 0.108190 0.040579
v -0.032893 0.108750 0.040577
v -0.032893 0.108540 0.040577
v -0.043041 0.108750 0.040397
v 0.074081 0.061052 0.040986
v 0.011249 0.081753 0.040513
v -0.010241 0.080775 0.039971
v -0.012210 0.071403 0.039528
v -0.013459 0.082592 0.039978
v -0.012618 0.082453 0.040028
v -0.012781 0.067976 0.036114
v -0.015498 0.064829 0.018829
v 0.075118 0.057346 0.037463
v 0.075815 0.053638 0.016670
v 0.103444 0.072031 0.019445
v 0.077172 0.051610 0.014889
v -0.055084 0.102875 0.016267
v -0.054175 0.108750 0.016245
v -0.015860 0.063149 0.015339
v 0.105111 0.071753 0.015977
v 0.076962 0.049932 0.014894
v -0.060579 0.101965 0.014648
v -0.058896 0.108750 0.014818
v -0.059460 0.108750 0.014622
v -0.018180 0.060003 0.011897
v 0.076321 0.046504 0.011411
v 0.108215 0.069515 0.014155
v -0.018460 0.058254 0.011903
v 0.109894 0.069235 0.014115
v 0.077998 0.046225 0.011372
v 0.148628 0.026083 0.013199
v 0.064854 -0.002591 0.011682
v 0.110872 -0.011754 0.014092
v 0.066322 -0.004619 0.011648
v 0.243059 0.023145 0.012715
v 0.013057 -0.003080 0.016405
v 0.062140 -0.009166 0.015244
v 0.060112 -0.010634 0.015292
v 0.109264 -0.022033 0.014130
v 0.112131 -0.026021 0.014062
v 0.110103 -0.027489 0.014110
v -0.001695 -0.001822 0.016753
v 0.108425 -0.081691 0.014150
v 0.111851 -0.027768 0.014069
v 0.110942 -0.022313 0.014090
v 0.112621 -0.012033 0.014050
v 0.110103 -0.016928 0.014110
v 0.028929 -0.004479 0.016029
v 0.054855 -0.162678 0.011919
v 0.071915 -0.089874 0.011515
v 0.056603 -0.162957 0.011877
v 0.045766 -0.055743 0.012134
v 0.073594 -0.090083 0.011476
v 0.061428 -0.002032 0.011763
v -0.063655 0.108750 0.014721
v -0.072185 0.108750 0.014923
v -0.098544 0.062381 0.015546
v -0.091063 0.108750 0.015369
v 0.149788 0.022377 0.014921
v 0.151816 0.023776 0.014873
v 0.123744 -0.010284 0.025890
v 0.122905 -0.015389 0.025910
v 0.156635 0.019578 0.023433
v 0.125422 -0.010565 0.025851
v -0.076990 -0.220376 0.030637
v -0.068670 -0.179604 0.030440
v -0.075872 -0.224083 0.030610
v -0.070418 -0.179323 0.030481
v 0.158353 0.019300 0.025072
v 0.126530 -0.010565 0.072695
v 0.127555 -0.010565 0.116045
v 0.124012 -0.015389 0.072755
v 0.125037 -0.015389 0.116104
v 0.122946 -0.015389 0.027658
v 0.125463 -0.010565 0.027599
v 0.158593 0.020977 0.023387
v 0.159372 0.020977 0.056319
v 0.159302 0.020419 0.056320
v 0.149653 0.011676 0.056548
v 0.147905 0.010067 0.056590
v 0.152590 0.014333 0.056479
v 0.157344 0.018670 0.056366
v 0.244049 0.017761 0.016120
v 0.241357 0.018111 0.106428
v 0.241365 0.018111 0.106778
v 0.160848 0.020977 0.118755
v 0.240684 0.018111 0.077971
v 0.240537 0.018111 0.071749
v 0.240453 0.018111 0.068183
v 0.188747 0.019999 0.067866
v 0.188539 0.019999 0.059057
v 0.185209 0.020069 0.057316
v 0.182235 0.020209 0.055778
v 0.163147 0.020838 0.056229
v 0.244802 0.018040 0.121947
v 0.244433 0.018040 0.106355
v 0.240496 0.018111 0.070001
v 0.188909 0.019999 0.074718
v 0.188826 0.019999 0.071222
v 0.164469 0.020838 0.094394
v 0.183137 0.020209 0.093953
v 0.160274 0.020977 0.094494
v 0.186036 0.020069 0.092276
v 0.189278 0.019999 0.090310
v 0.189069 0.019999 0.081500
v 0.242456 0.017900 0.031618
v 0.239651 0.017971 0.031334
v 0.243920 0.017831 0.028435
v 0.243919 0.017831 0.028365
v 0.239676 0.017971 0.032383
v 0.240295 0.018111 0.061541
v 0.143780 0.006361 0.056687
v 0.136648 -0.000144 0.056856
v 0.147346 0.009578 0.056603
v 0.133565 -0.002872 0.059587
v 0.132604 -0.003711 0.060379
v 0.126809 -0.008816 0.072689
v 0.133032 -0.003221 0.072542
v 0.138530 0.000556 0.095008
v 0.143005 0.004612 0.094902
v 0.137481 -0.000423 0.095033
v 0.134129 -0.003290 0.092313
v 0.133343 -0.003990 0.091633
v 0.133110 -0.003500 0.078836
v 0.133044 -0.003361 0.076039
v 0.132972 -0.003290 0.072963
v 0.122148 -0.020566 0.029426
v 0.122107 -0.020566 0.027678
v 0.124198 -0.020566 0.116124
v 0.123173 -0.020566 0.072775
v 0.125148 -0.025950 0.117850
v 0.125107 -0.025950 0.116102
v 0.124082 -0.025950 0.072753
v 0.123016 -0.025950 0.027657
v 0.123119 -0.089314 0.017230
v 0.145785 -0.057771 0.020192
v 0.145185 -0.061198 0.018458
v 0.149976 -0.054904 0.028768
v 0.147253 -0.059800 0.020157
v 0.209004 -0.069731 0.022195
v 0.206312 -0.065744 0.032613
v 0.210402 -0.071689 0.022162
v 0.210682 -0.070011 0.022156
v 0.237670 -0.055044 0.021517
v 0.264449 0.002165 0.020884
v 0.256828 -0.066864 0.021064
v 0.243613 0.014333 0.021377
v 0.275846 0.020977 0.020615
v 0.281159 0.021538 0.020489
v 0.220149 -0.087355 0.020183
v 0.210018 -0.064555 0.032525
v 0.208381 -0.064276 0.034312
v 0.151806 -0.055184 0.032222
v 0.236032 -0.054765 0.023235
v 0.211823 -0.064555 0.108875
v 0.210921 -0.064555 0.070700
v 0.210062 -0.064276 0.105419
v 0.207494 -0.063997 0.070781
v 0.233090 -0.052456 0.031980
v 0.237990 -0.053297 0.023189
v 0.235048 -0.051059 0.031933
v 0.234896 -0.052456 0.108330
v 0.233993 -0.052456 0.070155
v 0.160440 -0.056443 0.071894
v 0.160337 -0.056443 0.067559
v 0.152749 -0.055184 0.072076
v 0.160152 -0.056443 0.059728
v 0.165216 -0.057282 0.057929
v 0.167845 -0.057703 0.059616
v 0.168131 -0.057703 0.071712
v 0.167843 -0.057703 0.059546
v 0.160522 -0.056443 0.075390
v 0.160552 -0.056443 0.076648
v 0.168213 -0.057703 0.075208
v 0.168354 -0.057703 0.081151
v 0.234553 -0.049029 0.070141
v 0.235093 -0.050778 0.104827
v 0.233412 -0.050778 0.033720
v 0.242185 0.016292 0.023090
v 0.240672 0.016572 0.030121
v 0.245890 0.017481 0.023002
v 0.242475 0.016572 0.106402
v 0.242517 0.016572 0.108150
v 0.241614 0.016572 0.069974
v 0.240753 0.016572 0.033547
v 0.250435 0.018389 0.022895
v 0.263350 0.019719 0.021750
v 0.253366 0.018670 0.022616
v 0.281965 0.021606 0.022009
v 0.266516 0.003633 0.022514
v 0.282038 0.021606 0.022147
v 0.287035 0.022166 0.026366
v 0.258615 -0.067143 0.022701
v 0.266237 0.001884 0.022521
v 0.269786 0.001326 0.027684
v 0.288035 0.022237 0.027252
v 0.289957 0.022447 0.028676
v 0.258336 -0.068892 0.022708
v 0.263605 -0.069731 0.029579
v 0.271825 0.002794 0.031064
v 0.290039 0.022447 0.029164
v 0.271266 -0.000633 0.031077
v 0.288506 0.022237 0.047179
v 0.287764 0.022237 0.057200
v 0.272728 0.002794 0.069239
v 0.273630 0.002794 0.107414
v 0.272169 -0.000633 0.069252
v 0.273071 -0.000633 0.107427
v 0.288110 0.022306 0.068875
v 0.288384 0.022306 0.080481
v 0.264547 -0.069731 0.069432
v 0.265450 -0.069731 0.107607
v 0.291018 0.022516 0.100147
v 0.292053 0.022656 0.108447
v 0.271714 0.001326 0.109208
v 0.291990 0.022587 0.108729
v 0.263492 -0.071131 0.107654
v 0.263534 -0.071131 0.109401
v 0.261647 -0.071131 0.029625
v 0.261606 -0.071131 0.027877
v 0.262310 -0.072878 0.069485
v 0.222983 -0.093020 0.030539
v 0.221548 -0.089314 0.020150
v 0.221152 -0.092741 0.027085
v 0.000188 -0.057142 0.025384
v -0.015474 -0.121415 0.025754
v -0.001560 -0.056862 0.025425
v 0.000467 -0.055394 0.025377
v 0.353203 0.095042 0.017037
v 0.484299 0.102036 0.013937
v 0.481223 0.093713 0.014010
v 0.218122 -0.088754 0.020231
v 0.354602 0.093084 0.017004
v 0.354322 0.091335 0.017010
v 0.480943 0.092034 0.014016
v 0.220984 -0.094490 0.028838
v 0.223646 -0.094769 0.070399
v 0.221688 -0.096168 0.070445
v 0.124362 -0.093020 0.022448
v 0.224869 -0.093020 0.110316
v 0.124712 -0.098125 0.072738
v 0.120936 -0.092460 0.022529
v 0.063859 -0.009445 0.016952
v 0.221163 -0.094209 0.110403
v 0.065212 -0.009445 0.074145
v 0.060671 -0.007207 0.015279
v 0.062319 -0.008327 0.016919
v 0.060959 -0.007347 0.018560
v 0.066566 -0.009445 0.131408
v 0.063419 -0.007207 0.131483
v 0.064986 -0.008327 0.129696
v 0.066135 -0.009235 0.127990
v 0.066203 -0.009235 0.127919
v 0.066245 -0.009305 0.126728
v 0.065091 -0.009305 0.077926
v 0.063619 -0.009235 0.018637
v 0.063550 -0.007347 0.128121
v 0.064909 -0.009305 0.070235
v 0.063719 -0.009305 0.019894
v -0.030696 0.003983 0.012193
v 0.121565 -0.095887 0.072813
v 0.121306 -0.094280 0.050013
v 0.121071 -0.093020 0.031200
v 0.120290 -0.091831 0.030729
v 0.120629 -0.092321 0.030231
v 0.117086 -0.088404 0.060886
v 0.118502 -0.090153 0.052738
v 0.104446 -0.068822 0.058876
v 0.069896 -0.016578 0.074035
v 0.120848 -0.092670 0.030646
v 0.126700 -0.093020 0.121312
v -0.033912 0.006290 0.012269
v -0.031692 0.000766 0.017393
v -0.032812 0.000906 0.017349
v -0.032882 0.000976 0.017351
v 0.060749 -0.007277 0.018565
v 0.065141 -0.009445 0.074147
v -0.033721 0.001116 0.017371
v -0.036238 0.001534 0.017430
v -0.036728 0.001955 0.017442
v -0.036866 0.001955 0.017515
v -0.043555 0.008249 0.033413
v -0.044673 0.009298 0.033510
v -0.081983 0.042799 0.035442
v -0.043582 0.008249 0.032295
v -0.043150 0.007829 0.029836
v -0.043164 0.007829 0.029277
v -0.041851 0.006571 0.025608
v -0.039230 0.004193 0.021069
v -0.037269 0.002305 0.018224
v -0.036934 0.002025 0.017587
v -0.100769 0.059233 0.019096
v -0.100359 0.059233 0.036436
v -0.043651 0.009228 0.076719
v -0.099375 0.059233 0.078037
v -0.043340 0.008809 0.069157
v -0.042832 0.008949 0.096568
v -0.052831 0.018389 0.117441
v -0.041568 0.008318 0.117455
v -0.072841 0.036364 0.117355
v -0.096721 0.057694 0.116311
v -0.098487 0.059233 0.115583
v -0.042459 0.009089 0.118246
v -0.041550 0.008249 0.118224
v -0.041490 0.008249 0.120741
v -0.040930 0.007829 0.123736
v -0.051904 0.017550 0.118189
v -0.038607 0.005872 0.127319
v -0.036646 0.004193 0.130351
v -0.035057 0.002723 0.132482
v -0.034186 0.002025 0.133790
v -0.098021 0.059233 0.135300
v -0.034553 0.002305 0.133099
v -0.098431 0.059233 0.117960
v -0.100301 0.059233 0.038883
v -0.080911 0.041819 0.036396
v -0.043118 0.008528 0.063764
v -0.074769 0.036364 0.035831
v -0.043537 0.008249 0.034183
v -0.098571 0.057694 0.038073
v -0.093863 0.108750 0.018234
v -0.101888 0.062941 0.019122
v -0.094546 0.108750 0.018949
v -0.100818 0.060911 0.037706
v -0.100481 0.060911 0.051969
v -0.099360 0.062941 0.126027
v -0.099226 0.062310 0.125744
v -0.099140 0.062941 0.135326
v -0.101518 0.062310 0.028838
v -0.101666 0.062941 0.028492
v -0.100848 0.060842 0.036447
v -0.100428 0.059443 0.036437
v -0.101012 0.060911 0.029525
v -0.099865 0.060911 0.078049
v -0.099833 0.060911 0.079377
v -0.099269 0.060911 0.103219
v -0.098501 0.059443 0.117962
v -0.098851 0.060632 0.117970
v -0.098921 0.060842 0.117972
v -0.098759 0.060911 0.124823
v -0.098755 0.060911 0.124964
v -0.098922 0.060911 0.117902
v -0.100981 0.060911 0.030854
v -0.098950 0.060911 0.116713
v -0.100848 0.060911 0.036447
v -0.092731 0.104483 0.125311
v -0.092623 0.104483 0.129855
v -0.095029 0.104413 0.028125
v -0.096192 0.096231 0.035148
v -0.094875 0.104413 0.034627
v -0.095080 0.104483 0.025957
v -0.094603 0.107840 0.022448
v -0.094896 0.105602 0.024833
v -0.094598 0.107769 0.022658
v -0.094463 0.108750 0.022445
v -0.099205 0.064059 0.126653
v -0.098995 0.065248 0.126648
v -0.094591 0.092734 0.126544
v -0.094076 0.096231 0.124643
v -0.094526 0.092943 0.126333
v -0.094129 0.096231 0.122406
v -0.094383 0.096231 0.111638
v -0.093852 0.104413 0.077906
v -0.095180 0.096231 0.077938
v -0.092857 0.104483 0.119997
v -0.095238 0.096231 0.075491
v -0.101537 0.063990 0.027999
v -0.101541 0.064059 0.027859
v -0.097136 0.091264 0.027755
v -0.096927 0.092734 0.027750
v -0.096326 0.096231 0.029485
v -0.096327 0.095951 0.029415
v -0.092552 0.104553 0.129924
v -0.092097 0.107491 0.131382
v -0.092023 0.107840 0.131590
v -0.091883 0.108469 0.131587
v -0.091798 0.108750 0.135153
v -0.096000 0.096231 0.043258
v -0.093958 0.104413 0.073431
v -0.091883 0.108750 0.131587
v -0.093800 0.104483 0.080074
v -0.092749 0.104483 0.124542
v -0.095102 0.065808 0.140408
v -0.088831 0.108750 0.139350
v -0.088110 0.108750 0.140242
v -0.095591 0.062381 0.140419
v -0.031127 0.004543 0.138895
v -0.033336 0.001745 0.134260
v -0.034116 0.001955 0.133789
v -0.057667 0.101965 0.137773
v -0.069257 0.108750 0.138747
v -0.060737 0.108750 0.138126
v -0.029460 0.001955 0.135428
v -0.029321 0.001955 0.135424
v -0.030231 0.002025 0.135376
v -0.030371 0.002025 0.135379
v -0.030443 0.002025 0.135311
v -0.027702 0.003983 0.138814
v 0.048719 -0.055743 0.137007
v 0.074589 -0.091552 0.136395
v 0.076546 -0.090083 0.136349
v -0.015466 0.058254 0.138525
v -0.018835 0.000976 0.135106
v 0.010438 -0.002172 0.133435
v 0.031676 -0.004479 0.132233
v 0.040395 -0.005249 0.131117
v 0.063340 -0.007277 0.128126
v 0.064059 -0.003780 0.134895
v 0.071026 -0.016578 0.121858
v 0.078850 -0.028678 0.118386
v 0.069233 -0.004619 0.134773
v 0.123313 -0.092460 0.123071
v 0.123007 -0.093091 0.113074
v 0.122734 -0.092670 0.113360
v 0.122537 -0.092321 0.113925
v 0.121965 -0.091621 0.113378
v 0.120537 -0.090782 0.103268
v 0.117298 -0.087915 0.087605
v 0.119522 -0.090153 0.095877
v 0.076854 -0.207927 0.134593
v 0.059235 -0.164636 0.135009
v 0.043643 -0.228909 0.135378
v 0.042175 -0.226881 0.135413
v 0.057557 -0.164356 0.135049
v 0.067765 -0.002591 0.134808
v 0.125703 -0.089314 0.126512
v 0.080909 0.046225 0.134497
v 0.220459 -0.088754 0.119095
v 0.110863 -0.018327 0.132040
v 0.223886 -0.089314 0.119014
v 0.222527 -0.087355 0.120725
v 0.223161 -0.092741 0.112035
v 0.260551 -0.068892 0.116398
v 0.259083 -0.066864 0.116432
v 0.260831 -0.067143 0.116391
v 0.266704 0.002165 0.116252
v 0.245868 0.014333 0.116745
v 0.239925 -0.055044 0.116885
v 0.283624 0.021816 0.115852
v 0.280408 0.021467 0.115928
v 0.284393 0.021887 0.115834
v 0.268411 0.001884 0.114463
v 0.268690 0.003633 0.114456
v 0.290207 0.022447 0.110240
v 0.289318 0.022377 0.111100
v 0.284459 0.021887 0.115692
v 0.267452 0.020209 0.115325
v 0.256105 0.019160 0.114754
v 0.248064 0.017481 0.114944
v 0.244359 0.016292 0.115032
v 0.236853 -0.051059 0.108284
v 0.240164 -0.053297 0.115131
v 0.238206 -0.054765 0.115177
v 0.212937 -0.070011 0.117523
v 0.212698 -0.071689 0.119278
v 0.211259 -0.069731 0.117563
v 0.147686 -0.061198 0.124243
v 0.149672 -0.059800 0.122447
v 0.208117 -0.065744 0.108963
v 0.151984 -0.054904 0.113718
v 0.153651 -0.055184 0.110251
v 0.166036 -0.057282 0.092608
v 0.164337 -0.057003 0.091739
v 0.160891 -0.056443 0.090981
v 0.160706 -0.056443 0.083150
v 0.168582 -0.057703 0.090799
v 0.147924 -0.059520 0.122489
v 0.112891 -0.027489 0.131992
v 0.114599 -0.027768 0.130272
v 0.124869 -0.027699 0.117857
v 0.112051 -0.022033 0.132011
v 0.150266 -0.054625 0.112080
v 0.124786 -0.027699 0.114361
v 0.149602 -0.052947 0.072150
v 0.125760 -0.026231 0.072714
v 0.148380 -0.054625 0.032303
v 0.124735 -0.026231 0.029364
v 0.123960 -0.022243 0.117879
v 0.112012 -0.022033 0.130334
v 0.123331 -0.015180 0.117893
v 0.112571 -0.018607 0.130320
v 0.125638 -0.011962 0.117839
v 0.115089 -0.013782 0.130261
v 0.113450 -0.013501 0.131978
v 0.125918 -0.010284 0.117832
v 0.152453 0.022377 0.127628
v 0.158849 0.019578 0.117054
v 0.159296 0.020278 0.094517
v 0.157757 0.018810 0.094553
v 0.153632 0.014823 0.094651
v 0.150905 0.012236 0.094715
v 0.148178 0.009578 0.094780
v 0.144823 0.006361 0.094859
v 0.158932 0.019578 0.120549
v 0.151376 0.026083 0.129403
v 0.154481 0.023776 0.127580
v 0.245444 0.021467 0.125430
v 0.319713 0.025244 0.118427
v 0.318524 0.025244 0.068156
v 0.322229 0.026433 0.068068
v 0.323418 0.026433 0.118339
v 0.317294 0.025244 0.016137
v 0.321000 0.026433 0.016049
v 0.320355 0.028671 0.121910
v 0.317771 0.028671 0.012628
v 0.342366 0.038811 0.017293
v 0.343554 0.038811 0.067564
v 0.344703 0.038811 0.116157
v 0.341095 0.042519 0.013825
v 0.345792 0.041959 0.067511
v 0.346941 0.041959 0.116104
v 0.344603 0.041959 0.017240
v 0.343637 0.042519 0.121359
v 0.353443 0.060213 0.115950
v 0.352294 0.060213 0.067357
v 0.352255 0.063920 0.115978
v 0.351106 0.063920 0.067385
v 0.350378 0.062521 0.119451
v 0.351385 0.061960 0.017080
v 0.347877 0.062521 0.013665
v 0.350197 0.065668 0.017108
v 0.338940 0.097559 0.067673
v 0.340089 0.097559 0.116266
v 0.337792 0.097559 0.019150
v 0.336465 0.096370 0.119780
v 0.334005 0.096370 0.015742
v -0.071227 -0.177016 0.129419
v -0.069758 -0.179044 0.129385
v -0.014733 -0.121135 0.128084
v -0.040743 -0.326052 0.128699
v 0.046654 -0.361230 0.126632
v 0.046934 -0.359483 0.126625
v 0.050081 -0.361790 0.126551
v 0.048682 -0.359761 0.126584
v -0.118072 -0.260870 0.130527
v -0.041022 -0.327730 0.128705
v -0.118351 -0.262548 0.130534
v 0.314300 0.089376 0.120304
v 0.322551 0.086299 0.120109
v 0.305141 0.087348 0.120520
v 0.328843 0.081753 0.119960
v 0.333178 0.075809 0.119857
v 0.335486 0.068396 0.119803
v 0.336115 0.061262 0.119788
v 0.334716 0.052730 0.119821
v 0.333264 0.070143 0.014011
v 0.332608 0.061821 0.116443
v 0.331489 0.054968 0.116469
v 0.330213 0.046435 0.121676
v 0.326984 0.048672 0.118255
v 0.565137 0.108750 0.116122
v 0.565137 0.108680 0.116122
v 0.565207 0.108750 0.116120
v 0.285955 0.065877 0.122723
v 0.287353 0.074409 0.122690
v 0.316579 0.038113 0.121999
v 0.307769 0.037763 0.122207
v 0.299449 0.040839 0.122404
v 0.324270 0.042099 0.121817
v 0.291828 0.080704 0.122584
v 0.333726 0.068675 0.116416
v 0.322719 0.044127 0.118356
v 0.315378 0.041749 0.118529
v 0.308246 0.041189 0.118698
v 0.320986 0.047833 0.092373
v 0.325251 0.052380 0.092272
v 0.315252 0.045176 0.092508
v 0.320946 0.047833 0.090695
v 0.325211 0.052380 0.090594
v 0.327768 0.057276 0.092212
v 0.326579 0.057276 0.041941
v 0.324103 0.052380 0.043749
v 0.326620 0.057276 0.043689
v 0.329096 0.062101 0.041882
v 0.327728 0.057276 0.090534
v 0.330285 0.062101 0.092153
v 0.324062 0.052380 0.042001
v 0.315492 0.046925 0.090823
v 0.310624 0.063430 0.068343
v 0.328567 0.062381 0.090514
v 0.329445 0.067555 0.092173
v 0.328257 0.067555 0.041902
v 0.327459 0.062381 0.043669
v 0.328298 0.067555 0.043650
v 0.329406 0.067555 0.090495
v 0.326859 0.073220 0.092234
v 0.325670 0.073220 0.041963
v 0.325712 0.073220 0.043711
v 0.326819 0.073220 0.090556
v 0.331069 0.074409 0.116479
v 0.326805 0.080354 0.116580
v 0.322804 0.077208 0.042031
v 0.322845 0.077208 0.043779
v 0.323992 0.077208 0.092302
v 0.323952 0.077208 0.090623
v 0.320232 0.083152 0.116736
v 0.319377 0.081474 0.092411
v 0.318189 0.081474 0.042140
v 0.313660 0.085949 0.116891
v 0.319058 0.079726 0.090739
v 0.312526 0.082523 0.092573
v 0.317951 0.079726 0.043894
v 0.311378 0.082523 0.044050
v 0.311337 0.082523 0.042302
v 0.312486 0.082523 0.090895
v 0.304247 0.081963 0.044218
v 0.304205 0.081963 0.042470
v 0.305394 0.081963 0.092741
v 0.305354 0.081963 0.091063
v 0.306528 0.085390 0.117060
v 0.300261 0.079096 0.044313
v 0.301369 0.079096 0.091157
v 0.300010 0.081053 0.092869
v 0.297730 0.085041 0.120695
v 0.299117 0.083082 0.117235
v 0.294892 0.078467 0.119014
v 0.295745 0.076437 0.092970
v 0.290417 0.072171 0.119120
v 0.295706 0.076437 0.091291
v 0.293158 0.071613 0.093031
v 0.293119 0.071613 0.091353
v 0.289298 0.065318 0.119146
v 0.292110 0.064759 0.093055
v 0.292349 0.066507 0.091371
v 0.291270 0.059653 0.093075
v 0.292909 0.059374 0.091357
v 0.294137 0.055666 0.093008
v 0.289858 0.058185 0.119133
v 0.294097 0.055666 0.091329
v 0.296964 0.051681 0.091262
v 0.292948 0.055666 0.042736
v 0.292990 0.055666 0.044484
v 0.295815 0.051681 0.042669
v 0.295101 0.046785 0.119009
v 0.296724 0.049932 0.092946
v 0.292515 0.052520 0.119070
v 0.288892 0.051331 0.122653
v 0.301618 0.047414 0.092831
v 0.286514 0.058743 0.122710
v 0.293157 0.045386 0.122553
v 0.301674 0.043987 0.118853
v 0.112641 0.069235 0.130319
v -0.046422 -0.362000 0.134080
v 0.042653 -0.386898 0.131974
v 0.044961 -0.383750 0.131919
v -0.045583 -0.356894 0.134060
v 0.047478 -0.378924 0.131859
v 0.051393 -0.365496 0.131767
v 0.308190 0.044616 0.092675
v 0.308431 0.046294 0.090990
v 0.301579 0.047414 0.091152
v 0.109412 0.071473 0.126897
v 0.079710 0.049932 0.131097
v 0.100669 0.074549 0.106256
v -0.013311 0.061402 0.134976
v 0.076799 0.057346 0.108570
v -0.052255 0.102875 0.135896
v -0.010936 0.067976 0.114142
v 0.075599 0.061052 0.105170
v 0.097442 0.076858 0.102905
v -0.010529 0.071403 0.110635
v -0.045685 0.103434 0.114964
v -0.042062 0.104623 0.111380
v -0.010887 0.082453 0.110294
v -0.011794 0.082592 0.110385
v -0.014031 0.085530 0.110438
v -0.008579 0.080775 0.110239
v 0.071805 0.083781 0.104490
v 0.012161 0.081684 0.108699
v 0.085842 0.084341 0.103459
v -0.041366 0.108750 0.111224
v -0.027038 0.102104 0.110675
v -0.031303 0.108119 0.110776
v -0.031235 0.108400 0.110705
v -0.031235 0.108750 0.110705
v -0.051486 0.108750 0.135878
v -0.045506 0.108750 0.116639
v -0.056202 0.108750 0.137599
v -0.044779 0.108750 0.114803
v -0.041639 0.108750 0.111510
v -0.056549 0.108750 0.137747
v 0.089966 0.084481 0.103292
v 0.098764 0.088676 0.102594
v 0.098554 0.088328 0.102599
v 0.099461 0.089796 0.102508
v 0.096950 0.086090 0.102777
v 0.095205 0.084760 0.102958
v 0.094785 0.084620 0.102968
v 0.101663 0.093292 0.103925
v 0.102944 0.095322 0.104804
v 0.104293 0.097490 0.105681
v 0.108546 0.103643 0.099145
v 0.109036 0.106930 0.099133
v 0.109315 0.108750 0.099126
v 0.111832 0.108750 0.099067
v 0.247468 0.108750 -0.007886
v 0.247955 0.108750 -0.008038
v 0.259987 0.108750 -0.008042
v 0.351022 0.108750 -0.007187
v 0.351231 0.108750 -0.007192
v 0.454354 0.108750 -0.001025
v 0.251105 0.108750 0.145933
v 0.251595 0.108750 0.145922
v 0.263613 0.108750 0.145288
v 0.354576 0.107561 0.140199
v 0.354505 0.108750 0.140130
v 0.354715 0.108750 0.140125
v 0.457919 0.106720 0.129080
v 0.458200 0.108400 0.129074
v 0.457432 0.108750 0.129162
v 0.560470 0.102385 0.111055
v 0.565719 0.103293 0.102256
v 0.569953 0.107909 0.103835
v 0.569995 0.107909 0.105583
v 0.569204 0.108750 0.018855
v 0.569179 0.108750 0.017806
v 0.571229 0.108750 0.104505
v 0.571212 0.108750 0.103806
v 0.573986 0.108750 0.067292
v 0.574153 0.108750 0.065469
v 0.574424 0.108750 0.062105
v 0.572053 0.108750 0.092033
v 0.570156 0.108750 0.106489
v 0.568902 0.108750 0.109667
v 0.476127 0.108750 0.126901
v 0.574339 0.108750 0.061477
v 0.574342 0.108750 0.061617
v 0.573828 0.108750 0.057642
v 0.572350 0.108750 0.045435
v 0.571122 0.108750 0.034900
v 0.571117 0.108750 0.034690
v 0.570610 0.108750 0.030995
v 0.570429 0.108750 0.029250
v 0.570074 0.108750 0.026110
v 0.569898 0.108750 0.024575
v 0.566646 0.108750 0.014229
v 0.562623 0.108750 0.006838
v 0.297145 0.042519 0.013116
v 0.305465 0.039442 0.012919
v 0.314275 0.039791 0.012711
v 0.321686 0.042099 0.012535
v 0.562553 0.108750 0.006840
v 0.473135 0.108750 0.000350
v 0.454843 0.108750 -0.001037
v 0.455055 0.108750 -0.000972
v 0.455264 0.108750 -0.000977
v 0.455474 0.108750 -0.000982
v 0.455684 0.108750 -0.000987
v 0.486648 0.040141 0.015630
v 0.482663 0.037272 0.015725
v 0.483139 0.040699 0.012215
v 0.366389 0.034966 0.018474
v 0.366866 0.038392 0.014965
v 0.487474 0.038461 0.062412
v 0.485237 0.035315 0.062465
v 0.363523 0.038952 0.018542
v 0.350977 0.091895 0.020517
v 0.369173 0.034686 0.065209
v 0.364349 0.037204 0.065323
v 0.368644 0.034966 0.113842
v 0.484638 0.035594 0.111099
v 0.365498 0.037204 0.113916
v 0.488623 0.038461 0.111005
v 0.369284 0.038392 0.117255
v 0.485278 0.038952 0.114512
v 0.486344 0.089726 0.109310
v 0.353553 0.089936 0.067328
v 0.483001 0.090286 0.112887
v 0.356659 0.091335 0.115874
v 0.352871 0.090215 0.112466
v 0.351256 0.093642 0.020511
v 0.352085 0.091895 0.067362
v 0.353151 0.091895 0.112459
v 0.352364 0.093642 0.067356
v 0.349579 0.093923 0.020550
v 0.351753 0.093923 0.112492
v 0.355261 0.093363 0.115907
v 0.488086 0.103154 0.017276
v 0.483261 0.095181 0.017390
v 0.484730 0.093153 0.017355
v 0.484450 0.091475 0.017361
v 0.486624 0.091475 0.109303
v 0.485156 0.093432 0.109338
v 0.483281 0.092034 0.112880
v -0.126543 0.079656 0.127299
v 0.483560 0.093713 0.112874
v 0.486637 0.102036 0.112801
v -0.124445 0.060003 0.127250
v 0.489980 0.101475 0.109224
v 0.488232 0.101756 0.109265
v 0.486595 0.102036 0.111053
v 0.327950 0.048114 0.014136
v -0.043244 -0.326052 0.022913
v -0.120853 -0.262548 0.024748
v -0.120573 -0.260870 0.024741
v 0.044433 -0.359483 0.020840
v -0.043524 -0.327730 0.022920
v 0.295229 0.085041 0.014910
v 0.289286 0.080704 0.015050
v 0.044153 -0.361230 0.020847
v 0.332495 0.054408 0.014029
v 0.333613 0.061262 0.014002
v 0.302920 0.089097 0.014728
v 0.329152 0.054968 0.017605
v 0.326634 0.050142 0.017665
v 0.330270 0.061821 0.017579
v 0.331389 0.068675 0.017552
v 0.320580 0.045805 0.016059
v 0.319797 0.047833 0.042102
v 0.313239 0.043498 0.016233
v 0.320118 0.049513 0.043843
v 0.314064 0.045176 0.042237
v 0.312706 0.047204 0.044018
v 0.306107 0.042867 0.016401
v 0.307282 0.046294 0.042398
v 0.307323 0.046294 0.044146
v 0.300430 0.047414 0.042560
v 0.300471 0.047414 0.044308
v 0.299255 0.043987 0.016563
v 0.297535 0.051400 0.044377
v 0.292963 0.048532 0.016712
v 0.290096 0.052520 0.016780
v 0.292321 0.045105 0.013230
v 0.286308 0.051331 0.013372
v 0.283930 0.058743 0.013428
v 0.283371 0.065877 0.013441
v 0.287719 0.059932 0.016836
v 0.286880 0.065318 0.016856
v 0.290082 0.059653 0.042804
v 0.292081 0.061052 0.044506
v 0.291242 0.066507 0.044526
v 0.291200 0.066507 0.042778
v 0.291970 0.071613 0.042760
v 0.292011 0.071613 0.044508
v 0.286448 0.074130 0.013368
v 0.288040 0.072171 0.018577
v 0.296276 0.076229 0.044407
v 0.294557 0.076437 0.042698
v 0.292515 0.078467 0.018472
v 0.298822 0.081053 0.042598
v 0.296779 0.083082 0.018371
v 0.302443 0.085670 0.018237
v 0.311322 0.085949 0.018027
v 0.311799 0.089376 0.014518
v 0.318175 0.084901 0.017865
v 0.320050 0.086299 0.014323
v 0.324467 0.080354 0.017716
v 0.326342 0.081753 0.014174
v 0.330677 0.075809 0.014072
v 0.328732 0.074409 0.017615
v 0.457850 0.108750 0.129082
v 0.458130 0.108750 0.129075
v 0.458339 0.108750 0.129070
v 0.458617 0.108750 0.128994
v 0.458827 0.108750 0.128989
v 0.058301 -0.361721 0.027438
v 0.058541 -0.359972 0.025753
v 0.060370 -0.360251 0.029138
v 0.084270 -0.211284 0.025145
v 0.077131 -0.210166 0.013141
v 0.086029 -0.211565 0.028531
v 0.119100 -0.093859 0.027749
v 0.086886 -0.213243 0.073633
v 0.120582 -0.095887 0.031212
v 0.122549 -0.095887 0.114414
v 0.119962 -0.090153 0.114475
v 0.117953 -0.090153 0.029525
v 0.121471 -0.092181 0.116188
v 0.112768 -0.081900 0.126818
v 0.121192 -0.093859 0.116195
v 0.088121 -0.211565 0.116977
v 0.114278 -0.083928 0.128531
v 0.111173 -0.081691 0.130353
v 0.113760 -0.087355 0.130292
v 0.064887 -0.009166 0.131448
v 0.112401 -0.085327 0.132003
v 0.086525 -0.211284 0.120512
v 0.079959 -0.210166 0.132770
v 0.054190 -0.358922 0.131701
v 0.060796 -0.359972 0.121121
v 0.062461 -0.360251 0.117584
v 0.060516 -0.361721 0.121127
v 0.052551 -0.358643 0.133418
v 0.061436 -0.360251 0.074235
v 0.060433 -0.361721 0.117632
v 0.059408 -0.361721 0.074283
v 0.058342 -0.361721 0.029186
v 0.053320 -0.360880 0.032802
v 0.053238 -0.360880 0.029306
v 0.055329 -0.360880 0.117752
v 0.055248 -0.360880 0.114326
v 0.054304 -0.360880 0.074403
v 0.055049 -0.362629 0.117759
v 0.053041 -0.362629 0.032809
v 0.052958 -0.362629 0.029313
v 0.054968 -0.362629 0.114333
v 0.054024 -0.362629 0.074410
v 0.059594 -0.366826 0.117651
v 0.058569 -0.366826 0.074302
v 0.057503 -0.366826 0.029206
v 0.051204 -0.360601 0.017252
v 0.051442 -0.358922 0.015497
v 0.046222 -0.359761 0.022546
v 0.056023 -0.364867 0.025812
v 0.059425 -0.368573 0.119404
v 0.058359 -0.368573 0.074307
v 0.057293 -0.368573 0.029211
v 0.047737 -0.360041 0.015585
v 0.073984 -0.207927 0.013215
v 0.047621 -0.361790 0.022513
v 0.050684 -0.364028 0.018943
v 0.049723 -0.358643 0.013789
v 0.047218 -0.363468 0.017346
v -0.045115 -0.325773 0.017780
v 0.041012 -0.227160 0.012246
v -0.044876 -0.324023 0.016025
v -0.123562 -0.256883 0.019635
v -0.043565 -0.327730 0.021172
v 0.048646 -0.365496 0.015563
v -0.122280 -0.260591 0.026530
v -0.122000 -0.258842 0.026524
v -0.043884 -0.329479 0.019500
v -0.122642 -0.262269 0.023041
v -0.124360 -0.261989 0.021403
v -0.125747 -0.260031 0.024864
v 0.041066 -0.063787 0.017491
v 0.066306 -0.092460 0.016895
v 0.064628 -0.092181 0.016934
v 0.042814 -0.064066 0.017450
v -0.049128 -0.362000 0.019624
v -0.137644 -0.344235 0.021717
v -0.137085 -0.340808 0.021704
v -0.136246 -0.335634 0.021684
v -0.046611 -0.357174 0.019564
v -0.049687 -0.365427 0.019637
v -0.125788 -0.260031 0.023116
v -0.139632 -0.335073 0.023443
v -0.130447 -0.257514 0.030221
v -0.144571 -0.334305 0.030555
v -0.140471 -0.340250 0.023463
v -0.128450 -0.256044 0.031853
v -0.130087 -0.255764 0.033641
v -0.126660 -0.256325 0.033560
v -0.128326 -0.256044 0.037097
v -0.126235 -0.256044 0.125543
v -0.129702 -0.255486 0.123876
v -0.127913 -0.255764 0.125583
v -0.129020 -0.255764 0.078738
v -0.126358 -0.256044 0.120299
v -0.127342 -0.256044 0.078698
v -0.127995 -0.255764 0.122087
v -0.130768 -0.255486 0.078779
v -0.126381 -0.254575 0.033553
v -0.126667 -0.254575 0.021457
v -0.131077 -0.250380 0.030236
v -0.128046 -0.254366 0.037090
v -0.125071 -0.254855 0.017922
v -0.126429 -0.252898 0.019703
v -0.132394 -0.248352 0.033696
v -0.132156 -0.246673 0.031941
v -0.131607 -0.250099 0.078799
v -0.132195 -0.246673 0.030263
v -0.129982 -0.246673 0.123883
v -0.128822 -0.250380 0.125604
v -0.129940 -0.246673 0.125631
v -0.116743 -0.150718 0.029897
v -0.118452 -0.150440 0.031617
v -0.117624 -0.152187 0.078468
v -0.118172 -0.148761 0.031610
v -0.110697 -0.155264 0.019331
v -0.085381 -0.097847 0.030835
v -0.107312 -0.155824 0.017502
v -0.083393 -0.096377 0.029109
v -0.084273 -0.097847 0.077680
v -0.115998 -0.148761 0.123552
v -0.083207 -0.097847 0.122777
v -0.117065 -0.148761 0.078455
v -0.131048 -0.246673 0.078786
v -0.116278 -0.150440 0.123559
v -0.130302 -0.248352 0.122141
v -0.126119 -0.254366 0.118615
v -0.114447 -0.150718 0.127013
v -0.081138 -0.096377 0.124477
v -0.107910 -0.155264 0.137212
v -0.124002 -0.254575 0.134165
v -0.084821 -0.094419 0.030822
v -0.083713 -0.094419 0.077667
v -0.082647 -0.094419 0.122764
v -0.123681 -0.252898 0.135906
v -0.104484 -0.155824 0.137131
v -0.124290 -0.254575 0.121999
v -0.120814 -0.256883 0.135839
v -0.119581 -0.258842 0.128814
v -0.122243 -0.254855 0.137551
v -0.124569 -0.256325 0.122006
v -0.119820 -0.260591 0.130568
v -0.042367 -0.325773 0.133984
v -0.042047 -0.324023 0.135655
v 0.050484 -0.360041 0.131788
v 0.053869 -0.360601 0.129959
v -0.040981 -0.327730 0.130453
v -0.120058 -0.262269 0.132323
v -0.123204 -0.260031 0.132397
v 0.049883 -0.363468 0.130054
v 0.053310 -0.364028 0.129973
v 0.058278 -0.364867 0.121180
v 0.059467 -0.368573 0.121152
v 0.057212 -0.368573 0.025784
v 0.053030 -0.365777 0.129979
v 0.043731 -0.063787 0.130199
v 0.067293 -0.092181 0.129642
v 0.068971 -0.092460 0.129602
v 0.050862 -0.161560 0.130030
v 0.050583 -0.163238 0.130037
v -0.041219 -0.329479 0.132208
v -0.121695 -0.261989 0.134110
v -0.133581 -0.335634 0.134391
v 0.055482 -0.382001 0.121246
v 0.050583 -0.381162 0.130037
v 0.057188 -0.382282 0.119457
v -0.137048 -0.335073 0.132725
v 0.048066 -0.385988 0.130097
v -0.134420 -0.340808 0.134411
v 0.054713 -0.387107 0.121265
v 0.046038 -0.387457 0.130144
v -0.048701 -0.365147 0.132385
v 0.054630 -0.387107 0.117769
v 0.036628 -0.391233 0.128618
v 0.040012 -0.391793 0.126789
v 0.052405 -0.390254 0.121319
v 0.052323 -0.390254 0.117823
v 0.055842 -0.383960 0.074367
v 0.054776 -0.383960 0.029270
v 0.054695 -0.383960 0.025844
v 0.053325 -0.388855 0.074426
v 0.052259 -0.388855 0.029330
v 0.052178 -0.388855 0.025903
v 0.051298 -0.390254 0.074474
v 0.042582 -0.394310 0.031307
v 0.050231 -0.390254 0.029378
v 0.050150 -0.390254 0.025951
v 0.044714 -0.394310 0.121501
v 0.041247 -0.393751 0.119834
v 0.050365 -0.365777 0.017271
v 0.049596 -0.381443 0.017290
v 0.046128 -0.380883 0.015623
v 0.047079 -0.386268 0.017349
v 0.043612 -0.385778 0.015682
v 0.043133 -0.389135 0.019122
v 0.040821 -0.394032 0.027851
v 0.039906 -0.386898 0.015770
v 0.035763 -0.391513 0.021045
v 0.032296 -0.390954 0.019378
v 0.030379 -0.392353 0.021172
v 0.037395 -0.393471 0.027932
v 0.038876 -0.395499 0.031395
v -0.052362 -0.372000 0.024877
v -0.052165 -0.370322 0.021375
v -0.133270 -0.350180 0.023293
v -0.131718 -0.352139 0.026753
v 0.039901 -0.395499 0.074744
v -0.051132 -0.372000 0.076896
v 0.045355 -0.394590 0.074615
v 0.042633 -0.395710 0.116304
v 0.046338 -0.394590 0.116216
v 0.034559 -0.392632 0.126918
v -0.048224 -0.372280 0.128875
v -0.047903 -0.370533 0.130617
v -0.130686 -0.350180 0.132574
v -0.129300 -0.352139 0.129044
v -0.134979 -0.344235 0.134425
v -0.134153 -0.349621 0.130907
v -0.136698 -0.343956 0.132716
v -0.139141 -0.347103 0.124099
v -0.136036 -0.349341 0.122277
v -0.137887 -0.340250 0.132745
v -0.142036 -0.343117 0.125917
v -0.143155 -0.339411 0.125943
v -0.142316 -0.334305 0.125923
v -0.139223 -0.347103 0.120604
v -0.141232 -0.347103 0.035653
v -0.138086 -0.349341 0.035579
v -0.137061 -0.349341 0.078928
v -0.141315 -0.347103 0.032158
v -0.140207 -0.347103 0.079002
v -0.143797 -0.342836 0.122461
v -0.144263 -0.339411 0.079098
v -0.144822 -0.342836 0.079112
v -0.143238 -0.339411 0.122447
v -0.145888 -0.342836 0.034015
v -0.145329 -0.339411 0.034001
v -0.142399 -0.334305 0.122427
v -0.143424 -0.334305 0.079078
v -0.144490 -0.334305 0.033982
v -0.136654 -0.349621 0.025122
v -0.144291 -0.343117 0.030549
v -0.139282 -0.343956 0.023435
v -0.143732 -0.339689 0.030536
v -0.127063 -0.254366 0.078692
v 0.164615 -0.055394 0.056195
v 0.154419 -0.053786 0.059863
v 0.154789 -0.053786 0.075525
v 0.155158 -0.053786 0.091117
v 0.145539 -0.043504 0.060073
v 0.145910 -0.043504 0.075735
v 0.146278 -0.043504 0.091327
v 0.157548 -0.050638 0.094558
v 0.165518 -0.055394 0.094370
v 0.172758 -0.051408 0.075100
v 0.173126 -0.051408 0.090692
v 0.172387 -0.051408 0.059438
v 0.169783 -0.050848 0.094269
v 0.173037 -0.049659 0.075094
v 0.173406 -0.049659 0.090685
v 0.172667 -0.049659 0.059432
v 0.168035 -0.050569 0.094310
v 0.165169 -0.046582 0.094378
v 0.162092 -0.000354 0.094451
v 0.165169 0.007900 0.094378
v 0.139649 -0.019587 0.094981
v 0.142865 -0.032454 0.094905
v 0.157058 -0.020635 0.094570
v 0.166637 0.005942 0.094343
v 0.175097 0.015103 0.094143
v 0.138180 -0.007067 0.095016
v 0.158806 -0.020915 0.094528
v 0.158736 -0.010424 0.094530
v 0.159086 -0.029798 0.094522
v 0.165798 -0.053715 0.094363
v 0.139369 -0.021334 0.094988
v 0.161183 -0.038888 0.094472
v 0.150066 -0.042386 0.094735
v 0.136432 -0.006788 0.095057
v 0.148319 -0.042106 0.094776
v 0.159226 -0.050919 0.094518
v 0.168792 -0.045393 0.090794
v 0.164806 -0.037699 0.090889
v 0.139076 -0.033573 0.091497
v 0.138337 -0.033573 0.060244
v 0.138708 -0.033573 0.075905
v 0.135121 -0.020776 0.060320
v 0.135492 -0.020776 0.075981
v 0.135860 -0.020776 0.091573
v 0.156645 -0.050638 0.056383
v 0.141962 -0.032454 0.056730
v 0.132994 -0.006228 0.091641
v 0.132255 -0.006228 0.060387
v 0.132625 -0.006228 0.076049
v 0.162080 -0.010913 0.090953
v 0.162149 -0.021474 0.090951
v 0.162429 -0.030356 0.090945
v 0.138466 -0.021334 0.056813
v 0.135530 -0.006788 0.056882
v 0.167133 -0.050569 0.056135
v 0.164895 -0.053715 0.056188
v 0.164266 -0.046582 0.056203
v 0.168881 -0.050848 0.056094
v 0.160281 -0.038888 0.056297
v 0.147416 -0.042106 0.056601
v 0.158183 -0.029798 0.056347
v 0.157903 -0.020915 0.056353
v 0.157833 -0.010424 0.056355
v 0.165734 0.005942 0.056168
v 0.161190 -0.000354 0.056276
v 0.174194 0.015103 0.055968
v 0.161410 -0.021474 0.059698
v 0.161341 -0.010913 0.059700
v 0.161690 -0.030356 0.059691
v 0.164696 -0.000912 0.059620
v 0.169241 0.005382 0.059513
v 0.177421 0.012794 0.059319
v 0.169612 0.005382 0.075175
v 0.169980 0.005382 0.090766
v 0.165435 -0.000912 0.090874
v 0.165067 -0.000912 0.075282
v 0.177792 0.012794 0.074981
v 0.178160 0.012794 0.090573
v 0.161711 -0.010913 0.075361
v 0.161781 -0.021474 0.075360
v 0.162060 -0.030356 0.075353
v 0.164438 -0.037699 0.075297
v 0.164067 -0.037699 0.059635
v 0.168423 -0.045393 0.075203
v 0.168053 -0.045393 0.059541
v -0.009078 0.083152 0.015179
v -0.012504 0.083712 0.015260
v -0.012225 0.085390 0.015253
v -0.087526 -0.229328 0.017034
v -0.045785 -0.253597 0.016047
v -0.046065 -0.255346 0.016053
v -0.027117 -0.116030 0.015605
v -0.074241 -0.103162 0.016720
v -0.006980 -0.045464 0.015129
v -0.008728 -0.045183 0.015171
v -0.085848 -0.229609 0.016994
v -0.090182 -0.223593 0.017097
v -0.080464 -0.174217 0.016867
v -0.088435 -0.223873 0.017055
v -0.082142 -0.173939 0.016907
v -0.025439 -0.116309 0.015566
v -0.048232 -0.017767 0.016105
v -0.008449 -0.043504 0.015164
v 0.109573 -0.085327 0.012373
v 0.111012 -0.087355 0.014088
v 0.119380 -0.092181 0.027743
v 0.111613 -0.083928 0.015823
v 0.110184 -0.081900 0.017536
v -0.045416 0.008179 0.031639
v -0.047415 0.006781 0.029937
v -0.049081 0.007061 0.033474
v -0.043366 0.008179 0.118337
v -0.045375 0.008179 0.033387
v -0.044884 0.008249 0.033445
v -0.043284 0.008179 0.121833
v -0.042879 0.008249 0.118256
v -0.048056 0.007061 0.076823
v -0.045823 0.008039 0.035146
v -0.048952 0.007061 0.038928
v -0.045479 0.008179 0.034928
v -0.047072 0.007061 0.118425
v -0.049077 0.007061 0.033614
v -0.045373 0.008179 0.033456
v -0.045408 0.008249 0.034927
v -0.046028 0.008459 0.076776
v -0.059301 -0.012383 0.030218
v -0.051337 -0.015529 0.017927
v -0.043368 0.008179 0.118267
v -0.043368 0.008249 0.118267
v -0.043472 0.008249 0.116800
v -0.046910 0.007200 0.113454
v -0.043896 0.008110 0.116671
v -0.047075 0.007061 0.118285
v -0.043331 0.008249 0.116867
v -0.047198 0.007061 0.113111
v -0.045241 0.006781 0.121879
v -0.058917 -0.012102 0.120454
v -0.053239 -0.002872 0.117941
v -0.057729 -0.010144 0.117417
v -0.053854 -0.003921 0.118585
v -0.059645 -0.010144 0.036382
v -0.060967 -0.012102 0.033755
v -0.059835 -0.010494 0.037227
v -0.055863 -0.003921 0.033635
v -0.059942 -0.012102 0.077105
v -0.052847 0.000346 0.048744
v -0.049077 0.006990 0.033614
v -0.060816 -0.012102 0.040118
v -0.059710 -0.012102 0.086893
v -0.053676 -0.002941 0.099482
v -0.057974 -0.010494 0.115954
v -0.059136 -0.012102 0.111155
v -0.058238 -0.010913 0.116590
v -0.057765 -0.010074 0.115879
v -0.057314 -0.009376 0.114260
v -0.056656 -0.008327 0.115433
v -0.058020 -0.010565 0.116935
v -0.060183 -0.012102 0.066896
v -0.055218 -0.002872 0.034249
v -0.057127 -0.012383 0.122160
v 0.062899 -0.010634 0.133174
v -0.048589 -0.015529 0.134131
v -0.062418 -0.018887 0.055196
v -0.061955 -0.018887 0.074774
v -0.062041 -0.017418 0.050430
v -0.062069 -0.017418 0.049242
v -0.061543 -0.018048 0.080360
v -0.061420 -0.018887 0.097427
v -0.061812 -0.018887 0.080856
v -0.061846 -0.018887 0.079388
v -0.077626 -0.102602 0.018549
v -0.001405 -0.055184 0.020175
v -0.003153 -0.054904 0.020216
v -0.001363 -0.055184 0.021923
v 0.001179 -0.055184 0.129456
v -0.000569 -0.054904 0.129498
v 0.001138 -0.055184 0.127708
v -0.080860 -0.221565 0.023802
v -0.073728 -0.177016 0.023634
v -0.019024 -0.120856 0.020591
v -0.071939 -0.177295 0.025340
v -0.017235 -0.121135 0.022298
v -0.077993 -0.225551 0.023735
v -0.044544 -0.246742 0.021195
v -0.079140 -0.221845 0.025510
v -0.077952 -0.225551 0.025482
v -0.044293 -0.245064 0.022938
v 0.035093 -0.220937 0.019312
v -0.015432 -0.121415 0.027502
v -0.042183 -0.243595 0.026385
v -0.042224 -0.243595 0.024637
v 0.033414 -0.220656 0.019351
v 0.048237 -0.161560 0.019001
v 0.048197 -0.161560 0.017323
v 0.039585 -0.225203 0.014028
v 0.040826 -0.065465 0.019176
v -0.060604 -0.010424 0.037245
v -0.062085 -0.008396 0.033782
v -0.064310 -0.011544 0.037332
v -0.063550 -0.020426 0.054664
v -0.105882 0.035525 0.036566
v -0.126508 0.049443 0.037054
v -0.125110 0.057975 0.037021
v -0.104202 0.060632 0.036596
v -0.121748 0.058814 0.037151
v -0.124307 0.058604 0.038401
v -0.125002 0.058465 0.038628
v -0.064030 -0.009865 0.037326
v -0.106680 0.030420 0.038334
v -0.126634 0.058325 0.040625
v -0.067017 -0.019866 0.052997
v -0.109737 0.020419 0.054007
v -0.067216 -0.021544 0.056429
v -0.127026 0.046016 0.038815
v -0.066724 -0.021544 0.077265
v -0.063018 -0.020426 0.077177
v -0.062567 -0.020426 0.096265
v -0.066272 -0.021544 0.096352
v -0.062525 -0.020426 0.098013
v -0.063510 -0.020426 0.056341
v -0.067175 -0.021544 0.058177
v -0.068695 -0.019587 0.053036
v -0.127306 0.044266 0.038822
v -0.131482 0.037972 0.054521
v -0.134267 0.041959 0.058014
v -0.109976 0.018670 0.055762
v -0.130374 0.037972 0.101366
v -0.133324 0.041959 0.097938
v -0.130416 0.037972 0.099618
v -0.131440 0.037972 0.056269
v -0.108951 0.018670 0.099110
v -0.109895 0.018670 0.059187
v -0.067588 -0.019587 0.099881
v -0.109033 0.018670 0.095614
v -0.133038 0.038253 0.059734
v -0.133775 0.041959 0.078850
v -0.132176 0.038253 0.096162
v -0.132586 0.038253 0.078822
v -0.134226 0.041959 0.059763
v -0.128089 0.049932 0.115163
v -0.128048 0.049932 0.116912
v -0.109443 0.018670 0.078275
v -0.065870 -0.019866 0.101520
v -0.058759 -0.010424 0.115273
v -0.062465 -0.011544 0.115361
v -0.060076 -0.008396 0.118732
v -0.062144 -0.009865 0.117102
v -0.108629 0.020419 0.100852
v -0.104835 0.030420 0.116363
v -0.104234 0.033847 0.118097
v -0.124580 0.049443 0.118578
v -0.123182 0.057975 0.118545
v -0.125461 0.044266 0.116850
v -0.121449 0.058604 0.117875
v -0.122499 0.058533 0.117830
v -0.126971 0.056786 0.115137
v -0.123378 0.058465 0.116171
v -0.124873 0.058325 0.115087
v -0.124895 0.058325 0.114178
v -0.129579 0.057065 0.078751
v -0.127552 0.058533 0.078703
v -0.127747 0.058743 0.040861
v -0.126982 0.058254 0.031819
v -0.126741 0.060003 0.030134
v -0.124685 0.058743 0.078635
v -0.130699 0.060771 0.078778
v -0.130128 0.060493 0.031893
v -0.132225 0.080215 0.031943
v -0.128839 0.079656 0.030183
v -0.129988 0.083362 0.031890
v -0.132866 0.080495 0.078829
v -0.130558 0.083642 0.078774
v -0.124808 0.058254 0.123761
v -0.127954 0.060493 0.123835
v -0.110844 0.059722 0.098945
v -0.130051 0.080215 0.123885
v -0.127814 0.083362 0.123832
v 0.096641 0.089376 0.134125
v 0.092936 0.088187 0.134212
v 0.096600 0.089376 0.132377
v 0.090024 0.088187 0.011087
v 0.093730 0.089376 0.011000
v 0.090066 0.088187 0.012835
v 0.093771 0.089376 0.012747
v -0.006208 0.083152 0.136557
v -0.006250 0.083152 0.134809
v 0.087429 0.095601 -0.001024
v -0.006331 0.091404 0.001193
v 0.086201 0.099308 -0.002674
v 0.089387 0.097070 -0.001070
v 0.099607 0.108750 0.005124
v 0.097940 0.108750 0.002645
v 0.110406 0.108750 0.127503
v 0.110411 0.108750 0.127713
v 0.107792 0.108750 0.016963
v 0.107787 0.108750 0.016753
v 0.094755 0.108750 0.001111
v 0.093056 0.108750 0.000242
v 0.089084 0.108750 0.000895
v 0.108294 0.108750 0.020449
v 0.108700 0.108750 0.022818
v 0.108282 0.107561 0.025836
v 0.083950 0.108750 -0.000242
v 0.069963 0.108750 -0.000051
v -0.005771 0.094831 0.001179
v -0.004800 0.108750 0.003815
v -0.007758 0.093432 0.002975
v -0.018253 0.108750 0.008820
v -0.021205 0.108750 0.011199
v -0.021479 0.108750 0.011415
v -0.022021 0.108750 0.012197
v -0.030335 0.108750 0.027435
v -0.031164 0.107840 0.027874
v -0.031747 0.108750 0.032785
v -0.031024 0.108750 0.027871
v -0.097457 0.108750 0.023075
v -0.104719 0.108750 0.026605
v -0.105717 0.108750 0.043558
v -0.104899 0.108750 0.078168
v -0.096907 0.108750 0.022643
v -0.103143 0.108750 0.093237
v -0.092232 0.108750 0.131595
v -0.094331 0.108750 0.131575
v -0.101151 0.108750 0.130127
v -0.102282 0.108750 0.129664
v 0.035719 -0.222404 0.128640
v 0.037397 -0.222684 0.128600
v -0.042001 -0.246742 0.128728
v -0.041873 -0.245064 0.125297
v -0.042239 -0.248492 0.130483
v -0.075533 -0.225551 0.127772
v -0.040125 -0.245344 0.125256
v 0.035998 -0.220656 0.128633
v -0.073739 -0.224083 0.120804
v -0.073977 -0.225832 0.122559
v -0.074858 -0.220376 0.120830
v -0.066496 -0.179604 0.122382
v -0.074816 -0.220376 0.122579
v -0.076722 -0.221845 0.127801
v -0.067964 -0.177574 0.122417
v -0.068244 -0.179323 0.122423
v -0.013458 -0.123093 0.122876
v -0.015094 -0.122813 0.124664
v 0.049073 -0.161279 0.128324
v -0.012898 -0.119667 0.122863
v -0.012857 -0.119667 0.124611
v 0.000817 -0.056862 0.125967
v 0.043130 -0.067214 0.128464
v 0.065265 -0.093580 0.129690
v 0.002525 -0.057142 0.124248
v 0.043410 -0.065465 0.128458
v 0.002845 -0.055394 0.125919
v -0.000820 -0.056583 0.127755
v -0.016440 -0.120856 0.129873
v 0.046720 -0.057212 0.135305
v -0.004152 -0.045464 0.134759
v -0.042956 -0.253597 0.135677
v -0.005579 -0.043504 0.136542
v -0.004432 -0.047211 0.134766
v -0.045404 -0.017767 0.135734
v -0.007537 -0.044904 0.136588
v -0.024247 -0.116030 0.136983
v -0.022610 -0.116309 0.135195
v -0.074839 -0.102602 0.136430
v -0.009396 0.085390 0.134883
v -0.009675 0.083712 0.134890
v -0.043236 -0.255346 0.135683
v -0.083019 -0.229609 0.136624
v -0.084697 -0.229328 0.136664
v -0.087354 -0.223593 0.136726
v -0.085606 -0.223873 0.136685
v -0.079313 -0.173939 0.136536
v -0.077635 -0.174217 0.136497
v -0.071413 -0.103162 0.136349
v -0.078358 -0.221565 0.129588
v -0.075771 -0.227231 0.129527
v 0.110743 0.108750 0.123997
v 0.102790 0.108750 0.139716
v 0.092873 0.097070 0.146386
v 0.101243 0.108750 0.142341
v 0.089769 0.099308 0.148209
v 0.099791 0.108750 0.143075
v 0.096476 0.108750 0.144902
v 0.087404 0.108750 0.145816
v 0.090916 0.095601 0.146433
v -0.002244 0.094831 0.150384
v 0.019143 0.108750 0.146591
v -0.002844 0.091404 0.148650
v -0.004312 0.093432 0.148684
v -0.001407 0.108750 0.147286
v -0.015536 0.108750 0.141464
v -0.015107 0.108750 0.141874
v -0.018456 0.108750 0.139295
v -0.019035 0.108750 0.138469
v -0.028062 0.108750 0.123572
v -0.028909 0.107840 0.123242
v -0.028769 0.108750 0.123239
v -0.030443 0.108750 0.114604
v 0.335130 0.108750 0.030826
v 0.238025 0.108750 0.048372
v 0.403615 0.108750 0.033614
v 0.073741 0.108750 0.073944
v 0.072436 0.108750 0.063131
v 0.337867 0.108750 0.022296
v 0.342322 0.108750 0.009529
v 0.286176 0.108750 0.001902
v 0.240635 0.108750 0.069997
v 0.404919 0.108750 0.044426
v -0.093152 0.108750 0.077890
v -0.093556 0.108750 0.060830
v -0.092858 0.108750 0.090335
v -0.091754 0.108750 0.077857
v -0.091753 0.108750 0.077927
v -0.091404 0.108750 0.077848
v 0.093588 0.108750 0.102646
v 0.095964 0.108750 0.102520
v 0.291325 0.108750 0.136797
v 0.291039 0.108750 0.136524
v 0.347050 0.108750 0.070420
v 0.289447 0.108750 0.134323
v 0.288540 0.108750 0.131476
v -0.092877 0.108750 0.030382
v -0.092525 0.108750 0.030444
v -0.092527 0.108750 0.030374
v -0.091748 0.108750 0.078136
v -0.091394 0.108750 0.078268
v -0.091396 0.108750 0.078198
v 0.286386 0.108750 0.001897
v 0.342393 0.108750 0.124956
v 0.297958 0.108750 0.130344
v 0.286526 0.108750 0.001894
v 0.286596 0.108750 0.001892
v 0.288960 0.108750 0.131466
v 0.288821 0.108750 0.131470
v 0.336635 0.108750 0.020506
v 0.295567 0.108750 0.002589
v 0.340277 0.108750 0.005869
v 0.286806 0.108750 0.001887
v 0.289323 0.108750 0.001827
v 0.286736 0.108750 0.001889
v 0.344324 0.108750 0.094199
v 0.291842 0.108750 0.001838
v 0.297295 0.108750 0.001709
v 0.289030 0.108750 0.131465
v 0.289170 0.108750 0.131461
v 0.289238 0.108750 0.131390
v 0.290233 0.108750 0.001876
v 0.342442 0.108750 0.097462
v 0.345935 0.108750 0.085416
v 0.482026 0.108750 0.089404
v 0.481884 0.108750 0.083391
v -0.091846 0.108750 0.076949
v -0.091831 0.108750 0.077579
v -0.091414 0.108750 0.077429
v 0.344987 0.108750 0.092644
v 0.345454 0.108750 0.091654
v 0.345445 0.108750 0.091305
v 0.025191 0.108750 0.047318
v -0.091434 0.108750 0.076590
v 0.025960 0.108750 0.047300
v 0.021416 0.108750 0.047408
v -0.033120 0.108750 0.048697
v -0.034099 0.108750 0.048720
v 0.337880 0.108750 0.022856
v 0.336839 0.108750 0.029106
v -0.092672 0.108750 0.024222
v -0.094457 0.108750 0.022724
v -0.094432 0.108750 0.023773
v -0.092714 0.108750 0.022474
v 0.107759 0.108750 0.039210
v 0.110344 0.108750 0.039079
v 0.107757 0.108750 0.039140
v 0.106105 0.108750 0.105359
v 0.104458 0.108750 0.103789
v 0.335881 0.108750 0.030038
v 0.108221 0.108750 0.041018
v 0.108605 0.108750 0.042478
v 0.111401 0.108750 0.042342
v 0.105892 0.108750 0.031279
v 0.111321 0.108750 0.038986
v 0.111818 0.108750 0.042262
v 0.111576 0.108750 0.040869
v 0.106625 0.108750 0.026784
v 0.109354 0.108750 0.026790
v 0.109282 0.108750 0.026722
v 0.097207 0.108750 0.045616
v 0.089984 0.108750 0.044877
v 0.089725 0.108750 0.045793
v 0.100371 0.108750 0.043372
v 0.575163 0.108750 0.093358
v 0.100362 0.108750 0.042953
v -0.091756 0.108750 0.077787
v -0.091408 0.108750 0.077708
v 0.490708 0.108750 0.089689
v 0.497660 0.108750 0.084907
v 0.572016 0.108750 0.093433
v 0.580421 0.108750 0.073156
v 0.090492 0.108750 0.042696
v 0.046544 0.108750 0.042056
v -0.009657 0.108750 0.041007
v 0.031846 0.108750 0.041775
v 0.111983 0.108750 0.043307
v 0.111702 0.108750 0.043244
v 0.102017 0.108750 0.041934
v 0.102036 0.108750 0.042773
v 0.559973 0.108750 0.098894
v 0.485668 0.108750 0.095474
v 0.556464 0.108750 0.095479
v 0.556495 0.108750 0.093800
v 0.559114 0.108750 0.098075
v 0.482172 0.108750 0.095557
v 0.062069 0.108750 0.103951
v 0.050767 0.108750 0.105268
v 0.066353 0.108750 0.104690
v -0.092832 0.108750 0.091454
v -0.090133 0.108750 0.131615
v -0.090178 0.108750 0.129728
v -0.090313 0.108750 0.123994
v -0.090521 0.108750 0.124069
v -0.091403 0.108750 0.077918
v -0.091398 0.108750 0.078128
v 0.084145 0.108750 0.099722
v -0.091749 0.108750 0.078066
v 0.042614 0.108750 0.100703
v -0.091368 0.108750 0.079387
v -0.091661 0.108750 0.078834
v -0.091738 0.108750 0.078556
v -0.094329 0.108750 0.028108
v -0.094282 0.108750 0.030136
v -0.093168 0.108750 0.029900
v 0.097429 0.108750 0.102346
v 0.102039 0.108750 0.102027
v 0.034926 0.108750 0.041842
v 0.083852 0.108750 0.045931
v -0.092948 0.108750 0.030314
v 0.480684 0.108750 0.032631
v -0.091411 0.108750 0.077569
v 0.106564 0.108750 0.027136
v 0.101192 0.108750 0.045521
v 0.100423 0.108750 0.045540
v 0.101129 0.108750 0.042864
v 0.064867 0.108750 0.041833
v 0.090488 0.108750 0.042557
v 0.100358 0.108750 0.042813
v -0.092830 0.108750 0.091524
v -0.010356 0.108750 0.041024
v -0.094458 0.108750 0.022655
v -0.092542 0.108750 0.029745
v -0.092717 0.108750 0.022334
v -0.091285 0.108750 0.082882
v -0.093632 0.108750 0.057614
v -0.092510 0.108750 0.031073
v -0.091656 0.108750 0.079044
v -0.032357 0.108750 0.104645
v -0.019844 0.108750 0.110156
v 0.048041 0.108750 0.105402
v -0.091654 0.108750 0.079113
v -0.091829 0.108750 0.077648
v 0.111323 0.108750 0.039056
v 0.102631 0.108750 0.041290
v 0.104543 0.108750 0.039286
v 0.563094 0.108750 0.091825
v 0.562298 0.108750 0.093663
v -0.092055 0.108750 0.124315
v 0.104315 0.108750 0.103652
v 0.103340 0.108750 0.100877
v 0.104029 0.108750 0.103379
v 0.103409 0.108750 0.100805
v 0.103582 0.108750 0.099262
v 0.104561 0.108750 0.099239
v 0.102953 0.108750 0.099277
v 0.579963 0.108750 0.053789
v 0.097196 0.108750 0.101372
v 0.096844 0.108750 0.101310
v 0.098178 0.108750 0.101488
v 0.097266 0.108750 0.101370
v 0.096705 0.108750 0.101313
v 0.078714 0.108750 0.103767
v 0.092051 0.108750 0.102753
v 0.094038 0.108750 0.100957
v 0.579378 0.108750 0.029038
v 0.576442 0.108750 0.029108
v 0.579588 0.108750 0.037918
v 0.493717 0.108750 0.089758
v 0.574254 0.108750 0.060850
v 0.579940 0.108750 0.052810
v 0.580896 0.108750 0.093223
v 0.562308 0.108750 0.091144
v 0.562043 0.108750 0.091780
v 0.563359 0.108750 0.091189
v -0.091502 0.108750 0.076661
v -0.091385 0.108750 0.078687
v 0.026463 0.108750 0.101085
v 0.026113 0.108750 0.101094
v -0.091376 0.108750 0.079037
v -0.090591 0.108750 0.124071
v -0.091371 0.108750 0.079247
v -0.090136 0.108750 0.131475
v 0.098949 0.108750 0.101540
v -0.032828 0.108750 0.102487
v 0.102037 0.108750 0.101957
v 0.558472 0.108750 0.091654
v 0.558872 0.108750 0.090805
v 0.556513 0.108750 0.091631
v 0.093968 0.108750 0.100958
v 0.093898 0.108750 0.100960
v 0.091371 0.108750 0.100600
v 0.110946 0.108750 0.040884
v 0.102038 0.108750 0.042843
v 0.112309 0.108750 0.045259
v 0.109303 0.108750 0.045330
v 0.102241 0.108750 0.045497
v 0.108762 0.108750 0.043174
v 0.107288 0.108750 0.099174
v 0.090997 0.108750 0.099560
v 0.101694 0.108750 0.099307
v 0.102886 0.108750 0.102356
v 0.093379 0.108750 0.102651
v 0.102741 0.108750 0.102150
v 0.102731 0.108750 0.101731
v 0.102528 0.108750 0.102015
v 0.557404 0.108750 0.093778
v 0.102813 0.108750 0.102218
v 0.102868 0.108750 0.101587
v 0.102934 0.108750 0.101446
v 0.480654 0.108750 0.031373
v 0.484150 0.108750 0.031290
v 0.490303 0.108750 0.031144
v 0.579808 0.108750 0.047217
v 0.561179 0.108750 0.093689
v 0.500184 0.108750 0.085127
v 0.579871 0.108750 0.049874
v 0.556558 0.108750 0.090580
v 0.022687 0.108750 0.101175
v -0.031849 0.108750 0.102464
v 0.077877 0.108750 0.103857
v 0.092401 0.108750 0.102744
v 0.407529 0.108750 0.066051
v 0.120154 0.099237 0.019049
v 0.586121 0.084190 0.024857
v 0.565845 0.089504 0.025337
v 0.568362 0.094121 0.025277
v 0.564656 0.084190 0.025365
v 0.619752 0.112164 0.024062
v 0.697570 0.110556 0.022222
v 0.645761 0.084190 0.023447
v 0.725817 0.084190 0.021554
v 0.713022 0.110207 0.021857
v 0.724418 0.109997 0.021587
v 0.571438 0.099855 0.025205
v 0.622828 0.084190 0.023989
v 0.563817 0.085309 0.025385
v 0.563677 0.084959 0.025388
v 0.563188 0.084680 0.025400
v 0.562489 0.084190 0.025416
v 0.560372 0.084190 0.025597
v 0.560374 0.084190 0.025692
v 0.570740 0.098597 0.025221
v 0.575424 0.107198 0.025110
v 0.573271 0.099996 0.099735
v 0.624590 0.084190 0.098522
v 0.652278 0.084190 0.097867
v 0.727859 0.084190 0.096080
v 0.726251 0.109997 0.096118
v 0.714854 0.110207 0.096388
v 0.621584 0.112164 0.098593
v 0.577116 0.107130 0.099644
v 0.574249 0.101743 0.099712
v 0.586136 0.084190 0.099431
v 0.569845 0.093702 0.099816
v 0.566419 0.084190 0.099897
v 0.572502 0.098597 0.099753
v 0.565440 0.085519 0.099920
v 0.564951 0.084610 0.099932
v 0.564671 0.084470 0.099939
v 0.564251 0.084190 0.099949
v 0.576857 0.106849 0.038368
v 0.725277 0.109576 0.022407
v 0.728250 0.084190 0.023875
v 0.727566 0.108527 0.024521
v 0.727996 0.108387 0.024930
v 0.729324 0.084190 0.024899
v 0.728464 0.102234 0.038841
v 0.728524 0.101814 0.041358
v 0.728075 0.106849 0.028286
v 0.728547 0.101674 0.042337
v 0.728649 0.100975 0.046672
v 0.729447 0.084190 0.036019
v 0.729054 0.099297 0.057855
v 0.730004 0.084190 0.059582
v 0.729095 0.099505 0.059603
v 0.729943 0.084190 0.083648
v 0.728912 0.100975 0.072549
v 0.728917 0.101045 0.072759
v 0.729054 0.101884 0.078563
v 0.729057 0.101884 0.078702
v 0.729225 0.106570 0.088772
v 0.730225 0.084190 0.092596
v 0.729316 0.108318 0.092618
v 0.727130 0.109368 0.094838
v 0.729336 0.084190 0.093457
v 0.726789 0.109576 0.095196
v 0.577847 0.106849 0.086195
v 0.598619 0.230080 0.029739
v 0.566247 0.209657 0.030504
v 0.572050 0.229100 0.030367
v 0.569184 0.210077 0.030435
v 0.569883 0.210077 0.030418
v 0.566317 0.209028 0.030502
v 0.568205 0.209028 0.030458
v 0.661195 0.248122 0.028259
v 0.602325 0.231199 0.029651
v 0.627006 0.253578 0.029067
v 0.680842 0.206300 0.027794
v 0.673571 0.226792 0.027966
v 0.646163 0.207210 0.028614
v 0.651057 0.207000 0.028499
v 0.566038 0.211195 0.030509
v 0.567415 0.212525 0.094697
v 0.567555 0.211685 0.094693
v 0.571890 0.229380 0.094591
v 0.567275 0.212734 0.094700
v 0.566576 0.213644 0.094717
v 0.603842 0.231199 0.093835
v 0.602374 0.233227 0.093870
v 0.598669 0.232038 0.093958
v 0.682360 0.206300 0.091979
v 0.677116 0.228190 0.092103
v 0.675089 0.226792 0.092151
v 0.626776 0.253858 0.093293
v 0.600137 0.230080 0.093923
v 0.573568 0.229100 0.094551
v 0.574127 0.232527 0.094538
v 0.567555 0.211195 0.094693
v 0.567765 0.209657 0.094689
v 0.662713 0.248122 0.092444
v 0.684038 0.206021 0.091939
v 0.664740 0.249521 0.092396
v 0.628523 0.253578 0.093252
v 0.663272 0.251549 0.092430
v 0.630481 0.255047 0.093206
v 0.571260 0.209238 0.094606
v 0.595592 0.208399 0.094031
v 0.570422 0.209378 0.094626
v 0.569583 0.209517 0.094646
v 0.567835 0.209028 0.094687
v 0.569093 0.209028 0.094657
v 0.562644 0.084680 0.020166
v 0.561876 0.084190 0.020184
v 0.561851 0.084190 0.019135
v 0.562603 0.084680 0.018418
v 0.563886 0.084190 0.105204
v 0.564655 0.084680 0.105186
v 0.563901 0.084190 0.105833
v 0.562988 0.084959 0.108653
v 0.562828 0.084190 0.107817
v 0.562348 0.084399 0.109322
v 0.562361 0.085068 0.110355
v 0.562345 0.084190 0.109043
v 0.573121 0.126153 0.117088
v 0.562334 0.097193 0.117343
v 0.562393 0.093507 0.117342
v 0.573121 0.126082 0.117088
v 0.560369 0.084190 0.025466
v 0.560263 0.084190 0.020992
v 0.573113 0.125523 0.116739
v 0.573116 0.125663 0.116879
v 0.562393 0.093415 0.117301
v 0.580577 0.113703 0.101032
v 0.580319 0.114123 0.101947
v 0.579368 0.114753 0.103159
v 0.579235 0.114963 0.103442
v 0.575040 0.121956 0.112426
v 0.574508 0.123004 0.113628
v 0.573241 0.124893 0.116246
v 0.573110 0.125313 0.116599
v 0.579435 0.114613 0.103017
v 0.565821 0.198817 0.119010
v 0.568179 0.161471 0.118115
v 0.568182 0.168185 0.118254
v 0.568533 0.173569 0.118316
v 0.568179 0.160841 0.118115
v 0.568803 0.149861 0.117890
v 0.562136 0.109998 0.117612
v 0.561695 0.138510 0.118174
v 0.569499 0.143707 0.117733
v 0.562189 0.106605 0.117548
v 0.568603 0.174618 0.118314
v 0.568605 0.175597 0.118384
v 0.578745 0.113634 0.023563
v 0.578804 0.113843 0.023072
v 0.577797 0.114473 0.021906
v 0.577580 0.114613 0.021631
v 0.577431 0.115031 0.021215
v 0.572674 0.122025 0.012373
v 0.570844 0.124684 0.008919
v 0.570697 0.124964 0.008642
v 0.570619 0.125382 0.008294
v 0.560149 0.084314 0.016281
v 0.560074 0.085071 0.013614
v 0.560162 0.084190 0.016750
v 0.559814 0.093323 0.008156
v 0.570543 0.125663 0.008016
v 0.559811 0.093415 0.008102
v 0.570538 0.126082 0.007807
v 0.559809 0.093493 0.008060
v 0.570328 0.127341 0.007811
v 0.569279 0.127551 0.007836
v 0.570118 0.128181 0.007816
v 0.559792 0.094582 0.008061
v 0.559728 0.098598 0.008062
v 0.565760 0.168045 0.006940
v 0.563156 0.198817 0.006302
v 0.565760 0.169444 0.006940
v 0.568435 0.136713 0.007646
v 0.568646 0.135803 0.007711
v 0.565966 0.174339 0.006795
v 0.559286 0.125168 0.007294
v 0.566892 0.143707 0.007473
v 0.565833 0.163008 0.007078
v 0.566327 0.150211 0.007277
v 0.558256 0.188236 0.006192
v 0.558974 0.144270 0.006949
v 0.566820 0.144616 0.007405
v 0.559052 0.139462 0.007039
v 0.559066 0.138694 0.007092
v 0.565154 0.200216 0.007934
v 0.566747 0.191823 0.010205
v 0.566733 0.190215 0.009646
v 0.566412 0.185110 0.007904
v 0.565906 0.180983 0.007217
v 0.565975 0.179305 0.007145
v 0.566827 0.205601 0.025453
v 0.566588 0.200706 0.018323
v 0.565775 0.212525 0.025338
v 0.566404 0.197349 0.013501
v 0.566901 0.205740 0.025592
v 0.566899 0.205740 0.025522
v 0.565815 0.212525 0.027016
v 0.566643 0.206789 0.029515
v 0.566867 0.206231 0.027132
v 0.577391 0.130697 0.060952
v 0.577843 0.131608 0.050517
v 0.577643 0.135803 0.042057
v 0.577350 0.130489 0.062212
v 0.577535 0.136783 0.040451
v 0.577019 0.142587 0.033397
v 0.576718 0.144475 0.032495
v 0.575463 0.153008 0.029726
v 0.575177 0.155107 0.029453
v 0.574023 0.162450 0.028011
v 0.572450 0.171472 0.029518
v 0.572177 0.173079 0.029804
v 0.570674 0.180634 0.034317
v 0.570350 0.182172 0.035374
v 0.570093 0.183221 0.036359
v 0.569662 0.185040 0.038818
v 0.577890 0.130629 0.052475
v 0.567496 0.212525 0.098123
v 0.567537 0.212525 0.099871
v 0.568403 0.206929 0.098032
v 0.568509 0.206371 0.099568
v 0.577374 0.130348 0.063191
v 0.569395 0.187627 0.042322
v 0.569428 0.188117 0.043720
v 0.569223 0.191054 0.052820
v 0.569263 0.192593 0.063382
v 0.566518 0.208888 0.036024
v 0.565910 0.212525 0.031072
v 0.566042 0.211685 0.030719
v 0.570861 0.184479 0.086570
v 0.577396 0.130489 0.064170
v 0.570419 0.187418 0.082663
v 0.570322 0.188117 0.081546
v 0.569760 0.191054 0.075543
v 0.569724 0.191054 0.074005
v 0.568146 0.207420 0.096009
v 0.568048 0.207839 0.094822
v 0.567735 0.209238 0.090492
v 0.566438 0.209238 0.035606
v 0.566471 0.209238 0.037005
v 0.566438 0.209307 0.035606
v 0.569187 0.191054 0.051282
v 0.578187 0.132026 0.073945
v 0.577498 0.130697 0.065496
v 0.578225 0.133006 0.075553
v 0.578635 0.135803 0.084008
v 0.578603 0.137063 0.085618
v 0.578248 0.142867 0.091293
v 0.578130 0.144475 0.092205
v 0.577287 0.151540 0.095023
v 0.577014 0.153358 0.095309
v 0.575650 0.162169 0.096811
v 0.574005 0.171191 0.095311
v 0.573719 0.173079 0.095037
v 0.571935 0.180634 0.090602
v 0.571638 0.182172 0.089840
v 0.571330 0.182941 0.088658
v 0.568513 0.206231 0.099708
v 0.564416 0.214483 0.027049
v 0.565313 0.213714 0.041299
v 0.565181 0.213714 0.035706
v 0.565278 0.214483 0.063477
v 0.565490 0.213714 0.048781
v 0.566098 0.214483 0.098156
v 0.566168 0.213714 0.077447
v 0.566479 0.213644 0.090592
v 0.566452 0.213714 0.089473
v 0.566330 0.213714 0.084299
v 0.565777 0.212734 0.031355
v 0.565164 0.213644 0.035007
v 0.565100 0.213644 0.032280
v 0.565837 0.213714 0.063463
v 0.559198 0.214359 0.063620
v 0.558426 0.214359 0.031001
v 0.559932 0.214359 0.094675
v 0.565901 0.212805 0.101659
v 0.560028 0.214297 0.098688
v 0.560125 0.212805 0.101795
v 0.558328 0.214297 0.026813
v 0.564097 0.212805 0.025378
v 0.558317 0.212805 0.025329
v 0.563406 0.200495 0.007975
v 0.560129 0.212805 0.101980
v 0.558312 0.212805 0.025144
v 0.558290 0.211437 0.023252
v 0.558098 0.200468 0.007756
v 0.558087 0.198951 0.006253
v 0.558089 0.198791 0.006254
v 0.558112 0.197070 0.006057
v 0.558253 0.188390 0.006190
v 0.558200 0.191651 0.006159
v 0.560255 0.084190 0.020658
v 0.558131 0.195975 0.006118
v 0.573261 0.125523 0.117085
v 0.575330 0.126992 0.118785
v 0.574515 0.142936 0.125730
v 0.574556 0.142936 0.127478
v 0.732912 0.124403 0.111561
v 0.568269 0.159722 0.118952
v 0.575646 0.160352 0.129201
v 0.730347 0.110696 0.097770
v 0.730246 0.101884 0.078674
v 0.737438 0.111326 0.095854
v 0.735629 0.102723 0.078547
v 0.732899 0.099576 0.057764
v 0.734687 0.102723 0.038694
v 0.728502 0.110696 0.019742
v 0.730411 0.124403 0.005775
v 0.570677 0.125523 0.007803
v 0.572665 0.126992 0.006077
v 0.571523 0.142936 -0.000822
v 0.735675 0.111326 0.021321
v 0.730975 0.140069 -0.002913
v 0.735556 0.123564 0.007403
v 0.739700 0.114192 0.022905
v 0.741372 0.126153 0.010763
v 0.738712 0.105591 0.040277
v 0.741696 0.140140 0.003760
v 0.738563 0.102164 0.057630
v 0.741699 0.115592 0.024606
v 0.737868 0.139020 -0.001327
v 0.731663 0.155806 -0.006357
v 0.742384 0.155806 0.000315
v 0.743131 0.125873 0.014149
v 0.743415 0.139859 0.005468
v 0.738876 0.156364 -0.003099
v 0.744143 0.155596 0.003702
v 0.744221 0.143286 0.015872
v 0.745192 0.172940 0.003677
v 0.740245 0.175528 -0.001383
v 0.733352 0.176646 -0.002969
v 0.741220 0.191194 0.007269
v 0.746981 0.172661 0.005384
v 0.744390 0.155596 0.014119
v 0.744431 0.155596 0.015867
v 0.746127 0.188676 0.010650
v 0.746709 0.169234 0.017563
v 0.747676 0.186648 0.014042
v 0.746762 0.179794 0.022738
v 0.747852 0.197209 0.024461
v 0.742877 0.199796 0.021151
v 0.744682 0.167835 0.017610
v 0.735984 0.200845 0.019565
v 0.746803 0.179794 0.024486
v 0.739700 0.168674 0.022905
v 0.736004 0.192033 0.005643
v 0.569978 0.197698 0.007820
v 0.737233 0.206021 0.036885
v 0.746379 0.186928 0.033170
v 0.744084 0.204901 0.036722
v 0.682562 0.206021 0.029503
v 0.683530 0.206720 0.031998
v 0.682560 0.206021 0.029433
v 0.660797 0.206789 0.029178
v 0.570307 0.208259 0.021734
v 0.738324 0.209448 0.059385
v 0.747272 0.202663 0.038396
v 0.683901 0.206929 0.032899
v 0.683662 0.207909 0.037592
v 0.683112 0.210287 0.052785
v 0.568321 0.206789 0.023529
v 0.568138 0.209028 0.030599
v 0.683093 0.210427 0.054954
v 0.683089 0.210846 0.060691
v 0.744896 0.206579 0.059230
v 0.683358 0.210427 0.066141
v 0.683474 0.210287 0.068097
v 0.566671 0.209238 0.036580
v 0.566925 0.209238 0.035525
v 0.566927 0.209238 0.035595
v 0.738299 0.206021 0.081982
v 0.684742 0.207909 0.083248
v 0.570207 0.206789 0.103306
v 0.571955 0.206511 0.103264
v 0.685242 0.206789 0.086664
v 0.684872 0.206161 0.088772
v 0.640225 0.207350 0.091086
v 0.679852 0.206161 0.089450
v 0.671736 0.206579 0.089432
v 0.745109 0.204901 0.080072
v 0.683910 0.206021 0.089494
v 0.684688 0.205881 0.089825
v 0.737870 0.200845 0.099341
v 0.568476 0.205601 0.101108
v 0.570884 0.197978 0.117141
v 0.568337 0.201124 0.107058
v 0.572562 0.197698 0.117101
v 0.744639 0.199796 0.095683
v 0.568338 0.196229 0.113004
v 0.568810 0.191473 0.115231
v 0.568786 0.184969 0.117191
v 0.573746 0.181752 0.125748
v 0.738226 0.190284 0.111435
v 0.573927 0.160631 0.127493
v 0.568596 0.179235 0.118035
v 0.568455 0.180912 0.117968
v 0.571998 0.182032 0.125789
v 0.734738 0.155806 0.123691
v 0.736025 0.174899 0.121911
v 0.745038 0.189235 0.109595
v 0.742796 0.173779 0.118323
v 0.748102 0.186928 0.106025
v 0.733606 0.138391 0.120219
v 0.747776 0.172940 0.112959
v 0.741548 0.154686 0.121781
v 0.740699 0.139020 0.118373
v 0.737976 0.123564 0.109762
v 0.744852 0.154127 0.116525
v 0.744000 0.138461 0.113048
v 0.743627 0.126153 0.106131
v 0.745917 0.139859 0.111253
v 0.746448 0.153847 0.112990
v 0.749483 0.172661 0.111169
v 0.749808 0.186648 0.104236
v 0.746232 0.143286 0.100892
v 0.741342 0.114192 0.092333
v 0.745264 0.125873 0.104343
v 0.743300 0.115592 0.092287
v 0.739573 0.105591 0.076705
v 0.741601 0.107059 0.076657
v 0.744388 0.133006 0.093940
v 0.744532 0.124193 0.085262
v 0.740870 0.105310 0.057576
v 0.743407 0.119019 0.073186
v 0.742815 0.124474 0.083624
v 0.740740 0.107059 0.040229
v 0.742472 0.117340 0.045435
v 0.742519 0.115592 0.059286
v 0.741730 0.119298 0.073226
v 0.738159 0.128740 0.081985
v 0.743261 0.124193 0.031495
v 0.741073 0.119298 0.045468
v 0.741121 0.117620 0.059319
v 0.741625 0.124474 0.033283
v 0.742427 0.131328 0.022840
v 0.742748 0.133006 0.024582
v 0.742584 0.143567 0.017660
v 0.736813 0.126992 0.036894
v 0.739281 0.144125 0.022915
v 0.739451 0.156364 0.021232
v 0.737727 0.133846 0.028198
v 0.735979 0.134125 0.028240
v 0.737703 0.156645 0.021273
v 0.739421 0.166925 0.022912
v 0.739516 0.177485 0.029905
v 0.737533 0.144406 0.022956
v 0.741222 0.177207 0.028116
v 0.742476 0.184061 0.036761
v 0.735415 0.129019 0.036927
v 0.736500 0.123564 0.047326
v 0.734822 0.123845 0.047365
v 0.736507 0.121886 0.059428
v 0.737074 0.123564 0.071587
v 0.734828 0.122165 0.059468
v 0.735396 0.123845 0.071627
v 0.736440 0.129019 0.080277
v 0.737693 0.135803 0.088922
v 0.739483 0.135524 0.090628
v 0.740962 0.144125 0.094021
v 0.739214 0.144406 0.094063
v 0.739186 0.154967 0.095812
v 0.740933 0.154686 0.095771
v 0.744512 0.143567 0.099184
v 0.746162 0.153847 0.100894
v 0.746201 0.153847 0.102572
v 0.741102 0.166925 0.094018
v 0.746610 0.167835 0.099135
v 0.748678 0.169234 0.100835
v 0.748124 0.178116 0.092173
v 0.748443 0.179794 0.093845
v 0.749357 0.186648 0.085148
v 0.748127 0.186648 0.033129
v 0.742657 0.177207 0.088804
v 0.749492 0.197209 0.093820
v 0.750851 0.195251 0.092109
v 0.748214 0.202663 0.078249
v 0.749683 0.200635 0.078215
v 0.748043 0.204342 0.059155
v 0.749511 0.202384 0.059121
v 0.749910 0.191823 0.073032
v 0.747290 0.185250 0.083518
v 0.747882 0.190355 0.073080
v 0.743501 0.184061 0.080110
v 0.740910 0.177485 0.088846
v 0.741543 0.182662 0.080156
v 0.742178 0.187767 0.071466
v 0.741890 0.187767 0.059301
v 0.741604 0.187767 0.047205
v 0.740799 0.184340 0.036800
v 0.741563 0.187767 0.045457
v 0.742170 0.189445 0.059294
v 0.747185 0.190355 0.043575
v 0.747833 0.192102 0.059160
v 0.748113 0.193782 0.059154
v 0.749212 0.191823 0.043527
v 0.748780 0.200635 0.040039
v 0.747614 0.195529 0.026216
v 0.572768 0.162030 -0.004349
v 0.570753 0.181752 -0.000803
v 0.568341 0.197978 0.009607
v 0.569045 0.182032 0.000916
v 0.570852 0.160631 -0.002554
v 0.565883 0.161471 0.006238
v 0.675721 0.228190 0.033092
v 0.676377 0.228190 0.060850
v 0.676992 0.228190 0.086859
v 0.665959 0.250991 0.061096
v 0.666574 0.250991 0.087105
v 0.665303 0.250991 0.033339
v 0.675640 0.228190 0.029666
v 0.663264 0.249521 0.029959
v 0.662813 0.253228 0.061170
v 0.663428 0.253228 0.087180
v 0.662157 0.253228 0.033413
v 0.661796 0.251549 0.029994
v 0.629005 0.255047 0.030769
v 0.629366 0.256726 0.034188
v 0.630022 0.256726 0.061946
v 0.630637 0.256726 0.087955
v 0.625299 0.253858 0.030857
v 0.625660 0.255607 0.034276
v 0.626316 0.255607 0.062033
v 0.626931 0.255607 0.088043
v 0.601259 0.234905 0.034853
v 0.601915 0.234905 0.062610
v 0.602530 0.234905 0.088620
v 0.600898 0.233227 0.031434
v 0.570413 0.229380 0.032154
v 0.572045 0.231059 0.089340
v 0.574283 0.234205 0.089288
v 0.570774 0.231059 0.035574
v 0.571430 0.231059 0.063331
v 0.573012 0.234205 0.035521
v 0.573668 0.234205 0.063278
v 0.598824 0.233786 0.088707
v 0.598209 0.233786 0.062698
v 0.597553 0.233786 0.034941
v 0.597192 0.232038 0.031521
v 0.572651 0.232527 0.032102
v 0.560196 0.211437 0.103867
v 0.565990 0.200495 0.117257
v 0.560698 0.200468 0.117733
v 0.567458 0.198538 0.117222
v 0.560760 0.198951 0.119298
v 0.560766 0.198791 0.119465
v 0.560786 0.197552 0.119473
v 0.560951 0.186999 0.119371
v 0.560809 0.196095 0.119479
v 0.560247 0.084190 0.020329
v 0.560246 0.084190 0.020268
v 0.560250 0.084190 0.020437
v 0.562252 0.084190 0.105115
v 0.562251 0.084190 0.105070
v 0.572260 0.084190 0.039246
v 0.560785 0.084190 0.043071
v 0.560675 0.084190 0.038447
v 0.562315 0.084190 0.107786
v 0.562267 0.084190 0.105740
v 0.572614 0.084190 0.054209
v 0.561615 0.084190 0.078170
v 0.561520 0.084190 0.074177
v 0.560220 0.084190 0.019171
v 0.572050 0.084190 0.030367
v 0.560244 0.084190 0.020212
v 0.572482 0.084190 0.048615
v 0.561089 0.084190 0.055925
v 0.560973 0.084190 0.051046
v 0.562131 0.084190 0.099999
v 0.562237 0.084190 0.104473
v 0.572545 0.084190 0.051272
v 0.561407 0.084190 0.069371
v 0.561374 0.084190 0.067987
v 0.572637 0.084190 0.055188
v 0.573094 0.084190 0.074485
v 0.561656 0.084190 0.079921
v 0.561811 0.084190 0.086457
v 0.560668 0.084190 0.038145
v 0.560564 0.084190 0.033722
v 0.561623 0.084190 0.078536
v 0.564797 0.084190 0.093429
v 0.561973 0.084190 0.093343
v 0.561969 0.084190 0.093158
v 0.564688 0.084190 0.094761
v 0.567835 0.084190 0.094687
v 0.573568 0.084190 0.094551
v 0.561986 0.084190 0.093876
v 0.562009 0.084190 0.094825
v 0.569114 0.084190 0.030436
v 0.560553 0.084190 0.033258
v 0.560423 0.084190 0.027748
v 0.560382 0.084190 0.026015
v 0.562035 0.084190 0.095965
v 0.560491 0.084190 0.030640
v 0.560474 0.084190 0.029940
v 0.561487 0.084190 0.072787
vn 0.0031 -1.0000 -0.0004
vn 0.0032 -1.0000 -0.0001
vn 0.0032 -1.0000 -0.0000
vn 0.0049 -0.0000 -1.0000
vn 0.0050 0.0004 -1.0000
vn 0.0048 0.0001 -1.0000
vn 0.0048 -0.0000 -1.0000
vn 0.0048 -0.0001 -1.0000
vn 0.0050 0.0001 -1.0000
vn 0.0049 -0.0002 -1.0000
vn 0.0049 0.0001 -1.0000
vn 0.0049 0.0003 -1.0000
vn 0.0031 -1.0000 -0.0000
vn 0.0031 -1.0000 0.0003
vn -0.0047 -0.0003 1.0000
vn -0.0049 0.0001 1.0000
vn -0.0049 -0.0002 1.0000
vn -0.0048 -0.0002 1.0000
vn -0.0049 -0.0000 1.0000
vn -0.0049 -0.0001 1.0000
vn -0.0048 -0.0001 1.0000
vn -0.7234 0.1075 0.6820
vn -0.8246 0.0749 0.5607
vn -0.7044 0.1097 0.7012
vn -0.6636 0.1209 0.7383
vn -0.0778 0.1667 0.9829
vn -0.0842 0.1666 0.9824
vn -0.0733 0.1670 0.9832
vn -0.0820 0.1664 0.9826
vn -0.0820 0.1665 0.9826
vn -0.0848 0.1668 0.9823
vn -0.0838 0.1661 0.9825
vn -0.0816 0.1666 0.9826
vn -0.0210 0.0586 0.9981
vn -0.0203 0.0594 0.9980
vn -0.0210 0.0585 0.9981
vn -0.0216 0.0578 0.9981
vn -0.0046 0.0904 0.9959
vn -0.3718 -0.8171 -0.4406
vn -0.0074 0.0870 0.9962
vn -0.0176 0.0642 0.9978
vn -0.0159 0.0683 0.9975
vn -0.0169 0.0659 0.9977
vn -0.0201 0.0585 0.9981
vn -0.0203 0.0580 0.9981
vn -0.5837 -0.3515 0.7320
vn -0.9621 0.0477 0.2683
vn -0.9629 0.0456 0.2660
vn -0.9622 0.0476 0.2681
vn -0.9632 0.0448 0.2651
vn -0.0953 0.1202 0.9882
vn -0.0912 0.1203 0.9885
vn -0.0949 0.1202 0.9882
vn -0.0957 0.1201 0.9881
vn -0.0902 0.1204 0.9886
vn -0.0979 0.1248 0.9873
vn -0.0879 0.1114 0.9899
vn -0.2910 0.4295 0.8549
vn -0.1805 0.2016 0.9627
vn -0.0997 0.3425 0.9342
vn -0.0931 0.1021 0.9904
vn -0.0914 0.1150 0.9892
vn -0.0950 0.1218 0.9880
vn -0.0938 0.1194 0.9884
vn -0.0900 0.1126 0.9896
vn -0.0901 0.1086 0.9900
vn -0.0928 0.1075 0.9899
vn -0.0847 0.1110 0.9902
vn -0.0831 0.1119 0.9902
vn -0.0740 0.1161 0.9905
vn -0.0808 0.1145 0.9901
vn -0.0710 0.1168 0.9906
vn -0.0053 0.1354 0.9908
vn -0.1411 0.0958 0.9854
vn -0.0802 0.1146 0.9902
vn -0.0770 0.1158 0.9903
vn -0.0820 0.1138 0.9901
vn -0.0818 0.1149 0.9900
vn -0.0819 0.1142 0.9901
vn -0.9848 -0.1711 -0.0285
vn -0.7608 -0.6106 0.2200
vn -0.6018 -0.3669 0.7094
vn -0.8277 0.0636 -0.5575
vn -0.7010 0.0861 -0.7079
vn -0.6926 0.0628 -0.7186
vn -0.6534 0.0611 -0.7546
vn 0.0314 0.1682 -0.9853
vn 0.0040 0.1681 -0.9858
vn -0.2065 -0.7450 -0.6343
vn -0.0745 0.1666 -0.9832
vn -0.0748 0.1674 -0.9830
vn -0.0751 0.1671 -0.9831
vn -0.0734 0.1649 -0.9836
vn -0.0726 0.1666 -0.9833
vn -0.0742 0.1722 -0.9823
vn -0.0766 0.1691 -0.9826
vn -0.0754 0.1672 -0.9830
vn -0.0567 0.1375 -0.9889
vn -0.0101 0.0591 -0.9982
vn -0.0095 0.0607 -0.9981
vn -0.0105 0.0595 -0.9982
vn -0.0095 0.0601 -0.9981
vn -0.0102 0.0587 -0.9982
vn 0.0045 0.0890 -0.9960
vn -0.0161 0.0463 -0.9988
vn -0.0084 0.0634 -0.9980
vn -0.0076 0.0652 -0.9978
vn -0.0070 0.0667 -0.9977
vn -0.0100 0.0596 -0.9982
vn -0.0106 0.0580 -0.9983
vn 0.0400 0.2256 -0.9734
vn -0.5853 -0.3314 -0.7400
vn -0.0724 0.1304 -0.9888
vn -0.0738 0.1304 -0.9887
vn -0.0729 0.1304 -0.9888
vn -0.0740 0.1304 -0.9887
vn -0.0737 0.1366 -0.9879
vn -0.8945 0.0281 -0.4462
vn -0.9345 0.0190 -0.3555
vn -0.7366 -0.5973 -0.3173
vn -0.7467 -0.6196 -0.2417
vn -0.6737 -0.4622 -0.5767
vn -0.2094 0.0338 -0.9772
vn -0.6101 -0.3511 -0.7103
vn -0.0443 -0.7021 -0.7107
vn -0.0775 -0.9682 -0.2379
vn 0.0223 -0.0026 -0.9997
vn -0.0431 -0.6856 -0.7267
vn -0.0687 -0.9976 -0.0003
vn 0.0070 -0.4262 -0.9046
vn -0.0375 -0.7290 -0.6835
vn 0.5174 -0.8557 0.0025
vn 0.0217 -0.0029 -0.9998
vn 0.2131 -0.3614 -0.9077
vn 0.0044 -0.0002 -1.0000
vn 0.0047 -0.0003 -1.0000
vn 0.0047 -0.0000 -1.0000
vn 0.0050 -0.0003 -1.0000
vn 0.1837 -0.2962 -0.9373
vn 0.0289 0.0781 -0.9965
vn -0.0138 0.0302 -0.9994
vn -0.0020 -0.0224 -0.9997
vn 0.3054 -0.4995 -0.8107
vn 0.4487 -0.6931 -0.5642
vn 0.5004 -0.8271 -0.2561
vn -0.0682 -0.9600 -0.2714
vn -0.0680 0.0926 -0.9934
vn -0.2831 0.4276 -0.8585
vn -0.3424 0.3540 -0.8703
vn -0.0857 0.3410 -0.9361
vn -0.0785 0.1034 -0.9915
vn -0.0784 0.1023 -0.9917
vn -0.0783 0.1013 -0.9918
vn -0.0792 0.1104 -0.9907
vn -0.0698 0.0931 -0.9932
vn -0.0617 0.1142 -0.9915
vn 0.0043 0.1330 -0.9911
vn -0.1842 0.0772 -0.9799
vn -0.0752 0.1116 -0.9909
vn -0.0807 0.1097 -0.9907
vn 0.8726 0.3790 -0.3082
vn -0.0805 0.1077 -0.9909
vn -0.0829 0.1076 -0.9907
vn -0.0823 0.1078 -0.9908
vn -0.0833 0.1074 -0.9907
vn -0.0817 0.1082 -0.9908
vn -0.0322 -0.7306 -0.6820
vn 0.8914 -0.1401 -0.4311
vn 0.9304 -0.1470 -0.3358
vn 0.4937 -0.8376 -0.2339
vn 0.9538 -0.1508 -0.2598
vn 0.9527 -0.1487 -0.2649
vn 0.9535 -0.1502 -0.2613
vn 0.9523 -0.1479 -0.2670
vn -0.0228 -0.6835 -0.7296
vn 0.3431 -0.5772 -0.7410
vn -0.4616 -0.4891 -0.7401
vn 0.2996 -0.1740 -0.9381
vn 0.0052 -0.0238 -0.9997
vn 0.0402 -0.0424 -0.9983
vn 0.0393 -0.0453 -0.9982
vn -0.5002 -0.5090 -0.7005
vn -0.7221 -0.6711 -0.1679
vn -0.9923 0.0434 -0.1162
vn -0.9705 0.1562 -0.1836
vn -0.9698 0.1577 -0.1859
vn -0.9709 0.1556 -0.1818
vn -0.9685 0.1547 -0.1951
vn -0.9684 0.1537 -0.1963
vn -0.6787 0.1279 -0.7232
vn -0.7040 0.1271 -0.6987
vn -0.6934 0.1252 -0.7096
vn -0.6962 0.1261 -0.7067
vn -0.6977 0.1266 -0.7051
vn -0.6916 0.1247 -0.7114
vn 0.0549 0.0124 -0.9984
vn 0.0552 0.0133 -0.9984
vn 0.0555 0.0140 -0.9984
vn 0.0547 0.0117 -0.9984
vn 0.0586 0.0192 -0.9981
vn 0.0585 0.0193 -0.9981
vn 0.0585 0.0194 -0.9981
vn -0.0106 -0.0625 -0.9980
vn 0.0699 0.0698 -0.9951
vn 0.0754 0.0153 -0.9970
vn 0.0584 0.0195 -0.9981
vn -0.6550 0.1193 -0.7461
vn -0.6757 0.1229 -0.7268
vn -0.8106 0.1525 -0.5654
vn 0.3509 -0.5992 -0.7197
vn 0.0195 -0.0219 -0.9996
vn 0.0192 -0.0214 -0.9996
vn 0.0143 -0.0219 -0.9997
vn 0.0123 -0.0201 -0.9997
vn 0.0217 -0.0225 -0.9995
vn -0.0099 -0.0129 -0.9999
vn 0.0181 -0.0229 -0.9996
vn 0.0171 -0.0237 -0.9996
vn 0.7053 -0.0902 -0.7031
vn 0.7787 -0.1151 -0.6167
vn 0.9480 -0.1412 -0.2852
vn 0.0462 0.0241 -0.9986
vn -0.1449 0.1150 -0.9827
vn -0.7481 0.0807 0.6587
vn -0.1473 0.0753 -0.9862
vn 0.1350 0.0271 -0.9905
vn 0.0477 0.0232 -0.9986
vn 0.6922 -0.0871 -0.7164
vn 0.8826 -0.1399 -0.4489
vn 0.3163 -0.0495 -0.9474
vn 0.3170 -0.0493 -0.9471
vn 0.3562 -0.0594 -0.9325
vn -0.6975 0.1110 -0.7080
vn -0.6991 0.1091 -0.7066
vn -0.6982 0.1082 -0.7077
vn -0.6996 0.1092 -0.7062
vn -0.6618 0.1066 -0.7421
vn -0.9860 0.1667 -0.0059
vn -0.9855 0.1696 -0.0056
vn -0.9853 0.1707 -0.0048
vn -0.9879 0.1549 -0.0070
vn -0.9871 0.1599 -0.0075
vn -0.9954 0.0962 -0.0048
vn -0.9848 0.1736 0.0107
vn -0.9874 0.1582 -0.0045
vn -0.9874 0.1582 -0.0046
vn -0.9874 0.1581 -0.0048
vn -0.9905 0.1376 -0.0048
vn -0.9904 0.1381 -0.0048
vn -0.9903 0.1386 -0.0048
vn -0.9876 0.1571 -0.0045
vn -0.9876 0.1571 -0.0048
vn -0.9850 0.1447 0.0935
vn -0.9869 0.1615 0.0020
vn -0.9868 0.1620 0.0024
vn -0.9867 0.1624 0.0032
vn -0.9877 0.1564 -0.0038
vn 0.0003 0.7071 -0.7071
vn -0.9892 0.1465 -0.0043
vn -0.9900 0.1412 -0.0046
vn -0.9886 0.1503 -0.0039
vn -0.9877 0.1564 -0.0081
vn -0.9870 0.1605 -0.0050
vn -0.9904 0.1385 -0.0048
vn -0.9904 0.1383 -0.0048
vn -0.9873 0.1585 -0.0062
vn -0.9969 0.0561 0.0557
vn -0.8167 0.5771 -0.0040
vn -0.6065 0.4308 -0.6683
vn -0.5857 0.4458 -0.6769
vn -0.8203 0.1277 0.5575
vn -0.8219 0.1288 0.5549
vn -0.8183 0.1267 0.5606
vn -0.8208 0.1306 0.5560
vn -0.8194 0.1308 0.5580
vn 0.0466 -0.0148 0.9988
vn 0.0504 -0.0086 0.9987
vn 0.0490 -0.0110 0.9987
vn -0.8228 0.1299 0.5532
vn 0.0486 -0.0085 0.9988
vn 0.0451 -0.0173 0.9988
vn -0.0595 0.0793 0.9951
vn 0.0432 0.0314 0.9986
vn 0.0224 0.0264 0.9994
vn 0.7037 0.0022 0.7105
vn 0.4608 0.0395 0.8866
vn -0.0903 0.0211 0.9957
vn 0.0198 0.0255 0.9995
vn 0.9393 -0.1233 0.3203
vn 0.3030 -0.0403 0.9521
vn 0.7009 -0.0906 0.7075
vn 0.9221 -0.1355 0.3624
vn 0.9094 -0.1451 0.3897
vn 0.6988 -0.0896 0.7097
vn 0.5950 -0.0829 0.7994
vn 0.4257 -0.0675 0.9024
vn 0.3667 -0.0586 0.9285
vn 0.4882 -0.8016 0.3450
vn 0.2157 -0.3602 0.9076
vn 0.3471 -0.5962 0.7239
vn 0.4696 -0.8016 0.3701
vn 0.3320 -0.5789 0.7447
vn 0.0065 -0.0245 0.9997
vn 0.0120 -0.0267 0.9996
vn 0.0062 -0.0246 0.9997
vn 0.0039 -0.0242 0.9997
vn 0.0149 -0.0268 0.9995
vn 0.0278 -0.0307 0.9991
vn 0.0092 -0.0243 0.9997
vn 0.0170 -0.0094 0.9998
vn -0.0335 -0.6841 0.7286
vn -0.0650 -0.9269 0.3696
vn 0.0449 0.0120 0.9989
vn 0.0470 0.0150 0.9988
vn 0.0451 0.0120 0.9989
vn 0.0453 0.0125 0.9989
vn 0.0158 0.0230 0.9996
vn 0.0455 0.0161 0.9988
vn 0.1603 0.1926 0.9681
vn 0.0421 0.0009 0.9991
vn 0.0476 0.0159 0.9987
vn -0.7041 0.1263 0.6988
vn -0.0185 -0.0212 0.9996
vn 0.1903 -0.1278 0.9734
vn 0.0305 -0.0426 0.9986
vn 0.0298 -0.0451 0.9985
vn -0.0354 -0.7319 0.6805
vn -0.4688 -0.4892 0.7355
vn -0.0701 -0.9325 0.3542
vn -0.0424 -0.7295 0.6827
vn -0.6859 -0.6480 0.3312
vn -0.5071 -0.5091 0.6955
vn -0.7046 0.1256 0.6984
vn -0.6882 0.1285 0.7140
vn -0.6876 0.1286 0.7146
vn -0.6881 0.1286 0.7142
vn -0.6885 0.1285 0.7138
vn -0.7062 0.1263 0.6967
vn -0.5613 0.1297 0.8174
vn -0.7183 0.1269 0.6841
vn 0.8702 -0.1253 0.4764
vn 0.8702 -0.1255 0.4764
vn 0.8699 -0.1274 0.4764
vn 0.8595 -0.1538 0.4875
vn 0.8814 -0.0984 0.4620
vn 0.8696 -0.1276 0.4770
vn 0.8699 -0.1284 0.4763
vn -0.0048 0.0001 1.0000
vn 0.0047 0.0001 -1.0000
vn 0.0049 0.0005 -1.0000
vn 0.0048 0.0002 -1.0000
vn 0.0051 0.0001 -1.0000
vn -0.0048 0.0003 1.0000
vn -0.0048 -0.0003 1.0000
vn -0.0269 -0.4189 0.9076
vn 0.2084 -0.3454 0.9150
vn 0.0134 0.0206 0.9997
vn -0.0045 -0.0002 1.0000
vn -0.0114 0.0022 0.9999
vn -0.0060 0.0006 1.0000
vn -0.0048 -0.0000 1.0000
vn -0.0050 -0.0000 1.0000
vn -0.0036 -0.0348 0.9994
vn 0.0504 -0.0087 0.9987
vn 0.0586 -0.0041 0.9983
vn 0.0516 -0.0079 0.9986
vn 0.0618 -0.0024 0.9981
vn 0.0209 0.0494 0.9986
vn -0.4999 0.4444 0.7433
vn -0.6868 0.1360 0.7140
vn -0.0276 0.6943 0.7192
vn -0.7000 0.1410 0.7001
vn -0.5951 0.5435 0.5920
vn -0.6897 0.4145 0.5937
vn 0.1075 0.6791 0.7261
vn -0.5345 0.2918 0.7932
vn -0.0123 0.0010 0.9999
vn 0.1229 0.7706 0.6254
vn -0.0347 0.7784 0.6268
vn -0.5287 0.6971 0.4842
vn -0.6793 0.6043 0.4164
vn -0.0309 0.8056 0.5916
vn 0.1277 0.7973 0.5900
vn 0.0904 0.1770 0.9800
vn -0.0887 0.1113 0.9898
vn -0.0883 0.1114 0.9898
vn -0.0347 0.9994 -0.0002
vn -0.0347 0.9994 -0.0001
vn -0.0347 0.9994 -0.0004
vn -0.6025 0.7981 -0.0031
vn -0.6024 0.7982 -0.0030
vn -0.6024 0.7982 -0.0028
vn -0.5651 0.8249 0.0133
vn -0.6194 0.7851 -0.0040
vn -0.6025 0.7981 -0.0029
vn -0.5410 0.8404 0.0321
vn -0.6023 0.7982 -0.0073
vn -0.6195 0.7850 -0.0021
vn -0.6026 0.7980 -0.0029
vn -0.6021 0.7978 -0.0331
vn -0.8987 0.4385 -0.0044
vn -0.8987 0.4385 -0.0043
vn -0.8988 0.4384 -0.0043
vn -0.8988 0.4384 -0.0042
vn -0.0356 0.9958 -0.0838
vn -0.0353 0.9986 -0.0400
vn -0.0345 0.9987 -0.0377
vn -0.0350 0.9986 -0.0407
vn -0.0339 0.9989 -0.0325
vn -0.0386 0.9987 -0.0337
vn -0.0354 0.9987 -0.0369
vn -0.0393 0.9985 -0.0371
vn -0.0340 0.9988 -0.0347
vn -0.0338 0.9988 -0.0346
vn -0.0343 0.9968 -0.0724
vn -0.0374 0.9467 0.3198
vn -0.0340 0.9970 -0.0695
vn -0.0352 0.9989 -0.0320
vn -0.0353 0.9989 -0.0317
vn -0.0353 0.9989 -0.0315
vn -0.0390 0.9992 -0.0003
vn -0.0390 0.9992 -0.0004
vn -0.0390 0.9992 -0.0000
vn -0.0054 0.1671 0.9859
vn -0.0344 0.9986 -0.0394
vn -0.0340 0.9951 0.0929
vn -0.0346 0.9986 -0.0398
vn -0.0355 0.9977 -0.0573
vn -0.0350 0.9977 -0.0578
vn -0.0347 0.9979 -0.0553
vn -0.0359 0.9977 -0.0575
vn 0.0279 0.9992 -0.0299
vn -0.1215 0.9909 -0.0571
vn -0.0337 0.9952 -0.0922
vn -0.0316 0.9985 -0.0436
vn -0.0347 0.9990 -0.0270
vn -0.0328 0.9993 0.0160
vn -0.0353 0.9992 -0.0174
vn -0.0343 0.9988 -0.0361
vn -0.0354 0.9986 -0.0393
vn -0.0359 0.9986 -0.0378
vn -0.0345 0.9988 0.0351
vn -0.0331 0.9994 0.0039
vn -0.0257 0.9466 -0.3213
vn -0.0315 0.9837 -0.1771
vn -0.0340 0.9908 -0.1313
vn -0.0358 0.9992 0.0198
vn -0.0344 0.9955 -0.0881
vn -0.0505 0.9969 0.0595
vn 0.7514 0.5489 0.3664
vn 0.8080 0.5892 0.0038
vn 0.8082 0.5889 0.0038
vn 0.8907 0.3750 0.2569
vn 0.4960 0.2939 0.8170
vn 0.4760 0.2781 0.8343
vn 0.5042 0.2959 0.8113
vn 0.8856 0.3290 0.3279
vn 0.3382 0.2546 0.9060
vn 0.1074 0.9942 0.0001
vn 0.1074 0.9942 -0.0025
vn 0.1551 0.9879 0.0007
vn 0.1815 0.9834 0.0009
vn 0.1074 0.9942 0.0027
vn -0.9277 0.3713 0.0387
vn -0.9274 0.3713 -0.0459
vn 0.8296 0.3965 0.3932
vn 0.3208 0.5178 0.7931
vn -0.0352 0.9992 0.0203
vn -0.0332 0.9664 -0.2548
vn -0.0348 0.9923 0.1187
vn -0.0351 0.9978 0.0567
vn -0.0338 0.9978 0.0562
vn -0.0350 0.9978 0.0559
vn -0.0341 0.9976 0.0606
vn -0.0322 0.9980 0.0552
vn 0.0232 0.9992 0.0322
vn -0.1123 0.9921 0.0561
vn -0.0385 0.9993 0.0030
vn -0.0510 0.9979 -0.0410
vn -0.0354 0.9957 0.0860
vn -0.0461 0.9984 0.0323
vn -0.0310 0.9989 0.0342
vn -0.0361 0.9988 0.0333
vn -0.0288 0.9990 0.0346
vn -0.0375 0.9987 0.0331
vn -0.0349 0.9993 0.0155
vn -0.0248 0.9549 -0.2958
vn -0.0348 0.9994 -0.0094
vn -0.0332 0.9962 0.0806
vn -0.0378 0.8811 0.4714
vn -0.0346 0.9990 0.0290
vn -0.0351 0.9988 0.0347
vn -0.0346 0.9989 0.0302
vn -0.0333 0.9994 0.0011
vn -0.0348 0.9977 0.0586
vn -0.0355 0.9973 -0.0637
vn -0.0344 0.9985 0.0418
vn -0.0334 0.9994 -0.0000
vn -0.0350 0.9982 0.0488
vn -0.0219 0.9603 0.2781
vn -0.0323 0.9993 0.0177
vn -0.0332 0.9993 0.0144
vn -0.0323 0.9994 0.0141
vn -0.0029 1.0000 -0.0018
vn -0.0337 0.9734 0.2267
vn -0.0355 0.9991 0.0245
vn -0.0354 0.9988 0.0338
vn -0.0463 0.9951 0.0871
vn -0.0469 0.9952 0.0861
vn -0.0460 0.9953 0.0853
vn -0.0462 0.9951 0.0875
vn -0.0352 0.9988 0.0354
vn -0.0355 0.9987 0.0364
vn -0.0376 0.9968 0.0705
vn -0.0354 0.9988 -0.0345
vn 0.6136 0.5972 0.5167
vn 0.5377 0.6886 0.4865
vn 0.7614 0.3923 0.5161
vn 0.7616 0.3923 0.5158
vn 0.1055 0.6942 0.7120
vn -0.0483 0.9974 0.0543
vn -0.0486 0.9980 0.0406
vn -0.0484 0.9976 0.0505
vn -0.0457 0.9977 0.0493
vn -0.0474 0.9982 0.0376
vn -0.0462 0.9978 0.0478
vn -0.0389 0.9992 -0.0002
vn -0.0469 0.9982 0.0372
vn -0.0465 0.9983 0.0365
vn -0.0483 0.9980 0.0408
vn -0.0482 0.9980 0.0404
vn -0.0500 0.9980 -0.0377
vn -0.0456 0.9979 -0.0470
vn -0.0452 0.9978 -0.0478
vn -0.0505 0.9981 -0.0367
vn -0.0829 0.9966 -0.0007
vn -0.0414 0.9981 -0.0458
vn -0.0477 0.9973 -0.0566
vn -0.0483 0.9980 -0.0402
vn -0.0483 0.9980 -0.0404
vn 0.7976 0.6022 0.0347
vn 0.1550 0.9879 0.0008
vn 0.1551 0.9871 -0.0401
vn 0.7981 0.6025 0.0039
vn -0.0212 0.7086 -0.7053
vn -0.4898 0.6526 -0.5781
vn -0.0423 0.9991 -0.0000
vn 0.1610 0.9870 0.0008
vn 0.1351 0.8093 -0.5717
vn 0.1347 0.8094 -0.5716
vn -0.0318 0.8167 -0.5762
vn 0.1352 0.8092 -0.5717
vn -0.6752 0.6042 -0.4230
vn -0.0240 0.7784 -0.6272
vn 0.1123 0.6942 -0.7110
vn -0.4565 0.6972 -0.5527
vn 0.7550 0.5493 -0.3580
vn -0.0212 0.7089 -0.7050
vn -0.4900 0.6524 -0.5782
vn 0.0048 0.0004 -1.0000
vn 0.0050 0.0002 -1.0000
vn 0.0032 -0.0023 -1.0000
vn 0.0038 -0.0003 -1.0000
vn -0.0029 0.0014 -1.0000
vn -0.2015 -0.1431 -0.9690
vn -0.0667 0.0945 -0.9933
vn 0.4944 0.3062 -0.8135
vn 0.4936 0.3043 -0.8147
vn 0.4953 0.3067 -0.8128
vn 0.4934 0.3050 -0.8146
vn 0.4974 0.3070 -0.8114
vn 0.8833 0.3351 -0.3279
vn 0.4428 0.2919 -0.8478
vn 0.8823 0.3931 -0.2588
vn 0.8509 0.3732 -0.3697
vn 0.9310 0.3650 0.0045
vn 0.7828 0.3765 -0.4954
vn 0.6383 0.5832 -0.5025
vn 0.5809 0.8140 0.0027
vn 0.5932 0.5089 -0.6238
vn 0.3283 0.5177 -0.7900
vn 0.5535 0.6960 -0.4574
vn 0.0048 -0.0003 -1.0000
vn 0.1574 0.1903 -0.9690
vn 0.0045 0.0891 -0.9960
vn -0.3376 -0.1524 -0.9289
vn -0.2680 -0.1126 -0.9568
vn -0.1191 0.7113 -0.6927
vn 0.0310 0.0597 -0.9977
vn 0.0286 0.0658 -0.9974
vn 0.0285 0.0660 -0.9974
vn 0.0278 0.0679 -0.9973
vn -0.0091 0.7079 -0.7063
vn 0.0377 0.0460 -0.9982
vn -0.0175 0.0429 -0.9989
vn 0.0047 0.0401 -0.9992
vn 0.1359 0.8473 -0.5135
vn 0.1291 0.8492 -0.5120
vn 0.1261 0.8501 -0.5113
vn 0.1389 0.8463 -0.5142
vn 0.0195 -0.0027 -0.9998
vn -0.0169 0.8608 -0.5087
vn -0.0328 0.8963 -0.4423
vn 0.1439 0.9896 0.0009
vn 0.3244 0.6291 -0.7064
vn -0.0273 0.9828 -0.1826
vn -0.0344 0.9994 -0.0001
vn -0.0344 0.9994 -0.0002
vn -0.0344 0.9994 -0.0003
vn -0.3967 0.7481 -0.5319
vn -0.1694 0.5508 -0.8173
vn -0.5651 0.5375 -0.6259
vn -0.5583 0.5201 -0.6463
vn 0.4545 0.8907 0.0022
vn 0.4545 0.8907 0.0025
vn 0.4545 0.8907 0.0021
vn 0.0880 0.0300 -0.9957
vn 0.6792 0.7339 0.0033
vn 0.5808 0.8136 -0.0257
vn -0.5868 0.8097 -0.0028
vn -0.5868 0.8097 -0.0029
vn -0.5787 0.7432 -0.3357
vn 0.2235 0.8154 0.5340
vn -0.0289 0.9829 0.1821
vn 0.1338 0.8463 0.5156
vn -0.0235 0.8997 0.4360
vn -0.0348 0.8610 0.5074
vn 0.1085 0.6935 0.7122
vn 0.1083 0.6937 0.7120
vn 0.1083 0.6938 0.7120
vn 0.1087 0.6935 0.7122
vn 0.3856 0.6202 0.6831
vn -0.2704 -0.1412 0.9523
vn -0.3151 -0.1785 0.9321
vn 0.0031 0.0493 0.9988
vn -0.0026 0.0454 0.9990
vn 0.0009 0.0479 0.9989
vn -0.0051 0.0436 0.9990
vn -0.0160 0.7079 0.7061
vn 0.0214 0.0589 0.9980
vn 0.0234 0.0607 0.9979
vn 0.0235 0.0608 0.9979
vn 0.0240 0.0612 0.9978
vn 0.0098 -0.0023 0.9999
vn 0.0280 0.0442 0.9986
vn -0.0263 0.0410 0.9988
vn -0.0049 0.0424 0.9991
vn -0.1819 0.5658 0.8042
vn -0.3985 0.7514 0.5259
vn 0.0776 0.0284 0.9966
vn 0.5442 -0.7708 0.3311
vn 0.7840 -0.5147 0.3471
vn 0.8216 -0.4490 0.3513
vn 0.8218 -0.4489 0.3509
vn 0.8216 -0.4491 0.3511
vn 0.8214 -0.4497 0.3509
vn -0.0050 0.0001 1.0000
vn -0.0051 0.0001 1.0000
vn -0.0052 0.0001 1.0000
vn 0.0918 -0.0093 0.9957
vn 0.0919 -0.0125 0.9957
vn 0.0920 -0.0167 0.9956
vn 0.0031 -1.0000 0.0001
vn 0.7649 -0.2497 0.5938
vn 0.8821 -0.2891 0.3720
vn 0.0396 -0.0182 0.9990
vn 0.0382 -0.0179 0.9991
vn 0.0414 -0.0184 0.9990
vn 0.0464 -0.0195 0.9987
vn 0.0504 -0.0203 0.9985
vn 0.3736 -0.8922 -0.2537
vn 0.3734 -0.8924 -0.2535
vn 0.3733 -0.8924 -0.2534
vn 0.3609 -0.9017 -0.2382
vn 0.8534 -0.2783 -0.4408
vn 0.8338 -0.2713 -0.4809
vn 0.8084 -0.2625 -0.5269
vn 0.5555 -0.7826 -0.2809
vn 0.0049 -0.0001 -1.0000
vn -0.3895 -0.5097 -0.7671
vn 0.1009 -0.0167 -0.9948
vn 0.0955 -0.0221 -0.9952
vn 0.0902 -0.0268 -0.9956
vn 0.0893 -0.0276 -0.9956
vn 0.0845 -0.0202 -0.9962
vn 0.0809 -0.0137 -0.9966
vn 0.0868 -0.0171 -0.9961
vn 0.0872 -0.0174 -0.9960
vn 0.1201 -0.0673 -0.9905
vn 0.0860 -0.0137 -0.9962
vn -0.0236 0.9997 -0.0001
vn -0.0329 0.9993 0.0153
vn -0.0049 0.9015 0.4327
vn -0.0328 0.9994 -0.0150
vn -0.0146 0.9999 0.0089
vn -0.0172 0.9998 0.0140
vn -0.0166 0.9998 0.0131
vn -0.0167 0.9998 -0.0127
vn -0.0171 0.9998 -0.0136
vn -0.0148 0.9998 -0.0114
vn 0.0240 0.7052 -0.7086
vn -0.0135 0.9999 -0.0000
vn -0.0033 1.0000 -0.0003
vn -0.0031 1.0000 -0.0000
vn -0.0031 1.0000 0.0001
vn -0.0134 0.9999 -0.0002
vn -0.0134 0.9999 -0.0000
vn 0.0343 0.8147 -0.5789
vn 0.0382 0.8098 -0.5855
vn 0.0334 0.8160 -0.5771
vn 0.0383 0.8105 -0.5844
vn 0.0377 0.8105 -0.5845
vn 0.0436 0.7038 -0.7091
vn 0.0253 0.8101 -0.5857
vn 0.0380 -0.0054 -0.9993
vn 0.0381 -0.0036 -0.9993
vn 0.0380 -0.0042 -0.9993
vn 0.0381 -0.0027 -0.9993
vn 0.0616 -0.0096 -0.9981
vn 0.0367 0.1139 -0.9928
vn 0.0367 0.1138 -0.9928
vn 0.0367 0.1137 -0.9928
vn 0.0449 0.7809 -0.6230
vn 0.0454 0.7808 -0.6232
vn 0.0542 0.7775 -0.6265
vn 0.0538 0.7017 -0.7105
vn 0.0538 0.7798 -0.6237
vn 0.0081 1.0000 -0.0008
vn 0.0078 1.0000 -0.0000
vn 0.0018 1.0000 0.0003
vn 0.0078 1.0000 0.0002
vn 0.0083 1.0000 0.0007
vn 0.0561 0.7758 -0.6285
vn 0.0802 -0.0107 -0.9967
vn 0.0244 0.7051 -0.7087
vn 0.0040 1.0000 0.0001
vn -0.5889 0.8082 -0.0028
vn -0.5889 0.8082 -0.0029
vn -0.5890 0.8081 -0.0029
vn -0.9367 0.1472 -0.3176
vn -0.6909 0.1088 -0.7148
vn -0.4737 0.6626 -0.5801
vn 0.0048 -0.0002 -1.0000
vn -0.8216 0.4009 -0.4053
vn -0.7916 0.3720 -0.4848
vn 0.0483 0.0316 -0.9983
vn -0.9017 0.4088 -0.1407
vn -0.5161 0.2880 -0.8067
vn -0.6400 0.3226 -0.6974
vn 0.0810 0.0414 -0.9959
vn 0.0728 -0.0047 -0.9973
vn 0.0053 -0.0561 -0.9984
vn 0.0462 0.0225 -0.9987
vn 0.0545 0.0507 -0.9972
vn 0.0944 0.0134 -0.9954
vn 0.3203 0.0413 -0.9464
vn 0.0455 0.7402 -0.6709
vn 0.9943 -0.0781 -0.0732
vn 0.1169 0.6934 -0.7110
vn 0.0875 0.0138 -0.9961
vn 0.0877 0.0186 -0.9960
vn 0.0873 0.0135 -0.9961
vn 0.1618 0.9868 0.0008
vn 0.1619 0.9868 0.0008
vn 0.9947 -0.1024 0.0048
vn 0.7485 -0.0586 -0.6606
vn 0.7105 -0.1158 -0.6941
vn 0.0253 -0.9838 -0.1777
vn -0.1550 -0.9879 -0.0007
vn 0.0090 0.0269 -0.9996
vn 0.0075 0.0271 -0.9996
vn 0.0083 0.0270 -0.9996
vn 0.0049 -0.0003 -1.0000
vn 0.5834 -0.8112 -0.0394
vn 0.1127 0.6669 -0.7365
vn 0.0220 -0.7617 -0.6475
vn 0.0602 -0.9966 -0.0561
vn -0.0457 -0.9990 -0.0002
vn -0.9869 0.1613 -0.0048
vn 0.0061 0.0273 -0.9996
vn -0.9949 0.1008 -0.0086
vn 0.1036 -0.0100 -0.9946
vn 0.1039 -0.0158 -0.9945
vn 0.1038 -0.0145 -0.9945
vn -0.7039 -0.2191 -0.6756
vn -0.6901 0.1083 -0.7155
vn 0.1038 -0.0163 -0.9945
vn 0.1150 0.6814 -0.7228
vn -0.9917 0.1287 -0.0048
vn 0.0457 0.9990 0.0002
vn 0.0572 0.9932 -0.1014
vn -0.7038 0.1157 -0.7009
vn -0.7190 0.0938 -0.6886
vn -0.4487 0.0710 -0.8908
vn 0.0872 0.0140 -0.9961
vn 0.0861 0.0168 -0.9961
vn 0.0835 0.0153 -0.9964
vn 0.0872 0.0108 -0.9961
vn 0.0045 0.0578 -0.9983
vn 0.0837 0.0164 -0.9964
vn 0.0839 0.0165 -0.9963
vn 0.0547 0.7089 -0.7032
vn 0.0862 0.0153 -0.9962
vn 0.0882 0.0211 -0.9959
vn 0.0038 0.1052 -0.9944
vn 0.0879 -0.1138 -0.9896
vn 0.0909 0.0093 -0.9958
vn 0.0044 0.1113 -0.9938
vn 0.0046 0.0261 -0.9997
vn 0.0608 0.0002 -0.9982
vn -0.0506 0.0506 -0.9974
vn 0.3867 -0.0639 0.9200
vn -0.4407 0.0698 -0.8949
vn -0.0166 0.0295 -0.9994
vn -0.1992 -0.0007 0.9800
vn 0.7653 -0.1245 -0.6315
vn -0.9973 0.0735 -0.0048
vn 0.1143 0.7079 -0.6970
vn -0.8917 0.0659 -0.4478
vn -0.8549 0.1021 -0.5087
vn 0.6502 0.1098 -0.7518
vn -0.8917 0.1040 -0.4406
vn -0.0573 -0.9984 -0.0003
vn -0.9917 0.1287 -0.0049
vn 0.5703 -0.8214 0.0027
vn 0.0390 -0.9972 -0.0638
vn 0.8826 -0.1438 -0.4476
vn 0.9869 -0.1613 0.0048
vn 0.8912 -0.0787 -0.4467
vn 0.8981 -0.0818 -0.4321
vn 0.9916 -0.1289 0.0048
vn 0.9916 -0.1284 -0.0117
vn 0.7981 0.6026 0.0039
vn 0.7979 0.6027 0.0039
vn 0.7982 0.6024 0.0039
vn -0.0601 0.9982 -0.0003
vn 0.1409 0.8849 -0.4439
vn 0.0934 -0.1215 -0.9882
vn 0.1050 0.0720 -0.9919
vn 0.1617 0.9868 0.0006
vn 0.1616 0.9869 0.0007
vn 0.1619 0.9868 0.0009
vn 0.0848 0.0172 -0.9963
vn 0.0042 0.1576 -0.9875
vn 0.1014 -0.0118 -0.9948
vn 0.1027 -0.2072 -0.9729
vn 0.0872 -0.0108 -0.9961
vn 0.0849 0.0001 -0.9964
vn 0.0845 0.0005 -0.9964
vn 0.0846 0.0003 -0.9964
vn 0.0972 -0.0201 -0.9951
vn 0.0951 -0.0227 -0.9952
vn 0.0789 -0.0482 -0.9957
vn -0.0937 -0.0004 0.9956
vn 0.9914 -0.1304 0.0047
vn -0.0742 -0.4463 0.8918
vn -0.0745 -0.4467 0.8916
vn -0.0743 -0.4464 0.8917
vn 0.0618 0.5513 -0.8320
vn -0.0840 -0.3274 0.9412
vn -0.0173 0.0296 -0.9994
vn 0.0750 0.4326 -0.8985
vn 0.9904 -0.1382 0.0048
vn 0.9650 -0.1130 0.2366
vn 0.9993 0.0033 -0.0368
vn -1.0000 -0.0033 -0.0044
vn -1.0000 -0.0030 -0.0052
vn -1.0000 -0.0027 -0.0057
vn 0.0091 -0.8964 0.4431
vn 0.0087 -0.8950 0.4460
vn 0.0086 -0.8945 0.4471
vn -0.0554 -0.5989 0.7989
vn -0.0239 0.9488 -0.3150
vn -0.0238 0.9489 -0.3148
vn -0.0235 0.9491 -0.3142
vn -0.0242 0.9486 -0.3155
vn 0.9941 -0.1042 0.0313
vn 0.9948 -0.1020 0.0048
vn -0.1613 -0.9869 -0.0007
vn -0.1608 -0.9870 -0.0008
vn -0.1613 -0.9869 -0.0006
vn 0.5687 -0.7511 -0.3352
vn 0.0598 -0.9760 -0.2092
vn -0.0459 -0.9989 -0.0002
vn 0.0587 -0.9505 -0.3051
vn 0.6026 -0.7981 0.0029
vn -0.1550 -0.9879 -0.0008
vn 0.0049 0.0002 -1.0000
vn -0.1458 -0.9385 -0.3131
vn -0.9878 0.1557 -0.0047
vn -0.9878 0.1559 -0.0049
vn -0.9873 0.1589 -0.0079
vn -0.9878 0.1559 -0.0048
vn -0.9870 0.1609 -0.0048
vn -0.0050 0.9654 0.2606
vn -0.5979 0.8016 -0.0029
vn -0.9360 0.1533 -0.3170
vn -0.9822 0.1287 -0.1365
vn -0.9825 0.1287 -0.1348
vn -0.9823 0.1287 -0.1363
vn -0.9878 0.1558 -0.0076
vn -0.9497 -0.0029 -0.3131
vn -0.9404 0.1321 -0.3135
vn 0.2710 -0.8732 -0.4050
vn -0.0051 -0.0000 1.0000
vn -0.0047 -0.0000 1.0000
vn -0.0045 -0.0000 1.0000
vn -0.9915 0.1301 -0.0047
vn -0.1551 -0.9879 -0.0008
vn 0.0699 -0.0085 -0.9975
vn 0.0703 -0.0088 -0.9975
vn 0.0700 -0.0086 -0.9975
vn 0.0699 -0.0086 -0.9975
vn 0.0513 0.0001 -0.9987
vn 0.0515 0.0001 -0.9987
vn 0.0510 0.0003 -0.9987
vn 0.0031 -1.0000 0.0002
vn -0.9731 0.1592 -0.1668
vn 0.0732 -0.0100 -0.9973
vn 0.0716 -0.0092 -0.9974
vn -0.0751 -0.4512 0.8893
vn 0.0958 -0.0542 -0.9939
vn 0.0957 -0.0542 -0.9939
vn 0.0957 -0.0540 -0.9940
vn 0.0957 -0.0539 -0.9940
vn 0.0026 -1.0000 0.0007
vn 0.0027 -1.0000 0.0006
vn 0.0028 -1.0000 0.0005
vn -0.0038 1.0000 0.0002
vn -0.0025 1.0000 -0.0002
vn -0.0034 1.0000 -0.0000
vn -0.0026 1.0000 -0.0002
vn -0.0041 1.0000 0.0002
vn -0.0031 1.0000 -0.0028
vn -0.0039 1.0000 0.0003
vn 0.0161 0.9999 -0.0044
vn -0.9234 0.3831 0.0257
vn -0.9129 0.4076 -0.0204
vn -0.9628 0.2153 -0.1630
vn 0.0098 0.4537 -0.8911
vn -0.9482 0.3067 -0.0834
vn 0.0064 0.6549 -0.7557
vn 0.0059 0.8943 -0.4474
vn 0.8740 0.3593 0.3271
vn 0.9008 0.3433 0.2657
vn 0.0024 -0.4838 -0.8752
vn -0.8408 0.5265 -0.1262
vn 0.9273 0.3155 0.2012
vn 0.0069 0.8737 -0.4865
vn 0.9773 0.2116 0.0047
vn 0.0052 1.0000 -0.0000
vn -0.9114 0.4115 -0.0044
vn 0.9297 0.3093 -0.2000
vn 0.0021 0.8696 0.4938
vn 0.0015 0.8906 0.4549
vn -0.9478 0.3092 0.0774
vn 0.5815 0.4215 -0.6959
vn 0.9250 0.3262 -0.1947
vn 0.5935 0.5187 0.6154
vn -0.9626 0.1342 0.2355
vn 0.9238 0.3513 -0.1520
vn -0.9131 0.4076 0.0106
vn -0.9233 0.3825 -0.0340
vn -0.8077 0.5702 0.1498
vn 0.8090 0.5820 0.0825
vn 0.8377 0.5443 0.0434
vn 0.8690 0.4948 0.0042
vn -0.0117 -0.9999 0.0001
vn -0.0117 -0.9999 -0.0002
vn -0.0013 -0.8608 0.5090
vn -0.9385 0.3451 -0.0046
vn -0.9385 0.3451 -0.0045
vn -0.9385 0.3452 -0.0046
vn -0.9385 0.3453 -0.0047
vn 0.0013 -1.0000 -0.0000
vn 0.9880 -0.1546 0.0048
vn -0.2774 0.0443 -0.9597
vn 0.9241 0.3332 0.1869
vn 0.8315 0.5537 -0.0449
vn 0.8385 0.5439 -0.0348
vn -0.0042 -0.6699 -0.7424
vn 0.0036 -0.8652 -0.5014
vn -0.5836 0.6191 0.5255
vn -0.5663 0.5169 0.6420
vn -0.5730 0.5346 0.6212
vn -0.8724 0.4088 0.2680
vn -0.6417 0.3375 0.6887
vn -0.7954 0.3713 0.4790
vn -0.8255 0.4009 0.3973
vn 0.0025 0.0464 0.9989
vn -0.5429 0.2901 0.7881
vn -0.4792 0.6627 0.5755
vn -0.0050 -0.0001 1.0000
vn -0.6976 0.1088 0.7082
vn -0.9397 0.1472 0.3086
vn 0.0486 0.7769 0.6277
vn 0.0500 0.7758 0.6290
vn 0.0484 0.7787 0.6255
vn 0.0396 0.7793 0.6254
vn 0.0390 0.7796 0.6251
vn 0.0715 -0.0092 0.9974
vn 0.0187 0.8102 0.5859
vn 0.0136 0.8101 0.5861
vn 0.0134 0.8100 0.5863
vn 0.0189 0.8101 0.5860
vn 0.0315 0.7842 0.6197
vn 0.0370 0.7185 0.6946
vn 0.0255 0.7191 0.6945
vn 0.0345 0.7152 0.6981
vn 0.0364 0.7180 0.6951
vn 0.0366 0.7183 0.6948
vn 0.0367 0.7161 0.6970
vn 0.0267 0.7196 0.6938
vn 0.0351 0.7176 0.6956
vn 0.0612 0.0079 0.9981
vn 0.0614 0.0068 0.9981
vn 0.0610 0.0084 0.9981
vn 0.0616 0.0062 0.9981
vn 0.0464 0.0504 0.9977
vn 0.0514 -0.0600 0.9969
vn 0.0595 -0.0299 0.9978
vn 0.0665 0.0228 0.9975
vn 0.1020 0.0341 0.9942
vn 0.0375 0.0211 0.9991
vn 0.0737 0.0390 0.9965
vn 0.0659 0.0009 0.9978
vn 0.1553 0.2084 0.9656
vn 0.4944 -0.0203 0.8690
vn 0.1932 -0.2753 0.9417
vn 0.0721 -0.4676 0.8810
vn 0.0466 -0.5683 0.8215
vn 0.5809 -0.8083 0.0965
vn 0.5993 -0.7944 0.0987
vn -0.0379 -0.9966 0.0725
vn 0.3839 -0.0030 0.9234
vn -0.0065 -0.9985 0.0544
vn 0.4479 -0.0738 0.8910
vn -0.0140 -0.9999 -0.0001
vn -0.1568 -0.9855 0.0645
vn -0.1550 -0.9858 0.0645
vn -0.1594 -0.9851 0.0645
vn -0.0048 -0.0004 1.0000
vn -0.0048 -0.0005 1.0000
vn 0.6025 -0.7981 0.0028
vn 0.6025 -0.7981 0.0029
vn 0.9973 -0.0738 0.0048
vn 0.9928 -0.0983 0.0688
vn 0.9949 -0.1004 0.0047
vn -0.1613 -0.9848 0.0645
vn -0.0767 -0.4428 0.8933
vn -0.9925 0.1040 0.0641
vn -0.9931 0.1014 0.0582
vn -0.9927 0.1034 0.0627
vn -0.6816 0.0897 0.7262
vn 0.1026 0.0179 0.9946
vn -0.9951 0.0992 -0.0047
vn -0.9933 0.1008 0.0567
vn 0.1126 -0.1612 0.9805
vn -0.5867 0.8046 0.0914
vn 0.1068 0.7031 0.7030
vn 0.0140 0.9999 -0.0000
vn 0.0141 0.9999 -0.0001
vn 0.0140 0.9999 0.0002
vn 0.1550 0.9879 0.0007
vn 0.1547 0.9880 0.0008
vn 0.1550 0.9879 0.0009
vn 0.1550 0.9879 0.0006
vn 0.1544 0.9858 0.0660
vn 0.0216 0.9982 0.0557
vn 0.1613 0.9869 0.0003
vn -0.0583 0.9982 0.0142
vn 0.0683 0.4450 0.8929
vn 0.0680 0.4449 0.8930
vn 0.0676 0.4454 0.8928
vn 0.0666 0.4445 0.8933
vn -0.7190 0.0947 0.6885
vn 0.0668 0.4453 0.8929
vn 0.0717 0.0067 0.9974
vn -0.0047 -0.0617 0.9981
vn 0.0954 0.0143 0.9953
vn 0.0930 0.0116 0.9956
vn 0.0997 0.0136 0.9949
vn 0.0931 0.0093 0.9956
vn 0.1032 0.0154 0.9945
vn 0.0643 0.0251 0.9976
vn -0.0053 0.0607 0.9981
vn 0.3323 -0.0049 0.9431
vn 0.1488 -0.2139 0.9655
vn 0.3965 -0.0164 0.9179
vn 0.1178 -0.2785 0.9532
vn 0.4293 -0.0528 0.9016
vn 0.0316 0.4821 0.8756
vn 0.9948 -0.1018 0.0085
vn 0.9926 -0.1211 0.0071
vn 0.5827 -0.8112 0.0490
vn 0.9895 -0.1261 0.0700
vn 0.0709 -0.9954 0.0638
vn 0.8043 0.5864 0.0960
vn 0.8082 0.5889 0.0040
vn 0.9917 -0.1282 0.0049
vn 0.0213 0.9982 0.0556
vn -0.0047 -0.0001 1.0000
vn -0.0048 0.0002 1.0000
vn -0.0586 0.9982 0.0142
vn 0.0420 0.6158 0.7868
vn -0.6018 0.7973 0.0459
vn -0.1995 0.2581 0.9453
vn -0.5887 0.8071 0.0436
vn 0.1067 0.0146 0.9942
vn 0.1094 0.0824 0.9906
vn -0.9919 0.1270 -0.0047
vn -0.8120 -0.5836 -0.0039
vn -0.8120 -0.5836 -0.0040
vn -0.8120 -0.5836 -0.0038
vn -0.9899 0.1275 0.0623
vn -0.9901 0.1268 0.0604
vn -0.9892 0.1300 0.0683
vn 0.0862 -0.9963 0.0003
vn 0.0858 -0.9949 0.0539
vn -0.8072 -0.5823 0.0966
vn -0.8055 -0.5846 0.0969
vn -0.8043 -0.5863 0.0971
vn -0.8084 -0.5807 0.0964
vn -0.9889 0.1308 0.0701
vn -0.7102 0.1117 0.6951
vn -0.2756 -0.1974 0.9408
vn -0.4348 0.0680 0.8980
vn 0.0707 -0.5905 0.8039
vn 0.1018 0.0120 0.9947
vn 0.1001 -0.0237 0.9947
vn 0.2983 -0.2907 0.9091
vn 0.0913 -0.0070 0.9958
vn 0.0911 -0.0067 0.9958
vn 0.0683 -0.0520 0.9963
vn 0.0999 -0.0222 0.9947
vn 0.1000 -0.0222 0.9947
vn 0.5681 -0.0622 0.8206
vn 0.0616 0.0061 0.9981
vn 0.0617 0.0060 0.9981
vn 0.0704 -0.0101 0.9975
vn 0.0703 -0.0100 0.9975
vn 0.0342 -0.6131 0.7893
vn 0.0340 -0.6139 0.7887
vn 0.0335 -0.6157 0.7873
vn 0.5457 -0.0861 0.8335
vn 0.0333 -0.6165 0.7866
vn 0.6925 -0.0906 0.7158
vn 0.9851 -0.1547 0.0747
vn 0.0600 -0.9981 0.0157
vn 0.0542 -0.6410 0.7656
vn 0.0821 0.5499 0.8312
vn 0.0195 0.6063 0.7950
vn 0.9885 -0.1287 0.0798
vn 0.1539 0.9856 0.0706
vn -0.7029 0.1108 0.7026
vn -0.4595 0.0609 0.8861
vn -0.7484 -0.6558 0.0986
vn -0.9891 0.1301 0.0684
vn -0.9890 0.1306 0.0697
vn -0.9896 0.1284 0.0645
vn 0.0147 0.5858 0.8103
vn -0.2005 0.2722 0.9411
vn 0.9869 -0.1614 0.0048
vn 0.0319 0.9995 0.0002
vn 0.9951 -0.0992 0.0048
vn 0.6024 -0.7982 0.0028
vn 0.6024 -0.7982 0.0029
vn -0.5828 0.8067 0.0977
vn -0.5852 0.8050 0.0979
vn -0.5866 0.8039 0.0981
vn -0.5813 0.8078 0.0975
vn -0.1195 0.9891 0.0862
vn 0.9949 -0.1009 0.0047
vn -0.1196 0.9928 -0.0006
vn 0.1563 -0.2208 0.9627
vn -0.5891 0.8080 -0.0028
vn 0.1113 0.0161 0.9937
vn -0.9898 0.1279 0.0631
vn -0.1126 -0.6962 0.7089
vn 0.7092 -0.1106 -0.6963
vn 0.0617 -0.7092 0.7023
vn -0.9870 0.1608 -0.0059
vn -0.9888 0.1489 -0.0035
vn -0.9879 0.1551 -0.0042
vn -0.0240 -0.9976 0.0645
vn 0.7982 0.6024 0.0042
vn 0.7981 0.6025 0.0040
vn 0.7982 0.6024 0.0040
vn 0.7980 0.6026 0.0037
vn 0.0556 0.0386 -0.9977
vn 0.8289 -0.5594 0.0044
vn 0.8289 -0.5594 0.0043
vn 0.9231 0.3845 0.0044
vn 0.0165 0.1450 -0.9893
vn -0.0283 0.0887 -0.9957
vn -0.0304 0.0874 -0.9957
vn -0.0230 0.0921 -0.9955
vn 0.8469 0.3082 0.4334
vn 0.0291 0.1554 -0.9874
vn 0.1119 0.7074 0.6979
vn -0.2189 0.0366 -0.9751
vn 0.8118 0.5839 0.0036
vn 0.8118 0.5839 0.0040
vn 0.0777 0.9970 0.0027
vn 0.0767 0.9971 0.0010
vn 0.0774 0.9970 0.0011
vn 0.0741 0.9972 0.0008
vn 0.0773 0.9970 0.0004
vn 0.0773 0.9970 0.0003
vn 0.0737 0.9973 0.0004
vn 0.0772 0.9970 0.0004
vn -0.0038 1.0000 -0.0000
vn 0.1682 0.9858 0.0008
vn 0.1669 0.9860 0.0001
vn 0.1624 0.9867 -0.0023
vn 0.1610 0.9870 -0.0029
vn 0.1672 0.9859 0.0037
vn 0.1624 0.9867 0.0011
vn 0.1686 0.9857 0.0048
vn 0.1609 0.9870 0.0007
vn 0.9120 0.4099 -0.0159
vn 0.9100 0.4140 -0.0225
vn 0.9114 0.4112 -0.0189
vn 0.9101 0.4137 -0.0241
vn 0.9107 0.4126 -0.0170
vn 0.8992 0.4375 0.0044
vn 0.8930 0.4501 0.0043
vn 0.9954 -0.0933 -0.0223
vn 0.9741 -0.2256 0.0135
vn 0.9867 -0.1613 -0.0215
vn 0.9995 0.0255 -0.0174
vn 0.8334 -0.5520 -0.0260
vn 0.8091 -0.5819 0.0825
vn 0.8286 -0.5597 -0.0083
vn 0.8387 -0.5326 -0.1139
vn 0.8273 -0.5617 0.0080
vn 0.8304 -0.5569 -0.0186
vn 0.8594 -0.5093 -0.0446
vn 0.0039 -0.9999 -0.0158
vn -0.1475 -0.9891 0.0040
vn 0.9918 -0.1251 -0.0272
vn 0.9868 -0.1611 -0.0137
vn -0.0253 0.0046 -0.9997
vn 0.0042 -0.4782 0.8783
vn -0.1840 -0.9817 -0.0500
vn -0.1799 -0.9835 -0.0183
vn -0.1863 -0.9823 -0.0184
vn -0.1736 -0.9846 -0.0181
vn -0.1856 -0.9823 -0.0237
vn -0.1577 -0.9693 -0.1886
vn -0.1614 -0.9869 -0.0009
vn -0.1726 -0.9848 -0.0200
vn -0.1705 -0.9851 -0.0206
vn -0.0073 0.1123 -0.9936
vn -0.0213 0.0933 -0.9954
vn -0.9365 -0.3505 -0.0049
vn -0.9364 -0.3509 0.0003
vn -0.9354 -0.3534 -0.0064
vn -0.9363 -0.3512 0.0048
vn -0.9365 -0.3506 0.0039
vn -0.9380 -0.3466 -0.0003
vn -0.9317 -0.3612 0.0373
vn -0.9332 -0.3593 -0.0038
vn -0.9385 -0.3452 -0.0017
vn -0.2192 0.0350 -0.9750
vn -0.7248 0.6889 -0.0046
vn -0.7244 0.6893 -0.0040
vn -0.7243 0.6895 -0.0036
vn -0.7247 0.6890 -0.0044
vn -0.7247 0.6891 -0.0034
vn -0.7253 0.6884 -0.0035
vn -0.7251 0.6886 -0.0044
vn -0.7243 0.6895 -0.0057
vn -0.7245 0.6892 -0.0072
vn -0.7247 0.6891 -0.0033
vn -0.9319 -0.3627 -0.0046
vn -0.9328 -0.3604 -0.0045
vn -0.9496 0.3133 -0.0046
vn -0.9912 0.1320 -0.0049
vn -0.9879 0.1550 -0.0085
vn -0.9496 0.3134 -0.0046
vn -0.9912 0.1320 -0.0007
vn -0.9879 0.1550 -0.0048
vn -0.7476 0.6637 -0.0246
vn -0.0041 1.0000 -0.0000
vn 0.7723 -0.3799 -0.5091
vn 0.7721 -0.3798 -0.5095
vn 0.7727 -0.3799 -0.5086
vn 0.8169 -0.5767 0.0042
vn 0.8168 -0.5769 0.0037
vn 0.7717 -0.3798 -0.5101
vn 0.7684 -0.3937 -0.5046
vn 0.4678 -0.0373 -0.8830
vn 0.4675 -0.0366 -0.8833
vn 0.4676 -0.0369 -0.8831
vn 0.4675 -0.0365 -0.8833
vn 0.4803 -0.0441 -0.8760
vn 0.4479 -0.0709 -0.8913
vn 0.8386 -0.1338 -0.5280
vn 0.8385 -0.1339 -0.5281
vn 0.8386 -0.1339 -0.5281
vn 0.2234 0.5392 -0.8120
vn 0.7462 0.5247 -0.4097
vn 0.4627 0.4861 -0.7413
vn 0.4603 0.4922 -0.7388
vn 0.4609 0.4866 -0.7422
vn -0.1213 0.3913 -0.9122
vn -0.1221 0.3921 -0.9118
vn -0.1219 0.3919 -0.9119
vn -0.1224 0.3925 -0.9116
vn 0.7462 0.5113 -0.4262
vn 0.8227 -0.5631 -0.0781
vn 0.9874 -0.1581 0.0051
vn 0.9355 0.3534 0.0048
vn 0.9877 -0.0904 -0.1274
vn 0.9878 -0.0910 -0.1261
vn 0.9878 -0.0911 -0.1262
vn 0.9878 -0.0914 -0.1260
vn 0.7986 -0.5912 -0.1127
vn 0.7988 -0.5911 -0.1120
vn 0.7982 -0.5912 -0.1157
vn 0.7982 -0.5911 -0.1164
vn 0.8334 -0.5390 -0.1218
vn 0.9941 0.0527 -0.0945
vn 0.9119 0.4010 -0.0870
vn 0.9341 0.3504 -0.0684
vn 0.9270 0.3718 -0.0486
vn 0.9273 0.3715 -0.0460
vn 0.9272 0.3716 -0.0467
vn 0.9269 0.3719 -0.0497
vn 0.9481 0.3002 -0.1052
vn 0.9481 0.3001 -0.1052
vn 0.9481 0.3000 -0.1052
vn 0.9338 0.3416 -0.1068
vn 0.9463 0.3064 -0.1033
vn -0.3912 0.4182 -0.8198
vn 0.7999 0.5980 -0.0516
vn 0.8596 0.5062 -0.0690
vn 0.7807 0.4502 -0.4334
vn 0.8331 0.2694 -0.4831
vn 0.4604 0.4865 -0.7425
vn 0.7334 0.6783 -0.0452
vn 0.7061 0.7066 -0.0467
vn 0.7056 0.7070 -0.0468
vn 0.7058 0.7068 -0.0468
vn 0.7067 0.7060 -0.0466
vn 0.4546 0.4910 -0.7431
vn 0.2331 0.2955 -0.9265
vn 0.2348 0.2944 -0.9264
vn 0.2332 0.2950 -0.9266
vn 0.2354 0.2941 -0.9263
vn 0.6377 0.6317 -0.4408
vn 0.7092 0.7050 0.0037
vn 0.4028 0.4192 -0.8136
vn 0.6057 0.6341 -0.4807
vn 0.0156 0.2504 -0.9680
vn 0.0131 0.2507 -0.9680
vn 0.0152 0.2506 -0.9680
vn 0.0123 0.2508 -0.9680
vn 0.6884 0.7253 0.0033
vn 0.6873 0.7264 0.0055
vn 0.6842 0.7292 0.0108
vn 0.6885 0.7252 0.0033
vn 0.6828 0.7305 0.0133
vn 0.2400 0.9708 0.0012
vn 0.1581 0.9874 0.0008
vn 0.1580 0.9874 0.0007
vn 0.1581 0.9874 -0.0022
vn 0.1581 0.9874 -0.0007
vn 0.1581 0.9874 0.0002
vn 0.1391 0.9903 0.0007
vn 0.1436 0.8836 -0.4458
vn 0.1437 0.8836 -0.4458
vn 0.1146 0.6943 -0.7105
vn 0.1437 0.8835 -0.4458
vn 0.0324 0.6634 -0.7475
vn 0.0529 0.9986 0.0002
vn 0.0529 0.9986 0.0003
vn 0.0406 0.9043 -0.4250
vn 0.0411 0.9053 -0.4228
vn 0.0394 0.9021 -0.4297
vn 0.0321 0.7043 -0.7091
vn 0.0388 0.9011 -0.4320
vn -0.0232 0.1863 -0.9822
vn -0.3173 0.1935 -0.9284
vn -0.3182 0.1938 -0.9280
vn -0.3190 0.1941 -0.9277
vn -0.3205 0.1947 -0.9270
vn -0.4401 0.1173 -0.8903
vn -0.5944 -0.1422 -0.7915
vn -0.5951 -0.1418 -0.7911
vn -0.5984 -0.1399 -0.7889
vn -0.5986 -0.1400 -0.7887
vn -0.7612 -0.4241 -0.4906
vn -0.7054 0.1135 -0.6996
vn -0.3940 0.2280 -0.8904
vn -0.5648 0.2827 -0.7753
vn -0.2128 0.7077 -0.6738
vn -0.8610 0.1403 -0.4888
vn -0.8611 0.1383 -0.4893
vn -0.8611 0.1389 -0.4891
vn -0.8132 -0.3415 -0.4713
vn -0.7788 -0.4280 -0.4586
vn -0.8188 0.3777 -0.4324
vn -0.8610 0.1412 -0.4887
vn -0.2650 0.8744 -0.4065
vn -0.8303 0.4008 -0.3871
vn -0.5115 0.7098 -0.4843
vn 0.1280 -0.0194 -0.9916
vn -0.9723 0.1591 -0.1713
vn -0.9639 0.2062 -0.1684
vn -0.2698 0.9599 -0.0763
vn -0.2906 0.9533 -0.0822
vn -0.9044 0.4153 -0.0974
vn -0.9039 0.4163 -0.0986
vn -0.9032 0.4171 -0.1013
vn -0.9062 0.4131 -0.0899
vn -0.9064 0.4126 -0.0904
vn -0.5942 0.8017 -0.0651
vn -0.8854 0.4359 -0.1613
vn 0.0315 0.9748 0.2209
vn 0.0375 0.9991 -0.0209
vn 0.0373 0.9991 -0.0207
vn 0.0373 0.9991 -0.0206
vn 0.0375 0.9991 -0.0210
vn -0.0061 0.7024 0.7118
vn 0.0501 0.9945 -0.0920
vn 0.0530 0.9946 -0.0888
vn 0.0507 0.9945 -0.0914
vn 0.0531 0.9946 -0.0887
vn 0.4897 0.7321 0.4735
vn 0.5781 0.8121 -0.0795
vn -0.9690 0.1766 -0.1727
vn -0.9681 0.1843 -0.1696
vn -0.9689 0.1802 -0.1698
vn -0.9802 0.1059 -0.1670
vn -0.9699 0.1736 -0.1710
vn -0.5089 0.0914 -0.8560
vn -0.9670 0.1893 -0.1705
vn -0.3136 -0.6574 -0.6852
vn -0.4001 -0.9158 -0.0354
vn -0.3609 -0.9326 -0.0017
vn -0.5766 -0.8163 -0.0335
vn -0.3408 -0.8360 -0.4300
vn -0.3365 -0.8230 -0.4577
vn -0.5267 -0.7483 -0.4033
vn -0.0238 0.0046 -0.9997
vn -0.0273 0.0053 -0.9996
vn -0.0235 0.0045 -0.9997
vn -0.0373 0.0075 -0.9993
vn 0.0048 0.0003 -1.0000
vn -0.0237 0.0045 -0.9997
vn 0.0127 -0.0723 -0.9973
vn -0.0268 -0.0113 -0.9996
vn -0.1240 0.7158 -0.6872
vn -0.1224 0.7094 -0.6941
vn -0.1230 0.7120 -0.6914
vn -0.1260 0.7310 -0.6706
vn -0.7120 -0.1979 -0.6737
vn -0.8589 -0.3057 -0.4109
vn -0.1261 0.7317 -0.6699
vn -0.1246 0.7181 -0.6846
vn -0.7348 0.5369 -0.4144
vn -0.1419 0.9899 -0.0082
vn -0.1447 0.9895 -0.0007
vn -0.1444 0.9895 -0.0007
vn -0.9638 -0.2667 -0.0047
vn -0.8032 -0.5957 -0.0039
vn -0.8082 0.5889 -0.0039
vn -0.1348 0.9909 -0.0013
vn -0.1346 0.9909 -0.0011
vn -0.9866 0.1580 -0.0400
vn -0.1347 0.9909 -0.0009
vn -0.1348 0.9909 -0.0007
vn -0.8031 -0.5955 0.0200
vn -0.3631 -0.9312 0.0320
vn -0.3613 -0.9320 0.0282
vn -0.3611 -0.9321 0.0278
vn -0.3609 -0.9322 0.0276
vn -0.5770 -0.8167 -0.0028
vn -0.8080 0.5885 0.0273
vn -0.1444 0.9895 0.0082
vn -0.1446 0.9895 0.0023
vn -0.1444 0.9895 0.0097
vn -0.5650 -0.1553 0.8104
vn -0.7371 0.5355 0.4123
vn -0.1319 0.8873 0.4418
vn -0.1284 0.7013 0.7012
vn -0.1295 0.7116 0.6905
vn 0.1567 0.9876 0.0008
vn -0.0347 0.0109 0.9993
vn -0.0382 0.0063 0.9993
vn -0.0390 0.0054 0.9992
vn -0.0047 0.0001 1.0000
vn -0.0328 0.0132 0.9994
vn -0.4578 -0.1427 0.8775
vn -0.0571 -0.0165 0.9982
vn -0.0381 0.0358 0.9986
vn -0.4294 -0.6038 0.6717
vn -0.2113 -0.4285 0.8785
vn -0.3153 -0.6455 0.6957
vn -0.3114 -0.6341 0.7078
vn -0.3993 -0.9168 -0.0002
vn 0.0199 0.0289 -0.9994
vn -0.5235 0.4166 -0.7433
vn 0.2602 -0.0509 -0.9642
vn -0.6870 0.1374 -0.7136
vn -0.5376 0.6069 -0.5853
vn -0.8211 0.1319 -0.5553
vn -0.8194 0.1904 -0.5406
vn -0.8078 0.5887 -0.0314
vn -0.9845 0.1733 0.0261
vn -0.9795 0.1983 -0.0357
vn -0.9795 0.1984 -0.0355
vn -0.9793 0.1993 -0.0349
vn -0.9798 0.1983 0.0261
vn -0.9793 0.1996 -0.0347
vn -0.7972 0.6033 0.0234
vn -0.7974 0.6030 0.0232
vn -0.7981 0.6021 0.0226
vn -0.6812 0.5137 0.5217
vn -0.7981 0.6018 -0.0304
vn -0.7978 0.6021 -0.0303
vn -0.7971 0.6032 -0.0296
vn -0.7983 0.6018 0.0224
vn -0.7969 0.6033 -0.0294
vn -0.9869 0.1581 -0.0336
vn -0.8165 0.5769 0.0227
vn -0.7021 0.4943 0.5126
vn 0.3294 0.4900 -0.8071
vn 0.6737 0.6591 -0.3343
vn 0.5894 0.6257 -0.5109
vn 0.0544 0.2665 -0.9623
vn 0.7583 0.6499 -0.0507
vn 0.7350 0.6763 -0.0499
vn 0.5220 0.7359 -0.4312
vn 0.7431 0.6646 -0.0787
vn 0.7429 0.6649 -0.0780
vn 0.7433 0.6643 -0.0794
vn 0.7427 0.6651 -0.0774
vn 0.5757 0.8143 -0.0742
vn 0.5756 0.8144 -0.0742
vn 0.5756 0.8143 -0.0742
vn 0.7445 0.6608 0.0948
vn 0.7419 0.6653 0.0840
vn 0.7415 0.6658 0.0829
vn 0.7419 0.6652 0.0844
vn 0.5747 0.8140 0.0845
vn 0.5464 0.8338 0.0785
vn 0.7148 0.6931 0.0934
vn 0.7449 0.6602 0.0962
vn 0.4193 0.8482 0.3236
vn 0.5639 0.5956 0.5720
vn 0.5910 0.6127 0.5247
vn 0.1575 0.9856 0.0617
vn 0.1581 0.9858 -0.0568
vn 0.1582 0.9858 -0.0567
vn 0.1075 0.6927 0.7132
vn -0.1439 0.8313 0.5369
vn 0.6121 0.6249 0.4845
vn 0.0344 0.2222 0.9744
vn -0.3432 0.4721 0.8120
vn -0.0055 0.1905 0.9817
vn -0.0919 0.1208 0.9884
vn -0.0094 0.6514 0.7587
vn -0.0091 0.9980 0.0627
vn -0.0081 0.9982 0.0601
vn -0.0053 0.9986 0.0528
vn -0.0043 0.9987 0.0502
vn 0.0043 0.9012 0.4333
vn 0.0108 0.6729 0.7397
vn -0.2848 0.8730 0.3958
vn -0.2849 0.8731 0.3958
vn -0.3081 0.9498 0.0553
vn -0.3080 0.9498 0.0553
vn -0.0047 0.9988 -0.0497
vn -0.0038 0.9989 -0.0474
vn -0.0075 0.9984 -0.0569
vn 0.1143 0.6927 -0.7121
vn 0.1143 0.6928 -0.7121
vn 0.1166 0.7085 -0.6960
vn 0.1142 0.6928 -0.7120
vn -0.0085 0.9982 -0.0593
vn -0.3076 0.9499 -0.0551
vn -0.3077 0.9499 -0.0551
vn 0.0010 0.6528 -0.7575
vn -0.0030 0.7215 -0.6924
vn 0.0009 0.6657 -0.7462
vn 0.3893 0.5017 -0.7725
vn 0.3651 0.4867 -0.7936
vn 0.1025 0.7099 -0.6968
vn -0.2811 0.8731 -0.3985
vn 0.1165 0.6908 -0.7136
vn 0.0048 0.7633 -0.6461
vn -0.5366 0.7753 -0.3330
vn -0.3079 0.9498 -0.0551
vn -0.5680 0.8187 -0.0842
vn -0.3080 0.9483 0.0759
vn -0.5419 0.8393 0.0449
vn -0.5840 0.8073 -0.0843
vn -0.5848 0.8074 0.0784
vn -0.5848 0.8073 0.0784
vn -0.5849 0.8073 0.0784
vn -0.5509 0.7627 -0.3387
vn -0.5620 0.8233 -0.0796
vn -0.3594 0.7951 -0.4885
vn -0.2652 0.8776 0.3995
vn -0.2848 0.8732 0.3955
vn -0.4802 0.6592 0.5787
vn -0.4801 0.6592 0.5788
vn -0.8148 0.5752 0.0729
vn -0.8143 0.5754 -0.0767
vn -0.6023 0.7973 0.0388
vn -0.6020 0.7974 -0.0424
vn -0.8155 0.5762 -0.0548
vn -0.8070 0.5882 -0.0526
vn -0.8159 0.5761 0.0498
vn -0.8074 0.5881 0.0475
vn -0.4972 0.6623 -0.5605
vn -0.3540 0.4638 0.8121
vn -0.3478 0.4692 0.8117
vn -0.3530 0.4652 0.8118
vn -0.6079 0.4271 0.6693
vn -0.3460 0.4698 0.8121
vn -0.4746 0.6591 -0.5833
vn -0.4746 0.6591 -0.5834
vn -0.4746 0.6592 -0.5833
vn -0.7495 0.5307 -0.3959
vn -0.7471 0.5263 0.4060
vn -0.4819 0.6569 0.5799
vn -0.6179 0.4342 0.6555
vn -0.6715 0.2868 0.6833
vn -0.6781 0.2865 0.6768
vn -0.6738 0.2867 0.6810
vn -0.6809 0.2864 0.6741
vn -0.9692 0.2398 0.0555
vn -0.9693 0.2398 0.0551
vn -0.9692 0.2399 0.0559
vn -0.9693 0.2399 0.0550
vn -0.6456 0.2870 0.7077
vn -0.6614 0.2871 0.6929
vn 0.0349 0.1776 0.9835
vn -0.6646 0.2617 0.6999
vn -0.6071 0.2608 0.7506
vn -0.9734 0.2261 0.0374
vn -0.9907 0.1310 0.0381
vn -0.9923 0.1147 -0.0459
vn -0.9731 0.2261 -0.0450
vn -0.9690 0.2394 -0.0615
vn -0.9689 0.2394 -0.0620
vn -0.9689 0.2394 -0.0625
vn -0.9690 0.2394 -0.0612
vn -0.6981 0.2867 -0.6561
vn -0.6545 0.2871 -0.6994
vn -0.6646 0.2868 -0.6899
vn -0.5947 0.2881 -0.7506
vn 0.0448 0.1775 -0.9831
vn -0.7045 0.1112 -0.7009
vn -0.6907 0.1086 -0.7149
vn -0.7389 0.2623 -0.6207
vn -0.7364 0.2624 -0.6236
vn -0.7330 0.2626 -0.6275
vn -0.7302 0.2627 -0.6307
vn 0.1882 0.0991 -0.9771
vn 0.2097 0.0954 -0.9731
vn 0.2738 0.0456 -0.9607
vn 0.2724 0.0463 -0.9611
vn 0.2698 0.0477 -0.9617
vn 0.2685 0.0483 -0.9621
vn 0.9175 0.1011 0.3846
vn 0.5228 0.1039 -0.8461
vn 0.8228 0.4287 -0.3731
vn 0.8399 0.1422 -0.5238
vn 0.8723 0.2657 -0.4104
vn 0.4485 -0.0711 -0.8910
vn 0.4484 -0.0703 -0.8911
vn 0.4490 -0.0662 -0.8911
vn 0.4493 -0.0657 -0.8909
vn 0.9874 -0.1581 0.0048
vn 0.9875 -0.1578 0.0048
vn 0.9874 -0.1579 0.0048
vn -0.0920 0.3382 -0.9366
vn -0.0909 0.3378 -0.9368
vn -0.0872 0.3366 -0.9376
vn -0.0860 0.3361 -0.9379
vn 0.5337 0.6331 -0.5607
vn 0.5334 0.6332 -0.5609
vn 0.5341 0.6329 -0.5605
vn 0.9564 0.2920 0.0046
vn 0.5347 0.6327 -0.5602
vn 0.8099 0.5865 0.0039
vn 0.8100 0.5864 0.0039
vn 0.8100 0.5864 0.0040
vn 0.4834 0.6807 -0.5505
vn 0.5769 0.8168 0.0028
vn 0.4889 0.6671 -0.5621
vn 0.0902 0.1312 -0.9872
vn 0.0918 0.1307 -0.9872
vn 0.0965 0.1287 -0.9870
vn 0.0981 0.1279 -0.9869
vn 0.7974 0.6022 0.0377
vn 0.6605 0.4794 -0.5779
vn 0.8074 0.5888 0.0384
vn 0.1173 0.1596 -0.9802
vn 0.0887 0.1439 -0.9856
vn 0.5287 0.7458 -0.4052
vn -0.0887 0.5812 -0.8089
vn 0.3570 0.8280 -0.4325
vn 0.3542 0.8433 -0.4041
vn 0.5361 0.7563 -0.3749
vn 0.5571 0.7802 -0.2846
vn 0.2185 0.8733 -0.4354
vn -0.2206 0.8721 -0.4367
vn -0.3484 0.8692 -0.3508
vn 0.1569 0.9876 0.0008
vn 0.1571 0.9876 0.0008
vn 0.1569 0.9876 0.0007
vn 0.1385 0.9904 -0.0029
vn 0.1211 0.9926 0.0006
vn 0.1210 0.9927 0.0006
vn 0.1362 0.9907 0.0035
vn 0.2406 0.9706 -0.0110
vn 0.1938 0.9810 0.0083
vn 0.1552 0.9879 0.0004
vn 0.1567 0.9876 -0.0055
vn 0.1583 0.9874 -0.0052
vn 0.1613 0.9869 0.0008
vn 0.1794 0.9838 0.0038
vn 0.1555 0.9878 0.0007
vn -0.3733 0.9265 0.0470
vn 0.1212 0.9926 0.0004
vn 0.5889 0.8082 0.0029
vn 0.5889 0.8082 0.0028
vn -0.6976 0.6921 0.1854
vn -0.3307 0.9426 0.0455
vn -0.3489 0.9360 0.0476
vn 0.7983 0.6022 0.0039
vn 0.7982 0.6023 0.0039
vn 0.5330 0.7343 0.4203
vn 0.5330 0.7343 0.4204
vn 0.6445 0.6835 0.3427
vn 0.5595 0.7780 0.2857
vn 0.5517 0.7811 0.2924
vn 0.5507 0.7816 0.2930
vn 0.1720 0.8815 0.4397
vn 0.4330 0.8497 0.3009
vn 0.5892 0.7427 0.3181
vn 0.5604 0.7777 0.2848
vn 0.5329 0.7343 0.4204
vn 0.6516 0.4916 0.5777
vn 0.6504 0.4933 0.5777
vn 0.6568 0.4815 0.5803
vn -0.1673 0.4560 0.8741
vn -0.1307 0.4756 0.8699
vn 0.0270 0.0399 0.9988
vn 0.0806 0.1315 0.9880
vn 0.0869 0.1286 0.9879
vn 0.0820 0.1306 0.9880
vn 0.0885 0.1282 0.9878
vn -0.7070 0.7028 -0.0787
vn -0.3392 0.9407 -0.0017
vn -0.3305 0.9438 -0.0004
vn -0.3319 0.9433 -0.0007
vn -0.3291 0.9443 -0.0004
vn 0.1156 0.0886 0.9893
vn 0.1154 0.0887 0.9894
vn 0.1153 0.0887 0.9894
vn 0.6561 0.4850 0.5782
vn -0.1461 0.2895 0.9459
vn -0.1310 0.2835 0.9500
vn 0.6564 0.4773 0.5842
vn 0.7588 0.3117 0.5718
vn 0.6715 -0.3313 -0.6628
vn 0.3037 0.1235 0.9447
vn 0.1664 0.1072 0.9802
vn 0.1608 0.1082 0.9810
vn 0.1647 0.1075 0.9805
vn 0.1927 0.0949 0.9767
vn 0.1917 0.0954 0.9768
vn 0.1880 0.0973 0.9773
vn 0.1594 0.1084 0.9812
vn -0.2436 -0.1184 -0.9626
vn -0.4172 -0.1582 -0.8949
vn 0.8156 0.4303 0.3868
vn -0.5572 -0.1526 -0.8163
vn 0.4871 0.1500 0.8604
vn -0.8445 -0.2585 -0.4691
vn 0.8646 0.2676 0.4253
vn -0.3181 0.0463 0.9469
vn 0.7487 -0.0286 0.6623
vn -0.8699 -0.2208 -0.4411
vn 0.6908 -0.1111 0.7144
vn 0.6862 -0.1076 0.7194
vn 0.6970 -0.0658 0.7140
vn 0.7249 -0.1074 0.6804
vn -0.7035 -0.0021 -0.7107
vn -0.7035 -0.0023 -0.7107
vn -0.7035 -0.0022 -0.7106
vn 0.2743 0.1930 0.9421
vn 0.6963 -0.0977 0.7110
vn 0.9904 -0.1383 0.0048
vn 0.6859 -0.1222 0.7174
vn 0.3920 0.1893 0.9003
vn 0.7890 0.1900 -0.5843
vn 0.9318 0.0326 0.3614
vn -0.1350 0.0920 0.9866
vn 0.6820 -0.4835 0.5487
vn 0.5461 -0.3953 -0.7386
vn -0.1226 0.0927 -0.9881
vn 0.8905 -0.1423 -0.4321
vn 0.6687 -0.4892 0.5599
vn 0.8082 -0.5889 0.0039
vn 0.8083 -0.5888 0.0039
vn 0.4775 -0.6636 0.5758
vn 0.4776 -0.6636 0.5758
vn 0.4777 -0.6636 0.5757
vn -0.0876 0.1141 0.9896
vn 0.8410 -0.2567 -0.4763
vn 0.3133 0.1758 -0.9333
vn 0.8827 -0.4699 0.0043
vn 0.5449 -0.2880 -0.7874
vn 0.8082 -0.5886 -0.0206
vn 0.3397 -0.4635 -0.8184
vn 0.3288 -0.9433 -0.0463
vn 0.5005 -0.5051 -0.7032
vn 0.5865 -0.8100 0.0028
vn 0.5865 -0.8099 0.0028
vn 0.5864 -0.8100 0.0028
vn 0.5866 -0.8099 0.0028
vn 0.4778 -0.6636 0.5757
vn 0.1986 -0.6392 -0.7430
vn 0.4833 -0.6636 -0.5710
vn 0.5864 -0.8100 0.0029
vn 0.1467 -0.8369 -0.5274
vn 0.2899 -0.8718 -0.3948
vn 0.2890 -0.8721 -0.3948
vn 0.2857 -0.8729 -0.3954
vn 0.2848 -0.8731 -0.3958
vn 0.3137 -0.9495 0.0015
vn -0.1080 -0.7011 -0.7048
vn -0.1085 -0.7009 -0.7050
vn -0.1082 -0.7010 -0.7049
vn -0.1081 -0.7012 -0.7047
vn -0.1571 -0.9876 -0.0008
vn -0.1575 -0.9875 -0.0008
vn -0.1572 -0.9876 -0.0008
vn 0.6297 -0.5313 0.5667
vn 0.6298 -0.5314 0.5666
vn 0.6298 -0.5313 0.5666
vn 0.1462 0.3527 0.9243
vn 0.1414 -0.8368 0.5289
vn 0.2862 -0.8718 0.3975
vn 0.2719 -0.8752 0.4000
vn 0.3201 -0.8773 0.3576
vn -0.1149 -0.7013 0.7036
vn -0.3695 -0.6989 0.6123
vn -0.1424 -0.8882 0.4368
vn -0.1441 -0.8878 0.4371
vn -0.1345 -0.8894 0.4368
vn -0.1579 -0.9875 -0.0008
vn -0.1579 -0.9874 -0.0008
vn -0.1086 -0.7005 -0.7053
vn -0.1333 -0.8896 0.4369
vn -0.5888 -0.8083 -0.0029
vn -0.5889 -0.8082 -0.0028
vn -0.3958 -0.5381 0.7442
vn -0.3312 -0.6460 -0.6878
vn -0.3844 -0.5411 -0.7480
vn -0.3884 -0.5383 -0.7479
vn -0.3828 -0.5406 -0.7491
vn -0.5769 -0.8168 -0.0028
vn -0.6293 -0.3326 0.7024
vn -0.7709 -0.3101 0.5563
vn -0.0685 0.3622 0.9296
vn -0.4827 -0.6795 0.5525
vn -0.3907 -0.5426 -0.7436
vn -0.3917 -0.5425 -0.7432
vn -0.4956 -0.6765 0.5447
vn 0.0209 0.0355 0.9992
vn -0.9512 -0.3085 -0.0046
vn -0.9513 -0.3083 -0.0046
vn -0.7983 -0.2579 0.5443
vn 0.0291 0.0110 0.9995
vn -0.0371 0.1695 0.9848
vn -0.0379 0.1689 0.9849
vn -0.0366 0.1698 0.9848
vn -0.0384 0.1686 0.9849
vn -0.8756 0.0017 0.4831
vn -0.0118 0.2430 0.9700
vn 0.0011 0.2986 0.9544
vn -0.6236 -0.3361 -0.7058
vn -0.7673 -0.3130 -0.5597
vn -0.0777 0.3505 -0.9333
vn -0.7930 -0.2578 -0.5520
vn -0.7929 -0.2579 -0.5520
vn -0.7929 -0.2579 -0.5521
vn 0.0388 0.0110 -0.9992
vn -0.0275 0.1695 -0.9851
vn -0.0270 0.1699 -0.9851
vn -0.0285 0.1689 -0.9852
vn -0.0289 0.1686 -0.9853
vn -0.7929 -0.2580 -0.5521
vn -0.0813 -0.0103 -0.9966
vn -0.0857 -0.0294 -0.9959
vn -0.9564 -0.2920 -0.0046
vn -0.9564 -0.2919 -0.0046
vn -0.7915 -0.2425 -0.5610
vn -0.8738 0.2766 -0.4000
vn -0.0018 0.3024 -0.9532
vn 0.0042 0.3239 -0.9461
vn -0.8220 0.3563 -0.4443
vn -0.9874 0.1579 -0.0048
vn -0.9875 0.1573 -0.0047
vn -0.9876 0.1570 -0.0047
vn -0.8790 0.1405 -0.4556
vn -0.8787 0.1410 -0.4560
vn -0.0485 0.0458 -0.9978
vn -0.0554 0.0096 -0.9984
vn -0.9875 0.1575 -0.0048
vn -0.8932 -0.0595 0.4458
vn -0.9876 0.1572 -0.0048
vn -0.9876 0.1569 -0.0048
vn -0.8795 0.1403 0.4548
vn -0.8798 0.1404 0.4542
vn -0.8798 0.1397 0.4543
vn -0.8798 0.1398 0.4543
vn -0.0573 0.0455 0.9973
vn -0.0657 0.0089 0.9978
vn -0.0656 0.0098 0.9978
vn -0.0660 0.0077 0.9978
vn -0.8797 0.1400 0.4544
vn -0.0658 0.0088 0.9978
vn -0.0656 0.0096 0.9978
vn -0.8794 0.1405 0.4548
vn -0.8793 0.1401 -0.4552
vn -0.6443 0.6649 0.3779
vn -0.6443 0.6648 0.3779
vn -0.6442 0.6649 0.3779
vn 0.0029 0.5168 0.8561
vn -0.0032 0.4842 0.8749
vn -0.8196 0.5081 -0.2646
vn -0.0076 0.3363 -0.9417
vn -0.0071 0.3388 -0.9408
vn -0.0084 0.3325 -0.9431
vn -0.0089 0.3301 -0.9439
vn -0.8166 0.5771 -0.0040
vn -0.8167 0.5770 -0.0040
vn -0.8168 0.5769 -0.0040
vn -0.6406 0.6649 -0.3841
vn -0.7437 0.5270 -0.4115
vn -0.7325 0.5350 -0.4211
vn -0.0353 0.0082 -0.9993
vn -0.0329 0.0274 -0.9991
vn -0.7476 0.5270 0.4042
vn -0.7364 0.5350 0.4140
vn -0.0450 0.0084 0.9990
vn -0.0425 0.0273 0.9987
vn -0.5549 0.7639 0.3295
vn -0.5548 0.7639 0.3296
vn -0.5547 0.7639 0.3297
vn -0.5546 0.7640 0.3298
vn -0.0418 0.0564 0.9975
vn -0.0431 0.0544 0.9976
vn -0.0414 0.0572 0.9975
vn -0.0436 0.0536 0.9976
vn -0.5515 0.7639 -0.3351
vn -0.0322 0.0571 -0.9978
vn -0.0317 0.0581 -0.9978
vn -0.0336 0.0549 -0.9979
vn -0.0342 0.0539 -0.9980
vn -0.2922 0.9564 -0.0014
vn -0.2383 0.7891 -0.5661
vn -0.0120 0.8837 -0.4680
vn -0.0341 0.9003 -0.4340
vn -0.0122 0.8583 -0.5130
vn -0.8036 0.5952 -0.0040
vn -0.8046 0.5937 -0.0076
vn -0.8018 0.5976 -0.0039
vn -0.8090 0.5877 -0.0106
vn -0.8097 0.5868 -0.0113
vn 0.2178 0.8739 -0.4347
vn 0.1417 0.9899 0.0007
vn 0.2396 0.9708 -0.0072
vn -0.5864 0.8094 0.0333
vn -0.5701 0.8209 0.0341
vn -0.5866 0.8099 -0.0028
vn -0.5892 0.8080 -0.0028
vn -0.5896 0.8077 -0.0029
vn -0.5478 0.8366 0.0012
vn -0.5788 0.8154 -0.0067
vn -0.5907 0.8069 -0.0029
vn -0.5703 0.8214 -0.0028
vn -0.4214 0.8707 0.2537
vn -0.4438 0.8505 0.2824
vn -0.5686 0.7996 0.1935
vn -0.0304 0.6483 0.7608
vn -0.6988 -0.7152 -0.0143
vn 0.8798 -0.4713 0.0620
vn 0.9862 -0.1609 0.0383
vn 0.9857 -0.1643 0.0371
vn 0.9855 -0.1654 0.0366
vn 0.9864 -0.1597 0.0387
vn -0.1412 -0.9900 -0.0058
vn -0.0273 0.0454 0.9986
vn -0.1860 -0.9822 0.0279
vn -0.1866 -0.9823 0.0149
vn -0.1868 -0.9823 0.0112
vn -0.1867 -0.9823 0.0128
vn -0.1865 -0.9823 0.0164
vn -0.1594 -0.9679 0.1946
vn -0.1613 -0.9868 0.0166
vn -0.1341 -0.9907 0.0226
vn 0.9992 0.0267 0.0281
vn 0.9072 0.4188 0.0392
vn 0.9117 0.4106 0.0174
vn 0.9096 0.4138 0.0371
vn 0.9123 0.4087 0.0256
vn 0.9811 -0.1932 0.0047
vn 0.9688 -0.2472 -0.0171
vn 0.9864 -0.1613 0.0320
vn 0.9951 -0.0935 0.0316
vn 0.8305 -0.5561 0.0315
vn 0.8288 -0.5591 0.0224
vn 0.8293 -0.5582 0.0249
vn 0.8306 -0.5559 0.0329
vn 0.8308 -0.5555 0.0342
vn 0.8301 -0.5570 0.0264
vn 0.6897 -0.1131 0.7152
vn 0.0442 0.0372 0.9983
vn -0.2280 0.0368 0.9730
vn 0.6733 0.4083 0.6164
vn -0.0044 0.0002 1.0000
vn 0.8545 0.2932 -0.4287
vn 0.1166 0.6931 -0.7113
vn 0.0070 0.1464 0.9892
vn -0.0422 0.0860 0.9954
vn -0.0292 0.0944 0.9951
vn -0.0157 0.1127 0.9935
vn -0.2285 0.0351 0.9729
vn -0.9361 -0.3514 -0.0129
vn -0.9364 -0.3508 -0.0121
vn -0.9365 -0.3505 -0.0116
vn -0.9361 -0.3516 -0.0134
vn -0.9361 -0.3514 -0.0130
vn -0.9364 -0.3506 -0.0117
vn -0.7551 0.6554 0.0174
vn 0.8228 -0.5618 0.0861
vn 0.8284 -0.5567 0.0617
vn 0.8378 -0.5426 0.0605
vn 0.9882 -0.1380 0.0659
vn 0.9851 -0.1576 0.0684
vn 0.9330 0.3515 0.0770
vn 0.9331 0.3511 0.0778
vn 0.9337 0.3502 0.0747
vn 0.9353 0.3473 0.0686
vn 0.9346 0.3492 0.0684
vn 0.9269 0.3711 0.0569
vn 0.9387 0.3378 0.0685
vn 0.9397 0.3351 0.0684
vn 0.8347 -0.1339 0.5343
vn 0.8347 -0.1338 0.5342
vn 0.7671 -0.3821 0.5154
vn 0.7701 -0.3811 0.5115
vn 0.7649 -0.3862 0.5156
vn 0.7717 -0.3857 0.5057
vn 0.7717 -0.3864 0.5051
vn 0.7433 0.5244 0.4154
vn 0.7409 0.4696 0.4802
vn 0.4248 -0.0686 0.9027
vn 0.2030 0.5369 0.8189
vn 0.4257 -0.0071 0.9049
vn 0.4457 -0.0340 0.8945
vn 0.4651 -0.0382 0.8844
vn 0.4532 0.4883 0.7458
vn 0.4536 0.4887 0.7453
vn 0.4525 0.4885 0.7461
vn 0.8274 0.2689 0.4931
vn 0.4640 0.1517 0.8728
vn 0.7727 0.4574 0.4401
vn 0.4445 0.4885 0.7509
vn 0.2540 0.3222 0.9120
vn 0.0722 0.2654 0.9614
vn 0.0722 0.2649 0.9616
vn 0.0703 0.2645 0.9618
vn 0.0685 0.2637 0.9622
vn 0.6132 0.6829 0.3971
vn 0.3729 0.4698 0.8002
vn -0.0174 0.2443 0.9695
vn 0.0045 0.2124 0.9772
vn 0.0045 0.2125 0.9772
vn 0.0046 0.2125 0.9772
vn -0.6405 -0.0974 0.7618
vn -0.3853 0.2202 0.8961
vn -0.3845 0.2237 0.8956
vn -0.3846 0.2232 0.8957
vn -0.3843 0.2244 0.8955
vn 0.0278 0.7185 0.6950
vn -0.6313 -0.0859 0.7707
vn -0.6291 -0.0674 0.7744
vn -0.7833 -0.4277 0.4511
vn -0.7849 -0.4261 0.4499
vn -0.7826 -0.4281 0.4518
vn -0.5582 0.2969 0.7748
vn -0.7121 0.1134 0.6928
vn -0.4188 0.2219 0.8806
vn -0.2235 0.7204 0.6565
vn -0.8656 0.1403 0.4807
vn -0.8660 0.1381 0.4807
vn -0.8658 0.1390 0.4807
vn -0.8241 0.3810 0.4193
vn -0.8227 0.3784 0.4242
vn -0.8231 0.3791 0.4228
vn -0.7850 -0.4288 0.4470
vn -0.8159 -0.3374 0.4696
vn -0.8655 0.1412 0.4807
vn -0.8244 0.3816 0.4180
vn -0.2631 0.8550 0.4470
vn -0.5005 0.6878 0.5258
vn -0.8068 -0.5908 -0.0039
vn -0.4501 0.0795 0.8895
vn -0.9706 0.1851 0.1539
vn -0.9585 0.2358 0.1602
vn -0.9714 0.1735 0.1623
vn -0.9595 0.2337 0.1576
vn -0.9880 -0.0023 0.1546
vn -0.8889 0.4294 0.1596
vn -0.8911 0.4264 0.1551
vn -0.8919 0.4253 0.1535
vn -0.8882 0.4304 0.1610
vn -0.9088 0.4093 0.0813
vn -0.9089 0.4089 0.0818
vn -0.9088 0.4092 0.0817
vn -0.9105 0.4057 0.0801
vn -0.9200 0.3909 0.0296
vn -0.9100 0.4060 0.0840
vn -0.8805 0.3987 0.2566
vn -0.5949 0.8016 0.0590
vn -0.2188 0.7069 0.6727
vn -0.2915 0.9533 0.0789
vn -0.2707 0.9599 0.0734
vn 0.0371 0.9991 0.0217
vn 0.0369 0.9991 0.0207
vn 0.0370 0.9991 0.0209
vn 0.0369 0.9991 0.0210
vn 0.0375 0.9990 0.0224
vn -0.5865 0.8100 -0.0027
vn 0.0502 0.9954 0.0821
vn 0.0500 0.9953 0.0824
vn 0.0506 0.9954 0.0818
vn 0.0499 0.9953 0.0824
vn 0.0124 0.9965 0.0826
vn 0.5495 0.8319 0.0778
vn 0.5824 0.8092 0.0770
vn 0.0442 0.8793 0.4742
vn 0.0348 0.9048 0.4244
vn 0.0240 0.6780 0.7346
vn 0.1101 0.7087 0.6969
vn 0.1391 0.8826 0.4490
vn 0.1392 0.8827 0.4489
vn 0.6183 0.6169 0.4869
vn 0.7466 0.6633 0.0516
vn 0.6792 0.7319 0.0547
vn 0.7082 0.7042 0.0504
vn 0.7175 0.6947 0.0508
vn 0.8776 0.4746 0.0681
vn 0.9544 0.2879 0.0796
vn 0.0031 -1.0000 -0.0001
vn 0.0031 -1.0000 -0.0005
vn 0.0033 -1.0000 -0.0000
vn 0.0037 -1.0000 0.0003
vn 0.0030 -1.0000 -0.0000
vn 0.0022 -1.0000 -0.0032
vn 0.0034 -1.0000 0.0009
vn 0.0042 -1.0000 0.0006
vn 0.0031 -1.0000 -0.0002
vn 0.0034 -1.0000 -0.0000
vn 0.0032 -1.0000 0.0001
vn 0.0037 -1.0000 -0.0000
vn 0.0014 -0.9997 -0.0227
vn 0.0031 -1.0000 0.0006
vn 0.0036 -1.0000 0.0001
vn 0.0023 -1.0000 -0.0002
vn 0.0032 -1.0000 0.0002
vn 0.0035 -1.0000 -0.0000
vn 0.0030 -1.0000 -0.0007
vn 0.0041 -0.9978 -0.0661
vn 0.0041 -0.9977 -0.0674
vn 0.0020 0.9035 -0.4286
vn 0.0020 0.9035 -0.4285
vn 0.0025 -1.0000 0.0003
vn 0.0035 -1.0000 0.0001
vn 0.0031 -1.0000 0.0007
vn -0.0101 0.7190 0.6949
vn -0.0043 0.9944 0.1056
vn -0.2276 0.9166 0.3287
vn 0.0023 0.8814 -0.4724
vn -0.0043 0.9944 0.1051
vn 0.2265 0.6996 -0.6777
vn 0.0035 -1.0000 0.0004
vn 0.0030 -1.0000 0.0007
vn -0.0043 0.9945 0.1051
vn -0.0045 0.9945 0.1050
vn 0.0041 -0.9976 -0.0687
vn 0.0032 -1.0000 -0.0057
vn 0.0023 0.8908 -0.4544
vn -0.0042 0.9950 0.0993
vn 0.9741 -0.2255 -0.0176
vn -0.0074 0.9923 0.1234
vn -0.0041 0.9949 0.1004
vn -0.0041 0.9945 0.1043
vn -0.0041 0.9945 0.1044
vn -0.0016 -0.9492 0.3146
vn -0.0015 -0.9494 0.3141
vn 0.0083 -0.2503 -0.9681
vn -0.9351 -0.3513 -0.0463
vn -0.0042 0.9944 0.1060
vn -0.0042 0.9944 0.1056
vn 0.0042 -0.9976 -0.0689
vn 0.0042 -0.9977 -0.0682
vn 0.0047 -0.9937 -0.1119
vn -0.0014 -0.9495 0.3137
vn 0.0041 -0.9976 -0.0692
vn 0.0165 -0.9323 0.3612
vn 0.0032 -1.0000 -0.0037
vn -0.0105 -0.5254 0.8508
vn 0.0118 -0.8048 -0.5934
vn -0.0085 -0.8468 -0.5318
vn 0.0043 -0.9977 -0.0681
vn 0.0012 -0.9915 0.1304
vn 0.0012 -0.9915 0.1303
vn -0.0145 0.3529 0.9355
vn 0.0031 -1.0000 -0.0007
vn 0.0031 -1.0000 0.0036
vn 0.0031 -1.0000 0.0032
vn -0.0105 -0.5157 0.8567
vn 0.0041 -0.9976 -0.0686
vn 0.0033 -1.0000 -0.0001
vn 0.0032 -1.0000 -0.0003
vn 0.0033 -1.0000 0.0002
vn 0.0031 -1.0000 0.0055
vn 0.0039 -1.0000 -0.0000
vn 0.0035 -1.0000 -0.0001
vn 0.0038 -1.0000 0.0004
vn 0.0037 -1.0000 -0.0003
vn 0.0029 -1.0000 -0.0000
vn 0.0021 -1.0000 -0.0000
vn 0.0032 -1.0000 -0.0002
vn 0.0033 -1.0000 0.0001
vn 0.0038 -1.0000 -0.0002
vn 0.0037 -1.0000 -0.0001
vn 0.0023 -1.0000 0.0002
vn 0.0028 -1.0000 0.0001
vn 0.0027 -1.0000 -0.0000
vn 0.0025 -0.9999 0.0145
vn 0.0031 -1.0000 -0.0009
vn -0.6438 0.1060 -0.7578
vn -0.0036 -0.9994 0.0357
vn 0.0038 -1.0000 0.0008
vn 0.0034 -1.0000 0.0004
vn 0.0031 -1.0000 -0.0010
vn 0.0031 -1.0000 -0.0006
vn 0.0031 -1.0000 0.0009
vn 0.0031 -1.0000 0.0014
vn 0.0033 -1.0000 0.0013
vn -0.0030 1.0000 -0.0002
vn 0.0029 -1.0000 0.0001
vn 0.0029 -1.0000 0.0021
vn 0.0029 -1.0000 0.0019
vn 0.0027 -1.0000 0.0033
vn 0.0032 -1.0000 -0.0005
vn 0.0032 -1.0000 -0.0009
vn 0.0033 -1.0000 -0.0013
vn 0.0135 -0.9948 -0.1009
vn 0.0030 -1.0000 -0.0001
vn 0.0029 -1.0000 0.0011
vn 0.0036 -1.0000 -0.0000
vn 0.0028 -1.0000 -0.0000
vn -0.8944 -0.2788 -0.3497
vn 0.0030 -1.0000 -0.0002
vn 0.0031 -1.0000 0.0005
vn 0.0029 -1.0000 -0.0003
vn 0.0031 -1.0000 -0.0003
vn 0.0036 -0.9991 0.0429
vn 0.0016 -0.9968 -0.0800
vn -0.5128 0.5129 -0.6884
vn 0.0035 -1.0000 0.0020
vn 0.0020 -1.0000 0.0008
vn 0.0034 -1.0000 0.0002
vn 0.0023 -0.9998 -0.0219
vn -0.7036 -0.0019 -0.7106
vn -0.0062 -0.9799 0.1992
vn 0.0024 -1.0000 0.0003
vn 0.0032 -1.0000 0.0025
vn 0.0032 -1.0000 0.0017
vn 0.0031 -1.0000 0.0018
vn 0.0031 -1.0000 0.0019
vn 0.0035 -1.0000 0.0002
vn 0.0038 -1.0000 -0.0000
vn 0.0029 -1.0000 0.0004
vn 0.0033 -1.0000 0.0005
vn -0.9869 0.1612 -0.0048
vn 0.0029 -1.0000 -0.0001
vn 0.0023 -1.0000 0.0004
vn 0.0037 -1.0000 0.0001
vn 0.0308 -0.9995 0.0021
vn -0.0152 -0.9999 -0.0030
vn 0.0800 -0.9968 -0.0000
vn -0.7036 -0.0023 -0.7106
vn 0.0027 -1.0000 -0.0001
vn -0.4119 -0.1379 -0.9007
vn 0.0034 -1.0000 -0.0001
vn 0.0083 -0.9999 -0.0137
vn 0.0026 -1.0000 0.0006
vn 0.0034 -1.0000 -0.0003
vn 0.0031 -1.0000 0.0004
vn 0.0032 -1.0000 -0.0004
vn 0.0033 -1.0000 0.0004
vn 0.0036 -1.0000 -0.0001
vn 0.0026 -1.0000 -0.0000
vn 0.0032 -1.0000 0.0005
vn 0.0033 -1.0000 0.0007
vn 0.0032 -1.0000 -0.0007
vn -0.2411 0.2350 0.9416
vn 0.0032 -1.0000 0.0004
vn 0.0029 -1.0000 -0.0008
vn 0.0035 -1.0000 0.0009
vn 0.0034 -1.0000 0.0014
vn 0.0034 -1.0000 0.0001
vn 0.0030 -1.0000 0.0001
vn 0.0032 -1.0000 0.0003
vn 0.0036 -1.0000 -0.0002
vn 0.0032 -1.0000 0.0007
vn 0.0033 -1.0000 -0.0002
vn 0.0033 -1.0000 -0.0010
vn 0.0033 -1.0000 -0.0005
vn 0.7551 -0.0949 -0.6487
vn 0.7547 -0.0957 -0.6490
vn 0.7554 -0.0993 -0.6477
vn 0.7524 -0.0913 -0.6524
vn 0.1879 0.0974 0.9773
vn 0.0037 -0.9995 0.0311
vn 0.0037 -0.9995 0.0312
vn -0.0172 -0.9996 -0.0226
vn 0.0033 -1.0000 -0.0003
vn 0.0026 -1.0000 0.0001
vn 0.0030 -0.9999 -0.0116
vn 0.0038 -1.0000 -0.0001
vn 0.0514 -0.0000 -0.9987
vn -0.0052 -0.0000 1.0000
vn 0.1256 -0.2354 -0.9638
vn -1.0000 -0.0028 -0.0049
vn -1.0000 -0.0028 -0.0058
vn -0.0745 -0.4461 0.8919
vn 0.0668 0.4464 -0.8923
vn 0.0083 -0.8944 0.4473
vn -0.0576 -0.9982 0.0170
vn -0.0001 -1.0000 0.0010
vn 0.0030 -1.0000 0.0003
vn 0.0017 -1.0000 -0.0049
vn 0.0035 -1.0000 0.0023
vn 0.0846 -0.0000 -0.9964
vn 1.0000 0.0031 0.0049
vn 0.9699 -0.1227 -0.2103
vn -0.9819 0.1286 -0.1387
vn 0.0452 -0.0497 0.9977
vn 0.0159 -0.9999 0.0009
vn 0.3065 -0.3004 -0.9032
vn 0.0925 -0.0143 -0.9956
vn -0.0815 -0.0003 0.9967
vn -0.8749 0.0314 -0.4832
vn -0.8739 0.0418 -0.4844
vn -0.8739 0.0425 -0.4843
vn -0.8751 0.0306 -0.4830
vn -0.8017 0.2637 -0.5364
vn -0.8736 0.0425 -0.4848
vn -0.8737 0.0422 -0.4847
vn -0.8730 0.0447 -0.4856
vn -0.8756 0.0354 -0.4817
vn -0.8740 -0.0438 -0.4839
vn 0.7752 0.5170 0.3630
vn 0.9985 0.0190 -0.0515
vn 0.9985 0.0167 -0.0521
vn 0.9998 0.0191 0.0049
vn 0.9998 0.0191 0.0039
vn 0.9998 0.0191 0.0035
vn 0.9998 0.0192 0.0040
vn 0.9998 0.0190 0.0036
vn 0.9998 0.0190 0.0048
vn 0.9999 0.0154 0.0048
vn 0.2914 -0.0084 -0.9566
vn 0.2913 -0.0021 -0.9566
vn 0.9998 0.0171 0.0054
vn 0.9998 0.0178 0.0042
vn 0.9998 0.0191 0.0048
vn 0.9998 0.0191 0.0038
vn 0.9998 0.0191 0.0052
vn 0.9998 0.0191 0.0045
vn 0.9998 0.0190 0.0046
vn 0.9998 0.0191 0.0050
vn 0.9998 0.0191 0.0047
vn 0.9998 0.0191 0.0051
vn 0.9998 0.0190 0.0047
vn 0.9998 0.0190 0.0050
vn 0.9998 0.0191 0.0046
vn 0.9998 0.0191 0.0044
vn 0.9998 0.0191 0.0054
vn 0.9998 0.0190 0.0044
vn 0.9998 0.0191 0.0062
vn 0.9998 0.0190 0.0064
vn 0.9998 0.0191 0.0076
vn 0.9954 0.0194 0.0936
vn 0.9954 0.0194 0.0938
vn 0.9954 0.0194 0.0937
vn 0.7368 -0.5310 -0.4185
vn 0.8147 -0.5796 -0.0193
vn 0.8146 -0.5797 -0.0193
vn 0.8146 -0.5796 -0.0193
vn 0.8915 0.0255 -0.4522
vn -0.0237 -0.7136 -0.7002
vn 0.6977 0.0034 -0.7164
vn 0.9997 0.0047 -0.0236
vn -0.0100 -1.0000 0.0002
vn -0.0289 -0.6880 -0.7251
vn -0.0235 -0.0000 -0.9997
vn -0.0236 -0.0000 -0.9997
vn -0.0236 0.0001 -0.9997
vn -0.0237 -0.0001 -0.9997
vn -0.0237 -0.0000 -0.9997
vn -0.0236 -0.0001 -0.9997
vn -0.0236 -0.0002 -0.9997
vn -0.0237 0.0002 -0.9997
vn -0.7664 -0.5589 -0.3166
vn -0.8329 -0.0509 -0.5510
vn -0.9048 -0.0648 -0.4208
vn -0.8049 -0.5932 0.0190
vn -0.8048 -0.5933 0.0190
vn -0.5878 -0.3940 -0.7065
vn -0.9967 -0.0783 0.0235
vn -0.9967 -0.0783 0.0236
vn -0.9966 -0.0789 0.0250
vn -0.9972 -0.0732 0.0138
vn -0.9973 -0.0723 0.0120
vn -0.5799 -0.8141 -0.0303
vn -0.5798 -0.8142 -0.0304
vn -0.3647 -0.4862 -0.7941
vn -0.7504 -0.5590 0.3526
vn 0.0103 -0.6873 0.7263
vn -0.8837 -0.0703 0.4627
vn 0.0044 -0.7130 0.7011
vn 0.7558 -0.5310 0.3833
vn 0.0236 -0.0000 0.9997
vn 0.0237 -0.0000 0.9997
vn 0.0236 -0.0001 0.9997
vn 0.0236 0.0002 0.9997
vn 0.0237 0.0001 0.9997
vn 0.0235 -0.0001 0.9997
vn 0.0237 0.0003 0.9997
vn 0.0236 0.0001 0.9997
vn 0.0236 -0.0002 0.9997
vn 0.0237 -0.0002 0.9997
vn -0.7627 -0.0483 0.6449
vn 0.9118 0.0216 0.4100
vn -0.4645 -0.3338 0.8203
vn -0.5794 -0.8149 0.0137
vn -0.8052 -0.5903 0.0560
vn -0.4461 -0.3407 0.8276
vn 0.0033 -0.9988 -0.0484
vn -0.0118 -0.7676 -0.6408
vn -0.0477 -0.9975 0.0524
vn -0.0489 -0.9988 0.0012
vn 0.0044 -1.0000 -0.0001
vn 0.0185 -0.7677 0.6406
vn 0.5837 -0.8118 -0.0138
vn -0.0333 -0.6657 -0.7454
vn 0.4699 -0.3491 -0.8107
vn 0.4704 -0.3481 -0.8109
vn 0.4700 -0.3496 -0.8105
vn 0.4711 -0.3484 -0.8104
vn 0.3860 -0.5606 -0.7326
vn 0.8128 -0.5789 -0.0649
vn 0.8148 -0.5795 -0.0193
vn 0.9545 0.0317 -0.2966
vn 0.6697 -0.0049 -0.7426
vn 0.9994 0.0330 -0.0139
vn 0.9973 0.0011 -0.0739
vn 0.5444 -0.7681 -0.3372
vn 0.5824 -0.8114 -0.0500
vn 0.5825 -0.8113 -0.0500
vn 0.9997 0.0011 -0.0236
vn 0.5836 -0.8119 -0.0138
vn 0.0381 -0.9020 -0.4301
vn 0.0522 -0.9973 -0.0511
vn -0.0288 -0.7131 -0.7005
vn 0.7885 0.0008 0.6150
vn 0.5088 -0.3484 0.7872
vn -0.6712 -0.0143 -0.7411
vn 0.4191 -0.5631 0.7122
vn 0.0311 -0.8348 0.5497
vn 0.7303 -0.0051 0.6831
vn 0.4914 -0.6645 0.5630
vn 0.0044 -0.7132 0.7009
vn -0.6355 -0.0143 0.7720
vn -0.3295 -0.4901 0.8070
vn -0.3295 -0.4900 0.8070
vn -0.4272 -0.6039 0.6729
vn -0.6658 -0.0183 0.7459
vn -0.0171 -0.9999 0.0004
vn -0.5912 -0.8064 0.0140
vn -0.9995 -0.0285 0.0169
vn -0.9994 -0.0269 0.0236
vn -0.9994 -0.0268 0.0236
vn -0.8117 -0.5838 0.0192
vn -0.5917 -0.8056 -0.0298
vn -0.6778 -0.4777 -0.5589
vn -0.7321 -0.0228 -0.6808
vn -0.9993 -0.0311 0.0221
vn -0.9992 -0.0319 0.0236
vn -0.5793 -0.8150 0.0137
vn -0.8066 -0.5908 0.0191
vn -0.5799 -0.8141 -0.0304
vn 0.0044 -0.9988 -0.0494
vn 0.0043 -0.9988 -0.0493
vn -0.4871 -0.3426 -0.8033
vn -0.4871 -0.3427 -0.8033
vn -0.0115 -0.7750 -0.6318
vn 0.0066 -1.0000 -0.0002
vn 0.0054 -0.9987 -0.0504
vn -0.0213 -0.7518 0.6590
vn -0.0476 -0.9974 0.0545
vn 0.8139 -0.5795 -0.0419
vn 0.0036 -0.8353 -0.5497
vn 0.3848 -0.5628 -0.7315
vn 0.4709 -0.3485 -0.8104
vn 0.7586 0.0008 -0.6516
vn 0.5811 -0.8137 -0.0137
vn 0.5816 -0.8131 0.0245
vn 0.9999 0.0011 -0.0155
vn 0.9999 0.0004 -0.0169
vn 0.9998 -0.0017 -0.0209
vn 0.9997 -0.0031 -0.0236
vn 0.6971 -0.0051 -0.7169
vn 0.5826 -0.8113 -0.0483
vn 0.4642 -0.6644 -0.5857
vn 0.8147 -0.5795 -0.0193
vn 0.5089 -0.3485 0.7872
vn 0.7867 -0.0024 0.6173
vn 0.4189 -0.5630 0.7124
vn -0.0076 -0.8503 0.5263
vn 0.3053 -0.9522 -0.0072
vn 0.3054 -0.9522 -0.0072
vn -0.0061 -1.0000 0.0002
vn -0.0209 -0.7138 -0.7000
vn 0.0489 -0.8943 -0.4449
vn 0.7300 -0.0078 0.6834
vn 0.2880 -0.8678 0.4049
vn 0.0051 -0.8943 0.4474
vn 0.0665 -0.9978 -0.0016
vn 0.0653 -0.9966 -0.0493
vn 0.0642 -0.7169 0.6943
vn -0.6905 -0.0026 0.7233
vn -0.6904 -0.0060 0.7234
vn -0.6901 0.0001 0.7237
vn -0.6902 -0.0000 0.7236
vn -0.6903 -0.0000 0.7236
vn -0.9998 -0.0098 0.0175
vn -0.9998 -0.0093 0.0203
vn -0.9997 -0.0093 0.0236
vn -0.7054 -0.0073 0.7088
vn -0.6559 -0.4816 0.5813
vn -0.9997 -0.0089 0.0229
vn -0.9997 -0.0086 0.0220
vn -0.9997 -0.0089 0.0228
vn -0.9997 -0.0083 0.0211
vn -0.9997 -0.0085 0.0209
vn -0.9958 -0.0171 0.0900
vn -0.9999 -0.0089 0.0129
vn -0.9999 -0.0085 0.0068
vn -0.9999 -0.0090 0.0146
vn -0.9999 -0.0084 0.0060
vn -0.9999 -0.0085 0.0075
vn -0.9981 -0.0100 0.0612
vn -0.9962 -0.0106 0.0860
vn -0.9997 -0.0000 0.0232
vn -0.9997 -0.0093 0.0240
vn -0.9998 -0.0049 0.0194
vn -0.9996 -0.0086 0.0255
vn -0.9997 -0.0091 0.0236
vn -0.9997 -0.0094 0.0236
vn -0.9997 -0.0089 0.0245
vn -0.9997 -0.0109 0.0238
vn -0.9997 -0.0104 0.0203
vn -0.9997 -0.0088 0.0247
vn -0.9996 -0.0085 0.0264
vn -0.9996 -0.0085 0.0263
vn -0.9990 -0.0170 -0.0424
vn -0.9991 -0.0085 0.0404
vn -0.9994 -0.0089 0.0343
vn -0.9994 -0.0090 0.0324
vn -0.9991 -0.0084 0.0414
vn -0.9992 -0.0085 0.0399
vn -0.9995 -0.0104 -0.0308
vn -0.9277 -0.0000 0.3734
vn -0.9997 -0.0000 0.0235
vn -0.8116 -0.5839 0.0192
vn -0.5510 -0.7384 -0.3888
vn -0.7381 -0.0067 -0.6747
vn -0.7361 -0.0065 -0.6768
vn -0.7330 -0.0062 -0.6802
vn -0.7311 -0.0061 -0.6823
vn -0.7287 -0.0034 -0.6848
vn -0.7305 0.0041 -0.6829
vn -0.7244 0.0015 -0.6894
vn -0.7318 -0.0023 -0.6815
vn -0.7237 -0.0000 -0.6901
vn -0.9997 -0.0000 0.0238
vn -0.8443 -0.0396 -0.5344
vn 0.7002 0.0411 -0.7128
vn 0.7001 0.0411 -0.7129
vn 0.7000 0.0411 -0.7129
vn 0.6895 0.0392 -0.7232
vn 0.9984 0.0555 -0.0110
vn 0.9977 0.0634 -0.0236
vn 0.9998 0.0198 0.0102
vn 0.9980 0.0636 0.0053
vn 0.9980 0.0634 0.0054
vn 0.9980 0.0635 0.0053
vn 0.8807 0.0173 0.4734
vn 0.9986 0.0351 -0.0392
vn 0.7234 0.0248 0.6900
vn 0.8729 0.0548 0.4848
vn 0.8708 0.0534 0.4887
vn 0.8723 0.0544 0.4860
vn 0.8701 0.0529 0.4901
vn -0.0142 -0.4566 -0.8896
vn -0.0180 -0.3159 -0.9486
vn -0.0237 0.0001 -0.9997
vn -0.0144 -0.4192 -0.9078
vn -0.0138 -0.4325 -0.9015
vn -0.0047 -0.7067 -0.7075
vn -0.0047 -0.7066 -0.7076
vn -0.0048 -0.7048 -0.7094
vn -0.0047 -0.7069 -0.7073
vn -0.0047 -0.7063 -0.7079
vn -0.0049 -0.7039 -0.7103
vn 0.0107 -0.9701 -0.2427
vn 0.0092 -0.9494 -0.3138
vn 0.0088 -0.9528 -0.3034
vn 0.0088 -0.9534 -0.3015
vn 0.0088 -0.9493 -0.3143
vn 0.0086 -0.9486 -0.3165
vn 0.0150 -0.9970 -0.0757
vn 0.0142 -0.9969 -0.0779
vn 0.0147 -0.9968 -0.0783
vn 0.0152 -0.9971 -0.0742
vn 0.0121 -0.9962 -0.0866
vn 0.0113 -0.9938 -0.1108
vn 0.0113 -0.9938 -0.1106
vn 0.0113 -0.9938 -0.1111
vn 0.0114 -0.9959 -0.0898
vn 0.0117 -0.9960 -0.0883
vn 0.0166 -0.9930 0.1168
vn 0.0149 -0.9949 0.0995
vn 0.0154 -0.9954 0.0942
vn 0.0148 -0.9948 0.1010
vn 0.0157 -0.9955 0.0939
vn 0.0185 -0.9965 0.0812
vn 0.0186 -0.9964 0.0821
vn 0.0188 -0.9963 0.0839
vn 0.0189 -0.9962 0.0852
vn 0.0258 -0.9428 0.3324
vn 0.0234 -0.9512 0.3077
vn 0.0236 -0.9484 0.3161
vn 0.0233 -0.9534 0.3007
vn 0.0288 -0.7122 0.7014
vn 0.0282 -0.7162 0.6973
vn 0.0307 -0.7147 0.6987
vn 0.0286 -0.7143 0.6993
vn 0.0287 -0.7097 0.7040
vn 0.0287 -0.7071 0.7066
vn 0.0286 -0.4195 0.9073
vn 0.0285 -0.4182 0.9079
vn 0.0285 -0.4187 0.9077
vn 0.0285 -0.4176 0.9082
vn 0.0270 -0.4566 0.8893
vn 0.0274 -0.5548 0.8316
vn 0.0235 -0.0002 0.9997
vn 0.0238 -0.0000 0.9997
vn 0.0239 -0.0001 0.9997
vn 0.0234 -0.0001 0.9997
vn 0.0235 -0.0000 0.9997
vn 0.4409 -0.8229 -0.3584
vn -0.1584 -0.9874 0.0029
vn -0.1629 -0.9866 -0.0013
vn -0.1632 -0.9866 -0.0033
vn -0.1647 -0.9863 -0.0028
vn -0.1483 -0.9889 0.0097
vn 0.6331 -0.7010 -0.3283
vn 0.7319 -0.6781 -0.0668
vn 0.7324 -0.6775 -0.0680
vn 0.7317 -0.6784 -0.0661
vn 0.7298 -0.6810 -0.0608
vn 0.7223 -0.6900 -0.0467
vn 0.0497 -0.7795 -0.6245
vn 0.0438 -0.8386 -0.5430
vn 0.0393 -0.8386 -0.5434
vn 0.0437 -0.8386 -0.5430
vn 0.0111 -0.9999 0.0008
vn 0.0109 -0.9999 -0.0003
vn 0.0115 -0.9999 0.0088
vn 0.0116 -0.9999 0.0109
vn 0.0083 -0.9992 -0.0387
vn 0.0139 -0.9999 0.0087
vn 0.0099 -0.9995 -0.0288
vn 0.0095 -0.9996 -0.0276
vn 0.0117 -0.9994 -0.0324
vn -0.0053 -0.9998 -0.0193
vn -0.0148 -0.7805 -0.6250
vn 0.0112 -0.9999 -0.0000
vn 0.0108 -0.9995 -0.0288
vn 0.0097 -0.9996 -0.0267
vn 0.0131 -0.9994 -0.0334
vn 0.0047 -0.9797 0.2005
vn 0.0087 -1.0000 -0.0002
vn 0.0091 -0.9998 -0.0171
vn 0.0102 -0.9994 -0.0316
vn 0.0105 -0.9993 -0.0345
vn 0.0096 -0.9996 -0.0269
vn 0.0124 -0.9987 0.0490
vn 0.0094 -0.9997 -0.0247
vn 0.0528 -0.7111 -0.7012
vn 0.0531 -0.7120 -0.7002
vn 0.0560 -0.7112 -0.7007
vn 0.0483 -0.8386 -0.5426
vn 0.0593 -0.7114 -0.7003
vn 0.0551 -0.8059 -0.5895
vn 0.0156 -0.9997 -0.0161
vn 0.0257 -0.9996 -0.0152
vn 0.0257 -0.9996 -0.0150
vn 0.0256 -0.9996 -0.0154
vn 0.0140 -0.9993 -0.0354
vn 0.0125 -0.9994 -0.0337
vn 0.0098 -0.8050 -0.5931
vn 0.0604 -0.0142 -0.9981
vn 0.0604 -0.0136 -0.9981
vn 0.0604 -0.0141 -0.9981
vn -0.0066 -0.0025 -1.0000
vn 0.0199 -0.7141 -0.6998
vn 0.0136 -0.9997 -0.0178
vn 0.0142 -0.9998 -0.0147
vn 0.0154 -0.9997 -0.0171
vn 0.0179 -0.9997 -0.0136
vn 0.0162 -0.9997 -0.0188
vn 0.0163 -0.9997 -0.0170
vn 0.0171 -0.9998 -0.0140
vn 0.0213 -0.9980 -0.0602
vn 0.0127 -0.9998 -0.0172
vn 0.0136 -0.9998 -0.0169
vn 0.0028 -0.9928 0.1195
vn 0.0096 -0.4326 0.9016
vn 0.0151 -0.9998 -0.0150
vn 0.0176 -0.9997 -0.0140
vn 0.0165 -0.9997 -0.0190
vn 0.0175 -0.9997 -0.0154
vn 0.0178 -0.9997 -0.0169
vn 0.0320 -0.9807 -0.1927
vn 0.0340 -0.9802 -0.1951
vn 0.0321 -0.9805 -0.1937
vn -0.0031 -0.7128 -0.7013
vn 0.0135 -0.8135 -0.5813
vn 0.0348 -0.9801 -0.1953
vn 0.0324 -0.9995 -0.0003
vn 0.0324 -0.9995 -0.0008
vn -0.5461 -0.7388 -0.3949
vn -0.6841 -0.7292 0.0161
vn 0.0311 -0.9990 -0.0323
vn 0.0271 -0.9993 -0.0247
vn 0.0300 -0.9991 -0.0301
vn 0.0271 -0.9992 -0.0305
vn -0.0167 -0.7097 -0.7043
vn 0.0389 -0.9673 0.2507
vn 0.0377 -0.9480 -0.3159
vn 0.0276 -0.9993 0.0259
vn 0.0328 -0.9989 -0.0335
vn 0.0274 -0.9991 -0.0318
vn 0.0246 -0.9992 -0.0303
vn 0.0246 -0.9962 -0.0839
vn 0.0303 -0.9991 -0.0310
vn 0.0227 -0.9963 0.0825
vn 0.0241 -0.9995 -0.0210
vn 0.0236 -0.9995 -0.0206
vn -0.5814 -0.8134 -0.0191
vn -0.6643 -0.7471 -0.0243
vn -0.6645 -0.7469 -0.0244
vn -0.6646 -0.7468 -0.0245
vn -0.6653 -0.7462 -0.0251
vn -0.6672 -0.7444 -0.0261
vn 0.0255 -0.9994 0.0228
vn 0.0264 -0.9994 0.0231
vn 0.0266 -0.9994 0.0231
vn 0.0365 -0.9990 0.0257
vn 0.0192 -0.9998 0.0099
vn -0.6384 -0.7678 0.0543
vn 0.0397 -0.9987 0.0309
vn 0.0436 -0.9986 0.0307
vn 0.0439 -0.9986 0.0306
vn 0.0214 -0.9994 0.0287
vn 0.0039 -0.9997 0.0234
vn 0.0426 -0.9984 0.0385
vn 0.0267 -0.9992 0.0306
vn 0.0252 -0.9997 -0.0006
vn 0.0708 -0.9942 0.0811
vn 0.0259 -0.9992 0.0298
vn -0.0167 -0.7071 -0.7069
vn 0.0586 -0.3265 0.9434
vn 0.0323 -0.9990 0.0317
vn -0.5776 -0.8149 0.0480
vn -0.5783 -0.8144 0.0472
vn -0.5725 -0.8183 0.0519
vn -0.5718 -0.8187 0.0525
vn -0.5720 -0.8186 0.0523
vn -0.7140 -0.6994 0.0316
vn -0.5825 -0.8114 0.0485
vn -0.5853 -0.8107 0.0137
vn 0.7071 0.7069 -0.0167
vn -0.7074 -0.7066 0.0163
vn -0.7074 -0.7066 0.0162
vn -0.9114 -0.4038 -0.0795
vn 0.7388 -0.4849 0.4679
vn 0.7389 -0.4849 0.4679
vn -0.9166 -0.3997 -0.0114
vn -0.7207 -0.6929 -0.0228
vn -0.7883 -0.6142 0.0375
vn -0.7980 -0.6015 0.0380
vn -0.7976 -0.6020 0.0380
vn -0.7980 -0.6014 0.0381
vn -0.7974 -0.6022 0.0381
vn 0.0322 -0.8147 0.5790
vn -0.5245 -0.7400 0.4211
vn 0.0165 -0.9997 0.0154
vn 0.0177 -0.9997 0.0152
vn 0.0174 -0.9997 0.0164
vn 0.0174 -0.9997 0.0172
vn 0.0173 -0.9997 0.0195
vn 0.0179 -0.9997 0.0150
vn 0.0165 -0.9998 0.0149
vn 0.0167 -0.9997 0.0151
vn 0.0217 -0.9997 0.0145
vn 0.0067 -1.0000 -0.0052
vn 0.0175 -0.9997 0.0166
vn 0.0174 -0.9997 0.0185
vn 0.0157 -0.9997 0.0178
vn 0.0157 -0.9997 0.0175
vn 0.0157 -0.9997 0.0182
vn 0.0238 -0.9972 0.0703
vn 0.0157 -0.9997 0.0174
vn 0.0187 -0.9997 0.0132
vn 0.0305 -0.8378 0.5451
vn 0.0455 -0.8381 0.5436
vn 0.0256 -0.9995 0.0175
vn 0.0249 -0.9995 0.0205
vn 0.0261 -0.9995 0.0162
vn 0.0264 -0.9996 0.0142
vn 0.0259 -0.9995 0.0179
vn 0.0518 -0.8026 0.5943
vn 0.0832 -0.8031 0.5900
vn -0.0000 -1.0000 -0.0000
vn 0.0167 -0.9994 0.0295
vn 0.0146 -0.9994 0.0329
vn 0.0168 -0.9992 0.0359
vn 0.0160 -0.9993 0.0349
vn 0.0137 -0.9994 0.0315
vn 0.0259 -0.9983 0.0524
vn 0.0534 -0.6357 0.7701
vn 0.0285 -0.7222 0.6911
vn 0.0289 -0.6462 0.7626
vn -0.6506 -0.4981 0.5733
vn -0.6438 -0.4932 0.5850
vn -0.6907 0.1145 0.7140
vn -0.6867 0.1164 0.7175
vn -0.6895 0.1150 0.7151
vn -0.6855 0.1170 0.7186
vn -0.8083 0.0743 0.5841
vn -0.8082 0.0743 0.5841
vn -0.8082 0.0743 0.5842
vn -0.8082 0.0744 0.5842
vn -0.6420 0.1194 0.7574
vn -0.0578 0.1712 0.9835
vn 0.0085 0.0591 0.9982
vn 0.0084 0.0576 0.9983
vn 0.0083 0.0551 0.9984
vn 0.0083 0.0533 0.9985
vn -0.9551 0.0484 0.2923
vn -0.9849 -0.1728 -0.0015
vn -0.9852 -0.1714 -0.0013
vn -0.9857 -0.1682 -0.0008
vn -0.9861 -0.1664 -0.0005
vn -0.5881 0.8088 -0.0046
vn -0.5662 0.8229 0.0474
vn -0.8103 -0.5858 -0.0147
vn -0.8165 -0.5771 -0.0154
vn -0.8193 -0.5732 -0.0158
vn -0.8213 -0.5703 -0.0161
vn -0.8146 -0.5799 -0.0151
vn -0.8469 -0.1538 -0.5090
vn -0.6723 -0.4945 -0.5509
vn -0.6692 -0.4917 -0.5571
vn -0.6705 -0.4931 -0.5543
vn -0.6687 -0.4917 -0.5577
vn -0.8447 0.0688 -0.5309
vn -0.8432 0.0670 -0.5334
vn -0.8444 0.0689 -0.5312
vn -0.8431 0.0666 -0.5336
vn -0.7133 0.0896 -0.6951
vn -0.7187 0.0907 -0.6894
vn -0.7151 0.0900 -0.6932
vn -0.7206 0.0911 -0.6874
vn -0.6748 0.0643 -0.7352
vn -0.0034 -0.7079 -0.7063
vn -0.0233 0.1644 -0.9861
vn -0.0996 0.1633 -0.9815
vn -0.0390 0.0533 -0.9978
vn -0.0391 0.0553 -0.9977
vn -0.0393 0.0584 -0.9975
vn -0.0395 0.0605 -0.9974
vn -0.9443 0.0184 -0.3285
vn 0.9095 -0.1461 -0.3892
vn 0.9398 -0.1530 -0.3054
vn 0.9411 -0.1508 -0.3026
vn 0.9407 -0.1508 -0.3038
vn -0.9744 0.1601 -0.1577
vn -0.7046 0.1253 -0.6984
vn 0.0659 0.0076 -0.9978
vn 0.0378 0.0109 -0.9992
vn 0.0089 0.0092 -0.9999
vn -0.0238 -0.0000 -0.9997
vn 0.0335 0.0194 -0.9993
vn -0.7034 0.1263 -0.6995
vn -0.7054 0.1262 -0.6975
vn -0.7110 0.1257 -0.6919
vn -0.7165 0.1279 -0.6858
vn -0.7186 0.1287 -0.6834
vn -0.0061 -0.0195 -0.9998
vn 0.6857 -0.1016 -0.7207
vn 0.9387 -0.1542 -0.3084
vn 0.9389 -0.1492 -0.3102
vn 0.0169 0.0163 -0.9997
vn 0.0187 0.0309 -0.9993
vn 0.0164 0.0316 -0.9994
vn 0.0187 0.0277 -0.9994
vn 0.0211 0.0372 -0.9991
vn 0.0177 -0.0052 -0.9998
vn 0.0194 0.0294 -0.9994
vn 0.0195 0.0300 -0.9994
vn 0.6747 -0.0930 -0.7322
vn 0.6754 -0.0926 -0.7316
vn 0.6755 -0.0925 -0.7315
vn 0.6788 -0.0996 -0.7275
vn -0.3846 0.5889 -0.7108
vn 0.0246 0.0448 -0.9987
vn 0.0228 0.0466 -0.9987
vn 0.0227 0.0452 -0.9987
vn 0.0229 0.0472 -0.9986
vn 0.0226 0.0455 -0.9987
vn 0.0672 0.0476 -0.9966
vn 0.0213 0.0424 -0.9989
vn 0.0217 0.0426 -0.9989
vn 0.0082 0.0455 -0.9989
vn 0.0225 0.0466 -0.9987
vn 0.4841 0.4912 -0.7241
vn 0.5535 0.5396 -0.6344
vn 0.6788 0.6860 -0.2619
vn 0.6918 0.6834 -0.2332
vn 0.0957 0.6983 -0.7094
vn 0.0959 0.6998 -0.7078
vn 0.0953 0.6961 -0.7116
vn 0.0949 0.6946 -0.7131
vn -0.3803 0.5791 -0.7211
vn 0.1209 0.9779 -0.1703
vn -0.5703 0.8052 -0.1627
vn 0.1147 0.9740 -0.1953
vn -0.5238 0.8210 -0.2270
vn -0.8251 0.5074 -0.2485
vn -0.8248 0.5090 -0.2462
vn -0.8256 0.5048 -0.2522
vn -0.8259 0.5034 -0.2541
vn 0.0665 0.6833 -0.7271
vn -0.2699 0.5271 -0.8058
vn 0.6732 0.6811 -0.2879
vn 0.8766 -0.1458 -0.4585
vn 0.8712 -0.1365 -0.4716
vn 0.1084 0.8914 -0.4401
vn 0.6531 0.6537 -0.3823
vn -0.5449 0.7733 -0.3241
vn -0.7655 0.4637 -0.4462
vn -0.7787 0.4724 -0.4128
vn -0.0051 -0.0023 -1.0000
vn 0.0451 -0.0086 -0.9989
vn 0.2896 -0.0484 -0.9559
vn 0.2894 -0.0481 -0.9560
vn 0.2893 -0.0480 -0.9560
vn 0.2890 -0.0477 -0.9561
vn 0.3277 -0.0577 -0.9430
vn 0.4639 0.4755 -0.7475
vn 0.2262 0.2895 -0.9301
vn 0.0965 0.7009 -0.7067
vn 0.0964 0.7006 -0.7071
vn 0.0965 0.7010 -0.7066
vn 0.0965 0.7014 -0.7062
vn -0.2548 0.3729 -0.8922
vn -0.4396 0.6794 -0.5875
vn 0.1006 0.1239 -0.9872
vn -0.3275 0.2803 -0.9023
vn -0.0055 -0.0029 -1.0000
vn -0.0592 0.0057 -0.9982
vn -0.0032 0.1227 -0.9924
vn -0.0030 0.1226 -0.9924
vn -0.0030 0.1224 -0.9925
vn 0.0443 0.3955 -0.9174
vn -0.9475 0.3190 0.0225
vn 0.0036 0.1628 -0.9867
vn -0.2536 0.2399 -0.9371
vn -0.5706 0.3205 -0.7561
vn 0.0428 0.0596 -0.9973
vn 0.0254 0.0387 -0.9989
vn -0.0025 0.0290 -0.9996
vn -0.0016 0.0292 -0.9996
vn -0.0032 0.0286 -0.9996
vn 0.0038 0.0311 -0.9995
vn 0.0160 0.0356 -0.9992
vn -0.0061 -0.0047 -1.0000
vn 0.0484 -0.0194 -0.9986
vn 0.0149 -0.0384 -0.9992
vn 0.0648 0.0636 -0.9959
vn -0.0024 0.0301 -0.9995
vn -0.0017 0.0303 -0.9995
vn -0.0008 0.0361 -0.9993
vn -0.0056 0.0386 -0.9992
vn -0.0238 -0.0001 -0.9997
vn -0.0235 -0.0001 -0.9997
vn 0.0030 0.0405 -0.9992
vn 0.0031 0.0408 -0.9992
vn -0.0056 0.0419 -0.9991
vn -0.0240 0.0001 -0.9997
vn -0.0235 0.0001 -0.9997
vn -0.0236 0.0002 -0.9997
vn -0.0297 -0.0370 -0.9989
vn 0.0528 -0.0119 -0.9985
vn 0.0530 -0.0113 -0.9985
vn 0.0528 -0.0120 -0.9985
vn 0.3146 -0.3172 -0.8946
vn 0.2219 -0.3529 -0.9090
vn -0.0230 -0.6077 -0.7938
vn 0.6044 -0.6409 -0.4732
vn 0.7323 -0.1230 -0.6698
vn 0.6579 -0.3466 -0.6686
vn 0.5078 -0.6094 -0.6088
vn 0.4513 -0.6742 -0.5846
vn -0.0312 -0.0478 -0.9984
vn 0.5110 -0.5800 -0.6345
vn 0.8862 -0.4628 -0.0210
vn 0.8863 -0.4626 -0.0209
vn 0.8863 -0.4626 -0.0207
vn 0.6715 -0.7409 -0.0159
vn 0.4587 -0.6615 -0.5933
vn 0.4586 -0.6621 -0.5927
vn 0.4579 -0.6623 -0.5931
vn 0.4618 -0.6656 -0.5863
vn 0.9919 -0.1243 -0.0257
vn 0.9861 -0.1645 -0.0233
vn 0.6759 -0.7370 0.0014
vn 0.6770 -0.7359 -0.0004
vn 0.6763 -0.7366 0.0010
vn 0.6717 -0.7408 0.0077
vn 0.6739 -0.7388 0.0038
vn 0.6663 -0.7454 0.0190
vn 0.6725 -0.7401 0.0061
vn -0.0591 -0.9613 -0.2689
vn -0.0236 -0.5374 -0.8430
vn -0.0355 -0.9994 0.0009
vn -0.0254 -0.9997 0.0007
vn -0.0348 -0.9994 0.0021
vn -0.0355 -0.9994 0.0008
vn -0.0374 -0.9993 -0.0013
vn -0.0365 -0.9993 0.0009
vn -0.0365 -0.9993 0.0008
vn -0.0441 -0.9980 0.0443
vn -0.0283 -0.9990 -0.0360
vn -0.0368 -0.9993 0.0009
vn -0.0370 -0.9993 0.0009
vn -0.0376 -0.9993 -0.0007
vn -0.0337 -0.9994 0.0007
vn -0.0365 -0.9993 0.0025
vn -0.0258 -0.9997 0.0012
vn -0.0228 -0.9997 0.0006
vn -0.0335 -0.9994 0.0008
vn -0.0337 -0.9994 0.0008
vn -0.0336 -0.9994 0.0008
vn -0.0333 -0.9994 0.0008
vn -0.0630 -0.9977 -0.0257
vn -0.0019 -0.9995 0.0323
vn -0.0368 -0.9993 0.0002
vn -0.0260 -0.9996 0.0102
vn -0.0300 -0.9995 0.0049
vn -0.0273 -0.9996 0.0074
vn -0.0345 -0.9994 -0.0036
vn -0.0375 -0.9993 0.0011
vn -0.0375 -0.9993 0.0050
vn -0.0372 -0.9993 0.0053
vn 0.6732 -0.7394 0.0064
vn 0.6669 -0.7451 0.0102
vn 0.6685 -0.7437 0.0110
vn 0.6699 -0.7424 0.0101
vn 0.6590 -0.7517 0.0248
vn 0.5808 -0.8012 -0.1443
vn 0.6674 -0.7447 0.0076
vn 0.6711 -0.7413 0.0083
vn 0.6687 -0.7435 0.0064
vn 0.9872 -0.1580 -0.0233
vn 0.9872 -0.1575 -0.0234
vn 0.9872 -0.1579 -0.0233
vn 0.9872 -0.1576 -0.0234
vn 0.6705 -0.7407 -0.0417
vn 0.6816 -0.7311 -0.0307
vn 0.6689 -0.7421 -0.0422
vn 0.6815 -0.7310 -0.0353
vn 0.6704 -0.7409 -0.0406
vn 0.6278 -0.7765 -0.0538
vn 0.6989 -0.7145 -0.0327
vn 0.1549 0.9709 0.1826
vn 0.6675 -0.7435 -0.0415
vn 0.9868 -0.1601 -0.0233
vn 0.9868 -0.1600 -0.0232
vn 0.9868 -0.1601 -0.0232
vn 0.9868 -0.1600 -0.0233
vn 0.9869 -0.1601 -0.0202
vn 0.9868 -0.1602 -0.0229
vn 0.9868 -0.1600 -0.0231
vn 0.6606 -0.3319 -0.6734
vn 0.7593 0.1207 -0.6395
vn 0.0526 -0.0126 -0.9985
vn 0.7346 0.2404 -0.6345
vn 0.9858 0.1665 -0.0231
vn 0.9858 0.1665 -0.0232
vn 0.9858 0.1665 -0.0233
vn 0.7733 0.1330 -0.6199
vn 0.0631 0.0134 -0.9979
vn 0.7746 -0.1266 -0.6196
vn 0.0335 -0.0433 -0.9985
vn -0.0660 -0.2707 -0.9604
vn 0.4345 0.3449 -0.8320
vn 0.0941 -0.0304 -0.9951
vn 0.6213 0.5998 -0.5041
vn 0.6100 0.5460 -0.5743
vn 0.4494 0.3394 -0.8263
vn 0.6930 0.5102 -0.5093
vn 0.1331 0.6796 -0.7214
vn 0.1598 0.9352 -0.3161
vn 0.1608 0.9349 -0.3163
vn 0.1517 0.9356 -0.3187
vn 0.1949 0.8249 -0.5306
vn 0.0669 0.0646 -0.9957
vn 0.1487 0.9357 -0.3199
vn 0.0840 0.1762 -0.9808
vn 0.0300 0.0201 -0.9993
vn -0.2810 0.8418 -0.4609
vn 0.1730 0.6311 -0.7561
vn -0.2885 0.8697 -0.4005
vn 0.1591 0.9873 -0.0041
vn 0.1599 0.9871 -0.0047
vn 0.1612 0.9869 -0.0027
vn -0.0343 0.1042 -0.9940
vn -0.4495 0.7783 -0.4384
vn -0.4227 0.7398 -0.5235
vn 0.1642 0.9864 -0.0039
vn 0.1628 0.9866 -0.0039
vn 0.1584 0.9874 -0.0046
vn 0.1618 0.9868 -0.0038
vn 0.1579 0.9875 -0.0007
vn -0.4392 0.8211 -0.3645
vn -0.4977 0.6452 -0.5797
vn -0.5448 0.7499 -0.3752
vn -0.5600 0.7350 -0.3824
vn -0.4642 0.8857 0.0110
vn 0.1615 0.9869 -0.0039
vn 0.1615 0.9869 -0.0038
vn 0.1617 0.9868 -0.0039
vn 0.1576 0.9875 0.0019
vn 0.1578 0.9875 -0.0035
vn 0.1578 0.9875 -0.0037
vn 0.1576 0.9875 -0.0025
vn -0.9913 0.0851 0.1008
vn 0.1615 0.9869 -0.0036
vn -0.9862 0.1636 0.0235
vn -0.9865 0.1620 0.0234
vn -0.9860 0.1652 0.0237
vn -0.9863 0.1633 0.0233
vn -0.9865 0.1623 0.0232
vn -0.9861 0.1647 0.0233
vn -0.4920 0.6704 -0.5554
vn -0.9418 0.0563 -0.3313
vn -0.7422 0.0438 -0.6688
vn -0.7335 0.0428 -0.6783
vn -0.9742 0.0753 -0.2126
vn -0.3063 0.9463 -0.1038
vn -0.1986 0.5593 -0.8049
vn -0.9938 0.1084 0.0237
vn -0.9939 0.1083 0.0232
vn -0.9938 0.1084 0.0239
vn -0.9940 0.1076 0.0217
vn -0.9938 0.1084 0.0235
vn -0.9938 0.1084 0.0242
vn -0.9938 0.1080 0.0251
vn -0.9939 0.1076 0.0252
vn -0.8085 -0.5882 0.0192
vn -0.8087 -0.5879 0.0192
vn -0.8087 -0.5879 0.0187
vn -0.8085 -0.5882 0.0191
vn -0.8087 -0.5879 0.0191
vn -0.8088 -0.5878 0.0192
vn -0.8087 -0.5880 0.0191
vn -0.7999 -0.5999 0.0191
vn -0.8002 -0.5994 0.0199
vn -0.8000 -0.5997 0.0193
vn -0.7998 -0.6000 0.0189
vn -0.7997 -0.6000 0.0189
vn -0.8086 -0.5880 0.0195
vn 0.0900 0.6892 -0.7190
vn -0.4522 0.8626 -0.2270
vn -0.4515 0.8634 -0.2253
vn -0.4495 0.8658 -0.2200
vn -0.4493 0.8662 -0.2187
vn -0.1973 0.9709 -0.1359
vn -0.1643 -0.9864 0.0040
vn -0.1296 0.5330 -0.8361
vn -0.1291 0.5313 -0.8373
vn -0.1283 0.5283 -0.8393
vn -0.1313 0.5595 -0.8183
vn -0.1289 0.5401 -0.8317
vn -0.1277 0.5264 -0.8406
vn 0.7073 -0.6171 -0.3448
vn 0.7069 -0.6168 -0.3462
vn 0.7078 -0.6178 -0.3426
vn 0.7083 -0.6183 -0.3407
vn 0.6992 -0.6114 -0.3704
vn 0.5850 -0.5179 -0.6242
vn 0.6671 -0.0756 -0.7411
vn 0.6669 -0.0756 -0.7413
vn 0.6620 -0.1086 -0.7416
vn 0.5869 -0.5248 -0.6166
vn 0.5913 -0.5279 -0.6096
vn 0.5898 -0.5268 -0.6121
vn 0.5850 -0.5233 -0.6196
vn 0.8102 -0.1315 -0.5711
vn 0.5516 -0.4954 -0.6711
vn 0.8160 -0.0916 -0.5708
vn 0.6622 -0.1086 -0.7415
vn 0.2819 -0.4687 -0.8372
vn 0.7910 -0.0850 -0.6059
vn 0.7797 -0.1268 -0.6132
vn 0.7195 -0.6806 -0.1385
vn 0.7222 -0.6810 -0.1213
vn 0.8738 -0.1443 -0.4644
vn 0.8930 -0.0894 -0.4411
vn 0.7351 -0.6758 0.0545
vn 0.7351 -0.6758 0.0544
vn 0.7350 -0.6759 0.0546
vn 0.7350 -0.6759 0.0547
vn 0.9867 -0.1610 -0.0233
vn 0.7850 -0.6192 -0.0191
vn 0.7853 -0.6188 -0.0186
vn 0.7852 -0.6190 -0.0191
vn 0.7850 -0.6192 -0.0190
vn 0.7850 -0.6192 -0.0185
vn 0.9937 -0.1097 -0.0235
vn 0.7325 -0.6759 -0.0813
vn 0.7302 -0.6772 -0.0906
vn 0.7326 -0.6758 -0.0805
vn 0.7329 -0.6756 -0.0800
vn 0.7103 -0.6726 0.2077
vn 0.7333 -0.6799 -0.0039
vn 0.7247 -0.1156 0.6793
vn 0.7480 -0.0808 0.6588
vn 0.5811 -0.8137 -0.0139
vn 0.7336 -0.3168 -0.6012
vn 0.8141 -0.5794 -0.0389
vn 0.4924 -0.8703 -0.0119
vn 0.4913 -0.8697 -0.0463
vn 0.4278 -0.6989 -0.5732
vn 0.0430 0.0475 -0.9979
vn 0.4529 -0.8366 -0.3080
vn 0.4422 -0.8139 -0.3769
vn -0.0238 0.0002 -0.9997
vn -0.0235 -0.0003 -0.9997
vn -0.0235 -0.0002 -0.9997
vn -0.0234 0.0001 -0.9997
vn -0.0236 0.0003 -0.9997
vn -0.1545 -0.8822 -0.4448
vn 0.0319 -0.0805 -0.9962
vn 0.7435 -0.5077 -0.4353
vn 0.4937 -0.6390 -0.5899
vn 0.6160 -0.7864 -0.0447
vn 0.4936 -0.8694 0.0237
vn 0.4930 -0.8697 0.0246
vn 0.4935 -0.8694 0.0238
vn 0.5816 -0.8133 0.0192
vn 0.5802 -0.8134 -0.0426
vn 0.0244 -0.8282 -0.5599
vn 0.0232 -0.8124 -0.5827
vn -0.0125 -0.9991 -0.0401
vn 0.5816 -0.8133 0.0178
vn 0.4941 -0.8691 0.0229
vn 0.0177 -0.9947 -0.1011
vn -0.1475 -0.8226 -0.5492
vn -0.1628 -0.9817 -0.0985
vn -0.6616 -0.4928 -0.5652
vn -0.5910 -0.4409 -0.6755
vn -0.3401 -0.6115 -0.7144
vn 0.3062 -0.9506 0.0506
vn 0.0213 -0.9986 0.0492
vn -0.8245 -0.5656 0.0195
vn 0.0358 -0.5651 -0.8242
vn -0.5721 -0.8201 0.0153
vn -0.5795 -0.8150 0.0019
vn -0.5795 -0.8150 0.0023
vn -0.5723 -0.8199 0.0116
vn -0.5962 -0.8024 0.0260
vn -0.0565 -0.9969 -0.0541
vn -0.6496 -0.7600 0.0220
vn -0.5538 -0.8325 0.0131
vn -0.5534 -0.8328 0.0130
vn -0.5539 -0.8325 0.0131
vn -0.5879 -0.8087 0.0168
vn -0.5722 -0.8201 0.0118
vn -0.5879 -0.8080 0.0396
vn -0.5535 -0.8328 0.0131
vn -0.5533 -0.8329 0.0131
vn -0.5537 -0.8326 0.0131
vn -0.6302 -0.7764 0.0068
vn -0.0403 -0.5574 -0.8293
vn -0.0049 -0.0042 -1.0000
vn -0.5796 -0.8133 -0.0508
vn -0.5966 -0.8012 -0.0462
vn -0.6292 -0.7762 -0.0403
vn -0.8333 -0.5523 -0.0232
vn -0.8338 -0.5516 -0.0232
vn -0.8338 -0.5515 -0.0232
vn -0.8309 -0.5559 -0.0251
vn -0.8012 -0.5981 -0.0172
vn -0.8384 -0.5444 -0.0261
vn -0.8366 -0.5473 -0.0222
vn -0.8386 -0.5441 -0.0267
vn -0.8368 -0.5471 -0.0232
vn -0.8359 -0.5486 -0.0201
vn -0.8258 -0.5634 -0.0235
vn -0.8342 -0.5510 -0.0233
vn -0.5744 -0.8113 0.1088
vn -0.0004 -0.9945 0.1045
vn -0.0876 -0.9238 -0.3727
vn -0.0323 -0.5834 0.8115
vn -0.0868 -0.8845 -0.4584
vn -0.0850 -0.8435 -0.5303
vn -0.0850 -0.8451 -0.5278
vn -0.0850 -0.8436 -0.5302
vn -0.0848 -0.8399 -0.5360
vn -0.5834 -0.5693 -0.5792
vn -0.4821 -0.6525 -0.5847
vn -0.0861 -0.9961 -0.0192
vn -0.3164 -0.9485 -0.0127
vn -0.0006 -0.9994 -0.0358
vn -0.1328 -0.6983 -0.7033
vn -0.1333 -0.6983 -0.7033
vn -0.1330 -0.6983 -0.7033
vn -0.1327 -0.6984 -0.7033
vn -0.0445 0.0183 -0.9988
vn -0.0451 0.0064 -0.9990
vn -0.0450 0.0072 -0.9990
vn -0.4729 -0.5315 -0.7028
vn -0.3745 -0.6001 -0.7068
vn -0.4862 -0.5192 -0.7029
vn -0.0444 0.0199 -0.9988
vn -0.4743 -0.5674 0.6731
vn -0.6678 -0.7441 0.0154
vn -0.6680 -0.7440 0.0160
vn -0.6677 -0.7443 0.0168
vn -0.6682 -0.7439 0.0104
vn -0.6678 -0.7442 0.0162
vn -0.6676 -0.7443 0.0167
vn -0.6698 -0.7426 0.0025
vn -0.6622 -0.7483 0.0401
vn -0.6781 -0.7342 -0.0340
vn -0.6670 -0.7449 0.0175
vn -0.6671 -0.7448 0.0178
vn -0.6663 -0.7455 0.0163
vn -0.6661 -0.7457 0.0158
vn -0.6674 -0.7445 0.0169
vn -0.6676 -0.7444 0.0147
vn -0.6652 -0.7466 0.0086
vn -0.6669 -0.7450 0.0176
vn -0.6671 -0.7448 0.0170
vn -0.6665 -0.7453 0.0178
vn -0.6655 -0.7404 0.0941
vn -0.6671 -0.7436 0.0462
vn -0.6670 -0.7449 0.0158
vn -0.6784 -0.7346 0.0161
vn -0.6982 -0.7153 0.0305
vn -0.6673 -0.7447 0.0151
vn -0.6678 -0.7441 0.0206
vn -0.6714 -0.7404 0.0307
vn -0.6704 -0.7415 0.0278
vn -0.6672 -0.7446 0.0194
vn -0.6253 -0.7773 -0.0692
vn -0.6658 -0.7443 0.0522
vn -0.6665 -0.7445 0.0388
vn -0.6664 -0.7445 0.0408
vn -0.6665 -0.7445 0.0386
vn -0.6673 -0.7446 0.0153
vn -0.6675 -0.7445 0.0145
vn -0.6674 -0.7446 0.0150
vn -0.6672 -0.7447 0.0158
vn -0.6642 -0.7475 0.0046
vn -0.6648 -0.7470 0.0094
vn -0.6647 -0.7471 0.0084
vn -0.6675 -0.7445 0.0143
vn -0.6685 -0.7436 0.0165
vn -0.6667 -0.7452 0.0128
vn -0.7000 -0.7135 0.0301
vn -0.4639 -0.4983 -0.7325
vn -0.7123 0.1121 -0.6928
vn -0.7182 0.1124 -0.6867
vn -0.7107 0.1120 -0.6945
vn -0.7298 -0.2157 -0.6487
vn -0.7182 0.1125 -0.6867
vn -0.7188 0.1126 -0.6860
vn -0.9598 -0.2798 0.0227
vn -0.9597 -0.2800 0.0227
vn -0.9757 -0.2178 0.0231
vn -0.9758 -0.2173 0.0231
vn -0.9574 -0.2878 0.0223
vn -0.9640 -0.2650 0.0202
vn -0.9447 -0.3266 0.0305
vn -0.9572 -0.2890 0.0177
vn -0.9485 -0.3161 0.0224
vn -0.9597 -0.2803 0.0228
vn -0.9597 -0.2801 0.0227
vn -0.9597 -0.2802 0.0228
vn -0.9597 -0.2802 0.0227
vn -0.9485 -0.3160 0.0224
vn -0.9590 -0.2824 0.0231
vn -0.9485 -0.3162 0.0199
vn -0.9640 -0.2648 0.0255
vn -0.9596 -0.2806 0.0228
vn -0.9452 -0.3261 0.0142
vn -0.9569 -0.2890 0.0276
vn -0.9997 -0.0010 0.0236
vn -0.9997 0.0031 0.0236
vn -0.9997 0.0022 0.0235
vn -0.9997 0.0016 0.0236
vn -0.9869 0.1591 0.0258
vn -0.9868 0.1593 0.0277
vn -0.9872 0.1578 0.0230
vn -0.9866 0.1611 0.0242
vn -0.9863 0.1630 0.0265
vn -0.9868 0.1603 0.0234
vn -0.9859 0.1646 0.0285
vn -0.9668 0.2346 0.1010
vn -0.7486 0.5269 0.4025
vn -0.7486 0.5268 0.4025
vn -0.9881 0.1520 0.0235
vn -0.9852 0.1692 0.0280
vn -0.9877 0.1551 0.0198
vn -0.9878 0.1548 0.0193
vn -0.9880 0.1531 0.0180
vn -0.9919 0.1246 0.0235
vn -0.9843 0.1737 0.0298
vn -0.9870 0.1586 0.0258
vn -0.9871 0.1582 0.0256
vn -0.9431 -0.0410 -0.3301
vn -0.9870 0.1590 0.0233
vn -0.9869 0.1594 0.0236
vn -0.9870 0.1587 0.0234
vn -0.9868 0.1602 0.0233
vn -0.9870 0.1589 0.0233
vn -0.9868 0.1603 0.0233
vn -0.9909 0.1328 0.0235
vn -0.9990 0.0254 0.0364
vn -0.9870 0.1599 0.0187
vn -0.9867 0.1411 0.0802
vn -0.8219 -0.1335 0.5538
vn -0.9871 0.1587 0.0217
vn -0.9870 0.1594 0.0227
vn -0.9872 0.1583 0.0210
vn -0.7717 0.2005 0.6035
vn -0.9878 0.1557 -0.0058
vn -0.9834 0.1626 0.0804
vn -0.7637 0.1729 0.6220
vn -0.9873 0.1583 0.0111
vn -0.9868 0.1601 0.0234
vn -0.9997 -0.0000 0.0233
vn -0.9997 -0.0000 0.0236
vn -0.7012 -0.2164 0.6793
vn -0.8098 0.1321 0.5716
vn -0.8111 0.1325 0.5697
vn -0.8105 0.1324 0.5706
vn -0.7713 0.1280 0.6234
vn -0.8094 0.1319 0.5722
vn -0.9245 0.1331 0.3571
vn -0.5216 -0.5974 0.6092
vn -0.5244 -0.5997 0.6045
vn -0.5249 -0.6001 0.6036
vn -0.5254 -0.6006 0.6027
vn -0.7010 -0.6973 -0.1493
vn -0.5193 -0.5957 0.6128
vn 0.0786 -0.0088 0.9969
vn 0.0776 -0.0066 0.9970
vn 0.0790 -0.0083 0.9968
vn 0.0742 -0.0164 0.9971
vn 0.0776 -0.0077 0.9970
vn 0.0727 -0.0190 0.9972
vn 0.0142 -0.7981 0.6023
vn -0.1124 -0.8215 0.5591
vn 0.0138 -0.8116 0.5841
vn -0.4381 -0.7728 0.4593
vn -0.1219 -0.8229 0.5549
vn -0.1219 -0.8251 0.5517
vn 0.0258 0.0421 0.9988
vn -0.0600 -0.8412 0.5373
vn -0.0625 -0.8430 0.5342
vn -0.0618 -0.8423 0.5355
vn -0.0597 -0.8407 0.5382
vn -0.0603 -0.8421 0.5359
vn -0.0572 -0.8217 0.5671
vn -0.0851 -0.9961 0.0223
vn -0.0851 -0.9961 0.0222
vn -0.0851 -0.9961 0.0225
vn -0.0851 -0.9961 0.0229
vn -0.3149 -0.9487 0.0271
vn 0.0010 -0.9993 0.0369
vn -0.0291 -0.7026 0.7110
vn 0.0423 -0.0042 0.9991
vn -0.4124 -0.6028 0.6830
vn -0.8365 -0.5476 0.0183
vn -0.8362 -0.5481 0.0189
vn -0.8356 -0.5490 0.0198
vn -0.8374 -0.5463 0.0170
vn -0.0686 -0.5448 0.8357
vn -0.4054 -0.3614 0.8397
vn -0.8174 -0.5728 0.0611
vn -0.8240 -0.5632 0.0612
vn -0.8231 -0.5645 0.0612
vn -0.8247 -0.5622 0.0613
vn -0.7941 -0.6051 0.0581
vn -0.8138 -0.5777 0.0625
vn -0.8343 -0.5465 0.0725
vn -0.8050 -0.5902 0.0609
vn -0.8209 -0.5674 0.0646
vn -0.8209 -0.5673 0.0658
vn -0.8208 -0.5673 0.0665
vn -0.8209 -0.5675 0.0639
vn 0.0234 -0.0000 0.9997
vn 0.0299 -0.0201 0.9993
vn -0.1292 -0.9894 0.0663
vn -0.1458 -0.9866 0.0737
vn 0.1785 -0.7847 0.5936
vn -0.5198 -0.4192 0.7444
vn 0.0576 -0.8077 0.5868
vn 0.0412 -0.0047 0.9991
vn 0.0468 -0.8444 0.5337
vn 0.0785 0.0399 0.9961
vn -0.1255 -0.8448 0.5201
vn 0.0525 -0.7897 0.6112
vn -0.0960 -0.6919 0.7156
vn 0.3155 -0.8644 0.3916
vn 0.2857 -0.8594 0.4240
vn 0.4396 -0.7084 0.5522
vn 0.4713 -0.8819 -0.0113
vn 0.4750 -0.8084 0.3476
vn 0.4460 -0.7797 0.4395
vn 0.0574 0.0248 0.9980
vn 0.3550 -0.4632 0.8121
vn 0.8936 -0.1413 0.4261
vn 0.7648 -0.3859 0.5159
vn 0.0234 0.0002 0.9997
vn 0.8708 -0.0877 0.4837
vn 0.0274 0.0249 0.9993
vn 0.8404 -0.0773 0.5364
vn 0.7153 -0.0772 0.6946
vn 0.8329 -0.1312 0.5376
vn 0.7104 -0.1105 0.6950
vn 0.6009 -0.5543 0.5759
vn 0.5967 -0.5529 0.5816
vn 0.5995 -0.5533 0.5784
vn 0.5985 -0.5553 0.5775
vn 0.5717 -0.5312 0.6253
vn 0.5995 -0.5568 0.5749
vn 0.7192 -0.6393 0.2723
vn 0.7029 -0.6296 0.3311
vn 0.0724 0.0792 0.9942
vn -0.0949 0.5393 0.8368
vn -0.0917 0.5344 0.8403
vn -0.0920 0.5368 0.8387
vn -0.0917 0.5391 0.8372
vn -0.0913 0.5378 0.8381
vn -0.1988 0.9689 0.1472
vn -0.4377 0.8661 0.2415
vn 0.1124 0.7068 0.6984
vn -0.1652 0.5742 0.8019
vn -0.3008 0.9462 0.1190
vn -0.8862 0.0751 0.4572
vn -0.9620 0.0811 0.2608
vn -0.5417 0.7696 0.3381
vn -0.7238 0.0446 0.6886
vn -0.8918 0.0544 0.4490
vn -0.5029 0.7198 0.4785
vn -0.5165 0.7043 0.4870
vn -0.9951 0.0851 -0.0507
vn -0.4767 0.6543 0.5870
vn -0.4034 0.7901 0.4614
vn -0.4024 0.7481 0.5277
vn -0.4032 0.7492 0.5255
vn -0.4027 0.7486 0.5268
vn -0.4035 0.7495 0.5248
vn -0.3714 0.6958 0.6147
vn 0.0226 0.1060 0.9941
vn 0.1531 0.8446 0.5131
vn 0.1345 0.7070 0.6943
vn 0.0998 0.1534 0.9831
vn 0.0589 0.0344 0.9977
vn 0.1692 0.7169 0.6763
vn 0.1645 0.6819 0.7127
vn -0.2572 0.8374 0.4822
vn -0.2929 0.9295 0.2241
vn 0.1761 0.8379 0.5166
vn 0.2061 0.9143 0.3486
vn 0.1797 0.8699 0.4593
vn 0.1906 0.9816 0.0125
vn 0.1603 0.9871 -0.0048
vn 0.1625 0.9867 -0.0030
vn 0.1613 0.9869 -0.0039
vn 0.1614 0.9869 -0.0038
vn 0.1580 0.9874 -0.0038
vn 0.1300 0.7076 0.6946
vn 0.1477 0.8454 0.5134
vn 0.1685 -0.0523 0.9843
vn 0.0193 -0.0843 0.9963
vn 0.6287 0.5176 0.5804
vn 0.6411 0.5354 0.5498
vn 0.6236 0.5348 0.5701
vn 0.6445 0.5450 0.5362
vn 0.0701 0.0143 0.9974
vn 0.0672 0.0069 0.9977
vn 0.0699 0.0136 0.9975
vn 0.7141 0.1075 0.6917
vn 0.0703 0.0147 0.9974
vn 0.1607 0.9870 -0.0032
vn 0.1623 0.9867 -0.0017
vn 0.7069 0.7071 -0.0167
vn 0.5969 0.6091 -0.5222
vn 0.9872 -0.1578 -0.0233
vn 0.9872 -0.1579 -0.0234
vn 0.9872 -0.1581 -0.0233
vn 0.5797 0.8144 0.0246
vn 0.7275 0.6849 0.0412
vn 0.7462 0.6656 0.0156
vn 0.9805 -0.1960 0.0160
vn 0.5792 0.8150 -0.0137
vn 0.1600 0.9860 -0.0464
vn 0.1611 0.9869 -0.0054
vn 0.7458 0.6659 -0.0176
vn 0.7700 0.6360 -0.0504
vn 0.7008 0.6627 0.2640
vn 0.6547 0.4852 -0.5796
vn 0.1646 0.9864 -0.0039
vn 0.7653 -0.1201 0.6324
vn 0.8792 0.2790 0.3862
vn 0.9869 -0.1600 -0.0192
vn 0.7019 0.3097 0.6414
vn 0.7057 0.2209 0.6732
vn 0.9113 0.4113 -0.0211
vn 0.7248 0.0631 0.6861
vn 0.7259 0.0633 0.6848
vn 0.7210 0.0622 0.6901
vn 0.7207 0.0628 0.6903
vn 0.6614 -0.3370 0.6701
vn 0.9866 -0.1613 -0.0236
vn 0.7668 -0.1230 0.6300
vn 0.7096 0.2223 0.6686
vn 0.7521 -0.5328 0.3879
vn 0.7479 -0.3836 0.5417
vn 0.6519 -0.3409 0.6774
vn 0.6434 -0.3273 0.6920
vn 0.6980 -0.4916 0.5207
vn 0.0575 -0.0180 0.9982
vn 0.0636 -0.0036 0.9980
vn 0.0580 -0.0159 0.9982
vn 0.7652 -0.1251 0.6315
vn 0.7230 -0.1178 0.6807
vn 0.0601 -0.0104 0.9981
vn 0.6549 -0.6485 0.3881
vn 0.5644 -0.5376 0.6264
vn 0.5479 -0.5887 0.5943
vn 0.6939 -0.7201 -0.0086
vn 0.6918 -0.7220 -0.0147
vn 0.6908 -0.7228 -0.0171
vn 0.6937 -0.7202 -0.0095
vn 0.6948 -0.7192 -0.0066
vn 0.6879 -0.7255 -0.0223
vn 0.6980 -0.7161 -0.0013
vn 0.6928 -0.7211 -0.0114
vn 0.6919 -0.7219 -0.0129
vn 0.6929 -0.7209 -0.0111
vn 0.4720 -0.5821 0.6621
vn 0.5812 -0.8136 -0.0138
vn 0.5812 -0.8137 -0.0138
vn 0.3800 -0.3074 0.8724
vn 0.0712 -0.0033 0.9975
vn 0.4422 -0.6187 0.6494
vn 0.7506 -0.2371 0.6167
vn 0.2647 -0.3529 0.8974
vn -0.0440 -0.9610 0.2729
vn -0.0015 -0.7126 0.7016
vn 0.0029 -0.6176 0.7865
vn 0.0953 -0.9954 -0.0092
vn 0.0894 -0.9949 -0.0468
vn 0.0894 -0.9949 -0.0469
vn 0.1097 -0.9903 0.0849
vn 0.0965 -0.9953 0.0047
vn 0.0964 -0.9953 -0.0034
vn 0.0925 -0.9957 -0.0094
vn 0.0935 -0.9956 -0.0080
vn 0.0971 -0.9953 -0.0023
vn 0.0928 -0.9957 0.0029
vn 0.0921 -0.9957 0.0040
vn 0.0961 -0.9954 -0.0023
vn 0.0979 -0.9952 0.0040
vn 0.0961 -0.9954 0.0004
vn 0.0914 -0.9949 0.0433
vn 0.0952 -0.9954 -0.0054
vn 0.0908 -0.9958 0.0130
vn 0.0908 -0.9958 0.0128
vn 0.0905 -0.9958 0.0143
vn 0.0904 -0.9958 0.0146
vn 0.1636 -0.9654 -0.2032
vn 0.0912 -0.9958 0.0055
vn 0.1014 -0.7185 0.6881
vn 0.1014 -0.7184 0.6882
vn 0.1005 -0.9949 -0.0026
vn 0.0966 -0.9953 0.0009
vn 0.0917 -0.9958 0.0065
vn 0.0910 -0.9958 0.0067
vn 0.0960 -0.9954 0.0035
vn 0.0958 -0.9954 0.0056
vn 0.2445 -0.7133 0.6569
vn 0.1017 -0.9948 -0.0029
vn 0.1261 -0.9918 -0.0209
vn 0.2862 -0.9249 -0.2502
vn -0.1344 -0.9492 0.2847
vn 0.1840 -0.9781 -0.0971
vn 0.1186 -0.9928 -0.0171
vn 0.1053 -0.9941 0.0278
vn 0.1008 -0.9949 -0.0021
vn 0.1021 -0.9948 0.0008
vn 0.1018 -0.9948 0.0001
vn 0.1007 -0.9949 -0.0024
vn 0.0882 -0.9882 -0.1250
vn 0.1162 -0.9818 0.1501
vn 0.1016 -0.9948 -0.0065
vn 0.0736 -0.7185 -0.6916
vn 0.5018 -0.8649 -0.0119
vn 0.4071 -0.5750 0.7097
vn 0.2130 -0.7133 -0.6677
vn 0.0381 -0.5290 -0.8478
vn 0.3698 -0.5640 -0.7384
vn 0.3715 -0.5659 -0.7360
vn 0.3749 -0.5695 -0.7315
vn 0.3766 -0.5713 -0.7292
vn 0.7100 -0.4965 0.4994
vn 0.4261 -0.6932 0.5813
vn 0.9417 -0.3356 -0.0223
vn 0.7989 -0.2801 0.5322
vn 0.5925 -0.4326 -0.6796
vn 0.9520 0.3053 -0.0225
vn 0.8042 0.2541 0.5372
vn 0.6863 -0.1637 0.7087
vn 0.9466 -0.3212 -0.0283
vn 0.9523 0.3052 -0.0066
vn 0.6599 -0.2295 -0.7155
vn 0.6975 0.2287 -0.6791
vn 0.9401 0.3402 -0.0222
vn 0.7920 0.2818 0.5415
vn 0.9404 0.3401 -0.0052
vn 0.9313 0.3637 -0.0220
vn 0.6447 0.2959 -0.7049
vn 0.9960 0.0867 -0.0209
vn 0.9875 0.1558 -0.0240
vn 0.9875 0.1558 -0.0241
vn 0.9873 0.1573 -0.0233
vn 0.9872 0.1577 -0.0232
vn 0.9872 0.1579 -0.0232
vn 0.9872 0.1574 -0.0271
vn 0.9870 0.1582 -0.0282
vn 0.9913 0.1300 -0.0202
vn 0.9871 0.1583 -0.0234
vn 0.9869 0.1593 -0.0233
vn 0.9873 0.1569 -0.0235
vn 0.9874 0.1562 -0.0236
vn 0.7177 0.1157 -0.6867
vn 0.6709 0.1033 0.7343
vn 0.6700 0.1031 0.7351
vn 0.6736 0.1078 0.7312
vn 0.7345 0.0526 0.6765
vn 0.6299 0.2517 0.7348
vn 0.6617 0.0386 -0.7488
vn 0.6504 0.0485 -0.7580
vn 0.5891 0.2878 -0.7551
vn -0.0022 0.0017 -1.0000
vn 0.0462 0.0018 0.9989
vn 0.0236 -0.0003 0.9997
vn 0.0237 0.0002 0.9997
vn 0.0106 0.0656 -0.9978
vn -0.0453 0.1100 0.9929
vn -0.6941 -0.0627 0.7172
vn -0.6767 0.1138 0.7274
vn -0.6764 0.1134 0.7277
vn -0.6766 0.1136 0.7276
vn -0.6762 0.1132 0.7279
vn 0.0880 0.2231 0.9708
vn -0.4166 0.5181 0.7470
vn -0.4265 0.5169 0.7422
vn -0.4178 0.5181 0.7463
vn -0.4278 0.5166 0.7417
vn 0.0238 0.0002 0.9997
vn -0.3897 0.5579 0.7327
vn -0.8732 0.1443 0.4656
vn -0.5827 0.5598 0.5891
vn -0.3616 0.7246 0.5867
vn -0.1911 0.6439 0.7409
vn -0.0120 0.7162 0.6978
vn -0.0363 0.6836 0.7289
vn -0.7200 0.6787 0.1449
vn -0.7200 0.6787 0.1448
vn -0.3012 0.9410 0.1543
vn -0.7864 0.6020 0.1384
vn -0.4151 0.9017 0.1208
vn -0.0744 0.9886 0.1305
vn -0.0751 0.9886 0.1304
vn -0.0749 0.9886 0.1305
vn -0.7290 0.6843 0.0174
vn -0.7290 0.6843 0.0170
vn -0.7290 0.6843 0.0171
vn -0.7290 0.6843 0.0173
vn -0.4203 0.9073 0.0098
vn -0.8744 0.4517 0.1771
vn -0.9734 0.1595 0.1645
vn -0.8890 0.4574 0.0214
vn -0.8891 0.4573 0.0208
vn -0.8867 0.4618 0.0222
vn -0.8863 0.4626 0.0207
vn -0.8867 0.4619 0.0198
vn -0.8890 0.4573 0.0212
vn -0.8890 0.4574 0.0207
vn -0.8863 0.4626 0.0211
vn -0.8890 0.4573 0.0213
vn -0.0996 0.6974 0.7097
vn -0.5578 0.5373 0.6326
vn -0.1172 0.7882 0.6041
vn -0.6875 0.3612 0.6300
vn -0.8826 0.4615 0.0897
vn -0.9824 0.1606 0.0958
vn -0.6760 0.1140 0.7280
vn -0.7679 0.1287 0.6276
vn -0.7680 0.1277 0.6276
vn -0.6953 -0.1094 0.7104
vn -0.9724 -0.1504 0.1787
vn -0.9868 0.1601 0.0232
vn -0.9868 0.1601 0.0229
vn -0.7681 0.1268 0.6276
vn -0.8946 -0.4103 0.1769
vn -0.8941 -0.4116 0.1766
vn -0.8931 -0.4142 0.1758
vn -0.9094 -0.4154 0.0218
vn -0.9094 -0.4155 0.0215
vn -0.9094 -0.4154 0.0219
vn -0.9093 -0.4155 0.0214
vn -0.9094 -0.4154 0.0212
vn -0.9094 -0.4155 0.0216
vn -0.9094 -0.4154 0.0216
vn -0.9093 -0.4155 0.0217
vn -0.6914 -0.3227 0.6463
vn -0.8926 -0.4154 0.1753
vn -0.7264 -0.3431 0.5956
vn -0.8631 -0.2718 0.4256
vn -0.6498 -0.4773 0.5915
vn -0.6420 -0.4785 0.5990
vn -0.6434 -0.4783 0.5977
vn -0.7995 -0.5769 0.1673
vn -0.7998 -0.5765 0.1672
vn -0.7993 -0.5772 0.1673
vn -0.6512 -0.4771 0.5901
vn -0.8117 -0.5838 0.0194
vn -0.8116 -0.5839 0.0191
vn -0.8117 -0.5838 0.0195
vn -0.8116 -0.5839 0.0194
vn -0.7991 -0.5774 0.1674
vn -0.4742 -0.6749 0.5653
vn -0.3831 -0.9093 0.1622
vn -0.2456 -0.6187 0.7462
vn -0.6139 -0.4523 0.6470
vn -0.6760 -0.7332 0.0744
vn -0.6785 -0.7344 0.0159
vn -0.6785 -0.7344 0.0157
vn -0.2188 -0.6338 0.7419
vn -0.3890 -0.9180 0.0770
vn -0.2625 -0.6558 0.7078
vn -0.3063 -0.6282 0.7152
vn -0.3420 -0.6939 0.6337
vn -0.1464 -0.9786 0.1447
vn -0.0870 -0.6803 0.7277
vn -0.3914 -0.9202 0.0093
vn -0.2907 -0.7183 0.6321
vn 0.0783 -0.9969 -0.0018
vn 0.0782 -0.9969 -0.0020
vn 0.0782 -0.9969 -0.0021
vn 0.0782 -0.9969 -0.0019
vn 0.0782 -0.9969 -0.0017
vn 0.0782 -0.9969 -0.0018
vn 0.0751 -0.7641 0.6407
vn 0.0807 -0.9875 0.1354
vn 0.0724 -0.7105 0.6999
vn 0.1940 -0.8184 0.5410
vn 0.0407 -0.0691 0.9968
vn 0.0423 -0.0671 0.9968
vn 0.0410 -0.0699 0.9967
vn 0.0424 -0.0636 0.9971
vn 0.0426 -0.0663 0.9969
vn 0.5836 -0.8119 -0.0142
vn 0.5837 -0.8118 -0.0137
vn 0.4672 -0.6290 0.6214
vn 0.1681 -0.9772 0.1299
vn 0.1208 -0.6046 0.7873
vn 0.2597 -0.7921 0.5525
vn 0.2597 -0.7921 0.5523
vn 0.2597 -0.7921 0.5524
vn 0.2596 -0.7920 0.5525
vn 0.2980 -0.9503 0.0901
vn 0.0429 -0.0622 0.9971
vn 0.0277 -0.1004 0.9946
vn 0.7507 -0.6555 0.0821
vn 0.7144 -0.4462 0.5389
vn 0.4453 -0.3939 0.8041
vn 0.7332 -0.6757 0.0767
vn 0.5416 -0.4200 0.7282
vn 0.1458 0.2215 0.9642
vn 0.1598 0.2456 0.9561
vn 0.8135 -0.5771 0.0716
vn 0.5644 -0.3889 0.7282
vn 0.5643 -0.3889 0.7282
vn 0.4247 -0.9053 -0.0098
vn 0.3446 -0.7028 0.6224
vn 0.8772 -0.4691 0.1022
vn 0.8810 -0.4726 -0.0205
vn 0.9817 -0.1575 0.1071
vn 0.9814 -0.1598 0.1065
vn 0.9819 -0.1539 0.1101
vn 0.7169 -0.1147 0.6877
vn 0.7173 -0.1145 0.6873
vn 0.7170 -0.1146 0.6875
vn 0.6786 -0.3556 0.6427
vn 0.9886 -0.1495 -0.0161
vn 0.9882 -0.1513 -0.0233
vn 0.9883 -0.1510 -0.0221
vn 0.9818 -0.1554 0.1091
vn 0.9887 -0.1490 -0.0141
vn 0.9864 -0.1622 -0.0278
vn 0.7707 -0.1140 0.6269
vn 0.9809 -0.1609 0.1092
vn 0.7269 0.0557 0.6845
vn 0.7858 0.0605 0.6155
vn 0.6739 0.4752 0.5657
vn 0.9952 0.0780 0.0583
vn 0.8100 0.5813 0.0767
vn 0.7495 0.2360 0.6184
vn 0.9520 0.3053 -0.0226
vn 0.8117 0.5838 -0.0191
vn 0.8115 0.5840 -0.0197
vn 0.6443 0.4530 0.6162
vn 0.9069 0.4078 0.1057
vn 0.9069 0.4079 0.1057
vn 0.9006 0.4212 0.1069
vn 0.7999 0.3556 0.4834
vn 0.6251 0.2851 0.7267
vn 0.3395 0.6278 0.7004
vn 0.7287 0.2288 0.6455
vn 0.7338 0.0563 0.6771
vn 0.7337 0.0564 0.6771
vn 0.7338 0.0563 0.6770
vn 0.5746 0.4002 0.7139
vn 0.7167 -0.1148 0.6878
vn 0.0575 0.0096 0.9983
vn 0.0632 0.0031 0.9980
vn 0.0628 0.0037 0.9980
vn 0.0566 0.0105 0.9983
vn 0.0621 0.0329 0.9975
vn 0.0464 0.0186 0.9988
vn 0.0460 0.0187 0.9988
vn 0.0461 0.0197 0.9987
vn 0.0505 0.0194 0.9985
vn 0.0439 0.0319 0.9985
vn 0.0500 0.0202 0.9985
vn 0.0506 0.0185 0.9985
vn 0.0501 0.0184 0.9986
vn 0.0513 0.0195 0.9985
vn 0.7625 0.3380 0.5517
vn 0.0449 0.0306 0.9985
vn 0.5008 0.6754 0.5413
vn 0.0436 0.0344 0.9985
vn 0.0431 0.0065 0.9990
vn 0.0457 0.0070 0.9989
vn 0.0425 0.0063 0.9991
vn 0.0468 0.0073 0.9989
vn 0.2826 0.6231 0.7293
vn 0.3908 0.9106 0.1343
vn 0.2537 0.6395 0.7257
vn 0.2981 0.6623 0.6874
vn 0.4566 0.8822 0.1152
vn 0.3912 0.9125 0.1193
vn 0.0238 0.0001 0.9997
vn -0.6645 0.3427 0.6641
vn 0.0886 0.0584 0.9944
vn -0.0752 0.9886 0.1304
vn -0.0381 0.6960 0.7171
vn -0.0469 0.7112 0.7014
vn 0.3914 0.9202 -0.0093
vn 0.1300 0.6932 0.7089
vn 0.6786 0.7343 -0.0157
vn -0.0571 0.7988 0.5989
vn 0.5426 0.5710 0.6161
vn 0.1422 0.7827 0.6060
vn -0.4806 0.3102 0.8203
vn -0.5711 0.3271 0.7529
vn -0.9010 0.4333 0.0223
vn -0.9023 0.4307 0.0194
vn -0.9006 0.4341 0.0231
vn -0.9027 0.4299 0.0186
vn -0.3394 0.6079 0.7178
vn -0.3229 0.5809 0.7472
vn -0.4653 0.8250 0.3207
vn -0.4658 0.8249 0.3203
vn -0.4651 0.8250 0.3208
vn -0.5209 0.7841 0.3375
vn 0.1150 0.6914 0.7133
vn 0.1174 0.7066 0.6978
vn 0.1290 0.9468 0.2949
vn -0.5318 0.7817 0.3260
vn 0.5118 0.4645 0.7227
vn 0.2725 0.2789 0.9208
vn 0.1338 0.9406 0.3120
vn 0.7017 0.6526 0.2859
vn 0.1289 0.6952 0.7072
vn 0.1290 0.6927 0.7096
vn 0.1289 0.6992 0.7032
vn -0.3383 0.5743 0.7454
vn -0.3478 0.5815 0.7355
vn 0.1288 0.7018 0.7006
vn 0.0689 0.0475 0.9965
vn 0.6966 0.6772 0.2368
vn 0.5871 0.5438 0.5997
vn 0.5228 0.4963 0.6931
vn 0.1050 0.0341 0.9939
vn 0.0608 0.0289 0.9977
vn 0.0621 0.0293 0.9976
vn 0.0597 0.0287 0.9978
vn 0.0473 0.0323 0.9984
vn 0.0696 0.0293 0.9971
vn 0.0711 0.0351 0.9969
vn 0.0694 0.0286 0.9972
vn 0.0712 0.0626 0.9955
vn 0.0700 0.0276 0.9972
vn 0.0717 0.0374 0.9967
vn 0.0538 0.0287 0.9981
vn 0.0525 0.0276 0.9982
vn 0.0499 0.0255 0.9984
vn 0.0525 0.0269 0.9983
vn 0.0896 0.0469 0.9949
vn 0.0458 0.0221 0.9987
vn 0.7236 -0.0000 0.6902
vn 0.0509 0.1073 0.9929
vn 0.9478 -0.1231 0.2942
vn 0.9477 -0.1236 0.2942
vn 0.9475 -0.1245 0.2944
vn 0.9475 -0.1247 0.2945
vn 0.3345 -0.0481 0.9412
vn 0.3415 -0.0421 0.9389
vn 0.3341 -0.0465 0.9414
vn 0.3425 -0.0420 0.9386
vn 0.7163 -0.1012 0.6905
vn 0.7204 -0.0956 0.6870
vn 0.7195 -0.0952 0.6880
vn 0.7203 -0.0955 0.6871
vn 0.9200 -0.1457 0.3638
vn 0.7205 -0.0955 0.6869
vn 0.3916 -0.0610 0.9181
vn 0.0408 -0.0107 0.9991
vn -0.0244 0.0290 0.9993
vn 0.0989 0.0151 0.9950
vn 0.0885 0.0187 0.9959
vn 0.0852 0.0186 0.9962
vn 0.0850 0.0183 0.9962
vn 0.0892 0.0186 0.9958
vn 0.0233 -0.0000 0.9997
vn 0.0666 0.0147 0.9977
vn -0.6707 0.1267 0.7308
vn -0.6698 0.1269 0.7316
vn -0.6694 0.1269 0.7320
vn -0.6710 0.1264 0.7306
vn -0.6886 0.1253 0.7142
vn -0.6735 0.1247 0.7286
vn 0.8797 -0.1527 0.4504
vn 0.8822 -0.1285 0.4530
vn 0.8817 -0.1307 0.4533
vn 0.8821 -0.1291 0.4531
vn 0.8826 -0.1281 0.4524
vn 0.8829 -0.1239 0.4528
vn 0.8832 -0.1225 0.4527
vn 0.8815 -0.1318 0.4535
vn 0.8835 -0.1200 0.4527
vn 0.8828 -0.1269 0.4522
vn 0.8833 -0.1252 0.4518
vn 0.0901 -0.0110 0.9959
vn 0.1385 0.1905 -0.9719
vn -0.2953 -0.1095 -0.9491
vn -0.0003 0.0623 -0.9981
vn 0.0085 0.0607 -0.9981
vn 0.0094 0.0405 -0.9991
vn -0.0235 0.0587 -0.9980
vn 0.0604 -0.0144 -0.9981
vn 0.0596 0.0490 -0.9970
vn -0.2893 -0.1839 0.9394
vn 0.0236 0.0328 0.9992
vn 0.0556 0.0428 0.9975
vn 0.0536 0.0473 0.9974
vn 0.0526 0.0491 0.9974
vn 0.0563 0.0408 0.9976
vn 0.0565 0.0607 0.9966
vn 0.0237 0.0594 0.9980
vn 0.0578 -0.0061 0.9983
vn 0.1068 -0.0138 0.9942
vn 0.1068 -0.0143 0.9942
vn 0.1067 -0.0126 0.9942
vn 0.0544 -0.8968 0.4391
vn 0.1062 0.0488 0.9931
vn 0.1061 -0.0171 0.9942
vn 0.1086 -0.0115 0.9940
vn 0.0396 -0.8968 0.4408
vn -0.0108 -0.9998 -0.0185
vn 0.0008 -0.9995 0.0330
vn -0.0055 -1.0000 0.0056
vn -0.0055 -1.0000 0.0058
vn -0.0055 -1.0000 0.0057
vn -0.0118 -0.9997 -0.0208
vn -0.0063 -1.0000 -0.0000
vn -0.0063 -1.0000 0.0003
vn -0.0069 -1.0000 -0.0022
vn -0.0092 -0.9999 -0.0102
vn -0.0102 -0.9999 -0.0134
vn 0.1013 -0.6683 0.7369
vn 0.1203 -0.0161 0.9926
vn 0.1766 -0.9843 0.0034
vn 0.1752 -0.9845 0.0029
vn 0.1764 -0.9843 0.0032
vn 0.1821 -0.9833 0.0059
vn 0.6322 -0.7129 0.3035
vn 0.7330 -0.6801 0.0120
vn 0.7238 -0.6900 0.0065
vn 0.7322 -0.6805 0.0259
vn 0.5701 -0.7574 0.3182
vn 0.7398 -0.6725 -0.0178
vn 0.6249 -0.7793 0.0463
vn 0.6217 -0.7796 -0.0758
vn 0.5548 -0.8319 -0.0132
vn 0.5548 -0.8319 -0.0134
vn 0.5545 -0.8321 -0.0132
vn 0.5548 -0.8319 -0.0135
vn 0.5548 -0.8319 -0.0130
vn 0.5553 -0.8307 0.0393
vn 0.5551 -0.8309 0.0393
vn 0.5668 -0.8227 0.0436
vn 0.5555 -0.8306 0.0393
vn -0.0000 1.0000 -0.0000
vn -0.0000 1.0000 0.0001
vn 0.4457 -0.8933 -0.0589
vn 0.7269 -0.5632 0.3931
vn 0.6656 -0.6566 0.3547
vn 0.5324 -0.7897 0.3048
vn 0.8064 -0.4984 0.3182
vn 0.1202 0.0044 0.9927
vn 0.1203 0.0031 0.9927
vn 0.1202 0.0015 0.9927
vn 0.1203 -0.0000 0.9927
vn -0.0000 -1.0000 0.0012
vn -0.0000 -1.0000 -0.0010
vn -0.0000 -1.0000 -0.0012
vn -0.0000 -1.0000 0.0003
vn -0.0000 1.0000 0.0002
vn -0.0000 -1.0000 -0.0003
vn -0.0000 -1.0000 -0.0001
vn -0.0000 1.0000 -0.0001
vn 0.5893 -0.8049 -0.0697
vn -0.0000 -1.0000 0.0001
vn 0.5522 -0.8302 -0.0766
vn 0.3738 -0.8889 -0.2648
vn 0.5431 -0.7866 -0.2936
vn 0.6567 -0.6642 -0.3573
vn -0.0234 -0.0000 -0.9997
vn 0.0723 -0.0000 -0.9974
vn 0.0723 0.0454 -0.9963
vn -0.0234 -0.1960 -0.9803
vn 0.2924 0.0630 -0.9542
vn 0.0754 -0.1577 -0.9846
vn -0.0023 -0.7153 -0.6988
vn 0.5831 -0.8114 -0.0394
vn 0.6957 0.0542 -0.7163
vn 0.7009 0.0549 -0.7112
vn 0.6989 0.0546 -0.7131
vn 0.0188 -0.9989 -0.0429
vn 0.8126 -0.5788 -0.0690
vn -0.0241 0.0333 -0.9992
vn -0.0243 0.0328 -0.9992
vn -0.0239 0.0338 -0.9991
vn -0.0238 0.0340 -0.9991
vn -0.6779 -0.4779 -0.5586
vn -0.7274 -0.1464 -0.6704
vn -0.7292 -0.1472 -0.6683
vn -0.7322 -0.1485 -0.6647
vn -0.7340 -0.1492 -0.6626
vn -0.8107 -0.5837 0.0448
vn 0.0057 -1.0000 0.0058
vn 0.0053 -1.0000 -0.0063
vn 0.0054 -1.0000 -0.0036
vn -0.4630 -0.8860 -0.0249
vn -0.9729 -0.2309 0.0086
vn -0.4627 -0.8865 0.0001
vn -0.7101 0.1112 -0.6952
vn -0.7101 0.1113 -0.6952
vn -0.7102 0.1110 -0.6952
vn 0.0056 -1.0000 0.0058
vn 0.5842 -0.8116 0.0119
vn 0.0205 -0.7076 0.7064
vn 0.0204 -0.7095 0.7044
vn 0.0201 -0.7126 0.7013
vn -0.4129 -0.6030 0.6826
vn 0.4917 -0.6651 0.5620
vn 0.0200 -0.7147 0.6992
vn 0.9988 0.0436 -0.0236
vn 0.9986 0.0459 -0.0261
vn 0.9990 0.0386 -0.0217
vn 0.9987 0.0441 -0.0236
vn 0.9988 0.0427 -0.0228
vn 0.9987 0.0447 -0.0243
vn 0.9988 0.0447 -0.0189
vn 0.9986 0.0447 -0.0286
vn 0.9987 0.0448 -0.0241
vn 0.9987 0.0448 -0.0242
vn 0.9973 0.0594 -0.0433
vn 0.9983 0.0498 -0.0309
vn 0.9540 0.2007 -0.2228
vn 0.9690 0.1263 -0.2124
vn 0.9991 0.0382 -0.0207
vn 0.9987 0.0469 -0.0178
vn 0.7264 0.0549 0.6851
vn 0.7284 0.0547 0.6830
vn 0.7317 0.0542 0.6795
vn -0.9792 -0.2014 0.0232
vn -0.9783 -0.2020 0.0454
vn 0.0236 0.0325 0.9992
vn 0.0235 0.0327 0.9992
vn 0.0237 0.0321 0.9992
vn 0.7337 0.0540 0.6773
vn -0.6388 -0.1317 0.7580
vn -0.6347 -0.1312 0.7615
vn -0.6411 -0.1320 0.7560
vn -0.6323 -0.1309 0.7636
vn 0.0239 0.0318 0.9992
vn -0.9726 -0.2320 -0.0133
vn -0.9856 0.1575 0.0608
vn -0.8003 -0.5995 -0.0083
vn -0.8003 -0.5995 -0.0084
vn -0.8003 -0.5995 -0.0082
vn -0.9861 0.1645 0.0233
vn -0.6831 0.1166 0.7209
vn -0.9872 0.1577 0.0233
vn -0.1648 -0.9863 0.0002
vn -0.1641 -0.9864 0.0033
vn -0.1642 -0.9864 0.0011
vn -0.1647 -0.9863 0.0039
vn -0.9874 0.1579 -0.0145
vn -0.8230 -0.5677 0.0195
vn -0.9316 -0.3634 -0.0083
vn -0.7217 -0.6908 0.0439
vn -0.7363 -0.6755 0.0398
vn -0.9283 -0.3681 0.0526
vn -0.7233 -0.6905 -0.0108
vn -0.7374 -0.6755 -0.0058
vn -0.5726 -0.3971 -0.7172
vn -0.5725 -0.3978 -0.7170
vn -0.5715 -0.4000 -0.7165
vn -0.6555 -0.4616 0.5977
vn -0.6552 -0.4615 0.5980
vn -0.6556 -0.4617 0.5975
vn -0.5455 -0.3886 -0.7426
vn -0.5710 -0.4004 -0.7167
vn -0.8050 -0.5930 0.0192
vn -0.8092 -0.5872 0.0205
vn -0.6198 -0.5514 -0.5583
vn -0.0105 0.7020 -0.7121
vn -0.0104 0.7053 -0.7089
vn -0.0104 0.7034 -0.7107
vn -0.0132 0.9515 -0.3075
vn -0.0103 0.7069 -0.7073
vn 0.8603 0.2727 -0.4308
vn -0.0592 0.9748 -0.2153
vn -0.0747 0.9680 -0.2397
vn 0.1574 0.9875 -0.0105
vn 0.6679 -0.4130 -0.6191
vn 0.8659 -0.3234 -0.3816
vn 0.8002 0.5997 0.0062
vn 0.3171 0.9484 -0.0075
vn 0.8461 0.5331 0.0050
vn 0.8545 -0.5183 -0.0336
vn 0.8522 -0.5223 -0.0307
vn 0.8527 -0.5215 -0.0312
vn 0.8548 -0.5178 -0.0341
vn 0.6451 0.4774 -0.5966
vn 0.6759 -0.1154 -0.7279
vn 0.6758 -0.1154 -0.7280
vn 0.6757 -0.1154 -0.7281
vn 0.6760 -0.1153 -0.7278
vn 0.6937 0.0539 -0.7183
vn 0.8001 0.5998 0.0062
vn 0.8100 0.5863 0.0076
vn 0.9845 -0.1741 -0.0233
vn 0.9873 -0.1576 -0.0219
vn 0.9897 -0.1416 -0.0234
vn 0.9920 -0.1240 -0.0234
vn 0.9845 -0.1740 -0.0233
vn 0.9849 -0.1715 -0.0236
vn 0.9856 -0.1671 -0.0240
vn 0.9861 -0.1646 -0.0241
vn 0.9897 -0.1413 -0.0234
vn 0.9881 -0.1416 -0.0596
vn 0.9384 -0.3393 -0.0660
vn 0.9993 0.0370 -0.0085
vn 0.9992 0.0382 -0.0099
vn 0.9991 0.0415 -0.0102
vn 0.9988 0.0451 -0.0177
vn 0.9986 0.0479 -0.0223
vn 0.9992 0.0393 -0.0084
vn 0.9991 0.0416 -0.0124
vn 0.9992 0.0383 -0.0067
vn 0.9326 0.1783 -0.3137
vn 0.9989 0.0439 -0.0150
vn 0.9988 0.0220 0.0427
vn 0.9993 0.0382 -0.0002
vn 0.9989 0.0433 -0.0171
vn 0.9987 0.0475 -0.0181
vn 0.9434 -0.3312 0.0175
vn 0.8194 0.5731 0.0050
vn 0.8001 0.5997 0.0104
vn 0.7172 -0.1121 0.6877
vn 0.6723 0.4942 0.5512
vn 0.8970 -0.1476 0.4167
vn 0.8572 -0.5145 -0.0229
vn 0.8568 -0.5151 -0.0227
vn 0.8548 -0.5185 -0.0207
vn 0.8544 -0.5193 -0.0202
vn 0.7907 -0.4686 0.3939
vn 0.6879 -0.2484 0.6820
vn 0.1739 0.9848 -0.0021
vn 0.1576 0.9875 -0.0064
vn 0.1582 0.9874 -0.0037
vn 0.1620 0.9868 -0.0040
vn 0.1583 0.9874 -0.0063
vn 0.8001 0.5998 0.0104
vn 0.2021 0.9788 0.0318
vn 0.2298 0.9726 0.0344
vn 0.1644 0.9864 -0.0039
vn 0.7810 0.6237 0.0326
vn 0.7022 0.7110 0.0374
vn -0.0011 0.9810 0.1941
vn -0.0008 0.9805 0.1967
vn -0.0007 0.9811 0.1935
vn 0.0015 0.9808 0.1949
vn 0.0023 0.9810 0.1941
vn -0.0055 1.0000 -0.0046
vn -0.0054 1.0000 -0.0013
vn -0.0055 1.0000 -0.0032
vn -0.0054 1.0000 -0.0000
vn -0.0069 0.9881 -0.1536
vn -0.6971 -0.6479 0.3070
vn -0.6497 -0.4813 0.5884
vn -0.6623 -0.5189 0.5405
vn 0.0608 0.1971 -0.9785
vn -0.0238 -0.0002 -0.9997
vn -0.0237 -0.0002 -0.9997
vn 0.0669 -0.0264 -0.9974
vn -0.6216 0.4378 -0.6496
vn -0.7168 0.1142 -0.6879
vn -0.7168 0.1143 -0.6879
vn -0.4921 0.6627 -0.5645
vn -0.7648 0.3927 -0.5109
vn -0.7325 -0.0281 -0.6802
vn -0.7168 0.1143 -0.6878
vn -0.8980 0.1450 -0.4154
vn -0.2526 0.6260 -0.7378
vn -0.2181 0.6394 -0.7373
vn -0.2163 0.6381 -0.7390
vn -0.2163 0.6383 -0.7388
vn -0.5661 0.8204 -0.0809
vn -0.2185 0.6393 -0.7372
vn -0.3007 0.9501 -0.0830
vn -0.7238 0.6759 -0.1387
vn -0.8799 0.4556 -0.1352
vn -0.8818 0.4516 -0.1361
vn -0.8811 0.4530 -0.1358
vn -0.8792 0.4570 -0.1350
vn -0.9800 0.1594 -0.1187
vn -0.8858 0.4615 -0.0481
vn -0.9858 0.1608 -0.0495
vn -0.6525 0.6019 -0.4603
vn -0.5837 0.8118 0.0137
vn -0.3424 0.7070 -0.6188
vn -0.4211 0.9059 -0.0451
vn -0.4901 0.6626 -0.5663
vn -0.7342 0.3705 -0.5689
vn -0.1962 0.5695 -0.7982
vn -0.2599 0.7929 -0.5511
vn -0.0893 0.9941 -0.0613
vn -0.0769 0.6753 -0.7335
vn 0.0973 0.6925 -0.7148
vn 0.1573 0.9781 -0.1360
vn 0.1581 0.9780 -0.1361
vn 0.1568 0.9782 -0.1360
vn -0.1666 0.9860 0.0041
vn -0.1513 0.8163 -0.5574
vn 0.1611 0.9869 -0.0037
vn 0.1173 0.8028 -0.5845
vn 0.1566 0.9783 -0.1360
vn -0.0448 0.7163 -0.6964
vn 0.0977 0.7004 -0.7071
vn 0.8049 0.5931 -0.0187
vn 0.6429 0.4837 -0.5939
vn 0.2858 0.8061 -0.5182
vn -0.0047 0.0339 -0.9994
vn -0.0034 0.0302 -0.9995
vn -0.0042 0.0336 -0.9994
vn 0.5881 0.6468 -0.4856
vn 0.5905 0.6423 -0.4886
vn 0.5874 0.6477 -0.4853
vn 0.5906 0.6415 -0.4896
vn 0.6718 0.7298 -0.1266
vn 0.5429 0.5933 -0.5943
vn 0.5755 0.8019 -0.1605
vn 0.4707 0.6703 -0.5736
vn 0.8004 0.5783 -0.1580
vn 0.8004 0.5782 -0.1580
vn 0.8003 0.5783 -0.1581
vn 0.3281 0.6423 -0.6927
vn -0.0004 0.0245 -0.9997
vn 0.6505 0.4779 -0.5903
vn 0.0002 0.0230 -0.9997
vn 0.4920 0.4917 -0.7185
vn 0.0085 0.0103 -0.9999
vn 0.0143 0.0036 -0.9999
vn 0.0093 0.0093 -0.9999
vn 0.6185 0.2042 -0.7588
vn 0.6185 0.2041 -0.7588
vn 0.0148 0.0030 -0.9999
vn 0.9425 0.3033 -0.1403
vn -0.0255 0.0495 -0.9984
vn -0.0268 0.0483 -0.9985
vn -0.0235 0.0513 -0.9984
vn -0.0301 0.0453 -0.9985
vn 0.6470 0.1036 -0.7554
vn 0.7009 0.0562 -0.7110
vn 0.8095 0.5832 -0.0674
vn 0.9842 0.1537 -0.0879
vn 0.4580 0.3433 -0.8200
vn 0.7775 0.1218 -0.6170
vn 0.7766 0.1276 -0.6169
vn 0.7757 0.1335 -0.6168
vn 0.6055 0.0960 -0.7901
vn 0.9870 -0.1595 -0.0203
vn 0.9867 -0.1610 -0.0237
vn 0.9886 -0.1491 -0.0228
vn 0.9748 -0.1594 -0.1561
vn 0.9749 -0.1596 -0.1551
vn 0.9765 -0.1486 -0.1562
vn 0.9885 -0.1492 -0.0232
vn 0.9885 -0.1491 -0.0233
vn 0.7628 -0.1171 -0.6359
vn 0.9766 -0.1478 -0.1560
vn 0.6544 -0.2503 -0.7135
vn -0.1206 -0.0320 -0.9922
vn -0.0643 0.0152 -0.9978
vn 0.9788 -0.1250 -0.1620
vn 0.9445 -0.0798 -0.3187
vn 0.7342 -0.6787 -0.0173
vn 0.5658 -0.5365 -0.6261
vn 0.8702 -0.4685 -0.1523
vn 0.6384 -0.3511 -0.6850
vn 0.8818 -0.2843 -0.3764
vn 0.1151 0.2336 -0.9655
vn 0.0936 0.2086 -0.9735
vn 0.8086 -0.5767 -0.1165
vn 0.5295 -0.3889 -0.7539
vn 0.4748 -0.6783 -0.5607
vn 0.4505 -0.6465 -0.6157
vn 0.4504 -0.6465 -0.6158
vn 0.4505 -0.6464 -0.6157
vn 0.3898 -0.5579 -0.7327
vn 0.7281 -0.6753 -0.1179
vn 0.7281 -0.6752 -0.1180
vn 0.4187 -0.4045 -0.8131
vn 0.5914 -0.5590 -0.5812
vn 0.3701 -0.7277 -0.5775
vn 0.0001 0.1121 -0.9937
vn -0.0015 0.1081 -0.9941
vn 0.0025 0.1177 -0.9930
vn 0.0071 0.1310 -0.9914
vn 0.0040 0.1212 -0.9926
vn 0.4108 -0.9050 -0.1104
vn 0.3053 -0.7017 -0.6438
vn 0.0861 -0.6199 -0.7799
vn 0.1606 -0.9739 -0.1607
vn 0.0275 -0.9878 -0.1531
vn 0.0061 -0.7158 -0.6983
vn 0.0060 -0.7158 -0.6983
vn 0.0061 -0.7158 -0.6982
vn -0.0312 0.2677 -0.9630
vn 0.0743 -0.9874 -0.1394
vn 0.0468 -0.7862 -0.6162
vn -0.3280 -0.7378 -0.5900
vn -0.1531 -0.9785 -0.1380
vn -0.1530 -0.9785 -0.1380
vn -0.1231 -0.6945 -0.7089
vn -0.1239 -0.7014 -0.7019
vn -0.3151 -0.8139 -0.4882
vn 0.0189 0.1137 -0.9933
vn -0.3458 -0.6407 -0.6855
vn -0.3806 -0.7128 -0.5891
vn -0.6765 -0.7292 -0.1026
vn -0.5033 -0.6790 -0.5345
vn -0.5032 -0.6790 -0.5345
vn -0.5818 -0.8006 -0.1434
vn 0.0389 0.0864 -0.9955
vn 0.0712 0.0692 -0.9951
vn 0.1130 0.0623 -0.9916
vn -0.6825 -0.4803 -0.5509
vn -0.6751 -0.4816 -0.5588
vn -0.6812 -0.4805 -0.5523
vn -0.6739 -0.4818 -0.5602
vn -0.7633 -0.3436 -0.5472
vn -0.7638 -0.3429 -0.5468
vn -0.7590 -0.3456 -0.5518
vn -0.7585 -0.3453 -0.5527
vn -0.8063 -0.5772 -0.1298
vn -0.8067 -0.5765 -0.1296
vn -0.8063 -0.5771 -0.1298
vn -0.8059 -0.5776 -0.1300
vn -0.9003 -0.4142 -0.1338
vn -0.8998 -0.4154 -0.1334
vn -0.9014 -0.4116 -0.1345
vn -0.6606 -0.4650 -0.5895
vn -0.9019 -0.4104 -0.1349
vn -0.9797 -0.1502 -0.1329
vn -0.7401 -0.3315 -0.5851
vn -0.8163 0.1311 -0.5625
vn -0.8164 0.1303 -0.5626
vn -0.7414 -0.1116 -0.6617
vn -0.8162 0.1319 -0.5625
vn -0.7233 0.1162 -0.6807
vn 0.1852 0.1624 0.9692
vn 0.2642 -0.0965 0.9596
vn 0.0234 0.1964 0.9803
vn 0.1198 0.0259 0.9925
vn 0.7313 -0.5226 -0.4382
vn 0.8643 -0.1515 -0.4796
vn 0.8439 -0.1481 -0.5157
vn 0.8718 -0.1524 -0.4655
vn 0.8260 -0.2336 -0.5130
vn 0.8525 -0.2426 -0.4629
vn 0.9851 -0.1702 -0.0245
vn 0.9851 -0.1701 -0.0250
vn 0.9849 -0.1715 -0.0234
vn 0.8348 -0.2378 -0.4966
vn 0.9582 -0.2852 -0.0240
vn 0.9581 -0.2857 -0.0226
vn 0.9584 -0.2840 -0.0266
vn 0.9588 -0.2836 -0.0180
vn 0.8738 -0.1510 -0.4623
vn 0.8729 -0.1683 -0.4579
vn 0.9849 -0.1714 -0.0233
vn 0.9851 -0.1704 -0.0234
vn 0.9853 -0.1691 -0.0235
vn 0.9847 -0.1724 -0.0233
vn 0.9855 -0.1682 -0.0236
vn 0.5855 0.8105 -0.0154
vn 0.5879 0.8088 -0.0139
vn 0.5997 0.8001 -0.0142
vn 0.9583 -0.2852 -0.0176
vn 0.6536 0.7093 0.2639
vn 0.6549 0.7187 0.2335
vn 0.7839 0.6194 0.0427
vn 0.7838 0.6195 0.0426
vn 0.8471 0.1103 0.5199
vn 0.8303 0.1806 0.5272
vn 0.8939 -0.1683 0.4155
vn 0.8915 -0.1464 0.4287
vn 0.9582 -0.2855 -0.0162
vn 0.7838 0.6195 0.0425
vn 0.8149 -0.1332 0.5641
vn 0.6595 0.7069 0.2557
vn 0.7972 0.5058 0.3297
vn 0.6543 0.4271 0.6241
vn 0.8972 0.0869 0.4329
vn 0.8106 0.5131 0.2821
vn 0.8183 0.4991 0.2852
vn 0.6751 0.4815 0.5589
vn 0.8477 0.1354 0.5129
vn 0.7443 0.4677 0.4768
vn 0.1365 0.8904 0.4341
vn 0.1363 0.8922 0.4306
vn 0.1359 0.8906 0.4341
vn 0.1366 0.8925 0.4299
vn 0.1530 0.3954 0.9057
vn 0.6778 -0.1738 0.7144
vn 0.8746 -0.2511 0.4148
vn 0.8196 -0.2148 0.5312
vn 0.8482 -0.2329 0.4756
vn 0.4462 -0.1049 0.8888
vn 0.6589 -0.1756 0.7315
vn 0.8652 -0.1533 0.4774
vn 0.8960 -0.1533 0.4167
vn 0.8359 -0.1323 0.5326
vn 0.8332 -0.1420 0.5344
vn 0.8346 -0.1343 0.5343
vn 0.8896 -0.1518 0.4308
vn 0.8905 -0.1464 0.4308
vn 0.8910 -0.1432 0.4308
vn 0.9852 -0.1701 -0.0215
vn 0.9852 -0.1702 -0.0222
vn 0.8349 -0.1318 0.5343
vn 0.8913 -0.1412 0.4309
vn 0.7070 -0.1275 0.6956
vn 0.4605 -0.0811 0.8839
vn 0.9851 -0.1706 -0.0233
vn 0.5864 -0.8099 -0.0139
vn -0.1623 -0.9867 0.0038
vn -0.1621 -0.9868 0.0042
vn -0.1619 -0.9868 0.0038
vn -0.1623 -0.9867 0.0039
vn -0.1621 -0.9868 0.0035
vn 0.9871 -0.1581 -0.0233
vn 0.9872 -0.1577 -0.0233
vn 0.9871 -0.1581 -0.0234
vn 0.9872 -0.1580 -0.0234
vn 0.9872 -0.1576 -0.0233
vn 0.6781 0.7348 -0.0160
vn 0.6781 0.7348 -0.0161
vn 0.8570 -0.1352 0.4972
vn -0.1617 -0.9868 0.0045
vn 0.6387 -0.5775 -0.5086
vn 0.6244 -0.6050 -0.4940
vn -0.1607 -0.9870 0.0047
vn 0.6802 -0.1118 -0.7245
vn 0.6746 0.7275 0.1254
vn 0.9926 -0.1195 -0.0235
vn 0.9926 -0.1193 -0.0235
vn 0.8870 -0.1079 -0.4489
vn 0.8060 -0.1483 -0.5731
vn 0.2020 -0.7211 -0.6627
vn -0.1597 -0.9871 0.0048
vn -0.0247 -0.0009 -0.9997
vn -0.0310 -0.0105 -0.9995
vn -0.0304 -0.0091 -0.9995
vn 0.7109 0.4982 -0.4964
vn 0.4074 0.8891 -0.2085
vn 0.4073 0.8893 -0.2080
vn 0.4079 0.8885 -0.2103
vn 0.4080 0.8883 -0.2106
vn 0.2560 -0.8793 -0.4015
vn 0.6909 -0.1139 -0.7139
vn -0.1591 -0.9872 0.0050
vn 0.4517 0.3250 -0.8308
vn 0.6766 -0.1113 -0.7279
vn 0.2929 0.9011 -0.3197
vn 0.2929 0.9014 -0.3190
vn 0.2953 0.9028 -0.3126
vn 0.2958 0.9028 -0.3122
vn -0.2447 -0.6150 -0.7496
vn -0.3464 -0.9306 -0.1184
vn 0.0376 -0.0140 -0.9992
vn 0.0327 -0.0132 -0.9994
vn 0.0349 -0.0094 -0.9993
vn -0.2602 -0.6660 -0.6991
vn -0.0286 -0.0136 -0.9995
vn -0.3536 -0.9321 0.0781
vn 0.3369 0.8990 -0.2797
vn -0.6446 -0.7393 0.1946
vn -0.5161 -0.5705 -0.6389
vn -0.6329 -0.7449 -0.2111
vn 0.3660 0.9306 -0.0086
vn 0.6442 0.7647 -0.0153
vn 0.3740 0.7468 -0.5498
vn -0.7097 0.1148 -0.6951
vn -0.7102 0.1120 -0.6951
vn -0.7096 0.1155 -0.6951
vn -0.7102 0.1114 -0.6951
vn 0.2260 0.6515 -0.7242
vn 0.2591 0.7342 -0.6276
vn 0.5560 0.6852 -0.4705
vn 0.5574 0.6863 -0.4672
vn 0.5562 0.6853 -0.4701
vn 0.5130 0.7515 -0.4148
vn 0.4604 0.5683 -0.6820
vn 0.5573 0.6865 -0.4670
vn 0.4312 0.8484 -0.3072
vn 0.3436 0.8318 -0.4358
vn -0.0234 0.0002 -0.9997
vn 0.7999 0.5999 -0.0187
vn -0.6980 0.1100 -0.7076
vn -0.0407 0.0086 -0.9991
vn -0.0418 0.0018 -0.9991
vn -0.0418 0.0022 -0.9991
vn -0.4493 0.0790 -0.8899
vn -0.4500 0.0743 -0.8899
vn -0.4509 0.0697 -0.8899
vn 0.4626 0.8865 -0.0108
vn -0.8045 0.1456 -0.5758
vn -0.8029 0.1456 -0.5781
vn -0.8036 0.1456 -0.5771
vn -0.4508 0.0699 -0.8899
vn -0.8052 0.1456 -0.5749
vn -0.4508 0.0698 -0.8899
vn -0.8080 0.1287 -0.5750
vn -0.1692 0.8265 -0.5369
vn -0.9834 0.1809 0.0113
vn -0.9834 0.1808 0.0146
vn -0.9833 0.1804 0.0222
vn -0.2994 0.8621 -0.4089
vn 0.4324 0.8449 -0.3148
vn 0.3089 0.8862 -0.3453
vn 0.1581 0.9874 -0.0038
vn 0.1612 0.9869 -0.0039
vn 0.1607 0.9870 -0.0038
vn 0.1630 0.9866 -0.0082
vn 0.1608 0.9870 -0.0078
vn 0.1642 0.9864 -0.0106
vn 0.1641 0.9864 -0.0038
vn 0.1637 0.9865 -0.0032
vn 0.1645 0.9864 -0.0039
vn 0.1627 0.9867 -0.0042
vn 0.1581 0.9874 -0.0037
vn -0.8055 0.1270 -0.5788
vn -0.8056 0.1263 -0.5788
vn -0.8056 0.1262 -0.5788
vn -0.8915 0.1456 -0.4291
vn -0.8913 0.1405 -0.4310
vn -0.8913 0.1420 -0.4305
vn -0.7471 -0.6496 0.1410
vn -0.6547 -0.7321 -0.1884
vn -0.6761 -0.7364 0.0256
vn -0.6800 -0.7332 0.0089
vn -0.8915 0.1470 -0.4284
vn -0.6669 -0.7036 -0.2453
vn -0.6273 -0.7191 -0.2988
vn -0.9091 -0.2323 -0.3456
vn -0.8856 -0.2697 -0.3782
vn -0.7112 -0.6901 0.1339
vn -0.6923 -0.6622 -0.2868
vn -0.9501 -0.1509 -0.2731
vn -0.8081 -0.5890 -0.0087
vn -0.9861 0.1645 0.0236
vn -0.9863 0.1630 0.0234
vn -0.9031 -0.2700 -0.3340
vn -0.9571 -0.2889 0.0230
vn -0.9571 -0.2890 0.0225
vn -0.8347 0.1325 -0.5345
vn -0.8350 0.1324 -0.5340
vn -0.8350 0.1324 -0.5341
vn -0.9897 0.1410 0.0235
vn -0.9898 0.1409 0.0231
vn -0.9897 0.1410 0.0232
vn -0.6962 0.1094 -0.7095
vn -0.6959 0.1112 -0.7095
vn -0.6957 0.1124 -0.7095
vn -0.9897 0.1409 0.0234
vn -0.6956 0.1131 -0.7095
vn -0.9865 0.1621 0.0234
vn -0.9861 0.1646 0.0236
vn -0.9864 0.1628 0.0234
vn -0.8347 0.1325 -0.5346
vn -0.7254 0.1143 -0.6788
vn -0.5152 0.3197 -0.7952
vn -0.4637 0.0794 -0.8824
vn -0.6980 0.4199 -0.5801
vn -0.7513 0.4541 -0.4789
vn -0.8404 0.5416 0.0199
vn -0.9864 0.1628 0.0233
vn -0.9898 0.1408 0.0236
vn -0.9898 0.1407 0.0234
vn -0.9864 0.1629 0.0233
vn -0.9865 0.1621 0.0232
vn -0.9897 0.1410 0.0241
vn -0.9861 0.1642 0.0233
vn -0.9865 0.1619 0.0232
vn -0.9862 0.1638 0.0233
vn -0.8066 -0.5891 0.0480
vn -0.8690 0.1469 0.4726
vn -0.8723 0.1258 0.4726
vn -0.9378 -0.1475 0.3144
vn -0.8175 -0.5757 0.0122
vn -0.9870 0.1590 0.0237
vn -0.6917 0.4503 0.5647
vn -0.8099 0.1225 0.5737
vn -0.8106 0.1228 0.5726
vn -0.8118 0.1233 0.5708
vn -0.6590 0.4327 0.6152
vn -0.8895 -0.2710 0.3680
vn -0.7346 0.4804 0.4791
vn -0.9866 0.1613 0.0233
vn -0.9867 0.1609 0.0232
vn -0.9867 0.1610 0.0233
vn -0.8124 0.1236 0.5698
vn -0.8868 -0.2400 0.3949
vn 0.0209 -0.0167 0.9996
vn -0.6724 -0.7400 0.0159
vn -0.5461 -0.8009 0.2456
vn -0.6544 -0.4805 0.5838
vn -0.6842 -0.7292 0.0162
vn -0.6196 -0.7775 0.1081
vn -0.8116 -0.5840 0.0144
vn -0.6698 0.1232 0.7322
vn -0.8105 -0.5854 0.0210
vn -0.8673 0.1403 0.4775
vn -0.3109 0.6940 0.6494
vn -0.8362 0.1355 0.5314
vn 0.6603 0.4851 0.5733
vn -0.6738 0.1151 0.7299
vn -0.6405 -0.7354 0.2213
vn -0.6188 -0.7135 0.3287
vn -0.4698 -0.5633 0.6797
vn -0.6387 -0.7534 -0.1564
vn -0.3469 -0.9362 -0.0570
vn -0.2234 -0.6517 0.7249
vn -0.3498 -0.9262 0.1403
vn -0.1611 -0.9869 0.0038
vn -0.1610 -0.9869 0.0036
vn -0.1593 -0.9872 -0.0000
vn 0.3566 0.9342 -0.0082
vn 0.5820 0.6779 0.4491
vn 0.6374 0.7704 -0.0149
vn 0.5382 0.7433 0.3973
vn 0.4893 0.3529 0.7975
vn 0.3550 0.8998 0.2535
vn 0.1553 0.8874 0.4340
vn 0.1553 0.8874 0.4341
vn -0.1613 -0.9869 0.0026
vn 0.7246 0.4918 0.4829
vn 0.5723 -0.6405 0.5120
vn 0.4751 -0.6757 0.5637
vn 0.1478 -0.8354 0.5295
vn -0.2020 -0.6018 0.7727
vn 0.0186 -0.0138 0.9997
vn 0.0287 -0.0131 0.9995
vn 0.0209 -0.0136 0.9997
vn 0.0318 -0.0129 0.9994
vn 0.4389 0.8835 0.1637
vn 0.5794 0.8150 -0.0138
vn 0.7123 0.6918 -0.1182
vn 0.9505 0.1694 0.2605
vn 0.8493 0.2691 0.4541
vn 0.9520 0.3054 -0.0225
vn 0.9519 0.3056 -0.0225
vn 0.7830 -0.1224 0.6098
vn 0.7829 -0.1228 0.6099
vn 0.7830 -0.1225 0.6098
vn 0.0239 0.0002 0.9997
vn 0.9584 -0.2846 -0.0230
vn 0.7831 -0.1222 0.6098
vn 0.8368 -0.2449 0.4897
vn 0.5510 0.7386 0.3884
vn 0.2916 0.7346 0.6127
vn 0.4663 -0.0708 0.8818
vn 0.7065 -0.2014 0.6784
vn 0.7101 -0.1132 0.6949
vn 0.7089 -0.1121 0.6964
vn 0.7107 -0.1052 0.6956
vn 0.9867 -0.1611 -0.0233
vn 0.9866 -0.1612 -0.0233
vn 0.9866 -0.1614 -0.0234
vn 0.2622 0.6657 0.6986
vn 0.4960 0.5807 0.6456
vn 0.0242 0.0635 0.9977
vn 0.0292 0.0627 0.9976
vn 0.5862 0.6868 0.4297
vn 0.5423 0.7497 0.3793
vn 0.0193 0.0643 0.9977
vn -0.4225 0.0718 0.9035
vn -0.4226 0.0717 0.9035
vn -0.6682 0.1265 0.7332
vn 0.3900 -0.1926 0.9004
vn 0.3899 -0.1922 0.9006
vn 0.3900 -0.1922 0.9006
vn 0.3900 -0.1922 0.9005
vn 0.0045 0.0032 1.0000
vn 0.0045 0.0031 1.0000
vn 0.7828 -0.4024 0.4747
vn 0.3540 -0.2438 0.9029
vn 0.7864 -0.1162 0.6066
vn 0.7115 -0.1046 0.6949
vn 0.3587 -0.4688 0.8072
vn 0.5214 -0.7044 0.4816
vn -0.0953 -0.4176 0.9036
vn 0.8861 -0.4631 -0.0194
vn 0.8864 -0.4625 -0.0211
vn 0.8884 -0.4587 -0.0182
vn 0.2061 -0.7617 0.6143
vn 0.2060 -0.7617 0.6143
vn 0.2060 -0.7616 0.6144
vn 0.2061 -0.7618 0.6142
vn -0.1157 -0.5024 0.8569
vn 0.6436 -0.4615 0.6106
vn 0.8061 -0.5914 -0.0190
vn 0.8061 -0.5915 -0.0191
vn 0.8062 -0.5914 -0.0190
vn 0.8061 -0.5915 -0.0192
vn 0.3157 -0.8149 0.4861
vn 0.8877 -0.4604 -0.0073
vn 0.9866 -0.1615 -0.0234
vn 0.9866 -0.1615 -0.0233
vn 0.8890 -0.4574 -0.0210
vn 0.8890 -0.4574 -0.0211
vn 0.8065 -0.5912 -0.0004
vn 0.4663 -0.8846 -0.0110
vn 0.4661 -0.8846 -0.0107
vn 0.3681 -0.6690 0.6457
vn -0.2572 -0.9411 0.2193
vn 0.7926 0.2580 -0.5525
vn 0.7528 0.3777 -0.5391
vn 0.6656 0.4489 -0.5962
vn 0.7525 -0.1256 -0.6465
vn 0.7015 -0.0353 -0.7118
vn 0.8526 -0.0425 -0.5208
vn 0.4225 -0.0727 -0.9034
vn 0.7349 -0.3893 -0.5553
vn 0.7344 -0.3898 -0.5556
vn 0.7374 -0.3868 -0.5538
vn 0.7379 -0.3861 -0.5535
vn 0.3978 -0.2162 -0.8916
vn 0.3943 -0.2166 -0.8931
vn 0.3950 -0.2171 -0.8927
vn -0.0403 0.0086 -0.9992
vn 0.3982 -0.2154 -0.8916
vn 0.5676 -0.8232 -0.0134
vn 0.5678 -0.8231 -0.0134
vn 0.5676 -0.8232 -0.0135
vn 0.4823 -0.7164 -0.5041
vn 0.2192 -0.7134 -0.6656
vn 0.3545 -0.7937 -0.4944
vn 0.2669 -0.8690 -0.4167
vn 0.3224 -0.9161 -0.2383
vn 0.2000 -0.7150 -0.6699
vn -0.0339 0.0336 -0.9989
vn 0.0931 -0.7844 -0.6132
vn 0.1663 -0.8782 -0.4485
vn -0.4507 0.0701 -0.8899
vn -0.0424 0.0031 -0.9991
vn 0.1505 -0.7995 -0.5815
vn -0.1526 -0.4814 -0.8631
vn 0.1294 -0.8948 -0.4273
vn 0.1185 -0.8404 -0.5288
vn -0.1612 -0.9869 0.0041
vn -0.1545 -0.8800 -0.4492
vn 0.4591 -0.6668 -0.5871
vn 0.2930 -0.9293 -0.2248
vn -0.1951 -0.6613 -0.7243
vn -0.2418 -0.9655 -0.0962
vn -0.0941 -0.2904 -0.9523
vn -0.0940 -0.2905 -0.9523
vn -0.0935 -0.2907 -0.9522
vn -0.2262 -0.8734 -0.4312
vn -0.2237 -0.8741 -0.4312
vn -0.0946 -0.2902 -0.9523
vn -0.1001 -0.3231 -0.9410
vn -0.2286 -0.8728 -0.4312
vn -0.2299 -0.8876 -0.3991
vn -0.2497 -0.9683 0.0088
vn -0.2502 -0.9682 0.0091
vn -0.2498 -0.9683 0.0059
vn -0.2496 -0.9683 0.0052
vn -0.2427 -0.9701 0.0057
vn 0.1640 -0.9863 -0.0163
vn 0.1640 -0.9863 -0.0169
vn 0.5882 -0.8076 -0.0429
vn 0.1640 -0.9863 -0.0158
vn -0.2488 -0.9685 0.0092
vn 0.5891 -0.8080 -0.0139
vn 0.5891 -0.8079 -0.0139
vn 0.2890 -0.9573 -0.0068
vn 0.5366 -0.8178 0.2082
vn 0.2894 -0.9471 0.1391
vn -0.3157 -0.8769 0.3624
vn 0.4830 -0.6713 0.5622
vn 0.1522 -0.9440 0.2928
vn 0.1419 -0.8422 0.5202
vn -0.2353 -0.9666 0.1013
vn -0.2448 -0.9695 0.0085
vn -0.1466 -0.6689 0.7288
vn -0.1510 -0.6834 0.7143
vn -0.1512 -0.6837 0.7139
vn -0.0558 -0.3189 0.9461
vn -0.0557 -0.3189 0.9461
vn -0.0559 -0.3189 0.9461
vn -0.0560 -0.3189 0.9461
vn -0.2196 -0.8872 0.4059
vn -0.2411 -0.9705 0.0083
vn -0.0591 -0.3354 0.9402
vn -0.0819 -0.4259 0.9011
vn 0.0046 0.0033 1.0000
vn -0.4342 -0.5384 0.7222
vn -0.3158 -0.8769 0.3624
vn -0.6905 0.1154 0.7141
vn -0.6564 -0.4806 0.5815
vn -0.4585 -0.8887 0.0076
vn -0.7832 -0.4786 0.3969
vn -0.3021 -0.9489 -0.0915
vn -0.5127 -0.8431 0.1619
vn -0.4480 -0.1503 0.8813
vn -0.4225 0.0720 0.9035
vn -0.7760 -0.2530 0.5778
vn -0.6341 -0.6508 0.4175
vn -0.7764 0.1282 0.6171
vn -0.7766 0.1297 0.6165
vn -0.7764 0.1287 0.6169
vn -0.7768 0.1301 0.6162
vn -0.7816 -0.2400 0.5758
vn -0.8047 -0.5933 0.0191
vn -0.5794 -0.8149 0.0138
vn -0.5794 -0.8149 0.0136
vn -0.5794 -0.8149 0.0135
vn -0.8677 -0.2649 0.4207
vn -0.6054 -0.7566 0.2471
vn -0.7710 0.1443 0.6203
vn -0.7742 0.1455 0.6160
vn -0.7729 0.1451 0.6177
vn -0.9866 0.1616 0.0233
vn -0.9867 0.1611 0.0233
vn -0.9866 0.1616 0.0234
vn -0.9867 0.1611 0.0234
vn -0.9866 0.1613 0.0230
vn -0.9865 0.1620 0.0232
vn -0.9870 0.1593 0.0229
vn -0.9865 0.1622 0.0234
vn -0.9864 0.1624 0.0232
vn -0.9865 0.1622 0.0233
vn -0.6786 -0.7343 0.0161
vn -0.6786 -0.7343 0.0160
vn -0.6786 -0.7344 0.0160
vn -0.2548 -0.9670 0.0060
vn -0.2916 -0.9522 0.0914
vn -0.4444 -0.8951 -0.0372
vn -0.3326 -0.8769 -0.3470
vn -0.5324 -0.8450 -0.0503
vn -0.7247 -0.6420 -0.2504
vn -0.7133 -0.6440 -0.2765
vn -0.4813 -0.4477 -0.7536
vn -0.7418 -0.4827 -0.4654
vn -0.6277 -0.5950 -0.5019
vn -0.7230 -0.2270 -0.6524
vn -0.8802 -0.2795 -0.3837
vn -0.8037 0.1289 -0.5810
vn -0.9034 -0.1393 -0.4055
vn -0.8942 0.1442 -0.4237
vn -0.8941 0.1448 -0.4237
vn -0.8942 0.1447 -0.4237
vn -0.9878 -0.1540 0.0233
vn -0.8941 0.1453 -0.4237
vn -0.9833 0.1804 0.0233
vn -0.9833 0.1804 0.0232
vn -0.9872 0.1585 -0.0159
vn -0.9871 0.1586 0.0233
vn -0.6793 0.0960 0.7276
vn -0.7697 0.1438 0.6220
vn 0.1578 0.8824 0.4433
vn 0.3371 0.8709 0.3576
vn 0.4843 0.8602 0.1599
vn 0.1604 0.9870 -0.0064
vn -0.4615 0.6604 0.5923
vn -0.9862 0.1641 0.0233
vn -0.9862 0.1639 0.0233
vn -0.9862 0.1642 0.0233
vn -0.6842 -0.7291 0.0162
vn 0.3657 -0.5638 -0.7405
vn -0.3392 -0.6998 -0.6286
vn -0.3388 -0.6995 -0.6292
vn -0.3390 -0.6981 -0.6307
vn -0.3384 -0.6927 -0.6369
vn -0.4204 -0.9073 0.0098
vn -0.4204 -0.9073 0.0099
vn -0.4204 -0.9073 0.0100
vn -0.7565 -0.6538 0.0179
vn -0.7565 -0.6537 0.0179
vn -0.2640 -0.6116 0.7458
vn -0.2656 -0.6120 0.7449
vn -0.2633 -0.6114 0.7462
vn -0.2661 -0.6121 0.7446
vn 0.4190 -0.5552 0.7184
vn -0.4135 -0.6993 0.5831
vn -0.3929 -0.6828 0.6159
vn 0.8105 -0.5855 -0.0191
vn 0.8105 -0.5854 -0.0192
vn 0.8105 -0.5854 -0.0191
vn 0.8106 -0.5853 -0.0192
vn 0.6217 -0.4378 0.6495
vn 0.9872 -0.1577 -0.0234
vn 0.9871 -0.1582 -0.0233
vn -0.0501 -0.4441 0.8946
vn 0.6128 -0.3106 0.7266
vn 0.5037 0.5273 0.6843
vn 0.5037 0.5273 0.6842
vn 0.0238 -0.0001 0.9997
vn 0.0234 0.0001 0.9997
vn 0.0235 0.0002 0.9997
vn 0.0238 0.0003 0.9997
vn 0.0237 -0.0001 0.9997
vn 0.0236 0.0003 0.9997
vn 0.5038 0.5274 0.6842
vn 0.6153 0.3099 0.7249
vn 0.6152 0.3098 0.7249
vn 0.6153 0.3099 0.7248
vn -0.4369 -0.4918 0.7532
vn -0.6106 -0.5393 0.5800
vn -0.7048 -0.4061 0.5817
vn -0.8092 -0.5872 0.0191
vn -0.8092 -0.5872 0.0192
vn -0.5421 -0.4057 0.7359
vn -0.9696 -0.2438 0.0230
vn -0.9696 -0.2438 0.0229
vn -0.6216 -0.2011 0.7571
vn -0.5239 -0.4376 -0.7308
vn -0.3565 -0.5681 -0.7417
vn -0.5706 -0.4014 -0.7164
vn -0.7006 -0.1802 0.6904
vn -0.7075 -0.1435 0.6920
vn -0.7018 -0.1450 0.6974
vn -0.7035 -0.1446 0.6958
vn -0.7092 -0.1429 0.6904
vn -0.9809 -0.1934 0.0231
vn -0.9808 -0.1934 0.0232
vn -0.9809 -0.1933 0.0232
vn -0.6924 0.1042 0.7139
vn -0.6835 0.1154 0.7208
vn 0.7308 0.0047 0.6825
vn 0.7309 0.0047 0.6825
vn 0.7309 0.0046 0.6824
vn 0.7308 0.0047 0.6826
vn 0.6959 -0.2265 0.6815
vn 0.6940 -0.2271 0.6833
vn 0.6954 -0.2267 0.6820
vn 0.7322 0.0226 0.6807
vn 0.7321 0.0223 0.6808
vn -0.7061 0.1128 0.6990
vn -0.9889 0.1455 0.0302
vn -0.9896 0.1421 0.0204
vn -0.9888 0.1460 0.0296
vn -0.9897 0.1409 0.0240
vn -0.9902 0.1373 0.0234
vn -0.9892 0.1441 0.0263
vn -0.9880 0.1523 0.0237
vn -0.7581 0.6521 0.0004
vn -0.9878 0.1541 0.0234
vn -0.7261 -0.1785 -0.6641
vn -0.7329 -0.1421 -0.6653
vn -0.7345 -0.1416 -0.6637
vn -0.7291 -0.1432 -0.6693
vn -0.7274 -0.1436 -0.6710
vn -0.6498 -0.1988 -0.7336
vn -0.7163 0.1156 -0.6882
vn -0.7147 0.1176 -0.6894
vn -0.7156 0.1167 -0.6887
vn -0.7165 0.1157 -0.6879
vn -0.6801 0.0920 -0.7273
vn 0.6906 0.0046 -0.7232
vn 0.6905 0.0047 -0.7233
vn 0.6905 0.0047 -0.7234
vn 0.6904 0.0047 -0.7234
vn 0.6540 -0.2249 -0.7223
vn 0.6560 -0.2243 -0.7207
vn 0.6555 -0.2245 -0.7211
vn 0.6918 0.0224 -0.7218
vn 0.6918 0.0224 -0.7217
vn 0.6918 0.0223 -0.7217
vn 0.6919 0.0223 -0.7217
vn 0.6535 -0.2250 -0.7227
vn 0.5846 -0.4338 -0.6856
vn 0.5847 -0.4338 -0.6855
vn 0.3526 -0.5797 -0.7346
vn 0.3520 -0.5797 -0.7349
vn 0.3508 -0.5793 -0.7358
vn 0.3503 -0.5790 -0.7362
vn 0.5455 -0.5182 -0.6587
vn 0.4303 -0.4946 -0.7551
vn 0.8104 -0.5855 -0.0192
vn 0.8104 -0.5855 -0.0191
vn 0.6712 -0.7411 -0.0159
vn 0.6712 -0.7411 -0.0158
vn 0.3646 -0.5890 -0.7212
vn 0.5436 -0.8393 -0.0128
vn 0.5436 -0.8393 -0.0129
vn 0.5435 -0.8393 -0.0129
vn 0.5435 -0.8393 -0.0128
vn 0.4052 -0.6002 0.6896
vn 0.9478 -0.3182 -0.0224
vn 0.9478 -0.3181 -0.0224
vn 0.3851 -0.5842 0.7144
vn 0.3876 -0.5851 0.7123
vn 0.3860 -0.5845 0.7137
vn 0.3885 -0.5852 0.7117
vn 0.4704 -0.5002 0.7270
vn 0.6218 -0.4378 0.6495
vn 0.5806 -0.5225 0.6244
vn 0.6935 -0.2273 0.6837
vn 0.9997 0.0066 -0.0236
vn 0.9997 0.0065 -0.0236
vn 0.9997 0.0065 -0.0237
vn 0.9992 0.0315 -0.0236
vn 0.9992 0.0314 -0.0236
vn 0.9511 0.3081 -0.0225
vn 0.9511 0.3081 -0.0224
vn 0.9511 0.3082 -0.0225
vn 0.7286 0.2309 0.6449
vn 0.6698 0.1505 0.7272
vn 0.8877 0.4600 -0.0210
vn 0.8876 0.4601 -0.0209
vn 0.8876 0.4601 -0.0210
vn 0.6906 0.2288 -0.6861
vn 0.6786 0.7343 -0.0160
vn 0.6786 0.7343 -0.0161
vn 0.6273 0.1490 -0.7644
vn 0.5735 0.3064 -0.7597
vn 0.5735 0.3063 -0.7598
vn -0.7271 -0.4034 -0.5555
vn -0.5725 -0.6051 -0.5532
vn 0.4658 0.5221 -0.7144
vn 0.4658 0.5221 -0.7145
vn 0.6767 -0.1109 -0.7279
vn 0.4658 0.5222 -0.7144
vn 0.4651 -0.4534 -0.7603
vn -0.0234 -0.0001 -0.9997
vn -0.0238 0.0001 -0.9997
vn -0.0233 -0.0002 -0.9997
vn 0.0325 -0.0158 -0.9993
vn 0.0305 -0.0114 -0.9995
vn 0.6449 -0.1722 -0.7446
vn 0.7924 -0.2142 -0.5711
vn 0.8217 -0.1391 -0.5527
vn 0.8643 -0.0511 -0.5004
vn 0.8806 -0.1484 -0.4500
vn 0.6483 0.7149 -0.2619
vn 0.6476 0.7065 -0.2854
vn 0.7812 0.6191 -0.0802
vn 0.7809 0.6196 -0.0798
vn 0.7811 0.6193 -0.0801
vn 0.8636 0.0988 -0.4943
vn 0.7815 0.6187 -0.0805
vn 0.5924 0.2788 -0.7559
vn 0.6475 0.7036 -0.2928
vn 0.8775 0.4036 -0.2591
vn 0.7793 0.5030 -0.3737
vn 0.7957 0.5037 -0.3364
vn 0.7954 0.5042 -0.3363
vn 0.7912 0.5121 -0.3343
vn 0.7963 0.5024 -0.3369
vn 0.6945 0.4808 -0.5353
vn 0.2950 0.9081 -0.2973
vn 0.1135 0.8833 -0.4548
vn 0.1139 0.8834 -0.4546
vn 0.1133 0.8834 -0.4548
vn 0.0315 0.0598 -0.9977
vn 0.0202 0.0355 -0.9992
vn 0.1497 0.9887 -0.0036
vn 0.0265 -0.0117 -0.9996
vn 0.0211 0.9861 -0.1646
vn -0.2776 0.8739 -0.3991
vn -0.2776 0.8741 -0.3987
vn -0.2774 0.8757 -0.3952
vn -0.2774 0.8762 -0.3941
vn -0.4445 0.6619 -0.6036
vn -0.3977 0.8807 -0.2572
vn 0.0230 0.0543 -0.9983
vn -0.0109 0.0752 -0.9971
vn -0.0383 0.9993 0.0009
vn -0.0384 0.9993 0.0010
vn -0.0384 0.9993 0.0009
vn -0.0167 0.7069 -0.7071
vn -0.0387 0.9992 0.0009
vn 0.0166 0.7066 0.7074
vn 0.0167 0.7069 0.7071
vn 0.0170 0.7065 0.7075
vn -0.0380 0.9993 0.0009
vn -0.2910 0.9567 0.0069
vn -0.3752 0.9269 0.0017
vn -0.2889 0.9573 0.0069
vn -0.2889 0.9573 0.0068
vn -0.2889 0.9573 0.0067
vn -0.2888 0.9574 0.0070
vn -0.1414 0.9899 0.0035
vn -0.0497 0.9987 -0.0057
vn -0.0037 0.9999 -0.0094
vn -0.3089 0.9489 -0.0654
vn -0.3062 0.9498 -0.0645
vn -0.3015 0.9514 -0.0627
vn -0.2991 0.9522 -0.0618
vn -0.6193 0.3856 -0.6839
vn -0.6198 0.3849 -0.6839
vn -0.6180 0.3881 -0.6837
vn -0.6240 0.3770 -0.6845
vn -0.7796 0.4776 -0.4051
vn -0.7824 0.4776 -0.3996
vn -0.7827 0.4782 -0.3984
vn -0.6480 0.5108 -0.5650
vn -0.6488 0.5216 -0.5540
vn 0.4275 -0.4081 0.8067
vn -0.4657 0.3274 -0.8221
vn -0.3408 0.2622 -0.9028
vn -0.2888 0.9574 0.0069
vn -0.2706 0.9624 0.0247
vn -0.3122 0.9497 0.0249
vn -0.3091 0.9507 0.0247
vn -0.3075 0.9512 0.0246
vn -0.3236 0.9455 0.0360
vn -0.3140 0.9491 0.0250
vn -0.0162 0.9993 0.0343
vn -0.0506 0.9982 0.0332
vn -0.5677 0.8231 -0.0129
vn -0.7048 0.7093 -0.0140
vn -0.7048 0.7093 -0.0139
vn -0.7048 0.7092 -0.0140
vn -0.4557 0.8899 0.0196
vn -0.5673 0.8234 0.0134
vn 0.0415 0.9905 0.1309
vn -0.5395 0.7667 0.3480
vn -0.4090 0.6626 0.6274
vn -0.4207 0.6507 0.6322
vn -0.4379 0.6335 0.6379
vn 0.1353 0.8836 0.4482
vn -0.7444 0.5062 0.4355
vn -0.8516 0.5228 0.0388
vn -0.8467 0.5312 0.0293
vn -0.8467 0.5312 0.0300
vn -0.8465 0.5316 0.0299
vn -0.8478 0.5293 0.0321
vn -0.8479 0.5297 0.0200
vn -0.8513 0.5243 0.0203
vn -0.8491 0.5278 0.0196
vn -0.8165 0.5083 0.2737
vn -0.8165 0.5083 0.2738
vn -0.8505 0.5256 0.0201
vn -0.8372 0.5465 0.0199
vn -0.8517 0.5236 0.0201
vn -0.8474 0.5306 0.0201
vn -0.8485 0.5288 0.0207
vn -0.8515 0.5240 0.0201
vn -0.8339 0.5516 0.0172
vn -0.8346 0.5506 0.0175
vn -0.8348 0.5503 0.0176
vn -0.8890 0.4536 0.0634
vn -0.8343 0.5512 0.0055
vn -0.8449 0.5349 -0.0044
vn -0.8353 0.5491 0.0273
vn -0.8505 0.5259 -0.0011
vn -0.8499 0.5269 0.0045
vn -0.8495 0.5275 0.0078
vn -0.8508 0.5254 -0.0045
vn -0.8392 0.5434 0.0198
vn -0.8533 0.5213 0.0106
vn -0.8483 0.5291 0.0200
vn -0.8535 0.5211 0.0057
vn -0.5776 0.4045 0.7090
vn -0.6260 0.3046 0.7179
vn -0.5909 0.3770 0.7132
vn -0.6045 0.3852 0.6972
vn -0.6045 0.3852 0.6973
vn 0.1163 0.7078 0.6968
vn 0.1149 0.6902 0.7145
vn 0.1145 0.6876 0.7170
vn 0.1147 0.6886 0.7160
vn 0.4838 0.3078 0.8192
vn 0.1150 0.6911 0.7136
vn -0.6232 0.5226 0.5818
vn -0.6257 0.5488 0.5544
vn -0.4108 0.3565 0.8391
vn -0.3511 0.3034 0.8858
vn -0.5746 0.5537 0.6027
vn -0.6572 0.2098 0.7240
vn -0.9596 0.2800 0.0277
vn -0.9604 0.2775 0.0228
vn -0.9605 0.2775 0.0227
vn -0.9604 0.2775 0.0227
vn -0.9605 0.2775 0.0222
vn -0.9618 0.2736 0.0082
vn -0.9601 0.2788 0.0240
vn -0.9602 0.2783 0.0227
vn -0.9593 0.2807 0.0305
vn -0.9621 0.2716 0.0228
vn -0.9605 0.2772 0.0227
vn -0.9604 0.2778 0.0227
vn -0.9604 0.2776 0.0226
vn -0.9606 0.2771 0.0229
vn -0.9605 0.2775 0.0225
vn -0.9604 0.2775 0.0232
vn -0.9569 0.2859 0.0515
vn -0.6134 0.1965 0.7649
vn -0.7613 0.2343 0.6046
vn -0.6776 0.1135 0.7266
vn -0.7799 0.4793 -0.4024
vn -0.7785 0.4797 -0.4047
vn -0.6971 0.1112 -0.7083
vn -0.6219 0.2071 -0.7552
vn -0.8670 0.2543 -0.4285
vn -0.7880 0.2336 -0.5696
vn -0.7877 0.2335 -0.5701
vn -0.7883 0.2339 -0.5691
vn -0.7886 0.2340 -0.5686
vn -0.6738 0.4140 -0.6120
vn -0.4266 0.2550 -0.8677
vn -0.4267 0.2551 -0.8677
vn -0.4544 0.1309 -0.8811
vn -0.4332 0.1255 -0.8925
vn 0.0542 0.0788 -0.9954
vn 0.0537 0.0785 -0.9955
vn 0.0480 0.0755 -0.9960
vn 0.0566 0.0801 -0.9952
vn -0.0172 0.0397 -0.9991
vn 0.0131 0.0568 -0.9983
vn -0.0178 0.0410 -0.9990
vn -0.0372 0.0816 -0.9960
vn -0.0623 -0.0289 -0.9976
vn -0.1494 -0.5217 -0.8400
vn -0.1519 -0.4932 -0.8565
vn -0.4739 -0.3484 -0.8087
vn -0.1007 -0.5033 -0.8582
vn 0.6160 -0.1653 -0.7702
vn -0.1966 -0.9805 0.0046
vn -0.1580 -0.9874 0.0039
vn -0.1580 -0.9874 0.0037
vn -0.5216 -0.4170 -0.7443
vn -0.0436 -0.0003 -0.9991
vn -0.0448 0.0030 -0.9990
vn -0.0444 0.0023 -0.9990
vn -0.0448 0.0034 -0.9990
vn 0.6779 -0.1112 -0.7267
vn 0.6797 -0.1119 -0.7249
vn 0.6800 -0.1118 -0.7246
vn 0.5915 0.2749 -0.7580
vn 0.5046 -0.4954 -0.7071
vn 0.6768 -0.1111 -0.7277
vn 0.3688 -0.4046 -0.8368
vn 0.5490 -0.1368 -0.8246
vn 0.5294 -0.5507 -0.6454
vn 0.5295 -0.5507 -0.6452
vn 0.6767 -0.1111 -0.7279
vn 0.6671 -0.1647 -0.7266
vn 0.6673 -0.1647 -0.7263
vn 0.4901 0.3658 -0.7912
vn 0.3327 0.5849 -0.7397
vn 0.2837 0.5425 -0.7907
vn 0.6507 -0.6547 -0.3846
vn 0.8640 -0.2105 -0.4573
vn 0.6906 -0.1143 -0.7142
vn 0.8117 0.5837 -0.0194
vn 0.7043 0.2308 -0.6714
vn 0.3583 0.6462 -0.6738
vn 0.5008 0.8655 -0.0116
vn -0.2473 0.7156 -0.6533
vn -0.2160 0.6111 -0.7615
vn 0.9263 -0.1510 -0.3452
vn 0.9274 -0.1509 -0.3424
vn 0.9293 -0.1505 -0.3374
vn 0.8551 0.2774 -0.4381
vn 0.9303 -0.1502 -0.3345
vn 0.6337 -0.6371 -0.4388
vn 0.8651 0.2640 -0.4265
vn 0.4350 0.8034 -0.4065
vn 0.7246 -0.6889 -0.0175
vn -0.0275 -0.0253 -0.9993
vn -0.1159 0.0150 -0.9932
vn 0.2099 0.5986 -0.7730
vn 0.5001 0.8659 -0.0116
vn -0.2826 0.8688 -0.4066
vn -0.0992 0.0220 -0.9948
vn -0.2898 0.9571 0.0069
vn -0.0938 0.0356 -0.9950
vn -0.0398 -0.0978 -0.9944
vn -0.1177 0.0236 -0.9928
vn -0.0283 -0.0273 -0.9992
vn -0.9689 0.2469 0.0180
vn -0.9697 0.2434 0.0231
vn -0.9683 0.2492 0.0178
vn -0.1314 0.0015 -0.9913
vn -0.1309 0.0002 -0.9914
vn -0.1306 -0.0008 -0.9914
vn -0.9670 0.2536 0.0231
vn -0.0271 -0.0234 -0.9994
vn -0.7234 0.1855 -0.6650
vn -0.6100 0.1386 -0.7802
vn -0.6152 0.1096 -0.7807
vn -0.6928 0.1454 -0.7063
vn -0.0280 -0.0269 -0.9992
vn -0.2333 0.6501 -0.7232
vn -0.6770 0.1603 -0.7183
vn -0.2086 0.5707 -0.7942
vn 0.1293 0.8766 -0.4636
vn -0.6247 -0.5067 -0.5941
vn -0.1942 -0.9800 0.0433
vn -0.2724 -0.6619 -0.6984
vn 0.5471 -0.7664 -0.3366
vn 0.9765 -0.2107 -0.0461
vn -0.1471 0.0195 -0.9889
vn -0.1633 -0.0628 -0.9846
vn -0.1305 -0.0010 -0.9914
vn 0.9713 -0.2368 -0.0233
vn -0.0925 -0.9123 -0.3989
vn -0.1489 -0.8797 -0.4515
vn 0.4459 -0.4909 -0.7485
vn 0.4772 -0.6437 0.5983
vn 0.2269 -0.7950 -0.5626
vn 0.2484 -0.8576 -0.4504
vn -0.0236 0.0665 -0.9975
vn -0.0244 0.0651 -0.9976
vn -0.0316 0.0680 -0.9972
vn -0.0333 0.0684 -0.9971
vn -0.0698 0.0912 -0.9934
vn -0.0402 0.0231 -0.9989
vn -0.0129 -0.0000 -0.9999
vn -0.0385 0.0268 -0.9989
vn -0.0400 0.0236 -0.9989
vn -0.0403 0.0231 -0.9989
vn -0.0378 0.0281 -0.9989
vn -0.0488 0.0056 -0.9988
vn -0.0484 0.0042 -0.9988
vn -0.0488 0.0059 -0.9988
vn -0.0482 0.0039 -0.9988
vn -0.0443 -0.0000 -0.9990
vn -0.0610 0.2984 -0.9525
vn -0.0718 0.4277 -0.9011
vn -0.2207 0.9297 -0.2950
vn -0.2723 0.9254 -0.2637
vn -0.8916 0.1471 -0.4283
vn -0.3228 -0.2643 -0.9088
vn -0.5749 -0.5947 -0.5620
vn -0.2171 -0.2890 -0.9324
vn -0.3666 0.8964 -0.2491
vn -0.2935 0.9400 -0.1740
vn -0.8873 0.1437 -0.4382
vn -0.9831 0.1632 -0.0833
vn 0.0768 -0.8860 -0.4574
vn -0.5967 -0.6200 -0.5094
vn -0.5966 -0.6197 -0.5099
vn -0.5965 -0.6191 -0.5108
vn -0.5965 -0.6188 -0.5112
vn 0.0644 -0.8978 -0.4356
vn -0.3221 -0.3937 -0.8609
vn 0.2889 -0.9573 -0.0068
vn 0.2888 -0.9574 -0.0069
vn 0.2889 -0.9573 -0.0069
vn -0.1576 -0.8835 -0.4412
vn -0.8134 -0.5814 0.0191
vn -0.7203 -0.2278 -0.6551
vn -0.6838 0.2467 -0.6867
vn -0.4533 0.0690 -0.8887
vn -0.5093 -0.7434 -0.4335
vn -0.5422 -0.6563 -0.5246
vn -0.8832 -0.3043 -0.3569
vn -0.8881 -0.2897 -0.3569
vn -0.4872 -0.5845 -0.6488
vn -0.5524 -0.5516 -0.6249
vn -0.8116 -0.5839 0.0190
vn -0.8115 -0.5840 0.0195
vn -0.6684 -0.7437 0.0163
vn -0.6684 -0.7436 0.0161
vn -0.6684 -0.7436 0.0157
vn -0.6791 -0.7339 0.0159
vn -0.6791 -0.7339 0.0161
vn -0.6845 -0.7253 -0.0738
vn -0.8299 -0.4365 -0.3475
vn -0.6316 -0.7399 -0.2315
vn -0.9519 -0.3056 0.0225
vn -0.9520 -0.3054 0.0224
vn -0.9520 -0.3053 0.0225
vn -0.9520 -0.3053 0.0222
vn -0.8553 0.5177 0.0202
vn -0.8555 0.5175 0.0200
vn 0.8551 -0.5180 -0.0201
vn -0.8553 0.5178 0.0202
vn -0.6457 -0.7635 0.0152
vn -0.6457 -0.7635 0.0151
vn -0.6457 -0.7635 0.0153
vn -0.6851 -0.7282 0.0162
vn 0.0392 -0.8675 0.4959
vn -0.6791 -0.7194 0.1460
vn -0.1628 -0.9867 0.0023
vn 0.3049 -0.8514 0.4268
vn 0.2683 -0.8533 0.4470
vn -0.5938 -0.6167 0.5169
vn 0.3009 -0.8489 -0.4345
vn 0.2527 -0.8702 -0.4230
vn -0.0731 -0.6767 0.7326
vn -0.1360 -0.7056 0.6954
vn -0.1061 -0.6882 0.7177
vn 0.3165 -0.2611 0.9120
vn -0.8571 -0.2829 0.4306
vn -0.0423 -0.7153 0.6976
vn 0.4484 -0.6437 -0.6202
vn -0.5850 -0.6130 0.5310
vn -0.5845 -0.6102 0.5348
vn -0.5848 -0.6122 0.5321
vn -0.5223 -0.5516 0.6503
vn -0.3829 -0.3904 0.8373
vn -0.5843 -0.6094 0.5359
vn 0.0233 0.0002 0.9997
vn -0.0035 0.0271 0.9996
vn 0.0073 0.0227 0.9997
vn 0.0071 0.0229 0.9997
vn 0.0070 0.0221 0.9997
vn 0.0041 0.0158 0.9999
vn 0.0009 0.0081 1.0000
vn -0.3649 -0.3686 0.8550
vn 0.0001 0.0059 1.0000
vn -0.0001 0.0054 1.0000
vn -0.2810 -0.3936 0.8753
vn -0.5168 -0.6563 0.5496
vn -0.4560 -0.5845 0.6712
vn -0.6407 -0.7195 0.2680
vn -0.4883 -0.7434 0.4571
vn -0.1697 -0.2860 0.9431
vn -0.8161 -0.4351 0.3804
vn -0.8672 -0.3002 0.3972
vn -0.7010 -0.1156 0.7037
vn -0.8719 -0.2861 0.3974
vn -0.1415 -0.9899 0.0033
vn -0.4235 0.0729 0.9030
vn -0.0665 0.7040 0.7071
vn -0.0806 0.8221 0.5636
vn -0.0861 0.8265 0.5563
vn -0.0854 0.8271 0.5556
vn -0.0790 0.8207 0.5659
vn -0.6890 0.2812 0.6679
vn -0.4718 0.8551 0.2151
vn -0.4735 0.8546 0.2130
vn -0.4742 0.8537 0.2151
vn -0.4637 0.8594 0.2154
vn -0.9626 0.1989 0.1841
vn -0.4766 0.6683 0.5712
vn -0.5912 0.8064 0.0142
vn -0.9438 0.3230 0.0701
vn -0.9632 0.2677 0.0228
vn -0.9627 0.2671 -0.0430
vn -0.5816 0.8120 0.0483
vn -0.5838 0.8105 0.0482
vn -0.5804 0.8129 0.0483
vn -0.5851 0.8095 0.0482
vn -0.9868 0.1604 -0.0229
vn -0.5863 0.8100 0.0139
vn 0.0950 0.7386 -0.6674
vn 0.1822 0.7844 -0.5929
vn -0.2877 0.9577 0.0068
vn 0.3347 -0.7598 0.5574
vn 0.0999 -0.9950 0.0006
vn 0.1029 -0.9947 0.0046
vn 0.1063 -0.9943 0.0002
vn 0.1065 -0.9943 -0.0004
vn 0.0758 -0.9971 0.0086
vn 0.0172 -0.9983 -0.0555
vn 0.1021 -0.9947 0.0077
vn 0.1016 -0.9948 -0.0026
vn -0.0412 -0.4209 -0.9062
vn -0.0248 -0.4860 -0.8736
vn -0.0327 -0.4504 -0.8922
vn 0.1027 -0.8886 -0.4471
vn 0.0496 -0.6966 -0.7158
vn 0.0870 -0.9962 -0.0021
vn 0.0871 -0.9962 -0.0021
vn 0.0870 -0.9962 -0.0102
vn 0.0828 -0.9966 -0.0020
vn -0.5859 -0.8104 -0.0016
vn -0.5796 -0.8149 -0.0022
vn -0.5848 -0.8112 -0.0007
vn -0.5181 -0.8553 0.0024
vn -0.5797 -0.8148 -0.0050
vn -0.5819 -0.8133 -0.0041
vn -0.4373 -0.5923 -0.6768
vn -0.0906 0.0099 -0.9958
vn -0.0912 0.0105 -0.9958
vn -0.0917 0.0110 -0.9957
vn -0.4665 -0.0475 -0.8833
vn -0.4657 -0.0473 -0.8837
vn -0.4660 -0.0474 -0.8835
vn -0.0900 0.0094 -0.9959
vn -0.0738 -0.0054 -0.9973
vn -0.4668 -0.0476 -0.8831
vn -0.2611 0.4816 -0.8366
vn -0.1434 0.2408 -0.9599
vn -0.2018 0.3575 -0.9119
vn -0.4073 0.2749 -0.8709
vn -0.3566 0.9342 0.0084
vn -0.3565 0.9342 0.0084
vn -0.9940 -0.1085 -0.0126
vn -0.9943 -0.1057 -0.0115
vn -0.9943 -0.1064 -0.0117
vn -0.9939 -0.1092 -0.0129
vn -0.8151 0.5791 -0.0146
vn -0.8064 0.5912 -0.0133
vn -0.3365 0.9416 -0.0097
vn -0.3351 0.9422 0.0079
vn -0.5789 -0.8148 0.0302
vn -0.5788 -0.8149 0.0302
vn 0.0675 -0.9975 -0.0208
vn 0.0972 -0.9952 -0.0092
vn 0.0964 -0.9953 -0.0094
vn 0.0992 -0.9950 -0.0088
vn 0.0995 -0.9950 -0.0087
vn -0.1153 -0.9933 0.0026
vn 0.0346 -0.9994 -0.0083
vn 0.1030 -0.9947 -0.0024
vn 0.1031 -0.9947 -0.0024
vn 0.0867 -0.9962 -0.0111
vn -0.9925 -0.1064 0.0610
vn -0.9923 -0.1085 0.0601
vn -0.9925 -0.1057 0.0614
vn -0.9922 -0.1092 0.0598
vn -0.8135 0.5791 0.0531
vn -0.8047 0.5912 0.0539
vn -0.3566 0.9342 0.0083
vn -0.3557 0.9342 0.0275
vn -0.1997 0.4695 0.8601
vn -0.5925 0.4326 0.6796
vn -0.7011 -0.0765 0.7089
vn -0.7016 -0.0764 0.7084
vn -0.7014 -0.0765 0.7087
vn -0.2809 0.7227 0.6315
vn -0.2347 0.6200 0.7487
vn -0.7009 -0.0766 0.7092
vn -0.5179 -0.7420 0.4257
vn 0.0353 -0.9994 -0.0010
vn 0.0733 -0.8947 0.4406
vn 0.1002 -0.4963 0.8624
vn 0.0906 -0.3923 0.9154
vn 0.0948 -0.4602 0.8828
vn 0.1031 -0.9947 -0.0025
vn 0.1016 -0.9948 -0.0024
vn 0.1017 -0.9948 -0.0019
vn 0.1018 -0.9948 -0.0013
vn 0.1019 -0.9948 -0.0008
vn 0.3054 -0.9522 -0.0071
vn 0.3053 -0.9522 -0.0074
vn 0.3054 -0.9522 -0.0070
vn 0.3054 -0.9522 -0.0074
vn 0.0507 -0.9987 -0.0013
vn 0.0507 -0.9987 -0.0014
vn 0.2448 -0.8027 -0.5438
vn 0.0256 -0.8502 -0.5259
vn 0.0230 -0.8630 -0.5047
vn -0.0034 -0.4075 -0.9132
vn 0.2276 -0.3321 -0.9154
vn 0.4765 -0.6536 -0.5881
vn 0.7539 -0.3894 -0.5291
vn 0.7616 -0.3934 -0.5150
vn 0.7575 -0.3864 -0.5261
vn 0.7623 -0.3952 -0.5126
vn 0.8119 -0.5835 -0.0193
vn 0.8119 -0.5834 -0.0193
vn 0.8119 -0.5834 -0.0189
vn 0.8119 -0.5835 -0.0191
vn 0.8120 -0.5834 -0.0193
vn 0.7534 -0.3893 -0.5300
vn 0.4332 -0.0309 -0.9008
vn 0.4328 -0.0306 -0.9010
vn 0.4337 -0.0312 -0.9005
vn 0.4323 -0.0304 -0.9012
vn 0.4547 -0.0556 -0.8889
vn 0.1591 -0.9754 -0.1525
vn 0.2992 -0.9431 -0.1454
vn -0.1494 0.3892 -0.9090
vn 0.8154 -0.5673 -0.1157
vn 0.8158 -0.5675 -0.1116
vn 0.8147 -0.5690 -0.1115
vn 0.8156 -0.5677 -0.1120
vn 0.8165 -0.5653 -0.1175
vn 0.6015 -0.7893 -0.1234
vn 0.7820 -0.5914 -0.1967
vn 0.7686 -0.5932 -0.2395
vn 0.8393 -0.5430 0.0264
vn 0.7986 -0.5853 -0.1402
vn 0.8088 -0.5767 -0.1149
vn 0.8979 -0.4335 0.0766
vn 0.7989 -0.5857 -0.1369
vn 0.2069 0.2900 -0.9344
vn -0.0132 0.2464 -0.9691
vn -0.0502 0.1863 -0.9812
vn -0.0503 0.1871 -0.9811
vn -0.0506 0.1883 -0.9808
vn -0.0507 0.1893 -0.9806
vn -0.0420 0.0028 -0.9991
vn -0.7089 0.1130 -0.6962
vn -0.8823 -0.3086 -0.3554
vn -0.3418 0.1978 -0.9187
vn -0.6162 -0.1233 -0.7778
vn -0.6148 -0.1214 -0.7793
vn -0.6157 -0.1229 -0.7783
vn -0.6142 -0.1209 -0.7799
vn -0.6218 -0.1341 -0.7716
vn -0.7562 -0.3863 -0.5282
vn -0.7577 -0.3866 -0.5258
vn -0.7562 -0.3867 -0.5278
vn -0.7583 -0.3867 -0.5248
vn -0.4744 -0.6473 -0.5966
vn -0.8062 -0.3956 -0.4399
vn -0.9781 0.1504 -0.1440
vn -0.5108 0.0514 -0.8582
vn -0.5332 0.0792 -0.8423
vn -0.9707 0.1934 -0.1427
vn -0.9814 0.1305 -0.1407
vn -0.9894 -0.0000 -0.1455
vn -0.4873 0.0778 -0.8698
vn -0.8121 -0.5743 -0.1030
vn -0.8127 -0.5735 -0.1032
vn -0.8130 -0.5729 -0.1040
vn -0.8156 -0.5698 -0.1004
vn -0.8168 -0.5682 -0.1000
vn -0.7886 -0.6122 -0.0582
vn -0.7736 -0.6327 -0.0344
vn -0.1610 -0.9857 -0.0507
vn -0.1618 -0.9855 -0.0509
vn -0.1615 -0.9856 -0.0508
vn -0.1623 -0.9854 -0.0509
vn -0.5752 -0.8113 -0.1048
vn 0.0477 -0.9943 -0.0953
vn 0.0479 -0.9943 -0.0947
vn 0.0478 -0.9944 -0.0947
vn 0.0483 -0.9945 -0.0931
vn 0.0341 -0.9987 0.0367
vn 0.0332 -0.9952 0.0925
vn 0.0472 -0.9912 -0.1235
vn 0.0376 -0.9916 -0.1236
vn 0.0448 -0.9914 -0.1232
vn 0.0473 -0.9913 -0.1230
vn -0.3178 -0.6463 -0.6938
vn -0.3227 -0.6479 -0.6900
vn -0.3215 -0.6477 -0.6908
vn -0.3163 -0.6457 -0.6950
vn -0.3329 -0.6481 -0.6849
vn -0.4056 -0.9138 -0.0209
vn -0.4049 -0.9141 -0.0235
vn -0.4053 -0.9139 -0.0239
vn -0.4058 -0.9137 -0.0198
vn -0.3652 -0.9309 0.0086
vn -0.3653 -0.9309 0.0086
vn -0.3653 -0.9309 0.0087
vn -0.3478 -0.8269 -0.4420
vn -0.3725 -0.8829 -0.2860
vn -0.0807 0.0091 -0.9967
vn -0.3688 -0.9287 0.0389
vn -0.3693 -0.9285 0.0388
vn -0.3680 -0.9290 0.0397
vn -0.3642 -0.9303 0.0424
vn -0.0095 -0.0077 0.9999
vn -0.1813 -0.4145 0.8918
vn -0.1915 -0.4716 0.8608
vn -0.1843 -0.4601 0.8685
vn -0.2435 -0.5382 0.8069
vn -0.2936 -0.6324 0.7168
vn -0.4044 -0.9146 0.0096
vn -0.4042 -0.9146 0.0095
vn -0.4042 -0.9146 0.0096
vn -0.4043 -0.9146 0.0096
vn 0.0192 -0.0276 0.9994
vn 0.0159 -0.0472 0.9988
vn -0.2715 0.8686 0.4145
vn -0.2133 0.7073 0.6739
vn -0.2130 0.7064 0.6750
vn -0.2131 0.7069 0.6745
vn 0.4816 0.7801 0.3995
vn 0.3785 0.6295 0.6786
vn 0.0001 0.1457 -0.9893
vn -0.0491 0.0148 0.9987
vn -0.0481 0.0117 0.9988
vn -0.0494 0.0315 0.9983
vn -0.2863 0.0494 0.9569
vn 0.0723 0.3128 0.9471
vn 0.5045 0.8570 0.1046
vn 0.3286 0.6465 0.6886
vn 0.8849 0.2645 0.3834
vn -0.1390 -0.0125 0.9902
vn -0.0611 -0.0254 0.9978
vn -0.0513 0.0240 0.9984
vn 0.9881 0.1521 -0.0237
vn 0.9795 -0.2000 -0.0231
vn 0.9203 0.2932 0.2589
vn 0.9169 0.1396 0.3739
vn 0.9416 -0.1496 0.3016
vn -0.0468 0.0352 0.9983
vn 0.0047 -0.0133 0.9999
vn 0.9634 -0.1589 0.2159
vn 0.9643 -0.1536 0.2159
vn 0.9638 -0.1561 0.2160
vn 0.9624 -0.1646 0.2159
vn 0.5616 -0.5670 0.6026
vn 0.7181 -0.6949 0.0384
vn -0.0744 0.0203 0.9970
vn -0.0738 0.0214 0.9970
vn -0.0759 0.0179 0.9970
vn 0.7238 -0.1157 0.6803
vn -0.0769 0.0163 0.9969
vn -0.6702 0.1613 0.7245
vn -0.6697 0.1512 0.7271
vn -0.6719 0.1532 0.7246
vn 0.8147 -0.5795 -0.0191
vn 0.7045 -0.6638 0.2513
vn 0.8012 -0.5663 0.1933
vn 0.9770 -0.2122 -0.0229
vn 0.8948 -0.2034 0.3973
vn -0.0927 -0.0073 0.9957
vn -0.0617 -0.0054 0.9981
vn -0.1025 0.0032 0.9947
vn 0.6821 -0.1839 0.7077
vn -0.0427 0.0106 0.9990
vn -0.0985 0.0197 0.9949
vn 0.0449 -0.0309 0.9985
vn -0.6675 0.1622 0.7267
vn -0.0043 0.0405 0.9992
vn 0.4839 -0.6494 0.5866
vn -0.2082 -0.6557 0.7258
vn 0.4947 -0.6695 0.5541
vn 0.4971 -0.6687 0.5530
vn -0.2331 -0.9663 -0.1088
vn 0.4923 -0.6703 0.5552
vn 0.7169 -0.1511 0.6806
vn 0.4873 -0.6630 0.5683
vn 0.7038 -0.1482 0.6947
vn 0.9689 -0.2327 0.0845
vn 0.5593 -0.5506 0.6197
vn -0.0228 -0.0333 0.9992
vn -0.2364 -0.9716 0.0055
vn -0.1531 -0.6971 0.7005
vn -0.6053 -0.5142 0.6076
vn -0.1296 -0.5708 0.8108
vn -0.4490 -0.4117 0.7930
vn -0.1312 -0.5292 0.8383
vn -0.0599 -0.5032 0.8621
vn -0.4519 0.0788 0.8886
vn -0.6351 -0.4966 0.5917
vn -0.5609 0.1507 0.8141
vn -0.5616 0.1469 0.8143
vn -0.7705 0.1689 0.6146
vn -0.5623 0.1431 0.8144
vn -0.7620 0.1538 0.6291
vn 0.0456 -0.0292 0.9985
vn -0.2325 0.7469 0.6230
vn -0.2146 0.7112 0.6694
vn 0.0201 -0.0226 0.9995
vn 0.0069 -0.0122 0.9999
vn -0.0131 -0.0149 0.9998
vn 0.1222 -0.0145 0.9924
vn 0.1108 0.0708 0.9913
vn -0.4518 -0.3405 0.8245
vn 0.1023 0.0522 0.9934
vn -0.1533 -0.6519 0.7426
vn 0.0099 0.0816 0.9966
vn -0.1756 -0.7298 0.6607
vn 0.0267 0.0373 0.9989
vn 0.0300 0.0411 0.9987
vn 0.0251 0.0375 0.9990
vn 0.0237 0.0369 0.9990
vn 0.0294 0.0410 0.9987
vn 0.7155 -0.1122 0.6896
vn 0.7126 -0.1114 0.6927
vn 0.7133 -0.1117 0.6919
vn 0.7163 -0.1120 0.6887
vn -0.0683 -0.0114 0.9976
vn -0.0047 0.0240 0.9997
vn -0.0057 0.0225 0.9997
vn -0.0012 0.0295 0.9996
vn 0.2691 -0.3471 0.8984
vn 0.0005 0.0322 0.9995
vn -0.2957 0.2412 0.9243
vn 0.4471 -0.1001 0.8888
vn -0.0166 0.0129 0.9998
vn -0.0159 0.0093 0.9998
vn -0.0110 0.0103 0.9999
vn 0.6605 -0.1692 0.7315
vn 0.7107 -0.1828 0.6793
vn 0.5873 -0.1368 0.7977
vn 0.4079 -0.4046 0.8185
vn -0.3680 0.1352 0.9199
vn -0.7948 0.2542 0.5512
vn -0.6818 0.4369 0.5868
vn 0.0235 0.0001 0.9997
vn -0.0104 0.0108 0.9999
vn -0.0080 0.0199 0.9998
vn 0.5375 -0.4954 0.6824
vn 0.5790 -0.5363 0.6141
vn 0.0169 -0.0238 0.9996
vn 0.0107 -0.0179 0.9998
vn 0.0182 -0.0251 0.9995
vn 0.0192 -0.0260 0.9995
vn 0.7142 -0.1120 0.6909
vn 0.7139 -0.1118 0.6913
vn 0.7135 -0.1116 0.6917
vn 0.7132 -0.1115 0.6921
vn 0.7239 -0.1133 0.6805
vn 0.7226 0.3234 0.6109
vn 0.6254 0.2747 0.7303
vn 0.6254 0.2778 0.7292
vn 0.6255 0.2773 0.7293
vn 0.3866 0.6396 0.6645
vn 0.6254 0.2743 0.7305
vn 0.4019 0.6623 0.6323
vn 0.3922 0.6284 0.6718
vn 0.0027 0.0027 1.0000
vn 0.0036 -0.0003 1.0000
vn 0.0028 0.0023 1.0000
vn 0.0026 0.0030 1.0000
vn 0.6094 -0.7872 0.0946
vn 0.8208 -0.5664 0.0738
vn 0.8154 -0.5742 0.0737
vn 0.8198 -0.5678 0.0738
vn 0.8134 -0.5771 0.0737
vn 0.8577 -0.5139 0.0133
vn 0.8170 -0.5713 0.0786
vn 0.8487 -0.5286 -0.0168
vn 0.8481 -0.5297 -0.0109
vn 0.8484 -0.5292 -0.0133
vn 0.8490 -0.5281 -0.0182
vn 0.8324 -0.5490 0.0764
vn 0.8402 -0.5409 0.0368
vn 0.8403 -0.5408 0.0368
vn 0.8404 -0.5407 0.0366
vn 0.8407 -0.5403 0.0363
vn 0.8406 -0.5404 0.0367
vn 0.3631 -0.9231 0.1269
vn 0.3162 -0.9394 0.1324
vn 0.7776 -0.3893 0.4937
vn 0.7814 -0.3917 0.4859
vn 0.7943 -0.3872 0.4681
vn 0.2633 -0.7787 0.5695
vn 0.4830 -0.0370 0.8748
vn 0.4847 -0.0394 0.8738
vn 0.4842 -0.0388 0.8741
vn 0.4511 -0.0142 0.8924
vn 0.4823 -0.0361 0.8752
vn 0.0966 0.2672 0.9588
vn 0.2789 -0.3434 0.8968
vn 0.5262 -0.6857 0.5030
vn 0.0419 -0.4211 0.9060
vn 0.0109 0.2473 0.9689
vn 0.0109 0.2477 0.9688
vn 0.0110 0.2478 0.9687
vn 0.0110 0.2483 0.9686
vn 0.0504 -0.8502 0.5240
vn 0.0415 -0.4568 0.8886
vn 0.0553 -0.8318 0.5523
vn -0.4496 -0.3393 0.8263
vn -0.6815 -0.5022 0.5324
vn 0.0330 0.2153 0.9760
vn -0.6050 -0.0695 0.7932
vn -0.6774 -0.1918 0.7102
vn -0.3581 0.2233 0.9066
vn -0.5953 -0.0584 0.8014
vn -0.6542 -0.5234 0.5460
vn -0.7641 -0.3937 0.5109
vn -0.7591 -0.3743 0.5326
vn -0.7850 -0.3969 0.4757
vn -0.5794 -0.8149 0.0141
vn -0.4439 0.0775 0.8927
vn 0.0506 -0.9944 0.0929
vn 0.0510 -0.9945 0.0914
vn 0.0506 -0.9944 0.0930
vn 0.0505 -0.9943 0.0935
vn 0.0384 -0.9926 0.1148
vn 0.0431 -0.9923 0.1164
vn 0.0472 -0.9924 0.1136
vn 0.0389 -0.9926 0.1152
vn 0.0375 -0.9926 0.1154
vn 0.0366 -0.9926 0.1155
vn -0.1504 -0.9870 0.0567
vn -0.1597 -0.9854 0.0588
vn -0.1562 -0.9860 0.0580
vn -0.1468 -0.9876 0.0559
vn -0.5808 -0.8032 0.1327
vn -0.7910 -0.6042 0.0960
vn -0.7826 -0.6155 0.0936
vn -0.8063 -0.5742 0.1420
vn -0.8064 -0.5741 0.1420
vn -0.4486 0.0725 0.8908
vn -0.4242 0.0956 0.9005
vn -0.9423 0.2774 0.1872
vn -0.9741 0.1283 0.1864
vn -0.9800 -0.0000 0.1990
vn -0.9706 0.1504 0.1881
vn -0.0000 1.0000 -0.0002
vn -0.0000 1.0000 0.0005
vn -0.0000 1.0000 -0.0003
vn -0.0000 1.0000 0.0041
vn 0.0001 -1.0000 -0.0076
vn 0.0001 -1.0000 0.0040
vn -0.0000 -1.0000 0.0048
vn 0.0001 -0.9999 -0.0116
vn 0.0002 -0.9997 0.0233
vn 0.0002 -0.9997 -0.0226
vn 0.0004 -1.0000 -0.0015
vn -0.0001 -1.0000 -0.0003
vn -0.0005 -1.0000 0.0010
vn -0.0004 0.7008 -0.7134
vn -0.0000 1.0000 -0.0038
vn 0.0003 1.0000 0.0032
vn -0.0000 1.0000 -0.0028
vn -0.0000 1.0000 -0.0012
vn -0.0001 -0.9996 -0.0270
vn -0.0000 -1.0000 0.0025
vn -0.0001 -0.9999 -0.0152
vn -0.0002 -0.9995 -0.0314
vn 0.0002 -0.9999 0.0133
vn 0.0003 -0.9999 -0.0132
vn 0.0001 -1.0000 0.0052
vn 0.0001 -1.0000 0.0079
vn 0.0002 -1.0000 0.0046
vn -0.0000 -1.0000 -0.0014
vn 0.0008 0.8814 0.4724
vn -0.0001 1.0000 -0.0021
vn -0.0000 1.0000 -0.0032
vn -0.0000 1.0000 -0.0066
vn -0.0000 -1.0000 0.0023
vn -0.0000 1.0000 0.0007
vn -0.0000 1.0000 -0.0004
vn -0.0000 1.0000 -0.0034
vn -0.0000 1.0000 0.0003
vn -0.0000 1.0000 0.0004
vn -0.0000 -1.0000 -0.0021
vn -0.0000 -1.0000 -0.0008
vn -0.0000 1.0000 0.0016
vn -0.0000 1.0000 0.0010
vn -0.0000 1.0000 -0.0013
vn -0.0000 1.0000 0.0009
vn 0.7567 -0.6392 -0.1371
vn 0.5904 -0.5809 0.5603
vn 0.3200 0.3054 0.8969
vn 0.3481 0.3354 0.8754
vn 0.5586 0.5598 0.6121
vn 0.5619 0.5598 0.6089
vn 0.5564 0.5613 0.6127
vn 0.5615 0.5603 0.6089
vn 0.5672 0.5566 0.6070
vn 0.5654 0.5570 0.6083
vn 0.5629 0.5604 0.6075
vn 0.5626 0.5599 0.6082
vn 0.5617 0.5593 0.6096
vn 0.7110 0.5456 0.4436
vn 0.7032 0.5598 0.4383
vn 0.7173 0.5347 0.4467
vn 0.6838 0.5393 -0.4916
vn 0.6824 0.5414 -0.4911
vn 0.6805 0.5452 -0.4895
vn 0.6793 0.5471 -0.4891
vn 0.6826 0.5407 -0.4916
vn 0.6904 0.5254 -0.4974
vn 0.2072 0.2510 -0.9456
vn 0.3893 0.4115 -0.8241
vn 0.3894 0.4115 -0.8241
vn 0.2882 0.3211 -0.9021
vn 0.2940 0.3230 -0.8996
vn 0.4581 0.5972 -0.6584
vn 0.5029 0.5643 -0.6547
vn 0.5239 0.5479 -0.6522
vn 0.5227 0.5507 -0.6508
vn 0.5213 0.5512 -0.6515
vn 0.5216 0.5505 -0.6518
vn 0.5175 0.5479 -0.6573
vn 0.5176 0.5483 -0.6569
vn 0.5243 0.5528 -0.6477
vn 0.5209 0.5512 -0.6518
vn 0.5757 -0.4120 -0.7063
vn 0.5703 -0.5234 -0.6331
vn 0.6711 -0.7061 0.2262
vn 0.7433 -0.6406 0.1929
vn 0.6946 -0.6846 0.2211
vn 0.6757 -0.6959 0.2432
vn 0.9478 -0.3180 -0.0225
vn 0.8085 -0.5882 -0.0191
vn 0.8086 -0.5880 -0.0191
vn 0.8086 -0.5881 -0.0191
vn 0.8085 -0.5881 -0.0191
vn 0.8085 -0.5882 -0.0190
vn 0.8816 -0.4716 -0.0207
vn 0.8815 -0.4716 -0.0207
vn 0.8814 -0.4719 -0.0211
vn 0.8814 -0.4719 -0.0212
vn -0.1727 -0.8406 -0.5134
vn -0.0900 -0.8571 -0.5072
vn -0.0902 -0.8570 -0.5073
vn 0.7403 0.6721 -0.0170
vn 0.7361 0.6767 -0.0173
vn 0.7370 0.6757 -0.0173
vn 0.7359 0.6769 -0.0174
vn 0.7406 0.6717 -0.0175
vn 0.7409 0.6714 -0.0175
vn 0.7407 0.6716 -0.0175
vn 0.8415 0.5377 -0.0533
vn 0.8412 0.5381 -0.0535
vn 0.8408 0.5386 -0.0537
vn 0.8402 0.5395 -0.0541
vn 0.8411 0.5397 -0.0366
vn 0.8312 0.5556 -0.0195
vn 0.8321 0.5543 -0.0192
vn 0.8308 0.5563 -0.0176
vn 0.8296 0.5580 -0.0189
vn 0.8310 0.5557 -0.0263
vn 0.8312 0.5557 -0.0200
vn 0.8311 0.5558 -0.0196
vn 0.7072 0.7068 -0.0167
vn 0.8419 0.5394 0.0187
vn 0.8421 0.5390 0.0153
vn 0.8419 0.5394 0.0183
vn 0.8418 0.5395 0.0207
vn 0.8419 0.5396 -0.0020
vn 0.8422 0.5390 0.0146
vn 0.7906 0.6122 -0.0163
vn -0.5594 -0.1358 -0.8177
vn -0.2430 0.3450 -0.9066
vn -0.5721 -0.1564 -0.8051
vn -0.5721 -0.1568 -0.8051
vn -0.5722 -0.1572 -0.8049
vn -0.5718 -0.1524 -0.8061
vn -0.6642 -0.6595 -0.3520
vn -0.6450 -0.6768 -0.3549
vn -0.6659 -0.6685 -0.3312
vn -0.6660 -0.6689 -0.3302
vn -0.6659 -0.6688 -0.3305
vn -0.6659 -0.6684 -0.3314
vn -0.6662 -0.6614 -0.3444
vn -0.9921 -0.0611 0.1095
vn -0.0235 0.0002 -0.9997
vn -0.0000 -1.0000 0.0005
vn -0.0000 -1.0000 0.0007
vn -0.0001 -1.0000 0.0002
vn -0.1104 0.9932 0.0381
vn 0.6998 0.0389 -0.7132
vn 0.6891 0.0388 -0.7236
vn 0.6968 0.0388 -0.7163
vn 0.6928 0.0385 -0.7201
vn 0.6949 0.0387 -0.7181
vn 0.6912 0.0388 -0.7216
vn 0.6895 0.0388 -0.7232
vn 0.9983 0.0570 -0.0123
vn 0.9982 0.0585 -0.0141
vn 0.9980 0.0620 -0.0114
vn 0.9983 0.0566 -0.0109
vn 0.9985 0.0548 0.0016
vn 0.9981 0.0591 -0.0148
vn 0.9984 0.0550 -0.0117
vn 0.9985 0.0545 -0.0110
vn 0.9976 0.0642 -0.0265
vn 0.9977 0.0634 -0.0250
vn 0.9976 0.0639 -0.0260
vn 0.9978 0.0595 -0.0288
vn 0.9978 0.0593 -0.0305
vn 0.9979 0.0652 0.0065
vn 0.9982 0.0592 0.0025
vn 0.9979 0.0651 0.0064
vn 0.9978 0.0657 0.0066
vn 0.9987 0.0426 -0.0279
vn 0.9986 0.0377 -0.0360
vn 0.9987 0.0410 -0.0301
vn 0.9987 0.0419 -0.0292
vn 0.9986 0.0403 -0.0342
vn 0.9987 0.0394 -0.0335
vn 0.9985 0.0380 -0.0384
vn 0.9985 0.0377 -0.0407
vn 0.7185 0.0264 0.6950
vn 0.6955 0.0215 0.7182
vn 0.7310 0.0266 0.6819
vn 0.8721 0.0537 0.4863
vn 0.8701 0.0537 0.4899
vn 0.8709 0.0537 0.4885
vn 0.8729 0.0537 0.4849
vn -0.1131 0.9932 -0.0269
vn 0.0238 -0.0002 0.9997
vn 0.5370 -0.8435 -0.0127
vn 0.5372 -0.8434 -0.0127
vn 0.5371 -0.8435 -0.0127
vn 0.5374 -0.8432 -0.0126
vn 0.5371 -0.8434 -0.0126
vn 0.5373 -0.8426 0.0354
vn 0.5545 -0.8313 0.0385
vn 0.4476 -0.8935 0.0372
vn 0.7133 -0.5824 0.3899
vn 0.7145 -0.5810 0.3898
vn 0.7188 -0.5757 0.3898
vn 0.7204 -0.5735 0.3899
vn 0.7918 -0.5174 0.3244
vn 0.7919 -0.5173 0.3245
vn 0.7920 -0.5171 0.3246
vn 0.7918 -0.5170 0.3251
vn 0.8307 -0.4501 0.3276
vn 0.9126 -0.2998 0.2780
vn 0.8174 -0.2651 0.5114
vn 0.7853 -0.2542 0.5645
vn 0.8913 -0.2917 0.3471
vn 0.8916 -0.2916 0.3465
vn 0.8914 -0.2917 0.3469
vn 0.8916 -0.2916 0.3463
vn 0.8181 -0.3880 0.4245
vn 0.8219 -0.3936 0.4118
vn 0.8795 -0.4726 0.0558
vn 0.8786 -0.4747 0.0515
vn 0.8796 -0.4724 0.0559
vn 0.8786 -0.4743 0.0554
vn 0.8783 -0.4746 0.0573
vn 0.8783 -0.4746 0.0576
vn 0.8791 -0.4735 0.0541
vn 0.8781 -0.4760 0.0490
vn 0.8762 -0.4808 0.0335
vn 0.8726 -0.4884 0.0069
vn 0.8800 -0.4673 0.0855
vn 0.8787 -0.4742 0.0548
vn 0.7486 -0.3095 0.5864
vn 0.7526 -0.3063 0.5829
vn 0.7504 -0.3041 0.5868
vn 0.7494 -0.3040 0.5882
vn 0.7461 -0.3035 0.5926
vn 0.7529 -0.3043 0.5836
vn 0.7170 -0.3034 0.6276
vn 0.8534 -0.2982 0.4276
vn 0.7278 -0.2851 0.6237
vn 0.6866 -0.2511 0.6823
vn 0.0495 -0.0208 0.9986
vn 0.0921 -0.0175 0.9956
vn 0.3550 -0.0000 0.9349
vn 0.5115 0.0115 0.8592
vn 0.0662 -0.0180 0.9976
vn 0.0695 -0.0186 0.9974
vn 0.0688 -0.0185 0.9975
vn 0.0766 -0.0201 0.9969
vn 0.0678 -0.0184 0.9975
vn 0.0784 -0.0204 0.9967
vn 0.0786 -0.0205 0.9967
vn 0.1647 -0.0094 0.9863
vn -0.3444 -0.0665 0.9365
vn 0.4949 -0.8674 -0.0514
vn 0.9158 -0.3677 -0.1616
vn 0.8898 -0.4317 -0.1479
vn 0.5351 -0.8425 -0.0627
vn 0.5716 -0.8184 -0.0594
vn 0.8735 -0.4775 -0.0951
vn 0.8764 -0.4670 -0.1177
vn 0.8723 -0.4850 -0.0616
vn 0.8742 -0.4763 -0.0950
vn 0.8746 -0.4757 -0.0933
vn 0.8746 -0.4754 -0.0953
vn 0.8742 -0.4753 -0.0992
vn 0.8728 -0.4762 -0.1069
vn 0.8765 -0.4714 -0.0972
vn 0.8748 -0.4841 -0.0207
vn 0.6601 -0.2539 -0.7070
vn 0.6845 -0.2698 -0.6773
vn 0.7492 -0.3122 -0.5841
vn 0.7247 -0.2961 -0.6222
vn 0.7236 -0.2961 -0.6235
vn 0.7291 -0.2965 -0.6169
vn 0.7304 -0.2966 -0.6152
vn 0.6840 -0.2989 -0.6654
vn 0.7992 -0.2886 -0.5273
vn 0.3630 -0.8936 -0.2639
vn 0.3508 -0.9029 -0.2484
vn 0.3507 -0.9030 -0.2484
vn 0.3509 -0.9028 -0.2485
vn 0.3507 -0.9029 -0.2486
vn 0.8396 -0.2810 -0.4649
vn 0.8203 -0.2744 -0.5018
vn 0.8193 -0.2740 -0.5037
vn 0.8200 -0.2741 -0.5024
vn 0.8187 -0.2738 -0.5047
vn 0.7924 -0.2651 -0.5494
vn 0.7938 -0.2656 -0.5471
vn 0.7936 -0.2654 -0.5475
vn 0.7949 -0.2659 -0.5454
vn 0.3933 -0.4007 -0.8275
vn -0.0252 0.0005 -0.9997
vn 0.2379 -0.0000 -0.9713
vn 0.3396 0.0118 -0.9405
vn -0.0603 -0.0270 -0.9978
vn -0.0118 -0.0160 -0.9998
vn 0.0608 -0.0278 -0.9978
vn 0.0315 -0.0178 -0.9993
vn -0.0951 -0.0287 -0.9951
vn 0.1684 -0.0088 -0.9857
vn 0.0575 -0.0163 -0.9982
vn 0.0580 -0.0167 -0.9982
vn 0.0585 -0.0173 -0.9981
vn 0.0588 -0.0177 -0.9981
vn 0.0913 -0.0671 -0.9936
vn 0.0912 -0.0669 -0.9936
vn 0.0575 -0.0139 -0.9982
vn 0.0575 -0.0140 -0.9982
vn 0.9478 0.0978 -0.3036
vn 0.9157 0.0770 -0.3945
vn 0.5454 0.0579 -0.8362
vn 0.6541 0.0537 -0.7545
vn 0.6087 0.0539 -0.7915
vn 0.6233 0.0535 -0.7802
vn 0.9775 0.1565 -0.1415
vn 0.9780 0.1527 -0.1423
vn 0.9779 0.1550 -0.1403
vn 0.9795 0.1465 -0.1386
vn 0.9784 0.1474 -0.1447
vn 0.9786 0.1467 -0.1441
vn 0.9864 0.1628 -0.0236
vn 0.9863 0.1633 -0.0241
vn 0.9864 0.1628 -0.0232
vn 0.6033 0.0785 -0.7936
vn 0.9847 0.1656 0.0538
vn 0.9854 0.1604 0.0568
vn 0.9855 0.1602 0.0568
vn 0.9853 0.1614 0.0567
vn 0.9819 0.1790 0.0615
vn 0.9705 0.2294 0.0746
vn 0.9872 0.1510 0.0521
vn 0.9797 0.1886 0.0680
vn 0.9850 0.1630 0.0558
vn 0.9894 0.1400 0.0395
vn 0.9856 0.1605 0.0532
vn 0.9842 0.1664 0.0598
vn 0.9844 0.1655 0.0589
vn 0.9853 0.1618 0.0550
vn 0.9859 0.1590 0.0516
vn 0.9851 0.1624 0.0562
vn 0.9826 0.1709 0.0728
vn 0.9844 0.1652 0.0613
vn 0.9841 0.1661 0.0632
vn 0.9824 0.1714 0.0738
vn 0.9854 0.1617 0.0532
vn 0.9855 0.1600 0.0567
vn 0.9868 0.1603 -0.0232
vn 0.9874 0.1575 -0.0140
vn 0.9870 0.1595 -0.0204
vn 0.9860 0.1639 -0.0290
vn 0.9859 0.1642 -0.0305
vn 0.9876 0.1565 -0.0112
vn 0.9904 0.1378 -0.0044
vn 0.9912 0.1305 -0.0208
vn 0.9913 0.1149 -0.0637
vn 0.9913 0.1292 -0.0265
vn 0.9902 0.1382 -0.0223
vn 0.9903 0.1370 -0.0225
vn 0.9913 0.1293 -0.0234
vn 0.9870 0.1578 -0.0319
vn 0.9908 0.1098 0.0786
vn 0.9908 0.1350 0.0054
vn 0.9861 0.1647 -0.0231
vn 0.9982 0.0148 -0.0581
vn 0.9903 0.1384 -0.0106
vn 0.9896 0.1374 -0.0425
vn 0.9918 0.1267 -0.0165
vn 0.9918 0.1267 -0.0170
vn 0.9922 0.1244 -0.0100
vn 0.9923 0.1237 -0.0082
vn 0.9911 0.1299 -0.0290
vn 0.9911 0.1302 -0.0291
vn 0.9913 0.1291 -0.0242
vn 0.9845 0.1741 -0.0198
vn 0.9845 0.1746 -0.0152
vn 0.9845 0.1742 -0.0188
vn 0.9890 0.1102 -0.0987
vn 0.9892 0.1353 -0.0563
vn 0.9123 -0.0000 -0.4095
vn 0.9911 0.1325 -0.0154
vn 0.9845 0.1747 -0.0147
vn 0.9861 0.1647 -0.0233
vn 0.9997 -0.0000 -0.0236
vn 0.9997 -0.0000 -0.0237
vn 0.9898 0.1409 -0.0232
vn 0.9762 0.2149 -0.0300
vn 0.9832 0.1608 -0.0859
vn -0.1700 -0.9712 0.1671
vn 0.9871 0.1253 -0.0996
vn 0.9695 0.2148 -0.1181
vn 0.9819 0.1585 -0.1038
vn 0.9822 0.1569 -0.1034
vn 0.9819 0.1583 -0.1038
vn 0.9811 0.1628 -0.1051
vn 0.9887 0.1219 -0.0867
vn 0.9814 0.1602 -0.1057
vn 0.9817 0.1590 -0.1051
vn 0.9794 0.1681 -0.1121
vn 0.9801 0.1656 -0.1096
vn 0.9793 0.1689 -0.1115
vn 0.9813 0.1616 -0.1043
vn 0.9875 0.1389 -0.0743
vn 0.9798 0.1657 -0.1119
vn 0.9853 0.1502 -0.0814
vn 0.9744 0.1773 -0.1384
vn 0.9817 0.1611 -0.1018
vn 0.9809 0.1488 0.1252
vn 0.9808 0.1488 0.1258
vn 0.9809 0.1488 0.1253
vn 0.8146 0.5798 -0.0142
vn 0.8133 0.5815 -0.0194
vn 0.8139 0.5807 -0.0181
vn 0.8084 0.5883 -0.0191
vn 0.8083 0.5884 -0.0191
vn 0.8085 0.5881 -0.0191
vn 0.8085 0.5883 -0.0191
vn 0.7929 0.6092 -0.0138
vn 0.9997 -0.0008 -0.0236
vn 0.8086 0.5880 -0.0191
vn 0.8453 0.5341 -0.0129
vn 0.8134 0.5811 -0.0280
vn 0.8134 0.5810 -0.0284
vn 0.8135 0.5811 -0.0206
vn 0.8135 0.5812 -0.0190
vn 0.8321 0.5543 -0.0196
vn 0.9997 -0.0015 -0.0236
vn 0.7906 0.6119 -0.0227
vn 0.3399 0.9401 -0.0272
vn 0.8315 0.5552 -0.0197
vn 0.8138 0.5811 -0.0131
vn 0.8320 0.5544 -0.0198
vn -0.0204 0.9998 0.0005
vn 0.5488 0.7415 0.3860
vn -0.0292 0.9994 0.0161
vn 0.0102 0.9016 0.4325
vn 0.0103 0.9016 0.4325
vn -0.0300 0.9995 -0.0141
vn 0.0060 0.7051 -0.7091
vn 0.0060 0.7052 -0.7090
vn 0.0985 0.6927 -0.7144
vn 0.1211 0.8081 -0.5764
vn 0.1173 0.8087 -0.5763
vn 0.1197 0.8084 -0.5764
vn 0.1155 0.8090 -0.5763
vn 0.0947 0.6956 -0.7122
vn 0.0229 0.8114 -0.5841
vn 0.0195 0.8159 -0.5779
vn 0.0192 0.8165 -0.5771
vn 0.0196 0.8159 -0.5779
vn 0.0237 0.8102 -0.5857
vn 0.0256 0.7038 -0.7100
vn 0.0096 -0.0029 -0.9999
vn 0.0088 0.1139 -0.9935
vn 0.0446 -0.0101 -0.9990
vn 0.0433 -0.0096 -0.9990
vn 0.0416 -0.0088 -0.9991
vn 0.0466 -0.0112 -0.9989
vn 0.0672 -0.0543 -0.9963
vn -0.8927 -0.2397 0.3815
vn -0.8619 -0.3485 0.3684
vn -0.6583 -0.5945 0.4617
vn -0.8623 -0.2181 0.4569
vn 0.0761 -0.7985 0.5972
vn 0.0637 -0.7944 0.6040
vn -0.8396 -0.1919 0.5082
vn -0.9872 -0.0000 0.1592
vn -0.8180 -0.2075 0.5366
vn -0.3434 -0.4624 0.8175
vn -0.9979 0.0602 0.0234
vn 0.0324 -0.4772 0.8782
vn -0.8448 -0.1027 0.5251
vn -0.8464 -0.1080 0.5214
vn -0.8468 -0.1091 0.5206
vn -0.8448 -0.1023 0.5252
vn -0.9979 -0.0573 0.0307
vn -0.9979 0.0601 0.0234
vn -0.1289 -0.7746 0.6192
vn 0.0159 -0.7853 0.6189
vn 0.0157 -0.7844 0.6201
vn 0.0156 -0.7842 0.6203
vn 0.0156 -0.7855 0.6187
vn -0.0091 -0.9072 0.4206
vn -0.0093 -0.9105 0.4133
vn -0.0091 -0.9102 0.4140
vn -0.0091 -0.9074 0.4202
vn -0.0091 -0.9076 0.4197
vn -0.0090 -0.9071 0.4208
vn -0.0094 -0.9122 0.4096
vn 0.0173 -0.7986 0.6016
vn 0.0061 -0.7098 0.7044
vn 0.0061 -0.7101 0.7040
vn 0.0061 -0.7100 0.7041
vn -0.0073 -0.9143 0.4050
vn -0.0090 -0.9124 0.4091
vn -0.0087 -0.9122 0.4096
vn -0.0097 -0.9121 0.4098
vn -0.0575 -0.8841 0.4638
vn -0.0083 -0.9073 0.4204
vn 0.0352 -0.9100 0.4130
vn -0.0568 -0.9048 0.4220
vn 0.0099 -0.9080 0.4189
vn 0.2417 -0.7103 0.6611
vn -0.0134 -0.9896 0.1433
vn -0.6676 -0.7015 0.2495
vn 0.1497 -0.8980 0.4136
vn 0.1924 -0.8866 0.4206
vn 0.0747 -0.9903 0.1169
vn 0.0748 -0.9903 0.1173
vn 0.0753 -0.9901 0.1180
vn 0.1480 -0.9824 0.1136
vn 0.0757 -0.9900 0.1189
vn 0.1557 -0.9795 0.1279
vn 0.0263 -0.9895 -0.1419
vn 0.0782 -0.9848 -0.1552
vn 0.0741 -0.9835 -0.1649
vn 0.0744 -0.9837 -0.1639
vn 0.0737 -0.9835 -0.1655
vn 0.0680 -0.9863 -0.1505
vn 0.0960 -0.9823 -0.1606
vn 0.7069 0.1480 -0.6916
vn 0.5378 -0.3731 -0.7560
vn -0.0280 -0.9125 -0.4081
vn -0.0264 -0.9139 -0.4050
vn -0.0268 -0.9137 -0.4056
vn -0.0285 -0.9123 -0.4086
vn -0.1020 -0.9052 -0.4127
vn 0.0694 -0.9115 -0.4054
vn 0.0623 -0.9136 -0.4018
vn 0.0645 -0.9130 -0.4029
vn 0.0713 -0.9109 -0.4065
vn -0.0282 -0.9206 -0.3894
vn -0.0279 -0.9665 -0.2551
vn -0.0285 -0.9076 -0.4188
vn -0.0281 -0.9180 -0.3956
vn -0.0274 -0.9074 -0.4193
vn -0.0288 -0.8900 -0.4551
vn -0.0288 -0.8996 -0.4357
vn -0.0272 -0.7097 -0.7040
vn -0.0272 -0.7094 -0.7043
vn -0.0273 -0.7110 -0.7027
vn -0.0273 -0.7116 -0.7021
vn -0.4971 -0.7273 -0.4732
vn -0.0354 -0.8010 -0.5976
vn 0.0424 -0.7844 -0.6188
vn -0.0139 -0.7879 -0.6157
vn -0.0141 -0.7877 -0.6159
vn -0.0142 -0.7853 -0.6190
vn -0.0141 -0.7851 -0.6193
vn -0.9169 -0.3420 -0.2058
vn -0.8533 -0.4659 -0.2341
vn -0.4264 -0.3847 -0.8186
vn -0.8830 -0.2181 -0.4157
vn -0.3236 -0.0755 -0.9432
vn -0.4386 -0.0766 0.8954
vn -0.2726 -0.0624 -0.9601
vn -0.8781 -0.1774 -0.4444
vn 0.2100 -0.7120 -0.6701
vn 0.1723 -0.8866 -0.4292
vn -0.0096 -0.4847 -0.8746
vn -0.0192 -0.3982 -0.9171
vn 0.0864 -0.7478 -0.6583
vn 0.1922 -0.4812 -0.8553
vn 0.6298 -0.7097 -0.3156
vn 0.6298 -0.7097 -0.3157
vn 0.5823 -0.6080 -0.5396
vn 0.6239 -0.5980 -0.5031
vn 0.5831 -0.3745 -0.7210
vn 0.6119 -0.7770 -0.1482
vn 0.4109 -0.9049 -0.1108
vn 0.7003 -0.6548 -0.2844
vn 0.7736 -0.3954 -0.4951
vn 0.1207 -0.5018 -0.8565
vn 0.1872 -0.2178 -0.9579
vn -0.0166 -0.2131 -0.9769
vn 0.8053 -0.1608 -0.5706
vn 0.7326 -0.5327 -0.4236
vn 0.7322 -0.5330 -0.4240
vn 0.7320 -0.5331 -0.4243
vn 0.7329 -0.5326 -0.4233
vn 0.6273 -0.3602 -0.6904
vn 0.8356 -0.3019 -0.4590
vn 0.6770 -0.1863 -0.7120
vn 0.6836 -0.1134 -0.7210
vn 0.4163 -0.1163 -0.9017
vn 0.8813 -0.0928 -0.4635
vn 0.9967 -0.0566 -0.0586
vn 0.9967 -0.0547 -0.0592
vn 0.9968 -0.0528 -0.0598
vn 0.6993 0.0256 -0.7144
vn 0.8848 -0.0542 -0.4628
vn 0.4077 0.0525 -0.9116
vn 0.7178 0.0111 -0.6961
vn 0.2431 0.1364 -0.9604
vn 0.7541 0.2809 -0.5936
vn 0.2691 0.4527 -0.8501
vn 0.6862 -0.0425 -0.7261
vn 0.9996 -0.0171 -0.0236
vn 0.9996 -0.0171 -0.0235
vn 0.9996 -0.0171 -0.0237
vn 0.9865 -0.1618 -0.0233
vn 0.9866 -0.1618 -0.0234
vn 0.9865 -0.1618 -0.0235
vn 0.6876 0.2596 -0.6781
vn 0.6379 0.2800 -0.7174
vn 0.9865 -0.1619 -0.0232
vn 0.9305 0.1582 -0.3303
vn 0.9997 -0.0140 0.0184
vn 0.9961 -0.0768 0.0441
vn 0.9282 0.2533 -0.2724
vn 0.6323 0.6216 -0.4624
vn 0.6353 0.6202 -0.4602
vn 0.6345 0.6206 -0.4607
vn 0.6316 0.6218 -0.4631
vn 0.1214 -0.1424 0.9823
vn 0.2457 0.8106 -0.5316
vn 0.3710 -0.5114 0.7751
vn 0.9997 0.0065 -0.0235
vn 0.7155 -0.1124 0.6895
vn 0.7147 -0.1130 0.6903
vn 0.7201 -0.1084 0.6853
vn 0.6018 -0.4756 0.6416
vn 0.2896 0.8089 -0.5116
vn 0.3309 0.4168 -0.8466
vn 0.0218 0.8448 -0.5347
vn 0.0046 0.4845 -0.8748
vn 0.0052 0.4877 -0.8730
vn 0.0038 0.4791 -0.8778
vn 0.2095 0.9326 -0.2938
vn 0.9959 0.0876 -0.0234
vn 0.5873 0.7545 -0.2929
vn 0.1454 0.9367 -0.3184
vn 0.0383 0.9582 -0.2835
vn -0.0000 1.0000 -0.0007
vn 0.0371 0.9723 -0.2310
vn 0.0322 0.9395 -0.3409
vn 0.0391 0.9563 -0.2899
vn 0.0386 0.9557 -0.2919
vn 0.0384 0.9553 -0.2932
vn 0.0393 0.9566 -0.2887
vn 0.0391 0.9577 -0.2852
vn 0.0277 0.7959 -0.6048
vn 0.1556 0.9754 -0.1561
vn 0.6419 0.7227 -0.2562
vn 0.0318 0.9788 -0.2025
vn 0.0345 0.9702 -0.2400
vn 0.0320 0.9786 -0.2033
vn 0.0328 0.9876 -0.1534
vn 0.0331 0.9878 -0.1525
vn 0.0329 0.9877 -0.1530
vn 0.0332 0.9878 -0.1521
vn -0.7487 0.5364 -0.3894
vn -0.0050 0.9787 -0.2051
vn -0.7041 0.6722 -0.2288
vn -0.5591 0.7862 -0.2632
vn -0.7140 0.6612 -0.2303
vn 0.0229 0.9976 -0.0657
vn 0.0226 0.9971 -0.0727
vn 0.0235 0.9971 -0.0729
vn 0.0228 0.9977 -0.0644
vn 0.3970 0.9141 -0.0825
vn 0.6008 0.7953 -0.0810
vn 0.0270 0.9968 0.0754
vn 0.0267 0.9970 0.0726
vn 0.0264 0.9971 0.0708
vn 0.0263 0.9972 0.0700
vn -0.6168 0.7317 -0.2903
vn -0.7635 0.6093 -0.2139
vn -0.7597 0.6143 -0.2130
vn -0.7643 0.6085 -0.2135
vn -0.7640 0.6092 -0.2126
vn -0.7617 0.6122 -0.2122
vn -0.7607 0.6136 -0.2116
vn -0.5811 0.8137 0.0136
vn -0.1557 -0.9878 0.0039
vn -0.7524 0.6247 -0.2087
vn -0.7470 0.6358 -0.1943
vn 0.0385 0.9877 0.1514
vn 0.0388 0.9879 0.1503
vn 0.0384 0.9877 0.1518
vn 0.0389 0.9879 0.1498
vn 0.3989 0.9066 0.1379
vn 0.1643 0.9442 0.2855
vn 0.1631 0.9444 0.2854
vn 0.1644 0.9442 0.2855
vn 0.1577 0.9454 0.2851
vn 0.1597 0.9451 0.2852
vn -0.7068 0.6575 0.2612
vn -0.7059 0.6581 0.2618
vn -0.7059 0.6578 0.2626
vn -0.6789 0.6849 0.2646
vn -0.7062 0.6572 0.2633
vn 0.0399 0.9540 0.2973
vn 0.0438 0.9530 0.2997
vn 0.0406 0.9534 0.2988
vn 0.0408 0.9513 0.3055
vn 0.0391 0.9570 0.2876
vn 0.0395 0.9560 0.2906
vn 0.0396 0.9556 0.2919
vn 0.0419 0.9528 0.3007
vn 0.0408 0.9547 0.2946
vn 0.0452 0.8940 0.4457
vn 0.1827 0.9801 0.0771
vn 0.0416 0.9518 0.3040
vn 0.0313 0.9751 0.2195
vn 0.0395 0.9574 0.2860
vn 0.0441 0.9636 0.2636
vn 0.0389 0.9573 0.2863
vn 0.2323 0.9305 0.2831
vn -0.7484 0.6050 0.2720
vn -0.9937 -0.0902 -0.0666
vn -0.7582 0.5897 0.2782
vn -0.6853 0.6830 0.2526
vn -0.7715 0.5772 0.2677
vn -0.9944 0.0006 0.1057
vn -0.9944 -0.0002 0.1057
vn -0.9943 -0.0000 0.1069
vn 0.1504 0.8370 0.5262
vn 0.1463 0.8376 0.5264
vn 0.1481 0.8373 0.5263
vn -0.7920 0.4966 0.3551
vn -0.7921 0.4966 0.3550
vn 0.0415 0.8435 0.5355
vn 0.1518 0.8367 0.5262
vn 0.3044 0.9026 0.3043
vn -0.8423 0.4160 0.3426
vn -0.8684 0.1370 0.4766
vn -0.8746 0.1428 0.4633
vn -0.9947 -0.0017 0.1031
vn 0.1009 0.4801 0.8714
vn 0.0984 0.4798 0.8719
vn 0.0996 0.4799 0.8717
vn 0.0561 0.7529 0.6558
vn 0.4246 0.6881 0.5884
vn 0.0514 0.4790 0.8763
vn -0.8311 0.0459 0.5542
vn -0.8303 0.0477 0.5553
vn -0.8342 0.0386 0.5501
vn -0.8244 0.0558 0.5632
vn -0.8846 -0.0314 0.4652
vn -0.8225 0.0523 0.5664
vn -0.8349 0.0367 0.5492
vn -0.8267 -0.0829 0.5565
vn -0.9087 0.1488 0.3899
vn -0.9086 0.1489 0.3903
vn -0.9087 0.1488 0.3900
vn -0.9088 0.1481 0.3901
vn -0.9163 -0.0614 0.3957
vn -0.9072 -0.0485 0.4179
vn 0.0971 0.4797 0.8721
vn -0.7094 -0.0932 0.6987
vn -0.7054 -0.0072 0.7088
vn 0.0495 0.1635 0.9853
vn 0.0464 0.1631 0.9855
vn 0.0394 0.1626 0.9859
vn 0.0388 0.1625 0.9859
vn 0.0432 0.5581 0.8287
vn 0.0274 0.0910 0.9955
vn 0.2967 0.5081 0.8086
vn 0.2742 0.7697 0.5765
vn 0.4816 0.3769 0.7912
vn 0.4741 0.0500 0.8791
vn 0.7903 0.4987 0.3559
vn 0.0283 -0.1972 0.9800
vn 0.0425 -0.1010 0.9940
vn 0.0237 -0.5270 0.8495
vn 0.7283 0.2538 0.6365
vn 0.8084 0.2462 0.5347
vn 0.2900 0.1522 0.9448
vn 0.7366 0.0736 0.6723
vn 0.2635 -0.2051 0.9426
vn 0.2300 -0.2188 0.9483
vn 0.2073 -0.5223 0.8272
vn 0.2591 -0.5045 0.8236
vn 0.1085 -0.7484 0.6544
vn 0.8276 -0.1618 0.5375
vn 0.8283 -0.1622 0.5363
vn 0.8301 -0.1630 0.5333
vn 0.8448 -0.0300 0.5342
vn 0.7523 -0.4168 0.5102
vn 0.8308 -0.1633 0.5322
vn 0.6072 -0.6080 0.5115
vn 0.6180 -0.3993 0.6772
vn 0.7400 -0.1838 0.6470
vn 0.7626 -0.3344 0.5538
vn 0.9078 -0.0625 0.4148
vn 0.9055 -0.0860 0.4156
vn 0.7190 -0.0489 0.6933
vn 0.7137 0.2977 0.6341
vn 0.7137 0.2977 0.6340
vn 0.9991 -0.0401 0.0171
vn 0.9991 -0.0399 0.0156
vn 0.9988 -0.0466 0.0150
vn 0.7420 -0.5625 0.3647
vn 0.7102 -0.6571 0.2524
vn 0.6604 -0.3572 0.6606
vn 0.9985 -0.0530 0.0128
vn 0.5061 -0.6914 0.5155
vn 0.4593 -0.7114 0.5319
vn 0.6495 -0.6948 0.3089
vn 0.5491 -0.7569 0.3544
vn 0.5506 -0.7562 0.3536
vn 0.5531 -0.7550 0.3523
vn 0.6004 -0.7986 0.0421
vn 0.4143 -0.8994 0.1396
vn 0.5546 -0.7542 0.3514
vn 0.5846 -0.8034 0.1134
vn 0.9917 -0.0507 -0.1183
vn 0.9868 -0.0825 -0.1397
vn 0.9872 -0.1584 -0.0208
vn 0.9871 -0.1584 -0.0223
vn 0.9874 -0.1566 -0.0246
vn 0.9936 -0.0704 0.0880
vn 0.8065 -0.5908 0.0233
vn 0.9876 -0.1548 -0.0247
vn 0.9875 -0.1554 -0.0243
vn 0.4915 0.7830 -0.3813
vn 0.6195 0.5560 -0.5542
vn 0.8042 -0.5907 -0.0656
vn 0.5773 -0.8020 -0.1535
vn 0.5370 -0.7538 -0.3787
vn 0.9871 -0.1580 -0.0246
vn 0.9877 -0.1547 -0.0230
vn 0.9876 -0.1550 -0.0234
vn 0.1363 0.8811 -0.4528
vn 0.1539 0.9570 -0.2458
vn 0.6943 0.6128 -0.3774
vn 0.6658 0.5219 -0.5332
vn 0.9875 -0.1562 -0.0214
vn 0.9870 -0.1585 -0.0260
vn 0.8123 0.5790 0.0703
vn 0.8220 0.5656 0.0657
vn 0.5544 0.7340 0.3923
vn 0.7853 0.5563 0.2718
vn 0.9873 -0.0621 -0.1463
vn 0.9942 -0.0345 0.1022
vn 0.9891 -0.0745 0.1269
vn 0.9896 -0.0487 -0.1355
vn 0.6855 0.4737 0.5530
vn 0.7325 0.2574 0.6303
vn 0.9906 -0.0639 -0.1210
vn 0.7329 -0.0112 0.6802
vn 0.7365 -0.0123 0.6763
vn 0.7354 -0.0120 0.6775
vn 0.6730 0.4828 0.5603
vn 0.6202 0.7115 0.3303
vn 0.8156 0.3260 0.4780
vn 0.7321 -0.0109 0.6811
vn 0.8480 0.0606 0.5265
vn 0.7209 -0.1076 0.6846
vn 0.5903 0.2966 0.7507
vn 0.5141 0.6466 0.5636
vn 0.0923 0.4441 0.8912
vn 0.0921 0.4441 0.8912
vn 0.1379 0.7708 0.6220
vn 0.0449 0.1355 0.9898
vn 0.0468 0.1354 0.9897
vn 0.7030 -0.1097 0.7027
vn -0.0020 -0.1571 0.9876
vn 0.9638 -0.1531 0.2182
vn 0.0483 0.1354 0.9896
vn 0.0348 -0.1602 0.9865
vn 0.0349 -0.1599 0.9865
vn 0.0345 -0.1676 0.9853
vn 0.0344 -0.1694 0.9849
vn 0.0167 -0.5103 0.8598
vn 0.0110 -0.5647 0.8252
vn 0.0115 -0.5522 0.8337
vn 0.0350 -0.1587 0.9867
vn 0.5889 -0.4951 0.6388
vn 0.6236 -0.4854 0.6128
vn 0.6135 -0.5953 0.5190
vn 0.4271 -0.7377 0.5229
vn 0.7414 -0.5740 0.3476
vn 0.0474 0.1996 0.9787
vn 0.0485 0.1353 0.9896
vn 0.0563 0.3157 0.9472
vn 0.0529 0.4501 0.8914
vn 0.0534 0.4374 0.8977
vn 0.0616 0.7729 0.6315
vn 0.0535 0.8579 0.5110
vn 0.0535 0.8542 0.5173
vn 0.0535 0.8557 0.5146
vn 0.0536 0.8594 0.5085
vn 0.7712 0.5258 0.3590
vn 0.0531 0.8936 0.4458
vn 0.0529 0.8946 0.4437
vn 0.0529 0.8951 0.4427
vn 0.8072 0.5531 0.2059
vn 0.7125 0.6600 0.2382
vn 0.0530 0.8935 0.4459
vn 0.0531 0.8935 0.4460
vn 0.1575 0.8812 0.4458
vn 0.0430 0.9991 -0.0056
vn 0.6977 0.7114 0.0838
vn 0.8181 0.5656 -0.1041
vn 0.6767 0.7293 0.1008
vn 0.1661 0.9768 0.1355
vn 0.1662 0.9767 0.1354
vn 0.6929 0.7116 -0.1162
vn 0.6712 0.7294 -0.1321
vn 0.6943 0.6128 -0.3775
vn 0.0547 0.9886 0.1403
vn 0.0549 0.9847 0.1654
vn 0.0549 0.9890 0.1372
vn 0.1595 0.9769 -0.1424
vn 0.1591 0.9770 -0.1422
vn 0.0480 0.9887 -0.1423
vn 0.0481 0.9890 -0.1398
vn 0.0480 0.9888 -0.1414
vn 0.0490 0.9860 -0.1596
vn 0.0490 0.9860 -0.1597
vn 0.0490 0.9859 -0.1598
vn 0.0481 0.9891 -0.1389
vn 0.1597 0.9769 -0.1423
vn 0.0490 0.9861 -0.1590
vn 0.1285 0.8441 -0.5205
vn 0.0367 0.8530 -0.5206
vn 0.0369 0.8549 -0.5175
vn 0.0368 0.8539 -0.5192
vn 0.0370 0.8556 -0.5163
vn 0.5366 0.7318 -0.4201
vn 0.0333 0.9483 -0.3155
vn 0.6247 0.5676 -0.5362
vn 0.0193 0.7878 -0.6156
vn 0.0192 0.7859 -0.6180
vn 0.0193 0.7870 -0.6166
vn 0.0191 0.7852 -0.6190
vn 0.0204 0.6996 -0.7143
vn 0.6096 0.5756 -0.5451
vn 0.6424 0.5520 -0.5316
vn 0.6941 0.1577 -0.7024
vn 0.6157 0.1953 -0.7634
vn 0.0099 0.5117 -0.8591
vn 0.0102 0.4940 -0.8694
vn 0.0601 0.5042 -0.8615
vn 0.0109 0.3716 -0.9283
vn 0.0015 0.1563 -0.9877
vn 0.0012 0.1595 -0.9872
vn 0.0013 0.1612 -0.9869
vn 0.0027 0.1635 -0.9865
vn 0.0025 0.1634 -0.9866
vn 0.0031 0.1635 -0.9865
vn 0.8097 0.2533 -0.5293
vn 0.6943 0.3135 -0.6478
vn 0.0014 0.1682 -0.9857
vn -0.0133 -0.1664 -0.9860
vn 0.7050 0.0048 -0.7092
vn 0.8216 -0.0372 -0.5689
vn 0.9997 0.0067 -0.0235
vn 0.9997 0.0067 -0.0237
vn 0.9997 0.0067 -0.0236
vn 0.9997 0.0066 -0.0232
vn 0.7046 0.1179 -0.6998
vn -0.0458 -0.1410 -0.9889
vn -0.0114 -0.1462 -0.9892
vn -0.0114 -0.1454 -0.9893
vn -0.0114 -0.1466 -0.9891
vn -0.0114 -0.1453 -0.9893
vn 0.6861 -0.1124 -0.7188
vn 0.6862 -0.1124 -0.7187
vn 0.9991 -0.0350 -0.0235
vn 0.6970 -0.1903 -0.6913
vn 0.7283 -0.4545 -0.5128
vn 0.6337 -0.4956 -0.5940
vn 0.9973 -0.0240 -0.0697
vn 0.9900 -0.0618 -0.1268
vn 0.9940 -0.0662 -0.0869
vn 0.9864 -0.1626 -0.0248
vn 0.9863 -0.1629 -0.0247
vn 0.9865 -0.1619 -0.0244
vn 0.9867 -0.1612 -0.0233
vn 0.9874 -0.1568 -0.0233
vn 0.5220 -0.4473 -0.7263
vn 0.6479 0.5446 0.5326
vn 0.5457 0.6092 0.5753
vn 0.5328 0.7994 0.2775
vn 0.8862 0.3386 0.3164
vn 0.9880 -0.1527 -0.0233
vn 0.6484 0.7336 0.2038
vn 0.8578 0.5029 0.1058
vn 0.6058 0.7935 0.0577
vn 0.9903 -0.0796 -0.1141
vn 0.8011 0.5777 0.1566
vn 0.5793 0.8124 0.0662
vn 0.8094 0.5856 0.0442
vn 0.5759 0.8128 -0.0871
vn 0.7996 0.5986 0.0476
vn 0.7970 0.5989 -0.0780
vn 0.9990 -0.0009 0.0452
vn 0.9995 0.0295 -0.0063
vn 0.6745 -0.6896 -0.2638
vn 0.7189 -0.5008 -0.4821
vn 0.4714 -0.6577 -0.5876
vn 0.5457 -0.7646 -0.3430
vn 0.5462 -0.7643 -0.3429
vn 0.5470 -0.7638 -0.3426
vn 0.6110 -0.6494 -0.4527
vn 0.5475 -0.7635 -0.3424
vn -0.1381 -0.7712 -0.6214
vn -0.0912 -0.4393 -0.8937
vn -0.0176 -0.4465 -0.8946
vn -0.0176 -0.4448 -0.8955
vn -0.0175 -0.4419 -0.8969
vn -0.0175 -0.4400 -0.8978
vn -0.0240 -0.5103 -0.8596
vn -0.0265 -0.8408 -0.5407
vn -0.0270 -0.8580 -0.5130
vn 0.5257 -0.7494 -0.4025
vn 0.5246 -0.7481 -0.4064
vn 0.5246 -0.7477 -0.4071
vn 0.5261 -0.7495 -0.4018
vn -0.0310 -0.8005 -0.5985
vn -0.0307 -0.8070 -0.5898
vn -0.0305 -0.8077 -0.5888
vn -0.0307 -0.8082 -0.5881
vn -0.0313 -0.8484 -0.5285
vn -0.0315 -0.8608 -0.5080
vn 0.4704 -0.7827 -0.4076
vn -0.0275 -0.8989 -0.4373
vn -0.0191 -0.9998 0.0005
vn -0.0191 -0.9998 0.0004
vn -0.0310 -0.9894 -0.1419
vn -0.0242 -0.9892 0.1442
vn -0.0092 -0.9322 0.3618
vn 0.0037 -0.8041 0.5945
vn 0.0037 -0.8044 0.5941
vn 0.0037 -0.8037 0.5950
vn -0.0086 -0.9436 0.3309
vn -0.0081 -0.9496 0.3134
vn 0.0026 -0.6842 0.7293
vn 0.0031 -0.7095 0.7047
vn -0.0993 -0.6964 0.7107
vn -0.1482 -0.9358 0.3197
vn 0.9572 0.2886 -0.0224
vn 0.9860 -0.1648 -0.0233
vn 0.9861 -0.1646 -0.0233
vn 0.9861 -0.1647 -0.0233
vn 0.4891 -0.7827 0.3849
vn 0.4248 -0.9008 0.0907
vn 0.4190 -0.8994 -0.1243
vn 0.4393 -0.8946 0.0820
vn 0.4370 -0.8923 -0.1135
vn 0.6844 -0.7066 0.1798
vn 0.9861 -0.1645 -0.0241
vn 0.9861 -0.1645 -0.0225
vn 0.5734 -0.7977 -0.1868
vn 0.9760 -0.1592 -0.1488
vn 0.5831 -0.8000 0.1412
vn 0.9832 -0.1594 0.0891
vn 0.5764 -0.7884 0.2151
vn 0.9986 0.0326 -0.0412
vn 0.8305 0.5509 -0.0823
vn -0.1306 -0.8821 0.4527
vn 0.9942 0.0064 -0.1069
vn -0.1181 -0.8218 0.5574
vn 0.9966 -0.0061 -0.0818
vn 0.8618 0.4479 -0.2381
vn 0.9989 0.0393 -0.0236
vn 0.9952 -0.0694 0.0686
vn 0.9951 -0.0769 0.0622
vn 0.9952 -0.0704 0.0684
vn 0.9951 -0.0770 0.0613
vn -0.0062 0.1609 -0.9869
vn -0.0195 -0.1804 -0.9834
vn -0.0076 0.1762 -0.9843
vn 0.0032 0.4758 -0.8795
vn -0.6707 0.3274 -0.6656
vn -0.4027 0.7732 -0.4900
vn -0.7038 0.0554 -0.7083
vn -0.7039 0.0554 -0.7082
vn -0.6364 0.3473 -0.6888
vn -0.6406 -0.0989 -0.7615
vn -0.8025 0.5041 -0.3192
vn -0.8028 0.5037 -0.3190
vn -0.8036 0.5025 -0.3189
vn -0.7600 0.5544 -0.3392
vn -0.8086 0.4967 -0.3155
vn -0.9184 0.1367 -0.3713
vn -0.8793 0.2025 -0.4311
vn -0.8914 0.1859 -0.4134
vn -0.8039 0.5020 -0.3188
vn -0.8922 0.1784 -0.4148
vn -0.8848 0.1994 -0.4212
vn -0.9074 -0.0189 -0.4199
vn -0.8949 -0.0032 -0.4463
vn -0.8696 0.0287 -0.4929
vn -0.8717 0.0237 -0.4894
vn -0.8689 0.0301 -0.4940
vn -0.8723 0.0222 -0.4884
vn -0.8622 0.0372 -0.5051
vn -0.9994 -0.0154 -0.0314
vn -0.9850 -0.0000 -0.1726
vn -0.8725 -0.1048 -0.4773
vn -0.8684 -0.0853 -0.4885
vn -0.8723 -0.0803 -0.4823
vn -0.8672 -0.0866 -0.4904
vn -0.8702 -0.0808 -0.4861
vn -0.8711 -0.0791 -0.4848
vn -0.9992 -0.0384 0.0108
vn -0.8469 -0.2311 -0.4789
vn -0.8630 -0.2019 -0.4631
vn 0.8442 0.3287 -0.4234
vn 0.8439 0.3284 -0.4243
vn 0.8439 0.3289 -0.4238
vn 0.8457 0.3290 -0.4203
vn 0.9323 0.3608 -0.0243
vn 0.9337 0.3576 -0.0194
vn 0.9334 0.3584 -0.0198
vn 0.9306 0.3654 -0.0209
vn 0.9308 0.3652 -0.0177
vn 0.9322 0.3612 -0.0214
vn 0.9327 0.3597 -0.0250
vn 0.9329 0.3592 -0.0275
vn 0.9322 0.3613 -0.0226
vn 0.9298 0.3669 -0.0289
vn 0.9307 0.3649 -0.0254
vn 0.9326 0.3603 -0.0215
vn 0.9328 0.3598 -0.0187
vn 0.9341 0.3565 -0.0186
vn 0.9093 0.4157 -0.0215
vn 0.9543 0.2981 -0.0226
vn 0.9543 0.2981 -0.0225
vn 0.8647 0.5019 -0.0205
vn 0.8647 0.5019 -0.0204
vn 0.7320 0.3409 -0.5898
vn 0.5794 0.8150 -0.0137
vn 0.5794 0.8149 -0.0137
vn 0.1645 0.9864 -0.0037
vn 0.7050 0.2251 -0.6726
vn 0.4657 0.6737 -0.5738
vn 0.4822 0.2911 -0.8263
vn 0.4821 0.2911 -0.8263
vn 0.5388 0.1981 -0.8188
vn 0.7555 0.5530 -0.3514
vn 0.4498 0.3394 -0.8262
vn 0.0497 0.4442 -0.8945
vn 0.0845 0.8908 -0.4465
vn 0.0845 0.8908 -0.4464
vn 0.0604 0.7196 -0.6917
vn 0.1060 0.9944 -0.0025
vn -0.2873 0.8652 -0.4109
vn -0.2875 0.8659 -0.4093
vn -0.2874 0.8657 -0.4098
vn -0.5416 0.5814 -0.6071
vn -0.2735 0.8745 -0.4005
vn -0.2872 0.8647 -0.4121
vn -0.6204 0.7228 -0.3043
vn -0.6214 0.7259 -0.2949
vn -0.6208 0.7240 -0.3007
vn -0.6467 0.7626 0.0153
vn -0.3896 0.4381 -0.8101
vn -0.6217 0.7271 -0.2912
vn 0.5391 0.7446 0.3936
vn 0.8371 0.3782 0.3952
vn 0.1081 0.9460 0.3057
vn -0.2707 0.9192 0.2858
vn 0.7942 0.5715 0.2063
vn -0.2856 0.9117 0.2953
vn -0.6267 0.7468 0.2228
vn -0.6265 0.7448 0.2297
vn -0.6266 0.7456 0.2271
vn 0.9139 0.3162 0.2547
vn 0.9027 0.3456 0.2564
vn 0.8991 0.3576 0.2526
vn -0.1772 -0.9842 -0.0000
vn -0.1642 -0.9863 0.0148
vn -0.0353 -0.9953 0.0899
vn -0.0515 -0.9930 0.1059
vn -0.0246 -0.9996 -0.0137
vn -0.0247 -0.9997 -0.0093
vn -0.0248 -0.9997 -0.0064
vn -0.0245 -0.9996 -0.0158
vn -0.0012 -0.9988 -0.0499
vn -0.9472 0.3200 0.0223
vn -0.9471 0.3200 0.0222
vn -0.9493 0.3066 0.0700
vn -0.9481 0.3153 0.0422
vn -0.8033 0.5738 0.1597
vn -0.8032 0.5739 0.1597
vn -0.9515 0.3070 0.0225
vn -0.9514 0.3070 0.0225
vn -0.8146 0.5797 0.0192
vn -0.8146 0.5797 0.0193
vn 0.0257 0.9492 0.3138
vn 0.0264 0.9483 0.3164
vn 0.0242 0.9511 0.3079
vn 0.0235 0.9520 0.3051
vn -0.2856 0.9118 0.2951
vn -0.6268 0.7475 0.2201
vn -0.2708 0.9192 0.2858
vn 0.0171 0.9999 -0.0004
vn -0.2736 0.8746 -0.4003
vn -0.2872 0.8649 -0.4117
vn -0.2001 0.5636 -0.8014
vn 0.0049 0.8974 -0.4412
vn 0.0069 0.8901 -0.4557
vn -0.8010 0.5665 -0.1936
vn -0.8010 0.5664 -0.1936
vn -0.8013 0.5661 -0.1935
vn -0.0334 -0.9904 -0.1341
vn -0.1414 -0.9900 0.0022
vn -0.1411 -0.9900 0.0043
vn -0.1409 -0.9900 0.0039
vn -0.9491 0.3149 -0.0090
vn -0.9506 0.3062 -0.0503
vn -0.6279 0.2157 -0.7478
vn -0.7931 0.2476 -0.5564
vn -0.6708 0.2208 -0.7080
vn -0.0230 -0.9995 0.0210
vn -0.1405 -0.9901 0.0072
vn -0.3861 0.9046 -0.1807
vn 0.0013 -0.9985 0.0547
vn -0.6283 0.4362 -0.6441
vn -0.8013 0.2424 -0.5470
vn -0.6995 0.2295 -0.6767
vn -0.0121 0.4533 -0.8913
vn -0.0420 0.6556 -0.7540
vn -0.1937 0.5794 -0.7917
vn 0.0326 0.8099 0.5857
vn 0.0515 0.7841 0.6185
vn 0.6284 0.6124 0.4796
vn 0.7240 0.5354 0.4349
vn 0.9852 0.1249 0.1170
vn 0.2668 0.8763 0.4010
vn 0.2668 0.8764 0.4010
vn 0.9810 0.1489 0.1245
vn 0.9811 0.1495 0.1229
vn 0.9809 0.1517 0.1217
vn 0.9808 0.1534 0.1202
vn 0.9807 0.1537 0.1205
vn 0.9444 0.0917 0.3159
vn 0.5655 0.0802 0.8209
vn 0.7319 0.0701 0.6778
vn 0.7833 0.0704 0.6177
vn 0.7412 0.0709 0.6675
vn 0.6770 0.4983 0.5417
vn 0.0586 0.7182 0.6934
vn 0.0586 0.7181 0.6934
vn 0.0586 0.7178 0.6938
vn 0.0899 0.0067 0.9959
vn 0.0896 0.0079 0.9959
vn 0.0895 0.0075 0.9960
vn 0.1281 -0.0225 0.9915
vn 0.0901 0.0055 0.9959
vn 0.0987 -0.0103 0.9951
vn -0.0000 -1.0000 -0.0002
vn -0.0000 -1.0000 0.0002
vn 0.0001 -1.0000 0.0005
vn -0.0001 -1.0000 0.0014
vn -0.0000 -1.0000 0.0013
vn 0.5600 0.4167 -0.7161
vn 0.9050 0.0148 -0.4252
vn 0.9050 0.0141 -0.4251
vn -0.9997 -0.0159 0.0191
vn -0.9998 -0.0160 0.0117
vn -0.9998 -0.0159 0.0152
vn -0.9998 -0.0160 0.0090
vn -0.9995 -0.0159 0.0263
vn -0.9995 -0.0159 0.0259
vn -0.9996 -0.0158 0.0243
vn -0.9996 -0.0159 0.0236
vn -0.7842 -0.0185 -0.6202
vn -0.7842 -0.0186 -0.6202
vn -0.9996 -0.0159 0.0235
vn -0.9996 -0.0148 0.0234
vn -0.9996 -0.0157 0.0232
vn -0.9997 -0.0158 0.0205
vn -0.9997 -0.0160 0.0158
vn -0.9997 -0.0160 0.0197
vn -0.9997 -0.0160 0.0171
vn -0.9551 -0.0120 0.2961
vn -0.9996 -0.0159 0.0240
vn -0.9996 -0.0159 0.0234
vn -0.9987 -0.0156 0.0480
vn -0.9996 -0.0159 0.0249
vn -0.9996 -0.0159 0.0238
vn -0.9996 -0.0158 0.0237
vn -0.9996 -0.0159 0.0237
vn -0.9996 -0.0160 0.0233
vn -0.9996 -0.0159 0.0233
vn -0.9996 -0.0159 0.0228
vn -0.9996 -0.0159 0.0242
vn -0.9996 -0.0160 0.0232
vn -0.9996 -0.0159 0.0239
vn -0.9996 -0.0152 0.0256
vn -0.9996 -0.0159 0.0230
vn -0.9996 -0.0160 0.0226
vn -0.9996 -0.0159 0.0232
vn -0.9996 -0.0159 0.0231
vn -0.9994 -0.0151 0.0297
vn -0.9995 -0.0156 0.0262
vn -0.9995 -0.0165 0.0258
vn -0.9994 -0.0160 0.0294
vn -0.9996 -0.0159 0.0218
vn -0.9992 -0.0161 0.0374
vn -0.7758 -0.0060 0.6309
vn -0.7759 -0.0060 0.6309
vn -0.7759 -0.0061 0.6309
s 1
usemtl Material.001
f 1//1 2//2 3//3
f 4//4 5//4 6//5
f 7//6 8//7 9//6
f 4//4 6//5 10//8
f 5//4 8//7 7//6
f 4//4 8//7 5//4
f 4//4 10//8 11//4
f 11//4 12//4 4//4
f 12//4 11//4 13//8
f 12//4 13//8 14//9
f 4//4 12//4 15//10
f 16//11 17//4 18//12
f 19//7 20//7 17//4
f 17//4 16//11 19//7
f 21//13 22//13 23//14
f 24//15 25//16 26//17
f 27//18 28//19 29//19
f 30//20 27//18 29//19
f 24//15 30//20 29//19
f 24//15 31//19 25//16
f 31//19 24//15 32//21
f 29//19 33//21 24//15
f 24//15 34//21 32//21
f 34//21 24//15 33//21
f 35//4 36//4 37//4
f 24//15 26//17 30//20
f 38//22 39//22 40//22
f 41//23 42//23 43//23
f 38//24 41//24 39//24
f 41//25 43//25 39//25
f 44//26 45//27 46//28
f 44//26 46//28 47//29
f 44//26 47//29 38//30
f 45//27 44//26 48//31
f 49//32 50//32 51//32
f 38//30 40//33 44//26
f 52//34 49//35 51//36
f 52//34 51//36 53//37
f 52//38 53//38 54//38
f 52//39 54//39 55//39
f 52//40 55//40 56//40
f 52//41 56//42 57//43
f 52//41 57//43 48//44
f 52//41 48//44 44//45
f 41//46 38//46 58//46
f 41//47 59//48 42//49
f 59//48 60//50 42//49
f 38//51 61//52 62//53
f 38//51 62//53 58//54
f 61//52 38//51 63//55
f 64//56 65//56 66//56
f 67//57 64//57 66//57
f 68//58 67//58 66//58
f 69//59 70//59 68//59
f 58//60 62//60 71//60
f 58//61 71//61 69//61
f 58//62 69//63 68//64
f 58//62 68//64 66//65
f 49//66 72//67 73//68
f 49//66 73//68 50//69
f 66//70 74//71 75//72
f 66//73 75//73 76//73
f 66//74 76//74 77//74
f 66//75 77//76 78//77
f 47//78 63//78 38//78
f 74//71 66//70 65//79
f 59//80 79//80 60//80
f 59//81 41//81 80//81
f 80//82 41//82 58//82
f 81//83 82//83 83//83
f 81//84 84//84 82//84
f 85//85 81//85 86//85
f 81//86 83//86 86//86
f 81//87 87//87 84//87
f 87//88 88//88 84//88
f 89//89 90//89 91//89
f 90//90 88//91 92//92
f 89//93 88//91 90//90
f 87//94 92//92 88//91
f 93//95 94//95 95//95
f 96//96 97//97 89//93
f 93//98 98//98 94//98
f 88//91 89//93 97//97
f 99//99 98//100 93//101
f 99//99 100//102 98//100
f 99//99 101//103 100//102
f 99//104 102//104 101//104
f 99//105 103//105 102//105
f 99//106 104//107 103//108
f 99//106 96//109 104//107
f 99//106 97//110 96//109
f 87//111 81//111 105//111
f 105//112 81//112 85//112
f 92//113 87//114 106//115
f 105//116 106//115 87//114
f 93//117 95//117 107//117
f 108//118 85//118 109//118
f 85//119 86//119 109//119
f 85//120 108//120 110//120
f 110//121 108//121 111//121
f 85//122 110//122 112//122
f 85//123 112//123 113//123
f 85//124 113//124 105//124
f 112//125 110//125 114//125
f 114//126 110//126 111//126
f 113//127 112//127 115//127
f 115//128 112//128 114//128
f 113//129 115//129 116//129
f 113//130 116//130 117//130
f 113//131 117//131 105//131
f 116//132 115//132 118//132
f 105//133 117//133 119//133
f 117//134 116//134 120//134
f 120//7 121//7 122//7
f 123//135 124//135 125//135
f 126//4 127//7 121//7
f 128//136 129//136 130//136
f 121//7 120//7 131//7
f 121//7 131//7 126//4
f 131//7 120//7 132//137
f 126//4 133//7 127//7
f 120//138 119//138 117//138
f 120//139 116//139 118//139
f 105//140 119//140 134//140
f 134//141 119//141 120//141
f 105//142 134//142 135//142
f 136//143 115//143 114//143
f 115//144 136//144 118//144
f 136//145 114//145 137//145
f 137//146 114//146 111//146
f 138//147 135//147 139//147
f 140//148 135//148 138//148
f 141//149 140//149 142//149
f 105//150 143//150 144//150
f 105//151 141//152 143//153
f 105//151 140//154 141//152
f 105//155 135//155 140//155
f 135//156 145//156 146//156
f 135//157 147//157 145//157
f 135//158 148//158 147//158
f 135//159 149//159 148//159
f 146//160 139//160 135//160
f 106//161 144//161 150//161
f 106//162 105//162 144//162
f 93//163 151//164 152//165
f 93//163 107//166 151//164
f 137//167 111//167 153//167
f 118//168 136//168 154//168
f 136//169 155//169 154//169
f 136//170 137//170 156//170
f 136//171 156//172 155//173
f 156//172 157//174 155//173
f 137//175 153//175 158//175
f 137//176 158//176 156//176
f 153//177 111//177 159//177
f 160//178 153//178 161//178
f 162//179 153//179 160//179
f 158//180 153//180 162//180
f 159//181 161//181 153//181
f 159//182 111//182 163//182
f 163//183 111//183 108//183
f 164//184 165//184 166//184
f 163//185 165//186 164//187
f 108//188 165//186 163//185
f 108//188 167//189 165//186
f 168//190 159//190 169//190
f 170//191 159//191 168//191
f 163//192 169//193 159//194
f 169//193 163//192 171//195
f 158//196 172//197 173//198
f 158//196 162//199 172//197
f 174//200 159//201 175//202
f 161//203 174//203 176//203
f 161//204 159//204 174//204
f 177//205 159//205 170//205
f 175//202 159//201 177//206
f 178//207 163//207 164//207
f 179//208 163//208 178//208
f 171//209 163//209 179//209
f 180//210 156//210 158//210
f 181//211 182//212 158//213
f 183//214 158//213 182//212
f 184//215 158//213 183//214
f 185//216 158//216 184//216
f 180//217 158//217 185//217
f 158//213 173//218 181//211
f 156//219 180//219 186//219
f 180//220 187//220 186//220
f 156//221 186//221 157//221
f 188//222 189//222 180//222
f 190//223 185//223 191//223
f 192//224 190//224 193//224
f 188//225 190//225 192//225
f 180//226 190//226 188//226
f 180//227 185//227 190//227
f 180//228 189//228 187//228
f 118//229 154//229 194//229
f 118//230 194//230 195//230
f 120//231 118//231 132//231
f 118//232 195//232 132//232
f 196//233 127//234 197//235
f 127//234 133//236 197//235
f 127//234 196//233 121//233
f 196//237 197//237 198//237
f 199//238 200//239 201//240
f 199//238 202//241 200//239
f 199//238 203//242 202//241
f 196//243 204//243 205//243
f 196//244 206//244 204//244
f 196//245 198//246 206//245
f 207//246 206//245 198//246
f 208//247 202//241 203//242
f 209//248 210//249 211//250
f 212//251 196//252 213//251
f 214//253 196//253 212//253
f 215//254 214//255 216//256
f 215//254 196//257 214//255
f 217//258 216//258 218//258
f 217//259 219//249 209//248
f 215//260 217//259 209//248
f 215//260 216//261 217//259
f 220//249 209//248 219//249
f 205//252 213//251 196//252
f 203//242 221//262 222//263
f 223//264 211//250 210//249
f 224//265 211//250 223//264
f 225//266 211//266 224//266
f 221//267 211//267 225//267
f 203//242 211//262 221//262
f 210//249 209//248 220//249
f 203//242 222//263 208//247
f 196//233 215//233 121//233
f 215//268 209//268 226//268
f 215//269 226//269 121//269
f 121//270 226//270 227//270
f 228//271 229//272 230//273
f 228//271 203//274 229//272
f 203//274 199//275 229//272
f 228//276 230//277 231//278
f 203//274 228//271 232//279
f 232//280 228//276 233//281
f 228//276 231//278 233//281
f 234//282 235//282 236//282
f 237//283 234//283 236//283
f 238//284 237//284 239//284
f 238//285 240//285 241//285
f 237//286 238//286 241//286
f 237//287 241//287 242//287
f 237//288 242//288 234//288
f 243//289 244//289 245//289
f 243//290 246//290 244//290
f 247//291 248//291 249//291
f 247//292 243//292 248//292
f 243//293 245//293 248//293
f 237//294 247//294 239//294
f 247//295 249//295 239//295
f 243//296 250//296 246//296
f 250//297 251//297 246//297
f 243//298 247//298 252//298
f 243//299 252//299 250//299
f 247//300 237//300 253//300
f 247//301 253//301 252//301
f 253//302 237//302 254//302
f 255//303 254//304 256//305
f 257//306 256//305 254//304
f 258//307 257//306 254//304
f 259//308 258//308 254//308
f 237//309 259//309 254//309
f 237//310 236//310 259//310
f 253//311 254//311 260//311
f 253//312 260//312 252//312
f 254//313 261//314 262//315
f 254//313 262//315 263//316
f 264//317 265//317 266//317
f 267//318 264//318 266//318
f 268//319 269//319 267//319
f 268//320 267//320 266//320
f 254//313 255//321 261//314
f 265//322 270//322 266//322
f 271//323 268//323 272//323
f 263//324 271//324 272//324
f 254//325 263//325 272//325
f 266//326 272//326 268//326
f 254//327 272//327 260//327
f 260//328 272//328 266//328
f 252//329 260//329 80//329
f 252//330 80//330 58//330
f 80//331 260//331 59//331
f 59//332 260//332 266//332
f 59//333 266//333 273//333
f 274//334 273//335 266//336
f 275//337 274//334 266//336
f 276//338 275//338 266//338
f 277//339 276//339 266//339
f 270//340 277//340 266//340
f 278//341 279//342 79//343
f 280//344 278//344 79//344
f 273//345 280//345 79//345
f 59//346 273//346 79//346
f 281//347 79//343 279//342
f 282//348 283//19 284//19
f 285//349 281//350 279//351
f 279//351 286//137 285//349
f 287//18 288//19 289//20
f 280//352 290//6 286//137
f 286//137 278//352 280//352
f 286//137 279//351 278//352
f 287//18 284//19 288//19
f 282//348 291//353 283//19
f 287//18 282//348 284//19
f 292//354 287//18 289//20
f 252//355 58//355 293//355
f 252//356 293//356 250//356
f 293//357 58//357 294//357
f 295//358 296//359 66//360
f 297//361 250//361 294//19
f 293//19 294//19 250//361
f 294//19 298//362 297//361
f 294//363 58//363 66//363
f 250//364 232//365 251//366
f 232//365 233//367 251//366
f 232//368 250//368 297//368
f 232//369 297//369 299//369
f 297//370 298//370 299//370
f 294//371 66//371 300//371
f 299//372 298//372 301//372
f 298//373 294//373 302//373
f 298//374 302//374 301//374
f 294//375 300//375 303//375
f 294//376 303//376 302//376
f 300//377 66//360 296//359
f 303//378 300//378 304//378
f 304//379 300//379 296//379
f 303//380 304//380 305//380
f 303//381 305//381 302//381
f 304//382 296//382 306//382
f 296//383 295//383 306//383
f 49//384 307//384 72//384
f 295//385 78//77 308//386
f 78//77 295//385 66//75
f 309//387 306//388 310//389
f 306//388 309//387 304//387
f 304//390 309//391 305//391
f 311//392 305//391 309//391
f 312//393 311//393 313//393
f 314//394 311//394 312//394
f 315//395 311//395 314//395
f 316//396 317//396 318//396
f 319//397 317//397 316//397
f 319//398 320//398 317//398
f 319//399 321//399 320//399
f 309//400 313//400 311//400
f 311//401 302//401 305//402
f 322//401 319//403 323//401
f 324//404 323//401 319//403
f 302//401 311//401 322//401
f 325//405 326//405 327//405
f 326//406 328//407 329//408
f 330//409 325//410 331//411
f 332//412 325//410 330//409
f 333//413 325//410 332//412
f 334//414 325//410 333//413
f 310//415 335//415 309//415
f 310//416 336//416 335//416
f 310//417 337//417 336//417
f 310//418 338//419 337//420
f 310//418 339//418 338//419
f 333//421 340//422 334//423
f 341//424 309//424 335//424
f 342//425 309//425 341//425
f 343//426 309//426 342//426
f 344//427 309//427 343//427
f 345//428 309//429 344//430
f 346//431 309//429 345//428
f 347//432 309//432 346//432
f 313//433 309//433 347//433
f 348//434 345//434 349//434
f 350//435 345//435 348//435
f 351//436 352//436 353//436
f 354//437 352//437 351//437
f 328//438 352//438 354//438
f 354//439 329//408 328//407
f 329//408 327//440 326//406
f 327//441 331//411 325//410
f 349//442 355//442 348//442
f 349//443 356//443 355//443
f 341//444 357//444 342//444
f 343//445 358//445 344//445
f 344//446 349//446 345//446
f 344//447 352//447 349//447
f 344//448 353//448 352//448
f 345//449 359//449 346//449
f 360//450 306//450 295//450
f 361//451 362//451 363//451
f 310//452 306//452 360//452
f 360//453 295//453 364//453
f 365//454 49//454 364//454
f 308//455 365//455 364//455
f 295//456 308//456 364//456
f 49//457 365//457 366//457
f 49//458 366//458 307//458
f 367//459 321//460 368//459
f 319//461 368//461 321//461
f 367//462 311//462 315//462
f 368//459 311//463 367//459
f 311//464 368//464 322//464
f 368//465 319//465 322//465
f 360//466 364//466 369//466
f 364//467 49//467 370//467
f 371//468 372//468 373//468
f 374//469 372//469 371//469
f 375//470 372//470 374//470
f 362//471 372//472 375//473
f 316//474 372//472 362//471
f 316//474 376//475 372//472
f 316//476 377//476 376//476
f 316//477 318//477 377//477
f 378//478 379//478 380//478
f 381//479 372//479 376//479
f 382//480 373//480 372//480
f 383//481 384//481 385//481
f 386//482 387//483 388//484
f 389//485 387//483 386//482
f 390//485 387//483 389//485
f 391//486 380//486 392//486
f 391//487 378//487 380//487
f 391//488 382//488 378//488
f 393//489 382//489 391//489
f 392//490 394//490 391//490
f 392//491 395//492 394//493
f 392//494 396//494 395//494
f 397//495 371//495 373//495
f 398//496 399//496 400//496
f 401//497 399//497 398//497
f 402//498 388//498 387//498
f 372//499 378//499 382//499
f 403//500 374//500 371//500
f 404//501 405//502 406//503
f 405//504 375//504 407//504
f 405//505 362//505 375//505
f 404//501 362//506 405//502
f 408//507 362//506 404//501
f 385//508 398//509 383//510
f 385//508 401//511 398//509
f 385//512 395//492 401//513
f 385//512 394//493 395//492
f 389//514 399//514 390//514
f 389//515 400//515 399//515
f 369//516 364//516 409//516
f 409//517 364//517 370//517
f 410//518 360//518 369//519
f 369//519 411//519 410//518
f 360//520 410//520 310//520
f 412//521 413//522 414//523
f 415//524 416//525 417//526
f 333//421 418//527 340//422
f 333//528 416//525 418//529
f 333//528 417//526 416//525
f 310//530 413//522 339//531
f 310//530 414//523 413//522
f 417//532 419//533 415//534
f 417//532 420//535 419//533
f 417//536 402//536 420//536
f 417//537 388//537 402//537
f 414//538 421//538 412//538
f 414//539 408//540 421//540
f 414//539 362//539 408//540
f 414//541 310//541 422//541
f 422//542 310//542 410//542
f 362//543 414//543 423//543
f 423//544 414//544 422//544
f 424//545 316//545 362//545
f 316//546 424//546 319//546
f 424//547 362//547 361//547
f 319//548 424//548 324//548
f 324//549 424//549 425//550
f 425//551 424//551 361//551
f 324//549 425//550 426//552
f 324//553 426//553 323//553
f 425//554 361//554 427//554
f 363//555 362//555 423//555
f 427//556 361//556 428//556
f 428//557 361//557 363//557
f 425//558 427//558 135//558
f 135//559 427//559 428//559
f 429//560 430//560 431//560
f 426//561 425//562 134//563
f 134//563 425//562 135//564
f 426//565 134//565 323//565
f 135//566 428//566 432//566
f 433//567 432//568 93//569
f 149//570 432//568 433//567
f 135//571 432//568 149//570
f 93//572 434//572 433//572
f 93//573 152//573 434//573
f 435//574 428//574 363//574
f 428//575 435//575 432//575
f 435//576 363//576 436//576
f 436//577 363//577 423//577
f 432//578 435//578 437//578
f 435//579 436//579 438//579
f 435//580 438//580 437//580
f 439//581 93//581 432//581
f 439//582 432//582 437//582
f 440//583 441//136 439//136
f 93//9 439//136 441//136
f 93//584 441//584 99//584
f 441//585 442//585 99//585
f 441//586 443//586 442//586
f 443//587 444//587 442//587
f 441//588 440//588 443//588
f 443//589 445//590 444//591
f 445//590 446//592 444//591
f 445//593 443//593 440//593
f 445//594 447//594 446//594
f 445//595 448//595 447//595
f 448//596 449//596 447//596
f 450//597 439//598 437//599
f 439//598 450//597 440//600
f 445//601 440//601 451//601
f 445//351 451//351 448//351
f 440//602 450//602 452//602
f 440//603 452//603 451//603
f 450//604 437//604 453//604
f 453//605 437//605 438//605
f 452//606 450//606 454//606
f 455//607 456//608 457//609
f 453//608 458//608 454//608
f 458//608 456//608 459//608
f 459//608 454//608 458//608
f 458//608 457//609 456//608
f 454//608 450//609 453//608
f 451//610 452//610 460//610
f 451//611 460//611 448//611
f 460//612 452//612 461//612
f 461//613 452//613 454//613
f 409//614 455//615 457//616
f 462//614 409//614 458//614
f 457//616 458//614 409//614
f 458//614 453//614 462//614
f 438//614 462//614 453//614
f 448//617 463//617 449//617
f 464//618 409//618 462//618
f 464//618 411//618 409//618
f 462//618 438//618 464//618
f 464//619 438//619 436//619
f 465//620 466//620 454//620
f 467//621 465//620 456//621
f 465//620 454//620 459//620
f 459//620 456//621 465//620
f 454//622 466//622 461//622
f 455//623 409//623 370//623
f 456//624 455//624 468//624
f 455//625 370//625 469//625
f 468//626 455//626 470//626
f 470//627 455//627 469//627
f 469//628 370//629 471//630
f 471//630 370//629 472//631
f 472//632 370//632 49//632
f 472//633 49//633 473//633
f 49//634 52//634 473//634
f 471//635 472//636 474//637
f 472//636 473//638 474//637
f 469//639 471//639 475//639
f 475//640 471//641 476//642
f 471//641 474//643 476//642
f 469//644 475//644 470//644
f 475//645 476//645 477//645
f 470//18 475//18 478//18
f 478//646 475//646 479//646
f 475//647 477//647 479//647
f 470//648 478//648 480//648
f 470//649 480//649 468//649
f 478//650 479//650 481//650
f 482//651 483//651 484//651
f 482//652 485//652 486//652
f 482//653 484//654 485//655
f 484//654 487//656 485//655
f 488//657 482//16 489//658
f 482//16 490//659 489//658
f 491//13 492//13 493//13
f 494//19 483//19 488//657
f 482//16 488//657 483//19
f 488//660 495//661 494//662
f 496//663 497//3 498//14
f 482//664 499//664 490//664
f 482//665 486//665 499//665
f 488//666 500//667 501//668
f 488//666 502//669 500//667
f 488//666 489//670 502//669
f 503//671 504//672 505//673
f 504//672 506//673 505//673
f 503//674 505//674 507//674
f 504//675 508//675 506//675
f 504//676 509//676 508//676
f 504//677 510//677 509//677
f 504//678 503//678 511//678
f 504//679 512//10 513//680
f 512//10 514//349 513//680
f 504//679 515//679 512//10
f 515//679 504//679 511//10
f 504//679 513//680 510//137
f 512//681 515//681 516//681
f 512//682 517//683 514//684
f 517//683 518//684 514//684
f 517//685 519//686 520//687
f 517//685 520//687 521//688
f 517//689 521//689 522//689
f 517//690 522//690 518//690
f 523//691 524//691 525//691
f 523//691 526//691 524//691
f 523//692 527//692 526//692
f 527//692 528//692 526//692
f 527//693 529//693 528//693
f 530//694 523//694 531//694
f 523//694 525//694 531//694
f 527//695 523//696 532//697
f 532//698 523//699 530//700
f 530//701 531//701 533//701
f 532//698 530//700 534//702
f 527//695 535//703 529//704
f 535//703 536//705 529//704
f 537//704 530//704 538//704
f 530//704 533//705 538//704
f 539//706 535//703 540//706
f 527//695 540//706 535//703
f 537//706 541//707 534//702
f 534//702 530//700 537//706
f 542//708 543//709 544//710
f 542//708 537//711 543//709
f 537//711 538//712 543//709
f 542//713 544//713 545//713
f 537//711 542//708 546//714
f 547//715 542//716 548//717
f 542//716 545//718 548//717
f 542//719 547//719 546//719
f 549//720 547//720 550//721
f 547//720 548//722 550//721
f 537//723 546//724 541//725
f 546//726 547//726 551//726
f 541//725 546//724 552//727
f 540//728 553//729 539//729
f 553//729 540//728 554//729
f 555//730 554//729 540//728
f 556//731 555//730 534//732
f 534//732 557//729 556//731
f 557//729 534//732 541//729
f 557//733 541//725 552//727
f 552//734 546//734 558//734
f 558//735 546//735 551//735
f 534//732 555//730 532//736
f 554//737 555//738 559//737
f 559//737 553//737 554//737
f 560//738 559//737 555//738
f 555//738 561//739 560//738
f 561//739 555//738 556//739
f 556//739 557//739 561//739
f 557//740 552//740 562//740
f 557//741 562//741 561//741
f 562//742 552//742 563//742
f 563//743 552//743 558//743
f 562//744 563//744 461//744
f 461//745 563//745 460//745
f 460//746 563//746 558//746
f 562//747 461//747 466//747
f 460//748 558//748 448//748
f 562//749 466//749 561//749
f 448//750 558//750 564//750
f 448//751 564//751 463//751
f 564//752 565//752 463//752
f 564//753 558//753 566//753
f 566//754 558//754 551//754
f 564//755 567//755 565//755
f 567//756 568//756 565//756
f 567//757 564//757 569//757
f 564//758 566//758 570//758
f 564//759 570//759 569//759
f 566//760 551//761 571//762
f 572//763 569//764 573//763
f 570//764 573//763 569//764
f 574//765 575//765 570//765
f 573//765 570//765 575//765
f 570//766 566//766 574//766
f 574//767 566//767 576//767
f 576//768 566//768 571//768
f 575//769 574//769 577//769
f 575//770 577//771 573//772
f 578//351 579//351 580//351
f 581//773 574//773 576//773
f 574//774 581//774 577//774
f 581//775 576//775 582//775
f 582//776 576//776 571//776
f 577//777 581//777 583//777
f 583//778 581//778 582//778
f 584//137 585//137 586//137
f 577//773 583//773 587//773
f 587//779 583//779 582//779
f 577//771 587//780 573//772
f 587//781 582//781 588//781
f 587//782 588//783 573//784
f 588//785 582//785 589//785
f 589//786 582//786 571//786
f 573//784 588//783 590//787
f 573//788 590//788 572//788
f 590//779 591//779 592//779
f 591//779 590//779 588//779
f 591//789 588//789 589//789
f 590//790 592//790 572//790
f 569//790 572//790 592//790
f 569//791 592//791 567//791
f 567//792 592//792 591//792
f 567//793 591//793 589//793
f 567//794 589//794 571//794
f 567//795 571//796 579//797
f 567//795 579//797 568//798
f 579//799 593//799 568//799
f 571//796 594//800 579//797
f 571//796 130//801 594//800
f 130//802 571//802 595//802
f 595//803 571//762 551//761
f 595//803 551//761 547//804
f 595//805 547//805 549//805
f 130//806 595//806 596//806
f 579//807 125//807 593//807
f 125//808 597//808 593//808
f 549//809 598//809 595//809
f 599//810 600//810 549//810
f 549//811 125//811 599//811
f 130//812 129//812 594//812
f 579//813 594//813 580//813
f 596//814 595//814 124//814
f 601//815 124//815 595//815
f 124//816 602//816 125//816
f 599//817 598//817 124//817
f 130//818 596//818 128//818
f 598//819 599//819 603//819
f 596//820 124//820 598//820
f 602//821 124//821 600//821
f 603//822 596//822 598//822
f 128//823 596//823 604//823
f 604//823 605//823 128//823
f 605//823 604//823 20//823
f 604//824 17//789 20//789
f 17//789 604//824 603//789
f 596//824 603//789 604//824
f 128//825 605//825 129//825
f 605//826 20//826 19//826
f 129//827 605//827 606//827
f 606//828 605//828 19//828
f 129//829 606//829 594//829
f 580//830 594//830 606//830
f 16//831 607//831 19//831
f 606//831 19//831 607//831
f 606//832 607//832 580//832
f 18//833 608//544 607//834
f 608//544 578//835 607//834
f 607//834 16//544 18//833
f 608//836 18//836 603//836
f 603//836 123//836 608//836
f 578//836 608//836 123//836
f 17//836 603//836 18//836
f 578//837 580//837 607//837
f 579//838 578//838 125//838
f 578//839 123//839 125//839
f 123//764 599//840 124//841
f 123//764 603//842 599//840
f 125//843 429//843 597//843
f 429//844 609//844 597//844
f 429//845 512//845 609//845
f 512//846 516//846 609//846
f 429//847 125//847 549//847
f 610//848 611//849 429//850
f 512//682 612//851 517//683
f 613//852 612//851 512//682
f 512//853 429//853 611//853
f 612//854 614//854 611//854
f 429//855 549//855 615//855
f 431//856 616//857 429//858
f 612//859 617//859 614//859
f 517//860 612//860 431//860
f 430//861 429//861 615//861
f 517//862 431//862 618//862
f 430//863 619//863 614//863
f 430//864 614//864 431//864
f 611//865 614//865 619//865
f 611//866 610//867 431//868
f 612//869 613//870 431//871
f 617//872 612//872 618//872
f 612//873 619//874 618//875
f 611//876 619//874 612//873
f 430//877 615//877 620//877
f 621//878 619//878 622//878
f 620//878 622//878 619//878
f 619//878 430//878 620//878
f 615//879 623//879 624//880
f 623//879 615//879 549//881
f 620//882 615//882 624//882
f 623//883 549//883 625//883
f 626//884 627//884 624//884
f 628//884 624//884 623//884
f 624//884 628//884 626//884
f 628//885 623//885 625//885
f 620//886 624//886 627//886
f 627//886 622//886 620//886
f 628//887 629//887 630//769
f 630//769 626//769 628//887
f 621//4 631//11 632//888
f 631//11 621//4 622//11
f 622//11 630//10 631//11
f 630//10 622//11 627//12
f 630//10 627//12 626//4
f 628//889 625//889 629//889
f 631//890 629//891 633//892
f 629//891 631//890 630//893
f 634//790 618//790 619//790
f 632//790 634//790 621//790
f 619//790 621//790 634//790
f 633//892 632//894 631//890
f 632//894 633//892 634//779
f 635//895 634//895 636//895
f 618//896 634//896 635//896
f 634//897 633//897 636//897
f 637//898 636//899 638//900
f 618//679 635//679 517//679
f 633//892 629//891 639//901
f 636//902 633//902 640//902
f 639//903 640//903 633//903
f 639//904 629//904 625//904
f 640//905 641//906 637//907
f 642//908 640//908 639//908
f 642//909 639//909 625//909
f 640//910 643//911 644//912
f 643//911 645//913 644//912
f 641//914 640//915 644//916
f 646//2 647//917 648//13
f 638//918 636//918 517//918
f 517//685 636//919 519//686
f 636//919 644//920 519//686
f 636//7 640//7 642//7
f 635//19 636//19 642//19
f 642//921 625//921 549//921
f 642//922 549//923 649//924
f 549//923 550//925 649//924
f 650//926 651//927 652//928
f 653//929 654//930 655//931
f 650//932 655//931 654//930
f 652//933 655//931 650//932
f 497//934 651//934 498//934
f 655//931 656//935 653//929
f 655//936 657//936 656//936
f 658//937 561//937 466//937
f 658//938 466//938 659//938
f 561//939 658//939 660//939
f 661//4 659//4 662//4
f 661//4 658//7 659//4
f 658//940 661//940 660//940
f 561//941 660//941 663//941
f 660//942 661//942 664//942
f 660//943 664//943 663//943
f 664//944 661//944 423//944
f 423//945 661//945 662//945
f 662//946 659//946 665//946
f 665//947 659//947 466//947
f 664//948 423//948 666//948
f 664//949 666//949 663//949
f 422//950 410//950 667//950
f 667//950 668//950 422//950
f 668//950 666//950 422//950
f 423//950 422//950 666//950
f 668//951 669//951 670//951
f 670//951 663//951 668//951
f 669//951 668//951 667//951
f 666//951 668//951 663//951
f 560//952 669//952 559//952
f 669//952 560//952 670//952
f 561//952 663//952 560//952
f 670//952 560//952 663//952
f 667//953 410//953 292//953
f 667//954 292//954 669//954
f 669//955 292//955 289//955
f 669//956 289//956 559//956
f 292//957 410//957 287//957
f 287//958 410//958 411//958
f 411//959 369//959 409//959
f 289//960 288//960 559//960
f 287//961 411//961 282//961
f 288//962 284//962 467//962
f 288//963 467//963 559//963
f 284//964 283//964 467//964
f 282//965 411//965 291//965
f 291//966 411//966 671//966
f 411//967 464//967 671//967
f 464//967 672//967 673//967
f 673//967 674//967 464//967
f 674//967 671//967 464//967
f 675//968 665//968 676//968
f 283//969 291//969 677//969
f 677//970 291//970 671//970
f 467//971 677//972 465//971
f 678//971 465//971 677//972
f 677//972 467//971 283//972
f 676//973 465//971 678//971
f 465//971 676//973 466//971
f 665//974 466//971 676//973
f 673//975 676//975 678//975
f 678//975 674//975 673//975
f 677//975 671//975 678//975
f 674//975 678//975 671//975
f 672//976 464//976 436//976
f 672//977 436//977 423//977
f 672//978 423//978 662//978
f 672//979 662//979 675//979
f 672//980 675//980 673//980
f 675//981 662//981 665//981
f 673//982 675//982 676//982
f 467//983 456//983 679//983
f 679//984 456//984 468//984
f 679//985 468//985 480//985
f 467//986 679//986 680//986
f 467//987 680//987 559//987
f 679//988 480//988 681//988
f 679//989 681//989 680//989
f 681//990 480//990 682//990
f 682//991 480//991 478//991
f 680//992 681//992 683//992
f 683//993 681//993 682//993
f 559//994 680//994 553//994
f 553//995 680//995 683//995
f 555//730 540//728 532//736
f 532//697 540//706 527//695
f 539//996 553//997 683//998
f 539//996 683//998 684//999
f 539//996 684//999 535//1000
f 684//1001 683//1001 682//1001
f 535//1002 685//1003 536//1004
f 685//1003 686//1004 536//1004
f 685//1003 535//1002 684//1005
f 685//1006 687//1006 686//1006
f 685//1007 684//1008 688//1009
f 685//1007 689//1010 687//1011
f 685//1007 688//1009 689//1010
f 688//1009 690//1012 689//1010
f 691//1013 688//1009 684//1008
f 691//1013 684//1008 682//1014
f 688//1015 692//1016 690//1017
f 692//1016 693//1018 690//1017
f 691//1019 682//1019 694//1019
f 688//1020 691//1020 695//1020
f 695//19 696//19 692//19
f 692//19 688//19 695//19
f 695//1021 691//1021 697//1021
f 691//1022 694//1022 698//1022
f 691//1023 698//1023 697//1023
f 694//1024 682//1024 699//1024
f 699//1025 682//1025 478//1025
f 699//1026 478//1026 700//1026
f 478//1027 481//1027 700//1027
f 694//1028 699//1028 701//1028
f 694//1029 701//1029 702//1029
f 694//1030 702//1030 703//1030
f 694//1031 703//1031 698//1031
f 702//1032 701//1032 704//1032
f 705//1033 704//1033 701//1033
f 702//1034 704//1034 703//1034
f 701//1035 699//1035 706//1035
f 703//1036 704//1036 707//1036
f 706//1037 699//1037 708//1037
f 707//1038 704//1038 709//1038
f 703//1039 707//1040 710//1041
f 711//21 712//361 710//21
f 710//21 709//1042 711//21
f 710//21 707//1043 709//1042
f 704//1044 705//1045 711//1045
f 711//1045 709//1044 704//1044
f 713//1046 701//1046 706//1046
f 701//1047 713//1047 705//1047
f 713//828 706//828 708//828
f 713//1048 714//1048 705//1048
f 711//1048 705//1048 714//1048
f 715//1049 703//1039 710//1041
f 703//1050 715//1050 698//1050
f 715//1051 710//1052 716//1053
f 715//1054 716//1054 698//1054
f 712//1055 711//1055 714//1055
f 710//1056 712//1056 717//1056
f 710//1052 717//1057 716//1053
f 712//1058 714//1058 718//1058
f 717//737 712//737 719//737
f 718//737 719//737 712//737
f 717//1059 719//1059 716//1059
f 718//1060 714//1060 720//1060
f 720//1061 721//1061 719//1062
f 719//1062 718//1063 720//1061
f 714//1064 721//1065 720//1066
f 721//1065 714//1064 713//1067
f 721//1068 713//1068 708//1068
f 721//1069 708//1069 719//1069
f 722//1070 716//1070 719//1070
f 722//1071 719//1071 708//1071
f 716//1072 722//1073 723//1074
f 723//1074 722//1073 708//1075
f 716//1076 723//1076 698//1076
f 723//1074 708//1075 699//1077
f 723//1078 699//1078 724//1078
f 699//1079 700//1079 724//1079
f 698//1080 723//1081 725//1082
f 725//1082 723//1081 726//1083
f 723//906 724//906 726//906
f 698//1080 725//1082 697//1084
f 727//1085 725//1085 728//1085
f 725//1086 726//1086 728//1086
f 697//1087 725//1087 729//1087
f 697//1088 729//1088 730//1088
f 729//1089 725//1089 731//1089
f 697//1090 730//1090 732//1090
f 731//1091 725//1091 733//1091
f 733//1092 725//1092 727//1092
f 729//1093 731//1093 734//1093
f 734//1094 731//1094 733//1094
f 730//1095 729//1095 735//1095
f 735//1096 729//1096 734//1096
f 730//1097 735//1097 732//1097
f 734//1098 733//1098 736//1098
f 736//1099 737//1099 738//1099
f 738//1099 734//1099 736//1099
f 734//1100 738//1100 735//1100
f 736//1101 733//1101 739//1101
f 736//1063 739//1063 737//1063
f 740//17 739//20 741//993
f 742//1102 743//20 741//993
f 738//348 737//1103 740//17
f 735//361 743//20 742//1102
f 742//1102 741//993 739//20
f 739//20 740//17 737//1103
f 738//348 740//17 743//20
f 740//17 741//993 743//20
f 743//20 735//361 738//348
f 739//1104 733//1104 744//1104
f 744//1105 733//1105 727//1105
f 739//1106 744//1106 745//1106
f 745//1107 744//1107 727//1107
f 739//1108 745//1108 742//1108
f 735//1109 742//1109 746//1109
f 735//1110 746//1110 747//1110
f 746//1111 742//1111 748//1111
f 747//1112 748//1112 749//1113
f 748//1112 747//1112 746//1114
f 748//1115 742//1116 745//1117
f 735//1118 747//1118 749//1118
f 735//1119 749//1119 732//1119
f 732//1120 748//1121 750//1122
f 748//1121 732//1120 749//1123
f 748//1115 745//1117 750//1124
f 750//1125 745//1125 695//1125
f 750//1126 695//1126 732//1126
f 695//1127 745//1127 727//1127
f 732//1128 695//1128 697//1128
f 695//1129 727//1129 696//1129
f 696//1130 727//1130 751//1130
f 727//1131 728//1131 751//1131
f 488//660 696//1132 495//661
f 696//1132 751//1133 495//661
f 696//1134 488//1134 752//1134
f 752//1135 488//1135 753//1135
f 488//1135 501//1136 753//1135
f 692//1137 696//1137 754//1137
f 692//1016 755//1138 693//1018
f 755//1138 756//1139 693//1018
f 755//1140 752//1140 756//1140
f 752//1140 753//1141 756//1140
f 755//1142 692//1143 757//1144
f 692//1145 754//1145 758//1145
f 692//1143 758//1146 757//1144
f 754//1147 696//1147 759//1147
f 758//1148 754//1148 760//1148
f 758//1149 760//1149 757//1149
f 755//1150 757//1150 761//1150
f 759//1151 696//1151 762//1151
f 762//1152 696//1152 752//1152
f 754//1153 759//1153 37//1153
f 37//1154 759//1154 762//1154
f 755//1155 761//1155 763//1155
f 755//1156 763//1156 752//1156
f 757//1157 764//1157 761//1157
f 763//1158 761//1159 764//1160
f 762//1161 752//1161 765//1161
f 765//1162 752//1162 763//1162
f 37//1163 762//1163 35//1163
f 35//1164 762//1164 765//1164
f 36//1165 754//1165 37//1165
f 36//1166 760//1167 754//1167
f 760//1167 36//1166 766//1166
f 767//1168 763//1169 768//1170
f 763//1169 767//1168 765//1171
f 765//1172 767//1172 35//1172
f 36//1173 35//1173 766//1173
f 35//1174 767//1174 769//1174
f 35//1175 769//1175 770//1175
f 768//1176 770//1176 767//1176
f 769//1176 767//1176 770//1176
f 35//1177 770//1177 766//1177
f 763//1158 764//1160 768//1178
f 770//361 771//361 766//906
f 771//361 770//361 764//19
f 764//19 772//18 771//361
f 773//19 764//19 770//361
f 766//1179 771//1179 760//1179
f 770//1111 768//1111 773//1111
f 768//1180 764//1180 773//1180
f 771//1181 773//1181 760//1181
f 772//1182 764//1183 757//1184
f 773//1185 757//1185 760//1185
f 774//1186 775//1187 776//544
f 777//1188 778//1188 779//1188
f 780//1189 776//544 775//1187
f 780//1190 775//1190 781//1190
f 775//1191 774//1191 781//1191
f 778//1192 777//1192 782//1192
f 776//1193 780//1193 783//1193
f 783//1194 780//1194 784//1194
f 784//1195 780//1196 781//1197
f 776//1198 783//1198 785//1198
f 774//351 776//351 786//351
f 786//1199 776//1199 785//1199
f 785//1200 783//1200 787//1200
f 787//4 783//4 784//4
f 786//1201 785//1201 788//1201
f 789//1202 790//1202 791//1202
f 787//1203 792//1203 785//1203
f 785//773 792//773 788//773
f 65//1204 793//1205 74//1206
f 64//1207 793//1205 65//1204
f 789//1208 74//1206 793//1205
f 793//1205 790//1208 789//1208
f 790//1208 793//1205 794//1209
f 67//1210 793//1205 64//1207
f 792//1209 787//1209 795//1209
f 792//1209 139//1208 146//1209
f 795//1209 139//1208 792//1209
f 795//1209 138//1211 139//1208
f 784//1209 795//1209 787//1209
f 75//1212 796//1212 76//1212
f 74//1213 789//1214 75//1215
f 788//1212 145//1212 147//1212
f 796//1216 75//1215 789//1214
f 788//1217 146//1218 145//1219
f 792//1220 146//1218 788//1217
f 433//1221 786//1222 149//1223
f 148//1224 149//1223 786//1222
f 788//1225 148//1224 786//1222
f 788//1226 147//1226 148//1226
f 76//1227 796//1227 77//1227
f 151//1228 774//1228 152//1228
f 434//1229 152//1229 774//1229
f 786//1230 434//1230 774//1230
f 786//1231 433//1231 434//1231
f 98//1232 100//1232 781//1232
f 94//1233 98//1233 781//1233
f 95//1234 94//1234 781//1234
f 107//1235 95//1235 781//1235
f 151//1236 107//1236 781//1236
f 774//1237 151//1237 781//1237
f 101//1238 781//1238 100//1238
f 781//1239 101//1239 102//1239
f 797//1240 103//1240 104//1240
f 103//1241 797//1241 102//1241
f 781//1242 102//1242 797//1242
f 781//1243 797//1243 798//1243
f 96//1244 89//1244 91//1244
f 798//1245 104//1245 96//1245
f 798//1246 96//1247 91//1248
f 104//1249 798//1249 797//1249
f 781//1250 798//1250 799//1250
f 799//1251 798//1251 800//1251
f 800//1252 91//1248 90//1253
f 91//1248 800//1252 798//1246
f 781//1254 799//1254 801//1254
f 781//1197 801//1255 784//1195
f 799//1256 800//1257 802//1258
f 106//1259 800//1260 92//1261
f 150//1262 800//1262 106//1262
f 802//1258 800//1257 150//1263
f 90//1264 92//1261 800//1260
f 799//1265 802//1265 801//1265
f 803//1266 70//1267 69//1268
f 803//1266 793//1269 70//1267
f 793//1269 803//1266 794//1270
f 141//1271 142//1272 801//1273
f 795//1274 801//1273 142//1272
f 784//1275 801//1273 795//1274
f 62//1276 61//1276 804//1276
f 802//1258 150//1263 144//1277
f 144//1278 143//1278 802//1278
f 69//1279 71//1279 803//1279
f 804//1280 803//1280 71//1280
f 804//1281 71//1281 62//1281
f 141//1282 802//1282 143//1282
f 801//1283 802//1283 141//1283
f 142//1284 140//1284 795//1284
f 795//1285 140//1285 138//1285
f 68//1212 793//1212 67//1212
f 805//1286 806//1287 807//1288
f 808//1289 809//1289 810//1289
f 811//1290 812//1290 813//1290
f 805//1286 810//1291 806//1287
f 810//1292 809//1292 806//1292
f 814//1293 805//1294 815//1295
f 805//1294 807//1296 815//1295
f 814//1297 815//1297 816//1297
f 805//1298 814//1298 817//1298
f 817//1299 818//1300 810//1301
f 810//1301 805//1299 817//1299
f 817//1302 814//1302 819//1302
f 817//1303 819//1303 818//1303
f 819//1304 814//1305 820//1306
f 820//1307 814//1308 821//1309
f 814//1308 816//1310 821//1309
f 818//1311 819//1311 822//1311
f 810//1312 823//1312 808//1312
f 810//1313 818//1313 824//1313
f 824//1314 818//1314 822//1314
f 825//1315 810//1316 826//1317
f 824//1318 826//1317 810//1316
f 825//1319 827//1320 823//1321
f 810//1322 825//1319 823//1321
f 828//1323 823//1323 827//1323
f 824//1324 829//1324 826//1324
f 829//1325 824//1325 167//1325
f 822//1326 166//1326 165//1326
f 822//1327 165//1328 167//1329
f 822//1327 167//1329 824//1330
f 178//1331 164//1332 822//1333
f 166//1333 822//1333 164//1332
f 179//1334 178//1334 822//1334
f 830//1335 179//1335 822//1335
f 168//1336 169//1336 171//1336
f 830//1337 168//1337 171//1337
f 830//1338 171//1338 179//1338
f 831//1339 822//1339 819//1339
f 822//1340 831//1340 830//1340
f 831//1341 819//1304 820//1306
f 168//1342 830//1342 170//1342
f 177//1343 170//1344 830//1345
f 832//1346 177//1343 830//1345
f 831//1341 820//1306 833//1347
f 833//1348 820//1349 834//1350
f 820//1349 821//1351 834//1350
f 830//1352 831//1352 835//1352
f 830//1353 835//1353 832//1353
f 831//1354 833//1354 836//1354
f 831//1355 836//1355 835//1355
f 837//1356 833//1357 838//1358
f 833//1357 834//1359 838//1358
f 839//1360 264//1360 267//1360
f 175//1361 832//1362 174//1363
f 177//1364 832//1362 175//1361
f 174//1365 832//1365 176//1365
f 840//1366 841//1367 835//1366
f 841//1367 176//1368 832//1369
f 832//1369 835//1366 841//1367
f 839//1370 269//1370 842//1370
f 839//1371 267//1371 269//1371
f 840//1372 835//1372 836//1373
f 843//1374 836//1374 833//1374
f 836//1373 843//1375 840//1372
f 843//1376 833//1376 837//1376
f 842//1377 844//1377 845//1377
f 841//1378 840//1378 846//1378
f 846//1379 840//1380 843//1381
f 843//1382 837//1382 847//1382
f 843//1381 847//1383 846//1379
f 837//1384 838//1384 848//1384
f 849//1385 837//1386 850//1387
f 837//1386 848//1388 850//1387
f 851//1389 852//1389 853//1389
f 851//1390 849//1391 852//1392
f 849//1391 850//1393 852//1392
f 851//1394 853//1394 854//1394
f 849//1395 851//1395 855//1395
f 837//1396 849//1396 856//1396
f 856//1397 849//1397 855//1397
f 837//1398 856//1398 847//1398
f 855//1399 851//1400 857//1401
f 857//1402 851//1402 858//1402
f 851//1403 854//1403 858//1403
f 856//1404 855//1404 859//1404
f 859//1405 855//1399 857//1401
f 847//1406 856//1406 860//1406
f 860//1407 856//1407 859//1407
f 847//1408 860//1408 846//1408
f 860//1409 859//1409 861//1409
f 860//888 861//888 846//888
f 859//1410 857//1410 193//1410
f 193//1411 190//1411 859//1411
f 182//1412 846//1412 183//1412
f 861//1413 183//1413 846//1413
f 185//1414 859//1415 191//1416
f 861//1417 859//1415 185//1414
f 185//1414 184//1418 861//1417
f 861//1419 184//1419 183//1419
f 191//1420 859//1420 190//1420
f 173//1421 182//1421 181//1421
f 173//1422 846//1423 182//1424
f 172//1425 846//1423 173//1422
f 160//1426 172//1426 162//1426
f 160//1427 841//1428 172//1429
f 846//1430 172//1429 841//1428
f 176//1431 160//1431 161//1431
f 176//1432 841//1432 160//1432
f 862//1433 192//1434 857//1435
f 193//1436 857//1436 192//1436
f 857//1435 863//1437 862//1433
f 857//1438 858//1438 863//1438
f 188//1439 192//1434 862//1433
f 864//1440 865//1440 866//1440
f 867//1441 864//1441 868//1441
f 864//1441 866//1441 868//1441
f 867//1442 868//1442 869//1442
f 864//1443 867//1443 870//1443
f 864//1444 871//1444 865//1444
f 871//1445 872//1445 865//1445
f 871//1446 864//1446 870//1446
f 872//1447 212//1448 213//1449
f 871//1450 212//1448 872//1447
f 204//19 213//19 205//19
f 206//11 213//351 204//4
f 207//1451 213//351 206//11
f 872//1447 213//1449 207//1452
f 871//1453 214//1453 212//1453
f 873//1454 214//1454 871//1454
f 218//1455 216//1456 873//1457
f 214//1458 873//1458 216//1458
f 871//1459 870//1459 874//1459
f 871//1460 874//1460 873//1460
f 218//1461 875//1461 217//1461
f 873//1457 875//1462 218//1455
f 875//1463 873//1463 874//1463
f 219//1464 217//1465 875//1466
f 876//1467 877//1467 878//1467
f 877//1467 876//1467 879//1467
f 874//1467 879//1467 876//1467
f 879//1467 874//1467 870//1467
f 879//1468 870//1468 867//1468
f 875//1469 874//1469 876//1469
f 875//1466 880//1470 219//1464
f 220//1471 219//1464 880//1470
f 880//1472 875//1472 876//1472
f 880//1470 210//1473 220//1471
f 880//1470 223//1474 210//1473
f 879//1475 867//1475 881//1475
f 881//1476 867//1477 882//1478
f 867//1477 869//1479 882//1478
f 877//1480 879//1480 881//1480
f 880//247 876//247 878//247
f 880//1481 878//1481 883//1481
f 224//1465 223//1482 883//1483
f 880//1484 883//1483 223//1482
f 878//1485 877//1485 884//1485
f 878//1486 884//1486 883//1486
f 883//1487 225//1487 224//1487
f 884//1488 221//1488 225//1488
f 225//1489 883//1489 884//1489
f 202//4 208//4 222//4
f 202//19 222//19 221//1490
f 200//19 202//19 221//1490
f 884//1491 200//1492 221//1493
f 885//1494 201//1494 200//1494
f 884//1491 885//1495 200//1492
f 884//1496 877//1496 886//1496
f 884//1497 886//1497 885//1497
f 886//1498 887//1498 885//1498
f 886//1499 877//1499 881//1499
f 886//1500 888//1500 887//1500
f 886//1501 881//1501 888//1501
f 881//1502 889//1502 888//1502
f 881//1503 882//1503 889//1503
f 122//1504 134//1504 120//1504
f 122//1505 121//1505 227//1505
f 134//1506 122//1506 890//1506
f 890//1507 122//1507 227//1507
f 134//1508 890//1508 323//1508
f 323//1509 890//1509 891//1509
f 891//1510 890//1510 227//1510
f 323//247 891//247 322//247
f 322//1511 891//1511 892//1511
f 322//1469 892//1469 302//1469
f 302//1512 892//1512 301//1512
f 892//1513 891//1514 893//1515
f 299//1516 301//1516 893//1516
f 892//1516 893//1516 301//1516
f 893//1515 891//1514 227//1517
f 299//1518 893//1519 894//1520
f 299//1521 894//1521 232//1521
f 893//1522 227//1523 895//1524
f 893//1519 895//1525 894//1520
f 895//1524 227//1523 226//1526
f 895//1527 226//1527 209//1527
f 894//1528 895//1528 211//1528
f 894//1529 211//1529 232//1529
f 211//247 895//247 209//247
f 232//279 211//279 203//274
f 896//1530 404//1530 406//1530
f 405//1531 897//1531 406//1531
f 896//1532 406//1532 897//1532
f 897//1533 405//1533 407//1533
f 408//1534 404//1534 421//1534
f 896//1535 421//1535 404//1535
f 896//1536 897//1536 898//1536
f 896//1537 412//1538 421//1539
f 412//1538 896//1537 899//1540
f 899//1541 896//1542 900//1543
f 900//1543 896//1542 898//1542
f 413//1544 412//1545 901//1546
f 899//1547 901//1546 412//1545
f 899//1548 900//1548 902//1548
f 899//1549 902//1549 901//1549
f 413//1550 338//1550 339//1550
f 338//1551 413//1544 901//1546
f 901//1552 902//1552 903//1552
f 903//1553 337//1553 338//1553
f 338//1554 901//1554 903//1554
f 904//1555 905//1555 900//1555
f 902//1555 900//1555 905//1555
f 906//1556 904//1557 898//1556
f 900//1557 898//1556 904//1557
f 902//1558 905//1558 907//1558
f 902//1559 907//1559 903//1559
f 903//1560 336//1560 337//1560
f 903//1561 335//1561 336//1561
f 903//1562 907//1562 29//1562
f 903//1563 341//1563 335//1563
f 341//1564 903//1564 29//1564
f 908//1565 907//1565 905//1565
f 908//1566 905//1567 909//1568
f 909//1568 905//1567 904//1569
f 907//1570 908//1570 33//1570
f 907//1571 33//1571 29//1571
f 33//1572 908//1573 910//1572
f 908//1574 909//1575 910//1574
f 911//1575 910//1574 909//1575
f 909//1576 904//1577 906//1578
f 906//1579 898//1580 912//1579
f 912//1581 897//1581 8//1581
f 897//1582 912//1579 898//1580
f 909//1576 906//1578 913//1583
f 909//1584 913//1584 911//1585
f 914//1584 911//1585 913//1584
f 906//1586 912//1586 915//1586
f 906//1587 915//1587 913//1587
f 912//1588 8//1588 915//1588
f 897//1589 407//1589 375//1589
f 375//1590 8//1590 897//1590
f 913//1591 915//1591 15//1591
f 914//1592 913//1592 15//1592
f 15//1593 915//1593 4//1593
f 4//1594 915//1594 8//1594
f 914//1595 15//1595 916//1595
f 911//1585 914//1584 917//1596
f 917//1597 914//1597 916//1597
f 911//1598 917//1598 918//1598
f 911//1599 918//1599 910//1599
f 917//1600 916//1600 919//1600
f 917//1601 919//1602 918//1603
f 916//1604 15//1604 12//1604
f 919//1605 916//1605 920//1605
f 920//1606 916//1606 12//1606
f 910//1607 918//1607 34//1607
f 910//1572 34//1608 33//1572
f 918//1603 919//1602 921//1603
f 34//1609 918//1609 32//1610
f 32//1610 918//1609 921//1610
f 921//1611 919//1611 922//1611
f 922//1612 919//1612 920//1612
f 921//1613 922//1613 923//1613
f 922//1614 920//1614 924//1614
f 924//1615 925//1615 926//1615
f 926//1616 922//1616 924//1616
f 927//1617 923//1617 926//1617
f 922//1618 926//1618 923//1618
f 924//1619 920//1619 928//1619
f 921//1620 923//1621 929//1622
f 921//1623 929//1623 32//1623
f 929//1622 923//1621 930//1624
f 928//1625 920//1626 12//1626
f 12//1626 584//1627 928//1625
f 924//1628 928//1628 925//1628
f 32//1629 929//1629 931//1629
f 931//1630 929//1630 930//1630
f 930//1631 923//1631 927//1631
f 930//1632 927//1633 346//1634
f 347//1635 346//1634 927//1633
f 927//1636 314//1637 312//1638
f 926//1639 314//1637 927//1636
f 313//1640 347//1640 927//1640
f 312//1641 313//1641 927//1641
f 346//1642 359//1642 930//1642
f 931//1643 930//1643 345//1643
f 359//1644 345//1644 930//1644
f 926//1645 367//1645 314//1645
f 315//1646 314//1646 367//1646
f 320//1647 321//1647 367//1647
f 367//1648 926//1648 320//1648
f 320//1649 925//1650 317//1651
f 320//1649 926//1652 925//1650
f 318//1653 925//1653 377//1653
f 317//1654 925//1654 318//1654
f 932//1655 376//1655 925//1655
f 377//1656 925//1656 376//1656
f 376//1657 932//1657 381//1657
f 932//1658 925//1658 928//1658
f 932//1659 928//1659 584//1659
f 381//1660 932//1661 372//1662
f 584//1663 372//1662 932//1661
f 933//1664 378//1664 584//1664
f 372//1665 584//1665 378//1665
f 934//1666 379//1667 933//1668
f 378//1669 933//1668 379//1667
f 933//1670 584//1670 586//1670
f 585//1671 584//1671 12//1671
f 933//1672 586//1672 935//1672
f 934//1673 933//1673 936//1673
f 936//1674 933//1674 935//1674
f 935//1675 586//1676 937//1677
f 937//1677 586//1676 585//1678
f 938//1679 939//1679 940//1680
f 937//1681 941//1679 939//1679
f 941//1679 940//1680 939//1679
f 939//1679 935//1681 937//1681
f 379//1682 934//1683 380//1684
f 942//1685 380//1684 934//1683
f 942//1686 934//1687 936//1688
f 943//1689 944//1689 938//1689
f 939//1689 938//1689 944//1689
f 935//1689 939//1689 944//1689
f 944//1689 936//1689 935//1689
f 942//1686 936//1688 945//1690
f 946//1691 945//1692 936//1692
f 947//1693 946//1691 943//1692
f 944//1691 943//1692 946//1691
f 936//1692 944//1691 946//1691
f 942//1694 945//1694 948//1694
f 948//1695 945//1695 946//1695
f 942//1696 948//1696 949//1696
f 380//1697 942//1698 392//1699
f 949//1700 392//1699 942//1698
f 948//1701 946//1701 950//1701
f 949//1702 948//1702 951//1702
f 951//1703 948//1703 950//1703
f 949//1704 952//1704 396//1704
f 396//1705 392//1705 949//1705
f 952//1706 949//1706 951//1706
f 395//1707 396//1707 952//1707
f 952//1708 951//1708 401//1708
f 401//1709 395//1709 952//1709
f 953//1710 399//1710 951//1710
f 401//1711 951//1711 399//1711
f 390//1712 399//1712 953//1712
f 954//1695 955//1695 956//1695
f 955//1695 954//1695 957//1695
f 956//1695 951//1695 954//1695
f 951//1695 956//1695 953//1695
f 958//1713 398//1713 400//1713
f 958//1714 400//1714 389//1714
f 334//1715 340//1716 955//1717
f 416//1718 955//1718 418//1718
f 420//1719 402//1719 419//1720
f 390//1721 419//1721 387//1721
f 953//1722 419//1722 390//1722
f 325//1723 334//1723 955//1723
f 415//1724 419//1725 956//1726
f 953//1727 956//1726 419//1725
f 415//1728 955//1728 416//1728
f 956//1726 955//1729 415//1724
f 389//1730 386//1730 958//1730
f 418//1716 955//1717 340//1716
f 387//1731 419//1720 402//1719
f 954//1732 951//1733 950//1732
f 957//1732 954//1732 959//1732
f 950//1732 959//1732 954//1732
f 960//1734 388//1734 417//1734
f 960//1735 386//1735 388//1735
f 960//1736 958//1736 386//1736
f 959//1737 950//833 947//1738
f 946//833 947//1738 950//833
f 957//1739 959//1739 961//1740
f 955//1741 328//1741 326//1741
f 957//1742 328//1743 955//1744
f 955//1745 326//1745 325//1745
f 957//1746 961//1746 962//1746
f 352//1747 328//1747 962//1747
f 957//1742 962//1748 328//1743
f 961//1740 959//1739 963//1749
f 963//1750 959//1751 947//1752
f 961//1753 349//1753 962//1753
f 349//1754 961//1754 356//1754
f 352//1755 962//1755 349//1755
f 355//1756 356//1757 963//1758
f 961//1759 963//1758 356//1757
f 417//1760 333//1760 960//1760
f 330//1761 960//1762 332//1763
f 332//1763 960//1762 333//1764
f 963//1765 964//1765 355//1766
f 348//1767 355//1766 964//1765
f 964//1768 963//1750 947//1752
f 350//1769 348//1769 965//1769
f 964//1770 965//1770 348//1770
f 964//1768 947//1752 943//1771
f 964//1772 943//1772 965//1772
f 966//1773 967//1773 968//1773
f 931//1774 966//1774 969//1774
f 966//1775 931//1776 350//1777
f 965//1778 970//1779 350//1780
f 345//1781 350//1777 931//1776
f 965//1782 971//1782 969//1782
f 965//1783 966//1783 971//1783
f 943//1784 938//1784 965//1784
f 972//1785 973//1785 931//1785
f 965//1786 969//1786 973//1786
f 970//1787 965//1787 973//1787
f 966//1788 965//1788 938//1788
f 931//1789 973//1789 974//1789
f 938//1790 971//1790 966//1790
f 967//1791 966//1791 973//1791
f 971//1792 938//1792 940//1792
f 940//1793 974//1793 969//1793
f 940//1794 969//1794 971//1794
f 973//1795 969//1795 974//1795
f 968//1796 971//1797 973//1798
f 931//1799 974//1799 32//1799
f 974//1800 940//1800 975//1800
f 940//1801 941//1801 975//1801
f 976//1801 977//1801 941//1801
f 977//1801 975//1801 941//1801
f 941//1801 937//1801 976//1801
f 974//1802 975//1802 978//1802
f 974//1803 978//1803 32//1803
f 976//1804 937//1804 585//1804
f 978//1805 975//1805 979//1805
f 975//1679 977//1679 979//1679
f 980//1679 981//1679 977//1679
f 981//1679 979//1679 977//1679
f 977//1679 976//1679 980//1679
f 32//1806 978//1806 982//1806
f 982//1807 978//1807 979//1807
f 976//1808 585//1808 983//1808
f 983//1809 585//1809 12//1809
f 980//1810 976//1810 983//1810
f 982//1811 979//1811 984//1811
f 979//1812 981//1813 984//1812
f 985//1813 984//1812 981//1813
f 982//1814 984//1815 986//1816
f 982//1817 986//1817 32//1817
f 980//1818 983//1818 14//1818
f 14//1819 983//1819 12//1819
f 981//1820 980//1820 987//1820
f 987//1821 980//1821 14//1821
f 985//1822 981//1822 987//1822
f 987//1823 14//1823 13//1823
f 985//1824 987//1824 988//1824
f 988//1825 987//1825 13//1825
f 989//1826 985//1827 988//1828
f 985//1827 989//1826 990//1827
f 990//1827 984//1829 985//1827
f 984//1815 990//1830 986//1816
f 13//1831 11//1831 988//1831
f 988//1832 11//1832 991//1832
f 989//1826 992//1826 993//1833
f 992//1826 989//1826 991//1828
f 989//1826 993//1833 990//1827
f 988//1828 991//1828 989//1826
f 11//1834 10//1834 991//1834
f 991//1835 10//1836 994//1837
f 994//1837 10//1836 6//1838
f 992//1839 995//1839 996//1839
f 996//1839 993//1839 992//1839
f 995//1839 992//1839 994//1839
f 991//1839 994//1839 992//1839
f 6//1840 5//1841 997//1842
f 997//1842 994//1843 6//1840
f 995//1844 998//1845 999//1845
f 998//1845 995//1844 997//1846
f 999//1845 996//1844 995//1844
f 994//1844 997//1846 995//1844
f 31//1847 986//1848 990//1849
f 990//1849 993//1847 31//1847
f 986//1850 31//1850 32//1850
f 31//1851 993//1851 25//1851
f 25//1852 993//1852 996//1852
f 26//1853 25//1853 996//1853
f 30//1854 26//1854 996//1854
f 999//1855 30//1855 996//1855
f 27//1856 30//1856 999//1856
f 27//1857 999//1858 1000//1859
f 998//1845 1001//1860 1000//1860
f 1001//1860 998//1845 1002//1861
f 997//1846 1002//1861 998//1845
f 1000//1860 999//1845 998//1845
f 1002//1862 997//1842 5//1841
f 27//1857 1000//1859 28//1863
f 1001//1864 1003//1864 1004//1865
f 1003//1864 1001//1864 1005//1864
f 1002//1864 1005//1864 1001//1864
f 1004//1865 1000//1865 1001//1864
f 1000//1866 1004//1866 28//1866
f 1002//1867 5//1867 7//1867
f 1005//1868 1002//1869 7//1870
f 1006//1871 1007//1871 1008//1871
f 1009//1871 1006//1871 1010//1871
f 1006//1871 1009//1871 1007//1871
f 1005//1871 1007//1871 1009//1871
f 1010//1871 1011//1871 1009//1871
f 1011//1871 1004//1871 1009//1871
f 1009//1871 1003//1480 1005//1871
f 1003//1480 1009//1871 1004//1871
f 1011//1872 28//1872 1004//1872
f 28//1873 1011//1873 1012//1873
f 28//1874 1012//1874 29//1874
f 1011//1875 1010//1875 1012//1875
f 1007//1876 1005//1868 7//1870
f 7//1870 9//1877 1007//1876
f 1012//1878 1010//1878 1013//1878
f 1012//1879 1013//1879 29//1879
f 1014//1880 1008//1881 1015//1881
f 1016//1881 1006//1880 1014//1880
f 1008//1881 1014//1880 1006//1880
f 1006//1880 1016//1881 1010//1881
f 1010//1882 1016//1882 1013//1882
f 29//1883 1013//1883 1017//1883
f 1017//1882 1013//1882 1016//1882
f 29//1884 357//1885 341//1886
f 357//1885 29//1884 1017//1887
f 1017//1888 1016//1888 1018//1888
f 1018//1889 342//1889 357//1889
f 1017//1890 1018//1890 357//1890
f 1008//1891 1007//1891 9//1891
f 1008//1892 9//1892 1019//1892
f 1019//1893 9//1893 8//1893
f 1008//1894 1019//1895 1015//1896
f 1019//1897 8//1897 1020//1897
f 1019//1895 1020//1896 1015//1896
f 8//1898 375//1899 374//1900
f 374//1900 1020//1901 8//1898
f 1015//1896 1020//1896 1021//1902
f 1021//1903 374//1903 403//1903
f 1020//1904 374//1904 1021//1904
f 1014//1905 1022//1905 1016//1905
f 1022//1905 1014//1905 1023//1905
f 1023//1905 1014//1905 1024//1905
f 1015//1906 1024//1905 1014//1905
f 1024//1907 1015//1907 1021//1907
f 1024//1908 1021//1908 1025//1908
f 1021//1909 403//1909 371//1909
f 371//1910 1025//1910 1021//1910
f 1024//1911 1025//1911 1026//1911
f 1024//1912 1026//1913 1023//1914
f 1026//1915 1025//1916 1027//1915
f 1025//1917 371//1917 397//1917
f 397//1918 1027//1918 1025//1918
f 1028//1919 1023//1914 1026//1913
f 1026//1913 1029//1919 1028//1919
f 1016//1920 1022//1920 1018//1920
f 1023//1914 1030//1921 1022//1922
f 1030//1921 1023//1914 1028//1919
f 1018//1923 1022//1924 1031//1925
f 1031//1925 1022//1924 1030//1926
f 1018//1927 343//1927 342//1927
f 343//1928 1018//1929 1031//1930
f 1031//1925 1030//1926 1032//1931
f 1031//1930 358//1932 343//1928
f 358//1932 1031//1930 1032//1933
f 1033//247 1028//1919 1034//247
f 1034//247 1028//1919 1029//1919
f 1028//1919 1033//247 1030//1921
f 1030//1926 1033//1934 1032//1931
f 1029//1935 1026//1915 1027//1915
f 1035//1936 1033//1936 1036//1937
f 1033//1936 1035//1936 1032//1938
f 1032//1939 344//1939 358//1939
f 344//1940 1032//1940 1035//1940
f 1029//1941 1027//1941 1037//1941
f 1027//1942 397//1943 373//1944
f 373//1944 1037//1945 1027//1942
f 1038//1946 1039//1947 1040//1946
f 1040//1946 1039//1947 1041//1946
f 1039//1947 1038//1946 1036//1947
f 1034//1948 1036//1947 1033//1948
f 1036//1947 1034//1948 1039//1947
f 1042//268 1041//1946 1039//1947
f 1039//1947 1034//1948 1042//268
f 1029//1948 1042//268 1034//1948
f 1042//1949 1029//1949 1037//1949
f 1042//1950 1043//1950 1041//1950
f 1043//1951 1042//1951 1037//1951
f 1037//1952 373//1952 382//1952
f 382//1953 1043//1953 1037//1953
f 1044//1954 1036//1954 1038//1954
f 1036//1955 1044//1955 1035//1955
f 1035//1956 353//1956 344//1956
f 353//1957 1035//1957 1044//1957
f 1045//1958 1046//1959 1038//1960
f 1044//1961 1038//1960 1046//1959
f 1044//1962 351//1963 353//1964
f 351//1963 1044//1962 1046//1965
f 1041//1966 1043//1966 1047//1966
f 1043//1967 382//1968 393//1969
f 393//1969 1047//1970 1043//1967
f 1040//1971 1041//1971 1048//1971
f 1048//1972 1041//1972 1047//1972
f 391//1973 1047//1973 393//1973
f 1047//1974 391//1974 394//1974
f 394//1975 1048//1975 1047//1975
f 960//1976 385//1977 384//1978
f 960//1976 1048//1979 385//1977
f 385//1977 1048//1979 394//1980
f 383//1981 398//1981 958//1981
f 383//1982 960//1982 384//1982
f 958//1983 960//1983 383//1983
f 1049//1984 1040//1984 1048//1984
f 1049//1985 1048//1985 960//1985
f 1038//1986 1040//1986 1045//1987
f 1049//1988 1045//1987 1040//1986
f 331//1989 1049//1989 330//1989
f 1045//1990 331//1990 327//1990
f 1045//1987 1049//1988 331//1991
f 960//1992 330//1992 1049//1992
f 329//1993 354//1993 1046//1993
f 1046//1994 1045//1994 329//1994
f 327//1995 329//1995 1045//1995
f 351//1996 1046//1996 354//1996
f 55//1997 54//1997 782//1997
f 53//1998 782//1998 54//1998
f 55//1999 1050//2000 56//2001
f 1050//2000 55//1999 782//2002
f 57//2003 56//2003 1050//2003
f 1050//2004 782//2004 1051//2004
f 1050//2005 1051//2005 57//2005
f 48//2006 57//2007 1051//2008
f 45//2009 48//2006 1051//2008
f 1051//2010 782//2010 1052//2010
f 1051//2011 1052//2011 45//2011
f 46//2012 45//2012 1052//2012
f 366//2013 365//2013 1053//2013
f 1053//2014 308//2014 78//2014
f 1053//2015 78//2015 77//2015
f 1053//2016 77//2016 796//2016
f 308//2017 1053//2017 365//2017
f 778//2018 72//2018 307//2018
f 778//2019 307//2019 366//2019
f 778//2020 366//2020 1053//2020
f 72//2021 778//2021 73//2021
f 782//2022 53//2023 51//2024
f 782//2022 51//2024 50//2025
f 782//2022 50//2025 73//2026
f 782//2022 73//2026 778//2027
f 778//2028 1053//2028 779//2028
f 777//2029 779//2029 782//2029
f 791//2030 1053//2030 796//2030
f 1053//2031 791//2031 779//2031
f 796//2032 789//2032 791//2032
f 779//2033 791//2033 1054//2033
f 791//2034 790//2034 1054//2034
f 779//2035 1054//2035 794//2035
f 794//16 1054//16 790//16
f 779//2036 794//2036 782//2036
f 782//2037 794//2037 803//2037
f 782//2038 803//2038 1052//2038
f 1052//2039 803//2039 804//2039
f 1052//2040 63//2041 47//2042
f 1052//2040 61//2043 63//2041
f 1052//2040 804//2044 61//2043
f 47//2042 46//2045 1052//2040
f 68//2046 70//2046 793//2046
f 813//2047 812//2047 1055//2047
f 286//2048 813//2048 285//2048
f 813//2049 1055//2049 285//2049
f 286//2050 290//2050 1056//2050
f 286//2051 1056//2051 813//2051
f 290//2052 280//2053 273//2054
f 273//2054 274//2055 1057//2056
f 290//2052 273//2054 1057//2056
f 290//2057 1057//2057 1056//2057
f 1057//2056 275//2058 1058//2059
f 275//2058 1057//2056 274//2055
f 1059//2060 1060//2060 813//2061
f 813//2061 1056//2061 1059//2060
f 813//2062 1060//2063 811//2064
f 1060//2063 1061//2065 811//2064
f 1060//2063 1062//2066 1061//2065
f 1059//2067 1056//2067 1063//2067
f 1063//2068 1056//2068 1057//2068
f 1060//2069 1059//2069 1064//2069
f 1064//2070 1059//2070 1063//2070
f 1060//2071 1065//2071 1062//2071
f 1060//2072 1064//2072 1065//2072
f 1064//2073 1066//2073 1065//2073
f 1064//2074 1063//2075 1067//2076
f 1063//2077 1057//2077 1068//2077
f 1063//2078 1068//2078 1067//2078
f 1068//2079 1057//2079 1058//2079
f 1064//2074 1067//2076 1069//2080
f 1069//2081 1067//2081 1068//2081
f 1064//2082 1069//2083 1066//2084
f 1069//2083 1070//2085 1066//2084
f 1068//2086 1058//2086 1071//2086
f 1068//2087 1071//2087 1069//2087
f 1069//2088 1072//2088 1070//2088
f 1069//2089 1073//2090 1072//2090
f 1073//2090 1074//2091 1072//2090
f 1075//2092 1076//2092 1077//2092
f 1073//2093 1075//2094 1074//2095
f 1075//2094 1077//2096 1074//2095
f 1073//2097 1069//2097 1078//2097
f 1075//2098 1079//2098 1076//2098
f 1079//2099 1080//2099 1076//2099
f 1079//2100 1081//2101 1080//2102
f 1075//2103 1073//2103 1082//2103
f 1075//2104 1082//2104 1079//2104
f 1082//2105 1073//2105 1083//2105
f 1083//2106 1073//2106 1078//2106
f 1079//2107 1082//2108 1084//2109
f 1084//2110 1082//2111 1083//2112
f 1079//2100 1085//2113 1081//2101
f 1085//2114 1086//2114 1081//2114
f 1085//2115 1079//2107 1084//2109
f 1084//2110 1083//2112 1087//2116
f 1084//679 1087//679 1085//679
f 1087//2117 1083//2117 1078//2117
f 1087//2118 1078//2118 845//2118
f 1085//2119 1088//2119 1086//2119
f 1085//2120 1089//2120 1088//2120
f 1090//2121 240//2121 238//2121
f 1085//2122 242//2122 241//2122
f 241//2123 1089//2123 1085//2123
f 1089//2124 240//2124 1090//2124
f 1089//2125 241//2125 240//2125
f 1085//2126 234//2127 242//2128
f 1085//2126 235//2129 234//2127
f 258//2130 259//2131 1091//2132
f 1085//2133 236//2133 235//2133
f 1085//2134 259//2134 236//2134
f 1085//2135 1091//2132 259//2131
f 1091//2136 1085//2136 1087//2136
f 258//2137 1091//2137 257//2137
f 1091//2138 1087//2138 844//2138
f 844//2139 257//2139 1091//2139
f 844//2140 256//2140 257//2140
f 844//2141 255//2142 256//2143
f 844//2141 261//2144 255//2142
f 844//2141 262//2145 261//2144
f 844//2146 1087//2146 845//2146
f 842//2147 262//2148 844//2149
f 842//2147 263//2150 262//2148
f 842//2151 271//2151 263//2151
f 842//2152 268//2152 271//2152
f 842//2153 269//2153 268//2153
f 842//2154 845//2154 1078//2154
f 842//2155 1078//2155 1092//2155
f 1092//2156 1078//2156 1069//2156
f 1092//2157 1069//2157 1071//2157
f 842//2158 1092//2159 839//2158
f 839//2158 1092//2159 1071//2159
f 839//2160 1071//2160 1058//2160
f 1058//2161 270//2161 265//2161
f 1058//2162 265//2162 264//2162
f 1058//2163 264//2163 839//2163
f 270//2164 1058//2164 277//2164
f 276//2165 277//2165 1058//2165
f 275//2166 276//2166 1058//2166
f 60//13 1093//13 42//13
f 1094//663 1095//13 1096//2167
f 1097//2167 1098//2168 1099//2169
f 1100//13 1101//917 43//1
f 1102//2170 1103//13 1104//2171
f 1105//2172 1106//2173 1107//2174
f 491//13 1108//663 1109//663
f 1109//663 1110//2175 1111//2167
f 1110//2175 1112//2167 1111//2167
f 1113//14 1114//2 1115//2176
f 1116//2169 1117//2177 1118//2178
f 1119//13 109//13 449//663
f 39//2167 43//1 1101//917
f 479//2179 477//2179 481//2179
f 1093//13 1100//13 42//13
f 477//663 39//2167 1120//2180
f 1121//2181 1066//2182 1070//13
f 1101//917 1120//2180 39//2167
f 1120//2180 1101//917 481//663
f 43//1 42//13 1100//13
f 1101//917 1100//13 481//663
f 1122//13 1123//13 1108//663
f 493//13 1122//13 1108//663
f 1124//2183 1125//663 1126//2184
f 1124//2183 1126//2184 1127//2176
f 1128//2185 1107//2174 1129//2167
f 1130//3 1128//2185 1129//2167
f 1124//2183 1130//3 1129//2167
f 1093//13 481//663 1100//13
f 481//2186 1093//2187 1131//2187
f 568//2188 1132//2189 1133//2189
f 463//663 1119//13 449//663
f 1134//2190 1135//2191 1136//2184
f 593//2192 1137//2192 1132//2192
f 109//2193 1119//2194 1138//2195
f 565//2196 1133//2197 1138//2198
f 447//663 88//2199 446//2200
f 463//2194 1138//2195 1119//2194
f 1138//2195 463//2194 565//2201
f 109//2202 1138//2198 1133//2197
f 60//2203 1131//2187 1093//2187
f 1133//2204 565//2204 568//2204
f 109//2205 1133//2205 1132//2205
f 1132//2206 568//2206 593//2206
f 109//2192 1132//2192 1137//2192
f 1139//2167 516//917 1140//13
f 1137//2207 593//2201 597//2208
f 109//2209 1137//2210 1141//2211
f 700//2212 1131//2213 1142//2213
f 597//2214 1141//2211 1137//2210
f 79//13 1143//663 60//13
f 1141//2215 597//2216 609//2217
f 109//13 1141//13 1139//2167
f 724//2218 1142//2219 1144//2220
f 60//2221 1142//2213 1131//2213
f 726//2222 1144//2220 1145//2223
f 1131//2224 700//2224 481//2224
f 60//2225 1144//2220 1142//2219
f 728//2226 1145//2227 1146//2228
f 1142//2229 724//2230 700//2229
f 60//2231 1145//2223 1144//2220
f 609//2232 1139//2167 1141//13
f 751//2233 1146//2234 1147//917
f 1144//2220 726//2222 724//2218
f 60//2235 1146//2228 1145//2227
f 495//2167 1147//917 1148//663
f 1145//2223 728//2236 726//2222
f 60//13 1147//917 1146//2234
f 109//13 1139//2167 1140//13
f 1139//2167 609//2232 516//917
f 515//2237 1140//13 516//917
f 865//2238 1149//13 1134//2190
f 865//2238 1134//2190 1150//2239
f 1146//2234 751//2233 728//2240
f 1147//917 60//13 1148//663
f 1122//13 1151//2241 1152//2242
f 1122//13 1152//2242 1123//13
f 1094//663 1096//2167 503//2169
f 109//13 1140//13 1153//13
f 1143//663 494//2177 1148//663
f 494//2177 1143//663 1154//13
f 1143//663 1148//663 60//13
f 79//13 1154//13 1143//663
f 483//2243 494//2177 484//2175
f 484//2175 1154//13 1155//13
f 515//2237 1153//13 1140//13
f 515//2237 511//2244 503//2169
f 109//13 1153//13 1096//2167
f 1153//13 515//2237 503//2169
f 1155//13 1156//2167 1157//663
f 23//14 1158//917 647//917
f 1147//917 495//2167 751//2233
f 79//13 1155//13 1154//13
f 79//13 1159//13 1160//663
f 79//13 1156//2167 1155//13
f 1160//663 1159//13 1161//917
f 1159//13 1162//917 1161//917
f 1163//3 1164//2245 1165//2246
f 79//13 1160//663 1156//2167
f 1156//2167 1160//663 1161//917
f 646//2 23//14 647//917
f 484//2175 1155//13 487//2247
f 1155//13 1157//663 487//2247
f 1156//2167 1161//917 1166//14
f 1167//2248 1168//2171 1169//2
f 1168//2171 1170//2177 1169//2
f 1159//13 79//13 1171//663
f 1094//663 503//2169 1172//2177
f 503//2169 507//2249 1172//2177
f 828//2171 1095//13 1102//2170
f 1173//917 1094//663 1172//2177
f 646//2 1//1 23//14
f 1153//13 503//2169 1096//2167
f 1097//2167 1173//917 1112//2167
f 1173//917 1174//13 1112//2167
f 1175//2250 186//917 187//917
f 1098//2168 1097//2167 1112//2167
f 1//1 1176//2183 23//14
f 1110//2175 1098//2168 1112//2167
f 21//13 23//14 1176//2183
f 1173//917 1172//2177 1174//13
f 1098//2168 1110//2175 1177//13
f 1177//13 1178//2169 1098//2168
f 1108//663 1179//2251 1180//2252
f 1108//663 1180//2252 1110//2175
f 1110//2175 1109//663 1108//663
f 493//13 1171//663 79//13
f 1122//13 493//13 79//13
f 1156//2167 1166//14 1157//663
f 198//3 1181//2247 207//3
f 1182//2253 1183//2253 1165//2246
f 1182//2253 1165//2246 1164//2245
f 806//2254 848//2254 838//2254
f 1184//2170 1126//2184 1185//2255
f 1134//2190 1136//2184 1186//2184
f 109//13 86//13 449//663
f 972//2256 969//2256 968//2256
f 199//2257 233//2257 231//2257
f 1187//2183 1188//2183 1189//2183
f 84//2258 88//2199 82//2259
f 853//2260 852//2261 806//13
f 446//2200 442//2262 444//2263
f 1190//2264 1129//2167 1107//2174
f 1104//2171 1097//2167 1099//2169
f 230//2175 229//2175 231//13
f 1154//13 484//2175 494//2177
f 477//663 1120//2180 481//663
f 1191//2169 1192//2167 1193//2167
f 1194//2265 1195//2265 1191//2265
f 1196//13 1197//2266 1194//663
f 1196//13 1194//663 1191//2169
f 1196//13 1191//2169 1162//917
f 1191//2169 1193//2167 1162//917
f 1198//2247 1196//13 1162//917
f 653//13 492//13 654//663
f 1159//13 1199//13 1198//2247
f 1159//13 1198//2247 1162//917
f 492//13 1171//663 493//13
f 885//2178 887//2171 865//2238
f 39//2167 477//663 40//2175
f 495//2167 1148//663 494//2177
f 1200//3 1201//2183 1202//2247
f 474//2267 52//2268 476//2175
f 44//14 40//2175 477//663
f 44//14 476//2175 52//2268
f 476//2175 44//14 477//663
f 474//2267 473//2269 52//2268
f 244//13 199//2270 245//663
f 199//917 231//13 229//2175
f 199//2270 244//13 246//2271
f 199//2270 246//2271 251//2272
f 1108//663 491//13 493//13
f 199//2273 251//2273 233//2273
f 1134//2190 1184//2170 1203//2242
f 1204//2184 1205//2176 1206//2176
f 1200//3 1207//13 1208//2274
f 201//2178 1209//3 199//2270
f 201//2178 885//2178 1210//2178
f 1211//2275 1212//2177 1213//3
f 865//2238 1150//2239 1214//2171
f 1134//2190 1203//2242 1215//2276
f 1183//2253 1182//2253 1216//2277
f 1217//2167 1202//2247 1201//2183
f 966//2278 970//2278 973//2278
f 1218//13 1219//917 1220//13
f 1221//13 1218//13 1220//13
f 865//2238 1214//2171 1222//2171
f 1223//13 1208//2274 1224//2279
f 1206//2176 248//663 245//663
f 86//13 83//2280 449//663
f 83//2175 82//2259 447//663
f 1189//2183 1225//663 1187//2183
f 1226//663 1227//2281 1228//663
f 442//2262 446//2200 97//2282
f 99//2283 442//2283 97//2283
f 88//2199 97//2282 446//2200
f 88//2199 447//663 82//2259
f 447//2284 449//2284 83//2284
f 1229//13 1230//13 1219//917
f 1229//13 1219//917 1231//2
f 1232//3 1233//13 1231//2
f 1232//3 1231//2 1234//2248
f 1225//663 1235//2274 1236//2167
f 971//2285 967//2285 973//2285
f 1106//2173 1237//2286 1107//2174
f 1109//663 22//13 491//13
f 872//2270 1238//3 865//2238
f 806//13 809//3 808//2169
f 1239//2248 1221//13 1188//2183
f 1239//2248 1188//2183 806//13
f 1240//663 1239//2248 806//13
f 1241//3 1242//663 1219//917
f 1218//13 1241//3 1219//917
f 1231//2 1242//663 1234//2248
f 823//13 828//2171 1102//2170
f 806//13 823//13 1102//2170
f 806//13 1102//2170 1243//2287
f 806//13 808//2169 823//13
f 1244//2169 1245//2176 1246//2288
f 1114//2 1113//14 1247//2171
f 154//2289 198//2289 194//2289
f 198//663 197//13 194//663
f 1242//663 1231//2 1219//917
f 973//1798 972//2290 968//1796
f 1248//3 157//13 1249//3
f 806//13 1243//2287 1250//13
f 1251//2169 1249//3 1244//2169
f 198//2291 154//2291 155//2291
f 198//3 155//2167 157//13
f 1179//2251 1252//2292 1227//2281
f 1179//2251 1227//2281 1180//2252
f 1238//3 1253//2169 865//2238
f 133//2280 194//663 197//13
f 131//2293 132//2294 195//2295
f 126//2296 131//2293 195//2295
f 133//2280 126//2296 195//2295
f 133//2280 195//2295 194//663
f 1152//2242 1254//2184 1123//13
f 1253//2169 1238//3 1248//3
f 1251//2169 865//2238 1253//2169
f 186//917 1175//2250 1245//2176
f 186//917 1245//2176 157//13
f 1181//2247 1248//3 1238//3
f 865//2238 1251//2169 1244//2169
f 1255//2297 1256//2298 1116//2169
f 1257//2299 1255//2297 1116//2169
f 1238//3 207//3 1181//2247
f 1258//2184 187//917 189//2167
f 865//2238 1116//2169 1149//13
f 1259//663 1260//2300 1107//2174
f 773//2301 772//1182 757//1184
f 1204//2184 1261//2191 1150//2239
f 1134//2190 1204//2184 1150//2239
f 1134//2190 1215//2276 1262//2184
f 1263//2302 1264//2288 1265//2303
f 1107//2174 1263//2302 1265//2303
f 887//2171 888//2176 865//2238
f 1266//2184 1267//2178 1268//2176
f 1135//2191 1269//2184 1136//2184
f 1261//2191 245//663 1268//2176
f 1260//2300 1105//2172 1107//2174
f 888//2176 889//2304 865//2238
f 79//13 1269//2184 1122//13
f 889//2305 882//2305 865//2305
f 1269//2184 1135//2191 1151//2241
f 882//2306 869//2306 865//2306
f 869//13 868//13 865//3
f 868//13 866//3 865//3
f 643//911 642//913 645//913
f 642//913 649//913 645//913
f 1270//2307 1271//2307 1272//2307
f 1151//2241 1122//13 1269//2184
f 1273//2176 1274//2181 1275//2176
f 1271//2308 1234//2308 1276//2308
f 1277//3 1232//3 1270//2169
f 863//1 858//13 806//13
f 1188//2183 1221//13 1278//2177
f 1126//2184 1186//2184 1127//2176
f 1250//13 1247//2171 1279//2309
f 1250//13 1279//2309 1276//2277
f 806//13 1250//13 1276//2277
f 1250//13 1115//2176 1114//2
f 1239//2248 1240//663 1218//13
f 1221//13 1239//2248 1218//13
f 1278//2177 1189//2183 1188//2183
f 1276//2277 1228//663 1272//13
f 862//663 863//1 806//13
f 858//13 854//917 806//13
f 969//2310 972//2310 931//2310
f 854//917 853//2260 806//13
f 1280//2178 1134//2190 1281//2298
f 852//2261 850//917 806//13
f 1233//13 1229//13 1231//2
f 848//2274 806//13 850//917
f 1275//2176 1254//2184 1282//2311
f 806//2237 821//2280 816//663
f 838//2312 834//2312 806//2312
f 834//917 821//2280 806//2237
f 816//663 815//13 806//2237
f 815//13 807//2313 806//2237
f 1163//3 655//13 1283//2314
f 1284//2168 1285//13 497//3
f 497//3 496//663 1284//2168
f 1286//2184 1287//2178 1288//2242
f 1286//2184 1288//2242 1265//2303
f 1159//13 1216//2277 1199//13
f 1283//2314 497//3 1285//13
f 1289//2315 1290//13 1167//2248
f 1274//2181 1117//2177 1220//13
f 1183//2253 657//917 1165//2246
f 1217//2167 1284//2168 1291//2177
f 1284//2168 1292//3 1291//2177
f 1211//2275 1167//2248 1212//2177
f 1167//2248 1293//2316 1212//2177
f 1070//13 1072//663 1294//2317
f 1070//13 1294//2317 1121//2181
f 1285//13 1217//2167 1164//2245
f 1287//2178 812//2318 811//13
f 1295//2298 1296//2319 1297//2319
f 1295//2298 1297//2319 1298//2276
f 1299//3 1211//2275 1300//1
f 1211//2275 1301//2200 1300//1
f 1290//13 1289//2315 1302//2169
f 1259//663 1303//2320 1304//2321
f 1260//2300 1259//663 1304//2321
f 1305//13 1306//2322 1307//2167
f 1104//2171 1173//917 1097//2167
f 1260//2300 1304//2321 1308//2321
f 967//2323 971//2323 968//2323
f 1309//2324 1310//2325 1311//2282
f 1262//2184 1312//2276 1205//2176
f 1106//2173 1313//2326 1314//2327
f 1237//2286 1106//2173 1314//2327
f 1222//2171 1210//2178 885//2178
f 865//2238 1222//2171 885//2178
f 1208//2274 1168//2171 1224//2279
f 1207//13 1315//13 1316//3
f 1315//13 1317//3 1316//3
f 1167//2248 1169//2 1293//2316
f 1318//2167 1199//13 1201//2183
f 1319//2328 1320//2329 1321//2320
f 1199//13 1318//2167 1198//2247
f 1197//2266 1302//2169 1194//663
f 1214//2171 1267//2178 1322//2176
f 1222//2171 1322//2176 1210//2178
f 1209//3 201//2178 1210//2178
f 1209//3 1210//2178 1322//2176
f 1150//2239 1268//2176 1267//2178
f 1223//13 1224//2279 1196//13
f 1318//2167 1223//13 1198//2247
f 1323//14 1324//13 1325//13
f 492//13 653//13 1171//663
f 1326//2330 1323//14 1325//13
f 653//13 656//13 1171//663
f 1319//2328 1299//3 1320//2329
f 1299//3 1300//1 1320//2329
f 1202//2247 1217//2167 1327//2183
f 1217//2167 1291//2177 1327//2183
f 1284//2168 1328//2183 1292//3
f 1326//2330 23//14 22//13
f 641//906 636//1102 637//907
f 1176//2183 1//1 1329//3
f 1//1 1330//2177 1329//3
f 1//1 3//3 1330//2177
f 1//1 646//2 2//2
f 646//2 648//13 2//2
f 1273//2176 1275//2176 1134//2190
f 1236//2167 1187//2183 1225//663
f 1245//2176 1249//3 157//13
f 1249//3 1251//2169 1253//2169
f 1249//3 1253//2169 1248//3
f 1331//2317 1257//2299 1246//2288
f 1136//2184 1127//2176 1186//2184
f 188//13 1332//2 1235//2274
f 1163//3 1165//2246 657//917
f 655//13 1163//3 657//917
f 1196//13 1198//2247 1223//13
f 1203//2242 1333//2331 1215//2276
f 1305//13 238//13 239//3
f 1334//2176 1305//13 239//3
f 1243//2287 1099//2169 1115//2176
f 1205//2176 249//2 248//663
f 1220//13 1335//2 1274//2181
f 1149//13 1273//2176 1134//2190
f 1149//13 1118//2178 1273//2176
f 1230//13 1335//2 1219//917
f 1256//2298 189//2167 1117//2177
f 865//2238 1244//2169 1257//2299
f 865//2238 1257//2299 1116//2169
f 1107//2174 1265//2303 1288//2242
f 1254//2184 1274//2181 1335//2
f 1332//2 188//13 862//663
f 1332//2 862//663 806//13
f 1236//2167 1332//2 806//13
f 1187//2183 1236//2167 806//13
f 1188//2183 1187//2183 806//13
f 1220//13 1278//2177 1221//13
f 643//905 640//905 637//907
f 1336//2332 1259//663 1107//2174
f 1337//2333 1336//2332 1107//2174
f 1338//2334 1339//2335 1185//2255
f 1125//663 1338//2334 1185//2255
f 1125//663 1185//2255 1126//2184
f 638//2336 635//2337 642//2338
f 1296//2319 1340//3 1297//2319
f 1215//2276 1334//2176 1312//2276
f 1334//2176 1215//2276 1333//2331
f 1322//2176 1266//2184 1341//2184
f 1322//2176 1341//2184 1209//3
f 1302//2169 1342//2176 1194//663
f 1333//2331 1203//2242 1185//2255
f 635//2337 638//2336 517//2339
f 1309//2324 1311//2282 1343//2180
f 1305//13 1307//2167 238//13
f 1102//2170 1095//13 1103//13
f 1178//2169 1099//2169 1098//2168
f 828//2171 1096//2167 1095//13
f 1335//2 1220//13 1219//917
f 970//1779 966//2340 350//1780
f 1344//2341 1177//2341 1110//2342
f 1234//2248 1241//3 806//13
f 1241//3 1240//663 806//13
f 806//13 1276//2277 1234//2248
f 1234//2248 1270//2169 1232//3
f 1345//2343 1346//2343 281//2343
f 1180//2252 1344//2344 1110//2175
f 1134//2190 1262//2184 1204//2184
f 1113//14 1347//2266 1226//663
f 1348//2345 1108//663 1123//13
f 1349//2167 1348//2345 1123//13
f 1277//3 1349//2167 1123//13
f 1232//3 1277//3 1123//13
f 1233//13 1232//3 1123//13
f 1229//13 1233//13 1123//13
f 1102//2170 1104//2171 1243//2287
f 1103//13 1094//663 1173//917
f 281//2346 285//2346 1345//2346
f 1350//13 1264//2288 79//13
f 281//2177 1350//13 79//13
f 1130//3 1124//2183 79//13
f 1128//2185 1130//3 79//13
f 1107//2174 1128//2185 79//13
f 1263//2302 1107//2174 79//13
f 1264//2288 1263//2302 79//13
f 1237//2286 1190//2264 1107//2174
f 1324//13 1109//663 1325//13
f 1109//663 1111//2167 1325//13
f 1107//2174 1297//2319 1340//3
f 1107//2174 1298//2276 1297//2319
f 1107//2174 1351//2276 1298//2276
f 1107//2174 1352//2347 1351//2276
f 1107//2174 1288//2242 1352//2347
f 1127//2176 79//13 1124//2183
f 1074//13 1077//2173 1304//2321
f 1074//13 1304//2321 1303//2320
f 1346//2251 1286//2184 1265//2303
f 1346//2251 1265//2303 1350//13
f 1337//2333 1340//3 1121//2181
f 1282//2311 1281//2298 1134//2190
f 1295//2298 1062//2277 1065//13
f 1296//2319 1295//2298 1065//13
f 1336//2332 1294//2317 1303//2320
f 1259//663 1336//2332 1303//2320
f 1287//2178 1352//2347 1288//2242
f 1287//2178 1353//2184 1351//2276
f 1287//2178 1351//2276 1352//2347
f 1353//2184 1295//2298 1298//2276
f 1353//2184 1298//2276 1351//2276
f 636//2348 641//914 644//916
f 1326//2330 1325//13 1158//917
f 655//13 652//928 1283//2314
f 497//3 1283//2314 652//928
f 1191//2169 1319//2328 1354//3
f 1319//2328 1321//2320 1354//3
f 652//928 651//927 497//3
f 1323//14 1326//2330 22//13
f 1324//13 1323//14 22//13
f 1201//2183 1216//2277 1182//2253
f 1201//2183 1182//2253 1164//2245
f 1201//2183 1164//2245 1217//2167
f 21//13 1176//2183 1355//2167
f 1176//2183 1356//13 1355//2167
f 1176//2183 1329//3 1356//13
f 1284//2168 21//13 1328//2183
f 21//13 1355//2167 1328//2183
f 1151//2241 1280//2178 1281//2298
f 1151//2241 1281//2298 1152//2242
f 1223//13 1318//2167 1200//3
f 1342//2176 1302//2169 1289//2315
f 1302//2169 1197//2266 1290//13
f 1195//2328 1194//663 1342//2176
f 1168//2171 1208//2274 1207//13
f 1168//2171 1207//13 1357//3
f 1207//13 1358//3 1357//3
f 1191//2169 1195//2328 1319//2328
f 1342//2176 1319//2328 1195//2328
f 1299//3 1289//2315 1211//2275
f 1319//2328 1342//2176 1299//3
f 1290//13 1224//2279 1168//2171
f 1224//2279 1290//13 1197//2266
f 1315//13 1202//2247 1359//3
f 1202//2247 1360//3 1359//3
f 1289//2315 1299//3 1342//2176
f 1241//3 1218//13 1240//663
f 1278//2177 1220//13 1117//2177
f 1189//2183 1278//2177 1117//2177
f 1225//663 1189//2183 1117//2177
f 1235//2274 1225//663 1117//2177
f 188//13 1235//2274 1117//2177
f 189//2167 188//13 1117//2177
f 1197//2266 1196//13 1224//2279
f 1168//2171 1357//3 1170//2177
f 1191//2169 1354//3 1192//2167
f 1134//2190 1186//2184 1184//2170
f 642//2349 643//905 637//907
f 431//2350 617//2350 618//2350
f 1250//13 1114//2 1247//2171
f 614//2351 616//2352 610//867
f 1115//2176 1177//13 1347//2266
f 616//857 614//2353 429//858
f 1252//2292 1361//917 1228//663
f 1252//2292 1228//663 1227//2281
f 617//2354 431//2354 614//2354
f 1247//2171 1226//663 1279//2309
f 1361//917 1252//2292 1349//2167
f 1270//2169 1361//917 1277//3
f 1347//2266 1180//2252 1227//2281
f 1202//2247 1315//13 1200//3
f 1348//2345 1349//2167 1252//2292
f 1276//2307 1272//2307 1271//2307
f 1252//2292 1179//2251 1348//2345
f 613//870 611//2355 431//871
f 1241//3 1234//2248 1242//663
f 1211//2275 1213//3 1301//2200
f 1216//2277 1201//2183 1199//13
f 1201//2183 1200//3 1318//2167
f 1207//13 1316//3 1358//3
f 1275//2176 1282//2311 1134//2190
f 1282//2311 1152//2242 1281//2298
f 616//2352 431//868 610//867
f 599//19 602//19 600//19
f 1350//13 281//2177 1346//2251
f 1127//2176 1136//2184 1269//2184
f 1346//2356 1345//2356 1055//2356
f 1286//2184 1346//2251 1055//2357
f 1237//2286 1314//2327 1362//2327
f 772//18 773//18 771//361
f 1287//2178 811//13 1061//2184
f 1353//2184 1287//2178 1061//2184
f 1264//2288 1350//13 1265//2303
f 1363//2344 1364//2358 1333//2331
f 1365//663 1363//2344 1333//2331
f 1339//2335 1365//663 1333//2331
f 1339//2335 1333//2331 1185//2255
f 1229//13 1123//13 1254//2184
f 1230//13 1229//13 1254//2184
f 1335//2 1230//13 1254//2184
f 1365//663 1339//2335 1305//13
f 1363//2344 1365//663 1305//13
f 1364//2358 1363//2344 1305//13
f 1280//2178 1151//2241 1135//2191
f 1090//2280 238//13 1307//2167
f 1090//2280 1307//2167 1306//2322
f 1090//2280 1306//2322 1343//2180
f 1309//2324 1343//2180 1306//2322
f 1125//663 1309//2324 1306//2322
f 1338//2334 1125//663 1306//2322
f 1339//2335 1338//2334 1306//2322
f 1312//2276 239//3 249//2
f 1333//2331 1364//2358 1305//13
f 1077//2173 1076//2282 1308//2321
f 1077//2173 1308//2321 1304//2321
f 1076//2282 1080//2359 1366//2277
f 1076//2282 1366//2277 1308//2321
f 1080//2359 1081//2282 1313//2326
f 1080//2359 1313//2326 1366//2277
f 1081//2282 1086//2360 1314//2327
f 1081//2282 1314//2327 1313//2326
f 1086//2360 1088//3 1362//2327
f 1086//2360 1362//2327 1314//2327
f 1088//3 1089//3 1310//2325
f 1088//3 1310//2325 1362//2327
f 1089//3 1090//2280 1343//2180
f 1089//3 1343//2180 1311//2282
f 1089//3 1311//2282 1310//2325
f 614//2361 610//848 429//850
f 1244//2169 1246//2288 1257//2299
f 601//828 598//828 600//828
f 1175//2250 1331//2317 1246//2288
f 1175//2250 1246//2288 1245//2176
f 1257//2299 1331//2317 1255//2297
f 1255//2297 1175//2250 1258//2184
f 1255//2297 1258//2184 1256//2298
f 1134//2190 1280//2178 1135//2191
f 1184//2170 1185//2255 1203//2242
f 1204//2184 1206//2176 1261//2191
f 124//2362 601//2362 600//2362
f 1361//917 1270//2169 1272//13
f 1361//917 1272//13 1228//663
f 1349//2167 1277//3 1361//917
f 611//852 613//852 512//682
f 1332//2 1236//2167 1235//2274
f 1129//2167 1190//2264 1309//2324
f 1164//2245 1163//3 1283//2314
f 1164//2245 1283//2314 1285//13
f 1260//2300 1308//2321 1366//2277
f 1105//2172 1260//2300 1366//2277
f 1353//2184 1061//2184 1062//2277
f 1295//2298 1353//2184 1062//2277
f 1286//2184 1055//2357 812//2318
f 1287//2178 1286//2184 812//2318
f 1237//2286 1362//2327 1310//2325
f 1190//2264 1237//2286 1310//2325
f 1124//2183 1129//2167 1309//2324
f 1125//663 1124//2183 1309//2324
f 1105//2172 1366//2277 1313//2326
f 1106//2173 1105//2172 1313//2326
f 1296//2319 1065//13 1066//2182
f 1340//3 1296//2319 1066//2182
f 1337//2333 1121//2181 1294//2317
f 1336//2332 1337//2333 1294//2317
f 1303//2320 1072//663 1074//13
f 1167//2248 1211//2275 1289//2315
f 1168//2171 1167//2248 1290//13
f 1315//13 1359//3 1317//3
f 1202//2247 1327//2183 1360//3
f 1207//13 1200//3 1315//13
f 1216//2277 1159//13 1171//663
f 1118//2178 1149//13 1116//2169
f 1266//2184 1322//2176 1267//2178
f 1208//2274 1223//13 1200//3
f 1094//663 1103//13 1095//13
f 1072//663 1303//2320 1294//2317
f 1126//2184 1184//2170 1186//2184
f 1266//2184 1268//2176 245//663
f 1341//2184 1266//2184 245//663
f 1209//3 1341//2184 245//663
f 199//2270 1209//3 245//663
f 1117//2177 1116//2169 1256//2298
f 1254//2184 1275//2176 1274//2181
f 1226//663 1247//2171 1113//14
f 1238//3 872//2270 207//3
f 1245//2176 1244//2169 1249//3
f 1268//2176 1150//2239 1261//2191
f 1347//2266 1113//14 1115//2176
f 157//13 1248//3 1181//2247
f 157//13 1181//2247 198//3
f 189//2167 1256//2298 1258//2184
f 1305//13 1334//2176 1333//2331
f 1108//663 1348//2345 1179//2251
f 1227//2281 1226//663 1347//2266
f 1217//2167 1285//13 1284//2168
f 1284//2168 22//13 21//13
f 79//13 1127//2176 1269//2184
f 1205//2176 1204//2184 1262//2184
f 1306//2322 1305//13 1339//2335
f 249//2 1205//2176 1312//2276
f 1099//2169 1243//2287 1104//2171
f 1175//2250 1255//2297 1331//2317
f 239//3 1312//2276 1334//2176
f 1312//2276 1262//2184 1215//2276
f 1274//2181 1273//2176 1118//2178
f 187//917 1258//2184 1175//2250
f 598//2363 601//2363 595//2363
f 248//663 1206//2176 1205//2176
f 245//663 1261//2191 1206//2176
f 1322//2176 1222//2171 1214//2171
f 1340//3 1337//2333 1107//2174
f 642//2364 637//898 638//900
f 1096//2167 828//2171 109//13
f 1344//2344 1180//2252 1177//13
f 1115//2176 1250//13 1243//2287
f 1173//917 1104//2171 1103//13
f 22//13 1109//663 1324//13
f 1310//2325 1309//2324 1190//2264
f 1178//2169 1115//2176 1099//2169
f 1347//2266 1177//13 1180//2252
f 602//2365 599//2365 125//2365
f 1267//2178 1214//2171 1150//2239
f 1055//2366 1345//2366 285//2366
f 968//2367 969//2367 966//2367
f 1274//2181 1118//2178 1117//2177
f 1152//2242 1282//2311 1254//2184
f 600//2368 598//2368 549//2368
f 1177//13 1115//2176 1178//2169
f 1228//663 1276//2277 1279//2309
f 1228//663 1279//2309 1226//663
f 1270//2369 1234//2369 1271//2369
f 1066//2182 1121//2181 1340//3
f 657//917 1183//2253 1216//2277
f 1171//663 657//917 1216//2277
f 657//917 1171//663 656//13
f 825//2370 109//2371 827//2372
f 826//2373 109//2371 825//2370
f 829//2374 109//2374 826//2374
f 167//2375 109//2376 829//2377
f 108//2378 109//2376 167//2375
f 828//2379 827//2379 109//2379
f 22//13 1284//2168 496//663
f 650//926 654//663 492//13
f 651//927 650//926 492//13
f 496//663 498//14 651//927
f 491//13 496//663 651//927
f 491//13 651//927 492//13
f 496//663 491//13 22//13
f 23//14 1326//2330 1158//917
f 513//2380 514//2381 510//2382
f 510//2383 514//2384 509//2385
f 514//2384 544//2386 509//2385
f 509//2385 544//2386 508//2387
f 544//2386 506//2388 508//2387
f 644//2389 649//2390 519//2391
f 519//2392 649//2393 548//2394
f 649//2393 550//2395 548//2394
f 520//2396 545//2394 521//2397
f 520//2396 548//2394 545//2394
f 520//2396 519//2392 548//2394
f 514//2384 518//2398 544//2386
f 544//2386 518//2398 545//2394
f 518//2398 522//2397 545//2394
f 545//2394 522//2397 521//2397
f 544//2386 505//2383 506//2388
f 544//2386 507//2383 505//2383
f 544//2386 1172//2388 507//2383
f 544//2386 1174//2394 1172//2388
f 544//2386 1112//2399 1174//2394
f 544//2386 1111//2399 1112//2399
f 544//2386 1325//2400 1111//2399
f 544//2386 1158//2399 1325//2400
f 544//2386 647//2383 1158//2399
f 544//2386 543//2400 647//2383
f 647//2383 533//2399 648//2399
f 647//2383 538//2397 533//2399
f 647//2383 543//2400 538//2397
f 533//2399 2//2394 648//2399
f 533//2399 3//2394 2//2394
f 533//2399 1330//2399 3//2394
f 533//2399 531//2383 1330//2399
f 531//2383 1329//2394 1330//2399
f 531//2383 1356//2394 1329//2394
f 531//2383 1355//2394 1356//2394
f 531//2383 525//2394 1355//2394
f 525//2394 1328//2401 1355//2394
f 525//2394 1292//2401 1328//2401
f 525//2394 1291//2396 1292//2401
f 525//2394 1327//2396 1291//2396
f 525//2394 1360//2388 1327//2396
f 525//2394 1359//2383 1360//2388
f 525//2394 1317//2383 1359//2383
f 525//2394 524//2383 1317//2383
f 524//2383 1316//2388 1317//2383
f 524//2383 1358//2388 1316//2388
f 524//2383 1357//2388 1358//2388
f 524//2383 1170//2388 1357//2388
f 524//2383 1169//2398 1170//2388
f 524//2383 1293//2402 1169//2398
f 524//2383 1212//2383 1293//2402
f 524//2383 1213//2383 1212//2383
f 524//2383 1301//2398 1213//2383
f 524//2383 1300//2398 1301//2398
f 524//2383 1320//2403 1300//2398
f 524//2383 526//2394 1320//2403
f 536//2404 1192//2383 529//2400
f 529//2400 1192//2383 528//2383
f 1192//2383 1354//2404 528//2383
f 528//2383 1354//2404 526//2394
f 1354//2404 1321//2388 526//2394
f 526//2394 1321//2388 1320//2403
f 686//2399 1192//2383 536//2404
f 686//2399 1193//2396 1192//2383
f 686//2399 1162//2394 1193//2396
f 686//2399 1161//2394 1162//2394
f 686//2399 1166//2405 1161//2394
f 686//2399 1157//2401 1166//2405
f 686//2399 487//2398 1157//2401
f 686//2399 485//2400 487//2398
f 686//2399 486//2396 485//2400
f 686//2399 499//2404 486//2396
f 686//2399 490//2404 499//2404
f 686//2399 489//2406 490//2404
f 686//2399 502//2396 489//2406
f 686//2399 500//2407 502//2396
f 686//2399 687//2394 500//2407
f 693//2408 753//2409 690//2402
f 690//2402 753//2409 689//2407
f 753//2409 501//2400 689//2407
f 689//2407 501//2400 687//2394
f 501//2400 500//2407 687//2394
f 693//2408 756//2410 753//2409
f 644//2411 645//2412 649//2413
usemtl Material.002
f 1367//2414 1368//2414 1369//2414
f 1370//2415 1371//2416 1372//2415
f 1373//2416 1372//2415 1371//2416
f 1372//2415 1368//2417 1370//2415
f 1367//2416 1370//2415 1368//2417
f 1367//2418 1369//2418 1374//2418
f 1369//2419 1368//2419 1375//2419
f 1367//2420 1374//2420 1376//2420
f 1371//2421 1370//2421 1377//2421
f 1376//2421 1377//2421 1370//2421
f 1370//2421 1367//2421 1376//2421
f 1378//2422 1372//2422 1373//2422
f 1372//2422 1378//2422 1375//2422
f 1373//2422 1379//2422 1378//2422
f 1375//2422 1368//2422 1372//2422
f 1369//2423 1375//2423 1380//2423
f 1381//2424 1382//2424 1383//2425
f 1384//2425 1382//2424 1381//2424
f 1385//2426 1386//2425 1387//2425
f 1369//2425 1388//2425 1374//2425
f 1374//2425 1389//2427 1390//2425
f 1391//2425 1392//2425 1393//2425
f 1391//2425 1394//2426 1392//2425
f 1391//2425 1395//2426 1394//2426
f 1391//2425 1396//2426 1395//2426
f 1396//2426 1397//2428 1398//2428
f 1396//2426 1399//2426 1397//2428
f 1393//2425 1400//2428 1391//2425
f 1396//2426 1391//2425 1399//2426
f 1389//2427 1374//2425 1401//2425
f 1386//2425 1391//2425 1400//2428
f 1400//2428 1387//2425 1386//2425
f 1401//2425 1387//2425 1389//2427
f 1402//2429 1403//2425 1404//2430
f 1403//2425 1405//2428 1406//2428
f 1386//2425 1404//2430 1403//2425
f 1403//2425 1402//2429 1405//2428
f 1387//2425 1401//2425 1385//2426
f 1401//2425 1374//2425 1388//2425
f 1388//2425 1369//2425 1380//2428
f 1407//2431 1408//2425 1396//2426
f 1404//2430 1409//2425 1402//2429
f 1393//2425 1410//2425 1411//2426
f 1393//2425 1412//2426 1410//2425
f 1393//2425 1413//2426 1412//2426
f 1393//2425 1392//2425 1413//2426
f 1395//2426 1396//2426 1408//2425
f 1404//2430 1385//2426 1409//2425
f 1386//2425 1385//2426 1404//2430
f 1380//2432 1375//2432 1414//2432
f 1388//2433 1380//2433 1415//2433
f 1415//2434 1380//2434 1414//2434
f 1416//2435 1379//2436 1417//2436
f 1379//2436 1416//2435 1378//2435
f 1414//2435 1378//2435 1416//2435
f 1378//2435 1414//2435 1375//2435
f 1401//2437 1388//2437 1415//2437
f 1417//2438 1418//2439 1416//2439
f 1419//2440 1416//2439 1418//2439
f 1416//2439 1419//2440 1414//2441
f 1414//2441 1419//2440 1415//2442
f 1419//2443 1420//2443 1421//2444
f 1421//2444 1415//2444 1419//2443
f 1415//2445 1421//2445 1401//2445
f 1417//2446 1379//2446 1422//2446
f 1422//2447 1379//2447 1373//2447
f 1417//2448 1422//2448 1418//2448
f 1422//2449 1373//2449 1423//2449
f 1423//2450 1373//2450 1371//2450
f 1424//2451 1425//2452 1426//2452
f 1423//2451 1427//2451 1428//2451
f 1427//2451 1429//2453 1430//2454
f 1431//2451 1432//2451 1433//2453
f 1434//2451 1428//2451 1427//2451
f 1435//2455 1434//2451 1427//2451
f 1436//2451 1433//2453 1437//2452
f 1436//2451 1437//2452 1438//2453
f 1436//2451 1438//2453 1439//2456
f 1436//2451 1439//2456 1440//2451
f 1436//2451 1440//2451 1441//2457
f 1424//2451 1426//2452 1442//2453
f 1427//2451 1430//2454 1435//2455
f 1424//2451 1442//2453 1436//2451
f 1434//2451 1435//2455 1432//2451
f 1432//2451 1431//2451 1434//2451
f 1443//2458 1444//2451 1445//2451
f 1433//2453 1436//2451 1431//2451
f 1446//2451 1424//2451 1447//2451
f 1431//2451 1448//2459 1434//2451
f 1431//2451 1443//2458 1448//2459
f 1443//2458 1445//2451 1449//2460
f 1443//2458 1449//2460 1448//2459
f 1428//2451 1422//2451 1423//2451
f 1436//2451 1441//2457 1450//2455
f 1436//2451 1450//2455 1447//2451
f 1436//2451 1447//2451 1424//2451
f 1422//2461 1428//2461 1418//2461
f 1423//2462 1371//2462 1427//2462
f 1418//2463 1428//2463 1434//2463
f 1420//2464 1419//2464 1418//2464
f 1420//2465 1418//2465 1451//2465
f 1451//2466 1418//2466 1434//2466
f 1421//2467 1420//2467 1452//2467
f 1421//2468 1452//2468 1401//2468
f 1420//2469 1451//2469 1453//2469
f 1420//2470 1453//2470 1452//2470
f 1453//2471 1451//2471 1454//2471
f 1454//2472 1451//2472 1434//2472
f 1452//2473 1453//2473 1455//2473
f 1385//2474 1401//2474 1452//2474
f 1452//2475 1409//2476 1385//2477
f 1452//2475 1402//2478 1409//2476
f 1402//2479 1452//2479 1455//2479
f 1455//2480 1453//2480 1456//2480
f 1457//2481 1456//2481 1454//2481
f 1453//2481 1454//2481 1456//2481
f 1402//2482 1455//2482 1458//2482
f 1402//2483 1458//2483 1405//2483
f 1458//2484 1455//2484 1459//2484
f 1459//2485 1455//2485 1456//2485
f 1405//2486 1458//2486 1460//2486
f 1460//2487 1458//2487 1459//2488
f 1459//2488 1461//2488 1460//2487
f 1456//2489 1457//2489 1462//2489
f 1462//2489 1459//2489 1456//2489
f 1461//2473 1459//2473 1462//2490
f 1462//2490 1463//2490 1461//2473
f 1405//2491 1460//2491 1464//2491
f 1464//2492 1460//2492 1461//2492
f 1405//2493 1464//2493 1406//2493
f 1462//2494 1457//2494 1449//2494
f 1449//2495 1457//2495 1454//2495
f 1403//2496 1406//2496 1465//2496
f 1449//2497 1454//2497 1448//2497
f 1448//2498 1454//2498 1434//2498
f 1462//2499 1449//2499 1445//2499
f 1462//2500 1445//2500 1463//2500
f 1445//2501 1444//2501 1463//2501
f 1444//2502 1443//2502 1466//2502
f 1443//2503 1431//2503 1466//2503
f 1467//2504 1466//2503 1431//2503
f 1463//2501 1444//2501 1468//2501
f 1468//2505 1444//2505 1469//2505
f 1469//2506 1444//2506 1466//2506
f 1470//2507 1461//2507 1463//2507
f 1461//2507 1470//2507 1464//2507
f 1463//2507 1468//2507 1470//2507
f 1471//2508 1470//2508 1468//2508
f 1468//2508 1469//2508 1471//2508
f 1472//2509 1471//2510 1466//2511
f 1469//2511 1466//2511 1471//2510
f 1464//2512 1470//2512 1473//2512
f 1473//2513 1470//2513 1471//2513
f 1464//2514 1473//2514 1406//2514
f 1406//2515 1473//2515 1465//2515
f 1473//2516 1471//2510 1472//2509
f 1473//2516 1472//2509 1465//2517
f 1466//2518 1467//2518 1474//2464
f 1474//2464 1472//2464 1466//2518
f 1465//2519 1472//2519 1475//2519
f 1475//2520 1472//2520 1474//2520
f 1475//2467 1474//2521 1476//2522
f 1403//2523 1465//2524 1386//2523
f 1475//2524 1386//2523 1465//2524
f 1386//2525 1475//2525 1476//2525
f 1474//2526 1467//2526 1477//2526
f 1474//2521 1477//2527 1476//2522
f 1467//2528 1431//2528 1478//2528
f 1467//2529 1478//2529 1477//2529
f 1476//2530 1477//2530 1479//2530
f 1386//2531 1476//2531 1391//2531
f 1391//2532 1476//2532 1399//2532
f 1399//2533 1476//2533 1479//2533
f 1399//2534 1479//2534 1480//2534
f 1481//2535 1479//2535 1477//2535
f 1481//2536 1477//2536 1478//2536
f 1480//2537 1479//2538 1482//2539
f 1481//2540 1483//2540 1484//2540
f 1484//2540 1482//2539 1481//2540
f 1479//2538 1481//2540 1482//2539
f 1399//2541 1480//2541 1397//2541
f 1480//2542 1482//2542 1485//2542
f 1480//2543 1485//2543 1397//2543
f 1481//2544 1478//2544 1483//2544
f 1483//2545 1478//2545 1442//2545
f 1483//2546 1442//2546 1484//2546
f 1442//2547 1478//2547 1436//2547
f 1436//2548 1478//2548 1431//2548
f 1484//2549 1486//2549 1487//2550
f 1482//2550 1487//2550 1485//2550
f 1487//2550 1482//2550 1484//2549
f 1485//2551 1487//2551 1488//2551
f 1485//2552 1488//2552 1397//2552
f 1397//2553 1488//2553 1398//2553
f 1426//2554 1484//2554 1442//2554
f 1484//2555 1426//2555 1486//2555
f 1426//2556 1425//2556 1486//2556
f 1486//2557 1489//2557 1490//2557
f 1490//2557 1487//2557 1486//2557
f 1487//2558 1490//2558 1488//2558
f 1486//2559 1425//2559 1489//2559
f 1491//2560 1425//2561 1424//2562
f 1492//2561 1425//2561 1491//2560
f 1491//2560 1424//2562 1493//2563
f 1493//2563 1424//2562 1446//2564
f 1494//2565 1495//2566 1492//2567
f 1425//2568 1492//2568 1495//2568
f 1425//2569 1495//2569 1489//2569
f 1496//2570 1497//2571 1498//2572
f 1499//2573 1497//2571 1496//2570
f 1500//2574 1497//2571 1499//2573
f 1501//2574 1497//2571 1500//2574
f 1502//2575 1497//2575 1501//2575
f 1503//2576 1497//2577 1502//2578
f 1504//2579 1497//2577 1503//2576
f 1505//2580 1497//2577 1504//2579
f 1506//2581 1497//2581 1505//2581
f 1507//2582 1497//2582 1506//2582
f 1508//2583 1497//2584 1507//2585
f 1495//2586 1509//2587 1510//2588
f 1495//2586 1511//2589 1509//2587
f 1512//2590 1513//2591 1494//2565
f 1495//2586 1514//2589 1511//2589
f 1495//2586 1515//2592 1514//2589
f 1495//2586 1516//2593 1515//2592
f 1495//2586 1517//2594 1516//2593
f 1495//2595 1518//2595 1517//2595
f 1495//2596 1519//2597 1518//2598
f 1495//2596 1520//2599 1519//2597
f 1495//2596 1521//2600 1520//2599
f 1495//2601 1522//2601 1521//2601
f 1495//2602 1513//2602 1522//2602
f 1495//2566 1494//2565 1513//2591
f 1498//2572 1497//2571 1509//2587
f 1510//2588 1509//2587 1497//2571
f 1523//2603 1508//2583 1524//2603
f 1507//2585 1524//2603 1508//2583
f 1510//2512 1489//2604 1495//2604
f 1489//2604 1510//2512 1490//2512
f 1497//2512 1490//2512 1510//2512
f 1490//2513 1497//2513 1488//2513
f 1488//2605 1497//2605 1398//2605
f 1497//2606 1508//2607 1398//2608
f 1398//2608 1508//2607 1396//2609
f 1525//2610 1396//2611 1508//2612
f 1526//2613 1396//2611 1525//2610
f 1525//2610 1508//2612 1527//2614
f 1527//2615 1508//2583 1523//2603
f 1407//2616 1396//2616 1526//2616
f 1376//2617 1374//2617 1528//2618
f 1374//2617 1390//2619 1528//2618
f 1376//2620 1528//2620 1529//2620
f 1376//2621 1529//2621 1530//2621
f 1530//2622 1531//2622 1376//2622
f 1377//2622 1376//2622 1531//2622
f 1371//2623 1377//2623 1532//2623
f 1532//2624 1377//2625 1533//2626
f 1377//2625 1531//2625 1533//2626
f 1371//2627 1532//2627 1427//2627
f 1532//2628 1533//2628 1534//2628
f 1532//2629 1534//2629 1535//2629
f 1427//2630 1532//2631 1429//2632
f 1532//2631 1535//2633 1429//2632
f 1504//2634 1536//2634 1505//2634
f 1537//2635 1505//2635 1536//2635
f 1538//2428 1539//2636 1537//2428
f 1540//2636 1539//2636 1538//2428
f 1541//2430 1524//2425 1507//2425
f 1505//2425 1541//2430 1506//2425
f 1505//2425 1542//2425 1541//2430
f 1505//2425 1539//2636 1542//2425
f 1505//2425 1537//2428 1539//2636
f 1543//2636 1542//2425 1539//2636
f 1506//2425 1541//2430 1507//2425
f 1538//2428 1544//2429 1540//2636
f 1538//2428 1545//2424 1544//2429
f 1537//2428 1546//2425 1538//2428
f 1537//2428 1547//2425 1546//2425
f 1503//2637 1548//2637 1504//2637
f 1536//2638 1504//2638 1548//2638
f 1502//2639 1549//2640 1503//2641
f 1549//2640 1502//2639 1550//2642
f 1501//2643 1550//2642 1502//2639
f 1548//2644 1503//2641 1549//2640
f 1550//2645 1501//2645 1551//2645
f 1500//2646 1551//2647 1501//2648
f 1551//2647 1500//2646 1552//2649
f 1499//2650 1552//2649 1500//2646
f 1499//2651 1496//2652 1553//2653
f 1552//2654 1499//2651 1553//2653
f 1554//2655 1553//2653 1496//2652
f 1509//2656 1555//2657 1556//2656
f 1509//2656 1556//2656 1554//2658
f 1509//2659 1554//2655 1498//2660
f 1496//2652 1498//2660 1554//2655
f 1555//2661 1509//2661 1557//2661
f 1557//2662 1511//2663 1514//2664
f 1511//2663 1557//2662 1509//2665
f 1557//2666 1514//2667 1558//2668
f 1515//2669 1558//2668 1514//2667
f 1515//2670 1516//2670 1559//2670
f 1558//2671 1515//2671 1559//2671
f 1517//2672 1560//2672 1559//2672
f 1517//2673 1559//2673 1516//2673
f 1517//2674 1518//2675 1561//2676
f 1560//2677 1517//2674 1561//2676
f 1519//2678 1562//2679 1561//2676
f 1519//2678 1561//2676 1518//2675
f 1519//2680 1520//2681 1562//2682
f 1563//2683 1562//2682 1520//2681
f 1520//2684 1521//2684 1563//2684
f 1564//2685 1563//2685 1521//2685
f 1513//2451 1512//2452 1565//2451
f 1513//2451 1565//2451 1566//2451
f 1521//2451 1522//2451 1567//2451
f 1521//2451 1567//2451 1568//2686
f 1521//2451 1568//2686 1569//2687
f 1521//2451 1569//2687 1564//2451
f 1570//2453 1568//2686 1567//2451
f 1571//2458 1570//2453 1567//2451
f 1572//2451 1571//2458 1567//2451
f 1573//2451 1572//2451 1567//2451
f 1522//2451 1513//2451 1566//2451
f 1522//2451 1566//2451 1567//2451
f 1574//2451 1564//2451 1569//2687
f 1575//2688 1569//2687 1568//2686
f 1569//2687 1575//2688 1576//2689
f 1564//2451 1574//2451 1577//2690
f 1564//2451 1577//2690 1578//2451
f 1579//2691 1580//2691 1581//2691
f 1581//2692 1580//2693 1408//2694
f 1395//2695 1408//2694 1580//2693
f 1394//2696 1395//2696 1580//2696
f 1580//2697 1579//2697 1582//2697
f 1413//2698 1392//2699 1580//2700
f 1582//2701 1413//2698 1580//2700
f 1394//2702 1580//2702 1392//2702
f 1579//2703 1581//2703 1583//2703
f 1583//2704 1581//2705 1584//2706
f 1527//2707 1523//2708 1542//2709
f 1525//2710 1527//2707 1542//2709
f 1526//2711 1525//2711 1542//2711
f 1407//2712 1526//2712 1542//2712
f 1585//2713 1407//2714 1542//2715
f 1586//2716 1587//2716 1588//2716
f 1541//2717 1542//2717 1523//2717
f 1524//2718 1541//2718 1523//2718
f 1584//2719 1581//2720 1589//2721
f 1408//2722 1407//2722 1585//2722
f 1408//2723 1585//2723 1590//2723
f 1408//2724 1590//2724 1587//2724
f 1408//2725 1587//2726 1586//2727
f 1586//2728 1589//2728 1581//2728
f 1408//2725 1586//2727 1581//2729
f 1579//2730 1583//2731 1591//2732
f 1583//2704 1584//2706 1592//2733
f 1583//2731 1592//2734 1591//2732
f 1592//2735 1584//2735 1593//2735
f 1593//2736 1584//2737 1594//2738
f 1595//2738 1594//2738 1584//2737
f 1596//2739 1595//2738 1584//2737
f 1589//2721 1596//2740 1584//2719
f 1542//2715 1543//2741 1585//2713
f 1592//2742 1593//2742 1597//2742
f 1591//2743 1592//2744 1598//2745
f 1598//2746 1592//2746 1597//2746
f 1597//2747 1593//2747 1599//2747
f 1600//2748 1601//2749 1602//2750
f 1603//2751 1602//2750 1601//2749
f 1604//2752 1605//2753 1606//2754
f 1607//2755 1608//2755 1609//2755
f 1607//2756 1609//2757 1600//2748
f 1594//2758 1605//2758 1604//2758
f 1604//2759 1610//2759 1611//2759
f 1604//2760 1611//2761 1593//2736
f 1594//2738 1604//2760 1593//2736
f 1599//2762 1593//2736 1611//2761
f 1608//2763 1607//2764 1606//2754
f 1608//2763 1606//2754 1605//2753
f 1601//2749 1600//2748 1609//2757
f 1598//2765 1597//2766 1612//2767
f 1597//2768 1599//2768 1613//2768
f 1597//2769 1613//2769 1614//2769
f 1597//2766 1614//2770 1612//2767
f 1615//2771 1616//2771 1617//2771
f 1618//2772 1613//2772 1599//2772
f 1614//2773 1613//2773 1619//2773
f 1619//2774 1613//2774 1618//2774
f 1620//2775 1621//2776 1618//2777
f 1620//2775 1618//2777 1599//2778
f 1622//2779 1623//2779 1624//2779
f 1620//2780 1622//2780 1624//2780
f 1625//2781 1626//2781 1622//2781
f 1627//2782 1625//2782 1622//2782
f 1622//2783 1620//2775 1599//2778
f 1627//2784 1622//2783 1599//2778
f 1611//2785 1627//2784 1599//2778
f 1628//2786 1629//2786 1603//2786
f 1602//2787 1603//2787 1629//2787
f 1630//2788 1631//2788 1632//2788
f 1630//2789 1632//2790 1618//2777
f 1621//2776 1630//2789 1618//2777
f 1632//2791 1633//2791 1618//2791
f 1633//2792 1634//2793 1618//2794
f 1618//2794 1634//2793 1635//2795
f 1619//2796 1618//2794 1635//2795
f 1636//2797 1637//2798 1617//2799
f 1617//2799 1637//2798 1638//2800
f 1617//2801 1638//2801 1639//2801
f 1640//2802 1636//2802 1617//2802
f 1615//2803 1641//2804 1642//2805
f 1615//2806 1642//2806 1643//2806
f 1615//2807 1643//2807 1644//2807
f 1615//2808 1644//2808 1645//2808
f 1615//2809 1645//2809 1646//2809
f 1629//2810 1628//2810 1647//2810
f 1628//2811 1648//2811 1649//2811
f 1647//2812 1628//2812 1649//2812
f 1650//2813 1643//2813 1642//2813
f 1651//2814 1650//2814 1642//2814
f 1615//2803 1617//2815 1639//2815
f 1615//2803 1639//2815 1641//2804
f 1640//2816 1617//2817 1652//2818
f 1653//2819 1640//2816 1652//2818
f 1654//2820 1653//2819 1652//2818
f 1655//2821 1654//2821 1652//2821
f 1656//2822 1655//2822 1652//2822
f 1652//2823 1617//2823 1616//2823
f 1657//2824 1635//2824 1658//2824
f 1659//2825 1635//2826 1657//2825
f 1660//2827 1661//2827 1662//2827
f 1660//2828 1659//2829 1661//2829
f 1619//2830 1659//2830 1660//2830
f 1619//2831 1635//2831 1659//2831
f 1663//2832 1664//2832 1656//2832
f 1656//2833 1665//2834 1663//2835
f 1656//2833 1652//2836 1665//2834
f 1616//2837 1615//2837 1666//2837
f 1616//2838 1666//2838 1652//2838
f 1649//2839 1667//2840 1668//2841
f 1669//2842 1646//2843 1670//2844
f 1669//2842 1670//2844 1671//2845
f 1669//2842 1671//2845 1672//2846
f 1669//2842 1672//2846 1673//2847
f 1674//2848 1675//2848 1676//2848
f 1668//2841 1674//2849 1676//2849
f 1646//2843 1669//2842 1615//2850
f 1677//2851 1676//2852 1675//2853
f 1677//2854 1673//2854 1672//2854
f 1676//2852 1677//2851 1672//2855
f 1667//2840 1649//2839 1648//2856
f 1674//2849 1668//2841 1667//2840
f 1666//2857 1615//2857 1678//2857
f 1678//2858 1615//2858 1669//2858
f 1679//2859 1680//2860 1681//2861
f 1682//2862 1679//2859 1681//2861
f 1682//2862 1681//2861 1683//2863
f 1679//2859 1682//2862 1669//2842
f 1673//2847 1679//2859 1669//2842
f 1678//2864 1669//2864 1684//2864
f 1684//2865 1669//2865 1682//2865
f 1566//2866 1565//2866 1685//2866
f 1567//2866 1566//2866 1685//2866
f 1573//2867 1567//2867 1685//2867
f 1682//2868 1683//2869 1686//2870
f 1682//2868 1686//2870 1685//2871
f 1682//2872 1685//2872 1565//2872
f 1678//2873 1684//2873 1687//2873
f 1666//2874 1678//2874 1688//2874
f 1688//2875 1678//2875 1687//2875
f 1666//2876 1688//2876 1689//2876
f 1666//2877 1689//2877 1652//2877
f 1689//2878 1688//2879 1690//2880
f 1688//2879 1691//2881 1690//2880
f 1652//2882 1689//2883 1692//2884
f 1689//2883 1693//2885 1692//2884
f 1689//2886 1690//2886 1693//2886
f 1688//2887 1694//2887 1691//2887
f 1688//2888 1687//2889 1694//2890
f 1687//2889 1695//2891 1694//2890
f 1652//2892 1692//2892 1696//2892
f 1697//2893 1652//2894 1698//2895
f 1652//2894 1696//2896 1698//2895
f 1652//2897 1697//2897 1665//2897
f 1699//2898 1700//2898 1701//2898
f 1660//2899 1702//2899 1619//2899
f 1700//2900 1619//2901 1702//2902
f 1699//2903 1619//2901 1700//2900
f 1619//2904 1699//2904 1703//2904
f 1619//2905 1703//2906 1614//2907
f 1614//2907 1703//2906 1704//2908
f 1703//2909 1699//2910 1705//2911
f 1699//2910 1706//2912 1705//2911
f 1704//2913 1703//2914 1707//2915
f 1703//2914 1705//2916 1707//2915
f 1699//2917 1708//2917 1706//2917
f 1614//2918 1704//2918 1612//2918
f 1704//2919 1707//2919 1709//2919
f 1704//2920 1709//2920 1710//2920
f 1612//2921 1704//2922 1711//2923
f 1704//2922 1710//2924 1711//2923
f 1699//2925 1712//2925 1708//2925
f 1713//2926 1714//2926 1715//2926
f 1713//2927 1715//2928 1716//2929
f 1717//2930 1718//2930 1719//2930
f 1720//2931 1721//2931 1722//2931
f 1722//2932 1721//2932 1723//2932
f 1724//2933 1723//2933 1721//2933
f 1721//2934 1725//2934 1724//2934
f 1721//2935 1726//2935 1725//2935
f 1721//2936 1727//2936 1726//2936
f 1719//2937 1718//2938 1728//2939
f 1721//2940 1728//2939 1718//2938
f 1728//2939 1721//2940 1720//2941
f 1721//2942 1729//2942 1727//2942
f 1730//2943 1731//2943 1732//2943
f 1730//2944 1713//2927 1731//2945
f 1713//2927 1716//2929 1731//2945
f 1721//2946 1733//2946 1729//2946
f 1734//2947 1735//2948 1736//2949
f 1737//2950 1735//2948 1734//2947
f 1738//2428 1739//2428 1740//2428
f 1741//2951 1739//2951 1738//2951
f 1736//2949 1741//2952 1738//2953
f 1736//2949 1735//2948 1741//2952
f 1735//2954 1730//2955 1741//2956
f 1730//2955 1732//2957 1741//2956
f 1721//2958 1718//2958 1742//2958
f 1721//2959 1743//2960 1733//2961
f 1721//2959 1744//2962 1743//2960
f 1721//2959 1745//2963 1744//2962
f 1745//2964 1746//2964 1747//2964
f 1745//2965 1737//2950 1746//2966
f 1745//2965 1735//2948 1737//2950
f 1747//2967 1744//2967 1745//2967
f 1745//2963 1721//2959 1742//2968
f 1730//2969 1735//2969 1748//2969
f 1748//2970 1735//2970 1745//2970
f 1749//2971 1713//2971 1730//2971
f 1749//2972 1730//2972 1748//2972
f 1745//2973 1742//2974 1750//2975
f 1745//2973 1750//2975 1748//2976
f 1750//2977 1742//2977 1718//2977
f 1748//2978 1750//2978 1751//2978
f 1751//2979 1750//2979 1718//2979
f 1748//2980 1751//2980 1749//2980
f 1751//2981 1718//2981 1752//2981
f 1718//2982 1662//2983 1661//2984
f 1661//2984 1752//2985 1718//2982
f 1749//2986 1751//2986 1753//2986
f 1753//2987 1751//2987 1752//2987
f 1754//2988 1713//2988 1749//2988
f 1713//2989 1754//2989 1714//2989
f 1754//2990 1755//2990 1714//2990
f 1749//2991 1753//2991 1756//2991
f 1749//2992 1756//2992 1754//2992
f 1753//2993 1752//2993 1757//2993
f 1752//2994 1661//2994 1659//2994
f 1659//2995 1757//2995 1752//2995
f 1756//2996 1753//2996 1758//2996
f 1758//2997 1753//2997 1757//2997
f 1754//2998 1759//2999 1755//3000
f 1759//2999 1760//3001 1755//3000
f 1759//3002 1761//3002 1760//3002
f 1754//3003 1756//3003 1762//3003
f 1754//3004 1762//3004 1759//3004
f 1756//3005 1758//3006 1763//3007
f 1756//3005 1763//3007 1762//3008
f 1758//3009 1757//3009 1764//3009
f 1758//3010 1764//3010 1763//3010
f 1657//3011 1764//3011 1659//3011
f 1757//3012 1659//3012 1764//3012
f 1762//3013 1763//3013 1765//3013
f 1762//3014 1765//3014 1759//3014
f 1766//3015 1767//3016 1764//3015
f 1763//3017 1764//3015 1767//3016
f 1763//3018 1767//3018 1765//3018
f 1658//3019 1766//3019 1657//3019
f 1764//3020 1657//3020 1766//3020
f 1635//3021 1766//3021 1658//3021
f 1634//3022 1766//3022 1635//3022
f 1767//3023 1766//3023 1768//3023
f 1768//3024 1632//3024 1631//3024
f 1768//3025 1633//3026 1632//3027
f 1768//3025 1634//3028 1633//3026
f 1768//3029 1766//3029 1634//3029
f 1765//3030 1767//3030 1769//3030
f 1769//3031 1767//3031 1770//3031
f 1770//3032 1767//3032 1768//3032
f 1769//3033 1770//3033 1771//3033
f 1768//3034 1631//3035 1630//3036
f 1630//3036 1772//3037 1768//3034
f 1773//2429 1774//2425 1775//2425
f 1776//2935 1777//2429 1778//2429
f 1775//2425 1779//2430 1773//2429
f 1780//2425 1775//2425 1774//2425
f 1778//2429 1777//2429 1781//2426
f 1777//2429 1776//2935 1782//3038
f 1770//2424 1768//2425 1783//2425
f 1782//3038 1776//2935 1784//2935
f 1783//2425 1784//3039 1770//2424
f 1774//2425 1773//2429 1785//2425
f 1621//3040 1620//3041 1772//3037
f 1624//3042 1772//3037 1620//3041
f 1772//3037 1630//3036 1621//3040
f 1786//2424 1787//2427 1788//3043
f 1789//3044 1790//2935 1787//2427
f 1790//2935 1788//3043 1787//2427
f 1771//3045 1791//3045 1769//3045
f 1792//2425 1761//2426 1759//2428
f 1759//2428 1793//2428 1792//2425
f 1759//2428 1794//2425 1793//2428
f 1793//2428 1794//2425 1795//2425
f 1769//3046 1791//3046 1765//3046
f 1771//3047 1770//3048 1784//3049
f 1783//3050 1768//3050 1796//3050
f 1796//3051 1768//3051 1797//3051
f 1797//3052 1768//3052 1772//3052
f 1783//3053 1796//3053 1798//3053
f 1783//3054 1798//3054 1799//3054
f 1783//3055 1799//3055 1784//3055
f 1798//3056 1796//3056 1800//3056
f 1800//3057 1796//3057 1797//3057
f 1798//3058 1800//3058 1801//3058
f 1802//2425 1803//2424 1804//2424
f 1801//2425 1799//2425 1798//2425
f 1803//2424 1802//2425 1805//2424
f 1801//3059 1800//3059 1806//3059
f 1807//3060 1808//3060 1809//3060
f 1810//3060 1809//3060 1808//3060
f 1811//3061 1799//3062 1812//3061
f 1809//3060 1811//3061 1807//3060
f 1812//3061 1807//3060 1811//3061
f 1801//3062 1812//3061 1799//3062
f 1812//3063 1801//3063 1806//3063
f 1806//3064 1800//3065 1813//3066
f 1813//3066 1800//3065 1797//3067
f 1814//3068 1815//3068 1806//3068
f 1813//3069 1814//3069 1806//3069
f 1816//3070 1817//3071 1812//3072
f 1818//3073 1816//3070 1812//3072
f 1819//3074 1818//3073 1812//3072
f 1815//3075 1819//3075 1812//3075
f 1815//3076 1812//3076 1806//3076
f 1813//3077 1797//3077 1820//3077
f 1820//3078 1797//3078 1772//3078
f 1821//3079 1822//3080 1823//3081
f 1824//3082 1821//3079 1823//3081
f 1825//3083 1824//3082 1823//3081
f 1826//3084 1827//3084 1828//3085
f 1826//3086 1828//3086 1829//3086
f 1826//3087 1829//3087 1830//3087
f 1831//3088 1814//3089 1813//3090
f 1830//3091 1831//3088 1813//3090
f 1826//3092 1830//3091 1813//3090
f 1832//3093 1823//3081 1822//3080
f 1832//3093 1822//3080 1833//3094
f 1834//3085 1825//3083 1835//3084
f 1836//3084 1834//3085 1835//3084
f 1837//3095 1838//3096 1823//3097
f 1839//3098 1837//3095 1823//3097
f 1827//3084 1826//3084 1836//3084
f 1823//3099 1838//3099 1840//3099
f 1823//3100 1840//3100 1841//3100
f 1842//3085 1835//3084 1825//3083
f 1841//3101 1842//3085 1825//3083
f 1823//3081 1841//3101 1825//3083
f 1834//3085 1836//3084 1826//3084
f 1843//3102 1844//3103 1845//3104
f 1846//3105 1845//3104 1844//3103
f 1813//3090 1846//3105 1844//3103
f 1813//3090 1844//3103 1847//3106
f 1813//3090 1847//3106 1848//3107
f 1813//3090 1848//3107 1826//3092
f 1846//3105 1813//3090 1820//3108
f 1849//3109 1850//3110 1812//3111
f 1851//3112 1849//3109 1812//3111
f 1817//3113 1851//3113 1812//3113
f 1850//3114 1852//3114 1853//3114
f 1812//3111 1850//3110 1853//3115
f 1812//3111 1853//3115 1854//3116
f 1855//3117 1854//3116 1853//3115
f 1808//3118 1807//3119 1854//3120
f 1807//3119 1812//3121 1854//3120
f 1856//3122 1857//3122 1808//3122
f 1858//3123 1856//3123 1808//3123
f 1859//3124 1858//3124 1808//3124
f 1860//3125 1859//3125 1808//3125
f 1861//3126 1860//3126 1808//3126
f 1862//3127 1861//3127 1808//3127
f 1863//3128 1862//3128 1808//3128
f 1855//3129 1863//3129 1808//3129
f 1854//3130 1855//3130 1808//3130
f 1864//3131 1865//3132 1811//3133
f 1809//3134 1810//3135 1866//3136
f 1866//3136 1867//3134 1809//3134
f 1867//3134 1864//3131 1809//3134
f 1811//3133 1809//3134 1864//3131
f 1799//3137 1811//3133 1865//3132
f 1799//3138 1865//3138 1784//3138
f 1784//3139 1865//3139 1782//3139
f 1784//3049 1776//3140 1771//3047
f 1782//3141 1865//3141 1777//3141
f 1868//3142 1869//3143 1866//3144
f 1867//3144 1866//3144 1869//3143
f 1869//3143 1870//3144 1867//3144
f 1864//3144 1867//3144 1871//3144
f 1870//3144 1871//3144 1867//3144
f 1865//3143 1864//3144 1871//3144
f 1865//3145 1871//3145 1777//3145
f 1776//3146 1778//3146 1771//3146
f 1777//3147 1871//3147 1781//3147
f 1771//3148 1778//3148 1872//3148
f 1778//3149 1781//3149 1873//3149
f 1778//3150 1873//3150 1874//3150
f 1778//3151 1874//3151 1872//3151
f 1873//3152 1781//3152 1875//3152
f 1875//3153 1781//3153 1871//3153
f 1874//3154 1873//3154 1876//3154
f 1876//3155 1873//3155 1875//3155
f 1874//3156 1876//3156 1877//3156
f 1877//3157 1876//3158 1878//3159
f 1878//3160 1876//3160 1875//3160
f 1874//3161 1877//3161 1879//3161
f 1877//3157 1878//3159 1880//3162
f 1881//2425 1882//2425 1883//2425
f 1884//2425 1885//2636 1882//2425
f 1882//2425 1881//2425 1884//2425
f 1883//2425 1879//2429 1881//2425
f 1881//2425 1879//2429 1880//2429
f 1877//2425 1880//2429 1879//2429
f 1886//2636 1882//2425 1885//2636
f 1874//3163 1879//3163 1887//3163
f 1874//3164 1887//3164 1872//3164
f 1880//3165 1878//3165 1888//3165
f 1878//3166 1875//3166 1889//3166
f 1878//3167 1889//3167 1888//3167
f 1889//3168 1875//3169 1890//3170
f 1887//3171 1879//3171 1883//3171
f 1880//3172 1888//3172 1891//3172
f 1880//3173 1891//3173 1881//3173
f 1892//3174 1893//3175 1894//3176
f 1893//3175 1888//3177 1895//3178
f 1895//3178 1894//3176 1893//3175
f 1895//3178 1888//3177 1889//3168
f 1895//3178 1889//3168 1890//3170
f 1891//3179 1888//3179 1896//3179
f 1881//3180 1891//3180 1897//3180
f 1898//3181 1897//3181 1896//3181
f 1891//3182 1896//3182 1897//3182
f 1888//3183 1893//3183 1896//3183
f 1899//3183 1900//3183 1892//3183
f 1893//3183 1892//3183 1900//3183
f 1900//3183 1896//3183 1893//3183
f 1901//3184 1902//3185 1903//3185
f 1904//3186 1903//3185 1902//3185
f 1890//3170 1904//3186 1905//3187
f 1890//3170 1903//3185 1904//3186
f 1895//3178 1906//3188 1907//3189
f 1895//3178 1908//3190 1906//3188
f 1895//3178 1905//3187 1908//3190
f 1895//3178 1890//3170 1905//3187
f 1881//3191 1897//3191 1884//3191
f 1903//3185 1909//3192 1901//3184
f 1903//3185 1910//3185 1909//3192
f 1907//3189 1911//3189 1895//3178
f 1894//3176 1911//3189 1912//3189
f 1894//3176 1895//3178 1911//3189
f 1913//3193 1899//3194 1914//3195
f 1899//3194 1913//3193 1900//3196
f 1900//3196 1913//3193 1915//3197
f 1900//3196 1915//3197 1896//3198
f 1896//3199 1915//3199 1898//3199
f 1897//3200 1898//3200 1916//3200
f 1897//3201 1916//3201 1884//3201
f 1898//3202 1915//3202 1917//3202
f 1898//3203 1917//3203 1916//3203
f 1916//3204 1917//3204 1918//3204
f 1916//3205 1918//3205 1884//3205
f 1919//3206 1914//3207 1920//3208
f 1921//3209 1914//3207 1919//3206
f 1917//3210 1915//3211 1922//3212
f 1922//3212 1915//3211 1913//3213
f 1922//3212 1913//3213 1921//3209
f 1921//3209 1913//3213 1914//3207
f 1821//3214 1919//3215 1822//3216
f 1848//3217 1921//3218 1826//3219
f 1919//3215 1824//3220 1921//3218
f 1921//3218 1848//3217 1922//3217
f 1834//3214 1826//3219 1921//3218
f 1922//3221 1848//3222 1847//3223
f 1922//3221 1844//3224 1917//3225
f 1922//3221 1847//3223 1844//3224
f 1920//3226 1822//3216 1919//3215
f 1825//3218 1921//3218 1824//3220
f 1834//3214 1921//3218 1825//3218
f 1824//3220 1919//3215 1821//3214
f 1844//3227 1843//3227 1917//3227
f 1843//3228 1845//3229 1917//3230
f 1918//3231 1917//3230 1845//3229
f 1918//3232 1846//3232 1923//3232
f 1918//3233 1845//3233 1846//3233
f 1885//3234 1884//3235 1924//3236
f 1925//3237 1918//3237 1923//3237
f 1924//3238 1918//3238 1925//3238
f 1924//3236 1884//3235 1918//3239
f 1882//3240 1886//3241 1926//3242
f 1926//3242 1927//3243 1882//3240
f 1927//3244 1926//3244 1928//3244
f 1929//3245 1927//3245 1928//3245
f 1930//3246 1883//3246 1931//3247
f 1882//3247 1931//3247 1883//3246
f 1931//3248 1882//3248 1927//3248
f 1932//3249 1927//3250 1929//3251
f 1932//3249 1929//3251 1933//3252
f 1927//3253 1932//3253 1931//3253
f 1934//3254 1932//3254 1933//3254
f 1930//3255 1931//3255 1932//3255
f 1883//3256 1930//3256 1935//3256
f 1883//3257 1935//3257 1887//3257
f 1930//3258 1932//3258 1936//3258
f 1930//3259 1936//3259 1935//3259
f 1934//3260 1937//3260 1932//3260
f 1937//3261 1934//3261 1938//3261
f 1932//3262 1937//3262 1939//3262
f 1932//3263 1939//3263 1936//3263
f 1940//3264 1941//3265 1937//3266
f 1938//3267 1940//3264 1937//3266
f 1942//3268 1943//3268 1944//3268
f 1945//3268 1944//3268 1943//3268
f 1944//3268 1939//3268 1942//3268
f 1937//3268 1942//3268 1939//3268
f 1942//3269 1937//3270 1941//3271
f 1942//3269 1941//3271 1946//3272
f 1946//3272 1947//3273 1942//3269
f 1943//3273 1942//3269 1947//3273
f 1948//3274 1936//3274 1944//3274
f 1949//3274 1948//3274 1945//3274
f 1944//3274 1945//3274 1948//3274
f 1939//3274 1944//3274 1936//3274
f 1943//3275 1947//3276 1950//3277
f 1943//3275 1950//3277 1951//3278
f 1952//3279 1943//3279 1953//3279
f 1951//3280 1953//3280 1943//3280
f 1945//3281 1943//3281 1952//3281
f 1949//3282 1945//3282 1952//3282
f 1954//3283 1949//3283 1955//3283
f 1936//2535 1956//2535 1957//2535
f 1956//2535 1936//2535 1948//2535
f 1936//3284 1957//3284 1935//3284
f 1956//3285 1948//3285 1958//3285
f 1958//2544 1948//2544 1949//2544
f 1957//3286 1956//3286 1959//3286
f 1959//3287 1956//3287 1958//3287
f 1935//3288 1957//3288 1960//3288
f 1935//3289 1960//3289 1887//3289
f 1957//3290 1959//3290 1961//3290
f 1957//3291 1961//3291 1960//3291
f 1962//3292 1963//2935 1964//3039
f 1964//3039 1965//3293 1962//3292
f 1966//2425 1967//2425 1968//3294
f 1960//2425 1969//2425 1887//2425
f 1966//2425 1968//3294 1970//2426
f 1968//3294 1971//2429 1970//2426
f 1971//2429 1968//3294 1972//2425
f 1966//2425 1605//2425 1594//3295
f 1594//3295 1595//3296 1966//2425
f 1967//2425 1966//2425 1595//3296
f 1969//3297 1960//3297 1961//3297
f 1887//3298 1969//3298 1872//3298
f 1961//3299 1959//3299 1973//3299
f 1961//3300 1973//3300 1969//3300
f 1974//3287 1959//3287 1958//3287
f 1959//3301 1974//3301 1973//3301
f 1974//3302 1958//3303 1954//3304
f 1954//3305 1958//3305 1949//3305
f 1973//3306 1974//3306 1975//3306
f 1969//3307 1973//3307 1976//3307
f 1969//3308 1976//3308 1872//3308
f 1976//3309 1973//3309 1975//3309
f 1975//3310 1974//3310 1977//3310
f 1977//3311 1974//3302 1954//3304
f 1976//3312 1975//3312 1978//3312
f 1872//3313 1976//3313 1979//3313
f 1979//3314 1976//3314 1978//3314
f 1872//3315 1979//3315 1980//3315
f 1872//3316 1980//3316 1771//3316
f 1771//3317 1980//3317 1791//3317
f 1975//3318 1977//3318 1981//3318
f 1975//3319 1981//3319 1978//3319
f 1980//3320 1979//3320 1982//3320
f 1791//3321 1980//3321 1983//3321
f 1983//3322 1984//3322 1985//3322
f 1986//3323 1987//3324 1988//3325
f 1986//3326 1988//3326 1989//3326
f 1986//3327 1989//3327 1990//3327
f 1986//3328 1990//3328 1991//3328
f 1986//3329 1991//3330 1992//3331
f 1986//3329 1992//3331 1982//3331
f 1984//3332 1980//3332 1993//3332
f 1994//3333 1988//3325 1987//3324
f 1980//3334 1984//3334 1983//3334
f 1982//3335 1995//3336 1996//3337
f 1996//3338 1993//3338 1980//3338
f 1982//3335 1996//3337 1980//3329
f 1791//3339 1983//3339 1997//3339
f 1791//3340 1997//3340 1765//3340
f 1978//3341 1998//3341 1999//3341
f 1978//3342 1999//3342 2000//3342
f 1978//3343 2000//3343 1979//3343
f 2001//3344 1979//3345 2002//3346
f 2003//3347 2001//3347 2004//3347
f 2003//3348 1979//3348 2001//3348
f 2005//3349 1979//3350 2003//3351
f 2006//3352 1979//3350 2005//3349
f 1982//3353 1979//3350 2006//3352
f 1979//3354 2000//3354 2007//3354
f 2007//3355 2002//3346 1979//3345
f 1998//3356 1978//3356 2008//3356
f 2008//3357 1978//3357 1981//3357
f 1765//2425 1997//2425 2009//2425
f 1773//3358 1779//3358 2010//3358
f 1785//3359 1773//3359 2010//3359
f 1983//3360 1785//3360 2010//3360
f 1983//3361 2010//3362 2011//3363
f 1983//3361 2011//3363 1997//3364
f 1997//3365 2011//3365 2012//3365
f 2009//3366 1997//3366 2012//3366
f 1785//3367 1983//3367 2013//3367
f 1983//3368 1985//3368 2013//3368
f 1982//3369 2014//3369 1995//3369
f 2009//3370 2012//3371 2015//3372
f 2015//3372 2016//3373 2009//3370
f 1765//3374 2009//3375 1794//3376
f 2017//3377 2009//3377 2016//3377
f 2018//3378 2009//3378 2017//3378
f 1794//3379 2009//3379 2018//3379
f 1765//3374 1794//3376 1759//3380
f 2019//3381 2020//3381 2021//3381
f 2022//3382 2019//3383 2021//3384
f 2023//3385 2022//3382 2021//3384
f 2024//3386 2023//3385 2021//3384
f 2025//3387 2024//3386 2021//3384
f 2026//3388 2025//3388 2021//3388
f 2027//3389 2026//3389 2021//3389
f 2028//3390 2027//3390 2021//3390
f 2029//3391 2028//3392 2021//3393
f 2029//3391 2021//3393 2030//3394
f 2031//3395 2032//3396 2033//3397
f 2031//3395 2034//3398 2035//3399
f 2032//3396 2031//3395 2035//3399
f 2036//3400 2035//3399 2034//3398
f 2035//3401 2037//3401 2038//3401
f 2035//3402 2038//3402 2039//3402
f 2035//3399 2039//3403 2032//3396
f 2040//3404 2041//3404 2042//3404
f 2040//3405 2042//3405 2043//3405
f 2044//3406 2040//3406 2043//3406
f 2044//3407 2043//3408 2045//3409
f 2044//3407 2045//3409 2046//3410
f 2044//3411 2046//3411 2047//3411
f 2048//3412 2049//3413 2050//3414
f 2047//3415 2050//3414 2049//3413
f 2044//3416 2047//3417 2049//3418
f 2051//3419 2044//3416 2049//3418
f 2052//3420 2033//3397 2032//3396
f 2053//3421 2054//3422 2033//3397
f 2054//3422 2053//3421 2055//3423
f 2054//3422 2055//3423 2056//3424
f 2033//3397 2052//3420 2057//3425
f 2033//3397 2057//3425 2053//3421
f 1794//3426 2018//3426 2028//3426
f 2028//3427 2029//3427 1794//3427
f 1794//3428 2058//3429 1795//3430
f 1794//3431 2029//3431 2059//3431
f 1794//3428 2059//3432 2058//3429
f 2059//3432 2060//3433 2058//3429
f 2061//3434 2052//3434 2062//3435
f 2063//3436 2064//3436 2065//3436
f 2059//3437 2066//3437 2067//3437
f 2068//3438 2029//3438 2069//3438
f 2070//3439 2029//3439 2068//3439
f 2066//3440 2029//3440 2070//3440
f 2059//3441 2029//3441 2066//3441
f 2030//3442 2069//3442 2029//3442
f 2032//3443 2062//3435 2052//3434
f 2062//3435 2032//3443 2071//3444
f 2072//3445 2032//3443 2073//3446
f 2071//3444 2032//3443 2072//3445
f 2049//3447 2074//3447 2051//3447
f 2049//3448 2075//3448 2074//3448
f 2049//3449 2076//3449 2075//3449
f 2049//3450 2077//3450 2076//3450
f 2049//3451 2078//3451 2077//3451
f 2049//3452 2064//3452 2078//3452
f 2049//3453 2065//3453 2064//3453
f 2079//3454 2076//3454 2077//3454
f 2070//3455 2068//3456 2080//3457
f 2073//3446 2032//3443 2081//3444
f 2039//3444 2081//3444 2032//3443
f 2082//2615 2080//3457 2068//3456
f 2083//3458 2065//3459 2084//3460
f 2085//3461 2086//3462 2087//3463
f 2088//3464 2086//3462 2085//3461
f 2089//3465 2090//3465 2091//3465
f 2089//3466 2088//3467 2090//3467
f 2060//3468 2089//3468 2092//3468
f 2060//3469 2088//3469 2089//3469
f 2060//3470 2086//3471 2088//3472
f 2065//3473 2093//3473 2063//3473
f 2065//3474 2094//3474 2093//3474
f 2065//3459 2095//3475 2094//3476
f 2095//3477 2096//3477 2097//3477
f 2098//3478 2083//3458 2099//3479
f 2096//3480 2083//3458 2098//3478
f 2095//3475 2083//3458 2096//3480
f 2065//3459 2083//3458 2095//3475
f 2099//3479 2100//3481 2101//3463
f 2099//3479 2102//3482 2100//3481
f 2101//3463 2100//3481 2103//3483
f 2067//3484 2104//3484 2059//3484
f 2105//3485 2059//3485 2104//3485
f 2106//3486 2059//3486 2105//3486
f 2107//3487 2059//3487 2106//3487
f 2108//3488 2107//3488 2109//3488
f 2060//3470 2107//3489 2108//3490
f 2060//3470 2059//3491 2107//3489
f 2065//3492 2110//3492 2084//3492
f 2065//3493 2111//3493 2110//3493
f 2065//3494 2112//3494 2111//3494
f 2065//3495 2113//3495 2112//3495
f 2065//3496 2114//3496 2113//3496
f 2115//3483 2103//3483 2100//3481
f 2116//3497 2115//3483 2100//3481
f 2087//3463 2115//3483 2116//3497
f 2115//3483 2087//3463 2086//3462
f 2086//3471 2060//3470 2108//3490
f 2117//3498 2113//3498 2114//3498
f 2118//3499 2100//3499 2102//3499
f 2119//3482 2099//3479 2083//3458
f 2102//3482 2099//3479 2119//3482
f 2065//3500 2049//3500 2120//3500
f 2065//3501 2120//3502 2121//3503
f 2120//3504 2122//3504 2121//3504
f 2065//3501 2121//3503 2114//3505
f 2120//3506 2049//3506 2123//3506
f 2124//3507 2123//3508 2125//3509
f 2126//3510 2125//3509 2123//3508
f 2048//3511 2126//3511 2123//3511
f 2049//3512 2048//3512 2123//3512
f 2120//3513 2127//3514 2122//3515
f 2127//3514 2128//3516 2122//3515
f 2127//3514 2120//3513 2123//3517
f 2127//3514 2129//3518 2128//3516
f 2130//3519 2131//3519 2124//3519
f 2132//3520 2130//3520 2124//3520
f 2133//3521 2132//3521 2124//3521
f 2134//3522 2133//3522 2124//3522
f 2125//3523 2134//3523 2124//3523
f 2135//3524 2124//3524 2131//3524
f 2136//2453 2137//2453 2138//2453
f 2124//2451 2135//2451 2139//2451
f 2123//2451 2124//2451 2139//2451
f 2123//3525 2139//3525 2127//3525
f 2135//3526 2131//3527 2140//3528
f 2135//3526 2140//3528 2141//3529
f 2135//3526 2141//3529 1987//3530
f 2142//3531 1987//3531 2141//3531
f 1987//3532 2142//3533 2143//3534
f 1987//3532 2143//3534 2144//3535
f 2144//3536 1994//3536 1987//3536
f 2014//3537 1982//3537 1992//3537
f 2135//3538 1987//3538 2145//3538
f 2135//3539 2145//3539 2139//3539
f 1987//3540 1986//3540 2145//3540
f 2146//3541 1986//3542 2006//3543
f 2147//3544 1986//3542 2146//3541
f 1982//3543 2006//3543 1986//3542
f 2145//3545 1986//3545 2148//3545
f 2148//3546 1986//3546 2149//3546
f 2150//3547 2149//3548 2151//3549
f 2152//3550 2151//3549 2149//3548
f 2149//3551 2153//3551 2152//3551
f 2154//3552 2155//3552 2156//3552
f 2153//3553 2155//3553 2154//3553
f 2149//3554 2155//3554 2153//3554
f 2149//3555 2147//3556 2155//3557
f 2149//3555 1986//3558 2147//3556
f 2157//2451 2158//2687 2159//3559
f 2160//2687 2159//3559 2158//2687
f 2158//2687 2161//2687 2160//2687
f 2148//2686 2162//2686 2145//2686
f 2145//3560 2162//3560 2139//3560
f 2150//3561 2008//3561 2149//3561
f 2008//3562 2150//3562 1998//3562
f 2149//3563 2008//3563 2163//3563
f 2149//3564 2163//3564 2148//3564
f 2163//3565 2008//3565 1981//3565
f 2139//3566 2162//3566 2164//3566
f 2163//3567 1981//3567 2165//3567
f 2166//3568 2162//3568 2148//3568
f 2165//3569 1981//3569 2167//3569
f 2163//3570 2165//3570 2168//3570
f 2168//3571 2165//3571 2167//3571
f 2167//3572 1981//3572 2169//3572
f 2169//3573 1981//3573 1977//3573
f 2169//3574 1977//3574 1954//3574
f 2169//3575 1954//3575 1955//3575
f 2167//3576 2169//3576 2170//3576
f 2170//3577 2169//3577 1955//3577
f 2167//3578 2170//3578 2171//3578
f 2167//3579 2171//3579 2168//3579
f 2170//3580 1955//3580 2172//3580
f 2172//3581 1955//3581 1949//3581
f 2173//2451 2174//2451 2175//2451
f 2175//2451 2171//2451 2173//2451
f 2171//2459 2170//2459 2172//2459
f 2176//3582 2177//2451 2173//2451
f 2178//2451 2176//3582 2173//2451
f 2174//2451 2173//2451 2177//2451
f 2172//3583 1949//3583 1952//3583
f 2171//3584 2172//3584 2179//3584
f 2179//3585 2172//3585 1952//3585
f 2171//3586 2179//3586 2173//3586
f 2179//3587 1952//3587 2180//3587
f 2179//3588 2180//3588 2173//3588
f 2181//3589 2182//3590 1952//3591
f 2180//3592 1952//3591 2182//3590
f 1953//3593 2181//3593 1952//3593
f 2182//3590 2183//3594 2180//3592
f 2173//3595 2180//3595 2178//3595
f 2183//3596 2178//3596 2180//3596
f 2171//3597 2175//3597 2168//3597
f 2184//3598 2185//3599 2186//3600
f 2184//3598 2186//3600 2174//3601
f 2177//3602 2184//3598 2174//3601
f 2185//3603 1833//3603 2186//3603
f 2186//3604 1833//3604 1920//3604
f 1822//3605 1920//3605 1833//3605
f 2187//3606 2174//3606 2186//3606
f 2187//3607 2186//3607 1920//3607
f 1920//3608 1914//3608 2188//3608
f 1920//3609 2188//3609 2187//3609
f 2188//3610 1914//3610 1899//3610
f 2189//3611 2174//3611 2187//3611
f 2189//3612 2187//3612 2188//3612
f 1899//3613 2189//3613 2188//3613
f 2189//3614 1899//3614 2190//3614
f 2174//3615 2189//3615 2175//3615
f 2189//3616 2190//3616 2175//3616
f 2190//3617 1899//3617 1892//3617
f 2175//3618 2190//3619 2191//3620
f 2191//3620 2190//3619 1892//3621
f 2175//3622 2191//3622 2192//3622
f 2175//3623 2192//3623 2168//3623
f 2191//3624 1892//3624 2193//3624
f 2191//3625 2193//3625 2192//3625
f 2168//3626 2192//3626 2194//3626
f 2168//3627 2194//3627 2163//3627
f 2192//3628 2193//3628 2195//3628
f 2192//3629 2195//3629 2194//3629
f 2193//3630 1892//3630 2196//3630
f 2196//3631 1892//3631 1894//3631
f 2195//3632 2193//3632 2197//3632
f 2197//3633 2193//3633 2196//3633
f 2196//3634 1894//3634 2198//3634
f 2196//3635 2198//3635 2197//3635
f 2199//3636 2198//3637 1894//3176
f 2200//3638 2198//3637 2199//3636
f 2201//3638 2198//3637 2200//3638
f 2202//3639 2198//3637 2201//3638
f 1910//3185 2198//3637 2202//3639
f 1903//3185 2198//3637 1910//3185
f 1894//3176 2203//3640 2199//3636
f 1894//3176 1912//3189 2203//3640
f 2204//3641 2194//3641 2195//3641
f 2204//3642 2195//3642 2197//3642
f 2205//3643 2163//3643 2194//3643
f 2163//3644 2205//3644 2148//3644
f 2194//3645 2204//3645 2206//3645
f 2194//3646 2206//3646 2205//3646
f 2204//3647 2197//3647 2207//3647
f 2204//3648 2207//3648 2206//3648
f 2148//3649 2205//3650 2208//3651
f 2208//3652 2205//3652 2206//3652
f 2148//3649 2208//3651 2166//3653
f 2209//3654 2197//3655 2198//3637
f 2209//3654 2198//3637 1903//3185
f 2207//3656 2197//3656 2210//3656
f 2210//3657 2197//3657 2209//3657
f 2207//3658 2210//3659 1869//3658
f 1869//3658 1868//3660 2207//3658
f 2209//3661 1903//3661 2211//3661
f 2210//3662 2209//3662 2212//3662
f 2212//3663 2209//3663 2211//3663
f 2210//3664 2212//3664 1869//3664
f 2211//3665 1903//3665 1890//3665
f 2211//3666 1890//3666 2213//3666
f 2213//3667 1890//3170 1875//3169
f 2212//3668 2211//3668 2214//3668
f 2214//3669 2211//3669 2213//3669
f 2213//3670 1875//3670 1871//3670
f 2213//3671 1871//3671 2214//3671
f 1870//3672 1869//3672 2212//3672
f 2212//3672 2214//3672 1870//3672
f 1871//3672 1870//3672 2214//3672
f 2207//3673 1868//3673 2206//3673
f 1868//3674 1866//3674 2215//3674
f 2215//3675 1866//3136 1810//3135
f 2206//3676 1868//3676 2216//3676
f 2216//3677 1868//3677 2215//3677
f 2206//3678 2216//3678 2208//3678
f 2215//3679 1810//3680 2217//3681
f 2215//3679 2217//3681 2216//3682
f 2217//3683 1810//3683 1808//3683
f 2208//3684 2216//3684 2218//3684
f 2218//3685 2216//3685 2217//3685
f 2208//3686 2218//3686 2166//3686
f 2217//3687 1808//3687 2219//3687
f 2218//3688 2217//3688 2220//3688
f 2220//3689 2221//3689 2166//3689
f 2166//3690 2218//3690 2220//3690
f 2220//3691 2217//3691 2219//3691
f 2166//3692 2221//3693 2162//3694
f 2220//3695 2219//3695 2222//3695
f 2222//3696 2219//3696 1808//3696
f 2162//3694 2221//3693 2164//3697
f 2220//3698 2222//3698 2223//3698
f 2220//3699 2223//3699 2221//3699
f 2222//3700 1808//3700 2224//3700
f 2224//3701 1808//3702 2225//3703
f 2226//3704 2225//3703 1808//3702
f 2227//3705 2226//3704 1808//3702
f 2228//3706 2227//3706 1808//3706
f 2229//3707 2228//3707 1808//3707
f 2230//3708 2229//3709 1808//3710
f 1857//3710 2230//3708 1808//3710
f 2223//3711 2222//3711 2231//3711
f 2231//3063 2222//3063 2224//3063
f 2225//3712 1839//3712 2224//3713
f 2224//3713 1823//3713 2231//3712
f 1823//3713 2224//3713 1839//3712
f 2232//3714 2221//3714 2223//3714
f 2221//3693 2232//3715 2164//3697
f 2223//3716 2231//3716 2233//3716
f 2233//3717 2231//3717 1823//3717
f 2223//3718 2233//3718 2232//3718
f 1823//3719 1832//3719 2233//3719
f 2233//3720 1832//3720 2234//3720
f 2233//3721 2234//3721 2232//3721
f 2178//3722 2235//3722 1832//3722
f 2176//3723 2178//3723 1832//3724
f 2177//3725 2176//3725 1832//3725
f 2184//3726 2177//3726 1832//3726
f 2185//3727 2184//3728 1832//3729
f 1833//3730 2185//3727 1832//3729
f 2235//3731 1950//3732 1947//3733
f 2235//3731 1947//3733 2236//3734
f 1946//3735 2236//3734 1947//3733
f 2235//3736 2178//3736 2183//3736
f 2235//3737 2183//3737 2182//3737
f 2235//3738 2182//3739 2181//3740
f 2235//3738 2181//3740 1953//3741
f 2235//3742 1953//3742 1951//3742
f 2235//3731 1951//3743 1950//3732
f 1832//3744 2235//3745 2234//3744
f 1820//3746 1925//3747 1923//3748
f 1820//3746 1923//3748 1846//3749
f 2236//3734 1946//3735 1941//3750
f 2236//3734 1941//3750 1940//3751
f 2236//2550 2237//2550 2238//2550
f 2239//2549 2240//2549 2237//2550
f 2237//2550 2236//2550 2239//2549
f 2238//2550 2235//2550 2236//2550
f 2235//3752 2238//3752 2241//3752
f 2235//3745 2241//3745 2234//3744
f 2236//3734 1940//3751 1938//3753
f 2236//3754 1938//3754 1934//3754
f 1934//3755 1933//3755 1929//3755
f 1934//3756 1929//3756 1928//3756
f 1934//3757 1928//3757 1926//3757
f 1934//3758 1926//3758 1886//3758
f 1886//3759 1885//3759 2239//3759
f 1934//3760 1886//3761 2239//3762
f 2236//3763 1934//3760 2239//3762
f 2239//3764 1885//3764 1924//3764
f 2239//3765 1924//3765 1925//3765
f 1820//3746 2239//3766 1925//3747
f 2239//3767 1820//3767 2242//3767
f 2240//3768 2243//3768 2244//3768
f 2237//3768 2245//3768 2238//3768
f 2244//3768 2237//3768 2240//3768
f 2237//3768 2244//3768 2245//3768
f 2238//3769 2245//3769 2241//3769
f 2240//3770 2239//3770 2242//3770
f 2242//3771 1820//3771 1772//3771
f 2243//3772 2240//3773 2246//3774
f 2246//3774 2240//3773 2242//3775
f 2247//2417 2248//2417 2244//2417
f 2249//2481 2247//2417 2243//2481
f 2244//2417 2243//2481 2247//2417
f 2245//2417 2244//2417 2248//2417
f 2245//3776 2248//3776 2250//3776
f 2245//3777 2250//3777 2241//3777
f 2248//3778 2247//3778 2251//3778
f 2247//3778 2249//3778 2252//3778
f 2252//3778 2251//3778 2247//3778
f 2248//3779 2251//3779 2250//3779
f 2249//3780 2243//3780 2246//3780
f 2251//3781 2252//3781 2253//3781
f 2254//3781 2253//3781 2252//3781
f 2251//3782 2253//3782 2255//3782
f 2251//3783 2255//3783 2250//3783
f 2252//3784 2249//3784 2256//3784
f 2252//3785 2256//3785 2254//3785
f 2256//3786 2249//3786 2257//3786
f 2246//3786 2257//3786 2249//3786
f 2254//3785 2256//3785 2258//3785
f 2258//3787 2256//3787 2257//3787
f 2259//3788 2260//3788 2254//3788
f 2253//3788 2254//3788 2260//3788
f 2253//3789 2260//3789 2255//3789
f 2254//3790 2258//3790 2259//3790
f 2259//3791 2258//3791 2261//3791
f 2261//3792 2258//3792 2257//3792
f 1602//3793 1629//3793 2261//3793
f 1600//3794 1602//3794 2261//3795
f 2259//3796 2261//3797 1629//3798
f 2259//3796 1629//3798 1647//3799
f 1607//3795 1600//3794 2261//3795
f 2259//3796 1647//3799 1649//3800
f 2259//3801 1649//3801 1668//3801
f 2260//3802 2259//3803 1668//3804
f 2260//3802 1668//3804 1676//3805
f 2261//3806 1606//3806 1607//3806
f 2260//3807 1676//3808 1672//3807
f 2260//3807 1672//3807 2262//3809
f 1672//3810 1671//3810 2262//3810
f 2260//3811 2262//3811 2255//3811
f 2261//3812 2263//3812 1606//3812
f 1604//3813 1606//3813 2263//3813
f 2263//3814 2261//3814 2257//3814
f 2263//3815 1610//3815 1604//3815
f 2262//3816 1671//3816 1670//3816
f 2264//3582 2265//3582 2266//3582
f 2267//2455 2268//3817 2269//3818
f 2270//2458 2269//3818 2268//3817
f 2270//2458 2271//2689 2269//3818
f 2272//2456 2273//2451 2267//2455
f 2268//3817 2267//2455 2273//2451
f 2273//2451 2272//2456 2274//2451
f 2275//2459 2276//2451 2262//2451
f 2277//2459 2275//2459 2262//2451
f 2276//2451 2278//2452 2262//2451
f 2278//2452 2279//2690 2262//2451
f 2279//2690 2280//2451 2262//2451
f 2255//2451 2281//2451 2282//2451
f 2255//2451 2262//2451 2280//2451
f 2280//2451 2281//2451 2255//2451
f 2263//3819 2257//3819 2283//3819
f 2255//3820 2282//3820 2250//3820
f 2281//3821 2280//3821 2284//3821
f 2282//3822 2281//3823 2285//3824
f 2285//3824 2281//3823 2284//3825
f 2250//3826 2282//3826 2286//3826
f 2282//3827 2285//3828 2286//3829
f 2287//3830 2286//3829 2285//3828
f 2288//3559 2289//3559 2290//3559
f 1650//2455 2291//2451 2292//2451
f 2241//2451 2293//2451 2294//2456
f 2291//2451 1650//2455 1651//3831
f 2241//2451 2294//2456 2295//2459
f 2250//2458 2286//2458 2296//2451
f 2250//2458 2296//2451 2241//2451
f 2293//2451 2241//2451 2296//2451
f 2292//2451 1643//2686 1650//2455
f 1643//2686 2292//2451 2297//2452
f 2286//3832 2287//3832 2296//3832
f 2298//3833 2284//3833 2280//3833
f 2296//3834 2287//3834 2299//3834
f 2293//3835 2296//3835 2299//3835
f 2293//3836 2299//3836 2300//3836
f 2294//3837 2293//3837 2301//3837
f 2301//3838 2293//3838 2300//3838
f 2302//3839 2299//3840 2287//3840
f 2299//3841 2302//3841 2300//3841
f 2302//3839 2287//3840 2303//3839
f 2303//3842 2287//3842 2285//3842
f 2300//3843 2302//3843 2304//3843
f 2300//3844 2304//3845 2301//3846
f 2302//3847 2303//3848 2305//3849
f 2306//3850 2305//3849 2303//3848
f 2302//3851 2305//3851 2304//3851
f 2303//3852 2285//3852 2307//3852
f 2307//3853 2285//3853 2284//3853
f 2308//3854 2309//3855 2310//3856
f 2310//3856 2311//3857 2308//3854
f 2312//3858 2306//3859 2307//3860
f 2307//3860 2313//3861 2312//3858
f 2309//3855 2308//3854 2314//3855
f 2303//3862 2307//3860 2306//3859
f 2304//3863 2305//3863 2315//3863
f 2305//3864 2306//3864 2316//3864
f 2305//3865 2316//3865 2315//3865
f 2306//3866 2312//3866 2316//3866
f 2307//3867 2284//3867 2313//3867
f 2313//3868 2284//3868 2298//3868
f 2312//3869 2313//3869 2317//3869
f 2312//3870 2317//3871 2316//3871
f 2317//3872 2313//3872 2318//3872
f 2318//3873 2313//3873 2298//3873
f 2319//3874 2320//3874 2321//3874
f 2322//3875 2317//3875 2318//3875
f 2317//3871 2322//3876 2316//3871
f 2318//3877 2298//3878 2323//3879
f 2324//3880 2321//3881 2325//3882
f 2321//3881 2324//3880 2319//3883
f 2318//3884 2323//3885 2322//3886
f 2326//3887 2322//3886 2323//3885
f 2322//3888 2326//3888 2316//3888
f 2323//3879 2298//3878 2327//3889
f 2327//3890 2298//3890 2279//3890
f 2279//3891 2298//3891 2280//3891
f 2327//3892 2279//3893 2278//3894
f 2323//3895 2327//3896 2328//3897
f 2328//3898 2327//3892 2278//3894
f 2329//2604 2325//3899 2330//3900
f 2325//3899 2329//2604 2324//3901
f 2323//3902 2331//3902 2326//3902
f 2332//3902 2326//3902 2331//3902
f 2331//3903 2323//3895 2328//3897
f 2328//3904 2278//3904 2276//3904
f 2331//3905 2328//3905 2333//3905
f 2333//3906 2328//3906 2276//3906
f 2326//3907 2332//3907 2316//3907
f 2331//3908 2333//3908 2334//3908
f 2335//3909 2329//3909 2330//3909
f 2331//3910 2334//3910 2332//3910
f 2333//3911 2276//3911 2275//3911
f 2334//3912 2333//3912 2336//3912
f 2336//3913 2333//3913 2275//3913
f 2332//3914 2334//3914 2337//3914
f 2332//3915 2337//3915 2316//3915
f 2334//3916 2336//3916 2338//3916
f 2334//3917 2338//3917 2337//3917
f 2339//3918 2340//3918 2341//3918
f 2342//3918 2337//3918 2338//3918
f 2337//3919 2342//3919 2316//3919
f 2340//3920 2343//3921 2341//3920
f 2344//3922 2341//3920 2343//3921
f 2338//3923 2345//3924 2346//3925
f 2346//3925 2342//3921 2338//3923
f 2342//3926 2346//3926 2316//3926
f 2338//3927 2336//3927 2345//3927
f 2347//3928 2336//3928 2275//3928
f 2336//3927 2347//3927 2345//3927
f 2275//3929 2277//3929 2347//3929
f 2277//3930 1670//3931 1646//3932
f 2277//3930 1646//3932 1645//3933
f 1670//3931 2277//3930 2262//3934
f 2343//3935 2348//3935 2344//3935
f 2349//3936 2346//3936 2345//3936
f 2346//3937 2349//3937 2316//3937
f 2345//3938 2347//3938 2350//3938
f 2345//3939 2350//3939 2349//3939
f 2277//3940 2351//3941 2352//3942
f 2352//3942 2347//3943 2277//3940
f 2347//3944 2352//3944 2350//3944
f 1645//3933 2351//3945 2277//3930
f 2351//3946 1645//3946 1644//3946
f 2350//3947 2352//3947 2353//3947
f 2353//3948 2352//3948 2351//3948
f 2349//3949 2350//3949 2354//3949
f 2354//3950 2350//3950 2353//3950
f 2353//3951 2351//3951 2297//3951
f 1644//3952 2297//3952 2351//3952
f 2297//3953 1644//3953 1643//3953
f 2354//3954 2353//3954 2355//3954
f 2353//3955 2297//3955 2355//3955
f 2292//3956 2355//3955 2297//3955
f 2349//3957 2354//3957 2356//3957
f 2349//3958 2356//3958 2316//3958
f 2354//3959 2355//3959 2357//3959
f 2357//3960 2358//3960 2356//3960
f 2356//3960 2354//3960 2357//3960
f 2357//3961 2355//3962 2359//3963
f 2359//3964 2355//3965 2292//3966
f 2356//3967 2358//3967 2316//3967
f 2358//3968 2357//3969 2360//3970
f 2360//3971 2357//3961 2359//3963
f 2360//3970 2361//3972 2358//3968
f 2361//3973 2360//3973 2362//3973
f 2358//3974 2361//3974 2316//3974
f 2362//3975 2360//3971 2359//3963
f 2361//3976 2362//3976 2363//3976
f 2361//3977 2363//3977 2316//3977
f 2363//3978 2362//3978 2364//3978
f 2362//3979 2359//3979 2365//3979
f 2362//3980 2365//3980 2364//3980
f 2316//3981 2363//3981 2366//3981
f 2366//3982 2363//3982 2364//3982
f 2366//3983 2364//3983 2367//3983
f 2368//3984 2369//3984 2370//3984
f 2366//3985 2367//3985 2316//3985
f 2371//3986 2372//3987 2373//3986
f 2364//3987 2373//3986 2372//3987
f 2373//3988 2364//3988 2365//3988
f 2367//3989 2364//3989 2372//3989
f 2373//3990 2365//3990 2374//3990
f 2367//3991 2372//3991 2375//3991
f 2374//3992 2365//3992 2376//3992
f 2376//3993 2365//3994 2359//3995
f 2373//3996 2374//3996 2377//3996
f 2376//3993 2359//3995 2291//3995
f 2291//3997 2359//3964 2292//3966
f 2376//3998 2291//3999 2234//4000
f 2376//3998 2234//4000 2374//4001
f 2291//4002 1651//4002 1642//4002
f 2291//4003 1642//4004 2234//4005
f 2374//4006 2234//4007 2377//4008
f 1639//4009 2234//4005 1641//4010
f 1642//4004 1641//4010 2234//4005
f 2234//4005 1639//4009 1638//4011
f 2371//4012 2373//4012 2377//4012
f 2377//4008 2234//4007 2295//4013
f 2377//4014 2295//4014 2371//4014
f 2295//4013 2234//4007 2241//4015
f 1638//4016 2232//4017 2234//4018
f 2232//4017 1638//4016 1637//4019
f 2371//4020 2295//4020 2378//4020
f 2371//4021 2378//4021 2372//4021
f 2378//4022 2295//4022 2294//4022
f 2378//4023 2294//4023 2301//4023
f 2372//4024 2378//4024 2375//4024
f 2375//4025 2378//4025 2301//4025
f 2232//2451 1637//2451 1636//4026
f 2232//2451 1636//4026 1640//3559
f 2232//2451 1640//3559 1653//2451
f 2232//2451 1653//2451 2379//2451
f 2380//2451 2381//2455 2382//2455
f 2383//2451 2382//2455 2384//2451
f 2382//2455 2383//2451 2380//2451
f 2383//2451 2384//2451 2385//2451
f 1654//4027 2379//4027 1653//4027
f 2232//4028 2379//4028 2164//4028
f 2375//4025 2301//4025 2386//4025
f 2386//4029 2301//3846 2304//3845
f 2304//4030 2315//4030 2386//4030
f 2387//4031 2386//4031 2315//4031
f 2375//4032 2386//4032 2388//4032
f 2388//4033 2386//4033 2387//4033
f 2375//4034 2388//4034 2367//4034
f 2387//4035 2315//4035 2316//4035
f 2367//4036 2388//4036 2316//4036
f 2316//4037 2388//4037 2387//4037
f 1654//4038 1655//4038 2379//4038
f 2389//4039 2379//4039 1655//4039
f 2389//4040 1656//4041 1664//4042
f 2389//4040 1655//4043 1656//4041
f 2379//4044 2389//4044 2390//4044
f 2379//4045 2390//4045 2164//4045
f 1663//4046 2391//4047 1664//4048
f 2389//4047 1664//4048 2391//4047
f 2389//4049 2391//4049 2390//4049
f 2164//4050 2390//4050 2392//4050
f 2164//4051 2392//4051 2139//4051
f 2392//4052 2390//4052 2393//4052
f 2393//4053 2390//4053 2391//4053
f 2139//4054 2392//4054 2394//4054
f 2139//4055 2394//4055 2127//4055
f 2392//4056 2393//4056 2395//4056
f 2392//4057 2395//4057 2394//4057
f 2395//4058 2393//4059 2396//4060
f 2396//4061 2393//4061 2397//4061
f 2397//4062 2393//4062 2391//4062
f 2395//4058 2396//4060 2398//4063
f 2398//4064 2396//4064 2397//4064
f 2394//4065 2395//4065 2399//4065
f 2395//4066 2398//4066 2400//4066
f 2395//4067 2400//4067 2399//4067
f 2398//4068 2401//4068 2402//4068
f 2398//4069 2402//4070 2403//4071
f 2401//4072 2398//4072 2404//4072
f 2397//4073 2405//4074 2406//4075
f 2397//4076 2406//4076 2404//4076
f 2397//4077 2404//4077 2398//4077
f 2397//4073 2407//4078 2405//4074
f 2400//4079 2398//4080 2408//4081
f 2398//4069 2403//4071 2409//4082
f 2398//4083 2409//4083 2410//4083
f 2398//4080 2410//4084 2408//4081
f 2410//4085 2411//4085 2412//4085
f 2408//4086 2410//4086 2412//4086
f 2394//4087 2399//4088 2413//4089
f 2399//4088 2414//4090 2413//4089
f 2127//4091 2394//4092 2415//4093
f 2394//4092 2413//4094 2415//4093
f 2399//4095 2400//4096 2416//4097
f 2400//4096 2417//4098 2416//4097
f 2399//4099 2416//4099 2414//4099
f 2400//4096 2408//4100 2417//4098
f 2127//4101 2415//4101 2418//4101
f 2397//4102 2419//4102 2407//4102
f 2420//4103 2421//4103 2397//4103
f 2422//4104 2420//4104 2397//4104
f 2423//4105 2397//4106 2421//4107
f 2397//4106 2423//4105 2424//4108
f 2397//4109 2424//4109 2425//4109
f 2397//4110 2425//4110 2419//4110
f 2391//4111 2422//4112 2397//4113
f 2422//4112 2391//4111 2426//4114
f 2427//4115 2426//4115 2391//4115
f 2428//4116 2427//4116 2391//4116
f 2428//4117 1665//4117 1697//4117
f 2428//4118 1697//4119 2429//4120
f 2391//4121 1663//4122 2428//4123
f 2430//4124 2429//4120 1697//4119
f 1665//4125 2428//4123 1663//4122
f 2431//4126 2430//4124 1697//4119
f 1698//4127 2431//4126 1697//4119
f 2432//3294 2430//3294 2431//2636
f 2432//3294 2429//3039 2430//3294
f 2127//4128 2418//4128 2129//4128
f 1612//4129 1711//4129 2433//4129
f 1612//4130 2433//4130 2434//4130
f 1612//4131 2434//4131 2435//4131
f 1598//4132 1612//4132 2436//4132
f 1612//4133 2435//4133 2436//4133
f 1598//4134 2436//4134 2437//4134
f 1591//2743 1598//2745 2438//4135
f 1598//4136 2437//4136 2438//4136
f 1687//4137 2439//4137 1695//4137
f 1687//4138 2440//4138 2439//4138
f 1687//4139 2441//4140 2440//4141
f 1687//4139 2442//4142 2441//4140
f 2442//4143 2443//4143 2441//4143
f 2442//4144 2444//4144 2443//4144
f 2442//4145 1687//4145 1684//4145
f 2442//4146 1684//4147 2445//4148
f 2445//4149 1684//4149 1682//4149
f 2442//4150 2446//4150 2444//4150
f 2446//4151 2447//4151 2444//4151
f 2446//4152 2442//4146 2445//4148
f 2445//4153 1682//4153 2448//4153
f 1447//4154 2448//4154 1682//4154
f 1446//4155 1447//4155 1682//4155
f 1493//4156 1446//4157 1682//4158
f 1491//4156 1493//4156 1682//4158
f 1492//4159 1491//4159 1682//4159
f 1494//4160 1492//4161 1682//4162
f 1512//4163 1494//4160 1682//4162
f 1565//4164 1512//4163 1682//4162
f 2445//4165 2448//4165 2289//4165
f 2445//4148 2289//4166 2446//4152
f 1450//4167 2449//4168 2448//4169
f 1447//4170 1450//4167 2448//4169
f 2448//4171 2449//4171 2289//4171
f 1441//4172 2449//4172 1450//4172
f 2449//4173 1441//4173 1440//4173
f 2449//4174 1440//4174 2450//4174
f 2289//4175 2449//4175 2451//4175
f 2451//4176 2449//4176 2450//4176
f 1440//4177 1439//4177 2450//4177
f 1412//4178 1413//4178 1582//4178
f 2452//4179 1582//4179 2453//4179
f 2450//4180 2454//4181 2451//4182
f 2450//4180 2455//4183 2454//4181
f 2455//4184 2450//4184 1438//4185
f 1439//4186 1438//4186 2450//4186
f 1438//4185 1437//4187 2455//4184
f 2456//4188 2457//4188 2458//4189
f 2459//2866 2456//2866 2458//2866
f 1410//4190 1412//4190 1582//4190
f 2451//4191 2454//4191 2460//4191
f 2289//4192 2451//4192 2290//4192
f 2451//4193 2461//4193 2290//4193
f 2451//4194 2460//4194 2461//4194
f 2446//4195 2289//4196 2462//4197
f 2289//4196 2288//4198 2462//4197
f 2463//4199 2458//4200 2464//2866
f 2458//4200 2463//4199 2465//4201
f 2458//4200 2465//4201 2466//4202
f 2458//4200 2466//4202 2467//2866
f 2458//4200 2467//2866 2468//2866
f 2458//4189 2468//4203 2469//4203
f 2458//4204 2469//4205 2470//4204
f 2458//4204 2470//4204 2471//2866
f 2458//4204 2471//2866 2472//4205
f 2458//4188 2472//4206 1411//4188
f 1411//4207 1410//4207 2452//4207
f 2458//4208 1411//4208 2452//4208
f 1582//4209 2452//4209 1410//4209
f 1582//4210 2473//4210 2453//4210
f 1582//4211 1579//4211 2473//4211
f 1579//4212 2474//4212 2473//4212
f 2242//2428 2475//2427 2476//2428
f 2477//2428 2478//4213 2242//2428
f 2242//2428 2476//2428 2477//2428
f 2479//2428 2474//2428 1579//2428
f 1579//4214 1591//4214 2479//4214
f 1591//4215 2480//4215 2479//4215
f 1591//4216 2438//4216 2481//4216
f 1591//4217 2481//4217 2482//4217
f 1591//2425 2482//3039 2483//3294
f 1591//2425 2483//3294 2484//2429
f 1591//2425 2484//2429 2485//2425
f 1591//4218 2485//4218 2480//4218
f 2486//2543 2487//2543 2488//2543
f 2487//4219 2489//4219 2488//4219
f 2490//4219 2488//4219 2489//4219
f 2487//4220 2486//4220 2491//4220
f 2486//4221 2488//4222 1972//4223
f 2489//4224 2487//4224 2492//4224
f 2492//4225 2487//4225 2491//4225
f 2488//4226 2490//4227 1971//4228
f 2488//4226 1971//4228 1972//4229
f 2490//4230 2489//4230 2493//4230
f 1971//4231 2490//4232 2494//4233
f 2494//4233 2490//4232 2493//4234
f 2493//4235 2489//4235 2495//4235
f 2495//4236 2489//4237 2492//4238
f 2493//4239 2495//4239 2496//4239
f 2493//4240 2496//4240 2494//4240
f 2496//4241 2495//4241 2497//4241
f 1970//4242 1971//4243 2494//4244
f 2497//4245 2495//4236 2498//4245
f 2498//4245 2495//4236 2492//4238
f 2496//2464 2497//2464 2499//2464
f 2498//4246 2492//4246 2500//4246
f 2500//2544 2492//2544 2491//2544
f 2497//4247 2498//4248 2501//4249
f 2497//4250 2501//4250 2499//4250
f 2498//4251 2500//4251 2502//4251
f 2498//4248 2502//4252 2501//4249
f 2500//4253 2491//4254 2503//4255
f 1578//4256 2503//4255 1564//4257
f 2491//4258 1555//4259 1557//4260
f 2491//4258 1557//4260 1558//4261
f 2491//4258 1558//4261 1559//4262
f 2491//4263 1559//4263 1560//4263
f 2491//4264 1560//4264 1561//4264
f 2491//4265 1561//4265 1562//4265
f 1562//4266 1563//4266 1564//4266
f 1562//4267 1564//4257 2503//4255
f 2491//4254 1562//4267 2503//4255
f 1556//4268 1555//4259 2491//4258
f 2500//4269 2503//4270 2502//4271
f 2504//4272 2496//4272 2499//4272
f 2496//4273 2504//4273 2494//4273
f 2501//4274 2502//4275 2505//4276
f 2505//4277 2502//4271 2503//4270
f 2499//4278 2506//4279 2507//4280
f 2506//4279 2499//4278 2501//4281
f 2506//4282 2501//4274 2505//4276
f 2504//4283 2499//4283 2507//4283
f 2494//4284 2504//4284 2508//4284
f 2494//4244 2508//4244 1970//4242
f 2504//4285 2507//4286 2509//4285
f 2504//4285 2509//4285 2508//4287
f 2509//4288 2507//4288 2510//4288
f 2510//4289 2507//4289 2506//4289
f 2508//4290 2509//4290 2511//4290
f 1970//4291 2508//4292 2512//4293
f 2512//4293 2508//4292 2511//4294
f 2511//4295 2509//4295 2513//4295
f 2513//4296 2509//4296 2510//4296
f 1603//4297 2512//4297 1628//4297
f 1601//4298 2512//4298 1603//4298
f 2511//4299 1628//4299 2512//4299
f 2513//4300 1648//4300 1628//4300
f 2513//4301 1667//4301 1648//4301
f 1628//4302 2511//4302 2513//4302
f 1970//4303 2512//4304 1966//4305
f 2513//4306 2510//4306 2514//4307
f 2514//4307 2510//4306 2506//4308
f 2512//4309 1609//4309 1608//4309
f 1608//4310 1966//4305 2512//4304
f 1609//4311 2512//4311 1601//4311
f 2513//4312 1674//4312 1667//4312
f 1605//4313 1966//4313 1608//4313
f 1595//4314 1596//4315 1967//4316
f 1586//4317 1596//4317 1589//4317
f 1586//4318 1967//4316 1596//4315
f 1586//4319 1588//4319 1967//4319
f 2515//4320 1588//4320 1587//4320
f 1967//4321 1588//4321 2515//4321
f 1590//4322 2515//4322 1587//4322
f 1967//4323 2515//4323 2516//4323
f 1967//4324 2516//4324 1968//4324
f 2515//4325 1543//4325 1539//4325
f 1590//4326 1585//4326 2515//4326
f 1543//4327 2515//4327 1585//4327
f 1539//4328 1540//4329 2516//4330
f 2515//4331 1539//4328 2516//4330
f 1968//4332 2516//4332 2517//4332
f 1972//4333 2517//4334 2518//4335
f 2517//4334 1972//4333 1968//4336
f 1972//4223 2518//4337 2486//4221
f 1538//4338 2517//4338 1545//4338
f 2516//4339 1545//4339 2517//4339
f 2503//4340 1578//4340 1577//4340
f 2503//4341 1577//4341 2519//4341
f 2518//4342 1546//4342 1547//4342
f 1574//4343 2519//4343 1577//4343
f 1546//4344 2518//4345 1538//4346
f 2517//4347 1538//4346 2518//4345
f 2519//4348 1574//4348 1569//4348
f 2516//4349 1544//4349 1545//4349
f 1544//4350 2516//4350 1540//4350
f 1552//4351 1553//4352 2486//4353
f 1551//4354 1552//4355 2486//4356
f 1550//4357 1551//4354 2486//4356
f 1549//4358 1550//4357 2486//4356
f 1548//4359 1549//4359 2486//4359
f 1536//4360 1548//4360 2486//4360
f 1537//4361 1536//4361 2486//4361
f 1547//4362 1537//4362 2486//4362
f 2518//4363 1547//4363 2486//4363
f 2491//4258 2486//4353 1556//4268
f 1554//4364 1556//4268 2486//4353
f 1553//4352 1554//4364 2486//4353
f 1575//4365 2520//4365 1576//4365
f 2519//4366 1569//4366 1576//4366
f 2519//4367 1576//4367 2520//4367
f 2503//4368 2519//4368 2521//4368
f 2521//4369 2519//4369 2520//4369
f 2503//4368 2521//4368 2505//4368
f 2522//2451 2094//2451 2095//2451
f 2514//2451 2506//2451 2523//2453
f 2514//2451 2523//2453 2524//2451
f 2506//2451 2521//2453 2523//2453
f 2506//2451 2505//2453 2521//2453
f 2514//2451 1673//2453 1677//2455
f 2525//2451 2093//2451 2094//2451
f 2522//2451 2525//2451 2094//2451
f 1673//2453 2514//2451 1679//2453
f 2524//2451 1679//2453 2514//2451
f 2523//4370 2521//4370 2520//4370
f 2520//4371 1575//4372 2526//4373
f 1568//4374 2526//4373 1575//4372
f 2520//4375 2526//4375 2523//4375
f 2524//4376 2523//4376 2526//4376
f 1570//4377 2527//4377 1568//4377
f 2526//4378 1568//4379 2527//4380
f 2526//4378 2527//4380 2524//4381
f 1571//4382 2527//4382 1570//4382
f 1571//4383 2528//4383 2527//4383
f 1572//4384 2528//4384 1571//4384
f 2527//4380 2528//4385 2524//4381
f 2528//4386 1572//4386 1573//4386
f 2528//4387 1573//4387 1685//4387
f 2528//4388 1683//4389 1681//4390
f 2528//4388 1686//4391 1683//4389
f 2528//4388 1685//4392 1686//4391
f 1681//4393 1680//4394 2528//4395
f 2524//4396 2528//4395 1680//4394
f 2524//4397 1680//4397 1679//4397
f 2514//4398 1677//4398 1675//4398
f 2514//4399 1674//4399 2513//4399
f 2514//4400 1675//4400 1674//4400
f 2478//4401 2529//4401 2246//4401
f 2530//2426 2531//3044 2532//4402
f 2533//4403 2534//4403 2530//2426
f 1625//2426 2535//2425 2536//2426
f 2531//3044 2530//2426 2534//4403
f 2534//4403 2533//4403 2537//4403
f 2535//2425 1625//2426 1627//2426
f 2257//2425 2538//2425 2539//2425
f 2538//2425 2257//2425 2246//2428
f 2283//2426 2257//2425 2539//2425
f 2246//2428 2529//2426 2538//2425
f 1627//2426 2540//2425 2535//2425
f 2536//2426 1626//3044 1625//2426
f 2478//4404 2246//4404 2242//4404
f 2538//4405 2529//4405 2541//4405
f 2538//4406 2541//4406 2539//4407
f 2542//4408 2529//4408 2478//4408
f 2529//4409 2542//4409 2541//4409
f 2283//4410 2539//4410 2543//4410
f 2543//4411 2539//4407 2541//4406
f 2283//4412 2543//4412 2544//4412
f 2542//4413 2478//4413 2545//4413
f 2545//4414 2478//4415 2477//4416
f 2542//4417 2545//4417 2546//4417
f 2545//4414 2477//4416 2547//4418
f 2545//4419 2547//4419 2546//4419
f 2542//4420 2546//4420 2314//4420
f 2314//4421 2308//4422 2541//4423
f 2541//4423 2542//4424 2314//4421
f 2308//4425 2543//4425 2541//4425
f 2543//4426 2308//4426 2311//4426
f 2543//4427 2311//4427 2544//4427
f 2548//4428 2314//4428 2546//4428
f 2314//4429 2548//4429 2309//4429
f 2548//4430 2546//4430 2549//4430
f 2549//4431 2546//4431 2547//4431
f 2309//4432 2548//4432 2316//4432
f 2309//4433 2316//4433 2310//4433
f 2548//4434 2549//4434 2550//4434
f 2548//4435 2550//4435 2316//4435
f 2549//4436 2547//4436 2551//4436
f 2551//4437 2547//4437 2477//4437
f 2550//4438 2549//4438 2552//4438
f 2552//4439 2549//4440 2551//4441
f 2550//4442 2552//4442 2553//4442
f 2550//4443 2553//4443 2316//4443
f 2554//4444 2555//4444 2552//4444
f 2553//4444 2552//4444 2555//4444
f 2553//4445 2555//4445 2316//4445
f 2552//4439 2551//4441 2554//4446
f 2476//4447 2551//4447 2477//4447
f 2554//4446 2551//4441 2556//4446
f 2556//4448 2551//4448 2476//4448
f 2555//4449 2554//4449 2557//4449
f 2555//4450 2557//4450 2316//4450
f 2476//4451 2475//4451 2556//4451
f 2475//4452 2242//4453 1772//4454
f 2370//4455 2557//4456 2554//4457
f 2557//4456 2370//4455 2369//4458
f 2370//4459 2554//4459 2556//4459
f 2557//4460 2369//4460 2316//4460
f 2370//4461 2556//4461 2558//4461
f 2558//4462 2556//4462 2475//4462
f 2558//4463 2559//4464 2368//4465
f 2368//4465 2370//4465 2558//4463
f 2558//4466 2475//4466 2560//4466
f 2560//4467 2475//4452 1772//4454
f 2558//4468 2560//4468 2559//4468
f 2560//4467 1772//4454 2561//4469
f 2560//4470 2561//4470 2559//4470
f 2561//4471 1772//4472 2562//4473
f 2561//4474 2562//4475 2559//4475
f 2562//4473 1772//4472 2563//4476
f 2368//4477 2559//4477 2564//4477
f 2564//4475 2559//4475 2562//4475
f 2563//4478 1624//4479 1623//4480
f 2563//4478 1772//4481 1624//4479
f 2564//4482 2562//4482 2565//4482
f 2565//4483 2562//4483 2563//4483
f 2368//4484 2564//4484 2566//4484
f 2566//4485 2564//4485 2565//4485
f 2368//4486 2566//4486 2567//4486
f 2368//3142 2567//3142 2369//3142
f 2568//4487 2316//4488 2567//4488
f 2369//4489 2567//4488 2316//4488
f 2567//4490 2566//4490 2568//4490
f 2568//4491 2566//4492 2569//4493
f 2569//4494 2566//4495 2565//4496
f 2570//4497 2571//4498 2569//4493
f 2568//4491 2569//4493 2571//4498
f 2568//4499 2571//4499 2316//4499
f 2569//4494 2565//4496 2570//4500
f 2572//4501 2565//4501 2563//4501
f 2563//4502 1623//4502 1622//4502
f 1622//4503 2572//4503 2563//4503
f 2570//4504 2565//4504 2573//4504
f 2573//4505 2565//4505 2572//4505
f 2571//4506 2570//4506 2574//4506
f 2571//4507 2574//4507 2316//4507
f 2570//4508 2573//4508 2575//4508
f 2570//4509 2575//4509 2574//4509
f 2573//4510 2572//4510 2536//4510
f 2572//4511 1622//4511 1626//4511
f 1626//4512 2536//4512 2572//4512
f 2575//4513 2573//4513 2576//4513
f 2576//4514 2573//4514 2536//4514
f 2574//4515 2575//4515 2348//4515
f 2348//4516 2343//4517 2316//4516
f 2574//4518 2348//4516 2316//4516
f 2536//4519 2535//4519 2576//4519
f 2575//4520 2576//4521 2577//4520
f 2575//4522 2577//4522 2348//4522
f 2576//4523 2535//4523 2578//4523
f 2576//4521 2578//4521 2577//4520
f 2578//4524 2535//4524 2540//4524
f 2540//4525 1611//4526 1610//4527
f 2540//4528 1627//4528 1611//4528
f 1610//4527 2263//4529 2540//4525
f 2577//4530 2578//4530 2579//4530
f 2579//4531 2578//4531 2540//4531
f 2348//4532 2577//4532 2344//4532
f 2344//4533 2577//4533 2579//4533
f 2344//4534 2579//4534 2580//4534
f 2579//4535 2540//4536 2581//4535
f 2579//4535 2581//4535 2580//4537
f 2581//4538 2540//4538 2263//4538
f 2344//4539 2580//4539 2341//4539
f 2343//4540 2340//4540 2316//4540
f 2340//4541 2339//4541 2316//4541
f 2341//4542 2580//4543 2335//4542
f 2341//4544 2335//4544 2339//4544
f 2582//4545 2580//4545 2581//4545
f 2580//4543 2582//4543 2335//4542
f 2582//4546 2581//4546 2583//4546
f 2583//4547 2581//4547 2263//4547
f 2339//4548 2335//4548 2330//4548
f 2339//4549 2330//4549 2316//4549
f 2335//4550 2582//4550 2329//4550
f 2582//4551 2583//4552 2584//4552
f 2582//4553 2584//4553 2329//4553
f 2583//4554 2263//4554 2585//4554
f 2583//4552 2585//4552 2584//4552
f 2585//4555 2263//4555 2586//4555
f 2586//4556 2263//4556 2283//4556
f 2584//4557 2585//4558 2587//4559
f 2587//4559 2585//4558 2586//4560
f 2586//4561 2283//4562 2544//4563
f 2586//4561 2544//4563 2587//4564
f 2584//4565 2587//4566 2324//4567
f 2584//4565 2324//4567 2329//4568
f 2324//4569 2587//4570 2544//4571
f 2330//4572 2325//4572 2316//4572
f 2324//4569 2544//4571 2319//4573
f 2319//4574 2544//4574 2311//4574
f 2325//4575 2321//4575 2316//4575
f 2316//4576 2321//4577 2320//4576
f 2320//4578 2319//4578 2311//4578
f 2316//4576 2320//4576 2310//4579
f 2310//4580 2320//4580 2311//4580
f 2446//4581 2588//4581 2447//4581
f 2446//2451 2589//2451 2588//2451
f 2446//2451 2590//2451 2589//2451
f 2446//4582 2591//4582 2590//4582
f 2446//4583 2592//4583 2591//4583
f 2446//4584 2462//4584 2592//4584
f 2593//4585 2594//4585 2595//4585
f 2595//4586 2594//4586 2596//4586
f 2596//4587 2594//4587 2597//4587
f 2595//4588 2596//4588 2598//4588
f 2596//4589 2597//4589 2599//4589
f 2596//4590 2599//4590 2598//4590
f 2595//4591 2598//4592 2600//4593
f 2598//4594 2599//4594 2601//4594
f 2598//4595 2601//4596 1998//4597
f 2598//4595 1998//4597 2600//4598
f 2601//4599 2599//4599 2000//4599
f 2007//4600 2000//4600 2599//4600
f 1998//4601 2601//4602 1999//4603
f 2602//4604 1998//4604 2150//4604
f 2000//4605 1999//4603 2601//4602
f 2154//4606 2603//4606 2153//4606
f 2604//4607 2004//4607 2001//4607
f 2156//4608 2603//4608 2154//4608
f 1998//4597 2602//4609 2600//4598
f 2605//4610 2152//4610 2603//4610
f 2153//4611 2603//4611 2152//4611
f 2605//4612 2603//4612 2606//4613
f 2150//4614 2607//4614 2602//4614
f 2607//4615 2150//4615 2151//4615
f 2607//4616 2151//4616 2152//4616
f 2607//4617 2152//4617 2605//4617
f 2600//4598 2602//4609 2608//4618
f 2605//4612 2606//4613 2609//4619
f 2605//4620 2609//4620 2607//4620
f 2609//4621 2606//4621 2610//4621
f 1990//4622 2610//4622 2606//4622
f 2610//4623 1990//4623 1989//4623
f 2607//4624 2609//4624 2611//4624
f 2610//4625 1989//4625 2612//4625
f 1988//4626 2612//4626 1989//4626
f 2609//4627 2610//4627 2613//4627
f 2609//4628 2613//4628 2611//4628
f 2613//4629 2610//4629 2612//4629
f 2612//4630 1988//4631 2143//4632
f 1994//4633 2143//4632 1988//4631
f 2144//4634 2143//4634 1994//4634
f 2614//4635 2602//4635 2607//4635
f 2602//4636 2614//4636 2608//4636
f 2615//4637 2607//4637 2611//4637
f 2607//4638 2615//4638 2614//4638
f 2615//4639 2611//4639 2157//4639
f 2157//4640 2611//4640 2613//4640
f 2614//4641 2615//4641 2616//4641
f 2608//4642 2614//4642 2617//4642
f 2617//4643 2614//4644 2616//4645
f 2608//4646 2617//4647 2618//4648
f 2608//4649 2618//4650 2600//4593
f 2617//4643 2616//4645 2619//4651
f 2617//4647 2619//4652 2618//4648
f 2616//4653 2615//4653 2620//4653
f 2620//4654 2615//4654 2157//4654
f 2618//4650 2621//4655 2600//4593
f 2621//4655 2595//4591 2600//4593
f 2618//4656 2622//4656 2623//4656
f 2622//4656 2618//4656 2619//4656
f 2623//4656 2621//4656 2618//4656
f 2621//4656 2623//4656 2624//4656
f 2595//4656 2624//4656 2593//4656
f 2624//4656 2595//4656 2621//4656
f 2625//4657 2626//4658 2593//4659
f 2623//4657 2625//4657 2624//4660
f 2622//4660 2627//4661 2628//4657
f 2623//4657 2629//4657 2625//4657
f 2627//4661 2622//4660 2619//4661
f 2629//4657 2623//4657 2628//4657
f 2622//4660 2628//4657 2623//4657
f 2593//4659 2624//4660 2625//4657
f 2628//4662 2627//4662 2630//4662
f 2631//4663 2632//4664 2626//4665
f 2626//4665 2625//4666 2631//4663
f 2633//4662 2634//4662 2628//4662
f 2630//4662 2633//4662 2628//4662
f 2634//4662 2631//4663 2629//4662
f 2625//4666 2629//4662 2631//4663
f 2629//4662 2628//4662 2634//4662
f 2635//4667 2636//4667 2633//4667
f 2636//4667 2637//4667 2631//4668
f 2632//4668 2631//4668 2637//4667
f 2636//4667 2631//4668 2634//4667
f 2634//4667 2633//4667 2636//4667
f 2630//4669 2627//4669 2270//4669
f 2593//4659 2626//4658 2638//4670
f 2593//4671 2638//4671 2594//4671
f 2639//4672 2594//4672 2638//4672
f 2638//4670 2626//4658 2640//4673
f 2640//4674 2626//4674 2632//4674
f 2632//4675 2637//4675 2641//4675
f 2642//4676 2643//4677 2635//4676
f 2636//4677 2635//4676 2643//4677
f 2643//4677 2644//4677 2636//4677
f 2637//4677 2636//4677 2644//4677
f 2637//4678 2644//4678 2641//4678
f 2594//4679 2639//4679 2597//4679
f 2645//4680 2639//4680 2638//4680
f 2645//4681 2638//4670 2640//4673
f 2597//4682 2639//4683 2646//4684
f 2647//4685 2640//4685 2632//4685
f 2641//4686 2648//4687 2647//4688
f 2647//4688 2632//4689 2641//4686
f 2639//4690 2645//4690 2649//4690
f 2639//4691 2649//4691 2646//4691
f 2645//4681 2640//4673 2533//4692
f 2640//4693 2647//4693 2537//4693
f 2640//4694 2537//4694 2533//4694
f 2650//4695 2537//4696 2648//4697
f 2647//4698 2648//4697 2537//4696
f 2649//4699 2645//4699 2651//4699
f 2651//4700 2645//4700 2533//4700
f 2652//4701 2646//4702 2649//4703
f 2649//4704 2651//4704 2653//4704
f 2649//4705 2653//4705 2652//4705
f 2651//4706 2533//4706 2530//4706
f 2534//4707 2537//4707 2650//4707
f 2651//4708 2530//4708 2654//4708
f 2651//4709 2654//4709 2653//4709
f 2654//4710 2530//4710 2532//4710
f 2534//4711 2650//4711 2655//4711
f 2534//4712 2655//4712 2531//4712
f 2650//4713 2648//4713 2656//4713
f 2657//4714 2532//4715 2531//4716
f 2532//4715 2657//4714 2658//4717
f 2655//4718 2650//4718 2659//4718
f 2659//4719 2650//4719 2656//4719
f 2531//4720 2655//4721 2660//4722
f 2531//4723 2660//4723 2657//4723
f 2655//4724 2659//4724 2661//4724
f 2655//4721 2661//4725 2660//4722
f 2660//4726 2661//4726 2662//4726
f 2660//4727 2662//4727 2657//4727
f 2663//4728 2664//2425 2665//3044
f 2664//2425 2663//4728 2666//2427
f 2667//2425 2668//2426 2669//2425
f 2670//2425 2659//2425 2671//2428
f 2668//2426 2667//2425 2672//2426
f 2669//2425 2671//2428 2667//2425
f 2671//2428 2669//2425 2670//2425
f 2659//2425 2670//2425 2661//2425
f 2662//4729 2661//4729 2673//4729
f 2673//4730 2661//4730 2670//4730
f 2671//4731 2659//4732 2656//4733
f 2673//4734 2670//4735 2674//4736
f 2662//4737 2673//4737 2675//4737
f 2675//4738 2673//4739 2674//4740
f 2674//4736 2670//4735 2669//4741
f 2675//4738 2674//4740 2676//4742
f 2674//4736 2669//4741 2677//4743
f 2674//4744 2677//4744 2676//4744
f 2662//4745 2675//4745 2678//4745
f 2675//4746 2676//4747 2679//4748
f 2675//4749 2679//4749 2678//4749
f 2662//4750 2678//4750 2680//4750
f 2662//4751 2680//4751 2657//4751
f 2680//4752 2678//4753 2681//4754
f 2682//4755 2683//4756 2684//4757
f 2685//4758 2686//4759 2687//4760
f 2687//4760 2681//4754 2685//4758
f 2685//4758 2688//4761 2686//4759
f 2682//4755 2688//4761 2683//4756
f 2685//4758 2683//4756 2688//4761
f 2689//4762 2683//4756 2685//4758
f 2685//4758 2679//4754 2689//4762
f 2679//4754 2685//4758 2681//4754
f 2681//4754 2678//4753 2679//4754
f 2657//4763 2680//4764 2658//4763
f 2658//4763 2680//4764 2690//4765
f 2690//4766 2680//4767 2681//4768
f 2532//4769 2658//4769 2691//4769
f 2532//4770 2691//4770 2654//4770
f 2658//4771 2690//4771 2692//4771
f 2658//4772 2692//4772 2691//4772
f 2690//4766 2681//4768 2693//4773
f 2654//4774 2691//4774 2694//4774
f 2654//4775 2694//4775 2653//4775
f 2691//4776 2692//4776 2695//4776
f 2691//4777 2695//4777 2694//4777
f 2692//4778 2690//4778 2696//4778
f 2696//4779 2690//4779 2693//4779
f 2692//4780 2696//4780 2697//4780
f 2696//4781 2693//4781 2698//4781
f 2696//4782 2698//4783 2697//3194
f 2695//4784 2692//4784 2699//4784
f 2700//4785 2701//4785 2702//4785
f 2699//4786 2692//4786 2697//4786
f 2695//4787 2699//4788 2703//4789
f 2699//4790 2697//4791 2704//4792
f 2699//4793 2704//4794 2703//4795
f 2704//4792 2697//4791 2705//4796
f 2703//4795 2704//4794 2706//4797
f 2706//4798 2704//4799 2705//4800
f 2695//4787 2703//4789 2707//4801
f 2695//4802 2707//4802 2694//4802
f 2703//4803 2706//4803 2708//4803
f 2694//4804 2707//4804 2709//4804
f 2707//4805 2703//4805 2710//4805
f 2710//4806 2703//4806 2708//4806
f 2711//4807 2712//4807 2713//4807
f 2712//4807 2711//4807 2714//4807
f 2708//4807 2714//4807 2711//4807
f 2714//4807 2708//4807 2706//4807
f 2714//4808 2706//4798 2705//4800
f 2700//4809 2705//4796 2715//4810
f 2715//4810 2705//4796 2697//4791
f 2715//4811 2697//3194 2698//4783
f 2714//4808 2705//4800 2716//4812
f 2716//4813 2705//4796 2700//4809
f 2714//4808 2716//4812 2712//4814
f 2715//4811 2698//4783 2717//4815
f 2715//4811 2717//4815 2700//4816
f 2717//4817 2698//4817 2718//4817
f 2712//4818 2716//4818 2719//4818
f 2719//4819 2716//4819 2700//4819
f 2700//4820 2717//4820 2701//4820
f 2701//4821 2717//4821 2718//4821
f 2719//4822 2700//4822 2702//4822
f 2712//4823 2719//4823 2720//4823
f 2719//4824 2702//4825 2721//4826
f 2719//4827 2721//4827 2720//4827
f 2702//4828 2701//4828 2722//4828
f 2713//4829 2712//4829 2720//4829
f 2723//4830 2711//4830 2724//4830
f 2711//4830 2723//4830 2708//4831
f 2713//4830 2724//4830 2711//4830
f 2724//4830 2713//4830 2725//4832
f 2721//4826 2702//4825 2726//4833
f 2726//4834 2702//4834 2722//4834
f 2721//4835 2726//4835 2727//4835
f 2722//4836 2701//4836 2728//4836
f 2728//4837 2701//4837 2718//4837
f 2726//4838 2722//4838 2729//4838
f 2722//4839 2728//4839 2730//4839
f 2722//4840 2730//4840 2729//4840
f 2726//4841 2729//4841 2731//4841
f 2726//4842 2731//4842 2727//4842
f 2729//4843 2730//4843 2272//4843
f 2728//4844 2718//4844 2732//4844
f 2730//4845 2728//4845 2733//4845
f 2733//4846 2728//4846 2732//4846
f 2730//4847 2733//4847 2274//4847
f 2730//4848 2274//4848 2272//4848
f 2729//4849 2272//4849 2734//4849
f 2729//4850 2734//4850 2731//4850
f 2731//4851 2734//4851 2735//4851
f 2734//4852 2272//4852 2267//4852
f 2734//4853 2267//4853 2736//4853
f 2734//4854 2736//4854 2735//4854
f 2736//4855 2267//4855 2269//4855
f 2736//4856 2269//4857 2737//4858
f 2268//4859 2273//4859 2738//4859
f 2739//4860 2273//4860 2274//4860
f 2273//4861 2739//4861 2738//4861
f 2739//4862 2274//4862 2740//4862
f 2740//4863 2274//4863 2733//4863
f 2268//4864 2738//4864 2741//4864
f 2742//4865 2270//4865 2741//4865
f 2268//4866 2741//4865 2270//4865
f 2269//4857 2271//4867 2737//4858
f 2271//4868 2270//4868 2627//4868
f 2737//4858 2271//4867 2619//4661
f 2627//4661 2619//4661 2271//4867
f 2737//4869 2619//4869 2616//4869
f 2737//4870 2616//4870 2620//4870
f 2737//4871 2620//4871 2736//4871
f 2736//4872 2620//4872 2735//4872
f 2735//4873 2620//4874 2159//4875
f 2159//4875 2620//4874 2157//4876
f 2630//4877 2742//4877 2743//4877
f 2742//4877 2630//4877 2270//4877
f 2630//4878 2743//4878 2633//4878
f 2633//4879 2743//4879 2635//4879
f 2635//4880 2743//4880 2642//4880
f 2743//4881 2742//4881 2744//4881
f 2744//4882 2642//4882 2743//4882
f 2644//4883 2745//4883 2641//4883
f 2744//4884 2742//4885 2746//4886
f 2747//4887 2748//3559 2749//2687
f 2749//2687 2748//3559 2750//2452
f 2749//2687 2750//2452 2751//2451
f 2752//2451 2753//2451 2754//2451
f 2741//2451 2746//2451 2742//2451
f 2642//4888 2744//4888 2755//4888
f 2744//4884 2746//4886 2756//4889
f 2744//4890 2756//4890 2755//4890
f 2746//4891 2741//4891 2385//4891
f 2385//4892 2741//4892 2738//4892
f 2756//4893 2746//4893 2384//4893
f 2384//4894 2746//4894 2385//4894
f 2642//4895 2755//4896 2757//4897
f 2642//4898 2757//4899 2643//4900
f 2385//4901 2738//4901 2752//4901
f 2752//4902 2738//4902 2739//4902
f 2383//4903 2385//4904 2752//4903
f 2752//4905 2739//4905 2753//4905
f 2753//4906 2739//4906 2740//4906
f 2752//4903 2754//4907 2383//4903
f 2754//4908 2753//4909 2758//4908
f 2758//4910 2753//4910 2740//4910
f 2382//4911 2759//4912 2756//4913
f 2756//4913 2384//4914 2382//4911
f 2383//4915 2754//4916 2760//4915
f 2756//4917 2759//4917 2755//4917
f 2380//4915 2383//4915 2760//4915
f 2759//4918 2382//4918 2381//4918
f 2755//4919 2759//4919 2761//4919
f 2755//4896 2761//4920 2757//4897
f 2759//4921 2381//4921 2762//4921
f 2759//4922 2762//4922 2761//4922
f 2381//4923 2380//4923 2763//4923
f 2757//4924 2761//4925 2764//4926
f 2762//4927 2765//4928 2766//4929
f 2765//4928 2762//4927 2381//4930
f 2765//4931 2381//4931 2763//4931
f 2761//4932 2762//4932 2767//4932
f 2764//4933 2761//4934 2767//4935
f 2767//4935 2768//4936 2764//4933
f 2762//4937 2766//4937 2767//4937
f 2757//4924 2764//4926 2769//4938
f 2757//4899 2769//4939 2643//4900
f 2745//4940 2644//4940 2770//4940
f 2770//4940 2771//4940 2745//4940
f 2769//4939 2770//4940 2643//4900
f 2644//4940 2643//4900 2770//4940
f 2769//4938 2764//4926 2772//4941
f 2771//4941 2770//4941 2773//4941
f 2773//4941 2774//4942 2771//4941
f 2772//4941 2773//4941 2770//4941
f 2770//4941 2769//4938 2772//4941
f 2764//4943 2768//4943 2772//4943
f 2775//4944 2776//4944 2777//4944
f 2778//4944 2777//4944 2776//4944
f 2767//4945 2779//4945 2768//4945
f 2779//4946 2767//4946 2766//4946
f 2779//4947 2766//4947 2780//4947
f 2641//4948 2745//4948 2781//4948
f 2641//4949 2781//4949 2648//4949
f 2648//4950 2781//4950 2656//4950
f 2781//4951 2745//4951 2771//4951
f 2656//4952 2781//4952 2782//4952
f 2782//4953 2781//4953 2771//4953
f 2656//4954 2782//4954 2783//4954
f 2656//4733 2783//4731 2671//4731
f 2774//4955 2784//4956 2782//4957
f 2782//4957 2771//4958 2774//4955
f 2783//4959 2782//4960 2784//4961
f 2671//4731 2783//4731 2785//4962
f 2785//4963 2783//4959 2784//4961
f 2773//4964 2777//4964 2774//4964
f 2772//4965 2775//4965 2773//4964
f 2778//4966 2774//4964 2777//4964
f 2777//4964 2773//4964 2775//4965
f 2775//4965 2772//4965 2768//4965
f 2784//4967 2774//4967 2778//4967
f 2785//4968 2784//4968 2786//4968
f 2786//4969 2784//4969 2778//4969
f 2786//4970 2778//4970 2787//4970
f 2787//4971 2778//4971 2776//4971
f 2785//4972 2786//4972 2788//4972
f 2667//4962 2671//4731 2785//4962
f 2667//4973 2785//4973 2788//4973
f 2788//4974 2786//4974 2789//4974
f 2789//4975 2786//4975 2787//4975
f 2669//4741 2668//4976 2677//4743
f 2667//4977 2788//4977 2672//4977
f 2788//4978 2789//4978 2790//4978
f 2788//4979 2790//4979 2672//4979
f 2789//4980 2787//4980 2791//4980
f 2789//4981 2791//4981 2790//4981
f 2791//4982 2787//4982 2792//4982
f 2792//4983 2787//4983 2793//4983
f 2792//4984 2793//4984 2791//4984
f 2793//4985 2787//4985 2776//4985
f 2790//4986 2791//4986 2794//4986
f 2794//4987 2791//4987 2793//4987
f 2795//4988 2672//4989 2790//4990
f 2795//4991 2790//4992 2794//4991
f 2672//4989 2795//4988 2796//4993
f 2672//4994 2796//4994 2668//4994
f 2795//4991 2794//4991 2797//4995
f 2795//4996 2797//4996 2796//4996
f 2798//4997 2799//4998 2793//4999
f 2794//5000 2793//4999 2799//4998
f 2794//5000 2799//4998 2797//5001
f 2798//2549 2793//2549 2776//2549
f 2798//5002 2776//5003 2800//5002
f 2800//5004 2776//5004 2775//5004
f 2798//5002 2800//5002 2801//5005
f 2798//4997 2801//5006 2799//4998
f 2768//5007 2802//5007 2775//5008
f 2800//5008 2775//5008 2802//5007
f 2800//5009 2802//5009 2801//5009
f 2802//5010 2768//5010 2779//5010
f 2802//5011 2779//5011 2801//5011
f 2801//5012 2779//5012 2780//5012
f 2801//5013 2780//5013 2803//5013
f 2803//5014 2780//5014 2766//5014
f 2803//5015 2766//5015 2765//5015
f 2801//5016 2803//5016 2804//5016
f 2801//5006 2804//5017 2799//4998
f 2803//5018 2765//5018 2805//5018
f 2803//5019 2805//5020 2804//5019
f 2805//5021 2765//5022 2763//5023
f 2804//5019 2805//5020 2806//5020
f 2806//5024 2805//5021 2763//5023
f 2804//5025 2806//5025 2807//5025
f 2804//5017 2807//5026 2799//4998
f 2806//5027 2763//5027 2808//5027
f 2808//5028 2763//5028 2380//5028
f 2808//5029 2380//4915 2760//4915
f 2806//5030 2808//5030 2809//5030
f 2806//5031 2809//5031 2807//5031
f 2808//5032 2760//5032 2810//5032
f 2808//5033 2810//5033 2809//5033
f 2807//5034 2809//5034 2811//5034
f 2811//5035 2809//5035 2810//5035
f 2812//5036 2799//5036 2807//5036
f 2812//5037 2807//5037 2811//5037
f 2810//5038 2760//5038 2813//5038
f 2813//5039 2760//5039 2754//4908
f 2813//5039 2754//4908 2758//4908
f 2810//5040 2813//5040 2814//5040
f 2810//5041 2814//5041 2811//5041
f 2813//5042 2758//5043 2815//5044
f 2816//5045 2815//5044 2758//5043
f 2813//5046 2815//5046 2814//5046
f 2811//5047 2814//5047 2817//5047
f 2818//2464 2819//2464 2820//2464
f 2819//2464 2818//2464 2821//5048
f 2820//2464 2822//2464 2818//2464
f 2817//5049 2812//5049 2811//5050
f 2812//5049 2817//5049 2820//2464
f 2822//2464 2820//2464 2817//5049
f 2814//5051 2815//5051 2823//5051
f 2814//5052 2823//5052 2817//5052
f 2816//5053 2758//5054 2740//5055
f 2824//5056 2825//5057 2826//5058
f 2823//5059 2826//5058 2825//5057
f 2826//5058 2823//5059 2815//5060
f 2825//5057 2824//5056 2827//5057
f 2828//5061 2827//5057 2824//5056
f 2829//5062 2826//5058 2816//5063
f 2815//5060 2816//5063 2826//5058
f 2826//5058 2829//5062 2824//5056
f 2830//5064 2824//5056 2829//5062
f 2824//5056 2830//5064 2828//5061
f 2831//5065 2828//5061 2830//5064
f 2818//5066 2827//5066 2821//5066
f 2822//5067 2825//5067 2818//5066
f 2827//5066 2818//5066 2825//5067
f 2825//5067 2822//5067 2817//5068
f 2825//5067 2817//5068 2823//5068
f 2820//5069 2799//5069 2812//5069
f 2799//5069 2820//5069 2819//5069
f 2799//5070 2819//5070 2797//5070
f 2797//5071 2819//5071 2832//5071
f 2797//5072 2832//5072 2796//5072
f 2819//5073 2821//5073 2832//5073
f 2832//5074 2821//5074 2833//5074
f 2833//5075 2821//5075 2827//5075
f 2796//5076 2832//5076 2834//5076
f 2834//5077 2832//5077 2833//5077
f 2796//5078 2834//5078 2668//5078
f 2668//5079 2834//5079 2677//5079
f 2677//5080 2834//5080 2835//5080
f 2835//5081 2834//5081 2833//5081
f 2677//5082 2835//5082 2676//5082
f 2833//5083 2827//5083 2828//5084
f 2833//5083 2828//5084 2835//5085
f 2676//5086 2835//5086 2831//5086
f 2831//5087 2835//5085 2828//5084
f 2816//5088 2684//5088 2829//5088
f 2830//5089 2679//4748 2831//5089
f 2831//5089 2679//4748 2676//4747
f 2679//5090 2830//5090 2689//5090
f 2689//5091 2829//5062 2683//5091
f 2829//5062 2689//5091 2830//5064
f 2829//5092 2684//5092 2683//5092
f 2684//5093 2816//5053 2740//5055
f 2684//5094 2740//5094 2682//5094
f 2682//5095 2740//5095 2733//5095
f 2682//5096 2733//5096 2732//5096
f 2688//4761 2682//4755 2732//5097
f 2688//4761 2732//5097 2686//4759
f 2686//5098 2732//5098 2718//5098
f 2836//5099 2686//5100 2718//5101
f 2686//5100 2836//5099 2687//5099
f 2693//3198 2687//5099 2836//5099
f 2687//5099 2693//3198 2681//4814
f 2836//5102 2698//5102 2693//5102
f 2698//5102 2836//5102 2718//5102
f 2837//5103 1908//5103 1905//5103
f 1904//5104 2838//5105 1905//5106
f 2837//5107 1905//5106 2838//5105
f 1909//5108 2839//5109 1901//5110
f 2202//5109 2839//5109 1910//5109
f 1909//5108 1910//5109 2839//5109
f 2201//5109 2840//5109 2202//5109
f 2839//5109 2202//5109 2840//5109
f 1904//5109 1902//5110 2839//5109
f 2838//5109 1904//5109 2839//5109
f 1902//5110 1901//5110 2839//5109
f 2841//5111 2838//5112 2842//5112
f 2840//5112 2842//5112 2839//5112
f 2842//5112 2840//5112 2843//5111
f 2839//5112 2842//5112 2838//5112
f 2844//5113 2201//5114 2200//5115
f 2201//5114 2844//5113 2840//5116
f 2845//5117 2199//5117 2203//5117
f 2200//5118 2199//5118 2844//5118
f 2845//5119 2844//5119 2199//5119
f 2846//5120 2847//5121 1911//5120
f 2848//5121 2846//5120 1908//5121
f 1907//5122 1906//5123 2846//5120
f 1911//5120 1907//5122 2846//5120
f 1906//5123 1908//5121 2846//5120
f 1911//5120 2847//5121 1912//5123
f 2203//5121 1912//5123 2847//5121
f 2847//5124 2849//5124 2203//5124
f 2850//5125 2851//5126 2846//5125
f 2846//5125 2848//5126 2850//5125
f 2852//5126 2850//5125 2848//5126
f 2847//5126 2846//5125 2851//5126
f 2847//4368 2851//4368 2849//4368
f 2853//5127 2203//5127 2849//5127
f 2203//5128 2853//5128 2845//5128
f 2849//5129 2851//5130 2854//5130
f 2228//2452 2855//2451 2856//2452
f 2857//2690 2858//2451 2859//2687
f 2856//2452 2860//5131 2861//2451
f 2855//2451 2230//2451 1857//2451
f 2855//2451 1857//2451 1856//2452
f 2855//2451 1856//2452 2862//2690
f 2863//2452 2864//2451 2859//2687
f 2865//2451 2859//2687 2858//2451
f 2856//2452 2227//2451 2228//2452
f 1858//5132 2862//2690 1856//2452
f 2860//5131 2856//2452 2855//2451
f 2854//2451 2866//5133 2853//5134
f 2865//2451 2863//2452 2859//2687
f 2858//2451 2857//2690 2867//2451
f 2862//2690 2867//2451 2857//2690
f 2857//2690 2859//2687 2864//2451
f 2862//2690 2857//2690 2864//2451
f 2868//2451 2865//2451 2869//2456
f 2862//2690 2864//2451 2855//2451
f 2867//2451 2862//2690 2870//2689
f 2858//2451 2869//2456 2865//2451
f 2858//2451 2871//2689 2869//2456
f 2844//2456 2869//2456 2871//2689
f 2854//2451 2868//2451 2872//5134
f 2869//2456 2872//5134 2868//2451
f 2869//2456 2844//2456 2872//5134
f 2872//5134 2845//2459 2866//5133
f 2845//2459 2872//5134 2844//2456
f 2866//5133 2854//2451 2872//5134
f 2853//5134 2866//5133 2845//2459
f 2854//2451 2853//5134 2849//2451
f 2855//2451 2229//2452 2230//2451
f 1837//2456 2861//2451 1838//2451
f 2226//2451 2856//2452 2861//2451
f 2861//2451 1837//2456 1839//5135
f 2861//2451 1839//5135 2225//5136
f 2861//2451 2225//5136 2226//2451
f 2856//2452 2226//2451 2227//2451
f 2862//2690 1858//5132 2870//2689
f 2855//2451 2228//2452 2229//2452
f 2854//5130 2851//5130 2873//5137
f 2873//5138 2874//5139 2868//5139
f 2868//5139 2854//5140 2873//5138
f 2844//5141 2871//5141 2840//5141
f 2840//5142 2871//5142 2843//5142
f 2871//5143 2858//5143 2843//5143
f 2843//5144 2875//5144 2842//5144
f 2876//5145 2842//5144 2877//5144
f 2842//5144 2876//5145 2841//5145
f 2877//5144 2842//5144 2875//5144
f 2875//5146 2843//5146 2858//5146
f 2878//5147 2876//5147 2879//5148
f 2877//5148 2879//5148 2876//5147
f 2879//5148 2875//5148 2880//5148
f 2875//5148 2879//5148 2877//5148
f 2875//5149 2858//5149 2867//5149
f 2838//5150 2841//5150 2881//5150
f 2838//5151 2881//5151 2837//5151
f 2841//5152 2876//5152 2882//5152
f 2875//5153 2867//5153 2880//5153
f 2880//5154 2867//5155 2870//5156
f 2880//5154 2870//5156 2883//5157
f 2880//5158 2883//5159 2879//5159
f 2884//5159 2879//5159 2885//5159
f 2879//5159 2884//5159 2878//5160
f 2885//5159 2879//5159 2883//5159
f 2870//5161 1859//5161 2883//5161
f 1859//5162 2870//5162 1858//5162
f 2886//5163 2863//5164 2887//5165
f 2863//5164 2886//5163 2864//5166
f 2864//5167 2886//5168 2855//5169
f 2887//5170 2865//5170 2888//5171
f 2865//5170 2887//5170 2863//5170
f 1859//5172 1860//5172 2883//5172
f 1862//5173 2885//5174 1861//5175
f 2885//5174 1853//5176 2884//5177
f 2885//5174 1863//5178 1853//5176
f 1861//5175 2885//5174 1860//5179
f 1863//5178 2885//5174 1862//5173
f 1855//5180 1853//5180 1863//5180
f 2883//5181 1860//5179 2885//5174
f 2876//5182 2878//5182 2889//5182
f 2878//5183 2884//5184 2890//5185
f 2878//5183 2890//5185 2889//5186
f 2876//5187 2889//5187 2882//5187
f 1852//5188 1850//5189 2890//5190
f 2890//5190 2884//5191 1852//5188
f 1852//5192 2884//5192 1853//5192
f 2881//2425 2891//2424 2892//3294
f 2891//2424 2881//2425 2893//2425
f 2881//2425 2892//3294 2837//3296
f 2894//2424 2837//3296 2891//2424
f 2891//2424 2837//3296 2892//3294
f 2893//2425 2881//2425 2895//2425
f 2893//2425 2894//2424 2891//2424
f 2895//2425 2896//2425 2897//2425
f 2896//2425 2895//2425 2881//2425
f 2882//2425 2897//2425 2896//2425
f 2889//2425 2898//2425 2882//2425
f 2897//2425 2882//2425 2898//2425
f 2890//2425 2899//2425 2889//2425
f 1816//2427 2900//2425 2901//2425
f 1819//2425 2902//2425 2900//2425
f 2901//2425 1849//2425 1851//3044
f 2890//2425 2901//2425 2899//2425
f 2898//2425 2889//2425 2899//2425
f 1831//2427 1830//2425 2902//2425
f 2900//2425 1816//2427 1818//2425
f 2901//2425 1850//2425 1849//2425
f 2901//2425 2890//2425 1850//2425
f 2902//2425 1814//2425 1831//2427
f 2902//2425 1815//2429 1814//2425
f 2902//2425 1819//2425 1815//2429
f 2900//2425 1818//2425 1819//2425
f 2901//2425 1817//2425 1816//2427
f 2901//2425 1851//3044 1817//2425
f 2903//5193 2898//5194 2904//5195
f 2899//5196 2904//5195 2898//5194
f 2904//5197 2899//5198 2901//5199
f 2905//5200 2897//5201 2903//5202
f 2898//5203 2903//5202 2897//5201
f 2904//5197 2901//5199 2906//5204
f 2907//5205 2906//5206 2900//5205
f 2901//5206 2900//5205 2906//5206
f 1829//5207 2908//5208 1830//5209
f 2902//5210 1830//5209 2908//5208
f 2907//5211 2900//5211 2902//5211
f 2907//5212 2902//5212 2908//5212
f 2909//5213 2910//5214 2911//5214
f 2911//5214 2912//5213 2909//5213
f 2912//5213 2906//5213 2909//5213
f 2907//5213 2909//5213 2906//5213
f 2909//5215 2913//5215 2914//5216
f 2914//5216 2910//5216 2909//5215
f 2913//5215 2909//5215 2908//5215
f 2907//5215 2908//5215 2909//5215
f 1828//5217 2908//5217 1829//5217
f 1835//5218 2913//5219 1836//5218
f 1827//5219 1836//5218 2913//5219
f 2908//5220 1827//5219 2913//5219
f 1835//5218 1842//5218 2914//5220
f 2913//5219 1835//5218 2914//5220
f 1841//5220 2914//5220 1842//5218
f 2908//5220 1828//5221 1827//5219
f 1841//5222 1840//5222 2914//5222
f 2906//5223 2912//5223 2915//5223
f 2915//5223 2904//5224 2906//5223
f 2886//5224 2915//5223 2911//5223
f 2912//5223 2911//5223 2915//5223
f 1840//5225 1838//5226 2914//5227
f 2861//5228 2914//5227 1838//5226
f 2914//5229 2861//5229 2910//5229
f 2910//5124 2860//5124 2911//5124
f 2855//5230 2911//5124 2860//5124
f 2860//5231 2910//5231 2861//5231
f 2886//5168 2911//5232 2855//5169
f 2916//5233 2903//5233 2915//5233
f 2904//5234 2915//5233 2903//5233
f 2887//5233 2916//5233 2915//5233
f 2915//5233 2886//5235 2887//5233
f 2903//5236 2916//5237 2917//5237
f 2888//5236 2917//5237 2887//5236
f 2917//5237 2905//5236 2903//5236
f 2916//5237 2887//5236 2917//5237
f 2918//5238 2919//5238 2905//5238
f 2874//5239 2918//5238 2888//5238
f 2905//5238 2917//5240 2918//5238
f 2917//5240 2888//5238 2918//5238
f 2888//5241 2865//5241 2874//5241
f 2874//5242 2865//5242 2868//5242
f 2918//5243 2874//5244 2873//5245
f 2920//5243 2921//5245 2918//5243
f 2873//5245 2920//5243 2918//5243
f 2919//5245 2918//5243 2921//5245
f 2919//5246 2897//5246 2905//5246
f 2921//5247 2850//5247 2852//5247
f 2851//5248 2850//5247 2873//5248
f 2850//5247 2921//5247 2920//5247
f 2920//5247 2873//5248 2850//5247
f 2895//5249 2897//5249 2919//5249
f 2895//5250 2921//5251 2893//5251
f 2921//5251 2895//5250 2919//5250
f 2882//5252 2896//5252 2841//5252
f 2841//5253 2896//5253 2881//5253
f 2893//5254 2921//5255 2852//5254
f 2852//5256 2848//5256 2894//5256
f 2848//5206 1908//5206 2894//5206
f 2852//5254 2894//5257 2893//5254
f 2837//5258 2894//5258 1908//5258
f 2922//3045 2923//3045 2924//3045
f 2925//2428 2926//2427 2927//2426
f 2928//5259 2709//2425 2929//2428
f 2930//2428 2928//5259 2931//2424
f 2926//2427 2925//2428 2932//2425
f 2933//2935 2932//2425 2925//2428
f 2653//2428 2925//2428 2927//2426
f 2933//2935 2934//5260 2935//2424
f 2653//2428 2694//2425 2925//2428
f 2925//2428 2694//2425 2933//2935
f 2932//2425 2933//2935 2935//2424
f 2934//5260 2933//2935 2936//2428
f 2936//2428 2937//5261 2934//5260
f 2928//5259 2930//2428 2937//5261
f 2933//2935 2694//2425 2709//2425
f 2937//5261 2936//2428 2928//5259
f 2709//2425 2936//2428 2933//2935
f 2709//2425 2928//5259 2936//2428
f 2938//2425 2939//2425 2931//2424
f 2930//2428 2931//2424 2939//2425
f 2938//2425 2931//2424 2928//5259
f 2928//5259 2929//2428 2938//2425
f 2646//4684 2940//2424 2597//4682
f 2940//5262 2646//4702 1788//5263
f 1788//5263 2646//4702 2652//4701
f 2597//5264 2940//5264 2941//5264
f 2597//5265 2941//5265 2599//5265
f 2599//5266 2941//5266 2942//5266
f 2002//5267 2007//5267 2599//5267
f 2942//5268 2002//5268 2599//5268
f 2604//5269 2001//5269 2002//5269
f 2002//5270 2942//5270 2604//5270
f 2604//5271 2942//5272 2943//5273
f 2943//5274 2942//5274 2941//5274
f 2604//5271 2943//5273 2944//5275
f 2943//5276 2941//5276 1780//5276
f 2943//5277 1780//5277 2944//5277
f 1780//5278 2941//5278 2940//5278
f 2944//5279 1780//5279 1774//5279
f 1774//5280 1993//5281 2944//5282
f 1993//5281 1774//5280 1984//5283
f 1780//5284 2940//5284 1775//5284
f 1984//5285 2013//5285 1985//5285
f 1774//5286 2013//5287 1984//5288
f 1785//5287 2013//5287 1774//5286
f 1775//5289 2940//5289 1789//5289
f 1789//5290 2940//5290 1790//5290
f 2024//5291 2945//5291 2023//5291
f 1790//5292 2940//5262 1788//5263
f 2022//5293 2023//5293 2945//5293
f 2025//5294 2946//5295 2024//5296
f 2945//5297 2024//5296 2946//5295
f 2026//5298 2946//5298 2025//5298
f 2945//5299 2946//5299 2947//5299
f 2016//5300 2938//5300 2017//5300
f 2015//5301 2938//5301 2016//5301
f 2042//5302 2041//5302 2948//5303
f 2945//5304 2949//5304 2022//5302
f 2949//5305 2950//5305 2019//5305
f 2948//5303 2951//5306 2042//5302
f 2952//5307 2948//5308 2041//5309
f 2019//5310 2022//5302 2949//5304
f 2953//5311 2954//5311 2955//5311
f 2953//5312 2956//5312 2954//5312
f 2949//5313 2945//5313 2947//5313
f 2957//5314 2951//5315 2948//5314
f 2949//5313 2958//5313 2959//5316
f 2947//5313 2958//5313 2949//5313
f 2949//5317 2959//5317 2950//5317
f 2960//5318 2961//5318 2054//5318
f 2054//5319 2056//5319 2960//5319
f 2031//5320 2033//5321 2961//5322
f 2054//5323 2961//5322 2033//5321
f 2027//5324 2946//5325 2026//5326
f 2027//5324 2962//5327 2946//5325
f 2946//5328 2962//5329 2947//5330
f 2962//5331 2027//5331 2028//5331
f 2028//5332 2963//5332 2962//5332
f 2017//5333 2028//5333 2018//5333
f 2017//5334 2938//5334 2028//5334
f 2963//5335 2028//5335 2938//5335
f 2964//3499 2948//3499 2965//3499
f 2948//5314 2964//5336 2957//5314
f 2031//5337 2966//5337 2034//5337
f 2961//5338 2966//5339 2031//5340
f 2966//5341 2967//5341 2968//5341
f 2966//5339 2961//5338 2967//5342
f 2969//5313 2957//5314 2964//5336
f 2970//5343 2034//5343 2966//5343
f 2036//5344 2034//5344 2970//5344
f 2965//5308 2948//5308 2952//5307
f 2961//5345 2956//5345 2953//5345
f 2961//5346 2960//5347 2956//5348
f 2967//5349 2961//5349 2971//5349
f 2953//5350 2971//5350 2961//5350
f 2043//5351 2042//5351 2951//5351
f 2951//5352 2957//5352 2972//5352
f 2951//5353 2045//5353 2043//5353
f 2951//5354 2046//5354 2045//5354
f 2972//5355 2046//5355 2951//5355
f 2612//5356 2143//5356 2142//5356
f 2972//5357 2957//5357 2973//5357
f 2974//5358 2975//5358 2976//5358
f 2977//5359 2978//5360 2979//5361
f 2980//5362 2978//5360 2977//5359
f 2981//5363 2953//5364 2982//5365
f 2947//5366 2980//5366 2983//5367
f 2969//5368 2976//5368 2957//5368
f 2984//5369 2979//5369 2978//5369
f 2955//5370 2982//5365 2953//5364
f 2947//3499 2983//3499 2958//3499
f 2985//5371 2986//5372 2981//5363
f 2953//5364 2986//5372 2971//5373
f 2953//5364 2981//5363 2986//5372
f 2987//5374 2988//5375 2989//5376
f 2990//5377 2988//5377 2987//5377
f 2991//5378 2988//5378 2990//5378
f 2990//5379 2992//5379 2991//5379
f 2973//5380 2975//5380 2993//5380
f 2973//5381 2976//5382 2975//5383
f 2973//5381 2957//5384 2976//5382
f 2973//5385 2989//5376 2988//5375
f 2973//5386 2993//5386 2989//5386
f 2981//5363 2982//5365 2994//5387
f 2977//5388 2995//5388 2980//5388
f 2047//5389 2046//5389 2972//5389
f 2050//5390 2047//5390 2972//5390
f 2050//5391 2972//5391 2996//5391
f 2996//5392 2972//5393 2973//5392
f 2142//5394 2141//5394 2612//5394
f 2997//5395 2612//5396 2141//5397
f 2612//5398 2997//5398 2613//5398
f 2997//5395 2141//5397 2140//5399
f 2998//5400 2048//5400 2996//5400
f 2050//5401 2996//5401 2048//5401
f 2126//2451 2048//2451 2998//2451
f 2125//5402 2126//5402 2998//5402
f 2134//5403 2125//5403 2998//5403
f 2133//5404 2134//5404 2998//5404
f 2996//5405 2973//5405 2725//5405
f 2724//5406 2978//5407 2723//5408
f 2999//5409 2724//5409 3000//5410
f 3001//5411 2724//5411 2999//5411
f 3002//5412 2724//5406 3001//5413
f 2984//5414 2724//5406 3002//5412
f 2978//5407 2724//5406 2984//5414
f 2981//5415 3003//5415 2985//5415
f 2994//5416 3000//5410 2981//5417
f 2988//5418 3004//5409 2973//5419
f 3005//5420 2725//5408 3004//5409
f 3006//5421 2724//5409 3005//5420
f 2981//5422 3006//5422 3003//5422
f 2981//5417 2724//5409 3006//5421
f 2725//5408 3005//5420 2724//5409
f 2724//5409 2981//5417 3000//5410
f 2725//5408 2973//5419 3004//5409
f 2996//5423 2725//5423 2720//5423
f 2996//5424 2720//5424 2998//5424
f 2720//5425 2725//5425 2713//5425
f 2980//5426 2962//5329 2978//5427
f 2947//5330 2962//5329 2980//5426
f 2708//5428 2723//5428 2710//5428
f 2710//5429 2723//5429 2978//5429
f 2710//5430 2978//5430 2962//5430
f 2710//5431 2962//5432 2963//5433
f 2710//5431 2963//5433 3007//5434
f 2710//5435 3007//5435 2707//5435
f 2929//5436 2709//5437 3007//5436
f 2707//5437 3007//5436 2709//5437
f 3007//5438 2963//5438 2929//5438
f 2929//5439 2963//5439 2938//5439
f 2939//5440 2011//5441 2010//5442
f 2939//5440 2012//5443 2011//5441
f 2939//5444 2015//5444 2012//5444
f 2939//5445 2938//5445 2015//5445
f 2010//5446 1779//5446 2939//5446
f 1775//5446 2939//5446 1779//5446
f 2939//5447 1775//5447 1789//5447
f 2930//5448 2939//5448 1789//5448
f 2930//5449 1789//5449 3008//5449
f 3008//5450 1789//5450 2666//5450
f 2666//5451 1789//5451 1787//5451
f 2930//5452 3008//5452 3009//5452
f 2930//5453 3009//5453 2937//5453
f 3008//5454 2666//5454 3010//5454
f 3011//5455 3012//5455 3013//5455
f 3009//5456 3008//5456 3010//5456
f 2666//5457 1787//5457 2664//5457
f 2653//5458 2927//5459 2652//5460
f 2927//5459 2926//5461 2652//5460
f 3014//5462 2935//5463 2934//5464
f 2935//5465 3014//5465 2932//5465
f 3015//5466 2934//5466 2937//5466
f 2934//5464 3015//5467 3014//5462
f 3015//5468 2937//5468 3016//5468
f 3016//5469 2937//5469 3009//5469
f 3015//5470 3016//5471 3017//5470
f 3015//5467 3017//5472 3014//5462
f 3010//5473 3018//5474 3009//5473
f 3016//5474 3009//5473 3018//5474
f 3016//5471 3018//5471 3017//5470
f 3019//5475 2932//5475 3014//5475
f 2932//5476 3019//5476 2926//5476
f 2926//5477 3019//5477 3020//5477
f 3017//5478 3018//5478 1963//5478
f 1963//5479 3018//5479 3010//5479
f 3021//5480 3014//5480 3017//5480
f 3019//5481 3014//5481 3022//5481
f 3022//5482 3014//5482 3021//5482
f 3020//5483 3019//5483 3023//5483
f 3023//5484 3019//5484 3022//5484
f 3020//5485 3023//5485 3024//5485
f 3020//5486 3024//5486 2926//5486
f 3021//5487 3017//5488 1802//5489
f 3021//5490 1802//5490 3022//5490
f 1802//5489 3017//5488 1805//5491
f 1805//5492 3017//5492 1963//5492
f 3022//5493 1802//5493 1804//5493
f 3022//5494 1804//5494 3023//5494
f 1805//5495 1963//5495 3025//5495
f 1805//5496 3025//5496 1803//5496
f 1804//5497 1803//5497 3026//5497
f 3023//5498 1804//5498 3027//5498
f 3027//5499 1804//5499 3026//5499
f 3023//5500 3027//5500 3024//5500
f 3026//5501 1803//5501 3028//5501
f 3026//5502 3028//5502 3027//5502
f 3028//5503 1803//5503 3025//5503
f 3027//5504 3028//5504 3024//5504
f 3028//5505 3025//5505 3029//5505
f 3024//5506 3028//5506 3030//5506
f 3030//5507 3028//5508 3029//5509
f 3029//5510 3025//5511 2665//5512
f 3030//5507 3029//5509 2664//5513
f 2664//5514 3029//5514 2665//5514
f 3030//5515 2664//5515 1787//5515
f 3030//5516 1787//5516 1786//5516
f 3030//5517 1786//5517 3024//5517
f 3024//5518 1786//5518 3031//5518
f 3031//5519 1786//5519 1788//5519
f 3024//5520 3031//5520 2926//5520
f 3031//5521 1788//5521 2652//5521
f 3031//5522 2652//5522 2926//5522
f 2666//5523 2663//5523 3010//5523
f 2663//5524 2665//5524 3032//5524
f 3010//5525 2663//5525 1965//5525
f 1965//5526 2663//5526 3032//5526
f 3010//5527 1965//5527 1964//5527
f 3010//5528 1964//5528 1963//5528
f 1965//5529 3032//5529 1962//5529
f 1962//5530 3032//5530 2665//5530
f 1962//5531 2665//5512 3025//5511
f 1962//5532 3025//5532 1963//5532
f 2979//5533 3033//5533 2977//5533
f 3034//5534 2977//5534 3033//5534
f 3034//5535 2995//5535 2977//5535
f 3034//5536 2980//5536 2995//5536
f 3034//5537 3033//5537 3035//5537
f 3035//5538 3033//5538 3036//5538
f 2019//5539 2950//5540 2020//5541
f 2959//5542 2020//5541 2950//5540
f 2958//5543 2020//5543 2959//5543
f 3034//5544 2983//5544 2980//5544
f 3034//5545 2958//5545 2983//5545
f 3037//5546 2958//5547 3034//5548
f 3037//5546 2020//5549 2958//5547
f 2030//2428 3037//2425 2069//2425
f 2021//5550 3037//5551 2030//5552
f 2020//5553 3037//5551 2021//5550
f 3037//2425 3038//2425 3039//2425
f 3039//2425 2068//2428 3037//2425
f 2069//2425 3037//2425 2068//2428
f 2068//5554 3040//5554 2082//5554
f 2068//5555 3041//5555 3040//5555
f 2068//5556 3039//5556 3041//5556
f 3039//5557 3042//5557 3041//5557
f 3039//5558 3043//5558 3042//5558
f 3034//5559 3035//5559 3044//5559
f 3037//5560 3034//5560 3045//5560
f 3045//5561 3034//5561 3044//5561
f 3038//5562 3037//5562 3045//5562
f 3039//5563 1384//5563 3043//5563
f 3046//5564 3043//5564 1384//5564
f 1384//5565 3039//5565 3038//5565
f 3044//5566 3035//5566 3047//5566
f 3047//5567 3035//5567 3036//5567
f 3047//5568 3048//5569 3044//5570
f 3045//5571 3044//5570 3048//5569
f 3047//5572 3036//5572 3049//5572
f 3038//5573 3045//5573 3050//5573
f 3051//5574 3052//5574 3053//5574
f 3053//5574 3054//5009 3051//5574
f 3054//5009 3053//5574 3055//5574
f 3052//5574 3051//5574 3056//5575
f 3051//5574 3057//5574 3056//5575
f 3036//5576 3056//5575 3057//5574
f 3057//5574 3049//5576 3036//5576
f 3047//5577 3049//5577 3058//5577
f 3047//2425 3058//2425 3048//2425
f 3058//5578 3049//5578 3057//5578
f 3038//5579 3050//5579 1382//5579
f 3038//5580 1382//5580 1384//5580
f 3059//4402 3050//4402 3045//4402
f 3050//5581 3059//5581 1382//5581
f 3059//5582 3045//5582 3060//5582
f 3060//5583 3045//5583 3048//5583
f 3059//5584 3060//5584 3061//5584
f 3059//5585 3061//5585 1382//5585
f 3060//5586 3048//5586 3062//5586
f 3062//5587 3048//5587 3058//5587
f 3063//5588 3064//5588 3065//5588
f 3066//5589 3061//5589 3060//5589
f 3065//5590 3067//5590 3063//5590
f 3066//5591 3062//5592 3068//5592
f 3062//5592 3066//5591 3060//5591
f 3069//5593 3067//5593 3070//5593
f 3068//5594 3062//5594 3058//5594
f 3068//5595 3058//5595 3057//5595
f 3061//5596 3066//5596 3071//5596
f 3071//5597 3066//5597 3068//5597
f 3072//5598 3073//5598 3064//5598
f 3073//5598 3072//5598 3074//5598
f 3075//5599 3074//5598 3072//5598
f 3074//5598 3075//5599 3071//5600
f 3061//5601 3071//5600 3075//5599
f 3075//5602 1382//5602 3061//5603
f 3076//5604 3077//5604 3064//5604
f 3072//5605 1382//5602 3075//5602
f 3073//5606 3070//5606 3067//5607
f 3070//5606 3073//5606 3078//5608
f 3074//5608 3078//5608 3073//5606
f 3078//5608 3074//5608 3071//5608
f 3071//5608 3068//5608 3078//5608
f 3051//5609 3078//5609 3057//5609
f 3054//5609 3070//5609 3078//5609
f 3078//5609 3051//5609 3054//5609
f 3068//5609 3057//5609 3078//5609
f 3054//5610 3055//5610 3069//5610
f 3054//5611 3069//5611 3070//5611
f 3069//5612 3055//5612 3079//5612
f 3079//5613 3055//5613 3080//5613
f 3079//5614 3080//5614 3081//5614
f 3079//5615 3081//5615 3069//5615
f 3080//5616 2987//5616 2989//5616
f 3081//5617 3080//5617 2989//5617
f 3082//5618 2989//5618 2993//5618
f 3082//5619 2993//5619 2975//5619
f 2989//5620 3082//5620 3081//5620
f 3082//5621 2975//5621 2974//5621
f 3069//5622 3081//5622 3083//5622
f 3083//5623 3081//5623 3082//5623
f 2976//5624 3082//5624 2974//5624
f 3069//5625 3083//5626 3084//5627
f 3069//5628 3084//5628 3067//5628
f 3083//5629 3082//5629 3085//5629
f 3083//5626 3085//5630 3084//5627
f 2041//2690 2040//2452 2952//5631
f 2965//2451 2952//5631 2040//2452
f 2964//2428 2965//2428 2040//2428
f 2969//5632 2964//5632 2040//5632
f 3082//5633 2976//5634 2969//5635
f 3086//5636 3082//5633 2969//5635
f 3086//5636 2969//5635 2040//5637
f 3082//5638 3086//5638 3085//5638
f 2051//2452 2074//2452 3086//2451
f 2044//5639 2051//5640 3086//5636
f 2040//5637 2044//5639 3086//5636
f 3085//5641 3086//5641 3087//5641
f 3087//2451 3086//2451 2075//2453
f 2075//2453 2076//2451 3088//2451
f 2075//2453 3088//2451 3087//2451
f 2074//2452 2075//2453 3086//2451
f 3084//5642 3085//5642 3063//5642
f 3084//5643 3063//5643 3067//5643
f 3067//5644 3065//5644 3073//5644
f 3063//5645 3085//5645 3089//5645
f 3089//5646 3085//5646 3087//5646
f 3065//5647 3064//5647 3073//5647
f 3064//5648 3063//5648 3089//5648
f 3089//5649 3087//5649 3076//5649
f 3089//5650 3076//5650 3064//5650
f 3076//5651 3087//5651 3077//5651
f 3077//5652 3087//5652 3088//5652
f 2076//5653 2079//5653 3088//5653
f 3090//5654 3088//5655 2079//5656
f 3091//5657 3088//5655 3090//5654
f 3077//5658 3088//5658 3092//5658
f 3093//5659 3088//5660 3091//5661
f 3092//5662 3088//5660 3093//5659
f 3077//5663 3092//5663 3064//5663
f 3092//5664 3093//5664 3094//5664
f 3094//5665 3095//5665 3092//5665
f 3064//5666 3092//5666 3096//5666
f 3064//5667 3096//5667 3072//5667
f 3072//5668 3096//5668 1382//5668
f 3097//5669 3092//5670 3095//5671
f 3092//5670 3097//5669 3096//5672
f 1382//5673 3096//5673 1383//5673
f 1383//5674 3096//5674 3097//5674
f 1381//5675 1383//5675 3098//5675
f 1381//5676 3046//5676 1384//5676
f 1383//5677 3097//5677 3098//5677
f 3041//5678 3042//5678 3043//5678
f 3099//5679 3040//5680 3041//5681
f 3099//5679 3041//5681 3043//5682
f 3099//5683 3043//5683 1381//5683
f 3046//5684 1381//5684 3043//5684
f 3040//5680 3099//5679 2080//5685
f 2070//5686 2080//5685 3099//5679
f 3099//5687 2104//5687 2067//5687
f 2066//5688 3099//5688 2067//5688
f 2070//5689 3099//5689 2066//5689
f 2105//5690 2104//5690 3100//5690
f 3099//5691 3100//5691 2104//5691
f 2061//5692 2062//5692 3101//5693
f 2071//5694 3101//5693 2062//5692
f 2080//5695 2082//5695 3040//5695
f 3097//5696 3102//5697 3103//5698
f 3099//5699 1381//5699 3098//5699
f 3103//5698 3099//5700 3098//5701
f 3103//5698 3098//5701 3097//5696
f 3099//5702 3103//5702 3100//5702
f 3100//5703 2106//5704 2105//5705
f 3100//5706 3103//5707 3104//5708
f 3100//5703 2107//5709 2106//5704
f 3105//5710 2107//5710 3100//5710
f 3105//5711 3100//5706 3104//5708
f 3105//5712 2109//5712 2107//5712
f 3105//5713 2108//5713 2109//5713
f 3106//5714 2108//5714 3105//5714
f 3106//5715 3105//5715 3104//5715
f 3106//5716 2115//5716 2086//5716
f 3106//5716 2103//5717 2115//5716
f 2086//5716 2108//5716 3106//5716
f 3104//5718 3103//5719 3102//5720
f 3102//5720 3107//5721 3104//5718
f 3106//5722 3104//5722 3107//5722
f 3107//5723 3108//5723 3106//5723
f 3106//5724 3108//5724 2103//5724
f 2101//5725 2103//5725 3108//5725
f 3108//5725 2099//5725 2101//5725
f 3108//5725 2098//5725 2099//5725
f 3109//5726 3110//5726 3102//5727
f 3102//5727 3097//5727 3109//5726
f 3091//5728 3090//5728 3109//5728
f 3093//5729 3091//5730 3109//5731
f 3094//5732 3093//5729 3109//5731
f 3097//5733 3095//5733 3094//5733
f 3097//5734 3094//5734 3109//5734
f 2071//5735 2072//5735 3111//5736
f 3101//5693 2071//5694 3111//5737
f 3107//5738 3110//5739 3112//5740
f 3110//5739 3107//5738 3102//5741
f 3108//5742 3112//5742 3113//5742
f 3112//5743 3108//5743 3107//5743
f 2096//5744 2098//5744 3113//5744
f 3108//5745 3113//5745 2098//5745
f 3113//5746 2097//5746 2096//5746
f 3113//5747 3112//5747 2522//5747
f 2522//5748 3112//5749 3110//5750
f 2522//5751 2095//5751 2097//5751
f 3113//5752 2522//5752 2097//5752
f 2522//5748 3110//5750 2525//5753
f 2525//5754 3110//5754 3109//5754
f 2077//5755 2078//5755 2525//5755
f 3109//5756 2077//5756 2525//5756
f 2525//5757 2063//5757 2093//5757
f 2064//5758 2063//5758 2525//5758
f 2078//5759 2064//5759 2525//5759
f 3111//5736 2073//5760 2081//5760
f 2073//5760 3111//5736 2072//5735
f 2077//5761 3109//5762 2079//5763
f 3090//5764 2079//5763 3109//5762
f 3114//5765 3115//5765 3116//5765
f 3117//5766 3118//5767 3119//2549
f 3120//5768 3119//2549 3118//5767
f 3115//5769 3121//5769 3122//5769
f 3119//5770 2922//5770 3117//5770
f 3118//5771 3117//5771 3123//5771
f 3123//5772 3117//5772 3124//5772
f 3124//5773 3117//5773 2922//5773
f 3123//5774 3124//5774 3125//5774
f 3123//5775 3125//5775 3126//5775
f 3123//5776 3126//5776 3118//5776
f 3118//5777 3126//5778 3127//5779
f 3126//5778 3128//5780 3127//5779
f 3129//5781 3130//5781 3116//5782
f 3114//5783 3116//5782 3130//5781
f 3120//5784 3118//5784 3131//5785
f 3132//5785 3131//5785 3118//5784
f 3118//5777 3127//5779 3132//5786
f 3126//5787 3133//5788 3128//5789
f 3126//5787 3125//5790 3133//5788
f 3125//5791 3134//5791 3133//5791
f 1725//5792 1726//5792 3120//5792
f 3119//5793 3120//5793 1726//5793
f 3125//5794 3135//5794 3134//5794
f 3120//5795 1723//5796 1724//5797
f 1723//5796 3120//5795 3136//5798
f 3120//5795 3131//5799 3136//5798
f 1724//5800 1725//5800 3120//5800
f 1720//5801 1722//5801 1723//5801
f 1728//5802 1720//5802 1723//5802
f 1719//5803 1728//5803 1723//5803
f 1717//5804 1719//5804 1723//5804
f 3137//5805 3138//5805 1717//5805
f 3137//5806 1717//5806 1723//5806
f 3136//5807 3137//5807 1723//5807
f 3125//5808 3139//5808 3135//5808
f 3125//5809 3140//5809 3139//5809
f 3125//5810 3141//5811 3140//5812
f 3141//5811 3142//5813 3140//5812
f 3141//5814 3125//5814 3124//5814
f 3141//5815 3124//5815 3143//5815
f 3143//5816 3124//5816 2922//5816
f 3141//5817 3144//5817 3142//5817
f 3141//5818 3143//5819 3145//5820
f 3143//5819 3146//5821 3145//5820
f 3141//5822 3145//5822 3144//5822
f 3143//5823 2924//5824 3146//5825
f 2924//5824 3147//5826 3146//5825
f 2924//5827 3143//5827 2922//5827
f 2924//5828 3148//5828 3147//5828
f 3149//5829 3150//5829 3151//5829
f 2924//5830 3149//5830 3148//5830
f 3149//5831 3151//5831 3148//5831
f 1740//5832 3149//5832 1738//5832
f 3150//5833 3149//5833 1740//5833
f 3150//5834 1740//5834 1739//5834
f 3149//5835 2924//5835 2923//5835
f 1736//5836 2923//5837 1734//5838
f 3149//5839 2923//5837 1736//5836
f 1736//5836 1738//5840 3149//5839
f 1746//5841 1737//5841 2923//5841
f 1734//5842 2923//5842 1737//5842
f 1747//5843 1746//5844 2922//5845
f 2923//5846 2922//5845 1746//5844
f 1744//5847 1747//5847 2922//5847
f 1743//5848 1744//5849 3119//5850
f 2922//5851 3119//5850 1744//5849
f 1727//5852 1729//5852 1733//5852
f 1727//5853 1733//5853 1743//5853
f 1727//5854 1743//5855 3119//5856
f 1726//5857 1727//5854 3119//5856
f 3152//5858 2091//5859 2090//5860
f 3152//5858 2090//5860 2088//5861
f 2088//5862 3153//5862 3152//5862
f 3153//5863 2085//5864 3154//5865
f 2085//5864 3153//5863 2088//5866
f 2085//5867 2087//5867 3154//5868
f 2116//5869 3154//5868 2087//5867
f 2100//5869 3155//5869 2116//5869
f 3154//5868 2116//5869 3155//5869
f 3156//5870 2091//5870 3152//5870
f 2091//5871 3156//5871 2089//5871
f 3156//5872 2092//5872 2089//5872
f 2100//5873 2118//5874 3157//5875
f 3155//5876 2100//5873 3157//5875
f 3158//2452 2113//2452 2117//2451
f 3158//2452 2112//2690 2113//2452
f 2112//5877 3158//5877 3159//5877
f 3160//5878 2110//5878 2111//5878
f 3159//5879 2111//5879 2112//5879
f 2111//5880 3159//5880 3160//5880
f 3160//5881 2084//5881 2110//5881
f 2084//5882 3160//5882 3161//5882
f 2102//5883 3157//5884 2118//5884
f 2084//5885 3161//5885 2083//5886
f 3157//5884 2102//5883 2119//5886
f 2119//5886 2083//5886 3161//5885
f 3157//5884 2119//5886 3161//5885
f 2750//5887 3162//5887 3163//5887
f 3163//5888 3162//5888 3164//5888
f 3164//5889 3162//5889 3165//5889
f 3163//5890 3164//5891 3166//5892
f 3164//5893 3165//5893 3167//5893
f 3164//5894 3167//5894 3166//5894
f 3165//5895 3162//5895 3168//5895
f 3168//5896 3162//5897 3169//5898
f 3169//5899 3162//5899 2750//5899
f 3165//5900 3168//5900 3170//5900
f 3167//5901 3165//5901 3171//5901
f 3171//5902 3165//5902 3170//5902
f 3171//5903 3170//5903 3172//5903
f 3170//5904 3168//5904 3173//5904
f 3170//5905 3173//5905 3172//5905
f 3173//5906 3168//5896 3169//5898
f 3171//5907 3172//5907 3174//5907
f 3174//5908 3172//5908 3173//5908
f 3167//5909 3171//5909 3175//5909
f 3175//5910 3171//5910 3174//5910
f 3173//2455 3176//2458 3177//2689
f 3173//2455 3177//2689 3174//5131
f 3174//5911 3177//5911 3175//5911
f 3173//5906 3169//5898 3178//5912
f 3176//5913 3173//5913 3178//5913
f 3177//5914 3176//5915 2265//5916
f 3177//5914 2265//5916 3175//5917
f 3176//5918 3178//5918 3179//5918
f 3176//5919 3179//5919 2265//5919
f 3178//5920 3169//5921 3180//5922
f 3179//5923 3178//5923 3181//5923
f 3181//5924 3178//5920 3180//5922
f 3180//5925 3169//5926 2750//5927
f 3179//5928 3181//5928 3182//5928
f 2265//5929 3179//5929 2266//5929
f 2266//5930 3179//5930 3182//5930
f 3182//5931 3181//5931 3183//5931
f 3182//5932 3183//5932 2266//5932
f 3181//5933 3180//5933 3184//5933
f 3184//5934 3180//5934 3185//5934
f 3181//5935 3184//5935 3186//5935
f 3181//5936 3186//5936 3183//5936
f 3184//5937 3185//5937 3187//5937
f 3184//5938 3187//5938 3186//5938
f 3185//5939 3180//5939 2748//5939
f 2748//5940 3180//5925 2750//5927
f 3185//5941 2748//5941 3187//5941
f 3183//5942 3186//5942 3188//5942
f 3188//5943 3186//5943 3187//5943
f 3183//5944 3188//5945 3013//5944
f 3013//5946 3188//5946 3187//5946
f 3183//5944 3013//5944 3189//5947
f 3183//5948 3189//5948 2266//5948
f 3189//5949 3013//5949 3012//5949
f 2266//5950 3189//5950 3190//5950
f 3190//5951 3189//5951 3012//5951
f 2266//5952 3190//5952 2264//5952
f 2265//5953 2264//5953 3175//5953
f 3011//5954 3013//5954 3187//5954
f 3011//5955 3187//5955 2747//5955
f 2747//5956 3187//5956 2748//5956
f 3011//5957 2747//5957 3191//5957
f 3191//5958 2747//5958 2749//5958
f 3011//5959 3191//5959 3192//5959
f 3011//5960 3192//5960 3012//5960
f 2751//5961 2750//5961 3163//5961
f 3191//5962 2749//5962 2137//5962
f 2749//5963 2751//5964 2161//5964
f 2749//5965 2161//5965 2137//5965
f 2161//5964 2751//5964 2160//5966
f 2160//5967 2751//5967 3163//5967
f 2137//5968 2161//5968 2138//5968
f 2160//5969 3163//5969 3193//5969
f 3193//5970 3163//5890 3166//5892
f 2161//5971 2158//5971 2138//5971
f 2160//5972 3193//5972 2159//5972
f 2138//5973 2158//5973 2157//5973
f 2138//5974 2157//5974 2613//5974
f 2136//5975 2138//5975 2613//5975
f 2137//5976 2136//5976 3191//5976
f 2136//5977 2613//5977 2997//5977
f 3191//5978 2136//5978 3194//5978
f 3194//5979 2136//5979 2997//5979
f 3191//5980 3194//5980 3192//5980
f 3194//5981 2140//5982 2131//5983
f 3194//5981 2131//5983 2130//5984
f 2140//5982 3194//5981 2997//5985
f 3192//5986 3194//5987 3195//5988
f 3192//5986 3195//5988 3012//5989
f 3194//5990 2130//5990 2132//5990
f 3194//5991 2132//5992 3196//5993
f 3195//5994 3194//5994 3197//5994
f 3197//5995 3194//5991 3196//5993
f 2998//5996 3196//5996 2133//5996
f 2132//2451 2133//2451 3196//2451
f 3195//5997 3197//5997 3198//5997
f 3198//5998 3197//5999 3196//6000
f 3012//6001 3195//6001 3199//6001
f 3199//6002 3195//6002 3198//6002
f 3012//6003 3199//6003 3190//6003
f 3190//6004 3199//6004 2264//6004
f 3196//6005 2998//6005 3200//6005
f 3200//6006 2998//6006 2720//6006
f 3200//6007 2720//6007 2721//6007
f 3122//3818 3201//3818 3202//3818
f 3203//2454 3204//2458 3205//2455
f 3206//2690 3207//6008 3208//2690
f 2735//2451 3203//2454 3205//2455
f 3204//2458 3203//2454 3193//2451
f 3207//6008 3205//2455 3204//2458
f 3205//2455 3206//2690 2731//2451
f 2735//2451 3205//2455 2731//2451
f 3205//2455 3207//6008 3206//2690
f 3206//2690 2727//2451 2731//2451
f 3209//2452 3208//2690 3207//6008
f 2727//2451 3206//2690 3208//2690
f 3210//2451 3200//2451 2721//2451
f 3200//2451 3210//2451 3196//2451
f 2721//2451 2727//2451 3210//2451
f 3196//6000 3210//6009 3198//5998
f 3210//6009 2727//6010 3198//5998
f 3209//6011 2264//6011 3199//6011
f 3209//6012 3199//6012 3198//6012
f 3198//6013 2727//6014 3208//6015
f 3198//6013 3208//6015 3209//6016
f 3209//6017 3207//6018 2264//6019
f 2264//6019 3207//6018 3211//6020
f 2264//6021 3211//6021 3175//6021
f 3175//6022 3211//6022 3212//6022
f 3212//6023 3211//6024 3207//6025
f 3175//3674 3212//3674 3167//3674
f 3167//6026 3212//6026 3166//6026
f 3212//6023 3207//6025 3204//6027
f 3212//6028 3204//6028 3166//6028
f 3166//6029 3204//6029 3193//6029
f 3203//6030 2735//6031 2159//6032
f 3203//6030 2159//6032 3193//6033
f 3116//6034 2424//6034 2423//6034
f 3129//6035 3116//6036 2421//6037
f 2423//6038 2421//6037 3116//6036
f 2421//6039 2420//6039 3129//6039
f 3213//6040 3129//6040 2420//6040
f 2420//6041 2422//6042 2426//6043
f 2420//6041 2426//6043 2427//6044
f 2420//6045 2427//6045 2428//6045
f 2428//6046 2429//6047 3213//6048
f 2420//6049 2428//6046 3213//6048
f 2432//6050 3213//6048 2429//6047
f 2425//6051 3116//6051 3115//6051
f 3116//6052 2425//6052 2424//6052
f 3114//6053 3130//6053 3214//6053
f 3215//6054 3114//6054 3216//6054
f 3114//6055 3214//6055 3216//6055
f 3114//6056 3215//6056 3115//6056
f 3217//6057 3215//6058 3218//6059
f 3215//6060 3216//6060 3218//6060
f 3217//6057 3218//6059 3219//6061
f 3217//6062 3219//6062 3220//6062
f 3221//6063 3215//6063 3217//6063
f 3215//6064 3221//6064 3115//6064
f 3221//6065 3217//6065 3222//6065
f 3222//6066 3217//6067 3223//6068
f 3217//6067 3220//6069 3223//6068
f 3115//6070 3221//6070 3224//6070
f 3224//6071 3221//6071 3222//6071
f 3115//6072 3224//6072 3121//6072
f 3224//6073 3222//6073 3225//6073
f 3224//6074 3225//6074 3121//6074
f 3222//6075 3223//6075 3226//6075
f 3225//6076 3222//6076 3227//6076
f 3222//6077 3228//6077 3227//6077
f 3222//6078 3226//6078 3228//6078
f 3225//6079 3227//6079 3229//6079
f 3121//6080 3225//6080 3201//6080
f 3201//6081 3225//6081 3230//6081
f 3225//6082 3229//6082 3230//6082
f 3201//6083 3230//6083 3231//6083
f 3122//6084 3121//6084 3201//6084
f 3202//6085 3201//6085 3231//6085
f 3115//6086 3122//6087 2404//6088
f 3115//6086 2404//6088 2406//6089
f 3115//6090 2406//6091 2405//6092
f 3115//6090 2405//6092 2407//6093
f 3115//6090 2407//6093 2419//6094
f 3115//6090 2419//6094 2425//6095
f 3122//6096 3202//6097 2402//6098
f 3122//6096 2402//6098 2401//6099
f 3122//6100 2401//6100 2404//6100
f 2403//6101 2402//6101 3202//6101
f 3202//6102 2409//6102 2403//6102
f 3202//6103 3232//6103 2409//6103
f 2410//6104 2409//6103 3232//6103
f 3232//6105 3202//6105 3233//6105
f 3202//6106 3231//6106 3233//6106
f 3232//6107 2411//6107 2410//6107
f 3232//6108 3234//6108 2411//6108
f 2412//6109 2411//6109 3234//6109
f 3232//6110 3233//6110 3234//6110
f 3235//4203 3236//4188 3237//4188
f 3238//4188 3236//4188 3239//4188
f 2453//4189 2473//4188 3240//6111
f 1389//4188 1528//4188 1390//4203
f 1387//4189 1528//4188 1389//4188
f 1400//4188 1528//4188 1387//4189
f 3237//4188 2452//4188 3235//4203
f 3241//4188 2473//4188 2479//4188
f 2438//4188 2437//4188 3242//4188
f 3236//4188 3243//4188 3244//4188
f 3152//4188 3245//4188 3246//4188
f 3152//4188 3247//4206 3245//4188
f 3248//4189 3249//4188 3250//4189
f 3238//4188 1698//4188 3243//4188
f 3226//4188 3251//4188 3228//4188
f 3226//4188 3252//4188 3251//4188
f 3244//4188 3237//4188 3236//4188
f 2443//4188 2447//6112 3253//4188
f 2444//4188 2447//6112 2443//4188
f 1690//4206 1691//6113 2443//4188
f 3254//4189 1690//4206 3253//4188
f 3243//4188 1698//4188 3255//4188
f 3253//4188 2447//6112 3254//4189
f 3256//4206 1693//4188 3254//4189
f 3254//4189 2447//6112 3256//4206
f 3257//6114 1692//4188 3256//4206
f 3258//4206 3259//4188 3260//4188
f 3261//4188 3262//4206 3263//4188
f 3243//4188 3236//4188 3238//4188
f 3257//6114 3256//4206 2447//6112
f 3264//6115 2481//6116 2438//4204
f 3242//4188 2437//4188 1712//4188
f 2462//4188 3265//4188 3266//6111
f 2438//4204 3242//6117 3264//6115
f 1712//6118 3264//6115 3242//6117
f 3267//4206 2482//4206 2481//4206
f 2481//6116 3264//6115 3267//6119
f 3268//6120 2483//6116 2482//4199
f 1712//6118 3267//6119 3264//6115
f 2482//6121 3267//4204 3268//6122
f 1712//6123 3268//6122 3267//4204
f 3269//6124 2588//6125 2589//6126
f 1696//6127 3270//6128 3269//6124
f 3270//6128 2447//6112 2588//6125
f 3241//4188 3271//4188 2473//4188
f 3272//4189 3273//4206 2480//4188
f 2447//6112 3270//6128 3257//6114
f 3274//6129 3275//6130 2483//6131
f 2483//6131 3276//6132 3274//6129
f 2483//6116 3268//6120 3276//6133
f 3277//4206 2288//4188 2461//4188
f 1696//6127 3257//6114 3270//6128
f 1712//6134 3276//6133 3268//6120
f 3278//6135 2484//6136 2483//6137
f 2462//4188 2288//4188 3265//4188
f 3266//6111 3265//4188 1696//6127
f 2484//6136 3278//6135 3279//6138
f 1696//6127 3269//6124 3280//6139
f 3280//6139 2589//6126 2590//6140
f 2588//6125 3269//6124 3270//6128
f 1696//6127 3280//6139 3281//6141
f 3281//6141 2590//6140 2591//6142
f 2589//6126 3280//6139 3269//6124
f 1696//6127 3281//6141 3282//4188
f 3282//4188 2591//6142 2592//4188
f 2590//6140 3281//6141 3280//6139
f 1696//6127 3282//4188 3266//6111
f 3266//6111 2592//4188 2462//4188
f 2591//6142 3282//4188 3281//6141
f 3279//6138 2485//6143 2484//6136
f 3275//4189 3274//6144 3283//6111
f 2479//4188 2480//4188 3273//4206
f 2592//4188 3266//6111 3282//4188
f 3284//4188 1696//6127 3265//4188
f 2290//4188 2461//4188 2288//4188
f 1712//4188 3273//4206 3272//4189
f 2479//4188 3273//4206 3241//4188
f 3285//4188 3286//4188 3287//4188
f 3284//4188 3265//4188 2288//4188
f 3288//4189 3245//4188 3289//6111
f 3288//4189 3289//6111 3290//4206
f 1698//4188 3284//4188 3277//4206
f 1712//4188 3241//4188 3273//4206
f 3240//6111 2473//4188 3271//4188
f 1698//4188 3277//4206 3291//4188
f 3291//4188 2461//4188 2460//4206
f 2479//4188 2473//4188 2474//4206
f 2288//4188 3277//4206 3284//4188
f 1698//4188 3291//4188 3292//4188
f 2455//4203 3293//6145 3292//4188
f 2461//4188 3291//4188 3277//4206
f 1698//4188 3292//4188 3293//6145
f 2460//4206 3292//4188 3291//4188
f 3294//4188 3295//4188 3296//4188
f 3297//4189 3295//4188 3294//4188
f 3298//4189 3295//4188 3297//4189
f 3299//4189 3295//4188 3298//4189
f 1739//4188 3295//4188 3299//4189
f 1741//4188 3295//4188 1739//4188
f 1698//4188 3293//6145 3285//4188
f 3292//4188 2454//4203 2455//4203
f 3292//4188 2460//4206 2454//4203
f 3285//4188 3255//4188 1698//4188
f 2455//4203 3285//4188 3293//6145
f 3259//4188 1741//4188 1732//4188
f 1712//4188 3271//4188 3241//4188
f 3300//6111 3301//4189 2452//4188
f 3300//6111 2452//4188 2453//4189
f 3302//4188 3303//4189 3304//4189
f 3302//4188 3305//4188 3303//4189
f 3306//4188 3307//4189 3308//4188
f 3309//4188 2431//4188 3310//4206
f 2453//4189 3240//6111 3300//6111
f 3311//6113 2452//4188 3301//4189
f 3312//4188 3313//4188 3314//4189
f 3315//4188 3308//4188 3307//4189
f 3301//4189 3316//4188 3311//6113
f 3317//4188 3235//4203 3318//6111
f 3319//4188 3320//4188 3321//4188
f 3311//6113 3318//6111 3235//4203
f 3322//4206 3323//4203 3324//4203
f 3322//4206 3325//4188 3323//4203
f 3235//4203 2452//4188 3311//6113
f 1707//4188 1705//4188 1709//4188
f 1433//4188 3326//4188 1437//4188
f 3327//4188 3323//4203 3325//4188
f 3250//4189 3328//4188 3248//4189
f 3250//4189 3329//4188 3328//4188
f 3330//4188 3331//4188 3286//4188
f 3326//4188 2459//4188 3332//4188
f 3326//4188 3333//4188 2459//4188
f 3334//4189 3296//4188 3323//4203
f 3335//4188 3296//4188 3334//4189
f 3336//4188 3298//4189 3337//4188
f 2436//4188 2435//4188 1709//4188
f 1712//4188 2437//4188 1708//4188
f 3127//4188 3131//4203 3132//4188
f 3338//4206 3314//4189 3339//4189
f 3338//4206 3317//4188 3314//4189
f 3340//4189 3341//4189 3313//4188
f 2433//4189 1710//4206 2435//4188
f 2435//4188 2434//4188 2433//4189
f 2122//4188 2128//4189 2121//4206
f 1694//4189 2443//4188 1691//6113
f 2443//4188 3253//4188 1690//4206
f 3274//6146 3272//4189 3279//4203
f 2441//4189 2443//4188 1694//4189
f 3342//4188 2455//4203 1437//4188
f 3343//4188 3344//4188 3345//4188
f 3343//4188 3346//4189 3344//4188
f 3343//4188 3342//4188 3346//4189
f 3343//4188 2455//4203 3342//4188
f 3347//4189 2455//4203 3343//4188
f 3285//4188 3347//4189 3286//4188
f 3285//4188 2455//4203 3347//4189
f 1690//4206 3254//4189 1693//4188
f 1693//4188 3256//4206 1692//4188
f 1696//6127 1692//4188 3257//6114
f 1698//4188 1696//6127 3284//4188
f 3348//4188 3349//4188 3350//4188
f 3152//4188 3351//4206 3247//4206
f 2114//4188 2418//4188 2415//4203
f 2440//4188 2441//4189 1695//4188
f 1694//4189 1695//4188 2441//4189
f 1695//4188 2439//4188 2440//4188
f 2413//4188 2414//4188 2114//4188
f 2117//4188 2114//4188 3352//4188
f 2114//4188 2415//4203 2413//4188
f 3353//4206 3354//4188 3355//4188
f 2114//4188 2129//4189 2418//4188
f 3356//6111 3250//4189 3249//4188
f 2114//4188 2128//4189 2129//4189
f 3357//4206 3358//4188 1698//4188
f 2114//4188 2121//4206 2128//4189
f 3276//4188 3272//4189 3274//6146
f 1712//4188 3272//4189 3276//4188
f 3357//4206 3356//6111 3359//4188
f 3358//4188 3263//4188 3360//4188
f 3358//4188 3357//4206 3263//4188
f 3361//4188 2414//4188 2416//4188
f 3245//4188 3362//6111 3363//4189
f 3364//4188 3365//4206 3366//4189
f 1698//4188 3238//4188 3356//6111
f 3220//4188 3367//4206 3223//4188
f 3220//4188 3368//4188 3367//4206
f 3369//4188 3294//4188 3335//4188
f 3324//4203 3323//4203 3370//4189
f 3368//4188 3220//4188 3219//4188
f 3365//4206 3258//4206 3371//4188
f 3237//4188 3244//4188 3372//4189
f 3272//4189 2480//4188 2485//4189
f 1706//4188 2436//4188 1705//4188
f 1711//4188 1710//4206 2433//4189
f 1709//4188 2435//4188 1710//4206
f 3248//4189 3328//4188 3245//4188
f 3142//4188 3144//4188 3127//4188
f 1709//4188 1705//4188 2436//4188
f 1708//4188 2437//4188 1706//4188
f 2436//4188 1706//4188 2437//4188
f 3322//4206 3373//4188 3239//4188
f 3324//4203 3373//4188 3322//4206
f 3370//4189 3373//4188 3324//4203
f 3148//4188 3127//4188 3147//6111
f 3321//4188 3300//6111 3240//6111
f 3136//4188 3319//4188 3137//4188
f 3127//4188 3319//4188 3136//4188
f 3127//4188 3374//4188 3319//4188
f 3375//4188 3325//4188 3376//4188
f 3375//4188 3377//4188 3325//4188
f 3378//4188 3369//4188 3335//4188
f 3378//4188 3127//4188 3369//4188
f 3379//4188 3127//4188 3378//4188
f 3377//4188 3127//4188 3380//4188
f 3152//4188 3381//4188 3351//4206
f 3371//4188 3366//4189 3365//4206
f 2060//4203 1716//4188 1715//4203
f 1714//4189 1755//4206 2060//4203
f 1792//4188 1760//4203 1761//4189
f 1793//4188 1760//4203 1792//4188
f 1795//4206 1760//4203 1793//4188
f 2060//4203 1715//4203 1714//4189
f 2060//4203 1755//4206 2058//6111
f 1795//4206 1755//4206 1760//4203
f 1739//4188 3299//4189 3382//4188
f 3383//4189 3152//4188 3303//4189
f 3304//4189 3303//4189 3152//4188
f 1795//4206 2058//6111 1755//4206
f 3260//4188 3366//4189 3371//4188
f 3260//4188 3384//4206 3366//4189
f 3385//4188 3383//4189 3305//4188
f 3156//4206 3152//4188 3383//4189
f 3303//4189 3305//4188 3383//4189
f 3305//4188 3302//4188 1716//4188
f 3386//4188 3354//4188 2414//4188
f 3304//4189 3364//4188 3302//4188
f 3152//4188 3364//4188 3304//4189
f 3258//4206 3387//4188 3388//4206
f 3365//4206 3387//4188 3258//4206
f 3152//4188 3246//4188 3387//4188
f 3383//4189 3385//4188 2092//6147
f 3245//4188 3389//4188 3362//6111
f 3390//4188 3391//4188 3392//4206
f 3238//4188 3329//4188 3250//4189
f 3238//4188 3239//4188 3329//4188
f 3158//4188 3152//4188 3159//4188
f 3393//4188 3247//4206 3386//4188
f 3245//4188 3247//4206 3393//4188
f 3245//4188 3359//4188 3249//4188
f 3159//4188 3152//4188 3160//4188
f 3160//4188 3152//4188 3161//4188
f 3394//4189 3245//4188 3328//4188
f 3161//4188 3152//4188 3157//4188
f 3157//4188 3152//4188 3155//4188
f 3155//4188 3152//4188 3154//4188
f 3137//4188 3321//4188 3271//4188
f 3154//4188 3152//4188 3153//4188
f 3127//4188 3315//4188 3374//4188
f 3319//4188 3374//4188 3320//4188
f 3127//4188 3136//4188 3131//4203
f 3318//6111 3311//6113 3395//4188
f 3296//4188 3335//4188 3294//4188
f 3380//4188 3127//4188 3379//4188
f 3376//4188 3325//4188 3322//4206
f 3373//4188 3370//4189 3290//4206
f 3146//6111 3127//4188 3145//4188
f 3150//4188 3127//4188 3151//4188
f 3315//4188 3396//6113 3397//4188
f 3315//4188 3340//4189 3396//6113
f 3127//4188 3340//4189 3315//4188
f 3370//4189 3323//4203 3296//4188
f 3337//4188 3297//4189 3369//4188
f 3294//4188 3369//4188 3297//4189
f 3147//6111 3127//4188 3146//6111
f 3297//4189 3337//4188 3298//4189
f 3369//4188 3127//4188 3337//4188
f 3151//4188 3127//4188 3148//4188
f 3298//4189 3336//4188 3299//4189
f 3127//4188 3140//4189 3142//4188
f 3145//4188 3127//4188 3144//4188
f 3140//4189 3127//4188 3139//4189
f 3127//4188 3134//4189 3135//4188
f 3139//4189 3127//4188 3135//4188
f 3134//4189 3127//4188 3133//4188
f 3133//4188 3127//4188 3128//6111
f 1400//4188 1530//4188 1529//4188
f 3286//4188 3347//4189 3330//4188
f 3398//4206 3399//4189 2459//4188
f 3381//4188 3158//4188 3400//4188
f 3152//4188 3158//4188 3381//4188
f 3401//4188 3402//4206 3403//4188
f 3401//4188 3404//4206 3402//4206
f 3405//4188 3404//4206 3406//4206
f 3407//4188 3404//4206 3405//4188
f 1400//4188 1529//4188 1528//4188
f 2456//4188 3408//4188 2457//4188
f 3245//4188 3261//4188 3359//4188
f 3409//6113 3407//4188 3410//6148
f 2485//4189 3279//4203 3272//4189
f 3382//4188 3299//4189 3336//4188
f 3283//6149 3274//6150 3278//6135
f 3403//4188 3130//6111 3129//4188
f 3382//4188 3150//4188 1739//4188
f 3382//4188 3127//4188 3150//4188
f 3411//4188 3251//4188 3252//4188
f 3412//6113 3251//4188 3411//4188
f 3336//4188 3127//4188 3382//4188
f 3337//4188 3127//4188 3336//4188
f 3279//6138 3278//6135 3274//6150
f 3413//4188 3414//6112 3415//4188
f 3416//6151 3414//6112 3413//4188
f 3332//4188 1437//4188 3326//4188
f 2456//4188 2459//4188 3333//4188
f 3417//4188 1400//4188 3418//4188
f 3419//4188 1400//4188 3417//4188
f 1437//4188 3332//4188 3342//4188
f 3333//4188 1400//4188 3408//4188
f 3343//4188 3420//4188 3347//4189
f 1400//4188 1531//4188 1530//4188
f 1400//4188 1533//4188 1531//4188
f 1400//4188 1534//4188 1533//4188
f 3399//4189 3342//4188 3332//4188
f 1400//4188 1535//4188 1534//4188
f 1400//4188 1429//4189 1535//4188
f 1429//4189 1400//4188 1430//4188
f 3332//4188 2459//4188 3399//4189
f 1430//4188 1400//4188 1435//4188
f 1435//4188 1400//4188 1432//4188
f 2458//4189 3421//4188 2464//4188
f 2458//4189 3422//4189 3421//4188
f 2457//4188 3422//4189 2458//4189
f 1432//4188 3423//4188 1433//4188
f 1432//4188 3333//4188 3423//4188
f 1432//4188 1400//4188 3333//4188
f 3422//4189 2457//4188 3408//4188
f 3330//4188 3347//4189 3420//4188
f 3424//4206 3425//6111 3426//4206
f 3387//4188 3427//4206 3295//4188
f 2471//4206 1400//4188 2472//4206
f 2060//4203 2092//6147 3385//4188
f 1393//4206 2472//4206 1400//4188
f 1411//4188 2472//4206 1393//4206
f 3260//4188 1732//4188 1731//4188
f 3250//4189 3356//6111 3238//4188
f 3152//4188 3365//4206 3364//4188
f 3152//4188 3387//4188 3365//4206
f 3384//4206 1716//4188 3302//4188
f 3412//6113 3407//4188 3409//6113
f 3249//4188 3359//4188 3356//6111
f 3359//4188 3261//4188 3357//4206
f 3363//4189 3362//6111 3428//4203
f 3428//4203 3262//4206 3363//4189
f 3429//4189 3262//4206 3430//4206
f 3360//4188 3262//4206 3429//4189
f 3360//4188 3263//4188 3262//4206
f 3390//4188 2408//4206 2412//4188
f 3431//4206 2408//4206 3390//4188
f 3381//4188 3400//4188 3432//4188
f 3433//4188 2416//4188 2417//4206
f 2117//4188 3400//4188 3158//4188
f 3329//4188 3239//4188 3373//4188
f 3388//4206 3295//4188 1741//4188
f 3296//4188 3290//4206 3370//4189
f 3432//4188 3352//4188 3434//4188
f 3246//4188 3245//4188 3288//4189
f 3246//4188 3288//4189 3427//4206
f 3364//4188 3366//4189 3384//4206
f 3290//4206 3296//4188 3295//4188
f 3351//4206 3432//4188 3355//4188
f 3390//4188 2412//4188 3391//4188
f 3393//4188 3361//4188 3433//4188
f 3435//4188 3407//4188 3411//4188
f 3245//4188 3363//4189 3261//4188
f 3428//4203 3390//4188 3436//4188
f 3437//4188 3407//4188 3435//4188
f 3438//4189 3439//6111 3440//4189
f 3431//4206 3428//4203 3362//6111
f 3352//4188 3400//4188 2117//4188
f 3352//4188 3432//4188 3400//4188
f 3416//6151 3407//4188 3441//6152
f 3411//4188 3407//4188 3412//6113
f 3320//4188 3301//4189 3300//6111
f 3395//4188 3311//6113 3316//4188
f 3442//6153 3407//4188 3443//4206
f 3320//4188 3316//4188 3301//4189
f 3306//4188 3312//4188 3444//4206
f 3377//4188 3375//4188 3445//4188
f 2470//4189 2469//4203 3418//4188
f 3446//4188 3239//4188 3236//4188
f 3447//4206 3239//4188 3446//4188
f 3448//4189 3239//4188 3447//4206
f 3375//4188 3239//4188 3448//4189
f 3376//4188 3239//4188 3375//4188
f 3322//4206 3239//4188 3376//4188
f 3127//4188 3377//4188 3340//4189
f 3449//4188 3447//4206 3339//4189
f 3315//4188 3397//4188 3308//4188
f 2431//4188 3309//4188 2432//4188
f 3407//4188 3402//4206 3404//4206
f 3450//4188 1698//4188 3406//4206
f 2431//4188 1698//4188 3450//4188
f 3451//4206 1698//4188 3358//4188
f 3452//4188 1698//4188 3451//4206
f 3407//4188 1698//4188 3452//4188
f 3405//4188 1698//4188 3407//4188
f 3406//4206 1698//4188 3405//4188
f 3441//6152 3407//4188 3442//6153
f 3310//4206 3213//4188 3309//4188
f 3401//4188 3213//4188 3310//4206
f 3403//4188 3214//4188 3130//6111
f 3453//6111 3214//4188 3403//4188
f 3412//6113 3454//6113 3251//4188
f 3409//6113 3454//6113 3412//6113
f 3406//4206 3404//4206 3450//4188
f 3455//6113 3456//4189 3457//4188
f 3432//4188 3434//4188 3353//4206
f 3374//4188 3307//4189 3316//4188
f 3345//4188 3344//4188 3458//6111
f 1731//4188 3384//4206 3260//4188
f 1731//4188 1716//4188 3384//4206
f 3437//4188 3368//4188 3457//4188
f 3459//4206 3456//4189 3455//6113
f 3459//4206 3460//4189 3456//4189
f 3455//6113 3219//4188 3218//4188
f 3457//4188 3219//4188 3455//6113
f 3459//4206 3218//4188 3216//4188
f 3455//6113 3218//4188 3459//4206
f 3435//4188 3252//4188 3367//4206
f 3411//4188 3252//4188 3435//4188
f 3325//4188 3377//4188 3327//4188
f 3403//4188 3461//4188 3453//6111
f 3403//4188 3402//4206 3461//4188
f 3453//6111 3460//4189 3459//4206
f 3453//6111 3461//4188 3460//4189
f 2452//4188 3237//4188 3462//4188
f 3463//4188 2452//4188 3462//4188
f 3464//4188 2452//4188 3463//4188
f 2466//4188 2465//4188 3465//4188
f 3466//4189 3425//6111 3458//6111
f 3463//4188 3372//4189 3464//4188
f 3462//4188 3372//4189 3463//4188
f 3438//4189 3458//6111 3425//6111
f 3420//4188 3467//4188 3330//4188
f 3458//6111 3438//4189 3345//4188
f 3326//4188 1433//4188 3423//4188
f 3346//4189 3466//4189 3344//4188
f 3421//4188 3468//4188 2465//4188
f 3342//4188 3399//4189 3346//4189
f 3425//6111 3466//4189 3398//4206
f 3399//4189 3398//4206 3466//4189
f 3439//6111 3438//4189 3424//4206
f 3345//4188 3440//4189 3343//4188
f 3469//4188 3440//4189 3439//6111
f 3408//4188 1400//4188 3422//4189
f 3423//4188 3333//4188 3326//4188
f 3425//6111 3424//4206 3438//4189
f 3422//4189 1400//4188 3468//4188
f 3468//4188 1400//4188 3465//4188
f 3465//4188 1400//4188 3419//4188
f 2468//4203 3417//4188 2469//4203
f 2467//4188 3417//4188 2468//4203
f 3418//4188 2469//4203 3417//4188
f 3418//4188 2471//4206 2470//4189
f 3418//4188 1400//4188 2471//4206
f 3398//4206 3426//4206 3425//6111
f 3468//4188 3421//4188 3422//4189
f 2467//4188 2466//4188 3419//4188
f 3420//4188 3440//4189 3469//4188
f 3137//4188 3319//4188 3321//4188
f 2459//4188 3426//4206 3398//4206
f 3240//6111 3271//4188 3321//4188
f 3307//4189 3444//4206 3318//6111
f 3308//4188 3397//4188 3306//4188
f 3445//4188 3448//4189 3449//4188
f 3397//4188 3396//6113 3312//4188
f 3445//4188 3341//4189 3377//4188
f 3444//4206 3314//4189 3317//4188
f 3339//4189 3313//4188 3449//4188
f 3339//4189 3314//4189 3313//4188
f 3448//4189 3445//4188 3375//4188
f 3446//4188 3339//4189 3447//4206
f 3340//4189 3377//4188 3341//4189
f 3339//4189 3446//4188 3338//4206
f 3380//4188 3327//4188 3377//4188
f 3236//4188 3317//4188 3338//4206
f 3236//4188 3235//4203 3317//4188
f 3287//4188 3286//4188 3331//4188
f 3331//4188 3330//4188 3467//4188
f 3450//4188 3310//4206 2431//4188
f 3289//6111 3394//4189 3373//4188
f 3278//4203 3275//4189 3283//6111
f 3310//4206 3404//4206 3401//4188
f 3310//4206 3450//4188 3404//4206
f 3289//6111 3245//4188 3394//4189
f 3394//4189 3328//4188 3329//4188
f 3470//6113 3390//4188 3430//4206
f 3471//4189 3390//4188 3470//6113
f 3436//4188 3390//4188 3471//4189
f 3441//6152 3414//6112 3416//6151
f 3247//4206 3355//4188 3354//4188
f 3263//4188 3357//4206 3261//4188
f 3407//4188 3457//4188 3456//4189
f 3407//4188 3456//4189 3460//4189
f 3407//4188 3460//4189 3461//4188
f 3407//4188 3461//4188 3402//4206
f 3410//6148 3407//4188 3413//4188
f 3413//4188 3407//4188 3416//6151
f 3452//4188 3443//4206 3407//4188
f 3451//4206 3443//4206 3452//4188
f 3358//4188 3443//4206 3451//4206
f 3348//4188 3350//4188 3472//6154
f 3471//4189 3428//4203 3436//4188
f 3470//6113 3428//4203 3471//4189
f 3430//4206 3428//4203 3470//6113
f 3430//4206 3262//4206 3428//4203
f 3245//4188 3393//4188 3389//4188
f 3389//4188 3433//4188 3431//4206
f 3234//4188 3391//4188 2412//4188
f 3234//4188 3392//4206 3391//4188
f 3234//4188 3349//4188 3392//4206
f 3348//4188 3392//4206 3349//4188
f 3360//4188 3392//4206 3348//4188
f 3429//4189 3392//4206 3360//4188
f 3430//4206 3392//4206 3429//4189
f 3431//4206 2417//4206 2408//4206
f 3228//4188 3454//6113 3227//4188
f 3228//4188 3251//4188 3454//6113
f 3227//4188 3473//4188 3229//4188
f 3227//4188 3454//6113 3473//4188
f 3229//4188 3415//4188 3230//4188
f 3229//4188 3473//4188 3415//4188
f 3230//4188 3414//6112 3231//4188
f 3230//4188 3415//4188 3414//6112
f 3231//4188 3472//6154 3233//6147
f 3231//4188 3414//6112 3472//6154
f 3233//6147 3349//4188 3234//4188
f 3233//6147 3350//4188 3349//4188
f 3233//6147 3472//6154 3350//4188
f 3258//4206 3388//4206 3259//4188
f 3245//4188 3249//4188 3248//4189
f 3261//4188 3363//4189 3262//4206
f 3393//4188 3386//4188 3361//4188
f 2463//4199 3421//2866 2465//4201
f 3449//4188 3341//4189 3445//4188
f 3449//4188 3313//4188 3341//4189
f 3447//4206 3449//4188 3448//4189
f 3378//4188 3334//4189 3379//4188
f 3335//4188 3334//4189 3378//4188
f 3443//4206 3348//4188 3442//6153
f 3380//4188 3323//4203 3327//4188
f 3334//4189 3323//4203 3380//4188
f 3409//6113 3473//4188 3454//6113
f 3410//6148 3473//4188 3409//6113
f 3453//6111 3216//4188 3214//4188
f 3459//4206 3216//4188 3453//6111
f 3401//4188 3129//4188 3213//4188
f 3403//4188 3129//4188 3401//4188
f 3441//6152 3472//6154 3414//6112
f 3442//6153 3472//6154 3441//6152
f 3358//4188 3348//4188 3443//4206
f 3360//4188 3348//4188 3358//4188
f 3410//6148 3415//4188 3473//4188
f 3413//4188 3415//4188 3410//6148
f 3437//4188 3367//4206 3368//4188
f 3435//4188 3367//4206 3437//4188
f 3252//4188 3226//4188 3223//4188
f 3465//4188 2465//4188 3468//4188
f 3466//4189 3346//4189 3399//4189
f 3458//6111 3344//4188 3466//4189
f 3420//4188 3343//4188 3440//4189
f 3440//4189 3345//4188 3438//4189
f 3355//4188 3247//4206 3351//4206
f 3354//4188 3386//4188 3247//4206
f 3314//4189 3444//4206 3312//4188
f 3287//4188 3255//4188 3285//4188
f 3316//4188 3320//4188 3374//4188
f 3353//4206 2414//4188 3354//4188
f 3434//4188 2414//4188 3353//4206
f 3352//4188 2414//4188 3434//4188
f 2114//4188 2414//4188 3352//4188
f 3427//4206 3387//4188 3246//4188
f 3383//4189 2092//6147 3156//4206
f 1716//4188 3385//4188 3305//4188
f 1716//4188 2060//4203 3385//4188
f 3390//4188 3428//4203 3431//4206
f 3433//4188 3389//4188 3393//4188
f 3373//4188 3290//4206 3289//6111
f 3260//4188 3371//4188 3258//4206
f 3271//4188 1712//4188 3137//4188
f 3444//4206 3307//4189 3306//4188
f 3380//4188 3379//4188 3334//4189
f 3392//4206 3430//4206 3390//4188
f 2417//4206 3431//4206 3433//4188
f 3353//4206 3355//4188 3432//4188
f 2414//4188 3361//4188 3386//4188
f 3219//4188 3457//4188 3368//4188
f 1741//4188 3259//4188 3388//4206
f 3295//4188 3388//4206 3387//4188
f 3431//4206 3362//6111 3389//4188
f 3223//4188 3367//4206 3252//4188
f 3290//4206 3427//4206 3288//4189
f 1732//4188 3260//4188 3259//4188
f 2416//4188 3433//4188 3361//4188
f 3457//4188 3407//4188 3437//4188
f 3432//4188 3351//4206 3381//4188
f 1698//4188 3356//6111 3357//4206
f 3312//4188 3306//4188 3397//4188
f 3300//6111 3321//4188 3320//4188
f 3307//4189 3374//4188 3315//4188
f 3395//4188 3316//4188 3307//4189
f 3372//4189 3462//4188 3237//4188
f 3213//4188 2432//4188 3309//4188
f 3472//6154 3442//6153 3348//4188
f 3419//4188 3417//4188 2467//4188
f 3465//4188 3419//4188 2466//4188
f 3333//4188 3408//4188 2456//4188
f 3469//4188 3467//4188 3420//4188
f 3317//4188 3318//6111 3444//4206
f 3236//4188 3338//4206 3446//4188
f 3275//4189 3278//4203 2483//4203
f 3384//4206 3302//4188 3364//4188
f 3290//4206 3295//4188 3427//4206
f 3329//4188 3373//4188 3394//4189
f 3421//2866 2463//4199 2464//2866
f 3318//6111 3395//4188 3307//4189
f 3313//4188 3396//6113 3340//4189
f 3313//4188 3312//4188 3396//6113
f 3474//4188 2458//4188 2452//4188
f 3001//6155 2999//6155 3056//6155
f 2954//6156 2956//6156 2960//6156
f 2055//6157 2954//6157 2960//6157
f 2055//6158 2960//6158 2056//6158
f 3052//6159 2055//6160 2053//6161
f 3052//6159 2053//6161 2057//6162
f 3052//6159 3000//6163 2994//6164
f 2055//6160 3052//6159 2994//6164
f 2055//6160 2994//6164 2982//6165
f 2055//6160 2982//6165 2955//6166
f 2055//6160 2955//6166 2954//6167
f 3052//6168 2057//6168 3101//6168
f 2052//6169 3101//6169 2057//6169
f 3101//6170 2052//6170 2061//6170
f 3111//6171 2039//6172 3101//6173
f 3101//6173 2038//6174 3052//6175
f 2039//6176 3111//6176 2081//6176
f 2038//6174 3101//6173 2039//6172
f 2035//6177 2966//6177 2968//6177
f 2035//6178 2970//6179 2966//6178
f 2035//6180 2036//6180 2970//6180
f 2968//6181 2037//6181 2035//6181
f 3052//6182 3003//6182 3006//6182
f 3052//6183 2985//6183 3003//6183
f 2037//6184 2985//6185 3052//6186
f 2037//6184 2986//6187 2985//6185
f 2037//6184 2971//6188 2986//6187
f 2037//6184 2967//6189 2971//6188
f 2037//6184 2968//6190 2967//6189
f 3052//6186 2038//6191 2037//6184
f 3080//6192 2990//6192 2987//6192
f 3080//6193 2992//6193 2990//6193
f 2988//6194 2991//6194 3080//6194
f 3004//6195 2988//6195 3080//6195
f 3053//6196 3004//6196 3080//6196
f 2992//6197 3080//6197 2991//6197
f 3080//6198 3055//6198 3053//6198
f 3052//6199 3056//6200 3000//6199
f 3005//6201 3004//6202 3052//6203
f 3006//6199 3005//6201 3052//6203
f 2999//6200 3000//6199 3056//6200
f 3053//6199 3052//6203 3004//6202
f 3002//6204 3001//6205 3036//6206
f 3056//6207 3036//6206 3001//6205
f 2984//6208 3002//6208 3036//6208
f 3033//6209 2979//6209 2984//6210
f 3033//6209 2984//6210 3036//6210
f 2944//6211 2003//6212 2604//6213
f 2004//6214 2604//6213 2003//6212
f 2603//6215 2156//6216 2155//6217
f 2603//6215 2155//6217 2606//6215
f 2003//6218 2944//6219 2005//6220
f 1996//6221 2005//6220 2944//6219
f 1993//6222 1996//6222 2944//6222
f 2146//6223 2006//6224 2014//6225
f 2146//6223 2014//6225 1991//6226
f 2014//6225 2006//6224 2005//6227
f 1995//6228 2014//6225 2005//6227
f 1996//6229 1995//6228 2005//6227
f 1992//6230 1991//6230 2014//6230
f 2606//6231 2147//6232 2146//6233
f 2606//6231 2146//6233 1991//6234
f 2606//6235 1991//6235 1990//6235
f 2147//6232 2606//6231 2155//6236
f 1699//6237 1701//6237 3475//6237
f 1660//6238 3138//6238 1702//6238
f 1662//6239 3138//6239 1660//6239
f 1662//6240 1717//6241 3138//6242
f 1662//6240 1718//6243 1717//6241
f 3138//6244 3137//6244 1702//6244
f 3475//6245 1701//6245 1712//6245
f 1700//6246 1702//6247 3137//6248
f 1701//6249 1700//6246 3137//6248
f 1712//6250 1701//6250 3137//6250
f 3475//6251 1712//6251 1699//6251
f 3474//4188 3243//4188 3255//4188
f 3287//4188 2458//4188 3255//4188
f 3331//4188 2458//4188 3287//4188
f 3467//4188 2458//4188 3331//4188
f 3469//4188 2458//4188 3467//4188
f 3439//6111 2458//4188 3469//4188
f 3424//4206 2458//4188 3439//6111
f 3426//4206 2458//4188 3424//4206
f 2459//4188 2458//4188 3426//4206
f 3474//4188 3255//4188 2458//4188
f 3244//4188 3243//4188 3474//4188
f 3474//4188 3372//4189 3244//4188
f 3474//4188 3464//4188 3372//4189
f 3474//4188 2452//4188 3464//4188
f 3476//2425 3477//2428 3478//2428
f 3476//2425 3479//2636 3477//2428
f 3480//2425 3481//2425 3482//2425
f 3483//2425 3484//2425 3485//2428
f 3483//2425 3481//2425 3484//2425
f 3483//2425 3482//2425 3481//2425
f 3486//3045 3482//2425 3487//2426
f 3488//6252 3477//2428 3479//2636
f 3479//2636 3489//2429 3488//6252
f 3479//2636 3490//2429 3489//2429
f 3479//2636 3491//2425 3490//2429
f 3491//6253 3479//6254 3492//6255
f 3479//6254 3493//4202 3492//6255
f 3494//3045 3487//2426 3476//2425
f 3476//2425 3478//2428 3494//3045
f 3487//2426 3494//3045 3486//3045
f 3482//2425 3495//2427 3480//2425
f 3482//2425 3486//3045 3495//2427
f 3496//2453 3497//2458 3498//2451
f 3499//2451 3500//2452 3501//2452
f 3499//2451 3501//2452 3502//2451
f 3499//2451 3502//2451 3503//2451
f 3499//2451 3503//2451 3504//2451
f 3505//2451 3506//2451 3507//2455
f 3508//2451 3505//2451 3497//2458
f 3507//2455 3509//2686 3510//2451
f 3507//2455 3510//2451 3511//2451
f 3507//2455 3511//2451 3512//6008
f 3504//2451 3498//2451 3499//2451
f 3509//2686 3507//2455 3506//2451
f 3505//2451 3508//2451 3506//2451
f 3497//2458 3496//2453 3508//2451
f 3498//2451 3504//2451 3496//2453
f 3495//6256 3513//6256 3480//6256
f 3485//6257 3514//6258 3483//6259
f 3515//6260 3483//6259 3514//6258
f 3514//6258 3516//6261 3515//6260
f 3516//6261 3517//6262 3515//6260
f 3518//6263 3515//6260 3517//6262
f 3519//6264 3520//6265 3518//6266
f 3521//6267 3519//6264 3518//6266
f 3517//6268 3521//6267 3518//6266
f 3522//6269 3523//6270 3518//6266
f 3520//6265 3522//6269 3518//6266
f 3524//6271 3518//6266 3523//6270
f 3523//6272 3525//6273 3524//6274
f 3526//6275 3524//6274 3525//6273
f 3526//6275 3525//6273 3527//6276
f 3528//6277 3526//6278 3527//6279
f 3528//6277 3527//6279 3529//6280
f 3528//6281 3529//6282 3530//6283
f 3528//6281 3530//6283 3531//6284
f 3528//6281 3531//6284 3532//6285
f 3528//6281 3532//6285 3533//6286
f 3534//6287 3528//6281 3533//6286
f 3534//6287 3533//6286 3535//6288
f 3534//6289 3535//6289 3536//6289
f 3537//6290 3534//6290 3536//6290
f 3537//6291 3536//6291 3538//6291
f 3499//6292 3537//6293 3538//6294
f 3499//6292 3538//6294 3500//6295
f 3502//6296 3539//6296 3503//6296
f 3540//2428 3541//2429 3542//2425
f 3543//2425 3540//2428 3544//2425
f 3545//2431 3543//2425 3546//2425
f 3545//2431 3540//2428 3543//2425
f 3541//2429 3540//2428 3545//2431
f 3547//2425 3548//2427 3549//2425
f 3550//2425 3540//2428 3548//2427
f 3550//2425 3548//2427 3551//2425
f 3551//2425 3548//2427 3547//2425
f 3552//2425 3550//2425 3553//2425
f 3540//2428 3550//2425 3552//2425
f 3554//2428 3542//2425 3541//2429
f 3552//2425 3544//2425 3540//2428
f 3555//2690 3556//5131 3557//3559
f 3558//2451 3555//2690 3557//3559
f 3559//2690 3558//2451 3557//3559
f 3560//2452 3561//5135 3562//5133
f 3563//2687 3564//2452 3565//2452
f 3561//5135 3560//2452 3566//5135
f 3567//6297 3562//5133 3568//2452
f 3562//5133 3569//5135 3568//2452
f 3562//5133 3567//6297 3560//2452
f 3557//3559 3568//2452 3569//5135
f 3556//5131 3570//2451 3557//3559
f 3560//2452 3567//6297 3571//2458
f 3565//2452 3572//2458 3560//2452
f 3564//2452 3563//2687 3573//2690
f 3563//2687 3565//2452 3560//2452
f 3565//2452 3574//2458 3572//2458
f 3575//2690 3566//5135 3560//2452
f 3574//2458 3565//2452 3564//2452
f 3574//2458 3576//3817 3572//2458
f 3572//2458 3575//2690 3560//2452
f 3576//3817 3577//5136 3575//2690
f 3575//2690 3572//2458 3576//3817
f 3566//5135 3575//2690 3577//5136
f 3578//3582 3579//2451 3560//2452
f 3580//2451 3578//3582 3560//2452
f 3581//3582 3580//2451 3560//2452
f 3582//2451 3583//2458 3581//3582
f 3582//2451 3581//3582 3560//2452
f 3571//2458 3582//2451 3560//2452
f 3567//6297 3568//2452 3571//2458
f 3563//2687 3560//2452 3579//2451
f 3570//2451 3571//2458 3568//2452
f 3568//2452 3557//3559 3570//2451
f 3584//6298 3585//6299 3586//6300
f 3584//6298 3586//6300 3587//6301
f 3588//6302 3589//6302 3590//6302
f 3589//6303 3588//6303 3511//6303
f 3512//6304 3511//6304 3588//6304
f 3511//6305 3510//6305 3589//6305
f 3589//6306 3591//6307 3590//6308
f 3591//6307 3592//6309 3590//6308
f 3592//6310 3591//6311 3593//6312
f 3591//6311 3594//6313 3593//6312
f 3592//6314 3593//6314 3595//6314
f 3596//2451 3597//2452 3598//5132
f 3599//2451 3596//2451 3598//5132
f 3491//6253 3600//4208 3601//2866
f 3602//6315 3603//6315 3604//6315
f 3585//2866 3491//6253 3601//2866
f 3603//6316 3599//6316 3604//6316
f 3599//6317 3598//6317 3604//6317
f 3591//6318 3602//6319 3594//6320
f 3602//6319 3604//6321 3594//6320
f 3605//6322 3591//6322 3589//6322
f 3591//6323 3605//6323 3606//6323
f 3509//6324 3589//6325 3510//6326
f 3605//6327 3503//6328 3539//6329
f 3589//6325 3509//6324 3506//6330
f 3589//6325 3506//6330 3508//6331
f 3589//6332 3508//6332 3496//6332
f 3589//6333 3496//6333 3504//6333
f 3589//6334 3504//6334 3503//6334
f 3589//6335 3503//6328 3605//6327
f 3591//6336 3607//6337 3608//6338
f 3591//6336 3608//6338 3609//6339
f 3591//6336 3609//6339 3610//6340
f 3591//6336 3610//6340 3611//6341
f 3591//6342 3611//6342 3612//6342
f 3591//6343 3612//6343 3602//6343
f 3613//6344 3607//6344 3591//6344
f 3606//6345 3613//6345 3591//6345
f 3614//6346 3615//6346 3616//6346
f 3614//6347 3616//6347 3617//6347
f 3618//6348 3615//6348 3614//6348
f 3619//6349 3618//6349 3614//6349
f 3619//6350 3614//6351 3620//6352
f 3614//6351 3621//6351 3620//6352
f 3622//6353 3619//6350 3623//6354
f 3619//6350 3620//6352 3623//6354
f 3596//6355 3622//6353 3597//6356
f 3622//6353 3623//6354 3597//6356
f 3614//6357 3617//6357 3624//6357
f 3614//6358 3624//6358 3625//6358
f 3489//6359 3490//6359 3584//6359
f 3488//6360 3489//6360 3584//6360
f 3477//6361 3488//6361 3584//6361
f 3585//6362 3584//6362 3491//6362
f 3490//6363 3491//6363 3584//6363
f 3478//6364 3477//6364 3584//6364
f 3494//6365 3478//6365 3584//6365
f 3486//6366 3494//6366 3584//6366
f 3495//6367 3486//6368 3584//6369
f 3626//6370 3495//6367 3584//6369
f 3513//6371 3495//6367 3626//6370
f 3627//6372 3626//6372 3587//6372
f 3584//6373 3587//6373 3626//6373
f 3627//6374 3587//6374 3628//6374
f 3629//6375 3628//6375 3587//6375
f 3630//6376 3629//6376 3587//6376
f 3631//6377 3630//6378 3587//6379
f 3632//6380 3631//6377 3587//6379
f 3633//6381 3632//6381 3587//6381
f 3634//6382 3633//6382 3587//6382
f 3587//6383 3635//6383 3636//6383
f 3587//6384 3586//6385 3635//6386
f 3586//6385 3637//6387 3635//6386
f 3634//6388 3587//6388 3638//6388
f 3587//6388 3636//6388 3638//6388
f 3639//6389 3634//6390 3640//6391
f 3634//6390 3638//6392 3640//6391
f 3641//6393 3639//6394 3642//6395
f 3639//6394 3640//6396 3642//6395
f 3643//2425 3644//2426 3645//2935
f 3644//2426 3646//6397 3647//2425
f 3641//2425 3644//2426 3643//2425
f 3644//2426 3641//2425 3646//6397
f 3641//2425 3642//6398 3646//6397
f 3648//6399 3649//6399 3650//6399
f 3644//6400 3651//6400 3652//6400
f 3649//6401 3653//6401 3650//6401
f 3652//6402 3645//6402 3644//6402
f 3644//6403 3647//6403 3654//6403
f 3644//6404 3655//6404 3651//6404
f 3656//6405 3649//6405 3648//6405
f 3657//6406 3649//6406 3656//6406
f 3649//6407 3657//6408 3658//6407
f 3657//6408 3659//6409 3658//6407
f 3657//6408 3660//6410 3659//6409
f 3660//6410 3661//6410 3659//6409
f 3660//6411 3655//6411 3661//6412
f 3655//6411 3662//6412 3661//6412
f 3655//6413 3644//6414 3662//6413
f 3644//6414 3654//6414 3662//6413
f 3663//6415 3664//6415 3665//6415
f 3663//6416 3665//6416 3666//6416
f 3653//6417 3667//6417 3668//6417
f 3653//6418 3663//6418 3667//6418
f 3653//6419 3649//6419 3663//6419
f 3663//6420 3666//6420 3667//6420
f 3669//6421 3670//6422 3663//6423
f 3671//6424 3669//6421 3663//6423
f 3663//6423 3672//6425 3664//6426
f 3672//6425 3663//6423 3670//6422
f 3671//6427 3673//6428 3674//6429
f 3671//6430 3674//6430 3669//6430
f 3675//6431 3676//6431 3677//6431
f 3678//6432 3679//6433 3680//6434
f 3681//6435 3678//6435 3680//6435
f 3681//6436 3680//6436 3682//6436
f 3681//6437 3682//6437 3683//6437
f 3681//6438 3683//6438 3684//6438
f 3681//6439 3684//6439 3685//6439
f 3681//6440 3685//6440 3686//6440
f 3681//6441 3686//6442 3687//6443
f 3681//6441 3687//6443 3688//6444
f 3681//6441 3688//6444 3689//6445
f 3681//6441 3689//6445 3690//6446
f 3681//6447 3690//6448 3691//6449
f 3681//6447 3691//6449 3692//6450
f 3681//6451 3692//6451 3693//6451
f 3679//6433 3678//6432 3694//6452
f 3695//6453 3696//6454 3697//6455
f 3675//6456 3677//6457 3673//6428
f 3671//6427 3675//6456 3673//6428
f 3698//6458 3697//6455 3696//6454
f 3699//6459 3681//6459 3693//6459
f 3699//6460 3693//6460 3700//6460
f 3699//6461 3700//6461 3701//6461
f 3699//6462 3701//6463 3702//6464
f 3699//6462 3702//6464 3703//6465
f 3545//6466 3704//6466 3676//6466
f 3541//6467 3545//6467 3676//6467
f 3554//6468 3541//6468 3676//6468
f 3675//6469 3705//6469 3706//6469
f 3675//6470 3706//6470 3554//6470
f 3675//6471 3554//6471 3676//6471
f 3707//6472 3708//6472 3699//6472
f 3709//6473 3707//6474 3699//6475
f 3710//6476 3709//6473 3699//6475
f 3711//6477 3710//6478 3699//6462
f 3712//6479 3711//6477 3699//6462
f 3703//6465 3712//6479 3699//6462
f 3713//6480 3714//6481 3582//6482
f 3713//6483 3582//6483 3571//6483
f 3713//6484 3571//6484 3570//6484
f 3713//6485 3570//6485 3556//6485
f 3713//6486 3556//6486 3695//6486
f 3715//6487 3582//6482 3714//6481
f 3555//6488 3695//6488 3556//6488
f 3716//6489 3717//6489 3545//6489
f 3718//6490 3716//6489 3545//6489
f 3719//6491 3702//6464 3701//6463
f 3704//6492 3545//6492 3717//6492
f 3697//6493 3713//6493 3695//6493
f 3720//6494 3721//6494 3708//6494
f 3722//6495 3720//6495 3708//6495
f 3723//6496 3722//6496 3708//6496
f 3724//6497 3723//6498 3708//6499
f 3725//6500 3724//6497 3708//6499
f 3726//6501 3725//6501 3708//6501
f 3727//6502 3726//6503 3708//6504
f 3728//6505 3727//6502 3708//6504
f 3729//6506 3728//6505 3708//6504
f 3730//6507 3729//6506 3708//6504
f 3731//6508 3730//6508 3708//6508
f 3732//6509 3731//6509 3708//6509
f 3733//6510 3732//6510 3708//6510
f 3734//6511 3733//6511 3708//6511
f 3707//6512 3734//6512 3708//6512
f 3735//6513 3698//6514 3696//6515
f 3675//6516 3671//6517 3736//6518
f 3737//6519 3738//6520 3739//6521
f 3740//6519 3737//6519 3739//6521
f 3739//6521 3741//6522 3742//6520
f 3695//6523 3558//6523 3559//6523
f 3559//6524 3743//6524 3744//6524
f 3745//6520 3742//6520 3741//6522
f 3744//6525 3745//6520 3741//6522
f 3559//6526 3744//6526 3741//6526
f 3695//6527 3559//6528 3741//6529
f 3696//6530 3695//6527 3741//6529
f 3705//6531 3675//6531 3746//6531
f 3747//6532 3748//6532 3738//6532
f 3748//6533 3746//6533 3675//6533
f 3739//6534 3738//6534 3748//6534
f 3736//6535 3739//6535 3748//6535
f 3736//6518 3748//6536 3675//6516
f 3695//6537 3555//6537 3558//6537
f 3749//6521 3740//6519 3739//6521
f 3742//6520 3749//6521 3739//6521
f 3739//6538 3736//6538 3750//6538
f 3736//6538 3751//6538 3750//6538
f 3741//6538 3739//6538 3752//6538
f 3739//6538 3750//6538 3752//6538
f 3696//6539 3741//6539 3753//6539
f 3741//6540 3752//6540 3754//6540
f 3753//6541 3741//6541 3755//6542
f 3741//6541 3754//6542 3755//6542
f 3736//6543 3756//6543 3751//6543
f 3736//6544 3757//6544 3756//6545
f 3757//6544 3758//6545 3756//6545
f 3757//6546 3736//6546 3671//6546
f 3757//6547 3671//6548 3759//6549
f 3759//6549 3671//6548 3663//6550
f 3753//4188 3755//4188 3760//4188
f 3757//4189 3761//4189 3758//4189
f 3759//6551 3663//6551 3649//6551
f 3757//6552 3759//6553 3762//6554
f 3759//6553 3763//6555 3762//6554
f 3757//6552 3762//6554 3761//6556
f 3759//6557 3649//6557 3763//6557
f 3649//6557 3764//6557 3763//6557
f 3649//6558 3765//6558 3764//6558
f 3649//6559 3766//6559 3765//6559
f 3649//6560 3767//6561 3768//6562
f 3585//2866 3601//2866 3769//4208
f 3649//6560 3658//6563 3767//6561
f 3649//6564 3770//6564 3766//6564
f 3612//6565 3771//6565 3602//6565
f 3603//6566 3602//6566 3771//6566
f 3611//6567 3771//6567 3612//6567
f 3771//6568 3599//6568 3603//6568
f 3772//6569 3771//6569 3611//6569
f 3772//6570 3611//6570 3610//6570
f 3622//6571 3596//6571 3773//6571
f 3599//6572 3773//6572 3596//6572
f 3771//6573 3773//6573 3599//6573
f 3771//6574 3772//6574 3774//6574
f 3771//6575 3774//6575 3773//6575
f 3774//6576 3772//6576 3775//6576
f 3773//6577 3619//6578 3622//6579
f 3773//6577 3776//6580 3619//6578
f 3618//6581 3619//6581 3776//6581
f 3773//6575 3774//6575 3777//6582
f 3772//6583 3610//6583 3609//6583
f 3609//6584 3775//6585 3772//6586
f 3775//6585 3609//6584 3608//6587
f 3605//6588 3778//6589 3606//6590
f 3502//6591 3501//6592 3605//6588
f 3539//6593 3502//6591 3605//6588
f 3613//6594 3606//6590 3778//6589
f 3778//6589 3605//6588 3501//6592
f 3775//6595 3608//6595 3607//6595
f 3775//6596 3607//6597 3613//6598
f 3775//6596 3613//6598 3778//6596
f 3501//6599 3500//6600 3778//6601
f 3778//6601 3500//6600 3538//6602
f 3778//6603 3538//6603 3536//6603
f 3778//6604 3536//6604 3535//6604
f 3778//6605 3535//6605 3533//6605
f 3778//6606 3533//6606 3532//6606
f 3778//6607 3532//6607 3779//6607
f 3531//2866 3779//2866 3532//2866
f 3775//6608 3778//6608 3780//6608
f 3779//6609 3531//6609 3530//6609
f 3779//6610 3530//6610 3529//6610
f 3778//6611 3779//6611 3781//6611
f 3778//6612 3781//6612 3780//6612
f 3525//6613 3782//6614 3527//6615
f 3779//6616 3529//6616 3527//6616
f 3779//6617 3527//6615 3782//6614
f 3779//6618 3782//6618 3781//6618
f 3782//6619 3522//6619 3520//6619
f 3782//6620 3520//6621 3783//6622
f 3519//6623 3783//6622 3520//6621
f 3782//6624 3525//6624 3523//6624
f 3782//6625 3523//6625 3522//6625
f 3517//6626 3516//6626 3514//6626
f 3517//6627 3514//6627 3485//6627
f 3485//6628 3484//6629 3784//6630
f 3517//6631 3485//6628 3784//6630
f 3521//6632 3517//6632 3784//6632
f 3783//6633 3519//6634 3521//6635
f 3783//6633 3521//6635 3784//6636
f 3481//6637 3480//6637 3626//6637
f 3484//6638 3481//6638 3626//6638
f 3484//6639 3626//6639 3784//6639
f 3627//6640 3784//6640 3626//6640
f 3626//6641 3480//6641 3513//6641
f 3784//6642 3627//6642 3628//6642
f 3784//6643 3628//6643 3629//6643
f 3784//6644 3629//6645 3630//6646
f 3784//6644 3630//6646 3785//6647
f 3632//6648 3633//6648 3786//6648
f 3631//6649 3632//6649 3786//6649
f 3631//6650 3786//6650 3787//6650
f 3630//6651 3631//6652 3785//6653
f 3787//6654 3785//6653 3631//6652
f 3786//6655 3633//6655 3634//6655
f 3634//6656 3639//6656 3786//6656
f 3787//6657 3786//6657 3788//6657
f 3641//6658 3786//6658 3639//6658
f 3652//6659 3643//6659 3645//6659
f 3652//6660 3641//6660 3643//6660
f 3652//6661 3786//6661 3641//6661
f 3788//6662 3786//6662 3652//6662
f 3789//6663 3784//6663 3785//6663
f 3784//6664 3789//6664 3783//6664
f 3790//6665 3785//6665 3787//6665
f 3790//6666 3787//6666 3788//6666
f 3789//6667 3785//6667 3791//6667
f 3791//6668 3785//6668 3790//6668
f 3783//6669 3789//6670 3792//6670
f 3789//6671 3791//6671 3793//6671
f 3789//6672 3793//6672 3792//6672
f 3783//6669 3792//6670 3794//6669
f 3793//6673 3791//6673 3795//6673
f 3783//6674 3794//6674 3796//6674
f 3783//6675 3796//6675 3782//6675
f 3794//6676 3792//6676 3797//6676
f 3795//6677 3791//6677 3798//6677
f 3798//6678 3791//6678 3790//6678
f 3798//6679 3790//6679 3799//6679
f 3799//6680 3790//6680 3788//6680
f 3795//6681 3798//6681 3800//6681
f 3801//6682 3792//6683 3793//6684
f 3792//6683 3801//6682 3797//6685
f 3802//6686 3793//6686 3795//6686
f 3793//6687 3802//6687 3801//6687
f 3802//6688 3795//6688 3800//6688
f 3800//6689 3798//6689 3803//6689
f 3803//6690 3798//6690 3799//6690
f 3802//6691 3800//6691 3804//6691
f 3801//6692 3802//6693 3805//6693
f 3805//6693 3802//6693 3804//6694
f 3800//6695 3803//6695 3806//6695
f 3800//6696 3806//6696 3804//6696
f 3803//6697 3799//6697 3807//6697
f 3803//6698 3807//6698 3806//6698
f 3807//6699 3799//6699 3808//6699
f 3806//6700 3807//6700 3809//6700
f 3809//6701 3807//6701 3808//6701
f 3804//6702 3806//6702 3810//6702
f 3811//6703 3812//6704 3805//6705
f 3804//6705 3811//6703 3805//6705
f 3811//6706 3804//6707 3810//6708
f 3810//6709 3806//6709 3813//6709
f 3813//6710 3806//6710 3809//6710
f 3811//6706 3810//6708 3814//6708
f 3811//6706 3814//6708 3812//6711
f 3810//6712 3813//6712 3815//6712
f 3814//6713 3810//6713 3816//6713
f 3816//6714 3810//6714 3815//6714
f 3815//6715 3813//6715 3817//6715
f 3813//6716 3809//6717 3818//6718
f 3813//6716 3818//6718 3817//6719
f 3812//6720 3814//6720 3819//6720
f 3818//6721 3809//6721 3820//6721
f 3819//6722 3814//6722 3821//6722
f 3821//6723 3814//6723 3816//6723
f 3812//6724 3819//6725 3822//6726
f 3822//6727 3819//6727 3821//6727
f 3820//6728 3809//6728 3823//6728
f 3823//6729 3809//6729 3808//6729
f 3820//6730 3823//6730 3824//6730
f 3824//6731 3823//6732 3808//6733
f 3825//6734 3818//6734 3820//6734
f 3826//6735 3821//6735 3816//6735
f 3827//6736 3817//6736 3818//6736
f 3827//6737 3818//6737 3825//6737
f 3825//6738 3828//6738 3829//6738
f 3825//6739 3830//6739 3828//6739
f 3830//6740 3553//6740 3831//6740
f 3553//6741 3820//6741 3552//6741
f 3830//6742 3820//6743 3553//6744
f 3825//6745 3820//6743 3830//6742
f 3832//6746 3552//6746 3820//6746
f 3832//6747 3820//6747 3824//6747
f 3827//6748 3825//6748 3833//6748
f 3817//6749 3827//6749 3834//6749
f 3825//6750 3835//6750 3836//6750
f 3825//6751 3829//6751 3835//6751
f 3552//6752 3832//6752 3544//6752
f 3836//6753 3837//6754 3825//6755
f 3833//6756 3825//6755 3837//6754
f 3832//6757 3824//6757 3838//6757
f 3544//6758 3832//6758 3543//6758
f 3838//6759 3546//6759 3832//6759
f 3838//6760 3839//6760 3546//6760
f 3543//6761 3832//6761 3546//6761
f 3833//6762 3840//6763 3841//6764
f 3833//6762 3837//6765 3840//6763
f 3827//6766 3833//6766 3842//6766
f 3827//6767 3842//6767 3834//6767
f 3841//6768 3843//6769 3833//6770
f 3844//6771 3833//6770 3843//6769
f 3704//6772 3717//6772 3845//6772
f 3676//6773 3704//6774 3838//6775
f 3839//6776 3838//6775 3704//6774
f 3838//6775 3677//6777 3676//6773
f 3838//6775 3673//6778 3677//6777
f 3838//6779 3674//6779 3673//6779
f 3846//6780 3839//6780 3847//6780
f 3704//6781 3847//6781 3839//6781
f 3704//6782 3845//6782 3847//6782
f 3848//6783 3844//6784 3849//6785
f 3848//6783 3833//6786 3844//6784
f 3833//6787 3848//6787 3842//6787
f 3581//6788 3850//6789 3580//6790
f 3851//6791 3578//6792 3850//6789
f 3580//6790 3850//6789 3578//6792
f 3850//6793 3583//6794 3714//6795
f 3850//6796 3581//6796 3583//6796
f 3715//6797 3714//6795 3583//6794
f 3578//6798 3851//6799 3579//6800
f 3849//6801 3852//6801 3848//6801
f 3853//6802 3848//6803 3852//6804
f 3851//6799 3854//6805 3579//6800
f 3851//6799 3855//6806 3854//6805
f 3856//6807 3854//6807 3855//6807
f 3842//6808 3848//6808 3857//6808
f 3858//6809 3851//6809 3859//6809
f 3855//6810 3851//6810 3858//6810
f 3860//6811 3859//6811 3851//6811
f 3860//6812 3853//6812 3859//6812
f 3860//6813 3848//6803 3853//6802
f 3848//6814 3860//6814 3857//6814
f 3697//6815 3698//6815 3850//6815
f 3861//6816 3698//6816 3735//6816
f 3861//6817 3850//6817 3698//6817
f 3850//6818 3713//6818 3697//6818
f 3850//6819 3714//6819 3713//6819
f 3776//6820 3615//6821 3618//6822
f 3851//6823 3850//6824 3862//6825
f 3862//6826 3861//6826 3863//6827
f 3862//6826 3850//6826 3861//6826
f 3860//6828 3851//6828 3864//6828
f 3864//6829 3851//6823 3862//6825
f 3857//6830 3860//6830 3865//6830
f 3863//6831 3866//6831 3862//6831
f 3867//6832 3862//6832 3866//6832
f 3868//6833 3862//6833 3867//6833
f 3776//6820 3616//6834 3615//6821
f 3864//6835 3862//6836 3869//6837
f 3860//6838 3864//6838 3870//6838
f 3860//6839 3870//6839 3865//6839
f 3870//6840 3864//6840 3869//6840
f 3871//6841 3617//6842 3616//6843
f 3871//6844 3624//6844 3617//6844
f 3871//6845 3625//6845 3624//6845
f 3871//6846 3872//6846 3625//6846
f 3616//6843 3776//6847 3871//6841
f 3871//6848 3776//6848 3773//6848
f 3868//6849 3873//6850 3874//6851
f 3874//6851 3862//6852 3868//6849
f 3871//6853 3873//6853 3872//6853
f 3871//6854 3874//6854 3873//6854
f 3862//6836 3874//6855 3869//6837
f 3871//6856 3773//6856 3777//6856
f 3871//6857 3777//6857 3874//6857
f 3874//6858 3777//6859 3869//6860
f 3869//6860 3777//6859 3875//6861
f 3876//6862 3870//6862 3869//6862
f 3876//6863 3869//6863 3875//6863
f 3870//6864 3876//6864 3877//6864
f 3870//6865 3877//6865 3865//6865
f 3877//6866 3876//6866 3878//6866
f 3878//6867 3876//6867 3875//6867
f 3865//6868 3877//6868 3879//6868
f 3880//6869 3875//6869 3777//6869
f 3880//6870 3777//6870 3774//6870
f 3880//6871 3774//6871 3775//6871
f 3877//6872 3878//6872 3881//6872
f 3877//6873 3881//6873 3879//6873
f 3878//6874 3875//6874 3882//6874
f 3878//6875 3882//6875 3881//6875
f 3875//6876 3880//6876 3883//6876
f 3875//6877 3883//6877 3882//6877
f 3880//6878 3775//6878 3884//6878
f 3880//6879 3884//6879 3883//6879
f 3884//6880 3775//6880 3780//6880
f 3882//6881 3883//6882 3885//6883
f 3882//6884 3885//6884 3881//6884
f 3883//6885 3884//6885 3886//6885
f 3883//6882 3886//6886 3885//6883
f 3884//6887 3780//6887 3887//6887
f 3884//6888 3887//6888 3886//6888
f 3885//6889 3886//6889 3888//6889
f 3888//6890 3886//6890 3887//6890
f 3881//6891 3885//6891 3889//6891
f 3889//6892 3885//6892 3888//6892
f 3881//6893 3889//6893 3890//6893
f 3890//6894 3891//6895 3879//6895
f 3879//6895 3881//6894 3890//6894
f 3889//6896 3888//6897 3892//6898
f 3893//6899 3887//6899 3780//6899
f 3893//6900 3780//6900 3781//6900
f 3894//6901 3888//6901 3887//6901
f 3888//6897 3894//6902 3892//6898
f 3887//6903 3893//6903 3895//6903
f 3887//6904 3895//6904 3894//6904
f 3893//6905 3781//6905 3896//6905
f 3893//6906 3896//6907 3895//6908
f 3896//6909 3781//6909 3782//6909
f 3896//6910 3782//6910 3796//6910
f 3895//6908 3896//6907 3897//6911
f 3897//6912 3896//6912 3796//6912
f 3894//6913 3895//6913 3898//6913
f 3894//6914 3898//6914 3892//6914
f 3895//6915 3897//6916 3899//6917
f 3895//6918 3899//6918 3898//6918
f 3897//6919 3796//6919 3900//6919
f 3899//6917 3897//6916 3901//6920
f 3901//6920 3897//6916 3900//6921
f 3899//6922 3901//6922 3902//6922
f 3899//6923 3902//6923 3898//6923
f 3900//6924 3796//6924 3903//6924
f 3903//6925 3796//6925 3794//6925
f 3903//6926 3794//6926 3797//6926
f 3900//6921 3903//6927 3904//6928
f 3901//6920 3900//6921 3905//6929
f 3905//6929 3900//6921 3904//6928
f 3906//6930 3902//6930 3901//6930
f 3906//6931 3901//6931 3905//6931
f 3902//6932 3906//6932 3907//6932
f 3902//6933 3907//6933 3898//6933
f 3904//6928 3903//6927 3908//6934
f 3908//6934 3903//6927 3797//6935
f 3905//6936 3904//6936 3909//6936
f 3909//6937 3910//6937 3905//6937
f 3904//6938 3908//6938 3911//6938
f 3904//6939 3911//6939 3909//6939
f 3908//6940 3797//6940 3912//6940
f 3912//6941 3797//6941 3801//6941
f 3912//6942 3801//6942 3805//6942
f 3908//6943 3912//6943 3913//6943
f 3908//6944 3913//6944 3911//6944
f 3912//6945 3805//6945 3914//6945
f 3912//6946 3914//6946 3913//6946
f 3914//6947 3805//6948 3812//6949
f 3911//6950 3913//6950 3915//6950
f 3911//6951 3915//6951 3909//6951
f 3913//6952 3914//6952 3916//6952
f 3914//6947 3812//6949 3917//6953
f 3914//6954 3917//6954 3916//6954
f 3917//6955 3812//6724 3822//6726
f 3913//6956 3916//6956 3918//6956
f 3913//6957 3918//6957 3915//6957
f 3918//6958 3916//6959 3919//6958
f 3918//6960 3919//6960 3915//6960
f 3916//6961 3917//6961 3920//6962
f 3917//6963 3822//6963 3921//6963
f 3917//6964 3921//6964 3920//6964
f 3921//6965 3822//6965 3922//6965
f 3916//6961 3920//6962 3923//6966
f 3916//6959 3923//6959 3919//6958
f 3688//6967 3920//6968 3921//6969
f 3689//6970 3688//6967 3921//6969
f 3690//6971 3689//6971 3921//6971
f 3691//6972 3690//6972 3922//6972
f 3921//6973 3922//6973 3690//6973
f 3688//6967 3687//6974 3920//6968
f 3922//6975 3822//6975 3924//6975
f 3924//6976 3822//6976 3821//6976
f 3924//6977 3821//6977 3826//6977
f 3922//6978 3924//6978 3925//6978
f 3925//6979 3924//6979 3826//6979
f 3687//6980 3686//6980 3920//6980
f 3685//6981 3923//6966 3920//6962
f 3686//6981 3685//6981 3920//6962
f 3685//6982 3684//6982 3923//6982
f 3683//6983 3919//6983 3923//6983
f 3684//6984 3683//6984 3923//6984
f 3682//6985 3919//6985 3683//6985
f 3682//6986 3680//6987 3926//6988
f 3926//6988 3919//6989 3682//6986
f 3919//6990 3926//6990 3915//6990
f 3679//6991 3926//6992 3680//6993
f 3915//6994 3926//6994 3927//6994
f 3915//6995 3927//6995 3909//6995
f 3679//6991 3694//6996 3928//6997
f 3928//6997 3926//6992 3679//6991
f 3926//6998 3928//6998 3927//6998
f 3678//6999 3928//6999 3694//6999
f 3910//7000 3909//7000 3927//7000
f 3905//7001 3910//7001 3906//7001
f 3910//7002 3927//7002 3929//7002
f 3929//7003 3927//7004 3928//7004
f 3906//7005 3910//7005 3930//7005
f 3930//7006 3910//7006 3929//7006
f 3906//6932 3930//7007 3907//6932
f 3929//7003 3928//7004 3931//7003
f 3931//7008 3681//7008 3699//7008
f 3931//7009 3678//7009 3681//7009
f 3931//7010 3928//7010 3678//7010
f 3929//7011 3931//7011 3932//7012
f 3699//7013 3708//7014 3931//7015
f 3932//7016 3708//7017 3721//7018
f 3932//7019 3931//7015 3708//7014
f 3929//7011 3932//7012 3930//7020
f 3932//7016 3721//7018 3720//7021
f 3930//7022 3932//7022 3933//7022
f 3720//7023 3722//7024 3932//7025
f 3933//7026 3932//7025 3722//7024
f 3930//7027 3933//7027 3907//7027
f 3933//7028 3722//7028 3723//7028
f 3907//7029 3933//7029 3934//7029
f 3723//7030 3724//7031 3933//7032
f 3934//7033 3933//7032 3724//7031
f 3725//7034 3934//7034 3724//7034
f 3907//7035 3934//7035 3935//7035
f 3907//7036 3935//7036 3898//7036
f 3935//7037 3934//7037 3936//7037
f 3935//7038 3936//7038 3898//7038
f 3725//7039 3937//7039 3934//7039
f 3726//7040 3937//7040 3725//7040
f 3934//7041 3937//7041 3936//7041
f 3727//7042 3937//7042 3726//7042
f 3728//7043 3938//7044 3727//7045
f 3937//7046 3727//7045 3938//7044
f 3936//7047 3938//7044 3939//7048
f 3938//7044 3936//7047 3937//7046
f 3940//7049 3898//7049 3936//7049
f 3898//7050 3940//7050 3892//7050
f 3729//7051 3938//7044 3728//7043
f 3730//7052 3938//7052 3729//7052
f 3892//7053 3940//7053 3941//7053
f 3941//7054 3940//7054 3936//7054
f 3942//7055 3889//7056 3892//7057
f 3941//7058 3942//7055 3892//7057
f 3941//7059 3936//7059 3939//7059
f 3889//4900 3942//4900 3890//4940
f 3939//7060 3938//7060 3943//7060
f 3730//7061 3943//7062 3938//7063
f 3731//7064 3943//7062 3730//7061
f 3941//7065 3939//7066 3944//7066
f 3941//7067 3944//7067 3942//7067
f 3944//7066 3939//7066 3943//7066
f 3890//4940 3942//4900 3945//4940
f 3945//7068 3942//7068 3944//7068
f 3945//7069 3944//7069 3946//7069
f 3946//7070 3944//7070 3943//7070
f 3890//7071 3945//7071 3947//7071
f 3947//7072 3945//7072 3946//7072
f 3890//7073 3947//7073 3891//7073
f 3947//7074 3946//7075 3948//7076
f 3815//7077 3949//7077 3816//7077
f 3948//7076 3891//7078 3947//7074
f 3946//7079 3943//7079 3950//7079
f 3879//7080 3891//7080 3951//7080
f 3879//7081 3951//7081 3865//7081
f 3865//7082 3951//7082 3857//7082
f 3951//7083 3891//7083 3952//7083
f 3952//7084 3891//7078 3948//7076
f 3857//7085 3951//7085 3953//7085
f 3953//7086 3951//7086 3952//7086
f 3857//7087 3953//7087 3842//7087
f 3952//7088 3948//7088 3954//7088
f 3952//7089 3954//7089 3953//7089
f 3842//7090 3953//7090 3955//7090
f 3955//7091 3953//7091 3954//7091
f 3842//7092 3955//7092 3834//7092
f 3955//7093 3954//7093 3956//7093
f 3955//7094 3956//7094 3834//7094
f 3954//7095 3948//7095 3957//7095
f 3954//7096 3957//7096 3956//7096
f 3957//7097 3948//7097 3958//7097
f 3958//7098 3948//7098 3946//7098
f 3958//7099 3946//7099 3950//7099
f 3957//7100 3958//7101 3959//7102
f 3958//7103 3950//7103 3960//7103
f 3958//7101 3960//7104 3959//7102
f 3960//7105 3950//7105 3961//7105
f 3961//7106 3950//7106 3943//7106
f 3733//7107 3961//7108 3732//7109
f 3943//7110 3732//7109 3961//7108
f 3732//7111 3943//7111 3731//7111
f 3961//7112 3733//7112 3734//7112
f 3961//7113 3734//7113 3962//7113
f 3962//7114 3960//7115 3961//7116
f 3960//7115 3962//7114 3963//7117
f 3709//7118 3962//7119 3707//7120
f 3734//7121 3707//7120 3962//7119
f 3962//7122 3709//7122 3710//7122
f 3962//7123 3710//7123 3963//7123
f 3960//7124 3963//7124 3959//7124
f 3711//7125 3963//7125 3710//7125
f 3963//7126 3711//7127 3712//7127
f 3963//7126 3712//7127 3964//7126
f 3964//7126 3702//7127 3965//7126
f 3719//7127 3965//7126 3702//7127
f 3703//7128 3964//7128 3712//7128
f 3964//7129 3703//7129 3702//7129
f 3965//7130 3719//7130 3701//7130
f 3693//7131 3966//7131 3700//7132
f 3966//7131 3693//7131 3692//7133
f 3965//7134 3701//7134 3700//7134
f 3965//7135 3700//7135 3966//7135
f 3966//7136 3692//7136 3691//7136
f 3966//7137 3691//7137 3922//7137
f 3966//7138 3922//7138 3925//7138
f 3966//7139 3925//7139 3965//7139
f 3967//7140 3965//7140 3925//7140
f 3963//7141 3964//3069 3968//3069
f 3965//7142 3967//7143 3968//3069
f 3964//3069 3965//7142 3968//3069
f 3967//7144 3925//7144 3969//7144
f 3968//7145 3967//7145 3970//7145
f 3968//7146 3970//7146 3963//7146
f 3970//7147 3967//7147 3969//7147
f 3963//7148 3970//7148 3959//7148
f 3969//7149 3925//7149 3826//7149
f 3959//7150 3970//3069 3971//3069
f 3971//3069 3970//3069 3969//7151
f 3959//7152 3971//7152 3957//7152
f 3957//7153 3971//7153 3956//7153
f 3971//7154 3969//7154 3972//7154
f 3971//7155 3972//7155 3956//7155
f 3972//7156 3969//7156 3826//7156
f 3956//7157 3972//7157 3973//7157
f 3956//7158 3973//7158 3834//7158
f 3972//7159 3826//7159 3949//7159
f 3972//7160 3949//7160 3973//7160
f 3949//7161 3826//7161 3816//7161
f 3973//7162 3949//7162 3974//7162
f 3973//7163 3974//7163 3834//7163
f 3974//7164 3949//7164 3815//7164
f 3834//7165 3974//7166 3817//7167
f 3817//7167 3974//7166 3815//7168
f 3975//7169 3808//7169 3799//7169
f 3975//7170 3799//7170 3788//7170
f 3808//7171 3975//7171 3976//7171
f 3808//6733 3976//7172 3824//6731
f 3824//7173 3976//7173 3977//7173
f 3824//7174 3977//7174 3838//7174
f 3976//7175 3975//7176 3978//7175
f 3976//7177 3978//7177 3977//7177
f 3975//7178 3788//7178 3979//7178
f 3975//7176 3979//7176 3978//7175
f 3669//7179 3977//7180 3670//7181
f 3674//7182 3977//7182 3669//7182
f 3838//7183 3977//7183 3674//7183
f 3664//7184 3978//7184 3665//7184
f 3672//7185 3978//7185 3664//7185
f 3977//7186 3978//7186 3672//7186
f 3672//7187 3670//7181 3977//7180
f 3667//7188 3666//7188 3978//7188
f 3665//7189 3978//7189 3666//7189
f 3667//7190 3979//7190 3668//7190
f 3978//7191 3979//7191 3667//7191
f 3650//7192 3979//7193 3980//7194
f 3653//7195 3979//7193 3650//7192
f 3668//7196 3979//7196 3653//7196
f 3648//7197 3980//7197 3656//7197
f 3650//7198 3980//7198 3648//7198
f 3660//7199 3788//7199 3655//7199
f 3979//7200 3788//7201 3660//7202
f 3979//7200 3660//7202 3657//7203
f 3657//7203 3980//7204 3979//7200
f 3657//7205 3656//7205 3980//7205
f 3788//7206 3652//7206 3651//7206
f 3651//7207 3655//7207 3788//7207
f 3981//7208 3835//7209 3829//7210
f 3981//7208 3829//7210 3828//7211
f 3982//7212 3983//7213 3841//7214
f 3981//7215 3840//7216 3837//7217
f 3981//7215 3837//7217 3836//7218
f 3981//7215 3836//7218 3835//7219
f 3982//7212 3841//7214 3840//7216
f 3981//7215 3982//7212 3840//7216
f 3844//7220 3843//7221 3983//7222
f 3849//7223 3844//7220 3983//7222
f 3852//7224 3849//7223 3983//7222
f 3843//7225 3841//7214 3983//7213
f 3984//7226 3985//7226 3983//7226
f 3983//7226 3982//7226 3984//7226
f 3986//7226 3984//7226 3981//7226
f 3982//7226 3981//7226 3984//7226
f 3983//7227 3564//7227 3573//7227
f 3987//7228 3981//7228 3828//7228
f 3981//7229 3987//7229 3988//7229
f 3564//7230 3983//7230 3574//7230
f 3986//7231 3981//7231 3988//7231
f 3985//7232 3989//7232 3990//7232
f 3989//7232 3985//7232 3984//7232
f 3991//7233 3989//7232 3986//7233
f 3984//7232 3986//7233 3989//7232
f 3550//7234 3828//7234 3830//7234
f 3828//7235 3550//7235 3987//7235
f 3991//7236 3986//7236 3988//7236
f 3551//7237 3547//7238 3988//7238
f 3988//7238 3987//7237 3551//7237
f 3551//7239 3987//7239 3550//7239
f 3991//7240 3988//7240 3992//7240
f 3988//7241 3547//7241 3992//7241
f 3992//7242 3547//7242 3549//7242
f 3993//7243 3991//7244 3992//7244
f 3991//7244 3993//7243 3994//7243
f 3993//7245 3992//7245 3549//7245
f 3994//7246 3989//7246 3991//7246
f 3989//7246 3994//7246 3995//7246
f 3990//7246 3989//7246 3996//7246
f 3995//7246 3996//7246 3989//7246
f 3993//7247 3549//7248 3997//7249
f 3997//7250 3549//7250 3548//7250
f 3994//7251 3993//7251 3998//7251
f 3998//7252 3993//7247 3997//7249
f 3995//5314 3994//5314 3999//5314
f 3999//5314 3996//5314 3995//5314
f 3996//5314 3999//5314 4000//5314
f 3998//5314 3999//5314 3994//5314
f 3998//7253 3997//7254 4001//7255
f 4001//7256 3999//7256 3998//7256
f 3999//7256 4001//7256 4002//7256
f 4000//7256 3999//7256 4003//7256
f 4002//7256 4003//7256 3999//7256
f 3997//7257 3548//7257 4004//7257
f 3997//7254 4004//7258 4001//7255
f 3985//7259 3990//7259 3574//7259
f 3985//7260 3574//7260 3983//7260
f 3576//7261 3990//7261 3577//7261
f 3996//7261 3577//7261 3990//7261
f 3577//7262 3996//7262 4000//7262
f 3990//7263 3576//7263 3574//7263
f 3577//7264 4000//7264 3566//7264
f 3566//7265 4000//7266 4003//7267
f 3573//7268 3853//7268 3852//7268
f 3573//7269 3852//7269 3983//7269
f 3853//7270 3573//7270 3859//7270
f 3858//7271 3859//7271 3563//7271
f 3573//7272 3563//7272 3859//7272
f 3855//7273 3858//7273 3563//7273
f 3856//7274 3855//7274 3563//7274
f 3563//7275 3854//7276 3856//7277
f 3563//7275 3579//7278 3854//7276
f 3583//7279 3582//7279 3715//7279
f 3747//7280 4005//7280 3748//7280
f 3559//7281 3557//7281 3743//7281
f 4006//7282 3744//7282 3557//7282
f 3743//7283 3557//7283 3744//7283
f 3557//7284 3569//7284 4006//7284
f 4007//7285 4006//7284 3569//7284
f 4008//7286 3738//7287 4009//7286
f 4009//7286 3745//7286 4006//7286
f 3744//7286 4006//7286 3745//7286
f 3737//7287 4009//7286 3738//7287
f 3740//7286 4009//7286 3737//7287
f 3749//7286 4009//7286 3740//7286
f 3742//7286 4009//7286 3749//7286
f 3745//7286 4009//7286 3742//7286
f 4010//7288 4009//7289 4011//7289
f 4006//7289 4007//7289 4009//7289
f 4009//7289 4010//7288 4008//7288
f 4011//7289 4009//7289 4007//7289
f 3569//7290 3562//7291 4012//7292
f 3569//7290 4012//7292 4007//7293
f 3562//7294 3561//7294 4012//7294
f 3561//7295 3566//7265 4003//7267
f 3561//7296 4003//7296 4012//7296
f 4013//5314 4003//5314 4002//5314
f 4002//5314 4001//5314 4013//5314
f 4014//5314 4013//5314 4001//5314
f 4003//5314 4013//5314 4012//5314
f 4010//7297 4013//7297 4014//7297
f 4013//7297 4010//7297 4011//7297
f 4012//7297 4013//7297 4007//7297
f 4011//7297 4007//7297 4013//7297
f 4014//7298 4001//7298 4004//7298
f 4014//7299 4004//7299 4015//7299
f 4015//7300 4004//7300 3548//7300
f 4010//7301 4014//7301 4016//7301
f 4016//7302 4014//7302 4015//7302
f 4008//7303 4010//7304 4016//7303
f 4016//7303 4005//7305 4008//7303
f 3716//2866 3845//2866 3717//2866
f 3845//2866 3716//2866 3847//2866
f 3830//7306 3831//7306 3550//7306
f 3718//2425 3847//2425 3716//2425
f 3847//7307 3718//7308 3846//7309
f 4005//7310 3747//7310 3738//7310
f 3738//7311 4008//7311 4005//7311
f 3705//7312 4005//7312 3706//7312
f 3746//7313 4005//7313 3705//7313
f 3748//7314 4005//7314 3746//7314
f 3553//7315 3550//7315 3831//7315
f 3839//7316 3846//7309 3718//7308
f 3546//7317 3839//7317 3718//7317
f 3545//7318 3546//7318 3718//7318
f 4005//7319 4016//7319 3542//7319
f 3706//7320 4005//7320 3554//7320
f 3542//7321 3554//7321 4005//7321
f 3542//7322 4016//7322 4015//7322
f 3540//7323 3542//7323 4015//7323
f 3548//7324 3540//7324 4015//7324
f 3753//7325 3760//7325 4017//7325
f 4018//7326 3753//7326 4019//7326
f 3753//7326 4017//7326 4019//7326
f 3753//7327 4018//7327 3696//7327
f 3696//7328 4018//7328 4020//7328
f 4020//7329 3863//7329 3861//7329
f 4020//7330 3861//7330 3735//7331
f 4020//7332 3735//6513 3696//6515
f 3863//7333 4020//7334 3866//7335
f 3867//7336 3866//7335 4020//7334
f 3868//7337 3867//7337 4020//7337
f 3625//7338 3872//7338 3873//7338
f 3873//7339 3868//7339 4020//7339
f 3625//7340 3873//7340 4020//7340
f 3625//7341 4020//7341 3614//7341
f 3614//7342 4020//7342 4018//7342
f 3614//7343 4018//7344 4021//7343
f 4018//7344 4019//7343 4021//7343
f 3614//7343 4021//7343 4022//7345
f 3614//7346 4022//7347 4023//7348
f 3614//7349 4024//7349 3621//7349
f 3614//7346 4023//7348 4025//7350
f 3614//7351 4025//7351 4024//7351
f 3482//2866 3483//4208 3515//2866
f 3487//2866 3482//2866 3515//2866
f 3476//2866 3487//2866 3515//2866
f 3585//2866 4026//4205 4027//2866
f 3585//2866 3769//4208 4028//4205
f 3588//2866 4029//2866 4030//2866
f 4031//2866 4032//2866 4033//7352
f 3592//4205 3595//7352 4034//4205
f 3588//2866 3590//4205 4029//2866
f 3590//4205 4035//2866 4029//2866
f 4036//2866 4037//2866 4038//4205
f 3586//2866 4039//2866 3637//2866
f 4040//2866 4031//2866 4033//7352
f 3585//2866 4027//2866 4041//2866
f 4042//4205 4043//2866 4044//2866
f 4031//2866 4042//4205 4044//2866
f 3586//2866 3585//2866 4039//2866
f 3585//2866 4041//2866 4039//2866
f 3590//4205 3592//4205 4035//2866
f 3592//4205 4034//4205 4035//2866
f 3476//2866 3518//2866 3524//2866
f 3512//2866 3588//2866 4045//2866
f 3588//2866 4046//4208 4045//2866
f 3588//2866 4030//2866 4046//4208
f 4047//4208 4048//4208 4049//4205
f 4042//4205 4047//4208 4049//4205
f 3476//2866 3526//2866 3528//2866
f 4050//2866 4051//2866 4052//2866
f 4051//2866 4053//2866 4052//2866
f 3649//6560 3768//6562 3770//6562
f 3476//2866 3524//2866 3526//2866
f 3476//2866 3537//2866 3499//2866
f 3476//2866 3528//2866 3534//2866
f 4040//2866 4054//2866 4055//2866
f 4050//2866 4052//2866 4056//7353
f 4057//7354 4058//7355 4059//7356
f 4060//2866 4061//2866 3512//2866
f 3476//2866 3515//2866 3518//2866
f 4042//4205 4049//4205 4043//2866
f 4036//2866 4050//2866 4037//2866
f 4050//2866 4056//7353 4037//2866
f 4062//2866 4061//2866 4051//2866
f 4057//7354 4060//2866 4063//7352
f 4060//2866 4064//2866 4063//7352
f 4051//2866 4050//2866 3476//2866
f 3476//2866 3534//2866 3537//2866
f 3499//2866 3498//2866 3476//2866
f 4050//2866 4036//2866 3476//2866
f 3498//2866 3497//2866 3476//2866
f 3497//2866 3505//2866 3476//2866
f 3505//2866 3507//2866 4062//2866
f 3505//2866 4062//2866 4051//2866
f 3505//2866 4051//2866 3476//2866
f 3507//2866 3512//2866 4061//2866
f 4061//2866 4057//7354 4051//2866
f 4057//7354 4059//7356 4053//2866
f 4057//7354 4063//7352 4058//7355
f 4040//2866 4033//7352 4054//2866
f 4065//2866 4040//2866 4066//4205
f 4040//2866 4055//2866 4066//4205
f 3476//2866 4067//2866 4068//4208
f 3479//6254 3476//2866 3493//4202
f 3476//2866 4068//4208 3493//4202
f 3491//6253 3492//6255 3600//4208
f 3585//2866 4028//4205 4026//4205
f 4051//2866 4057//7354 4053//2866
f 4060//2866 4069//4205 4064//2866
f 4061//2866 4062//2866 3507//2866
f 4065//2866 4070//2866 4071//2866
f 3476//2866 4065//2866 4067//2866
f 4065//2866 4071//2866 4067//2866
f 4065//2866 4066//4205 4070//2866
f 4040//2866 4065//2866 3476//2866
f 4031//2866 4040//2866 3476//2866
f 4047//4208 4072//4205 4048//4208
f 4031//2866 4044//2866 4032//2866
f 4036//2866 4047//4208 3476//2866
f 4047//4208 4042//4205 3476//2866
f 4042//4205 4031//2866 3476//2866
f 4047//4208 4036//2866 4072//4205
f 4036//2866 4038//4205 4072//4205
f 4060//2866 3512//2866 4069//4205
f 3512//2866 4045//2866 4069//4205
f 4061//2866 4060//2866 4057//7354
f 3646//7357 3642//7358 3647//7359
f 3642//7360 3640//7361 3647//7362
f 3647//7362 3640//7361 3763//7363
f 3640//7364 3638//7365 3763//7366
f 3763//7366 3638//7365 3636//7367
f 3767//7368 3658//7369 3770//7369
f 3658//7370 3765//7371 3770//7372
f 3770//7372 3765//7371 3766//7373
f 3659//7374 3661//7375 3764//7376
f 3659//7377 3764//7377 3765//7377
f 3659//7370 3765//7371 3658//7370
f 3647//7378 3763//7379 3654//7367
f 3763//7379 3764//7379 3654//7367
f 3654//7380 3764//7380 3662//7380
f 3764//7376 3661//7375 3662//7381
f 3763//7366 3636//7367 3635//7370
f 3763//7366 3635//7370 3637//7382
f 3763//7366 3637//7382 4039//7370
f 3763//7366 4039//7370 4041//7367
f 3763//7366 4041//7367 4027//7383
f 3763//7366 4027//7383 4026//7370
f 3763//7366 4026//7370 4028//7384
f 3763//7366 4028//7384 3769//7385
f 3763//7366 3769//7385 3601//7382
f 3763//7366 3601//7382 3762//7386
f 3601//7382 3600//7386 3758//7384
f 3601//7382 3758//7384 3761//7384
f 3601//7382 3761//7384 3762//7386
f 3758//7384 3600//7386 3492//7367
f 3758//7384 3492//7367 3493//7387
f 3758//7384 3493//7387 4068//7388
f 3758//7384 4068//7388 3756//7367
f 3756//7367 4068//7388 4067//7370
f 3756//7367 4067//7370 4071//7382
f 3756//7367 4071//7382 4070//7378
f 3756//7367 4070//7378 3751//7367
f 3751//7367 4070//7378 4066//7384
f 3751//7367 4066//7384 4055//7367
f 3751//7367 4055//7367 4054//7386
f 3751//7367 4054//7386 4033//7370
f 3751//7367 4033//7370 4032//7384
f 3751//7367 4032//7384 4044//7384
f 3751//7367 4044//7384 4043//7384
f 3751//7367 4043//7384 3750//7367
f 3750//7367 4043//7384 4049//7384
f 3750//7367 4049//7384 4048//7367
f 3750//7367 4048//7367 4072//7367
f 3750//7367 4072//7367 4038//7382
f 3750//7367 4038//7382 4037//7379
f 3750//7367 4037//7379 4056//7367
f 3750//7367 4056//7367 4052//7382
f 3750//7367 4052//7382 4053//7367
f 3750//7367 4053//7367 4059//7370
f 3750//7367 4059//7370 4058//7389
f 3750//7367 4058//7389 4063//7390
f 3750//7367 4063//7390 3752//7367
f 3760//7370 3755//7379 4045//7379
f 3755//7379 3754//7367 4045//7379
f 4045//7379 3754//7367 4069//7386
f 3754//7367 3752//7367 4069//7386
f 4069//7386 3752//7367 4064//7370
f 3752//7367 4063//7390 4064//7370
f 4017//7391 3760//7370 4045//7379
f 4017//7391 4045//7379 4046//7370
f 4017//7391 4046//7370 4030//7392
f 4017//7391 4030//7392 4029//7386
f 4017//7391 4029//7386 4035//7384
f 4017//7391 4035//7384 4034//7384
f 4017//7391 4034//7384 3595//7393
f 4017//7391 3595//7393 3593//7394
f 4017//7391 3593//7394 3594//7395
f 4017//7391 3594//7395 3604//7396
f 4017//7391 3604//7396 3598//7397
f 4017//7391 3598//7397 3597//7370
f 4017//7391 3597//7370 3623//7367
f 4017//7391 3623//7367 3620//7384
f 4017//7391 3620//7384 4019//7382
f 4023//7398 4022//7390 4024//7399
f 4022//7390 4021//7400 4024//7399
f 4024//7399 4021//7400 3621//7386
f 4021//7400 4019//7382 3621//7386
f 3621//7386 4019//7382 3620//7384
f 4023//7398 4024//7399 4025//7401
f 3767//7402 3770//7403 3768//7404
