# Blender 5.1.2
# www.blender.org
mtllib left fist.mtl
o Spy_Gloves
v -0.920010 0.221291 -0.245630
v -0.920154 0.245016 -0.207870
v -0.878395 0.249468 -0.211311
v -0.878244 0.225672 -0.249623
v -0.515160 0.254007 -0.212547
v -0.727239 0.228567 -0.251273
v -0.727216 0.252432 -0.212674
v -0.938500 0.213310 -0.237892
v -0.938647 0.236666 -0.201403
v -0.920154 0.245016 -0.207870
v -0.920010 0.221291 -0.245630
v -0.878395 0.249468 -0.211311
v -0.803986 0.251577 -0.212553
v -0.878244 0.225672 -0.249623
v -0.803817 0.227749 -0.251078
v -0.515160 0.254007 -0.212547
v -0.514957 0.230151 -0.251140
v -0.727239 0.228567 -0.251273
v -0.803986 0.251577 -0.212553
v -0.727239 0.228567 -0.251273
v -0.803817 0.227749 -0.251078
v -0.727216 0.252432 -0.212674
v -0.938647 0.236666 -0.201403
v -0.938611 0.242138 -0.148904
v -0.920099 0.250479 -0.152598
v -0.920154 0.245016 -0.207870
v -0.920154 0.245016 -0.207870
v -0.920099 0.250479 -0.152598
v -0.878352 0.254855 -0.154616
v -0.878395 0.249468 -0.211311
v -0.938840 0.224413 0.197839
v -0.920244 0.241193 0.149991
v -0.938754 0.233095 0.145775
v -0.920349 0.232351 0.204822
v -0.938740 0.201271 0.232913
v -0.920349 0.232351 0.204822
v -0.938840 0.224413 0.197839
v -0.920245 0.208860 0.241150
v -0.938754 0.233095 0.145775
v -0.920092 0.244190 0.095629
v -0.938624 0.235773 0.097842
v -0.920244 0.241193 0.149991
v -0.878471 0.248505 0.095855
v -0.878497 0.245438 0.152313
v -0.920092 0.244190 0.095629
v -0.920245 0.208860 0.241150
v -0.878566 0.236586 0.208569
v -0.920349 0.232351 0.204822
v -0.878396 0.213045 0.245437
v -0.920349 0.232351 0.204822
v -0.878497 0.245438 0.152313
v -0.920244 0.241193 0.149991
v -0.878566 0.236586 0.208569
v -0.725702 0.257398 -0.102517
v -0.515292 0.258077 -0.069880
v -0.515275 0.258955 -0.102399
v -0.728245 0.256488 -0.069733
v -0.515240 0.259347 -0.155232
v -0.515160 0.254007 -0.212547
v -0.725436 0.257789 -0.155358
v -0.727216 0.252432 -0.212674
v -0.687122 0.216185 0.247297
v -0.559764 0.240721 0.209368
v -0.684420 0.239818 0.209239
v -0.556518 0.217134 0.247390
v -0.732020 0.215833 0.247337
v -0.698468 0.239704 0.209738
v -0.732444 0.239412 0.210068
v -0.687122 0.216185 0.247297
v -0.878396 0.213045 0.245437
v -0.804099 0.238616 0.209982
v -0.878566 0.236586 0.208569
v -0.803781 0.215057 0.247068
v -0.556518 0.217134 0.247390
v -0.515218 0.217488 0.247501
v -0.559764 0.240721 0.209368
v -0.803781 0.215057 0.247068
v -0.732444 0.239412 0.210068
v -0.804099 0.238616 0.209982
v -0.732020 0.215833 0.247337
v -0.687122 0.216185 0.247297
v -0.684420 0.239818 0.209239
v -0.698468 0.239704 0.209738
v -0.719009 0.248392 0.152677
v -0.732444 0.239412 0.210068
v -0.681313 0.248738 0.150310
v -0.698468 0.239704 0.209738
v -0.719009 0.248392 0.152677
v -0.715999 0.251318 0.098129
v -0.719009 0.248392 0.152677
v -0.684420 0.239818 0.209239
v -0.559764 0.240721 0.209368
v -0.681313 0.248738 0.150310
v -0.560747 0.249627 0.150401
v -0.515218 0.217488 0.247501
v -0.515365 0.241074 0.210171
v -0.559764 0.240721 0.209368
v -0.559764 0.240721 0.209368
v -0.515389 0.249901 0.153024
v -0.560747 0.249627 0.150401
v -0.515365 0.241074 0.210171
v -0.515389 0.249901 0.153024
v -0.559539 0.252552 0.095543
v -0.715999 0.251318 0.098129
v -0.681313 0.248738 0.150310
v -0.559539 0.252552 0.095543
v -0.559539 0.252552 0.095543
v -0.681313 0.248738 0.150310
v -0.560747 0.249627 0.150401
v -0.804240 0.250571 0.095480
v -0.715999 0.251318 0.098129
v -0.729195 0.252300 0.066510
v -0.559539 0.252552 0.095543
v -0.515358 0.253870 0.067130
v -0.729195 0.252300 0.066510
v -0.715999 0.251318 0.098129
v -0.559539 0.252552 0.095543
v -0.729195 0.252300 0.066510
v -0.515389 0.249901 0.153024
v -0.515374 0.252719 0.100794
v -0.559539 0.252552 0.095543
v -0.515358 0.253870 0.067130
v -0.878227 0.254461 -0.097306
v -0.804240 0.250571 0.095480
v -0.803519 0.256522 -0.098647
v -0.803519 0.256522 -0.098647
v -0.729195 0.252300 0.066510
v -0.728245 0.256488 -0.069733
v -0.515292 0.258077 -0.069880
v -0.515358 0.253870 0.067130
v -0.725436 0.257789 -0.155358
v -0.725702 0.257398 -0.102517
v -0.515240 0.259347 -0.155232
v -0.803991 0.256924 -0.155328
v -0.803519 0.256522 -0.098647
v -0.725436 0.257789 -0.155358
v -0.878395 0.249468 -0.211311
v -0.803986 0.251577 -0.212553
v -0.878352 0.254855 -0.154616
v -0.803991 0.256924 -0.155328
v -0.727216 0.252432 -0.212674
v -0.725436 0.257789 -0.155358
v -0.803519 0.256522 -0.098647
v -0.803991 0.256924 -0.155328
v -0.878227 0.254461 -0.097306
v -0.728245 0.256488 -0.069733
v -0.725702 0.257398 -0.102517
v -0.878471 0.248505 0.095855
v -0.804240 0.250571 0.095480
v -0.878497 0.245438 0.152313
v -0.804129 0.247459 0.153156
v -0.732444 0.239412 0.210068
v -0.719009 0.248392 0.152677
v -0.804099 0.238616 0.209982
v -0.804129 0.247459 0.153156
v -0.878566 0.236586 0.208569
v -0.878497 0.245438 0.152313
v -0.804240 0.250571 0.095480
v -0.719009 0.248392 0.152677
v -0.715999 0.251318 0.098129
v -0.938488 0.236222 0.087595
v -0.919961 0.250145 -0.097532
v -0.938485 0.240965 -0.067715
v -0.920092 0.244190 0.095629
v -0.878227 0.254461 -0.097306
v -0.878471 0.248505 0.095855
v -0.938624 0.235773 0.097842
v -0.920092 0.244190 0.095629
v -0.938488 0.236222 0.087595
v -0.938528 0.241873 -0.100896
v -0.938485 0.240965 -0.067715
v -0.938528 0.241873 -0.100896
v -0.919961 0.250145 -0.097532
v -0.938611 0.242138 -0.148904
v -0.919961 0.250145 -0.097532
v -0.920099 0.250479 -0.152598
v -0.878227 0.254461 -0.097306
v -0.878352 0.254855 -0.154616
v -0.919961 0.250145 -0.097532
v -0.938740 0.201271 0.232913
v -0.938273 0.140997 0.250046
v -0.919743 0.146909 0.258484
v -0.920245 0.208860 0.241150
v -0.555999 -0.262670 0.229533
v -0.569565 -0.242825 0.255589
v -0.569256 -0.267838 0.234785
v -0.556232 -0.239254 0.248749
v -0.544903 -0.258971 0.225664
v -0.556232 -0.239254 0.248749
v -0.555999 -0.262670 0.229533
v -0.545052 -0.236642 0.243682
v -0.919743 0.146909 0.258484
v -0.877806 0.150317 0.262743
v -0.920245 0.208860 0.241150
v -0.878396 0.213045 0.245437
v -0.514764 0.154390 0.264863
v -0.556518 0.217134 0.247390
v -0.623406 0.153549 0.264824
v -0.623406 0.153549 0.264824
v -0.556518 0.217134 0.247390
v -0.687122 0.216185 0.247297
v -0.877806 0.150317 0.262743
v -0.803017 0.152033 0.264362
v -0.878396 0.213045 0.245437
v -0.803781 0.215057 0.247068
v -0.714884 0.152919 0.264693
v -0.623406 0.153549 0.264824
v -0.687122 0.216185 0.247297
v -0.714884 0.152919 0.264693
v -0.687122 0.216185 0.247297
v -0.732020 0.215833 0.247337
v -0.803017 0.152033 0.264362
v -0.732020 0.215833 0.247337
v -0.803781 0.215057 0.247068
v -0.714884 0.152919 0.264693
v -0.514764 0.154390 0.264863
v -0.515218 0.217488 0.247501
v -0.556518 0.217134 0.247390
v -0.935514 -0.230994 0.238641
v -0.935342 -0.255463 0.219074
v -0.916815 -0.238495 0.246655
v -0.916655 -0.263419 0.226825
v -0.590821 -0.244648 0.258877
v -0.569256 -0.267838 0.234785
v -0.569565 -0.242825 0.255589
v -0.590531 -0.270468 0.237277
v -0.935623 -0.202156 0.246792
v -0.935514 -0.230994 0.238641
v -0.916912 -0.208678 0.254914
v -0.916815 -0.238495 0.246655
v -0.938273 0.140997 0.250046
v -0.937382 0.032976 0.253972
v -0.918786 0.035176 0.262368
v -0.919743 0.146909 0.258484
v -0.590821 -0.244648 0.258877
v -0.569565 -0.242825 0.255589
v -0.591196 -0.212814 0.265056
v -0.569965 -0.211846 0.262056
v -0.935721 -0.174600 0.248866
v -0.935623 -0.202156 0.246792
v -0.917002 -0.180002 0.257080
v -0.916912 -0.208678 0.254914
v -0.937382 0.032976 0.253972
v -0.936515 -0.070972 0.251995
v -0.917857 -0.072532 0.260327
v -0.918786 0.035176 0.262368
v -0.935842 -0.153130 0.249607
v -0.935721 -0.174600 0.248866
v -0.917168 -0.151979 0.258059
v -0.917002 -0.180002 0.257080
v -0.917168 -0.151979 0.258059
v -0.935961 -0.137729 0.250073
v -0.935842 -0.153130 0.249607
v -0.936097 -0.121016 0.250558
v -0.917168 -0.151979 0.258059
v -0.917857 -0.072532 0.260327
v -0.936097 -0.121016 0.250558
v -0.936515 -0.070972 0.251995
v -0.874356 -0.242199 0.250586
v -0.916815 -0.238495 0.246655
v -0.916655 -0.263419 0.226825
v -0.874173 -0.267218 0.230783
v -0.617114 -0.245127 0.259439
v -0.590531 -0.270468 0.237277
v -0.590821 -0.244648 0.258877
v -0.616902 -0.271107 0.237682
v -0.617114 -0.245127 0.259439
v -0.643241 -0.270869 0.237250
v -0.643370 -0.245040 0.258851
v -0.692110 -0.238722 0.245305
v -0.691878 -0.261720 0.226951
v -0.683169 -0.260092 0.225626
v -0.683317 -0.237717 0.243715
v -0.725871 -0.241305 0.249588
v -0.691878 -0.261720 0.226951
v -0.692110 -0.238722 0.245305
v -0.725591 -0.265565 0.230364
v -0.569965 -0.211846 0.262056
v -0.591521 -0.182041 0.264237
v -0.591196 -0.212814 0.265056
v -0.570305 -0.181726 0.262150
v -0.874173 -0.267218 0.230783
v -0.798521 -0.242863 0.251584
v -0.874356 -0.242199 0.250586
v -0.798276 -0.267764 0.231902
v -0.916912 -0.208678 0.254914
v -0.916815 -0.238495 0.246655
v -0.874508 -0.211929 0.258827
v -0.874356 -0.242199 0.250586
v -0.798521 -0.242863 0.251584
v -0.725591 -0.265565 0.230364
v -0.725871 -0.241305 0.249588
v -0.798276 -0.267764 0.231902
v -0.919743 0.146909 0.258484
v -0.918786 0.035176 0.262368
v -0.876752 0.036628 0.266534
v -0.877806 0.150317 0.262743
v -0.643484 -0.213198 0.265029
v -0.643370 -0.245040 0.258851
v -0.617357 -0.213120 0.265573
v -0.617114 -0.245127 0.259439
v -0.590821 -0.244648 0.258877
v -0.617357 -0.213120 0.265573
v -0.591196 -0.212814 0.265056
v -0.725871 -0.241305 0.249588
v -0.692110 -0.238722 0.245305
v -0.726280 -0.211607 0.257791
v -0.692518 -0.210154 0.253421
v -0.591521 -0.182041 0.264237
v -0.570455 -0.158542 0.262707
v -0.591683 -0.158584 0.263804
v -0.570305 -0.181726 0.262150
v -0.798810 -0.212577 0.259808
v -0.725871 -0.241305 0.249588
v -0.726280 -0.211607 0.257791
v -0.798521 -0.242863 0.251584
v -0.620645 0.039096 0.268564
v -0.514764 0.154390 0.264863
v -0.623406 0.153549 0.264824
v -0.513921 0.039777 0.268590
v -0.803017 0.152033 0.264362
v -0.727087 0.038171 0.268406
v -0.714884 0.152919 0.264693
v -0.801791 0.037603 0.268108
v -0.714884 0.152919 0.264693
v -0.620645 0.039096 0.268564
v -0.623406 0.153549 0.264824
v -0.727087 0.038171 0.268406
v -0.917002 -0.180002 0.257080
v -0.916912 -0.208678 0.254914
v -0.874666 -0.182668 0.261038
v -0.874508 -0.211929 0.258827
v -0.918786 0.035176 0.262368
v -0.917857 -0.072532 0.260327
v -0.875736 -0.073114 0.264433
v -0.876752 0.036628 0.266534
v -0.917168 -0.151979 0.258059
v -0.917002 -0.180002 0.257080
v -0.875010 -0.148963 0.262257
v -0.874666 -0.182668 0.261038
v -0.875010 -0.148963 0.262257
v -0.917857 -0.072532 0.260327
v -0.917168 -0.151979 0.258059
v -0.875736 -0.073114 0.264433
v -0.677672 -0.143079 0.263134
v -0.682148 -0.124259 0.264653
v -0.684566 -0.143244 0.262705
v -0.693717 -0.143348 0.263099
v -0.693390 -0.159633 0.260279
v -0.684308 -0.159487 0.259092
v -0.693390 -0.159633 0.260279
v -0.683987 -0.181718 0.255103
v -0.692983 -0.181994 0.256974
v -0.692518 -0.210154 0.253421
v -0.726737 -0.182653 0.260542
v -0.726280 -0.211607 0.257791
v -0.692983 -0.181994 0.256974
v -0.876752 0.036628 0.266534
v -0.801791 0.037603 0.268108
v -0.877806 0.150317 0.262743
v -0.803017 0.152033 0.264362
v -0.875736 -0.073114 0.264433
v -0.801791 0.037603 0.268108
v -0.800630 -0.072911 0.265975
v -0.544458 -0.123623 0.264726
v -0.545548 -0.142281 0.262793
v -0.530427 -0.142265 0.263238
v -0.512705 -0.124561 0.264950
v -0.530427 -0.142265 0.263238
v -0.556938 -0.124420 0.264732
v -0.556934 -0.142219 0.263215
v -0.544458 -0.123623 0.264726
v -0.556934 -0.142219 0.263215
v -0.556865 -0.158522 0.260504
v -0.545426 -0.158522 0.259158
v -0.556865 -0.158522 0.260504
v -0.545294 -0.180736 0.255132
v -0.556728 -0.181148 0.257909
v -0.570305 -0.181726 0.262150
v -0.556499 -0.209968 0.255871
v -0.569965 -0.211846 0.262056
v -0.556232 -0.239254 0.248749
v -0.556499 -0.209968 0.255871
v -0.569565 -0.242825 0.255589
v -0.556728 -0.181148 0.257909
v -0.570455 -0.158542 0.262707
v -0.556865 -0.158522 0.260504
v -0.570484 -0.142149 0.263921
v -0.556934 -0.142219 0.263215
v -0.556865 -0.158522 0.260504
v -0.530291 -0.158559 0.260464
v -0.545426 -0.158522 0.259158
v -0.530146 -0.180904 0.257177
v -0.530427 -0.142265 0.263238
v -0.512453 -0.158615 0.263448
v -0.512705 -0.124561 0.264950
v -0.530146 -0.180904 0.257177
v -0.512284 -0.181441 0.262273
v -0.530019 -0.209021 0.253566
v -0.512284 -0.181441 0.262273
v -0.512067 -0.210617 0.259753
v -0.530019 -0.209021 0.253566
v -0.545177 -0.208583 0.251488
v -0.545294 -0.180736 0.255132
v -0.556728 -0.181148 0.257909
v -0.556499 -0.209968 0.255871
v -0.556499 -0.209968 0.255871
v -0.545052 -0.236642 0.243682
v -0.556232 -0.239254 0.248749
v -0.545052 -0.236642 0.243682
v -0.530019 -0.209021 0.253566
v -0.529893 -0.237528 0.245381
v -0.529893 -0.237528 0.245381
v -0.512067 -0.210617 0.259753
v -0.511840 -0.240638 0.251393
v -0.570484 -0.142149 0.263921
v -0.556934 -0.142219 0.263215
v -0.556938 -0.124420 0.264732
v -0.593487 -0.130200 0.264660
v -0.799127 -0.183211 0.262120
v -0.874666 -0.182668 0.261038
v -0.874508 -0.211929 0.258827
v -0.798810 -0.212577 0.259808
v -0.874666 -0.182668 0.261038
v -0.799449 -0.160326 0.263149
v -0.875010 -0.148963 0.262257
v -0.798810 -0.212577 0.259808
v -0.874356 -0.242199 0.250586
v -0.798521 -0.242863 0.251584
v -0.715028 -0.126636 0.264635
v -0.727525 -0.143576 0.263761
v -0.693717 -0.143348 0.263099
v -0.727163 -0.159938 0.262346
v -0.693390 -0.159633 0.260279
v -0.726737 -0.182653 0.260542
v -0.693390 -0.159633 0.260279
v -0.692983 -0.181994 0.256974
v -0.593487 -0.130200 0.264660
v -0.591683 -0.158584 0.263804
v -0.570484 -0.142149 0.263921
v -0.570455 -0.158542 0.262707
v -0.617713 -0.158673 0.263989
v -0.636376 -0.139272 0.264396
v -0.591683 -0.158584 0.263804
v -0.726737 -0.182653 0.260542
v -0.799127 -0.183211 0.262120
v -0.798810 -0.212577 0.259808
v -0.726280 -0.211607 0.257791
v -0.513921 0.039777 0.268590
v -0.566034 -0.071030 0.266411
v -0.513102 -0.070975 0.266422
v -0.620645 0.039096 0.268564
v -0.696274 -0.071280 0.266318
v -0.566034 -0.071030 0.266411
v -0.566034 -0.071030 0.266411
v -0.556938 -0.124420 0.264732
v -0.544458 -0.123623 0.264726
v -0.556938 -0.124420 0.264732
v -0.566034 -0.071030 0.266411
v -0.593487 -0.130200 0.264660
v -0.801791 0.037603 0.268108
v -0.800630 -0.072911 0.265975
v -0.727087 0.038171 0.268406
v -0.696274 -0.071280 0.266318
v -0.620645 0.039096 0.268564
v -0.727087 0.038171 0.268406
v -0.696274 -0.071280 0.266318
v -0.566034 -0.071030 0.266411
v -0.513921 0.039777 0.268590
v -0.620645 0.039096 0.268564
v -0.591683 -0.158584 0.263804
v -0.617713 -0.158673 0.263989
v -0.591521 -0.182041 0.264237
v -0.798896 -0.134797 0.264189
v -0.875010 -0.148963 0.262257
v -0.799449 -0.160326 0.263149
v -0.593487 -0.130200 0.264660
v -0.566034 -0.071030 0.266411
v -0.636376 -0.139272 0.264396
v -0.696274 -0.071280 0.266318
v -0.715028 -0.126636 0.264635
v -0.682148 -0.124259 0.264653
v -0.715028 -0.126636 0.264635
v -0.693717 -0.143348 0.263099
v -0.682148 -0.124259 0.264653
v -0.684566 -0.143244 0.262705
v -0.696274 -0.071280 0.266318
v -0.682148 -0.124259 0.264653
v -0.651977 -0.125747 0.264782
v -0.566034 -0.071030 0.266411
v -0.636376 -0.139272 0.264396
v -0.696274 -0.071280 0.266318
v -0.715028 -0.126636 0.264635
v -0.798896 -0.134797 0.264189
v -0.727525 -0.143576 0.263761
v -0.800630 -0.072911 0.265975
v -0.715028 -0.126636 0.264635
v -0.696274 -0.071280 0.266318
v -0.798896 -0.134797 0.264189
v -0.727163 -0.159938 0.262346
v -0.799449 -0.160326 0.263149
v -0.799127 -0.183211 0.262120
v -0.726737 -0.182653 0.260542
v -0.799449 -0.160326 0.263149
v -0.727525 -0.143576 0.263761
v -0.798896 -0.134797 0.264189
v -0.875736 -0.073114 0.264433
v -0.875010 -0.148963 0.262257
v -0.800630 -0.072911 0.265975
v -0.566034 -0.071030 0.266411
v -0.544458 -0.123623 0.264726
v -0.513102 -0.070975 0.266422
v -0.512705 -0.124561 0.264950
v -0.617713 -0.158673 0.263989
v -0.643804 -0.158961 0.263771
v -0.643619 -0.182419 0.264207
v -0.636376 -0.139272 0.264396
v -0.651977 -0.125747 0.264782
v -0.665077 -0.142830 0.263856
v -0.636376 -0.139272 0.264396
v -0.617357 -0.213120 0.265573
v -0.643619 -0.182419 0.264207
v -0.643484 -0.213198 0.265029
v -0.617713 -0.158673 0.263989
v -0.591521 -0.182041 0.264237
v -0.591196 -0.212814 0.265056
v -0.665077 -0.142830 0.263856
v -0.682148 -0.124259 0.264653
v -0.677672 -0.143079 0.263134
v -0.651977 -0.125747 0.264782
v -0.664844 -0.159223 0.262647
v -0.643804 -0.158961 0.263771
v -0.665077 -0.142830 0.263856
v -0.636376 -0.139272 0.264396
v -0.664637 -0.182410 0.262099
v -0.643804 -0.158961 0.263771
v -0.643619 -0.182419 0.264207
v -0.664521 -0.212540 0.262012
v -0.664452 -0.243535 0.255546
v -0.643484 -0.213198 0.265029
v -0.643370 -0.245040 0.258851
v -0.643241 -0.270869 0.237250
v -0.643370 -0.245040 0.258851
v -0.664372 -0.268560 0.234729
v -0.664452 -0.243535 0.255546
v -0.664637 -0.182410 0.262099
v -0.664521 -0.212540 0.262012
v -0.643619 -0.182419 0.264207
v -0.643484 -0.213198 0.265029
v -0.683317 -0.237717 0.243715
v -0.692518 -0.210154 0.253421
v -0.692110 -0.238722 0.245305
v -0.683626 -0.209605 0.251502
v -0.676969 -0.210852 0.255831
v -0.676807 -0.240161 0.248712
v -0.683626 -0.209605 0.251502
v -0.692983 -0.181994 0.256974
v -0.692518 -0.210154 0.253421
v -0.683987 -0.181718 0.255103
v -0.683987 -0.181718 0.255103
v -0.677183 -0.182016 0.257854
v -0.676969 -0.210852 0.255831
v -0.677433 -0.159382 0.260436
v -0.677183 -0.182016 0.257854
v -0.684308 -0.159487 0.259092
v -0.677433 -0.159382 0.260436
v -0.684566 -0.143244 0.262705
v -0.677672 -0.143079 0.263134
v -0.544903 -0.258971 0.225664
v -0.529893 -0.237528 0.245381
v -0.545052 -0.236642 0.243682
v -0.529746 -0.260477 0.227076
v -0.664637 -0.182410 0.262099
v -0.664844 -0.159223 0.262647
v -0.677183 -0.182016 0.257854
v -0.677433 -0.159382 0.260436
v -0.677672 -0.143079 0.263134
v -0.665077 -0.142830 0.263856
v -0.677433 -0.159382 0.260436
v -0.664521 -0.212540 0.262012
v -0.664637 -0.182410 0.262099
v -0.676969 -0.210852 0.255831
v -0.677183 -0.182016 0.257854
v -0.676717 -0.263593 0.229458
v -0.664452 -0.243535 0.255546
v -0.676807 -0.240161 0.248712
v -0.664372 -0.268560 0.234729
v -0.664452 -0.243535 0.255546
v -0.664521 -0.212540 0.262012
v -0.676807 -0.240161 0.248712
v -0.676969 -0.210852 0.255831
v -0.529746 -0.260477 0.227076
v -0.511840 -0.240638 0.251393
v -0.529893 -0.237528 0.245381
v -0.511644 -0.265289 0.231855
v -0.935175 -0.233649 -0.251779
v -0.916286 -0.266654 -0.225022
v -0.934848 -0.259017 -0.218026
v -0.916580 -0.240862 -0.259992
v -0.916580 -0.240862 -0.259992
v -0.874541 -0.270270 -0.228756
v -0.916286 -0.266654 -0.225022
v -0.874765 -0.244371 -0.264231
v -0.688251 -0.270963 -0.230417
v -0.796652 -0.245248 -0.265852
v -0.686646 -0.244681 -0.266049
v -0.800213 -0.271227 -0.230182
v -0.874541 -0.270270 -0.228756
v -0.874765 -0.244371 -0.264231
v -0.796652 -0.245248 -0.265852
v -0.688251 -0.270963 -0.230417
v -0.800213 -0.271227 -0.230182
v -0.796652 -0.245248 -0.265852
v -0.681294 -0.270767 -0.230903
v -0.688251 -0.270963 -0.230417
v -0.686646 -0.244681 -0.266049
v -0.569101 -0.283297 0.193824
v -0.555999 -0.262670 0.229533
v -0.569256 -0.267838 0.234785
v -0.555858 -0.277029 0.191812
v -0.555858 -0.277029 0.191812
v -0.544903 -0.258971 0.225664
v -0.555999 -0.262670 0.229533
v -0.544774 -0.272625 0.190660
v -0.926634 -0.261321 -0.088827
v -0.923770 -0.257458 -0.095863
v -0.910896 -0.267624 -0.088975
v -0.909073 -0.263157 -0.095988
v -0.568995 -0.287753 0.133674
v -0.555858 -0.277029 0.191812
v -0.569101 -0.283297 0.193824
v -0.555761 -0.281249 0.135444
v -0.590374 -0.286453 0.194547
v -0.569256 -0.267838 0.234785
v -0.590531 -0.270468 0.237277
v -0.569101 -0.283297 0.193824
v -0.935342 -0.255463 0.219074
v -0.916386 -0.279391 0.190567
v -0.916655 -0.263419 0.226825
v -0.935042 -0.271358 0.184040
v -0.511271 -0.280927 -0.130147
v -0.511286 -0.282063 -0.097581
v -0.555219 -0.282483 -0.093237
v -0.668546 -0.282029 -0.130260
v -0.511257 -0.278217 -0.178521
v -0.680789 -0.279426 -0.178479
v -0.511283 -0.269516 -0.230889
v -0.681294 -0.270767 -0.230903
v -0.681294 -0.270767 -0.230903
v -0.511452 -0.243397 -0.265952
v -0.686646 -0.244681 -0.266049
v -0.934131 -0.266878 -0.168880
v -0.914068 -0.273587 -0.126026
v -0.931552 -0.266300 -0.124433
v -0.915764 -0.274556 -0.173180
v -0.934848 -0.259017 -0.218026
v -0.915764 -0.274556 -0.173180
v -0.916286 -0.266654 -0.225022
v -0.543936 -0.276963 0.058069
v -0.554010 -0.276921 0.061798
v -0.552862 -0.276503 0.055766
v -0.544226 -0.275521 0.065640
v -0.568242 -0.285034 0.080370
v -0.555243 -0.279533 0.084724
v -0.566410 -0.280142 0.057311
v -0.909073 -0.263157 -0.095988
v -0.871909 -0.271304 -0.088962
v -0.910896 -0.267624 -0.088975
v -0.871017 -0.266835 -0.096069
v -0.916655 -0.263419 0.226825
v -0.916386 -0.279391 0.190567
v -0.873938 -0.283095 0.194062
v -0.874173 -0.267218 0.230783
v -0.544226 -0.275521 0.065640
v -0.555243 -0.279533 0.084724
v -0.554010 -0.276921 0.061798
v -0.544537 -0.276029 0.088993
v -0.935042 -0.271358 0.184040
v -0.934278 -0.276191 0.134508
v -0.915805 -0.284102 0.138351
v -0.916386 -0.279391 0.190567
v -0.914059 -0.280248 0.091362
v -0.915805 -0.284102 0.138351
v -0.931656 -0.272888 0.090185
v -0.725472 -0.280825 0.194256
v -0.691878 -0.261720 0.226951
v -0.725591 -0.265565 0.230364
v -0.691891 -0.275955 0.191815
v -0.616750 -0.287178 0.194512
v -0.590531 -0.270468 0.237277
v -0.616902 -0.271107 0.237682
v -0.590374 -0.286453 0.194547
v -0.643241 -0.270869 0.237250
v -0.616750 -0.287178 0.194512
v -0.643103 -0.286858 0.194509
v -0.873938 -0.283095 0.194062
v -0.798080 -0.283516 0.195205
v -0.874173 -0.267218 0.230783
v -0.798276 -0.267764 0.231902
v -0.798080 -0.283516 0.195205
v -0.725591 -0.265565 0.230364
v -0.798276 -0.267764 0.231902
v -0.725472 -0.280825 0.194256
v -0.568995 -0.287753 0.133674
v -0.590374 -0.286453 0.194547
v -0.590277 -0.290954 0.132033
v -0.569101 -0.283297 0.193824
v -0.916286 -0.266654 -0.225022
v -0.874285 -0.278186 -0.175568
v -0.915764 -0.274556 -0.173180
v -0.874541 -0.270270 -0.228756
v -0.910896 -0.267624 -0.088975
v -0.873350 -0.279094 -0.065540
v -0.913934 -0.275418 -0.065589
v -0.871909 -0.271304 -0.088962
v -0.680789 -0.279426 -0.178479
v -0.686158 -0.279350 -0.178089
v -0.681294 -0.270767 -0.230903
v -0.686158 -0.279350 -0.178089
v -0.688251 -0.270963 -0.230417
v -0.695132 -0.279249 -0.177599
v -0.695132 -0.279249 -0.177599
v -0.729025 -0.279250 -0.177107
v -0.688251 -0.270963 -0.230417
v -0.664372 -0.268560 0.234729
v -0.664288 -0.284021 0.193707
v -0.643103 -0.286858 0.194509
v -0.643241 -0.270869 0.237250
v -0.800288 -0.279276 -0.176633
v -0.800213 -0.271227 -0.230182
v -0.729025 -0.279250 -0.177107
v -0.688251 -0.270963 -0.230417
v -0.874285 -0.278186 -0.175568
v -0.874541 -0.270270 -0.228756
v -0.800288 -0.279276 -0.176633
v -0.800213 -0.271227 -0.230182
v -0.931656 -0.272888 0.090185
v -0.926725 -0.266143 0.068902
v -0.914059 -0.280248 0.091362
v -0.910886 -0.272453 0.068898
v -0.681688 -0.283935 -0.068517
v -0.686603 -0.283673 -0.064386
v -0.687264 -0.282297 -0.087776
v -0.678690 -0.284964 -0.019467
v -0.681688 -0.283935 -0.068517
v -0.688374 -0.284851 -0.018263
v -0.695612 -0.282782 -0.064614
v -0.687264 -0.282297 -0.087776
v -0.696352 -0.279978 -0.088118
v -0.729304 -0.281752 -0.064866
v -0.729789 -0.277034 -0.088474
v -0.696352 -0.279978 -0.088118
v -0.687532 -0.281585 -0.096443
v -0.696636 -0.278426 -0.096344
v -0.800083 -0.280800 -0.065234
v -0.729789 -0.277034 -0.088474
v -0.799844 -0.274207 -0.088778
v -0.871909 -0.271304 -0.088962
v -0.800083 -0.280800 -0.065234
v -0.873350 -0.279094 -0.065540
v -0.799605 -0.270434 -0.096141
v -0.799844 -0.274207 -0.088778
v -0.729927 -0.274361 -0.096228
v -0.696636 -0.278426 -0.096344
v -0.729789 -0.277034 -0.088474
v -0.696352 -0.279978 -0.088118
v -0.566410 -0.280142 0.057311
v -0.589747 -0.287722 0.076623
v -0.588475 -0.281827 0.052441
v -0.568242 -0.285034 0.080370
v -0.552862 -0.276503 0.055766
v -0.566410 -0.280142 0.057311
v -0.564707 -0.277487 0.052331
v -0.554010 -0.276921 0.061798
v -0.587294 -0.278196 0.047043
v -0.566410 -0.280142 0.057311
v -0.588475 -0.281827 0.052441
v -0.916386 -0.279391 0.190567
v -0.915805 -0.284102 0.138351
v -0.873565 -0.287739 0.140552
v -0.873938 -0.283095 0.194062
v -0.544774 -0.272625 0.190660
v -0.544692 -0.276772 0.137603
v -0.529539 -0.279306 0.140505
v -0.529617 -0.274731 0.192402
v -0.555858 -0.277029 0.191812
v -0.555761 -0.281249 0.135444
v -0.725472 -0.280825 0.194256
v -0.725527 -0.285499 0.140909
v -0.691891 -0.275955 0.191815
v -0.692166 -0.280273 0.138926
v -0.616672 -0.291643 0.131254
v -0.616750 -0.287178 0.194512
v -0.643057 -0.291356 0.131974
v -0.643103 -0.286858 0.194509
v -0.590277 -0.290954 0.132033
v -0.590374 -0.286453 0.194547
v -0.668546 -0.282029 -0.130260
v -0.680789 -0.279426 -0.178479
v -0.511257 -0.278217 -0.178521
v -0.798080 -0.283516 0.195205
v -0.797914 -0.288232 0.141452
v -0.725472 -0.280825 0.194256
v -0.725527 -0.285499 0.140909
v -0.873938 -0.283095 0.194062
v -0.797914 -0.288232 0.141452
v -0.873565 -0.287739 0.140552
v -0.913934 -0.275418 -0.065589
v -0.873801 -0.283365 -0.017392
v -0.915151 -0.279720 -0.017406
v -0.873350 -0.279094 -0.065540
v -0.800083 -0.280800 -0.065234
v -0.873801 -0.283365 -0.017392
v -0.799777 -0.284523 -0.017217
v -0.926704 -0.265732 0.054961
v -0.910888 -0.272024 0.054767
v -0.923846 -0.262309 0.062223
v -0.909053 -0.268000 0.062039
v -0.555219 -0.282483 -0.093237
v -0.666378 -0.283229 -0.094713
v -0.668546 -0.282029 -0.130260
v -0.511271 -0.280927 -0.130147
v -0.915805 -0.284102 0.138351
v -0.914059 -0.280248 0.091362
v -0.872662 -0.283869 0.092180
v -0.873565 -0.287739 0.140552
v -0.555219 -0.282483 -0.093237
v -0.549957 -0.283197 -0.065718
v -0.662095 -0.284002 -0.065987
v -0.662095 -0.284002 -0.065987
v -0.666378 -0.283229 -0.094713
v -0.555219 -0.282483 -0.093237
v -0.511286 -0.282063 -0.097581
v -0.549957 -0.283197 -0.065718
v -0.511315 -0.283637 -0.040384
v -0.511315 -0.283637 -0.040384
v -0.543544 -0.284188 -0.018522
v -0.529333 -0.284225 -0.017526
v -0.666378 -0.283229 -0.094713
v -0.662095 -0.284002 -0.065987
v -0.681688 -0.283935 -0.068517
v -0.729304 -0.281752 -0.064866
v -0.695612 -0.282782 -0.064614
v -0.728461 -0.284611 -0.017351
v -0.688374 -0.284851 -0.018263
v -0.616635 -0.284462 -0.024655
v -0.678690 -0.284964 -0.019467
v -0.662095 -0.284002 -0.065987
v -0.662095 -0.284002 -0.065987
v -0.549957 -0.283197 -0.065718
v -0.616635 -0.284462 -0.024655
v -0.554451 -0.284100 -0.019839
v -0.511315 -0.283637 -0.040384
v -0.511328 -0.284247 -0.016075
v -0.529333 -0.284225 -0.017526
v -0.646159 -0.283847 0.018906
v -0.685104 -0.284213 0.026538
v -0.678690 -0.284964 -0.019467
v -0.726935 -0.279934 0.053687
v -0.727571 -0.283990 0.030148
v -0.693418 -0.280469 0.051813
v -0.798061 -0.278268 0.054519
v -0.727571 -0.283990 0.030148
v -0.799008 -0.283515 0.030854
v -0.728461 -0.284611 -0.017351
v -0.693809 -0.284164 0.028366
v -0.688374 -0.284851 -0.018263
v -0.799008 -0.283515 0.030854
v -0.728461 -0.284611 -0.017351
v -0.799777 -0.284523 -0.017217
v -0.729304 -0.281752 -0.064866
v -0.800083 -0.280800 -0.065234
v -0.873017 -0.281986 0.030899
v -0.799008 -0.283515 0.030854
v -0.873801 -0.283365 -0.017392
v -0.913934 -0.278368 0.030950
v -0.873801 -0.283365 -0.017392
v -0.915151 -0.279720 -0.017406
v -0.931457 -0.271066 0.031149
v -0.915151 -0.279720 -0.017406
v -0.933339 -0.272009 -0.017199
v -0.926704 -0.265732 0.054961
v -0.913934 -0.278368 0.030950
v -0.910888 -0.272024 0.054767
v -0.931411 -0.268105 -0.065395
v -0.915151 -0.279720 -0.017406
v -0.913934 -0.275418 -0.065589
v -0.926634 -0.261321 -0.088827
v -0.913934 -0.275418 -0.065589
v -0.910896 -0.267624 -0.088975
v -0.926725 -0.266143 0.068902
v -0.923846 -0.262309 0.062223
v -0.910886 -0.272453 0.068898
v -0.909053 -0.268000 0.062039
v -0.554451 -0.284100 -0.019839
v -0.551558 -0.283360 0.025582
v -0.587175 -0.283413 0.018969
v -0.666378 -0.283229 -0.094713
v -0.681688 -0.283935 -0.068517
v -0.681235 -0.282942 -0.097007
v -0.681235 -0.282942 -0.097007
v -0.687264 -0.282297 -0.087776
v -0.687532 -0.281585 -0.096443
v -0.797914 -0.288232 0.141452
v -0.797688 -0.284999 0.092688
v -0.725527 -0.285499 0.140909
v -0.725740 -0.283243 0.092302
v -0.692166 -0.280273 0.138926
v -0.692572 -0.278897 0.090494
v -0.683633 -0.277775 0.136573
v -0.684170 -0.276656 0.087546
v -0.872662 -0.283869 0.092180
v -0.797688 -0.284999 0.092688
v -0.873565 -0.287739 0.140552
v -0.676995 -0.282110 0.134852
v -0.676747 -0.277940 0.191563
v -0.683261 -0.273744 0.190285
v -0.692166 -0.280273 0.138926
v -0.691891 -0.275955 0.191815
v -0.684170 -0.276656 0.087546
v -0.676995 -0.282110 0.134852
v -0.677741 -0.280324 0.083930
v -0.683169 -0.260092 0.225626
v -0.691891 -0.275955 0.191815
v -0.691878 -0.261720 0.226951
v -0.676747 -0.277940 0.191563
v -0.676717 -0.263593 0.229458
v -0.915764 -0.274556 -0.173180
v -0.873469 -0.277262 -0.127002
v -0.914068 -0.273587 -0.126026
v -0.874285 -0.278186 -0.175568
v -0.529539 -0.279306 0.140505
v -0.529528 -0.278995 0.092818
v -0.511394 -0.286054 0.096356
v -0.511426 -0.286288 0.143858
v -0.544692 -0.276772 0.137603
v -0.544537 -0.276029 0.088993
v -0.511381 -0.285516 0.072597
v -0.511394 -0.286054 0.096356
v -0.529573 -0.278996 0.069183
v -0.544537 -0.276029 0.088993
v -0.544226 -0.275521 0.065640
v -0.555761 -0.281249 0.135444
v -0.544692 -0.276772 0.137603
v -0.555243 -0.279533 0.084724
v -0.568995 -0.287753 0.133674
v -0.568242 -0.285034 0.080370
v -0.590277 -0.290954 0.132033
v -0.568242 -0.285034 0.080370
v -0.589747 -0.287722 0.076623
v -0.678690 -0.284964 -0.019467
v -0.681688 -0.283935 -0.068517
v -0.662095 -0.284002 -0.065987
v -0.685104 -0.284213 0.026538
v -0.693809 -0.284164 0.028366
v -0.685086 -0.280449 0.049856
v -0.680381 -0.280477 0.048455
v -0.685086 -0.280449 0.049856
v -0.685104 -0.284213 0.026538
v -0.669130 -0.280522 0.045660
v -0.680381 -0.280477 0.048455
v -0.685104 -0.284213 0.026538
v -0.646385 -0.280433 0.040336
v -0.646159 -0.283847 0.018906
v -0.616695 -0.280231 0.037219
v -0.616664 -0.283619 0.016152
v -0.669130 -0.280522 0.045660
v -0.646159 -0.283847 0.018906
v -0.685104 -0.284213 0.026538
v -0.587175 -0.283413 0.018969
v -0.616695 -0.280231 0.037219
v -0.587005 -0.279983 0.040433
v -0.587175 -0.283413 0.018969
v -0.564297 -0.279755 0.045769
v -0.551558 -0.283360 0.025582
v -0.616635 -0.284462 -0.024655
v -0.587175 -0.283413 0.018969
v -0.554451 -0.284100 -0.019839
v -0.646159 -0.283847 0.018906
v -0.616635 -0.284462 -0.024655
v -0.678690 -0.284964 -0.019467
v -0.799605 -0.270434 -0.096141
v -0.729805 -0.276556 -0.104165
v -0.729927 -0.274361 -0.096228
v -0.799856 -0.273756 -0.103724
v -0.696636 -0.278426 -0.096344
v -0.729805 -0.276556 -0.104165
v -0.696366 -0.279455 -0.104732
v -0.871017 -0.266835 -0.096069
v -0.799844 -0.274207 -0.088778
v -0.871909 -0.271304 -0.088962
v -0.729475 -0.279871 -0.128231
v -0.729025 -0.279250 -0.177107
v -0.695767 -0.280825 -0.128958
v -0.695132 -0.279249 -0.177599
v -0.695132 -0.279249 -0.177599
v -0.686719 -0.281642 -0.129662
v -0.686158 -0.279350 -0.178089
v -0.729805 -0.276556 -0.104165
v -0.696366 -0.279455 -0.104732
v -0.695767 -0.280825 -0.128958
v -0.687275 -0.281733 -0.105271
v -0.686719 -0.281642 -0.129662
v -0.680789 -0.279426 -0.178479
v -0.681083 -0.282001 -0.130142
v -0.686719 -0.281642 -0.129662
v -0.668546 -0.282029 -0.130260
v -0.681235 -0.282942 -0.097007
v -0.666378 -0.283229 -0.094713
v -0.681083 -0.282001 -0.130142
v -0.687275 -0.281733 -0.105271
v -0.681235 -0.282942 -0.097007
v -0.668546 -0.282029 -0.130260
v -0.680789 -0.279426 -0.178479
v -0.646117 -0.278649 0.046918
v -0.616707 -0.278524 0.044045
v -0.644889 -0.282259 0.052323
v -0.616683 -0.282272 0.050011
v -0.588475 -0.281827 0.052441
v -0.616707 -0.278524 0.044045
v -0.587294 -0.278196 0.047043
v -0.588475 -0.281827 0.052441
v -0.616657 -0.288299 0.074976
v -0.589747 -0.287722 0.076623
v -0.644889 -0.282259 0.052323
v -0.616657 -0.288299 0.074976
v -0.643568 -0.288130 0.076533
v -0.688374 -0.284851 -0.018263
v -0.695612 -0.282782 -0.064614
v -0.686603 -0.283673 -0.064386
v -0.643057 -0.291356 0.131974
v -0.643103 -0.286858 0.194509
v -0.664344 -0.288461 0.133440
v -0.664288 -0.284021 0.193707
v -0.910888 -0.272024 0.054767
v -0.913934 -0.278368 0.030950
v -0.873017 -0.281986 0.030899
v -0.871354 -0.275645 0.054680
v -0.725740 -0.283243 0.092302
v -0.797688 -0.284999 0.092688
v -0.797389 -0.278505 0.069161
v -0.726073 -0.278916 0.068704
v -0.692954 -0.276845 0.067099
v -0.692572 -0.278897 0.090494
v -0.725740 -0.283243 0.092302
v -0.646117 -0.278649 0.046918
v -0.668766 -0.278259 0.052135
v -0.669130 -0.280522 0.045660
v -0.646385 -0.280433 0.040336
v -0.910886 -0.272453 0.068898
v -0.872662 -0.283869 0.092180
v -0.914059 -0.280248 0.091362
v -0.871133 -0.276080 0.069022
v -0.679078 -0.277650 0.061207
v -0.677741 -0.280324 0.083930
v -0.684713 -0.275488 0.064515
v -0.684170 -0.276656 0.087546
v -0.692572 -0.278897 0.090494
v -0.692954 -0.276845 0.067099
v -0.684713 -0.275488 0.064515
v -0.692954 -0.276845 0.067099
v -0.693234 -0.276966 0.059632
v -0.685052 -0.276538 0.057630
v -0.685052 -0.276538 0.057630
v -0.679078 -0.277650 0.061207
v -0.680194 -0.277214 0.055544
v -0.693418 -0.280469 0.051813
v -0.685052 -0.276538 0.057630
v -0.685086 -0.280449 0.049856
v -0.665154 -0.285739 0.080049
v -0.664344 -0.288461 0.133440
v -0.677741 -0.280324 0.083930
v -0.676995 -0.282110 0.134852
v -0.664344 -0.288461 0.133440
v -0.643057 -0.291356 0.131974
v -0.643568 -0.288130 0.076533
v -0.616672 -0.291643 0.131254
v -0.616657 -0.288299 0.074976
v -0.616672 -0.291643 0.131254
v -0.589747 -0.287722 0.076623
v -0.590277 -0.290954 0.132033
v -0.873017 -0.281986 0.030899
v -0.799008 -0.283515 0.030854
v -0.871354 -0.275645 0.054680
v -0.798061 -0.278268 0.054519
v -0.529500 -0.284415 0.028177
v -0.511353 -0.285327 0.030599
v -0.529597 -0.282675 0.051955
v -0.511368 -0.285616 0.054850
v -0.543829 -0.280531 0.049778
v -0.529597 -0.282675 0.051955
v -0.543754 -0.283709 0.026472
v -0.529500 -0.284415 0.028177
v -0.511328 -0.284247 -0.016075
v -0.529333 -0.284225 -0.017526
v -0.543754 -0.283709 0.026472
v -0.543544 -0.284188 -0.018522
v -0.551558 -0.283360 0.025582
v -0.543544 -0.284188 -0.018522
v -0.554451 -0.284100 -0.019839
v -0.549957 -0.283197 -0.065718
v -0.554451 -0.284100 -0.019839
v -0.616707 -0.278524 0.044045
v -0.646117 -0.278649 0.046918
v -0.646385 -0.280433 0.040336
v -0.616695 -0.280231 0.037219
v -0.587005 -0.279983 0.040433
v -0.616707 -0.278524 0.044045
v -0.587294 -0.278196 0.047043
v -0.797688 -0.284999 0.092688
v -0.872662 -0.283869 0.092180
v -0.871133 -0.276080 0.069022
v -0.797389 -0.278505 0.069161
v -0.668766 -0.278259 0.052135
v -0.680194 -0.277214 0.055544
v -0.680381 -0.280477 0.048455
v -0.669130 -0.280522 0.045660
v -0.551558 -0.283360 0.025582
v -0.552568 -0.279725 0.048456
v -0.564297 -0.279755 0.045769
v -0.685052 -0.276538 0.057630
v -0.685086 -0.280449 0.049856
v -0.680194 -0.277214 0.055544
v -0.680381 -0.280477 0.048455
v -0.726478 -0.276930 0.061216
v -0.797389 -0.278505 0.069161
v -0.797406 -0.274877 0.061872
v -0.726073 -0.278916 0.068704
v -0.870321 -0.271632 0.061977
v -0.797389 -0.278505 0.069161
v -0.871133 -0.276080 0.069022
v -0.692954 -0.276845 0.067099
v -0.726478 -0.276930 0.061216
v -0.693234 -0.276966 0.059632
v -0.729805 -0.276556 -0.104165
v -0.799856 -0.273756 -0.103724
v -0.800229 -0.278959 -0.127643
v -0.871922 -0.270864 -0.103396
v -0.800229 -0.278959 -0.127643
v -0.873469 -0.277262 -0.127002
v -0.873469 -0.277262 -0.127002
v -0.874285 -0.278186 -0.175568
v -0.800288 -0.279276 -0.176633
v -0.800229 -0.278959 -0.127643
v -0.665154 -0.285739 0.080049
v -0.667047 -0.280879 0.057020
v -0.643568 -0.288130 0.076533
v -0.644889 -0.282259 0.052323
v -0.798061 -0.278268 0.054519
v -0.726935 -0.279934 0.053687
v -0.797406 -0.274877 0.061872
v -0.726478 -0.276930 0.061216
v -0.693234 -0.276966 0.059632
v -0.726935 -0.279934 0.053687
v -0.693418 -0.280469 0.051813
v -0.910888 -0.272024 0.054767
v -0.871354 -0.275645 0.054680
v -0.909053 -0.268000 0.062039
v -0.870321 -0.271632 0.061977
v -0.871354 -0.275645 0.054680
v -0.798061 -0.278268 0.054519
v -0.870321 -0.271632 0.061977
v -0.797406 -0.274877 0.061872
v -0.587005 -0.279983 0.040433
v -0.564297 -0.279755 0.045769
v -0.587294 -0.278196 0.047043
v -0.564707 -0.277487 0.052331
v -0.543754 -0.283709 0.026472
v -0.552568 -0.279725 0.048456
v -0.551558 -0.283360 0.025582
v -0.543829 -0.280531 0.049778
v -0.909053 -0.268000 0.062039
v -0.871133 -0.276080 0.069022
v -0.910886 -0.272453 0.068898
v -0.870321 -0.271632 0.061977
v -0.564297 -0.279755 0.045769
v -0.552568 -0.279725 0.048456
v -0.564707 -0.277487 0.052331
v -0.552862 -0.276503 0.055766
v -0.926642 -0.260874 -0.102767
v -0.931552 -0.266300 -0.124433
v -0.914068 -0.273587 -0.126026
v -0.910912 -0.267179 -0.103116
v -0.680194 -0.277214 0.055544
v -0.667047 -0.280879 0.057020
v -0.679078 -0.277650 0.061207
v -0.668766 -0.278259 0.052135
v -0.646117 -0.278649 0.046918
v -0.667047 -0.280879 0.057020
v -0.644889 -0.282259 0.052323
v -0.681235 -0.282942 -0.097007
v -0.687532 -0.281585 -0.096443
v -0.687275 -0.281733 -0.105271
v -0.696366 -0.279455 -0.104732
v -0.687532 -0.281585 -0.096443
v -0.696636 -0.278426 -0.096344
v -0.544903 -0.258971 0.225664
v -0.544774 -0.272625 0.190660
v -0.529617 -0.274731 0.192402
v -0.529746 -0.260477 0.227076
v -0.511502 -0.280970 0.195981
v -0.511644 -0.265289 0.231855
v -0.529617 -0.274731 0.192402
v -0.664344 -0.288461 0.133440
v -0.676747 -0.277940 0.191563
v -0.676995 -0.282110 0.134852
v -0.664288 -0.284021 0.193707
v -0.676717 -0.263593 0.229458
v -0.664372 -0.268560 0.234729
v -0.676747 -0.277940 0.191563
v -0.677741 -0.280324 0.083930
v -0.679078 -0.277650 0.061207
v -0.665154 -0.285739 0.080049
v -0.667047 -0.280879 0.057020
v -0.910912 -0.267179 -0.103116
v -0.914068 -0.273587 -0.126026
v -0.873469 -0.277262 -0.127002
v -0.871922 -0.270864 -0.103396
v -0.552568 -0.279725 0.048456
v -0.543829 -0.280531 0.049778
v -0.552862 -0.276503 0.055766
v -0.543936 -0.276963 0.058069
v -0.543829 -0.280531 0.049778
v -0.529597 -0.282675 0.051955
v -0.543936 -0.276963 0.058069
v -0.529615 -0.280334 0.060789
v -0.543936 -0.276963 0.058069
v -0.529615 -0.280334 0.060789
v -0.544226 -0.275521 0.065640
v -0.529573 -0.278996 0.069183
v -0.529597 -0.282675 0.051955
v -0.511368 -0.285616 0.054850
v -0.529615 -0.280334 0.060789
v -0.511375 -0.285488 0.063911
v -0.511375 -0.285488 0.063911
v -0.529573 -0.278996 0.069183
v -0.511381 -0.285516 0.072597
v -0.926642 -0.260874 -0.102767
v -0.910912 -0.267179 -0.103116
v -0.923770 -0.257458 -0.095863
v -0.909073 -0.263157 -0.095988
v -0.529617 -0.274731 0.192402
v -0.529539 -0.279306 0.140505
v -0.511426 -0.286288 0.143858
v -0.511502 -0.280970 0.195981
v -0.871922 -0.270864 -0.103396
v -0.799856 -0.273756 -0.103724
v -0.871017 -0.266835 -0.096069
v -0.799605 -0.270434 -0.096141
v -0.910912 -0.267179 -0.103116
v -0.871922 -0.270864 -0.103396
v -0.909073 -0.263157 -0.095988
v -0.871017 -0.266835 -0.096069
v -0.920010 0.221291 -0.245630
v -0.919425 0.142992 -0.267160
v -0.938500 0.213310 -0.237892
v -0.937933 0.137350 -0.259115
v -0.878244 0.225672 -0.249623
v -0.877650 0.146222 -0.271183
v -0.920010 0.221291 -0.245630
v -0.919425 0.142992 -0.267160
v -0.878244 0.225672 -0.249623
v -0.803216 0.147862 -0.272661
v -0.877650 0.146222 -0.271183
v -0.803817 0.227749 -0.251078
v -0.727239 0.228567 -0.251273
v -0.514957 0.230151 -0.251140
v -0.514351 0.150178 -0.272762
v -0.935757 -0.156557 -0.268133
v -0.936842 -0.009418 -0.269650
v -0.918295 -0.009027 -0.277876
v -0.917172 -0.161417 -0.276499
v -0.937933 0.137350 -0.259115
v -0.918295 -0.009027 -0.277876
v -0.919425 0.142992 -0.267160
v -0.727239 0.228567 -0.251273
v -0.514351 0.150178 -0.272762
v -0.723669 0.148606 -0.272902
v -0.802058 -0.007995 -0.283452
v -0.720034 -0.007375 -0.283713
v -0.803216 0.147862 -0.272661
v -0.935175 -0.233649 -0.251779
v -0.935757 -0.156557 -0.268133
v -0.917172 -0.161417 -0.276499
v -0.916580 -0.240862 -0.259992
v -0.803216 0.147862 -0.272661
v -0.802058 -0.007995 -0.283452
v -0.877650 0.146222 -0.271183
v -0.876500 -0.008593 -0.281951
v -0.727239 0.228567 -0.251273
v -0.803817 0.227749 -0.251078
v -0.723669 0.148606 -0.272902
v -0.720034 -0.007375 -0.283713
v -0.723669 0.148606 -0.272902
v -0.514351 0.150178 -0.272762
v -0.877650 0.146222 -0.271183
v -0.876500 -0.008593 -0.281951
v -0.919425 0.142992 -0.267160
v -0.918295 -0.009027 -0.277876
v -0.917172 -0.161417 -0.276499
v -0.876500 -0.008593 -0.281951
v -0.875356 -0.163776 -0.280695
v -0.916580 -0.240862 -0.259992
v -0.917172 -0.161417 -0.276499
v -0.875356 -0.163776 -0.280695
v -0.874765 -0.244371 -0.264231
v -0.513191 -0.005862 -0.283573
v -0.512039 -0.162250 -0.282352
v -0.713202 -0.163653 -0.282486
v -0.720034 -0.007375 -0.283713
v -0.514351 0.150178 -0.272762
v -0.686646 -0.244681 -0.266049
v -0.713202 -0.163653 -0.282486
v -0.511452 -0.243397 -0.265952
v -0.875356 -0.163776 -0.280695
v -0.876500 -0.008593 -0.281951
v -0.802058 -0.007995 -0.283452
v -0.800905 -0.164223 -0.282237
v -0.511452 -0.243397 -0.265952
v -0.713202 -0.163653 -0.282486
v -0.512039 -0.162250 -0.282352
v -0.513191 -0.005862 -0.283573
v -0.713202 -0.163653 -0.282486
v -0.720034 -0.007375 -0.283713
v -0.800905 -0.164223 -0.282237
v -0.720034 -0.007375 -0.283713
v -0.802058 -0.007995 -0.283452
v -0.874765 -0.244371 -0.264231
v -0.875356 -0.163776 -0.280695
v -0.800905 -0.164223 -0.282237
v -0.796652 -0.245248 -0.265852
v -0.800905 -0.164223 -0.282237
v -0.713202 -0.163653 -0.282486
v -0.686646 -0.244681 -0.266049
v -0.796652 -0.245248 -0.265852
v -0.713202 -0.163653 -0.282486
v -0.938624 0.235773 0.097842
v -0.950729 0.211809 0.140839
v -0.950632 0.216488 0.096289
v -0.938754 0.233095 0.145775
v -0.938488 0.236222 0.087595
v -0.938485 0.240965 -0.067715
v -0.950765 0.221918 -0.016272
v -0.950695 0.220153 0.044165
v -0.958185 0.178532 -0.050119
v -0.950558 0.223597 -0.074670
v -0.957478 0.177778 -0.076710
v -0.958490 0.177095 -0.003431
v -0.958185 0.178532 -0.050119
v -0.959982 0.093305 -0.053292
v -0.938500 0.213310 -0.237892
v -0.950456 0.218491 -0.191640
v -0.938647 0.236666 -0.201403
v -0.950393 0.194340 -0.224847
v -0.938624 0.235773 0.097842
v -0.938488 0.236222 0.087595
v -0.950632 0.216488 0.096289
v -0.950628 0.219086 0.070571
v -0.957108 0.167531 -0.102778
v -0.950532 0.222945 -0.100209
v -0.950576 0.221568 -0.144511
v -0.957308 0.155588 -0.146451
v -0.938528 0.241873 -0.100896
v -0.938611 0.242138 -0.148904
v -0.950532 0.222945 -0.100209
v -0.950558 0.223597 -0.074670
v -0.938528 0.241873 -0.100896
v -0.938485 0.240965 -0.067715
v -0.957478 0.177778 -0.076710
v -0.950532 0.222945 -0.100209
v -0.957108 0.167531 -0.102778
v -0.938500 0.213310 -0.237892
v -0.937933 0.137350 -0.259115
v -0.950393 0.194340 -0.224847
v -0.949768 0.124292 -0.245352
v -0.950765 0.221918 -0.016272
v -0.938485 0.240965 -0.067715
v -0.950558 0.223597 -0.074670
v -0.938611 0.242138 -0.148904
v -0.938647 0.236666 -0.201403
v -0.950456 0.218491 -0.191640
v -0.950576 0.221568 -0.144511
v -0.937933 0.137350 -0.259115
v -0.936842 -0.009418 -0.269650
v -0.949768 0.124292 -0.245352
v -0.948876 -0.009971 -0.254530
v -0.936842 -0.009418 -0.269650
v -0.947778 -0.144544 -0.253600
v -0.935757 -0.156557 -0.268133
v -0.935757 -0.156557 -0.268133
v -0.947336 -0.215698 -0.237604
v -0.947778 -0.144544 -0.253600
v -0.935175 -0.233649 -0.251779
v -0.950651 0.206049 0.187550
v -0.950638 0.182058 0.219465
v -0.938740 0.201271 0.232913
v -0.938840 0.224413 0.197839
v -0.938273 0.140997 0.250046
v -0.938740 0.201271 0.232913
v -0.950638 0.182058 0.219465
v -0.950124 0.127035 0.236003
v -0.935175 -0.233649 -0.251779
v -0.934848 -0.259017 -0.218026
v -0.946876 -0.241697 -0.207116
v -0.947336 -0.215698 -0.237604
v -0.948876 -0.009971 -0.254530
v -0.947778 -0.144544 -0.253600
v -0.954203 -0.114544 -0.233117
v -0.955992 -0.010904 -0.225545
v -0.955740 0.093012 -0.226751
v -0.948876 -0.009971 -0.254530
v -0.949768 0.124292 -0.245352
v -0.937382 0.032976 0.253972
v -0.938273 0.140997 0.250046
v -0.950124 0.127035 0.236003
v -0.949450 0.027392 0.239329
v -0.926634 -0.261321 -0.088827
v -0.936651 -0.246982 -0.088432
v -0.923770 -0.257458 -0.095863
v -0.932838 -0.244556 -0.095549
v -0.935514 -0.230994 0.238641
v -0.935623 -0.202156 0.246792
v -0.947580 -0.216302 0.225472
v -0.947842 -0.188563 0.232722
v -0.957562 0.138838 0.143661
v -0.950729 0.211809 0.140839
v -0.957254 0.157969 0.097606
v -0.950632 0.216488 0.096289
v -0.950651 0.206049 0.187550
v -0.938754 0.233095 0.145775
v -0.938840 0.224413 0.197839
v -0.936515 -0.070972 0.251995
v -0.937382 0.032976 0.253972
v -0.949450 0.027392 0.239329
v -0.948591 -0.066954 0.238186
v -0.948330 -0.113745 0.236202
v -0.936515 -0.070972 0.251995
v -0.936097 -0.121016 0.250558
v -0.935623 -0.202156 0.246792
v -0.935721 -0.174600 0.248866
v -0.947842 -0.188563 0.232722
v -0.947856 -0.164394 0.235224
v -0.935721 -0.174600 0.248866
v -0.935842 -0.153130 0.249607
v -0.947856 -0.164394 0.235224
v -0.948098 -0.143778 0.235300
v -0.935842 -0.153130 0.249607
v -0.935961 -0.137729 0.250073
v -0.948098 -0.143778 0.235300
v -0.948090 -0.130270 0.236313
v -0.936097 -0.121016 0.250558
v -0.948090 -0.130270 0.236313
v -0.948330 -0.113745 0.236202
v -0.949768 0.124292 -0.245352
v -0.955740 0.093012 -0.226751
v -0.957065 0.133828 -0.203338
v -0.950393 0.194340 -0.224847
v -0.935342 -0.255463 0.219074
v -0.935514 -0.230994 0.238641
v -0.947509 -0.237734 0.206758
v -0.947580 -0.216302 0.225472
v -0.950393 0.194340 -0.224847
v -0.956366 0.177746 -0.181725
v -0.950456 0.218491 -0.191640
v -0.957065 0.133828 -0.203338
v -0.944332 -0.206055 -0.087219
v -0.932838 -0.244556 -0.095549
v -0.936651 -0.246982 -0.088432
v -0.939863 -0.207834 -0.094490
v -0.947778 -0.144544 -0.253600
v -0.954875 -0.156701 -0.212500
v -0.954203 -0.114544 -0.233117
v -0.947336 -0.215698 -0.237604
v -0.955109 -0.187462 0.190242
v -0.953612 -0.217996 0.167909
v -0.947509 -0.237734 0.206758
v -0.947073 -0.254223 0.174782
v -0.947509 -0.237734 0.206758
v -0.935042 -0.271358 0.184040
v -0.935342 -0.255463 0.219074
v -0.948090 -0.130270 0.236313
v -0.948330 -0.113745 0.236202
v -0.954568 -0.116673 0.219975
v -0.955833 -0.093339 0.213723
v -0.947856 -0.164394 0.235224
v -0.948098 -0.143778 0.235300
v -0.954363 -0.145055 0.219089
v -0.955635 -0.119875 0.212914
v -0.944332 -0.206055 -0.087219
v -0.949798 -0.124427 -0.084849
v -0.945383 -0.135643 -0.093355
v -0.939863 -0.207834 -0.094490
v -0.949450 0.027392 0.239329
v -0.950124 0.127035 0.236003
v -0.956151 0.091691 0.218563
v -0.956597 0.007355 0.215275
v -0.948591 -0.066954 0.238186
v -0.949450 0.027392 0.239329
v -0.956597 0.007355 0.215275
v -0.955013 -0.058005 0.221749
v -0.955833 -0.093339 0.213723
v -0.955013 -0.058005 0.221749
v -0.948330 -0.113745 0.236202
v -0.956151 0.091691 0.218563
v -0.950124 0.127035 0.236003
v -0.957400 0.116829 0.199331
v -0.950638 0.182058 0.219465
v -0.957400 0.116829 0.199331
v -0.950638 0.182058 0.219465
v -0.956614 0.161578 0.178261
v -0.950651 0.206049 0.187550
v -0.951210 -0.208943 -0.063512
v -0.936651 -0.246982 -0.088432
v -0.942924 -0.252064 -0.064893
v -0.944332 -0.206055 -0.087219
v -0.934848 -0.259017 -0.218026
v -0.934131 -0.266878 -0.168880
v -0.946876 -0.241697 -0.207116
v -0.946197 -0.247113 -0.162929
v -0.931552 -0.266300 -0.124433
v -0.946197 -0.247113 -0.162929
v -0.942870 -0.249257 -0.122194
v -0.955413 -0.152253 0.210382
v -0.947842 -0.188563 0.232722
v -0.947856 -0.164394 0.235224
v -0.954363 -0.145055 0.219089
v -0.955413 -0.152253 0.210382
v -0.954087 -0.187062 0.210009
v -0.947842 -0.188563 0.232722
v -0.947580 -0.216302 0.225472
v -0.955635 -0.119875 0.212914
v -0.948098 -0.143778 0.235300
v -0.948090 -0.130270 0.236313
v -0.954568 -0.116673 0.219975
v -0.957308 0.155588 -0.146451
v -0.950576 0.221568 -0.144511
v -0.956366 0.177746 -0.181725
v -0.950456 0.218491 -0.191640
v -0.956614 0.161578 0.178261
v -0.950651 0.206049 0.187550
v -0.950729 0.211809 0.140839
v -0.957562 0.138838 0.143661
v -0.947336 -0.215698 -0.237604
v -0.946876 -0.241697 -0.207116
v -0.953363 -0.201748 -0.194665
v -0.954875 -0.156701 -0.212500
v -0.949798 -0.124427 -0.084849
v -0.944332 -0.206055 -0.087219
v -0.955867 -0.124715 -0.060782
v -0.951210 -0.208943 -0.063512
v -0.955867 -0.124715 -0.060782
v -0.954193 -0.018358 -0.082326
v -0.958417 -0.015899 -0.057139
v -0.951250 -0.043289 -0.097780
v -0.945383 -0.135643 -0.093355
v -0.949798 -0.124427 -0.084849
v -0.954193 -0.018358 -0.082326
v -0.958455 -0.054295 0.169154
v -0.955635 -0.119875 0.212914
v -0.955833 -0.093339 0.213723
v -0.954568 -0.116673 0.219975
v -0.954875 -0.156701 -0.212500
v -0.957720 -0.013425 -0.165639
v -0.954203 -0.114544 -0.233117
v -0.955992 -0.010904 -0.225545
v -0.957720 -0.013425 -0.165639
v -0.955740 0.093012 -0.226751
v -0.957065 0.133828 -0.203338
v -0.956597 0.007355 0.215275
v -0.958455 -0.054295 0.169154
v -0.955013 -0.058005 0.221749
v -0.955833 -0.093339 0.213723
v -0.958455 -0.054295 0.169154
v -0.955413 -0.152253 0.210382
v -0.955635 -0.119875 0.212914
v -0.954363 -0.145055 0.219089
v -0.955867 -0.124715 -0.060782
v -0.951210 -0.208943 -0.063512
v -0.958265 -0.126708 -0.012755
v -0.953956 -0.211491 -0.015354
v -0.942924 -0.252064 -0.064893
v -0.953956 -0.211491 -0.015354
v -0.945451 -0.255312 -0.016695
v -0.947580 -0.216302 0.225472
v -0.954087 -0.187062 0.210009
v -0.955109 -0.187462 0.190242
v -0.947509 -0.237734 0.206758
v -0.955413 -0.152253 0.210382
v -0.955109 -0.187462 0.190242
v -0.958455 -0.054295 0.169154
v -0.942978 -0.256175 0.089288
v -0.926725 -0.266143 0.068902
v -0.931656 -0.272888 0.090185
v -0.936579 -0.252755 0.069146
v -0.957780 0.090198 -0.080052
v -0.957780 0.090198 -0.080052
v -0.957108 0.167531 -0.102778
v -0.956490 0.063020 -0.106575
v -0.958230 0.175666 0.043256
v -0.960883 0.091824 -0.006050
v -0.959982 0.093305 -0.053292
v -0.960028 0.090405 0.041196
v -0.960099 -0.017537 -0.009405
v -0.958417 -0.015899 -0.057139
v -0.958464 -0.018829 0.038341
v -0.957865 0.084682 0.068410
v -0.954270 -0.023265 0.063642
v -0.960099 -0.017537 -0.009405
v -0.955913 -0.127663 0.035308
v -0.958265 -0.126708 -0.012755
v -0.954193 -0.018358 -0.082326
v -0.959982 0.093305 -0.053292
v -0.955867 -0.124715 -0.060782
v -0.960099 -0.017537 -0.009405
v -0.958265 -0.126708 -0.012755
v -0.957556 0.172849 0.070061
v -0.960028 0.090405 0.041196
v -0.957865 0.084682 0.068410
v -0.957254 0.157969 0.097606
v -0.956701 0.049059 0.098064
v -0.950628 0.219086 0.070571
v -0.958230 0.175666 0.043256
v -0.938488 0.236222 0.087595
v -0.950632 0.216488 0.096289
v -0.957556 0.172849 0.070061
v -0.957254 0.157969 0.097606
v -0.957254 0.157969 0.097606
v -0.956701 0.049059 0.098064
v -0.957562 0.138838 0.143661
v -0.958455 -0.054295 0.169154
v -0.956490 0.063020 -0.106575
v -0.951250 -0.043289 -0.097780
v -0.954193 -0.018358 -0.082326
v -0.957780 0.090198 -0.080052
v -0.951256 -0.211901 0.032872
v -0.955913 -0.127663 0.035308
v -0.958265 -0.126708 -0.012755
v -0.953956 -0.211491 -0.015354
v -0.953956 -0.211491 -0.015354
v -0.942972 -0.255026 0.031615
v -0.945451 -0.255312 -0.016695
v -0.956490 0.063020 -0.106575
v -0.957108 0.167531 -0.102778
v -0.957308 0.155588 -0.146451
v -0.957720 -0.013425 -0.165639
v -0.954191 -0.198920 0.136254
v -0.958455 -0.054295 0.169154
v -0.952044 -0.122688 0.096638
v -0.950142 -0.208670 0.092653
v -0.957562 0.138838 0.143661
v -0.957400 0.116829 0.199331
v -0.956614 0.161578 0.178261
v -0.953933 -0.181989 -0.159766
v -0.953363 -0.201748 -0.194665
v -0.946197 -0.247113 -0.162929
v -0.946876 -0.241697 -0.207116
v -0.954875 -0.156701 -0.212500
v -0.953933 -0.181989 -0.159766
v -0.957720 -0.013425 -0.165639
v -0.953612 -0.217996 0.167909
v -0.946354 -0.257119 0.130489
v -0.947073 -0.254223 0.174782
v -0.954191 -0.198920 0.136254
v -0.955109 -0.187462 0.190242
v -0.954191 -0.198920 0.136254
v -0.958455 -0.054295 0.169154
v -0.957400 0.116829 0.199331
v -0.956597 0.007355 0.215275
v -0.956151 0.091691 0.218563
v -0.934278 -0.276191 0.134508
v -0.947073 -0.254223 0.174782
v -0.935042 -0.271358 0.184040
v -0.946354 -0.257119 0.130489
v -0.931656 -0.272888 0.090185
v -0.942978 -0.256175 0.089288
v -0.946354 -0.257119 0.130489
v -0.950142 -0.208670 0.092653
v -0.954191 -0.198920 0.136254
v -0.957865 0.084682 0.068410
v -0.954270 -0.023265 0.063642
v -0.956701 0.049059 0.098064
v -0.951385 -0.052149 0.079694
v -0.944402 -0.210472 0.056717
v -0.951256 -0.211901 0.032872
v -0.936722 -0.251397 0.055428
v -0.942972 -0.255026 0.031615
v -0.958455 -0.054295 0.169154
v -0.956701 0.049059 0.098064
v -0.951385 -0.052149 0.079694
v -0.952044 -0.122688 0.096638
v -0.949989 -0.198720 -0.120309
v -0.946197 -0.247113 -0.162929
v -0.942870 -0.249257 -0.122194
v -0.953933 -0.181989 -0.159766
v -0.942978 -0.256175 0.089288
v -0.950142 -0.208670 0.092653
v -0.943302 -0.218495 0.070275
v -0.936579 -0.252755 0.069146
v -0.954270 -0.023265 0.063642
v -0.949868 -0.128907 0.059389
v -0.951385 -0.052149 0.079694
v -0.945468 -0.141005 0.067466
v -0.956490 0.063020 -0.106575
v -0.957720 -0.013425 -0.165639
v -0.951250 -0.043289 -0.097780
v -0.951829 -0.108492 -0.115678
v -0.957065 0.133828 -0.203338
v -0.957308 0.155588 -0.146451
v -0.956366 0.177746 -0.181725
v -0.958464 -0.018829 0.038341
v -0.955913 -0.127663 0.035308
v -0.954270 -0.023265 0.063642
v -0.949868 -0.128907 0.059389
v -0.944402 -0.210472 0.056717
v -0.945468 -0.141005 0.067466
v -0.939939 -0.212694 0.063870
v -0.944402 -0.210472 0.056717
v -0.949868 -0.128907 0.059389
v -0.955913 -0.127663 0.035308
v -0.951256 -0.211901 0.032872
v -0.926704 -0.265732 0.054961
v -0.923846 -0.262309 0.062223
v -0.936722 -0.251397 0.055428
v -0.932915 -0.249411 0.062684
v -0.946469 -0.164941 0.073281
v -0.952044 -0.122688 0.096638
v -0.945468 -0.141005 0.067466
v -0.951385 -0.052149 0.079694
v -0.950142 -0.208670 0.092653
v -0.952044 -0.122688 0.096638
v -0.946469 -0.164941 0.073281
v -0.943302 -0.218495 0.070275
v -0.951829 -0.108492 -0.115678
v -0.953933 -0.181989 -0.159766
v -0.949989 -0.198720 -0.120309
v -0.957720 -0.013425 -0.165639
v -0.931457 -0.271066 0.031149
v -0.933339 -0.272009 -0.017199
v -0.926704 -0.265732 0.054961
v -0.942972 -0.255026 0.031615
v -0.936722 -0.251397 0.055428
v -0.931457 -0.271066 0.031149
v -0.945451 -0.255312 -0.016695
v -0.942972 -0.255026 0.031615
v -0.945451 -0.255312 -0.016695
v -0.931411 -0.268105 -0.065395
v -0.942924 -0.252064 -0.064893
v -0.931411 -0.268105 -0.065395
v -0.942924 -0.252064 -0.064893
v -0.926634 -0.261321 -0.088827
v -0.936651 -0.246982 -0.088432
v -0.926725 -0.266143 0.068902
v -0.936579 -0.252755 0.069146
v -0.923846 -0.262309 0.062223
v -0.932915 -0.249411 0.062684
v -0.944402 -0.210472 0.056717
v -0.932915 -0.249411 0.062684
v -0.939939 -0.212694 0.063870
v -0.936722 -0.251397 0.055428
v -0.945468 -0.141005 0.067466
v -0.939939 -0.212694 0.063870
v -0.946469 -0.164941 0.073281
v -0.943302 -0.218495 0.070275
v -0.936579 -0.252755 0.069146
v -0.943302 -0.218495 0.070275
v -0.932915 -0.249411 0.062684
v -0.939939 -0.212694 0.063870
v -0.936494 -0.247443 -0.102166
v -0.942870 -0.249257 -0.122194
v -0.926642 -0.260874 -0.102767
v -0.931552 -0.266300 -0.124433
v -0.951829 -0.108492 -0.115678
v -0.946364 -0.158189 -0.099834
v -0.945383 -0.135643 -0.093355
v -0.951250 -0.043289 -0.097780
v -0.943212 -0.212816 -0.100908
v -0.942870 -0.249257 -0.122194
v -0.936494 -0.247443 -0.102166
v -0.949989 -0.198720 -0.120309
v -0.951829 -0.108492 -0.115678
v -0.949989 -0.198720 -0.120309
v -0.946364 -0.158189 -0.099834
v -0.943212 -0.212816 -0.100908
v -0.676717 -0.263593 0.229458
v -0.683317 -0.237717 0.243715
v -0.683169 -0.260092 0.225626
v -0.676807 -0.240161 0.248712
v -0.939863 -0.207834 -0.094490
v -0.945383 -0.135643 -0.093355
v -0.946364 -0.158189 -0.099834
v -0.943212 -0.212816 -0.100908
v -0.932838 -0.244556 -0.095549
v -0.936494 -0.247443 -0.102166
v -0.923770 -0.257458 -0.095863
v -0.926642 -0.260874 -0.102767
v -0.932838 -0.244556 -0.095549
v -0.939863 -0.207834 -0.094490
v -0.943212 -0.212816 -0.100908
v -0.936494 -0.247443 -0.102166
v -0.543816 0.196334 0.287727
v -0.363821 0.197663 0.287855
v -0.544210 0.255260 0.230147
v -0.364215 0.256589 0.230275
v -0.543991 0.269118 -0.221412
v -0.363997 0.270447 -0.221284
v -0.543540 0.213833 -0.282496
v -0.363545 0.215162 -0.282369
v -0.543816 0.196334 0.287727
v -0.540599 -0.238279 0.274391
v -0.360604 -0.236951 0.274519
v -0.363821 0.197663 0.287855
v -0.540599 -0.238279 0.274391
v -0.360604 -0.236951 0.274519
v -0.360153 -0.292236 0.213435
v -0.540148 -0.293564 0.213307
v -0.359934 -0.278379 -0.238125
v -0.539929 -0.279706 -0.238253
v -0.360328 -0.219452 -0.295705
v -0.540324 -0.220780 -0.295832
v -0.360328 -0.219452 -0.295705
v -0.540324 -0.220780 -0.295832
v -0.543540 0.213833 -0.282496
v -0.363545 0.215162 -0.282369
v -0.543540 0.213833 -0.282496
v -0.540480 -0.202086 -0.269677
v -0.543408 0.193571 -0.257537
v -0.540324 -0.220780 -0.295832
v -0.543991 0.269118 -0.221412
v -0.539929 -0.279706 -0.238253
v -0.543819 0.243899 -0.201929
v -0.540121 -0.255730 -0.217259
v -0.544210 0.255260 0.230147
v -0.540320 -0.268345 0.193824
v -0.544018 0.231284 0.209155
v -0.540148 -0.293564 0.213307
v -0.543660 0.177640 0.261572
v -0.540731 -0.218017 0.249432
v -0.543816 0.196334 0.287727
v -0.540599 -0.238279 0.274391
v -0.540320 -0.268345 0.193824
v -0.540731 -0.218017 0.249432
v -0.388194 -0.011087 -0.003944
v -0.543660 0.177640 0.261572
v -0.540121 -0.255730 -0.217259
v -0.544018 0.231284 0.209155
v -0.540480 -0.202086 -0.269677
v -0.543819 0.243899 -0.201929
v -0.543408 0.193571 -0.257537
v 0.931771 0.178811 0.254656
v 0.896396 0.250924 0.214954
v 0.896784 0.192838 0.271714
v 0.931391 0.235648 0.199117
v 0.896600 0.263845 -0.206111
v 0.931579 0.247628 -0.191207
v 0.861707 0.267424 -0.211367
v 0.932014 0.194302 -0.250126
v 0.897045 0.209349 -0.266325
v 0.862141 0.214351 -0.270007
v -0.128204 0.207182 -0.270706
v -0.128636 0.260120 -0.212215
v -0.128845 0.246862 0.219827
v 0.861498 0.254175 0.220386
v 0.861876 0.197606 0.275662
v -0.128468 0.190436 0.274963
v -0.341573 0.224390 -0.293964
v -0.363353 0.215217 -0.282862
v -0.342043 0.281895 -0.230428
v -0.363805 0.270501 -0.221778
v -0.363629 0.197718 0.287361
v -0.364023 0.256644 0.229781
v -0.341860 0.206193 0.299026
v -0.342270 0.267485 0.239135
v -0.264078 0.282337 0.182644
v -0.263723 0.285663 0.172865
v -0.262427 0.282884 0.185528
v -0.240638 0.282474 0.182708
v -0.240282 0.285801 0.172929
v -0.238986 0.283023 0.185592
v -0.260649 0.249944 0.280780
v -0.263524 0.248465 0.280719
v -0.263235 0.255172 0.269694
v -0.259212 0.256103 0.269570
v -0.257702 0.248507 0.280723
v -0.237208 0.250058 0.280800
v -0.240083 0.248579 0.280739
v -0.239793 0.255286 0.269714
v -0.235770 0.256218 0.269590
v -0.234262 0.248621 0.280743
v -0.262427 0.282884 0.185528
v -0.260844 0.286783 0.171908
v -0.263723 0.285663 0.172865
v -0.263362 0.282970 0.160246
v -0.259336 0.283569 0.159537
v -0.257900 0.285706 0.172869
v -0.259134 0.282375 0.185953
v -0.238986 0.283023 0.185592
v -0.237403 0.286922 0.171973
v -0.240282 0.285801 0.172929
v -0.239921 0.283109 0.160309
v -0.235894 0.283707 0.159602
v -0.234460 0.285845 0.172933
v -0.235693 0.282514 0.186017
v -0.263235 0.255172 0.269694
v -0.260611 0.248059 0.261010
v -0.259212 0.256103 0.269570
v -0.239793 0.255286 0.269714
v -0.237170 0.248173 0.261030
v -0.235770 0.256218 0.269590
v -0.150165 0.225791 -0.293829
v -0.128543 0.199416 0.287527
v -0.150452 0.207593 0.299162
v -0.150862 0.268898 0.239258
v -0.128937 0.258380 0.229910
v -0.128719 0.272235 -0.221573
v -0.150634 0.283307 -0.230279
v -0.128267 0.216915 -0.282696
v -0.234059 0.283237 0.162847
v -0.234460 0.285845 0.172933
v -0.235894 0.283707 0.159602
v -0.233918 0.253652 0.271617
v -0.234262 0.248621 0.280743
v -0.235770 0.256218 0.269590
v -0.150165 0.225791 -0.293829
v -0.341573 0.224390 -0.293964
v -0.342043 0.281895 -0.230428
v -0.150634 0.283307 -0.230279
v -0.342270 0.267485 0.239135
v -0.150862 0.268898 0.239258
v -0.150452 0.207593 0.299162
v -0.341860 0.206193 0.299026
v -0.257500 0.283098 0.162782
v -0.257900 0.285706 0.172869
v -0.259336 0.283569 0.159537
v -0.257359 0.253538 0.271598
v -0.257702 0.248507 0.280723
v -0.259212 0.256103 0.269570
v 0.931771 0.178811 0.254656
v 0.896784 0.192838 0.271714
v 0.934551 -0.196866 0.243129
v 0.861876 0.197606 0.275662
v -0.128468 0.190436 0.274963
v 0.899784 -0.212428 0.259278
v 0.864952 -0.217945 0.262911
v -0.125390 -0.225393 0.262203
v -0.360412 -0.236897 0.274025
v -0.338515 -0.245748 0.285158
v -0.363629 0.197718 0.287361
v -0.341860 0.206193 0.299026
v -0.263834 0.239333 0.285549
v -0.263524 0.248465 0.280719
v -0.262166 0.237755 0.288015
v -0.263028 0.279359 0.164236
v -0.260698 0.271629 0.164381
v -0.260771 0.279746 0.165311
v -0.258291 0.280475 0.164626
v -0.240394 0.239447 0.285568
v -0.240083 0.248579 0.280739
v -0.238726 0.237868 0.288034
v -0.239587 0.279498 0.164301
v -0.237256 0.271768 0.164446
v -0.237330 0.279884 0.165375
v -0.234850 0.280615 0.164690
v -0.262166 0.237755 0.288015
v -0.260649 0.249944 0.280780
v -0.263524 0.248465 0.280719
v -0.257702 0.248507 0.280723
v -0.258872 0.237101 0.287957
v -0.238726 0.237868 0.288034
v -0.237208 0.250058 0.280800
v -0.240083 0.248579 0.280739
v -0.234262 0.248621 0.280743
v -0.235432 0.237215 0.287977
v -0.235693 0.282514 0.186017
v -0.237256 0.271010 0.185847
v -0.234685 0.271093 0.183962
v -0.238986 0.283023 0.185592
v -0.239662 0.271034 0.184608
v -0.235432 0.237215 0.287977
v -0.237012 0.228966 0.279965
v -0.239425 0.229825 0.279091
v -0.262427 0.282884 0.185528
v -0.262488 0.270877 0.185472
v -0.259134 0.282375 0.185953
v -0.258126 0.270956 0.183898
v -0.262166 0.237755 0.288015
v -0.262247 0.229062 0.279731
v -0.258872 0.237101 0.287957
v -0.125327 -0.235125 0.274194
v -0.147107 -0.244324 0.285295
v -0.128543 0.199416 0.287527
v -0.150452 0.207593 0.299162
v -0.150452 0.207593 0.299162
v -0.341860 0.206193 0.299026
v -0.147107 -0.244324 0.285295
v -0.338515 -0.245748 0.285158
v 0.931771 0.178811 0.254656
v 0.931391 0.235648 0.199117
v 0.934986 -0.250191 0.184210
v 0.934551 -0.196866 0.243129
v 0.931579 0.247628 -0.191207
v 0.935175 -0.238213 -0.206114
v 0.932014 0.194302 -0.250126
v 0.934795 -0.181375 -0.261653
v -0.124875 -0.290445 0.213071
v -0.124657 -0.276590 -0.238414
v -0.124749 -0.265072 -0.228330
v -0.125127 -0.208647 -0.283466
v -0.124958 -0.278331 0.203712
v -0.125051 -0.217626 -0.296030
v -0.125390 -0.225393 0.262203
v -0.128204 0.207182 -0.270706
v -0.125327 -0.235125 0.274194
v -0.128543 0.199416 0.287527
v -0.128468 0.190436 0.274963
v -0.128937 0.258380 0.229910
v -0.128845 0.246862 0.219827
v -0.128719 0.272235 -0.221573
v -0.128636 0.260120 -0.212215
v -0.128267 0.216915 -0.282696
v -0.234059 0.283237 0.162847
v -0.234460 0.285845 0.172933
v -0.234333 0.281980 0.183464
v -0.235693 0.282514 0.186017
v -0.234685 0.271093 0.183962
v -0.235894 0.283707 0.159602
v -0.235042 0.279683 0.180754
v -0.234866 0.271947 0.160129
v -0.234850 0.280615 0.164690
v -0.237256 0.271768 0.164446
v -0.233918 0.253652 0.271617
v -0.234262 0.248621 0.280743
v -0.234085 0.238583 0.285747
v -0.235432 0.237215 0.287977
v -0.234451 0.230325 0.278638
v -0.235770 0.256218 0.269590
v -0.234812 0.238771 0.282205
v -0.234756 0.247307 0.261896
v -0.234704 0.250477 0.271161
v -0.237124 0.244206 0.264922
v -0.235042 0.279683 0.180754
v -0.237272 0.271191 0.180595
v -0.234685 0.271093 0.183962
v -0.234812 0.238771 0.282205
v -0.237056 0.232701 0.276269
v -0.234451 0.230325 0.278638
v -0.258483 0.279544 0.180691
v -0.260714 0.271053 0.180531
v -0.258126 0.270956 0.183898
v -0.257500 0.283098 0.162782
v -0.257900 0.285706 0.172869
v -0.257775 0.281841 0.183401
v -0.259134 0.282375 0.185953
v -0.258126 0.270956 0.183898
v -0.259336 0.283569 0.159537
v -0.258483 0.279544 0.180691
v -0.258307 0.271809 0.160066
v -0.258291 0.280475 0.164626
v -0.260698 0.271629 0.164381
v -0.257359 0.253538 0.271598
v -0.257702 0.248507 0.280723
v -0.257527 0.238469 0.285728
v -0.258872 0.237101 0.287957
v -0.257893 0.230211 0.278618
v -0.259212 0.256103 0.269570
v -0.258253 0.238657 0.282184
v -0.258197 0.247192 0.261877
v -0.258144 0.250364 0.271141
v -0.260566 0.244093 0.264903
v -0.258253 0.238657 0.282184
v -0.260498 0.232586 0.276250
v -0.257893 0.230211 0.278618
v 0.934986 -0.250191 0.184210
v 0.934551 -0.196866 0.243129
v 0.900230 -0.266924 0.199065
v 0.935175 -0.238213 -0.206114
v 0.934795 -0.181375 -0.261653
v 0.900045 -0.195917 -0.278760
v 0.900433 -0.254003 -0.222001
v 0.865385 -0.271018 0.204271
v 0.865594 -0.257768 -0.227482
v 0.865217 -0.201199 -0.282758
v -0.124749 -0.265072 -0.228330
v -0.125127 -0.208647 -0.283466
v -0.124958 -0.278331 0.203712
v 0.899784 -0.212428 0.259278
v 0.864952 -0.217945 0.262911
v -0.125390 -0.225393 0.262203
v -0.360136 -0.219398 -0.296198
v -0.337819 -0.288842 -0.247941
v -0.359743 -0.278324 -0.238619
v -0.338229 -0.227550 -0.307832
v -0.338046 -0.303253 0.221622
v -0.359961 -0.292181 0.212940
v -0.360412 -0.236897 0.274025
v -0.338515 -0.245748 0.285158
v -0.262886 0.249807 0.270116
v -0.260566 0.244093 0.264903
v -0.260622 0.249356 0.271151
v -0.258144 0.250364 0.271141
v -0.239444 0.249921 0.270136
v -0.237124 0.244206 0.264922
v -0.237181 0.249470 0.271170
v -0.234704 0.250477 0.271161
v -0.235432 0.237215 0.287977
v -0.237012 0.228966 0.279965
v -0.234451 0.230325 0.278638
v -0.239425 0.229825 0.279091
v -0.238726 0.237868 0.288034
v -0.262247 0.229062 0.279731
v -0.258872 0.237101 0.287957
v -0.257893 0.230211 0.278618
v -0.124875 -0.290445 0.213071
v -0.124657 -0.276590 -0.238414
v -0.125051 -0.217626 -0.296030
v -0.146410 -0.287430 -0.247792
v -0.146820 -0.226126 -0.307696
v -0.146637 -0.301840 0.221745
v -0.125327 -0.235125 0.274194
v -0.147107 -0.244324 0.285295
v -0.263936 0.281338 0.173156
v -0.260775 0.278958 0.179389
v -0.263141 0.278733 0.180916
v -0.260771 0.279746 0.165311
v -0.263028 0.279359 0.164236
v -0.258291 0.280475 0.164626
v -0.258483 0.279544 0.180691
v -0.240495 0.281477 0.173220
v -0.237335 0.279097 0.179454
v -0.239701 0.278873 0.180980
v -0.237330 0.279884 0.165375
v -0.239587 0.279498 0.164301
v -0.234850 0.280615 0.164690
v -0.235042 0.279683 0.180754
v -0.263744 0.245120 0.277964
v -0.260553 0.239120 0.280847
v -0.260622 0.249356 0.271151
v -0.262886 0.249807 0.270116
v -0.258144 0.250364 0.271141
v -0.258253 0.238657 0.282184
v -0.240302 0.245234 0.277984
v -0.237113 0.239233 0.280867
v -0.237181 0.249470 0.271170
v -0.239444 0.249921 0.270136
v -0.234704 0.250477 0.271161
v -0.234812 0.238771 0.282205
v -0.338229 -0.227550 -0.307832
v -0.146820 -0.226126 -0.307696
v -0.337819 -0.288842 -0.247941
v -0.146410 -0.287430 -0.247792
v -0.146637 -0.301840 0.221745
v -0.338046 -0.303253 0.221622
v -0.147107 -0.244324 0.285295
v -0.338515 -0.245748 0.285158
v 0.932014 0.194302 -0.250126
v 0.897045 0.209349 -0.266325
v 0.934795 -0.181375 -0.261653
v 0.900045 -0.195917 -0.278760
v 0.865217 -0.201199 -0.282758
v -0.125127 -0.208647 -0.283466
v 0.862141 0.214351 -0.270007
v -0.128204 0.207182 -0.270706
v -0.360136 -0.219398 -0.296198
v -0.338229 -0.227550 -0.307832
v -0.341573 0.224390 -0.293964
v -0.363353 0.215217 -0.282862
v -0.263141 0.278733 0.180916
v -0.260714 0.271053 0.180531
v -0.260775 0.278958 0.179389
v -0.239921 0.283109 0.160309
v -0.239701 0.278873 0.180980
v -0.237272 0.271191 0.180595
v -0.237335 0.279097 0.179454
v -0.239844 0.271888 0.160777
v -0.237272 0.271979 0.158891
v -0.260553 0.239120 0.280847
v -0.260498 0.232586 0.276250
v -0.262912 0.237902 0.281814
v -0.237113 0.239233 0.280867
v -0.237056 0.232701 0.276269
v -0.239471 0.238015 0.281834
v -0.263235 0.255172 0.269694
v -0.260611 0.248059 0.261010
v -0.263171 0.246693 0.262330
v -0.259212 0.256103 0.269570
v -0.258197 0.247192 0.261877
v -0.263362 0.282970 0.160246
v -0.260714 0.271841 0.158828
v -0.263284 0.271750 0.160712
v -0.259336 0.283569 0.159537
v -0.258307 0.271809 0.160066
v -0.239793 0.255286 0.269714
v -0.237170 0.248173 0.261030
v -0.239731 0.246806 0.262349
v -0.235770 0.256218 0.269590
v -0.234756 0.247307 0.261896
v -0.239921 0.283109 0.160309
v -0.235894 0.283707 0.159602
v -0.237272 0.271979 0.158891
v -0.234866 0.271947 0.160129
v -0.125051 -0.217626 -0.296030
v -0.146820 -0.226126 -0.307696
v -0.150165 0.225791 -0.293829
v -0.128267 0.216915 -0.282696
v -0.263744 0.245120 0.277964
v -0.260553 0.239120 0.280847
v -0.262912 0.237902 0.281814
v -0.240302 0.245234 0.277984
v -0.237113 0.239233 0.280867
v -0.239471 0.238015 0.281834
v -0.237335 0.279097 0.179454
v -0.235042 0.279683 0.180754
v -0.237272 0.271191 0.180595
v -0.237113 0.239233 0.280867
v -0.234812 0.238771 0.282205
v -0.237056 0.232701 0.276269
v -0.150165 0.225791 -0.293829
v -0.341573 0.224390 -0.293964
v -0.338229 -0.227550 -0.307832
v -0.146820 -0.226126 -0.307696
v -0.260775 0.278958 0.179389
v -0.258483 0.279544 0.180691
v -0.260714 0.271053 0.180531
v -0.260553 0.239120 0.280847
v -0.258253 0.238657 0.282184
v -0.260498 0.232586 0.276250
v -0.263834 0.239333 0.285549
v -0.263524 0.248465 0.280719
v -0.263235 0.255172 0.269694
v -0.262166 0.237755 0.288015
v -0.262247 0.229062 0.279731
v -0.262912 0.237902 0.281814
v -0.260498 0.232586 0.276250
v -0.263744 0.245120 0.277964
v -0.262886 0.249807 0.270116
v -0.263171 0.246693 0.262330
v -0.264078 0.282337 0.182644
v -0.263723 0.285663 0.172865
v -0.263362 0.282970 0.160246
v -0.262427 0.282884 0.185528
v -0.262488 0.270877 0.185472
v -0.263141 0.278733 0.180916
v -0.260714 0.271053 0.180531
v -0.263936 0.281338 0.173156
v -0.263028 0.279359 0.164236
v -0.263284 0.271750 0.160712
v -0.260698 0.271629 0.164381
v -0.240394 0.239447 0.285568
v -0.240083 0.248579 0.280739
v -0.239793 0.255286 0.269714
v -0.238726 0.237868 0.288034
v -0.239425 0.229825 0.279091
v -0.239471 0.238015 0.281834
v -0.237056 0.232701 0.276269
v -0.240302 0.245234 0.277984
v -0.239444 0.249921 0.270136
v -0.239731 0.246806 0.262349
v -0.240638 0.282474 0.182708
v -0.240282 0.285801 0.172929
v -0.239921 0.283109 0.160309
v -0.238986 0.283023 0.185592
v -0.239662 0.271034 0.184608
v -0.239701 0.278873 0.180980
v -0.237272 0.271191 0.180595
v -0.240495 0.281477 0.173220
v -0.239587 0.279498 0.164301
v -0.239844 0.271888 0.160777
v -0.237256 0.271768 0.164446
v -0.262886 0.249807 0.270116
v -0.263171 0.246693 0.262330
v -0.260566 0.244093 0.264903
v -0.239444 0.249921 0.270136
v -0.239731 0.246806 0.262349
v -0.237124 0.244206 0.264922
v -0.278727 0.265396 0.255619
v -0.280730 0.262811 0.250124
v -0.248805 0.274462 0.246922
v -0.248786 0.272489 0.240840
v -0.216716 0.263284 0.250170
v -0.218763 0.265839 0.255662
v -0.258080 0.240826 0.280004
v -0.258121 0.246861 0.274054
v -0.261775 0.239707 0.281078
v -0.261830 0.247925 0.272976
v -0.256860 0.247243 0.273689
v -0.256814 0.240463 0.280371
v -0.263290 0.237060 0.283674
v -0.254426 0.247981 0.272981
v -0.263380 0.250551 0.270375
v -0.254371 0.239762 0.281083
v -0.291004 0.243953 0.276658
v -0.278727 0.265396 0.255619
v -0.278443 0.222693 0.297716
v -0.261864 0.253198 0.267778
v -0.261739 0.234434 0.286275
v -0.258170 0.254317 0.266704
v -0.258030 0.233370 0.287354
v -0.248805 0.274462 0.246922
v -0.248401 0.214070 0.306455
v -0.254461 0.253252 0.267783
v -0.254336 0.234489 0.286280
v -0.242895 0.253690 0.267444
v -0.244411 0.251043 0.270042
v -0.239201 0.254810 0.266371
v -0.252910 0.250628 0.270382
v -0.218763 0.265839 0.255662
v -0.235492 0.253745 0.267449
v -0.242861 0.248419 0.272642
v -0.233941 0.251120 0.270050
v -0.206202 0.244578 0.276718
v -0.242805 0.240199 0.280743
v -0.239111 0.241319 0.279670
v -0.244321 0.237551 0.283342
v -0.239152 0.247353 0.273721
v -0.252821 0.237137 0.283682
v -0.235402 0.240254 0.280749
v -0.242770 0.234928 0.285941
v -0.235457 0.248473 0.272647
v -0.233851 0.237629 0.283349
v -0.218478 0.223136 0.297759
v -0.239061 0.233863 0.287020
v -0.235367 0.234982 0.285946
v -0.248773 0.281249 0.130539
v -0.243015 0.280243 0.159753
v -0.239313 0.280325 0.158223
v -0.254583 0.280139 0.160238
v -0.244549 0.280099 0.163450
v -0.218795 0.281025 0.142972
v -0.235612 0.280298 0.159758
v -0.234080 0.280176 0.163458
v -0.253051 0.280018 0.163939
v -0.258284 0.280167 0.158703
v -0.278760 0.280582 0.142929
v -0.261987 0.280085 0.160233
v -0.263521 0.279941 0.163931
v -0.206390 0.280040 0.172944
v -0.291192 0.279415 0.172883
v -0.235615 0.280032 0.167156
v -0.261990 0.279820 0.167631
v -0.235620 0.279618 0.178690
v -0.234089 0.279497 0.182390
v -0.239321 0.279646 0.177154
v -0.218822 0.278874 0.202899
v -0.239317 0.279949 0.168686
v -0.235623 0.279352 0.186088
v -0.239326 0.279270 0.187618
v -0.243018 0.279977 0.167151
v -0.248810 0.278207 0.215289
v -0.243024 0.279563 0.178685
v -0.243027 0.279298 0.186083
v -0.254586 0.279874 0.167637
v -0.254592 0.279461 0.179170
v -0.244559 0.279419 0.182382
v -0.257026 0.279819 0.168645
v -0.253060 0.279338 0.182871
v -0.257030 0.279479 0.178159
v -0.254594 0.279194 0.186569
v -0.258293 0.279489 0.177635
v -0.258298 0.279112 0.188098
v -0.258289 0.279792 0.169167
v -0.278787 0.278430 0.202856
v -0.261995 0.279406 0.179165
v -0.261998 0.279140 0.186563
v -0.263529 0.279261 0.182864
v -0.261739 0.240251 0.264486
v -0.261830 0.247925 0.272976
v -0.258030 0.239187 0.265564
v -0.258121 0.246861 0.274054
v -0.256860 0.247243 0.273689
v -0.254426 0.247981 0.272981
v -0.254335 0.240305 0.264491
v -0.261649 0.226760 0.277785
v -0.261739 0.234434 0.286275
v -0.257939 0.225696 0.278863
v -0.258030 0.233370 0.287354
v -0.254336 0.234489 0.286280
v -0.254245 0.226814 0.277790
v -0.278443 0.222693 0.297716
v -0.218478 0.223136 0.297759
v -0.216411 0.217694 0.295111
v -0.248401 0.214070 0.306455
v -0.248355 0.208017 0.304395
v -0.280425 0.217222 0.295065
v -0.243024 0.279563 0.178685
v -0.242939 0.268137 0.178274
v -0.239236 0.268219 0.176745
v -0.235620 0.279618 0.178690
v -0.239321 0.279646 0.177154
v -0.235535 0.268192 0.178280
v -0.261995 0.279406 0.179165
v -0.261883 0.267997 0.178260
v -0.258293 0.279489 0.177635
v -0.258180 0.268079 0.176731
v -0.257030 0.279479 0.178159
v -0.254479 0.268051 0.178266
v -0.254592 0.279461 0.179170
v -0.239136 0.246782 0.258228
v -0.242895 0.253690 0.267444
v -0.242830 0.245664 0.259301
v -0.239201 0.254810 0.266371
v -0.235492 0.253745 0.267449
v -0.235427 0.245718 0.259306
v -0.261987 0.280085 0.160233
v -0.261874 0.268676 0.159329
v -0.258284 0.280167 0.158703
v -0.258172 0.268758 0.157799
v -0.254583 0.280139 0.160238
v -0.254470 0.268731 0.159334
v -0.278787 0.278430 0.202856
v -0.278701 0.267005 0.202445
v -0.280770 0.272629 0.204673
v -0.218822 0.278874 0.202899
v -0.218738 0.267447 0.202488
v -0.216756 0.273101 0.204719
v -0.248769 0.272391 0.217945
v -0.248810 0.278207 0.215289
v -0.248725 0.266780 0.214878
v -0.242805 0.240199 0.280743
v -0.242741 0.232173 0.272601
v -0.239046 0.233291 0.271527
v -0.235402 0.240254 0.280749
v -0.239111 0.241319 0.279670
v -0.235337 0.232227 0.272606
v -0.243015 0.280243 0.159753
v -0.239228 0.268898 0.157812
v -0.239313 0.280325 0.158223
v -0.235612 0.280298 0.159758
v -0.242931 0.268816 0.159341
v -0.235527 0.268871 0.159347
v -0.216716 0.263284 0.250170
v -0.218763 0.265839 0.255662
v -0.218698 0.257813 0.247518
v -0.203305 0.240587 0.272649
v -0.206202 0.244578 0.276718
v -0.206137 0.236551 0.268575
v -0.218478 0.223136 0.297759
v -0.218413 0.215108 0.289615
v -0.216411 0.217694 0.295111
v -0.242942 0.267870 0.185672
v -0.243027 0.279298 0.186083
v -0.244473 0.267993 0.181973
v -0.244559 0.279419 0.182382
v -0.243024 0.279563 0.178685
v -0.242939 0.268137 0.178274
v -0.261995 0.279406 0.179165
v -0.263417 0.267854 0.181959
v -0.261883 0.267997 0.178260
v -0.263529 0.279261 0.182864
v -0.261886 0.267731 0.185658
v -0.261998 0.279140 0.186563
v -0.261739 0.240251 0.264486
v -0.263380 0.250551 0.270375
v -0.261830 0.247925 0.272976
v -0.263290 0.242877 0.261886
v -0.261864 0.253198 0.267778
v -0.261774 0.245523 0.259287
v -0.263199 0.229385 0.275184
v -0.261775 0.239707 0.281078
v -0.263290 0.237060 0.283674
v -0.261684 0.232032 0.272587
v -0.261649 0.226760 0.277785
v -0.261739 0.234434 0.286275
v -0.242895 0.253690 0.267444
v -0.242830 0.245664 0.259301
v -0.244346 0.243017 0.261898
v -0.244411 0.251043 0.270042
v -0.242861 0.248419 0.272642
v -0.242795 0.240391 0.264499
v -0.263521 0.279941 0.163931
v -0.261878 0.268411 0.166726
v -0.263409 0.268532 0.163027
v -0.261990 0.279820 0.167631
v -0.261987 0.280085 0.160233
v -0.261874 0.268676 0.159329
v -0.218795 0.281025 0.142972
v -0.218711 0.269598 0.142561
v -0.216727 0.275400 0.140744
v -0.203484 0.274348 0.172741
v -0.206390 0.280040 0.172944
v -0.206305 0.268614 0.172534
v -0.218822 0.278874 0.202899
v -0.218738 0.267447 0.202488
v -0.216756 0.273101 0.204719
v -0.242705 0.226900 0.277798
v -0.242770 0.234928 0.285941
v -0.244256 0.229525 0.275197
v -0.244321 0.237551 0.283342
v -0.242805 0.240199 0.280743
v -0.242741 0.232173 0.272601
v -0.243015 0.280243 0.159753
v -0.242931 0.268816 0.159341
v -0.244465 0.268672 0.163041
v -0.244549 0.280099 0.163450
v -0.243018 0.279977 0.167151
v -0.242934 0.268551 0.166741
v -0.278377 0.214666 0.289572
v -0.218413 0.215108 0.289615
v -0.216411 0.217694 0.295111
v -0.248336 0.206044 0.298312
v -0.248355 0.208017 0.304395
v -0.280425 0.217222 0.295065
v -0.261864 0.253198 0.267778
v -0.261774 0.245523 0.259287
v -0.258170 0.254317 0.266704
v -0.258079 0.246642 0.258214
v -0.254370 0.245578 0.259293
v -0.254461 0.253252 0.267783
v -0.291107 0.267989 0.172474
v -0.263417 0.267854 0.181959
v -0.278701 0.267005 0.202445
v -0.261886 0.267731 0.185658
v -0.258184 0.267704 0.187194
v -0.261883 0.267997 0.178260
v -0.248725 0.266780 0.214878
v -0.254482 0.267786 0.185665
v -0.261878 0.268411 0.166726
v -0.263409 0.268532 0.163027
v -0.258176 0.268383 0.168262
v -0.278675 0.269155 0.142519
v -0.258180 0.268079 0.176731
v -0.261874 0.268676 0.159329
v -0.254479 0.268051 0.178266
v -0.258172 0.268758 0.157799
v -0.248687 0.269821 0.130128
v -0.254470 0.268731 0.159334
v -0.242931 0.268816 0.159341
v -0.252939 0.268609 0.163034
v -0.239228 0.268898 0.157812
v -0.244465 0.268672 0.163041
v -0.218711 0.269598 0.142561
v -0.235527 0.268871 0.159347
v -0.233995 0.268749 0.163048
v -0.254473 0.268466 0.166732
v -0.242934 0.268551 0.166741
v -0.206305 0.268614 0.172534
v -0.235530 0.268605 0.166746
v -0.235535 0.268192 0.178280
v -0.239233 0.268523 0.168276
v -0.234004 0.268070 0.181980
v -0.239236 0.268219 0.176745
v -0.218738 0.267447 0.202488
v -0.235539 0.267925 0.185678
v -0.239241 0.267843 0.187208
v -0.242942 0.267870 0.185672
v -0.244473 0.267993 0.181973
v -0.252948 0.267930 0.181967
v -0.242939 0.268137 0.178274
v -0.261684 0.232032 0.272587
v -0.263199 0.229385 0.275184
v -0.263290 0.242877 0.261886
v -0.261739 0.240251 0.264486
v -0.257990 0.233151 0.271514
v -0.258030 0.239187 0.265564
v -0.254335 0.240305 0.264491
v -0.254280 0.232087 0.272592
v -0.290939 0.235926 0.268515
v -0.278663 0.257369 0.247475
v -0.278377 0.214666 0.289572
v -0.261774 0.245523 0.259287
v -0.261649 0.226760 0.277785
v -0.258079 0.246642 0.258214
v -0.257939 0.225696 0.278863
v -0.248740 0.266435 0.238779
v -0.248336 0.206044 0.298312
v -0.254370 0.245578 0.259293
v -0.254245 0.226814 0.277790
v -0.242830 0.245664 0.259301
v -0.244346 0.243017 0.261898
v -0.239136 0.246782 0.258228
v -0.252820 0.242953 0.261893
v -0.218698 0.257813 0.247518
v -0.235427 0.245718 0.259306
v -0.233876 0.243093 0.261905
v -0.242795 0.240391 0.264499
v -0.206137 0.236551 0.268575
v -0.233786 0.229602 0.275205
v -0.235392 0.240445 0.264504
v -0.218413 0.215108 0.289615
v -0.235337 0.232227 0.272606
v -0.235301 0.226954 0.277803
v -0.239046 0.233291 0.271527
v -0.238996 0.225836 0.278877
v -0.239086 0.239326 0.265578
v -0.242741 0.232173 0.272601
v -0.242705 0.226900 0.277798
v -0.244256 0.229525 0.275197
v -0.252730 0.229463 0.275192
v -0.261775 0.239707 0.281078
v -0.261684 0.232032 0.272587
v -0.258080 0.240826 0.280004
v -0.257990 0.233151 0.271514
v -0.254280 0.232087 0.272592
v -0.256814 0.240463 0.280371
v -0.254371 0.239762 0.281083
v -0.280730 0.262811 0.250124
v -0.248786 0.272489 0.240840
v -0.248740 0.266435 0.238779
v -0.216716 0.263284 0.250170
v -0.278663 0.257369 0.247475
v -0.218698 0.257813 0.247518
v -0.242942 0.267870 0.185672
v -0.243027 0.279298 0.186083
v -0.239326 0.279270 0.187618
v -0.239241 0.267843 0.187208
v -0.235539 0.267925 0.185678
v -0.235623 0.279352 0.186088
v -0.261886 0.267731 0.185658
v -0.261998 0.279140 0.186563
v -0.258298 0.279112 0.188098
v -0.258184 0.267704 0.187194
v -0.254594 0.279194 0.186569
v -0.254482 0.267786 0.185665
v -0.242861 0.248419 0.272642
v -0.242795 0.240391 0.264499
v -0.239152 0.247353 0.273721
v -0.239086 0.239326 0.265578
v -0.235457 0.248473 0.272647
v -0.235392 0.240445 0.264504
v -0.261878 0.268411 0.166726
v -0.261990 0.279820 0.167631
v -0.258289 0.279792 0.169167
v -0.258176 0.268383 0.168262
v -0.257026 0.279819 0.168645
v -0.254473 0.268466 0.166732
v -0.254586 0.279874 0.167637
v -0.278760 0.280582 0.142929
v -0.280742 0.274927 0.140698
v -0.248728 0.275639 0.127472
v -0.248773 0.281249 0.130539
v -0.278675 0.269155 0.142519
v -0.248687 0.269821 0.130128
v -0.218795 0.281025 0.142972
v -0.218711 0.269598 0.142561
v -0.216727 0.275400 0.140744
v -0.242705 0.226900 0.277798
v -0.242770 0.234928 0.285941
v -0.239061 0.233863 0.287020
v -0.238996 0.225836 0.278877
v -0.235301 0.226954 0.277803
v -0.235367 0.234982 0.285946
v -0.243018 0.279977 0.167151
v -0.235615 0.280032 0.167156
v -0.242934 0.268551 0.166741
v -0.235530 0.268605 0.166746
v -0.239317 0.279949 0.168686
v -0.239233 0.268523 0.168276
v -0.291004 0.243953 0.276658
v -0.278727 0.265396 0.255619
v -0.293835 0.239918 0.272585
v -0.278443 0.222693 0.297716
v -0.280730 0.262811 0.250124
v -0.278663 0.257369 0.247475
v -0.290939 0.235926 0.268515
v -0.278377 0.214666 0.289572
v -0.280425 0.217222 0.295065
v -0.235539 0.267925 0.185678
v -0.235623 0.279352 0.186088
v -0.234004 0.268070 0.181980
v -0.234089 0.279497 0.182390
v -0.235620 0.279618 0.178690
v -0.235535 0.268192 0.178280
v -0.254479 0.268051 0.178266
v -0.254592 0.279461 0.179170
v -0.254594 0.279194 0.186569
v -0.252948 0.267930 0.181967
v -0.254482 0.267786 0.185665
v -0.253060 0.279338 0.182871
v -0.254426 0.247981 0.272981
v -0.254370 0.245578 0.259293
v -0.254335 0.240305 0.264491
v -0.254461 0.253252 0.267783
v -0.252910 0.250628 0.270382
v -0.252820 0.242953 0.261893
v -0.254280 0.232087 0.272592
v -0.254336 0.234489 0.286280
v -0.254371 0.239762 0.281083
v -0.254245 0.226814 0.277790
v -0.252730 0.229463 0.275192
v -0.252821 0.237137 0.283682
v -0.235492 0.253745 0.267449
v -0.235427 0.245718 0.259306
v -0.233876 0.243093 0.261905
v -0.233941 0.251120 0.270050
v -0.235457 0.248473 0.272647
v -0.235392 0.240445 0.264504
v -0.254473 0.268466 0.166732
v -0.254583 0.280139 0.160238
v -0.254586 0.279874 0.167637
v -0.254470 0.268731 0.159334
v -0.253051 0.280018 0.163939
v -0.252939 0.268609 0.163034
v -0.291192 0.279415 0.172883
v -0.278760 0.280582 0.142929
v -0.294013 0.273680 0.172677
v -0.278787 0.278430 0.202856
v -0.280742 0.274927 0.140698
v -0.278675 0.269155 0.142519
v -0.291107 0.267989 0.172474
v -0.278701 0.267005 0.202445
v -0.280770 0.272629 0.204673
v -0.235301 0.226954 0.277803
v -0.235367 0.234982 0.285946
v -0.233786 0.229602 0.275205
v -0.233851 0.237629 0.283349
v -0.235402 0.240254 0.280749
v -0.235337 0.232227 0.272606
v -0.235612 0.280298 0.159758
v -0.235527 0.268871 0.159347
v -0.233995 0.268749 0.163048
v -0.234080 0.280176 0.163458
v -0.235615 0.280032 0.167156
v -0.235530 0.268605 0.166746
vn -0.3149 0.5695 -0.7593
vn -0.3008 0.9000 -0.3153
vn -0.0816 0.9443 -0.3188
vn -0.0852 0.5971 -0.7976
vn -0.0039 0.9480 -0.3181
vn -0.0066 0.6025 -0.7981
vn -0.0092 0.9465 -0.3225
vn -0.6845 0.4279 -0.5902
vn -0.6797 0.6944 -0.2362
vn -0.3010 0.9000 -0.3153
vn -0.3150 0.5695 -0.7593
vn -0.0815 0.9443 -0.3188
vn -0.0262 0.9476 -0.3185
vn -0.0177 0.6024 -0.7980
vn -0.0065 0.6025 -0.7981
vn -0.0176 0.6024 -0.7980
vn -0.6797 0.6945 -0.2361
vn -0.6609 0.7499 -0.0299
vn -0.2637 0.9634 -0.0474
vn -0.3010 0.9001 -0.3151
vn -0.3008 0.9001 -0.3152
vn -0.2636 0.9635 -0.0474
vn -0.0670 0.9967 -0.0448
vn -0.0816 0.9444 -0.3186
vn -0.6861 0.6810 0.2559
vn -0.2669 0.9580 0.1046
vn -0.6667 0.7407 0.0832
vn -0.2984 0.8883 0.3491
vn -0.6851 0.4318 0.5867
vn -0.2984 0.8883 0.3492
vn -0.6861 0.6810 0.2560
vn -0.3182 0.5679 0.7591
vn -0.6667 0.7407 0.0831
vn -0.2601 0.9647 0.0420
vn -0.6586 0.7511 0.0462
vn -0.2669 0.9580 0.1045
vn -0.0645 0.9970 0.0420
vn -0.2667 0.9581 0.1045
vn -0.0720 0.9919 0.1048
vn -0.2599 0.9647 0.0420
vn -0.3181 0.5679 0.7591
vn -0.0815 0.9316 0.3543
vn -0.2982 0.8883 0.3493
vn -0.0856 0.5939 0.8000
vn -0.2982 0.8883 0.3491
vn -0.2667 0.9581 0.1046
vn -0.0815 0.9316 0.3542
vn -0.0133 0.9998 0.0170
vn -0.0084 0.9994 0.0332
vn -0.0080 0.9997 0.0225
vn -0.0115 0.9990 -0.0432
vn -0.0039 0.9481 -0.3180
vn -0.0092 0.9466 -0.3223
vn -0.0020 0.6010 0.7992
vn -0.0083 0.9397 0.3420
vn 0.0028 0.9395 0.3424
vn -0.0074 0.6048 0.7964
vn -0.0021 0.5973 0.8020
vn -0.0029 0.9377 0.3475
vn -0.0087 0.9358 0.3524
vn -0.0020 0.6010 0.7993
vn -0.0198 0.9358 0.3520
vn -0.0190 0.5941 0.8042
vn -0.0131 0.6012 0.7990
vn -0.0021 0.6010 0.7992
vn -0.0029 0.9377 0.3474
vn -0.0107 0.9948 0.1017
vn -0.0087 0.9359 0.3523
vn -0.0029 0.9378 0.3473
vn -0.0049 0.9953 0.0965
vn 0.0028 0.9396 0.3423
vn -0.0087 0.9989 0.0460
vn 0.0028 0.9396 0.3422
vn -0.0083 0.9397 0.3419
vn -0.0132 0.6013 0.7989
vn -0.0083 0.9397 0.3418
vn -0.0198 0.9359 0.3518
vn -0.0088 0.9990 0.0439
vn -0.0200 0.9989 0.0435
vn -0.0084 0.9994 0.0331
vn -0.0087 0.9989 0.0458
vn -0.0089 0.9990 0.0441
vn -0.0638 0.9978 0.0184
vn -0.0191 0.9996 0.0222
vn -0.0191 0.9996 0.0221
vn -0.0115 0.9990 -0.0431
vn -0.0227 0.9988 -0.0435
vn -0.0190 0.9996 0.0221
vn -0.0815 0.9444 -0.3186
vn -0.0262 0.9476 -0.3184
vn -0.0218 0.9946 0.1013
vn -0.0218 0.9946 0.1014
vn -0.0200 0.9989 0.0436
vn -0.6428 0.7653 0.0334
vn -0.2596 0.9655 0.0185
vn -0.6411 0.7671 0.0227
vn -0.2600 0.9647 0.0420
vn -0.6532 0.7571 0.0070
vn -0.2597 0.9655 0.0185
vn -0.6609 0.7499 -0.0298
vn -0.6532 0.7572 0.0070
vn -0.2597 0.9655 0.0184
vn -0.0639 0.9978 0.0184
vn -0.2595 0.9656 0.0184
vn -0.6851 0.4316 0.5868
vn -0.6412 0.1195 0.7580
vn -0.2836 0.1450 0.9479
vn -0.3182 0.5678 0.7592
vn 0.4540 -0.7255 0.5172
vn 0.3215 -0.4100 0.8536
vn 0.3239 -0.7687 0.5516
vn 0.4609 -0.3924 0.7960
vn 0.1545 -0.7997 0.5802
vn 0.4609 -0.3923 0.7960
vn 0.1630 -0.4489 0.8786
vn -0.2834 0.1450 0.9480
vn -0.0672 0.1541 0.9858
vn -0.3181 0.5678 0.7592
vn -0.0856 0.5938 0.8001
vn -0.0006 0.1528 0.9883
vn -0.0074 0.6046 0.7965
vn -0.0020 0.6009 0.7994
vn -0.0671 0.1541 0.9858
vn -0.0117 0.1531 0.9881
vn -0.0855 0.5938 0.8001
vn -0.0190 0.5939 0.8043
vn -0.0020 0.6009 0.7993
vn -0.0021 0.5972 0.8021
vn -0.0190 0.5940 0.8043
vn -0.0006 0.1529 0.9882
vn -0.0131 0.6011 0.7991
vn -0.6716 -0.3439 0.6563
vn -0.6882 -0.5793 0.4367
vn -0.3043 -0.4420 0.8438
vn -0.3129 -0.7536 0.5781
vn 0.0965 -0.4302 0.8976
vn 0.3238 -0.7687 0.5516
vn 0.3214 -0.4100 0.8536
vn 0.0987 -0.8133 0.5735
vn -0.6303 -0.1393 0.7638
vn -0.6716 -0.3438 0.6564
vn -0.2732 -0.1690 0.9470
vn -0.3042 -0.4419 0.8439
vn -0.6052 -0.0011 0.7961
vn -0.2585 0.0058 0.9660
vn -0.2835 0.1449 0.9480
vn 0.0965 -0.4300 0.8977
vn 0.3214 -0.4099 0.8536
vn 0.0780 -0.0881 0.9931
vn 0.2742 -0.1028 0.9562
vn -0.6068 -0.0496 0.7933
vn -0.6302 -0.1392 0.7638
vn -0.2612 -0.0578 0.9636
vn -0.2732 -0.1689 0.9470
vn -0.6038 -0.0269 0.7967
vn -0.2548 -0.0260 0.9667
vn -0.6069 -0.0495 0.7933
vn -0.2595 -0.0350 0.9651
vn -0.2612 -0.0577 0.9635
vn -0.6037 -0.0269 0.7967
vn -0.5964 -0.0273 0.8022
vn -0.5965 -0.0273 0.8022
vn -0.0656 -0.4509 0.8902
vn -0.3041 -0.4420 0.8439
vn -0.3128 -0.7536 0.5781
vn -0.0691 -0.7899 0.6094
vn 0.0069 -0.4304 0.9026
vn 0.0986 -0.8133 0.5734
vn 0.0039 -0.8161 0.5779
vn 0.0068 -0.4304 0.9026
vn -0.0854 -0.8138 0.5748
vn -0.0931 -0.4281 0.8989
vn 0.1802 -0.4485 0.8754
vn 0.1991 -0.7853 0.5862
vn -0.2238 -0.7920 0.5680
vn -0.2433 -0.4408 0.8640
vn 0.0850 -0.4515 0.8882
vn 0.1990 -0.7853 0.5862
vn 0.1802 -0.4485 0.8755
vn 0.0982 -0.7905 0.6046
vn 0.2742 -0.1027 0.9562
vn 0.0573 0.0166 0.9982
vn 0.0780 -0.0880 0.9931
vn 0.1970 -0.0186 0.9802
vn 0.0124 -0.4521 0.8919
vn 0.0144 -0.7969 0.6040
vn -0.2731 -0.1690 0.9470
vn -0.3041 -0.4419 0.8439
vn -0.0573 -0.1745 0.9830
vn -0.0656 -0.4508 0.8902
vn 0.0125 -0.4521 0.8919
vn 0.0981 -0.7905 0.6045
vn 0.0849 -0.4515 0.8882
vn -0.2834 0.1449 0.9480
vn -0.2584 0.0058 0.9660
vn -0.0597 0.0024 0.9982
vn -0.0672 0.1540 0.9858
vn -0.0835 -0.0864 0.9927
vn -0.0931 -0.4280 0.8990
vn 0.0001 -0.0793 0.9969
vn 0.0069 -0.4303 0.9027
vn 0.0002 -0.0793 0.9968
vn 0.0779 -0.0881 0.9931
vn 0.0850 -0.4514 0.8883
vn 0.1801 -0.4483 0.8755
vn 0.0820 -0.1832 0.9797
vn 0.1708 -0.1886 0.9671
vn 0.1119 -0.0553 0.9922
vn 0.0293 -0.0144 0.9995
vn 0.0095 -0.1758 0.9844
vn 0.0849 -0.4514 0.8883
vn 0.0819 -0.1832 0.9797
vn 0.0124 -0.4519 0.8920
vn -0.0040 0.0088 1.0000
vn -0.0006 0.1527 0.9883
vn 0.0018 0.0104 0.9999
vn -0.0117 0.1529 0.9882
vn -0.0150 0.0090 0.9998
vn -0.0040 0.0087 1.0000
vn -0.2611 -0.0578 0.9636
vn -0.2731 -0.1689 0.9470
vn -0.0552 -0.0552 0.9969
vn -0.0573 -0.1744 0.9830
vn -0.2583 0.0058 0.9660
vn -0.2546 -0.0260 0.9667
vn -0.0601 -0.0234 0.9979
vn -0.0596 0.0024 0.9982
vn -0.2593 -0.0350 0.9652
vn -0.2611 -0.0577 0.9636
vn -0.0603 -0.0309 0.9977
vn -0.0786 -0.1183 0.9899
vn -0.0050 -0.0548 0.9985
vn -0.0178 -0.1437 0.9895
vn 0.0438 -0.1206 0.9917
vn 0.0990 -0.1440 0.9846
vn -0.0177 -0.1438 0.9895
vn -0.0349 -0.1750 0.9840
vn -0.1011 -0.1331 0.9859
vn -0.0349 -0.1736 0.9842
vn 0.1441 -0.1267 0.9814
vn 0.1708 -0.1885 0.9671
vn 0.0609 -0.0891 0.9942
vn 0.0820 -0.1831 0.9797
vn -0.0151 0.0090 0.9998
vn -0.0671 0.1540 0.9858
vn -0.0600 -0.0234 0.9979
vn -0.0101 -0.0228 0.9997
vn 0.0003 -0.0639 0.9980
vn 0.0045 -0.1441 0.9896
vn -0.0562 -0.1112 0.9922
vn -0.0219 -0.0559 0.9982
vn 0.0003 -0.0640 0.9980
vn 0.0115 -0.0566 0.9983
vn 0.0548 -0.1130 0.9921
vn 0.0549 -0.1131 0.9921
vn 0.1440 -0.1267 0.9814
vn 0.0207 -0.1759 0.9842
vn 0.0550 -0.1361 0.9892
vn 0.0206 -0.1757 0.9842
vn 0.2732 -0.0798 0.9586
vn 0.1972 -0.0186 0.9802
vn 0.3855 -0.1319 0.9132
vn 0.2744 -0.1027 0.9561
vn 0.2744 -0.1028 0.9561
vn 0.4609 -0.3922 0.7961
vn 0.3855 -0.1321 0.9132
vn 0.3215 -0.4098 0.8536
vn 0.2731 -0.0798 0.9587
vn 0.1120 -0.0553 0.9922
vn 0.0447 -0.0723 0.9964
vn 0.0549 -0.1127 0.9921
vn 0.0548 -0.1361 0.9892
vn -0.1174 -0.1335 0.9841
vn 0.0206 -0.1759 0.9842
vn -0.1944 -0.1211 0.9734
vn 0.0044 -0.1441 0.9895
vn -0.1559 -0.0907 0.9836
vn -0.1945 -0.1211 0.9734
vn -0.2614 -0.0985 0.9602
vn -0.2295 -0.1884 0.9549
vn -0.2614 -0.0986 0.9602
vn -0.3242 -0.1786 0.9290
vn -0.2293 -0.1884 0.9549
vn 0.1211 -0.1822 0.9758
vn 0.0549 -0.1360 0.9892
vn 0.2732 -0.0799 0.9586
vn 0.3855 -0.1320 0.9132
vn 0.1630 -0.4488 0.8786
vn 0.1212 -0.1823 0.9758
vn 0.1210 -0.1823 0.9758
vn 0.1629 -0.4489 0.8786
vn -0.2294 -0.1885 0.9549
vn -0.2430 -0.4476 0.8606
vn -0.2295 -0.1885 0.9549
vn -0.2431 -0.4476 0.8606
vn -0.3242 -0.1787 0.9290
vn -0.3479 -0.4295 0.8333
vn 0.0549 -0.1130 0.9921
vn 0.0115 -0.0565 0.9983
vn 0.0063 -0.0323 0.9995
vn -0.0572 -0.1744 0.9830
vn 0.0095 -0.1756 0.9844
vn -0.0049 -0.0472 0.9989
vn 0.0095 -0.1757 0.9844
vn -0.0572 -0.1745 0.9830
vn -0.0656 -0.4507 0.8902
vn 0.0124 -0.4520 0.8919
vn 0.0062 -0.0474 0.9989
vn 0.0114 -0.0718 0.9974
vn 0.0387 -0.0888 0.9953
vn 0.0608 -0.0891 0.9942
vn 0.0064 -0.0323 0.9995
vn 0.0293 -0.0145 0.9995
vn -0.0040 0.0012 1.0000
vn -0.0047 -0.0320 0.9995
vn 0.0292 -0.0145 0.9995
vn 0.0819 -0.1831 0.9797
vn 0.0011 -0.0231 0.9997
vn 0.0011 -0.0230 0.9997
vn -0.0100 -0.0228 0.9997
vn 0.0018 0.0103 0.9999
vn 0.0292 -0.0144 0.9995
vn -0.0040 0.0013 1.0000
vn -0.0048 -0.0396 0.9992
vn -0.0602 -0.0309 0.9977
vn -0.0050 -0.0472 0.9989
vn 0.0063 -0.0322 0.9995
vn 0.0113 -0.0718 0.9974
vn -0.0049 -0.0396 0.9992
vn -0.0041 0.0012 1.0000
vn -0.0322 -0.0148 0.9994
vn -0.0539 0.0115 0.9985
vn -0.0048 -0.0320 0.9995
vn -0.0444 -0.0707 0.9965
vn 0.0001 -0.0792 0.9969
vn -0.0835 -0.0863 0.9928
vn 0.0779 -0.0880 0.9931
vn -0.1167 -0.0600 0.9914
vn -0.2096 -0.0227 0.9775
vn -0.0540 0.0115 0.9985
vn -0.2891 -0.1039 0.9517
vn -0.3357 -0.4092 0.8485
vn -0.0836 -0.0864 0.9927
vn -0.0932 -0.4280 0.8990
vn -0.3237 -0.7700 0.5499
vn -0.3357 -0.4093 0.8484
vn -0.2891 -0.1038 0.9517
vn -0.0836 -0.0863 0.9928
vn -0.2433 -0.4406 0.8641
vn 0.1802 -0.4483 0.8755
vn -0.1798 -0.1841 0.9663
vn -0.4871 -0.1317 0.8633
vn -0.5657 -0.3710 0.7364
vn -0.1798 -0.1840 0.9663
vn -0.1013 -0.1331 0.9859
vn -0.1799 -0.1840 0.9663
vn -0.3480 -0.0820 0.9339
vn -0.4871 -0.1316 0.8634
vn -0.1948 -0.1288 0.9723
vn -0.0351 -0.1750 0.9839
vn -0.1948 -0.1288 0.9724
vn 0.1544 -0.7997 0.5802
vn -0.2430 -0.4478 0.8605
vn -0.2514 -0.7773 0.5768
vn -0.2097 -0.0228 0.9775
vn -0.1167 -0.0600 0.9913
vn -0.3479 -0.0820 0.9339
vn -0.1948 -0.1287 0.9724
vn -0.2892 -0.1038 0.9516
vn -0.4870 -0.1315 0.8634
vn -0.5520 -0.6781 0.4852
vn -0.3358 -0.4093 0.8484
vn -0.5657 -0.3712 0.7363
vn -0.3238 -0.7699 0.5499
vn -0.3358 -0.4092 0.8484
vn -0.2893 -0.1038 0.9516
vn -0.2514 -0.7772 0.5768
vn -0.3479 -0.4297 0.8333
vn -0.2431 -0.4477 0.8605
vn -0.3568 -0.7415 0.5683
vn -0.6763 -0.4005 -0.6183
vn -0.2893 -0.8828 -0.3700
vn -0.6720 -0.6894 -0.2704
vn -0.3045 -0.5223 -0.7965
vn -0.3044 -0.5224 -0.7965
vn -0.0628 -0.9226 -0.3806
vn -0.0741 -0.5447 -0.8353
vn -0.0069 -0.9254 -0.3788
vn -0.0124 -0.5443 -0.8388
vn 0.0046 -0.5412 -0.8409
vn -0.0070 -0.9255 -0.3788
vn -0.0627 -0.9226 -0.3805
vn -0.0740 -0.5447 -0.8353
vn -0.0124 -0.5444 -0.8388
vn -0.0069 -0.9255 -0.3788
vn -0.0007 -0.9189 -0.3946
vn -0.0070 -0.9254 -0.3788
vn 0.0045 -0.5412 -0.8409
vn 0.2985 -0.9320 0.2057
vn 0.4540 -0.7256 0.5171
vn 0.3239 -0.7688 0.5514
vn 0.4111 -0.8894 0.2000
vn 0.1545 -0.7998 0.5801
vn 0.1183 -0.9678 0.2221
vn -0.6182 -0.7860 -0.0064
vn -0.2153 -0.8719 -0.4398
vn -0.5598 -0.6987 -0.4455
vn -0.2253 -0.9740 -0.0228
vn 0.2863 -0.9581 0.0138
vn 0.4111 -0.8894 0.1999
vn 0.2985 -0.9320 0.2056
vn 0.3974 -0.9175 0.0187
vn 0.0905 -0.9728 0.2134
vn 0.3238 -0.7688 0.5514
vn 0.0987 -0.8134 0.5733
vn 0.2984 -0.9320 0.2057
vn -0.2835 -0.9278 0.2423
vn -0.3129 -0.7537 0.5780
vn -0.6883 -0.5794 0.4366
vn -0.6610 -0.7286 0.1795
vn 0.0087 -0.9989 -0.0460
vn 0.0084 -0.9994 -0.0332
vn -0.0023 -0.9990 -0.0443
vn 0.0053 -0.9942 -0.1073
vn -0.0170 -0.9940 -0.1081
vn 0.0047 -0.9212 -0.3891
vn 0.0053 -0.9942 -0.1074
vn -0.0007 -0.9189 -0.3944
vn 0.0047 -0.9211 -0.3893
vn 0.0045 -0.5413 -0.8408
vn -0.6457 -0.7631 -0.0291
vn -0.2314 -0.9599 0.1581
vn -0.6130 -0.7706 0.1747
vn -0.2511 -0.9659 -0.0629
vn -0.6719 -0.6895 -0.2703
vn -0.2511 -0.9659 -0.0630
vn -0.6456 -0.7631 -0.0292
vn -0.2893 -0.8829 -0.3699
vn -0.1499 -0.9600 0.2367
vn 0.2222 -0.9721 -0.0746
vn 0.0137 -0.9873 0.1586
vn -0.0330 -0.9986 0.0418
vn 0.2622 -0.9587 -0.1103
vn 0.2224 -0.9721 -0.0747
vn 0.3451 -0.9367 -0.0587
vn 0.2169 -0.9399 -0.2638
vn -0.2254 -0.9740 -0.0228
vn -0.0555 -0.9076 -0.4161
vn -0.2152 -0.8719 -0.4398
vn -0.0641 -0.9975 -0.0301
vn -0.3128 -0.7537 0.5780
vn -0.2834 -0.9279 0.2423
vn -0.0555 -0.9687 0.2421
vn -0.0691 -0.7900 0.6092
vn -0.0329 -0.9986 0.0417
vn 0.2223 -0.9721 -0.0747
vn 0.0582 -0.9980 -0.0262
vn -0.6340 -0.7731 -0.0205
vn -0.2492 -0.9685 0.0026
vn -0.2835 -0.9279 0.2422
vn -0.2307 -0.9493 -0.2135
vn -0.2491 -0.9685 0.0025
vn -0.6340 -0.7730 -0.0206
vn -0.6041 -0.7638 -0.2272
vn 0.0950 -0.9649 0.2446
vn 0.1990 -0.7854 0.5861
vn 0.0982 -0.7906 0.6044
vn 0.2129 -0.9510 0.2242
vn 0.0065 -0.9770 0.2130
vn 0.0986 -0.8134 0.5733
vn 0.0039 -0.8162 0.5778
vn 0.0904 -0.9728 0.2134
vn -0.0853 -0.8140 0.5746
vn 0.0065 -0.9770 0.2129
vn 0.0039 -0.8162 0.5777
vn -0.0712 -0.9750 0.2104
vn -0.0554 -0.9687 0.2421
vn 0.0112 -0.9697 0.2442
vn 0.0144 -0.7970 0.6038
vn 0.0950 -0.9650 0.2446
vn 0.2861 -0.9581 0.0138
vn 0.0905 -0.9728 0.2133
vn 0.0853 -0.9963 0.0060
vn 0.2984 -0.9320 0.2056
vn -0.2892 -0.8829 -0.3699
vn -0.0519 -0.9966 -0.0641
vn -0.2509 -0.9660 -0.0630
vn -0.0627 -0.9227 -0.3804
vn -0.2152 -0.8720 -0.4397
vn -0.0584 -0.9783 -0.1990
vn -0.2359 -0.9492 -0.2081
vn -0.0556 -0.9077 -0.4160
vn -0.0339 -0.9941 -0.1032
vn -0.0069 -0.9255 -0.3786
vn -0.0174 -0.9951 -0.0972
vn -0.0174 -0.9951 -0.0973
vn -0.0066 -0.9963 -0.0861
vn -0.3237 -0.7700 0.5498
vn -0.2983 -0.9311 0.2098
vn -0.0713 -0.9750 0.2104
vn -0.0854 -0.8139 0.5746
vn -0.0070 -0.9973 -0.0735
vn -0.0070 -0.9255 -0.3786
vn -0.5406 -0.6960 -0.4726
vn -0.2307 -0.9493 -0.2136
vn -0.6041 -0.7638 -0.2273
vn -0.2039 -0.8693 -0.4502
vn -0.0473 -0.9983 -0.0350
vn -0.0915 -0.9947 -0.0470
vn -0.1965 -0.9777 -0.0746
vn -0.0039 -1.0000 0.0007
vn -0.0146 -0.9998 -0.0103
vn -0.0850 -0.9935 -0.0758
vn -0.1547 -0.9766 -0.1493
vn -0.0273 -0.9909 -0.1316
vn -0.0616 -0.9639 -0.2589
vn -0.1548 -0.9766 -0.1493
vn -0.2414 -0.9700 -0.0286
vn -0.1966 -0.9777 -0.0746
vn -0.1921 -0.9808 -0.0348
vn -0.0204 -0.9851 -0.1707
vn -0.0616 -0.9639 -0.2590
vn -0.0357 -0.9347 -0.3537
vn -0.0555 -0.9077 -0.4160
vn -0.0583 -0.9783 -0.1989
vn -0.0419 -0.9987 -0.0294
vn -0.0751 -0.9967 -0.0306
vn -0.0752 -0.9967 -0.0306
vn -0.1920 -0.9808 -0.0349
vn -0.1547 -0.9766 -0.1494
vn 0.2168 -0.9399 -0.2638
vn 0.0899 -0.9856 -0.1435
vn 0.0989 -0.9202 -0.3788
vn 0.2620 -0.9587 -0.1104
vn 0.0138 -0.9872 0.1586
vn 0.2168 -0.9399 -0.2639
vn 0.0743 -0.9972 0.0056
vn 0.0393 -0.9924 -0.1170
vn 0.0742 -0.9972 0.0056
vn 0.2168 -0.9399 -0.2640
vn 0.0990 -0.9201 -0.3790
vn -0.2834 -0.9279 0.2422
vn -0.2490 -0.9685 0.0026
vn -0.0486 -0.9988 0.0098
vn -0.0555 -0.9687 0.2420
vn 0.1182 -0.9679 0.2219
vn 0.0956 -0.9950 0.0299
vn -0.2664 -0.9629 0.0439
vn -0.2605 -0.9384 0.2271
vn 0.3973 -0.9175 0.0187
vn 0.0950 -0.9650 0.2445
vn 0.0905 -0.9956 0.0245
vn 0.2129 -0.9510 0.2240
vn 0.2073 -0.9779 0.0277
vn 0.0072 -1.0000 0.0011
vn 0.0065 -0.9771 0.2128
vn -0.0711 -0.9974 0.0116
vn -0.0712 -0.9750 0.2103
vn 0.0904 -0.9728 0.2133
vn 0.0112 -0.9697 0.2440
vn 0.0127 -0.9999 0.0090
vn -0.0554 -0.9687 0.2420
vn -0.2360 -0.9492 -0.2080
vn -0.0530 -0.9982 -0.0298
vn -0.2413 -0.9700 -0.0286
vn -0.0584 -0.9783 -0.1988
vn -0.0204 -0.9851 -0.1706
vn -0.0085 -0.9996 -0.0284
vn -0.5611 -0.7248 0.3997
vn -0.2141 -0.8970 0.3867
vn -0.6146 -0.7877 -0.0431
vn -0.2256 -0.9736 -0.0335
vn -0.0027 -0.9994 -0.0335
vn -0.0024 -0.9990 -0.0443
vn -0.2490 -0.9685 0.0025
vn -0.2306 -0.9493 -0.2135
vn -0.0473 -0.9790 -0.1985
vn 0.0080 -0.9997 -0.0225
vn 0.0026 -0.9996 -0.0280
vn 0.0079 -0.9997 -0.0225
vn -0.0027 -0.9994 -0.0336
vn -0.0849 -0.9935 -0.0758
vn -0.0089 -0.9998 -0.0177
vn 0.0072 -1.0000 0.0010
vn 0.0212 -0.9957 0.0905
vn 0.0211 -0.9957 0.0905
vn -0.0067 -0.9578 0.2874
vn -0.0068 -0.9955 0.0949
vn 0.0490 -0.9550 0.2926
vn -0.0241 -0.9466 0.3215
vn -0.0187 -0.9925 0.1211
vn -0.0068 -0.9955 0.0948
vn 0.0100 -0.9959 0.0902
vn -0.0187 -0.9925 0.1210
vn -0.0085 -0.9996 -0.0283
vn -0.0527 -0.9883 0.1432
vn -0.2370 -0.9594 0.1528
vn -0.0528 -0.9883 0.1432
vn -0.2413 -0.9700 -0.0285
vn -0.6121 -0.7741 0.1616
vn -0.2414 -0.9700 -0.0285
vn -0.2371 -0.9594 0.1528
vn -0.6235 -0.7815 -0.0226
vn -0.5612 -0.7248 0.3997
vn -0.6122 -0.7740 0.1616
vn -0.2371 -0.9594 0.1529
vn -0.2142 -0.8970 0.3866
vn -0.6116 -0.7629 -0.2095
vn -0.2361 -0.9492 -0.2080
vn -0.5598 -0.6987 -0.4454
vn -0.2361 -0.9492 -0.2081
vn -0.6115 -0.7629 -0.2096
vn -0.2153 -0.8720 -0.4397
vn -0.6146 -0.7877 -0.0429
vn -0.2039 -0.8693 -0.4503
vn -0.5405 -0.6960 -0.4726
vn -0.0344 -0.9954 0.0889
vn -0.0064 -0.9964 0.0846
vn -0.0917 -0.9955 -0.0256
vn -0.0918 -0.9954 -0.0257
vn -0.0474 -0.9983 -0.0350
vn 0.0128 -0.9999 0.0089
vn 0.0015 -0.9873 -0.1591
vn 0.0668 -0.9916 -0.1104
vn 0.2073 -0.9779 0.0276
vn 0.1772 -0.9818 -0.0679
vn -0.1489 -0.9886 0.0221
vn -0.1583 -0.9863 -0.0468
vn -0.0472 -0.9790 -0.1985
vn 0.0014 -0.9873 -0.1590
vn 0.0127 -0.9999 0.0089
vn -0.0485 -0.9988 0.0097
vn -0.4852 -0.8743 0.0160
vn -0.5086 -0.8409 0.1852
vn -0.1491 -0.9886 0.0221
vn -0.1609 -0.9636 0.2134
vn 0.2074 -0.9779 0.0277
vn 0.2130 -0.9510 0.2240
vn -0.1491 -0.9886 0.0220
vn -0.1585 -0.9863 -0.0468
vn -0.4405 -0.8958 -0.0582
vn 0.2130 -0.9510 0.2242
vn -0.1609 -0.9636 0.2135
vn -0.5086 -0.8408 0.1854
vn -0.5520 -0.6782 0.4851
vn -0.2509 -0.9660 -0.0629
vn -0.0583 -0.9887 0.1380
vn -0.2313 -0.9600 0.1581
vn -0.0519 -0.9966 -0.0640
vn -0.2665 -0.9628 0.0439
vn -0.2704 -0.9627 -0.0088
vn -0.3530 -0.9356 -0.0095
vn -0.3614 -0.9313 0.0453
vn 0.0580 -0.9980 -0.0261
vn -0.3333 -0.9425 0.0254
vn -0.2835 -0.9576 0.0511
vn -0.0331 -0.9986 0.0417
vn 0.0957 -0.9950 0.0299
vn 0.2863 -0.9580 0.0137
vn 0.0853 -0.9963 0.0059
vn 0.2620 -0.9587 -0.1103
vn 0.2861 -0.9581 0.0137
vn 0.0899 -0.9856 -0.1433
vn 0.0212 -0.9957 0.0906
vn 0.0100 -0.9959 0.0903
vn 0.0768 -0.9504 0.3014
vn 0.0604 -0.9582 0.2796
vn 0.0503 -0.9694 0.2402
vn 0.0605 -0.9582 0.2797
vn 0.0398 -0.9761 0.2136
vn 0.0068 -0.9799 0.1996
vn 0.0047 -0.9964 0.0850
vn -0.0268 -0.9769 0.2119
vn -0.0065 -0.9964 0.0847
vn -0.0443 -0.9692 0.2424
vn 0.0047 -0.9964 0.0849
vn -0.0448 -0.9986 -0.0294
vn -0.0598 -0.9785 0.1975
vn -0.0751 -0.9967 -0.0304
vn -0.0346 -0.9548 0.2953
vn -0.1920 -0.9808 -0.0347
vn -0.0752 -0.9967 -0.0304
vn -0.1509 -0.9842 0.0926
vn -0.0640 -0.9975 -0.0301
vn -0.0358 -0.9346 -0.3538
vn -0.0280 -0.9978 0.0603
vn -0.0767 -0.9969 0.0167
vn -0.0768 -0.9969 0.0166
vn -0.0924 -0.9954 -0.0234
vn -0.0339 -0.9941 -0.1031
vn -0.0280 -0.9978 0.0604
vn -0.1817 -0.9833 0.0104
vn -0.0416 -0.9983 -0.0401
vn -0.0028 -0.9994 -0.0335
vn -0.0416 -0.9983 -0.0402
vn -0.1818 -0.9833 0.0104
vn -0.0918 -0.9954 -0.0256
vn -0.0223 -0.9931 -0.1153
vn 0.0060 -0.9914 -0.1306
vn -0.0796 -0.9234 -0.3755
vn 0.0050 -0.9167 -0.3995
vn 0.0989 -0.9201 -0.3790
vn 0.0051 -0.9167 -0.3995
vn 0.0061 -0.9914 -0.1306
vn 0.0051 -0.9168 -0.3993
vn 0.0069 -0.9883 -0.1523
vn 0.0898 -0.9856 -0.1435
vn -0.0796 -0.9234 -0.3754
vn -0.0714 -0.9870 -0.1438
vn -0.0147 -0.9998 -0.0103
vn -0.0713 -0.9750 0.2102
vn -0.2815 -0.9594 0.0145
vn -0.2983 -0.9311 0.2097
vn -0.2140 -0.8971 0.3866
vn -0.2370 -0.9594 0.1529
vn -0.0528 -0.9883 0.1434
vn -0.0587 -0.9298 0.3633
vn 0.0667 -0.9916 -0.1105
vn 0.0015 -0.9872 -0.1592
vn -0.0139 -0.9394 -0.3426
vn 0.0258 -0.9768 -0.2125
vn 0.1106 -0.9912 -0.0727
vn 0.1771 -0.9818 -0.0679
vn 0.0668 -0.9916 -0.1105
vn -0.0223 -0.9931 -0.1151
vn -0.0711 -0.9974 0.0117
vn -0.2038 -0.8694 -0.4502
vn -0.0473 -0.9789 -0.1987
vn -0.2306 -0.9493 -0.2136
vn -0.3121 -0.9470 -0.0761
vn -0.1154 -0.9933 -0.0004
vn 0.1107 -0.9912 -0.0727
vn -0.1153 -0.9933 -0.0005
vn -0.1153 -0.9933 -0.0004
vn 0.1107 -0.9912 -0.0726
vn 0.0799 -0.9792 0.1866
vn 0.0111 -0.9697 0.2440
vn -0.3119 -0.9471 -0.0761
vn -0.0760 -0.9810 0.1787
vn 0.0799 -0.9792 0.1867
vn 0.0491 -0.9549 0.2928
vn 0.0768 -0.9503 0.3016
vn -0.2605 -0.9594 -0.1079
vn -0.2817 -0.9594 0.0144
vn -0.4405 -0.8959 -0.0582
vn -0.2815 -0.9594 0.0144
vn -0.2604 -0.9595 -0.1079
vn -0.0714 -0.9870 -0.1437
vn 0.0898 -0.9856 -0.1434
vn -0.0527 -0.9883 0.1434
vn -0.0242 -0.9466 0.3215
vn -0.0662 -0.9973 0.0302
vn -0.1699 -0.9740 0.1498
vn -0.1793 -0.9797 0.0892
vn -0.1442 -0.9596 0.2416
vn -0.0663 -0.9973 0.0302
vn -0.0616 -0.9957 0.0696
vn -0.0662 -0.9973 0.0301
vn -0.0616 -0.9957 0.0695
vn -0.0344 -0.9955 0.0888
vn 0.0060 -0.9914 -0.1305
vn 0.0068 -0.9798 0.1997
vn 0.0061 -0.9914 -0.1305
vn 0.0392 -0.9924 -0.1169
vn 0.0014 -0.9872 -0.1592
vn -0.0472 -0.9789 -0.1987
vn -0.0140 -0.9394 -0.3427
vn -0.0759 -0.9809 0.1789
vn 0.0604 -0.9582 0.2798
vn 0.0503 -0.9694 0.2403
vn -0.0783 -0.9604 0.2673
vn -0.0444 -0.9691 0.2424
vn -0.0758 -0.9809 0.1789
vn 0.0605 -0.9581 0.2798
vn -0.0007 -0.9971 0.0766
vn -0.0140 -0.9393 -0.3428
vn -0.0261 -0.9997 -0.0000
vn 0.0258 -0.9768 -0.2126
vn 0.1106 -0.9912 -0.0726
vn 0.0798 -0.9792 0.1865
vn -0.0183 -0.9940 0.1078
vn -0.0582 -0.9887 0.1382
vn -0.0582 -0.9887 0.1380
vn -0.0183 -0.9940 0.1077
vn -0.0070 -0.9973 -0.0734
vn -0.2116 -0.9382 -0.2738
vn -0.0797 -0.9234 -0.3754
vn -0.0241 -0.9465 0.3217
vn -0.0067 -0.9578 0.2875
vn -0.0008 -0.9970 0.0768
vn 0.0798 -0.9792 0.1867
vn -0.0009 -0.9970 0.0768
vn -0.0066 -0.9578 0.2875
vn 0.0490 -0.9549 0.2928
vn -0.0587 -0.9298 0.3634
vn -0.0587 -0.9298 0.3635
vn -0.0242 -0.9466 0.3216
vn -0.0269 -0.9769 0.2120
vn -0.0444 -0.9691 0.2425
vn 0.0392 -0.9924 -0.1170
vn 0.0742 -0.9972 0.0057
vn -0.0784 -0.9604 0.2673
vn -0.2257 -0.9736 -0.0335
vn -0.2038 -0.8693 -0.4503
vn -0.0783 -0.9604 0.2674
vn 0.0137 -0.9872 0.1588
vn -0.5454 -0.7187 0.4314
vn -0.6130 -0.7705 0.1748
vn -0.2314 -0.9599 0.1582
vn -0.2094 -0.8942 0.3957
vn -0.2117 -0.9382 -0.2738
vn -0.3120 -0.9470 -0.0761
vn -0.0223 -0.9931 -0.1152
vn -0.2116 -0.9382 -0.2739
vn -0.1510 -0.9842 0.0925
vn -0.1921 -0.9808 -0.0347
vn 0.1544 -0.7998 0.5801
vn 0.1181 -0.9678 0.2221
vn -0.2604 -0.9384 0.2272
vn -0.2514 -0.7774 0.5766
vn -0.2514 -0.7773 0.5766
vn -0.3535 -0.9046 0.2382
vn -0.3568 -0.7416 0.5681
vn -0.2605 -0.9383 0.2272
vn -0.5085 -0.8409 0.1852
vn -0.2984 -0.9311 0.2097
vn -0.2985 -0.9311 0.2098
vn -0.3238 -0.7700 0.5498
vn -0.5085 -0.8409 0.1854
vn -0.2117 -0.9382 -0.2737
vn -0.2093 -0.8942 0.3957
vn -0.2313 -0.9599 0.1582
vn -0.0583 -0.9887 0.1382
vn -0.0784 -0.9604 0.2675
vn -0.1443 -0.9596 0.2418
vn 0.0137 -0.9872 0.1587
vn -0.1500 -0.9599 0.2368
vn -0.1443 -0.9596 0.2417
vn -0.1699 -0.9740 0.1500
vn -0.2636 -0.9497 0.1692
vn -0.1500 -0.9599 0.2367
vn -0.2636 -0.9497 0.1691
vn -0.0331 -0.9986 0.0418
vn -0.2835 -0.9576 0.0512
vn -0.1793 -0.9797 0.0893
vn -0.2843 -0.9537 0.0981
vn -0.2836 -0.9576 0.0511
vn -0.5453 -0.7186 0.4315
vn -0.2094 -0.8942 0.3958
vn -0.6181 -0.7860 -0.0066
vn -0.3535 -0.9046 0.2381
vn -0.0346 -0.9548 0.2954
vn -0.2093 -0.8942 0.3958
vn -0.3149 0.5693 -0.7594
vn -0.2733 0.1663 -0.9474
vn -0.6845 0.4278 -0.5903
vn -0.6356 0.1271 -0.7615
vn -0.0852 0.5970 -0.7977
vn -0.0660 0.1670 -0.9837
vn -0.3149 0.5694 -0.7594
vn -0.2732 0.1663 -0.9475
vn -0.0154 0.1674 -0.9858
vn -0.0659 0.1670 -0.9837
vn -0.0176 0.6023 -0.7981
vn -0.0065 0.6024 -0.7982
vn -0.0066 0.6024 -0.7982
vn 0.0015 0.1679 -0.9858
vn -0.6282 -0.0924 -0.7726
vn -0.6110 0.0199 -0.7914
vn -0.2533 0.0313 -0.9669
vn -0.2718 -0.1107 -0.9560
vn -0.6110 0.0200 -0.7914
vn -0.6356 0.1270 -0.7615
vn -0.2533 0.0314 -0.9669
vn -0.2733 0.1662 -0.9475
vn 0.0015 0.1680 -0.9858
vn -0.0042 0.1673 -0.9859
vn -0.0122 0.0309 -0.9994
vn -0.0042 0.1671 -0.9859
vn -0.0010 0.0307 -0.9995
vn -0.0154 0.1673 -0.9858
vn -0.6762 -0.4004 -0.6184
vn -0.2718 -0.1108 -0.9560
vn -0.3045 -0.5222 -0.7966
vn -0.0122 0.0309 -0.9995
vn -0.0659 0.1669 -0.9838
vn -0.0566 0.0317 -0.9979
vn -0.0010 0.0306 -0.9995
vn 0.0015 0.1678 -0.9858
vn -0.0660 0.1669 -0.9838
vn -0.2732 0.1662 -0.9475
vn -0.2531 0.0314 -0.9669
vn -0.2717 -0.1107 -0.9560
vn -0.2531 0.0313 -0.9669
vn -0.0654 -0.1109 -0.9917
vn -0.3044 -0.5222 -0.7966
vn -0.2716 -0.1108 -0.9560
vn -0.0654 -0.1110 -0.9917
vn -0.0741 -0.5446 -0.8354
vn 0.0019 -0.1011 -0.9949
vn 0.0046 -0.5411 -0.8410
vn 0.0019 -0.1012 -0.9949
vn -0.0653 -0.1109 -0.9917
vn -0.0122 0.0308 -0.9995
vn -0.0150 -0.1028 -0.9946
vn 0.0045 -0.5411 -0.8409
vn -0.0740 -0.5446 -0.8354
vn -0.0653 -0.1110 -0.9917
vn -0.0150 -0.1030 -0.9946
vn -0.0124 -0.5442 -0.8389
vn -0.0124 -0.5442 -0.8388
vn -0.9490 0.3135 0.0347
vn -0.6587 0.7510 0.0462
vn -0.9442 0.3270 0.0393
vn -0.6668 0.7405 0.0832
vn -0.9252 0.3794 0.0098
vn -0.6430 0.7652 0.0333
vn -0.6413 0.7670 0.0227
vn -0.9263 0.3763 0.0204
vn -0.9956 0.0911 -0.0208
vn -0.9252 0.3793 0.0098
vn -0.9307 0.3658 -0.0060
vn -0.9956 0.0870 -0.0337
vn -0.9949 0.1012 -0.0000
vn -0.9956 0.0910 -0.0208
vn -0.9985 0.0031 -0.0551
vn -0.9956 0.0869 -0.0337
vn -0.6846 0.4278 -0.5902
vn -0.9429 0.3162 -0.1046
vn -0.6798 0.6943 -0.2362
vn -0.9283 0.1873 -0.3212
vn -0.6430 0.7651 0.0334
vn -0.9311 0.3633 0.0338
vn -0.9981 0.0579 -0.0199
vn -0.9417 0.3362 -0.0105
vn -0.9453 0.3262 -0.0078
vn -0.9991 0.0421 0.0043
vn -0.6533 0.7570 0.0070
vn -0.6610 0.7498 -0.0299
vn -0.9452 0.3264 -0.0078
vn -0.9417 0.3363 -0.0105
vn -0.9306 0.3660 -0.0060
vn -0.9956 0.0870 -0.0338
vn -0.9418 0.3361 -0.0105
vn -0.6846 0.4277 -0.5903
vn -0.6358 0.1271 -0.7613
vn -0.9283 0.1872 -0.3213
vn -0.9057 0.0612 -0.4195
vn -0.9251 0.3795 0.0098
vn -0.9306 0.3660 -0.0059
vn -0.6798 0.6944 -0.2361
vn -0.9429 0.3163 -0.1046
vn -0.6358 0.1270 -0.7614
vn -0.6111 0.0200 -0.7913
vn -0.8905 0.0060 -0.4549
vn -0.6111 0.0199 -0.7913
vn -0.9028 -0.0525 -0.4268
vn -0.8905 0.0059 -0.4549
vn -0.6283 -0.0924 -0.7724
vn -0.9270 -0.1822 -0.3277
vn -0.9028 -0.0526 -0.4268
vn -0.6763 -0.4003 -0.6183
vn -0.9463 0.3029 0.1132
vn -0.9335 0.1827 0.3084
vn -0.6852 0.4317 0.5867
vn -0.6862 0.6809 0.2559
vn -0.6413 0.1195 0.7579
vn -0.6852 0.4316 0.5867
vn -0.9335 0.1826 0.3085
vn -0.9028 0.0541 0.4267
vn -0.6764 -0.4004 -0.6183
vn -0.6721 -0.6894 -0.2703
vn -0.9385 -0.3248 -0.1170
vn -0.9271 -0.1824 -0.3276
vn -0.8906 0.0059 -0.4548
vn -0.9029 -0.0525 -0.4267
vn -0.9871 -0.0131 -0.1593
vn -0.9895 -0.0015 -0.1442
vn -0.9883 0.0094 -0.1523
vn -0.8906 0.0059 -0.4547
vn -0.9058 0.0612 -0.4193
vn -0.6053 -0.0011 0.7960
vn -0.6413 0.1194 0.7579
vn -0.9028 0.0540 0.4267
vn -0.8756 -0.0060 0.4830
vn -0.5599 -0.6986 -0.4455
vn -0.8420 -0.3433 -0.4162
vn -0.6181 -0.7861 -0.0065
vn -0.9256 -0.3777 0.0242
vn -0.6717 -0.3437 0.6563
vn -0.6304 -0.1392 0.7637
vn -0.9181 -0.1857 0.3501
vn -0.8899 -0.0773 0.4496
vn -0.9993 0.0362 -0.0035
vn -0.9490 0.3134 0.0347
vn -0.9984 0.0536 0.0198
vn -0.9443 0.3268 0.0393
vn -0.9463 0.3030 0.1131
vn -0.9489 0.3135 0.0347
vn -0.6863 0.6809 0.2559
vn -0.6039 -0.0269 0.7966
vn -0.8702 -0.0247 0.4921
vn -0.8646 -0.0115 0.5023
vn -0.5966 -0.0273 0.8021
vn -0.6070 -0.0495 0.7932
vn -0.8755 -0.0379 0.4817
vn -0.6070 -0.0495 0.7931
vn -0.8755 -0.0379 0.4816
vn -0.8693 -0.0172 0.4940
vn -0.8711 -0.0322 0.4901
vn -0.9957 0.0300 -0.0871
vn -0.9284 0.1872 -0.3211
vn -0.6884 -0.5792 0.4366
vn -0.6717 -0.3438 0.6562
vn -0.9335 -0.2842 0.2187
vn -0.9181 -0.1858 0.3501
vn -0.9962 0.0796 -0.0362
vn -0.9429 0.3161 -0.1046
vn -0.9958 0.0300 -0.0870
vn -0.9204 -0.1008 -0.3779
vn -0.8421 -0.3432 -0.4162
vn -0.9928 -0.1199 -0.0065
vn -0.9029 -0.0525 -0.4266
vn -0.9955 -0.0460 -0.0824
vn -0.9271 -0.1822 -0.3276
vn -0.9972 -0.0670 0.0340
vn -0.9927 -0.1190 0.0171
vn -0.9335 -0.2841 0.2186
vn -0.9290 -0.3621 0.0762
vn -0.9335 -0.2843 0.2186
vn -0.9290 -0.3622 0.0763
vn -0.6611 -0.7285 0.1794
vn -0.6884 -0.5793 0.4366
vn -0.8712 -0.0322 0.4899
vn -0.8647 -0.0115 0.5022
vn -0.9682 -0.0203 0.2493
vn -0.9844 -0.0129 0.1753
vn -0.8756 -0.0379 0.4815
vn -0.8694 -0.0172 0.4939
vn -0.9703 -0.0094 0.2417
vn -0.9914 -0.0230 0.1292
vn -0.9204 -0.1007 -0.3779
vn -0.9671 -0.0425 -0.2509
vn -0.9945 -0.0521 -0.0904
vn -0.9928 -0.1198 -0.0065
vn -0.8757 -0.0060 0.4829
vn -0.9028 0.0540 0.4266
vn -0.9832 0.0096 0.1824
vn -0.9841 -0.0054 0.1777
vn -0.8703 -0.0247 0.4919
vn -0.9788 -0.0140 0.2043
vn -0.8647 -0.0115 0.5021
vn -0.9832 0.0097 0.1823
vn -0.9960 0.0331 0.0831
vn -0.9336 0.1826 0.3083
vn -0.9960 0.0801 0.0399
vn -0.9463 0.3028 0.1131
vn -0.9785 -0.1178 -0.1692
vn -0.8421 -0.3432 -0.4161
vn -0.9034 -0.3831 -0.1928
vn -0.9204 -0.1008 -0.3777
vn -0.6721 -0.6894 -0.2702
vn -0.6458 -0.7630 -0.0292
vn -0.9385 -0.3249 -0.1169
vn -0.9383 -0.3451 0.0229
vn -0.6131 -0.7705 0.1747
vn -0.6458 -0.7630 -0.0291
vn -0.9134 -0.3681 0.1736
vn -0.9921 -0.0366 0.1201
vn -0.8900 -0.0773 0.4494
vn -0.9703 -0.0095 0.2416
vn -0.9921 -0.0366 0.1200
vn -0.9862 -0.0709 0.1498
vn -0.9182 -0.1856 0.3500
vn -0.9914 -0.0231 0.1292
vn -0.8694 -0.0172 0.4938
vn -0.9682 -0.0204 0.2492
vn -0.9991 0.0421 0.0044
vn -0.9453 0.3262 -0.0077
vn -0.9962 0.0796 -0.0361
vn -0.9429 0.3161 -0.1045
vn -0.9490 0.3133 0.0346
vn -0.9271 -0.1822 -0.3275
vn -0.9386 -0.3247 -0.1169
vn -0.9950 -0.0960 -0.0283
vn -0.9955 -0.0460 -0.0823
vn -0.9671 -0.0425 -0.2508
vn -0.9204 -0.1007 -0.3778
vn -0.9891 -0.0350 -0.1431
vn -0.9785 -0.1177 -0.1692
vn -0.9922 -0.0343 -0.1197
vn -0.9952 -0.0167 -0.0964
vn -0.9981 -0.0412 -0.0459
vn -0.9945 -0.0522 -0.0904
vn -0.9999 -0.0121 -0.0073
vn -0.9914 -0.0230 0.1291
vn -0.9845 -0.0129 0.1752
vn -0.9683 -0.0203 0.2491
vn -0.9997 -0.0132 0.0217
vn -0.9872 -0.0131 -0.1592
vn -0.9896 -0.0015 -0.1441
vn -0.9883 0.0094 -0.1522
vn -0.9841 -0.0054 0.1775
vn -0.9788 -0.0140 0.2041
vn -0.9845 -0.0129 0.1751
vn -0.9703 -0.0094 0.2416
vn -0.9891 -0.0350 -0.1430
vn -0.9786 -0.1177 -0.1690
vn -0.9992 -0.0398 0.0015
vn -0.9034 -0.3831 -0.1927
vn -0.9785 -0.1178 -0.1690
vn -0.9168 -0.3990 -0.0169
vn -0.9862 -0.0710 0.1497
vn -0.9921 -0.0366 0.1199
vn -0.9862 -0.0709 0.1497
vn -0.9999 -0.0121 -0.0074
vn -0.9090 -0.3634 -0.2042
vn -0.5407 -0.6959 -0.4725
vn -0.6042 -0.7637 -0.2273
vn -0.8267 -0.3436 -0.4455
vn -0.9978 -0.0101 -0.0650
vn -0.9998 -0.0214 -0.0043
vn -0.9953 0.0944 0.0212
vn -0.9999 0.0103 -0.0002
vn -0.9987 0.0025 0.0501
vn -0.9999 -0.0139 -0.0019
vn -0.9952 -0.0167 -0.0963
vn -0.9953 -0.0278 0.0931
vn -0.9983 -0.0084 0.0582
vn -0.9934 -0.0407 0.1071
vn -0.9891 -0.0432 0.1406
vn -0.9953 -0.0279 0.0931
vn -0.9891 -0.0349 -0.1430
vn -0.9983 -0.0084 0.0583
vn -0.9953 0.0943 0.0212
vn -0.9311 0.3632 0.0337
vn -0.9263 0.3762 0.0204
vn -0.9311 0.3631 0.0337
vn -0.9998 -0.0216 -0.0045
vn -0.9998 -0.0215 -0.0043
vn -0.9981 -0.0413 -0.0458
vn -0.9922 -0.0344 -0.1197
vn -0.9791 -0.1241 0.1614
vn -0.9790 -0.1242 0.1614
vn -0.9025 -0.3980 0.1643
vn -0.9168 -0.3990 -0.0168
vn -0.9981 0.0579 -0.0198
vn -0.9966 -0.0636 -0.0529
vn -0.9902 -0.0200 -0.1384
vn -0.9836 -0.0784 -0.1625
vn -0.9999 -0.0120 -0.0074
vn -0.9960 0.0331 0.0830
vn -0.9973 -0.0607 0.0413
vn -0.9383 -0.3450 0.0229
vn -0.9386 -0.3247 -0.1168
vn -0.9927 -0.1190 0.0170
vn -0.9330 -0.3572 -0.0449
vn -0.9966 -0.0637 -0.0529
vn -0.9832 0.0097 0.1822
vn -0.6341 -0.7729 -0.0205
vn -0.9290 -0.3622 0.0762
vn -0.9329 -0.3573 -0.0449
vn -0.9329 -0.3573 -0.0450
vn -0.6043 -0.7637 -0.2272
vn -0.6341 -0.7729 -0.0206
vn -0.9090 -0.3634 -0.2041
vn -0.9091 -0.3632 -0.2041
vn -0.9984 -0.0486 0.0283
vn -0.9232 -0.1239 0.3639
vn -0.9790 -0.1242 0.1615
vn -0.8418 -0.3672 0.3956
vn -0.9025 -0.3981 0.1644
vn -0.9998 -0.0215 -0.0044
vn -0.9984 -0.0486 0.0282
vn -0.9902 -0.0200 -0.1383
vn -0.9830 -0.0838 0.1636
vn -0.9135 -0.3680 0.1736
vn -0.9090 -0.3633 -0.2042
vn -0.9836 -0.0784 -0.1626
vn -0.9163 -0.1068 -0.3859
vn -0.8268 -0.3435 -0.4455
vn -0.9714 -0.0634 0.2287
vn -0.9937 -0.0612 0.0940
vn -0.9981 -0.0412 -0.0457
vn -0.9880 -0.0302 0.1516
vn -0.9962 0.0795 -0.0362
vn -0.9953 -0.0279 0.0932
vn -0.9891 -0.0432 0.1407
vn -0.9934 -0.0407 0.1072
vn -0.9714 -0.0634 0.2286
vn -0.9231 -0.1239 0.3640
vn -0.9933 -0.1157 0.0065
vn -0.9232 -0.1238 0.3639
vn -0.9790 -0.1241 0.1615
vn -0.8417 -0.3673 0.3957
vn -0.5613 -0.7247 0.3997
vn -0.9265 -0.3736 -0.0443
vn -0.9486 -0.0296 -0.3150
vn -0.9937 -0.0612 0.0938
vn -0.9836 -0.0784 -0.1627
vn -0.9024 -0.3982 0.1644
vn -0.6123 -0.7739 0.1616
vn -0.8418 -0.3673 0.3956
vn -0.6123 -0.7740 0.1615
vn -0.9167 -0.3991 -0.0168
vn -0.6237 -0.7814 -0.0226
vn -0.9025 -0.3982 0.1643
vn -0.9167 -0.3991 -0.0169
vn -0.6117 -0.7628 -0.2096
vn -0.6237 -0.7814 -0.0227
vn -0.9033 -0.3832 -0.1927
vn -0.9033 -0.3832 -0.1928
vn -0.5600 -0.6986 -0.4454
vn -0.6117 -0.7628 -0.2097
vn -0.8420 -0.3433 -0.4161
vn -0.5407 -0.6959 -0.4726
vn -0.8267 -0.3436 -0.4456
vn -0.9266 -0.3735 -0.0442
vn -0.9265 -0.3736 -0.0442
vn -0.8418 -0.3672 0.3957
vn -0.9937 -0.0612 0.0939
vn -0.9486 -0.0296 -0.3151
vn -0.9163 -0.1068 -0.3861
vn -0.8267 -0.3435 -0.4456
vn -0.8250 -0.3757 0.4222
vn -0.9134 -0.3681 0.1737
vn -0.5455 -0.7186 0.4314
vn -0.6131 -0.7704 0.1748
vn -0.9375 -0.0591 0.3429
vn -0.9946 -0.0522 -0.0902
vn -0.9981 -0.0413 -0.0457
vn -0.9092 -0.1337 0.3943
vn -0.9135 -0.3680 0.1737
vn -0.8251 -0.3755 0.4222
vn -0.9829 -0.0838 0.1637
vn -0.9829 -0.0838 0.1638
vn -0.2433 -0.4407 0.8640
vn -0.2238 -0.7920 0.5681
vn -0.5658 -0.3712 0.7363
vn -0.9946 -0.0522 -0.0903
vn -0.9375 -0.0591 0.3430
vn -0.9092 -0.1337 0.3944
vn -0.9256 -0.3777 0.0241
vn -0.8250 -0.3757 0.4223
vn -0.6181 -0.7861 -0.0066
vn -0.5455 -0.7185 0.4315
vn -0.9928 -0.1198 -0.0066
vn -0.9091 -0.1337 0.3944
vn -0.8250 -0.3756 0.4223
vn -0.0055 0.3640 0.9314
vn -0.0108 0.9146 0.4043
vn -0.0085 0.9375 -0.3480
vn -0.0070 0.4233 -0.9059
vn -0.0055 0.3639 0.9314
vn 0.0012 -0.4226 0.9063
vn 0.0012 -0.4227 0.9063
vn 0.0032 -0.9390 0.3438
vn 0.0033 -0.9390 0.3438
vn 0.0051 -0.9168 -0.3994
vn 0.0055 -0.3640 -0.9314
vn 0.0055 -0.3639 -0.9314
vn -0.0069 0.4232 -0.9060
vn -0.0070 0.4232 -0.9060
vn -1.0000 -0.0065 0.0005
vn -1.0000 -0.0065 0.0004
vn -1.0000 -0.0064 0.0005
vn -0.9006 0.3971 -0.1767
vn -0.9015 0.1917 -0.3880
vn -0.9001 -0.1872 -0.3933
vn -0.9019 0.3857 0.1944
vn -0.8951 -0.3996 -0.1978
vn -0.9021 0.1722 0.3956
vn -0.8951 -0.4107 0.1735
vn -0.9003 -0.2048 0.3841
vn 0.7089 0.1948 0.6779
vn 0.2694 0.8927 0.3612
vn 0.2731 0.3267 0.9048
vn 0.6973 0.6849 0.2114
vn 0.2629 0.9151 -0.3056
vn 0.6997 0.6934 -0.1721
vn 0.0642 0.9279 -0.3671
vn 0.7107 0.2308 -0.6645
vn 0.2763 0.3802 -0.8827
vn 0.0710 0.4360 -0.8971
vn -0.0071 0.4162 -0.9092
vn -0.0086 0.9374 -0.3481
vn -0.0109 0.9146 0.4043
vn 0.0661 0.9022 0.4261
vn 0.0677 0.3823 0.9216
vn -0.5298 0.2940 -0.7956
vn -0.5383 0.7755 -0.3299
vn -0.5432 0.3788 -0.7493
vn -0.5224 0.8225 -0.2248
vn -0.5203 0.8105 0.2691
vn -0.5377 0.7532 0.3790
vn -0.5449 0.3356 0.7684
vn -0.5291 0.2416 0.8134
vn -0.8615 0.2265 0.4545
vn -0.9979 0.0638 -0.0121
vn -0.9090 0.3514 0.2241
vn -0.8624 0.2378 0.4470
vn -0.9979 0.0638 -0.0120
vn -0.9056 0.3614 0.2219
vn -0.1979 0.8666 0.4580
vn -0.3296 0.6122 0.7187
vn -0.0163 0.7582 0.6518
vn -0.1412 0.8756 0.4620
vn 0.2490 0.5930 0.7658
vn -0.3296 0.6123 0.7187
vn 0.2490 0.5930 0.7657
vn 0.1551 0.9488 0.2752
vn -0.0169 0.9987 -0.0485
vn -0.3294 0.9388 0.1011
vn -0.2004 0.9446 -0.2600
vn -0.1442 0.9531 -0.2660
vn 0.2434 0.9587 0.1472
vn 0.1780 0.9449 0.2747
vn -0.3294 0.9387 0.1011
vn -0.2139 0.7236 -0.6562
vn -0.1471 0.7340 -0.6630
vn -0.0298 0.6766 -0.7357
vn 0.7286 0.2036 0.6540
vn 0.5282 0.7589 0.3809
vn 0.5378 0.3404 0.7713
vn 0.7200 0.6596 0.2158
vn 0.7209 0.6697 -0.1785
vn 0.5222 0.7864 -0.3299
vn 0.7269 0.2404 -0.6433
vn 0.5377 0.3911 -0.7469
vn 0.8550 0.2732 -0.4409
vn 0.9872 0.1582 0.0183
vn 0.8634 0.4666 -0.1919
vn 0.8521 0.5062 -0.1332
vn 0.9870 0.1081 0.1192
vn 0.8631 0.4703 0.1841
vn -0.0070 0.4162 -0.9092
vn -0.0051 0.9168 0.3994
vn 0.8550 0.2732 -0.4408
vn 0.8520 0.5063 -0.1332
vn 0.9870 0.1080 0.1193
vn 0.2730 0.3266 0.9049
vn 0.7145 -0.2205 0.6640
vn 0.7088 0.1948 0.6780
vn 0.0677 0.3821 0.9216
vn 0.2762 -0.3702 0.8869
vn 0.0791 -0.4369 0.8960
vn 0.0070 -0.4232 0.9060
vn -0.5377 -0.3910 0.7470
vn -0.5291 0.2415 0.8135
vn -0.5228 -0.3004 0.7978
vn -0.5449 0.3355 0.7685
vn -0.8606 -0.1477 0.4874
vn -0.9978 0.0577 0.0327
vn -0.9059 0.0999 0.4116
vn 0.0609 -0.1120 0.9918
vn -0.8640 -0.1231 0.4882
vn -0.6710 -0.2129 0.7102
vn 0.2916 -0.1090 0.9503
vn -0.8603 -0.1326 0.4923
vn -0.9978 0.0576 0.0327
vn -0.9050 0.1096 0.4111
vn 0.2915 -0.1091 0.9503
vn 0.1619 0.5048 0.8479
vn -0.0163 0.7581 0.6520
vn -0.3295 0.6121 0.7188
vn 0.2489 0.5929 0.7659
vn 0.1844 0.4976 0.8476
vn -0.0164 0.7581 0.6520
vn -0.2377 -0.0280 0.9709
vn 0.0728 -0.0561 0.9958
vn 0.5884 -0.0911 0.8034
vn -0.2819 -0.0237 0.9592
vn -0.2820 -0.0237 0.9591
vn -0.2316 -0.6837 0.6920
vn -0.2807 -0.6716 0.6857
vn 0.0749 -0.7255 0.6841
vn -0.1262 -0.0037 0.9920
vn 0.3023 -0.1242 0.9451
vn -0.0935 -0.0119 0.9956
vn 0.3364 -0.1367 0.9318
vn -0.1206 -0.6848 0.7187
vn 0.3052 -0.7407 0.5985
vn -0.0872 -0.6922 0.7165
vn 0.7286 0.2035 0.6541
vn 0.5432 -0.3787 0.7494
vn 0.7305 -0.2304 0.6429
vn 0.5377 0.3403 0.7714
vn 0.0071 -0.4161 0.9093
vn 0.0070 -0.4161 0.9093
vn 0.7077 -0.6853 0.1718
vn 0.7088 0.1949 0.6780
vn 0.7144 -0.2206 0.6640
vn 0.6997 0.6934 -0.1722
vn 0.7062 -0.6753 -0.2127
vn 0.7107 0.2308 -0.6646
vn 0.7132 -0.1778 -0.6780
vn 0.7283 -0.6614 0.1793
vn 0.7290 -0.6498 -0.2154
vn 1.0000 0.0064 -0.0005
vn 0.7304 -0.1946 -0.6548
vn 0.7285 0.2036 0.6541
vn 1.0000 0.0065 -0.0005
vn 0.9872 0.1583 0.0183
vn 0.9244 0.3063 0.2275
vn 0.8789 0.2295 0.4181
vn 0.9952 -0.0317 0.0926
vn 0.9777 -0.1832 -0.1028
vn 0.9567 -0.1618 0.2419
vn 0.9472 -0.2486 0.2026
vn 0.9053 -0.1966 0.3765
vn 0.8631 0.4704 0.1841
vn 0.9869 0.1081 0.1193
vn 0.9251 0.0689 0.3735
vn 0.8808 -0.1227 0.4573
vn 0.9958 -0.0815 0.0415
vn 0.9770 -0.0604 -0.2046
vn 0.9569 -0.2847 0.0568
vn 0.9482 -0.3167 -0.0241
vn 0.9066 -0.3999 0.1348
vn 0.5731 -0.1339 -0.8084
vn 0.7766 -0.1953 -0.5989
vn 0.7449 -0.1810 -0.6422
vn 0.5657 0.4614 -0.6835
vn 0.7719 0.2752 -0.5732
vn 0.7392 0.3087 -0.5986
vn 0.8789 0.2295 0.4182
vn 0.9952 -0.0316 0.0926
vn 0.8631 0.4704 0.1840
vn 0.9870 0.1081 0.1193
vn 0.8808 -0.1228 0.4572
vn 0.9958 -0.0816 0.0414
vn 0.9770 -0.0603 -0.2045
vn 0.8520 0.5062 -0.1332
vn 0.9066 -0.4000 0.1348
vn 0.7719 0.2749 -0.5733
vn 0.2833 -0.9098 0.3035
vn 0.7062 -0.6753 -0.2128
vn 0.2832 -0.8903 -0.3566
vn 0.7133 -0.1778 -0.6779
vn 0.2846 -0.3169 -0.9048
vn 0.0750 -0.9277 0.3657
vn 0.0788 -0.9033 -0.4217
vn 0.0827 -0.3828 -0.9201
vn 0.0086 -0.9374 0.3481
vn 0.2762 -0.3704 0.8869
vn 0.0792 -0.4371 0.8959
vn 0.0070 -0.4233 0.9059
vn -0.5258 -0.2467 -0.8140
vn -0.5282 -0.7589 -0.3809
vn -0.5093 -0.8172 -0.2699
vn -0.5378 -0.3404 -0.7713
vn -0.5278 -0.7849 0.3245
vn -0.5076 -0.8328 0.2210
vn -0.5228 -0.3005 0.7978
vn -0.5377 -0.3911 0.7469
vn 0.0638 -0.7608 0.6458
vn -0.4709 -0.6911 0.5484
vn -0.6657 -0.6489 0.3686
vn 0.2983 -0.7283 0.6170
vn 0.0748 -0.7256 0.6841
vn 0.5945 -0.6177 0.5148
vn -0.2805 -0.6717 0.6857
vn -0.2314 -0.6838 0.6920
vn 0.3053 -0.7407 0.5985
vn 0.3444 -0.7357 0.5833
vn 0.7283 -0.6614 0.1792
vn 0.5377 -0.7532 -0.3790
vn 0.7290 -0.6497 -0.2154
vn 0.7304 -0.1945 -0.6547
vn 0.5449 -0.3356 -0.7684
vn 0.5383 -0.7755 0.3299
vn 0.5432 -0.3788 0.7493
vn -0.4772 -0.8774 -0.0491
vn 0.0413 -0.9819 -0.1847
vn -0.1102 -0.9452 -0.3073
vn 0.1269 -0.9864 0.1042
vn 0.0564 -0.9733 0.2224
vn 0.2713 -0.9611 -0.0522
vn 0.2714 -0.9611 -0.0522
vn 0.0414 -0.9819 -0.1847
vn -0.1101 -0.9452 -0.3073
vn -0.4779 -0.6021 -0.6396
vn 0.1261 -0.7828 -0.6094
vn 0.0418 -0.5833 -0.8112
vn 0.0594 -0.8628 -0.5021
vn 0.2702 -0.6623 -0.6988
vn 0.2702 -0.6624 -0.6988
vn 0.0051 -0.9167 -0.3994
vn 0.0085 -0.9375 0.3480
vn 0.0070 -0.4162 0.9092
vn 0.0071 -0.4162 0.9092
vn 0.2845 -0.3167 -0.9048
vn 0.2763 0.3800 -0.8827
vn 0.7133 -0.1777 -0.6780
vn 0.0827 -0.3827 -0.9202
vn 0.0710 0.4359 -0.8972
vn -0.0071 0.4161 -0.9093
vn -0.5432 0.3787 -0.7494
vn -0.5377 -0.3402 -0.7714
vn -0.5258 -0.2465 -0.8141
vn -0.5298 0.2938 -0.7956
vn -0.5287 -0.1229 -0.8399
vn -0.8950 -0.2223 -0.3866
vn -0.8714 -0.2134 -0.4417
vn -0.5287 -0.1228 -0.8399
vn -0.8508 -0.1797 -0.4938
vn -0.8470 -0.1969 -0.4939
vn -0.9921 -0.0527 -0.1137
vn -0.5879 -0.0405 -0.8079
vn -0.9374 -0.1364 -0.3205
vn -0.5340 0.4835 -0.6936
vn -0.2140 0.7236 -0.6562
vn -0.0297 0.6766 -0.7357
vn -0.5976 0.5229 -0.6078
vn -0.1472 0.7340 -0.6630
vn 0.4526 0.6107 -0.6498
vn -0.2075 0.0748 -0.9754
vn -0.0241 -0.0099 -0.9997
vn -0.1451 0.0784 -0.9863
vn 0.4573 -0.0000 -0.8893
vn -0.0297 0.6766 -0.7358
vn 0.4526 0.6106 -0.6498
vn -0.1841 0.0850 -0.9792
vn -0.1451 0.0785 -0.9863
vn 0.3907 0.0112 -0.9205
vn 0.4575 0.0001 -0.8892
vn 0.5377 0.3910 -0.7470
vn 0.7304 -0.1944 -0.6548
vn 0.5448 -0.3355 -0.7685
vn 0.7269 0.2403 -0.6433
vn 0.0417 -0.5832 -0.8113
vn -0.1155 -0.4787 -0.8703
vn -0.1155 -0.4787 -0.8704
vn 0.5144 -0.1210 -0.8490
vn 0.5731 -0.1339 -0.8085
vn 0.7448 -0.1810 -0.6423
vn 0.5057 0.5011 -0.7022
vn 0.5655 0.4615 -0.6835
vn 0.7391 0.3088 -0.5987
vn -0.0070 0.4161 -0.9093
vn 0.5730 -0.1339 -0.8085
vn 0.5656 0.4615 -0.6835
vn 0.7391 0.3087 -0.5987
vn -0.9059 0.0999 0.4115
vn -0.9978 0.0577 0.0328
vn -0.9985 -0.0480 -0.0246
vn -0.9701 -0.0548 -0.2366
vn -0.9589 -0.0674 -0.2756
vn -0.9397 0.0121 -0.3418
vn -0.9984 0.0537 0.0198
vn -0.9959 -0.0711 -0.0553
vn -0.9965 -0.0587 0.0600
vn -0.9090 0.3513 0.2241
vn -0.9979 0.0639 -0.0121
vn -0.9987 -0.0507 0.0096
vn -0.9696 -0.2024 -0.1374
vn -0.8615 0.2264 0.4545
vn -0.8715 -0.2134 -0.4416
vn -0.8950 -0.2223 -0.3867
vn -0.9983 0.0523 -0.0275
vn -0.8640 -0.1230 0.4883
vn -0.8764 -0.1762 0.4482
vn -0.9478 0.0686 -0.3114
vn -0.8603 -0.1327 0.4922
vn -0.9438 0.0163 -0.3301
vn -0.8958 0.1368 -0.4229
vn -0.9959 -0.0710 -0.0553
vn -0.9056 0.3614 0.2220
vn -0.9921 -0.0528 -0.1137
vn -0.9441 -0.1740 -0.2799
vn -0.8624 0.2377 0.4470
vn -0.8470 -0.1968 -0.4938
vn -0.8508 -0.1798 -0.4938
vn -0.9982 0.0524 -0.0275
vn -0.8640 -0.1230 0.4882
vn -0.9374 -0.1363 -0.3206
vn -0.4709 -0.6911 0.5483
vn -0.7974 -0.5500 0.2483
vn -0.6657 -0.6488 0.3686
vn -0.4709 -0.6910 0.5484
vn -0.7974 -0.5500 0.2482
vn -0.6657 -0.6488 0.3687
vn -0.0095 0.9509 -0.3095
vn -0.7090 0.4982 -0.4992
vn -0.6398 0.7589 -0.1216
vn -0.0019 0.7129 -0.7013
vn 0.7029 0.5091 -0.4967
vn 0.6274 0.7692 -0.1215
vn -0.0027 0.7041 0.7101
vn -0.0026 0.7041 0.7101
vn -0.0084 0.9994 0.0333
vn 0.6999 0.5372 -0.4707
vn -0.0024 0.7438 -0.6684
vn 0.7072 0.5258 -0.4727
vn -0.0024 0.7438 -0.6683
vn -0.3842 0.6832 -0.6210
vn -0.7063 0.5229 -0.4772
vn -0.7135 0.5148 -0.4753
vn -0.0024 0.7439 -0.6683
vn -0.7064 0.5229 -0.4772
vn 0.6356 -0.1271 0.7614
vn 0.0023 -0.3208 0.9472
vn 0.7090 -0.4982 0.4991
vn 0.0020 -0.7129 0.7013
vn -0.7029 -0.5092 0.4967
vn 0.0009 -0.0382 0.9993
vn 0.7075 -0.0189 0.7064
vn 0.7076 -0.0202 0.7063
vn -0.7078 -0.0305 0.7058
vn -0.7078 -0.0293 0.7058
vn 0.6995 -0.0463 0.7132
vn 0.0004 -0.0790 0.9969
vn 0.7114 -0.0506 0.7010
vn -0.0000 -0.0792 0.9969
vn -0.3870 -0.0763 0.9189
vn -0.7011 -0.0642 0.7102
vn -0.7120 -0.0606 0.6995
vn 0.7089 -0.4983 0.4992
vn 0.7089 -0.4995 0.4980
vn -0.7029 -0.5093 0.4966
vn 0.6287 0.4304 0.6477
vn 0.0010 -0.0383 0.9993
vn 0.7076 -0.0189 0.7064
vn 0.6329 -0.4687 0.6163
vn -0.0038 0.4168 0.9090
vn -0.6361 0.4188 0.6481
vn -0.7078 -0.0292 0.7058
vn -0.6291 -0.4720 0.6176
vn 0.0068 -0.4804 0.8770
vn 0.7089 -0.4995 0.4979
vn -0.7078 -0.0306 0.7058
vn 0.7076 -0.0202 0.7064
vn 0.6275 0.7691 -0.1215
vn 0.7030 0.5091 -0.4966
vn 0.6304 0.1392 -0.7637
vn 0.8930 0.3186 0.3178
vn 0.8971 -0.3039 -0.3208
vn 0.6358 -0.1270 0.7614
vn 0.6399 -0.7588 0.1216
vn 0.7079 0.0293 -0.7057
vn 0.7079 0.0307 -0.7057
vn 0.7077 -0.0201 0.7062
vn 0.7077 -0.0189 0.7063
vn 0.7115 -0.0506 0.7009
vn 0.9999 0.0105 0.0125
vn 0.6995 -0.0463 0.7131
vn 0.9999 0.0099 -0.0111
vn 0.7121 0.0606 -0.6994
vn 0.7012 0.0642 -0.7101
vn 0.7073 0.5257 -0.4726
vn 0.9999 0.0155 -0.0032
vn 0.7001 0.5336 -0.4745
vn 0.9999 0.0030 0.0101
vn 0.7136 -0.5147 0.4753
vn 0.7065 -0.5228 0.4771
vn 0.7073 0.5257 -0.4727
vn 0.7090 -0.4993 0.4980
vn 0.7030 0.5091 -0.4967
vn 0.7030 0.5093 -0.4964
vn 0.9999 0.0099 -0.0110
vn 0.7122 0.0606 -0.6994
vn 0.6996 -0.0463 0.7131
vn 0.6292 0.4720 -0.6174
vn 0.6362 -0.4188 -0.6480
vn 0.8894 0.4569 0.0169
vn 0.8959 -0.4440 -0.0141
vn 0.6288 0.4304 0.6476
vn 0.6330 -0.4687 0.6162
vn 0.7030 0.5093 -0.4965
vn 1.0000 0.0064 -0.0006
vn 0.7079 0.0305 -0.7057
vn 0.7089 -0.4982 0.4992
vn 0.0095 -0.9509 0.3095
vn 0.6397 -0.7589 0.1216
vn -0.7029 -0.5091 0.4967
vn -0.6274 -0.7692 0.1216
vn 0.7063 -0.5261 0.4736
vn 0.0024 -0.7438 0.6684
vn 0.7135 -0.5148 0.4753
vn 0.0024 -0.7439 0.6683
vn -0.7000 -0.5337 0.4745
vn -0.7071 -0.5258 0.4727
vn 0.0084 -0.9994 -0.0333
vn 0.0027 -0.7041 -0.7101
vn 0.0026 -0.7041 -0.7101
vn 0.0024 -0.7438 0.6683
vn -0.3788 -0.6897 0.6172
vn -0.0023 0.3207 -0.9472
vn -0.7090 0.4982 -0.4991
vn -0.0020 0.7129 -0.7013
vn -0.6356 0.1271 -0.7614
vn 0.6303 0.1393 -0.7638
vn 0.7078 0.0292 -0.7058
vn 0.7078 0.0306 -0.7058
vn 0.0048 0.0396 -0.9992
vn -0.7076 0.0201 -0.7064
vn -0.7076 0.0189 -0.7064
vn 0.7120 0.0606 -0.6995
vn 0.7010 0.0686 -0.7099
vn 0.0001 0.0792 -0.9969
vn -0.0004 0.0790 -0.9969
vn -0.6995 0.0463 -0.7132
vn -0.7114 0.0558 -0.7006
vn 0.7029 0.5092 -0.4967
vn 0.7029 0.5093 -0.4966
vn -0.7089 0.4995 -0.4980
vn -0.7089 0.4983 -0.4992
vn -0.0001 0.0792 -0.9969
vn -0.0005 0.0790 -0.9969
vn -0.3831 0.0673 -0.9212
vn -0.7113 0.0558 -0.7006
vn -0.6994 0.0463 -0.7132
vn -0.6329 0.4687 -0.6163
vn 0.0049 0.0396 -0.9992
vn -0.0067 0.4803 -0.8771
vn -0.6287 -0.4304 -0.6477
vn 0.0038 -0.4169 -0.9089
vn 0.6291 0.4720 -0.6176
vn 0.6361 -0.4187 -0.6481
vn 0.7078 0.0293 -0.7058
vn -0.7075 0.0189 -0.7064
vn -0.8971 0.3039 0.3208
vn -0.6399 0.7588 -0.1215
vn -0.8930 -0.3186 -0.3179
vn -0.6275 -0.7691 0.1215
vn -0.7030 -0.5091 0.4967
vn -0.7077 0.0189 -0.7063
vn -0.7077 0.0201 -0.7062
vn -0.7079 -0.0293 0.7057
vn -0.7079 -0.0306 0.7057
vn -0.9999 -0.0098 0.0111
vn -0.7121 -0.0606 0.6994
vn -0.7012 -0.0642 0.7101
vn -0.9999 -0.0105 -0.0125
vn -0.7115 0.0506 -0.7009
vn -0.6996 0.0463 -0.7131
vn -0.9999 -0.0030 -0.0101
vn -0.7136 0.5147 -0.4753
vn -0.7065 0.5228 -0.4771
vn -0.9999 -0.0155 0.0033
vn -0.7073 -0.5257 0.4727
vn -0.7001 -0.5336 0.4744
vn -0.9999 -0.0155 0.0032
vn -0.7072 -0.5257 0.4727
vn -0.7001 -0.5336 0.4745
vn -0.9999 -0.0029 -0.0101
vn -0.7030 -0.5091 0.4966
vn -0.7030 -0.5093 0.4965
vn -0.7090 0.4993 -0.4979
vn -0.9999 -0.0104 -0.0125
vn -0.6996 0.0462 -0.7131
vn -0.7121 -0.0607 0.6994
vn -0.8976 0.4404 0.0191
vn -0.6330 0.4687 -0.6162
vn -0.6362 0.4188 0.6480
vn -0.6288 -0.4304 -0.6476
vn -0.8894 -0.4569 -0.0169
vn -0.6292 -0.4721 0.6174
vn -0.7079 -0.0292 0.7057
vn -0.7090 0.4994 -0.4979
vn -0.7030 -0.5093 0.4964
vn -0.7079 -0.0305 0.7057
vn -0.7077 0.0201 -0.7063
vt 0.181711 -1.246490
vt 0.181653 -1.209480
vt 0.139864 -1.213070
vt 0.139917 -1.250640
vt -0.223393 -1.214630
vt -0.011106 -1.252450
vt -0.011331 -1.214600
vt 0.200253 -1.238500
vt 0.200202 -1.202750
vt 0.065443 -1.214420
vt 0.065476 -1.252190
vt -0.223393 -1.252470
vt 0.200088 -1.150440
vt 0.181518 -1.154400
vt 0.139741 -1.156570
vt 0.200202 -0.803319
vt 0.181517 -0.851669
vt 0.200088 -0.855626
vt 0.181649 -0.796592
vt 0.200248 -0.767552
vt 0.181691 -0.759561
vt 0.181381 -0.906097
vt 0.199974 -0.903618
vt 0.139730 -0.906024
vt 0.139738 -0.849498
vt 0.139833 -0.792997
vt 0.139810 -0.755424
vt -0.012960 -1.104650
vt -0.223393 -1.072150
vt -0.223393 -1.104680
vt -0.010434 -1.071850
vt -0.223393 -1.157500
vt -0.013192 -1.157480
vt -0.051483 -0.753755
vt -0.178993 -0.792479
vt -0.054333 -0.792520
vt -0.182091 -0.753753
vt -0.006584 -0.753682
vt -0.040285 -0.792011
vt -0.006309 -0.791656
vt 0.065351 -0.791684
vt 0.065181 -0.753892
vt -0.223393 -0.753673
vt -0.019768 -0.849302
vt -0.057464 -0.851697
vt -0.022761 -0.903916
vt -0.178033 -0.851692
vt -0.223393 -0.791709
vt -0.223393 -0.849099
vt -0.179224 -0.906615
vt 0.065485 -0.906498
vt -0.009550 -0.935543
vt -0.223393 -0.935075
vt -0.223393 -0.901392
vt 0.139579 -1.099280
vt 0.064859 -1.100720
vt 0.065368 -1.157380
vt 0.065357 -0.848753
vt 0.199841 -0.913874
vt 0.181344 -1.099350
vt 0.199913 -1.069260
vt 0.199974 -1.102450
vt -0.226905 -1.200250
vt -0.167183 -1.200210
vt -0.173214 -1.181630
vt -0.234605 -1.181690
vt 0.239740 -0.820943
vt 0.219006 -0.834344
vt 0.244646 -0.834234
vt 0.215745 -0.820991
vt 0.236244 -0.809823
vt 0.213373 -0.809794
vt -0.176440 -1.139670
vt -0.238610 -1.139810
vt -0.177891 -0.776607
vt -0.240377 -0.817909
vt -0.177852 -0.885253
vt -0.240391 -0.948517
vt -0.177652 -1.064870
vt -0.240120 -1.065180
vt -0.177896 -0.976732
vt -0.240372 -0.993416
vt -0.240427 -0.776607
vt 0.204993 -1.200210
vt 0.230050 -1.200230
vt 0.212383 -1.181560
vt 0.237904 -1.181600
vt 0.220570 -0.855611
vt 0.247041 -0.855526
vt 0.175919 -1.200100
vt 0.182326 -1.181430
vt -0.059329 -1.200120
vt -0.061648 -1.181500
vt 0.188560 -0.855746
vt 0.187841 -0.834511
vt 0.148312 -1.199990
vt 0.153598 -1.181310
vt 0.044634 -1.200020
vt 0.046076 -1.181370
vt 0.126830 -1.199950
vt 0.125558 -1.181260
vt 0.111421 -1.199960
vt 0.094700 -1.199970
vt 0.216279 -1.139130
vt 0.241894 -1.139140
vt 0.220837 -0.881905
vt 0.247473 -0.881901
vt 0.247053 -0.908238
vt 0.220574 -0.908162
vt 0.214313 -0.956863
vt 0.237864 -0.956813
vt 0.236343 -0.948093
vt 0.213423 -0.948063
vt 0.216515 -0.990639
vt 0.241354 -0.990552
vt 0.157824 -0.855844
vt 0.157730 -0.834629
vt 0.217473 -1.063300
vt 0.242967 -1.063250
vt 0.185770 -1.139050
vt -0.062916 -1.139450
vt 0.188557 -0.908036
vt 0.188656 -0.881908
vt 0.186577 -0.990822
vt 0.185508 -0.957055
vt 0.134540 -0.834607
vt 0.134392 -0.855834
vt 0.186947 -1.063360
vt -0.063550 -0.883333
vt -0.063442 -0.776607
vt -0.063409 -0.989779
vt -0.063384 -1.064490
vt 0.156455 -1.138990
vt 0.046843 -1.139250
vt 0.122727 -1.139080
vt 0.118278 -0.941706
vt 0.099388 -0.946043
vt 0.118406 -0.948602
vt 0.118430 -0.957753
vt 0.134795 -0.957548
vt 0.134753 -0.948466
vt 0.157098 -0.948313
vt 0.157249 -0.957309
vt 0.157549 -0.991064
vt 0.047148 -1.064140
vt 0.099769 -0.808352
vt 0.118468 -0.809581
vt 0.118551 -0.794460
vt 0.100934 -0.776607
vt 0.100473 -0.820838
vt 0.118309 -0.820966
vt 0.134688 -0.821019
vt 0.134814 -0.809581
vt 0.157141 -0.809616
vt 0.157383 -0.821051
vt 0.186253 -0.821036
vt 0.118117 -0.834514
vt 0.134923 -0.794446
vt 0.157359 -0.794468
vt 0.135019 -0.776607
vt 0.157871 -0.776607
vt 0.185573 -0.794551
vt 0.187112 -0.776607
vt 0.185087 -0.809707
vt 0.214318 -0.794641
vt 0.217376 -0.776607
vt 0.105982 -0.857427
vt 0.157523 -1.063460
vt 0.134615 -1.063610
vt 0.101521 -0.978939
vt 0.118387 -0.991562
vt 0.134787 -0.991322
vt 0.134282 -0.881864
vt 0.114740 -0.900383
vt 0.046991 -0.829537
vt 0.047327 -0.776607
vt 0.046279 -0.959775
vt 0.109071 -1.062870
vt 0.101094 -0.915883
vt 0.134383 -0.907957
vt 0.157818 -0.907944
vt 0.118101 -0.929110
vt 0.134524 -0.928999
vt 0.157718 -0.928962
vt 0.187837 -0.929070
vt 0.219014 -0.929234
vt 0.244666 -0.929352
vt 0.185084 -0.948160
vt 0.186247 -0.941509
vt 0.215760 -0.941568
vt 0.157362 -0.941509
vt 0.134658 -0.941590
vt 0.237818 -0.794677
vt 0.239772 -0.941665
vt 0.242615 -0.776607
vt -0.200237 -1.238680
vt -0.181573 -1.210930
vt -0.200072 -1.204160
vt -0.181702 -1.246670
vt -0.139859 -1.214570
vt -0.139916 -1.250820
vt 0.046420 -1.216300
vt -0.061813 -1.252460
vt 0.048193 -1.252720
vt -0.065541 -1.216000
vt 0.053378 -1.216800
vt 0.165778 -0.791939
vt 0.179057 -0.756885
vt 0.165766 -0.751470
vt 0.179066 -0.794147
vt 0.190177 -0.760871
vt 0.190180 -0.795440
vt -0.188897 -1.082110
vt -0.176094 -1.074920
vt -0.191784 -1.074960
vt -0.174243 -1.082070
vt 0.165808 -0.851923
vt 0.179091 -0.850360
vt 0.144482 -0.791109
vt 0.144474 -0.748888
vt -0.181471 -0.795146
vt -0.181597 -0.759394
vt -0.200230 -0.767377
vt -0.200072 -0.801906
vt 0.223393 -1.115860
vt 0.223393 -1.083270
vt 0.179462 -1.078900
vt 0.066115 -1.115860
vt 0.223393 -1.164290
vt 0.053856 -1.164130
vt 0.223393 -1.216900
vt 0.223393 -1.252750
vt -0.199379 -1.154800
vt -0.179336 -1.111770
vt -0.196765 -1.110390
vt -0.181073 -1.158870
vt 0.190892 -0.927836
vt 0.180821 -0.924106
vt 0.181968 -0.930147
vt 0.190619 -0.920312
vt 0.166543 -0.905286
vt 0.179586 -0.901109
vt 0.168394 -0.928485
vt -0.137135 -1.074810
vt -0.136215 -1.082050
vt -0.139049 -0.791559
vt -0.139141 -0.755342
vt 0.190320 -0.896955
vt -0.199379 -0.851268
vt -0.180962 -0.847192
vt -0.179222 -0.894278
vt -0.196765 -0.895672
vt 0.009429 -0.791507
vt 0.043187 -0.759430
vt 0.009448 -0.755884
vt 0.043044 -0.794113
vt 0.118101 -0.791109
vt 0.118099 -0.748451
vt 0.091762 -0.748878
vt 0.091752 -0.791109
vt -0.063196 -0.790440
vt -0.063250 -0.754244
vt 0.144502 -0.853454
vt -0.139623 -1.161170
vt -0.138616 -1.051160
vt -0.179173 -1.051300
vt 0.048489 -1.163740
vt 0.039515 -1.163250
vt 0.005624 -1.162740
vt 0.070648 -0.751458
vt 0.070588 -0.791986
vt -0.065637 -1.162230
vt -0.191799 -0.917155
vt -0.176007 -0.916972
vt 0.053003 -1.054080
vt 0.048092 -1.049960
vt 0.047425 -1.073380
vt 0.056028 -1.005020
vt 0.046345 -1.003820
vt 0.039090 -1.050210
vt 0.038354 -1.073790
vt 0.005406 -1.050480
vt 0.004939 -1.074220
vt 0.047155 -1.082060
vt 0.038076 -1.082060
vt -0.065364 -1.050840
vt -0.065092 -1.074570
vt -0.064832 -1.082050
vt 0.004815 -1.082050
vt 0.145016 -0.908938
vt 0.146314 -0.933290
vt 0.170113 -0.933545
vt 0.147518 -0.938797
vt -0.138748 -0.844901
vt 0.190195 -0.848344
vt 0.205329 -0.845373
vt 0.205323 -0.793641
vt 0.009301 -0.844685
vt 0.042700 -0.846844
vt 0.118101 -0.854199
vt 0.091720 -0.853476
vt -0.063103 -0.844024
vt -0.139065 -1.002910
vt -0.180387 -1.003010
vt -0.065051 -1.002730
vt -0.191784 -0.931102
vt -0.176016 -0.931109
vt -0.188897 -0.923949
vt -0.174146 -0.923966
vt 0.068298 -1.080290
vt -0.137852 -0.893370
vt 0.184737 -1.051370
vt 0.072595 -1.051560
vt 0.223393 -1.026050
vt 0.191176 -1.004170
vt 0.205387 -1.003180
vt 0.006262 -1.002900
vt 0.118081 -1.010260
vt 0.180269 -1.005480
vt 0.223393 -1.001740
vt 0.088593 -0.966720
vt 0.049652 -0.959061
vt 0.007874 -0.932036
vt 0.007190 -0.955439
vt 0.041383 -0.933909
vt -0.063238 -0.931222
vt -0.064241 -0.954714
vt 0.040949 -0.957231
vt -0.138236 -0.954679
vt -0.179126 -0.954720
vt -0.196594 -0.954737
vt -0.198518 -1.003030
vt -0.196594 -1.051330
vt 0.183200 -0.960108
vt 0.147579 -0.966699
vt 0.053443 -1.082590
vt -0.062888 -0.892864
vt 0.009072 -0.893338
vt 0.042269 -0.895294
vt 0.051250 -0.849276
vt 0.050686 -0.898314
vt 0.057853 -0.850867
vt 0.058172 -0.794311
vt 0.051688 -0.795713
vt 0.057084 -0.901819
vt 0.051907 -0.760807
vt 0.058335 -0.756873
vt -0.138766 -1.112650
vt 0.205309 -0.893048
vt 0.223393 -0.889304
vt 0.223393 -0.841817
vt 0.223393 -0.913068
vt 0.205248 -0.916672
vt 0.049715 -0.935870
vt 0.054418 -0.937271
vt 0.065665 -0.940069
vt 0.088408 -0.945405
vt 0.118096 -0.948540
vt 0.118087 -0.969494
vt 0.147789 -0.945351
vt 0.170502 -0.940035
vt 0.004916 -1.089920
vt -0.065112 -1.089530
vt 0.038332 -1.090410
vt 0.005204 -1.113870
vt 0.038904 -1.114580
vt 0.047946 -1.115270
vt 0.047406 -1.090880
vt 0.053578 -1.115740
vt 0.088693 -0.938880
vt 0.118102 -0.941769
vt 0.089898 -0.933368
vt 0.118102 -0.935691
vt 0.118101 -0.910554
vt 0.091194 -0.908990
vt 0.070456 -0.852089
vt -0.136509 -0.931105
vt -0.062557 -0.916579
vt 0.008753 -0.917057
vt 0.041885 -0.918742
vt 0.066051 -0.933667
vt -0.136281 -0.916757
vt 0.055751 -0.924612
vt 0.050135 -0.921370
vt 0.041599 -0.926201
vt 0.049783 -0.928219
vt 0.054634 -0.930286
vt 0.069628 -0.905538
vt 0.205252 -0.957492
vt 0.223393 -0.955052
vt 0.205185 -0.933779
vt 0.223393 -0.930804
vt 0.190966 -0.936013
vt 0.191001 -0.959211
vt 0.182233 -0.937356
vt 0.008357 -0.924603
vt -0.062553 -0.923976
vt -0.135442 -0.923935
vt -0.065541 -1.113280
vt -0.137155 -1.089250
vt 0.067755 -0.928705
vt -0.191799 -1.088900
vt -0.176116 -1.089070
vt 0.205323 -0.759421
vt 0.223393 -0.789882
vt 0.223393 -0.754506
vt 0.205190 -0.925021
vt 0.223393 -0.921750
vt 0.232100 -1.181710
vt 0.153175 -1.181720
vt 0.224497 -1.200250
vt 0.147920 -1.200260
vt 0.236047 -1.139920
vt 0.155971 -1.139920
vt 0.157014 -1.065480
vt 0.237527 -1.065480
vt 0.237772 -0.988894
vt 0.237789 -0.776607
vt 0.157189 -0.776607
vt -0.146134 -1.200260
vt 0.000893 -1.200260
vt 0.000894 -1.181720
vt -0.151386 -1.181720
vt 0.157161 -0.985931
vt 0.000894 -1.065480
vt 0.000900 -0.983455
vt -0.222691 -1.200240
vt -0.230289 -1.181700
vt 0.000894 -1.139920
vt -0.154182 -1.139920
vt -0.234236 -1.139920
vt 0.000886 -0.776607
vt -0.155395 -0.776607
vt -0.155314 -0.977775
vt -0.235993 -0.951807
vt -0.236004 -0.776607
vt -0.155226 -1.065480
vt -0.235740 -1.061810
vt -0.234703 -0.859900
vt -0.257247 -0.903618
vt -0.238012 -0.904572
vt -0.256041 -0.855626
vt -0.239988 -1.017250
vt -0.257379 -0.913874
vt -0.257357 -1.069260
vt -0.240077 -0.956784
vt -0.195640 -1.049740
vt -0.239874 -1.075670
vt -0.194067 -1.076300
vt -0.195638 -1.003030
vt -0.110372 -1.050300
vt -0.224497 -1.238500
vt -0.231183 -1.192430
vt -0.248960 -1.202750
vt -0.206025 -1.224880
vt -0.239820 -0.930359
vt -0.183022 -1.102040
vt -0.238438 -1.101180
vt -0.235703 -1.145420
vt -0.169747 -1.145330
vt -0.257247 -1.102450
vt -0.256041 -1.150440
vt -0.147920 -1.257390
vt -0.135378 -1.243230
vt -0.000893 -1.263420
vt -0.000893 -1.248280
vt 0.133592 -1.243220
vt 0.146134 -1.257390
vt 0.204224 -1.225050
vt 0.222691 -1.238680
vt -0.230377 -0.813035
vt -0.207377 -0.780399
vt -0.226905 -0.767552
vt -0.248960 -0.803319
vt -0.167183 -0.748578
vt -0.152886 -0.762181
vt 0.247013 -1.204160
vt 0.229278 -1.193780
vt 0.102932 -1.223670
vt -0.000902 -1.219280
vt -0.104727 -1.223670
vt -0.059329 -0.741342
vt -0.053388 -0.755800
vt 0.245414 -1.074960
vt 0.230996 -1.075000
vt 0.241790 -1.082110
vt 0.228817 -1.082190
vt 0.204993 -0.748569
vt 0.175919 -0.741306
vt 0.190623 -0.762177
vt 0.162674 -0.755781
vt -0.161905 -0.854838
vt -0.179612 -0.901459
vt 0.044634 -0.740130
vt 0.040952 -0.754049
vt 0.087782 -0.754597
vt 0.094700 -0.740031
vt 0.148312 -0.740079
vt 0.138441 -0.754021
vt 0.126830 -0.739996
vt 0.117830 -0.754577
vt 0.111421 -0.740003
vt 0.104298 -0.753979
vt -0.146251 -1.201520
vt 0.230050 -0.767377
vt 0.212619 -0.780224
vt -0.190805 -1.181260
vt 0.189995 -1.075040
vt 0.192029 -1.082250
vt 0.144430 -1.201770
vt 0.162822 -0.798272
vt 0.194037 -0.819658
vt 0.230084 -0.811680
vt 0.247015 -0.801906
vt 0.091161 -0.770724
vt 0.068020 -0.777688
vt 0.119557 -0.770739
vt 0.094569 -0.777683
vt 0.108295 -1.075170
vt 0.119799 -1.083330
vt -0.117068 -0.778526
vt -0.032676 -0.779225
vt 0.032464 -0.770751
vt -0.141613 -0.798519
vt -0.185687 -0.820953
vt 0.192104 -1.051250
vt 0.235307 -1.051310
vt 0.253369 -1.154800
vt 0.233341 -1.149450
vt 0.251446 -1.110390
vt 0.234259 -1.108670
vt 0.127011 -0.779220
vt 0.161824 -0.778526
vt 0.188920 -1.182560
vt 0.107799 -1.051100
vt 0.002169 -1.075900
vt -0.001093 -1.050800
vt 0.027583 -1.090580
vt 0.030344 -0.823433
vt -0.000233 -1.159320
vt 0.108301 -1.003030
vt 0.193153 -1.003030
vt 0.237057 -1.003030
vt 0.234686 -0.897077
vt 0.245396 -0.917155
vt 0.251448 -0.895672
vt 0.231933 -0.917316
vt -0.106429 -1.076950
vt -0.078442 -1.102630
vt -0.195640 -0.956325
vt -0.110347 -1.003030
vt -0.110372 -0.955768
vt -0.000932 -1.003030
vt -0.001093 -0.955271
vt -0.105470 -0.928392
vt 0.002596 -0.929849
vt 0.107799 -0.954967
vt -0.193641 -0.929448
vt -0.070765 -0.897660
vt 0.192104 -0.954820
vt 0.235307 -0.954757
vt 0.175937 -0.851883
vt 0.100974 -0.893820
vt 0.187049 -0.895167
vt 0.168096 -1.148280
vt 0.234342 -0.855864
vt 0.253371 -0.851268
vt 0.030995 -0.912920
vt 0.189995 -0.931032
vt 0.230996 -0.931070
vt 0.183637 -1.108330
vt 0.197607 -0.917235
vt 0.108349 -0.930861
vt 0.120225 -0.922419
vt 0.093298 -1.106470
vt 0.192029 -0.923818
vt 0.241790 -0.923949
vt 0.245412 -0.931102
vt 0.228817 -0.923879
vt 0.143964 -0.915873
vt 0.251439 -0.954737
vt 0.253850 -1.003030
vt 0.251441 -1.051330
vt 0.231880 -1.088710
vt 0.245395 -1.088900
vt 0.142525 -1.089110
vt 0.197181 -1.088510
vt 0.239772 -0.756873
vt 0.213423 -0.743413
vt 0.236343 -0.760807
vt 0.215760 -0.738347
vt 50.090000 -20.714800
vt 49.910000 -20.714800
vt 50.090000 -20.774099
vt 49.910000 -20.774099
vt 50.090000 -21.225901
vt 49.910000 -21.225901
vt 50.090000 -21.285200
vt 49.910000 -21.285200
vt 49.782600 -21.090000
vt 50.217400 -21.090000
vt 50.217400 -20.910000
vt 49.782600 -20.910000
vt 49.782600 -21.285200
vt 50.197899 -21.259701
vt 49.802101 -21.259701
vt 50.217400 -21.285200
vt 49.725498 -21.225901
vt 50.274502 -21.225901
vt 49.750099 -21.205601
vt 50.249901 -21.205601
vt 49.725498 -20.774099
vt 50.249901 -20.794399
vt 49.750099 -20.794399
vt 50.274502 -20.774099
vt 49.802101 -20.740299
vt 50.197899 -20.740299
vt 49.782600 -20.714800
vt 50.217400 -20.714800
vt 50.000000 -21.000000
vt 11.352400 -2.747490
vt 11.387300 -2.789370
vt 11.387300 -2.730850
vt 11.352400 -2.804750
vt 11.387300 -3.210630
vt 11.352400 -3.195250
vt 11.422100 -3.215980
vt 11.352400 -3.252510
vt 11.387300 -3.269150
vt 11.422100 -3.272960
vt 12.412500 -3.272960
vt 12.412500 -3.216120
vt 12.412500 -2.783880
vt 11.422100 -2.784020
vt 11.422100 -2.727040
vt 12.412500 -2.727040
vt 12.647600 -3.285250
vt 12.625800 -3.234890
vt 12.625800 -3.296640
vt 12.647600 -3.225890
vt 12.647600 -2.774110
vt 12.625800 -2.765110
vt 12.625800 -2.703370
vt 12.647600 -2.714750
vt 12.545800 -2.819200
vt 12.547100 -2.831940
vt 12.547500 -2.822070
vt 12.522400 -2.819150
vt 12.523700 -2.831890
vt 12.524100 -2.822020
vt 12.546800 -2.734220
vt 12.547100 -2.723000
vt 12.544200 -2.722980
vt 12.542800 -2.734380
vt 12.541300 -2.723000
vt 12.523400 -2.734220
vt 12.523700 -2.722990
vt 12.520800 -2.722980
vt 12.519300 -2.734370
vt 12.517900 -2.722990
vt 12.544200 -2.832930
vt 12.546800 -2.844470
vt 12.542800 -2.845200
vt 12.541300 -2.831940
vt 12.542600 -2.818760
vt 12.520800 -2.832890
vt 12.523400 -2.844420
vt 12.519300 -2.845150
vt 12.517900 -2.831890
vt 12.519100 -2.818710
vt 12.544200 -2.742690
vt 12.520800 -2.742680
vt 12.412500 -2.714750
vt 12.434300 -2.765120
vt 12.434300 -2.703370
vt 12.412500 -2.774150
vt 12.412500 -3.225850
vt 12.434300 -3.234880
vt 12.412500 -3.285250
vt 12.434300 -3.296640
vt 12.517500 -2.841900
vt 12.517500 -2.732270
vt 12.540900 -2.841940
vt 12.540900 -2.732270
vt 11.805600 -2.387270
vt 12.196200 -2.352400
vt 11.820400 -2.352400
vt 11.800400 -2.422140
vt 12.211000 -2.387270
vt 12.216200 -2.422140
vt 11.800300 -3.412510
vt 12.216300 -3.412510
vt 12.234400 -3.625760
vt 11.790900 -3.647600
vt 12.225700 -3.647600
vt 11.782200 -3.625760
vt 11.751600 -3.545840
vt 11.741100 -3.547130
vt 11.750100 -3.547500
vt 11.713400 -3.544230
vt 11.713800 -3.546490
vt 11.721600 -3.544210
vt 11.712700 -3.541740
vt 11.751700 -3.522400
vt 11.741200 -3.523690
vt 11.750200 -3.524060
vt 11.713400 -3.520790
vt 11.713800 -3.523050
vt 11.721600 -3.520770
vt 11.712800 -3.518300
vt 11.739700 -3.544240
vt 11.741100 -3.541310
vt 11.752300 -3.542560
vt 11.739700 -3.520800
vt 11.741200 -3.517870
vt 11.752300 -3.519110
vt 11.710200 -3.519110
vt 11.721700 -3.520760
vt 11.721700 -3.518190
vt 11.709700 -3.522400
vt 11.721700 -3.523170
vt 11.760000 -3.523170
vt 11.760800 -3.520760
vt 11.709600 -3.545840
vt 11.721600 -3.545990
vt 11.710200 -3.542560
vt 11.721600 -3.541630
vt 11.760600 -3.545990
vt 11.790900 -3.412510
vt 12.234400 -3.434350
vt 12.225700 -3.412510
vt 11.782200 -3.434350
vt 11.748600 -2.804750
vt 12.234700 -2.804750
vt 12.179600 -2.747490
vt 11.803800 -2.747490
vt 12.234700 -3.195250
vt 11.748600 -3.195250
vt 12.179600 -3.252510
vt 11.803800 -3.252510
vt 11.717100 -2.774150
vt 11.717100 -3.225850
vt 11.729000 -3.216120
vt 11.783700 -3.272960
vt 11.729000 -2.783880
vt 11.774300 -3.285250
vt 11.783700 -2.727040
vt 12.199700 -3.272960
vt 11.774300 -2.714750
vt 12.209100 -2.714750
vt 12.199700 -2.727040
vt 12.266200 -2.774150
vt 12.254400 -2.783880
vt 12.266200 -3.225850
vt 12.254400 -3.216120
vt 12.209100 -3.285250
vt 12.289800 -2.841900
vt 12.292700 -2.831890
vt 12.289200 -2.821250
vt 12.289800 -2.818710
vt 12.278300 -2.820420
vt 12.286800 -2.823890
vt 12.278400 -2.844260
vt 12.290200 -2.845150
vt 12.287200 -2.839970
vt 12.278400 -2.839940
vt 12.263600 -2.732270
vt 12.258800 -2.722990
vt 12.248900 -2.717680
vt 12.247700 -2.715410
vt 12.240500 -2.724540
vt 12.249000 -2.721230
vt 12.256900 -2.741790
vt 12.266100 -2.734370
vt 12.260400 -2.732630
vt 12.253900 -2.738670
vt 12.278300 -2.823790
vt 12.242800 -2.726970
vt 12.286800 -2.823940
vt 12.278400 -2.820470
vt 12.278400 -2.823830
vt 12.289800 -2.841940
vt 12.292800 -2.831940
vt 12.289200 -2.821300
vt 12.289800 -2.818760
vt 12.278500 -2.844310
vt 12.290200 -2.845200
vt 12.287300 -2.840020
vt 12.278400 -2.839990
vt 12.258900 -2.723000
vt 12.249000 -2.717690
vt 12.247700 -2.715420
vt 12.249100 -2.721240
vt 12.257000 -2.741800
vt 12.266100 -2.734380
vt 12.254000 -2.738670
vt 12.242900 -2.726980
vt 12.612700 -2.789370
vt 12.647600 -2.804750
vt 12.647600 -2.747490
vt 12.647600 -3.195250
vt 12.612700 -3.210630
vt 12.647600 -3.252510
vt 12.612700 -3.269150
vt 12.577900 -2.784020
vt 12.577900 -3.215980
vt 12.577900 -3.272960
vt 11.587500 -3.216120
vt 11.587500 -3.272960
vt 11.587500 -2.783880
vt 12.612700 -2.730850
vt 12.577900 -2.727040
vt 11.587500 -2.727040
vt 11.352400 -3.285250
vt 11.374200 -3.234890
vt 11.352400 -3.225890
vt 11.374200 -3.296640
vt 11.374200 -2.765110
vt 11.352400 -2.774110
vt 11.352400 -2.714750
vt 11.374200 -2.703370
vt 11.455800 -2.732590
vt 11.453500 -2.733640
vt 11.455800 -2.738670
vt 11.458300 -2.732630
vt 11.479200 -2.732590
vt 11.477000 -2.733630
vt 11.479200 -2.738670
vt 11.481700 -2.732630
vt 11.480900 -2.715410
vt 11.479200 -2.723170
vt 11.481800 -2.724540
vt 11.476800 -2.724070
vt 11.477600 -2.715370
vt 11.457400 -2.715420
vt 11.454000 -2.723390
vt 11.458400 -2.724540
vt 11.587500 -2.774150
vt 11.565700 -3.234880
vt 11.587500 -3.225850
vt 11.587500 -3.285250
vt 11.565700 -3.296640
vt 11.565700 -2.765120
vt 11.587500 -2.714750
vt 11.565700 -2.703370
vt 11.452600 -2.831520
vt 11.455800 -2.825220
vt 11.453400 -2.823680
vt 11.455800 -2.839310
vt 11.453500 -2.840370
vt 11.458300 -2.840020
vt 11.458100 -2.823940
vt 11.476100 -2.831470
vt 11.479200 -2.825170
vt 11.476800 -2.823630
vt 11.479200 -2.839260
vt 11.477000 -2.840320
vt 11.481700 -2.839970
vt 11.481500 -2.823890
vt 11.452600 -2.725650
vt 11.455800 -2.722580
vt 11.458100 -2.721240
vt 11.476100 -2.725640
vt 11.479200 -2.722580
vt 11.481500 -2.721230
vt 11.789000 -2.387270
vt 12.194400 -2.387270
vt 12.179600 -2.352400
vt 11.803800 -2.352400
vt 11.783800 -2.422140
vt 12.199600 -2.422140
vt 11.783700 -3.412510
vt 12.199700 -3.412510
vt 12.217800 -3.625760
vt 11.765600 -3.625760
vt 11.774300 -3.647600
vt 12.209100 -3.647600
vt 12.286200 -3.544230
vt 12.278400 -3.544220
vt 12.286100 -3.546590
vt 12.286200 -3.520790
vt 12.278300 -3.520780
vt 12.286000 -3.523150
vt 12.289600 -3.523360
vt 12.278500 -3.520790
vt 12.278400 -3.523360
vt 12.249500 -3.544230
vt 12.242900 -3.544220
vt 12.248400 -3.546590
vt 12.249500 -3.520790
vt 12.242800 -3.520780
vt 12.248300 -3.523150
vt 12.265200 -3.546800
vt 12.257800 -3.544230
vt 12.256500 -3.546800
vt 12.266100 -3.542770
vt 12.257000 -3.541820
vt 12.289700 -3.546800
vt 12.278500 -3.544230
vt 12.278500 -3.546800
vt 12.290200 -3.542770
vt 12.278500 -3.541820
vt 12.265200 -3.523360
vt 12.257800 -3.520790
vt 12.256500 -3.523360
vt 12.266100 -3.519330
vt 12.256900 -3.518380
vt 12.290200 -3.519330
vt 12.278400 -3.518380
vt 12.217800 -3.434350
vt 11.774300 -3.412510
vt 11.765600 -3.434350
vt 12.209100 -3.412510
vt 12.255500 -3.547370
vt 12.255400 -3.523930
vt 12.286800 -3.518490
vt 12.249000 -3.518490
vt 12.286800 -3.541930
vt 12.249100 -3.541930
vt 11.750100 -2.717890
vt 11.741100 -2.723000
vt 11.734800 -2.734220
vt 11.760600 -2.723390
vt 11.751600 -2.715380
vt 11.751600 -2.721580
vt 11.757100 -2.726980
vt 11.744500 -2.725650
vt 11.740100 -2.733640
vt 11.743500 -2.741320
vt 11.710300 -2.822070
vt 11.707200 -2.831940
vt 11.710300 -2.844470
vt 11.721600 -2.818890
vt 11.709600 -2.819200
vt 11.713900 -2.823680
vt 11.721600 -2.823830
vt 11.711600 -2.831520
vt 11.713800 -2.840370
vt 11.721500 -2.843660
vt 11.721600 -2.839990
vt 11.750200 -2.717890
vt 11.741200 -2.722990
vt 11.760000 -2.724070
vt 11.751700 -2.715370
vt 11.751700 -2.721580
vt 11.757200 -2.726970
vt 11.744600 -2.725640
vt 11.740200 -2.733630
vt 11.710300 -2.822020
vt 11.707300 -2.831890
vt 11.710400 -2.844420
vt 11.721700 -2.819770
vt 11.709700 -2.819150
vt 11.714000 -2.823630
vt 11.721700 -2.823790
vt 11.711600 -2.831470
vt 11.713800 -2.840320
vt 11.721600 -2.843610
vt 11.721600 -2.839940
vt 11.746000 -2.738670
vt 11.746100 -2.738670
vt 46.000000 -18.971001
vt 46.032001 -18.967400
vt 46.029999 -18.962000
vt 46.000000 -18.976999
vt 45.967999 -18.967400
vt 45.970001 -18.962000
vt 46.009499 -18.936899
vt 46.009499 -18.943001
vt 46.013199 -18.935801
vt 46.013199 -18.944099
vt 46.008202 -18.943399
vt 46.008202 -18.936501
vt 46.014702 -18.933100
vt 46.005798 -18.944099
vt 46.014702 -18.946800
vt 46.005798 -18.935801
vt 46.042400 -18.940300
vt 46.029999 -18.918600
vt 46.013199 -18.949499
vt 46.013199 -18.930401
vt 46.009499 -18.950600
vt 46.009499 -18.929300
vt 46.000000 -18.909599
vt 46.005798 -18.949499
vt 46.005798 -18.930401
vt 45.994202 -18.949800
vt 45.995800 -18.947100
vt 45.990501 -18.950899
vt 46.004299 -18.946800
vt 45.986801 -18.949800
vt 45.994202 -18.944500
vt 45.985298 -18.947100
vt 45.957600 -18.940300
vt 45.994202 -18.936100
vt 45.990501 -18.937201
vt 45.995800 -18.933399
vt 45.990501 -18.943399
vt 46.004299 -18.933100
vt 45.986801 -18.936100
vt 45.994202 -18.930799
vt 45.986801 -18.944500
vt 45.985298 -18.933399
vt 45.970001 -18.918600
vt 45.990501 -18.929600
vt 45.986801 -18.930799
vt 46.000000 -19.087500
vt 45.994202 -19.058300
vt 45.990501 -19.059799
vt 46.005798 -19.057800
vt 45.995800 -19.054600
vt 45.970001 -19.075100
vt 45.986801 -19.058300
vt 45.985298 -19.054600
vt 46.004299 -19.054100
vt 46.009499 -19.059299
vt 46.029999 -19.075100
vt 46.013199 -19.057800
vt 46.014702 -19.054100
vt 45.957600 -19.045099
vt 46.042400 -19.045099
vt 45.986801 -19.050900
vt 46.013199 -19.050400
vt 45.986801 -19.039301
vt 45.985298 -19.035601
vt 45.990501 -19.040899
vt 45.970001 -19.015100
vt 45.990501 -19.049299
vt 45.986801 -19.031900
vt 45.990501 -19.030399
vt 45.994202 -19.050900
vt 46.000000 -19.002701
vt 45.994202 -19.039301
vt 45.994202 -19.031900
vt 46.005798 -19.050400
vt 46.005798 -19.038799
vt 45.995800 -19.035601
vt 46.008202 -19.049400
vt 46.004299 -19.035101
vt 46.008202 -19.039801
vt 46.005798 -19.031401
vt 46.009499 -19.040400
vt 46.009499 -19.029900
vt 46.009499 -19.048800
vt 46.029999 -19.015100
vt 46.013199 -19.038799
vt 46.013199 -19.031401
vt 46.014702 -19.035101
vt 46.009499 -18.951200
vt 46.013199 -18.952400
vt 46.005798 -18.952400
vt 46.009499 -18.937500
vt 46.013199 -18.938601
vt 46.005798 -18.938601
vt 46.018200 -18.969999
vt 46.026699 -19.000000
vt 46.023701 -18.968000
vt 46.032902 -19.000000
vt 46.023701 -19.032000
vt 46.018200 -19.030001
vt 45.976700 -18.990499
vt 45.965199 -18.994200
vt 45.976700 -18.994200
vt 45.965199 -18.990499
vt 45.965199 -18.986799
vt 45.976700 -18.986799
vt 45.976700 -19.013201
vt 45.965199 -19.009501
vt 45.965199 -19.013201
vt 45.976700 -19.009501
vt 45.965199 -19.008200
vt 45.976700 -19.005800
vt 45.965199 -19.005800
vt 45.995602 -18.990499
vt 45.988400 -18.994200
vt 45.996700 -18.994200
vt 45.987301 -18.990499
vt 45.988400 -18.986799
vt 45.996700 -18.986799
vt 45.976601 -19.013201
vt 45.965099 -19.009501
vt 45.965099 -19.013201
vt 45.976601 -19.009501
vt 45.965099 -19.005800
vt 45.976601 -19.005800
vt 45.965401 -18.969999
vt 45.971199 -19.000000
vt 45.971100 -18.968000
vt 45.976799 -18.969999
vt 45.965401 -19.000000
vt 45.965401 -19.030001
vt 45.971100 -19.032000
vt 45.976799 -19.030001
vt 45.976898 -19.000000
vt 46.008701 -18.990499
vt 46.001499 -18.994200
vt 46.009701 -18.994200
vt 46.000401 -18.990499
vt 46.001499 -18.986799
vt 46.009701 -18.986799
vt 45.965099 -18.994200
vt 45.976601 -18.990499
vt 45.965099 -18.990499
vt 45.965099 -18.986799
vt 45.976601 -18.994200
vt 45.976601 -18.986799
vt 46.023201 -18.962000
vt 45.998402 -18.944201
vt 46.020500 -18.967400
vt 46.014999 -18.969900
vt 46.002499 -18.940300
vt 45.994301 -18.948200
vt 45.981800 -18.918600
vt 45.973598 -18.926500
vt 45.976299 -18.921101
vt 46.023300 -19.035700
vt 46.034698 -19.031900
vt 46.023300 -19.032000
vt 46.034698 -19.035601
vt 46.034801 -19.039301
vt 46.023300 -19.039400
vt 46.034801 -19.038799
vt 46.034698 -19.035101
vt 46.034698 -19.031401
vt 45.998199 -18.952400
vt 46.008701 -18.946800
vt 46.006199 -18.944099
vt 46.000801 -18.955000
vt 46.011299 -18.949499
vt 46.003300 -18.957701
vt 45.987701 -18.941299
vt 45.998199 -18.935801
vt 45.995701 -18.933100
vt 45.990299 -18.944000
vt 45.985199 -18.938601
vt 45.993099 -18.930401
vt 46.011600 -18.949800
vt 46.009102 -18.947100
vt 46.006500 -18.944500
vt 46.034801 -19.054100
vt 46.023399 -19.050900
vt 46.023399 -19.054600
vt 46.034801 -19.050400
vt 46.034901 -19.057800
vt 46.023399 -19.058300
vt 46.034901 -19.075100
vt 46.029099 -19.045099
vt 46.029202 -19.077101
vt 46.023499 -19.075100
vt 46.034801 -19.045099
vt 46.023399 -19.045200
vt 46.034599 -19.015100
vt 46.023201 -19.015200
vt 46.028900 -19.013100
vt 45.993401 -18.930799
vt 45.995998 -18.933399
vt 45.998501 -18.936100
vt 46.034901 -19.058300
vt 46.034801 -19.054600
vt 46.034801 -19.050900
vt 46.032001 -18.921101
vt 46.000000 -18.917500
vt 46.029999 -18.926500
vt 46.000000 -18.911501
vt 45.967999 -18.921101
vt 45.970001 -18.926500
vt 45.986801 -18.957701
vt 45.990501 -18.950600
vt 45.986801 -18.949499
vt 45.990501 -18.958799
vt 45.994202 -18.957701
vt 45.994202 -18.949499
vt 45.957600 -19.045200
vt 45.985298 -19.035700
vt 45.970001 -19.015200
vt 45.986801 -19.032000
vt 45.990501 -19.030500
vt 45.986801 -19.039400
vt 46.000000 -19.002800
vt 45.994202 -19.032000
vt 45.990501 -19.049400
vt 45.994202 -19.039400
vt 45.990501 -19.059900
vt 46.000000 -19.087601
vt 46.005798 -19.058300
vt 46.009499 -19.059900
vt 46.004200 -19.054600
vt 46.013199 -19.058300
vt 46.014702 -19.054600
vt 46.005798 -19.050900
vt 46.042400 -19.045200
vt 46.013199 -19.050900
vt 46.013199 -19.039400
vt 46.009499 -19.049400
vt 46.014702 -19.035700
vt 46.009499 -19.040899
vt 46.029999 -19.015200
vt 46.013199 -19.032000
vt 46.009499 -19.030500
vt 46.005798 -19.032000
vt 46.004200 -19.035700
vt 45.995800 -19.035700
vt 46.005798 -19.039400
vt 45.986801 -18.944000
vt 45.985298 -18.941299
vt 45.985298 -18.955000
vt 45.986801 -18.952400
vt 45.990501 -18.945101
vt 45.990501 -18.951200
vt 45.994202 -18.952400
vt 45.994202 -18.944000
vt 45.957600 -18.948200
vt 45.970001 -18.969900
vt 45.986801 -18.938601
vt 45.990501 -18.937500
vt 46.000000 -18.978901
vt 45.994202 -18.938601
vt 46.005798 -18.957701
vt 46.004200 -18.955000
vt 46.009499 -18.958799
vt 45.995800 -18.955000
vt 46.029999 -18.969900
vt 46.013199 -18.957701
vt 46.014702 -18.955000
vt 46.042400 -18.948200
vt 46.014702 -18.941299
vt 46.013199 -18.944000
vt 46.009499 -18.945101
vt 46.005798 -18.944000
vt 46.004200 -18.941299
vt 45.995800 -18.941299
vt 45.990501 -18.936899
vt 45.986801 -18.935801
vt 45.991798 -18.936501
vt 45.994202 -18.935801
vt 46.023499 -19.000000
vt 46.020500 -19.032000
vt 46.029598 -19.000000
vt 46.020500 -18.968000
vt 46.014999 -19.030001
vt 46.014999 -18.969999
vt 46.023300 -18.994200
vt 46.034698 -18.994200
vt 46.034698 -18.990499
vt 46.023300 -18.990499
vt 46.023300 -18.986799
vt 46.034698 -18.986799
vt 46.023300 -19.013201
vt 46.034698 -19.013201
vt 46.034698 -19.009501
vt 46.023300 -19.009501
vt 46.034698 -19.005800
vt 46.023300 -19.005800
vt 45.998199 -18.994200
vt 46.006500 -18.994200
vt 46.005501 -18.990499
vt 45.997200 -18.990499
vt 45.998199 -18.986799
vt 46.006500 -18.986799
vt 46.023399 -19.013201
vt 46.034801 -19.013201
vt 46.034801 -19.009501
vt 46.023399 -19.009501
vt 46.034801 -19.008200
vt 46.023399 -19.005800
vt 46.034801 -19.005800
vt 46.034901 -19.030001
vt 46.029301 -19.000000
vt 46.029202 -19.032000
vt 46.035000 -19.000000
vt 46.023499 -19.030001
vt 46.023602 -19.000000
vt 46.034901 -18.969999
vt 46.023499 -18.969999
vt 46.029202 -18.968000
vt 45.985199 -18.994200
vt 45.993401 -18.994200
vt 45.992401 -18.990499
vt 45.984100 -18.990499
vt 45.985199 -18.986799
vt 45.993401 -18.986799
vt 46.023399 -18.994200
vt 46.034801 -18.994200
vt 46.034801 -18.990499
vt 46.023399 -18.986799
vt 46.034801 -18.986799
vt 46.023399 -18.990499
vt 45.997501 -18.940300
vt 45.976799 -18.962000
vt 46.001598 -18.944201
vt 46.018200 -18.918600
vt 45.979500 -18.967400
vt 45.985001 -18.969900
vt 46.005699 -18.948200
vt 46.026402 -18.926500
vt 46.023701 -18.921101
vt 45.976700 -19.032000
vt 45.965302 -19.031900
vt 45.976700 -19.035700
vt 45.965302 -19.035601
vt 45.965199 -19.039301
vt 45.976700 -19.039400
vt 45.965199 -19.038799
vt 45.965302 -19.035101
vt 45.965302 -19.031401
vt 45.991299 -18.946800
vt 46.001801 -18.952400
vt 45.993801 -18.944099
vt 45.999199 -18.955000
vt 45.988701 -18.949499
vt 45.996700 -18.957701
vt 46.012299 -18.941299
vt 46.001801 -18.935801
vt 46.009701 -18.944000
vt 46.014801 -18.938601
vt 46.006901 -18.930401
vt 45.988400 -18.949800
vt 45.990898 -18.947100
vt 45.993500 -18.944500
vt 45.965199 -19.054100
vt 45.976601 -19.050900
vt 45.965199 -19.050400
vt 45.976601 -19.054600
vt 45.965099 -19.057800
vt 45.976601 -19.058300
vt 45.965199 -19.045099
vt 45.965099 -19.075100
vt 45.970901 -19.045099
vt 45.965401 -19.015100
vt 45.970798 -19.077101
vt 45.976501 -19.075100
vt 45.976601 -19.045200
vt 45.976799 -19.015200
vt 45.971100 -19.013100
vt 46.006599 -18.930799
vt 46.004002 -18.933399
vt 46.001499 -18.936100
vt 45.965099 -19.058300
vt 45.965199 -19.054600
vt 45.965199 -19.050900
s 1
usemtl Meshpart1Mtl
f 1/1/1 2/2/2 3/3/3
f 1/1/1 3/3/3 4/4/4
f 5/5/5 6/6/6 7/7/7
f 8/8/8 9/9/9 10/2/10
f 10/2/10 11/1/11 8/8/8
f 12/3/12 13/10/13 14/4/4
f 14/4/4 13/10/13 15/11/14
f 16/5/5 17/12/6 18/6/15
f 19/10/13 20/6/15 21/11/16
f 20/6/15 19/10/13 22/7/7
f 23/9/17 24/13/18 25/14/19
f 25/14/19 26/2/20 23/9/17
f 27/2/21 28/14/22 29/15/23
f 27/2/21 29/15/23 30/3/24
f 31/16/25 32/17/26 33/18/27
f 32/17/26 31/16/25 34/19/28
f 35/20/29 36/19/30 37/16/31
f 36/19/30 35/20/29 38/21/32
f 39/18/33 40/22/34 41/23/35
f 40/22/34 39/18/33 42/17/36
f 43/24/37 42/17/38 44/25/39
f 42/17/38 43/24/37 45/22/40
f 46/21/41 47/26/42 48/19/43
f 47/26/42 46/21/41 49/27/44
f 50/19/45 51/25/39 52/17/46
f 51/25/39 50/19/45 53/26/47
f 54/28/48 55/29/49 56/30/50
f 54/28/48 57/31/49 55/29/49
f 58/32/51 54/28/48 56/30/50
f 59/5/52 60/33/51 58/32/51
f 60/33/51 59/5/52 61/7/53
f 62/34/54 63/35/55 64/36/56
f 63/35/55 62/34/54 65/37/57
f 66/38/58 67/39/59 68/40/60
f 67/39/59 66/38/58 69/34/61
f 70/27/44 71/41/62 72/26/42
f 71/41/62 70/27/44 73/42/63
f 74/37/57 75/43/64 76/35/55
f 77/42/63 78/40/60 79/41/62
f 78/40/60 77/42/63 80/38/58
f 81/34/65 82/36/56 83/39/66
f 84/44/67 85/40/68 83/39/69
f 86/45/70 87/39/69 82/36/71
f 87/39/69 86/45/70 88/44/67
f 89/46/72 90/44/67 86/45/70
f 91/36/73 92/35/74 93/45/70
f 93/45/70 92/35/74 94/47/67
f 95/43/75 96/48/62 97/35/55
f 98/35/76 99/49/67 100/47/67
f 99/49/67 98/35/76 101/48/77
f 100/47/67 102/49/67 103/50/78
f 104/46/72 105/45/70 106/50/78
f 107/50/78 108/45/70 109/47/67
f 110/51/79 111/46/72 112/52/49
f 113/50/78 114/53/49 115/52/80
f 116/46/72 117/50/78 118/52/49
f 119/49/67 120/54/81 121/50/82
f 121/50/82 120/54/81 122/53/49
f 123/55/83 124/51/79 125/56/84
f 126/56/85 124/51/79 127/52/49
f 126/56/85 127/52/49 128/31/80
f 128/31/80 127/52/49 129/29/49
f 127/52/49 130/53/49 129/29/49
f 131/33/86 132/28/48 133/32/86
f 132/28/48 134/57/87 135/56/88
f 134/57/87 132/28/48 136/33/51
f 137/3/89 134/57/87 138/10/90
f 137/3/89 139/15/23 134/57/87
f 140/57/87 141/7/53 138/10/90
f 141/7/53 140/57/87 142/33/51
f 139/15/23 143/56/85 144/57/87
f 139/15/23 145/55/83 143/56/85
f 143/56/85 146/31/49 147/28/48
f 145/55/83 148/24/37 149/51/79
f 150/25/39 149/51/79 148/24/37
f 149/51/79 150/25/39 151/58/91
f 151/58/92 152/40/68 153/44/67
f 151/58/92 154/41/77 152/40/68
f 155/58/91 156/26/47 154/41/77
f 156/26/47 155/58/91 157/25/39
f 158/51/93 151/58/91 159/44/67
f 158/51/93 159/44/67 160/46/72
f 161/59/94 162/60/95 163/61/96
f 161/59/94 164/22/97 162/60/95
f 164/22/97 165/55/83 162/60/95
f 165/55/83 164/22/97 166/24/37
f 167/23/35 168/22/34 169/59/94
f 172/62/98 171/61/96 173/60/99
f 174/13/100 170/62/101 175/60/102
f 174/13/100 175/60/102 176/14/19
f 176/14/22 177/55/103 178/15/23
f 176/14/22 179/60/104 177/55/103
f 180/63/105 181/64/106 182/65/107
f 180/63/105 182/65/107 183/66/108
f 184/67/109 185/68/110 186/69/111
f 185/68/110 184/67/109 187/70/112
f 188/71/113 189/70/114 190/67/109
f 189/70/114 188/71/113 191/72/115
f 192/65/116 193/73/117 194/66/118
f 194/66/118 193/73/117 195/74/119
f 196/75/120 197/76/121 198/77/120
f 199/77/120 200/76/121 201/78/122
f 202/73/123 203/79/124 204/74/125
f 204/74/125 203/79/124 205/80/126
f 206/81/120 207/77/120 208/78/122
f 209/81/120 210/78/127 211/82/128
f 212/79/124 213/82/128 214/80/129
f 213/82/128 212/79/124 215/81/120
f 216/75/130 217/83/131 218/76/121
f 219/84/132 220/85/133 221/86/134
f 220/85/133 222/87/135 221/86/134
f 223/88/136 224/69/137 225/68/138
f 224/69/137 223/88/136 226/89/139
f 227/90/140 228/84/141 229/91/142
f 228/84/141 230/86/143 229/91/142
f 231/64/106 232/92/144 233/93/145
f 231/64/106 233/93/145 234/65/146
f 235/88/147 236/68/148 237/94/149
f 237/94/149 236/68/148 238/95/150
f 239/96/151 240/90/152 241/97/153
f 240/90/152 242/91/154 241/97/153
f 243/92/144 244/98/155 245/99/156
f 243/92/144 245/99/156 246/93/145
f 247/100/155 248/96/157 249/101/158
f 248/96/157 250/97/159 249/101/158
f 251/101/158 252/102/155 253/100/160
f 251/101/158 254/103/161 252/102/155
f 255/101/158 256/99/156 257/103/162
f 258/98/155 257/103/162 256/99/156
f 259/104/163 260/86/164 261/87/165
f 261/87/165 262/105/166 259/104/163
f 263/106/167 264/89/168 265/88/136
f 264/89/168 263/106/167 266/107/169
f 267/106/170 268/108/171 266/107/169
f 268/108/171 267/106/170 269/109/172
f 270/110/173 271/111/174 272/112/175
f 270/110/173 272/112/175 273/113/176
f 274/114/177 275/111/178 276/110/179
f 275/111/178 274/114/177 277/115/180
f 278/95/181 279/116/182 280/94/183
f 279/116/182 278/95/181 281/117/184
f 282/105/166 283/118/185 284/104/163
f 283/118/185 282/105/166 285/119/186
f 286/91/187 287/86/188 288/120/189
f 287/86/188 289/104/190 288/120/189
f 290/118/191 291/115/192 292/114/193
f 291/115/192 290/118/191 293/119/186
f 294/65/194 295/93/195 296/121/196
f 294/65/194 296/121/196 297/73/197
f 298/122/198 299/109/199 300/123/200
f 299/109/199 301/106/201 300/123/200
f 301/106/201 302/88/147 303/123/202
f 303/123/202 302/88/147 304/94/203
f 305/114/204 306/110/205 307/124/206
f 307/124/206 306/110/205 308/125/207
f 309/116/182 310/126/208 311/127/209
f 310/126/208 309/116/182 312/117/184
f 313/128/210 314/114/211 315/124/212
f 314/114/211 313/128/210 316/118/213
f 317/129/214 318/75/215 319/77/215
f 318/75/215 317/129/214 320/130/216
f 321/79/217 322/131/214 323/81/215
f 322/131/214 321/79/217 324/132/218
f 325/81/215 326/129/214 327/77/215
f 326/129/214 325/81/215 328/131/219
f 329/97/220 330/91/221 331/133/222
f 330/91/221 332/120/223 331/133/222
f 333/93/224 334/99/225 335/134/226
f 333/93/224 335/134/226 336/121/227
f 337/101/228 338/97/229 339/135/230
f 338/97/229 340/133/222 339/135/230
f 341/135/230 342/99/225 343/101/228
f 342/99/225 341/135/230 344/134/226
f 345/136/231 346/137/232 347/138/233
f 348/139/234 349/140/235 347/138/236
f 350/141/237 347/138/236 349/140/235
f 351/140/235 352/142/238 350/141/239
f 352/142/238 351/140/235 353/143/240
f 354/125/241 355/144/242 356/124/243
f 355/144/242 354/125/241 357/143/240
f 358/121/227 359/132/244 360/73/245
f 360/73/245 359/132/244 361/79/217
f 358/121/227 362/134/246 363/132/244
f 362/134/246 364/145/247 363/132/244
f 365/146/248 366/147/249 367/148/250
f 368/149/251 365/146/252 369/148/250
f 366/147/249 370/150/253 371/151/254
f 370/150/253 366/147/249 372/146/248
f 373/151/255 374/152/256 366/147/249
f 374/152/256 375/153/257 366/147/249
f 376/152/240 377/154/258 375/153/259
f 377/154/258 376/152/240 378/155/260
f 379/117/261 380/156/262 378/155/260
f 380/156/262 379/117/261 381/95/263
f 381/95/264 382/70/265 383/156/266
f 381/95/264 384/68/267 382/70/265
f 385/155/268 386/126/269 379/117/261
f 386/126/269 385/155/268 387/152/240
f 388/157/270 386/126/269 389/151/271
f 386/126/269 390/152/240 389/151/271
f 377/154/272 391/158/273 392/153/274
f 391/158/273 377/154/272 393/159/275
f 394/148/250 392/153/274 391/158/273
f 392/153/274 394/148/250 366/147/276
f 391/158/273 395/160/277 394/148/250
f 394/148/250 395/160/277 396/149/251
f 391/158/273 397/159/278 395/160/277
f 397/159/278 398/161/279 395/160/277
f 393/159/278 399/162/280 400/161/281
f 399/162/280 401/163/282 400/161/281
f 402/162/283 393/159/278 403/164/284
f 404/154/285 403/164/284 393/159/278
f 405/155/286 403/164/284 404/154/285
f 405/155/286 406/156/287 403/164/284
f 407/156/266 408/72/288 403/164/289
f 407/156/266 409/70/265 408/72/288
f 403/164/290 410/72/291 411/162/292
f 412/165/293 411/162/292 410/72/291
f 411/162/294 413/165/295 414/163/296
f 413/165/295 415/166/297 414/163/296
f 416/157/270 417/151/298 418/150/299
f 416/157/270 418/150/299 419/167/300
f 420/168/248 421/133/222 422/120/301
f 422/120/301 423/128/302 420/168/248
f 424/133/222 420/168/252 425/169/303
f 425/169/303 426/135/230 424/133/222
f 427/128/304 422/120/305 428/104/306
f 428/104/306 429/118/307 427/128/304
f 430/170/308 431/171/309 432/139/234
f 432/139/234 431/171/309 433/172/310
f 433/172/310 434/140/235 432/139/234
f 433/172/310 435/144/311 436/140/235
f 435/144/311 437/143/240 436/140/235
f 438/167/312 439/127/313 440/157/270
f 439/127/313 441/126/208 440/157/270
f 442/173/314 438/167/300 443/174/315
f 442/173/314 444/127/316 438/167/300
f 445/144/311 446/168/252 447/128/302
f 447/128/302 448/124/317 445/144/311
f 449/130/216 450/175/318 451/176/318
f 452/129/219 453/177/318 454/175/318
f 455/175/319 456/150/299 457/146/252
f 458/150/299 459/175/318 460/167/312
f 461/132/244 462/145/320 463/131/219
f 462/145/320 464/177/318 463/131/219
f 465/129/219 466/131/219 467/177/318
f 468/175/319 469/130/321 470/129/219
f 471/127/322 472/173/323 473/116/182
f 474/178/324 475/135/325 476/169/326
f 477/167/327 478/175/318 479/174/315
f 480/177/318 481/170/308 482/137/232
f 483/170/308 484/139/234 485/137/232
f 484/139/234 486/138/233 485/137/232
f 487/177/319 488/137/232 489/179/324
f 490/175/318 489/179/324 491/174/315
f 490/175/318 492/177/319 489/179/324
f 493/170/308 494/178/324 495/171/328
f 496/145/247 497/170/308 498/177/318
f 497/170/308 496/145/247 499/178/324
f 500/172/310 501/169/303 502/168/248
f 502/168/248 503/144/311 500/172/310
f 504/169/303 500/172/310 505/171/309
f 505/171/309 506/178/324 504/169/303
f 506/178/329 507/134/226 508/135/230
f 507/134/226 506/178/329 509/145/247
f 510/175/319 511/146/248 512/176/318
f 511/146/248 513/149/251 512/176/318
f 514/173/330 515/180/331 516/181/332
f 514/173/330 517/174/333 515/180/331
f 518/179/324 519/182/334 520/174/333
f 521/123/335 522/181/332 523/122/336
f 522/181/332 521/123/335 524/173/323
f 521/123/335 525/116/182 524/173/323
f 525/116/182 521/123/335 526/94/337
f 527/182/334 528/137/232 529/136/231
f 530/179/324 528/137/232 527/182/334
f 531/183/338 532/180/331 533/182/334
f 533/182/334 532/180/331 534/174/333
f 531/183/338 535/184/339 536/180/331
f 535/184/339 537/181/340 536/180/331
f 538/185/341 539/186/342 540/122/343
f 539/186/342 541/109/344 540/122/343
f 543/109/172 544/187/345 542/108/171
f 544/187/345 543/109/172 545/186/346
f 546/184/339 547/185/347 548/181/340
f 547/185/347 549/122/348 548/181/340
f 550/113/349 551/125/207 552/110/350
f 551/125/207 550/113/349 553/188/351
f 553/188/351 550/113/349 554/189/352
f 555/190/353 554/189/352 550/113/349
f 556/188/354 557/143/240 558/125/241
f 557/143/240 556/188/354 559/142/238
f 560/142/355 556/188/356 561/191/357
f 562/189/358 561/191/357 556/188/356
f 563/192/359 559/142/355 564/191/357
f 559/142/355 563/192/359 565/141/360
f 566/192/361 567/138/233 565/141/360
f 567/138/233 566/192/361 568/136/231
f 569/71/362 570/165/363 571/72/291
f 570/165/363 569/71/362 572/193/364
f 573/184/365 574/183/366 575/191/367
f 576/192/368 575/191/367 574/183/366
f 577/136/231 574/183/338 578/182/334
f 574/183/338 577/136/231 579/192/361
f 580/185/369 581/184/365 582/189/370
f 583/191/367 582/189/370 581/184/365
f 584/194/371 585/186/372 586/190/373
f 585/186/372 584/194/371 587/187/374
f 588/186/375 589/185/376 590/190/353
f 591/189/358 590/190/353 589/185/376
f 592/193/377 593/166/378 594/165/379
f 593/166/378 592/193/377 595/195/380
f 596/196/381 597/197/382 598/198/383
f 597/197/382 596/196/381 599/199/384
f 600/199/385 601/200/386 602/197/382
f 601/200/386 600/199/385 603/201/387
f 604/202/388 605/203/389 606/204/390
f 607/205/391 608/200/392 609/201/393
f 609/201/393 610/203/394 607/205/391
f 611/202/395 612/205/395 613/203/389
f 614/206/396 615/202/397 616/204/398
f 617/207/399 618/208/400 619/209/401
f 618/208/400 617/207/399 620/210/402
f 621/210/402 622/211/403 623/208/400
f 622/211/403 621/210/402 624/212/404
f 626/213/405 627/214/406 625/215/407
f 627/214/406 626/213/405 628/216/408
f 629/217/409 630/210/410 631/207/411
f 630/210/410 629/217/409 632/218/412
f 633/219/413 634/209/414 635/220/415
f 634/209/414 633/219/413 636/207/416
f 638/221/417 639/222/418 637/223/419
f 637/223/419 640/224/420 638/221/417
f 641/225/421 642/226/422 643/227/422
f 641/225/421 644/228/423 645/229/424
f 646/230/425 647/231/426 645/229/427
f 647/231/426 646/230/425 648/206/428
f 649/206/396 650/232/398 647/231/429
f 650/232/398 649/206/396 651/204/430
f 652/233/431 653/234/432 654/235/433
f 653/234/432 652/233/431 655/236/434
f 656/198/435 657/236/436 652/233/437
f 657/236/436 656/198/435 658/197/438
f 659/237/439 660/238/440 661/239/441
f 660/238/440 659/237/439 662/240/442
f 663/241/443 660/238/444 664/242/445
f 660/238/444 663/241/443 665/243/446
f 666/216/447 667/244/448 668/214/449
f 667/244/448 666/216/447 669/245/450
f 670/222/451 671/221/452 672/246/453
f 670/222/451 672/246/453 673/247/454
f 674/240/455 675/242/445 676/238/456
f 675/242/445 674/240/455 677/248/457
f 678/224/420 679/249/458 680/250/459
f 680/250/459 681/221/460 678/224/420
f 682/251/461 683/250/462 679/249/463
f 679/249/463 684/252/464 682/251/461
f 685/253/465 686/254/466 687/255/467
f 686/254/466 685/253/465 688/256/468
f 689/257/469 690/220/470 691/258/471
f 690/220/470 689/257/469 692/219/472
f 693/259/473 694/257/474 691/258/475
f 695/260/476 694/257/474 693/259/473
f 696/246/477 697/261/478 698/247/454
f 698/247/454 697/261/478 699/262/479
f 700/261/478 701/255/467 702/262/479
f 701/255/467 700/261/478 703/253/480
f 704/217/481 705/219/482 706/263/483
f 705/219/482 704/217/481 707/207/484
f 708/197/485 709/264/486 710/236/487
f 709/264/486 708/197/485 711/200/488
f 712/214/489 713/265/490 714/266/491
f 713/265/490 712/214/489 715/244/492
f 716/230/425 717/267/493 718/206/428
f 718/206/428 719/267/493 720/202/494
f 721/268/495 720/202/494 719/267/493
f 722/268/496 723/269/497 724/202/494
f 725/270/498 726/271/499 727/260/500
f 725/270/498 727/260/500 728/259/501
f 729/272/502 730/205/494 731/269/497
f 730/205/494 732/202/494 731/269/497
f 733/264/486 734/200/488 735/272/502
f 734/200/488 736/205/503 735/272/502
f 738/273/504 739/251/505 737/252/506
f 739/251/505 738/273/504 740/274/507
f 741/275/508 742/276/509 743/277/510
f 744/278/511 742/276/509 745/275/508
f 742/276/509 744/278/511 746/279/512
f 747/280/513 748/277/510 742/276/509
f 747/280/513 749/281/514 748/277/510
f 750/282/515 749/281/514 747/280/513
f 751/283/516 749/281/514 750/282/515
f 752/281/517 753/284/518 748/277/519
f 754/285/520 753/284/518 752/281/517
f 755/286/521 756/283/522 750/282/515
f 756/283/522 755/286/521 757/287/523
f 758/244/524 757/287/523 759/286/521
f 759/286/521 760/265/525 758/244/524
f 761/288/526 756/283/522 762/287/523
f 756/283/522 761/288/526 763/289/527
f 763/289/528 764/285/529 765/283/522
f 765/283/522 764/285/529 766/281/530
f 767/243/531 768/290/532 769/291/533
f 768/290/532 767/243/531 770/241/534
f 771/239/535 772/243/536 773/292/537
f 772/243/536 771/239/535 774/238/456
f 775/293/538 773/292/539 776/243/540
f 776/243/540 777/291/541 775/293/538
f 778/221/542 779/250/543 780/294/544
f 778/221/542 780/294/544 781/246/545
f 782/212/546 783/295/547 784/296/548
f 782/212/546 784/296/548 785/297/549
f 786/210/410 783/295/547 782/212/546
f 783/295/547 786/210/410 787/218/550
f 788/253/551 789/298/552 790/256/553
f 789/298/552 791/299/554 790/256/553
f 792/300/555 793/257/556 794/301/557
f 795/260/558 794/301/557 793/257/556
f 793/257/556 792/300/555 796/263/483
f 793/257/556 796/263/483 797/219/559
f 798/228/423 799/230/425 800/229/424
f 801/261/560 802/302/561 803/253/551
f 802/302/561 804/298/552 803/253/551
f 805/246/562 806/302/561 801/261/560
f 806/302/561 805/246/562 807/294/544
f 808/266/563 809/303/564 810/304/565
f 809/303/564 808/266/563 811/265/566
f 812/286/567 813/303/564 811/265/566
f 813/303/564 812/286/567 814/305/568
f 815/306/569 816/307/570 817/308/571
f 817/308/571 816/307/570 818/309/572
f 819/227/422 820/310/573 821/228/574
f 821/228/574 822/225/421 819/227/422
f 823/250/575 824/251/576 825/311/577
f 823/250/575 825/311/577 826/294/544
f 827/227/422 828/312/578 829/313/578
f 830/313/578 831/310/573 832/227/422
f 832/227/422 833/226/422 834/312/578
f 834/312/578 833/226/422 835/314/579
f 834/312/580 836/314/579 837/315/512
f 837/315/512 836/314/579 838/316/512
f 839/310/581 840/313/578 841/275/508
f 842/282/515 843/280/582 844/317/583
f 844/317/583 843/280/582 845/279/512
f 846/318/584 847/278/511 848/313/580
f 849/313/578 850/312/578 851/318/584
f 851/318/584 850/312/578 852/319/511
f 853/314/579 854/320/583 855/316/512
f 856/321/585 857/322/586 858/278/511
f 859/323/587 860/324/588 861/325/589
f 862/326/590 863/324/588 859/323/587
f 864/327/591 863/324/588 862/326/590
f 860/324/592 865/317/583 866/328/593
f 865/317/583 867/279/512 866/328/593
f 868/327/594 869/317/583 860/324/592
f 870/305/595 869/317/583 868/327/594
f 870/305/595 871/282/515 869/317/583
f 872/286/567 871/282/515 870/305/595
f 873/329/596 870/305/568 874/327/594
f 875/303/564 870/305/568 873/329/596
f 876/330/597 877/303/564 873/329/598
f 876/330/597 878/304/599 877/303/564
f 879/331/600 880/304/601 876/330/602
f 879/331/600 881/332/603 880/304/601
f 882/306/604 879/331/605 883/330/606
f 882/306/604 883/330/606 884/307/607
f 885/333/608 886/304/518 881/332/603
f 886/304/518 885/333/608 887/266/609
f 888/215/610 889/266/611 885/333/612
f 889/266/611 888/215/610 890/214/613
f 892/308/614 893/274/615 891/273/616
f 893/274/615 892/308/614 894/309/572
f 895/319/511 896/334/617 897/335/618
f 898/310/573 899/275/508 900/336/619
f 901/336/620 899/275/621 902/277/510
f 902/277/510 903/284/565 901/336/620
f 904/302/622 905/337/623 906/298/552
f 905/337/623 907/338/624 906/298/552
f 906/298/552 907/338/624 908/299/625
f 907/338/624 909/339/626 908/299/625
f 908/299/625 909/339/626 910/340/627
f 911/341/628 910/340/627 909/339/626
f 912/311/629 913/337/630 904/302/631
f 914/294/632 912/311/629 904/302/631
f 915/342/633 916/343/634 910/340/635
f 917/344/636 910/340/635 916/343/634
f 910/340/635 917/344/636 918/299/637
f 919/256/638 918/299/637 917/344/636
f 910/340/639 920/341/640 921/342/633
f 922/345/641 921/342/633 920/341/640
f 923/346/175 924/256/642 917/344/643
f 924/256/642 923/346/175 925/254/466
f 923/346/175 917/344/643 926/343/644
f 923/346/175 926/343/644 927/347/645
f 928/236/646 929/348/647 930/234/648
f 929/348/647 928/236/646 931/264/649
f 932/296/650 933/349/651 934/350/652
f 932/296/650 934/350/652 935/351/653
f 936/295/547 933/349/651 932/296/650
f 936/295/547 937/248/654 933/349/651
f 933/349/651 938/352/655 939/350/652
f 940/353/656 938/352/655 933/349/651
f 941/248/654 940/353/656 933/349/651
f 942/240/657 940/353/656 941/248/654
f 943/218/550 941/248/457 944/295/658
f 943/218/550 945/242/445 941/248/457
f 946/217/659 945/242/445 943/218/550
f 945/242/445 946/217/659 947/241/443
f 948/263/660 949/241/661 946/217/662
f 949/241/661 948/263/660 950/290/663
f 951/278/511 952/275/508 953/313/578
f 954/322/664 746/279/512 951/278/511
f 954/322/664 955/328/665 746/279/512
f 954/322/664 956/354/666 955/328/665
f 861/325/589 955/328/665 956/354/666
f 860/324/588 955/328/665 861/325/589
f 957/355/667 958/354/666 959/322/664
f 960/356/668 961/355/669 962/322/664
f 963/357/670 964/321/664 965/358/671
f 964/321/664 966/359/672 965/358/671
f 967/356/668 968/321/664 963/357/670
f 968/321/664 967/356/668 969/322/664
f 966/359/672 970/335/618 971/358/671
f 971/358/671 970/335/618 972/360/673
f 973/335/674 974/361/675 972/360/673
f 974/361/675 973/335/674 975/334/617
f 976/318/555 977/335/618 966/359/676
f 977/335/618 976/318/555 978/319/511
f 979/321/586 980/318/555 966/359/672
f 980/318/555 979/321/586 981/278/511
f 982/288/677 983/362/678 984/289/679
f 983/362/678 982/288/677 985/363/680
f 986/285/681 984/289/682 987/362/678
f 987/362/678 988/364/683 986/285/681
f 989/245/684 982/288/526 990/287/685
f 990/287/685 991/244/448 989/245/684
f 992/365/686 993/269/497 994/366/687
f 993/269/497 995/268/495 994/366/687
f 994/366/688 996/268/495 997/367/689
f 998/267/690 997/367/689 996/268/495
f 999/362/678 992/365/691 1000/364/683
f 992/365/691 1001/366/687 1000/364/683
f 1000/364/683 1001/366/687 1002/368/692
f 1003/367/689 1002/368/692 1001/366/687
f 1004/230/425 1005/369/693 998/267/690
f 1006/367/689 998/267/690 1005/369/693
f 1007/228/423 1008/336/619 1005/369/693
f 1008/336/619 1007/228/423 1009/310/694
f 1010/369/695 1011/368/696 1003/367/689
f 1011/368/696 1010/369/695 1012/336/697
f 1013/228/423 1010/369/693 1014/230/425
f 1015/370/698 1016/371/699 1017/372/700
f 1017/372/700 1016/371/699 1018/373/701
f 1019/291/702 1018/373/703 1020/371/704
f 1020/371/704 1021/293/538 1019/291/702
f 1018/373/705 1022/291/533 1023/374/706
f 1023/374/706 1022/291/533 1024/290/707
f 1025/372/708 1018/373/705 1026/374/706
f 1027/375/709 1025/372/708 1026/374/706
f 1028/279/710 1029/280/513 1030/276/509
f 1031/301/557 1032/260/711 1033/376/712
f 1034/271/713 1033/376/712 1032/260/711
f 1035/307/714 1036/330/715 1037/329/716
f 1035/307/714 1037/329/716 1038/377/717
f 1039/338/718 1040/337/719 1041/378/720
f 1041/378/720 1042/379/721 1039/338/718
f 1042/379/721 1043/380/722 1044/339/723
f 1045/338/724 1042/379/721 1044/339/723
f 1046/370/725 1047/381/726 1048/356/668
f 1048/356/668 1049/357/670 1046/370/725
f 1050/274/727 1051/311/728 1052/251/729
f 1051/311/728 1050/274/727 1053/382/492
f 1054/383/730 1055/345/641 1056/384/731
f 1057/341/640 1056/384/731 1055/345/641
f 1058/339/626 1059/380/732 1057/341/628
f 1060/384/733 1057/341/628 1059/380/732
f 1060/384/734 1061/380/735 1062/385/736
f 1062/385/736 1063/386/560 1060/384/734
f 1060/384/731 1064/386/737 1065/383/738
f 1064/386/737 1066/387/739 1065/383/738
f 1062/385/740 1067/325/741 1068/386/478
f 1067/325/741 1069/354/742 1068/386/478
f 1070/388/743 1071/376/744 1072/345/745
f 1073/342/633 1072/345/745 1071/376/744
f 1074/376/746 1070/388/747 1075/301/557
f 1076/375/748 1075/301/557 1070/388/747
f 1075/301/557 1076/375/748 1077/300/584
f 1078/374/706 1077/300/584 1076/375/748
f 1079/300/584 1078/374/706 1080/290/749
f 1079/300/584 1080/290/749 1081/263/660
f 1082/329/750 1083/327/591 1084/377/717
f 1084/377/717 1083/327/591 1085/326/751
f 1086/389/752 1087/390/557 1088/391/753
f 1088/391/753 1087/390/557 1089/392/754
f 1090/393/755 1086/389/756 1091/391/753
f 1092/394/757 1086/389/756 1090/393/755
f 1093/389/758 1094/320/583 1087/390/557
f 1093/389/758 1095/316/512 1094/320/583
f 1096/394/759 1095/316/512 1093/389/758
f 1096/394/759 1097/315/512 1095/316/512
f 1098/334/760 1099/315/512 1096/394/757
f 1098/334/760 1100/319/511 1099/315/512
f 1101/312/578 1099/315/512 1102/319/511
f 1103/371/761 1104/370/725 1105/357/670
f 1105/357/670 1106/358/762 1103/371/761
f 1106/358/762 1107/360/673 1108/371/763
f 1108/371/763 1107/360/673 1109/293/764
f 1110/337/765 1111/311/766 1112/382/524
f 1112/382/524 1113/378/767 1110/337/765
f 1114/381/726 1115/387/768 1116/355/769
f 1116/355/769 1117/356/770 1114/381/726
f 1118/334/617 1119/395/771 1120/361/772
f 1121/386/478 1122/354/742 1123/387/773
f 1122/354/742 1124/355/774 1123/387/773
f 1125/396/775 1126/378/776 1127/397/777
f 1126/378/776 1125/396/775 1128/379/778
f 1129/398/684 1127/397/777 1130/378/776
f 1130/378/776 1131/382/448 1129/398/684
f 1132/380/779 1128/379/778 1133/396/775
f 1133/396/775 1134/385/780 1132/380/779
f 1135/362/678 1136/363/680 1137/399/781
f 1138/400/717 1139/399/781 1136/363/680
f 1140/348/782 1139/399/781 1138/400/717
f 1137/399/781 992/365/691 1135/362/678
f 1141/348/783 1142/264/649 1137/399/784
f 1142/264/649 1143/272/785 1137/399/784
f 1144/399/784 1143/272/785 992/365/686
f 1143/272/785 993/269/497 992/365/686
f 1145/388/747 1146/401/786 1147/375/748
f 1146/401/786 1148/372/787 1147/375/748
f 1149/326/788 1150/323/789 1151/397/777
f 1151/397/777 1150/323/789 1152/396/790
f 1153/385/791 1152/396/792 1154/323/793
f 1154/323/793 1155/325/794 1153/385/791
f 1156/307/570 1157/377/795 1158/309/572
f 1158/309/572 1157/377/795 1159/398/450
f 1160/377/796 1161/326/797 1162/398/450
f 1162/398/450 1161/326/797 1163/397/777
f 1164/360/798 1165/361/799 1166/293/800
f 1166/293/800 1165/361/799 1167/292/801
f 1168/394/757 1169/395/802 1170/334/617
f 1169/395/802 1168/394/757 1171/393/755
f 1172/309/803 1173/382/448 1174/274/804
f 1173/382/448 1172/309/803 1175/398/450
f 1176/361/799 1177/395/805 1178/292/801
f 1178/292/801 1177/395/805 1179/239/806
f 1180/402/807 1181/235/808 1182/234/809
f 1180/402/807 1182/234/809 1183/403/810
f 1184/387/739 1185/401/811 1186/383/812
f 1185/401/811 1184/387/739 1187/381/557
f 1187/381/557 1188/370/813 1189/401/814
f 1189/401/814 1188/370/813 1190/372/700
f 1191/336/697 1192/284/599 1193/368/696
f 1194/364/815 1193/368/696 1195/284/601
f 1196/285/816 1194/364/815 1195/284/601
f 1197/211/817 1198/212/818 1199/297/819
f 1197/211/817 1199/297/819 1200/404/820
f 1200/404/821 1201/405/822 1202/406/823
f 1203/297/824 1201/405/822 1200/404/821
f 1204/376/744 1205/343/825 1206/342/633
f 1205/343/825 1204/376/744 1207/271/826
f 1208/347/645 1207/271/827 1209/270/828
f 1208/347/645 1210/343/829 1207/271/827
f 1211/345/745 1212/383/812 1213/388/743
f 1212/383/812 1214/401/830 1213/388/743
f 1215/403/831 1216/234/832 1217/348/833
f 1215/403/831 1217/348/833 1218/400/717
f 1219/395/834 1220/393/835 1221/239/836
f 1221/239/836 1220/393/835 1222/237/837
f 1223/393/838 1224/391/839 1225/237/837
f 1225/237/837 1224/391/839 1226/407/840
f 1227/237/841 1228/407/842 1229/240/843
f 1229/240/843 1228/407/842 1230/353/844
f 1231/391/839 1232/392/845 1233/407/842
f 1233/407/842 1232/392/845 1234/408/846
f 1233/407/842 1235/408/846 1236/353/847
f 1236/353/847 1235/408/846 1237/352/655
f 1238/402/848 1239/403/849 1240/213/850
f 1240/213/850 1239/403/849 1241/216/408
f 1242/297/549 1243/296/650 1244/351/653
f 1242/297/549 1244/351/653 1245/405/851
f 1246/400/795 1247/363/852 1248/245/450
f 1248/245/450 1247/363/852 1249/288/526
f 1250/403/853 1251/400/796 1252/216/408
f 1252/216/408 1251/400/796 1253/245/450
f 1254/409/854 1255/410/855 1256/411/856
f 1257/412/857 1256/411/856 1255/410/855
f 1258/413/858 1259/414/859 1260/409/860
f 1261/410/861 1260/409/860 1259/414/859
f 1262/413/858 1263/415/862 1264/414/863
f 1263/415/862 1262/413/858 1265/416/864
f 1266/417/865 1267/418/866 1268/419/867
f 1269/420/868 1270/421/869 1271/422/870
f 1269/420/868 1271/422/870 1272/423/871
f 1270/421/872 1273/412/873 1274/422/874
f 1275/410/875 1274/422/874 1273/412/873
f 1276/417/866 1277/419/876 1278/424/877
f 1279/425/878 1278/424/879 1280/426/880
f 1278/424/879 1279/425/878 1281/415/881
f 1282/427/882 1283/420/868 1284/423/883
f 1282/427/882 1284/423/883 1285/428/884
f 1286/415/881 1287/425/885 1288/414/886
f 1289/429/887 1288/414/886 1287/425/885
f 1290/417/866 1286/415/881 1291/416/864
f 1286/415/881 1290/417/866 1292/424/877
f 1293/426/888 1294/424/879 1295/419/889
f 1296/414/890 1297/429/887 1298/410/891
f 1299/422/892 1298/410/891 1297/429/887
f 1300/423/893 1299/422/894 1301/429/887
f 1300/423/893 1301/429/887 1302/430/895
f 1303/428/896 1304/423/897 1305/430/898
f 1303/428/896 1305/430/898 1306/431/899
f 1307/432/888 1308/433/900 1309/434/900
f 1307/432/888 1310/426/888 1311/419/889
f 1312/435/901 1313/434/902 1314/436/901
f 1315/430/903 1316/429/887 1317/425/904
f 1315/430/903 1317/425/904 1318/437/905
f 1319/436/906 1320/434/902 1321/433/902
f 1322/432/888 1323/434/900 1324/426/888
f 1325/437/905 1326/426/888 1323/434/900
f 1325/437/905 1327/425/904 1326/426/888
f 1328/431/907 1329/430/908 1330/437/909
f 1328/431/907 1330/437/909 1331/438/910
f 1331/438/910 1332/437/909 1333/434/902
f 1334/435/906 1335/438/911 1336/434/902
f 1338/439/912 1337/440/913 1339/441/914
f 1340/442/915 1337/440/913 1338/439/912
f 1343/443/916 1341/444/917 1342/445/918
f 1343/443/916 1344/446/919 1341/444/917
f 1345/447/920 1343/443/921 1346/448/922
f 1345/447/920 1346/448/922 1347/449/923
f 1344/446/919 1343/443/916 1348/450/924
f 1348/450/924 1343/443/916 1349/447/925
f 1350/451/926 1349/447/925 1347/449/927
f 1351/452/928 1352/453/929 1353/454/930
f 1352/453/929 1351/452/928 1354/455/931
f 1356/444/932 1357/441/914 1355/440/913
f 1357/441/914 1356/444/932 1358/456/933
f 1359/457/934 1360/458/935 1361/459/936
f 1361/459/936 1362/460/937 1359/457/934
f 1363/461/938 1364/462/939 1361/459/940
f 1361/459/940 1365/458/941 1363/461/938
f 1366/448/942 1367/461/938 1365/458/941
f 1366/448/942 1368/445/918 1367/461/938
f 1369/449/943 1366/448/922 1370/458/944
f 1370/458/944 1371/457/934 1369/449/943
f 1372/452/945 1373/463/946 1374/455/947
f 1375/464/948 1374/455/947 1373/463/946
f 1376/443/949 1377/445/918 1378/448/950
f 1379/462/939 1380/454/951 1381/453/952
f 1379/462/939 1381/453/952 1382/459/940
f 1383/463/953 1384/465/954 1385/464/948
f 1386/466/955 1385/464/948 1384/465/954
f 1387/465/956 1388/467/957 1386/466/958
f 1388/467/957 1387/465/956 1389/468/959
f 1390/468/959 1391/469/960 1392/467/961
f 1390/468/959 1393/470/962 1391/469/960
f 1394/471/963 1395/472/964 1396/473/965
f 1394/471/963 1396/473/965 1397/474/966
f 1398/475/967 1399/473/968 1400/472/969
f 1400/472/969 1401/476/970 1398/475/967
f 1402/470/971 1403/477/972 1404/478/973
f 1402/470/971 1404/478/973 1405/469/974
f 1406/466/975 1407/467/976 1408/479/977
f 1408/479/977 1409/480/978 1406/466/975
f 1409/480/978 1410/481/979 1411/466/980
f 1412/464/981 1411/466/980 1410/481/979
f 1413/482/982 1414/475/983 1415/476/984
f 1415/476/984 1416/483/985 1413/482/982
f 1417/484/986 1418/485/987 1419/486/988
f 1419/486/988 1418/485/987 1420/487/989
f 1421/488/990 1422/489/991 1423/490/992
f 1423/490/992 1422/489/991 1424/491/993
f 1425/492/994 1426/439/995 1427/493/996
f 1426/439/995 1428/441/997 1427/493/996
f 1429/471/998 1430/442/915 1426/439/999
f 1430/442/915 1429/471/998 1431/474/1000
f 1432/494/1001 1433/482/982 1434/483/985
f 1432/494/1001 1434/483/985 1435/495/1002
f 1436/496/1003 1437/494/1001 1435/495/1002
f 1438/497/1004 1437/494/1001 1436/496/1003
f 1439/489/991 1440/498/1005 1441/491/993
f 1441/491/993 1440/498/1005 1442/499/1006
f 1443/498/1007 1444/500/1001 1445/499/1008
f 1445/499/1008 1444/500/1001 1446/501/1009
f 1447/500/1001 1448/502/1001 1449/501/1009
f 1449/501/1009 1448/502/1001 1450/503/1010
f 1448/502/1001 1451/497/1004 1452/503/1010
f 1452/503/1010 1451/497/1004 1453/496/1003
f 1454/464/981 1455/481/979 1456/504/1011
f 1456/504/1011 1457/455/1012 1454/464/981
f 1458/505/1013 1459/488/1014 1460/506/1015
f 1460/506/1015 1459/488/1014 1461/490/1016
f 1462/455/1012 1463/507/1017 1464/453/1018
f 1462/455/1012 1465/504/1019 1463/507/1017
f 1466/508/1020 1467/487/989 1468/485/1021
f 1467/487/989 1466/508/1020 1469/509/1022
f 1470/467/1023 1471/510/1024 1472/479/977
f 1470/467/1023 1473/469/1025 1471/510/1024
f 1474/511/1026 1475/512/1027 1476/506/1028
f 1475/512/1027 1477/513/1029 1476/506/1028
f 1478/506/1030 1477/513/1031 1479/514/1032
f 1478/506/1030 1479/514/1032 1480/505/1033
f 1481/503/1034 1482/496/1035 1483/515/1036
f 1483/515/1036 1482/496/1035 1484/516/1037
f 1485/499/1038 1486/501/1039 1487/517/1040
f 1487/517/1040 1486/501/1039 1488/518/1041
f 1489/508/1042 1490/519/1043 1491/520/1044
f 1489/508/1042 1491/520/1044 1492/509/1045
f 1493/483/1046 1494/476/1047 1495/521/1048
f 1495/521/1048 1496/522/1049 1493/483/1046
f 1497/495/1050 1498/483/1046 1499/522/1049
f 1497/495/1050 1499/522/1049 1500/523/1051
f 1501/516/1037 1497/495/1050 1502/523/1051
f 1503/496/1052 1497/495/1050 1501/516/1037
f 1504/521/1053 1505/476/1047 1506/524/1054
f 1507/472/1055 1506/524/1054 1505/476/1047
f 1508/524/1054 1509/472/1055 1510/525/1056
f 1510/525/1056 1509/472/1055 1511/471/1057
f 1512/526/1058 1513/485/1059 1514/527/1060
f 1513/485/1059 1512/526/1058 1515/508/1061
f 1516/477/1062 1517/528/1063 1518/478/1064
f 1519/529/1065 1518/478/1064 1517/528/1063
f 1520/530/1066 1521/529/1065 1517/528/1067
f 1522/531/1068 1521/529/1065 1520/530/1066
f 1523/532/1069 1524/491/1070 1525/499/1038
f 1523/532/1069 1525/499/1038 1526/517/1071
f 1527/532/1072 1528/533/1073 1529/491/1070
f 1528/533/1073 1530/490/1074 1529/491/1070
f 1531/518/1075 1532/501/1076 1533/503/1034
f 1531/518/1075 1533/503/1034 1534/515/1077
f 1535/460/1078 1536/459/1079 1537/507/1080
f 1536/459/1079 1538/453/1081 1537/507/1080
f 1539/525/1056 1540/471/1057 1541/439/1082
f 1541/439/1082 1542/492/994 1539/525/1056
f 1543/469/1083 1544/478/1084 1545/534/1085
f 1545/534/1085 1546/510/1086 1543/469/1083
f 1547/519/1087 1548/508/1088 1549/535/1089
f 1550/526/1090 1549/535/1089 1548/508/1088
f 1551/535/1089 1552/536/1091 1547/519/1087
f 1551/535/1089 1553/537/1092 1552/536/1091
f 1554/538/1093 1555/520/1094 1556/519/1087
f 1556/519/1087 1557/536/1091 1554/538/1093
f 1558/539/1095 1559/518/1096 1560/516/1097
f 1560/516/1097 1559/518/1096 1561/515/1098
f 1562/510/1086 1563/540/1099 1564/479/1100
f 1563/540/1099 1565/480/1101 1564/479/1100
f 1566/540/1099 1567/481/1102 1565/480/1101
f 1567/481/1102 1566/540/1099 1568/504/1019
f 1569/522/1103 1570/539/1095 1571/523/1104
f 1570/539/1095 1572/516/1105 1571/523/1104
f 1573/539/1095 1574/532/1072 1575/518/1096
f 1575/518/1096 1574/532/1072 1576/517/1106
f 1577/535/1107 1578/526/1108 1579/541/1109
f 1580/542/1045 1579/541/1109 1578/526/1108
f 1581/527/1110 1582/542/1045 1578/526/1111
f 1582/542/1045 1581/527/1110 1583/543/1112
f 1584/490/1074 1585/533/1113 1586/511/1026
f 1586/511/1026 1587/506/1028 1584/490/1074
f 1588/532/1114 1589/511/1026 1585/533/1115
f 1590/539/1116 1589/511/1026 1588/532/1114
f 1591/544/1117 1592/545/1118 1593/546/1119
f 1592/545/1118 1591/544/1117 1594/547/1120
f 1350/451/926 1347/449/927 1595/548/1121
f 1596/548/1121 1347/449/927 1597/457/934
f 1596/548/1121 1597/457/934 1598/549/1122
f 1599/550/1123 1344/446/919 1348/450/924
f 1349/447/925 1600/551/1124 1348/450/924
f 1348/450/924 1600/551/1124 1599/550/1123
f 1600/551/1124 1349/447/925 1601/451/926
f 1602/552/1125 1599/550/1123 1600/551/1124
f 1601/451/926 1603/553/1126 1600/551/1124
f 1600/551/1124 1603/553/1126 1602/552/1125
f 1603/553/1126 1601/451/926 1604/537/1127
f 1605/554/1128 1602/552/1125 1603/553/1126
f 1602/552/1125 1605/554/1128 1606/555/1129
f 1607/556/1130 1606/555/1129 1605/554/1128
f 1608/553/1126 1609/557/1131 1605/554/1132
f 1609/557/1131 1608/553/1126 1610/541/1109
f 1604/537/1092 1595/548/1121 1611/536/1091
f 1604/537/1092 1612/451/926 1595/548/1121
f 1604/537/1092 1613/535/1133 1614/553/1126
f 1615/541/1109 1614/553/1126 1613/535/1133
f 1606/555/1134 1616/558/1056 1617/552/1125
f 1599/550/1135 1617/552/1125 1616/558/1056
f 1616/558/1056 1618/555/1129 1619/493/996
f 1620/559/1122 1619/493/996 1618/555/1129
f 1616/558/1056 1621/456/1136 1622/550/1123
f 1621/456/1136 1344/446/1137 1622/550/1123
f 1344/446/1137 1621/456/1136 1623/444/932
f 1624/441/997 1621/456/1138 1625/558/1056
f 1626/493/996 1624/441/997 1625/558/1056
f 1627/493/996 1628/559/1139 1629/492/994
f 1630/539/1116 1629/492/994 1628/559/1139
f 1631/549/1140 1632/538/1141 1633/536/1142
f 1633/536/1142 1634/548/1121 1631/549/1140
f 1635/560/1143 1636/557/1131 1637/541/1109
f 1635/560/1143 1637/541/1109 1638/542/1045
f 1635/560/1144 1639/542/1022 1640/561/1145
f 1640/561/1145 1639/542/1022 1641/543/1146
f 1642/549/1122 1643/457/1147 1644/460/1078
f 1642/549/1122 1644/460/1078 1645/540/1099
f 1646/562/1148 1647/539/1116 1648/563/1149
f 1648/563/1149 1649/564/1150 1646/562/1148
f 1650/492/994 1647/539/1151 1651/524/1152
f 1650/492/994 1651/524/1152 1652/525/1056
f 1653/565/1153 1654/534/1085 1655/529/1154
f 1655/529/1154 1654/534/1085 1656/478/1155
f 1657/510/1086 1654/534/1085 1658/565/1153
f 1659/540/1099 1657/510/1086 1658/565/1153
f 1660/512/1156 1661/566/1157 1662/513/1029
f 1661/566/1157 1660/512/1156 1663/562/1158
f 1660/512/1156 1664/511/1026 1665/562/1158
f 1666/539/1116 1665/562/1158 1664/511/1026
f 1667/524/1152 1666/539/1116 1668/522/1103
f 1667/524/1152 1668/522/1103 1669/521/1159
f 1670/567/1160 1671/513/1161 1661/566/1162
f 1671/513/1161 1670/567/1160 1672/514/1032
f 1673/566/1163 1674/546/1164 1670/567/1165
f 1674/546/1164 1673/566/1163 1675/544/1166
f 1676/566/1157 1677/564/1150 1675/544/1167
f 1678/562/1158 1677/564/1150 1676/566/1157
f 1679/555/1129 1680/556/1130 1681/559/1140
f 1682/568/1168 1681/559/1140 1680/556/1130
f 1683/569/1169 1684/560/1170 1685/570/1171
f 1685/570/1171 1684/560/1170 1686/561/1172
f 1687/539/1116 1688/559/1173 1689/568/1174
f 1687/539/1116 1689/568/1174 1690/563/1175
f 1691/571/1176 1692/529/1154 1693/531/1177
f 1692/529/1154 1691/571/1176 1694/565/1153
f 1695/544/1178 1696/564/1179 1697/572/1180
f 1695/544/1178 1697/572/1180 1698/547/1181
f 1699/556/1130 1700/573/1182 1701/568/1168
f 1702/574/1183 1701/568/1168 1700/573/1182
f 1703/549/1140 1704/540/1099 1705/538/1184
f 1704/540/1099 1706/575/1185 1705/538/1184
f 1707/504/1019 1704/540/1099 1708/460/937
f 1707/504/1019 1708/460/937 1709/507/1186
f 1710/554/1187 1711/557/1188 1712/556/1189
f 1713/573/1190 1712/556/1189 1711/557/1188
f 1713/573/1182 1714/569/1191 1715/574/1183
f 1716/576/1192 1715/574/1183 1714/569/1191
f 1717/569/1193 1718/573/1190 1719/557/1188
f 1717/569/1193 1719/557/1188 1720/560/1194
f 1722/577/571 1723/570/1195 1721/578/1196
f 1724/579/1197 1723/570/1195 1722/577/571
f 1725/580/1198 1726/563/1149 1727/574/1199
f 1726/563/1149 1728/568/1174 1727/574/1199
f 1729/564/1200 1730/563/1149 1731/580/1198
f 1731/580/1198 1732/572/1180 1729/564/1200
f 1733/575/1185 1734/565/1153 1735/571/1176
f 1736/540/1099 1734/565/1153 1733/575/1185
f 1739/578/1196 1740/561/1201 1737/581/1202
f 1741/570/1203 1740/561/1201 1739/578/1196
f 1742/581/1204 1743/543/1205 1738/582/1206
f 1744/561/1207 1743/543/1205 1742/581/1204
f 1745/543/1208 1746/583/1209 1738/582/1210
f 1746/583/1209 1745/543/1208 1747/527/1211
f 1749/527/1212 1750/484/1213 1748/583/1214
f 1750/484/1213 1749/527/1212 1751/485/1215
f 1752/545/1216 1753/547/1217 1754/577/614
f 1754/577/614 1753/547/1217 1755/579/1218
f 1756/569/1191 1757/579/1219 1758/576/1192
f 1757/579/1219 1756/569/1191 1759/570/1220
f 1760/574/1221 1761/576/1192 1762/580/1222
f 1763/572/1223 1762/580/1222 1761/576/1192
f 1764/547/1224 1765/572/1223 1766/579/1219
f 1766/579/1219 1765/572/1223 1767/576/1192
f 1768/584/1225 1769/531/1226 1770/585/1227
f 1770/585/1227 1769/531/1226 1771/530/1228
f 1772/575/1185 1773/586/1229 1774/520/1230
f 1774/520/1230 1775/538/1231 1772/575/1185
f 1776/587/1232 1777/531/1233 1778/584/1234
f 1777/531/1233 1776/587/1232 1779/571/1235
f 1780/575/1185 1781/571/1236 1782/586/1229
f 1783/587/1232 1782/586/1229 1781/571/1236
f 1784/588/371 1785/589/1237 1786/590/1238
f 1785/589/1237 1784/588/371 1787/591/1239
f 1788/509/1045 1789/520/1240 1790/586/1241
f 1790/586/1241 1791/587/1242 1788/509/1045
f 1792/487/1243 1793/584/1244 1794/486/1245
f 1794/486/1245 1793/584/1244 1795/585/1246
f 1796/487/1243 1797/509/1247 1798/587/1248
f 1796/487/1243 1798/587/1248 1799/584/1249
usemtl Meshpart2Mtl
f 1800/592/1250 1801/593/1250 1802/594/1251
f 1802/594/1251 1801/593/1250 1803/595/1251
f 1804/596/1252 1802/594/1251 1803/595/1251
f 1804/596/1252 1803/595/1251 1805/597/1252
f 1804/596/1252 1805/597/1252 1806/598/1253
f 1806/598/1253 1805/597/1252 1807/599/1253
f 1808/600/1254 1809/601/1255 1810/602/1255
f 1808/600/1254 1810/602/1255 1811/603/1254
f 1812/593/1256 1814/594/1257 1813/592/1256
f 1815/595/1258 1814/594/1257 1812/593/1256
f 1815/595/1258 1816/596/1259 1814/594/1257
f 1815/595/1258 1817/597/1259 1816/596/1259
f 1817/597/1259 1818/598/1260 1816/596/1259
f 1819/599/1260 1818/598/1260 1817/597/1259
f 1821/600/1261 1823/602/1262 1820/603/1261
f 1821/600/1261 1822/601/1263 1823/602/1262
f 1824/604/1264 1825/605/1265 1826/606/1265
f 1825/605/1265 1824/604/1264 1827/607/1264
f 1828/608/1264 1824/604/1264 1826/606/1265
f 1829/609/1264 1825/605/1265 1827/607/1264
f 1828/608/1264 1826/606/1265 1830/610/1265
f 1825/605/1265 1829/609/1264 1831/611/1266
f 1832/612/1266 1828/608/1264 1830/610/1265
f 1829/609/1264 1833/613/1265 1831/611/1266
f 1832/612/1266 1830/610/1265 1834/614/1266
f 1829/609/1264 1835/615/1264 1833/613/1265
f 1836/616/1266 1832/612/1266 1834/614/1266
f 1835/615/1264 1837/617/1265 1833/613/1265
f 1832/612/1266 1836/616/1266 1838/618/1264
f 1837/617/1265 1835/615/1264 1839/619/1264
f 1839/619/1264 1838/618/1264 1836/616/1266
f 1839/619/1264 1836/616/1266 1837/617/1265
f 1840/613/1267 1841/617/1268 1842/620/1264
f 1841/617/1268 1843/616/1269 1842/620/1264
f 1844/611/1270 1840/613/1267 1842/620/1264
f 1843/616/1269 1845/614/1271 1842/620/1264
f 1846/605/1272 1844/611/1270 1842/620/1264
f 1845/614/1271 1847/610/1273 1842/620/1264
f 1848/606/1274 1846/605/1272 1842/620/1264
f 1847/610/1273 1848/606/1274 1842/620/1264
usemtl Meshpart3Mtl
f 1849/621/1275 1850/622/1276 1851/623/1277
f 1850/622/1276 1849/621/1275 1852/624/1278
f 1853/625/1279 1850/622/1276 1852/624/1278
f 1853/625/1279 1852/624/1278 1854/626/1280
f 1855/627/1281 1850/622/1276 1853/625/1279
f 1856/628/1282 1853/625/1279 1854/626/1280
f 1857/629/1283 1853/625/1279 1856/628/1282
f 1857/629/1283 1855/627/1281 1853/625/1279
f 1855/627/1281 1857/629/1283 1858/630/1284
f 1858/630/1284 1859/631/1285 1860/632/1286
f 1860/632/1286 1855/627/1281 1858/630/1284
f 1861/633/1287 1855/627/1281 1860/632/1286
f 1855/627/1281 1861/633/1287 1862/634/1288
f 1855/627/1281 1862/634/1288 1850/622/1276
f 1862/634/1288 1851/623/1277 1850/622/1276
f 1861/633/1287 1863/635/1289 1862/634/1288
f 1851/623/1277 1862/634/1288 1863/635/1289
f 1863/635/1289 1861/633/1287 1864/636/1250
f 1866/637/1290 1867/638/1291 1865/639/1292
f 1867/638/1291 1866/637/1290 1868/640/1293
f 1870/641/1294 1867/638/1291 1868/640/1293
f 1867/638/1291 1870/641/1294 1872/642/1295
f 1871/643/1296 1872/642/1295 1869/644/1297
f 1870/641/1294 1869/644/1297 1872/642/1295
f 1875/645/1298 1874/646/1299 1873/647/1300
f 1878/648/1301 1877/649/1302 1876/650/1303
f 1881/651/1304 1880/652/1305 1879/653/1306
f 1881/651/1304 1879/653/1306 1882/654/1307
f 1879/653/1306 1883/655/1308 1882/654/1307
f 1886/656/1304 1885/657/1309 1884/658/1306
f 1886/656/1304 1884/658/1306 1887/659/1307
f 1884/658/1306 1888/660/1310 1887/659/1307
f 1889/645/1311 1890/661/1312 1891/646/1313
f 1892/662/1314 1891/646/1313 1890/661/1312
f 1892/662/1314 1890/661/1312 1893/663/1315
f 1890/661/1312 1894/664/1316 1893/663/1315
f 1889/645/1311 1894/664/1316 1890/661/1312
f 1894/664/1316 1889/645/1311 1895/665/1317
f 1896/648/1311 1897/666/1312 1898/649/1318
f 1899/667/1314 1898/649/1318 1897/666/1312
f 1899/667/1314 1897/666/1312 1900/668/1315
f 1897/666/1312 1901/669/1316 1900/668/1315
f 1896/648/1311 1901/669/1316 1897/666/1312
f 1901/669/1316 1896/648/1311 1902/670/1317
f 1903/651/1319 1905/654/1320 1904/671/1321
f 1906/656/1319 1908/659/1320 1907/672/1321
f 1910/673/1322 1912/674/1323 1911/675/1324
f 1912/674/1323 1910/673/1322 1913/676/1325
f 1914/677/1326 1912/674/1323 1913/676/1325
f 1912/674/1323 1914/677/1326 1915/678/1327
f 1914/677/1326 1916/679/1328 1915/678/1327
f 1909/680/1329 1915/678/1327 1916/679/1328
f 1919/668/1330 1918/669/1331 1917/681/1332
f 1922/659/1333 1921/660/1334 1920/682/1335
f 1923/680/1336 1924/639/1336 1925/638/1286
f 1925/638/1286 1926/678/1252 1923/680/1336
f 1927/642/1287 1926/678/1252 1925/638/1286
f 1926/678/1252 1927/642/1287 1928/674/1337
f 1927/642/1287 1929/675/1250 1928/674/1337
f 1929/675/1250 1927/642/1287 1930/643/1250
f 1933/663/1338 1932/664/1331 1931/683/1332
f 1936/654/1339 1935/655/1340 1934/684/1335
f 1938/685/1341 1939/686/1342 1937/687/1343
f 1940/688/1344 1942/689/1345 1938/685/1341
f 1938/685/1341 1942/689/1345 1939/686/1342
f 1940/688/1344 1943/690/1346 1942/689/1345
f 1941/691/1254 1943/690/1346 1940/688/1344
f 1944/692/1347 1943/690/1346 1941/691/1254
f 1946/693/1348 1947/694/1349 1945/695/1350
f 1946/693/1348 1948/696/1351 1947/694/1349
f 1951/697/1352 1950/698/1353 1949/699/1354
f 1954/700/1355 1952/701/1356 1953/702/1357
f 1954/700/1355 1953/702/1357 1955/703/1358
f 1958/704/1359 1957/705/1360 1956/706/1361
f 1961/707/1355 1959/708/1356 1960/709/1357
f 1961/707/1355 1960/709/1357 1962/710/1362
f 1963/697/1363 1964/711/1364 1965/698/1365
f 1963/697/1363 1966/712/1366 1964/711/1364
f 1966/712/1366 1963/697/1363 1967/713/1367
f 1968/704/1363 1969/714/1368 1970/705/1365
f 1968/704/1363 1971/715/1366 1969/714/1368
f 1971/715/1366 1968/704/1363 1972/716/1367
f 1973/717/1369 1974/718/1370 1975/719/1371
f 1976/720/1372 1974/718/1370 1973/717/1369
f 1976/720/1372 1977/721/1373 1974/718/1370
f 1978/716/1374 1980/722/1375 1979/723/1376
f 1981/724/1377 1982/725/1378 1983/726/1379
f 1983/726/1379 1982/725/1378 1984/727/1380
f 1985/697/1381 1986/728/1382 1987/713/1383
f 1990/729/1384 1989/730/1385 1988/731/1386
f 1989/730/1385 1990/729/1384 1991/732/1387
f 1993/696/1254 1994/730/1388 1992/732/1254
f 1993/696/1254 1995/693/1389 1994/730/1388
f 1998/733/1390 1997/734/1278 1996/735/1391
f 1998/733/1390 1996/735/1391 1999/736/1392
f 1998/733/1390 2000/737/1393 1997/734/1278
f 2001/738/1394 2000/737/1393 1998/733/1390
f 2000/737/1393 2001/738/1394 2002/739/1395
f 2002/739/1395 2001/738/1394 2003/740/1396
f 2004/741/1397 2005/742/1398 2006/743/1399
f 2005/742/1398 2007/744/1399 2006/743/1399
f 2004/741/1397 2006/743/1399 2008/745/1399
f 2007/744/1399 2005/742/1398 2009/746/1400
f 2010/747/1399 2004/741/1397 2008/745/1399
f 2009/746/1400 2011/748/1399 2007/744/1399
f 2004/741/1397 2010/747/1399 2012/749/1386
f 2010/747/1399 2013/750/1401 2012/749/1386
f 2013/750/1401 2010/747/1399 2014/751/1399
f 2015/752/1325 2013/750/1401 2014/751/1399
f 2015/752/1325 2014/751/1399 2016/753/1399
f 2017/754/1326 2015/752/1325 2016/753/1399
f 2017/754/1326 2016/753/1399 2018/755/1402
f 2011/748/1399 2017/754/1326 2018/755/1402
f 2017/754/1326 2011/748/1399 2019/756/1328
f 2009/746/1400 2019/756/1328 2011/748/1399
f 2020/757/1332 2021/758/1403 2022/759/1404
f 2022/759/1404 2021/758/1403 2023/760/1405
f 2022/759/1404 2023/760/1405 2024/761/1406
f 2022/759/1404 2024/761/1406 2026/762/1407
f 2026/762/1407 2020/757/1332 2022/759/1404
f 2020/757/1332 2027/763/1408 2025/764/1330
f 2020/757/1332 2026/762/1407 2028/765/1409
f 2028/765/1409 2027/763/1408 2020/757/1332
f 2027/763/1408 2028/765/1409 2029/766/1410
f 2030/767/1411 2031/768/1412 2032/769/1413
f 2032/769/1413 2031/768/1412 2033/770/1414
f 2032/769/1413 2033/770/1414 2034/771/1415
f 2032/769/1413 2034/771/1415 2036/772/1416
f 2036/772/1416 2030/767/1411 2032/769/1413
f 2030/767/1411 2037/773/1417 2035/774/1333
f 2030/767/1411 2036/772/1416 2038/775/1418
f 2037/773/1417 2030/767/1411 2038/775/1418
f 2037/773/1417 2038/775/1418 2039/776/1419
f 2040/762/1420 2042/761/1421 2041/777/1422
f 2043/772/1423 2045/771/1424 2044/778/1425
f 2046/779/1420 2048/780/1421 2047/781/1422
f 2049/782/1332 2050/783/1403 2051/784/1404
f 2051/784/1404 2050/783/1403 2052/785/1426
f 2051/784/1404 2052/785/1426 2053/780/1427
f 2051/784/1404 2053/780/1427 2055/779/1407
f 2055/779/1407 2049/782/1332 2051/784/1404
f 2049/782/1332 2056/786/1408 2054/787/1330
f 2049/782/1332 2055/779/1407 2057/788/1409
f 2057/788/1409 2056/786/1408 2049/782/1332
f 2056/786/1408 2057/788/1409 2058/789/1410
f 2059/767/1428 2060/790/1429 2061/791/1413
f 2061/791/1413 2060/790/1429 2062/792/1430
f 2061/791/1413 2062/792/1430 2063/771/1431
f 2061/791/1413 2063/771/1431 2065/793/1432
f 2065/793/1432 2059/767/1428 2061/791/1413
f 2059/767/1428 2066/794/1417 2064/795/1433
f 2059/767/1428 2065/793/1432 2067/775/1418
f 2066/794/1417 2059/767/1428 2067/775/1418
f 2066/794/1417 2067/775/1418 2068/796/1434
f 2069/793/1423 2071/771/1435 2070/797/1425
f 2074/798/1436 2072/799/1390 2073/800/1342
f 2074/798/1436 2075/801/1437 2072/799/1390
f 2078/802/1438 2076/803/1439 2075/801/1437
f 2076/803/1439 2078/802/1438 2077/804/1440
f 2074/798/1436 2078/802/1438 2075/801/1437
f 2079/805/1441 2078/802/1438 2074/798/1436
f 2080/806/1442 2077/804/1440 2078/802/1438
f 2079/805/1441 2080/806/1442 2078/802/1438
f 2077/804/1440 2080/806/1442 2081/807/1443
f 2082/808/1259 2081/807/1443 2080/806/1442
f 2079/805/1441 2082/808/1259 2080/806/1442
f 2081/807/1443 2082/808/1259 2083/809/1260
f 2082/808/1259 2079/805/1441 2084/810/1444
f 2085/811/1445 2074/798/1436 2073/800/1342
f 2079/805/1441 2074/798/1436 2085/811/1445
f 2086/812/1446 2079/805/1441 2085/811/1445
f 2084/810/1444 2079/805/1441 2086/812/1446
f 2086/812/1446 2087/813/1447 2084/810/1444
f 2088/814/1448 2089/815/1449 2090/816/1450
f 2089/815/1449 2088/814/1448 2091/817/1451
f 2092/818/1452 2090/816/1450 2089/815/1449
f 2090/816/1450 2092/818/1452 2093/819/1453
f 2092/818/1452 2094/820/1454 2093/819/1453
f 2094/820/1454 2092/818/1452 2095/821/1455
f 2098/822/1456 2096/823/1457 2097/824/1458
f 2098/822/1456 2097/824/1458 2099/825/1459
f 2102/826/1456 2100/827/1457 2101/828/1458
f 2102/826/1456 2101/828/1458 2103/829/1459
f 2104/830/1374 2105/831/1460 2106/832/1461
f 2107/833/1462 2104/830/1463 2108/834/1462
f 2110/835/1383 2109/836/1464 2111/837/1465
f 2112/838/1466 2115/839/1467 2113/840/1468
f 2115/839/1467 2114/841/1469 2113/840/1468
f 2114/841/1469 2115/839/1467 2116/842/1470
f 2115/839/1467 2112/838/1466 2117/843/1471
f 2112/838/1466 2118/844/1386 2117/843/1471
f 2119/845/1472 2117/843/1471 2118/844/1386
f 2120/846/1473 2121/847/1474 2122/848/1475
f 2120/846/1473 2123/849/1476 2121/847/1474
f 2120/846/1473 2124/850/1477 2123/849/1476
f 2125/851/1478 2121/847/1474 2123/849/1476
f 2121/847/1474 2125/851/1478 2126/852/1479
f 2127/853/1473 2128/854/1480 2129/855/1481
f 2127/853/1473 2130/856/1476 2128/854/1480
f 2127/853/1473 2131/857/1477 2130/856/1476
f 2132/858/1478 2128/854/1480 2130/856/1476
f 2128/854/1480 2132/858/1478 2133/859/1479
f 2134/860/1482 2136/822/1483 2135/861/1484
f 2134/860/1482 2137/823/1485 2136/822/1483
f 2138/825/1486 2135/861/1484 2136/822/1483
f 2135/861/1484 2138/825/1486 2139/862/1487
f 2140/863/1482 2142/826/1483 2141/864/1484
f 2140/863/1482 2143/827/1485 2142/826/1483
f 2144/829/1486 2141/864/1484 2142/826/1483
f 2141/864/1484 2144/829/1486 2145/865/1486
f 2147/842/1260 2148/815/703 2146/817/1260
f 2148/815/703 2147/842/1260 2149/839/1488
f 2150/843/1257 2148/815/703 2149/839/1488
f 2148/815/703 2150/843/1257 2151/818/1489
f 2151/818/1489 2150/843/1257 2152/845/1490
f 2152/845/1490 2153/821/1491 2151/818/1489
f 2157/866/1492 2155/867/1493 2154/868/1395
f 2157/866/1492 2154/868/1395 2156/869/1494
f 2158/870/1495 2155/867/1493 2157/866/1492
f 2158/870/1495 2160/871/1496 2155/867/1493
f 2159/872/1261 2160/871/1496 2158/870/1495
f 2161/873/1497 2160/871/1496 2159/872/1261
f 2164/874/1498 2163/875/1499 2162/876/1500
f 2164/874/1498 2162/876/1500 2165/877/1501
f 2168/878/1502 2167/879/1503 2166/880/1504
f 2172/881/1505 2171/882/1506 2170/883/1507
f 2169/884/1508 2174/885/1509 2173/886/1510
f 2175/887/1511 2176/888/1511 2177/889/1511
f 2178/890/1511 2179/891/1511 2180/892/1511
f 2181/893/1512 2182/894/1513 2183/895/1514
f 2184/896/1515 2185/897/1516 2182/894/1513
f 2186/898/1517 2187/899/1518 2188/900/1509
f 2186/898/1517 2189/901/1519 2187/899/1518
f 2189/901/1519 2190/902/1520 2187/899/1518
f 2191/903/1512 2192/904/1521 2193/905/1514
f 2194/906/1515 2195/907/1522 2192/904/1513
f 2196/884/1523 2197/908/1524 2198/885/1525
f 2197/908/1524 2199/909/1526 2198/885/1525
f 2202/910/1527 2200/911/1528 2201/912/1529
f 2200/911/1528 2202/910/1527 2203/913/1530
f 2204/914/1482 2205/887/1531 2206/889/1532
f 2207/915/1482 2208/890/1531 2209/892/1533
f 2210/881/1534 2211/916/1535 2212/882/1536
f 2213/890/1537 2214/917/1538 2215/891/1539
f 2218/875/1261 2217/874/1540 2216/910/1497
f 2218/875/1261 2216/910/1497 2219/912/1261
f 2220/878/1534 2221/918/1541 2222/879/1536
f 2223/887/1537 2224/919/1542 2225/888/1543
f 2226/920/1544 2227/921/1545 2228/922/1546
f 2226/920/1544 2230/923/1547 2229/924/1352
f 2230/923/1547 2226/920/1544 2231/925/1548
f 2231/925/1548 2232/926/1549 2230/923/1547
f 2226/920/1544 2233/927/1550 2231/925/1548
f 2233/927/1550 2226/920/1544 2228/922/1546
f 2233/927/1550 2228/922/1546 2234/928/1551
f 2228/922/1546 2235/929/1552 2234/928/1551
f 2236/930/1553 2237/931/1554 2238/932/1555
f 2236/930/1553 2240/933/1556 2239/934/1557
f 2241/935/1558 2240/933/1556 2236/930/1553
f 2240/933/1556 2241/935/1558 2242/936/1559
f 2236/930/1553 2243/937/1560 2241/935/1558
f 2243/937/1560 2236/930/1553 2238/932/1555
f 2243/937/1560 2238/932/1555 2244/938/1561
f 2238/932/1555 2245/939/1562 2244/938/1561
f 2244/938/1561 2245/939/1562 2246/940/1357
f 2247/941/1361 2248/942/1545 2249/922/1546
f 2247/941/1361 2251/943/1563 2250/944/1564
f 2251/943/1563 2247/941/1361 2252/945/1565
f 2252/945/1565 2253/946/1566 2251/943/1563
f 2247/941/1361 2254/947/1550 2252/945/1565
f 2254/947/1550 2247/941/1361 2249/922/1546
f 2254/947/1550 2249/922/1546 2255/948/1567
f 2249/922/1546 2256/929/1552 2255/948/1567
f 2257/949/1568 2258/950/1554 2259/951/1569
f 2257/949/1568 2261/952/1570 2260/953/1571
f 2261/952/1570 2257/949/1568 2262/954/1572
f 2261/952/1570 2262/954/1572 2263/955/1573
f 2257/949/1568 2264/956/1574 2262/954/1572
f 2264/956/1574 2257/949/1568 2259/951/1569
f 2264/956/1574 2259/951/1569 2265/957/1575
f 2259/951/1569 2266/958/1576 2265/957/1575
f 2265/957/1575 2266/958/1576 2267/959/1357
f 2268/928/1577 2269/929/1578 2270/960/1579
f 2271/948/1580 2272/929/1581 2273/961/1582
usemtl Meshpart4Mtl
f 2276/962/1583 2275/963/1584 2274/964/1585
f 2275/963/1584 2276/962/1583 2277/965/1586
f 2276/962/1583 2278/966/1587 2277/965/1586
f 2278/966/1587 2276/962/1583 2279/967/1588
f 2280/968/1589 2281/969/1590 2282/970/1590
f 2282/970/1590 2281/969/1590 2283/971/1589
f 2280/968/1589 2284/972/1589 2281/969/1590
f 2285/973/1590 2284/972/1589 2280/968/1589
f 2283/971/1589 2286/974/1590 2282/970/1590
f 2285/973/1590 2287/975/1590 2284/972/1589
f 2288/976/1590 2286/974/1590 2283/971/1589
f 2287/975/1590 2285/973/1590 2289/977/1590
f 2286/974/1590 2288/976/1590 2290/978/1589
f 2290/978/1589 2288/976/1590 2291/964/1590
f 2292/979/1589 2286/974/1590 2290/978/1589
f 2293/980/1590 2291/964/1590 2288/976/1590
f 2286/974/1590 2292/979/1589 2294/981/1590
f 2295/982/1589 2291/964/1590 2293/980/1590
f 2292/979/1589 2296/983/1589 2294/981/1590
f 2291/964/1590 2295/982/1589 2297/962/1590
f 2296/983/1589 2292/979/1589 2298/984/1590
f 2299/985/1589 2297/962/1590 2295/982/1589
f 2298/984/1590 2300/986/1589 2296/983/1589
f 2297/962/1590 2299/985/1589 2301/987/1590
f 2301/987/1590 2299/985/1589 2302/988/1589
f 2297/962/1590 2301/987/1590 2303/989/1590
f 2302/988/1589 2299/985/1589 2304/990/1589
f 2305/967/1590 2297/962/1590 2303/989/1590
f 2305/967/1590 2303/989/1590 2306/991/1589
f 2304/990/1589 2307/992/1590 2302/988/1589
f 2308/993/1589 2305/967/1590 2306/991/1589
f 2287/975/1590 2307/992/1590 2304/990/1589
f 2305/967/1590 2308/993/1589 2309/994/1589
f 2287/975/1590 2310/995/1590 2307/992/1590
f 2310/995/1590 2287/975/1590 2289/977/1590
f 2311/996/1590 2307/992/1590 2310/995/1590
f 2310/995/1590 2289/977/1590 2312/997/1590
f 2307/992/1590 2311/996/1590 2313/998/1589
f 2312/997/1590 2289/977/1590 2314/999/1590
f 2313/998/1589 2311/996/1590 2315/1000/1589
f 2314/999/1590 2316/1001/1589 2312/997/1590
f 2313/998/1589 2315/1000/1589 2317/1002/1590
f 2315/1000/1589 2308/993/1589 2317/1002/1590
f 2300/986/1589 2316/1001/1589 2314/999/1590
f 2318/1003/1590 2308/993/1589 2315/1000/1589
f 2308/993/1589 2318/1003/1590 2309/994/1589
f 2298/984/1590 2316/1001/1589 2300/986/1589
f 2309/994/1589 2318/1003/1590 2319/1004/1590
f 2316/1001/1589 2298/984/1590 2320/1005/1589
f 2319/1004/1590 2320/1005/1589 2298/984/1590
f 2321/1006/1589 2319/1004/1590 2318/1003/1590
f 2320/1005/1589 2319/1004/1590 2321/1006/1589
f 2322/1007/1591 2323/1008/49 2324/1009/49
f 2322/1007/1591 2325/1010/49 2323/1008/49
f 2323/1008/49 2325/1010/49 2326/1011/49
f 2327/1012/49 2322/1007/1591 2324/1009/49
f 2327/1012/49 2324/1009/49 2328/1013/49
f 2329/1014/49 2327/1012/49 2328/1013/49
f 2326/1011/49 2325/1010/49 2330/1015/1591
f 2325/1010/49 2322/1007/1591 2331/1016/49
f 2332/1017/49 2331/1016/49 2322/1007/1591
f 2331/1016/49 2332/1017/49 2333/1018/49
f 2332/1017/49 2334/1019/49 2333/1018/49
f 2327/1012/49 2329/1014/49 2335/1020/49
f 2334/1019/49 2332/1017/49 2336/1021/49
f 2337/1022/49 2335/1020/49 2329/1014/49
f 2336/1021/49 2338/1023/49 2334/1019/49
f 2335/1020/49 2337/1022/49 2339/1024/1591
f 2340/1025/1591 2335/1020/49 2339/1024/1591
f 2337/1022/49 2341/1026/49 2339/1024/1591
f 2335/1020/49 2340/1025/1591 2342/1027/49
f 2341/1026/49 2337/1022/49 2343/1028/49
f 2344/1029/1591 2342/1027/49 2340/1025/1591
f 2345/1030/49 2342/1027/49 2344/1029/1591
f 2346/1031/49 2341/1026/49 2343/1028/49
f 2342/1027/49 2345/1030/49 2347/1032/1591
f 2341/1026/49 2346/1031/49 2348/1033/49
f 2349/1034/49 2347/1032/1591 2345/1030/49
f 2330/1015/1591 2346/1031/49 2326/1011/49
f 2346/1031/49 2330/1015/1591 2350/1035/49
f 2350/1035/49 2348/1033/49 2346/1031/49
f 2348/1033/49 2350/1035/49 2351/1036/49
f 2351/1036/49 2352/1037/1591 2348/1033/49
f 2351/1036/49 2350/1035/49 2353/1038/49
f 2352/1037/1591 2351/1036/49 2354/1039/49
f 2354/1039/49 2349/1034/49 2352/1037/1591
f 2351/1036/49 2353/1038/49 2355/1040/49
f 2356/1041/49 2349/1034/49 2354/1039/49
f 2347/1032/1591 2349/1034/49 2356/1041/49
f 2355/1040/49 2353/1038/49 2357/1042/49
f 2347/1032/1591 2356/1041/49 2358/1043/49
f 2357/1042/49 2353/1038/49 2359/1044/49
f 2358/1043/49 2360/1045/49 2347/1032/1591
f 2357/1042/49 2359/1044/49 2361/1046/49
f 2360/1045/49 2358/1043/49 2362/1047/49
f 2361/1046/49 2359/1044/49 2338/1023/49
f 2363/1048/49 2360/1045/49 2362/1047/49
f 2338/1023/49 2336/1021/49 2361/1046/49
f 2360/1045/49 2363/1048/49 2336/1021/49
f 2361/1046/49 2336/1021/49 2363/1048/49
f 2365/971/1592 2366/1049/1593 2364/1050/1594
f 2366/1049/1593 2365/971/1592 2367/969/1595
f 2366/1049/1593 2367/969/1595 2368/972/1596
f 2369/975/1597 2366/1049/1593 2368/972/1596
f 2366/1049/1593 2369/975/1597 2370/1051/1598
f 2372/981/1592 2373/1052/1593 2371/1053/1594
f 2373/1052/1593 2372/981/1592 2374/983/1599
f 2373/1052/1593 2374/983/1599 2375/986/1600
f 2373/1052/1593 2375/986/1600 2376/1054/1598
f 2378/1055/1601 2380/1056/1602 2379/1057/1603
f 2381/1058/1604 2379/1057/1603 2380/1056/1602
f 2380/1056/1602 2382/1059/1605 2381/1058/1604
f 2382/1059/1605 2380/1056/1602 2377/1060/140
f 2385/1061/1606 2383/1062/1607 2384/1063/1608
f 2383/1062/1607 2385/1061/1606 2387/1064/1606
f 2385/1061/1606 2386/1065/1609 2387/1064/1606
f 2386/1065/1609 2385/1061/1606 2388/1066/1610
f 2390/1067/1611 2391/1068/1612 2389/1069/1613
f 2391/1068/1612 2390/1067/1611 2392/1070/1614
f 2392/1070/1614 2393/1071/1615 2391/1068/1612
f 2394/1072/1616 2393/1071/1615 2392/1070/1614
f 2393/1071/1615 2394/1072/1616 2395/1073/1617
f 2396/1074/1604 2397/1075/1618 2398/1076/1619
f 2397/1075/1618 2396/1074/1604 2399/1077/1604
f 2396/1074/1604 2400/1078/1620 2399/1077/1604
f 2400/1078/1620 2396/1074/1604 2401/1079/1605
f 2403/1080/1611 2404/1081/1612 2402/1082/1613
f 2404/1081/1612 2403/1080/1611 2405/1083/1614
f 2405/1083/1614 2406/1084/1617 2404/1081/1612
f 2406/1084/1617 2405/1083/1614 2407/1085/1616
f 2411/1086/1621 2414/1087/1622 2413/1088/1623
f 2414/1087/1622 2412/1089/1624 2413/1088/1623
f 2414/1087/1622 2411/1086/1621 2415/1090/1625
f 2408/1091/1626 2414/1087/1622 2415/1090/1625
f 2410/1092/1627 2414/1087/1622 2408/1091/1626
f 2409/1093/1628 2414/1087/1622 2410/1092/1627
f 2416/1094/1629 2412/1089/1624 2414/1087/1622
f 2414/1087/1622 2409/1093/1628 2416/1094/1629
f 2419/1095/1604 2417/1096/1618 2418/1097/1630
f 2417/1096/1618 2419/1095/1604 2421/1098/1604
f 2419/1095/1604 2420/1099/1620 2421/1098/1604
f 2420/1099/1620 2419/1095/1604 2422/1100/1605
f 2423/1101/1607 2424/1102/1606 2425/1103/1606
f 2424/1102/1606 2426/1104/1631 2425/1103/1606
f 2424/1102/1606 2423/1101/1607 2427/1105/1632
f 2426/1104/1631 2424/1102/1606 2428/1106/1610
f 2430/1107/1633 2432/1108/1399 2429/1109/1634
f 2432/1108/1399 2431/1110/1635 2429/1109/1634
f 2432/1108/1399 2430/1107/1633 2433/1111/1636
f 2434/1112/1637 2431/1110/1635 2432/1108/1399
f 2435/1113/1638 2432/1108/1399 2433/1111/1636
f 2432/1108/1399 2436/1114/1639 2434/1112/1637
f 2437/1115/1603 2432/1108/1399 2435/1113/1638
f 2436/1114/1639 2432/1108/1399 2437/1115/1603
f 2440/1116/1399 2439/1117/1640 2438/1118/1641
f 2439/1117/1640 2440/1116/1399 2441/1119/1399
f 2440/1116/1399 2442/1120/1642 2441/1119/1399
f 2442/1120/1642 2440/1116/1399 2443/1121/1643
f 2444/1122/1644 2445/1116/1645 2446/1121/1646
f 2445/1116/1645 2444/1122/1644 2447/1123/1647
f 2447/1123/1647 2448/1118/1648 2445/1116/1645
f 2448/1118/1648 2447/1123/1647 2449/1124/1649
f 2450/1125/1650 2451/1126/1651 2452/1127/1652
f 2451/1126/1651 2450/1125/1650 2453/1128/1653
f 2453/1128/1653 2454/1129/1654 2451/1126/1651
f 2454/1129/1654 2453/1128/1653 2455/1130/1655
f 2456/1131/1653 2457/1132/1654 2458/1133/1651
f 2457/1132/1654 2456/1131/1653 2459/1134/1655
f 2458/1133/1651 2460/1135/1656 2456/1131/1653
f 2460/1135/1656 2458/1133/1651 2461/1136/1652
f 2462/1137/1657 2464/1128/1399 2463/1130/1603
f 2464/1128/1399 2462/1137/1657 2465/1138/1402
f 2466/1139/1658 2464/1128/1399 2465/1138/1402
f 2464/1128/1399 2466/1139/1658 2467/1125/1659
f 2468/1140/1660 2469/1141/1661 2470/1142/1645
f 2469/1141/1661 2468/1140/1660 2471/1143/1649
f 2470/1142/1645 2472/1144/1644 2468/1140/1660
f 2472/1144/1644 2470/1142/1645 2473/1145/1662
f 2474/1146/1663 2477/1147/1402 2476/1148/1640
f 2476/1148/1640 2477/1147/1402 2475/1149/1664
f 2477/1147/1402 2474/1146/1663 2478/1150/1665
f 2475/1149/1664 2477/1147/1402 2479/1151/1666
f 2480/1152/1667 2477/1147/1402 2478/1150/1665
f 2477/1147/1402 2481/1153/1668 2479/1151/1666
f 2482/1154/1643 2477/1147/1402 2480/1152/1667
f 2481/1153/1668 2477/1147/1402 2482/1154/1643
f 2485/1131/1399 2484/1155/1658 2483/1135/1669
f 2484/1155/1658 2485/1131/1399 2486/1156/1399
f 2485/1131/1399 2487/1157/1657 2486/1156/1399
f 2487/1157/1657 2485/1131/1399 2488/1134/1603
f 2489/1158/1642 2491/1142/1670 2490/1145/1643
f 2491/1142/1670 2489/1158/1642 2492/1159/1402
f 2493/1160/1640 2491/1142/1670 2492/1159/1402
f 2491/1142/1670 2493/1160/1640 2494/1141/1671
f 2497/1161/1672 2498/1162/1673 2496/1163/1674
f 2498/1162/1673 2497/1161/1672 2499/1164/1604
f 2499/1164/1604 2500/1165/1675 2498/1162/1673
f 2495/1166/1676 2498/1162/1673 2500/1165/1675
f 2502/1167/1677 2503/1168/1678 2501/1169/1679
f 2503/1168/1678 2502/1167/1677 2504/1170/1680
f 2505/1171/1681 2503/1168/1678 2504/1170/1680
f 2503/1168/1678 2505/1171/1681 2506/1172/1682
f 2507/1173/1683 2508/1174/1683 2509/1175/1683
f 2509/1175/1683 2508/1174/1683 2510/1176/422
f 2511/1177/422 2509/1175/1683 2510/1176/422
f 2507/1173/1683 2512/1178/422 2508/1174/1683
f 2509/1175/1683 2511/1177/422 2513/1179/1683
f 2514/1180/422 2513/1179/1683 2511/1177/422
f 2507/1173/1683 2515/1022/422 2512/1178/422
f 2515/1022/422 2507/1173/1683 2516/1014/422
f 2517/1181/422 2512/1178/422 2515/1022/422
f 2518/1012/422 2516/1014/422 2507/1173/1683
f 2512/1178/422 2517/1181/422 2519/1026/422
f 2516/1014/422 2518/1012/422 2520/1013/422
f 2517/1181/422 2521/1182/422 2519/1026/422
f 2518/1012/422 2522/1183/422 2520/1013/422
f 2523/1184/422 2522/1183/422 2518/1012/422
f 2523/1184/422 2524/1008/422 2522/1183/422
f 2523/1184/422 2525/1185/422 2524/1008/422
f 2524/1008/422 2525/1185/422 2526/1011/422
f 2525/1185/422 2523/1184/422 2527/1186/422
f 2526/1011/422 2525/1185/422 2528/1187/422
f 2529/1017/422 2527/1186/422 2523/1184/422
f 2527/1186/422 2529/1017/422 2530/1188/422
f 2529/1017/422 2531/1189/422 2530/1188/422
f 2528/1187/422 2532/1031/1683 2526/1011/422
f 2521/1182/422 2517/1181/422 2532/1031/1683
f 2533/1190/422 2532/1031/1683 2528/1187/422
f 2531/1189/422 2529/1017/422 2534/1191/1683
f 2534/1191/1683 2535/1192/422 2531/1189/422
f 2535/1192/422 2534/1191/1683 2536/1193/422
f 2536/1193/422 2537/1194/422 2535/1192/422
f 2536/1193/422 2534/1191/1683 2538/1195/422
f 2537/1194/422 2536/1193/422 2539/1196/422
f 2540/1197/1683 2538/1195/422 2534/1191/1683
f 2538/1195/422 2540/1197/1683 2541/1198/1683
f 2540/1197/1683 2542/1199/422 2541/1198/1683
f 2513/1179/1683 2542/1199/422 2540/1197/1683
f 2513/1179/1683 2543/1200/422 2542/1199/422
f 2543/1200/422 2513/1179/1683 2514/1180/422
f 2514/1180/422 2544/1201/422 2543/1200/422
f 2545/1202/1683 2544/1201/422 2514/1180/422
f 2544/1201/422 2545/1202/1683 2546/1203/422
f 2546/1203/422 2537/1194/422 2539/1196/422
f 2521/1182/422 2546/1203/422 2545/1202/1683
f 2537/1194/422 2546/1203/422 2533/1190/422
f 2546/1203/422 2521/1182/422 2532/1031/1683
f 2532/1031/1683 2533/1190/422 2546/1203/422
f 2547/1204/1684 2548/1205/1685 2549/1206/1684
f 2547/1204/1684 2549/1206/1684 2550/1207/1685
f 2550/1207/1685 2551/1208/1685 2547/1204/1684
f 2551/1208/1685 2550/1207/1685 2552/1209/1685
f 2551/1208/1685 2552/1209/1685 2553/1210/1685
f 2553/1210/1685 2554/1211/1684 2551/1208/1685
f 2548/1205/1685 2555/1212/1684 2549/1206/1684
f 2556/1213/1685 2549/1206/1684 2555/1212/1684
f 2555/1212/1684 2548/1205/1685 2557/1166/1684
f 2549/1206/1684 2556/1213/1685 2558/1167/1685
f 2557/1166/1684 2548/1205/1685 2559/1214/1685
f 2556/1213/1685 2560/1170/1685 2558/1167/1685
f 2561/1215/1684 2557/1166/1684 2559/1214/1685
f 2562/1216/1684 2560/1170/1685 2556/1213/1685
f 2557/1166/1684 2561/1215/1684 2563/1162/1685
f 2562/1216/1684 2564/1171/1684 2560/1170/1685
f 2565/1217/1685 2563/1162/1685 2561/1215/1684
f 2562/1216/1684 2566/1218/1684 2564/1171/1684
f 2567/1219/1684 2564/1171/1684 2566/1218/1684
f 2566/1218/1684 2562/1216/1684 2568/1220/1684
f 2564/1171/1684 2567/1219/1684 2569/1221/1684
f 2570/1222/1685 2568/1220/1684 2562/1216/1684
f 2568/1220/1684 2570/1222/1685 2571/1223/1685
f 2571/1223/1685 2570/1222/1685 2572/1224/1684
f 2573/1051/1684 2569/1221/1684 2567/1219/1684
f 2574/1225/1684 2572/1224/1684 2570/1222/1685
f 2569/1221/1684 2573/1051/1684 2553/1210/1685
f 2575/1226/1684 2572/1224/1684 2574/1225/1684
f 2572/1224/1684 2575/1226/1684 2576/1050/1685
f 2575/1226/1684 2574/1225/1684 2577/1163/1685
f 2576/1050/1685 2575/1226/1684 2578/1227/1684
f 2577/1163/1685 2579/1053/1685 2575/1226/1684
f 2580/1228/1685 2576/1050/1685 2578/1227/1684
f 2577/1163/1685 2581/1052/1685 2579/1053/1685
f 2576/1050/1685 2580/1228/1685 2582/1049/1684
f 2582/1049/1684 2580/1228/1685 2573/1051/1684
f 2563/1162/1685 2581/1052/1685 2577/1163/1685
f 2583/1229/1685 2573/1051/1684 2580/1228/1685
f 2553/1210/1685 2573/1051/1684 2583/1229/1685
f 2563/1162/1685 2584/1054/1684 2581/1052/1685
f 2583/1229/1685 2554/1211/1684 2553/1210/1685
f 2584/1054/1684 2563/1162/1685 2565/1217/1685
f 2585/1230/1684 2554/1211/1684 2583/1229/1685
f 2565/1217/1685 2585/1230/1684 2584/1054/1684
f 2554/1211/1684 2585/1230/1684 2586/1231/1685
f 2585/1230/1684 2565/1217/1685 2586/1231/1685
f 2588/1204/1677 2589/1232/1686 2587/1233/1679
f 2589/1232/1686 2588/1204/1677 2590/1208/1678
f 2591/1211/1681 2589/1232/1686 2590/1208/1678
f 2589/1232/1686 2591/1211/1681 2592/1234/1687
f 2592/1234/1687 2591/1211/1681 2593/1235/1682
f 2596/1236/1688 2594/1237/1689 2595/1238/1690
f 2595/1238/1690 2597/1239/1658 2596/1236/1688
f 2594/1237/1689 2596/1236/1688 2598/1240/1691
f 2596/1236/1688 2597/1239/1658 2599/1241/1692
f 2600/1242/1693 2601/1243/1694 2602/1244/1695
f 2600/1242/1693 2602/1244/1695 2603/1245/1695
f 2602/1244/1695 2604/1246/1696 2603/1245/1695
f 2604/1246/1696 2602/1244/1695 2605/1247/1697
f 2606/1248/1698 2607/1249/1699 2608/1250/1700
f 2606/1248/1698 2608/1250/1700 2609/1251/1701
f 2609/1251/1701 2608/1250/1700 2610/1252/1702
f 2609/1251/1701 2610/1252/1702 2611/1253/1703
f 2613/1254/1704 2612/1255/1705 2614/1256/1690
f 2613/1254/1704 2614/1256/1690 2615/1257/1690
f 2614/1256/1690 2617/1258/1706 2615/1257/1690
f 2617/1258/1706 2614/1256/1690 2616/1259/1707
f 2618/1260/1698 2619/1261/1699 2620/1262/1708
f 2618/1260/1698 2620/1262/1708 2621/1263/1709
f 2621/1263/1709 2620/1262/1708 2622/1264/1710
f 2622/1264/1710 2623/1265/1711 2621/1263/1709
f 2623/1265/1711 2622/1264/1710 2624/1266/1712
f 2625/1267/1713 2627/1268/1714 2626/1269/1697
f 2627/1268/1714 2625/1267/1713 2628/1270/1715
f 2626/1269/1697 2627/1268/1714 2629/1271/1716
f 2629/1271/1716 2627/1268/1714 2630/1272/1717
f 2628/1270/1715 2631/1273/1718 2627/1268/1714
f 2627/1268/1714 2632/1274/1719 2630/1272/1717
f 2633/1275/1720 2627/1268/1714 2631/1273/1718
f 2632/1274/1719 2627/1268/1714 2633/1275/1720
f 2634/1276/1704 2635/1277/1705 2636/1278/1690
f 2634/1276/1704 2636/1278/1690 2637/1279/1690
f 2636/1278/1690 2638/1280/1706 2637/1279/1690
f 2638/1280/1706 2636/1278/1690 2639/1281/1707
f 2642/1282/1720 2640/1283/1694 2644/1284/1695
f 2643/1285/1696 2644/1284/1695 2641/1286/1721
f 2642/1282/1720 2644/1284/1695 2645/1287/1695
f 2644/1284/1695 2643/1285/1696 2645/1287/1695
f 2646/1288/1722 2647/1289/1723 2648/1290/1265
f 2648/1290/1265 2649/1291/991 2646/1288/1722
f 2650/1292/1689 2648/1290/1265 2647/1289/1723
f 2651/1293/953 2648/1290/1265 2650/1292/1689
f 2648/1290/1265 2651/1293/953 2652/1294/1724
f 2652/1294/1724 2653/1295/1725 2648/1290/1265
f 2654/1296/1726 2648/1290/1265 2653/1295/1725
f 2649/1291/991 2648/1290/1265 2654/1296/1726
f 2655/1297/1727 2656/1298/1728 2657/1299/1266
f 2658/1300/1264 2657/1299/1266 2656/1298/1728
f 2659/1301/1729 2657/1299/1266 2658/1300/1264
f 2657/1299/1266 2659/1301/1729 2660/1302/1730
f 2664/1299/1731 2662/1303/1732 2661/1302/1733
f 2662/1303/1732 2664/1299/1731 2666/1304/1734
f 2666/1304/1734 2665/1297/1735 2663/1305/1736
f 2665/1297/1735 2666/1304/1734 2664/1299/1731
f 2671/1306/1737 2669/1307/1738 2667/1308/1739
f 2672/1309/1740 2670/1310/1741 2668/1311/1742
f 2669/1307/1738 2671/1306/1737 2672/1309/1740
f 2670/1310/1741 2672/1309/1740 2671/1306/1737
f 2677/1312/1743 2675/1313/1744 2673/1314/1745
f 2678/999/1746 2676/1315/1738 2674/1316/1739
f 2675/1313/1744 2677/1312/1743 2678/999/1746
f 2676/1315/1738 2678/999/1746 2677/1312/1743
f 2681/1309/1265 2679/1317/1747 2680/1311/1748
f 2679/1317/1747 2681/1309/1265 2682/1318/1266
f 2681/1309/1265 2683/1319/1749 2682/1318/1266
f 2683/1319/1749 2681/1309/1265 2684/1307/1689
f 2689/1320/1750 2685/1321/1735 2687/1322/1751
f 2690/1323/1731 2686/1324/1752 2688/1325/1733
f 2685/1321/1735 2689/1320/1750 2690/1323/1731
f 2686/1324/1752 2690/1323/1731 2689/1320/1750
f 2691/1326/1753 2692/1327/1754 2693/1328/1265
f 2693/1328/1265 2694/1329/1755 2691/1326/1753
f 2695/1330/1727 2693/1328/1265 2692/1327/1754
f 2696/1331/1756 2693/1328/1265 2695/1330/1727
f 2693/1328/1265 2696/1331/1756 2697/1332/1757
f 2698/1333/1758 2693/1328/1265 2697/1332/1757
f 2699/1334/1759 2693/1328/1265 2698/1333/1758
f 2694/1329/1755 2693/1328/1265 2699/1334/1759
f 2701/1335/1760 2702/1312/1265 2700/1315/1689
f 2702/1312/1265 2701/1335/1760 2703/1336/1266
f 2704/1337/1747 2702/1312/1265 2703/1336/1266
f 2702/1312/1265 2704/1337/1747 2705/1314/1761
f 2708/1323/1265 2706/1338/1729 2707/1325/1762
f 2706/1338/1729 2708/1323/1265 2709/1339/1266
f 2709/1339/1266 2708/1323/1265 2710/1340/1763
f 2711/1321/1727 2710/1340/1763 2708/1323/1265
