# Blender 5.1.2
# www.blender.org
mtllib no hands  festiveee lefttyy.mtl
o festive_fist_right
v -1.359686 -0.497682 0.633658
v -1.390468 -0.474507 0.639598
v -1.353925 -0.466344 0.650577
v -1.404503 -0.442179 0.622946
v -1.376337 -0.438588 0.645177
v -1.358965 -0.419724 0.629878
v -1.329089 -0.456705 0.637078
v -1.336738 -0.498465 0.614576
v -0.038306 -0.674838 0.059907
v -0.066746 -0.684540 0.040108
v -0.047218 -0.648531 0.070798
v -0.007256 -0.665802 0.043799
v -0.085197 -0.661455 0.044338
v -0.094109 -0.569673 0.031467
v -0.072864 -0.562419 0.046319
v -0.049649 -0.555678 0.034258
v -0.005999 -0.636498 0.049378
v 0.100294 0.615222 0.487677
v 0.072752 0.596061 0.507566
v 0.130980 0.591291 0.485518
v 0.058353 0.570006 0.504689
v 0.051604 0.493983 0.451409
v 0.106865 0.585153 0.511617
v 0.103892 0.555471 0.510179
v 0.077071 0.485838 0.454468
v -1.153768 0.612153 0.207509
v -1.126137 0.629244 0.191935
v -1.140804 0.586782 0.216507
v -1.180946 0.599697 0.187349
v -1.177080 0.570177 0.189687
v -1.117499 0.501129 0.170876
v -1.097154 0.510444 0.185907
v -1.076548 0.523206 0.174206
v -1.104000 0.609552 0.195715
v -0.276084 0.707598 -0.110552
v -0.250074 0.692802 -0.090393
v -0.220019 0.680337 -0.106052
v -0.263127 0.667485 -0.081394
v -0.297775 0.687195 -0.108304
v -0.319020 0.598509 -0.127114
v -0.299574 0.587457 -0.111994
v -0.277169 0.578142 -0.123691
v -0.223075 0.650871 -0.102272
v -1.343035 0.394524 0.577769
v -1.366525 0.421848 0.578847
v -1.372286 0.392220 0.603507
v -1.400185 0.416313 0.590818
v -1.353115 0.361656 0.588748
v -1.386685 0.356112 0.600627
v -1.410175 0.383436 0.601708
v -1.398118 0.339210 0.578847
v -1.429436 0.375624 0.580196
v -1.404503 -0.442179 0.622946
v -1.376337 -0.438588 0.645177
v -1.358965 -0.419724 0.629878
v -1.396497 -0.424503 0.600177
v -1.310996 -0.410076 0.550677
v -1.332056 -0.412758 0.534026
v -0.441058 0.322839 -0.685024
v -0.471929 0.341136 -0.681872
v -0.502794 0.323505 -0.675572
v -0.508829 0.331893 -0.647492
v -0.476880 0.328824 -0.560103
v -0.467789 0.355392 -0.655951
v -0.453925 0.342000 -0.564782
v -0.430799 0.328329 -0.567213
v -0.426569 0.331011 -0.660181
v 0.086794 0.619254 0.451227
v 0.062672 0.613107 0.477326
v 0.100294 0.615222 0.487677
v 0.045033 0.592731 0.464548
v 0.072752 0.596061 0.507566
v 0.120996 0.608337 0.455367
v 0.077250 0.600903 0.429807
v 0.130980 0.591291 0.485518
v -1.153768 0.612153 0.207509
v -1.126137 0.629244 0.191935
v -1.160429 0.629712 0.173307
v -1.180946 0.599697 0.187349
v -1.125684 0.633870 0.156117
v -1.180499 0.604314 0.151616
v -1.152869 0.621405 0.135957
v -1.103368 0.615717 0.148018
v -1.104000 0.609552 0.195715
v -0.272040 0.709920 -0.146282
v -0.241978 0.697455 -0.161944
v -0.216058 0.682668 -0.141785
v -0.239726 0.708444 -0.124594
v -0.276084 0.707598 -0.110552
v -0.250074 0.692802 -0.090393
v -0.220019 0.680337 -0.106052
v -0.297775 0.687195 -0.108304
v -0.292378 0.690300 -0.155912
v -0.083219 0.319689 -0.640382
v -0.078536 0.324639 -0.611313
v -0.049649 0.314145 -0.652353
v -0.045866 0.285570 -0.533372
v -0.020844 0.281430 -0.542284
v -0.033808 0.317250 -0.627243
v -1.366525 0.421848 0.578847
v -1.371297 0.426807 0.549777
v -1.400185 0.416313 0.590818
v -1.416025 0.419418 0.565708
v -1.428989 0.383607 0.480745
v -1.403879 0.387747 0.471747
v -1.410264 -0.473508 0.606027
v -1.374264 -0.503244 0.584879
v -1.387859 -0.501264 0.611339
v -1.390468 -0.474507 0.639598
v -1.404503 -0.442179 0.622946
v -1.396497 -0.424503 0.600177
v -1.336285 -0.436167 0.521426
v -1.332056 -0.412758 0.534026
v -1.404146 -0.466263 0.577676
v -0.066746 -0.684540 0.040108
v -0.064316 -0.685215 0.004107
v -0.085197 -0.661455 0.044338
v -0.081956 -0.662355 -0.003542
v -0.094109 -0.569673 0.031467
v -0.092310 -0.570177 0.004557
v -0.502705 0.287568 -0.672513
v -0.508740 0.284013 -0.643444
v -0.502794 0.323505 -0.675572
v -0.508829 0.331893 -0.647492
v -0.476880 0.301977 -0.557854
v -0.476880 0.328824 -0.560103
v 0.062672 0.613107 0.477326
v 0.045033 0.592731 0.464548
v 0.072752 0.596061 0.507566
v 0.077250 0.600903 0.429807
v 0.044133 0.506727 0.428818
v 0.062130 0.511308 0.409376
v 0.058353 0.570006 0.504689
v 0.051604 0.493983 0.451409
v -1.160429 0.629712 0.173307
v -1.180946 0.599697 0.187349
v -1.180499 0.604314 0.151616
v -1.176448 0.576333 0.141985
v -1.177080 0.570177 0.189687
v -1.117136 0.504585 0.144148
v -1.117499 0.501129 0.170876
v -0.297775 0.687195 -0.108304
v -0.292378 0.690300 -0.155912
v -0.319020 0.598509 -0.127114
v -0.315958 0.600246 -0.153753
v -0.106709 0.292365 -0.639393
v -0.083219 0.319689 -0.640382
v -0.078536 0.324639 -0.611313
v -0.096719 0.259497 -0.650283
v -0.109854 0.288225 -0.609963
v -0.045866 0.285570 -0.533372
v -0.063506 0.265158 -0.532561
v -0.055946 0.240597 -0.540753
v -0.096444 0.244431 -0.624452
v -1.400185 0.416313 0.590818
v -1.410175 0.383436 0.601708
v -1.398118 0.339210 0.578847
v -1.429436 0.375624 0.580196
v -1.416025 0.419418 0.565708
v -1.436460 0.359046 0.488848
v -1.428989 0.383607 0.480745
v -1.418909 0.338634 0.488127
v -1.374264 -0.503244 0.584879
v -1.319545 -0.456903 0.525388
v -1.336285 -0.436167 0.521426
v -1.404146 -0.466263 0.577676
v -0.064316 -0.685215 0.004107
v -0.033355 -0.676179 -0.012002
v -0.004825 -0.666477 0.007798
v -0.040647 -0.650322 -0.025051
v -0.081956 -0.662355 -0.003542
v -0.092310 -0.570177 0.004557
v -0.069177 -0.563427 -0.007411
v -0.047850 -0.556173 0.007348
v -0.002669 -0.637389 0.001409
v -0.471744 0.269271 -0.675662
v -0.502705 0.287568 -0.672513
v -0.474085 0.303948 -0.693394
v -0.440968 0.286902 -0.681962
v -0.441058 0.322839 -0.685024
v -0.471929 0.341136 -0.681872
v -0.502794 0.323505 -0.675572
v 0.086794 0.619254 0.451227
v 0.120996 0.608337 0.455367
v 0.077250 0.600903 0.429807
v 0.062130 0.511308 0.409376
v 0.087694 0.503163 0.412438
v 0.122706 0.586368 0.435207
v -1.125684 0.633870 0.156117
v -1.180499 0.604314 0.151616
v -1.152869 0.621405 0.135957
v -1.139637 0.599103 0.121197
v -1.176448 0.576333 0.141985
v -1.117136 0.504585 0.144148
v -1.096529 0.517347 0.132448
v -1.076184 0.526662 0.147479
v -1.103368 0.615717 0.148018
v -0.252415 0.673686 -0.176704
v -0.272040 0.709920 -0.146282
v -0.241978 0.697455 -0.161944
v -0.216058 0.682668 -0.141785
v -0.292378 0.690300 -0.155912
v -0.315958 0.600246 -0.153753
v -0.293546 0.590931 -0.165453
v -0.274107 0.579879 -0.150423
v -0.217767 0.653976 -0.149884
v -0.106709 0.292365 -0.639393
v -0.083219 0.319689 -0.640382
v -0.077547 0.290061 -0.665132
v -0.049649 0.314145 -0.652353
v -0.096719 0.259497 -0.650283
v -0.063148 0.253953 -0.662162
v -0.051716 0.237051 -0.640382
v -0.020398 0.273456 -0.641735
v -0.039569 0.281277 -0.663244
v -1.374264 -0.503244 0.584879
v -1.387859 -0.501264 0.611339
v -1.359686 -0.497682 0.633658
v -1.390468 -0.474507 0.639598
v -1.336738 -0.498465 0.614576
v -1.298575 -0.454221 0.542036
v -1.319545 -0.456903 0.525388
v -0.038306 -0.674838 0.059907
v -0.066746 -0.684540 0.040108
v -0.031377 -0.689661 0.024538
v -0.007256 -0.665802 0.043799
v -0.064316 -0.685215 0.004107
v -0.033355 -0.676179 -0.012002
v -0.004825 -0.666477 0.007798
v -0.471744 0.269271 -0.675662
v -0.502705 0.287568 -0.672513
v -0.440968 0.286902 -0.681962
v -0.467514 0.259632 -0.647763
v -0.508740 0.284013 -0.643444
v -0.476880 0.301977 -0.557854
v -0.453747 0.288306 -0.560281
v -0.430710 0.301482 -0.564964
v -0.426480 0.283131 -0.656133
v -0.096719 0.259497 -0.650283
v -0.063148 0.253953 -0.662162
v -0.055946 0.240597 -0.540753
v -0.096444 0.244431 -0.624452
v -0.030835 0.236457 -0.549662
v -0.051716 0.237051 -0.640382
v -1.353115 0.361656 0.588748
v -1.386685 0.356112 0.600627
v -1.398118 0.339210 0.578847
v -1.418909 0.338634 0.488127
v -1.393888 0.342774 0.479128
v -1.353390 0.346590 0.562916
v -1.358965 -0.419724 0.629878
v -1.329089 -0.456705 0.637078
v -1.336738 -0.498465 0.614576
v -1.294256 -0.430812 0.554728
v -1.310996 -0.410076 0.550677
v -1.298575 -0.454221 0.542036
v -0.007256 -0.665802 0.043799
v -0.004825 -0.666477 0.007798
v -0.049649 -0.555678 0.034258
v -0.047850 -0.556173 0.007348
v -0.005999 -0.636498 0.049378
v -0.002669 -0.637389 0.001409
v -0.440968 0.286902 -0.681962
v -0.441058 0.322839 -0.685024
v -0.430710 0.301482 -0.564964
v -0.430799 0.328329 -0.567213
v -0.426569 0.331011 -0.660181
v -0.426480 0.283131 -0.656133
v 0.120996 0.608337 0.455367
v 0.130980 0.591291 0.485518
v 0.106865 0.585153 0.511617
v 0.103892 0.555471 0.510179
v 0.077071 0.485838 0.454468
v 0.136020 0.563652 0.475348
v 0.095165 0.490419 0.434936
v 0.087694 0.503163 0.412438
v 0.122706 0.586368 0.435207
v -1.076184 0.526662 0.147479
v -1.076548 0.523206 0.174206
v -1.103368 0.615717 0.148018
v -1.104000 0.609552 0.195715
v -0.216058 0.682668 -0.141785
v -0.239726 0.708444 -0.124594
v -0.220019 0.680337 -0.106052
v -0.277169 0.578142 -0.123691
v -0.274107 0.579879 -0.150423
v -0.223075 0.650871 -0.102272
v -0.217767 0.653976 -0.149884
v -0.049649 0.314145 -0.652353
v -0.020844 0.281430 -0.542284
v -0.033808 0.317250 -0.627243
v -0.013284 0.256878 -0.550383
v -0.030835 0.236457 -0.549662
v -0.051716 0.237051 -0.640382
v -0.020398 0.273456 -0.641735
v -0.039569 0.281277 -0.663244
v -1.343035 0.394524 0.577769
v -1.366525 0.421848 0.578847
v -1.371297 0.426807 0.549777
v -1.353115 0.361656 0.588748
v -1.339979 0.390393 0.548428
v -1.403879 0.387747 0.471747
v -1.386328 0.367326 0.471026
v -1.393888 0.342774 0.479128
v -1.353390 0.346590 0.562916
v -0.787559 -0.630828 -0.481712
v -0.818520 -0.627579 -0.499983
v -0.788727 -0.607059 -0.463711
v -0.756145 -0.625626 -0.498634
v -0.829946 -0.602730 -0.487922
v -0.791604 -0.513990 -0.462994
v -0.814737 -0.511560 -0.476672
v -0.746786 -0.600129 -0.486123
v -0.768114 -0.510102 -0.475594
v -0.710429 0.636354 0.506488
v -0.670109 0.509472 0.480656
v -0.709797 0.577215 0.530788
v -0.645534 0.520326 0.479846
v -0.665790 0.596565 0.529257
v -0.716100 0.606402 0.530788
v -0.683066 0.620928 0.529617
v -0.784497 0.234837 0.655528
v -0.753989 0.250083 0.643738
v -0.781977 0.273717 0.657237
v -0.789626 0.214551 0.634197
v -0.830667 0.239544 0.633837
v -0.815279 0.253593 0.655257
v -0.815636 0.287604 0.643196
v -0.785129 0.302850 0.631499
v -0.754346 0.284094 0.631766
v -1.108855 0.702189 -0.350494
v -1.143420 0.706986 -0.341492
v -1.104179 0.674064 -0.341674
v -1.150259 0.680463 -0.329613
v -1.130999 0.585999 -0.355534
v -1.156920 0.589590 -0.348784
v -1.183740 0.684558 -0.363904
v -1.168524 0.710064 -0.367234
v -0.594777 -0.644832 -0.015153
v -0.618720 -0.625851 -0.034142
v -0.579389 -0.623133 -0.001472
v -0.568410 -0.662760 -0.032072
v -0.611428 -0.597843 -0.026854
v -0.542667 -0.535221 -0.031262
v -0.524670 -0.549396 -0.017042
v -0.505046 -0.562797 -0.029642
v -0.544288 -0.647028 -0.024063
v 0.388383 0.655479 -0.319894
v 0.403771 0.632574 -0.308464
v 0.357786 0.653877 -0.300812
v 0.402871 0.540081 -0.297753
v 0.380013 0.538884 -0.283532
v 0.363004 0.630432 -0.283082
v 0.357065 0.531567 -0.295504
v 0.322053 0.617391 -0.304502
v 0.327093 0.644085 -0.316924
v -1.210375 -0.657270 0.034258
v -1.237649 -0.664560 0.011846
v -1.221444 -0.634563 0.050099
v -1.179868 -0.642870 0.021387
v -1.257898 -0.644265 0.020309
v -1.180856 -0.615375 0.032998
v -1.230356 -0.536490 0.033719
v -1.253126 -0.547245 0.043256
v -1.273560 -0.552690 0.026608
v -0.726894 0.626310 0.472557
v -0.710429 0.636354 0.506488
v -0.680189 0.623097 0.451676
v -0.693867 0.640836 0.471386
v -0.671997 0.638145 0.500006
v -0.651027 0.619506 0.489747
v -0.683066 0.620928 0.529617
v -0.784675 0.241479 0.525566
v -0.831120 0.284859 0.617817
v -0.830489 0.244098 0.534118
v -0.815636 0.287604 0.643196
v -0.790436 0.305172 0.602158
v -0.807719 0.255492 0.525299
v -0.785129 0.302850 0.631499
v -0.749396 0.280179 0.602519
v -0.754346 0.284094 0.631766
v -1.099406 0.700461 -0.385324
v -1.124428 0.703539 -0.410974
v -1.131988 0.719964 -0.376411
v -1.108855 0.702189 -0.350494
v -1.143420 0.706986 -0.341492
v -1.159076 0.708336 -0.401972
v -1.168524 0.710064 -0.367234
v -0.608366 -0.596448 -0.074823
v -0.611428 -0.597843 -0.026854
v -0.540958 -0.534438 -0.058172
v -0.542667 -0.535221 -0.031262
v 0.357511 0.637506 -0.371104
v 0.326914 0.635904 -0.352022
v 0.354902 0.659880 -0.339243
v 0.388204 0.647298 -0.354991
v 0.388383 0.655479 -0.319894
v 0.357786 0.653877 -0.300812
v 0.327093 0.644085 -0.316924
v -0.818520 -0.627579 -0.499983
v -0.818067 -0.619137 -0.534992
v -0.829946 -0.602730 -0.487922
v -0.814737 -0.511560 -0.476672
v -0.814380 -0.505251 -0.502864
v -0.829314 -0.591480 -0.534631
v -0.724106 0.603738 0.453208
v -0.737970 0.609093 0.502258
v -0.726894 0.626310 0.472557
v -0.710429 0.636354 0.506488
v -0.738959 0.580797 0.492717
v -0.678204 0.524349 0.437188
v -0.686485 0.511488 0.459326
v -0.709797 0.577215 0.530788
v -0.716100 0.606402 0.530788
v -0.830667 0.239544 0.633837
v -0.830214 0.218700 0.543117
v -0.831120 0.284859 0.617817
v -0.815279 0.253593 0.655257
v -0.830489 0.244098 0.534118
v -0.815636 0.287604 0.643196
v -1.150259 0.680463 -0.329613
v -1.156920 0.589590 -0.348784
v -1.168524 0.590598 -0.393962
v -1.183740 0.684558 -0.363904
v -1.175638 0.591885 -0.368045
v -1.171044 0.682263 -0.410163
v -1.159076 0.708336 -0.401972
v -1.168524 0.710064 -0.367234
v -0.594777 -0.644832 -0.015153
v -0.618720 -0.625851 -0.034142
v -0.601170 -0.655749 -0.051964
v -0.616468 -0.624807 -0.070143
v -0.590190 -0.642735 -0.087062
v -0.608366 -0.596448 -0.074823
v -0.611428 -0.597843 -0.026854
v 0.326914 0.635904 -0.352022
v 0.356886 0.525456 -0.321782
v 0.321785 0.606483 -0.351304
v 0.357065 0.531567 -0.295504
v 0.322053 0.617391 -0.304502
v 0.327093 0.644085 -0.316924
v -1.237649 -0.664560 0.011846
v -1.234586 -0.657441 -0.023342
v -1.257898 -0.644265 0.020309
v -1.273560 -0.552690 0.026608
v -1.271219 -0.547371 0.000238
v -1.253757 -0.634788 -0.026672
v -0.818067 -0.619137 -0.534992
v -0.786564 -0.613935 -0.551822
v -0.814380 -0.505251 -0.502864
v -0.829314 -0.591480 -0.534631
v -0.787374 -0.584550 -0.557133
v -0.790890 -0.501372 -0.515464
v -0.767757 -0.503793 -0.501782
v -0.746155 -0.588879 -0.532833
v -0.755610 -0.617184 -0.533643
v -0.724106 0.603738 0.453208
v -0.726894 0.626310 0.472557
v -0.680189 0.623097 0.451676
v -0.693867 0.640836 0.471386
v -0.653547 0.535203 0.436289
v -0.678204 0.524349 0.437188
v -1.124428 0.703539 -0.410974
v -1.091579 0.671769 -0.387933
v -1.123975 0.584712 -0.381544
v -1.124970 0.675864 -0.422224
v -1.142699 0.587007 -0.400712
v -1.168524 0.590598 -0.393962
v -1.171044 0.682263 -0.410163
v -1.159076 0.708336 -0.401972
v -0.616468 -0.624807 -0.070143
v -0.590190 -0.642735 -0.087062
v -0.566157 -0.661716 -0.067984
v -0.573264 -0.620343 -0.097413
v -0.608366 -0.596448 -0.074823
v -0.540958 -0.534438 -0.058172
v -0.521244 -0.547830 -0.070772
v -0.503336 -0.562014 -0.056551
v -0.541315 -0.645624 -0.071942
v 0.357511 0.637506 -0.371104
v 0.326914 0.635904 -0.352022
v 0.362551 0.608625 -0.376683
v 0.388204 0.647298 -0.354991
v 0.403592 0.621666 -0.355263
v 0.402782 0.533961 -0.323941
v 0.379745 0.526653 -0.336002
v 0.356886 0.525456 -0.321782
v 0.321785 0.606483 -0.351304
v -1.234586 -0.657441 -0.023342
v -1.204079 -0.643050 -0.036213
v -1.213170 -0.615609 -0.043773
v -1.176716 -0.635760 -0.013893
v -1.176716 -0.605898 -0.013983
v -1.228015 -0.531180 0.007348
v -1.248450 -0.536616 -0.009303
v -1.271219 -0.547371 0.000238
v -1.253757 -0.634788 -0.026672
v -0.787559 -0.630828 -0.481712
v -0.818520 -0.627579 -0.499983
v -0.786564 -0.636795 -0.520233
v -0.756145 -0.625626 -0.498634
v -0.818067 -0.619137 -0.534992
v -0.786564 -0.613935 -0.551822
v -0.755610 -0.617184 -0.533643
v -0.738959 0.580797 0.492717
v -0.686485 0.511488 0.459326
v -0.670109 0.509472 0.480656
v -0.709797 0.577215 0.530788
v -0.784497 0.234837 0.655528
v -0.753989 0.250083 0.643738
v -0.789626 0.214551 0.634197
v -0.749039 0.234873 0.618538
v -0.830667 0.239544 0.633837
v -0.807266 0.204678 0.543296
v -0.830214 0.218700 0.543117
v -0.784497 0.216072 0.534476
v -0.594777 -0.644832 -0.015153
v -0.601170 -0.655749 -0.051964
v -0.568410 -0.662760 -0.032072
v -0.590190 -0.642735 -0.087062
v -0.566157 -0.661716 -0.067984
v -0.544288 -0.647028 -0.024063
v -0.541315 -0.645624 -0.071942
v -1.210375 -0.657270 0.034258
v -1.237649 -0.664560 0.011846
v -1.201737 -0.663759 -0.003274
v -1.179868 -0.642870 0.021387
v -1.234586 -0.657441 -0.023342
v -1.204079 -0.643050 -0.036213
v -1.176716 -0.635760 -0.013893
v -0.756145 -0.625626 -0.498634
v -0.746786 -0.600129 -0.486123
v -0.768114 -0.510102 -0.475594
v -0.767757 -0.503793 -0.501782
v -0.746155 -0.588879 -0.532833
v -0.755610 -0.617184 -0.533643
v -0.680189 0.623097 0.451676
v -0.671997 0.638145 0.500006
v -0.653547 0.535203 0.436289
v -0.637170 0.533187 0.457616
v -0.651027 0.619506 0.489747
v -0.645534 0.520326 0.479846
v -0.665790 0.596565 0.529257
v -0.683066 0.620928 0.529617
v -0.753989 0.250083 0.643738
v -0.749039 0.234873 0.618538
v -0.784497 0.216072 0.534476
v -0.784675 0.241479 0.525566
v -0.749396 0.280179 0.602519
v -0.754346 0.284094 0.631766
v -1.099406 0.700461 -0.385324
v -1.124428 0.703539 -0.410974
v -1.091579 0.671769 -0.387933
v -1.108855 0.702189 -0.350494
v -1.104179 0.674064 -0.341674
v -1.130999 0.585999 -0.355534
v -1.123975 0.584712 -0.381544
v -1.124970 0.675864 -0.422224
v -0.503336 -0.562014 -0.056551
v -0.505046 -0.562797 -0.029642
v -0.544288 -0.647028 -0.024063
v -0.541315 -0.645624 -0.071942
v 0.388204 0.647298 -0.354991
v 0.403592 0.621666 -0.355263
v 0.388383 0.655479 -0.319894
v 0.403771 0.632574 -0.308464
v 0.402782 0.533961 -0.323941
v 0.402871 0.540081 -0.297753
v -1.201737 -0.663759 -0.003274
v -1.179868 -0.642870 0.021387
v -1.176716 -0.635760 -0.013893
v -1.180856 -0.615375 0.032998
v -1.176716 -0.605898 -0.013983
v -1.230356 -0.536490 0.033719
v -1.228015 -0.531180 0.007348
v -0.930210 -0.032616 0.729596
v -0.951984 -0.005490 0.720148
v -0.917335 0.003735 0.735536
v -0.938127 0.026748 0.711867
v -0.894477 -0.027495 0.730767
v -0.880614 0.004743 0.722486
v -0.902394 0.031860 0.713038
v -0.458519 -0.387360 0.698728
v -0.430614 -0.368019 0.710967
v -0.466525 -0.354285 0.717806
v -0.490015 -0.371169 0.691707
v -0.493524 -0.335646 0.696747
v -0.465626 -0.316314 0.708987
v -0.434219 -0.332496 0.716097
v -0.157020 0.198702 0.602968
v -0.187974 0.207684 0.619166
v -0.175916 0.170712 0.622407
v -0.201116 0.224235 0.598107
v -0.212995 0.182511 0.625377
v -0.151080 0.164547 0.592978
v -0.176184 0.139374 0.599188
v -0.234508 0.190692 0.606388
v -0.207145 0.148356 0.615386
v -1.093014 -0.667845 0.282837
v -1.123439 -0.664623 0.263759
v -1.091579 -0.641304 0.296519
v -1.061160 -0.668952 0.265918
v -1.049185 -0.642780 0.273928
v -1.060975 -0.550584 0.268256
v -1.084740 -0.549756 0.280949
v -1.107509 -0.547353 0.266728
v -1.132166 -0.637020 0.271047
v -0.938127 0.026748 0.711867
v -0.943435 0.028179 0.682527
v -0.924264 -0.012843 0.601166
v -0.895919 0.035001 0.684058
v -0.897629 -0.009018 0.601976
v -0.902394 0.031860 0.713038
v -0.885564 -0.160488 -0.641281
v -0.873150 -0.149022 -0.616624
v -0.915990 -0.141309 -0.643623
v -0.885654 -0.137835 -0.525094
v -0.908430 -0.123507 -0.526804
v -0.913737 -0.123471 -0.619772
v -0.932188 -0.135387 -0.522392
v -0.956124 -0.144657 -0.611944
v -0.947850 -0.157212 -0.637683
v -0.441957 -0.022266 -0.640203
v -0.437274 -0.010602 -0.613112
v -0.476605 -0.013752 -0.645872
v -0.483355 0.000738 -0.620672
v -0.464184 -0.015651 -0.524102
v -0.490015 -0.009297 -0.528332
v -0.493524 -0.335646 0.696747
v -0.465626 -0.316314 0.708987
v -0.495866 -0.325755 0.668667
v -0.450506 -0.320265 0.587577
v -0.458697 -0.299988 0.684957
v -0.429714 -0.305811 0.596668
v -0.406224 -0.317907 0.601976
v -0.416846 -0.321552 0.694406
v -0.434219 -0.332496 0.716097
v -0.157020 0.198702 0.602968
v -0.187974 0.207684 0.619166
v -0.201116 0.224235 0.598107
v -0.159897 0.212265 0.576509
v -0.211917 0.214776 0.499288
v -0.235050 0.221481 0.511439
v -0.234508 0.190692 0.606388
v -0.253768 0.202680 0.516029
v -0.033087 -0.105597 -0.669272
v -0.063684 -0.086787 -0.665853
v -0.017699 -0.096354 -0.645333
v -0.018688 -0.094275 -0.552271
v -0.058466 -0.071298 -0.640924
v -0.041547 -0.080226 -0.549751
v -0.064494 -0.092871 -0.543633
v -0.099506 -0.093852 -0.629852
v -0.094466 -0.103716 -0.657661
v -0.961885 -0.014778 0.693599
v -0.930210 -0.032616 0.729596
v -0.951984 -0.005490 0.720148
v -0.938127 0.026748 0.711867
v -0.943435 0.028179 0.682527
v -0.932819 -0.050913 0.706199
v -0.924264 -0.012843 0.601166
v -0.934618 -0.036927 0.607377
v -0.918324 -0.057195 0.614398
v -0.949196 -0.192294 -0.629492
v -0.933266 -0.161595 -0.516274
v -0.957930 -0.191394 -0.600962
v -0.932188 -0.135387 -0.522392
v -0.956124 -0.144657 -0.611944
v -0.947850 -0.157212 -0.637683
v -0.476605 -0.013752 -0.645872
v -0.501627 -0.039645 -0.646414
v -0.483355 0.000738 -0.620672
v -0.490015 -0.009297 -0.528332
v -0.516836 -0.033768 -0.621303
v -0.508740 -0.028638 -0.528692
v -0.501627 -0.054342 -0.524823
v -0.504147 -0.079614 -0.614464
v -0.492178 -0.074052 -0.641192
v -0.490015 -0.371169 0.691707
v -0.491100 -0.373086 0.661917
v -0.493524 -0.335646 0.696747
v -0.495866 -0.325755 0.668667
v -0.447897 -0.346806 0.583708
v -0.450506 -0.320265 0.587577
v -0.212995 0.182511 0.625377
v -0.249360 0.177165 0.508558
v -0.234508 0.190692 0.606388
v -0.253768 0.202680 0.516029
v -0.226680 0.145188 0.593067
v -0.207145 0.148356 0.615386
v -0.094645 -0.139446 -0.652714
v -0.064590 -0.119574 -0.539943
v -0.064494 -0.092871 -0.543633
v -0.099685 -0.141462 -0.623374
v -0.099506 -0.093852 -0.629852
v -0.094466 -0.103716 -0.657661
v -1.123439 -0.664623 0.263759
v -1.107509 -0.547353 0.266728
v -1.106424 -0.545769 0.239819
v -1.122086 -0.662517 0.227847
v -1.130367 -0.634212 0.223168
v -1.132166 -0.637020 0.271047
v -0.918777 -0.211473 -0.627154
v -0.949196 -0.192294 -0.629492
v -0.918420 -0.179739 -0.649744
v -0.886917 -0.195570 -0.633004
v -0.885564 -0.160488 -0.641281
v -0.915990 -0.141309 -0.643623
v -0.947850 -0.157212 -0.637683
v -0.432509 -0.056664 -0.635074
v -0.457619 -0.082566 -0.635524
v -0.465090 -0.049815 -0.655323
v -0.441957 -0.022266 -0.640203
v -0.476605 -0.013752 -0.645872
v -0.501627 -0.039645 -0.646414
v -0.492178 -0.074052 -0.641192
v -0.064048 -0.158256 -0.656133
v -0.094645 -0.139446 -0.652714
v -0.066657 -0.124479 -0.675394
v -0.033266 -0.141327 -0.664322
v -0.033087 -0.105597 -0.669272
v -0.063684 -0.086787 -0.665853
v -0.094466 -0.103716 -0.657661
v -1.059808 -0.666837 0.229917
v -1.047386 -0.639972 0.225959
v -1.059897 -0.549009 0.241436
v -1.087974 -0.635688 0.200577
v -1.082666 -0.546597 0.227219
v -1.090226 -0.663624 0.210928
v -1.106424 -0.545769 0.239819
v -1.122086 -0.662517 0.227847
v -1.130367 -0.634212 0.223168
v -0.930210 -0.032616 0.729596
v -0.894477 -0.027495 0.730767
v -0.932819 -0.050913 0.706199
v -0.918324 -0.057195 0.614398
v -0.885297 -0.044100 0.707727
v -0.891689 -0.053370 0.615297
v -0.918777 -0.211473 -0.627154
v -0.949196 -0.192294 -0.629492
v -0.917335 -0.216954 -0.597813
v -0.886917 -0.195570 -0.633004
v -0.874949 -0.195768 -0.605644
v -0.886738 -0.164043 -0.518883
v -0.910496 -0.175923 -0.514472
v -0.933266 -0.161595 -0.516274
v -0.957930 -0.191394 -0.600962
v -0.457619 -0.082566 -0.635524
v -0.475795 -0.060705 -0.520593
v -0.501627 -0.054342 -0.524823
v -0.458066 -0.090954 -0.606904
v -0.504147 -0.079614 -0.614464
v -0.492178 -0.074052 -0.641192
v -0.458519 -0.387360 0.698728
v -0.430614 -0.368019 0.710967
v -0.449249 -0.394650 0.671369
v -0.490015 -0.371169 0.691707
v -0.491100 -0.373086 0.661917
v -0.447897 -0.346806 0.583708
v -0.424406 -0.358893 0.589016
v -0.403526 -0.344448 0.598107
v -0.412074 -0.368883 0.687567
v -0.151080 0.164547 0.592978
v -0.176184 0.139374 0.599188
v -0.185454 0.133227 0.571469
v -0.152069 0.166761 0.563188
v -0.207509 0.189261 0.491818
v -0.226227 0.170451 0.496497
v -0.249360 0.177165 0.508558
v -0.226680 0.145188 0.593067
v -0.207145 0.148356 0.615386
v -0.064048 -0.158256 -0.656133
v -0.094645 -0.139446 -0.652714
v -0.058919 -0.166518 -0.627875
v -0.033266 -0.141327 -0.664322
v -0.017967 -0.143964 -0.638854
v -0.018777 -0.120978 -0.548673
v -0.041725 -0.133623 -0.542463
v -0.064590 -0.119574 -0.539943
v -0.099685 -0.141462 -0.623374
v -1.093014 -0.667845 0.282837
v -1.123439 -0.664623 0.263759
v -1.092657 -0.680508 0.245937
v -1.061160 -0.668952 0.265918
v -1.059808 -0.666837 0.229917
v -1.090226 -0.663624 0.210928
v -1.122086 -0.662517 0.227847
v -0.894477 -0.027495 0.730767
v -0.880614 0.004743 0.722486
v -0.895919 0.035001 0.684058
v -0.897629 -0.009018 0.601976
v -0.885297 -0.044100 0.707727
v -0.891689 -0.053370 0.615297
v -0.866846 -0.001134 0.696658
v -0.881335 -0.029277 0.609086
v -0.902394 0.031860 0.713038
v -0.886917 -0.195570 -0.633004
v -0.874949 -0.195768 -0.605644
v -0.885564 -0.160488 -0.641281
v -0.873150 -0.149022 -0.616624
v -0.886738 -0.164043 -0.518883
v -0.885654 -0.137835 -0.525094
v -0.432509 -0.056664 -0.635074
v -0.457619 -0.082566 -0.635524
v -0.424674 -0.056448 -0.606183
v -0.441957 -0.022266 -0.640203
v -0.437274 -0.010602 -0.613112
v -0.464184 -0.015651 -0.524102
v -0.457077 -0.041355 -0.520233
v -0.475795 -0.060705 -0.520593
v -0.458066 -0.090954 -0.606904
v -0.430614 -0.368019 0.710967
v -0.403526 -0.344448 0.598107
v -0.406224 -0.317907 0.601976
v -0.412074 -0.368883 0.687567
v -0.416846 -0.321552 0.694406
v -0.434219 -0.332496 0.716097
v -0.157020 0.198702 0.602968
v -0.175916 0.170712 0.622407
v -0.151080 0.164547 0.592978
v -0.159897 0.212265 0.576509
v -0.211917 0.214776 0.499288
v -0.152069 0.166761 0.563188
v -0.207509 0.189261 0.491818
v -0.033266 -0.141327 -0.664322
v -0.017967 -0.143964 -0.638854
v -0.033087 -0.105597 -0.669272
v -0.017699 -0.096354 -0.645333
v -0.018777 -0.120978 -0.548673
v -0.018688 -0.094275 -0.552271
v -1.061160 -0.668952 0.265918
v -1.049185 -0.642780 0.273928
v -1.059808 -0.666837 0.229917
v -1.047386 -0.639972 0.225959
v -1.060975 -0.550584 0.268256
v -1.059897 -0.549009 0.241436
v -1.295787 -0.432090 0.557787
v -1.321529 -0.458622 0.527997
v -1.300106 -0.455895 0.544916
v -1.338537 -0.437535 0.523946
v -1.312795 -0.411003 0.553647
v -1.334129 -0.413730 0.536728
v -1.334129 -0.413730 0.536728
v -1.334850 -0.406278 0.530696
v -1.312795 -0.411003 0.553647
v -1.307934 -0.402858 0.552026
v -1.295787 -0.432090 0.557787
v -1.286607 -0.429372 0.557159
v -1.300106 -0.455895 0.544916
v -1.292004 -0.459306 0.540958
v 0.299284 0.494280 0.118228
v 0.292266 0.531792 0.113727
v 0.140250 0.465264 0.272757
v 0.128014 0.502110 0.270598
v 0.039272 0.478431 0.427736
v 0.078246 0.475830 0.430888
v 0.051151 0.343962 0.535379
v 0.012540 0.339246 0.540776
v 0.030634 -0.065286 0.529079
v -0.008430 -0.068508 0.532498
v 0.022710 -0.118044 0.512067
v 0.004445 -0.119493 0.513687
v 0.046021 0.489402 0.456088
v 0.101736 0.484839 0.435118
v 0.052325 0.496332 0.453747
v 0.096510 0.492705 0.437006
v 0.078692 0.478980 0.460047
v 0.078246 0.488043 0.456806
v -0.074128 -0.558774 0.054236
v -0.071697 -0.565137 0.047397
v -0.048207 -0.558279 0.035157
v -0.044520 -0.550152 0.038848
v -1.078079 0.525753 0.175288
v -1.099049 0.512766 0.187167
v -1.095987 0.506169 0.193467
v -1.119745 0.503298 0.171868
v -1.069620 0.522495 0.178529
v -1.121997 0.494262 0.174206
v -0.671997 0.511398 0.482548
v -0.640226 0.516303 0.484886
v -0.671729 0.502425 0.485967
v -0.646886 0.522432 0.481738
v -0.275995 0.580752 -0.122613
v -0.273660 0.572004 -0.119372
v -0.302369 0.583911 -0.104434
v -0.298764 0.590229 -0.110734
v -0.897629 -0.008055 0.605217
v -0.891600 -0.053145 0.618717
v -0.881067 -0.028656 0.612417
v -0.924717 -0.011943 0.604318
v -0.918688 -0.057042 0.617817
v -0.935250 -0.036432 0.610618
v -0.941725 -0.039249 0.604136
v -0.935250 -0.036432 0.610618
v -0.918688 -0.057042 0.617817
v -0.920940 -0.065151 0.613227
v -0.891600 -0.053145 0.618717
v -0.886828 -0.060264 0.614308
v -0.881067 -0.028656 0.612417
v -0.873596 -0.029466 0.606388
v -0.449338 -0.347193 0.586678
v -0.404246 -0.344799 0.601259
v -0.406945 -0.317808 0.605128
v -0.425395 -0.359487 0.591986
v -0.452037 -0.320202 0.590547
v -0.430799 -0.305514 0.599817
v -0.404246 -0.344799 0.601259
v -0.396144 -0.346887 0.596487
v -0.406945 -0.317808 0.605128
v -0.456178 -0.315963 0.582987
v -0.399570 -0.312948 0.601437
v -0.452037 -0.320202 0.590547
v -0.429536 -0.297486 0.594688
v -0.430799 -0.305514 0.599817
v -0.205614 0.188307 0.494516
v -0.233608 0.221076 0.514408
v -0.252690 0.201951 0.519177
v -0.210118 0.214254 0.502076
v -0.224696 0.169182 0.499196
v -0.248186 0.176004 0.511528
v -0.233608 0.221076 0.514408
v -0.210118 0.214254 0.502076
v -0.207866 0.220419 0.495059
v -0.237474 0.228996 0.510536
v -0.252690 0.201951 0.519177
v -0.261417 0.204948 0.516479
v -0.255835 0.172323 0.506938
v -0.248186 0.176004 0.511528
v -0.830667 0.219492 0.546358
v -0.807719 0.256914 0.528358
v -0.830846 0.245331 0.537267
v -0.807266 0.205245 0.546626
v -0.784318 0.242658 0.528536
v -0.784044 0.216828 0.537717
v -0.807266 0.205245 0.546626
v -0.779278 0.211014 0.531688
v -0.784044 0.216828 0.537717
v -0.808440 0.196443 0.542938
v -0.837870 0.214371 0.542667
v -0.830667 0.219492 0.546358
v -0.838138 0.246852 0.531149
v -0.830846 0.245331 0.537267
v -1.130635 0.588699 -0.354363
v -1.126584 0.581625 -0.349234
v -1.159618 0.586206 -0.340682
v -1.156920 0.592344 -0.347524
v -1.109308 -0.493542 0.378779
v -1.078704 -0.518301 0.382377
v -1.046754 -0.333819 0.501987
v -1.080057 -0.327429 0.481827
v -1.080510 -0.106974 0.497307
v -1.109129 -0.119223 0.473546
v -1.380924 0.251028 0.492628
v -1.359418 0.280683 0.507298
v -1.532934 0.449280 0.410546
v -1.505667 0.477711 0.414687
v -0.990058 0.477720 0.450149
v -1.016068 0.449235 0.445919
v -0.907709 0.383589 0.505317
v -0.939480 0.360225 0.504328
v -0.772165 0.167175 0.521519
v -0.803936 0.144072 0.520616
v -0.654000 -0.074268 0.515758
v -0.683430 -0.100080 0.513416
v -0.693510 -0.115101 0.478497
v -0.408298 -0.338418 0.577769
v -0.383455 -0.309870 0.571736
v -0.431877 -0.349218 0.549506
v -0.295434 -0.419823 0.477148
v -0.318656 -0.448875 0.487406
v -0.289048 -0.334035 -0.434282
v -0.216147 -0.126315 -0.485042
v -0.242425 -0.115605 -0.459214
v -0.128400 0.093915 -0.438961
v -0.101216 0.074070 -0.459032
v 0.010110 0.270000 -0.444183
v 0.034053 0.255717 -0.470193
v 0.099662 0.424674 -0.405395
v 0.131076 0.429111 -0.428432
v -1.385250 0.367614 0.474538
v -1.418456 0.338427 0.491818
v -1.392899 0.342639 0.482816
v -1.436275 0.359190 0.492628
v -1.403158 0.388368 0.475256
v -1.428625 0.384165 0.484347
v -1.428625 0.384165 0.484347
v -1.392899 0.342639 0.482816
v -1.435197 0.388080 0.478497
v -1.390290 0.335862 0.476516
v -1.436275 0.359190 0.492628
v -1.418456 0.338427 0.491818
v -1.444830 0.356679 0.488937
v -1.422329 0.330570 0.487948
v -0.187884 0.446850 0.450416
v -0.168267 0.417708 0.432055
v -0.257998 0.102177 0.500548
v -0.634376 0.472356 0.509907
v -0.672354 0.474885 0.499378
v -0.719520 0.222660 0.589376
v -0.745887 0.229311 0.560757
v -0.863248 -0.000351 0.583437
v -0.884754 0.020142 0.557966
v -1.126405 -0.226890 0.573539
v -1.103636 -0.256959 0.584608
v -1.315679 -0.403488 0.518727
v -1.296776 -0.436914 0.528536
v -0.880167 0.441477 -0.436894
v -0.705478 0.261243 -0.462362
v -0.695309 0.284985 -0.433921
v -0.528268 0.055683 -0.430952
v -0.540237 0.026496 -0.454624
v -0.464280 -0.142434 -0.430952
v -0.491636 -0.149238 -0.454713
v -0.468688 -0.347805 -0.436712
v -0.493888 -0.356319 -0.456783
v -0.463827 -0.414603 -0.458222
v -0.456535 -0.412110 -0.452371
v -0.043799 -0.441162 -0.377221
v -0.009776 -0.449523 -0.393783
v -0.074039 -0.465129 -0.380373
v -0.036507 -0.305496 -0.480002
v -0.103915 -0.306666 -0.481983
v -0.070619 -0.300420 -0.462633
v -0.011039 -0.109206 -0.470554
v -0.074039 -0.085230 -0.478474
v -0.044966 -0.097587 -0.455073
v 0.234306 0.267975 -0.468573
v 0.260763 0.250119 -0.490892
v 0.212972 0.297396 -0.482972
v 0.386495 0.431253 -0.396664
v 0.354456 0.451548 -0.401343
v -1.296776 -0.436914 0.528536
v -1.254300 -0.523881 0.003929
v -1.266804 -0.449658 0.505949
v -1.103636 -0.256959 0.584608
v -1.231709 -0.496431 0.017339
v -1.085996 -0.279234 0.557337
v -0.863248 -0.000351 0.583437
v -1.132255 -0.514080 -0.049352
v -1.114890 -0.489492 -0.024152
v -0.992125 -0.519120 -0.037922
v -0.829047 -0.016065 0.572008
v -0.693777 0.192771 0.585596
v -0.719520 0.222660 0.589376
v -0.610439 0.447336 0.490736
v -0.634376 0.472356 0.509907
v -0.187884 0.446850 0.450416
v -0.389037 0.434295 -0.444183
v -0.363659 0.406872 -0.440403
v -0.441504 0.359793 -0.475144
v -0.410097 0.336663 -0.474245
v -0.567146 0.156906 -0.489004
v -0.535554 0.133506 -0.488283
v -0.601705 -0.088380 -0.484232
v -0.572639 -0.114921 -0.481623
v -0.708808 -0.313767 -0.545704
v -0.684597 -0.342072 -0.551193
v -0.784140 -0.420489 -0.459392
v -0.761007 -0.449091 -0.469294
v -0.001769 0.477306 0.077097
v -0.020666 0.477963 0.069627
v -0.020844 0.466227 0.068998
v -0.011128 0.483507 0.073678
v -0.001858 0.465543 0.076466
v -0.011485 0.460008 0.072418
v -1.248175 -0.498609 0.038398
v -1.225770 -0.531720 0.039208
v -1.254925 -0.545472 0.051448
v -1.268156 -0.508059 0.046768
v -1.286160 -0.512838 0.032098
v -1.281024 -0.552429 0.030117
v -1.244220 -0.459090 0.020666
v -1.231709 -0.496431 0.017339
v -1.111828 -0.455058 -0.025772
v -1.114890 -0.489492 -0.024152
v -0.998518 -0.454950 -0.008493
v -0.992578 -0.494874 -0.006244
v -0.809697 -0.492849 -0.056644
v -0.803936 -0.453879 -0.057722
v -0.736439 -0.484479 -0.074102
v -0.734640 -0.472311 -0.074373
v -0.227490 0.446535 0.450598
v -0.293724 0.118845 0.500638
v -0.257998 0.102177 0.500548
v -0.493256 -0.314901 0.512156
v -0.457434 -0.331452 0.512156
v -0.574706 -0.522846 0.379407
v -0.537627 -0.536535 0.379946
v -0.326127 -0.327069 -0.439682
v -0.289048 -0.334035 -0.434282
v -0.242425 -0.115605 -0.459214
v -0.276627 -0.101898 -0.470822
v -0.128400 0.093915 -0.438961
v -0.156024 0.114039 -0.458222
v -0.020398 0.289953 -0.455073
v 0.010110 0.270000 -0.444183
v 0.064925 0.436419 -0.417092
v 0.099662 0.424674 -0.405395
v -1.044234 -0.509229 0.365276
v -1.078704 -0.518301 0.382377
v -1.046754 -0.333819 0.501987
v -1.011928 -0.328698 0.484168
v -1.080510 -0.106974 0.497307
v -1.046040 -0.095175 0.482098
v -1.332777 0.298611 0.484526
v -1.359418 0.280683 0.507298
v -1.473086 0.477360 0.391379
v -1.158176 0.542529 -0.327721
v -1.169334 0.505926 -0.334292
v -0.880167 0.441477 -0.436894
v -0.859019 0.474183 -0.437344
v -0.674428 0.316566 -0.441481
v -0.695309 0.284985 -0.433921
v -0.508019 0.086274 -0.445532
v -0.528268 0.055683 -0.430952
v -0.431067 -0.141174 -0.445443
v -0.464280 -0.142434 -0.430952
v -0.438174 -0.343899 -0.449134
v -0.468688 -0.347805 -0.436712
v -0.447629 -0.410976 -0.456062
v -0.456535 -0.412110 -0.452371
v 0.410163 0.538596 -0.292895
v 0.408186 0.498852 -0.289204
v 0.388115 0.497799 -0.276693
v 0.380912 0.537066 -0.274712
v 0.351482 0.527715 -0.290103
v 0.367955 0.491373 -0.287223
v -0.497754 -0.564282 -0.025233
v -0.482277 -0.527580 -0.028563
v -0.522954 -0.547155 -0.009125
v -0.499560 -0.515817 -0.017491
v -0.515394 -0.503352 -0.030002
v -0.545908 -0.529020 -0.027303
v -1.139280 0.544410 -0.356523
v -1.126584 0.581625 -0.349234
v -1.159618 0.586206 -0.340682
v -1.161960 0.547560 -0.350583
v -1.148996 0.392985 -0.442834
v -1.110928 0.392256 -0.443373
v -1.080057 0.114705 -0.450483
v -1.044509 0.131058 -0.450844
v -0.929578 -0.102564 -0.437794
v -0.893935 -0.086157 -0.437701
v -0.845245 -0.302706 -0.422492
v -0.880799 -0.319338 -0.422492
v -0.829678 -0.366759 -0.442652
v -0.842457 -0.372663 -0.442652
v -0.334765 0.559773 -0.132422
v -0.297954 0.541881 -0.129452
v -0.327205 0.598041 -0.123691
v -0.273660 0.572004 -0.119372
v -0.302369 0.583911 -0.104434
v -0.317667 0.550062 -0.119283
v -1.060350 -0.508266 0.269338
v -1.053779 -0.547551 0.272668
v -1.084197 -0.546498 0.288777
v -1.081224 -0.507537 0.280406
v -1.101205 -0.505422 0.267896
v -1.113270 -0.543420 0.270598
v -0.654357 0.474552 0.463198
v -0.671729 0.502425 0.485967
v -0.632755 0.484083 0.462477
v -0.640226 0.516303 0.484886
v -0.772254 -0.469071 -0.467224
v -0.761639 -0.507438 -0.470732
v -0.792867 -0.472482 -0.456151
v -0.791700 -0.512406 -0.454624
v -0.821219 -0.509310 -0.472082
v -0.813206 -0.470358 -0.468123
v -1.121997 0.494262 0.174206
v -1.095355 0.465831 0.165476
v -1.095987 0.506169 0.193467
v -1.077447 0.474012 0.178707
v -1.059354 0.485226 0.168449
v -1.069620 0.522495 0.178529
v -0.064590 -0.516339 0.031377
v -0.044520 -0.550152 0.038848
v -0.074128 -0.558774 0.054236
v -0.084840 -0.522270 0.041996
v -0.103558 -0.528642 0.028947
v -0.101395 -0.568053 0.035246
v 0.066813 0.450288 0.434847
v 0.078692 0.478980 0.460047
v 0.044401 0.457452 0.432148
v 0.046021 0.489402 0.456088
v 0.417634 0.467721 -0.444993
v 0.384606 0.488898 -0.449762
v 0.406922 0.527319 -0.144754
v 0.438062 0.507735 -0.130173
v 0.292266 0.531792 0.113727
v 0.261216 0.543141 0.094198
v 0.128014 0.502110 0.270598
v 0.097231 0.511380 0.248007
v 0.039272 0.478431 0.427736
v 0.078246 0.475830 0.430888
v 0.063036 0.513954 0.410996
v 0.096510 0.492705 0.437006
v 0.088950 0.505665 0.414148
v 0.078246 0.488043 0.456806
v 0.044675 0.509283 0.430795
v 0.052325 0.496332 0.453747
v 0.036484 0.505692 0.427287
v 0.063036 0.513954 0.410996
v 0.059521 0.511551 0.402358
v 0.092191 0.501129 0.406227
v 0.044675 0.509283 0.430795
v 0.088950 0.505665 0.414148
v 0.046021 0.489402 0.456088
v 0.052325 0.496332 0.453747
v -1.077715 0.529263 0.148107
v -1.119388 0.506817 0.144687
v -1.119745 0.503298 0.171868
v -1.098328 0.519795 0.132808
v -1.078079 0.525753 0.175288
v -1.099049 0.512766 0.187167
v -1.078079 0.525753 0.175288
v -1.069620 0.522495 0.178529
v -1.077715 0.529263 0.148107
v -1.069166 0.526914 0.144416
v -1.095177 0.515007 0.125156
v -1.098328 0.519795 0.132808
v -0.638427 0.535518 0.459147
v -0.671997 0.511398 0.482548
v -0.646886 0.522432 0.481738
v -0.655078 0.537561 0.437456
v -0.688559 0.513441 0.460857
v -0.680189 0.526527 0.438355
v -0.655078 0.537561 0.437456
v -0.682077 0.521451 0.430346
v -0.680189 0.526527 0.438355
v -0.650484 0.535320 0.429268
v -0.629610 0.532755 0.456538
v -0.638427 0.535518 0.459147
v -0.640226 0.516303 0.484886
v -0.646886 0.522432 0.481738
v -0.315504 0.603234 -0.153214
v -0.275995 0.580752 -0.122613
v -0.272939 0.582525 -0.149794
v -0.292646 0.593766 -0.165093
v -0.318567 0.601461 -0.126033
v -0.298764 0.590229 -0.110734
v -0.294720 0.588357 -0.172742
v -0.292646 0.593766 -0.165093
v -0.315504 0.603234 -0.153214
v -0.323339 0.600264 -0.157893
v -0.327205 0.598041 -0.123691
v -0.302369 0.583911 -0.104434
v -0.318567 0.601461 -0.126033
v -0.298764 0.590229 -0.110734
v -0.924717 -0.011943 0.604318
v -0.928500 -0.008442 0.596219
v -0.894388 -0.003555 0.597297
v -0.897629 -0.008055 0.605217
v -0.881067 -0.028656 0.612417
v -0.873596 -0.029466 0.606388
v -0.784318 0.242658 0.528536
v -0.779636 0.243504 0.520259
v -0.808976 0.261423 0.519987
v -0.807719 0.256914 0.528358
v -0.838138 0.246852 0.531149
v -0.830846 0.245331 0.537267
v -1.130635 0.588699 -0.354363
v -1.175995 0.594675 -0.367052
v -1.156920 0.592344 -0.347524
v -1.123439 0.587385 -0.380823
v -1.168799 0.593370 -0.393423
v -1.142514 0.589716 -0.400351
v -1.168799 0.593370 -0.393423
v -1.159618 0.586206 -0.340682
v -1.174560 0.587502 -0.398374
v -1.156920 0.592344 -0.347524
v -1.175995 0.594675 -0.367052
v -1.183644 0.589149 -0.365253
v -1.532934 0.449280 0.410546
v -1.459318 0.516636 0.109408
v -1.489648 0.496935 0.094466
v -1.374985 0.581571 -0.142142
v -1.405945 0.570636 -0.162573
v -1.168435 0.571158 -0.352925
v -1.189947 0.562194 -0.384782
v -0.853889 0.469512 -0.505202
v -0.845519 0.488295 -0.471543
v -0.674160 0.300303 -0.506373
v -0.046854 0.286200 -0.535353
v -0.046944 0.291204 -0.527072
v -0.021387 0.281988 -0.544354
v -0.014815 0.285912 -0.538504
v 0.379381 0.529281 -0.336452
v 0.402871 0.542934 -0.297481
v 0.402782 0.536715 -0.324213
v 0.356165 0.528057 -0.321964
v 0.379656 0.541710 -0.283082
v 0.356255 0.534276 -0.295322
v 0.402782 0.536715 -0.324213
v 0.409985 0.530784 -0.326461
v 0.356255 0.534276 -0.295322
v 0.402871 0.542934 -0.297481
v 0.351482 0.527715 -0.290103
v 0.410163 0.538596 -0.292895
v 0.379656 0.541710 -0.283082
v 0.380912 0.537066 -0.274712
v -1.403158 0.388368 0.475256
v -1.403068 0.393372 0.467068
v -1.428625 0.384165 0.484347
v -1.435197 0.388080 0.478497
v -0.519356 0.558423 0.072147
v -0.265826 0.563553 -0.242224
v -0.536096 0.527787 0.053429
v -0.217589 0.543294 -0.272103
v -0.211464 0.544563 -0.265443
v -0.246208 0.568575 -0.220083
v -0.638880 0.532089 0.291928
v -0.497575 0.551880 0.104546
v -0.615479 0.560241 0.305338
v -0.578847 0.551610 0.315775
v -0.634376 0.472356 0.509907
v -0.672354 0.474885 0.499378
v -0.884754 0.020142 0.557966
v -0.872340 0.025020 0.521158
v -1.131445 -0.219222 0.535468
v -1.304336 -0.383553 0.486417
v -1.408829 -0.469602 0.307409
v -1.379935 -0.442341 0.310736
v -1.278690 -0.449541 0.010678
v -1.139815 -0.465480 -0.079592
v -1.125684 -0.441846 -0.052143
v -1.003468 -0.463122 -0.076715
v -1.004457 -0.439254 -0.043862
v -0.792235 -0.436941 -0.092284
v -0.787827 -0.459162 -0.124594
v -0.729600 -0.473958 -0.095254
v -0.730945 -0.467019 -0.085174
v -1.040815 -0.475686 0.344937
v -1.065925 -0.496431 0.086638
v -1.070966 -0.451719 0.341696
v -1.105078 -0.460080 0.358258
v -0.043799 -0.441162 -0.377221
v 0.014703 -0.490131 -0.098402
v -0.009776 -0.449523 -0.393783
v -0.049196 -0.486189 -0.120814
v -0.074039 -0.465129 -0.380373
v -1.122354 0.494586 0.000149
v -1.158540 0.516807 -0.317734
v -0.977458 0.494703 0.318028
v -1.016878 0.494577 0.317396
v -1.161685 0.494748 -0.000394
v -1.197954 0.517086 -0.317641
v -1.149806 0.439596 -0.492873
v -1.110207 0.439236 -0.492962
v -0.497575 0.551880 0.104546
v -0.233340 0.542493 -0.201361
v -0.246208 0.568575 -0.220083
v -0.215337 0.484029 -0.035492
v -0.360239 0.484182 -0.353374
v -0.320819 0.484056 -0.352743
v -0.381656 0.464967 -0.466774
v -0.347639 0.467208 -0.485492
v -0.176005 0.484200 -0.034953
v -0.429989 0.373077 -0.540753
v -0.451584 0.378090 -0.508172
v -0.179157 0.500175 0.282387
v -0.139648 0.500436 0.282298
v -0.187884 0.446850 0.450416
v -0.732120 -0.302589 -0.573063
v -0.708808 -0.313767 -0.545704
v -0.813116 -0.411003 -0.480812
v -0.784140 -0.420489 -0.459392
v -0.907976 -0.501876 -0.338072
v -0.893214 -0.479466 -0.309903
v -0.857844 -0.487296 -0.294604
v -1.019309 -0.553086 -0.154834
v -0.962160 -0.543816 -0.125133
v -0.996444 -0.532026 -0.136834
v -1.129914 -0.501498 0.063056
v -1.098596 -0.479259 0.072597
v -0.886107 0.388593 0.472828
v -0.956035 0.475479 0.431427
v -0.907709 0.383589 0.505317
v -0.990058 0.477720 0.450149
v -0.634740 -0.063495 0.483626
v -0.654000 -0.074268 0.515758
v -0.383455 -0.309870 0.571736
v -0.382466 -0.292419 0.537627
v -0.406135 -0.303543 0.510086
v -0.301737 -0.400509 0.445287
v -0.330624 -0.409968 0.423867
v -0.206877 -0.491175 0.302458
v -0.220466 -0.469458 0.272757
v -0.255746 -0.476586 0.257908
v -0.017246 -0.468801 -0.106862
v -1.417467 0.375138 0.434486
v -1.403068 0.393372 0.467068
v -1.435197 0.388080 0.478497
v -1.439516 0.371502 0.442317
v -1.275359 -0.396936 0.464548
v -1.304336 -0.383553 0.486417
v -1.342767 -0.453690 0.305788
v -1.379935 -0.442341 0.310736
v -1.278690 -0.449541 0.010678
v -1.244220 -0.459090 0.020666
v -1.125684 -0.441846 -0.052143
v -1.111828 -0.455058 -0.025772
v -1.004457 -0.439254 -0.043862
v -0.998518 -0.454950 -0.008493
v -0.803936 -0.453879 -0.057722
v -0.792235 -0.436941 -0.092284
v -0.734640 -0.472311 -0.074373
v -0.730945 -0.467019 -0.085174
v -0.227490 0.446535 0.450598
v 0.060152 0.453267 -0.452104
v 0.091292 0.458262 -0.475862
v 0.127025 0.446013 -0.463983
v 0.103356 0.536256 -0.358771
v 0.070953 0.514431 -0.353464
v 0.138904 0.519777 -0.354274
v 0.085263 0.530226 -0.219722
v 0.056280 0.506322 -0.230702
v 0.121264 0.515736 -0.213333
v -0.018420 0.495495 0.000688
v 0.044675 0.493335 0.025705
v 0.013351 0.513999 0.014276
v -0.020666 0.477963 0.069627
v -0.001769 0.477306 0.077097
v -0.011128 0.483507 0.073678
v -0.582534 -0.488367 0.361589
v -0.553379 -0.468288 0.344759
v -0.517467 -0.481644 0.345387
v -0.600895 -0.504891 0.071158
v -0.535739 -0.486576 0.076466
v -0.572729 -0.477720 0.067467
v -0.382919 -0.469665 -0.326554
v -0.355110 -0.444474 -0.315931
v -0.318567 -0.456246 -0.310624
v -0.326127 -0.327069 -0.439682
v -0.289048 -0.334035 -0.434282
v -1.359418 0.280683 0.507298
v -1.473086 0.477360 0.391379
v -1.505667 0.477711 0.414687
v -1.459318 0.516636 0.109408
v -1.427458 0.497925 0.121287
v -1.352758 0.555093 -0.125944
v -1.374985 0.581571 -0.142142
v -1.158176 0.542529 -0.327721
v -1.168435 0.571158 -0.352925
v -0.859019 0.474183 -0.437344
v -0.845519 0.488295 -0.471543
v -0.674428 0.316566 -0.441481
v -0.663805 0.324297 -0.477843
v -0.032545 0.272961 -0.494583
v -0.046944 0.291204 -0.527072
v -0.014815 0.285912 -0.538504
v -0.010586 0.269325 -0.502414
v -0.011039 -0.089928 -0.550201
v -0.012927 -0.089901 -0.510331
v -0.040194 -0.071964 -0.547053
v -0.032998 -0.077562 -0.508082
v -0.053247 -0.088668 -0.502682
v -0.069630 -0.088137 -0.539133
v -0.515394 -0.503352 -0.030002
v -0.513869 -0.502668 -0.053581
v -0.545908 -0.529020 -0.027303
v -0.543656 -0.528021 -0.061684
v 0.244654 0.291222 -0.542734
v 0.352746 0.480600 -0.427803
v 0.384606 0.488898 -0.449762
v 0.406922 0.527319 -0.144754
v 0.375240 0.507438 -0.156633
v 0.261216 0.543141 0.094198
v 0.237451 0.517050 0.079346
v 0.097231 0.511380 0.248007
v 0.078781 0.483201 0.227576
v -0.426926 0.330471 -0.524552
v -0.423596 0.332496 -0.564332
v -0.453115 0.349974 -0.561273
v -0.447176 0.342486 -0.522481
v -0.467425 0.330903 -0.518344
v -0.482545 0.333135 -0.555241
v -0.838138 0.246852 0.531149
v -0.836339 0.228609 0.495687
v -0.808976 0.261423 0.519987
v -0.816357 0.238617 0.487948
v -0.796108 0.226305 0.488127
v -0.779636 0.243504 0.520259
v -0.472018 -0.012744 -0.482433
v -0.459329 -0.009297 -0.520143
v -0.492357 -0.001161 -0.525633
v -0.494698 -0.007164 -0.486123
v -0.878190 -0.133380 -0.522481
v -0.885118 -0.129438 -0.483332
v -0.905099 -0.116847 -0.484863
v -0.907345 -0.115056 -0.524734
v -0.937674 -0.130248 -0.519155
v -0.926070 -0.127287 -0.480994
v -0.231267 0.220212 0.462656
v -0.267989 0.209583 0.477326
v -0.207866 0.220419 0.495059
v -0.261417 0.204948 0.516479
v -0.237474 0.228996 0.510536
v -0.251516 0.226107 0.473278
v -0.456178 -0.315963 0.582987
v -0.435386 -0.314451 0.548878
v -0.429536 -0.297486 0.594688
v -0.417114 -0.301752 0.556888
v -0.396419 -0.312372 0.561567
v -0.399570 -0.312948 0.601437
v -0.919224 -0.027225 0.562199
v -0.928500 -0.008442 0.596219
v -0.894388 -0.003555 0.597297
v -0.895830 -0.023868 0.562916
v -1.306320 -0.402696 0.502886
v -1.334850 -0.406278 0.530696
v -1.287870 -0.400347 0.517557
v -1.307934 -0.402858 0.552026
v -1.340337 -0.436221 0.514587
v -1.334129 -0.413730 0.536728
v -1.334850 -0.406278 0.530696
v -1.338537 -0.437535 0.523946
v -1.318920 -0.462735 0.519716
v -1.321529 -0.458622 0.527997
v -1.119745 0.503298 0.171868
v -1.121997 0.494262 0.174206
v -1.119388 0.506817 0.144687
v -1.121544 0.498681 0.140097
v -1.095177 0.515007 0.125156
v -1.098328 0.519795 0.132808
v -0.821219 -0.509310 -0.472082
v -0.814826 -0.514638 -0.476854
v -0.814469 -0.508221 -0.503492
v -0.820766 -0.501237 -0.505562
v -0.682077 0.521451 0.430346
v -0.680189 0.526527 0.438355
v -0.692610 0.504999 0.458697
v -0.688559 0.513441 0.460857
v -0.671997 0.511398 0.482548
v -0.671729 0.502425 0.485967
v -1.113270 -0.543420 0.270598
v -1.107509 -0.550143 0.266907
v -1.106424 -0.548541 0.239548
v -1.112006 -0.541404 0.236217
v -0.924717 -0.011943 0.604318
v -0.941725 -0.039249 0.604136
v -0.935250 -0.036432 0.610618
v -0.928500 -0.008442 0.596219
v -0.449338 -0.347193 0.586678
v -0.452847 -0.349902 0.578126
v -0.456178 -0.315963 0.582987
v -0.452037 -0.320202 0.590547
v -0.933266 -0.162126 -0.518701
v -0.939027 -0.163764 -0.511234
v -0.932188 -0.135477 -0.525001
v -0.937674 -0.130248 -0.519155
v -0.477415 0.301698 -0.560013
v -0.482455 0.298800 -0.552271
v -0.482545 0.333135 -0.555241
v -0.477505 0.329004 -0.562262
v -1.019309 -0.553086 -0.154834
v -0.907976 -0.501876 -0.338072
v -1.008234 -0.586971 -0.160142
v -1.128300 -0.540513 0.067557
v -1.129914 -0.501498 0.063056
v -1.105078 -0.460080 0.358258
v -1.109308 -0.493542 0.378779
v -1.080057 -0.327429 0.481827
v -1.078258 -0.316062 0.444566
v -1.109129 -0.119223 0.473546
v -1.103815 -0.119781 0.435118
v -1.375527 0.239553 0.455546
v -1.380924 0.251028 0.492628
v -1.526994 0.420282 0.384086
v -1.532934 0.449280 0.410546
v -1.505667 0.477711 0.414687
v -1.459318 0.516636 0.109408
v -1.489648 0.496935 0.094466
v -1.488384 0.458091 0.092128
v -1.413327 0.532791 -0.166892
v -1.405945 0.570636 -0.162573
v -1.189947 0.562194 -0.384782
v -1.200927 0.524781 -0.390992
v -0.544556 -0.537795 -0.030994
v -0.522954 -0.547155 -0.009125
v -0.545908 -0.529020 -0.027303
v -0.526284 -0.552213 -0.016503
v -0.542846 -0.537003 -0.058354
v -0.543656 -0.528021 -0.061684
v -0.064947 -0.119826 -0.542463
v -0.069809 -0.122274 -0.534453
v -0.064858 -0.092682 -0.546153
v -0.069630 -0.088137 -0.539133
v -1.197954 0.449028 -0.318094
v -1.161596 0.426726 -0.000394
v -1.181399 0.460701 -0.000662
v -1.036228 0.460485 0.317217
v -1.016604 0.426807 0.317578
v -1.007787 0.418860 0.423146
v -1.161685 0.494748 -0.000394
v -1.016878 0.494577 0.317396
v -0.990058 0.477720 0.450149
v -1.217667 0.482985 -0.317823
v -1.197954 0.517086 -0.317641
v -1.149806 0.439596 -0.492873
v -1.016068 0.449235 0.445919
v -1.169424 0.416304 -0.467491
v -1.148996 0.392985 -0.442834
v -1.079700 0.113040 -0.518434
v -1.097786 0.105678 -0.484324
v -1.080057 0.114705 -0.450483
v -0.928947 -0.104103 -0.505473
v -0.929578 -0.102564 -0.437794
v -0.946854 -0.111474 -0.471632
v -0.880078 -0.320859 -0.490442
v -0.880799 -0.319338 -0.422492
v -0.898254 -0.328428 -0.456423
v -0.939480 0.360225 0.504328
v -0.949196 0.342153 0.470848
v -0.803936 0.144072 0.520616
v -0.818788 0.132651 0.486239
v -0.683430 -0.100080 0.513416
v -0.693510 -0.115101 0.478497
v -0.408298 -0.338418 0.577769
v -0.046854 0.286200 -0.535353
v -0.064769 0.265437 -0.534542
v -0.069445 0.265095 -0.526083
v -0.057120 0.240471 -0.542823
v -0.046944 0.291204 -0.527072
v -0.059818 0.233694 -0.536523
v 0.356165 0.528057 -0.321964
v 0.351393 0.519894 -0.323673
v 0.356255 0.534276 -0.295322
v 0.351482 0.527715 -0.290103
v -0.819420 -0.430272 -0.512583
v -0.796197 -0.459342 -0.522934
v -0.886738 -0.531261 -0.351843
v -0.519356 0.558423 0.072147
v -0.265826 0.563553 -0.242224
v -0.536096 0.527787 0.053429
v -0.276180 0.538992 -0.248884
v -0.638880 0.532089 0.291928
v -0.615479 0.560241 0.305338
v -0.685860 0.452457 0.469859
v -0.672354 0.474885 0.499378
v -0.745887 0.229311 0.560757
v -0.746340 0.206199 0.529079
v -0.884754 0.020142 0.557966
v -0.872340 0.025020 0.521158
v -1.131445 -0.219222 0.535468
v -1.126405 -0.226890 0.573539
v -1.304336 -0.383553 0.486417
v -1.315679 -0.403488 0.518727
v -1.296776 -0.436914 0.528536
v -1.408829 -0.469602 0.307409
v -1.398749 -0.507492 0.299849
v -1.278690 -0.449541 0.010678
v -1.301095 -0.477351 -0.003274
v -1.288680 -0.514683 -0.006151
v -0.705478 0.261243 -0.462362
v -0.695309 0.284985 -0.433921
v -0.695034 0.268812 -0.498452
v -0.528268 0.055683 -0.430952
v -0.532134 0.027576 -0.492513
v -0.540237 0.026496 -0.454624
v -0.464280 -0.142434 -0.430952
v -0.491636 -0.149238 -0.454713
v -0.486239 -0.154773 -0.492691
v -0.493888 -0.356319 -0.456783
v -0.488395 -0.360918 -0.489364
v -0.462206 -0.415953 -0.467763
v -0.463827 -0.414603 -0.458222
v -0.198418 0.465930 0.282748
v -0.215337 0.484029 -0.035492
v -0.234776 0.450189 -0.035852
v -0.360239 0.484182 -0.353374
v -0.379946 0.450234 -0.353731
v -0.389037 0.434295 -0.444183
v -0.381656 0.464967 -0.466774
v -0.429989 0.373077 -0.540753
v -0.451584 0.378090 -0.508172
v -0.441504 0.359793 -0.475144
v -0.179157 0.500175 0.282387
v -0.582088 0.168624 -0.523384
v -0.567146 0.156906 -0.489004
v -0.565347 0.156807 -0.557044
v -0.611428 -0.073341 -0.519155
v -0.601705 -0.088380 -0.484232
v -0.592435 -0.084519 -0.551193
v -0.732120 -0.302589 -0.573063
v -0.731399 -0.320148 -0.607172
v -0.708808 -0.313767 -0.545704
v -0.819420 -0.430272 -0.512583
v -0.813116 -0.411003 -0.480812
v -0.907976 -0.501876 -0.338072
v -0.893214 -0.479466 -0.309903
v -0.178800 0.432495 0.282837
v -0.215337 0.416331 -0.035585
v -0.226769 0.388242 0.415047
v -0.234776 0.450189 -0.035852
v -0.198418 0.465930 0.282748
v -0.246929 0.416853 0.432776
v -0.311007 0.128052 0.466618
v -0.293010 0.120681 0.432866
v -0.510718 -0.306315 0.477869
v -0.360239 0.416223 -0.353464
v -0.379946 0.450234 -0.353731
v -0.389037 0.434295 -0.444183
v -0.363659 0.406872 -0.440403
v -1.286160 -0.512838 0.032098
v -1.281024 -0.552429 0.030117
v -1.284086 -0.508167 0.008969
v -1.278058 -0.545634 -0.003542
v -1.422329 0.330570 0.487948
v -1.430699 0.331983 0.448889
v -1.446087 0.349929 0.449517
v -1.444830 0.356679 0.488937
v -1.435197 0.388080 0.478497
v -1.439516 0.371502 0.442317
v -0.269966 0.513621 -0.238444
v -0.276180 0.538992 -0.248884
v -0.536096 0.527787 0.053429
v -0.530424 0.491175 0.067378
v -0.638880 0.532089 0.291928
v -0.625648 0.495702 0.289048
v -0.685860 0.452457 0.469859
v -0.661917 0.428031 0.451409
v -0.227490 0.446535 0.450598
v -0.246929 0.416853 0.432776
v -0.293724 0.118845 0.500638
v -0.311007 0.128052 0.466618
v -0.510718 -0.306315 0.477869
v -0.493256 -0.314901 0.512156
v -0.582534 -0.488367 0.361589
v -0.574706 -0.522846 0.379407
v -0.591714 -0.541125 0.083847
v -0.600895 -0.504891 0.071158
v -0.373917 -0.507690 -0.332133
v -0.382919 -0.469665 -0.326554
v -0.323607 -0.358272 -0.498991
v -0.343767 -0.339039 -0.471903
v -0.257819 -0.109728 -0.534724
v -0.492535 -0.314262 0.444206
v -0.582534 -0.488367 0.361589
v -0.553379 -0.468288 0.344759
v -0.600895 -0.504891 0.071158
v -0.572729 -0.477720 0.067467
v -0.382919 -0.469665 -0.326554
v -0.355110 -0.444474 -0.315931
v -0.326127 -0.327069 -0.439682
v -0.343767 -0.339039 -0.471903
v -0.276627 -0.101898 -0.470822
v -0.284454 -0.098919 -0.508621
v -0.156388 0.114282 -0.497463
v -0.156024 0.114039 -0.458222
v -0.020398 0.289953 -0.455073
v -0.027237 0.295812 -0.492063
v 0.064925 0.436419 -0.417092
v 0.060152 0.453267 -0.452104
v 0.070953 0.514431 -0.353464
v 0.074284 0.476793 -0.343651
v 0.056280 0.506322 -0.230702
v 0.063036 0.468153 -0.235385
v -0.018956 0.456354 -0.001472
v -0.018420 0.495495 0.000688
v -0.020844 0.466227 0.068998
v -0.020666 0.477963 0.069627
v 0.367770 0.486000 -0.310353
v 0.351393 0.519894 -0.323673
v 0.351482 0.527715 -0.290103
v 0.367955 0.491373 -0.287223
v -0.041457 0.233451 -0.501061
v -0.059818 0.233694 -0.536523
v -0.069445 0.265095 -0.526083
v -0.048029 0.255024 -0.493862
v -0.032545 0.272961 -0.494583
v -0.046944 0.291204 -0.527072
v -0.053247 -0.088668 -0.502682
v -0.053336 -0.112131 -0.499444
v -0.069630 -0.088137 -0.539133
v -0.069809 -0.122274 -0.534453
v -0.927594 0.347175 0.438809
v -0.949196 0.342153 0.470848
v -0.802048 0.144252 0.452847
v -0.818788 0.132651 0.486239
v -0.674064 -0.104121 0.446097
v -0.693510 -0.115101 0.478497
v -0.431877 -0.349218 0.549506
v -0.430346 -0.331524 0.515847
v -0.347997 -0.458217 0.465626
v -0.330624 -0.409968 0.423867
v -0.353847 -0.438597 0.433858
v -0.264480 -0.527805 0.302369
v -0.277890 -0.505674 0.272579
v -0.255746 -0.476586 0.257908
v -0.050006 -0.524547 -0.126304
v -0.049196 -0.486189 -0.120814
v -0.074039 -0.465129 -0.380373
v -0.070619 -0.498672 -0.400712
v -0.102837 -0.318123 -0.519604
v -0.103915 -0.306666 -0.481983
v -0.068724 -0.084609 -0.517534
v -0.074039 -0.085230 -0.478474
v 0.212972 0.297396 -0.482972
v 0.218012 0.309168 -0.519961
v 0.354456 0.451548 -0.401343
v 0.352746 0.480600 -0.427803
v 0.375240 0.507438 -0.156633
v 0.374252 0.468837 -0.154024
v 0.237451 0.517050 0.079346
v 0.244565 0.479916 0.083936
v 0.097231 0.511380 0.248007
v 0.091381 0.446031 0.229828
v 0.078781 0.483201 0.227576
v 0.040350 0.428319 0.382377
v 0.020286 0.454401 0.403347
v 0.039272 0.478431 0.427736
v 0.006333 0.320904 0.476159
v -0.009865 0.327582 0.510896
v 0.012540 0.339246 0.540776
v -0.008430 -0.068508 0.532498
v -0.030835 -0.070371 0.500277
v -0.014184 -0.069030 0.464726
v 0.004445 -0.119493 0.513687
v 0.001746 -0.119709 0.481827
v -0.006088 -0.120330 0.498567
v -1.159618 0.586206 -0.340682
v -1.161960 0.547560 -0.350583
v -1.183644 0.589149 -0.365253
v -1.178426 0.549576 -0.367413
v -1.172218 0.548442 -0.390271
v -1.174560 0.587502 -0.398374
v -0.467425 0.330903 -0.518344
v -0.482545 0.333135 -0.555241
v -0.467335 0.307314 -0.516274
v -0.482455 0.298800 -0.552271
v -0.838138 0.246852 0.531149
v -0.836160 0.206289 0.503518
v -0.837870 0.214371 0.542667
v -0.836339 0.228609 0.495687
v -0.492357 -0.001161 -0.525633
v -0.494698 -0.007164 -0.486123
v -0.516389 -0.025902 -0.526083
v -0.511164 -0.024156 -0.486484
v -0.504957 -0.046746 -0.483064
v -0.507298 -0.058779 -0.521132
v -0.937674 -0.130248 -0.519155
v -0.926070 -0.127287 -0.480994
v -0.926969 -0.150309 -0.475594
v -0.939027 -0.163764 -0.511234
v -0.264205 0.187164 0.470758
v -0.255835 0.172323 0.506938
v -0.267989 0.209583 0.477326
v -0.261417 0.204948 0.516479
v -0.452847 -0.349902 0.578126
v -0.456178 -0.315963 0.582987
v -0.433044 -0.337770 0.545548
v -0.435386 -0.314451 0.548878
v -0.920940 -0.065151 0.613227
v -0.941725 -0.039249 0.604136
v -0.914094 -0.066186 0.573807
v -0.928404 -0.048384 0.567596
v -0.919224 -0.027225 0.562199
v -0.928500 -0.008442 0.596219
v -0.332066 0.561303 -0.155912
v -0.323339 0.600264 -0.157893
v -0.334765 0.559773 -0.132422
v -0.327205 0.598041 -0.123691
v -1.101205 -0.505422 0.267896
v -1.113270 -0.543420 0.270598
v -1.100306 -0.504036 0.244316
v -1.112006 -0.541404 0.236217
v -0.661464 0.487620 0.425038
v -0.692610 0.504999 0.458697
v -0.682077 0.521451 0.430346
v -0.668756 0.476316 0.444477
v -0.821219 -0.509310 -0.472082
v -0.812849 -0.464814 -0.491074
v -0.813206 -0.470358 -0.468123
v -0.820766 -0.501237 -0.505562
v -1.094998 0.468864 0.141985
v -1.121997 0.494262 0.174206
v -1.121544 0.498681 0.140097
v -1.095355 0.465831 0.165476
v -0.101937 -0.529083 0.005367
v -0.103558 -0.528642 0.028947
v -0.098964 -0.568692 0.000866
v -0.101395 -0.568053 0.035246
v 0.053671 0.472671 0.395248
v 0.044401 0.457452 0.432148
v 0.059521 0.511551 0.402358
v 0.046021 0.489402 0.456088
v 0.037830 0.468639 0.412349
v 0.036484 0.505692 0.427287
v -1.310097 -0.423270 0.491818
v -1.340337 -0.436221 0.514587
v -1.306320 -0.402696 0.502886
v -1.334850 -0.406278 0.530696
v -0.034797 -0.316854 -0.517263
v -0.068010 -0.323235 -0.537423
v -0.034254 -0.096408 -0.532743
v -0.005635 -0.108657 -0.508982
v 0.266160 0.261558 -0.528064
v 0.244654 0.291222 -0.542734
v 0.417634 0.467721 -0.444993
v 0.384606 0.488898 -0.449762
v -0.814469 -0.508221 -0.503492
v -0.761096 -0.499374 -0.504213
v -0.820766 -0.501237 -0.505562
v -0.767036 -0.506736 -0.502503
v -0.790704 -0.496269 -0.521675
v -0.790615 -0.504270 -0.516274
v -1.106424 -0.548541 0.239548
v -1.112006 -0.541404 0.236217
v -1.081588 -0.542466 0.220109
v -1.082309 -0.549378 0.226676
v -0.910139 -0.176697 -0.516902
v -0.884850 -0.137970 -0.527703
v -0.885928 -0.164619 -0.521403
v -0.907976 -0.123399 -0.529502
v -0.933266 -0.162126 -0.518701
v -0.932188 -0.135477 -0.525001
v -0.885928 -0.164619 -0.521403
v -0.879536 -0.166896 -0.514654
v -0.932188 -0.135477 -0.525001
v -0.884850 -0.137970 -0.527703
v -0.937674 -0.130248 -0.519155
v -0.878190 -0.133380 -0.522481
v -0.907976 -0.123399 -0.529502
v -0.907345 -0.115056 -0.524734
v -0.489658 -0.008622 -0.531034
v -0.456178 -0.041229 -0.522753
v -0.508740 -0.028296 -0.531394
v -0.463380 -0.015093 -0.526715
v -0.475259 -0.060903 -0.523113
v -0.501537 -0.054441 -0.527432
v -0.463380 -0.015093 -0.526715
v -0.459329 -0.009297 -0.520143
v -0.501537 -0.054441 -0.527432
v -0.489658 -0.008622 -0.531034
v -0.507298 -0.058779 -0.521132
v -0.492357 -0.001161 -0.525633
v -0.508740 -0.028296 -0.531394
v -0.516389 -0.025902 -0.526083
v -0.430524 0.301194 -0.567213
v -0.477415 0.301698 -0.560013
v -0.430614 0.328500 -0.569554
v -0.453925 0.287802 -0.562444
v -0.477505 0.329004 -0.562262
v -0.454104 0.342396 -0.567124
v -0.430524 0.301194 -0.567213
v -0.423507 0.298170 -0.561452
v -0.482545 0.333135 -0.555241
v -0.430614 0.328500 -0.569554
v -0.477505 0.329004 -0.562262
v -0.423596 0.332496 -0.564332
v -0.454104 0.342396 -0.567124
v -0.453115 0.349974 -0.561273
v -1.142514 0.589716 -0.400351
v -1.141525 0.582912 -0.407012
v -1.168799 0.593370 -0.393423
v -1.174560 0.587502 -0.398374
v -1.189947 0.562194 -0.384782
v -1.200927 0.524781 -0.390992
v -0.875484 0.436644 -0.504303
v -0.853889 0.469512 -0.505202
v -0.845519 0.488295 -0.471543
v -0.674160 0.300303 -0.506373
v -0.663805 0.324297 -0.477843
v -0.695034 0.268812 -0.498452
v -0.499738 0.087453 -0.483964
v -0.511974 0.057978 -0.507543
v -0.532134 0.027576 -0.492513
v -0.425574 -0.146709 -0.483871
v -0.453300 -0.153513 -0.507543
v -0.486239 -0.154773 -0.492691
v -0.432598 -0.348480 -0.481533
v -0.457709 -0.356985 -0.501693
v -0.488395 -0.360918 -0.489364
v -0.446008 -0.412317 -0.465425
v -0.462206 -0.415953 -0.467763
v -0.453300 -0.414801 -0.471364
v -0.542846 -0.537003 -0.058354
v -0.543656 -0.528021 -0.061684
v -0.518546 -0.545148 -0.077793
v -0.522865 -0.550620 -0.071221
v -0.041725 -0.134109 -0.544983
v -0.018235 -0.094104 -0.554973
v -0.018420 -0.121248 -0.551283
v -0.064947 -0.119826 -0.542463
v -0.041457 -0.079821 -0.552453
v -0.064858 -0.092682 -0.546153
v -0.018420 -0.121248 -0.551283
v -0.011128 -0.124065 -0.545614
v -0.064858 -0.092682 -0.546153
v -0.018235 -0.094104 -0.554973
v -0.069630 -0.088137 -0.539133
v -0.011039 -0.089928 -0.550201
v -0.041457 -0.079821 -0.552453
v -0.040194 -0.071964 -0.547053
v -0.005457 -0.482985 -0.414304
v -0.036150 -0.507735 -0.417813
v -0.207330 0.536481 -0.260042
v -0.218935 0.527976 -0.271382
v -0.211464 0.526032 -0.264093
v -0.064769 0.265437 -0.534542
v -0.031645 0.236259 -0.551914
v -0.057120 0.240471 -0.542823
v -0.013737 0.257022 -0.552632
v -0.046854 0.286200 -0.535353
v -0.021387 0.281988 -0.544354
v -0.057120 0.240471 -0.542823
v -0.059818 0.233694 -0.536523
v -0.021387 0.281988 -0.544354
v -0.031645 0.236259 -0.551914
v -0.014815 0.285912 -0.538504
v -0.027690 0.228402 -0.547952
v -0.013737 0.257022 -0.552632
v -0.005278 0.254511 -0.548941
v 0.356165 0.528057 -0.321964
v 0.379381 0.529281 -0.336452
v 0.380555 0.521433 -0.341852
v 0.402782 0.536715 -0.324213
v 0.351393 0.519894 -0.323673
v 0.409985 0.530784 -0.326461
v -1.278058 -0.545634 -0.003542
v -1.270230 -0.550197 -0.000212
v -1.248896 -0.531882 -0.015874
v -1.247097 -0.539262 -0.009931
v -1.222797 -0.524925 0.005546
v -1.226395 -0.533727 0.007077
v -0.347639 0.467208 -0.485492
v -0.321540 0.438723 -0.481351
v -0.429989 0.373077 -0.540753
v -0.398218 0.349713 -0.539672
v -0.565347 0.156807 -0.557044
v -0.533755 0.133344 -0.555962
v -0.592435 -0.084519 -0.551193
v -0.563280 -0.110952 -0.548852
v -0.731399 -0.320148 -0.607172
v -0.706734 -0.348975 -0.613204
v -0.819420 -0.430272 -0.512583
v -0.796197 -0.459342 -0.522934
v -0.265826 0.563553 -0.242224
v -0.276180 0.538992 -0.248884
v -0.220919 0.535815 -0.274173
v -0.217589 0.543294 -0.272103
v -1.278690 -0.449541 0.010678
v -1.301095 -0.477351 -0.003274
v -1.288680 -0.514683 -0.006151
v -1.139815 -0.465480 -0.079592
v -1.142878 -0.502281 -0.077882
v -1.003468 -0.463122 -0.076715
v -0.996176 -0.503595 -0.073384
v -0.793588 -0.497466 -0.123063
v -0.787827 -0.459162 -0.124594
v -0.731399 -0.485919 -0.094804
v -0.729600 -0.473958 -0.095254
v -1.040815 -0.475686 0.344937
v -1.070966 -0.451719 0.341696
v -1.105078 -0.460080 0.358258
v -1.078258 -0.316062 0.444566
v -1.010850 -0.317241 0.446458
v -1.044234 -0.310986 0.427108
v -1.103815 -0.119781 0.435118
v -1.040815 -0.095805 0.443038
v -1.069798 -0.108162 0.419638
v -1.349160 0.257355 0.433137
v -1.375527 0.239553 0.455546
v -1.327826 0.286803 0.447447
v -1.493877 0.421515 0.360957
v -1.526994 0.420282 0.384086
v -1.468856 0.449640 0.363837
v 0.040350 0.428319 0.382377
v 0.078513 0.426168 0.385528
v 0.044133 0.325746 0.471026
v 0.006333 0.320904 0.476159
v 0.024783 -0.065817 0.461489
v -0.014184 -0.069030 0.464726
v 0.001746 -0.119709 0.481827
v 0.020011 -0.118260 0.480296
v -1.149806 0.439596 -0.492873
v -1.110207 0.439236 -0.492962
v -1.079700 0.113040 -0.518434
v -1.043967 0.129492 -0.518434
v -0.928947 -0.104103 -0.505473
v -0.893310 -0.087705 -0.505652
v -0.844530 -0.304227 -0.490353
v -0.880078 -0.320859 -0.490442
v -0.829404 -0.367308 -0.467042
v -0.842189 -0.373212 -0.467134
v -0.644634 -0.078273 0.448796
v -0.382466 -0.292419 0.537627
v -0.406135 -0.303543 0.510086
v -0.188516 0.388773 0.414508
v -0.226769 0.388242 0.415047
v -0.257634 0.104139 0.432598
v -0.246929 0.416853 0.432776
v -0.311007 0.128052 0.466618
v -0.293010 0.120681 0.432866
v -1.222797 -0.524925 0.005546
v -1.246108 -0.493938 0.015269
v -1.248896 -0.531882 -0.015874
v -1.264016 -0.498717 0.000598
v -1.284086 -0.508167 0.008969
v -1.278058 -0.545634 -0.003542
v -0.218935 0.527976 -0.271382
v -0.269966 0.513621 -0.238444
v -0.220919 0.535815 -0.274173
v -0.276180 0.538992 -0.248884
v -0.685860 0.452457 0.469859
v -0.661917 0.428031 0.451409
v -0.624749 0.425295 0.461489
v -0.746340 0.206199 0.529079
v -0.694677 0.169713 0.553557
v -0.721140 0.176553 0.525477
v -0.872340 0.025020 0.521158
v -0.816536 -0.011160 0.534929
v -0.838227 0.009423 0.509636
v -1.113895 -0.241371 0.508469
v -1.131445 -0.219222 0.535468
v -1.091215 -0.271323 0.519266
v -1.275359 -0.396936 0.464548
v -1.304336 -0.383553 0.486417
v -1.256634 -0.429246 0.473817
v -0.323607 -0.358272 -0.498991
v -0.285718 -0.365283 -0.493412
v -0.343767 -0.339039 -0.471903
v -0.223618 -0.123462 -0.522753
v -0.257819 -0.109728 -0.534724
v -0.284454 -0.098919 -0.508621
v -0.156388 0.114282 -0.497463
v -0.129114 0.094374 -0.517352
v -0.101484 0.074295 -0.498092
v -0.027237 0.295812 -0.492063
v 0.027393 0.261432 -0.507543
v -0.003479 0.281592 -0.518523
v 0.060152 0.453267 -0.452104
v 0.091292 0.458262 -0.475862
v 0.127025 0.446013 -0.463983
v -0.492535 -0.314262 0.444206
v -0.457345 -0.330525 0.444206
v -0.553379 -0.468288 0.344759
v -0.517467 -0.481644 0.345387
v 0.408096 0.493479 -0.312244
v 0.409985 0.530784 -0.326461
v 0.380555 0.521433 -0.341852
v 0.387930 0.487053 -0.322774
v 0.367770 0.486000 -0.310353
v 0.351393 0.519894 -0.323673
v -0.480835 -0.526896 -0.052232
v -0.495598 -0.563283 -0.059614
v -0.518546 -0.545148 -0.077793
v -0.496587 -0.514431 -0.064743
v -0.513869 -0.502668 -0.053581
v -0.543656 -0.528021 -0.061684
v -0.974039 0.417393 0.404967
v -0.896097 0.370314 0.439797
v -0.927594 0.347175 0.438809
v -0.770366 0.167283 0.453657
v -0.802048 0.144252 0.452847
v -0.644634 -0.078273 0.448796
v -0.674064 -0.104121 0.446097
v -0.430346 -0.331524 0.515847
v -0.406135 -0.303543 0.510086
v -0.330624 -0.409968 0.423867
v -0.353847 -0.438597 0.433858
v -0.070619 -0.498672 -0.400712
v -0.036150 -0.507735 -0.417813
v -0.068010 -0.323235 -0.537423
v -0.102837 -0.318123 -0.519604
v -0.034254 -0.096408 -0.532743
v -0.068724 -0.084609 -0.517534
v 0.218012 0.309168 -0.519961
v 0.244654 0.291222 -0.542734
v 0.352746 0.480600 -0.427803
v 0.237451 0.517050 0.079346
v 0.244565 0.479916 0.083936
v 0.091381 0.446031 0.229828
v 0.078781 0.483201 0.227576
v -1.117499 0.579978 -0.382443
v -1.133066 0.543276 -0.379292
v -1.141525 0.582912 -0.407012
v -1.149538 0.545292 -0.396214
v -1.172218 0.548442 -0.390271
v -1.174560 0.587502 -0.398374
v -0.948660 0.444807 0.408837
v -0.294720 0.588357 -0.172742
v -0.312360 0.553122 -0.166174
v -0.332066 0.561303 -0.155912
v -0.295345 0.543411 -0.152943
v -0.323339 0.600264 -0.157893
v -0.269877 0.574227 -0.153574
v -1.052426 -0.545535 0.238288
v -1.059444 -0.506880 0.245666
v -1.081588 -0.542466 0.220109
v -1.079425 -0.504765 0.233158
v -1.100306 -0.504036 0.244316
v -1.112006 -0.541404 0.236217
v -0.661464 0.487620 0.425038
v -0.682077 0.521451 0.430346
v -0.639780 0.497151 0.424317
v -0.650484 0.535320 0.429268
v -0.761096 -0.499374 -0.504213
v -0.771897 -0.463527 -0.490264
v -0.790704 -0.496269 -0.521675
v -0.792235 -0.461394 -0.502143
v -0.812849 -0.464814 -0.491074
v -0.820766 -0.501237 -0.505562
v -1.094998 0.468864 0.141985
v -1.121544 0.498681 0.140097
v -1.095177 0.515007 0.125156
v -1.076905 0.480078 0.131727
v -1.058997 0.488259 0.144959
v -1.069166 0.526914 0.144416
v -0.062970 -0.516789 0.007798
v -0.042178 -0.550791 0.004468
v -0.069445 -0.560061 -0.014522
v -0.081599 -0.523152 -0.005252
v -0.101937 -0.529083 0.005367
v -0.098964 -0.568692 0.000866
v 0.076083 0.465507 0.397946
v 0.092191 0.501129 0.406227
v 0.053671 0.472671 0.395248
v 0.059521 0.511551 0.402358
v -1.310097 -0.423270 0.491818
v -1.318920 -0.462735 0.519716
v -1.340337 -0.436221 0.514587
v -1.295430 -0.441486 0.495326
v -1.318920 -0.462735 0.519716
v -1.321529 -0.458622 0.527997
v -1.300106 -0.455895 0.544916
v -1.292004 -0.459306 0.540958
v -0.048207 -0.558279 0.035157
v -0.093388 -0.572508 0.032366
v -0.091500 -0.573021 0.005007
v -0.071697 -0.565137 0.047397
v -0.046319 -0.558783 0.007887
v -0.067914 -0.566163 -0.007233
v -0.093388 -0.572508 0.032366
v -0.074128 -0.558774 0.054236
v -0.101395 -0.568053 0.035246
v -0.071697 -0.565137 0.047397
v -0.091500 -0.573021 0.005007
v -0.098964 -0.568692 0.000866
v -0.069445 -0.560061 -0.014522
v -0.067914 -0.566163 -0.007233
v -0.791336 -0.517104 -0.463083
v -0.767036 -0.506736 -0.502503
v -0.767399 -0.513153 -0.475862
v -0.790615 -0.504270 -0.516274
v -0.814826 -0.514638 -0.476854
v -0.814469 -0.508221 -0.503492
v -0.821219 -0.509310 -0.472082
v -0.791336 -0.517104 -0.463083
v -0.791700 -0.512406 -0.454624
v -0.761639 -0.507438 -0.470732
v -0.814826 -0.514638 -0.476854
v -0.767399 -0.513153 -0.475862
v -1.106424 -0.548541 0.239548
v -1.060165 -0.553428 0.268527
v -1.084376 -0.552591 0.281399
v -1.107509 -0.550143 0.266907
v -1.082309 -0.549378 0.226676
v -1.059176 -0.551826 0.241168
v -1.113270 -0.543420 0.270598
v -1.084376 -0.552591 0.281399
v -1.084197 -0.546498 0.288777
v -1.107509 -0.550143 0.266907
v -1.060165 -0.553428 0.268527
v -1.053779 -0.547551 0.272668
v -1.052426 -0.545535 0.238288
v -1.081588 -0.542466 0.220109
v -1.059176 -0.551826 0.241168
v -1.082309 -0.549378 0.226676
v -0.404246 -0.344799 0.601259
v -0.425395 -0.359487 0.591986
v -0.422786 -0.365364 0.584879
v -0.449338 -0.347193 0.586678
v -0.396144 -0.346887 0.596487
v -0.452847 -0.349902 0.578126
v -0.224696 0.169182 0.499196
v -0.255835 0.172323 0.506938
v -0.226227 0.163746 0.491457
v -0.248186 0.176004 0.511528
v -0.933266 -0.162126 -0.518701
v -0.910139 -0.176697 -0.516902
v -0.909954 -0.182088 -0.508982
v -0.885928 -0.164619 -0.521403
v -0.939027 -0.163764 -0.511234
v -0.879536 -0.166896 -0.514654
v -0.475259 -0.060903 -0.523113
v -0.474264 -0.066906 -0.515642
v -0.501537 -0.054441 -0.527432
v -0.507298 -0.058779 -0.521132
v -0.477415 0.301698 -0.560013
v -0.453925 0.287802 -0.562444
v -0.452937 0.281322 -0.555423
v -0.430524 0.301194 -0.567213
v -0.482455 0.298800 -0.552271
v -0.423507 0.298170 -0.561452
v -1.008234 -0.586971 -0.160142
v -1.095534 -0.557172 0.081149
v -0.973675 -0.599643 -0.147274
v -1.128300 -0.540513 0.067557
v -1.109308 -0.493542 0.378779
v -1.078704 -0.518301 0.382377
v -0.506309 -0.565839 -0.029374
v -0.544556 -0.537795 -0.030994
v -0.542846 -0.537003 -0.058354
v -0.526284 -0.552213 -0.016503
v -0.504600 -0.565038 -0.056733
v -0.522865 -0.550620 -0.071221
v -0.522954 -0.547155 -0.009125
v -0.526284 -0.552213 -0.016503
v -0.506309 -0.565839 -0.029374
v -0.497754 -0.564282 -0.025233
v -0.518546 -0.545148 -0.077793
v -0.495598 -0.563283 -0.059614
v -0.522865 -0.550620 -0.071221
v -0.504600 -0.565038 -0.056733
v -0.064947 -0.119826 -0.542463
v -0.041725 -0.134109 -0.544983
v -0.040558 -0.140238 -0.537694
v -0.018420 -0.121248 -0.551283
v -0.069809 -0.122274 -0.534453
v -0.011128 -0.124065 -0.545614
v -0.880078 -0.320859 -0.490442
v -0.880799 -0.319338 -0.422492
v -0.898254 -0.328428 -0.456423
v -0.848760 -0.375903 -0.454891
v -0.842189 -0.373212 -0.467134
v -0.842457 -0.372663 -0.442652
v -0.408298 -0.338418 0.577769
v -0.431877 -0.349218 0.549506
v -0.347997 -0.458217 0.465626
v -0.318656 -0.448875 0.487406
v -0.228747 -0.520515 0.317396
v -0.264480 -0.527805 0.302369
v -0.018510 -0.546426 -0.117934
v 0.014072 -0.529146 -0.103892
v -0.005457 -0.482985 -0.414304
v -0.036150 -0.507735 -0.417813
v -0.453300 -0.414801 -0.471364
v -0.447629 -0.410976 -0.456062
v -0.462206 -0.415953 -0.467763
v -0.446008 -0.412317 -0.465425
v -0.456535 -0.412110 -0.452371
v -0.463827 -0.414603 -0.458222
v -0.537627 -0.536535 0.379946
v -0.508919 -0.515619 0.362756
v -0.554189 -0.549756 0.092846
v -0.526559 -0.522153 0.089158
v -0.336749 -0.519912 -0.326822
v -0.309029 -0.493974 -0.315931
v 0.099662 0.424674 -0.405395
v 0.131076 0.429111 -0.428432
v 0.141602 0.481725 -0.344462
v 0.109200 0.460701 -0.339154
v 0.128014 0.477306 -0.218013
v 0.098763 0.453564 -0.228992
v 0.012362 0.435645 0.009957
v 0.044222 0.454122 0.023546
v -0.001858 0.465543 0.076466
v -0.011485 0.460008 0.072418
v -1.228736 -0.539127 0.033808
v -1.272654 -0.555606 0.026608
v -1.226395 -0.533727 0.007077
v -1.251869 -0.550071 0.043617
v -1.270230 -0.550197 -0.000212
v -1.247097 -0.539262 -0.009931
v -1.272654 -0.555606 0.026608
v -1.254925 -0.545472 0.051448
v -1.281024 -0.552429 0.030117
v -1.278058 -0.545634 -0.003542
v -1.251869 -0.550071 0.043617
v -1.270230 -0.550197 -0.000212
v -1.225770 -0.531720 0.039208
v -1.228736 -0.539127 0.033808
v -0.823196 -0.364095 -0.454891
v -0.842189 -0.373212 -0.467134
v -0.829404 -0.367308 -0.467042
v -0.848760 -0.375903 -0.454891
v -0.829678 -0.366759 -0.442652
v -0.842457 -0.372663 -0.442652
v 0.030544 -0.117423 0.495416
v 0.001746 -0.119709 0.481827
v 0.020011 -0.118260 0.480296
v -0.006088 -0.120330 0.498567
v 0.022710 -0.118044 0.512067
v 0.004445 -0.119493 0.513687
v -0.706734 -0.348975 -0.613204
v -0.683155 -0.359982 -0.584942
v -0.766768 -0.468702 -0.501154
v -0.796197 -0.459342 -0.522934
v -0.886738 -0.531261 -0.351843
v -0.851459 -0.538830 -0.336994
v -1.493877 0.421515 0.360957
v -1.526994 0.420282 0.384086
v -1.488384 0.458091 0.092128
v -1.425927 0.457965 0.118228
v -1.457245 0.438615 0.103918
v -1.360229 0.518616 -0.129542
v -1.389926 0.506763 -0.150244
v -1.413327 0.532791 -0.166892
v -1.169334 0.505926 -0.334292
v -1.190490 0.496953 -0.365432
v -1.200927 0.524781 -0.390992
v -0.888359 0.422748 -0.470011
v -0.880167 0.441477 -0.436894
v -0.875484 0.436644 -0.504303
v -0.705478 0.261243 -0.462362
v -0.695034 0.268812 -0.498452
v 0.260763 0.250119 -0.490892
v 0.386495 0.431253 -0.396664
v 0.418444 0.438678 -0.418084
v 0.354456 0.451548 -0.401343
v 0.436894 0.468396 -0.127653
v 0.374252 0.468837 -0.154024
v 0.404766 0.449091 -0.139622
v 0.299284 0.494280 0.118228
v 0.244565 0.479916 0.083936
v 0.275340 0.468477 0.103286
v 0.140250 0.465264 0.272757
v 0.122253 0.437229 0.252508
v 0.091381 0.446031 0.229828
v 0.040350 0.428319 0.382377
v 0.078513 0.426168 0.385528
v 0.097685 0.449451 0.409557
v -1.398749 -0.507492 0.299849
v -1.288680 -0.514683 -0.006151
v -1.360318 -0.517140 0.294809
v -1.296776 -0.436914 0.528536
v -1.254300 -0.523881 0.003929
v -1.142878 -0.502281 -0.077882
v -1.266804 -0.449658 0.505949
v -1.333408 -0.489528 0.297418
v -1.231709 -0.496431 0.017339
v -1.091215 -0.271323 0.519266
v -1.132255 -0.514080 -0.049352
v -1.114890 -0.489492 -0.024152
v -0.996176 -0.503595 -0.073384
v -0.992125 -0.519120 -0.037922
v -0.992578 -0.494874 -0.006244
v -0.809697 -0.492849 -0.056644
v -0.804300 -0.514413 -0.088954
v -0.736439 -0.484479 -0.074102
v -0.793588 -0.497466 -0.123063
v -0.734729 -0.491211 -0.084182
v -0.731399 -0.485919 -0.094804
v -0.829047 -0.016065 0.572008
v -0.816536 -0.011160 0.534929
v -0.566068 0.514989 0.312806
v -0.589469 0.487359 0.299488
v -0.492535 0.515628 0.117956
v -0.176095 0.416178 -0.035042
v -0.139737 0.432360 0.282659
v -0.178800 0.432495 0.282837
v -0.188516 0.388773 0.414508
v -0.215337 0.416331 -0.035585
v -0.321087 0.416286 -0.352925
v -0.226769 0.388242 0.415047
v -0.360239 0.416223 -0.353464
v -0.363659 0.406872 -0.440403
v -0.329910 0.408348 -0.458493
v -0.388495 0.331650 -0.506283
v -0.410097 0.336663 -0.474245
v -0.851459 -0.538830 -0.336994
v -0.837327 -0.517221 -0.307922
v -0.973675 -0.599643 -0.147274
v -0.950185 -0.577908 -0.129813
v -1.408644 0.335628 0.440968
v -1.390290 0.335862 0.476516
v -1.422329 0.330570 0.487948
v -1.430699 0.331983 0.448889
v -0.218935 0.527976 -0.271382
v -0.246654 0.508743 -0.213783
v -0.269966 0.513621 -0.238444
v -0.211464 0.526032 -0.264093
v -0.530424 0.491175 0.067378
v -0.508740 0.485532 0.099595
v -0.625648 0.495702 0.289048
v -0.589469 0.487359 0.299488
v -0.661917 0.428031 0.451409
v -0.624749 0.425295 0.461489
v -0.574706 -0.522846 0.379407
v -0.537627 -0.536535 0.379946
v -0.554189 -0.549756 0.092846
v -0.591714 -0.541125 0.083847
v -0.373917 -0.507690 -0.332133
v -0.336749 -0.519912 -0.326822
v -0.323607 -0.358272 -0.498991
v -0.285718 -0.365283 -0.493412
v 0.064925 0.436419 -0.417092
v 0.099662 0.424674 -0.405395
v 0.074284 0.476793 -0.343651
v 0.109200 0.460701 -0.339154
v 0.063036 0.468153 -0.235385
v 0.098763 0.453564 -0.228992
v 0.012362 0.435645 0.009957
v -0.018956 0.456354 -0.001472
v -0.020844 0.466227 0.068998
v -0.011485 0.460008 0.072418
v -1.064758 -0.535248 0.090418
v -1.095534 -0.557172 0.081149
v -1.044234 -0.509229 0.365276
v -1.078704 -0.518301 0.382377
v -0.027690 0.228402 -0.547952
v -0.041457 0.233451 -0.501061
v -0.059818 0.233694 -0.536523
v -0.019409 0.229815 -0.508893
v -0.013016 -0.113355 -0.507094
v -0.011128 -0.124065 -0.545614
v -0.040558 -0.140238 -0.537694
v -0.033266 -0.124470 -0.501693
v -0.053336 -0.112131 -0.499444
v -0.069809 -0.122274 -0.534453
v -0.974039 0.417393 0.404967
v -0.927594 0.347175 0.438809
v -0.949196 0.342153 0.470848
v -0.674064 -0.104121 0.446097
v -0.693510 -0.115101 0.478497
v -0.431877 -0.349218 0.549506
v -0.430346 -0.331524 0.515847
v -0.264480 -0.527805 0.302369
v -0.277890 -0.505674 0.272579
v -0.018510 -0.546426 -0.117934
v -0.050006 -0.524547 -0.126304
v -0.070619 -0.498672 -0.400712
v -0.036150 -0.507735 -0.417813
v -0.423507 0.298170 -0.561452
v -0.426837 0.306882 -0.522574
v -0.452937 0.281322 -0.555423
v -0.447086 0.295308 -0.518434
v -0.467335 0.307314 -0.516274
v -0.482455 0.298800 -0.552271
v -0.836160 0.206289 0.503518
v -0.837870 0.214371 0.542667
v -0.815904 0.193977 0.503697
v -0.808440 0.196443 0.542938
v -0.779278 0.211014 0.531688
v -0.795930 0.203985 0.496047
v -0.482277 -0.052326 -0.479374
v -0.474264 -0.066906 -0.515642
v -0.504957 -0.046746 -0.483064
v -0.507298 -0.058779 -0.521132
v -1.158808 0.449145 -0.318273
v -1.122354 0.426897 0.000149
v -1.161596 0.426726 -0.000394
v -1.197954 0.449028 -0.318094
v -1.016604 0.426807 0.317578
v -1.148996 0.392985 -0.442834
v -0.977458 0.426744 0.318028
v -1.007787 0.418860 0.423146
v -1.110928 0.392256 -0.443373
v -0.886018 -0.152460 -0.477932
v -0.879536 -0.166896 -0.514654
v -0.909954 -0.182088 -0.508982
v -0.906898 -0.162900 -0.474063
v -0.926969 -0.150309 -0.475594
v -0.939027 -0.163764 -0.511234
v -0.226227 0.163746 0.491457
v -0.243867 0.181269 0.460136
v -0.227394 0.197793 0.456088
v -0.264205 0.187164 0.470758
v -0.202290 0.187794 0.485518
v -0.255835 0.172323 0.506938
v -0.452847 -0.349902 0.578126
v -0.433044 -0.337770 0.545548
v -0.422786 -0.365364 0.584879
v -0.412438 -0.348390 0.550227
v -0.394077 -0.335691 0.558237
v -0.396144 -0.346887 0.596487
v -0.920940 -0.065151 0.613227
v -0.914094 -0.066186 0.573807
v -0.886828 -0.060264 0.614308
v -0.890604 -0.062829 0.574617
v -0.692610 0.504999 0.458697
v -0.668756 0.476316 0.444477
v -0.654357 0.474552 0.463198
v -0.671729 0.502425 0.485967
v 0.101736 0.484839 0.435118
v 0.082654 0.454320 0.417746
v 0.066813 0.450288 0.434847
v 0.078692 0.478980 0.460047
v -1.318920 -0.462735 0.519716
v -1.295430 -0.441486 0.495326
v -1.276980 -0.439128 0.509997
v -1.292004 -0.459306 0.540958
v -0.009776 -0.449523 -0.393783
v -0.034797 -0.316854 -0.517263
v -0.036507 -0.305496 -0.480002
v -0.005635 -0.108657 -0.508982
v -0.011039 -0.109206 -0.470554
v 0.260763 0.250119 -0.490892
v 0.266160 0.261558 -0.528064
v 0.418444 0.438678 -0.418084
v 0.417634 0.467721 -0.444993
v 0.438062 0.507735 -0.130173
v 0.436894 0.468396 -0.127653
v 0.299284 0.494280 0.118228
v 0.292266 0.531792 0.113727
v 0.140250 0.465264 0.272757
v 0.128014 0.502110 0.270598
v 0.097685 0.449451 0.409557
v 0.078246 0.475830 0.430888
v 0.066724 0.337158 0.500099
v 0.051151 0.343962 0.535379
v 0.030634 -0.065286 0.529079
v 0.047106 -0.063927 0.493617
v 0.022710 -0.118044 0.512067
v 0.030544 -0.117423 0.495416
v 0.092191 0.501129 0.406227
v 0.088950 0.505665 0.414148
v 0.101736 0.484839 0.435118
v 0.096510 0.492705 0.437006
v -0.048207 -0.558279 0.035157
v -0.044520 -0.550152 0.038848
v -0.069445 -0.560061 -0.014522
v -0.042178 -0.550791 0.004468
v -0.067914 -0.566163 -0.007233
v -0.046319 -0.558783 0.007887
v -0.761639 -0.507438 -0.470732
v -0.767399 -0.513153 -0.475862
v -0.761096 -0.499374 -0.504213
v -0.767036 -0.506736 -0.502503
v -0.269877 0.574227 -0.153574
v -0.294720 0.588357 -0.172742
v -0.292646 0.593766 -0.165093
v -0.272939 0.582525 -0.149794
v -0.275995 0.580752 -0.122613
v -0.273660 0.572004 -0.119372
v -0.210118 0.214254 0.502076
v -0.207866 0.220419 0.495059
v -0.202290 0.187794 0.485518
v -0.205614 0.188307 0.494516
v -0.224696 0.169182 0.499196
v -0.226227 0.163746 0.491457
v -0.475259 -0.060903 -0.523113
v -0.456178 -0.041229 -0.522753
v -0.450238 -0.042165 -0.515193
v -0.463380 -0.015093 -0.526715
v -0.474264 -0.066906 -0.515642
v -0.459329 -0.009297 -0.520143
v -0.779278 0.211014 0.531688
v -0.784044 0.216828 0.537717
v -0.784318 0.242658 0.528536
v -0.779636 0.243504 0.520259
v -1.142514 0.589716 -0.400351
v -1.123439 0.587385 -0.380823
v -1.117499 0.579978 -0.382443
v -1.130635 0.588699 -0.354363
v -1.141525 0.582912 -0.407012
v -1.126584 0.581625 -0.349234
v -0.674160 0.300303 -0.506373
v -0.663805 0.324297 -0.477843
v -0.499738 0.087453 -0.483964
v -0.511974 0.057978 -0.507543
v -0.425574 -0.146709 -0.483871
v -0.295434 -0.419823 0.477148
v -0.318656 -0.448875 0.487406
v -0.228747 -0.520515 0.317396
v -0.206877 -0.491175 0.302458
v 0.014072 -0.529146 -0.103892
v 0.014703 -0.490131 -0.098402
v -0.005457 -0.482985 -0.414304
v -0.211464 0.544563 -0.265443
v -0.220919 0.535815 -0.274173
v -0.217589 0.543294 -0.272103
v -0.207330 0.536481 -0.260042
v -0.218935 0.527976 -0.271382
v -0.457345 -0.330525 0.444206
v -0.239994 0.094851 0.466347
v -0.439526 -0.339201 0.477869
v -0.457434 -0.331452 0.512156
v -0.517467 -0.481644 0.345387
v -0.537627 -0.536535 0.379946
v -0.508919 -0.515619 0.362756
v -0.554189 -0.549756 0.092846
v -0.526559 -0.522153 0.089158
v -0.535739 -0.486576 0.076466
v -0.336749 -0.519912 -0.326822
v -0.309029 -0.493974 -0.315931
v -0.318567 -0.456246 -0.310624
v -0.268524 -0.352998 -0.460742
v -0.285718 -0.365283 -0.493412
v -0.289048 -0.334035 -0.434282
v -0.223618 -0.123462 -0.522753
v -0.216147 -0.126315 -0.485042
v -0.101484 0.074295 -0.498092
v -0.101216 0.074070 -0.459032
v 0.034053 0.255717 -0.470193
v 0.027393 0.261432 -0.507543
v 0.131076 0.429111 -0.428432
v 0.127025 0.446013 -0.463983
v 0.138904 0.519777 -0.354274
v 0.141602 0.481725 -0.344462
v 0.121264 0.515736 -0.213333
v 0.128014 0.477306 -0.218013
v 0.044675 0.493335 0.025705
v 0.044222 0.454122 0.023546
v -0.001858 0.465543 0.076466
v -0.001769 0.477306 0.077097
v -1.403158 0.388368 0.475256
v -1.380656 0.367272 0.466079
v -1.403068 0.393372 0.467068
v -1.385250 0.367614 0.474538
v -1.392899 0.342639 0.482816
v -1.390290 0.335862 0.476516
v -1.225770 -0.531720 0.039208
v -1.228736 -0.539127 0.033808
v -1.222797 -0.524925 0.005546
v -1.226395 -0.533727 0.007077
v -0.156299 0.450162 -0.034682
v -0.119934 0.466317 0.282387
v -0.139737 0.432360 0.282659
v -0.176095 0.416178 -0.035042
v -0.301380 0.449964 -0.352564
v -0.321087 0.416286 -0.352925
v -0.176005 0.484200 -0.034953
v -0.139648 0.500436 0.282298
v -0.187884 0.446850 0.450416
v -0.320819 0.484056 -0.352743
v -0.329910 0.408348 -0.458493
v -0.347639 0.467208 -0.485492
v -0.168267 0.417708 0.432055
v -0.257998 0.102177 0.500548
v -0.188516 0.388773 0.414508
v -0.321540 0.438723 -0.481351
v -0.257634 0.104139 0.432598
v -0.398218 0.349713 -0.539672
v -0.388495 0.331650 -0.506283
v -0.533755 0.133344 -0.555962
v -0.519088 0.121851 -0.521675
v -0.563280 -0.110952 -0.548852
v -0.553290 -0.126270 -0.513933
v -0.706734 -0.348975 -0.613204
v -0.683155 -0.359982 -0.584942
v -1.493877 0.421515 0.360957
v -1.468856 0.449640 0.363837
v -1.425927 0.457965 0.118228
v 0.140250 0.465264 0.272757
v 0.122253 0.437229 0.252508
v 0.078513 0.426168 0.385528
v 0.097685 0.449451 0.409557
v 0.044133 0.325746 0.471026
v 0.066724 0.337158 0.500099
v 0.047106 -0.063927 0.493617
v 0.024783 -0.065817 0.461489
v 0.020011 -0.118260 0.480296
v 0.030544 -0.117423 0.495416
v -1.122354 0.494586 0.000149
v -1.139280 0.482616 -0.318094
v -1.158540 0.516807 -0.317734
v -1.102826 0.460728 0.000506
v -0.977458 0.494703 0.318028
v -0.957744 0.460755 0.318295
v -0.948660 0.444807 0.408837
v -1.110207 0.439236 -0.492962
v -1.090679 0.415215 -0.467945
v -1.043967 0.129492 -0.518434
v -1.026594 0.138465 -0.484592
v -0.875670 -0.078687 -0.471725
v -0.893310 -0.087705 -0.505652
v -0.827158 -0.295182 -0.456423
v -0.844530 -0.304227 -0.490353
v -0.823196 -0.364095 -0.454891
v -0.829404 -0.367308 -0.467042
v -1.360318 -0.517140 0.294809
v -1.266804 -0.449658 0.505949
v -1.333408 -0.489528 0.297418
v -1.256634 -0.429246 0.473817
v -1.085996 -0.279234 0.557337
v -1.091215 -0.271323 0.519266
v -0.829047 -0.016065 0.572008
v -0.816536 -0.011160 0.534929
v -0.694677 0.169713 0.553557
v -0.693777 0.192771 0.585596
v -0.624749 0.425295 0.461489
v -0.610439 0.447336 0.490736
v -0.634376 0.472356 0.509907
v -0.566068 0.514989 0.312806
v -0.589469 0.487359 0.299488
v -0.578847 0.551610 0.315775
v -0.492535 0.515628 0.117956
v -0.508740 0.485532 0.099595
v -0.497575 0.551880 0.104546
v -0.233340 0.542493 -0.201361
v -0.246654 0.508743 -0.213783
v -0.246208 0.568575 -0.220083
v -0.207330 0.536481 -0.260042
v -0.211464 0.526032 -0.264093
v -0.211464 0.544563 -0.265443
v -0.886107 0.388593 0.472828
v -0.956035 0.475479 0.431427
v -0.907709 0.383589 0.505317
v -0.896097 0.370314 0.439797
v -0.755424 0.178785 0.488038
v -0.772165 0.167175 0.521519
v -0.770366 0.167283 0.453657
v -0.634740 -0.063495 0.483626
v -0.654000 -0.074268 0.515758
v -0.644634 -0.078273 0.448796
v -0.383455 -0.309870 0.571736
v -0.382466 -0.292419 0.537627
v -0.295434 -0.419823 0.477148
v -0.301737 -0.400509 0.445287
v -0.206877 -0.491175 0.302458
v -0.220466 -0.469458 0.272757
v -0.736439 -0.484479 -0.074102
v -0.730945 -0.467019 -0.085174
v -0.734640 -0.472311 -0.074373
v -0.729600 -0.473958 -0.095254
v -0.734729 -0.491211 -0.084182
v -0.731399 -0.485919 -0.094804
v -0.388495 0.331650 -0.506283
v -0.410097 0.336663 -0.474245
v -0.535554 0.133506 -0.488283
v -0.519088 0.121851 -0.521675
v -0.572639 -0.114921 -0.481623
v -0.553290 -0.126270 -0.513933
v -0.684597 -0.342072 -0.551193
v -0.683155 -0.359982 -0.584942
v -0.784140 -0.420489 -0.459392
v -0.766768 -0.468702 -0.501154
v -0.761007 -0.449091 -0.469294
v -0.857844 -0.487296 -0.294604
v -0.851459 -0.538830 -0.336994
v -0.837327 -0.517221 -0.307922
v -0.962160 -0.543816 -0.125133
v -0.950185 -0.577908 -0.129813
v -1.248175 -0.498609 0.038398
v -1.225770 -0.531720 0.039208
v -1.222797 -0.524925 0.005546
v -1.246108 -0.493938 0.015269
v -1.408644 0.335628 0.440968
v -1.390290 0.335862 0.476516
v -1.380656 0.367272 0.466079
v -1.401983 0.357201 0.433858
v -1.417467 0.375138 0.434486
v -1.403068 0.393372 0.467068
v -1.275359 -0.396936 0.464548
v -1.256634 -0.429246 0.473817
v -1.342767 -0.453690 0.305788
v -1.333408 -0.489528 0.297418
v -1.244220 -0.459090 0.020666
v -1.231709 -0.496431 0.017339
v -1.064758 -0.535248 0.090418
v -1.065925 -0.496431 0.086638
v -1.040815 -0.475686 0.344937
v -1.044234 -0.509229 0.365276
v -1.011928 -0.328698 0.484168
v -1.010850 -0.317241 0.446458
v -1.046040 -0.095175 0.482098
v -1.040815 -0.095805 0.443038
v -1.327826 0.286803 0.447447
v -1.332777 0.298611 0.484526
v -1.468856 0.449640 0.363837
v -1.473086 0.477360 0.391379
v -1.427458 0.497925 0.121287
v -1.425927 0.457965 0.118228
v -1.360229 0.518616 -0.129542
v -1.352758 0.555093 -0.125944
v -1.158176 0.542529 -0.327721
v -1.169334 0.505926 -0.334292
v -0.674428 0.316566 -0.441481
v -0.663805 0.324297 -0.477843
v -0.499738 0.087453 -0.483964
v -0.508019 0.086274 -0.445532
v -0.431067 -0.141174 -0.445443
v -0.425574 -0.146709 -0.483871
v -0.438174 -0.343899 -0.449134
v -0.432598 -0.348480 -0.481533
v -0.447629 -0.410976 -0.456062
v -0.446008 -0.412317 -0.465425
v 0.410163 0.538596 -0.292895
v 0.408096 0.493479 -0.312244
v 0.409985 0.530784 -0.326461
v 0.408186 0.498852 -0.289204
v -0.027690 0.228402 -0.547952
v -0.019409 0.229815 -0.508893
v -0.003925 0.247752 -0.509524
v -0.005278 0.254511 -0.548941
v -0.014815 0.285912 -0.538504
v -0.010586 0.269325 -0.502414
v -0.011039 -0.089928 -0.550201
v -0.012927 -0.089901 -0.510331
v -0.013016 -0.113355 -0.507094
v -0.011128 -0.124065 -0.545614
v -0.497754 -0.564282 -0.025233
v -0.480835 -0.526896 -0.052232
v -0.482277 -0.527580 -0.028563
v -0.495598 -0.563283 -0.059614
v -0.974039 0.417393 0.404967
v -1.139280 0.544410 -0.356523
v -1.126584 0.581625 -0.349234
v -1.117499 0.579978 -0.382443
v -1.133066 0.543276 -0.379292
v -0.426926 0.330471 -0.524552
v -0.423507 0.298170 -0.561452
v -0.423596 0.332496 -0.564332
v -0.426837 0.306882 -0.522574
v -0.779278 0.211014 0.531688
v -0.796108 0.226305 0.488127
v -0.795930 0.203985 0.496047
v -0.779636 0.243504 0.520259
v -0.472018 -0.012744 -0.482433
v -0.459329 -0.009297 -0.520143
v -0.450238 -0.042165 -0.515193
v -0.465804 -0.035334 -0.479013
v -0.482277 -0.052326 -0.479374
v -0.474264 -0.066906 -0.515642
v -1.158808 0.449145 -0.318273
v -1.122354 0.426897 0.000149
v -0.977458 0.426744 0.318028
v -1.102826 0.460728 0.000506
v -0.957744 0.460755 0.318295
v -1.139280 0.482616 -0.318094
v -0.948660 0.444807 0.408837
v -1.090679 0.415215 -0.467945
v -1.110928 0.392256 -0.443373
v -1.026594 0.138465 -0.484592
v -1.044509 0.131058 -0.450844
v -0.875670 -0.078687 -0.471725
v -0.893935 -0.086157 -0.437701
v -0.827158 -0.295182 -0.456423
v -0.845245 -0.302706 -0.422492
v -0.823196 -0.364095 -0.454891
v -0.829678 -0.366759 -0.442652
v -0.886018 -0.152460 -0.477932
v -0.878190 -0.133380 -0.522481
v -0.885118 -0.129438 -0.483332
v -0.879536 -0.166896 -0.514654
v -0.227394 0.197793 0.456088
v -0.202290 0.187794 0.485518
v -0.231267 0.220212 0.462656
v -0.207866 0.220419 0.495059
v -0.394077 -0.335691 0.558237
v -0.396144 -0.346887 0.596487
v -0.396419 -0.312372 0.561567
v -0.399570 -0.312948 0.601437
v -0.886828 -0.060264 0.614308
v -0.890604 -0.062829 0.574617
v -0.873596 -0.029466 0.606388
v -0.881520 -0.041661 0.569127
v -0.894388 -0.003555 0.597297
v -0.895830 -0.023868 0.562916
v -0.295345 0.543411 -0.152943
v -0.269877 0.574227 -0.153574
v -0.297954 0.541881 -0.129452
v -0.273660 0.572004 -0.119372
v -1.060350 -0.508266 0.269338
v -1.053779 -0.547551 0.272668
v -1.052426 -0.545535 0.238288
v -1.059444 -0.506880 0.245666
v -0.639780 0.497151 0.424317
v -0.650484 0.535320 0.429268
v -0.625374 0.495387 0.443038
v -0.632755 0.484083 0.462477
v -0.629610 0.532755 0.456538
v -0.640226 0.516303 0.484886
v -0.772254 -0.469071 -0.467224
v -0.761639 -0.507438 -0.470732
v -0.761096 -0.499374 -0.504213
v -0.771897 -0.463527 -0.490264
v -1.058997 0.488259 0.144959
v -1.069166 0.526914 0.144416
v -1.059354 0.485226 0.168449
v -1.069620 0.522495 0.178529
v -0.062970 -0.516789 0.007798
v -0.064590 -0.516339 0.031377
v -0.042178 -0.550791 0.004468
v -0.044520 -0.550152 0.038848
v 0.101736 0.484839 0.435118
v 0.082654 0.454320 0.417746
v 0.076083 0.465507 0.397946
v 0.092191 0.501129 0.406227
v -1.276980 -0.439128 0.509997
v -1.292004 -0.459306 0.540958
v -1.287870 -0.400347 0.517557
v -1.273196 -0.418563 0.521069
v -1.307934 -0.402858 0.552026
v -1.286607 -0.429372 0.557159
vn 0.0949 -0.7819 0.6162
vn 0.2127 -0.1261 0.9689
vn -0.5671 -0.3072 0.7642
vn -0.2517 0.4484 0.8577
vn -0.8393 0.3765 0.3922
vn 0.1102 0.8424 0.5275
vn 0.7322 0.0709 0.6774
vn 0.5725 -0.7921 0.2117
vn -0.0393 -0.0628 0.9973
vn -0.4481 -0.8176 0.3616
vn 0.1422 -0.6163 0.7745
vn 0.7893 -0.4262 0.4420
vn -0.8291 -0.3317 0.4501
vn -0.9047 -0.0314 0.4248
vn -0.1341 0.2366 0.9623
vn 0.7008 0.4802 0.5275
vn 0.8121 0.1893 0.5519
vn -0.3547 0.4493 0.8199
vn 0.3622 0.2206 0.9056
vn 0.2279 0.8801 0.4166
vn -0.6466 -0.0946 0.7570
vn 0.8632 0.3531 0.3610
vn -0.7044 -0.3640 0.6094
vn 0.3000 -0.3948 0.8684
vn 0.2205 -0.6616 0.7167
vn -0.0550 -0.0550 0.9970
vn 0.2522 0.8353 0.4886
vn -0.3219 0.4789 0.8167
vn -0.8919 0.2210 0.3946
vn -0.8029 -0.4014 0.4408
vn -0.6380 -0.6616 0.3939
vn 0.0942 -0.3219 0.9421
vn 0.8425 0.1417 0.5197
vn 0.7095 0.4178 0.5675
vn -0.0785 0.0079 0.9969
vn 0.1964 0.5420 0.8171
vn -0.3467 0.8512 0.3941
vn 0.8259 0.2832 0.4876
vn -0.7949 0.4171 0.4407
vn -0.9087 0.1344 0.3951
vn -0.2042 -0.2668 0.9419
vn 0.6047 -0.6047 0.5183
vn 0.7551 -0.3304 0.5663
vn 0.8956 0.2593 0.3614
vn 0.4029 0.8294 0.3871
vn 0.2919 0.2208 0.9306
vn -0.2978 0.7131 0.6347
vn 0.6854 -0.4254 0.5910
vn -0.0158 -0.5418 0.8404
vn -0.5061 0.0315 0.8619
vn -0.2522 -0.8907 0.3783
vn -0.9030 -0.1335 0.4083
vn -0.2518 0.4484 0.8576
vn -0.6682 0.7389 -0.0864
vn 0.2842 0.9157 0.2842
vn -0.4802 0.8187 -0.3149
vn -0.0158 0.9860 -0.1658
vn -0.7468 0.3223 -0.5817
vn -0.8677 0.4970 0.0079
vn -0.8026 0.5115 0.3069
vn -0.1022 0.6916 -0.7150
vn 0.5427 0.3146 -0.7788
vn 0.0314 0.9895 0.1413
vn 0.8664 0.4962 0.0551
vn 0.8391 0.4784 -0.2588
vn -0.0551 0.9339 -0.3532
vn -0.5608 0.8059 0.1895
vn 0.2279 0.8802 0.4164
vn -0.9223 0.3784 -0.0788
vn -0.3548 0.4494 0.8198
vn 0.6532 0.7083 -0.2676
vn -0.2605 0.5446 -0.7972
vn 0.8631 0.3531 0.3610
vn -0.3220 0.4790 0.8166
vn 0.2522 0.8354 0.4884
vn -0.4787 0.8711 0.1099
vn 0.2606 0.9318 -0.2526
vn -0.3069 0.6690 -0.6769
vn -0.8832 0.3155 -0.3470
vn 0.7095 0.4178 0.5676
vn 0.7241 0.5431 -0.4251
vn 0.3628 0.6389 -0.6783
vn -0.2607 0.9007 -0.3475
vn 0.4255 0.8982 0.1103
vn 0.9088 0.3319 -0.2529
vn -0.3468 0.8512 0.3939
vn 0.1964 0.5422 0.8170
vn 0.8258 0.2832 0.4877
vn -0.7948 0.4171 0.4408
vn -0.6837 0.4794 -0.5502
vn -0.2990 0.9285 0.2203
vn 0.2977 0.7131 -0.6347
vn -0.4029 0.8294 -0.3871
vn 0.7032 0.6874 0.1817
vn -0.2055 0.8378 0.5058
vn 0.6243 0.7744 -0.1027
vn 0.2990 0.9285 -0.2203
vn -0.2977 0.7131 0.6347
vn 0.4029 0.8294 0.3870
vn -0.6238 0.7737 0.1105
vn -0.7032 0.6874 -0.1817
vn 0.2055 0.8378 -0.5058
vn -0.9605 -0.2756 0.0394
vn -0.2052 -0.8921 -0.4026
vn -0.4949 -0.8561 0.1492
vn -0.5673 -0.3072 0.7641
vn -0.8393 0.3765 0.3921
vn -0.6682 0.7390 -0.0865
vn -0.8255 -0.1256 -0.5502
vn -0.4802 0.8187 -0.3148
vn -0.6322 -0.0237 -0.7745
vn -0.8291 -0.3316 0.4501
vn -0.4002 -0.8319 -0.3845
vn -0.7643 -0.3467 -0.5437
vn -0.9047 -0.0315 0.4248
vn -0.8372 -0.0474 -0.5449
vn -0.8639 -0.4948 0.0943
vn -0.7406 -0.4255 -0.5200
vn -0.7468 0.3223 -0.5818
vn -0.7969 -0.4576 0.3945
vn -0.9223 0.3783 -0.0787
vn -0.3547 0.4494 0.8199
vn -0.5610 0.8058 0.1896
vn -0.9743 0.0944 -0.2043
vn -0.2605 0.5447 -0.7971
vn -0.3219 0.2591 -0.9106
vn -0.7044 -0.3641 0.6094
vn -0.8833 0.3154 -0.3469
vn -0.8919 0.2210 0.3945
vn -0.7921 -0.2667 -0.5490
vn -0.6285 -0.5341 -0.5655
vn -0.6380 -0.6617 0.3939
vn -0.9088 0.1344 0.3951
vn -0.7948 0.4171 0.4407
vn -0.8011 0.1963 -0.5654
vn -0.8957 0.2593 -0.3613
vn -0.4028 0.8294 -0.3871
vn -0.9522 0.1731 0.2518
vn -0.6854 -0.4254 -0.5910
vn -0.2055 0.8378 0.5059
vn -0.8396 0.1019 0.5335
vn -0.5677 -0.7885 0.2365
vn -0.6743 -0.7370 -0.0470
vn -0.9031 -0.1334 0.4083
vn -0.5060 0.0317 0.8619
vn -0.9743 -0.1965 0.1100
vn -0.3385 -0.9370 0.0866
vn -0.2053 -0.8921 -0.4026
vn -0.6322 -0.0237 -0.7744
vn -0.0236 -0.7776 -0.6283
vn -0.8255 -0.1258 -0.5503
vn 0.2513 -0.6439 -0.7227
vn 0.0943 -0.1021 -0.9903
vn 0.8431 -0.4413 -0.3073
vn -0.8371 -0.0474 -0.5449
vn -0.0000 0.1977 -0.9803
vn 0.7722 0.4571 -0.4413
vn 0.8821 0.1654 -0.4410
vn -0.1026 -0.8051 -0.5842
vn -0.1497 -0.0867 -0.9849
vn 0.5424 -0.4403 -0.7155
vn 0.5427 0.3147 -0.7787
vn -0.1021 0.6915 -0.7151
vn -0.2604 0.5446 -0.7972
vn -0.0549 0.9340 -0.3530
vn 0.6857 0.2443 -0.6857
vn 0.5972 -0.0314 -0.8015
vn -0.0237 0.2052 -0.9784
vn -0.3069 0.6690 -0.6770
vn 0.2606 0.9318 -0.2527
vn -0.7922 -0.2666 -0.5490
vn -0.6284 -0.5341 -0.5655
vn 0.1179 -0.0707 -0.9905
vn 0.8559 0.2591 -0.4476
vn 0.7241 0.5431 -0.4250
vn 0.1499 0.1420 -0.9785
vn -0.2607 0.9007 -0.3476
vn 0.3628 0.6388 -0.6785
vn -0.8011 0.1963 -0.5655
vn 0.0079 -0.1414 -0.9899
vn 0.7130 -0.5406 -0.4466
vn 0.8650 -0.2674 -0.4246
vn -0.8957 0.2592 -0.3614
vn -0.4029 0.8294 -0.3870
vn -0.2919 0.2207 -0.9306
vn 0.0158 -0.5417 -0.8404
vn 0.5061 0.0315 -0.8619
vn 0.2522 -0.8907 -0.3783
vn 0.9030 -0.1335 -0.4083
vn 0.0947 -0.7820 0.6160
vn -0.4947 -0.8561 0.1492
vn -0.5672 -0.3072 0.7642
vn 0.5725 -0.7921 0.2118
vn 0.7338 -0.6786 -0.0316
vn 0.1423 -0.6164 0.7745
vn 0.2993 -0.9533 0.0393
vn 0.2513 -0.6440 -0.7226
vn 0.5425 -0.4403 -0.7154
vn -0.0080 -1.0000 0.0001
vn -0.1026 -0.8052 -0.5840
vn -0.7406 -0.4255 -0.5201
vn -0.8639 -0.4948 0.0942
vn -0.7968 -0.4576 0.3945
vn 0.0393 -0.9511 0.3065
vn 0.8699 -0.4745 0.1345
vn 0.8417 -0.5114 -0.1731
vn 0.3386 -0.9369 -0.0866
vn 0.2522 -0.8906 -0.3783
vn 0.0157 -0.5419 -0.8403
vn -0.0157 -0.5419 0.8403
vn -0.3386 -0.9369 0.0866
vn 0.6743 -0.7370 0.0471
vn 0.5677 -0.7885 -0.2366
vn 0.8899 0.1654 0.4252
vn 0.7324 0.0709 0.6771
vn 0.7338 -0.6786 -0.0315
vn 0.7007 0.4803 0.5275
vn 0.8121 0.1892 0.5520
vn 0.5428 0.3147 -0.7787
vn 0.8392 0.4784 -0.2588
vn 0.5425 -0.4402 -0.7155
vn 0.3622 0.2205 0.9056
vn 0.9619 -0.2286 0.1497
vn 0.8632 0.3530 0.3610
vn 0.2206 -0.6616 0.7167
vn 0.6532 0.7083 -0.2675
vn 0.8677 -0.4969 0.0158
vn 0.5972 -0.0315 -0.8015
vn 0.6857 0.2444 -0.6857
vn 0.7094 0.4178 0.5676
vn 0.8425 0.1418 0.5197
vn 0.8259 0.2831 0.4875
vn 0.9088 0.3319 -0.2527
vn 0.8650 -0.2674 -0.4247
vn 0.9743 -0.1965 -0.1100
vn 0.9031 -0.1334 -0.4083
vn 0.2978 0.7131 -0.6347
vn 0.5061 0.0316 -0.8619
vn 0.8957 0.2593 0.3612
vn 0.4029 0.8293 0.3871
vn 0.9522 0.1732 -0.2518
vn 0.6854 -0.4255 0.5909
vn 0.8396 0.1020 -0.5335
vn 0.6743 -0.7370 0.0470
vn -0.0078 -0.3139 0.9494
vn -0.6314 -0.7499 0.1973
vn 0.0158 -0.8183 0.5746
vn 0.6685 -0.7079 0.2281
vn -0.8645 -0.2279 0.4480
vn -0.0235 -0.0079 0.9997
vn -0.8562 0.0786 0.5106
vn 0.8594 -0.1735 0.4810
vn 0.8282 0.1340 0.5442
vn 0.6773 -0.2678 0.6852
vn -0.3387 -0.4018 0.8508
vn -0.2206 -0.6616 0.7167
vn 0.5745 -0.0000 0.8185
vn -0.4719 0.2045 0.8576
vn 0.2121 0.5107 0.8332
vn -0.3624 0.8587 0.3624
vn 0.1337 -0.4959 0.8580
vn 0.7706 -0.1730 0.6134
vn 0.1896 0.3317 0.9241
vn -0.8269 -0.3937 0.4016
vn 0.0236 -0.9123 0.4089
vn -0.5094 -0.1020 0.8544
vn -0.5125 0.6072 0.6072
vn 0.1176 0.9252 0.3607
vn 0.7633 0.5351 0.3620
vn -0.2513 0.1336 0.9586
vn 0.6128 0.5894 0.5264
vn -0.1099 0.6909 0.7146
vn 0.7031 -0.0000 0.7111
vn 0.6449 -0.3067 0.7000
vn -0.2826 -0.1805 0.9421
vn -0.9442 0.2124 0.2518
vn -0.6296 0.7555 0.1810
vn -0.1099 -0.0942 0.9895
vn -0.9361 -0.1574 0.3146
vn -0.4344 -0.5528 0.7111
vn 0.1102 -0.9287 0.3541
vn -0.7779 0.4243 0.4636
vn -0.5743 0.6688 0.4721
vn 0.0709 0.1576 0.9850
vn 0.7813 -0.3315 0.5288
vn 0.6154 -0.5917 0.5207
vn 0.8334 0.3538 0.4245
vn 0.0472 0.0078 0.9989
vn 0.8721 0.0471 0.4871
vn 0.5190 0.8337 0.1887
vn -0.0080 0.3068 0.9517
vn -0.1182 0.8037 0.5832
vn -0.8617 0.0395 0.5059
vn -0.7809 -0.2602 0.5679
vn -0.7619 0.5970 0.2513
vn -0.0551 -0.2752 0.9598
vn -0.3932 -0.9045 0.1651
vn 0.1810 -0.7554 0.6297
vn 0.8149 -0.4510 0.3640
vn -0.8128 -0.4735 0.3393
vn 0.7860 0.1258 0.6053
vn 0.6551 0.4025 0.6394
vn -0.1657 0.0158 0.9861
vn -0.9075 -0.1815 0.3788
vn -0.0078 0.9252 -0.3794
vn -0.6995 0.6209 -0.3537
vn -0.3622 0.8588 0.3624
vn 0.4495 0.8676 0.2128
vn 0.8815 0.4722 0.0001
vn 0.2756 0.5512 -0.7876
vn 0.2122 0.5109 0.8330
vn -0.8740 0.4331 -0.2204
vn -0.8359 0.5442 0.0710
vn 0.0079 0.9677 -0.2519
vn -0.0550 0.8428 -0.5355
vn 0.7793 0.3385 -0.5274
vn -0.5126 0.6071 0.6072
vn 0.1176 0.9253 0.3606
vn 0.8593 0.4493 -0.2444
vn 0.8109 0.5511 -0.1968
vn 0.2844 0.6161 -0.7345
vn 0.1337 0.9909 -0.0156
vn 0.6128 0.5893 0.5264
vn -0.1099 0.6910 0.7144
vn -0.4339 0.7179 -0.5444
vn -0.5128 0.6943 -0.5050
vn -0.7164 0.4566 -0.5275
vn -0.5744 0.6688 0.4721
vn -0.1258 0.4562 -0.8809
vn -0.7657 0.4263 -0.4816
vn -0.1883 0.9572 -0.2199
vn 0.5132 0.6632 -0.5447
vn 0.5190 0.8336 0.1888
vn -0.1182 0.8037 0.5831
vn -0.7619 0.5970 0.2512
vn -0.6208 -0.5736 -0.5344
vn -0.6315 -0.7499 0.1973
vn -0.8431 0.3073 -0.4413
vn -0.8562 0.0785 0.5106
vn -0.8533 0.0079 -0.5214
vn -0.6376 0.1496 -0.7557
vn -0.9299 0.2601 0.2601
vn -0.6996 0.6209 -0.3537
vn -0.3625 0.8587 0.3624
vn -0.9420 -0.3296 0.0627
vn -0.5120 -0.1182 -0.8508
vn -0.8112 -0.5828 -0.0472
vn -0.4721 0.2045 0.8575
vn -0.8360 0.5442 0.0710
vn -0.8658 -0.4880 0.1102
vn -0.5095 -0.1019 0.8544
vn -0.8740 0.4331 -0.2205
vn -0.2826 -0.1806 0.9421
vn -0.2514 0.1336 0.9586
vn -0.9442 0.2124 0.2516
vn -0.9648 -0.0953 0.2451
vn -0.7078 -0.1415 -0.6921
vn -0.6854 0.1654 -0.7091
vn -0.4339 0.7179 -0.5443
vn -0.4345 -0.5530 0.7110
vn -0.9361 -0.1573 0.3145
vn -0.5914 -0.8039 -0.0631
vn -0.8880 -0.1336 -0.4399
vn -0.3392 -0.5127 -0.7887
vn -0.7809 -0.2603 0.5679
vn -0.8654 -0.1888 -0.4642
vn -0.7876 -0.4804 -0.3859
vn -0.8617 0.0396 0.5059
vn -0.3303 -0.7551 -0.5663
vn -0.3932 -0.9045 0.1652
vn -0.7253 -0.2760 -0.6307
vn -0.8222 0.0079 -0.5692
vn 0.0157 0.1490 -0.9887
vn -0.6209 -0.5736 -0.5343
vn 0.0316 -0.4657 -0.8844
vn 0.0078 0.4472 -0.8944
vn 0.8415 0.3618 -0.4011
vn 0.8713 0.0628 -0.4867
vn 0.6774 -0.5357 -0.5041
vn -0.6995 0.6210 -0.3537
vn 0.2756 0.5512 -0.7875
vn -0.0079 0.9251 -0.3795
vn 0.3862 0.2679 -0.8827
vn -0.5121 -0.1182 -0.8508
vn 0.9032 -0.3534 -0.2435
vn 0.2754 0.0393 -0.9605
vn 0.9667 -0.0472 -0.2514
vn 0.2281 -0.2675 -0.9362
vn -0.7078 -0.1416 -0.6921
vn -0.6855 0.1655 -0.7090
vn 0.2843 0.6161 -0.7346
vn -0.8880 -0.1336 -0.4400
vn 0.0158 -0.0393 -0.9991
vn -0.3391 -0.5126 -0.7888
vn 0.1575 -0.9056 -0.3937
vn -0.5129 0.6942 -0.5050
vn 0.1962 0.2119 -0.9574
vn 0.8451 -0.3002 -0.4423
vn 0.6761 -0.5661 -0.4717
vn -0.0235 -0.1490 -0.9886
vn -0.7658 0.4263 -0.4815
vn -0.1259 0.4561 -0.8810
vn 0.5132 0.6632 -0.5448
vn 0.8290 0.1263 -0.5448
vn 0.8679 -0.1736 -0.4655
vn 0.0393 -0.4405 -0.8969
vn 0.1184 0.1182 -0.9859
vn 0.3071 -0.4567 -0.8349
vn 0.8779 -0.3058 -0.3684
vn 0.8718 0.3220 -0.3692
vn 0.7383 0.5969 -0.3142
vn -0.0000 0.4024 -0.9154
vn -0.7253 -0.2759 -0.6307
vn 0.0157 -0.8184 0.5744
vn 0.0317 -0.9711 -0.2368
vn 0.6685 -0.7079 0.2280
vn -0.6208 -0.5737 -0.5343
vn 0.0316 -0.4658 -0.8843
vn 0.6774 -0.5357 -0.5042
vn -0.9420 -0.3297 0.0628
vn -0.8112 -0.5828 -0.0473
vn -0.2205 -0.6616 0.7167
vn 0.0237 -0.9123 0.4088
vn 0.1338 -0.4959 0.8580
vn 0.8679 -0.4891 0.0868
vn -0.0315 -0.9925 0.1182
vn -0.8658 -0.4880 0.1103
vn 0.7868 -0.5823 -0.2046
vn 0.1102 -0.9287 0.3540
vn -0.4344 -0.5530 0.7110
vn -0.5911 -0.8041 -0.0631
vn 0.1575 -0.9057 -0.3936
vn -0.3391 -0.5127 -0.7887
vn 0.6761 -0.5660 -0.4717
vn 0.1810 -0.7555 0.6296
vn 0.3713 -0.9163 -0.1501
vn 0.3072 -0.4568 -0.8348
vn 0.8780 -0.3057 -0.3684
vn 0.8282 0.1341 0.5442
vn 0.8594 -0.1735 0.4809
vn 0.8416 0.3618 -0.4011
vn 0.6774 -0.5356 -0.5042
vn 0.9743 0.1965 -0.1101
vn 0.8815 0.4721 0.0001
vn 0.2122 0.5108 0.8331
vn 0.4495 0.8675 0.2129
vn 0.8679 -0.4892 0.0868
vn 0.9668 -0.0471 -0.2513
vn 0.8110 0.5510 -0.1968
vn 0.6128 0.5893 0.5265
vn 0.7031 -0.0000 0.7110
vn 0.9032 -0.3535 -0.2435
vn 0.2755 0.0393 -0.9605
vn 0.6154 -0.5917 0.5208
vn 0.8334 0.3538 0.4246
vn 0.8290 0.1264 -0.5448
vn 0.8780 -0.3057 -0.3683
vn 0.8150 -0.4510 0.3638
vn 0.7860 0.1257 0.6053
vn 0.6552 0.4025 0.6393
vn -0.7899 0.0790 0.6082
vn -0.3389 -0.4886 0.8040
vn -0.0707 0.2752 0.9588
vn -0.5037 0.7476 0.4329
vn 0.4094 -0.3858 0.8268
vn 0.6997 0.2909 0.6525
vn 0.2435 0.8562 0.4556
vn -0.1182 -0.8508 0.5120
vn 0.4582 -0.4503 0.7663
vn -0.3000 -0.1658 0.9394
vn -0.7792 -0.5116 0.3621
vn -0.8510 0.2285 0.4728
vn -0.2686 0.6320 0.7269
vn 0.3863 0.2916 0.8751
vn 0.7943 0.4011 0.4562
vn 0.1492 0.5894 0.7939
vn 0.4104 -0.1895 0.8920
vn -0.3692 0.0630 0.9272
vn -0.1257 0.9270 0.3535
vn 0.3948 -0.8369 0.3790
vn 0.9148 -0.3154 0.2523
vn -0.8219 0.2292 0.5215
vn -0.2515 -0.6522 0.7151
vn -0.0471 -0.1413 0.9888
vn -0.7093 -0.6305 0.3153
vn -0.0709 -0.7013 0.7094
vn 0.5908 -0.7247 0.3545
vn 0.8360 -0.1735 0.5205
vn 0.8367 0.1421 0.5289
vn -0.0237 0.1656 0.9859
vn -0.8440 0.2524 0.4733
vn -0.8834 -0.0552 0.4654
vn 0.3780 0.9136 -0.1497
vn -0.5743 0.6688 -0.4721
vn -0.6075 0.7733 -0.1815
vn -0.5036 0.7476 0.4329
vn 0.3923 0.8081 -0.4394
vn 0.8750 0.4178 -0.2444
vn 0.0550 0.9985 -0.0000
vn 0.8746 0.4807 0.0631
vn 0.6211 0.1808 -0.7626
vn 0.0315 0.9513 -0.3067
vn -0.0158 0.5835 -0.8120
vn -0.8472 0.5099 -0.1491
vn -0.8067 0.5694 0.1582
vn -0.6764 0.2517 -0.6922
vn 0.6142 0.4646 -0.6379
vn -0.2509 0.9409 -0.2274
vn 0.7054 0.7053 -0.0706
vn -0.1102 0.6455 -0.7558
vn 0.6465 0.7253 0.2365
vn -0.2841 0.9549 0.0868
vn -0.1259 0.9673 0.2202
vn -0.8928 0.4345 -0.1185
vn -0.7826 0.4743 -0.4032
vn -0.2686 0.6322 0.7268
vn -0.0314 0.9964 -0.0785
vn 0.8201 0.5599 0.1183
vn 0.7466 0.5187 0.4165
vn 0.3863 0.2917 0.8750
vn -0.1256 0.9270 0.3534
vn 0.1493 0.5895 0.7939
vn 0.7944 0.4011 0.4561
vn 0.7272 0.6798 -0.0948
vn 0.5823 0.7240 -0.3698
vn -0.2512 0.9654 0.0705
vn -0.8219 0.2291 0.5215
vn -0.9294 0.2836 0.2363
vn 0.5198 0.2678 -0.8112
vn -0.0079 0.9754 -0.2203
vn 0.8349 0.4568 -0.3071
vn 0.8730 0.4876 -0.0000
vn -0.1181 0.6618 -0.7403
vn 0.0474 0.9951 0.0870
vn -0.7821 0.5371 0.3160
vn -0.8589 0.5122 0.0079
vn -0.7607 0.3059 -0.5725
vn -0.9919 -0.1181 0.0471
vn -0.3389 -0.4887 0.8039
vn -0.7899 0.0790 0.6081
vn -0.3871 -0.8690 0.3081
vn -0.5744 0.6688 -0.4720
vn -0.9476 -0.2053 -0.2448
vn -0.3606 -0.9327 0.0078
vn -0.8852 -0.4584 0.0791
vn -0.8444 -0.3788 0.3788
vn -0.8472 0.5099 -0.1490
vn -0.7076 -0.4796 -0.5189
vn -0.1102 0.6454 -0.7558
vn -0.9445 0.2282 -0.2362
vn -0.6330 0.1029 -0.7673
vn -0.9648 0.2531 0.0712
vn -0.7066 -0.6752 0.2119
vn -0.6840 -0.7233 -0.0943
vn -0.4326 -0.6135 -0.6607
vn -0.7938 -0.5501 -0.2593
vn -0.8510 0.2286 0.4728
vn -0.6841 -0.4875 -0.5426
vn -0.6617 -0.7089 0.2442
vn -0.9294 0.2835 0.2363
vn -0.7704 -0.6368 -0.0314
vn -0.2514 -0.6522 0.7151
vn -0.3693 0.0628 0.9272
vn -0.8647 -0.4795 0.1494
vn -0.7893 -0.4262 0.4420
vn -0.8589 0.5121 0.0078
vn -0.7634 -0.4407 -0.4722
vn -0.6766 -0.5900 -0.4406
vn -0.8462 0.0079 -0.5328
vn -0.8066 0.3133 -0.5012
vn -0.0707 -0.8792 -0.4711
vn -0.0710 -0.2289 -0.9709
vn 0.5902 -0.5508 -0.5902
vn -0.0158 0.5834 -0.8120
vn 0.8112 -0.2520 -0.5277
vn 0.2841 -0.7892 -0.5445
vn 0.1339 -0.1105 -0.9848
vn -0.6329 0.1028 -0.7674
vn -0.1255 -0.8314 -0.5413
vn -0.1883 -0.1332 -0.9730
vn 0.5131 -0.4815 -0.7105
vn -0.1181 0.6617 -0.7404
vn 0.8753 0.1971 -0.4416
vn 0.8735 -0.1181 -0.4722
vn 0.0315 -0.0238 -0.9992
vn 0.6219 -0.6770 -0.3936
vn 0.0550 0.2826 -0.9577
vn -0.0158 -0.6148 -0.7885
vn -0.8067 0.3132 -0.5012
vn -0.6766 -0.5901 -0.4405
vn -0.8462 0.0078 -0.5328
vn -0.3605 -0.9327 0.0079
vn 0.5992 -0.7253 0.3390
vn 0.6058 -0.7946 0.0393
vn -0.0470 -0.9877 0.1489
vn -0.0707 -0.8793 -0.4709
vn 0.8344 -0.5510 -0.0158
vn 0.8376 -0.4663 0.2845
vn -0.0236 -0.8973 0.4408
vn -0.8852 -0.4584 0.0790
vn 0.2752 -0.9593 0.0629
vn 0.2280 -0.9040 0.3616
vn 0.0711 -0.9955 -0.0632
vn -0.1182 -0.8509 0.5119
vn -0.7938 -0.5501 -0.2594
vn -0.6841 -0.4875 -0.5425
vn 0.1652 -0.9205 -0.3540
vn 0.9152 -0.4024 -0.0236
vn 0.8418 -0.4642 0.2754
vn 0.1965 -0.9590 -0.2042
vn 0.9148 -0.3154 0.2524
vn 0.3948 -0.8370 0.3789
vn 0.8896 -0.2677 -0.3700
vn 0.7426 -0.1975 -0.6399
vn 0.0629 -0.8797 -0.4713
vn -0.0234 -0.9982 0.0550
vn -0.1255 -0.8315 -0.5411
vn 0.5132 -0.4815 -0.7105
vn 0.8302 -0.5297 -0.1739
vn 0.8675 -0.4811 0.1261
vn 0.0391 -0.9347 0.3533
vn -0.0709 -0.7014 0.7092
vn -0.0710 -0.9955 -0.0632
vn 0.5908 -0.7248 0.3545
vn -0.0158 -0.6150 -0.7884
vn 0.9799 0.1660 0.1106
vn 0.6058 -0.7946 0.0394
vn 0.6998 0.2909 0.6524
vn 0.3923 0.8081 -0.4393
vn 0.3780 0.9136 -0.1496
vn 0.9787 0.0789 -0.1894
vn 0.5901 -0.5508 -0.5902
vn 0.8751 0.4178 -0.2444
vn 0.8344 -0.5510 -0.0157
vn 0.6211 0.1809 -0.7626
vn 0.8377 -0.4662 0.2845
vn 0.8747 0.4806 0.0630
vn 0.9672 -0.2438 0.0709
vn 0.2841 -0.7891 -0.5447
vn 0.8113 -0.2520 -0.5275
vn 0.7053 0.7054 -0.0705
vn 0.9034 -0.2042 0.3770
vn 0.7466 0.5187 0.4166
vn 0.3863 0.2917 0.8751
vn 0.7944 0.4010 0.4561
vn 0.4105 -0.1895 0.8920
vn 0.5823 0.7240 -0.3699
vn 0.5131 -0.4816 -0.7105
vn 0.8349 0.4568 -0.3072
vn 0.8301 -0.5297 -0.1739
vn 0.8675 -0.4811 0.1262
vn 0.8731 0.4876 -0.0000
vn 0.8736 -0.1180 -0.4722
vn 0.8360 -0.1735 0.5206
vn 0.8753 0.1972 -0.4416
vn -0.5672 -0.3072 0.7641
vn -0.5670 -0.3073 0.7642
vn -0.5672 -0.3070 0.7642
vn -0.3066 0.3616 0.8805
vn -0.8368 0.3001 0.4580
vn 0.1177 -0.1569 0.9806
vn 0.0080 -0.7491 0.6625
vn 0.0079 -0.7491 0.6625
vn 0.5894 0.6444 0.4872
vn 0.7888 0.2998 0.5366
vn 0.7705 0.1730 0.6135
vn 0.4648 0.7722 0.4332
vn 0.0472 0.8335 0.5506
vn 0.4967 0.2602 0.8280
vn 0.4956 0.6843 0.5349
vn 0.0711 0.2605 0.9629
vn 0.5679 -0.1735 0.8046
vn 0.1105 -0.1736 0.9786
vn 0.5576 -0.3299 0.7618
vn 0.1097 -0.3214 0.9406
vn 0.3555 0.3239 0.8768
vn -0.2828 0.5266 0.8017
vn -0.2829 0.5265 0.8018
vn 0.8106 0.4407 0.3857
vn 0.8105 0.4407 0.3858
vn 0.7548 -0.5190 0.4011
vn 0.1733 -0.6845 0.7081
vn 0.1732 -0.6845 0.7081
vn 0.1577 0.8751 0.4575
vn -0.3632 0.5527 0.7501
vn -0.8740 0.3149 0.3702
vn 0.1577 0.8752 0.4574
vn -0.8739 0.3150 0.3701
vn -0.4781 0.3058 0.8233
vn 0.1413 0.5813 0.8014
vn 0.1414 0.5812 0.8014
vn -0.4782 0.3058 0.8233
vn 0.8045 0.3786 0.4576
vn 0.2372 0.6165 0.7508
vn 0.8045 0.3786 0.4575
vn -0.0708 0.2752 0.9588
vn -0.0707 0.2751 0.9588
vn -0.3153 -0.4021 0.8596
vn -0.7222 0.1097 0.6829
vn -0.3154 -0.4021 0.8596
vn 0.3616 -0.3066 0.8805
vn 0.6217 0.2989 0.7240
vn 0.3767 -0.4236 0.8238
vn 0.3067 0.2438 0.9201
vn -0.2829 0.5500 0.7858
vn -0.8097 0.1810 0.5582
vn 0.4106 -0.1896 0.8919
vn 0.4106 -0.1894 0.8920
vn 0.4105 -0.1894 0.8920
vn 0.4105 -0.1895 0.8919
vn 0.1890 0.5041 0.8427
vn 0.7728 0.3392 0.5363
vn 0.1891 0.5041 0.8427
vn -0.2829 0.0314 0.9586
vn -0.2830 0.0314 0.9586
vn -0.1730 -0.6132 0.7707
vn -0.1731 -0.6133 0.7707
vn 0.1493 -0.4009 0.9039
vn 0.7221 -0.1100 0.6830
vn 0.7222 -0.1100 0.6829
vn 0.1494 -0.4009 0.9039
vn -0.4341 -0.0474 0.8996
vn -0.4340 -0.0473 0.8997
vn -0.4407 0.5899 0.6766
vn -0.4406 0.5899 0.6766
vn 0.5743 0.6688 0.4721
vn -0.0788 0.7580 0.6475
vn 0.5743 0.6688 0.4722
vn -0.5755 -0.6780 0.4573
vn -0.5354 -0.2362 0.8109
vn -0.8357 -0.1498 0.5284
vn -0.4889 -0.1892 0.8515
vn -0.8118 -0.3311 0.4810
vn -0.6824 -0.4000 0.6118
vn -0.4262 -0.0947 0.8997
vn -0.8967 0.1493 0.4167
vn -0.6634 0.5371 0.5211
vn -0.8489 0.1021 0.5186
vn -0.1967 0.1574 0.9677
vn -0.6222 0.4646 0.6301
vn -0.5413 -0.1255 0.8314
vn -0.0393 -0.0000 0.9992
vn -0.4556 -0.2435 0.8562
vn -0.0550 0.0550 0.9970
vn -0.4887 -0.2759 0.8277
vn -0.0789 -0.3784 0.9223
vn 0.2442 -0.0394 0.9689
vn -0.0788 -0.3784 0.9223
vn -0.7106 -0.4895 0.5055
vn -0.4790 -0.6437 0.5968
vn 0.6706 -0.2998 0.6786
vn 0.2837 -0.6540 0.7013
vn 0.6090 -0.2294 0.7593
vn 0.8105 0.0628 0.5824
vn 0.8830 -0.3547 0.3075
vn 0.4872 -0.3459 0.8018
vn 0.7472 -0.5113 0.4247
vn 0.5204 -0.4100 0.7491
vn 0.8017 -0.5266 0.2829
vn 0.5255 -0.6431 0.5570
vn 0.9056 -0.4095 0.1101
vn 0.2920 0.2207 0.9306
vn 0.2918 0.2208 0.9306
vn 0.2918 0.2207 0.9307
vn -0.2283 0.6764 0.7002
vn -0.4179 0.0552 0.9068
vn -0.2281 0.6765 0.7002
vn 0.0236 -0.4565 0.8894
vn 0.6611 -0.3543 0.6613
vn 0.6612 -0.3544 0.6613
vn 0.8427 0.1889 0.5042
vn 0.7963 -0.2286 0.5600
vn 0.9350 -0.0786 0.3458
vn -0.5993 0.6625 0.4494
vn -0.5176 0.3764 0.7684
vn -0.2204 0.7242 0.6534
vn -0.7949 0.4250 0.4330
vn -0.4635 0.3614 0.8091
vn -0.6990 0.5813 0.4164
vn -0.5912 0.5125 0.6228
vn -0.3401 0.2056 0.9177
vn -0.7717 0.2362 0.5905
vn -0.6358 -0.1256 0.7615
vn -0.5735 -0.5344 0.6208
vn -0.2925 -0.8064 0.5140
vn -0.7411 -0.6465 0.1813
vn -0.6291 -0.3539 0.6921
vn -0.7411 -0.6465 0.1812
vn -0.8704 -0.3920 0.2979
vn -0.6622 -0.1104 0.7411
vn -0.8703 -0.3921 0.2980
vn -0.9260 -0.1334 0.3531
vn -0.6002 -0.1264 0.7898
vn -0.9087 -0.2054 0.3635
vn -0.8161 -0.4315 0.3845
vn -0.5344 -0.2907 0.7937
vn 0.4627 0.2352 0.8547
vn -0.0552 0.8368 0.5447
vn 0.4717 0.7547 0.4561
vn -0.5273 0.2282 0.8185
vn -0.5734 0.6756 0.4635
vn -0.0945 0.2599 0.9610
vn 0.4176 -0.1812 0.8904
vn -0.4796 0.1887 0.8570
vn -0.1104 0.0315 0.9934
vn -0.0000 -0.1733 0.9849
vn 0.4102 -0.4576 0.7889
vn -0.4004 0.1021 0.9106
vn 0.0236 -0.8496 0.5269
vn -0.5648 -0.4863 0.6668
vn 0.3945 -0.8601 0.3235
vn 0.3556 -0.4739 0.8056
vn 0.1023 -0.8014 0.5894
vn 0.6068 -0.6857 0.4021
vn 0.2755 -0.2755 0.9210
vn 0.1258 -0.9919 0.0156
vn 0.0474 -0.9958 0.0789
vn 0.4878 -0.7239 0.4880
vn 0.0473 -0.9958 0.0789
vn 0.0080 -0.9835 0.1809
vn 0.0551 -0.7406 0.6697
vn 0.6004 -0.5372 0.5924
vn 0.7248 -0.2600 0.6380
vn 0.3861 0.0238 0.9221
vn 0.9051 -0.0157 0.4250
vn 0.7150 0.2513 0.6523
vn -0.1731 -0.1338 0.9758
vn -0.1415 -0.8177 0.5580
vn -0.6361 -0.4791 0.6048
vn 0.2600 -0.4097 0.8744
vn -0.0472 -0.0079 0.9989
vn 0.3866 -0.1657 0.9073
vn -0.0790 -0.0632 0.9949
vn 0.4393 -0.2509 0.8626
vn 0.1502 -0.0158 0.9885
vn 0.6709 -0.3158 0.6709
vn 0.6787 0.3157 0.6631
vn 0.8722 -0.1965 0.4479
vn -0.3696 -0.0472 0.9280
vn -0.3695 -0.0471 0.9280
vn -0.3696 -0.0471 0.9280
vn 0.6306 0.4413 0.6384
vn -0.1807 0.0550 0.9820
vn 0.6305 0.4414 0.6384
vn -0.9129 -0.1338 0.3856
vn -0.9129 -0.1339 0.3856
vn 0.6448 0.1180 0.7552
vn 0.0473 0.5918 0.8047
vn 0.4808 0.7173 0.5044
vn 0.1104 0.0316 0.9934
vn 0.0395 0.5210 0.8526
vn 0.0784 0.0471 0.9958
vn 0.2443 0.0236 0.9694
vn 0.2441 0.5434 0.8032
vn 0.2277 -0.0079 0.9737
vn 0.3219 0.4790 0.8167
vn -0.4646 0.6379 0.6141
vn -0.4172 0.2204 0.8817
vn 0.0157 0.7149 0.6990
vn 0.0235 0.0785 0.9966
vn -0.5122 -0.0079 0.8589
vn -0.1022 -0.2357 0.9664
vn -0.6762 -0.5660 0.4716
vn -0.2763 -0.7972 0.5368
vn -0.2841 0.1499 0.9470
vn -0.5738 0.4952 0.6523
vn -0.0552 0.4652 0.8835
vn -0.7132 0.3135 0.6270
vn -0.3457 0.1886 0.9192
vn -0.6855 0.4254 0.5909
vn -0.6768 0.3542 0.6454
vn -0.3310 0.1025 0.9381
vn -0.8350 -0.0867 0.5434
vn -0.4247 -0.5112 0.7472
vn 0.7784 -0.5818 0.2359
vn 0.4649 -0.2443 0.8510
vn 0.4823 -0.7511 0.4508
vn 0.8192 -0.1576 0.5514
vn 0.4111 0.1818 0.8933
vn 0.7909 0.3322 0.5139
vn 0.6691 0.5983 0.4409
vn 0.3934 0.4485 0.8026
vn 0.6003 0.7505 0.2763
vn 0.5036 -0.2519 0.8264
vn 0.1894 -0.0789 0.9787
vn 0.5570 0.3140 0.7688
vn 0.4000 0.4471 0.8000
vn 0.5019 0.4392 0.7451
vn 0.1731 0.1338 0.9758
vn 0.6845 0.3540 0.6373
vn 0.3549 0.1499 0.9228
vn 0.8001 0.1177 0.5882
vn 0.4019 0.0552 0.9140
vn 0.7782 -0.0943 0.6209
vn 0.3943 -0.0868 0.9149
vn 0.7636 -0.1732 0.6220
vn 0.3848 -0.1492 0.9109
vn 0.8731 -0.0000 0.4876
vn 0.0550 -0.0393 0.9977
vn -0.7660 -0.3001 0.5685
vn 0.7999 -0.2901 0.5254
vn 0.0947 0.1892 0.9774
vn 0.7999 -0.2902 0.5254
vn 0.0946 0.1892 0.9774
vn -0.5457 0.6960 0.4666
vn -0.5457 0.6960 0.4667
vn 0.6356 -0.3452 0.6905
vn 0.6356 -0.3453 0.6905
vn -0.2918 -0.2208 0.9306
vn 0.0079 -0.6457 0.7636
vn -0.0000 0.0079 1.0000
vn 0.5691 -0.2766 0.7744
vn 0.3944 0.1893 0.8992
vn -0.0236 0.0550 0.9982
vn 0.4815 0.2605 0.8368
vn 0.4967 0.0315 0.8673
vn 0.0473 -0.1103 0.9928
vn 0.5689 -0.1185 0.8138
vn 0.1263 -0.2684 0.9550
vn -0.9170 0.0949 0.3874
vn -0.2198 -0.3061 0.9263
vn -0.9170 0.0948 0.3874
vn 0.5751 -0.6381 0.5120
vn 0.5751 -0.6380 0.5121
vn 0.8314 0.1804 0.5255
vn -0.0157 0.2127 0.9770
vn -0.0158 0.2127 0.9770
vn -0.8308 0.2978 0.4702
vn -0.8308 0.2978 0.4703
vn 0.6863 -0.2998 0.6627
vn -0.1970 -0.6932 0.6933
vn -0.1969 -0.6932 0.6933
vn 0.6863 -0.2997 0.6627
vn 0.8171 0.1729 0.5500
vn 0.8171 0.1728 0.5500
vn -0.0236 0.0393 0.9990
vn -0.0236 0.0392 0.9990
vn -0.8500 0.1259 0.5116
vn -0.6073 -0.6941 0.3865
vn 0.1176 -0.3607 0.9252
vn 0.1176 -0.3606 0.9253
vn 0.8551 0.0942 0.5099
vn 0.6776 0.5200 0.5200
vn -0.1491 0.2748 0.9499
vn -0.1492 0.2748 0.9499
vn -0.9081 0.0158 0.4185
vn -0.9081 0.0157 0.4185
vn 0.2045 -0.6921 0.6922
vn -0.7076 -0.4009 0.5818
vn 0.2045 -0.6922 0.6922
vn -0.7076 -0.4010 0.5818
vn 0.4816 0.8763 -0.0079
vn 0.8522 0.2050 -0.4813
vn 0.5669 0.5117 -0.6456
vn 0.8506 0.5040 0.1496
vn 0.2357 0.9428 0.2357
vn 0.4648 0.7721 0.4333
vn 0.1025 0.9622 0.2524
vn 0.0472 0.8336 0.5503
vn 0.4956 0.6842 0.5349
vn 0.2295 0.8783 0.4195
vn 0.2294 0.8784 0.4193
vn 0.2295 0.8783 0.4194
vn 0.2300 0.8781 0.4196
vn -0.4728 0.8510 0.2286
vn -0.0157 0.9657 -0.2591
vn 0.6210 0.7626 -0.1810
vn 0.6211 0.7626 -0.1808
vn -0.2831 0.5266 0.8016
vn -0.2830 0.5266 0.8016
vn -0.4791 0.8718 0.1022
vn -0.4791 0.8718 0.1021
vn 0.1577 0.8752 0.4572
vn 0.1734 0.9616 -0.2128
vn 0.1578 0.8752 0.4572
vn -0.3458 0.7234 -0.5975
vn -0.3458 0.7234 -0.5976
vn -0.0553 0.9548 -0.2920
vn -0.6794 0.6796 -0.2765
vn -0.6795 0.6796 -0.2767
vn -0.0552 0.9548 -0.2920
vn 0.3535 0.9032 0.2434
vn 0.3536 0.9031 0.2435
vn 0.1414 0.5813 0.8013
vn 0.4258 0.8990 0.1025
vn 0.3928 0.6993 -0.5972
vn -0.1735 0.9382 -0.2996
vn 0.3927 0.6994 -0.5972
vn -0.1734 0.9382 -0.2997
vn -0.2529 0.8932 0.3717
vn 0.2370 0.6166 0.7508
vn 0.2370 0.6165 0.7508
vn 0.2128 0.8118 0.5438
vn -0.4627 0.7139 0.5256
vn -0.4627 0.7140 0.5255
vn 0.6216 0.2992 0.7240
vn 0.1336 0.8800 0.4557
vn 0.7164 0.5276 0.4566
vn -0.4405 0.5901 0.6766
vn -0.4405 0.5902 0.6765
vn 0.1337 0.9909 -0.0157
vn -0.3697 0.7862 -0.4953
vn -0.5514 0.8192 0.1576
vn -0.3696 0.7862 -0.4953
vn -0.0791 0.7580 0.6474
vn -0.0791 0.7580 0.6475
vn -0.8808 0.4640 -0.0944
vn -0.8966 0.1493 0.4169
vn -0.5686 0.8213 0.0474
vn -0.3297 0.9420 -0.0628
vn -0.6866 0.6471 -0.3314
vn -0.0395 0.9479 -0.3160
vn -0.3211 0.6657 -0.6736
vn 0.1261 0.4964 -0.8589
vn 0.2997 0.8045 -0.5127
vn 0.2761 0.2367 -0.9315
vn -0.4015 0.7797 -0.4804
vn 0.2281 0.6767 -0.7001
vn 0.2280 0.6767 -0.7001
vn -0.1896 0.9566 -0.2214
vn -0.1895 0.9566 -0.2214
vn -0.1895 0.9566 -0.2215
vn -0.1897 0.9566 -0.2214
vn 0.4396 0.8870 0.1412
vn 0.4408 0.7320 -0.5194
vn 0.4409 0.7320 -0.5194
vn -0.7165 0.6692 0.1970
vn -0.1339 0.8580 0.4959
vn -0.7164 0.6693 0.1970
vn 0.4081 0.7772 0.4789
vn -0.2281 0.6767 0.7001
vn -0.2280 0.6766 0.7001
vn -0.3783 0.8990 -0.2208
vn -0.2528 0.8298 -0.4976
vn -0.6757 0.5972 -0.4322
vn 0.1729 0.9193 -0.3536
vn -0.1104 0.7336 -0.6705
vn 0.0711 0.9873 -0.1422
vn 0.1257 0.9901 0.0629
vn -0.3787 0.9233 0.0631
vn -0.7706 0.6213 -0.1417
vn 0.1185 0.9642 0.2371
vn -0.2203 0.7243 0.6534
vn -0.5994 0.6624 0.4495
vn -0.7665 0.6244 -0.1502
vn -0.7007 0.7008 0.1337
vn -0.6991 0.5813 0.4163
vn -0.9838 0.1730 0.0472
vn -0.7147 0.6833 0.1491
vn -0.7138 0.6982 -0.0549
vn -0.4985 0.7356 -0.4587
vn -0.2042 0.3771 -0.9034
vn -0.4982 0.7357 -0.4588
vn -0.1262 0.7653 -0.6312
vn -0.0868 0.4265 -0.9003
vn -0.0629 0.7937 -0.6051
vn 0.1020 0.8241 -0.5572
vn 0.1648 0.4158 -0.8944
vn 0.4894 0.3869 -0.7815
vn 0.4319 0.7690 -0.4713
vn 0.5681 0.6787 -0.4654
vn 0.4955 0.8651 -0.0786
vn 0.0474 0.8372 -0.5449
vn -0.0553 0.8368 0.5447
vn 0.4735 0.8602 0.1894
vn 0.4717 0.7547 0.4560
vn -0.4504 0.8928 -0.0000
vn -0.5734 0.6757 0.4633
vn 0.4640 0.8808 -0.0944
vn 0.0236 0.9982 0.0550
vn 0.5427 0.8336 -0.1024
vn 0.0001 0.9992 0.0394
vn 0.4177 0.8987 -0.1340
vn 0.0078 0.9874 -0.1581
vn -0.0078 0.6456 -0.7636
vn 0.4655 0.5680 -0.6787
vn 0.7302 0.5419 0.4162
vn 0.7796 0.4018 0.4804
vn 0.8436 0.0314 0.5361
vn -0.4574 0.8833 0.1025
vn -0.0236 0.9982 -0.0550
vn -0.5427 0.8336 0.1024
vn -0.5746 0.8031 -0.1575
vn -0.2746 0.8944 -0.3531
vn -0.0000 0.9995 -0.0315
vn -0.5926 0.5929 -0.5452
vn -0.7948 0.5981 -0.1023
vn -0.4265 0.9003 0.0869
vn -0.0078 0.9930 0.1182
vn 0.0157 0.7149 0.6991
vn -0.8116 0.5829 0.0393
vn -0.6005 0.7822 0.1659
vn -0.5735 0.5345 0.6208
vn -0.1178 0.8563 0.5028
vn -0.3534 0.9270 0.1257
vn 0.0710 0.9228 0.3786
vn -0.7328 0.6620 -0.1577
vn -0.5589 0.7793 -0.2834
vn 0.2526 0.9473 0.1973
vn -0.1649 0.9818 -0.0943
vn -0.4403 0.8571 -0.2674
vn -0.0550 0.9820 -0.1807
vn -0.4806 0.7485 -0.4570
vn 0.7948 0.5982 0.1023
vn 0.5746 0.8031 0.1575
vn 0.5927 0.5928 0.5453
vn 0.2746 0.8944 0.3531
vn 0.6631 0.5449 0.5132
vn 0.7237 0.6058 0.3305
vn 0.8054 0.5922 -0.0238
vn 0.6948 0.7185 -0.0316
vn 0.6006 0.7822 -0.1659
vn 0.4728 0.6463 -0.5989
vn 0.1183 0.8597 -0.4969
vn 0.2756 0.9611 -0.0158
vn -0.1491 0.9499 -0.2747
vn 0.7010 0.6854 0.1970
vn 0.1099 0.9887 0.1020
vn 0.1888 0.8183 -0.5429
vn -0.7091 0.6697 -0.2206
vn 0.6248 0.7593 -0.1819
vn -0.1025 0.7814 -0.6156
vn 0.2992 0.5509 -0.7791
vn 0.2288 0.9549 -0.1894
vn 0.2292 0.9563 0.1818
vn 0.4808 0.7172 0.5044
vn 0.0472 0.9041 0.4246
vn 0.0473 0.5917 0.8047
vn 0.0158 0.9005 0.4345
vn 0.0395 0.5210 0.8527
vn 0.2367 0.8441 0.4812
vn 0.3219 0.4790 0.8166
vn 0.3314 0.7970 0.5050
vn -0.4646 0.6378 0.6143
vn -0.5423 0.6211 -0.5659
vn -0.0473 0.9622 -0.2682
vn -0.0158 0.5601 -0.8282
vn 0.4178 0.4652 -0.7804
vn -0.5677 0.7885 -0.2366
vn 0.4243 0.8721 -0.2436
vn -0.0706 0.9964 0.0471
vn -0.5678 0.8201 -0.0710
vn 0.4013 0.9049 0.1416
vn -0.5509 0.8342 0.0236
vn 0.3706 0.8516 0.3706
vn -0.0867 0.9696 0.2286
vn -0.5520 0.8121 0.1892
vn 0.3231 0.7801 0.5358
vn -0.1335 0.9030 0.4083
vn -0.3073 0.8589 -0.4097
vn -0.6450 0.7550 -0.1178
vn -0.6710 0.7027 -0.2367
vn 0.2829 0.8017 -0.5266
vn 0.2676 0.9603 0.0787
vn -0.2987 0.9517 -0.0707
vn -0.3142 0.8958 0.3143
vn -0.7259 0.6866 -0.0396
vn 0.1575 0.8584 0.4883
vn -0.5739 0.4951 0.6524
vn -0.0552 0.4655 0.8834
vn 0.3552 0.7814 0.5130
vn 0.3934 0.4487 0.8024
vn 0.6002 0.7505 0.2765
vn 0.4088 0.8726 0.2673
vn 0.8263 0.4957 0.2675
vn 0.7629 0.3855 0.5191
vn 0.5200 0.7406 0.4255
vn 0.5571 0.3140 0.7688
vn 0.4647 0.7168 0.5199
vn 0.4000 0.4471 0.8001
vn 0.5266 0.7073 0.4716
vn 0.7073 0.6210 0.3379
vn 0.7091 0.6697 0.2206
vn -0.1888 0.8183 0.5429
vn 0.8724 0.4873 0.0392
vn 0.0550 0.9895 0.1334
vn 0.8724 0.4873 0.0393
vn 0.0551 0.9895 0.1334
vn -0.7655 0.5366 0.3550
vn -0.7655 0.5366 0.3551
vn -0.4800 0.7238 -0.4957
vn -0.5458 0.6960 0.4667
vn -0.6754 0.7149 -0.1807
vn -0.4317 0.8084 -0.4002
vn -0.4103 0.4576 -0.7888
vn -0.4643 0.8578 -0.2203
vn -0.8109 0.5354 -0.2362
vn -0.5248 0.7598 -0.3838
vn -0.7343 0.3711 -0.5685
vn -0.6621 0.6936 -0.2839
vn -0.8364 0.2130 -0.5051
vn 0.8639 0.4948 0.0942
vn 0.0393 0.9827 0.1808
vn -0.7845 0.5099 0.3530
vn -0.8744 0.4096 -0.2600
vn -0.8744 0.4097 -0.2599
vn -0.0631 0.8206 -0.5681
vn 0.7657 0.3158 -0.5604
vn 0.7657 0.3157 -0.5604
vn 0.6307 0.7253 0.2759
vn -0.2923 0.9479 0.1264
vn 0.8666 0.4884 0.1024
vn 0.0550 0.9977 0.0393
vn -0.7946 0.5744 0.1967
vn -0.7947 0.5743 0.1967
vn 0.5577 0.7226 -0.4084
vn -0.2684 0.9630 0.0237
vn -0.9377 0.2915 0.1891
vn -0.2684 0.9630 0.0236
vn -0.0156 0.9929 -0.1181
vn -0.7572 0.4812 -0.4417
vn -0.0157 0.9929 -0.1182
vn 0.8263 0.5588 0.0708
vn 0.8263 0.5587 0.0708
vn 0.3859 0.7876 -0.4804
vn -0.5669 0.6456 -0.5117
vn -0.5668 0.6456 -0.5117
vn -0.4477 0.8247 -0.3456
vn 0.3067 0.9201 0.2438
vn -0.9459 -0.2916 0.1419
vn -0.8369 0.2999 0.4578
vn -0.9459 -0.2917 0.1418
vn -0.5197 -0.8187 0.2441
vn -0.5197 -0.8188 0.2439
vn -0.8657 0.4014 -0.2991
vn -0.8740 0.3150 0.3700
vn -0.8741 0.3149 0.3699
vn -0.3460 0.7233 -0.5976
vn -0.3461 0.7233 -0.5976
vn -0.5665 -0.8104 0.1494
vn -0.5587 -0.6530 -0.5113
vn -0.5586 -0.6530 -0.5114
vn -0.8908 0.3548 0.2838
vn -0.6796 0.6795 -0.2765
vn -0.6797 0.6794 -0.2765
vn -0.4784 0.3058 0.8232
vn -0.4784 0.3057 0.8232
vn -0.6473 -0.7104 0.2762
vn -0.6233 -0.6706 -0.4022
vn -0.6473 -0.7104 0.2761
vn -0.4629 0.7138 0.5256
vn -0.7222 0.1100 0.6829
vn -0.4630 0.7137 0.5256
vn -0.7422 -0.4894 0.4579
vn -0.8098 0.1807 0.5582
vn -0.8098 0.1807 0.5581
vn -0.6230 0.1970 -0.7570
vn -0.6487 -0.4666 -0.6012
vn -0.6936 0.2836 -0.6621
vn -0.6920 -0.3930 -0.6055
vn -0.6921 -0.3930 -0.6054
vn -0.6937 0.2836 -0.6621
vn -0.8516 -0.1892 -0.4889
vn -0.7827 -0.2846 -0.5534
vn -0.6156 -0.6866 -0.3867
vn -0.8639 -0.4948 -0.0942
vn -0.9827 -0.0393 -0.1808
vn -0.9928 0.1103 0.0473
vn -0.8443 -0.3790 0.3788
vn -0.9989 0.0079 -0.0472
vn -0.9267 -0.3691 -0.0707
vn -0.8091 -0.5813 0.0864
vn -0.9513 -0.3066 0.0315
vn -0.8966 0.1494 0.4169
vn -0.6633 0.5370 0.5212
vn -0.5687 0.8212 0.0474
vn -0.8966 0.1494 0.4170
vn -0.8808 0.4640 -0.0943
vn -0.9800 0.0237 -0.1976
vn -0.8635 0.1805 -0.4710
vn -0.6866 0.6471 -0.3315
vn -0.3211 0.6658 -0.6735
vn -0.5024 0.2355 -0.8319
vn -0.9279 -0.2517 0.2752
vn -0.4732 -0.6150 0.6308
vn -0.8842 -0.2368 -0.4026
vn -0.8843 -0.2368 -0.4025
vn -0.7137 0.2588 -0.6509
vn -0.7165 -0.4172 -0.5590
vn -0.7137 0.2587 -0.6509
vn -0.8380 -0.5455 0.0158
vn -0.8409 -0.4872 0.2357
vn -0.9677 -0.0158 0.2517
vn -0.9507 0.0471 0.3064
vn -0.8709 -0.4472 0.2040
vn -0.8754 -0.4259 0.2287
vn -0.8368 0.4816 0.2605
vn -0.8050 0.5208 0.2841
vn -0.9952 0.0237 -0.0948
vn -0.8778 0.4624 -0.1254
vn -0.8451 0.1185 -0.5213
vn -0.8489 0.1022 0.5186
vn -0.9498 -0.0942 -0.2983
vn -0.8724 -0.3930 0.2908
vn -0.7696 -0.3377 -0.5419
vn -0.9147 -0.4022 -0.0394
vn -0.7897 -0.3475 0.5055
vn -0.7809 -0.3788 -0.4967
vn -0.8071 -0.3165 0.4985
vn -0.9154 -0.4025 -0.0000
vn -0.7566 -0.4254 -0.4965
vn -0.7724 -0.3860 0.5044
vn -0.8731 -0.4875 0.0079
vn -0.5412 -0.1255 0.8315
vn -0.7950 -0.4329 0.4250
vn -0.7807 -0.4258 0.4574
vn -0.7106 -0.4895 0.5053
vn -0.0787 -0.3784 0.9223
vn -0.4018 0.7796 -0.4804
vn -0.8489 0.2673 -0.4559
vn -0.6613 -0.3541 -0.6612
vn -0.6614 -0.3542 -0.6612
vn -0.7169 0.5198 -0.4647
vn -0.7166 0.6692 0.1967
vn -0.7168 0.5199 -0.4646
vn -0.7165 0.6693 0.1967
vn -0.2836 -0.6540 -0.7013
vn -0.6707 -0.2998 -0.6785
vn -0.4655 -0.7099 -0.5285
vn -0.5350 0.4955 -0.6843
vn -0.6758 0.5970 -0.4322
vn -0.2529 0.8297 -0.4977
vn -0.6758 0.5972 -0.4320
vn -0.7707 0.6213 -0.1417
vn -0.3785 0.8989 -0.2208
vn -0.7707 0.6213 -0.1414
vn -0.9049 0.4249 0.0236
vn -0.3788 0.9233 0.0632
vn -0.5993 0.6624 0.4495
vn -0.8717 0.4555 -0.1808
vn -0.6991 0.5812 0.4165
vn -0.7666 0.6243 -0.1502
vn -0.7007 0.7007 0.1340
vn -0.5913 0.5124 0.6228
vn -0.6991 0.5814 0.4163
vn -0.7147 0.6833 0.1492
vn -0.7718 0.2362 0.5904
vn -0.6360 -0.1256 0.7614
vn -0.9569 -0.2902 -0.0078
vn -0.7489 0.2837 -0.5989
vn -0.6928 -0.1339 -0.7086
vn -0.7411 -0.6464 0.1813
vn -0.6291 -0.3540 0.6920
vn -0.5737 -0.5343 0.6208
vn -0.8906 -0.4020 -0.2128
vn -0.7034 -0.6243 -0.3398
vn -0.8704 -0.3920 0.2980
vn -0.8704 -0.3920 0.2981
vn -0.6623 -0.1105 0.7410
vn -0.6293 -0.3538 0.6920
vn -0.9815 -0.1099 -0.1570
vn -0.9656 -0.2277 -0.1256
vn -0.8863 -0.4551 -0.0859
vn -0.8553 0.5179 -0.0157
vn -0.8441 0.4812 0.2367
vn -0.5427 0.8337 0.1022
vn -0.8783 0.4352 0.1978
vn -0.8705 0.4235 0.2509
vn -0.7949 0.5980 -0.1022
vn -0.7808 0.4338 0.4496
vn -0.4264 0.9003 0.0869
vn -0.9335 0.3530 -0.0628
vn -0.5928 0.5926 -0.5453
vn -0.8582 0.2756 0.4331
vn -0.8052 0.2684 -0.5289
vn -0.9633 0.2684 0.0079
vn -0.8575 0.2046 0.4720
vn -0.8098 0.3380 -0.4797
vn -0.8116 0.5829 0.0394
vn -0.8086 0.5024 -0.3061
vn -0.5737 0.5342 0.6208
vn -0.8255 0.5346 -0.1808
vn -0.7328 0.6619 -0.1576
vn -0.3535 0.9269 0.1257
vn -0.4710 -0.8635 -0.1805
vn -0.8368 -0.4816 0.2605
vn -0.4490 -0.8822 0.1418
vn -0.8709 -0.4707 -0.1412
vn -0.8255 -0.1810 -0.5346
vn -0.5658 -0.3143 -0.7623
vn -0.7819 0.2370 -0.5765
vn -0.5658 -0.3144 -0.7623
vn -0.4323 0.1022 -0.8959
vn -0.7419 0.4499 -0.4972
vn -0.5041 -0.8427 0.1890
vn -0.8112 -0.5277 0.2520
vn -0.6362 -0.4791 0.6048
vn -0.1414 -0.8176 0.5582
vn -0.8271 0.0550 -0.5593
vn -0.8271 0.0551 -0.5593
vn -0.3466 -0.9372 0.0394
vn -0.9763 -0.2047 0.0707
vn -0.3465 -0.9372 0.0394
vn -0.9763 -0.2047 0.0709
vn -0.3371 -0.7761 -0.5330
vn -0.7856 -0.3378 -0.5185
vn -0.5524 -0.4102 -0.7257
vn -0.5597 -0.7489 -0.3547
vn -0.8628 -0.3373 -0.3765
vn -0.6126 -0.7069 -0.3535
vn -0.7174 -0.2603 -0.6463
vn -0.3382 -0.5507 -0.7631
vn -0.4645 0.6379 0.6143
vn -0.8815 0.3778 0.2833
vn -0.4172 0.2205 0.8817
vn -0.8118 0.3074 0.4965
vn -0.8503 0.1968 0.4881
vn -0.5122 -0.0079 0.8588
vn -0.9583 -0.0786 0.2749
vn -0.6761 -0.5661 0.4716
vn -0.7390 -0.6603 -0.1336
vn -0.9346 -0.2435 -0.2592
vn -0.5213 -0.6874 -0.5056
vn -0.8660 -0.2204 -0.4488
vn -0.4094 -0.3307 -0.8503
vn -0.8206 -0.0631 -0.5681
vn -0.2198 0.0549 -0.9740
vn -0.4030 0.4188 -0.8138
vn -0.6710 0.7026 -0.2370
vn -0.3073 0.8589 -0.4098
vn -0.2988 0.9517 -0.0708
vn -0.7260 0.6866 -0.0396
vn -0.6449 0.7551 -0.1181
vn -0.5738 0.4952 0.6524
vn -0.7260 0.6866 -0.0394
vn -0.3143 0.8957 0.3144
vn -0.8547 0.4115 0.3165
vn -0.7132 0.3135 0.6269
vn -0.8992 0.3865 0.2051
vn -0.8323 0.5417 0.1178
vn -0.6854 0.4255 0.5910
vn -0.6769 0.3541 0.6453
vn -0.8358 0.5125 0.1971
vn -0.8349 -0.0866 0.5435
vn -0.9444 0.2440 0.2204
vn -0.9962 -0.0863 0.0078
vn -0.8516 -0.5125 0.1104
vn -0.9689 -0.0945 -0.2285
vn -0.7721 -0.5988 -0.2127
vn -0.8482 -0.5105 -0.1413
vn -0.9819 -0.0157 -0.1885
vn -0.8922 -0.4500 0.0395
vn -0.9994 0.0157 -0.0315
vn -0.7707 -0.5190 -0.3696
vn -0.7661 -0.3000 0.5685
vn -0.5513 -0.7875 0.2756
vn -0.8191 0.0866 0.5670
vn -0.8191 0.0866 0.5671
vn -0.7715 -0.4172 0.4803
vn -0.3925 -0.2433 -0.8870
vn -0.5982 -0.5744 -0.5588
vn -0.2599 -0.4097 -0.8744
vn -0.7334 -0.4179 -0.5362
vn -0.3545 -0.3702 -0.8587
vn -0.6532 -0.5508 -0.5195
vn -0.5771 -0.3715 -0.7273
vn -0.8336 -0.5191 -0.1887
vn -0.7291 -0.5956 -0.3371
vn -0.8705 -0.1882 -0.4547
vn -0.7166 -0.6692 -0.1967
vn -0.6771 0.3229 -0.6612
vn -0.8592 -0.2836 -0.4258
vn -0.8201 0.2839 -0.4968
vn -0.8238 -0.5258 -0.2118
vn -0.9690 0.0945 -0.2284
vn -0.9919 -0.1102 0.0630
vn -0.7784 -0.5818 -0.2359
vn -0.8192 -0.1575 -0.5514
vn -0.9995 -0.0079 -0.0315
vn -0.7909 0.3322 -0.5140
vn -0.9272 0.3693 -0.0629
vn -0.8122 0.5678 0.1341
vn -0.6867 0.5999 -0.4105
vn -0.9489 0.2588 0.1805
vn -0.9760 -0.0472 -0.2125
vn -0.7627 -0.1808 -0.6210
vn -0.7792 -0.2991 -0.5508
vn -0.8763 -0.2763 -0.3947
vn -0.8364 0.2131 -0.5049
vn -0.9520 0.2754 -0.1337
vn -0.6622 0.6936 -0.2837
vn -0.8165 0.5652 0.1177
vn -0.8879 -0.0629 -0.4557
vn -0.9829 0.1415 0.1180
vn -0.8476 0.2590 0.4631
vn -0.8021 -0.1651 0.5739
vn -0.9772 -0.1969 0.0788
vn -0.8910 -0.1577 -0.4258
vn -0.7467 -0.3852 0.5423
vn -0.8268 -0.3938 -0.4016
vn -0.8932 -0.4426 0.0790
vn -0.2918 -0.2209 0.9306
vn -0.9595 -0.1414 0.2438
vn -0.9594 -0.1416 0.2438
vn -0.7061 -0.1883 -0.6826
vn -0.7808 -0.4496 0.4338
vn -0.8660 -0.4960 0.0630
vn -0.9594 0.2595 0.1101
vn -0.7076 -0.6603 0.2516
vn -0.7075 -0.6604 0.2515
vn -0.7946 0.5743 0.1967
vn -0.8338 -0.3619 0.4169
vn -0.7796 -0.6222 -0.0709
vn -0.6614 -0.4724 -0.5826
vn -0.7573 0.4811 -0.4417
vn -0.3534 -0.9346 -0.0392
vn -0.9333 -0.2116 -0.2901
vn -0.3534 -0.9346 -0.0393
vn -0.9332 -0.2118 -0.2902
vn -0.8104 0.1495 -0.5665
vn -0.7967 0.3550 -0.4891
vn -0.8308 0.2977 0.4703
vn -0.4883 -0.1575 -0.8584
vn -0.7801 -0.6225 -0.0630
vn -0.4882 -0.1575 -0.8584
vn -0.8357 0.3469 -0.4257
vn -0.8357 0.3469 -0.4258
vn -0.5982 -0.5666 -0.5667
vn -0.5981 -0.5667 -0.5667
vn -0.8404 -0.0000 -0.5419
vn -0.3296 0.2197 -0.9182
vn -0.9740 0.0550 -0.2199
vn -0.5974 -0.0157 -0.8018
vn 0.5354 -0.2362 -0.8109
vn 0.4889 -0.1893 -0.8515
vn 0.8357 -0.1498 -0.5283
vn 0.8118 -0.3311 -0.4809
vn 0.6758 -0.3850 -0.6286
vn 0.4173 -0.0788 -0.9054
vn 0.8523 0.2050 -0.4813
vn 0.5668 0.5118 -0.6456
vn 0.0315 -0.5508 -0.8341
vn -0.5586 -0.6530 -0.5115
vn 0.6213 -0.6134 -0.4877
vn 0.6212 -0.6134 -0.4877
vn -0.0237 -0.6910 -0.7225
vn -0.6231 -0.6706 -0.4025
vn -0.6232 -0.6706 -0.4025
vn -0.0709 -0.2289 -0.9709
vn 0.5497 0.1335 -0.8246
vn 0.5264 -0.5262 -0.6678
vn -0.6229 0.1973 -0.7570
vn -0.0237 0.4968 -0.8675
vn -0.0238 0.4970 -0.8674
vn 0.1339 -0.1104 -0.9848
vn 0.1339 -0.1103 -0.9848
vn -0.0788 0.5674 -0.8197
vn 0.5714 0.4072 -0.7125
vn 0.5715 0.4071 -0.7125
vn -0.0788 0.5673 -0.8197
vn -0.3779 -0.5667 -0.7321
vn -0.5529 0.0790 -0.8295
vn -0.3780 -0.5667 -0.7321
vn 0.4652 0.2681 -0.8436
vn 0.4729 -0.4096 -0.7801
vn 0.4728 -0.4096 -0.7801
vn -0.6936 0.2839 -0.6621
vn -0.1104 0.6151 -0.7807
vn -0.3694 0.7862 -0.4954
vn 0.2764 0.6952 -0.6636
vn 0.2764 0.6951 -0.6636
vn -0.3694 0.7862 -0.4955
vn -0.3212 0.6657 -0.6735
vn -0.1806 0.0628 -0.9815
vn -0.5022 0.2355 -0.8321
vn 0.2763 0.2368 -0.9314
vn 0.2764 0.2368 -0.9314
vn 0.2999 0.8045 -0.5127
vn 0.5683 0.5368 -0.6236
vn -0.1805 -0.1413 -0.9734
vn 0.2433 0.0864 -0.9661
vn 0.6209 0.3537 -0.6996
vn -0.3690 -0.1413 -0.9186
vn 0.1961 0.0157 -0.9805
vn 0.6599 0.0864 -0.7464
vn -0.4177 -0.0631 -0.9064
vn 0.6544 -0.1498 -0.7411
vn 0.1495 -0.2361 -0.9602
vn -0.3465 -0.2441 -0.9057
vn 0.6610 -0.3071 -0.6847
vn -0.2755 -0.4642 -0.8418
vn 0.1973 -0.4416 -0.8752
vn -0.3852 -0.5737 -0.7229
vn -0.8841 -0.2368 -0.4028
vn -0.8841 -0.2369 -0.4027
vn -0.3852 -0.5735 -0.7230
vn -0.1883 -0.1333 -0.9730
vn -0.1883 -0.1334 -0.9730
vn -0.1881 -0.1329 -0.9731
vn -0.1883 -0.1335 -0.9730
vn 0.4425 0.2212 -0.8691
vn 0.4403 -0.4480 -0.7781
vn 0.4402 -0.4479 -0.7782
vn -0.7136 0.2589 -0.6509
vn -0.1344 0.5764 -0.8061
vn -0.1344 0.5765 -0.8060
vn 0.5755 -0.6780 -0.4573
vn 0.8467 -0.3763 -0.3762
vn 0.7174 -0.0631 -0.6938
vn 0.7174 -0.0630 -0.6938
vn -0.2918 0.2208 -0.9306
vn -0.2919 0.2208 -0.9306
vn -0.0236 -0.4565 -0.8894
vn -0.6612 -0.3543 -0.6613
vn -0.6611 -0.3544 -0.6613
vn 0.4179 0.0552 -0.9068
vn 0.2283 0.6764 -0.7002
vn 0.2283 0.6765 -0.7002
vn -0.7167 0.5198 -0.4649
vn -0.1412 0.5491 -0.8237
vn 0.4408 0.7320 -0.5196
vn -0.7167 0.5199 -0.4647
vn 0.3321 -0.5377 -0.7750
vn -0.2436 -0.8093 -0.5345
vn 0.8439 -0.4022 -0.3551
vn 0.8438 -0.4023 -0.3551
vn 0.8489 0.1021 -0.5187
vn 0.1967 0.1574 -0.9678
vn 0.6221 0.4647 -0.6301
vn 0.5448 -0.1263 -0.8290
vn 0.0472 0.0079 -0.9989
vn 0.4635 -0.1571 -0.8721
vn 0.0628 0.0471 -0.9969
vn 0.6082 -0.0790 -0.7899
vn -0.1885 -0.0000 -0.9821
vn 0.1580 -0.3476 -0.9242
vn -0.6706 -0.2998 -0.6786
vn -0.2529 0.8296 -0.4978
vn -0.3616 0.3852 -0.8490
vn -0.5348 0.4955 -0.6845
vn -0.1105 0.7336 -0.6705
vn -0.4983 0.7356 -0.4589
vn -0.2042 0.3770 -0.9034
vn -0.7488 0.2837 -0.5990
vn -0.6927 -0.1339 -0.7086
vn -0.2274 -0.0549 -0.9723
vn -0.0869 0.4265 -0.9003
vn -0.1102 -0.0630 -0.9919
vn 0.0553 -0.0868 -0.9947
vn 0.4258 -0.1024 -0.8990
vn 0.4895 0.3868 -0.7815
vn -0.4806 0.7484 -0.4571
vn -0.4627 0.2352 -0.8547
vn 0.0474 0.8371 -0.5449
vn 0.5273 0.2282 -0.8185
vn 0.5681 0.6786 -0.4656
vn 0.0945 0.2599 -0.9610
vn -0.4170 -0.1888 -0.8891
vn 0.4797 0.1887 -0.8569
vn 0.1104 0.0315 -0.9934
vn 0.0158 -0.1655 -0.9861
vn -0.3948 -0.4422 -0.8054
vn 0.4098 0.1025 -0.9064
vn 0.0554 -0.8308 -0.5539
vn -0.3462 -0.7865 -0.5114
vn 0.6674 -0.5497 -0.5024
vn 0.4570 -0.8507 -0.2598
vn 0.4789 -0.3768 -0.7929
vn -0.0470 -0.8544 -0.5175
vn -0.0710 -0.2604 -0.9629
vn 0.4004 -0.1570 -0.9028
vn -0.0867 -0.1497 -0.9849
vn -0.0550 -0.3298 -0.9424
vn 0.4241 -0.3377 -0.8403
vn 0.4657 0.5681 -0.6785
vn -0.0000 0.0157 -0.9999
vn 0.4105 0.1894 -0.8920
vn 0.0235 -0.0550 -0.9982
vn 0.5114 0.1731 -0.8417
vn 0.5266 -0.0472 -0.8488
vn 0.0868 -0.1893 -0.9781
vn 0.5836 -0.1577 -0.7966
vn 0.1496 -0.3150 -0.9372
vn 0.7143 0.4789 -0.5104
vn 0.6948 0.7185 -0.0314
vn 0.4729 0.6461 -0.5990
vn -0.0157 -0.0393 -0.9991
vn -0.5659 -0.3145 -0.7622
vn -0.0080 -0.7032 -0.7109
vn -0.5658 -0.3142 -0.7623
vn -0.7819 0.2369 -0.5767
vn -0.8255 -0.1808 -0.5347
vn -0.4322 0.1022 -0.8960
vn 0.7166 0.6300 -0.2993
vn 0.7167 0.6300 -0.2992
vn -0.0157 0.4408 -0.8975
vn -0.0157 0.4409 -0.8974
vn -0.1806 -0.7695 -0.6125
vn -0.3370 -0.7760 -0.5331
vn -0.4016 -0.4252 -0.8111
vn -0.5521 -0.4102 -0.7259
vn -0.3383 -0.5506 -0.7631
vn -0.3699 -0.0079 -0.9290
vn -0.7173 -0.2600 -0.6464
vn 0.2193 -0.7204 -0.6579
vn 0.5207 -0.3628 -0.7728
vn 0.2044 -0.1965 -0.9589
vn -0.2676 0.2833 -0.9209
vn 0.4722 -0.3463 -0.8106
vn 0.1653 -0.0709 -0.9837
vn -0.0158 0.1657 -0.9860
vn -0.3546 0.4649 -0.8113
vn 0.3377 -0.2041 -0.9189
vn 0.2990 0.5509 -0.7791
vn -0.1026 0.7813 -0.6157
vn 0.6298 0.1417 -0.7638
vn 0.2838 -0.1576 -0.9459
vn 0.0550 -0.4714 -0.8802
vn -0.2200 0.0550 -0.9740
vn -0.8205 -0.0631 -0.5682
vn -0.6199 0.2197 -0.7533
vn -0.4859 0.3528 -0.7996
vn -0.0866 0.0944 -0.9918
vn 0.3458 -0.1886 -0.9192
vn -0.5261 0.4083 -0.7460
vn 0.3311 -0.1025 -0.9380
vn -0.0943 0.1650 -0.9818
vn -0.5423 0.6209 -0.5661
vn -0.0158 0.5600 -0.8283
vn 0.4178 0.4650 -0.7805
vn -0.4030 0.4187 -0.8138
vn 0.1020 0.2431 -0.9646
vn -0.3073 0.8589 -0.4096
vn 0.2830 0.8016 -0.5266
vn 0.8675 -0.2129 -0.4496
vn 0.0473 -0.4811 -0.8754
vn -0.7707 -0.5191 -0.3696
vn 0.2203 0.2441 -0.9444
vn 0.8619 -0.2609 -0.4349
vn 0.2204 0.2440 -0.9444
vn -0.4799 0.7239 -0.4957
vn 0.1415 -0.8177 -0.5580
vn 0.1731 -0.1338 -0.9758
vn -0.2600 -0.4096 -0.8744
vn 0.0393 -0.0000 -0.9992
vn 0.0711 -0.0632 -0.9955
vn -0.3545 -0.3702 -0.8586
vn -0.2202 0.0236 -0.9752
vn -0.6770 0.3228 -0.6614
vn -0.8704 -0.1883 -0.4549
vn -0.7784 -0.5818 -0.2358
vn -0.4649 -0.2443 -0.8510
vn -0.4795 -0.7545 -0.4482
vn -0.4111 0.1818 -0.8933
vn -0.7909 0.3321 -0.5139
vn -0.6868 0.5998 -0.4105
vn -0.4102 0.4576 -0.7889
vn -0.6756 0.7148 -0.1805
vn -0.7625 -0.1808 -0.6211
vn -0.7791 -0.2990 -0.5511
vn -0.7342 0.3712 -0.5685
vn -0.8364 0.2131 -0.5050
vn 0.8887 -0.3932 -0.2359
vn 0.2209 -0.3155 -0.9229
vn 0.2208 -0.3155 -0.9229
vn 0.6386 -0.4731 -0.6070
vn -0.0079 -0.1809 -0.9835
vn -0.0077 -0.1808 -0.9835
vn 0.6847 -0.5745 -0.4486
vn 0.6846 -0.5745 -0.4486
vn 0.8689 0.2370 -0.4345
vn 0.0551 0.3228 -0.9449
vn 0.3939 0.2285 -0.8903
vn 0.8294 0.4028 -0.3871
vn 0.0078 0.4876 -0.8730
vn 0.0079 0.4876 -0.8730
vn 0.1416 -0.1103 -0.9838
vn 0.1417 -0.1102 -0.9838
vn 0.8660 0.2205 -0.4488
vn 0.8660 0.2204 -0.4488
vn 0.7481 0.4960 -0.4409
vn 0.7480 0.4961 -0.4409
vn -0.0158 0.2369 -0.9714
vn -0.8404 -0.0000 -0.5420
vn 0.5820 -0.0708 -0.8101
vn -0.5974 -0.0158 -0.8018
vn -0.0000 -0.7565 -0.6540
vn -0.5195 -0.8188 0.2441
vn 0.0079 -0.7492 0.6623
vn -0.5195 -0.8188 0.2442
vn 0.0077 -0.7492 0.6623
vn 0.2994 -0.9533 0.0394
vn 0.2993 -0.9534 0.0393
vn 0.2993 -0.9533 0.0394
vn 0.2994 -0.9533 0.0395
vn -0.3614 -0.8721 0.3300
vn 0.1730 -0.6845 0.7081
vn 0.1730 -0.6846 0.7081
vn -0.3155 -0.8832 -0.3470
vn -0.3154 -0.8832 -0.3470
vn 0.2688 -0.7120 -0.6487
vn 0.0316 -0.9710 -0.2368
vn -0.5664 -0.8104 0.1495
vn 0.0157 -0.8729 0.4876
vn 0.6084 -0.7743 0.1740
vn -0.5665 -0.8104 0.1496
vn -0.0711 -0.9955 -0.0632
vn -0.6472 -0.7104 0.2764
vn -0.0788 -0.7722 0.6304
vn -0.0788 -0.7722 0.6305
vn -0.6473 -0.7104 0.2764
vn 0.5282 -0.7884 0.3153
vn 0.5282 -0.7884 0.3154
vn 0.5527 -0.7501 -0.3632
vn -0.0234 -0.6910 -0.7225
vn -0.0234 -0.6910 -0.7224
vn 0.3766 -0.4238 0.8238
vn -0.1503 -0.7909 0.5932
vn -0.7421 -0.4896 0.4579
vn -0.1730 -0.6135 0.7706
vn 0.4112 -0.7830 0.4666
vn 0.4111 -0.7830 0.4667
vn -0.6486 -0.4668 -0.6012
vn -0.0785 -0.8258 -0.5585
vn -0.0786 -0.8258 -0.5584
vn 0.5262 -0.5265 -0.6678
vn 0.5262 -0.5264 -0.6678
vn -0.3778 -0.5669 -0.7321
vn 0.2756 -0.7326 -0.6223
vn -0.3777 -0.5668 -0.7321
vn -0.6919 -0.3932 -0.6055
vn -0.1104 -0.7411 -0.6623
vn 0.4727 -0.4099 -0.7801
vn -0.6919 -0.3933 -0.6054
vn -0.4867 -0.8713 0.0628
vn -0.2518 -0.9442 -0.2124
vn -0.5756 -0.6781 0.4571
vn -0.5911 -0.8041 -0.0630
vn -0.5912 -0.8041 -0.0630
vn -0.5912 -0.8041 -0.0631
vn -0.5912 -0.8040 -0.0631
vn 0.0236 -0.9492 0.3138
vn -0.4730 -0.6151 0.6308
vn -0.4730 -0.6150 0.6308
vn 0.0235 -0.9492 0.3138
vn 0.0631 -0.9298 -0.3625
vn -0.3850 -0.5738 -0.7229
vn -0.3849 -0.5737 -0.7230
vn -0.7165 -0.4174 -0.5590
vn -0.1416 -0.7707 -0.6213
vn -0.1416 -0.7706 -0.6213
vn 0.4400 -0.4482 -0.7782
vn 0.4402 -0.4482 -0.7781
vn -0.7565 -0.4257 -0.4965
vn -0.6913 -0.7225 0.0079
vn -0.8729 -0.4878 0.0079
vn -0.7723 -0.3863 0.5044
vn -0.6062 -0.6456 -0.4645
vn -0.6157 -0.6237 0.4816
vn -0.4788 -0.6439 0.5967
vn -0.1342 -0.8525 0.5052
vn 0.2836 -0.6540 0.7013
vn 0.5061 -0.7354 0.4507
vn 0.1338 -0.9448 0.2992
vn 0.4409 -0.8975 0.0079
vn 0.8228 -0.5485 0.1488
vn 0.8466 -0.3763 -0.3763
vn 0.5756 -0.6780 -0.4571
vn 0.1886 -0.9667 0.1729
vn 0.1887 -0.9667 0.1729
vn 0.6539 -0.7485 0.1102
vn 0.8883 -0.4559 0.0550
vn 0.6845 -0.6925 0.2280
vn 0.9276 -0.3223 0.1887
vn 0.7334 -0.6782 0.0475
vn 0.9300 -0.3152 0.1891
vn 0.9057 -0.4094 0.1103
vn 0.9363 -0.3382 0.0944
vn 0.5255 -0.6433 0.5568
vn 0.5438 -0.8118 0.2128
vn 0.8961 -0.4087 0.1729
vn 0.5591 -0.8267 0.0630
vn 0.4330 -0.8582 0.2756
vn 0.7480 -0.4960 0.4410
vn 0.5907 -0.5041 0.6301
vn 0.3001 -0.8451 0.4424
vn 0.3712 -0.9163 -0.1501
vn -0.2992 -0.9448 0.1338
vn 0.2132 -0.8056 0.5528
vn -0.2436 -0.8095 -0.5343
vn -0.2438 -0.8094 -0.5342
vn 0.7869 -0.5352 0.3071
vn 0.7870 -0.5352 0.3070
vn 0.4186 -0.9079 0.0239
vn 0.4184 -0.9079 0.0238
vn 0.4185 -0.9079 0.0239
vn 0.4186 -0.9078 0.0239
vn 0.0791 -0.9969 0.0001
vn 0.0785 -0.9969 -0.0000
vn 0.0786 -0.9969 -0.0000
vn 0.0788 -0.9969 -0.0000
vn 0.1342 -0.8525 -0.5052
vn 0.5739 -0.5427 -0.6133
vn -0.2837 -0.6540 -0.7013
vn -0.4654 -0.7100 -0.5285
vn -0.0710 -0.9228 -0.3786
vn -0.3461 -0.7866 -0.5113
vn -0.4088 -0.8726 -0.2673
vn 0.0553 -0.8308 -0.5538
vn 0.5745 -0.8185 -0.0079
vn 0.0866 -0.9849 -0.1497
vn 0.3463 -0.9365 0.0551
vn -0.1738 -0.9558 -0.2370
vn -0.5113 -0.7472 -0.4247
vn 0.0551 -0.9449 0.3228
vn -0.2758 -0.9455 -0.1734
vn -0.4570 -0.7327 -0.5043
vn -0.4872 -0.8724 -0.0393
vn -0.2925 -0.8064 0.5139
vn -0.5199 -0.7168 -0.4647
vn -0.7033 -0.6245 -0.3398
vn 0.0237 -0.8496 0.5269
vn 0.4103 -0.4576 0.7888
vn 0.4187 -0.8215 0.3870
vn 0.4488 -0.8660 0.2204
vn -0.4876 -0.8729 -0.0157
vn -0.5647 -0.4862 0.6669
vn 0.0630 -0.9927 0.1024
vn 0.5191 -0.7629 0.3854
vn -0.2357 -0.9428 -0.2357
vn 0.2052 -0.9705 0.1263
vn 0.6525 -0.6997 0.2910
vn 0.2516 -0.9677 0.0157
vn -0.1023 -0.9682 -0.2283
vn -0.0470 -0.8545 -0.5173
vn 0.4569 -0.8507 -0.2599
vn 0.6525 -0.6997 0.2908
vn 0.7955 -0.5986 -0.0944
vn -0.2053 -0.9632 0.1737
vn -0.2053 -0.9632 -0.1737
vn 0.1728 -0.9747 0.1415
vn 0.1021 -0.8015 0.5892
vn 0.1259 -0.9919 0.0156
vn -0.0551 -0.9210 -0.3857
vn 0.3945 -0.8600 0.3235
vn 0.7331 -0.6779 0.0553
vn 0.4880 -0.7239 0.4878
vn 0.0474 -0.9957 0.0790
vn 0.0553 -0.7406 0.6697
vn 0.4877 -0.7239 0.4879
vn 0.0474 -0.9958 0.0790
vn -0.0393 -0.9118 -0.4087
vn 0.0079 -0.9835 0.1810
vn 0.0316 -0.7743 0.6321
vn 0.0550 -0.7406 0.6697
vn 0.1967 -0.7946 0.5743
vn 0.1501 -0.9875 0.0474
vn 0.2277 -0.7929 0.5652
vn 0.1569 -0.9098 -0.3843
vn 0.3077 -0.9468 0.0946
vn 0.3163 -0.8856 -0.3400
vn 0.6004 -0.5372 0.5925
vn 0.7078 -0.6921 -0.1414
vn 0.7674 -0.6251 0.1424
vn 0.7722 -0.6227 0.1262
vn 0.8669 -0.1575 0.4729
vn 0.9488 -0.1253 0.2901
vn -0.0001 -0.9995 0.0315
vn -0.0000 -0.9930 -0.1182
vn -0.0079 -0.7031 -0.7110
vn 0.0157 -0.9991 0.0393
vn -0.1415 -0.8176 0.5581
vn 0.2914 -0.8821 0.3702
vn 0.5981 -0.5745 0.5588
vn 0.2599 -0.4097 0.8744
vn 0.8830 -0.2286 0.4100
vn 0.5601 -0.7811 0.2761
vn 0.7373 -0.6590 0.1491
vn 0.7946 -0.4092 0.4485
vn 0.5513 -0.7875 -0.2756
vn 0.5512 -0.7875 -0.2756
vn -0.1806 -0.7696 -0.6125
vn -0.0000 -0.9803 -0.1976
vn -0.3371 -0.7760 -0.5331
vn 0.0790 -0.9555 -0.2843
vn -0.5597 -0.7489 -0.3548
vn -0.1420 -0.9861 -0.0868
vn -0.1101 -0.9674 -0.2281
vn -0.3384 -0.5506 -0.7631
vn 0.2193 -0.7206 -0.6578
vn -0.6761 -0.5659 0.4718
vn -0.2679 -0.9614 -0.0630
vn -0.2763 -0.7972 0.5367
vn -0.7391 -0.6603 -0.1336
vn -0.5213 -0.6875 -0.5056
vn -0.1577 -0.8669 -0.4729
vn 0.0550 -0.4717 -0.8801
vn -0.4247 -0.5113 0.7472
vn -0.8349 -0.0865 0.5435
vn -0.4170 -0.8891 0.1888
vn -0.4008 -0.9039 -0.1493
vn -0.4960 -0.8660 -0.0630
vn -0.8482 -0.5105 -0.1414
vn -0.8921 -0.4500 0.0395
vn -0.5756 -0.8122 0.0947
vn 0.8246 -0.5106 0.2435
vn 0.4485 -0.8576 0.2518
vn 0.4823 -0.7512 0.4506
vn 0.3465 -0.9372 -0.0394
vn 0.8679 -0.4655 0.1736
vn 0.0469 -0.9185 0.3926
vn 0.0470 -0.9185 0.3925
vn -0.7715 -0.4173 0.4802
vn -0.5980 -0.5746 -0.5588
vn 0.1415 -0.8176 -0.5581
vn -0.2599 -0.4096 -0.8744
vn -0.3546 -0.3702 -0.8586
vn -0.7289 -0.5958 -0.3371
vn -0.6532 -0.5510 -0.5194
vn -0.5771 -0.3716 -0.7273
vn -0.8592 -0.2838 -0.4258
vn -0.4956 -0.8495 -0.1809
vn -0.7164 -0.6693 -0.1969
vn -0.8238 -0.5257 -0.2119
vn -0.4795 -0.7546 -0.4480
vn 0.8666 -0.4649 0.1812
vn 0.0394 -0.9372 0.3465
vn -0.7809 -0.4496 0.4338
vn -0.0469 -0.9964 0.0706
vn -0.0471 -0.9964 0.0706
vn 0.7703 -0.5894 -0.2436
vn 0.7702 -0.5895 -0.2437
vn 0.2203 -0.8891 0.4013
vn 0.2203 -0.8891 0.4012
vn -0.7075 -0.6604 0.2516
vn 0.4797 -0.8493 0.2202
vn 0.4484 -0.8812 -0.1495
vn -0.0000 -0.9992 -0.0394
vn -0.0000 -0.9874 0.1580
vn -0.0157 -0.9991 -0.0393
vn 0.0079 -0.6456 0.7636
vn 0.5041 -0.8427 -0.1890
vn -0.2914 -0.8821 -0.3702
vn 0.5689 -0.2766 0.7745
vn 0.8337 -0.4483 0.3224
vn -0.0158 -0.8763 0.4816
vn 0.8337 -0.4483 0.3225
vn -0.0158 -0.8762 0.4816
vn -0.8338 -0.3618 0.4169
vn 0.0474 -0.8613 -0.5058
vn 0.7138 -0.1883 -0.6746
vn -0.7797 -0.6222 -0.0709
vn 0.7138 -0.1883 -0.6745
vn 0.1728 -0.9033 -0.3927
vn 0.1728 -0.9033 -0.3926
vn 0.9205 -0.3855 -0.0630
vn 0.9206 -0.3855 -0.0629
vn 0.6012 -0.7990 -0.0079
vn -0.1969 -0.6933 0.6932
vn 0.8497 -0.5272 -0.0079
vn 0.7476 -0.6611 -0.0630
vn -0.0000 -0.7564 -0.6541
vn 0.7476 -0.6612 -0.0630
vn 0.9922 0.1181 -0.0394
vn 0.8357 -0.1499 -0.5284
vn 0.9989 0.0079 0.0472
vn 0.8118 -0.3311 -0.4810
vn 0.9267 -0.3691 0.0707
vn 0.8109 -0.5747 -0.1102
vn 0.6757 -0.3850 -0.6286
vn 0.9488 -0.2688 -0.1660
vn 0.8522 0.2051 -0.4813
vn 0.8506 0.5041 0.1497
vn 0.9747 0.0393 0.2201
vn 0.7707 0.1730 0.6132
vn 0.4647 0.7722 0.4333
vn 0.8888 0.2596 0.3776
vn 0.7890 0.2998 0.5363
vn 0.4955 0.6844 0.5349
vn 0.8958 0.0629 0.4400
vn 0.8995 -0.1499 0.4103
vn 0.5576 -0.3297 0.7618
vn 0.8790 -0.2590 0.4004
vn 0.8106 0.4407 0.3855
vn 0.6212 0.7625 -0.1808
vn 0.6212 0.7626 -0.1808
vn 0.8034 -0.5277 -0.2757
vn 0.7549 -0.5190 0.4009
vn 0.7550 -0.5189 0.4009
vn 0.2691 -0.7119 -0.6487
vn 0.8034 -0.5278 -0.2757
vn 0.6085 -0.7743 0.1737
vn 0.6214 -0.6134 -0.4875
vn 0.6085 -0.7743 0.1738
vn 0.6214 -0.6134 -0.4874
vn 0.8803 0.4244 -0.2122
vn 0.3930 0.6993 -0.5971
vn 0.3930 0.6992 -0.5972
vn 0.8046 0.3786 0.4574
vn 0.8046 0.3785 0.4574
vn 0.8854 -0.3083 0.3479
vn 0.7730 0.3390 0.5363
vn 0.7730 0.3391 0.5363
vn 0.4114 -0.7830 0.4666
vn 0.2758 -0.7326 -0.6223
vn 0.7494 -0.2445 -0.6154
vn 0.7494 -0.2445 -0.6153
vn 0.5716 0.4070 -0.7125
vn 0.5716 0.4071 -0.7125
vn 0.7223 -0.1098 0.6828
vn 0.7165 0.5274 0.4566
vn 0.7222 -0.1098 0.6829
vn 0.7165 0.5274 0.4567
vn 0.2766 0.6952 -0.6635
vn 0.7483 0.6381 -0.1812
vn 0.7484 0.6381 -0.1811
vn 0.5744 0.6688 0.4720
vn 0.5684 0.5368 -0.6236
vn 0.6209 0.3538 -0.6995
vn 0.6211 0.3536 -0.6995
vn 0.6600 0.0866 -0.7463
vn 0.2434 0.0864 -0.9661
vn 0.6707 -0.2999 0.6784
vn 0.8204 -0.2682 0.5049
vn 0.8228 -0.5485 0.1489
vn 0.9703 -0.0789 0.2288
vn 0.8466 -0.3764 -0.3763
vn 0.7174 -0.0632 -0.6938
vn 0.8462 -0.1898 -0.4980
vn 0.9479 -0.3160 0.0395
vn 0.8978 -0.4332 0.0788
vn 0.7483 -0.4489 0.4884
vn 0.9542 0.0946 -0.2839
vn 0.6845 -0.6924 0.2283
vn 0.8884 -0.4558 0.0550
vn 0.9276 -0.3224 0.1887
vn 0.9299 0.2522 0.2679
vn 0.6539 -0.7485 0.1104
vn 0.9276 -0.3224 0.1888
vn 0.9300 -0.3151 0.1890
vn 0.8578 0.2361 0.4565
vn 0.7334 -0.6782 0.0472
vn 0.9659 -0.2513 0.0628
vn 0.8581 -0.4173 -0.2992
vn 0.8105 0.0630 0.5823
vn 0.9021 -0.3844 -0.1961
vn 0.8830 -0.3548 0.3074
vn 0.8330 -0.5422 -0.1100
vn 0.8017 -0.5266 0.2830
vn 0.8427 -0.5041 -0.1890
vn 0.9057 -0.4095 0.1101
vn 0.9476 -0.2448 -0.2053
vn 0.9969 0.0785 -0.0000
vn 0.9363 -0.3383 0.0944
vn 0.9696 0.0867 0.2286
vn 0.8730 0.0079 0.4876
vn 0.7480 -0.4960 0.4409
vn 0.7483 -0.0473 0.6617
vn 0.4083 0.7772 0.4789
vn 0.8490 0.2673 0.4559
vn 0.4084 0.7771 0.4789
vn 0.6614 -0.3541 0.6612
vn 0.6614 -0.3542 0.6612
vn 0.7871 -0.5351 0.3069
vn 0.8440 -0.4022 -0.3548
vn 0.7870 -0.5352 0.3068
vn 0.8440 -0.4023 -0.3548
vn 0.9677 -0.0079 -0.2518
vn 0.9954 0.0158 0.0948
vn 0.8437 -0.5362 0.0237
vn 0.8409 -0.4872 -0.2358
vn 0.9507 0.0472 -0.3064
vn 0.8709 -0.4472 -0.2040
vn 0.8368 0.4816 -0.2605
vn 0.8735 0.4723 0.1180
vn 0.8428 0.1891 0.5040
vn 0.8050 0.5208 -0.2841
vn 0.8754 -0.4259 -0.2287
vn 0.6222 0.4647 -0.6300
vn 0.9351 -0.0786 0.3456
vn 0.8777 -0.3795 -0.2926
vn 0.8489 0.1022 -0.5186
vn 0.7964 -0.2287 0.5598
vn 0.8046 -0.2997 -0.5127
vn 0.7950 -0.4329 -0.4250
vn 0.8611 -0.2765 -0.4266
vn 0.8510 -0.2285 -0.4728
vn 0.1579 -0.3475 -0.9243
vn 0.5741 -0.5425 -0.6133
vn 0.0554 -0.8307 -0.5539
vn 0.5746 -0.8184 -0.0079
vn 0.6674 -0.5496 -0.5026
vn 0.6526 -0.6996 0.2908
vn 0.4568 -0.8508 -0.2599
vn 0.2516 -0.9677 0.0156
vn 0.7955 -0.5985 -0.0947
vn 0.4789 -0.3769 -0.7929
vn 0.4568 -0.8507 -0.2600
vn 0.8392 -0.2980 -0.4549
vn 0.8122 -0.1340 -0.5678
vn 0.7956 -0.2678 -0.5435
vn 0.8493 0.5269 -0.0315
vn 0.4177 0.8986 -0.1341
vn 0.8440 0.4813 -0.2366
vn 0.5427 0.8337 -0.1022
vn 0.8783 0.4352 -0.1978
vn 0.8705 0.4235 -0.2509
vn 0.4654 0.5681 -0.6787
vn 0.8788 0.3845 -0.2825
vn 0.7990 0.3481 -0.4904
vn 0.8050 0.3236 -0.4972
vn 0.5113 0.1731 -0.8418
vn 0.8718 0.1021 -0.4791
vn 0.5266 -0.0471 -0.8488
vn 0.8841 0.0395 -0.4656
vn 0.7319 -0.6611 -0.1653
vn 0.1728 -0.9747 0.1416
vn 0.7331 -0.6779 0.0551
vn 0.3945 -0.8600 0.3237
vn 0.7078 -0.6921 -0.1417
vn 0.6003 -0.5371 0.5926
vn 0.7675 -0.6250 0.1424
vn 0.8709 -0.4629 0.1649
vn 0.7247 -0.2600 0.6381
vn 0.8924 -0.4501 -0.0316
vn 0.9051 -0.0157 0.4249
vn 0.7152 0.2516 0.6521
vn 0.7723 -0.6226 0.1259
vn 0.8743 0.3229 0.3623
vn 0.8669 -0.1576 0.4729
vn 0.7723 -0.6226 0.1262
vn 0.6909 -0.5967 0.4082
vn 0.7797 0.4015 0.4804
vn 0.7261 -0.5130 0.4578
vn 0.9131 0.0709 0.4015
vn 0.7303 0.5418 0.4160
vn 0.7944 -0.4562 0.4011
vn 0.7626 0.5817 0.2830
vn 0.5746 0.8031 0.1576
vn 0.7949 0.5980 0.1022
vn 0.7808 0.4338 -0.4496
vn 0.5928 0.5927 0.5453
vn 0.8698 0.4903 0.0553
vn 0.7334 0.4179 0.5362
vn 0.7807 0.4258 -0.4574
vn 0.6633 0.5447 0.5132
vn 0.7144 0.4789 -0.5102
vn 0.7239 0.6057 0.3304
vn 0.8255 0.5346 0.1808
vn 0.6949 0.7185 -0.0315
vn 0.6005 0.7822 -0.1659
vn 0.7012 0.6853 0.1969
vn 0.2756 0.9611 -0.0157
vn 0.9594 -0.1416 0.2438
vn 0.9594 -0.1415 0.2438
vn 0.3864 -0.1657 0.9073
vn 0.5982 -0.5744 0.5588
vn 0.8017 -0.2829 0.5266
vn 0.4392 -0.2509 0.8626
vn 0.8018 -0.3459 0.4874
vn 0.6709 -0.3159 0.6709
vn 0.8098 -0.4953 0.3145
vn 0.8349 -0.5198 0.1811
vn 0.8723 -0.1966 0.4478
vn 0.7810 0.2919 0.5522
vn 0.6788 0.3159 0.6629
vn 0.7373 -0.6589 0.1490
vn 0.8830 -0.2285 0.4100
vn 0.8516 0.1892 0.4889
vn 0.7946 -0.4092 0.4484
vn 0.6306 0.4414 0.6384
vn 0.7166 0.6300 -0.2992
vn 0.8191 0.0866 -0.5671
vn 0.6299 0.1418 -0.7637
vn 0.2989 0.5509 -0.7792
vn 0.9568 0.2902 0.0157
vn 0.4806 0.7173 0.5044
vn 0.6449 0.1180 0.7551
vn 0.8247 -0.5105 0.2435
vn 0.9851 0.0473 0.1655
vn 0.9927 -0.1024 -0.0630
vn 0.8192 -0.1575 0.5514
vn 0.9995 -0.0079 0.0315
vn 0.7908 0.3322 0.5140
vn 0.9272 0.3693 0.0629
vn 0.8122 0.5756 -0.0946
vn 0.9633 0.2684 -0.0079
vn 0.8262 0.4958 0.2675
vn 0.9763 -0.0394 0.2126
vn 0.8667 -0.1812 0.4648
vn 0.5569 0.3139 0.7689
vn 0.5038 -0.2519 0.8263
vn 0.5020 0.4392 0.7451
vn 0.8787 0.4315 0.2040
vn 0.7074 0.6208 0.3379
vn 0.6845 0.3541 0.6373
vn 0.8001 0.1177 0.5883
vn 0.9803 0.1186 0.1581
vn 0.7782 -0.0944 0.6209
vn 0.9802 -0.0949 0.1739
vn 0.7637 -0.1732 0.6219
vn 0.9692 -0.1575 0.1892
vn 0.8675 -0.2129 -0.4495
vn 0.9763 -0.2047 -0.0709
vn 0.7998 -0.2903 0.5254
vn 0.8618 -0.2609 -0.4349
vn 0.8667 -0.4648 0.1812
vn 0.7702 -0.5894 -0.2436
vn 0.8877 -0.1964 0.4165
vn 0.8368 -0.4816 -0.2605
vn 0.8112 -0.5277 -0.2520
vn 0.8763 -0.4579 0.1500
vn 0.6386 -0.4730 -0.6070
vn 0.8277 -0.1025 0.5518
vn 0.1414 -0.8176 -0.5582
vn 0.7577 0.3473 0.5525
vn 0.7808 0.3786 0.4970
vn 0.4815 0.2606 0.8368
vn 0.8594 0.1498 0.4889
vn 0.8746 0.0630 0.4807
vn 0.5577 0.7226 -0.4085
vn 0.8263 0.5587 0.0709
vn 0.9714 0.0632 -0.2289
vn 0.6847 -0.5744 -0.4486
vn 0.9793 0.1580 -0.1264
vn 0.3940 0.2285 -0.8903
vn 0.9793 0.1578 -0.1265
vn 0.6863 -0.2998 0.6626
vn 0.8294 0.4029 -0.3870
vn 0.8294 0.4028 -0.3870
vn 0.7480 0.4960 -0.4409
vn 0.8498 -0.5271 -0.0079
vn 0.8497 -0.5271 -0.0079
vn 0.9048 0.1809 0.3855
vn 0.7476 -0.6611 -0.0629
vt -1.174290 0.007826
vt -1.173490 0.012179
vt -1.178560 0.011045
vt -1.176600 0.016033
vt -1.180510 0.015535
vt -1.174180 0.018653
vt -1.170040 0.013517
vt -1.171100 0.007717
vt -0.991996 -0.013125
vt -0.994707 -0.018127
vt -0.990749 -0.016779
vt -0.986447 -0.015525
vt -0.997270 -0.014922
vt -0.998506 -0.002174
vt -0.995549 -0.001166
vt -0.992335 -0.000229
vt -0.986264 -0.011454
vt -0.975342 0.159737
vt -0.970601 0.158222
vt -0.971516 0.162399
vt -0.977332 0.156119
vt -0.967250 0.159075
vt -0.978273 0.145560
vt -0.971015 0.154100
vt -0.974731 0.144428
vt -1.143890 0.158444
vt -1.141840 0.164341
vt -1.145690 0.161968
vt -1.149460 0.160236
vt -1.148920 0.156137
vt -1.140650 0.146547
vt -1.137820 0.147840
vt -1.134950 0.149614
vt -1.138770 0.161606
vt -1.021980 0.169653
vt -1.020170 0.173169
vt -1.023780 0.175223
vt -1.016000 0.171437
vt -1.026790 0.172390
vt -1.029740 0.160072
vt -1.027040 0.158537
vt -1.023930 0.157244
vt -1.016420 0.167345
vt -1.171980 0.131743
vt -1.175240 0.135539
vt -1.176030 0.131424
vt -1.179900 0.134769
vt -1.173370 0.127178
vt -1.178040 0.126408
vt -1.181300 0.130203
vt -1.179620 0.124060
vt -1.183970 0.129117
vt -1.166210 0.176788
vt -1.165240 0.183110
vt -1.168330 0.179203
vt -1.162090 0.181994
vt -1.155210 0.170124
vt -1.152900 0.173043
vt -0.987625 0.053005
vt -0.984900 0.057862
vt -0.988789 0.058709
vt -1.000930 0.054273
vt -0.984026 0.053581
vt -0.983578 0.049287
vt -1.000280 0.051075
vt -0.999942 0.047867
vt -0.987028 0.047284
vt -1.141400 -0.024018
vt -1.145030 -0.020666
vt -1.146460 -0.025882
vt -1.143240 -0.018215
vt -1.149220 -0.022055
vt -1.141970 -0.028759
vt -1.138420 -0.022681
vt -1.146160 -0.030148
vt -1.107540 0.148288
vt -1.105370 0.144447
vt -1.102790 0.149210
vt -1.104740 0.152065
vt -1.100400 0.144383
vt -1.097600 0.148160
vt -1.099770 0.152001
vt -1.105900 0.141374
vt -1.099280 0.141289
vt -1.056230 0.021652
vt -1.058400 0.025822
vt -1.061420 0.021328
vt -1.059030 0.018041
vt -1.063370 0.026380
vt -1.066170 0.022769
vt -1.064000 0.018599
vt -1.063690 0.029393
vt -1.057070 0.028648
vt -0.993823 -0.001060
vt -0.988127 -0.005069
vt -0.989785 -0.000406
vt -1.003420 -0.009074
vt -1.004650 -0.005590
vt -0.991614 -0.007274
vt -1.155070 0.178498
vt -1.160770 0.182507
vt -1.159110 0.177844
vt -1.157280 0.184712
vt -1.145480 0.186512
vt -1.144240 0.183028
vt -0.988612 0.011183
vt -0.991549 0.007053
vt -0.987865 0.007328
vt -0.983942 0.011045
vt -0.986264 0.015535
vt -0.989416 0.017989
vt -0.992544 0.012189
vt -0.998607 0.019621
vt -1.000360 0.016369
vt -1.066600 -0.014922
vt -1.072200 -0.018221
vt -1.067200 -0.018127
vt -1.073260 -0.015046
vt -1.068400 -0.002174
vt -1.072130 -0.002244
vt -1.162150 0.116388
vt -1.162710 0.123038
vt -1.166180 0.116882
vt -1.166600 0.121872
vt -1.150250 0.118884
vt -1.150570 0.122613
vt -1.008260 0.159274
vt -1.002290 0.159737
vt -1.006480 0.162105
vt -1.013210 0.147329
vt -1.013090 0.160410
vt -1.015920 0.147966
vt -1.002680 0.156119
vt -1.010080 0.145560
vt -1.051730 0.160878
vt -1.046760 0.160236
vt -1.048710 0.164406
vt -1.053060 0.156992
vt -1.046440 0.156137
vt -1.052770 0.147027
vt -1.049060 0.146547
vt -1.090430 0.160072
vt -1.087820 0.172390
vt -1.094430 0.172821
vt -1.094140 0.160313
vt -1.161570 0.117549
vt -1.157680 0.122032
vt -1.161720 0.121345
vt -1.157490 0.116975
vt -1.163090 0.112984
vt -1.146850 0.116607
vt -1.146740 0.113771
vt -1.147870 0.110361
vt -1.159510 0.110892
vt -0.990733 0.134769
vt -0.992200 0.129117
vt -0.989218 0.130203
vt -0.994219 0.135200
vt -1.004890 0.126815
vt -0.992390 0.124060
vt -1.006020 0.130225
vt -1.005000 0.123979
vt -0.975195 0.007053
vt -0.980467 0.016369
vt -0.982791 0.013489
vt -0.971050 0.012189
vt -1.161440 -0.016967
vt -1.157140 -0.018221
vt -1.160420 -0.013375
vt -1.165400 -0.015619
vt -1.154690 -0.015046
vt -1.153250 -0.002244
vt -1.156470 -0.001306
vt -1.159420 -0.000299
vt -1.165700 -0.011579
vt -1.100550 0.114340
vt -1.096260 0.116882
vt -1.100220 0.119157
vt -1.104830 0.116790
vt -1.104820 0.121781
vt -1.100520 0.124322
vt -1.096240 0.121872
vt -1.176790 0.160410
vt -1.178120 0.162958
vt -1.182860 0.161443
vt -1.183100 0.158391
vt -1.178240 0.146834
vt -1.174700 0.147966
vt -1.007780 0.160155
vt -1.002100 0.160878
vt -1.005950 0.163252
vt -1.009720 0.164984
vt -1.002670 0.156992
vt -1.010900 0.147027
vt -1.013770 0.148800
vt -1.016600 0.150093
vt -1.012820 0.162462
vt -1.131010 0.170513
vt -1.128280 0.175547
vt -1.132450 0.173815
vt -1.136060 0.171760
vt -1.125460 0.172821
vt -1.122180 0.160313
vt -1.125290 0.159020
vt -1.127990 0.157485
vt -1.135820 0.167776
vt -1.151250 0.117549
vt -1.154510 0.121345
vt -1.155300 0.117230
vt -1.159170 0.120575
vt -1.152640 0.112984
vt -1.157310 0.112214
vt -1.160570 0.116010
vt -1.158890 0.109866
vt -1.163240 0.114923
vt -0.991549 0.178911
vt -0.984770 0.176889
vt -0.987865 0.180796
vt -0.983942 0.181166
vt -0.987426 0.173704
vt -0.997491 0.168395
vt -0.999803 0.171314
vt -1.064450 -0.006648
vt -1.067200 -0.002690
vt -1.069360 -0.007606
vt -1.066680 -0.010950
vt -1.072200 -0.003034
vt -1.074440 -0.007336
vt -1.071680 -0.011294
vt -1.167500 0.049275
vt -1.162740 0.052972
vt -1.166630 0.053556
vt -1.166180 0.057850
vt -1.162150 0.058693
vt -1.150250 0.054264
vt -1.150590 0.051057
vt -1.151240 0.047858
vt -1.163910 0.047268
vt -1.159510 0.001429
vt -1.149110 -0.007678
vt -1.147870 -0.004194
vt -1.163090 0.001462
vt -1.161720 -0.004785
vt -1.164750 -0.003201
vt -0.992390 0.182223
vt -0.991018 0.175976
vt -0.989360 0.180639
vt -1.005000 0.185116
vt -0.994599 0.176009
vt -1.006230 0.181632
vt -1.155770 0.017113
vt -1.166210 0.018653
vt -1.167200 0.013517
vt -1.164080 0.007717
vt -1.155210 0.019993
vt -1.154010 0.013861
vt -1.078930 -0.011579
vt -1.079760 -0.000299
vt -1.083490 -0.000229
vt -1.085590 -0.011454
vt -1.084820 -0.015525
vt -1.079820 -0.015619
vt -0.983578 0.121781
vt -0.987028 0.122916
vt -0.987595 0.116265
vt -0.999942 0.122545
vt -1.000260 0.118815
vt -0.984004 0.116790
vt -1.149780 0.158222
vt -1.144750 0.155236
vt -1.146160 0.159075
vt -1.149580 0.154100
vt -1.141840 0.144428
vt -1.141970 0.161443
vt -1.139140 0.145065
vt -1.136010 0.146834
vt -1.139170 0.158391
vt -1.099210 0.150093
vt -1.105900 0.161606
vt -1.102920 0.149614
vt -1.099280 0.162462
vt -1.064000 0.171437
vt -1.059030 0.171760
vt -1.061420 0.175341
vt -1.064520 0.167345
vt -1.057910 0.167776
vt -1.061550 0.157244
vt -1.057830 0.157485
vt -0.991614 0.121006
vt -1.003420 0.116032
vt -1.002280 0.112621
vt -0.989785 0.109866
vt -1.002390 0.109785
vt -0.989595 0.114923
vt -0.988127 0.120575
vt -0.986612 0.116010
vt -1.158970 0.131743
vt -1.155070 0.136226
vt -1.159110 0.135539
vt -1.154880 0.131169
vt -1.160480 0.127178
vt -1.144240 0.130801
vt -1.144140 0.127965
vt -1.145270 0.124555
vt -1.156900 0.125086
vt 2.141780 2.121990
vt 2.137630 2.119140
vt 2.141930 2.118690
vt 2.146300 2.119420
vt 2.136040 2.122590
vt 2.141370 2.134920
vt 2.138160 2.135260
vt 2.147600 2.122960
vt 2.144630 2.135460
vt 2.161650 2.278580
vt 2.152730 2.286480
vt 2.158230 2.277070
vt 2.158830 2.289170
vt 2.151850 2.290540
vt 2.156430 2.292550
vt 2.152640 2.294700
vt 2.142350 2.238930
vt 2.146580 2.241050
vt 2.142700 2.244330
vt 2.135930 2.239590
vt 2.141630 2.236110
vt 2.138070 2.241540
vt 2.138030 2.246260
vt 2.142260 2.248380
vt 2.146540 2.245770
vt 2.091550 2.300820
vt 2.097310 2.303830
vt 2.092500 2.304500
vt 2.097950 2.299930
vt 2.094220 2.287700
vt 2.090640 2.288190
vt 2.086910 2.301380
vt 2.089020 2.304930
vt 2.170840 2.119770
vt 2.165370 2.119390
vt 2.168710 2.116750
vt 2.172370 2.114260
vt 2.166390 2.123280
vt 2.175950 2.131980
vt 2.178440 2.130010
vt 2.181170 2.128150
vt 2.175710 2.116450
vt 2.307390 2.294170
vt 2.304090 2.281160
vt 2.307270 2.281320
vt 2.305260 2.297350
vt 2.301730 2.293870
vt 2.301010 2.297130
vt 2.296040 2.292060
vt 2.300900 2.280140
vt 2.296740 2.295770
vt 2.081660 2.118180
vt 2.079410 2.114010
vt 2.083210 2.115020
vt 2.087440 2.117020
vt 2.076600 2.116830
vt 2.087300 2.120840
vt 2.080430 2.131800
vt 2.077270 2.130300
vt 2.074430 2.129550
vt 2.132390 2.246130
vt 2.132230 2.250720
vt 2.127530 2.248430
vt 2.128430 2.243090
vt 2.129850 2.240180
vt 2.135130 2.244230
vt 2.124310 2.244640
vt 2.123680 2.265110
vt 2.112060 2.265190
vt 2.114230 2.259550
vt 2.124900 2.261940
vt 2.124880 2.258750
vt 2.108530 2.263040
vt 2.110160 2.258810
vt 2.114180 2.253850
vt 2.110130 2.254530
vt 2.251380 2.302450
vt 2.254950 2.305930
vt 2.250150 2.306970
vt 2.246560 2.303760
vt 2.245300 2.308570
vt 2.253700 2.310740
vt 2.248870 2.312050
vt 2.205930 2.224890
vt 2.208250 2.234250
vt 2.201590 2.234680
vt 2.202200 2.225120
vt 2.249400 2.100110
vt 2.246750 2.104360
vt 2.244980 2.100470
vt 2.247160 2.095830
vt 2.242290 2.095810
vt 2.239640 2.100060
vt 2.241880 2.104330
vt 2.116200 2.122590
vt 2.109660 2.120320
vt 2.114530 2.119140
vt 2.114130 2.136130
vt 2.117770 2.135260
vt 2.109710 2.124160
vt 2.246900 2.290170
vt 2.253720 2.290910
vt 2.249590 2.293300
vt 2.254300 2.294700
vt 2.252400 2.286980
vt 2.244680 2.279140
vt 2.247760 2.277350
vt 2.257680 2.286480
vt 2.257680 2.290540
vt 2.269770 2.245880
vt 2.259390 2.236690
vt 2.271990 2.239590
vt 2.274960 2.241540
vt 2.258140 2.240220
vt 2.273300 2.246260
vt 2.135510 2.288190
vt 2.138180 2.300820
vt 2.133420 2.301380
vt 2.132840 2.288510
vt 2.129240 2.288330
vt 2.126990 2.301070
vt 2.128130 2.304690
vt 2.132950 2.304930
vt 2.181870 2.116750
vt 2.179220 2.119390
vt 2.176750 2.115240
vt 2.174230 2.119530
vt 2.171880 2.117040
vt 2.173580 2.123470
vt 2.180240 2.123280
vt 2.142920 2.280140
vt 2.135170 2.290550
vt 2.139280 2.279290
vt 2.141670 2.292060
vt 2.139950 2.295770
vt 2.135070 2.294630
vt 2.186780 2.116830
vt 2.180720 2.115000
vt 2.185610 2.114010
vt 2.180260 2.118140
vt 2.187660 2.129550
vt 2.184000 2.130290
vt 2.245690 2.124160
vt 2.239870 2.125120
vt 2.244130 2.120320
vt 2.243620 2.136130
vt 2.239760 2.121040
vt 2.240360 2.136670
vt 2.237140 2.136340
vt 2.234140 2.124520
vt 2.235460 2.120590
vt 2.231470 2.293300
vt 2.224990 2.292860
vt 2.231100 2.290170
vt 2.226890 2.295320
vt 2.221290 2.280650
vt 2.224710 2.279140
vt 2.286620 2.287520
vt 2.286760 2.300180
vt 2.282120 2.299610
vt 2.289220 2.287840
vt 2.292810 2.288330
vt 2.293160 2.301070
vt 2.291490 2.304690
vt 2.286690 2.304020
vt 2.216140 2.119530
vt 2.210140 2.120150
vt 2.212480 2.117040
vt 2.209140 2.114410
vt 2.215010 2.123470
vt 2.205640 2.132080
vt 2.202910 2.130220
vt 2.200420 2.128250
vt 2.205690 2.116640
vt 2.080160 2.290840
vt 2.085110 2.294630
vt 2.080860 2.294850
vt 2.076590 2.296210
vt 2.074460 2.292650
vt 2.074580 2.280470
vt 2.077770 2.279460
vt 2.080940 2.279290
vt 2.085820 2.290550
vt 2.299010 2.120810
vt 2.297750 2.117000
vt 2.301980 2.115000
vt 2.293950 2.118010
vt 2.293950 2.122160
vt 2.301070 2.132540
vt 2.303910 2.131780
vt 2.307070 2.130290
vt 2.304640 2.118140
vt 2.117060 2.259140
vt 2.114530 2.263440
vt 2.111710 2.259000
vt 2.114720 2.254770
vt 2.109660 2.263370
vt 2.107320 2.259000
vt 2.109850 2.254700
vt 2.252400 2.252390
vt 2.247760 2.245110
vt 2.250720 2.242840
vt 2.257680 2.248340
vt 2.272040 2.259440
vt 2.273370 2.254490
vt 2.275000 2.258720
vt 2.269870 2.253790
vt 2.259420 2.261880
vt 2.271990 2.265140
vt 2.259390 2.265080
vt 2.258200 2.258720
vt 2.179520 2.228700
vt 2.181870 2.232360
vt 2.176750 2.233250
vt 2.174520 2.228380
vt 2.171880 2.231720
vt 2.173970 2.224930
vt 2.180630 2.225360
vt 2.188720 2.317860
vt 2.185610 2.321660
vt 2.183510 2.316670
vt 2.186930 2.313630
vt 2.180720 2.321220
vt 2.178930 2.316990
vt 2.182040 2.313190
vt 2.263920 2.135460
vt 2.265380 2.122960
vt 2.271870 2.124520
vt 2.267560 2.136340
vt 2.267110 2.119420
vt 2.271980 2.120590
vt 2.135130 2.292860
vt 2.134310 2.280370
vt 2.137270 2.280650
vt 2.129850 2.292360
vt 2.124360 2.289170
vt 2.131230 2.278580
vt 2.124310 2.292550
vt 2.128430 2.294950
vt 2.124880 2.239850
vt 2.111960 2.238940
vt 2.123630 2.236320
vt 2.114180 2.245230
vt 2.110130 2.245770
vt 2.108460 2.241050
vt 2.251750 2.299610
vt 2.254950 2.304020
vt 2.251380 2.303590
vt 2.246560 2.303830
vt 2.245320 2.299930
vt 2.247250 2.287700
vt 2.250860 2.287520
vt 2.256510 2.300180
vt 2.201200 2.116450
vt 2.205710 2.128250
vt 2.201980 2.128150
vt 2.207860 2.116640
vt 2.247160 2.296210
vt 2.240700 2.294170
vt 2.247200 2.292650
vt 2.242290 2.297350
vt 2.242850 2.280470
vt 2.239210 2.281320
vt 2.199790 2.118010
vt 2.194900 2.117020
vt 2.198320 2.114120
vt 2.193290 2.120840
vt 2.199800 2.122160
vt 2.193180 2.131800
vt 2.196840 2.132540
vt 0.634694 2.929420
vt 0.637723 2.925650
vt 0.639504 2.930700
vt 0.636620 2.933890
vt 0.642679 2.926360
vt 0.644605 2.930840
vt 0.641576 2.934610
vt 0.703229 2.876380
vt 0.707103 2.879070
vt 0.702124 2.880980
vt 0.698862 2.878630
vt 0.698369 2.883560
vt 0.702243 2.886250
vt 0.706609 2.884000
vt 0.745111 2.957780
vt 0.740813 2.959030
vt 0.742477 2.953890
vt 0.737331 2.955530
vt 0.738978 2.961320
vt 0.742444 2.949540
vt 0.745926 2.953030
vt 0.734339 2.956670
vt 0.738146 2.950790
vt 0.615305 2.841110
vt 0.610884 2.837870
vt 0.615113 2.837420
vt 0.619534 2.837270
vt 0.621195 2.840900
vt 0.619564 2.853710
vt 0.616261 2.853820
vt 0.613102 2.854160
vt 0.609669 2.841700
vt 0.596235 2.943070
vt 0.607749 2.947010
vt 0.596449 2.949680
vt 0.592373 2.948940
vt 0.607629 2.943310
vt 0.592212 2.943980
vt 0.776887 2.939900
vt 0.764411 2.944800
vt 0.764166 2.941640
vt 0.780306 2.941630
vt 0.777323 2.945540
vt 0.780634 2.945860
vt 0.776232 2.951430
vt 0.763799 2.948110
vt 0.779815 2.950280
vt 0.780160 2.880020
vt 0.777448 2.885770
vt 0.776397 2.879370
vt 0.780949 2.884820
vt 0.764034 2.883100
vt 0.764623 2.886690
vt 0.594462 2.887190
vt 0.596105 2.882350
vt 0.598362 2.887510
vt 0.609634 2.881220
vt 0.592768 2.883320
vt 0.608368 2.878320
vt 0.607633 2.875060
vt 0.594794 2.876530
vt 0.591784 2.878950
vt 0.608169 2.846580
vt 0.605245 2.844750
vt 0.607495 2.840450
vt 0.611168 2.840850
vt 0.621890 2.848080
vt 0.620209 2.851290
vt 0.607020 2.851220
vt 0.619564 2.853890
vt 0.784187 2.823230
vt 0.780248 2.826760
vt 0.780871 2.821100
vt 0.767942 2.821230
vt 0.783719 2.827480
vt 0.767593 2.824400
vt 0.766737 2.827590
vt 0.778721 2.832450
vt 0.782573 2.831750
vt 0.779218 2.928130
vt 0.784225 2.925650
vt 0.782911 2.929420
vt 0.781757 2.933890
vt 0.777681 2.934090
vt 0.780969 2.923110
vt 0.766381 2.928400
vt 0.767243 2.925050
vt 0.768225 2.922240
vt 0.599425 2.903590
vt 0.611187 2.907730
vt 0.610331 2.911370
vt 0.597898 2.910080
vt 0.594315 2.908340
vt 0.595461 2.903460
vt 0.593181 2.928260
vt 0.596592 2.925480
vt 0.596682 2.930270
vt 0.609507 2.928880
vt 0.593114 2.924670
vt 0.609456 2.926190
vt 0.609995 2.922620
vt 0.597552 2.919110
vt 0.593834 2.919890
vt 0.778958 2.878630
vt 0.775768 2.884940
vt 0.774822 2.878360
vt 0.779668 2.883560
vt 0.763966 2.882010
vt 0.764497 2.885700
vt 0.765261 2.950350
vt 0.754566 2.958330
vt 0.753529 2.954790
vt 0.767110 2.956670
vt 0.768360 2.950790
vt 0.769748 2.955530
vt 0.596313 2.910530
vt 0.607900 2.913570
vt 0.607393 2.917270
vt 0.595409 2.917140
vt 0.591557 2.915770
vt 0.592236 2.910800
vt 0.720541 2.841700
vt 0.714531 2.838160
vt 0.719528 2.837870
vt 0.713883 2.842090
vt 0.716199 2.854370
vt 0.719932 2.854160
vt 0.734810 2.900800
vt 0.739039 2.903460
vt 0.734757 2.905210
vt 0.730389 2.903010
vt 0.730198 2.907880
vt 0.734427 2.910540
vt 0.738848 2.908340
vt 0.667275 2.922300
vt 0.670760 2.918700
vt 0.671801 2.923250
vt 0.668592 2.927080
vt 0.673396 2.928260
vt 0.676881 2.924670
vt 0.675564 2.919890
vt 0.616100 2.908190
vt 0.620349 2.910800
vt 0.616465 2.912880
vt 0.611828 2.910540
vt 0.611805 2.915510
vt 0.616053 2.918120
vt 0.620325 2.915770
vt 0.754423 2.853930
vt 0.752680 2.841290
vt 0.758315 2.841890
vt 0.754404 2.837560
vt 0.757583 2.854260
vt 0.758634 2.838010
vt 0.760886 2.854370
vt 0.763055 2.838160
vt 0.764206 2.842090
vt 0.780969 2.948210
vt 0.784386 2.942880
vt 0.784225 2.947830
vt 0.768225 2.946190
vt 0.781183 2.941600
vt 0.768345 2.942480
vt 0.599862 2.946050
vt 0.595461 2.950470
vt 0.595789 2.946240
vt 0.594971 2.941820
vt 0.598771 2.940160
vt 0.610820 2.941790
vt 0.611432 2.945090
vt 0.611187 2.948250
vt 0.599425 2.951680
vt 0.598603 2.882260
vt 0.610584 2.884720
vt 0.609995 2.888310
vt 0.597552 2.888660
vt 0.593834 2.886990
vt 0.594623 2.882190
vt 0.776134 2.881040
vt 0.781636 2.878460
vt 0.779942 2.882330
vt 0.778958 2.886700
vt 0.774822 2.886860
vt 0.763966 2.880850
vt 0.764702 2.877590
vt 0.765967 2.874690
vt 0.778391 2.875880
vt 0.762262 2.844410
vt 0.765247 2.839630
vt 0.766109 2.843110
vt 0.761113 2.839770
vt 0.751203 2.847470
vt 0.751847 2.850070
vt 0.753529 2.853280
vt 0.765261 2.850130
vt 0.768360 2.847410
vt 0.595690 2.826820
vt 0.592236 2.831780
vt 0.591768 2.827530
vt 0.590622 2.823260
vt 0.594163 2.821130
vt 0.606695 2.821240
vt 0.607551 2.824430
vt 0.607900 2.827610
vt 0.596313 2.832480
vt 0.722174 2.970440
vt 0.719528 2.974670
vt 0.717052 2.970390
vt 0.719824 2.966020
vt 0.714827 2.965830
vt 0.712180 2.970060
vt 0.714531 2.974480
vt 0.592947 2.924060
vt 0.594484 2.930020
vt 0.589744 2.926360
vt 0.605785 2.922770
vt 0.590898 2.930840
vt 0.607629 2.928930
vt 0.596235 2.935040
vt 0.606647 2.926110
vt 0.592212 2.934610
vt 0.779159 2.903010
vt 0.776887 2.909470
vt 0.775359 2.902980
vt 0.780306 2.907880
vt 0.763310 2.907390
vt 0.764166 2.911030
vt 0.775437 2.922330
vt 0.779507 2.918700
vt 0.779439 2.922300
vt 0.780160 2.927080
vt 0.776397 2.928700
vt 0.764034 2.928000
vt 0.763496 2.924430
vt 0.763546 2.921740
vt 0.775527 2.917540
vt 0.594794 2.885520
vt 0.608163 2.882340
vt 0.607633 2.886030
vt 0.595739 2.878950
vt 0.591784 2.884000
vt 0.592494 2.879070
vt 0.608884 2.953030
vt 0.607495 2.957780
vt 0.604797 2.953890
vt 0.611168 2.959660
vt 0.613017 2.953340
vt 0.621890 2.960010
vt 0.622927 2.956470
vt 0.783508 2.910540
vt 0.780871 2.916790
vt 0.779967 2.910180
vt 0.784187 2.915510
vt 0.767435 2.913370
vt 0.767942 2.917080
vt 0.654306 2.837270
vt 0.659853 2.841290
vt 0.653195 2.840900
vt 0.659303 2.837560
vt 0.653977 2.853710
vt 0.657710 2.853930
vt 25.896099 -59.060299
vt 25.892500 -59.063900
vt 25.895500 -59.063599
vt 25.890100 -59.061001
vt 25.893700 -59.057301
vt 25.890699 -59.057701
vt 25.890600 -59.056702
vt 25.894400 -59.056198
vt 25.897301 -59.059898
vt 25.896601 -59.063999
vt 26.116600 -58.926399
vt 26.095501 -58.935600
vt 26.117599 -58.931599
vt 26.093800 -58.930500
vt 26.081499 -58.933800
vt 26.083099 -58.952499
vt 26.086901 -58.934200
vt 26.077801 -58.953098
vt 26.080299 -59.009300
vt 26.074900 -59.009800
vt 26.079201 -59.016602
vt 26.076599 -59.016800
vt 26.087000 -58.933701
vt 26.083300 -58.931301
vt 26.082399 -58.932301
vt 26.089399 -58.931801
vt 26.090200 -58.932899
vt 26.086901 -58.932499
vt 26.069300 -59.077801
vt 26.065701 -59.077900
vt 26.066099 -59.078701
vt 26.069799 -59.076698
vt 25.926300 -58.927200
vt 25.923401 -58.929001
vt 25.923800 -58.929901
vt 25.920500 -58.930302
vt 25.927500 -58.927700
vt 25.920200 -58.931599
vt 25.982700 -58.930500
vt 25.987101 -58.928501
vt 25.986200 -58.927700
vt 25.982700 -58.929199
vt 26.037701 -58.919601
vt 26.034000 -58.919102
vt 26.038000 -58.920799
vt 26.034500 -58.918301
vt 25.951401 -59.001400
vt 25.952200 -59.007599
vt 25.953699 -59.004200
vt 25.947599 -59.001900
vt 25.948400 -59.008202
vt 25.946100 -59.005299
vt 25.945200 -59.005699
vt 25.948099 -59.009300
vt 25.952900 -59.008598
vt 25.954700 -59.004299
vt 26.013599 -59.048500
vt 26.019899 -59.048100
vt 26.019501 -59.044399
vt 26.016899 -59.050201
vt 26.013300 -59.044701
vt 26.016199 -59.042702
vt 26.021000 -59.048401
vt 26.020500 -59.043701
vt 26.016399 -59.041599
vt 26.012699 -59.044102
vt 26.047501 -58.974098
vt 26.043600 -58.969501
vt 26.040899 -58.972198
vt 26.046801 -58.970501
vt 26.044800 -58.976700
vt 26.041599 -58.975800
vt 26.047199 -58.969601
vt 26.042999 -58.968399
vt 26.039700 -58.971802
vt 26.040501 -58.976299
vt 25.960699 -58.969799
vt 25.963800 -58.964600
vt 25.960600 -58.966202
vt 25.963900 -58.971699
vt 25.967100 -58.966499
vt 25.967100 -58.970100
vt 25.967800 -58.970901
vt 25.963699 -58.973000
vt 25.959700 -58.970501
vt 25.959600 -58.966000
vt 25.919001 -58.918499
vt 25.915001 -58.918800
vt 25.919600 -58.919498
vt 25.915400 -58.917999
vt 25.926201 -59.072201
vt 25.930599 -59.046600
vt 25.922001 -59.068802
vt 25.926001 -59.045700
vt 25.926001 -59.015099
vt 25.922001 -59.016800
vt 25.884199 -58.965401
vt 25.887199 -58.961300
vt 25.863100 -58.937801
vt 25.866899 -58.933899
vt 25.934900 -58.937901
vt 25.950001 -58.946999
vt 25.938499 -58.933899
vt 25.945601 -58.950199
vt 25.968800 -58.977001
vt 25.964399 -58.980202
vt 25.985201 -59.010601
vt 25.981100 -59.014099
vt 26.019300 -59.047199
vt 26.022800 -59.043301
vt 25.979700 -59.016201
vt 26.016001 -59.048698
vt 26.035000 -59.058601
vt 26.031799 -59.062599
vt 26.042400 -59.016300
vt 26.035900 -59.046600
vt 26.046000 -59.017799
vt 26.058201 -58.987202
vt 26.062000 -58.990002
vt 26.077400 -58.962700
vt 26.080799 -58.964699
vt 26.089899 -58.941299
vt 26.094200 -58.940701
vt 25.883600 -58.949200
vt 25.879000 -58.953201
vt 25.882601 -58.952702
vt 25.876499 -58.950401
vt 25.881100 -58.946301
vt 25.877600 -58.946899
vt 25.876699 -58.946301
vt 25.882900 -58.953602
vt 25.875401 -58.950699
vt 25.878500 -58.954300
vt 26.049900 -58.938202
vt 26.040199 -58.986099
vt 26.052700 -58.942200
vt 25.982700 -58.934299
vt 25.976101 -58.969299
vt 25.987900 -58.934601
vt 25.972401 -58.968399
vt 25.956100 -59.000301
vt 25.953100 -58.997398
vt 25.919600 -59.031799
vt 25.922800 -59.035900
vt 25.893299 -59.056301
vt 25.895901 -59.060902
vt 25.979500 -58.960701
vt 25.953800 -58.938900
vt 25.978100 -58.964001
vt 26.002701 -58.992500
vt 26.000999 -58.996601
vt 26.011600 -59.020000
vt 26.007799 -59.021000
vt 26.010900 -59.048599
vt 26.007401 -59.049702
vt 26.011600 -59.057800
vt 26.012600 -59.057499
vt 26.070999 -59.042702
vt 26.070000 -59.061501
vt 26.074699 -59.062698
vt 26.061600 -59.042801
vt 26.065800 -59.064800
vt 26.066200 -59.042000
vt 26.074499 -59.015400
vt 26.065800 -59.012100
vt 26.069799 -59.013802
vt 26.108601 -58.963001
vt 26.112301 -58.965500
vt 26.105600 -58.958900
vt 26.129700 -58.940300
vt 26.125299 -58.937500
vt 25.900101 -59.062698
vt 25.925200 -59.039001
vt 25.901800 -59.073002
vt 25.918800 -59.071602
vt 25.905001 -59.069199
vt 25.938200 -59.072300
vt 25.921200 -59.068199
vt 25.960899 -59.002499
vt 25.979700 -58.973499
vt 25.991199 -58.938099
vt 26.014700 -58.950298
vt 26.025499 -58.943699
vt 26.021999 -58.939899
vt 26.019100 -58.953499
vt 25.997299 -58.978500
vt 26.001699 -58.981701
vt 25.992500 -59.012501
vt 25.996500 -59.016201
vt 25.977600 -59.043800
vt 25.981001 -59.047798
vt 25.967100 -59.058701
vt 25.970301 -59.062599
vt 26.075800 -58.933998
vt 26.073200 -58.933899
vt 26.073099 -58.935501
vt 26.074499 -58.933102
vt 26.075800 -58.935600
vt 26.074400 -58.936401
vt 25.902700 -59.069500
vt 25.901699 -59.076000
vt 25.905800 -59.074100
vt 25.899900 -59.070801
vt 25.897400 -59.071499
vt 25.898100 -59.077000
vt 25.921600 -59.063400
vt 25.903200 -59.063999
vt 25.937401 -59.063400
vt 25.938200 -59.069000
vt 25.963600 -59.068699
vt 25.964399 -59.063301
vt 25.973801 -59.067501
vt 25.974001 -59.065800
vt 26.044399 -58.938202
vt 26.035200 -58.983700
vt 26.007500 -59.043999
vt 26.012501 -59.046299
vt 25.996201 -59.072899
vt 26.001400 -59.074799
vt 26.030701 -59.045700
vt 26.037600 -59.014400
vt 26.054399 -58.984402
vt 26.073200 -58.959999
vt 26.085100 -58.939602
vt 25.931000 -59.070999
vt 25.935499 -59.045898
vt 25.930700 -59.013500
vt 25.890900 -58.958801
vt 25.871401 -58.933899
vt 25.913601 -58.930000
vt 25.915199 -58.924900
vt 25.956699 -58.934399
vt 25.982401 -58.956299
vt 26.005501 -58.988300
vt 26.016199 -59.019901
vt 26.015200 -59.048000
vt 26.013901 -59.057301
vt 26.132999 -58.925400
vt 26.129900 -58.931099
vt 26.132700 -58.931000
vt 26.128901 -58.925701
vt 26.124901 -58.926998
vt 26.127100 -58.931999
vt 26.009001 -59.073502
vt 26.003401 -59.076199
vt 26.006901 -59.078602
vt 26.006599 -59.071899
vt 26.004499 -59.070202
vt 26.000200 -59.073700
vt 25.917801 -58.924599
vt 25.914600 -58.924198
vt 25.916500 -58.945702
vt 25.926001 -58.984299
vt 25.921700 -58.945801
vt 25.931000 -58.981998
vt 25.946899 -59.014500
vt 25.951900 -59.012199
vt 25.958599 -59.042301
vt 25.953699 -59.044601
vt 25.960800 -59.051201
vt 25.959000 -59.051998
vt 26.029499 -58.922501
vt 26.030600 -58.917198
vt 26.034700 -58.924999
vt 26.031900 -58.923901
vt 25.928801 -59.070801
vt 25.925501 -59.076099
vt 25.929701 -59.076302
vt 25.925900 -59.070702
vt 25.923100 -59.070400
vt 25.921400 -59.075699
vt 25.988199 -58.932999
vt 25.985100 -58.934299
vt 25.970301 -59.070702
vt 25.968800 -59.065399
vt 25.965900 -59.065899
vt 25.966101 -59.071400
vt 25.962000 -59.070999
vt 25.963100 -59.065601
vt 25.923901 -58.935600
vt 25.926399 -58.934399
vt 25.928900 -58.932899
vt 26.067101 -59.071999
vt 26.064199 -59.072800
vt 26.061600 -59.073700
vt 26.062000 -59.079102
vt 26.082199 -58.936699
vt 26.085300 -58.937698
vt 26.020500 -59.132599
vt 26.062201 -59.133999
vt 26.062799 -59.129398
vt 26.018499 -59.136902
vt 25.984600 -59.116600
vt 25.987301 -59.112301
vt 25.962799 -59.093800
vt 25.965900 -59.089500
vt 25.941000 -59.081501
vt 25.940500 -59.086899
vt 25.943300 -59.084801
vt 25.939699 -59.089401
vt 25.942900 -59.088402
vt 25.936899 -59.086899
vt 25.940500 -59.082199
vt 25.937401 -59.083302
vt 25.941000 -59.081100
vt 25.944500 -59.084301
vt 25.944000 -59.088799
vt 25.937000 -59.082401
vt 25.979799 -58.926300
vt 25.980301 -58.920601
vt 25.976500 -58.920502
vt 25.981899 -58.923500
vt 25.976000 -58.926300
vt 25.974400 -58.923401
vt 25.975599 -58.927502
vt 25.980301 -58.927502
vt 25.983000 -58.923901
vt 25.936600 -58.987400
vt 25.933399 -58.982700
vt 25.933500 -58.986198
vt 25.939600 -58.985001
vt 25.936399 -58.980400
vt 25.939501 -58.981602
vt 25.940599 -58.981300
vt 25.940800 -58.985699
vt 25.937000 -58.988602
vt 25.933001 -58.987099
vt 26.021700 -59.032200
vt 26.017401 -59.037701
vt 26.021200 -59.038101
vt 26.023300 -59.035400
vt 26.017900 -59.031799
vt 26.015800 -59.034500
vt 26.024401 -59.035099
vt 26.022301 -59.031101
vt 26.017599 -59.030602
vt 26.014900 -59.034000
vt 25.917400 -58.951801
vt 25.917601 -58.947102
vt 25.916401 -58.947601
vt 25.916300 -58.951401
vt 25.915300 -58.953701
vt 25.916201 -58.954700
vt 25.928200 -58.963699
vt 25.927000 -58.967098
vt 25.928101 -58.967800
vt 25.927000 -58.963799
vt 25.925800 -58.960602
vt 25.926600 -58.959599
vt 26.049601 -58.918999
vt 26.051399 -58.912701
vt 26.048700 -58.915401
vt 26.053301 -58.919998
vt 26.055000 -58.913700
vt 26.056000 -58.917400
vt 26.055700 -58.912899
vt 26.047701 -58.915001
vt 26.051100 -58.911598
vt 25.987301 -58.869099
vt 25.943399 -58.863098
vt 25.985201 -58.873299
vt 26.020100 -58.885101
vt 26.023001 -58.880798
vt 26.049400 -58.913700
vt 26.053801 -58.910801
vt 26.070499 -58.957401
vt 26.065901 -58.958599
vt 26.070700 -58.982399
vt 26.073601 -59.069500
vt 26.076000 -59.073101
vt 26.074699 -59.069500
vt 26.075199 -59.074001
vt 26.047100 -59.128700
vt 26.041700 -59.132000
vt 26.045401 -59.132000
vt 26.045099 -59.125500
vt 26.039700 -59.128799
vt 26.041401 -59.125500
vt 26.045700 -59.132999
vt 26.041100 -59.132999
vt 26.040701 -59.124901
vt 26.038500 -59.128899
vt 25.935499 -58.881199
vt 25.933100 -58.877602
vt 25.934401 -58.881100
vt 25.933901 -58.876701
vt 25.990400 -59.003899
vt 26.034000 -59.039101
vt 25.993000 -59.001598
vt 26.037201 -59.046700
vt 26.038200 -59.045799
vt 26.031000 -59.041801
vt 25.985901 -59.006901
vt 25.958000 -58.990501
vt 25.959801 -58.987301
vt 25.956499 -58.995602
vt 25.929600 -58.987900
vt 25.931000 -58.982700
vt 25.927999 -58.954899
vt 25.926001 -58.918900
vt 25.922899 -58.953098
vt 25.957701 -58.880402
vt 25.932800 -58.894901
vt 25.957199 -58.884399
vt 25.998899 -58.898399
vt 26.011400 -58.917702
vt 26.007601 -58.919701
vt 26.011000 -58.936699
vt 26.006500 -58.936501
vt 26.013201 -58.966000
vt 26.017700 -58.966599
vt 26.013599 -58.974701
vt 26.012199 -58.974499
vt 25.952499 -58.931499
vt 25.988300 -58.928001
vt 25.952900 -58.927299
vt 26.052799 -59.070000
vt 26.014000 -59.078098
vt 26.055099 -59.074699
vt 26.017200 -59.069199
vt 26.053200 -59.065800
vt 26.000401 -58.920200
vt 25.956301 -58.934799
vt 25.956200 -58.940300
vt 26.000401 -58.914700
vt 26.044500 -58.915100
vt 26.044500 -58.909599
vt 26.068800 -58.916302
vt 26.068899 -58.921799
vt 26.028299 -59.043598
vt 26.005301 -59.046101
vt 26.049400 -59.031502
vt 26.049500 -59.026001
vt 26.065201 -59.022999
vt 26.067801 -59.027802
vt 26.005199 -59.051601
vt 26.075500 -59.016300
vt 26.070999 -59.013302
vt 25.961201 -59.051201
vt 25.961201 -59.056599
vt 25.937799 -59.049900
vt 26.080000 -58.974400
vt 26.067200 -58.963100
vt 26.076200 -58.977600
vt 26.064199 -58.967098
vt 26.043400 -58.952000
vt 26.041300 -58.956902
vt 26.047300 -58.949902
vt 26.021900 -58.934502
vt 26.017799 -58.942402
vt 26.019400 -58.937599
vt 25.991600 -58.919102
vt 25.990299 -58.923401
vt 25.950600 -58.922600
vt 25.934700 -58.952999
vt 25.940500 -58.943199
vt 25.930201 -58.950001
vt 25.937901 -58.938499
vt 25.928699 -58.985199
vt 25.921000 -59.022800
vt 25.933201 -58.987900
vt 25.925699 -59.022900
vt 25.938499 -59.034100
vt 25.929501 -59.019600
vt 25.941500 -59.030102
vt 25.962500 -59.045399
vt 25.964600 -59.040501
vt 25.958401 -59.047298
vt 26.015200 -59.073601
vt 25.940001 -58.879200
vt 25.938900 -58.876099
vt 25.957899 -58.889500
vt 25.935900 -58.898899
vt 25.997499 -58.903198
vt 26.004000 -58.921600
vt 26.001600 -58.937401
vt 26.008400 -58.964401
vt 26.010700 -58.973999
vt 25.937799 -59.044399
vt 26.063200 -59.084400
vt 26.050200 -59.090401
vt 26.066500 -59.088699
vt 26.064800 -59.093700
vt 26.049500 -59.085899
vt 26.049601 -59.095299
vt 26.030899 -59.087898
vt 26.032400 -59.083900
vt 26.030001 -59.092899
vt 26.000299 -59.073502
vt 25.996799 -59.082199
vt 25.998400 -59.077900
vt 25.990700 -59.073200
vt 25.989700 -59.075802
vt 25.990101 -59.074501
vt 25.952499 -58.999199
vt 25.990499 -58.992599
vt 25.950199 -58.995098
vt 25.952400 -59.004200
vt 25.989799 -59.001598
vt 25.990999 -58.996498
vt 26.044300 -59.026699
vt 26.045700 -59.022900
vt 26.043501 -59.031799
vt 26.061399 -59.030701
vt 26.060699 -59.035900
vt 25.942801 -58.866901
vt 25.929899 -58.887199
vt 25.945999 -58.871399
vt 25.983500 -58.877800
vt 26.017900 -58.888199
vt 26.045900 -58.915199
vt 26.061100 -58.956699
vt 26.061701 -58.982399
vt 26.066700 -58.983799
vt 26.070200 -59.074600
vt 26.069099 -59.071499
vt 26.076799 -59.074501
vt 26.076401 -59.070400
vt 26.071301 -59.074200
vt 26.070900 -59.071400
vt 26.070200 -59.068600
vt 26.075300 -59.066399
vt 26.004499 -59.004501
vt 26.007799 -59.004700
vt 26.004200 -59.000198
vt 26.008900 -59.000500
vt 26.059799 -59.125000
vt 26.075800 -59.110001
vt 26.022100 -59.128201
vt 25.989401 -59.109001
vt 25.968800 -59.087002
vt 26.078800 -59.017200
vt 26.078300 -59.013100
vt 26.073200 -59.016701
vt 26.072901 -59.013901
vt 26.072399 -59.011101
vt 26.077499 -59.008999
vt 25.931499 -58.959900
vt 25.932600 -58.962700
vt 25.932600 -58.965500
vt 26.067400 -59.010502
vt 26.072599 -59.012199
vt 26.073400 -59.007702
vt 26.067900 -59.007301
vt 26.073000 -58.954102
vt 26.067699 -58.950298
vt 26.067499 -58.953098
vt 26.073299 -58.950001
vt 26.072500 -58.945801
vt 26.067200 -58.947399
vt 25.936100 -59.043900
vt 25.929501 -59.042999
vt 25.931601 -59.047199
vt 25.928600 -59.039700
vt 25.934601 -59.041100
vt 25.934099 -59.038799
vt 25.917801 -59.016399
vt 25.924101 -59.015598
vt 25.919399 -59.012699
vt 25.923000 -59.018101
vt 25.922400 -59.021000
vt 25.916800 -59.020500
vt 25.922300 -58.948399
vt 25.922199 -58.951599
vt 25.926701 -58.890598
vt 25.928499 -58.897202
vt 25.930500 -58.894600
vt 25.923700 -58.894402
vt 26.071100 -59.060799
vt 26.074200 -59.057701
vt 26.073299 -59.056702
vt 26.072399 -59.061001
vt 26.071800 -59.064499
vt 26.073000 -59.063900
vt 26.019699 -58.929901
vt 26.023800 -58.931599
vt 26.023500 -58.930302
vt 26.019100 -58.931000
vt 26.017000 -58.928699
vt 26.018101 -58.928101
vt 25.934099 -59.070999
vt 25.929701 -59.070801
vt 25.933399 -59.071701
vt 25.929399 -59.069901
vt 26.063299 -58.930099
vt 26.060499 -58.927101
vt 26.059401 -58.927799
vt 26.063601 -58.928902
vt 26.066601 -58.929199
vt 26.067101 -58.930500
vt 26.037201 -59.075699
vt 26.032900 -59.076401
vt 26.036699 -59.076698
vt 26.032400 -59.075401
vt 26.083599 -59.001900
vt 26.083500 -59.005699
vt 26.084400 -59.005299
vt 26.082399 -59.001400
vt 26.081100 -59.048500
vt 26.080601 -59.044102
vt 26.079901 -59.048801
vt 26.081600 -59.044701
vt 25.926701 -59.019100
vt 25.927601 -59.022800
vt 25.928600 -59.022999
vt 25.927500 -59.018299
vt 25.922501 -58.953999
vt 25.921801 -58.958302
vt 25.922899 -58.958801
vt 25.921499 -58.954601
vt 25.978100 -59.077099
vt 25.952700 -59.070000
vt 25.977400 -59.081799
vt 26.009001 -59.075298
vt 26.008400 -59.069901
vt 26.049400 -59.064098
vt 26.052200 -59.068802
vt 26.066500 -59.045700
vt 26.061399 -59.044102
vt 26.065399 -59.016800
vt 26.059999 -59.016899
vt 26.062901 -58.966999
vt 26.068001 -58.965401
vt 26.052900 -58.941898
vt 26.056601 -58.937801
vt 26.057199 -58.933899
vt 26.014799 -58.928501
vt 26.012699 -58.931198
vt 26.012400 -58.936600
vt 25.976400 -58.926300
vt 25.976999 -58.921001
vt 25.946199 -58.922199
vt 25.945299 -58.927399
vt 25.995300 -59.074902
vt 25.998400 -59.076199
vt 25.995800 -59.073700
vt 25.997299 -59.076900
vt 25.991501 -59.074799
vt 25.991100 -59.073601
vt 25.923800 -59.013100
vt 25.924299 -59.016899
vt 25.925400 -59.017200
vt 25.924700 -59.012501
vt 25.955400 -58.937901
vt 25.999599 -58.941002
vt 25.999500 -58.936298
vt 26.043699 -58.936298
vt 26.043699 -58.941002
vt 26.058399 -58.942101
vt 25.999599 -58.931499
vt 26.043699 -58.931599
vt 26.062099 -58.933899
vt 25.955500 -58.933201
vt 25.955500 -58.928398
vt 25.931200 -58.939201
vt 26.061501 -58.937901
vt 25.934700 -58.942402
vt 25.938101 -58.945702
vt 25.927601 -58.984600
vt 25.932400 -58.985600
vt 25.937000 -58.984299
vt 25.929399 -59.014702
vt 25.938801 -59.014500
vt 25.934099 -59.015701
vt 25.931499 -59.044800
vt 25.940901 -59.044601
vt 25.936199 -59.045898
vt 26.069700 -58.950199
vt 26.065001 -58.952702
vt 26.071899 -58.980202
vt 26.067101 -58.981800
vt 26.070900 -59.014099
vt 26.066099 -59.016201
vt 26.079901 -59.047199
vt 25.925301 -58.960499
vt 25.925400 -58.963402
vt 25.926500 -58.963402
vt 25.924200 -58.966900
vt 25.926399 -58.959801
vt 25.925100 -58.967800
vt 25.954700 -58.928001
vt 25.958599 -58.925999
vt 25.954901 -58.926899
vt 25.959299 -58.926998
vt 25.927000 -59.063999
vt 25.928400 -59.060001
vt 25.950800 -59.074001
vt 25.965000 -58.925400
vt 26.007000 -58.926899
vt 25.966000 -58.922001
vt 26.040199 -58.926300
vt 26.009600 -58.922699
vt 26.064899 -58.937401
vt 26.042000 -58.922401
vt 26.069000 -58.934299
vt 26.077499 -58.968399
vt 26.073099 -58.971600
vt 26.077101 -58.997398
vt 26.072001 -58.996799
vt 26.073999 -59.030701
vt 26.079300 -59.031799
vt 26.067200 -59.053501
vt 26.071699 -59.056301
vt 26.042299 -59.065498
vt 26.073000 -59.060902
vt 26.041300 -59.070702
vt 25.999201 -59.066502
vt 26.001101 -59.062698
vt 25.998800 -59.071701
vt 25.935400 -58.964001
vt 25.939800 -58.992500
vt 25.939400 -58.960701
vt 25.931200 -58.996399
vt 25.930401 -58.962898
vt 25.936501 -58.996601
vt 25.939800 -59.020000
vt 25.936501 -59.021000
vt 25.931200 -59.021702
vt 25.936199 -59.049702
vt 25.931700 -59.050400
vt 25.934700 -59.057999
vt 25.936001 -59.057800
vt 26.038900 -58.935501
vt 25.994699 -58.932999
vt 25.994600 -58.937698
vt 25.950500 -58.932999
vt 25.950500 -58.937698
vt 25.937901 -58.939899
vt 25.934799 -58.935699
vt 25.929001 -58.947701
vt 25.933599 -58.950298
vt 26.038799 -58.930801
vt 25.926901 -58.976799
vt 25.924500 -58.948399
vt 25.931700 -58.978500
vt 25.922300 -58.978500
vt 25.927500 -59.010399
vt 25.932400 -59.012501
vt 25.923100 -59.012001
vt 25.920000 -59.042301
vt 25.915300 -59.044701
vt 25.923800 -59.043800
vt 25.932800 -59.057301
vt 25.956600 -59.066799
vt 26.038900 -58.940201
vt 25.994699 -58.942402
vt 26.059700 -58.942299
vt 26.057301 -58.946301
vt 26.064400 -58.982498
vt 26.059700 -58.983501
vt 26.066000 -59.042801
vt 25.950500 -58.942402
vt 25.938499 -58.943699
vt 26.004101 -59.071499
vt 25.999100 -59.076000
vt 26.003799 -59.077000
vt 26.000900 -59.070801
vt 26.067400 -58.954300
vt 26.062000 -58.951599
vt 26.062000 -58.954102
vt 26.067499 -58.950699
vt 26.066099 -58.946301
vt 26.061100 -58.948700
vt 25.966499 -58.928902
vt 26.009001 -58.931999
vt 26.039801 -58.931400
vt 26.062300 -58.940800
vt 26.062201 -58.938202
vt 26.069099 -58.983700
vt 26.070801 -59.043999
vt 26.049801 -59.068100
vt 26.052299 -59.072899
vt 26.011299 -59.075401
vt 26.009501 -59.070400
vt 25.953501 -59.070801
vt 25.954300 -59.065498
vt 25.930300 -59.049999
vt 25.934099 -59.047298
vt 25.925400 -59.015499
vt 26.061300 -59.043900
vt 26.047501 -59.065300
vt 26.009001 -59.066601
vt 25.938601 -59.045700
vt 25.955700 -59.062000
vt 25.934200 -59.014400
vt 25.929001 -59.014000
vt 25.930500 -58.984402
vt 25.936001 -58.984402
vt 25.936399 -58.959999
vt 25.931299 -58.959202
vt 25.941700 -58.939602
vt 25.936800 -58.937302
vt 25.950500 -58.928799
vt 25.951900 -58.933998
vt 25.967600 -58.929901
vt 25.966900 -58.935200
vt 25.999399 -58.936901
vt 25.999701 -58.931400
vt 26.009199 -58.935501
vt 26.009300 -58.933899
vt 25.959700 -58.931999
vt 25.956499 -58.932701
vt 25.930000 -58.967800
vt 25.931000 -58.964802
vt 25.930901 -58.962299
vt 25.930300 -59.015800
vt 25.929800 -59.012600
vt 26.062500 -58.980202
vt 26.060600 -58.952000
vt 26.061600 -59.014702
vt 26.071301 -59.046299
vt 26.064301 -59.063900
vt 26.075899 -59.048698
vt 26.059900 -59.061199
vt 26.041599 -59.073601
vt 26.058500 -59.057201
vt 26.037500 -59.070499
vt 26.035400 -59.066399
vt 25.982100 -59.073101
vt 25.982800 -59.067799
vt 25.946800 -59.064800
vt 25.944000 -59.069500
vt 25.927500 -59.044399
vt 25.932699 -59.042801
vt 25.927700 -59.012001
vt 25.933201 -59.012100
vt 25.932501 -58.958900
vt 25.927401 -58.957298
vt 25.943899 -58.937500
vt 25.940201 -58.933498
vt 25.977900 -58.929798
vt 25.978201 -58.935101
vt 26.010599 -58.928398
vt 26.011299 -58.933601
vt 26.031500 -58.938301
vt 26.052700 -58.940800
vt 26.031200 -58.933102
vt 26.055599 -58.937099
vt 26.034100 -58.929199
vt 26.059000 -58.933800
vt 26.065800 -58.955700
vt 26.070601 -58.954700
vt 26.074699 -58.953098
vt 26.073601 -59.009800
vt 26.069099 -59.009998
vt 26.064199 -59.009800
vt 26.070999 -59.016800
vt 26.066500 -59.016899
vt 26.068899 -59.016998
vt 25.950899 -58.924198
vt 25.952299 -58.918800
vt 25.948900 -58.918400
vt 25.948601 -58.923901
vt 25.945400 -58.924099
vt 25.944300 -58.918701
vt 25.927900 -58.957600
vt 25.927601 -58.954300
vt 26.073400 -58.966000
vt 26.069599 -58.971600
vt 26.075001 -58.970501
vt 26.068501 -58.968498
vt 25.926600 -59.003799
vt 25.932100 -59.001202
vt 25.926600 -59.000401
vt 25.932100 -59.003601
vt 25.932501 -59.006699
vt 25.927200 -59.008400
vt 25.932800 -59.017899
vt 25.933599 -59.021099
vt 26.070000 -58.976299
vt 26.065901 -58.971100
vt 26.065001 -58.974201
vt 26.071400 -58.971802
vt 26.075399 -59.047199
vt 26.075899 -59.043900
vt 26.084801 -59.009300
vt 26.079300 -59.009399
vt 26.078501 -59.007000
vt 26.077700 -59.004002
vt 25.978001 -58.922298
vt 25.981199 -58.922501
vt 25.977699 -58.916901
vt 25.982401 -58.917198
vt 26.033501 -59.070301
vt 26.036800 -59.070400
vt 26.058599 -58.932499
vt 26.061399 -58.934101
vt 25.931400 -59.064800
vt 25.934601 -59.065601
vt 26.019300 -58.935101
vt 26.022600 -58.935600
vt 25.999701 -59.079201
vt 26.003599 -59.073700
vt 26.000401 -59.073700
vt 26.004499 -59.079102
vt 26.055500 -58.929199
vt 26.054501 -58.934601
vt 26.056900 -58.935200
vt 26.063000 -58.932301
vt 26.059601 -58.936699
vt 26.059000 -58.930000
vt 26.069500 -59.056198
vt 26.067900 -59.058998
vt 25.933399 -59.045101
vt 25.928699 -59.013599
vt 25.928801 -59.044300
vt 25.924700 -59.015301
vt 25.886999 -58.963902
vt 25.889999 -58.959801
vt 25.865999 -58.935299
vt 25.870600 -58.932301
vt 26.033800 -59.069199
vt 26.037100 -59.070801
vt 26.038000 -59.069901
vt 26.030500 -59.070599
vt 26.029699 -59.069599
vt 26.033800 -59.070301
vt 26.074200 -59.075600
vt 26.077600 -59.076401
vt 26.078400 -59.075401
vt 26.074301 -59.076500
vt 26.050400 -59.024799
vt 26.046900 -59.019402
vt 26.047001 -59.023102
vt 26.050100 -59.017399
vt 26.053600 -59.022800
vt 26.053400 -59.019100
vt 26.046101 -59.023399
vt 26.045900 -59.018799
vt 26.054199 -59.018299
vt 26.049999 -59.016201
vt 25.992001 -59.001400
vt 25.987301 -59.006001
vt 25.994600 -59.004200
vt 25.988300 -59.002300
vt 25.990000 -59.008701
vt 25.993601 -59.007801
vt 25.987801 -59.001499
vt 25.992300 -59.000401
vt 25.994400 -59.008400
vt 25.995701 -59.003799
vt 25.983801 -58.958401
vt 25.990299 -58.958302
vt 25.983801 -58.954601
vt 25.987000 -58.960300
vt 25.990299 -58.954601
vt 25.987000 -58.952702
vt 25.982800 -58.958801
vt 25.982800 -58.954102
vt 25.990999 -58.953999
vt 25.986900 -58.951599
vt 26.086300 -58.917801
vt 26.082600 -58.918301
vt 26.082500 -58.919300
vt 26.087099 -58.918701
vt 26.089199 -58.922199
vt 26.045601 -58.939602
vt 26.090799 -58.927399
vt 26.042601 -58.935001
vt 26.017599 -58.958500
vt 26.041401 -58.932400
vt 26.016199 -58.955200
vt 26.020500 -58.962898
vt 25.995100 -58.992199
vt 25.993401 -58.988098
vt 25.997900 -58.996399
vt 25.986900 -59.021599
vt 25.983101 -59.020599
vt 25.991501 -59.021702
vt 25.983999 -59.048599
vt 25.987499 -59.049801
vt 25.991800 -59.050400
vt 25.985901 -59.057499
vt 25.988199 -59.057999
vt 25.986900 -59.057899
vt 25.996000 -59.076000
vt 25.999399 -59.074799
vt 25.999500 -59.073601
vt 25.996599 -59.076698
vt 25.929800 -59.018902
vt 25.926500 -59.013302
vt 25.926500 -59.017101
vt 25.933001 -59.016899
vt 25.929701 -59.011299
vt 25.933001 -59.013100
vt 25.925501 -59.017502
vt 25.925501 -59.012699
vt 25.933599 -59.012501
vt 25.929501 -59.010201
vt 25.929001 -59.070801
vt 25.924700 -59.067299
vt 25.954399 -58.926899
vt 25.952801 -58.925701
vt 25.953300 -58.927200
vt 25.933001 -58.963402
vt 25.928400 -58.967400
vt 25.931900 -58.966900
vt 25.925900 -58.964600
vt 25.930500 -58.960499
vt 25.926901 -58.961102
vt 25.932301 -58.967800
vt 25.927799 -58.968498
vt 25.926001 -58.960499
vt 25.924700 -58.964901
vt 25.874500 -58.926899
vt 25.871300 -58.926701
vt 25.871099 -58.927799
vt 25.868000 -58.925701
vt 25.875200 -58.928001
vt 25.867001 -58.926498
vt 26.097401 -59.074100
vt 26.100401 -59.076698
vt 26.101500 -59.076000
vt 26.097200 -59.075100
vt 26.094299 -59.074402
vt 26.093800 -59.073200
vt 25.968599 -58.939301
vt 25.983700 -58.948399
vt 25.972200 -58.935398
vt 25.979300 -58.951698
vt 26.002501 -58.978500
vt 25.998100 -58.981701
vt 26.006201 -59.012001
vt 26.002199 -59.015701
vt 26.025499 -59.044701
vt 26.022100 -59.048698
vt 26.037800 -59.060001
vt 26.034500 -59.063999
vt 25.960899 -58.922001
vt 25.954599 -58.925800
vt 25.962299 -58.925400
vt 25.954201 -58.924801
vt 26.101601 -59.062698
vt 26.082300 -59.064899
vt 26.104700 -59.066502
vt 26.102900 -59.071701
vt 26.082701 -59.070000
vt 26.063299 -59.064602
vt 26.062300 -59.070202
vt 26.034201 -59.069302
vt 26.033400 -59.063999
vt 26.025499 -59.067699
vt 26.025299 -59.066101
vt 26.077400 -59.064098
vt 26.073700 -59.044102
vt 26.072701 -59.063000
vt 26.064400 -59.044300
vt 26.068501 -59.066299
vt 26.069000 -59.043400
vt 26.077299 -59.016899
vt 26.068501 -59.013599
vt 26.072599 -59.015301
vt 26.111401 -58.964500
vt 26.115000 -58.966999
vt 26.108400 -58.960400
vt 26.131500 -58.941700
vt 26.136101 -58.941898
vt 26.128000 -58.937801
vt 25.913099 -58.941101
vt 25.917801 -58.955002
vt 25.918400 -58.940800
vt 25.923100 -58.955700
vt 25.920500 -59.009399
vt 25.925900 -59.009800
vt 25.923700 -59.016899
vt 25.921200 -59.016701
vt 26.078199 -58.939201
vt 26.073900 -58.984600
vt 26.083700 -58.939201
vt 26.069000 -58.982300
vt 26.052999 -59.014702
vt 26.048000 -59.012402
vt 26.041300 -59.042500
vt 26.046200 -59.044800
vt 26.039200 -59.051300
vt 26.040899 -59.052101
vt 26.013500 -59.011101
vt 25.977100 -59.040901
vt 25.980400 -59.042400
vt 25.959801 -58.985802
vt 25.955500 -58.946301
vt 25.950199 -58.946201
vt 25.967199 -58.982498
vt 25.958300 -58.942299
vt 25.964701 -58.983501
vt 26.097000 -59.068901
vt 26.099501 -59.069500
vt 26.102301 -59.070801
vt 25.961500 -58.928902
vt 26.015900 -58.940800
vt 26.027599 -58.971600
vt 26.019199 -58.937401
vt 26.010700 -58.941200
vt 26.020500 -58.976700
vt 26.024099 -58.975700
vt 26.045099 -58.996799
vt 26.037399 -59.001801
vt 26.040400 -58.998901
vt 26.078699 -59.033798
vt 26.081100 -59.030701
vt 26.075500 -59.037899
vt 26.101101 -59.055401
vt 26.105101 -59.053501
vt 26.098499 -59.059898
vt 25.968901 -59.049999
vt 25.955000 -59.017399
vt 25.963600 -59.050999
vt 25.959801 -59.015499
vt 25.971701 -59.047298
vt 25.963499 -59.014000
vt 25.945700 -58.984402
vt 25.941900 -58.987099
vt 25.938101 -58.989899
vt 25.927700 -58.959202
vt 25.920200 -58.963902
vt 25.924400 -58.961102
vt 25.915600 -58.937302
vt 25.911301 -58.936600
vt 25.906300 -58.938301
vt 25.992399 -59.043900
vt 25.987499 -59.046200
vt 26.000799 -59.065300
vt 25.995800 -59.067101
vt 25.867300 -58.931702
vt 25.870100 -58.932598
vt 25.872900 -58.932701
vt 25.990700 -59.073399
vt 25.992800 -59.078499
vt 25.992901 -59.071701
vt 25.995300 -59.070099
vt 26.059200 -58.942299
vt 26.048401 -58.948799
vt 26.052799 -58.952000
vt 26.031000 -58.977001
vt 26.035400 -58.980202
vt 26.017599 -59.014702
vt 25.983700 -59.046299
vt 25.969900 -59.057201
vt 25.973101 -59.061199
vt 25.933800 -59.069500
vt 25.938200 -59.044399
vt 25.933500 -59.012001
vt 25.893700 -58.957298
vt 25.875000 -58.933498
vt 25.889999 -58.933601
vt 25.911301 -58.938301
vt 25.891001 -58.928398
vt 25.913000 -58.933102
vt 26.081301 -58.924801
vt 26.079201 -58.919701
vt 26.083599 -58.924500
vt 26.086800 -58.924099
vt 26.055700 -58.938499
vt 25.964899 -58.918499
vt 25.967400 -58.923401
vt 25.970100 -58.922298
vt 25.965000 -58.924801
vt 25.968901 -58.916901
vt 25.961399 -58.920502
vt 26.070101 -59.076000
vt 26.071100 -59.070599
vt 26.073900 -59.070400
vt 26.076799 -59.070301
vt 26.018700 -58.927799
vt 26.012800 -58.931198
vt 26.015800 -58.932499
vt 26.014299 -58.925900
vt 26.031200 -59.064602
vt 26.034000 -59.064301
vt 26.036900 -59.064800
vt 26.076099 -58.928699
vt 26.076099 -58.935101
vt 26.079700 -58.931000
vt 26.073500 -58.933601
vt 26.071100 -58.932400
vt 26.072500 -58.927101
vt 25.932699 -59.071999
vt 25.929800 -59.076698
vt 25.933599 -59.077999
vt 25.935301 -59.072899
vt 25.938101 -59.073700
vt 25.937700 -59.079201
vt 25.911200 -58.930599
vt 25.913401 -58.935600
vt 25.916500 -58.934601
vt 25.915701 -58.929199
vt 26.105900 -59.058998
vt 26.107201 -59.064499
vt 26.110100 -59.060799
vt 26.103901 -59.061600
vt 26.071800 -58.892799
vt 26.075300 -58.895500
vt 26.073000 -58.892502
vt 26.074800 -58.896599
vt 26.004499 -59.069302
vt 26.004101 -59.063099
vt 26.000299 -59.063301
vt 26.006201 -59.066101
vt 26.000700 -59.069599
vt 25.998600 -59.066601
vt 26.007200 -59.065701
vt 26.004499 -59.062000
vt 25.999701 -59.062302
vt 25.997601 -59.066399
vt 25.935301 -58.966099
vt 25.929800 -58.969501
vt 25.933500 -58.969501
vt 25.927900 -58.966202
vt 25.933399 -58.962898
vt 25.929701 -58.962898
vt 25.934099 -58.962002
vt 25.936501 -58.966099
vt 25.934200 -58.970299
vt 26.032900 -58.922401
vt 26.036900 -58.928799
vt 26.038700 -58.925400
vt 26.036699 -58.922199
vt 26.031099 -58.925701
vt 26.033100 -58.928902
vt 26.037201 -58.921398
vt 26.039700 -58.925400
vt 26.037500 -58.929699
vt 26.032700 -58.929901
vt 26.030199 -58.925800
vt 26.083099 -59.019901
vt 26.081800 -59.016899
vt 26.080900 -59.017300
vt 26.081100 -59.013599
vt 26.082500 -59.021000
vt 26.079901 -59.013100
vt 26.070700 -59.041599
vt 26.067900 -59.044601
vt 26.069000 -59.044800
vt 26.070000 -59.040501
vt 25.927601 -58.946400
vt 25.927799 -58.949600
vt 25.928900 -58.949699
vt 25.927200 -58.952999
vt 25.928600 -58.945599
vt 25.928101 -58.953899
vt 25.926399 -59.006401
vt 25.927000 -59.009998
vt 25.927999 -59.010201
vt 25.927200 -59.005600
vt 25.921801 -59.009701
vt 25.921499 -59.013000
vt 25.922501 -59.013100
vt 25.920799 -59.016201
vt 25.922899 -59.008999
vt 25.921600 -59.017200
vt 26.010900 -58.923901
vt 25.977400 -58.936001
vt 25.979200 -58.940800
vt 26.009001 -58.919300
vt 26.052200 -58.922001
vt 26.052700 -58.926201
vt 25.995501 -59.005699
vt 25.995300 -59.000401
vt 25.991501 -59.000599
vt 25.997299 -59.002899
vt 25.991699 -59.006001
vt 25.989700 -59.003399
vt 25.998400 -59.003399
vt 25.996099 -59.006901
vt 25.991301 -59.007198
vt 25.988800 -59.004002
vt 25.924299 -59.067001
vt 25.923901 -59.070202
vt 25.924900 -59.070400
vt 25.923100 -59.073502
vt 25.925400 -59.066299
vt 25.923800 -59.074501
vt 25.931499 -58.953800
vt 25.936399 -58.958199
vt 25.936199 -58.951302
vt 25.940901 -58.953701
vt 25.934700 -58.959099
vt 25.938101 -58.959000
vt 26.075899 -59.015999
vt 26.064301 -59.027699
vt 26.079901 -59.019299
vt 26.067301 -59.031799
vt 26.043699 -59.044300
vt 26.041599 -59.039299
vt 25.983299 -59.073502
vt 25.985201 -59.077999
vt 25.942101 -59.075298
vt 25.941601 -59.070999
vt 25.934200 -59.013100
vt 25.936300 -59.013901
vt 25.934700 -59.011799
vt 25.934999 -59.014099
vt 25.936800 -59.012600
vt 25.936001 -59.011600
vt 26.012501 -58.999100
vt 26.049999 -59.005299
vt 26.052401 -59.001400
vt 26.011999 -59.002899
vt 25.954201 -59.029301
vt 25.955700 -59.033100
vt 25.940100 -59.094200
vt 25.951799 -59.095699
vt 25.943300 -59.089901
vt 25.952499 -59.091202
vt 25.969299 -59.093800
vt 25.967800 -59.089699
vt 26.000999 -59.077702
vt 26.002899 -59.082199
vt 26.010201 -59.075802
vt 26.009701 -59.074402
vt 26.004299 -58.905399
vt 26.003300 -58.899300
vt 26.000601 -58.905701
vt 26.005699 -58.902199
vt 25.999599 -58.899601
vt 25.998199 -58.902802
vt 26.006800 -58.901699
vt 26.003799 -58.898102
vt 25.999100 -58.898499
vt 26.005100 -58.905800
vt 25.936399 -58.961700
vt 25.934799 -58.960800
vt 25.938101 -58.960800
vt 26.068399 -59.080299
vt 26.066500 -59.076302
vt 26.066299 -59.078800
vt 26.068899 -59.075199
vt 26.070700 -59.079201
vt 26.070999 -59.076599
vt 25.930000 -58.969501
vt 25.914400 -58.977901
vt 25.918400 -58.981201
vt 25.927000 -58.965500
vt 25.950800 -58.952900
vt 25.952801 -58.957802
vt 26.052900 -58.863899
vt 26.012400 -58.869301
vt 26.049700 -58.868500
vt 26.016001 -58.877998
vt 26.014000 -58.873600
vt 25.981600 -58.887100
vt 25.978701 -58.882999
vt 25.976400 -58.879700
vt 25.953199 -58.913601
vt 25.948900 -58.910702
vt 25.945299 -58.909199
vt 25.934299 -58.952599
vt 25.938900 -58.953800
vt 25.929600 -58.954399
vt 25.935400 -58.978100
vt 25.930401 -58.979500
vt 25.944500 -59.129700
vt 25.931400 -59.112301
vt 25.941601 -59.134201
vt 25.981899 -59.136700
vt 25.978201 -59.127998
vt 25.943899 -59.125301
vt 25.980200 -59.132198
vt 26.016001 -59.117599
vt 26.011299 -59.110001
vt 26.014000 -59.114300
vt 26.037500 -59.095501
vt 26.034700 -59.092999
vt 26.031500 -59.088699
vt 26.052700 -59.081600
vt 26.053200 -59.086899
vt 26.056499 -59.089600
vt 26.041300 -58.881802
vt 25.998800 -58.897099
vt 26.040600 -58.887100
vt 26.073000 -58.895901
vt 26.000200 -58.901798
vt 25.988800 -58.917301
vt 26.069901 -58.900101
vt 26.040899 -58.890800
vt 26.002001 -58.904999
vt 25.992800 -58.918800
vt 25.996300 -58.921200
vt 25.989401 -58.937698
vt 25.994400 -58.938202
vt 25.998800 -58.938202
vt 25.991699 -58.963600
vt 25.987301 -58.964298
vt 25.989300 -58.973801
vt 25.982500 -58.965801
vt 25.987900 -58.973999
vt 25.986500 -58.974499
vt 26.079100 -58.960899
vt 26.071699 -58.924500
vt 26.073900 -58.962601
vt 26.041201 -58.994202
vt 26.016001 -59.007599
vt 26.043100 -58.997398
vt 25.994801 -59.051601
vt 26.038900 -59.056599
vt 26.038900 -59.051201
vt 26.057199 -59.049801
vt 25.994699 -59.046101
vt 25.950600 -59.031399
vt 26.057301 -59.044498
vt 25.950500 -59.026001
vt 25.938499 -59.025501
vt 25.935900 -59.030201
vt 25.929300 -59.022099
vt 25.933800 -59.019100
vt 25.956900 -58.959702
vt 25.981600 -58.944099
vt 26.060900 -58.880402
vt 26.065800 -58.882900
vt 26.067400 -58.878502
vt 26.062000 -58.877300
vt 25.961901 -59.045601
vt 25.969900 -59.041801
vt 25.966499 -59.038502
vt 25.962900 -59.046700
vt 26.009001 -59.002399
vt 26.013500 -59.005402
vt 26.039801 -58.989101
vt 26.062300 -58.984100
vt 26.063700 -58.989300
vt 26.052299 -58.996201
vt 26.011299 -58.993900
vt 25.953501 -59.024101
vt 25.930300 -59.031101
vt 25.931101 -59.036400
vt 25.951900 -59.086399
vt 25.941700 -59.085098
vt 25.966900 -59.084801
vt 25.999399 -59.073399
vt 26.009199 -59.073101
vt 26.012199 -58.928200
vt 26.050400 -58.931000
vt 25.923500 -59.072201
vt 25.930000 -59.070301
vt 25.925100 -59.067699
vt 25.928900 -59.073299
vt 25.929199 -59.074200
vt 25.929899 -59.071400
vt 25.930300 -59.068600
vt 26.065001 -58.944199
vt 26.055901 -58.940800
vt 26.060600 -58.947201
vt 26.061600 -58.982399
vt 26.066099 -58.979698
vt 26.071301 -59.016300
vt 26.037500 -59.037399
vt 25.982100 -59.069099
vt 25.944000 -59.066200
vt 25.927000 -59.016800
vt 25.927601 -59.013901
vt 25.927900 -59.011101
vt 26.069599 -58.962700
vt 26.075001 -58.959702
vt 26.069599 -58.959900
vt 26.075001 -58.963699
vt 26.073500 -58.967800
vt 26.068501 -58.965500
vt 25.933001 -59.009102
vt 25.932501 -59.005901
vt 25.955400 -58.915100
vt 25.999599 -58.920200
vt 25.999599 -58.914700
vt 25.955400 -58.909599
vt 26.043699 -58.934799
vt 25.938101 -58.916500
vt 26.043800 -58.940300
vt 26.058399 -58.936100
vt 25.938000 -58.921700
vt 25.933201 -58.952999
vt 25.933800 -58.950100
vt 25.933599 -58.947300
vt 26.063499 -59.042198
vt 26.063000 -59.044399
vt 26.065001 -59.039299
vt 26.067101 -59.047901
vt 26.075399 -59.015900
vt 26.076000 -59.018700
vt 26.077200 -59.021301
vt 26.079300 -58.949100
vt 26.084900 -58.952900
vt 26.084801 -58.948101
vt 26.079399 -58.952301
vt 26.063299 -58.979801
vt 26.061399 -58.983200
vt 26.063999 -58.985100
vt 26.067101 -58.982700
vt 26.059999 -59.090199
vt 26.059999 -59.085300
vt 26.057600 -59.087502
vt 26.063499 -59.087002
vt 26.070400 -58.898701
vt 26.068399 -58.896099
vt 26.055099 -59.062698
vt 26.072201 -59.044300
vt 26.066999 -59.042702
vt 26.071100 -59.015301
vt 26.065701 -59.015400
vt 26.068600 -58.965500
vt 26.073700 -58.963902
vt 26.058399 -58.939301
vt 26.062201 -58.935299
vt 26.018499 -58.929699
vt 26.018101 -58.935200
vt 25.983999 -58.931599
vt 25.984600 -58.926399
vt 25.962799 -58.930500
vt 25.943501 -58.937801
vt 25.962500 -58.935600
vt 25.940500 -58.934200
vt 25.930901 -58.953400
vt 25.926001 -58.952499
vt 25.926901 -59.009300
vt 25.931801 -59.009102
vt 25.929300 -59.016602
vt 25.931601 -59.016602
vt 25.940001 -58.932899
vt 25.944000 -58.930599
vt 25.942900 -58.930000
vt 25.939699 -58.931801
vt 25.999800 -59.076698
vt 25.995001 -59.076698
vt 25.995501 -59.077801
vt 26.001400 -59.078899
vt 26.002399 -59.077999
vt 25.999300 -59.077900
vt 26.066500 -59.071499
vt 26.070400 -59.069599
vt 26.065800 -59.070702
vt 26.070200 -59.070599
vt 26.021700 -58.920502
vt 26.024401 -58.918499
vt 26.023300 -58.917801
vt 26.021200 -58.919300
vt 26.017401 -58.919601
vt 26.017000 -58.920799
vt 25.932899 -58.974201
vt 25.931601 -58.969601
vt 25.930599 -58.970501
vt 25.931700 -58.974098
vt 25.931000 -58.976700
vt 25.932100 -58.977501
vt 26.073000 -59.008701
vt 26.073000 -59.006001
vt 26.071899 -59.006100
vt 26.073500 -59.002300
vt 26.072001 -59.009499
vt 26.072599 -59.001499
vt 25.926500 -58.970901
vt 25.927000 -58.966499
vt 25.925699 -58.970100
vt 25.928101 -58.966400
vt 26.056000 -58.918301
vt 26.053301 -58.918701
vt 26.053499 -58.919701
vt 26.049601 -58.918499
vt 26.056900 -58.919300
vt 26.048901 -58.919498
vt 26.066700 -58.955200
vt 26.067600 -58.988098
vt 26.070700 -58.958500
vt 26.067600 -59.020599
vt 26.070900 -58.992199
vt 25.956301 -59.072498
vt 25.934099 -59.058601
vt 25.932699 -59.062599
vt 25.958401 -59.068501
vt 26.014799 -59.073700
vt 26.014000 -59.068298
vt 26.057899 -59.067299
vt 26.037201 -58.924599
vt 26.038500 -58.925800
vt 26.038200 -58.924801
vt 26.036501 -58.925701
vt 26.038099 -58.926899
vt 25.938700 -59.046200
vt 25.935600 -58.987099
vt 25.934000 -59.047401
vt 25.929199 -59.046299
vt 25.952400 -59.067101
vt 25.947599 -59.074799
vt 25.950001 -59.071899
vt 25.988001 -59.072800
vt 25.989799 -59.067799
vt 25.987499 -59.076599
vt 26.045799 -59.072498
vt 26.044300 -59.068901
vt 26.043501 -59.063599
vt 26.064400 -59.049301
vt 26.068899 -59.050999
vt 26.060699 -59.046600
vt 26.073000 -59.017399
vt 26.067699 -59.017799
vt 26.069599 -58.989899
vt 26.064100 -58.990002
vt 26.065701 -58.964699
vt 26.070900 -58.963902
vt 26.059900 -58.940701
vt 26.064800 -58.938301
vt 26.049601 -58.928101
vt 26.048201 -58.933300
vt 26.030001 -58.928600
vt 26.030701 -58.933998
vt 25.996799 -58.931702
vt 25.997101 -58.937199
vt 25.989799 -58.935600
vt 25.989700 -58.933998
vt 25.934401 -58.946301
vt 25.935699 -58.949200
vt 25.935499 -58.945599
vt 25.934500 -58.949200
vt 25.933300 -58.952702
vt 25.934200 -58.953602
vt 25.995701 -59.075100
vt 25.999599 -59.073200
vt 25.994900 -59.074100
vt 25.999399 -59.074402
vt 26.005199 -58.937698
vt 25.961201 -58.935501
vt 25.961100 -58.940201
vt 26.005199 -58.942402
vt 26.049400 -58.937801
vt 26.049400 -58.942402
vt 26.005199 -58.932999
vt 25.961201 -58.930698
vt 25.937799 -58.938202
vt 26.049400 -58.932999
vt 26.064100 -58.943501
vt 26.067801 -58.935398
vt 25.940399 -58.942200
vt 25.942801 -58.946201
vt 26.067200 -58.939301
vt 25.930901 -58.986099
vt 25.940300 -58.985802
vt 26.075300 -58.951698
vt 26.070700 -58.954201
vt 26.077600 -58.981701
vt 26.072800 -58.983299
vt 26.076599 -59.015701
vt 26.071800 -59.017799
vt 26.085600 -59.048698
vt 26.081600 -59.050301
vt 25.950300 -58.941700
vt 25.983999 -58.936600
vt 25.949900 -58.937801
vt 25.946800 -58.941101
vt 25.965300 -58.939499
vt 25.934999 -58.955002
vt 25.936300 -59.009399
vt 25.933701 -59.016701
vt 26.000401 -58.931599
vt 26.044600 -58.933201
vt 26.044500 -58.928501
vt 26.000299 -58.936298
vt 25.956200 -58.931499
vt 25.956200 -58.936298
vt 25.943600 -58.938499
vt 26.068899 -58.939201
vt 26.065399 -58.942600
vt 26.072399 -58.982300
vt 26.067699 -58.980999
vt 26.065901 -59.011200
vt 26.070601 -59.012402
vt 26.063801 -59.041199
vt 26.068501 -59.042500
vt 26.063601 -59.050800
vt 26.065201 -59.051300
vt 25.934601 -59.059898
vt 25.959400 -59.072102
vt 25.959101 -59.068199
vt 25.930099 -59.062698
vt 25.923000 -59.039001
vt 25.928301 -59.037899
vt 25.920900 -59.002499
vt 25.926100 -59.001801
vt 25.923500 -58.976700
vt 25.919001 -58.973499
vt 25.936300 -58.941200
vt 25.932199 -58.938099
vt 25.956900 -58.928699
vt 25.929600 -58.934601
vt 25.958799 -58.932598
vt 25.956499 -58.923599
vt 25.983999 -58.928600
vt 25.986500 -58.932800
vt 25.985901 -58.923599
vt 26.028299 -58.924900
vt 26.030100 -58.929600
vt 26.031000 -58.921299
vt 26.037100 -58.927200
vt 25.934700 -58.946301
vt 25.939301 -58.948799
vt 25.930201 -58.946999
vt 25.932600 -58.975399
vt 25.927900 -58.977001
vt 25.937401 -58.977001
vt 25.933201 -59.009102
vt 25.928699 -59.010601
vt 25.938000 -59.011101
vt 25.925699 -59.040901
vt 25.921000 -59.043301
vt 25.938499 -59.055901
vt 25.962500 -59.065399
vt 26.010700 -59.067501
vt 26.012199 -59.065102
vt 26.010700 -59.065800
vt 26.013599 -59.066101
vt 26.012100 -59.068501
vt 26.013500 -59.067699
vt 26.066200 -58.953499
vt 26.068199 -58.981701
vt 26.067301 -59.016201
vt 26.076900 -59.047798
vt 26.070000 -59.065300
vt 26.065599 -59.062599
vt 26.041300 -59.067902
vt 26.064199 -59.058701
vt 26.047199 -59.075100
vt 26.043100 -59.072102
vt 26.017799 -59.075802
vt 26.018400 -59.080502
vt 25.995100 -59.069500
vt 25.998301 -59.068901
vt 25.939100 -58.953602
vt 25.940100 -58.950600
vt 25.940001 -58.948101
vt 25.957899 -59.063301
vt 25.935900 -59.055401
vt 25.997499 -59.063999
vt 25.997999 -59.069199
vt 25.987801 -59.074600
vt 25.988300 -59.069199
vt 25.952499 -59.066299
vt 25.949600 -59.070999
vt 25.933100 -59.045898
vt 25.938400 -59.044300
vt 25.933399 -59.013500
vt 25.938900 -59.013599
vt 25.938200 -58.960400
vt 25.933100 -58.958801
vt 25.945999 -58.933899
vt 25.983500 -58.931099
vt 26.018400 -58.928200
vt 26.017900 -58.923199
vt 26.045900 -58.924900
vt 26.046801 -58.930000
vt 26.061701 -58.956299
vt 26.062300 -58.988300
vt 26.062201 -59.019901
vt 26.062799 -59.048000
vt 26.067301 -59.048599
vt 26.063700 -59.057301
vt 26.065001 -59.057499
vt 26.041100 -58.925400
vt 26.043699 -58.931702
vt 26.045700 -58.926498
vt 26.040501 -58.931000
vt 26.076500 -58.968498
vt 26.071199 -58.965801
vt 26.071100 -58.968300
vt 26.076599 -58.964901
vt 26.075199 -58.960499
vt 26.070200 -58.962799
vt 26.076799 -59.012699
vt 26.071301 -59.012699
vt 26.070801 -59.015999
vt 26.076200 -59.017502
vt 26.003901 -59.078602
vt 26.007601 -59.073399
vt 26.004299 -59.073502
vt 26.008699 -59.078499
vt 26.049900 -58.924599
vt 26.053101 -58.924801
vt 26.073200 -58.954399
vt 26.078400 -58.958801
vt 26.078800 -58.954102
vt 26.073000 -58.957600
vt 25.932600 -58.968800
vt 25.931499 -58.971901
vt 26.067400 -59.001999
vt 26.066900 -59.005199
vt 26.066999 -59.007500
vt 25.956200 -58.941002
vt 26.000401 -58.941002
vt 26.044600 -58.937901
vt 25.944099 -58.942299
vt 26.062000 -58.945801
vt 26.063000 -58.981998
vt 26.061199 -59.012199
vt 26.059099 -59.042301
vt 26.061899 -59.051201
vt 26.066799 -59.021400
vt 26.073000 -59.018799
vt 26.067499 -59.018200
vt 26.071899 -59.023399
vt 25.936100 -58.969700
vt 25.937000 -58.972801
vt 25.922800 -59.046902
vt 25.916800 -59.043701
vt 25.917500 -59.048401
vt 25.922400 -59.043598
vt 25.920601 -59.008999
vt 25.916201 -59.004299
vt 25.915100 -59.008598
vt 25.921301 -59.006001
vt 25.922199 -59.003601
vt 25.917400 -59.000702
vt 26.018400 -58.924999
vt 26.021601 -58.924801
vt 25.962999 -59.070801
vt 25.962500 -59.076302
vt 25.967300 -59.076000
vt 25.966299 -59.070599
vt 25.940800 -58.925900
vt 25.938900 -58.931400
vt 25.941500 -58.931198
vt 25.937000 -58.926300
vt 25.933001 -58.928501
vt 25.936100 -58.932999
vt 26.065300 -59.065399
vt 26.068501 -59.064602
vt 25.975599 -58.927700
vt 25.980301 -58.932400
vt 25.980301 -58.927101
vt 25.976999 -58.932899
vt 25.999300 -59.071999
vt 25.996000 -59.071999
vt 25.942400 -58.937099
vt 25.945101 -58.935600
vt 25.927999 -59.058399
vt 25.925200 -59.063999
vt 25.929600 -59.061199
vt 25.923700 -59.056198
vt 25.928499 -59.055901
vt 25.923000 -59.059898
s 1
usemtl Light21Mtl.001
f 1/1/1 3/2/2 2/3/3
f 5/4/4 4/5/5 2/3/3
f 3/2/2 5/4/4 2/3/3
f 3/2/2 6/6/6 5/4/4
f 6/6/6 3/2/2 7/7/7
f 8/8/8 3/2/2 1/1/1
f 3/2/2 8/8/8 7/7/7
f 11/9/9 10/10/10 9/11/11
f 11/9/9 9/11/11 12/12/12
f 10/10/10 11/9/9 13/13/13
f 14/14/14 13/13/13 11/9/9
f 11/9/9 15/15/15 14/14/14
f 11/9/9 16/16/16 15/15/15
f 16/16/16 11/9/9 17/17/17
f 17/17/17 11/9/9 12/12/12
f 19/18/18 23/19/19 18/20/20
f 21/21/21 23/19/19 19/18/18
f 23/19/19 20/22/22 18/20/20
f 22/23/23 24/24/24 21/21/21
f 23/19/19 21/21/21 24/24/24
f 24/24/24 22/23/23 25/25/25
f 28/26/26 27/27/27 26/28/28
f 29/29/29 28/26/26 26/28/28
f 28/26/26 29/29/29 30/30/30
f 31/31/31 28/26/26 30/30/30
f 28/26/26 31/31/31 32/32/32
f 33/33/33 28/26/26 32/32/32
f 28/26/26 33/33/33 34/34/34
f 27/27/27 28/26/26 34/34/34
f 38/35/35 36/36/36 35/37/37
f 38/35/35 37/38/38 36/36/36
f 39/39/39 38/35/35 35/37/37
f 40/40/40 38/35/35 39/39/39
f 38/35/35 40/40/40 41/41/41
f 38/35/35 41/41/41 42/42/42
f 37/38/38 38/35/35 43/43/43
f 42/42/42 43/43/43 38/35/35
f 44/44/44 45/45/45 46/46/46
f 45/45/45 47/47/47 46/46/46
f 48/48/48 44/44/44 46/46/46
f 49/49/49 48/48/48 46/46/46
f 47/47/47 50/50/50 46/46/46
f 50/50/50 49/49/49 46/46/46
f 51/51/51 49/49/49 50/50/50
f 52/52/52 51/51/51 50/50/50
f 55/53/6 53/54/5 54/55/53
f 53/54/5 55/53/6 56/56/54
f 57/57/55 56/56/54 55/53/6
f 56/56/54 57/57/55 58/58/56
f 64/59/57 61/60/58 62/61/59
f 63/62/60 64/59/57 62/61/59
f 61/60/58 64/59/57 60/63/61
f 64/59/57 59/64/62 60/63/61
f 64/59/57 63/62/60 65/65/63
f 66/66/64 64/59/57 65/65/63
f 59/64/62 64/59/57 67/67/65
f 66/66/64 67/67/65 64/59/57
f 68/68/66 69/69/67 70/70/68
f 69/69/67 68/68/66 71/71/69
f 69/69/67 72/72/70 70/70/68
f 73/73/71 68/68/66 70/70/68
f 74/74/72 71/71/69 68/68/66
f 75/75/73 73/73/71 70/70/68
f 76/76/74 77/77/75 78/78/76
f 79/79/29 76/76/74 78/78/76
f 77/77/75 80/80/77 78/78/76
f 82/81/78 81/82/79 78/78/76
f 80/80/77 82/81/78 78/78/76
f 80/80/77 84/83/80 83/84/81
f 84/83/80 80/80/77 77/77/75
f 86/85/82 85/86/83 88/87/84
f 87/88/85 86/85/82 88/87/84
f 85/86/83 89/89/86 88/87/84
f 89/89/86 90/90/87 88/87/84
f 90/90/87 91/91/88 88/87/84
f 85/86/83 92/92/89 89/89/86
f 92/92/89 85/86/83 93/93/90
f 95/94/91 96/95/92 94/96/93
f 98/97/94 95/94/91 97/98/95
f 95/94/91 98/97/94 99/99/96
f 96/95/92 95/94/91 99/99/96
f 101/100/97 102/101/98 100/102/99
f 102/101/98 101/100/97 103/103/100
f 104/104/101 103/103/100 101/100/97
f 101/100/97 105/105/102 104/104/101
f 106/106/103 107/107/104 108/108/105
f 106/106/103 108/108/105 109/109/106
f 110/110/107 106/106/103 109/109/106
f 111/111/108 106/106/103 110/110/107
f 114/112/109 113/113/110 112/114/111
f 113/113/110 114/112/109 111/111/108
f 107/107/104 106/106/103 114/112/109
f 106/106/103 111/111/108 114/112/109
f 117/115/112 116/116/113 115/117/10
f 116/116/113 117/115/112 118/118/114
f 119/119/115 118/118/114 117/115/112
f 118/118/114 119/119/115 120/120/116
f 122/121/117 124/122/59 121/123/118
f 121/123/118 124/122/59 123/124/119
f 125/125/120 124/122/59 122/121/117
f 124/122/59 125/125/120 126/126/60
f 128/127/121 129/128/122 127/129/123
f 131/130/124 128/127/121 130/131/125
f 130/131/125 132/132/126 131/130/124
f 131/130/124 133/133/21 128/127/121
f 129/128/122 128/127/121 133/133/21
f 133/133/21 131/130/124 134/134/127
f 137/135/128 136/136/129 135/137/76
f 138/138/130 136/136/129 137/135/128
f 136/136/129 138/138/130 139/139/30
f 140/140/131 139/139/30 138/138/130
f 139/139/30 140/140/131 141/141/132
f 144/142/133 142/143/134 143/144/90
f 143/144/90 145/145/135 144/142/133
f 146/146/136 148/147/91 147/148/137
f 146/146/136 150/149/138 148/147/91
f 149/150/139 150/149/138 146/146/136
f 150/149/138 151/151/140 148/147/91
f 150/149/138 152/152/141 151/151/140
f 150/149/138 153/153/142 152/152/141
f 153/153/142 150/149/138 154/154/143
f 150/149/138 149/150/139 154/154/143
f 155/155/47 158/156/144 156/157/145
f 158/156/144 155/155/47 159/158/100
f 160/159/146 157/160/51 158/156/144
f 159/158/100 160/159/146 158/156/144
f 160/159/146 159/158/100 161/161/101
f 157/160/51 160/159/146 162/162/147
f 163/163/148 165/164/149 164/165/150
f 165/164/149 163/163/148 166/166/151
f 168/167/152 167/168/113 170/169/153
f 170/169/153 169/170/154 168/167/152
f 171/171/114 170/169/153 167/168/113
f 172/172/155 170/169/153 171/171/114
f 170/169/153 172/172/155 173/173/156
f 170/169/153 173/173/156 174/174/157
f 174/174/157 175/175/158 170/169/153
f 169/170/154 170/169/153 175/175/158
f 176/176/159 177/177/118 178/178/160
f 179/179/161 176/176/159 178/178/160
f 180/180/162 179/179/161 178/178/160
f 181/181/163 180/180/162 178/178/160
f 177/177/118 182/182/58 178/178/160
f 182/182/58 181/181/163 178/178/160
f 185/183/164 183/184/165 184/185/71
f 188/186/166 185/183/164 184/185/71
f 188/186/166 187/187/167 186/188/126
f 186/188/126 185/183/164 188/186/166
f 192/189/168 190/190/79 191/191/169
f 189/192/170 192/189/168 191/191/169
f 190/190/79 192/189/168 193/193/171
f 192/189/168 194/194/172 193/193/171
f 194/194/172 192/189/168 195/195/173
f 192/189/168 196/196/174 195/195/173
f 196/196/174 192/189/168 197/197/175
f 192/189/168 189/192/170 197/197/175
f 198/198/176 199/199/177 200/200/178
f 198/198/176 200/200/178 201/201/85
f 199/199/177 198/198/176 202/202/90
f 203/203/179 202/202/90 198/198/176
f 198/198/176 204/204/180 203/203/179
f 198/198/176 205/205/181 204/204/180
f 205/205/181 198/198/176 206/206/182
f 206/206/182 198/198/176 201/201/85
f 207/207/183 208/208/184 209/209/185
f 208/208/184 210/210/92 209/209/185
f 211/211/139 207/207/183 209/209/185
f 212/212/186 211/211/139 209/209/185
f 215/213/187 213/214/188 212/212/186
f 213/214/188 215/213/187 214/215/189
f 215/213/187 212/212/186 209/209/185
f 210/210/92 215/213/187 209/209/185
f 216/216/104 218/217/190 217/218/191
f 217/218/191 218/217/190 219/219/192
f 218/217/190 216/216/104 220/220/193
f 216/216/104 221/221/194 220/220/193
f 221/221/194 216/216/104 222/222/150
f 223/223/195 224/224/10 225/225/196
f 226/226/12 223/223/195 225/225/196
f 224/224/10 227/227/113 225/225/196
f 227/227/113 228/228/197 225/225/196
f 228/228/197 229/229/154 225/225/196
f 229/229/154 226/226/12 225/225/196
f 232/230/198 233/231/199 230/232/200
f 233/231/199 231/233/201 230/232/200
f 231/233/201 233/231/199 234/234/202
f 233/231/199 235/235/203 234/234/202
f 233/231/199 236/236/204 235/235/203
f 233/231/199 237/237/205 236/236/204
f 237/237/205 233/231/199 238/238/206
f 233/231/199 232/230/198 238/238/206
f 242/239/143 243/240/207 241/241/142
f 239/242/139 244/243/208 242/239/143
f 243/240/207 242/239/143 244/243/208
f 244/243/208 239/242/139 240/244/209
f 247/245/51 245/246/48 246/247/210
f 248/248/211 250/249/212 247/245/51
f 250/249/212 248/248/211 249/250/213
f 245/246/48 247/245/51 250/249/212
f 254/251/214 251/252/6 252/253/215
f 253/254/8 254/251/214 252/253/215
f 251/252/6 254/251/214 255/255/55
f 254/251/214 253/254/8 256/256/216
f 262/257/158 260/258/157 259/259/217
f 259/259/217 261/260/218 262/257/158
f 257/261/12 262/257/158 261/260/218
f 262/257/158 257/261/12 258/262/154
f 264/263/219 267/264/220 268/265/206
f 266/266/64 268/265/206 267/264/220
f 268/265/206 266/266/64 265/267/205
f 264/263/219 268/265/206 263/268/221
f 271/269/222 274/270/223 270/271/224
f 274/270/223 271/269/222 272/272/24
f 273/273/225 274/270/223 272/272/24
f 274/270/223 269/274/226 270/271/224
f 274/270/223 273/273/225 275/275/227
f 274/270/223 275/275/227 276/276/228
f 269/274/226 274/270/223 277/277/229
f 274/270/223 276/276/228 277/277/229
f 278/278/174 281/279/230 279/280/231
f 281/279/230 278/278/174 280/281/81
f 284/282/232 282/283/233 283/284/84
f 287/285/43 282/283/233 284/282/232
f 288/286/234 285/287/42 286/288/181
f 285/287/42 288/286/234 287/285/43
f 282/283/233 287/285/43 288/286/234
f 291/289/96 290/290/94 292/291/235
f 294/292/188 292/291/235 293/293/207
f 292/291/235 295/294/236 291/289/96
f 292/291/235 294/292/188 295/294/236
f 291/289/96 295/294/236 289/295/237
f 295/294/236 296/296/238 289/295/237
f 297/297/239 299/298/97 298/299/240
f 299/298/97 297/297/239 301/300/241
f 297/297/239 300/301/242 301/300/241
f 302/302/102 299/298/97 301/300/241
f 301/300/241 303/303/243 302/302/102
f 301/300/241 304/304/213 303/303/243
f 304/304/213 301/300/241 305/305/244
f 305/305/244 301/300/241 300/301/242
usemtl Light31Mtl.001
f 308/306/245 307/307/246 306/308/247
f 308/306/245 306/308/247 309/309/248
f 307/307/246 308/306/245 310/310/249
f 311/311/250 310/310/249 308/306/245
f 310/310/249 311/311/250 312/312/251
f 313/313/252 311/311/250 308/306/245
f 313/313/252 308/306/245 309/309/248
f 313/313/252 314/314/253 311/311/250
f 318/315/254 317/316/255 316/317/256
f 317/316/255 318/315/254 319/318/257
f 319/318/257 320/319/258 317/316/255
f 320/319/258 319/318/257 321/320/259
f 320/319/258 321/320/259 315/321/260
f 322/322/261 323/323/262 324/324/263
f 322/322/261 326/325/264 325/326/265
f 326/325/264 322/322/261 327/327/266
f 327/327/266 322/322/261 324/324/263
f 328/328/267 327/327/266 324/324/263
f 329/329/268 328/328/267 324/324/263
f 330/330/269 329/329/268 324/324/263
f 323/323/262 330/330/269 324/324/263
f 334/331/270 331/332/271 332/333/272
f 331/332/271 334/331/270 333/334/273
f 335/335/274 333/334/273 334/331/270
f 335/335/274 334/331/270 336/336/275
f 337/337/276 334/331/270 338/338/277
f 334/331/270 332/333/272 338/338/277
f 341/339/278 340/340/279 339/341/280
f 342/342/281 341/339/278 339/341/280
f 340/340/279 341/339/278 343/343/282
f 341/339/278 344/344/283 343/343/282
f 344/344/283 341/339/278 345/345/284
f 341/339/278 346/346/285 345/345/284
f 346/346/285 341/339/278 347/347/286
f 341/339/278 342/342/281 347/347/286
f 349/348/287 352/349/288 351/350/289
f 348/351/290 353/352/291 349/348/287
f 353/352/291 348/351/290 350/353/292
f 352/349/288 349/348/287 353/352/291
f 352/349/288 355/354/293 354/355/294
f 355/354/293 352/349/288 353/352/291
f 353/352/291 356/356/295 355/354/293
f 356/356/295 353/352/291 350/353/292
f 359/357/296 358/358/297 357/359/298
f 359/357/296 357/359/298 360/360/299
f 358/358/297 359/357/296 361/361/300
f 362/362/301 359/357/296 360/360/299
f 363/363/302 359/357/296 362/362/301
f 359/357/296 363/363/302 364/364/303
f 359/357/296 364/364/303 365/365/304
f 365/365/304 361/361/300 359/357/296
f 369/366/305 366/367/306 367/368/307
f 370/369/308 369/366/305 367/368/307
f 369/366/305 371/370/309 368/371/310
f 371/370/309 369/366/305 370/369/308
f 372/372/311 370/369/308 367/368/307
f 375/373/312 374/374/313 377/375/314
f 377/375/314 378/376/315 375/373/312
f 377/375/314 373/377/316 378/376/315
f 374/374/313 376/378/317 379/379/318
f 377/375/314 374/374/313 379/379/318
f 373/377/316 377/375/314 380/380/319
f 379/379/318 380/380/319 377/375/314
f 380/380/319 379/379/318 381/381/269
f 382/382/320 383/383/321 384/384/322
f 385/385/323 382/382/320 384/384/322
f 386/386/324 385/385/323 384/384/322
f 383/383/321 387/387/325 384/384/322
f 387/387/325 388/388/277 384/384/322
f 388/388/277 386/386/324 384/384/322
f 391/389/326 389/390/327 390/391/282
f 390/391/282 392/392/328 391/389/326
f 393/393/329 394/394/330 395/395/331
f 396/396/332 393/393/329 395/395/331
f 397/397/333 396/396/332 395/395/331
f 398/398/334 397/397/333 395/395/331
f 394/394/330 399/399/335 395/395/331
f 399/399/335 398/398/334 395/395/331
f 402/400/249 401/401/336 400/402/337
f 404/403/338 402/400/249 403/404/339
f 401/401/336 402/400/249 405/405/340
f 402/400/249 404/403/338 405/405/340
f 406/406/341 407/407/342 408/408/343
f 408/408/343 407/407/342 409/409/344
f 407/407/342 406/406/341 410/410/345
f 411/411/346 410/410/345 406/406/341
f 410/410/345 411/411/346 412/412/347
f 410/410/345 413/413/255 407/407/342
f 413/413/255 414/414/348 407/407/342
f 407/407/342 414/414/348 409/409/344
f 417/415/349 416/416/350 415/417/264
f 418/418/351 417/415/349 415/417/264
f 416/416/350 417/415/349 419/419/352
f 417/415/349 418/418/351 420/420/267
f 422/421/353 421/422/354 424/423/355
f 424/423/355 425/424/356 422/421/353
f 424/423/355 423/425/357 425/424/356
f 423/425/357 424/423/355 426/426/358
f 426/426/358 424/423/355 427/427/359
f 424/423/355 428/428/277 427/427/359
f 429/429/360 430/430/361 431/431/362
f 430/430/361 432/432/363 431/431/362
f 432/432/363 433/433/364 431/431/362
f 430/430/361 434/434/327 432/432/363
f 434/434/327 430/430/361 435/435/282
f 439/436/365 438/437/366 437/438/367
f 439/436/365 440/439/368 438/437/366
f 438/437/366 441/440/295 436/441/330
f 441/440/295 438/437/366 440/439/368
f 444/442/300 443/443/369 442/444/370
f 447/445/371 445/446/304 446/447/372
f 445/446/304 447/445/371 444/442/300
f 443/443/369 444/442/300 447/445/371
f 451/448/340 452/449/373 448/450/374
f 450/451/338 452/449/373 451/448/340
f 449/452/375 448/450/374 452/449/373
f 452/449/373 450/451/338 453/453/376
f 454/454/377 452/449/373 453/453/376
f 454/454/377 455/455/378 452/449/373
f 452/449/373 456/456/379 449/452/375
f 456/456/379 452/449/373 455/455/378
f 458/457/380 459/458/381 457/459/341
f 459/458/381 458/457/380 460/460/382
f 461/461/383 457/459/341 459/458/381
f 457/459/341 461/461/383 462/462/384
f 465/463/385 466/464/386 464/465/387
f 466/464/386 465/463/385 467/466/388
f 466/464/386 467/466/388 468/467/389
f 466/464/386 468/467/389 469/468/390
f 466/464/386 470/469/359 463/470/391
f 470/469/359 466/464/386 469/468/390
f 471/471/392 474/472/393 472/473/394
f 474/472/393 473/474/395 472/473/394
f 474/472/393 471/471/392 475/475/327
f 476/476/396 474/472/393 475/475/327
f 474/472/393 476/476/396 477/477/397
f 478/478/398 474/472/393 477/477/397
f 474/472/393 478/478/398 479/479/399
f 473/474/395 474/472/393 479/479/399
f 482/480/400 481/481/401 480/482/402
f 483/483/403 482/480/400 480/482/402
f 482/480/400 483/483/403 484/484/404
f 485/485/405 482/480/400 484/484/404
f 482/480/400 485/485/405 486/486/406
f 482/480/400 486/486/406 487/487/367
f 482/480/400 487/487/367 488/488/366
f 481/481/401 482/480/400 488/488/366
f 491/489/407 490/490/408 489/491/369
f 491/489/407 492/492/409 490/490/408
f 492/492/409 491/489/407 493/493/410
f 494/494/411 493/493/410 491/489/407
f 491/489/407 495/495/412 494/494/411
f 491/489/407 496/496/372 495/495/412
f 496/496/372 491/489/407 497/497/413
f 497/497/413 491/489/407 489/491/369
f 498/498/414 499/499/246 500/500/415
f 501/501/416 498/498/414 500/500/415
f 499/499/246 502/502/417 500/500/415
f 502/502/417 503/503/418 500/500/415
f 503/503/418 504/504/419 500/500/415
f 504/504/419 501/501/416 500/500/415
f 505/505/420 506/506/421 507/507/422
f 505/505/420 507/507/422 508/508/255
f 511/509/423 510/510/262 509/511/424
f 510/510/262 511/509/423 512/512/425
f 514/513/426 511/509/423 513/514/264
f 514/513/426 512/512/425 511/509/423
f 514/513/426 513/514/264 515/515/427
f 512/512/425 514/513/426 516/516/428
f 519/517/429 517/518/430 518/519/431
f 521/520/432 519/517/429 518/519/431
f 520/521/433 521/520/432 518/519/431
f 519/517/429 523/522/434 522/523/286
f 523/522/434 519/517/429 521/520/432
f 524/524/435 525/525/370 526/526/436
f 527/527/299 524/524/435 526/526/436
f 525/525/370 528/528/369 526/526/436
f 528/528/369 529/529/437 526/526/436
f 529/529/437 530/530/438 526/526/436
f 533/531/439 532/532/440 535/533/378
f 533/531/439 535/533/378 534/534/441
f 531/535/416 535/533/378 532/532/440
f 535/533/378 531/535/416 536/536/442
f 537/537/381 540/538/443 539/539/383
f 540/538/443 537/537/381 541/540/444
f 543/541/257 542/542/254 540/538/443
f 543/541/257 540/538/443 541/540/444
f 544/543/445 543/541/257 541/540/444
f 544/543/445 541/540/444 538/544/446
f 548/545/316 546/546/447 547/547/428
f 548/545/316 549/548/319 546/546/447
f 550/549/269 546/546/447 549/548/319
f 546/546/447 550/549/269 545/550/262
f 553/551/448 552/552/321 551/553/449
f 554/554/450 553/551/448 551/553/449
f 553/551/448 554/554/450 555/555/451
f 556/556/274 553/551/448 555/555/451
f 553/551/448 556/556/274 557/557/452
f 552/552/321 553/551/448 558/558/453
f 561/559/454 559/560/398 560/561/285
f 559/560/398 561/559/454 562/562/434
f 563/563/403 566/564/455 564/565/456
f 566/564/455 563/563/403 565/566/333
f 566/564/455 567/567/405 564/565/456
f 567/567/405 566/564/455 568/568/289
f 571/569/457 570/570/458 569/571/436
f 570/570/458 571/569/457 572/572/459
f 573/573/410 572/572/459 571/569/457
f 574/574/460 572/572/459 573/573/410
f 574/574/460 573/573/410 575/575/411
usemtl Light11Mtl.001
f 577/576/461 576/577/462 578/578/463
f 579/579/464 577/576/461 578/578/463
f 576/577/462 580/580/465 578/578/463
f 580/580/465 581/581/466 578/578/463
f 581/581/466 582/582/467 578/578/463
f 582/582/467 579/579/464 578/578/463
f 583/583/468 584/584/469 585/585/470
f 586/586/471 583/583/468 585/585/470
f 587/587/472 586/586/471 585/585/470
f 588/588/473 587/587/472 585/585/470
f 584/584/469 589/589/474 585/585/470
f 589/589/474 588/588/473 585/585/470
f 590/590/475 591/591/476 592/592/477
f 591/591/476 594/593/478 592/592/477
f 593/594/479 594/593/478 591/591/476
f 596/595/480 595/596/481 592/592/477
f 594/593/478 593/594/479 597/597/482
f 594/593/478 598/598/483 592/592/477
f 598/598/483 596/595/480 592/592/477
f 601/599/484 600/600/485 599/601/486
f 602/602/487 601/599/484 599/601/486
f 602/602/487 603/603/488 601/599/484
f 604/604/489 601/599/484 603/603/488
f 601/599/484 604/604/489 605/605/490
f 601/599/484 605/605/490 606/606/491
f 600/600/485 601/599/484 607/607/492
f 601/599/484 606/606/491 607/607/492
f 611/608/493 610/609/494 609/610/495
f 608/611/496 611/608/493 609/610/495
f 611/608/493 612/612/497 610/609/494
f 611/608/493 608/611/496 613/613/467
f 615/614/498 618/615/499 617/616/500
f 614/617/501 619/618/502 615/614/498
f 619/618/502 614/617/501 616/619/503
f 618/615/499 615/614/498 619/618/502
f 618/615/499 621/620/504 620/621/505
f 621/620/504 618/615/499 619/618/502
f 619/618/502 622/622/506 621/620/504
f 622/622/506 619/618/502 616/619/503
f 623/623/507 626/624/508 624/625/509
f 626/624/508 623/623/507 625/626/510
f 627/627/511 624/625/509 626/624/508
f 627/627/511 626/624/508 628/628/512
f 629/629/472 633/630/513 631/631/514
f 633/630/513 632/632/515 631/631/514
f 633/630/513 629/629/472 630/633/516
f 632/632/515 633/630/513 634/634/517
f 633/630/513 635/635/518 634/634/517
f 635/635/518 633/630/513 636/636/519
f 633/630/513 637/637/520 636/636/519
f 637/637/520 633/630/513 630/633/516
f 640/638/521 639/639/522 638/640/523
f 641/641/524 640/638/521 638/640/523
f 642/642/525 640/638/521 641/641/524
f 640/638/521 642/642/525 643/643/526
f 643/643/526 644/644/527 640/638/521
f 644/644/527 643/643/526 645/645/528
f 646/646/529 650/647/530 648/648/531
f 649/649/532 648/648/531 650/647/530
f 650/647/530 646/646/529 647/650/533
f 649/649/532 650/647/530 651/651/534
f 650/647/530 652/652/535 651/651/534
f 652/652/535 650/647/530 653/653/536
f 650/647/530 654/654/537 653/653/536
f 654/654/537 650/647/530 647/650/533
f 655/655/538 656/656/539 657/657/540
f 658/658/464 655/655/538 657/657/540
f 655/655/538 658/658/464 659/659/495
f 656/656/539 655/655/538 660/660/541
f 661/661/542 655/655/538 659/659/495
f 655/655/538 661/661/542 662/662/543
f 663/663/544 655/655/538 662/662/543
f 655/655/538 663/663/544 660/660/541
f 666/664/545 665/665/546 667/666/505
f 667/666/505 668/667/547 666/664/545
f 666/664/545 669/668/506 664/669/548
f 669/668/506 666/664/545 668/667/547
f 670/670/549 674/671/550 672/672/508
f 674/671/550 673/673/512 672/672/508
f 674/671/550 670/670/549 671/674/551
f 674/671/550 675/675/552 673/673/512
f 674/671/550 676/676/553 675/675/552
f 676/676/553 674/671/550 677/677/554
f 677/677/554 674/671/550 678/678/555
f 674/671/550 671/674/551 678/678/555
f 679/679/471 682/680/514 680/681/556
f 682/680/514 679/679/471 681/682/557
f 683/683/558 680/681/556 682/680/514
f 683/683/558 682/680/514 684/684/515
f 689/685/559 688/686/560 686/687/561
f 688/686/560 689/685/559 687/688/482
f 687/688/482 690/689/562 685/690/563
f 690/689/562 687/688/482 689/685/559
f 694/691/564 692/692/565 693/693/535
f 694/691/564 693/693/535 695/694/566
f 696/695/537 694/691/564 695/694/566
f 694/691/564 696/695/537 691/696/567
f 702/697/492 700/698/568 697/699/485
f 700/698/568 702/697/492 701/700/569
f 702/697/492 699/701/570 701/700/569
f 699/701/570 702/697/492 698/702/491
f 703/703/571 704/704/548 705/705/572
f 706/706/573 703/703/571 705/705/572
f 707/707/501 706/706/573 705/705/572
f 708/708/574 707/707/501 705/705/572
f 704/704/548 709/709/506 705/705/572
f 709/709/506 708/708/574 705/705/572
f 710/710/575 711/711/576 712/712/577
f 713/713/507 710/710/575 712/712/577
f 714/714/510 713/713/507 712/712/577
f 715/715/578 714/714/510 712/712/577
f 716/716/555 715/715/578 712/712/577
f 711/711/576 716/716/555 712/712/577
f 717/717/579 718/718/567 719/719/580
f 720/720/581 717/717/579 719/719/580
f 721/721/529 720/720/581 719/719/580
f 722/722/582 721/721/529 719/719/580
f 723/723/537 722/722/582 719/719/580
f 718/718/567 723/723/537 719/719/580
f 726/724/583 725/725/584 727/726/585
f 724/727/586 727/726/585 725/725/584
f 726/724/583 727/726/585 728/728/587
f 727/726/585 724/727/586 729/729/588
f 727/726/585 730/730/589 728/728/587
f 731/731/590 727/726/585 729/729/588
f 730/730/589 727/726/585 732/732/591
f 727/726/585 731/731/590 732/732/591
f 735/733/541 734/734/465 733/735/462
f 736/736/592 737/737/593 735/733/541
f 734/734/465 735/733/541 737/737/593
f 737/737/593 736/736/592 738/738/594
f 741/739/595 740/740/548 739/741/596
f 742/742/573 741/739/595 739/741/596
f 741/739/595 742/742/573 743/743/597
f 744/744/598 741/739/595 743/743/597
f 741/739/595 744/744/598 745/745/599
f 741/739/595 745/745/599 746/746/546
f 741/739/595 746/746/546 747/747/600
f 740/740/548 741/739/595 747/747/600
f 751/748/601 749/749/602 750/750/553
f 751/748/601 750/750/553 752/751/554
f 753/752/555 751/748/601 752/751/554
f 751/748/601 753/752/555 748/753/576
f 756/754/603 755/755/469 754/756/604
f 757/757/471 756/754/603 754/756/604
f 756/754/603 757/757/471 758/758/605
f 759/759/606 756/754/603 758/758/605
f 756/754/603 759/759/606 760/760/607
f 761/761/608 756/754/603 760/760/607
f 756/754/603 761/761/608 762/762/609
f 755/755/469 756/754/603 762/762/609
f 765/763/610 763/764/611 764/765/612
f 763/764/611 765/763/610 766/766/613
f 767/767/614 766/766/613 765/763/610
f 765/763/610 768/768/615 767/767/614
f 765/763/610 769/769/561 768/768/615
f 769/769/561 765/763/610 770/770/559
f 770/770/559 765/763/610 771/771/483
f 765/763/610 764/765/612 771/771/483
f 774/772/616 773/773/567 772/774/617
f 775/775/618 774/772/616 772/774/617
f 774/772/616 775/775/618 776/776/619
f 777/777/620 774/772/616 776/776/619
f 774/772/616 777/777/620 778/778/621
f 774/772/616 778/778/621 779/779/565
f 774/772/616 779/779/565 780/780/564
f 773/773/567 774/772/616 780/780/564
f 781/781/622 782/782/485 783/783/623
f 784/784/624 781/781/622 783/783/623
f 785/785/586 784/784/624 783/783/623
f 786/786/625 785/785/586 783/783/623
f 787/787/590 786/786/625 783/783/623
f 782/782/485 787/787/590 783/783/623
f 792/788/593 794/789/626 788/790/465
f 793/791/627 794/789/626 792/788/593
f 789/792/628 788/790/465 794/789/626
f 791/793/629 790/794/630 794/789/626
f 794/789/626 793/791/627 795/795/631
f 794/789/626 795/795/631 791/793/629
f 796/796/467 794/789/626 790/794/630
f 794/789/626 796/796/467 789/792/628
f 797/797/632 800/798/633 798/799/634
f 800/798/633 797/797/632 799/800/635
f 800/798/633 801/801/636 798/799/634
f 801/801/636 800/798/633 802/802/637
f 805/803/638 804/804/639 803/805/640
f 806/806/507 805/803/638 803/805/640
f 805/803/638 806/806/507 807/807/641
f 808/808/511 805/803/638 807/807/641
f 805/803/638 808/808/511 809/809/642
f 805/803/638 809/809/642 810/810/602
f 805/803/638 810/810/602 811/811/601
f 804/804/639 805/803/638 811/811/601
f 816/812/643 813/813/608 814/814/518
f 813/813/608 816/812/643 815/815/609
f 817/816/644 815/815/609 816/812/643
f 815/815/609 817/816/644 812/817/469
f 820/818/481 818/819/645 819/820/646
f 820/818/481 821/821/524 818/819/645
f 821/821/524 820/818/481 823/822/613
f 823/822/613 822/823/647 821/821/524
f 822/823/647 823/822/613 824/824/614
f 825/825/648 828/826/649 826/827/650
f 828/826/649 825/825/648 827/828/529
f 828/826/649 829/829/651 826/827/650
f 828/826/649 830/830/652 829/829/651
f 831/831/624 834/832/653 832/833/654
f 834/832/653 831/831/624 833/834/586
f 835/835/489 832/833/654 834/832/653
f 834/832/653 836/836/655 835/835/489
usemtl Meshpart1Mtl.001
f 837/837/656 838/838/656 839/839/656
f 838/838/656 837/837/656 840/840/657
f 841/841/192 840/840/657 837/837/656
f 840/840/657 841/841/192 842/842/658
f 845/841/659 844/843/660 843/842/660
f 844/843/660 845/841/659 846/844/659
f 847/837/661 846/844/659 845/841/659
f 846/844/659 847/837/661 848/845/661
f 850/846/662 848/845/661 847/837/661
f 850/846/662 847/837/661 849/839/663
f 852/847/664 853/848/665 851/849/666
f 853/848/665 852/847/664 854/850/667
f 855/851/668 857/852/669 856/853/670
f 857/852/669 855/851/668 858/854/671
f 858/854/671 859/855/672 857/852/669
f 859/855/672 858/854/671 860/856/673
f 860/856/673 861/857/674 859/855/672
f 861/857/674 860/856/673 862/858/675
f 867/859/676 865/860/677 863/861/678
f 866/862/679 867/859/676 864/863/680
f 865/860/677 867/859/676 868/864/676
f 867/859/676 866/862/679 868/864/676
f 871/865/681 869/866/682 870/867/683
f 869/866/682 871/865/681 872/868/681
f 873/869/684 874/870/685 875/871/685
f 876/872/686 875/871/685 874/870/685
f 875/871/685 877/873/687 873/869/684
f 875/871/685 876/872/686 878/874/688
f 881/875/689 880/876/690 882/877/691
f 881/875/689 882/877/691 879/878/692
f 883/879/693 885/880/694 884/881/695
f 885/880/694 883/879/693 886/882/694
f 887/883/463 888/884/696 889/885/697
f 888/884/696 887/883/463 890/886/463
f 888/884/696 890/886/463 891/887/463
f 891/887/463 890/886/463 892/888/463
f 895/887/698 894/888/699 893/889/699
f 893/889/699 896/890/700 895/887/698
f 896/890/700 897/884/701 895/887/698
f 897/884/701 896/890/700 898/891/701
f 900/892/702 897/884/701 898/891/701
f 897/884/701 900/892/702 899/885/702
f 901/893/470 902/894/470 903/895/470
f 902/894/470 901/893/470 904/896/470
f 903/895/470 905/897/470 901/893/470
f 905/897/470 903/895/470 906/898/470
f 908/899/703 909/895/704 907/894/703
f 909/895/704 908/899/703 911/900/704
f 913/901/705 909/895/704 911/900/704
f 914/898/705 910/902/706 912/897/706
f 909/895/704 913/901/705 914/898/705
f 910/902/706 914/898/705 913/901/705
f 915/903/707 916/904/708 917/905/646
f 916/904/708 915/903/707 918/906/709
f 917/905/646 919/907/709 915/903/707
f 919/907/709 917/905/646 920/908/710
f 921/904/711 922/906/712 923/909/712
f 923/909/712 924/910/713 921/904/711
f 924/910/713 925/905/714 921/904/711
f 925/905/714 924/910/713 926/911/715
f 927/912/716 925/905/714 926/911/715
f 925/905/714 927/912/716 928/908/717
f 929/913/263 930/914/263 931/915/263
f 932/916/263 930/914/263 929/913/263
f 930/914/263 932/916/263 933/917/263
f 933/917/263 932/916/263 934/918/263
f 935/916/718 936/919/719 937/918/720
f 936/919/719 935/916/718 938/920/721
f 939/921/722 938/920/721 935/916/718
f 939/921/722 935/916/718 940/913/723
f 941/922/724 939/921/722 940/913/723
f 940/913/723 942/915/725 941/922/724
f 943/923/726 945/924/727 944/925/728
f 945/924/727 943/923/726 946/926/727
f 948/927/729 949/928/730 947/929/546
f 947/929/546 949/928/730 950/930/731
f 951/931/732 950/930/731 949/928/730
f 950/930/731 951/931/732 952/932/733
f 951/931/732 953/933/734 952/932/733
f 953/933/734 951/931/732 954/934/735
f 954/934/735 955/935/736 953/933/734
f 955/935/736 954/934/735 956/936/737
f 958/937/738 959/938/739 957/939/740
f 959/938/739 958/937/738 960/940/741
f 960/940/741 961/941/742 959/938/739
f 961/941/742 960/940/741 962/942/743
f 962/942/743 963/943/744 961/941/742
f 963/943/744 962/942/743 964/944/745
f 964/944/745 966/945/746 963/943/744
f 967/946/747 963/943/744 966/945/746
f 966/945/748 965/947/749 968/948/750
f 966/945/746 969/949/751 967/946/747
f 969/949/751 966/945/746 970/950/752
f 973/951/753 971/952/754 972/953/755
f 972/953/755 974/954/756 973/951/753
f 974/954/756 972/953/755 975/955/757
f 975/955/757 976/956/758 974/954/756
f 976/956/758 975/955/757 977/957/759
f 977/957/759 978/958/760 976/956/758
f 978/958/760 977/957/759 979/959/761
f 980/960/762 981/961/763 982/962/764
f 981/961/763 980/960/762 983/963/46
f 984/964/46 983/963/46 980/960/762
f 983/963/46 984/964/46 985/965/763
f 988/966/765 990/963/766 986/965/767
f 991/961/768 989/967/769 987/962/770
f 988/966/765 992/968/766 990/963/766
f 989/967/769 991/961/768 993/969/768
f 993/969/768 990/963/766 992/968/766
f 990/963/766 993/969/768 991/961/768
f 994/970/771 996/971/772 995/972/773
f 998/973/774 999/974/775 997/975/776
f 999/974/775 998/973/774 1000/976/777
f 1000/976/777 1001/977/778 999/974/775
f 1001/977/778 1000/976/777 1002/978/779
f 1003/979/780 1001/977/778 1002/978/779
f 1004/980/781 1001/977/778 1003/979/780
f 1003/979/780 1005/981/782 1004/980/781
f 1006/982/783 1004/980/781 1005/981/782
f 1009/983/784 1007/984/785 1008/985/786
f 1010/986/787 1008/985/788 1011/987/789
f 1012/988/790 1011/987/791 1013/989/792
f 1013/989/792 1014/990/793 1012/988/790
f 1014/990/793 1013/989/792 1015/991/794
f 1015/991/794 1016/992/795 1014/990/793
f 1014/990/793 1016/992/795 1017/993/796
f 1021/994/797 1018/995/798 1019/996/799
f 1018/995/798 1022/997/800 1020/998/801
f 1018/995/798 1021/994/797 1023/999/802
f 1022/997/800 1018/995/798 1023/999/802
f 1024/1000/803 1023/999/802 1021/994/797
f 1023/999/802 1025/1001/804 1022/997/800
f 1023/999/802 1024/1000/803 1026/1002/805
f 1025/1001/804 1023/999/802 1026/1002/805
f 1024/1000/803 1027/1003/806 1026/1002/805
f 1026/1002/805 1027/1003/806 1025/1001/804
f 1027/1003/806 1024/1000/803 1028/1004/807
f 1025/1001/804 1027/1003/806 1029/1005/808
f 1028/1004/807 1030/1006/809 1027/1003/806
f 1027/1003/806 1030/1006/809 1029/1005/808
f 1029/1005/808 1030/1006/809 1031/1007/810
f 1034/1008/811 1035/980/812 1032/982/813
f 1035/980/812 1034/1008/811 1037/1009/814
f 1037/1009/814 1038/977/815 1035/980/812
f 1033/1010/816 1039/1011/817 1036/1012/818
f 1039/1011/819 1041/1013/820 1040/1014/821
f 1038/977/815 1037/1009/814 1042/1015/822
f 1043/1016/823 1038/977/815 1042/1015/822
f 1044/974/824 1038/977/815 1043/1016/823
f 1043/1016/823 1045/1017/825 1044/974/824
f 1044/974/824 1045/1017/825 1046/975/826
f 1050/1018/827 1049/1019/828 1048/1020/829
f 1051/1021/830 1049/1019/828 1050/1018/827
f 1052/1022/831 1051/1021/830 1050/1018/827
f 1053/1023/832 1051/1021/830 1052/1022/831
f 1054/1024/833 1053/1023/832 1052/1022/831
f 1055/1025/834 1053/1023/832 1054/1024/833
f 1056/1026/835 1055/1025/834 1054/1024/833
f 1057/1027/836 1055/1025/834 1056/1026/835
f 1056/1026/835 1058/1028/837 1057/1027/836
f 1059/1029/838 1057/1027/836 1058/1028/837
f 1060/1030/839 1061/1031/839 1062/1032/840
f 1061/1031/839 1060/1030/839 1063/1033/841
f 1060/1030/839 1062/1032/840 1064/1034/839
f 1062/1032/840 1065/1035/839 1064/1034/839
f 1066/1036/842 1068/1037/843 1067/1038/844
f 1068/1037/843 1066/1036/842 1069/1039/843
f 1068/1037/843 1069/1039/843 1070/1040/845
f 1070/1040/845 1071/1041/846 1068/1037/843
f 1073/1012/847 1074/1042/848 1072/1043/849
f 1074/1042/848 1073/1012/847 1075/1014/850
f 1075/1014/850 1076/1044/851 1074/1042/848
f 1076/1044/851 1075/1014/850 1077/1045/852
f 1078/1046/853 1076/1044/851 1077/1045/852
f 1079/1047/854 1076/1044/851 1078/1046/853
f 1079/1047/854 1078/1046/853 1080/1048/855
f 1081/1049/856 1079/1047/854 1080/1048/855
f 1082/1050/857 1083/1051/858 1047/970/859
f 1084/971/860 1047/970/859 1083/1051/858
f 1083/1051/858 1085/1052/861 1084/971/860
f 1086/1053/862 1084/971/860 1085/1052/861
f 1087/1054/863 1086/1053/862 1085/1052/861
f 1086/1053/862 1087/1054/863 1088/1055/864
f 1091/951/865 1089/1056/866 1090/952/867
f 1089/1056/866 1091/951/865 1092/1057/868
f 1093/954/869 1092/1057/868 1091/951/865
f 1092/1057/868 1093/954/869 1094/1058/870
f 1093/954/869 1095/1059/871 1094/1058/870
f 1095/1059/871 1093/954/869 1096/956/872
f 1096/956/872 1097/1060/873 1095/1059/871
f 1097/1060/873 1096/956/872 1098/958/874
f 1099/1061/875 1101/928/876 1100/927/877
f 1101/928/876 1099/1061/875 1102/1062/878
f 1102/1062/878 1103/931/879 1101/928/876
f 1103/931/879 1102/1062/878 1104/1063/880
f 1105/1064/881 1103/931/879 1104/1063/880
f 1103/931/879 1105/1064/881 1106/934/882
f 1107/1065/883 1106/934/882 1105/1064/881
f 1109/1066/884 1110/984/885 1108/1067/886
f 1111/1068/887 1108/1067/886 1110/984/885
f 1110/984/885 1112/1069/888 1111/1068/887
f 1112/1069/888 1110/984/885 1113/983/889
f 1113/983/889 1114/1070/890 1112/1069/888
f 1114/1070/890 1113/983/889 1115/986/891
f 1115/986/891 1116/1071/892 1114/1070/890
f 1116/1071/892 1115/986/891 1117/988/893
f 1117/988/893 1118/1072/894 1116/1071/892
f 1118/1072/894 1117/988/893 1119/990/895
f 1119/990/895 1120/1073/896 1118/1072/894
f 1120/1073/896 1119/990/895 1121/993/897
f 1122/1074/898 1124/1075/899 1123/1076/898
f 1124/1075/899 1122/1074/898 1125/1077/899
f 1126/1078/900 1124/1075/899 1125/1077/899
f 1124/1075/899 1126/1078/900 1127/1079/900
f 1129/1080/901 1130/1081/902 1128/1082/903
f 1130/1081/902 1129/1080/901 1131/1083/904
f 1132/1084/905 1130/1081/902 1131/1083/904
f 1130/1081/902 1132/1084/905 1133/1085/906
f 1134/1086/907 1135/925/908 1136/924/909
f 1134/1086/907 1136/924/909 1137/1087/909
f 1138/1088/910 1140/1089/911 1139/1090/912
f 1139/1090/912 1140/1089/911 1141/1091/913
f 1140/1089/911 1142/1092/914 1141/1091/913
f 1141/1091/913 1142/1092/914 1143/1093/915
f 1142/1092/914 1144/1094/916 1143/1093/915
f 1144/1094/916 1142/1092/914 1145/1095/917
f 1145/1095/917 1146/1096/918 1144/1094/916
f 1146/1096/918 1145/1095/917 1147/1097/919
f 1148/1098/920 1152/880/921 1150/1099/922
f 1149/1100/923 1151/881/924 1152/880/921
f 1152/880/921 1148/1098/920 1153/1101/921
f 1153/1101/921 1149/1100/923 1152/880/921
f 1154/1102/925 1156/1103/926 1155/1104/925
f 1156/1103/926 1154/1102/925 1157/1105/927
f 1156/1103/926 1157/1105/927 1158/1106/928
f 1156/1103/926 1158/1106/928 1159/1107/929
f 1162/1108/930 1161/875/931 1160/1109/932
f 1161/875/931 1162/1108/930 1163/876/933
f 1165/1110/934 1164/1111/935 1166/1112/936
f 1165/1110/934 1166/1112/936 1167/1113/937
f 1166/1112/936 1168/1114/938 1167/1113/937
f 1168/1114/938 1166/1112/936 1169/1115/938
f 1171/1116/939 1172/871/940 1170/874/939
f 1172/871/940 1171/1116/939 1173/1117/941
f 1174/1118/942 1172/871/940 1173/1117/941
f 1172/871/940 1174/1118/942 1175/873/942
f 1176/1119/943 1178/866/944 1177/868/943
f 1178/866/944 1176/1119/943 1179/1120/945
f 1178/866/944 1179/1120/945 1180/1121/946
f 1180/1121/946 1181/1122/947 1178/866/944
f 1183/859/948 1184/1123/949 1182/1124/950
f 1184/1123/949 1183/859/948 1185/861/951
f 1188/1125/952 1186/1126/953 1187/1127/954
f 1189/1128/955 1186/1126/953 1188/1125/952
f 1188/1125/952 1190/1129/664 1189/1128/955
f 1190/1129/664 1188/1125/952 1191/1130/956
f 1191/1130/956 1192/1131/957 1190/1129/664
f 1192/1131/957 1191/1130/956 1193/1132/958
f 1194/1133/959 1192/1131/957 1193/1132/958
f 1192/1131/957 1194/1133/959 1195/1134/960
f 1196/1135/961 1197/1136/962 1198/1137/963
f 1197/1136/962 1196/1135/961 1199/1138/963
f 1200/1139/964 1199/1138/963 1196/1135/961
f 1199/1138/963 1200/1139/964 1201/1140/963
f 1202/1141/965 1203/1135/966 1204/1142/966
f 1205/1143/967 1204/1142/966 1203/1135/966
f 1203/1135/966 1202/1141/965 1206/1139/965
f 1203/1135/966 1207/1137/968 1205/1143/967
f 1208/1144/969 1206/1139/965 1202/1141/965
f 1206/1139/965 1208/1144/969 1209/1140/970
f 1210/1145/971 1211/1146/972 1212/1147/971
f 1211/1146/972 1210/1145/971 1213/1148/972
f 1212/1147/971 1214/1149/972 1210/1145/971
f 1214/1149/972 1212/1147/971 1215/1150/972
f 1217/1151/973 1218/1145/974 1216/1149/975
f 1217/1151/973 1219/1152/974 1218/1145/974
f 1220/1153/976 1218/1145/974 1219/1152/974
f 1218/1145/974 1220/1153/976 1221/1148/977
f 1222/1154/260 1223/1155/260 1224/1156/260
f 1223/1155/260 1222/1154/260 1225/1157/260
f 1223/1155/260 1225/1157/260 1226/1158/260
f 1226/1158/260 1225/1157/260 1227/1159/260
f 1228/1157/978 1229/1160/979 1230/1159/980
f 1229/1160/979 1228/1157/978 1231/1161/981
f 1228/1157/978 1232/1162/982 1231/1161/981
f 1232/1162/982 1228/1157/978 1233/1154/983
f 1234/1163/984 1232/1162/982 1233/1154/983
f 1233/1154/983 1235/1156/984 1234/1163/984
f 1236/1164/985 1237/1165/985 1238/1166/985
f 1236/1164/985 1238/1166/985 1239/1167/985
f 1237/1165/985 1236/1164/985 1240/1168/985
f 1237/1165/985 1240/1168/985 1241/1169/985
f 1242/1170/986 1244/1164/987 1243/1167/988
f 1242/1170/986 1245/1171/989 1244/1164/987
f 1246/1172/990 1244/1164/987 1245/1171/989
f 1244/1164/987 1246/1172/990 1248/1168/990
f 1247/1173/991 1248/1168/990 1246/1172/990
f 1248/1168/990 1247/1173/991 1249/1169/992
f 1252/1174/993 1251/1175/994 1250/1176/995
f 1250/1176/995 1253/1177/993 1252/1174/993
f 1254/1178/996 1252/1174/993 1253/1177/993
f 1252/1174/993 1254/1178/996 1255/1179/996
f 1258/1180/997 1256/1181/998 1257/1182/998
f 1256/1181/998 1258/1180/997 1259/1183/997
f 1258/1180/997 1261/1184/999 1259/1183/997
f 1258/1180/997 1260/1185/1000 1261/1184/999
f 1262/1186/1001 1263/1187/1001 1264/1188/1001
f 1265/1189/1001 1263/1187/1001 1262/1186/1001
f 1263/1187/1001 1265/1189/1001 1266/1190/1001
f 1266/1190/1001 1265/1189/1001 1267/1191/322
f 1270/1192/1002 1272/1187/1003 1268/1190/1004
f 1272/1187/1003 1269/1193/1005 1271/1188/1006
f 1270/1192/1002 1273/1194/1003 1272/1187/1003
f 1269/1193/1005 1272/1187/1003 1273/1194/1003
f 1276/1195/1007 1274/1196/1008 1275/1197/1009
f 1275/1197/1009 1277/1198/1010 1276/1195/1007
f 1278/1199/1011 1276/1195/1007 1277/1198/1010
f 1277/1198/1010 1279/1200/1012 1278/1199/1011
f 1278/1199/1011 1279/1200/1012 1280/1201/1013
f 1279/1200/1012 1281/1202/1014 1280/1201/1013
f 1281/1202/1014 1279/1200/1012 1282/1203/1015
f 1282/1203/1015 1283/1204/1016 1281/1202/1014
f 1285/1205/1017 1286/1206/1018 1284/1207/1017
f 1285/1205/1017 1287/1208/1019 1286/1206/1018
f 1288/1209/1020 1289/1210/1020 1290/1211/1021
f 1291/1212/1022 1289/1210/1020 1288/1209/1020
f 1289/1210/1020 1291/1212/1022 1292/1213/1023
f 1292/1213/1023 1291/1212/1022 1293/1214/1020
f 1297/1210/1024 1295/1215/1025 1294/1211/1026
f 1295/1215/1025 1297/1210/1024 1299/1216/1024
f 1298/1217/1027 1300/1213/1028 1296/1214/1029
f 1301/1218/1028 1299/1216/1024 1297/1210/1024
f 1300/1213/1028 1298/1217/1027 1301/1218/1028
f 1301/1218/1028 1297/1210/1024 1300/1213/1028
f 1303/1219/1030 1304/1220/1031 1302/1221/1030
f 1303/1219/1030 1305/1222/1032 1304/1220/1031
f 1306/1223/1033 1307/1224/1034 1308/1225/1035
f 1307/1224/1034 1310/1226/1036 1309/1227/1037
f 1311/1228/1038 1310/1226/1036 1307/1224/1034
f 1307/1224/1034 1306/1223/1033 1311/1228/1038
f 1313/1229/1039 1311/1228/1038 1306/1223/1033
f 1314/1230/1040 1306/1223/1033 1312/1231/1041
f 1306/1223/1033 1314/1230/1040 1313/1229/1039
f 1313/1229/1039 1314/1230/1040 1315/1232/1042
f 1314/1230/1040 1316/1233/1043 1315/1232/1042
f 1316/1233/1043 1314/1230/1040 1317/1234/1044
f 1319/1235/1045 1320/1236/1046 1318/1237/1047
f 1322/1238/1048 1321/1239/1049 1323/1240/1050
f 1323/1240/1050 1324/1241/1051 1322/1238/1048
f 1325/1242/1052 1324/1241/1053 1326/1243/1054
f 1326/1243/1054 1327/1244/1055 1325/1242/1052
f 1327/1244/1055 1326/1243/1054 1328/1245/1056
f 1328/1245/1056 1329/1246/1057 1327/1244/1055
f 1330/1247/1058 1327/1244/1055 1329/1246/1057
f 1329/1246/1057 1331/1248/1059 1330/1247/1058
f 1331/1248/1059 1329/1246/1057 1332/1249/1060
f 1333/1250/1061 1334/1251/1062 1335/1252/1063
f 1337/1253/1064 1338/1254/1065 1339/1255/1066
f 1340/1256/1067 1337/1253/1064 1341/1257/1068
f 1342/1258/1069 1345/1259/1070 1344/1260/1071
f 1345/1259/1070 1342/1258/1069 1346/1261/1072
f 1343/1262/1073 1346/1261/1072 1342/1258/1069
f 1346/1261/1072 1343/1262/1073 1347/1263/1074
f 1343/1262/1073 1348/1264/1075 1347/1263/1074
f 1348/1264/1075 1343/1262/1073 1349/1265/1076
f 1352/1228/1077 1350/1229/1078 1351/1266/1079
f 1353/1267/1080 1355/1268/1081 1354/1269/1082
f 1355/1268/1081 1356/1270/1083 1354/1269/1082
f 1356/1270/1083 1355/1268/1081 1357/1271/1084
f 1355/1268/1081 1353/1267/1080 1358/1272/1085
f 1359/1273/1086 1356/1270/1083 1357/1271/1084
f 1356/1270/1083 1359/1273/1086 1360/1274/1087
f 1361/1275/1088 1358/1272/1085 1353/1267/1080
f 1358/1272/1085 1361/1275/1088 1362/1276/1089
f 1361/1275/1088 1363/1277/1090 1362/1276/1089
f 1364/1278/1091 1366/1279/1092 1365/1280/1093
f 1367/1281/1094 1365/1280/1093 1366/1279/1092
f 1369/1282/1095 1367/1281/1094 1366/1279/1092
f 1367/1281/1094 1369/1282/1095 1370/1283/1096
f 1368/1284/1097 1371/1285/1098 1369/1282/1095
f 1369/1282/1095 1372/1286/1099 1370/1283/1096
f 1373/1287/1100 1369/1282/1095 1371/1285/1098
f 1372/1286/1099 1369/1282/1095 1373/1287/1100
f 1374/1288/1101 1373/1287/1100 1371/1285/1098
f 1373/1287/1100 1334/1251/1062 1372/1286/1099
f 1373/1287/1100 1374/1288/1101 1375/1289/1102
f 1334/1251/1062 1373/1287/1100 1375/1289/1102
f 1374/1288/1101 1336/1290/1103 1375/1289/1102
f 1375/1289/1102 1335/1252/1063 1334/1251/1062
f 1375/1289/1102 1336/1290/1103 1335/1252/1063
f 1376/1291/1104 1377/1292/1105 1378/1293/1106
f 1379/1294/1107 1378/1293/1106 1377/1292/1105
f 1377/1292/1105 1345/1259/1070 1379/1294/1107
f 1345/1259/1070 1377/1292/1105 1344/1260/1071
f 1381/1295/1108 1382/1296/1109 1380/1297/1110
f 1380/1297/1110 1382/1296/1109 1383/1298/1111
f 1383/1298/1111 1385/1299/1112 1384/1300/1113
f 1384/1300/1113 1385/1299/1112 1386/1301/1114
f 1385/1299/1112 1388/1302/1115 1386/1301/1114
f 1388/1302/1115 1389/1303/1116 1386/1301/1114
f 1387/1304/1117 1338/1254/1065 1388/1302/1115
f 1388/1302/1115 1340/1256/1067 1389/1303/1116
f 1338/1254/1065 1390/1305/1118 1388/1302/1115
f 1340/1256/1067 1388/1302/1115 1390/1305/1118
f 1338/1254/1065 1337/1253/1064 1390/1305/1118
f 1390/1305/1118 1337/1253/1064 1340/1256/1067
f 1392/1219/1119 1391/1306/1119 1394/1307/1120
f 1394/1307/1120 1393/1222/1120 1392/1219/1119
f 1397/1308/1121 1396/1239/1122 1395/1309/1123
f 1398/1240/1124 1396/1239/1122 1397/1308/1121
f 1397/1308/1121 1399/1241/1125 1398/1240/1124
f 1399/1241/1125 1397/1308/1121 1400/1310/1126
f 1400/1310/1126 1401/1243/1127 1399/1241/1125
f 1401/1243/1127 1400/1310/1126 1402/1311/1128
f 1402/1311/1128 1403/1245/1129 1401/1243/1127
f 1403/1245/1129 1402/1311/1128 1404/1312/1130
f 1404/1312/1130 1405/1313/854 1403/1245/1129
f 1406/1246/1131 1403/1245/1129 1405/1313/854
f 1406/1246/1131 1405/1313/854 1407/1314/1132
f 1408/1249/1133 1406/1246/1131 1407/1314/1132
f 1363/1277/1090 1361/1275/1088 1409/1315/1134
f 1410/1316/1135 1413/1317/1136 1411/1318/1137
f 1413/1317/1136 1412/1319/1138 1411/1318/1137
f 1413/1317/1136 1410/1316/1135 1414/1320/1139
f 1412/1319/1138 1413/1317/1136 1415/1321/1140
f 1414/1320/1139 1416/1322/1141 1413/1317/1136
f 1416/1322/1141 1415/1321/1140 1413/1317/1136
f 1416/1322/1141 1414/1320/1139 1417/1323/1142
f 1415/1321/1140 1416/1322/1141 1418/1324/1143
f 1419/1325/1144 1416/1322/1141 1417/1323/1142
f 1416/1322/1141 1420/1326/1145 1418/1324/1143
f 1416/1322/1141 1419/1325/1144 1421/1327/1146
f 1420/1326/1145 1416/1322/1141 1421/1327/1146
f 1421/1327/1146 1419/1325/1144 1422/1328/1147
f 1421/1327/1146 1423/1329/1148 1420/1326/1145
f 1424/1330/1149 1421/1327/1146 1422/1328/1147
f 1423/1329/1148 1421/1327/1146 1424/1330/1149
f 1426/1331/1150 1428/1332/1151 1425/1333/1152
f 1427/1334/1153 1429/1335/1154 1426/1331/1150
f 1428/1332/1151 1426/1331/1150 1430/1336/1155
f 1430/1336/1155 1426/1331/1150 1429/1335/1154
f 1429/1335/1154 1432/1337/1156 1430/1336/1155
f 1431/1338/1157 1430/1336/1155 1432/1337/1156
f 1432/1337/1156 1429/1335/1154 1433/1339/1158
f 1433/1339/1158 1434/1340/1159 1432/1337/1156
f 1434/1340/1159 1433/1339/1158 1435/1341/1160
f 1438/1342/1161 1436/1343/1162 1437/1344/1163
f 1437/1344/1163 1439/1197/1164 1438/1342/1161
f 1439/1197/1164 1437/1344/1163 1440/1345/1165
f 1440/1345/1165 1441/1346/1166 1439/1197/1164
f 1442/1198/1167 1439/1197/1164 1441/1346/1166
f 1441/1346/1166 1443/1347/1168 1442/1198/1167
f 1442/1198/1167 1443/1347/1168 1444/1200/1169
f 1445/1348/1170 1444/1200/1169 1443/1347/1168
f 1446/1203/1171 1444/1200/1169 1445/1348/1170
f 1445/1348/1170 1447/1349/888 1446/1203/1171
f 1448/1350/1172 1446/1203/1171 1447/1349/888
f 1452/1351/1173 1450/1205/1174 1449/1352/1174
f 1450/1205/1174 1452/1351/1173 1451/1208/1173
f 1453/1353/1175 1455/1354/1176 1454/1355/1177
f 1454/1355/1177 1455/1354/1176 1456/1356/1178
f 1455/1354/1176 1457/1357/1179 1456/1356/1178
f 1457/1357/1179 1455/1354/1176 1458/1358/1180
f 1459/1359/905 1460/1360/1181 1461/1361/1182
f 1460/1360/1181 1462/1362/1181 1461/1361/1182
f 1464/1363/1183 1465/1127/1184 1463/1364/1185
f 1464/1363/1183 1466/1125/1186 1465/1127/1184
f 1466/1125/1186 1464/1363/1183 1467/1365/1187
f 1467/1365/1187 1468/1130/1188 1466/1125/1186
f 1468/1130/1188 1467/1365/1187 1469/1366/1189
f 1469/1366/1189 1470/1132/1190 1468/1130/1188
f 1470/1132/1190 1469/1366/1189 1471/1367/1191
f 1473/1368/1192 1474/1369/1193 1472/1370/1192
f 1472/1370/1192 1474/1369/1193 1475/1371/1193
f 1474/1369/1193 1476/1372/1194 1475/1371/1193
f 1476/1372/1194 1474/1369/1193 1477/1373/1194
f 1479/1374/1195 1478/1185/1196 1480/1180/1197
f 1480/1180/1197 1481/1375/1197 1479/1374/1195
f 1480/1180/1197 1482/1376/1198 1481/1375/1197
f 1482/1376/1198 1480/1180/1197 1483/1182/1199
f 1484/1377/1200 1485/1378/1200 1486/1379/1201
f 1484/1377/1200 1486/1379/1201 1487/1380/1201
f 1488/1381/1202 1490/1382/1203 1489/1383/1202
f 1490/1382/1203 1488/1381/1202 1491/1384/1203
f 1492/1385/1204 1490/1382/1203 1491/1384/1203
f 1490/1382/1203 1492/1385/1204 1493/1386/1205
f 1494/1387/1206 1498/1388/1207 1496/1389/1206
f 1497/1390/1208 1499/1391/1209 1495/1392/1208
f 1498/1388/1207 1494/1387/1206 1499/1391/1209
f 1499/1391/1209 1497/1390/1208 1498/1388/1207
f 1502/1393/1210 1501/1394/1211 1500/1395/1211
f 1501/1394/1211 1502/1393/1210 1503/1396/1212
f 1502/1393/1210 1504/1397/1213 1503/1396/1212
f 1504/1397/1213 1502/1393/1210 1505/1398/1214
f 1508/1174/1215 1506/1399/1216 1507/1175/1217
f 1508/1174/1215 1509/1400/1215 1506/1399/1216
f 1511/1401/1218 1512/1402/1219 1510/1403/1218
f 1512/1402/1219 1511/1401/1218 1513/1404/1219
f 1514/1405/1220 1515/1406/1221 1516/1407/1221
f 1515/1406/1221 1514/1405/1220 1517/1408/1222
f 1518/1409/1223 1517/1408/1222 1514/1405/1220
f 1517/1408/1222 1518/1409/1223 1519/1410/1224
f 1522/1411/1225 1521/1412/1226 1520/1413/1227
f 1521/1412/1226 1522/1411/1225 1523/1414/1225
f 1524/1415/1228 1523/1414/1225 1522/1411/1225
f 1522/1411/1225 1525/1416/1229 1524/1415/1228
f 1526/1417/1230 1528/1418/1231 1527/1419/1230
f 1526/1417/1230 1529/1420/1232 1528/1418/1231
f 1532/1421/1233 1531/1422/1234 1530/1423/1235
f 1531/1422/1234 1532/1421/1233 1533/1424/1233
f 1532/1421/1233 1534/1425/1236 1533/1424/1233
f 1532/1421/1233 1535/1426/1237 1534/1425/1236
f 1536/1427/1238 1538/1428/1239 1537/1429/1240
f 1536/1427/1238 1539/1430/1239 1538/1428/1239
f 1540/1431/1241 1541/1432/1242 1542/1433/1242
f 1541/1432/1242 1540/1431/1241 1543/1434/1243
f 1544/1435/1244 1546/1436/1245 1545/1437/1244
f 1546/1436/1245 1544/1435/1244 1547/1438/1246
f 1550/1439/1247 1548/1440/1248 1549/1441/1248
f 1549/1441/1248 1551/1442/1247 1550/1439/1247
f 1554/1443/1249 1552/1444/1250 1553/1445/1251
f 1552/1444/1250 1554/1443/1249 1555/1446/1252
f 1556/1447/1253 1557/1448/1254 1558/1449/1255
f 1558/1449/1255 1559/1450/1256 1556/1447/1253
f 1560/1451/1257 1556/1447/1253 1559/1450/1256
f 1559/1450/1256 1561/1452/1258 1560/1451/1257
f 1561/1452/1258 1559/1450/1256 1562/1453/1259
f 1562/1453/1259 1563/1454/731 1561/1452/1258
f 1561/1452/1258 1563/1454/731 1564/1455/1260
f 1563/1454/731 1565/1456/733 1564/1455/1260
f 1564/1455/1260 1565/1456/733 1566/1457/1261
f 1565/1456/733 1567/1458/1262 1566/1457/1261
f 1567/1458/1262 1565/1456/733 1568/1459/734
f 1568/1459/734 1569/1460/1263 1567/1458/1262
f 1569/1460/1263 1568/1459/734 1570/1461/1264
f 1571/1462/1265 1572/1463/1266 1570/1461/1267
f 1573/1464/1268 1569/1460/1263 1570/1461/1264
f 1569/1460/1263 1573/1464/1268 1574/1465/1269
f 1573/1464/1268 1575/1466/1270 1574/1465/1269
f 1575/1466/1270 1573/1464/1268 1576/1467/1271
f 1577/1468/1272 1575/1466/1270 1576/1467/1271
f 1575/1466/1270 1577/1468/1272 1578/1469/1273
f 1579/1470/1274 1580/1471/1275 1581/1472/1274
f 1580/1471/1275 1579/1470/1274 1582/1473/1275
f 1581/1472/1274 1583/1474/1276 1579/1470/1274
f 1581/1472/1274 1584/1475/1277 1583/1474/1276
f 1587/1476/1278 1585/1477/1279 1586/1478/1279
f 1586/1478/1279 1588/1479/1280 1587/1476/1278
f 1589/1480/1281 1590/1481/1282 1591/1482/1283
f 1590/1481/1282 1592/1483/1284 1591/1482/1283
f 1590/1481/1282 1593/1484/1285 1592/1483/1284
f 1593/1484/1285 1594/1485/1286 1592/1483/1284
f 1592/1483/1284 1595/1486/1287 1591/1482/1283
f 1595/1486/1287 1592/1483/1284 1596/1487/1288
f 1592/1483/1284 1597/1488/740 1596/1487/1288
f 1598/1489/1289 1591/1482/1283 1595/1486/1287
f 1589/1480/1281 1591/1482/1283 1598/1489/1289
f 1598/1489/1289 1595/1486/1287 1599/1490/1290
f 1599/1490/1290 1600/1491/1291 1598/1489/1289
f 1597/1488/740 1592/1483/1284 1601/1492/1292
f 1601/1492/1292 1592/1483/1284 1594/1485/1286
f 1598/1489/1289 1602/1493/1293 1589/1480/1281
f 1598/1489/1289 1600/1491/1291 1602/1493/1293
f 1589/1480/1281 1602/1493/1293 1603/1494/1294
f 1604/1495/1295 1602/1493/1293 1600/1491/1291
f 1605/1496/1296 1603/1494/1294 1602/1493/1293
f 1605/1496/1296 1602/1493/1293 1604/1495/1295
f 1606/1497/1297 1603/1494/1294 1605/1496/1296
f 1605/1496/1296 1604/1495/1295 1607/1498/1298
f 1605/1496/1296 1608/1499/1299 1606/1497/1297
f 1609/1500/1300 1605/1496/1296 1607/1498/1298
f 1608/1499/1299 1605/1496/1296 1609/1500/1300
f 1609/1500/1300 1607/1498/1298 1610/1501/1301
f 1609/1500/1300 1611/1502/1302 1608/1499/1299
f 1612/1503/1303 1609/1500/1300 1610/1501/1301
f 1611/1502/1302 1609/1500/1300 1612/1503/1303
f 1594/1485/1286 1613/1504/1304 1601/1492/1292
f 1613/1504/1304 1594/1485/1286 1614/1505/1305
f 1614/1505/1305 1615/1506/743 1613/1504/1304
f 1615/1506/743 1614/1505/1305 1616/1507/1306
f 1616/1507/1306 1617/1508/745 1615/1506/743
f 1617/1508/745 1616/1507/1306 1618/1509/1307
f 1618/1509/1307 1619/1510/1308 1617/1508/745
f 1620/1511/1309 1621/1512/1310 1622/1513/1310
f 1623/1514/1311 1622/1513/1310 1621/1512/1310
f 1622/1513/1310 1624/1515/1309 1620/1511/1309
f 1622/1513/1310 1623/1514/1311 1625/1516/1312
f 1627/1517/1313 1628/1518/1314 1626/1519/1315
f 1628/1518/1314 1627/1517/1313 1629/1520/1316
f 1631/1521/1317 1557/1448/1254 1630/1522/1318
f 1557/1448/1254 1631/1521/1317 1632/1523/1319
f 1632/1523/1319 1558/1449/1255 1557/1448/1254
f 1636/1524/1320 1635/1525/1321 1634/1526/1322
f 1635/1525/1323 1637/1527/1324 1633/1528/1325
f 1637/1527/1326 1639/1529/1327 1638/1530/1328
f 1639/1529/1327 1640/1531/1329 1638/1530/1328
f 1639/1529/1327 1641/1532/777 1640/1531/1329
f 1641/1532/777 1639/1529/1327 1642/1533/1330
f 1642/1533/1330 1643/1534/1331 1641/1532/777
f 1643/1534/1331 1642/1533/1330 1644/1535/1332
f 1645/1536/1333 1646/1537/1334 1643/1534/1335
f 1647/1538/1336 1646/1537/1334 1645/1536/1333
f 1648/1539/1337 1646/1537/1334 1647/1538/1336
f 1647/1538/1336 1650/1540/1048 1648/1539/1337
f 1648/1539/1337 1650/1540/1048 1649/1541/1338
f 1649/1541/1338 1650/1540/1048 1651/1542/1339
f 1653/1543/1340 1651/1542/1339 1650/1540/1048
f 1653/1543/1340 1650/1540/1048 1652/1544/1051
f 1651/1542/1339 1653/1543/1340 1654/1545/1341
f 1655/1546/1342 1658/1547/1343 1656/1548/1344
f 1659/1549/1345 1655/1546/786 1657/1550/1346
f 1660/1551/1347 1655/1546/786 1659/1549/1345
f 1660/1551/1348 1661/1552/1349 1658/1547/1350
f 1659/1549/1345 1662/1553/792 1660/1551/1347
f 1662/1553/792 1659/1549/1345 1663/1554/1351
f 1663/1554/1351 1664/1555/794 1662/1553/792
f 1664/1555/794 1663/1554/1351 1665/1556/1352
f 1664/1555/794 1665/1556/1352 1666/1557/1353
f 1667/1558/795 1664/1555/794 1666/1557/1353
f 1668/1559/1354 1669/1560/1080 1670/1561/1355
f 1671/1562/1356 1670/1561/1355 1669/1560/1080
f 1670/1561/1355 1671/1562/1356 1672/1563/1357
f 1671/1562/1356 1673/1564/1358 1672/1563/1357
f 1673/1564/1358 1671/1562/1356 1674/1565/1083
f 1674/1565/1083 1676/1566/1359 1673/1564/1358
f 1677/1567/1360 1673/1564/1358 1676/1566/1359
f 1669/1560/1080 1668/1559/1354 1678/1568/1361
f 1676/1566/1359 1679/1569/1362 1677/1567/1360
f 1675/1570/1363 1679/1569/1362 1676/1566/1359
f 1680/1571/1364 1677/1567/1360 1679/1569/1362
f 1679/1569/1362 1675/1570/1363 1681/1572/1365
f 1679/1569/1362 1682/1573/1366 1680/1571/1364
f 1681/1572/1365 1682/1573/1366 1679/1569/1362
f 1683/1574/1367 1680/1571/1364 1682/1573/1366
f 1682/1573/1366 1681/1572/1365 1684/1575/1368
f 1682/1573/1366 1685/1576/1369 1683/1574/1367
f 1684/1575/1368 1685/1576/1369 1682/1573/1366
f 1685/1576/1369 1684/1575/1368 1686/1577/1370
f 1687/1578/1371 1683/1574/1367 1685/1576/1369
f 1688/1522/1372 1685/1576/1369 1686/1577/1370
f 1685/1576/1369 1688/1522/1372 1689/1579/1092
f 1688/1522/1372 1690/1448/1373 1689/1579/1092
f 1690/1448/1373 1691/1580/1374 1689/1579/1092
f 1692/1581/1375 1695/1561/1376 1693/1582/1377
f 1695/1561/1376 1692/1581/1375 1696/1559/1378
f 1692/1581/1375 1697/1583/1379 1696/1559/1378
f 1697/1583/1379 1692/1581/1375 1694/1584/1380
f 1698/1585/1381 1694/1584/1382 1699/1586/1383
f 1699/1586/1383 1700/1587/1384 1698/1585/1381
f 1695/1561/1376 1701/1588/1385 1693/1582/1377
f 1701/1588/1385 1695/1561/1376 1702/1563/1386
f 1703/1564/1387 1701/1588/1385 1702/1563/1386
f 1701/1588/1385 1703/1564/1387 1704/1589/1388
f 1705/1590/845 1708/1591/1389 1706/1592/845
f 1708/1591/1389 1705/1590/845 1707/1593/1390
f 1709/1594/1391 1711/1595/1392 1710/1596/1393
f 1711/1595/1392 1709/1594/1391 1712/1597/1394
f 1713/1598/1120 1711/1595/1392 1712/1597/1394
f 1711/1595/1392 1713/1598/1120 1714/1599/1120
f 1715/1600/1395 1717/1525/1396 1716/1524/1397
f 1717/1525/1396 1715/1600/1395 1718/1601/1398
f 1718/1601/1398 1719/1527/1399 1717/1525/1396
f 1719/1527/1399 1718/1601/1398 1720/1602/1400
f 1720/1602/1400 1721/1529/1401 1719/1527/1399
f 1721/1529/1401 1720/1602/1400 1722/1603/1402
f 1668/1559/1354 1723/1604/1403 1678/1568/1361
f 1723/1604/1403 1668/1559/1354 1724/1583/1404
f 1724/1583/1404 1725/1605/1405 1723/1604/1403
f 1725/1605/1405 1724/1583/1404 1726/1585/1406
f 1725/1605/1405 1726/1585/1406 1727/1587/1407
f 1728/1606/1408 1725/1605/1405 1727/1587/1407
f 1729/1607/1409 1728/1606/1408 1727/1587/1407
f 1730/1608/1410 1728/1606/1408 1729/1607/1409
f 1729/1607/1409 1731/1609/1411 1730/1608/1410
f 1731/1609/1411 1729/1607/1409 1732/1610/1412
f 1732/1610/1412 1733/1611/1413 1731/1609/1411
f 1733/1611/1413 1732/1610/1412 1734/1612/1414
f 1734/1612/1414 1735/1613/1415 1733/1611/1413
f 1735/1613/1415 1734/1612/1414 1736/1614/1416
f 1736/1614/1416 1737/1615/1417 1735/1613/1415
f 1700/1587/1384 1699/1586/1383 1738/1616/1418
f 1738/1616/1418 1739/1607/1419 1700/1587/1384
f 1739/1607/1419 1738/1616/1418 1740/1617/1420
f 1742/1618/1421 1743/1612/1422 1741/1610/1423
f 1745/1619/1424 1743/1612/1425 1744/1620/1426
f 1746/1614/1427 1743/1612/1425 1745/1619/1424
f 1747/1621/1428 1746/1614/1427 1745/1619/1424
f 1746/1614/1427 1747/1621/1428 1748/1622/1429
f 1747/1621/1428 1749/1623/1430 1748/1622/1429
f 1749/1623/1430 1747/1621/1428 1750/1624/1431
f 1750/1624/1431 1751/1625/1432 1749/1623/1430
f 1749/1623/1430 1751/1625/1432 1752/1626/1433
f 1751/1625/1432 1753/1627/1434 1752/1626/1433
f 1752/1626/1433 1753/1627/1434 1754/1628/1435
f 1753/1627/1434 1755/1629/1436 1754/1628/1435
f 1755/1629/1436 1753/1627/1434 1756/1630/1437
f 1756/1630/1437 1757/1631/1438 1755/1629/1436
f 1757/1631/1438 1756/1630/1437 1758/1632/1439
f 1758/1632/1439 1759/1633/1440 1757/1631/1438
f 1760/1634/1441 1757/1631/1438 1759/1633/1440
f 1761/1635/1442 1760/1634/1441 1759/1633/1440
f 1760/1634/1441 1761/1635/1442 1762/1636/1443
f 1766/1637/900 1764/1517/1444 1763/1638/1444
f 1766/1637/900 1765/1520/1445 1764/1517/1444
f 1767/1639/1446 1769/1513/1447 1768/1516/1446
f 1769/1513/1447 1767/1639/1446 1770/1640/1448
f 1769/1513/1447 1770/1640/1448 1771/1641/1174
f 1769/1513/1447 1771/1641/1174 1772/1515/1174
f 1776/1478/1449 1774/1642/1449 1773/1643/1180
f 1776/1478/1449 1773/1643/1180 1775/1479/1180
f 1779/1644/1450 1778/1505/1451 1777/1645/1452
f 1780/1507/1453 1778/1505/1451 1779/1644/1450
f 1779/1644/1450 1781/1646/1454 1780/1507/1453
f 1782/1509/1455 1780/1507/1453 1781/1646/1454
f 1784/1647/1456 1785/1648/1457 1783/1649/1458
f 1785/1648/1457 1784/1647/1456 1787/1650/1459
f 1787/1650/1459 1788/1651/1460 1785/1648/1457
f 1786/1652/1461 1789/1653/1462 1787/1650/1459
f 1788/1651/1460 1787/1650/1459 1789/1653/1462
f 1789/1653/1462 1786/1652/1461 1790/1654/1463
f 1790/1654/1463 1791/1655/1464 1789/1653/1462
f 1791/1655/1464 1790/1654/1463 1792/1656/1465
f 1792/1656/1465 1793/1657/1466 1791/1655/1464
f 1794/1658/1467 1791/1655/1464 1793/1657/1466
f 1793/1657/1466 1795/1659/1468 1794/1658/1467
f 1795/1659/1468 1793/1657/1466 1796/1660/1469
f 1796/1660/1469 1797/1661/1470 1795/1659/1468
f 1797/1661/1470 1796/1660/1469 1798/1662/1471
f 1798/1662/1471 1799/1663/1472 1797/1661/1470
f 1797/1661/1470 1799/1663/1472 1800/1664/1473
f 1801/1665/1474 1800/1664/1473 1799/1663/1472
f 1800/1664/1473 1801/1665/1474 1802/1666/1183
f 1801/1665/1474 1803/1667/1187 1802/1666/1183
f 1803/1667/1187 1801/1665/1474 1804/1668/1475
f 1804/1668/1475 1805/1669/1189 1803/1667/1187
f 1805/1669/1189 1804/1668/1475 1806/1670/1476
f 1808/1671/1477 1810/1672/1478 1809/1673/1479
f 1809/1673/1479 1811/1674/1480 1807/1675/1481
f 1811/1674/1480 1809/1673/1479 1810/1672/1478
f 1812/1676/1482 1807/1675/1481 1811/1674/1480
f 1813/1677/1483 1811/1674/1480 1810/1672/1478
f 1814/1678/1484 1812/1676/1482 1811/1674/1480
f 1811/1674/1480 1813/1677/1483 1814/1678/1484
f 1812/1676/1482 1814/1678/1484 1815/1679/1485
f 1814/1678/1484 1816/1680/1486 1815/1679/1485
f 1813/1677/1483 1817/1681/1487 1814/1678/1484
f 1816/1680/1486 1814/1678/1484 1817/1681/1487
f 1817/1681/1487 1813/1677/1483 1818/1682/1488
f 1817/1681/1487 1819/1683/1489 1816/1680/1486
f 1817/1681/1487 1818/1682/1488 1820/1684/1490
f 1819/1683/1489 1817/1681/1487 1821/1685/1491
f 1821/1685/1491 1817/1681/1487 1820/1684/1490
f 1823/1686/1492 1822/1687/909 1824/1688/1493
f 1824/1688/1493 1825/1689/1494 1823/1686/1492
f 1824/1688/1493 1826/1690/1495 1825/1689/1494
f 1826/1690/1495 1824/1688/1493 1827/1691/1495
f 1829/1443/1194 1830/1692/1496 1828/1693/1194
f 1830/1692/1496 1829/1443/1194 1831/1445/1496
f 1832/1694/1195 1833/1695/1497 1834/1696/1497
f 1833/1695/1497 1832/1694/1195 1835/1697/1195
f 1838/1698/1498 1837/1699/1201 1836/1700/1201
f 1838/1698/1498 1839/1701/1498 1837/1699/1201
f 1838/1698/1498 1840/1702/1499 1839/1701/1498
f 1840/1702/1499 1838/1698/1498 1841/1703/1500
f 1843/1704/1501 1842/1442/1204 1845/1441/1502
f 1845/1441/1502 1844/1705/1502 1843/1704/1501
f 1847/1706/1503 1848/1707/1208 1846/1708/1503
f 1848/1707/1208 1847/1706/1503 1849/1709/1208
f 1850/1437/1504 1851/1436/1505 1852/1710/1504
f 1852/1710/1504 1851/1436/1505 1853/1711/1211
f 1854/1712/1506 1855/1432/1507 1856/1713/1508
f 1856/1713/1508 1855/1432/1507 1857/1714/1509
f 1855/1432/1507 1858/1715/1216 1857/1714/1509
f 1858/1715/1216 1855/1432/1507 1859/1434/1216
f 1860/1716/1510 1862/1717/922 1861/1718/1510
f 1862/1717/922 1863/1719/922 1861/1718/1510
f 1866/1720/1511 1865/1427/929 1864/1721/1512
f 1865/1427/929 1866/1720/1511 1867/1430/1511
f 1868/1722/1513 1869/1421/1514 1870/1423/1515
f 1869/1421/1514 1868/1722/1513 1871/1723/1514
f 1873/1724/1516 1872/1417/938 1874/1725/938
f 1872/1417/938 1873/1724/1516 1875/1420/1517
f 1876/1726/1518 1877/1412/939 1878/1414/1519
f 1877/1412/939 1876/1726/1518 1879/1727/939
f 1882/1728/1520 1881/1729/947 1880/1730/1520
f 1881/1729/947 1882/1728/1520 1883/1731/946
f 1886/1732/1521 1884/1733/1521 1888/1734/1522
f 1887/1735/951 1888/1734/1522 1885/1736/951
f 1888/1734/1522 1889/1737/1522 1886/1732/1521
f 1888/1734/1522 1887/1735/951 1889/1737/1522
f 1891/1405/1523 1892/1738/1218 1890/1739/1523
f 1892/1738/1218 1891/1405/1523 1893/1407/1218
f 1895/1740/1524 1896/1741/1525 1894/1742/1526
f 1894/1742/1526 1896/1741/1525 1897/1743/1527
f 1896/1741/1525 1898/1744/1528 1897/1743/1527
f 1898/1744/1528 1896/1741/1525 1899/1745/1529
f 1899/1745/1529 1900/1746/1530 1898/1744/1528
f 1900/1746/1530 1899/1745/1529 1901/1747/1531
f 1906/1748/1532 1902/1749/1533 1904/1750/1533
f 1905/1751/1534 1906/1748/1532 1903/1752/1535
f 1902/1749/1533 1906/1748/1532 1907/1753/1532
f 1906/1748/1532 1905/1751/1534 1907/1753/1532
f 1910/1754/1536 1908/1755/1537 1909/1756/1538
f 1908/1755/1537 1910/1754/1536 1911/1757/1536
f 1912/1758/1539 1913/1759/1539 1914/1760/1539
f 1913/1759/1539 1912/1758/1539 1915/1761/572
f 1916/1762/572 1915/1761/572 1912/1758/1539
f 1915/1761/572 1916/1762/572 1917/1763/572
f 1921/1759/1540 1919/1764/1541 1918/1760/1541
f 1919/1764/1541 1921/1759/1540 1923/1765/1540
f 1922/1766/1542 1924/1761/1543 1920/1763/1542
f 1924/1761/1543 1923/1765/1540 1921/1759/1540
f 1924/1761/1543 1922/1766/1542 1925/1767/1544
f 1923/1765/1540 1924/1761/1543 1925/1767/1544
f 1926/1768/1545 1927/1769/1546 1928/1770/1546
f 1927/1769/1546 1926/1768/1545 1929/1771/1545
f 1930/1772/1545 1928/1770/1546 1927/1769/1546
f 1928/1770/1546 1930/1772/1545 1931/1773/1545
f 1935/1768/1547 1933/1774/1548 1932/1771/1549
f 1933/1774/1548 1935/1768/1547 1937/1775/1550
f 1936/1776/1551 1938/1770/1552 1934/1773/1553
f 1938/1770/1552 1937/1775/1550 1935/1768/1547
f 1936/1776/1551 1939/1777/1552 1938/1770/1552
f 1937/1775/1550 1938/1770/1552 1939/1777/1552
f 1940/1778/160 1941/1779/160 1942/1780/160
f 1941/1779/160 1940/1778/160 1943/1781/160
f 1942/1780/160 1941/1779/160 1944/1782/160
f 1942/1780/160 1944/1782/160 1945/1783/160
f 1949/1780/1554 1947/1784/1555 1946/1778/1556
f 1947/1784/1555 1949/1780/1554 1951/1785/1554
f 1948/1786/1557 1952/1783/1558 1950/1782/1557
f 1953/1787/1558 1951/1785/1554 1949/1780/1554
f 1948/1786/1557 1953/1787/1558 1952/1783/1558
f 1953/1787/1558 1949/1780/1554 1952/1783/1558
f 1956/1788/1559 1954/1789/1560 1955/1790/1561
f 1955/1790/1561 1957/1791/1562 1956/1788/1559
f 1958/1792/1563 1960/1793/1564 1959/1794/1565
f 1960/1793/1564 1958/1792/1563 1961/1795/1014
f 1961/1795/1014 1963/1796/1566 1960/1793/1564
f 1963/1796/1567 1962/1797/1568 1964/1798/1569
f 1960/1793/1564 1963/1796/1566 1965/1799/1570
f 1963/1796/1566 1967/1800/1571 1965/1799/1570
f 1963/1796/1566 1966/1801/1572 1967/1800/1571
f 1965/1799/1570 1967/1800/1571 1968/1802/1573
f 1967/1800/1571 1970/1803/1574 1968/1802/1573
f 1967/1800/1571 1969/1804/1575 1970/1803/1574
f 1968/1802/1573 1970/1803/1574 1971/1805/1576
f 1972/1806/1577 1970/1803/1574 1969/1804/1575
f 1973/1807/1578 1971/1805/1576 1970/1803/1574
f 1970/1803/1574 1972/1806/1577 1973/1807/1578
f 1971/1805/1576 1973/1807/1578 1974/1808/1579
f 1975/1809/1580 1973/1807/1578 1972/1806/1577
f 1973/1807/1578 1976/1810/1581 1974/1808/1579
f 1973/1807/1578 1975/1809/1580 1977/1811/1582
f 1976/1810/1581 1973/1807/1578 1977/1811/1582
f 1980/1812/1583 1978/1813/1584 1979/1814/1585
f 1978/1813/1584 1980/1812/1583 1981/1815/1586
f 1982/1816/1587 1983/1817/580 1984/1818/1588
f 1985/1819/1589 1983/1817/580 1982/1816/1587
f 1985/1819/1589 1986/1820/1590 1983/1817/580
f 1986/1820/1590 1985/1819/1589 1987/1821/1587
f 1991/1817/1591 1989/1822/1592 1988/1818/1593
f 1989/1822/1592 1991/1817/1591 1993/1823/1591
f 1992/1824/1594 1994/1820/1595 1990/1821/1594
f 1995/1825/1596 1993/1823/1591 1991/1817/1591
f 1994/1820/1595 1992/1824/1594 1995/1825/1596
f 1995/1825/1596 1991/1817/1591 1994/1820/1595
f 1997/1826/1597 1895/1740/1524 1996/1827/1598
f 1894/1742/1526 1996/1827/1598 1895/1740/1524
f 1999/1828/1599 1998/1829/1599 2000/1830/1600
f 2001/1831/1601 2002/1832/1602 2003/1833/1601
f 2002/1832/1602 2001/1831/1601 2004/1834/1601
f 2005/1835/1601 2004/1834/1601 2001/1831/1601
f 2004/1834/1601 2005/1835/1601 2006/1836/1601
f 2010/1832/1603 2008/1837/1604 2007/1833/1605
f 2008/1837/1604 2010/1832/1603 2012/1838/1603
f 2013/1834/1606 2009/1836/1607 2011/1839/1608
f 2013/1834/1606 2012/1838/1603 2010/1832/1603
f 2011/1839/1608 2014/1840/1606 2013/1834/1606
f 2012/1838/1603 2013/1834/1606 2014/1840/1606
f 2015/1841/1609 2016/1842/1610 2017/1843/1610
f 2018/1844/1611 2017/1843/1610 2016/1842/1610
f 2017/1843/1610 2019/1845/1612 2015/1841/1609
f 2017/1843/1610 2018/1844/1611 2020/1846/1611
f 2023/1847/1613 2022/1848/1614 2021/1849/1614
f 2022/1848/1614 2023/1847/1613 2024/1850/1613
f 2023/1847/1613 2026/1851/1615 2024/1850/1613
f 2026/1851/1615 2023/1847/1613 2025/1852/1616
f 2028/1853/1617 2029/1854/1618 2027/1855/1619
f 2029/1854/1618 2028/1853/1617 2030/1856/1620
f 2030/1856/1620 2031/1857/1621 2029/1854/1618
f 2031/1857/1621 2030/1856/1620 2032/1858/1622
f 2032/1858/1622 2033/1859/1623 2031/1857/1621
f 2033/1859/1623 2032/1858/1622 2034/1860/1624
f 2034/1860/1624 2035/1861/1625 2033/1859/1623
f 2035/1861/1625 2034/1860/1624 2036/1862/1626
f 2036/1862/1626 2037/1863/1627 2035/1861/1625
f 2037/1863/1627 2036/1862/1626 2038/1864/1317
f 2039/1865/1628 2041/1866/1629 2040/1867/1630
f 2041/1866/1629 2039/1865/1628 2042/1868/1631
f 2043/1869/1632 2046/1870/1633 2044/1871/1634
f 2044/1871/1634 2046/1870/1633 2045/1872/1635
f 2045/1872/1635 2046/1870/1633 2047/1873/1636
f 2048/1874/1637 2047/1873/1636 2046/1870/1633
f 2049/1875/1638 2047/1873/1636 2048/1874/1637
f 2048/1874/1637 2050/1876/1639 2049/1875/1638
f 2050/1876/1639 2048/1874/1637 2051/1877/1058
f 2051/1877/1058 2052/1878/1640 2050/1876/1639
f 2052/1878/1640 2051/1877/1058 2053/1879/1641
f 2056/1880/1642 2057/1881/1643 2055/1882/1644
f 2055/1882/1644 2058/1883/1645 2054/1884/1646
f 2059/1885/1647 2055/1882/1644 2057/1881/1643
f 2058/1883/1645 2055/1882/1644 2059/1885/1647
f 2057/1881/1643 2060/1886/1648 2059/1885/1647
f 2059/1885/1647 2061/1887/1649 2058/1883/1645
f 2062/1888/1650 2059/1885/1647 2060/1886/1648
f 2061/1887/1649 2059/1885/1647 2062/1888/1650
f 2060/1886/1648 2063/1889/1651 2062/1888/1650
f 2063/1889/1651 2061/1887/1649 2062/1888/1650
f 2063/1889/1651 2060/1886/1648 2064/1890/1652
f 2065/1891/1653 2061/1887/1649 2063/1889/1651
f 2064/1890/1652 2066/1892/1654 2063/1889/1651
f 2063/1889/1651 2066/1892/1654 2065/1891/1653
f 2066/1892/1654 2064/1890/1652 2067/1893/1655
f 2068/1894/1656 2065/1891/1653 2066/1892/1654
f 2070/1895/1657 2071/1896/1658 2069/1897/1659
f 2072/1898/1660 2069/1897/1659 2071/1896/1658
f 2071/1896/1658 2073/1899/1661 2072/1898/1660
f 2074/1900/1662 2072/1898/1660 2073/1899/1661
f 2073/1899/1661 2075/1901/1663 2074/1900/1662
f 2075/1901/1663 2073/1899/1661 2076/1902/1664
f 2078/1903/1665 2079/1904/1666 2077/1905/1075
f 2079/1904/1666 2078/1903/1665 2080/1906/1667
f 2080/1906/1667 2081/1907/1668 2079/1904/1666
f 2081/1907/1668 2080/1906/1667 2082/1908/1669
f 2083/1909/1670 2081/1907/1668 2082/1908/1669
f 2081/1907/1668 2083/1909/1670 2084/1910/1671
f 2085/1911/1672 2084/1910/1671 2083/1909/1670
f 2084/1910/1671 2085/1911/1672 2086/1912/1673
f 2087/1913/1674 2088/1914/1675 2089/1915/1676
f 2092/1916/1677 2091/1917/1678 2090/1918/1679
f 2091/1917/1680 2094/1919/1681 2093/1920/1682
f 2095/1921/1683 2091/1917/1678 2092/1916/1677
f 2097/1922/1684 2096/1852/1685 2098/1847/1686
f 2099/1923/1687 2097/1922/1684 2098/1847/1686
f 2098/1847/1686 2100/1924/1390 2099/1923/1687
f 2100/1924/1390 2098/1847/1686 2101/1849/1390
f 2102/1828/1688 2103/1925/1689 2104/1866/1690
f 2104/1866/1690 2103/1925/1689 2105/1867/1691
f 2107/1926/1692 2109/1927/1693 2106/1928/1694
f 2108/1929/1695 2110/1930/1696 2107/1926/1692
f 2109/1927/1693 2107/1926/1692 2111/1931/1697
f 2111/1931/1697 2107/1926/1692 2110/1930/1696
f 2111/1931/1697 2112/1932/1698 2109/1927/1693
f 2113/1933/1699 2111/1931/1697 2110/1930/1696
f 2112/1932/1698 2111/1931/1697 2114/1934/1700
f 2111/1931/1697 2113/1933/1699 2114/1934/1700
f 2115/1935/1701 2112/1932/1698 2114/1934/1700
f 2113/1933/1699 2115/1935/1701 2114/1934/1700
f 2112/1932/1698 2115/1935/1701 2116/1936/1702
f 2115/1935/1701 2113/1933/1699 2117/1937/1703
f 2118/1938/1704 2116/1936/1702 2115/1935/1701
f 2117/1937/1703 2118/1938/1704 2115/1935/1701
f 2119/1939/1705 2116/1936/1702 2118/1938/1704
f 2118/1938/1704 2117/1937/1703 2120/1940/1706
f 2121/1941/1415 2124/1942/1707 2122/1943/1708
f 2124/1942/1707 2121/1941/1415 2125/1944/1709
f 2125/1944/1709 2123/1945/1710 2126/1946/1711
f 2126/1946/1711 2127/1947/1712 2125/1944/1709
f 2125/1944/1709 2128/1948/1713 2124/1942/1707
f 2125/1944/1709 2127/1947/1712 2128/1948/1713
f 2124/1942/1707 2128/1948/1713 2129/1949/1714
f 2127/1947/1712 2130/1950/1715 2128/1948/1713
f 2128/1948/1713 2131/1951/1716 2129/1949/1714
f 2130/1950/1715 2132/1952/1717 2128/1948/1713
f 2131/1951/1716 2128/1948/1713 2132/1952/1717
f 2130/1950/1715 2133/1953/1718 2132/1952/1717
f 2132/1952/1717 2134/1954/1719 2131/1951/1716
f 2132/1952/1717 2133/1953/1718 2134/1954/1719
f 2131/1951/1716 2134/1954/1719 2135/1955/1720
f 2136/1956/1721 2092/1916/1677 2137/1957/1722
f 2092/1916/1677 2136/1956/1721 2095/1921/1683
f 2137/1957/1722 2138/1958/1723 2136/1956/1721
f 2138/1958/1723 2137/1957/1722 2139/1959/1724
f 2140/1960/1725 2142/1843/1726 2141/1846/1725
f 2142/1843/1726 2140/1960/1725 2143/1961/1726
f 2142/1843/1726 2143/1961/1726 2144/1962/1727
f 2142/1843/1726 2144/1962/1727 2145/1845/1444
f 2148/1812/1728 2146/1963/1729 2147/1964/1729
f 2146/1963/1729 2148/1812/1728 2149/1965/1730
f 2148/1812/1728 2150/1966/1181 2149/1965/1730
f 2150/1966/1181 2148/1812/1728 2151/1814/1731
f 2152/1967/1732 2153/1968/1733 2154/1969/1734
f 2153/1968/1733 2155/1970/1735 2154/1969/1734
f 2154/1969/1734 2155/1970/1735 2156/1971/1450
f 2155/1970/1735 2157/1913/1736 2156/1971/1450
f 2157/1913/1736 2158/1972/1737 2156/1971/1450
f 2157/1913/1736 2159/1973/1456 2158/1972/1737
f 2159/1973/1456 2157/1913/1736 2160/1915/1738
f 2160/1915/1738 2161/1974/1739 2159/1973/1456
f 2159/1973/1456 2161/1974/1739 2162/1975/1740
f 2163/1976/1741 2165/1740/1742 2164/1826/1743
f 2165/1740/1742 2163/1976/1741 2166/1977/1468
f 2166/1977/1468 2167/1741/1744 2165/1740/1742
f 2167/1741/1744 2166/1977/1468 2168/1978/1745
f 2168/1978/1745 2169/1979/1746 2167/1741/1744
f 2170/1745/1747 2167/1741/1744 2169/1979/1746
f 2169/1979/1746 2171/1980/1748 2170/1745/1747
f 2173/1981/1749 2174/1982/1750 2172/1983/1751
f 2172/1983/1751 2174/1982/1750 2175/1984/1752
f 2177/1985/1753 2178/1790/1754 2176/1986/1753
f 2178/1790/1754 2177/1985/1753 2179/1987/1755
f 2178/1790/1754 2179/1987/1755 2180/1988/1495
f 2178/1790/1754 2180/1988/1495 2181/1791/1495
f 2182/1989/1756 2153/1968/1733 2152/1967/1732
f 2183/1990/1757 2184/1991/1758 2185/1992/1510
f 2183/1990/1757 2186/1993/1759 2184/1991/1758
f 2185/1992/1510 2187/1994/1510 2183/1990/1757
f 2186/1993/1759 2183/1990/1757 2188/1995/1760
f 2189/1996/1761 2191/1754/1762 2190/1997/1761
f 2190/1997/1761 2191/1754/1762 2192/1998/1762
f 2191/1754/1762 2193/1999/1511 2192/1998/1762
f 2193/1999/1511 2191/1754/1762 2194/1756/1511
f 2196/2000/1513 2197/2001/1763 2195/2002/1513
f 2197/2001/1763 2196/2000/1513 2198/2003/1763
f 2199/1752/1764 2201/1748/1765 2200/2004/1764
f 2200/2004/1764 2201/1748/1765 2202/2005/1766
f 2201/1748/1765 2203/2006/1516 2202/2005/1766
f 2203/2006/1516 2201/1748/1765 2204/1750/1516
f 2207/2007/1767 2205/2008/1519 2206/2009/1518
f 2205/2008/1519 2207/2007/1767 2208/2010/1768
f 2207/2007/1767 2209/2011/1769 2208/2010/1768
f 2209/2011/1769 2207/2007/1767 2210/2012/1770
f 2211/2013/1771 2212/2014/1772 2213/2015/1773
f 2211/2013/1771 2213/2015/1773 2214/2016/1773
f 2213/2015/1773 2215/2017/1520 2214/2016/1773
f 2215/2017/1520 2213/2015/1773 2216/2018/1774
f 2218/2019/1775 2217/2020/1775 2219/2021/1521
f 2219/2021/1521 2220/2022/1521 2218/2019/1775
f 2221/2023/1776 2222/2024/1777 2223/2025/1523
f 2222/2024/1777 2221/2023/1776 2224/2026/1777
f 2225/2027/1778 2227/2028/1779 2226/2029/1780
f 2225/2027/1778 2228/2030/1781 2227/2028/1779
f 2229/2031/1782 2230/2032/1783 2231/2033/1784
f 2230/2032/1783 2229/2031/1782 2232/2034/196
f 2229/2031/1782 2231/2033/1784 2233/2035/1785
f 2233/2035/1785 2231/2033/1784 2234/2036/1782
f 2235/2032/1786 2236/2037/1787 2237/2038/1786
f 2236/2037/1787 2235/2032/1786 2238/2034/1788
f 2237/2038/1786 2239/2033/1789 2235/2032/1786
f 2237/2038/1786 2240/2039/1790 2239/2033/1789
f 2241/2040/1791 2239/2033/1789 2240/2039/1790
f 2239/2033/1789 2241/2040/1791 2242/2036/1791
f 2243/2041/1792 2244/2042/1792 2245/2043/1792
f 2244/2042/1792 2243/2041/1792 2246/2044/415
f 2247/2045/415 2246/2044/415 2243/2041/1792
f 2246/2044/415 2247/2045/415 2248/2046/1792
f 2249/2047/1793 2250/2041/1794 2251/2048/1794
f 2252/2049/1795 2251/2048/1794 2250/2041/1794
f 2250/2041/1794 2249/2047/1793 2253/2045/1796
f 2252/2049/1795 2250/2041/1794 2254/2043/1795
f 2255/2050/1797 2256/2051/1797 2257/2052/1797
f 2255/2050/1797 2257/2052/1797 2258/2053/623
f 2259/2054/1797 2256/2051/1797 2255/2050/1797
f 2256/2051/1797 2259/2054/1797 2260/2055/1797
f 2261/2056/1798 2262/2052/1799 2263/2057/1800
f 2262/2052/1799 2261/2056/1798 2264/2053/1801
f 2265/2051/1802 2263/2057/1800 2262/2052/1799
f 2263/2057/1800 2265/2051/1802 2266/2058/1803
f 2265/2051/1802 2267/2059/1804 2266/2058/1803
f 2267/2059/1804 2265/2051/1802 2269/2055/1804
f 2268/2060/1805 2267/2059/1804 2269/2055/1804
f 2268/2060/1805 2269/2055/1804 2270/2054/1806
f 2271/2061/1807 2272/2062/1808 2273/2063/1808
f 2274/2064/1809 2273/2063/1808 2272/2062/1808
f 2273/2063/1808 2275/2065/1807 2271/2061/1807
f 2273/2063/1808 2274/2064/1809 2276/2066/1809
f 2280/2067/1810 2279/2068/1811 2277/2069/1812
f 2279/2068/1811 2280/2067/1810 2278/2070/1810
f 2281/2071/1813 2282/2072/1814 2283/2073/1815
f 2284/2074/1816 2283/2073/1815 2282/2072/1814
f 2283/2073/1815 2285/2075/1813 2281/2071/1813
f 2283/2073/1815 2284/2074/1816 2286/2076/1817
f 2289/2077/1818 2287/2078/1819 2288/2079/1819
f 2288/2079/1819 2290/2080/1820 2289/2077/1818
f 2291/2081/1821 2292/2082/1822 2293/2083/1822
f 2294/2084/1823 2293/2083/1822 2292/2082/1822
f 2293/2083/1822 2295/2085/1824 2291/2081/1821
f 2293/2083/1822 2294/2084/1823 2296/2086/1823
f 2298/2087/1825 2297/2088/1255 2299/2089/1826
f 2300/2090/1256 2297/2088/1255 2298/2087/1825
f 2298/2087/1825 2301/2091/546 2300/2090/1256
f 2301/2091/546 2298/2087/1825 2302/2092/1827
f 2303/2093/1828 2304/2094/1829 2305/2095/1830
f 2304/2094/1829 2303/2093/1828 2306/2096/1831
f 2303/2093/1828 2305/2095/1830 2307/2097/1831
f 2305/2095/1830 2308/2098/1830 2307/2097/1831
f 2311/2093/1832 2309/2099/1833 2310/2096/1834
f 2309/2099/1833 2311/2093/1832 2312/2100/1835
f 2311/2093/1832 2314/2101/1836 2312/2100/1835
f 2314/2101/1836 2311/2093/1832 2316/2097/1836
f 2316/2097/1836 2315/2098/1837 2313/2102/1838
f 2313/2102/1838 2314/2101/1836 2316/2097/1836
f 2317/2103/1839 2318/2104/1840 2319/2105/1841
f 2320/2106/1842 2319/2105/1841 2318/2104/1840
f 2319/2105/1841 2321/2107/1839 2317/2103/1839
f 2319/2105/1841 2320/2106/1842 2322/2108/1843
f 2323/2109/1844 2326/2110/1845 2325/2111/1846
f 2326/2110/1845 2324/2112/1847 2325/2111/1846
f 2326/2110/1845 2323/2109/1844 2327/2113/1848
f 2324/2112/1847 2326/2110/1845 2328/2114/1849
f 2330/2115/1850 2331/2116/1851 2329/2117/748
f 2331/2116/1851 2332/2118/1852 2329/2117/748
f 2331/2116/1851 2333/2119/1853 2332/2118/1852
f 2333/2119/1853 2331/2116/1851 2334/2120/1854
f 2334/2120/1854 2335/2121/1855 2333/2119/1853
f 2333/2119/1853 2335/2121/1855 2336/2122/1856
f 2335/2121/1855 2337/2123/1857 2336/2122/1856
f 2337/2123/1857 2335/2121/1855 2338/2124/1858
f 2339/2125/1859 2340/2126/1860 2341/2127/1859
f 2340/2126/1860 2339/2125/1859 2342/2128/1859
f 2343/2129/1859 2341/2127/1859 2340/2126/1860
f 2341/2127/1859 2343/2129/1859 2344/2130/1859
f 2347/2131/1861 2346/2132/1862 2345/2133/1863
f 2346/2132/1862 2347/2131/1861 2348/2134/1864
f 2348/2134/1864 2349/2135/1865 2350/2136/1866
f 2352/2137/1867 2353/2138/1868 2351/2139/1869
f 2353/2138/1868 2354/2140/1870 2351/2139/1869
f 2353/2138/1868 2355/2141/1871 2354/2140/1870
f 2356/2142/1872 2354/2140/1870 2355/2141/1871
f 2355/2141/1871 2357/2143/1873 2356/2142/1872
f 2357/2143/1873 2355/2141/1871 2358/2144/1874
f 2357/2143/1873 2358/2144/1874 2359/2145/1875
f 2360/2146/1876 2357/2143/1873 2359/2145/1875
f 2361/2147/436 2362/2148/1877 2363/2149/1877
f 2362/2148/1877 2361/2147/436 2364/2150/1877
f 2363/2149/1877 2362/2148/1877 2365/2151/1877
f 2363/2149/1877 2365/2151/1877 2366/2152/436
f 2367/2148/1878 2368/2153/1879 2369/2154/1878
f 2370/2155/1880 2367/2148/1878 2369/2154/1878
f 2368/2153/1879 2367/2148/1878 2371/2150/1879
f 2367/2148/1878 2370/2155/1880 2372/2151/1881
f 2373/2156/1882 2368/2153/1879 2371/2150/1879
f 2371/2150/1879 2374/2147/1883 2373/2156/1882
f 2375/2157/1884 2376/2113/1885 2377/2158/1885
f 2376/2113/1885 2375/2157/1884 2378/2110/1886
f 2378/2110/1886 2375/2157/1884 2379/2159/1887
f 2378/2110/1886 2379/2159/1887 2380/2114/1884
f 2381/2160/1888 2382/2161/1889 2383/2162/1890
f 2382/2161/1889 2381/2160/1888 2384/2163/1890
f 2385/2164/1891 2384/2163/1890 2381/2160/1888
f 2384/2163/1890 2385/2164/1891 2386/2165/1890
f 2389/2166/1892 2387/2167/1626 2388/2168/1893
f 2387/2167/1626 2389/2166/1892 2390/2169/1894
f 2389/2166/1892 2391/2170/1895 2390/2169/1894
f 2391/2170/1895 2389/2166/1892 2392/2171/1896
f 2299/2089/1826 2391/2170/1895 2392/2171/1896
f 2297/2088/1255 2391/2170/1895 2299/2089/1826
f 2394/2172/1897 2395/2173/1898 2393/2174/1899
f 2396/2175/1900 2393/2174/1899 2397/2176/1901
f 2393/2174/1899 2395/2173/1898 2397/2176/1901
f 2397/2176/1901 2398/2177/1902 2396/2175/1900
f 2395/2173/1898 2399/2178/1903 2397/2176/1901
f 2398/2177/1902 2397/2176/1901 2399/2178/1903
f 2399/2178/1903 2395/2173/1898 2400/2179/1904
f 2399/2178/1903 2401/2180/1905 2398/2177/1902
f 2400/2179/1904 2402/2181/1906 2399/2178/1903
f 2401/2180/1905 2399/2178/1903 2402/2181/1906
f 2402/2181/1906 2400/2179/1904 2403/2182/1907
f 2402/2181/1906 2404/2183/1908 2401/2180/1905
f 2403/2182/1907 2404/2183/1908 2402/2181/1906
f 2405/2184/1909 2401/2180/1905 2404/2183/1908
f 2404/2183/1908 2403/2182/1907 2406/2185/1910
f 2407/2186/786 2405/2184/1909 2404/2183/1908
f 2406/2185/1910 2407/2186/786 2404/2183/1908
f 2407/2186/786 2406/2185/1910 2408/2187/1911
f 2410/2188/1912 2409/2189/1913 2411/2190/1914
f 2411/2190/1914 2413/2191/1915 2410/2188/1912
f 2410/2188/1912 2414/2192/1916 2412/2193/1917
f 2415/2194/1918 2410/2188/1912 2413/2191/1915
f 2414/2192/1916 2410/2188/1912 2415/2194/1918
f 2416/2195/1919 2415/2194/1918 2413/2191/1915
f 2415/2194/1918 2417/2196/1920 2414/2192/1916
f 2415/2194/1918 2416/2195/1919 2418/2197/1921
f 2417/2196/1920 2415/2194/1918 2418/2197/1921
f 2419/2198/1922 2418/2197/1921 2416/2195/1919
f 2420/2199/1923 2417/2196/1920 2418/2197/1921
f 2418/2197/1921 2419/2198/1922 2420/2199/1923
f 2417/2196/1920 2420/2199/1923 2421/2200/1924
f 2420/2199/1923 2422/2201/1925 2421/2200/1924
f 2422/2201/1925 2420/2199/1923 2423/2202/1926
f 2423/2202/1926 2419/2198/1927 2424/2203/1928
f 2425/2204/1929 2426/2205/1930 2427/2206/1931
f 2427/2206/1931 2428/2207/1932 2425/2204/1929
f 2427/2206/1931 2426/2205/1930 2429/2208/1933
f 2426/2205/1930 2430/2209/1934 2429/2208/1933
f 2428/2207/1932 2427/2206/1931 2431/2210/1935
f 2427/2206/1931 2429/2208/1933 2432/2211/1936
f 2432/2211/1936 2429/2208/1933 2433/2212/1937
f 2435/2213/1938 2429/2208/1933 2430/2209/1934
f 2436/2214/1939 2433/2212/1940 2435/2213/1941
f 2430/2209/1934 2437/2215/1942 2435/2213/1938
f 2438/2216/1943 2435/2213/1938 2437/2215/1942
f 2439/2217/1944 2436/2214/1945 2438/2216/1943
f 2438/2216/1943 2440/2218/1946 2439/2217/1944
f 2437/2215/1942 2441/2219/1947 2438/2216/1943
f 2440/2218/1946 2438/2216/1943 2441/2219/1947
f 2441/2219/1947 2442/2220/1948 2440/2218/1946
f 2441/2219/1947 2437/2215/1942 2443/2221/1949
f 2442/2220/1948 2441/2219/1947 2444/2222/1950
f 2443/2221/1949 2444/2222/1950 2441/2219/1947
f 2444/2222/1950 2443/2221/1949 2445/2223/1951
f 2446/2224/1952 2434/2225/1953 2447/2226/1954
f 2449/2227/1955 2450/2228/1956 2448/2229/1957
f 2451/2230/1958 2452/2231/1959 2453/2232/1375
f 2454/2233/1960 2453/2232/1375 2452/2231/1959
f 2451/2230/1958 2453/2232/1375 2455/2234/1377
f 2456/2235/1961 2451/2230/1958 2455/2234/1377
f 2457/2236/1380 2453/2232/1375 2454/2233/1960
f 2455/2234/1377 2458/2237/1385 2456/2235/1961
f 2459/2238/1962 2456/2235/1961 2458/2237/1385
f 2460/2239/1963 2456/2235/1961 2459/2238/1962
f 2459/2238/1962 2461/2240/1964 2460/2239/1963
f 2461/2240/1964 2459/2238/1962 2462/2241/1965
f 2464/2242/1966 2465/2089/1967 2463/2171/1968
f 2465/2089/1967 2464/2242/1966 2466/2243/1969
f 2467/2244/1970 2468/2245/1971 2469/2246/1393
f 2467/2244/1970 2469/2246/1393 2470/2247/1393
f 2471/2248/1972 2472/2249/1973 2473/2250/1974
f 2472/2249/1973 2471/2248/1972 2474/2251/1975
f 2472/2249/1973 2475/2252/1976 2473/2250/1974
f 2475/2252/1976 2472/2249/1973 2476/2253/1977
f 2476/2253/1977 2477/2254/1400 2475/2252/1976
f 2477/2254/1400 2476/2253/1977 2478/2227/1978
f 2478/2227/1978 2479/2255/1979 2477/2254/1400
f 2479/2255/1979 2478/2227/1978 2480/2256/1980
f 2481/2257/1981 2483/2131/1982 2482/2133/1983
f 2483/2131/1982 2481/2257/1981 2484/2258/1984
f 2484/2258/1984 2485/2259/1985 2483/2131/1982
f 2486/2135/1986 2483/2131/1982 2485/2259/1985
f 2485/2259/1985 2487/2260/1415 2486/2135/1986
f 2488/2261/1987 2486/2135/1986 2487/2260/1415
f 2490/2139/1988 2491/2262/1437 2489/2263/1989
f 2491/2262/1437 2490/2139/1988 2492/2140/1990
f 2492/2140/1990 2493/2264/1439 2491/2262/1437
f 2493/2264/1439 2492/2140/1990 2494/2142/1991
f 2494/2142/1991 2495/2143/1992 2493/2264/1439
f 2496/2265/1993 2493/2264/1439 2495/2143/1992
f 2495/2143/1992 2497/2266/1994 2496/2265/1993
f 2497/2266/1994 2495/2143/1992 2498/2146/1995
f 2499/2267/1996 2465/2089/1967 2466/2243/1969
f 2500/2087/1997 2465/2089/1967 2499/2267/1996
f 2501/2268/875 2500/2087/1997 2499/2267/1996
f 2500/2087/1997 2501/2268/875 2502/2092/1998
f 2503/2269/1999 2504/2270/1446 2505/2271/1446
f 2504/2270/1446 2503/2269/1999 2506/2272/1999
f 2507/2273/2000 2509/2105/2001 2508/2108/2000
f 2509/2105/2001 2507/2273/2000 2510/2274/2002
f 2509/2105/2001 2510/2274/2002 2511/2275/2003
f 2509/2105/2001 2511/2275/2003 2512/2107/2003
f 2515/2276/2004 2513/2277/2005 2514/2278/2006
f 2516/2279/2007 2518/2115/2008 2517/2280/2009
f 2518/2115/2008 2516/2279/2007 2519/2281/2010
f 2521/2282/2011 2522/2121/2012 2520/2120/2013
f 2522/2121/2012 2521/2282/2011 2523/2283/2014
f 2523/2283/2014 2524/2284/1467 2522/2121/2012
f 2525/2124/2015 2522/2121/2012 2524/2284/1467
f 2527/2285/2016 2528/2083/2017 2526/2086/2016
f 2528/2083/2017 2527/2285/2016 2529/2286/2017
f 2528/2083/2017 2529/2286/2017 2530/2287/1496
f 2528/2083/2017 2530/2287/1496 2531/2085/2018
f 2534/2288/2019 2533/2289/1497 2532/2290/1497
f 2535/2291/2020 2533/2289/1497 2534/2288/2019
f 2534/2288/2019 2536/2292/2021 2535/2291/2020
f 2536/2292/2021 2534/2288/2019 2537/2293/2022
f 2539/2079/2023 2538/2294/2024 2540/2295/2025
f 2539/2079/2023 2540/2295/2025 2541/2080/1499
f 2542/2296/2026 2543/2297/2027 2544/2298/2028
f 2542/2296/2026 2544/2298/2028 2545/2299/2029
f 2543/2297/2027 2546/2300/2030 2544/2298/2028
f 2545/2299/2029 2547/2301/2031 2542/2296/2026
f 2543/2297/2027 2548/2302/2032 2546/2300/2030
f 2548/2302/2032 2513/2277/2005 2546/2300/2030
f 2549/2303/2033 2546/2300/2030 2513/2277/2005
f 2513/2277/2005 2515/2276/2004 2549/2303/2033
f 2550/2304/2034 2542/2296/2026 2547/2301/2031
f 2551/2305/2035 2553/2073/2036 2552/2076/2037
f 2553/2073/2036 2551/2305/2035 2554/2306/2038
f 2553/2073/2036 2554/2306/2038 2555/2307/2039
f 2553/2073/2036 2555/2307/2039 2556/2075/1502
f 2557/2068/2040 2558/2308/2040 2559/2309/2041
f 2557/2068/2040 2560/2310/2042 2558/2308/2040
f 2559/2309/2041 2561/2311/2043 2557/2068/2040
f 2560/2310/2042 2557/2068/2040 2562/2070/2042
f 2564/2312/1504 2565/2063/2044 2563/2066/1504
f 2565/2063/2044 2564/2312/1504 2566/2313/2045
f 2567/2314/2046 2565/2063/2044 2566/2313/2045
f 2565/2063/2044 2567/2314/2046 2568/2065/2047
f 2570/2315/1508 2571/2316/2048 2569/2317/1508
f 2571/2316/2048 2570/2315/1508 2572/2318/2048
f 2573/2319/1514 2574/2320/1514 2575/2321/2049
f 2573/2319/1514 2575/2321/2049 2576/2322/931
f 2577/2323/2050 2579/2324/948 2578/2325/2050
f 2579/2324/948 2577/2323/2050 2580/2326/950
f 2583/2327/2051 2581/2027/2052 2582/2328/1777
f 2581/2027/2052 2583/2327/2051 2584/2030/2053
f 2585/2329/2054 2586/2330/2055 2587/2331/2056
f 2588/2332/2057 2587/2331/2056 2586/2330/2055
f 2589/2333/2058 2587/2331/2056 2588/2332/2057
f 2588/2332/2057 2590/2334/2059 2589/2333/2058
f 2590/2334/2059 2588/2332/2057 2591/2335/2060
f 2591/2335/2060 2592/2336/2061 2590/2334/2059
f 2592/2336/2061 2591/2335/2060 2593/2337/2062
f 2593/2337/2062 2594/2338/2063 2592/2336/2061
f 2595/2339/2064 2592/2336/2061 2594/2338/2063
f 2594/2338/2063 2596/2340/2065 2595/2339/2064
f 2596/2340/2065 2594/2338/2063 2597/2341/664
f 2599/2342/2066 2600/2343/2067 2598/2344/2068
f 2600/2343/2067 2599/2342/2066 2601/2345/2069
f 2601/2345/2069 2602/2346/2070 2600/2343/2067
f 2602/2346/2070 2601/2345/2069 2603/2347/669
f 2603/2347/669 2604/2348/672 2602/2346/2070
f 2602/2346/2070 2604/2348/672 2605/2349/2071
f 2606/2350/2072 2605/2349/2071 2604/2348/672
f 2605/2349/2071 2606/2350/2072 2607/2351/2073
f 2610/2352/2074 2608/2353/2075 2609/2354/2076
f 2609/2354/2076 2611/2355/2074 2610/2352/2074
f 2615/2356/2077 2613/2357/2078 2612/2358/2079
f 2615/2356/2077 2616/2359/2080 2614/2360/2080
f 2616/2359/2080 2615/2356/2077 2617/2361/2081
f 2615/2356/2077 2612/2358/2079 2617/2361/2081
f 2619/2362/2082 2620/2363/2083 2618/2364/2084
f 2620/2363/2083 2619/2362/2082 2621/2365/2085
f 2622/2366/2086 2623/2367/2087 2624/2368/2088
f 2622/2366/2086 2624/2368/2088 2625/2369/2086
f 2626/2370/2089 2622/2366/2086 2625/2369/2086
f 2622/2366/2086 2626/2370/2089 2627/2371/2090
f 2630/2372/2091 2629/2373/2092 2628/2374/2093
f 2630/2372/2091 2628/2374/2093 2631/2375/2091
f 2632/2376/2094 2630/2372/2091 2631/2375/2091
f 2630/2372/2091 2632/2376/2094 2633/2377/2094
f 2634/2378/2095 2635/2379/2096 2636/2380/2097
f 2637/2381/2098 2636/2380/2097 2635/2379/2096
f 2636/2380/2097 2638/2382/2095 2634/2378/2095
f 2636/2380/2097 2637/2381/2098 2639/2383/2099
f 2640/2384/2100 2642/2385/2101 2641/2386/2102
f 2642/2385/2101 2640/2384/2100 2643/2387/2103
f 2644/2388/2104 2645/2389/2105 2646/2390/2106
f 2647/2391/2107 2646/2390/2106 2645/2389/2105
f 2646/2390/2106 2648/2392/2104 2644/2388/2104
f 2646/2390/2106 2647/2391/2107 2649/2393/2107
f 2651/2394/2108 2652/2395/2109 2650/2396/1566
f 2652/2395/2110 2654/2397/2111 2653/2398/2112
f 2657/2399/1853 2655/2400/2113 2656/2401/752
f 2655/2400/2113 2657/2399/1853 2658/2402/2114
f 2659/2403/2115 2658/2402/2114 2657/2399/1853
f 2658/2402/2114 2659/2403/2115 2660/2404/2116
f 2659/2403/2115 2585/2329/2054 2660/2404/2116
f 2585/2329/2054 2659/2403/2115 2661/2405/2117
f 2661/2405/2117 2586/2330/2055 2585/2329/2054
f 2662/2406/1599 2663/2407/1599 2664/2408/2118
f 2665/2409/1599 2663/2407/1599 2662/2406/1599
f 2665/2409/1599 2666/2410/1599 2663/2407/1599
f 2667/2411/2119 2668/2412/2120 2669/2413/2121
f 2668/2412/2120 2670/2414/2122 2669/2413/2121
f 2669/2413/2121 2671/2415/2123 2667/2411/2119
f 2670/2414/2122 2672/2416/2124 2669/2413/2121
f 2673/2417/2125 2669/2413/2121 2672/2416/2124
f 2671/2415/2123 2669/2413/2121 2673/2417/2125
f 2675/2418/2126 2671/2415/2123 2673/2417/2125
f 2671/2415/2123 2675/2418/2126 2676/2419/2127
f 2674/2420/2128 2677/2421/1865 2675/2418/2129
f 2675/2418/2126 2678/2422/2130 2676/2419/2127
f 2679/2423/2131 2676/2419/2127 2678/2422/2130
f 2677/2421/2132 2680/2424/2133 2678/2422/2130
f 2678/2422/2130 2680/2424/2133 2679/2423/2131
f 2680/2424/2133 2677/2421/2132 2681/2425/2134
f 2679/2423/2131 2680/2424/2133 2682/2426/2135
f 2683/2427/2136 2680/2424/2133 2681/2425/2134
f 2684/2428/2137 2682/2426/2135 2680/2424/2133
f 2684/2428/2137 2680/2424/2133 2683/2427/2136
f 2684/2428/2137 2683/2427/2136 2685/2429/2138
f 2686/2430/757 2684/2428/2137 2685/2429/2138
f 2685/2429/2138 2687/2431/2139 2686/2430/757
f 2687/2431/2139 2685/2429/2138 2688/2432/2140
f 2688/2432/2140 2689/2433/2141 2687/2431/2139
f 2689/2433/2141 2688/2432/2140 2690/2434/2142
f 2690/2434/2142 2691/2435/2143 2689/2433/2141
f 2689/2433/2141 2691/2435/2143 2692/2436/2144
f 2691/2435/2143 2693/2437/2145 2692/2436/2144
f 2694/2438/1871 2692/2436/2144 2693/2437/2145
f 2693/2437/2145 2695/2439/2146 2694/2438/1871
f 2696/2440/2147 2694/2438/1871 2695/2439/2146
f 2695/2439/2146 2697/2441/1875 2696/2440/2147
f 2697/2441/1875 2695/2439/2146 2698/2442/2148
f 2699/2443/2149 2700/2444/2150 2701/2445/2151
f 2700/2444/2150 2699/2443/2149 2702/2446/2150
f 2703/2447/2152 2700/2444/2150 2702/2446/2150
f 2700/2444/2150 2703/2447/2152 2704/2448/2153
f 2706/2449/2154 2707/2450/2155 2705/2451/2156
f 2707/2450/2155 2706/2449/2154 2708/2452/2157
f 2709/2453/2158 2710/2454/2159 2711/2455/2160
f 2709/2453/2158 2711/2455/2160 2712/2456/2161
f 2713/2457/2162 2709/2453/2158 2712/2456/2161
f 2713/2457/2162 2712/2456/2161 2714/2458/2163
f 2715/2459/2164 2710/2454/2159 2709/2453/2158
f 2713/2457/2162 2715/2459/2164 2709/2453/2158
f 2715/2459/2164 2716/2460/2165 2710/2454/2159
f 2717/2461/2166 2710/2454/2159 2716/2460/2165
f 2715/2459/2164 2713/2457/2162 2718/2462/2167
f 2719/2463/2168 2713/2457/2162 2714/2458/2163
f 2713/2457/2162 2720/2464/2169 2718/2462/2167
f 2721/2465/2170 2710/2454/2159 2717/2461/2166
f 2721/2465/2170 2711/2455/2160 2710/2454/2159
f 2723/2466/2171 2711/2455/2160 2721/2465/2170
f 2720/2464/2169 2713/2457/2162 2724/2467/2172
f 2724/2467/2172 2713/2457/2162 2719/2463/2168
f 2721/2465/2170 2722/2468/2173 2668/2412/2120
f 2721/2465/2170 2668/2412/2120 2723/2466/2171
f 2723/2466/2171 2668/2412/2120 2725/2469/2174
f 2722/2468/2173 2670/2414/2122 2668/2412/2120
f 2668/2412/2120 2667/2411/2119 2725/2469/2174
f 2719/2463/2168 2726/2470/1620 2724/2467/2172
f 2726/2470/1620 2719/2463/2168 2727/2471/2175
f 2727/2471/2175 2728/2472/1622 2726/2470/1620
f 2728/2472/1622 2727/2471/2175 2729/2473/2176
f 2729/2473/2176 2730/2474/1624 2728/2472/1622
f 2730/2474/1624 2729/2473/2176 2731/2475/2177
f 2731/2475/2177 2732/2476/2178 2730/2474/1624
f 2732/2476/2178 2731/2475/2177 2733/2477/2179
f 2734/2478/2180 2736/2479/2181 2735/2480/2182
f 2737/2344/2183 2739/2481/2184 2738/2482/2185
f 2740/2343/2186 2741/2483/2187 2739/2481/2188
f 2741/2483/2187 2740/2343/2186 2742/2346/2189
f 2742/2346/2189 2743/2349/2190 2741/2483/2187
f 2743/2349/2190 2744/2484/1661 2741/2483/2187
f 2743/2349/2190 2745/2485/1664 2744/2484/1661
f 2745/2485/1664 2743/2349/2190 2746/2351/2191
f 2747/2486/1069 2748/2487/2192 2749/2488/2193
f 2748/2487/2192 2747/2486/1069 2750/2489/2194
f 2751/2490/2195 2750/2489/2194 2747/2486/1069
f 2750/2489/2194 2751/2490/2195 2752/2491/2196
f 2751/2490/2195 2753/2492/2197 2752/2491/2196
f 2748/2487/2192 2754/2493/2198 2749/2488/2193
f 2754/2493/2198 2748/2487/2192 2755/2494/2199
f 2755/2494/2199 2756/2495/1667 2754/2493/2198
f 2756/2495/1667 2755/2494/2199 2757/2496/2200
f 2757/2496/2200 2758/2497/2201 2756/2495/1667
f 2756/2495/1667 2758/2497/2201 2759/2498/2202
f 2758/2497/2201 2760/2499/2203 2759/2498/2202
f 2759/2498/2202 2760/2499/2203 2761/2500/2204
f 2760/2499/2203 2762/2501/2205 2761/2500/2204
f 2761/2500/2204 2762/2501/2205 2763/2502/1672
f 2767/2503/2206 2764/2504/2207 2766/2505/2208
f 2765/2506/2209 2764/2504/2207 2767/2503/2206
f 2767/2503/2206 2768/2507/814 2765/2506/2209
f 2768/2507/814 2767/2503/2206 2769/2508/2210
f 2769/2508/2210 2770/2509/2211 2768/2507/814
f 2770/2509/822 2771/2510/2212 2772/2511/2213
f 2773/2512/2214 2770/2509/822 2772/2511/2213
f 2774/2513/2215 2773/2512/2214 2772/2511/2213
f 2775/2514/2216 2773/2512/2214 2774/2513/2215
f 2774/2513/2215 2777/2515/1957 2775/2514/2216
f 2777/2515/1957 2776/2516/2217 2775/2514/2216
f 2777/2515/1957 2774/2513/2215 2778/2517/2218
f 2779/2518/2219 2776/2516/2217 2777/2515/1957
f 2777/2515/1957 2780/2519/2220 2779/2518/2219
f 2780/2519/2220 2778/2517/2221 2781/2520/2222
f 2782/2521/2223 2779/2518/2219 2780/2519/2220
f 2781/2520/2222 2783/2522/1079 2780/2519/2220
f 2780/2519/2220 2783/2522/1079 2782/2521/2223
f 2783/2522/1079 2781/2520/2222 2784/2523/2224
f 2784/2523/2224 2786/2409/2225 2783/2522/1079
f 2785/2524/2226 2783/2522/1079 2786/2409/2225
f 2786/2409/2225 2784/2523/2224 2787/2525/2227
f 2788/2406/2228 2785/2524/2226 2786/2409/2225
f 2753/2492/2197 2751/2490/2195 2790/2345/2229
f 2789/2526/2230 2753/2492/2197 2790/2345/2229
f 2753/2492/2197 2789/2526/2230 2792/2527/2231
f 2791/2528/2232 2793/2529/2233 2789/2526/2230
f 2789/2526/2230 2793/2529/2233 2792/2527/2231
f 2793/2529/2233 2791/2528/2232 2794/2530/2234
f 2792/2527/2231 2793/2529/2233 2795/2531/2235
f 2794/2530/2234 2796/2532/1110 2793/2529/2233
f 2793/2529/2233 2796/2532/1110 2795/2531/2235
f 2796/2532/1110 2794/2530/2234 2797/2533/2236
f 2795/2531/2235 2796/2532/1110 2798/2534/2237
f 2796/2532/1110 2800/2535/1111 2798/2534/2237
f 2799/2536/2238 2801/2400/2239 2800/2535/2240
f 2802/2537/2241 2800/2535/2240 2801/2400/2239
f 2801/2400/2239 2803/2402/2242 2802/2537/2241
f 2804/2538/2243 2802/2537/2241 2803/2402/2242
f 2805/2539/2244 2806/2540/2244 2807/2541/2244
f 2806/2540/2244 2805/2539/2244 2808/2542/2244
f 2809/2543/2245 2808/2542/2244 2805/2539/2244
f 2808/2542/2244 2809/2543/2245 2810/2544/2244
f 2812/2545/830 2813/2546/2246 2811/2471/2247
f 2813/2546/2246 2814/2473/2248 2811/2471/2247
f 2813/2546/2246 2815/2547/2249 2814/2473/2248
f 2814/2473/2248 2815/2547/2249 2816/2475/2250
f 2815/2547/2249 2817/2548/2251 2816/2475/2250
f 2818/2477/2252 2816/2475/2250 2817/2548/2251
f 2817/2548/2251 2820/2549/2253 2818/2477/2252
f 2820/2549/2253 2817/2548/2251 2821/2550/2254
f 2822/2551/2255 2821/2550/2254 2819/2552/2256
f 2821/2550/2254 2823/2553/2257 2820/2549/2253
f 2824/2554/2258 2821/2550/2254 2822/2551/2255
f 2823/2553/2257 2821/2550/2254 2824/2554/2258
f 2825/2555/2259 2824/2554/2258 2822/2551/2255
f 2826/2556/2260 2824/2554/2258 2825/2555/2259
f 2827/2557/2261 2828/2451/2261 2829/2450/1684
f 2827/2557/2261 2829/2450/1684 2830/2558/2262
f 2831/2559/1971 2833/2444/2263 2832/2448/1971
f 2833/2444/2263 2831/2559/1971 2834/2560/2263
f 2835/2561/1119 2833/2444/2263 2834/2560/2263
f 2835/2561/1119 2836/2445/1119 2833/2444/2263
f 2838/2503/2264 2839/2562/1121 2837/2563/2265
f 2839/2562/1121 2838/2503/2264 2840/2505/2266
f 2840/2505/2266 2841/2564/2267 2839/2562/1121
f 2841/2564/2267 2840/2505/2266 2842/2565/2268
f 2825/2555/2259 2843/2566/2269 2826/2556/2260
f 2843/2566/2269 2825/2555/2259 2844/2567/2270
f 2845/2568/2271 2843/2566/2269 2844/2567/2270
f 2843/2566/2269 2845/2568/2271 2846/2569/875
f 2845/2568/2271 2847/2570/2272 2846/2569/875
f 2847/2570/2272 2845/2568/2271 2848/2571/2273
f 2848/2571/2273 2849/2572/2274 2847/2570/2272
f 2849/2572/2274 2848/2571/2273 2850/2573/2275
f 2851/2574/2276 2849/2572/2274 2850/2573/2275
f 2852/2575/881 2849/2572/2274 2851/2574/2276
f 2851/2574/2276 2853/2480/2277 2852/2575/881
f 2854/2576/1163 2852/2575/881 2853/2480/2277
f 2853/2480/2277 2855/2577/2278 2854/2576/1163
f 2855/2577/2278 2853/2480/2277 2856/2479/2279
f 2856/2479/2279 2857/2578/2280 2855/2577/2278
f 2855/2577/2278 2857/2578/2280 2858/2579/1166
f 2857/2578/2280 2859/2580/2281 2858/2579/1166
f 2859/2580/2281 2857/2578/2280 2860/2581/2282
f 2861/2582/2283 2863/2395/2284 2862/2394/2285
f 2863/2395/2284 2861/2582/2283 2864/2583/2286
f 2865/2584/2287 2863/2395/2284 2864/2583/2286
f 2863/2395/2284 2865/2584/2287 2866/2397/2288
f 2865/2584/2287 2867/2585/2289 2866/2397/2288
f 2866/2397/2288 2867/2585/2289 2868/2586/2290
f 2867/2585/2289 2869/2587/2291 2868/2586/2290
f 2868/2586/2290 2869/2587/2291 2870/2588/2292
f 2871/2589/898 2872/2590/2293 2873/2591/2293
f 2872/2590/2293 2871/2589/898 2874/2592/898
f 2875/2593/1999 2877/2594/2294 2876/2595/1999
f 2877/2594/2294 2875/2593/1999 2878/2596/2294
f 2877/2594/2294 2878/2596/2294 2879/2597/1173
f 2879/2597/1173 2880/2598/1173 2877/2594/2294
f 2881/2599/1177 2882/2600/1177 2883/2601/2000
f 2881/2599/1177 2883/2601/2000 2884/2602/2000
f 2885/2603/2295 2886/2604/1729 2887/2605/903
f 2886/2604/1729 2885/2603/2295 2888/2606/2296
f 2890/2607/907 2892/2390/1753 2891/2393/908
f 2892/2390/1753 2890/2607/907 2893/2608/1753
f 2894/2609/1192 2895/2610/2297 2896/2611/1192
f 2895/2610/2297 2894/2609/1192 2897/2612/2297
f 2899/2613/1199 2898/2384/2298 2900/2614/2298
f 2899/2613/1199 2901/2387/1199 2898/2384/2298
f 2902/2615/1200 2904/2380/2299 2903/2383/1200
f 2904/2380/2299 2902/2615/1200 2905/2616/2299
f 2904/2380/2299 2905/2616/2299 2906/2617/2024
f 2904/2380/2299 2906/2617/2024 2907/2382/2024
f 2911/2489/2300 2910/2618/2032 2909/2619/2027
f 2908/2620/2026 2911/2489/2300 2909/2619/2027
f 2911/2489/2300 2912/2491/2301 2910/2618/2032
f 2911/2489/2300 2908/2620/2026 2913/2487/2302
f 2912/2491/2301 2914/2492/2303 2910/2618/2032
f 2908/2620/2026 2915/2494/2304 2913/2487/2302
f 2889/2621/2305 2910/2618/2032 2914/2492/2303
f 2915/2494/2304 2908/2620/2026 2916/2622/912
f 2916/2622/912 2917/2496/2306 2915/2494/2304
f 2917/2496/2306 2916/2622/912 2918/2623/913
f 2918/2623/913 2919/2497/2307 2917/2496/2306
f 2919/2497/2307 2918/2623/913 2920/2624/2308
f 2920/2624/2308 2921/2499/2309 2919/2497/2307
f 2921/2499/2309 2920/2624/2308 2922/2625/916
f 2922/2625/916 2923/2501/2310 2921/2499/2309
f 2923/2501/2310 2922/2625/916 2924/2626/918
f 2925/2627/2037 2926/2628/1202 2927/2629/1202
f 2926/2628/1202 2925/2627/2037 2928/2630/2037
f 2931/2631/2311 2930/2372/2041 2929/2632/2041
f 2932/2373/1206 2930/2372/2041 2931/2631/2311
f 2933/2633/2047 2936/2634/2312 2934/2635/2047
f 2936/2634/2312 2933/2633/2047 2935/2636/1214
f 2938/2637/2048 2939/2638/2313 2937/2639/2048
f 2939/2638/2313 2938/2637/2048 2940/2640/2313
f 2942/2641/1215 2939/2638/2313 2940/2640/2313
f 2942/2641/1215 2941/2642/1215 2939/2638/2313
f 2944/2366/2314 2945/2643/923 2943/2644/1760
f 2945/2643/923 2944/2366/2314 2946/2371/923
f 2947/2645/925 2948/2646/925 2949/2647/1761
f 2947/2645/925 2949/2647/1761 2950/2648/1761
f 2952/2649/1763 2953/2650/2315 2951/2651/2316
f 2953/2650/2315 2952/2649/1763 2955/2652/2317
f 2956/2653/2318 2954/2654/933 2953/2650/2315
f 2956/2653/2318 2953/2650/2315 2955/2652/2317
f 2957/2655/935 2958/2364/935 2959/2363/2319
f 2957/2655/935 2959/2363/2319 2960/2656/2320
f 2964/2657/942 2961/2658/1770 2962/2659/1769
f 2961/2658/1770 2964/2657/942 2963/2660/942
f 2965/2661/2321 2966/2662/943 2967/2356/1772
f 2966/2662/943 2968/2357/943 2967/2356/1772
f 2969/2352/2322 2970/2663/2323 2971/2664/1775
f 2969/2352/2322 2971/2664/1775 2972/2353/1775
f 2976/2665/2324 2974/2666/2051 2973/2667/2325
f 2977/2668/1219 2976/2665/2324 2975/2669/1219
f 2974/2666/2051 2976/2665/2324 2978/2670/2324
f 2976/2665/2324 2977/2668/1219 2978/2670/2324
