# Blender 5.1.2
# www.blender.org
mtllib pizza attempt 1.mtl
o Pizza_Box
v -1.058350 0.000067 -1.026000
v -1.125850 -0.161933 -0.958500
v -1.125850 0.000067 -0.958500
v -1.058350 -0.161933 -1.026000
v 0.858646 0.000067 -1.026000
v 0.858646 -0.161933 -1.026000
v 0.926146 0.000067 -0.958500
v 0.926146 -0.161933 -0.958500
v 0.872146 -0.114079 0.972000
v -1.071850 -0.114079 0.972000
v -1.071850 0.000067 0.972000
v 0.872146 0.000067 0.972000
v -1.058350 0.000067 -1.026000
v -1.125850 0.000067 -0.958500
v -1.071850 0.000067 -0.972000
v -1.125850 0.000067 0.958500
v 0.872146 0.000067 -0.972000
v -1.071850 0.000067 0.972000
v 0.858646 0.000067 -1.026000
v -1.058350 0.000067 1.026000
v 0.926146 0.000067 -0.958500
v 0.872146 0.000067 0.972000
v 0.858646 0.000067 1.026000
v 0.926146 0.000067 0.958500
v -1.071850 -0.114079 -0.972000
v -1.071850 -0.114079 0.972000
v 0.872146 -0.114079 0.972000
v 0.872146 -0.114079 -0.972000
v 0.926146 0.000067 -0.958500
v 0.926146 -0.161933 -0.958500
v 0.926146 0.000067 0.958500
v 0.926146 -0.161933 0.958500
v -1.071850 -0.114079 0.972000
v -1.071850 -0.114079 -0.972000
v -1.071850 0.000067 -0.972000
v -1.071850 0.000067 0.972000
v -1.125850 -0.161933 0.958500
v -1.125850 0.000067 0.958500
v -1.058350 -0.161933 1.026000
v -1.058350 0.000067 1.026000
v 0.858646 -0.161933 1.026000
v 0.858646 0.000067 1.026000
v 0.926146 0.000067 0.958500
v 0.926146 -0.161933 0.958500
v -1.071850 -0.114079 -0.972000
v 0.872146 0.000067 -0.972000
v -1.071850 0.000067 -0.972000
v 0.872146 -0.114079 -0.972000
v -1.125850 -0.161933 -0.958500
v 0.926146 -0.161933 -0.958500
v -1.125850 -0.161933 0.958500
v 0.858646 -0.161933 -1.026000
v -1.058350 -0.161933 -1.026000
v 0.926146 -0.161933 0.958500
v 0.858646 -0.161933 1.026000
v -1.058350 -0.161933 1.026000
v -1.125850 -0.161933 -0.958500
v -1.125850 0.000067 -0.958500
v -1.125850 -0.161933 0.958500
v -1.125850 0.000067 0.958500
v 0.872146 0.000067 0.972000
v 0.872146 0.000067 -0.972000
v 0.872146 -0.114079 -0.972000
v 0.872146 -0.114079 0.972000
vn -0.3863 -0.0000 -0.9224
vn -0.9223 -0.0000 -0.3865
vn 0.3863 -0.0000 -0.9224
vn 0.9223 -0.0000 -0.3865
vn -0.0000 -0.0000 -1.0000
vn -0.0000 1.0000 -0.0000
vn 0.9225 -0.0000 -0.3861
vn 0.9225 -0.0000 0.3861
vn 1.0000 -0.0000 -0.0000
vn -0.9223 -0.0000 0.3865
vn -0.3863 -0.0000 0.9224
vn 0.3863 -0.0000 0.9224
vn 0.9223 -0.0000 0.3865
vn -0.0000 -0.0000 1.0000
vn -0.0000 -1.0000 -0.0000
vn -0.9225 -0.0000 0.3861
vn -0.9225 -0.0000 -0.3861
vn -1.0000 -0.0000 -0.0000
vt 26.958500 -54.918999
vt 27.025999 -55.081001
vt 27.025999 -54.918999
vt 26.958500 -55.081001
vt 25.041500 -54.918999
vt 25.041500 -55.081001
vt 24.974001 -54.918999
vt 24.974001 -55.081001
vt 25.028000 -55.033100
vt 26.972000 -55.033100
vt 26.972000 -54.918999
vt 25.028000 -54.918999
vt 24.974001 -55.958500
vt 25.041500 -56.026001
vt 25.028000 -55.972000
vt 26.958500 -56.026001
vt 25.028000 -54.028000
vt 26.972000 -55.972000
vt 24.974001 -54.041500
vt 25.041500 -53.973999
vt 27.025999 -55.958500
vt 26.972000 -54.028000
vt 27.025999 -54.041500
vt 26.958500 -53.973999
s 1
usemtl Meshpart2Mtl
f 1/1/1 2/2/2 3/3/2
f 2/2/2 1/1/1 4/4/1
f 1/1/1 5/5/3 4/4/1
f 4/4/1 5/5/3 6/6/3
f 6/6/3 5/5/3 7/7/4
f 6/6/3 7/7/4 8/8/4
f 9/9/5 10/10/5 11/11/5
f 11/11/5 12/12/5 9/9/5
f 13/13/6 14/14/6 15/15/6
f 16/16/6 15/15/6 14/14/6
f 15/15/6 17/17/6 13/13/6
f 15/15/6 16/16/6 18/18/6
f 13/13/6 17/17/6 19/19/6
f 21/20/6 19/19/6 17/17/6
f 20/21/6 22/22/6 18/18/6
f 17/17/6 22/22/6 21/20/6
f 22/22/6 20/21/6 23/23/6
f 24/24/6 21/20/6 22/22/6
f 23/23/6 24/24/6 22/22/6
f 25/15/6 26/18/6 27/22/6
f 25/15/6 27/22/6 28/17/6
f 29/1/7 31/5/8 30/4/7
f 32/6/8 30/4/7 31/5/8
f 33/9/9 34/10/9 35/11/9
f 33/9/9 35/11/9 36/12/9
f 38/7/10 37/8/10 39/6/11
f 39/6/11 40/5/11 38/7/10
f 39/6/11 41/4/12 40/5/11
f 40/5/11 41/4/12 42/1/12
f 42/1/12 41/4/12 44/2/13
f 42/1/12 44/2/13 43/3/13
f 45/9/14 46/11/14 47/12/14
f 46/11/14 45/9/14 48/10/14
f 49/16/15 50/24/15 51/14/15
f 50/24/15 49/16/15 52/23/15
f 52/23/15 49/16/15 53/21/15
f 51/14/15 50/24/15 54/20/15
f 51/14/15 54/20/15 55/19/15
f 51/14/15 55/19/15 56/13/15
f 59/4/16 58/5/17 57/6/17
f 58/5/17 59/4/16 60/1/16
f 61/11/18 62/12/18 63/9/18
f 61/11/18 63/9/18 64/10/18
o Pizza_Box.001
v 0.667323 1.011350 -0.958543
v 0.674610 0.836000 -1.026040
v 0.606144 0.982821 -1.026040
v 0.735788 0.864528 -0.958545
v 0.667405 1.011370 0.958457
v 0.735870 0.864546 0.958455
v 0.674697 0.836019 1.025960
v 0.667405 1.011370 0.958457
v 0.606231 0.982841 1.025960
v 0.735870 0.864546 0.958455
v -1.131150 0.172666 1.026040
v -1.062690 0.025845 1.026040
v -1.131240 0.172647 -1.025960
v -1.123950 -0.002701 -0.958457
v -1.192410 0.144120 -0.958455
v -1.062770 0.025826 -1.025960
v 0.606144 0.982821 -1.026040
v 0.674610 0.836000 -1.026040
v -1.192330 0.144138 0.958545
v -1.123870 -0.002683 0.958543
v -1.062690 0.025845 1.026040
v -1.131150 0.172666 1.026040
v -1.192410 0.144120 -0.958455
v -1.123950 -0.002701 -0.958457
v -1.192410 0.144120 -0.958455
v -1.192330 0.144138 0.958545
v 0.667405 1.011370 0.958457
v 0.606231 0.982841 1.025960
v -1.131150 0.172666 1.026040
v 0.667323 1.011350 -0.958543
v 0.606144 0.982821 -1.026040
v -1.131240 0.172647 -1.025960
v 0.674610 0.836000 -1.026040
v 0.735788 0.864528 -0.958545
v 0.686847 0.841707 -0.972042
v 0.735870 0.864546 0.958455
v -1.075010 0.020121 -0.971959
v 0.686930 0.841725 0.971958
v -1.062770 0.025826 -1.025960
v 0.674697 0.836019 1.025960
v -1.123950 -0.002701 -0.958457
v -1.062690 0.025845 1.026040
v -1.074920 0.020139 0.972041
v -1.123870 -0.002683 0.958543
v -1.123250 0.123571 -0.971958
v 0.638606 0.945158 -0.972041
v -1.123170 0.123590 0.972042
v 0.638689 0.945176 0.971959
v -1.123250 0.123571 -0.971958
v -1.074920 0.020139 0.972041
v -1.075010 0.020121 -0.971959
v -1.123170 0.123590 0.972042
v 0.638606 0.945158 -0.972041
v -1.123250 0.123571 -0.971958
v -1.075010 0.020121 -0.971959
v 0.686847 0.841707 -0.972042
v -1.074920 0.020139 0.972041
v 0.638689 0.945176 0.971959
v 0.686930 0.841725 0.971958
v -1.123170 0.123590 0.972042
v 0.638689 0.945176 0.971959
v 0.638606 0.945158 -0.972041
v 0.686847 0.841707 -0.972042
v 0.686930 0.841725 0.971958
v -1.125850 0.000067 -0.958500
v -1.071850 0.000067 0.972000
v -1.125850 0.000067 -0.958500
v -1.125850 0.000067 0.958500
v -1.071850 0.000067 0.972000
v -1.058350 0.000067 1.026000
v -1.071850 0.000067 0.972000
v -1.125850 0.000067 0.958500
v -1.058350 0.000067 1.026000
v -1.125850 0.000067 -0.958500
v -1.125850 0.000067 0.958500
vn 0.8344 0.3936 -0.3857
vn 0.3472 0.1657 -0.9230
vn 0.8345 0.3936 0.3856
vn 0.3471 0.1657 0.9231
vn 0.8344 0.3936 0.3858
vn -0.3475 -0.1579 0.9243
vn -0.3475 -0.1580 0.9243
vn -0.3476 -0.1580 -0.9242
vn -0.8344 -0.3936 -0.3858
vn 0.3470 0.1657 -0.9231
vn 0.3471 0.1656 -0.9231
vn -0.8344 -0.3936 0.3857
vn -0.3477 -0.1580 0.9242
vn -0.3476 -0.1580 0.9242
vn -0.8345 -0.3936 -0.3856
vn -0.4250 0.9052 -0.0000
vn -0.4251 0.9052 -0.0000
vn 0.4250 -0.9052 -0.0000
vn 0.3928 -0.9191 0.0314
vn 0.4501 -0.8924 0.0316
vn 0.3928 -0.9191 -0.0314
vn 0.4501 -0.8924 -0.0316
vn 0.5095 -0.8544 0.1019
vn 0.3311 -0.9380 0.1024
vn 0.5095 -0.8544 -0.1018
vn 0.3311 -0.9380 -0.1024
vn 0.5094 -0.8545 0.1018
vn 0.4501 -0.8924 -0.0315
vn 0.4501 -0.8924 0.0315
vn 0.5094 -0.8545 -0.1018
vn 0.3928 -0.9191 0.0313
vn 0.4502 -0.8924 -0.0315
vn 0.5095 -0.8545 -0.1018
vn 0.3312 -0.9380 0.1024
vn -0.0000 1.0000 -0.0000
vt 0.948153 0.092723
vt 0.980243 0.015708
vt 0.980243 0.092723
vt 0.948153 0.015708
vt 0.036804 0.092723
vt 0.036804 0.015708
vt 0.050256 0.110195
vt 0.868364 0.110195
vt 0.868364 0.985917
vt 0.897171 0.957110
vt 0.897171 0.139002
vt 0.050256 0.985917
vt 0.021449 0.957110
vt 0.021449 0.139002
vt 0.044494 0.962872
vt 0.044494 0.133241
vt 0.874126 0.962872
vt 0.874126 0.133241
vt 0.949783 0.150186
vt 0.949783 0.183083
vt 0.982680 0.150186
vt 0.982680 0.183083
vt 26.958500 -56.026001
vt 27.025999 -55.958500
vt 26.972000 -55.972000
s 1
usemtl Meshpart1Mtl
f 65/25/19 66/26/20 67/27/20
f 66/26/20 65/25/19 68/28/19
f 69/29/21 68/28/19 65/25/19
f 68/28/19 69/29/21 70/30/21
f 71/28/22 72/27/23 73/25/22
f 72/27/23 71/28/22 74/26/23
f 75/29/24 71/28/22 73/25/22
f 76/30/25 71/28/22 75/29/24
f 77/25/26 78/26/27 79/27/27
f 78/26/27 77/25/26 80/28/26
f 77/25/26 81/29/28 80/28/26
f 80/28/26 81/29/28 82/30/29
f 83/25/30 84/28/30 85/26/31
f 83/25/30 85/26/31 86/27/32
f 83/25/30 87/29/33 84/28/30
f 88/30/33 84/28/30 87/29/33
f 89/31/34 90/32/34 91/33/34
f 90/32/34 92/34/34 91/33/34
f 92/34/34 90/32/34 93/35/35
f 94/36/34 89/31/34 91/33/34
f 95/37/34 89/31/34 94/36/34
f 89/31/34 95/37/34 96/38/35
f 97/37/36 98/36/36 99/39/37
f 98/36/36 100/33/36 99/39/37
f 101/40/38 97/37/36 99/39/37
f 102/41/39 99/39/37 100/33/36
f 97/37/36 101/40/38 103/38/36
f 100/33/36 104/34/36 102/41/39
f 105/31/36 103/38/36 101/40/38
f 106/35/36 102/41/39 104/34/36
f 107/42/40 105/31/36 101/40/38
f 107/42/40 102/41/39 106/35/36
f 105/31/36 107/42/40 108/32/36
f 106/35/36 108/32/36 107/42/40
f 109/43/41 110/44/42 111/45/43
f 111/45/43 110/44/42 112/46/44
f 113/40/45 114/42/46 115/40/47
f 114/42/46 113/40/45 116/42/48
f 117/39/42 118/40/45 119/40/47
f 119/40/47 120/39/49 117/39/42
f 121/42/50 122/41/44 123/41/39
f 122/41/44 121/42/50 124/42/51
f 125/41/44 126/39/52 127/39/37
f 125/41/44 127/39/37 128/41/39
usemtl Meshpart2Mtl
f 132/47/53 134/48/53 133/49/53
l 131 132
l 136 137
l 138 139
o Pizza_Box.002
v 0.145916 0.002236 0.350822
v 0.116643 0.002236 0.421493
v 0.116643 0.002236 0.280151
v 0.146270 -0.006691 0.350822
v 0.116893 -0.006691 0.421743
v 0.116893 -0.006691 0.279901
v 0.091739 0.002169 0.630309
v 0.064940 0.002169 0.695008
v 0.092064 -0.006264 0.630309
v 0.065170 -0.006264 0.695238
v 0.064940 0.002169 0.565610
v 0.065170 -0.006264 0.565381
v -0.048244 0.006936 0.350822
v 0.045972 0.006936 0.445038
v 0.045972 0.006936 0.256606
v -0.020649 0.006936 0.417443
v -0.020649 0.006936 0.284201
v 0.140188 0.006936 0.350822
v 0.112593 0.006936 0.284201
v 0.112593 0.006936 0.417443
v -0.086013 0.006575 0.630309
v 0.061232 0.006575 0.691300
v 0.000241 0.006575 0.544055
v -0.060750 0.006575 0.569318
v 0.061232 0.006575 0.569318
v 0.086496 0.006575 0.630309
v -0.060750 0.006575 0.691300
v 0.000241 0.006575 0.716564
v 0.140188 0.006936 0.350822
v 0.112593 0.006936 0.417443
v 0.145916 0.002236 0.350822
v 0.112593 0.006936 0.284201
v 0.116643 0.002236 0.421493
v 0.116643 0.002236 0.280151
v 0.045972 0.002236 0.450766
v 0.045972 0.006936 0.445038
v -0.020649 0.006936 0.417443
v -0.024699 0.002236 0.421493
v -0.053972 0.002236 0.350822
v -0.048244 0.006936 0.350822
v -0.020649 0.006936 0.284201
v -0.024699 0.002236 0.280151
v 0.045972 0.002236 0.250878
v 0.045972 0.006936 0.256606
v 0.091739 0.002169 0.630309
v 0.064940 0.002169 0.695008
v 0.064940 0.002169 0.565610
v 0.086496 0.006575 0.630309
v 0.061232 0.006575 0.691300
v 0.061232 0.006575 0.569318
v 0.000241 0.006575 0.716564
v 0.000241 0.002169 0.721807
v -0.064458 0.002169 0.695008
v -0.060750 0.006575 0.691300
v -0.091257 0.002169 0.630309
v -0.086013 0.006575 0.630309
v -0.060750 0.006575 0.569318
v -0.064458 0.002169 0.565610
v 0.000241 0.002169 0.538811
v 0.000241 0.006575 0.544055
v 0.116643 0.002236 0.421493
v 0.116893 -0.006691 0.421743
v 0.045972 -0.006691 0.451120
v 0.045972 0.002236 0.450766
v -0.024699 0.002236 0.421493
v -0.024950 -0.006691 0.421743
v 0.064940 0.002169 0.695008
v 0.065170 -0.006264 0.695238
v 0.000241 -0.006264 0.722132
v 0.000241 0.002169 0.721807
v -0.064458 0.002169 0.695008
v -0.064687 -0.006264 0.695238
v -0.024699 0.002236 0.421493
v -0.024950 -0.006691 0.421743
v -0.054326 -0.006691 0.350822
v -0.053972 0.002236 0.350822
v -0.024699 0.002236 0.280151
v -0.024950 -0.006691 0.279901
v -0.064458 0.002169 0.695008
v -0.064687 -0.006264 0.695238
v -0.091582 -0.006264 0.630309
v -0.091257 0.002169 0.630309
v -0.064458 0.002169 0.565610
v -0.064687 -0.006264 0.565381
v 0.045972 -0.006691 0.451120
v -0.024950 -0.006691 0.421743
v 0.116893 -0.006691 0.421743
v -0.054326 -0.006691 0.350822
v 0.116893 -0.006691 0.279901
v 0.146270 -0.006691 0.350822
v -0.024950 -0.006691 0.279901
v 0.045972 -0.006691 0.250524
v 0.000241 -0.006264 0.722132
v 0.092064 -0.006264 0.630309
v 0.065170 -0.006264 0.695238
v -0.064687 -0.006264 0.565381
v 0.065170 -0.006264 0.565381
v 0.000241 -0.006264 0.538486
v -0.064687 -0.006264 0.695238
v -0.091582 -0.006264 0.630309
v 0.116643 0.002236 0.280151
v 0.116893 -0.006691 0.279901
v 0.045972 -0.006691 0.250524
v -0.024699 0.002236 0.280151
v -0.024950 -0.006691 0.279901
v 0.045972 0.002236 0.250878
v 0.064940 0.002169 0.565610
v 0.065170 -0.006264 0.565381
v 0.000241 -0.006264 0.538486
v -0.064458 0.002169 0.565610
v -0.064687 -0.006264 0.565381
v 0.000241 0.002169 0.538811
v 0.617573 0.025172 0.493103
v 0.305803 -0.047058 0.857290
v 0.650824 -0.047058 0.512302
v 0.617573 -0.119289 0.493103
v 0.286607 0.025172 0.824038
v -0.165488 0.025172 0.945152
v -0.165489 -0.047058 0.983548
v -0.165488 -0.119289 0.945152
v 0.286607 -0.119289 0.824038
v 0.617573 0.025172 0.493103
v 0.286607 0.025172 0.824038
v 0.505344 0.014819 0.428300
v -0.165488 0.025172 0.945152
v -0.165481 0.014819 0.815557
v 0.221815 0.014819 0.711802
v -0.165488 0.025172 0.945152
v -0.165480 -0.040841 0.793902
v -0.165489 -0.047058 0.983548
v -0.165481 0.014819 0.815557
v -0.165488 -0.119289 0.945152
v -0.165480 -0.066020 0.793789
v -0.165481 -0.108936 0.815557
v 0.505344 0.014819 0.428300
v -0.165481 0.014819 0.815557
v 0.221815 0.014819 0.711802
v -0.130421 -0.043640 0.783421
v -0.165480 -0.040841 0.793902
v -0.165480 -0.066020 0.793789
v 0.210443 -0.043640 0.692105
v 0.459982 -0.043640 0.442590
v 0.486591 -0.040841 0.417471
v 0.486493 -0.066020 0.417415
v 0.617573 -0.119289 0.493103
v -0.165488 -0.119289 0.945152
v 0.286607 -0.119289 0.824038
v 0.505344 -0.108936 0.428300
v -0.165481 -0.108936 0.815557
v 0.221815 -0.108936 0.711802
v 0.617573 -0.119289 0.493103
v 0.486591 -0.040841 0.417471
v 0.650824 -0.047058 0.512302
v 0.617573 0.025172 0.493103
v 0.505344 0.014819 0.428300
v 0.486493 -0.066020 0.417415
v 0.505344 -0.108936 0.428300
v 0.215724 -0.033550 0.701515
v 0.477711 -0.033550 0.439553
v -0.152297 -0.033550 0.063306
v -0.142144 -0.033550 0.797386
v -0.165589 -0.065990 0.793864
v -0.152297 -0.033550 0.063306
v -0.165551 -0.065990 0.041052
v -0.142144 -0.033550 0.797386
v -0.165551 -0.108906 0.041052
v -0.165590 -0.108906 0.815632
v 0.221705 -0.108906 0.711877
v -0.165590 -0.108906 0.815632
v -0.165551 -0.108906 0.041052
v 0.505235 -0.108906 0.428375
v -0.152297 -0.033550 0.063306
v 0.477711 -0.033550 0.439553
v 0.486384 -0.065990 0.417490
v -0.165551 -0.065990 0.041052
v -0.165551 -0.108906 0.041052
v 0.505235 -0.108906 0.428375
v 0.473883 -0.041612 0.419266
v 0.440372 -0.050464 0.463500
v 0.316713 -0.054969 0.498098
v 0.436985 -0.029880 0.465926
v 0.262722 -0.057238 0.529810
v 0.279836 -0.029341 0.513722
v 0.160332 -0.047783 0.682320
v 0.046966 -0.056194 0.734711
v -0.071963 -0.056288 0.726720
v 0.152518 -0.027701 0.683901
v -0.070843 -0.028991 0.728511
v -0.122493 -0.054878 0.740756
v 0.048648 -0.029369 0.735589
v 0.159082 -0.012702 0.647179
v 0.267629 -0.012713 0.505465
v 0.398156 -0.012976 0.466078
v 0.450758 -0.015543 0.432621
v -0.162662 -0.027893 0.735332
v -0.161768 -0.056942 0.731231
v -0.189055 -0.028846 0.453956
v -0.175715 -0.028646 0.047741
v -0.160330 -0.012244 0.070693
v -0.127422 -0.015473 0.054884
v -0.137291 -0.005814 0.109604
v -0.136754 -0.005770 0.551320
v -0.105638 -0.004842 0.134060
v -0.101821 -0.005993 0.105322
v 0.119016 -0.004851 0.211591
v -0.003550 -0.018204 0.128726
v 0.146793 -0.005959 0.208432
v 0.297373 -0.005794 0.333731
v 0.184696 -0.028796 0.206507
v 0.298420 -0.012138 0.307332
v 0.441557 -0.013132 0.398824
v 0.309026 -0.028528 0.295146
v 0.453057 -0.029634 0.380682
v 0.473883 -0.041612 0.419266
v 0.436985 -0.029880 0.465926
v 0.279836 -0.029341 0.513722
v 0.152518 -0.027701 0.683901
v -0.070843 -0.028991 0.728511
v 0.048648 -0.029369 0.735589
v 0.159082 -0.012702 0.647179
v 0.056679 -0.013157 0.708506
v -0.071711 -0.012595 0.701934
v 0.045529 -0.005750 0.656911
v 0.267629 -0.012713 0.505465
v 0.398156 -0.012976 0.466078
v 0.249935 -0.005640 0.484480
v 0.450758 -0.015543 0.432621
v 0.414662 -0.006343 0.426342
v 0.143462 -0.005646 0.608329
v 0.356456 -0.004789 0.419553
v 0.230304 -0.004741 0.467926
v 0.104440 -0.004697 0.583028
v -0.096784 -0.004795 0.584021
v -0.123083 -0.006376 0.657037
v -0.142228 -0.015295 0.716971
v -0.163425 -0.013083 0.654560
v -0.162662 -0.027893 0.735332
v -0.189055 -0.028846 0.453956
v -0.175715 -0.028646 0.047741
v -0.177838 -0.056999 0.232602
v -0.156742 -0.081057 0.067361
v -0.176587 -0.055076 0.043990
v -0.163425 -0.013083 0.654560
v -0.162662 -0.027893 0.735332
v -0.161768 -0.056942 0.731231
v -0.186816 -0.048298 0.630414
v -0.175715 -0.028646 0.047741
v -0.176587 -0.055076 0.043990
v -0.131813 -0.050877 0.041188
v -0.127422 -0.015473 0.054884
v -0.177838 -0.056999 0.232602
v -0.156742 -0.081057 0.067361
v -0.176587 -0.055076 0.043990
v -0.131813 -0.050877 0.041188
v -0.018410 -0.056563 0.120695
v -0.067862 -0.081207 0.151743
v 0.172731 -0.066346 0.223977
v 0.157186 -0.081181 0.254001
v 0.284804 -0.081186 0.342609
v 0.183379 -0.049112 0.205800
v 0.310252 -0.048968 0.295035
v 0.473883 -0.041612 0.419266
v 0.454347 -0.050012 0.380859
v 0.439843 -0.068306 0.398434
v 0.304232 -0.065901 0.314155
v 0.427602 -0.081172 0.422367
v 0.440372 -0.050464 0.463500
v 0.405545 -0.081257 0.436853
v 0.316713 -0.054969 0.498098
v 0.299818 -0.081311 0.451169
v 0.262722 -0.057238 0.529810
v 0.222254 -0.081343 0.501710
v 0.146623 -0.065542 0.666481
v 0.133129 -0.081363 0.627627
v 0.050264 -0.081304 0.684404
v 0.160332 -0.047783 0.682320
v 0.046966 -0.056194 0.734711
v -0.071963 -0.056288 0.726720
v -0.070564 -0.081265 0.677533
v -0.136247 -0.081089 0.695561
v -0.122493 -0.054878 0.740756
v -0.161768 -0.056942 0.731231
v -0.168131 -0.065563 0.609791
v -0.133038 -0.081186 0.577760
v -0.131640 -0.081212 0.250429
v -0.186816 -0.048298 0.630414
v -0.131813 -0.050877 0.041188
v -0.018410 -0.056563 0.120695
v -0.127422 -0.015473 0.054884
v -0.003550 -0.018204 0.128726
v 0.146793 -0.005959 0.208432
v 0.183379 -0.049112 0.205800
v 0.184696 -0.028796 0.206507
v 0.441557 -0.013132 0.398824
v 0.310252 -0.048968 0.295035
v 0.309026 -0.028528 0.295146
v 0.453057 -0.029634 0.380682
v 0.473883 -0.041612 0.419266
v 0.454347 -0.050012 0.380859
v 0.211327 -0.028846 0.236507
v 0.211327 -0.028846 0.236507
v 0.365267 -0.048298 0.322790
v 0.365267 -0.048298 0.322790
vn 0.9126 0.4089 -0.0000
vn 0.6452 0.4091 0.6452
vn 0.9992 0.0396 -0.0000
vn 0.6452 0.4092 -0.6452
vn 0.7067 0.0393 0.7065
vn 0.7067 0.0393 -0.7065
vn 0.9155 0.4024 -0.0000
vn 0.6473 0.4025 0.6473
vn 0.9992 0.0391 -0.0000
vn 0.7066 0.0393 0.7065
vn 0.6473 0.4026 -0.6473
vn 0.7066 0.0393 -0.7065
vn -0.0000 1.0000 -0.0000
vn 0.6371 0.7708 -0.0000
vn 0.4491 0.7724 0.4491
vn 0.9125 0.4091 -0.0000
vn 0.4490 0.7725 -0.4490
vn 0.6452 0.4092 0.6452
vn -0.0000 0.4091 0.9125
vn -0.0000 0.7708 0.6371
vn -0.4491 0.7724 0.4491
vn -0.6452 0.4092 0.6452
vn -0.9125 0.4091 -0.0000
vn -0.6371 0.7708 -0.0000
vn -0.4491 0.7724 -0.4491
vn -0.6452 0.4092 -0.6452
vn -0.0000 0.4091 -0.9125
vn -0.0000 0.7708 -0.6371
vn 0.9154 0.4025 -0.0000
vn 0.6455 0.7637 -0.0000
vn 0.6473 0.4026 0.6473
vn 0.4566 0.7636 0.4566
vn 0.4566 0.7636 -0.4566
vn -0.0000 0.7637 0.6455
vn -0.0000 0.4025 0.9154
vn -0.6473 0.4026 0.6472
vn -0.4566 0.7636 0.4566
vn -0.9154 0.4025 -0.0000
vn -0.6456 0.7637 -0.0000
vn -0.4565 0.7636 -0.4565
vn -0.6472 0.4026 -0.6473
vn -0.0000 0.4025 -0.9154
vn -0.0000 0.7637 -0.6455
vn -0.0000 0.0396 0.9992
vn 0.7065 0.0393 0.7067
vn -0.0000 0.4089 0.9126
vn -0.6452 0.4091 0.6452
vn -0.7065 0.0393 0.7067
vn 0.6472 0.4026 0.6473
vn -0.0000 0.0385 0.9993
vn 0.7065 0.0393 0.7066
vn -0.0000 0.4023 0.9155
vn -0.6473 0.4026 0.6473
vn -0.7065 0.0393 0.7066
vn -0.9992 0.0396 -0.0000
vn -0.7067 0.0392 0.7065
vn -0.9126 0.4089 -0.0000
vn -0.6452 0.4091 -0.6453
vn -0.7067 0.0392 -0.7065
vn -0.9992 0.0390 -0.0000
vn -0.7066 0.0392 0.7065
vn -0.9155 0.4024 -0.0000
vn -0.6473 0.4026 -0.6473
vn -0.7067 0.0393 -0.7065
vn -0.0000 -1.0000 -0.0000
vn 0.7065 0.0393 -0.7067
vn -0.0000 0.0396 -0.9992
vn 0.6452 0.4091 -0.6452
vn -0.7065 0.0393 -0.7067
vn -0.0000 0.4089 -0.9126
vn 0.7065 0.0392 -0.7066
vn -0.0000 0.0392 -0.9992
vn -0.7065 0.0392 -0.7067
vn -0.0000 0.4023 -0.9155
vn 0.0315 0.9990 0.0315
vn 0.5028 -0.0000 0.8644
vn 0.7071 -0.0000 0.7071
vn 0.0315 -0.9990 0.0315
vn 0.0236 0.9989 0.0393
vn 0.0079 0.9992 0.0393
vn 0.2588 -0.0000 0.9659
vn 0.0079 -0.9992 0.0394
vn 0.0236 -0.9989 0.0393
vn -0.1259 0.9840 -0.1259
vn 0.0235 0.9990 0.0392
vn 0.0314 0.9990 0.0314
vn -0.0472 0.9838 -0.1731
vn 0.0078 0.9992 0.0392
vn -0.0867 0.9849 -0.1497
vn -1.0000 -0.0000 -0.0000
vn -1.0000 -0.0000 -0.0001
vn -0.2673 0.1967 -0.9433
vn -0.0472 0.9838 -0.1732
vn -0.2595 0.2674 -0.9280
vn -0.2830 0.0079 -0.9591
vn -0.4635 0.3613 -0.8091
vn -0.6853 0.1971 -0.7011
vn -0.1259 0.9840 -0.1260
vn -0.6773 0.2678 -0.6852
vn -0.6871 0.0079 -0.7266
vn 0.0235 -0.9990 0.0392
vn -0.0550 -0.9970 -0.0550
vn 0.0314 -0.9990 0.0314
vn 0.0078 -0.9992 0.0392
vn -0.0235 -0.9966 -0.0785
vn -0.0393 -0.9967 -0.0706
vn 0.4971 -0.0000 -0.8677
vn 0.4970 -0.0000 -0.8677
vn -0.9633 0.2684 -0.0000
vn -0.8731 0.4875 0.0079
vn -0.9633 0.2683 -0.0000
vn -0.8730 0.4877 0.0079
vn 0.4401 0.4871 -0.7544
vn 0.4400 0.4873 -0.7543
vn 0.4866 0.2668 -0.8319
vn 0.4876 0.2594 -0.8336
vn 0.5029 -0.0000 -0.8644
vn 0.3242 -0.5851 0.7433
vn 0.5040 -0.5908 0.6300
vn 0.5511 0.3699 0.7480
vn 0.9952 -0.0237 0.0948
vn 0.5263 0.3928 0.7541
vn 0.4496 -0.7575 0.4733
vn 0.6142 -0.3307 0.7165
vn 0.4959 0.6219 0.6061
vn 0.1415 -0.7156 0.6840
vn 0.0316 0.6235 0.7812
vn 0.0471 -0.7219 0.6904
vn -0.0000 -0.5273 0.8497
vn 0.1574 0.5748 0.8030
vn 0.2209 0.9229 0.3155
vn 0.1810 0.9603 0.2125
vn 0.1653 0.9292 0.3306
vn 0.4157 0.8945 0.1647
vn -0.4250 0.7241 0.5431
vn -0.4405 -0.7867 0.4325
vn -0.5851 0.5615 -0.5851
vn -0.8532 0.5214 0.0079
vn -0.1578 0.9772 -0.1419
vn 0.0627 0.9108 -0.4081
vn -0.0628 0.9965 -0.0549
vn -0.0785 0.9969 -0.0000
vn -0.0079 0.9997 -0.0236
vn 0.0315 0.9934 -0.1104
vn 0.0157 0.9996 -0.0236
vn 0.3541 0.6455 -0.6768
vn 0.0708 0.9905 -0.1179
vn 0.0553 0.9959 -0.0711
vn 0.2442 0.9057 -0.3466
vn 0.4585 0.3558 -0.8143
vn 0.2531 0.9569 -0.1424
vn 0.4866 0.4553 -0.7456
vn 0.6385 0.6071 -0.4731
vn 0.4959 0.6220 0.6060
vn 0.1811 0.9602 0.2126
vn 0.0552 0.9700 0.2367
vn 0.1575 0.5749 0.8030
vn -0.0000 0.9771 0.2129
vn 0.0157 0.9979 0.0629
vn 0.2208 0.9229 0.3154
vn 0.0471 0.9969 0.0628
vn 0.1653 0.9291 0.3307
vn 0.5511 0.3700 0.7479
vn 0.4158 0.8944 0.1647
vn 0.0785 0.9968 0.0157
vn 0.9952 -0.0238 0.0948
vn 0.0471 0.9974 0.0550
vn 0.0158 0.9998 0.0079
vn 0.0079 0.9999 0.0079
vn -0.0157 0.9998 0.0079
vn -0.0472 0.9974 0.0550
vn -0.1341 0.9623 0.2367
vn -0.2846 0.9566 0.0632
vn -0.4249 0.7242 0.5431
vn -0.8532 0.5216 0.0079
vn -0.5851 0.5614 -0.5852
vn -0.7708 -0.6371 -0.0000
vn -0.1097 -0.9728 -0.2040
vn -0.5744 -0.5588 -0.5982
vn -0.9460 -0.3076 0.1025
vn -0.4405 -0.7866 0.4327
vn -0.2845 0.9566 0.0632
vn -0.5852 0.5615 -0.5850
vn 0.2837 -0.1577 -0.9459
vn -0.5745 -0.5587 -0.5981
vn 0.0628 0.9108 -0.4081
vn 0.2837 -0.1575 -0.9459
vn -0.1098 -0.9728 -0.2040
vn -0.5746 -0.5588 -0.5980
vn 0.3470 -0.6865 -0.6390
vn 0.2283 -0.9129 -0.3384
vn 0.2453 -0.8702 -0.4272
vn 0.1976 -0.9165 -0.3477
vn 0.2201 -0.9121 -0.3459
vn 0.4402 -0.4481 -0.7781
vn 0.4747 -0.4828 -0.7359
vn 0.9952 -0.0236 0.0947
vn 0.4338 -0.8440 -0.3155
vn 0.6133 -0.6449 -0.4560
vn 0.2756 -0.8582 -0.4330
vn 0.3069 -0.9517 0.0001
vn 0.1966 -0.8415 0.5033
vn 0.3242 -0.5853 0.7432
vn 0.1659 -0.8852 0.4347
vn 0.3145 -0.8958 0.3140
vn 0.3220 -0.8718 0.3692
vn 0.2755 -0.9210 0.2755
vn 0.1024 -0.9135 0.3938
vn 0.1415 -0.7157 0.6840
vn 0.0393 -0.8890 0.4563
vn -0.1974 -0.9472 0.2526
vn -0.0000 -0.5272 0.8498
vn -0.4404 -0.7867 0.4326
vn -0.5453 -0.8377 0.0316
vn -0.4090 -0.9125 -0.0079
vn -0.4627 -0.8862 0.0235
vn -0.9460 -0.3075 0.1025
vn -0.7707 -0.6372 -0.0000
vn -0.1099 -0.9728 -0.2040
vn 0.0628 0.9107 -0.4083
vn 0.3471 -0.6865 -0.6390
vn 0.2838 -0.1576 -0.9458
vn 0.3541 0.6455 -0.6767
vn 0.4402 -0.4480 -0.7782
vn 0.0707 0.9905 -0.1178
vn 0.4585 0.3556 -0.8144
vn 0.4748 -0.4827 -0.7359
vn 0.4866 0.4552 -0.7456
vn 0.6387 0.6069 -0.4730
vn 0.2531 0.9569 -0.1423
vt 22.135500 -8.997890
vt 22.064800 -8.997890
vt 22.135500 -9.006810
vt 22.206200 -8.997890
vt 22.064600 -9.006810
vt 22.206400 -9.006810
vt 21.856001 -8.997950
vt 21.791300 -8.997950
vt 21.856001 -9.006390
vt 21.791100 -9.006390
vt 21.920700 -8.997950
vt 21.920900 -9.006390
vt 22.075600 -9.135510
vt 21.981400 -9.041290
vt 21.981400 -9.229720
vt 22.048000 -9.068880
vt 22.048000 -9.202130
vt 21.887199 -9.135510
vt 21.914801 -9.202130
vt 21.914801 -9.068880
vt 22.113400 -8.856020
vt 21.966101 -8.795030
vt 22.027100 -8.942270
vt 22.088100 -8.917010
vt 21.966101 -8.917010
vt 21.940800 -8.856020
vt 22.088100 -8.795030
vt 22.027100 -8.769760
vt 21.881399 -9.135510
vt 21.910700 -9.064830
vt 21.910700 -9.206180
vt 21.981400 -9.035560
vt 22.052000 -9.064830
vt 22.081301 -9.135510
vt 22.052000 -9.206180
vt 21.981400 -9.235450
vt 21.935600 -8.856020
vt 21.962400 -8.920720
vt 21.962400 -8.791320
vt 22.027100 -8.764520
vt 22.091801 -8.791320
vt 22.118601 -8.856020
vt 22.091801 -8.920720
vt 22.027100 -8.947520
vt 22.089300 -8.997890
vt 22.018600 -9.006810
vt 22.089500 -9.006810
vt 22.018600 -8.997890
vt 21.948000 -8.997890
vt 21.947701 -9.006810
vt 22.037600 -8.997950
vt 21.972900 -9.006390
vt 22.037800 -9.006390
vt 21.972900 -8.997950
vt 21.908199 -8.997950
vt 21.908001 -9.006390
vt 21.935200 -8.997890
vt 21.864500 -9.006810
vt 21.935400 -9.006810
vt 21.864500 -8.997890
vt 21.793800 -8.997890
vt 21.793600 -9.006810
vt 22.208700 -8.997950
vt 22.143999 -9.006390
vt 22.208900 -9.006390
vt 22.143999 -8.997950
vt 22.079300 -8.997950
vt 22.079100 -9.006390
vt 22.018600 -9.035210
vt 21.947701 -9.064580
vt 22.089500 -9.064580
vt 21.918301 -9.135510
vt 22.089500 -9.206430
vt 22.118900 -9.135510
vt 21.947701 -9.206430
vt 22.018600 -9.235800
vt 21.972900 -8.764200
vt 22.064699 -8.856020
vt 22.037800 -8.791090
vt 21.908001 -8.920950
vt 22.037800 -8.920950
vt 21.972900 -8.947840
vt 21.908001 -8.791090
vt 21.881100 -8.856020
vt 21.910500 -9.006810
vt 21.981400 -9.006810
vt 21.910700 -8.997890
vt 22.052000 -8.997890
vt 22.052299 -9.006810
vt 21.981400 -8.997890
vt 21.962200 -9.006390
vt 22.027100 -9.006390
vt 21.962400 -8.997950
vt 22.091801 -8.997950
vt 22.091999 -9.006390
vt 22.027100 -8.997950
vt 54.452099 -28.927799
vt 54.000000 -29.000000
vt 54.471298 -29.000000
vt 54.452099 -29.072201
vt 54.000000 -28.927799
vt 53.547901 -28.927799
vt 53.528702 -29.000000
vt 53.547901 -29.072201
vt 54.000000 -29.072201
vt 54.126499 -29.387300
vt 53.893101 -29.000000
vt 54.014198 -29.452101
vt 54.126499 -28.612700
vt 54.014198 -28.547899
vt 54.022701 -29.000000
vt 53.985802 -28.927799
vt 53.854801 -28.993799
vt 54.019001 -29.000000
vt 53.873501 -28.938101
vt 53.985802 -29.072201
vt 53.854698 -29.018999
vt 53.873501 -29.061899
vt 54.000000 -28.938101
vt 54.340900 -28.996599
vt 54.387299 -28.938101
vt 54.376499 -28.993799
vt 54.376400 -29.018999
vt 54.000000 -28.996599
vt 53.659100 -28.996599
vt 53.612701 -28.938101
vt 53.623501 -28.993799
vt 53.623600 -29.018999
vt 54.106899 -29.000000
vt 53.873501 -29.387300
vt 53.985802 -29.452101
vt 53.985802 -28.547899
vt 53.873501 -28.612700
vt 53.977299 -29.000000
vt 54.014198 -29.072201
vt 54.145199 -28.993799
vt 53.980999 -29.000000
vt 54.014198 -28.927799
vt 54.126499 -28.938101
vt 54.145302 -29.018999
vt 54.126499 -29.061899
vt 33.624699 -29.000000
vt 33.720600 -29.357901
vt 34.361401 -29.000401
vt 33.720600 -28.642099
vt 34.264702 -28.994801
vt 33.638599 -28.962299
vt 33.612701 -28.994801
vt 34.279400 -28.962299
vt 33.612701 -29.037701
vt 34.283501 -29.037701
vt 34.387299 -29.000000
vt 34.283501 -28.612700
vt 33.612701 -29.000000
vt 34.283501 -29.387300
vt 34.361401 -28.962299
vt 33.720600 -28.962299
vt 33.735298 -28.994801
vt 34.387299 -28.994801
vt 34.387299 -29.037701
vt 33.716499 -29.037701
vt 24.177999 -37.011902
vt 24.302401 -37.007401
vt 24.298201 -36.986900
vt 24.353500 -36.998600
vt 24.138201 -36.986301
vt 24.115400 -37.014198
vt 23.950399 -37.004799
vt 23.942900 -36.984699
vt 23.826099 -37.013199
vt 23.727100 -36.986000
vt 23.727100 -37.013302
vt 23.676300 -37.011799
vt 23.827101 -36.986301
vt 24.131800 -36.969700
vt 23.966900 -36.969700
vt 24.264500 -36.969898
vt 24.326799 -36.972500
vt 23.644199 -36.984901
vt 23.646999 -37.013901
vt 24.357000 -36.976700
vt 24.011801 -36.762001
vt 24.329399 -36.978500
vt 24.326599 -37.014900
vt 24.284201 -36.979000
vt 23.901300 -36.758598
vt 24.247200 -36.994202
vt 24.270100 -37.011902
vt 24.067699 -37.150002
vt 24.200701 -37.085300
vt 24.056499 -37.175598
vt 23.872700 -37.243401
vt 23.895100 -37.257500
vt 24.039301 -37.209400
vt 23.744301 -37.335701
vt 23.900299 -37.272800
vt 23.754200 -37.354801
vt 23.641899 -36.942902
vt 23.725599 -37.138199
vt 23.670401 -36.966900
vt 23.668501 -36.847599
vt 23.649099 -36.827099
vt 23.738400 -36.739700
vt 23.714899 -36.727100
vt 23.718800 -36.863701
vt 23.738899 -37.131802
vt 23.765900 -37.126999
vt 23.707701 -37.264500
vt 23.688499 -37.298199
vt 23.710400 -37.326801
vt 23.733900 -37.298698
vt 23.710400 -37.353500
vt 23.711901 -36.972801
vt 23.768900 -37.251701
vt 23.790100 -37.118198
vt 23.753300 -36.951698
vt 23.853001 -36.776901
vt 23.802999 -36.717602
vt 23.760599 -36.671101
vt 23.825300 -36.683899
vt 23.754900 -36.644199
vt 23.988199 -36.985802
vt 23.643000 -36.985600
vt 23.802099 -37.014000
vt 23.669500 -37.037998
vt 23.639400 -37.012001
vt 24.142099 -37.005299
vt 24.242001 -37.013901
vt 24.245100 -36.984901
vt 24.174700 -36.970100
vt 24.023300 -36.985600
vt 23.982000 -37.007801
vt 24.022200 -37.012001
vt 23.985100 -36.972401
vt 23.659300 -37.018002
vt 23.669500 -36.983299
vt 23.639400 -36.977798
vt 23.784901 -37.076401
vt 23.787001 -37.018101
vt 23.969900 -37.190300
vt 23.988100 -37.161900
vt 24.128700 -37.228100
vt 23.959499 -37.208599
vt 24.100201 -37.273899
vt 24.289600 -37.353500
vt 24.254499 -37.334400
vt 24.246599 -37.355801
vt 24.113701 -37.259102
vt 24.269100 -37.311901
vt 24.311100 -37.302399
vt 24.270599 -37.285500
vt 24.279301 -37.178001
vt 24.230200 -37.186798
vt 24.279699 -37.115398
vt 24.235201 -37.094398
vt 24.340099 -36.946499
vt 24.299700 -36.954201
vt 24.307400 -36.854099
vt 24.360600 -36.950401
vt 24.349300 -36.826099
vt 24.282900 -36.727100
vt 24.241100 -36.752899
vt 24.223801 -36.687000
vt 24.269800 -36.676300
vt 24.242001 -36.646999
vt 24.133600 -36.702202
vt 24.123400 -36.748600
vt 23.840599 -36.913502
vt 24.142099 -36.675701
vt 23.802099 -36.882401
vt 24.326599 -36.972401
vt 24.215099 -37.013500
vt 24.340700 -37.007801
vt 24.200701 -36.975201
vt 24.040501 -37.006100
vt 24.056499 -36.962898
vt 24.039301 -36.985802
vt 23.899799 -37.005901
vt 23.900299 -36.985500
vt 23.754200 -36.986599
vt 23.744301 -36.970100
vt 23.710400 -36.998600
vt 23.753401 -37.007000
s 1
usemtl Meshpart41Mtl
f 140/50/54 141/51/55 143/52/56
f 143/52/56 142/53/57 140/50/54
f 143/52/56 141/51/55 144/54/58
f 142/53/57 143/52/56 145/55/59
f 146/56/60 147/57/61 148/58/62
f 148/58/62 147/57/61 149/59/63
f 148/58/62 150/60/64 146/56/60
f 150/60/64 148/58/62 151/61/65
f 152/62/66 153/63/66 154/64/66
f 153/63/66 152/62/66 155/65/66
f 152/62/66 154/64/66 156/66/66
f 153/63/66 157/67/66 154/64/66
f 154/64/66 157/67/66 158/68/66
f 157/67/66 153/63/66 159/69/66
f 160/70/66 161/71/66 162/72/66
f 160/70/66 162/72/66 163/73/66
f 161/71/66 164/74/66 162/72/66
f 164/74/66 161/71/66 165/75/66
f 161/71/66 160/70/66 166/76/66
f 161/71/66 166/76/66 167/77/66
f 168/67/67 169/69/68 170/78/69
f 170/78/69 171/68/70 168/67/67
f 170/78/69 169/69/68 172/79/71
f 171/68/70 170/78/69 173/80/57
f 169/69/68 174/81/72 172/79/71
f 174/81/72 169/69/68 175/63/73
f 175/63/73 176/65/74 174/81/72
f 177/82/75 174/81/72 176/65/74
f 176/65/74 178/83/76 177/82/75
f 178/83/76 176/65/74 179/62/77
f 180/66/78 178/83/76 179/62/77
f 181/84/79 178/83/76 180/66/78
f 180/66/78 182/85/80 181/84/79
f 182/85/80 180/66/78 183/64/81
f 171/68/70 182/85/80 183/64/81
f 173/80/57 182/85/80 171/68/70
f 184/86/82 186/87/64 187/75/83
f 187/75/83 185/88/84 184/86/82
f 185/88/84 187/75/83 188/71/85
f 187/75/83 186/87/64 189/74/86
f 190/77/87 185/88/84 188/71/85
f 191/89/88 185/88/84 190/77/87
f 190/77/87 192/90/89 191/89/88
f 192/90/89 190/77/87 193/76/90
f 193/76/90 194/91/91 192/90/89
f 194/91/91 193/76/90 195/70/92
f 196/73/93 194/91/91 195/70/92
f 197/92/94 194/91/91 196/73/93
f 196/73/93 198/93/95 197/92/94
f 198/93/95 196/73/93 199/72/96
f 189/74/86 198/93/95 199/72/96
f 186/87/64 198/93/95 189/74/86
f 200/94/71 202/95/97 201/96/98
f 202/95/97 200/94/71 203/97/99
f 204/98/100 202/95/97 203/97/99
f 202/95/97 204/98/100 205/99/101
f 206/100/102 208/101/103 207/102/104
f 208/101/103 206/100/102 209/103/105
f 210/104/106 208/101/103 209/103/105
f 208/101/103 210/104/106 211/105/107
f 212/106/75 214/107/108 213/108/109
f 214/107/108 212/106/75 215/109/110
f 216/110/111 214/107/108 215/109/110
f 217/111/112 214/107/108 216/110/111
f 218/112/106 220/113/113 219/114/114
f 220/113/113 218/112/106 221/115/115
f 222/116/116 220/113/113 221/115/115
f 223/117/117 220/113/113 222/116/116
f 224/118/118 225/119/118 226/120/118
f 227/121/118 226/120/118 225/119/118
f 226/120/118 227/121/118 228/122/118
f 226/120/118 228/122/118 229/123/118
f 230/124/118 228/122/118 227/121/118
f 228/122/118 230/124/118 231/125/118
f 232/126/118 233/127/118 234/128/118
f 232/126/118 235/129/118 233/127/118
f 235/129/118 236/130/118 233/127/118
f 236/130/118 235/129/118 237/131/118
f 235/129/118 232/126/118 238/132/118
f 235/129/118 238/132/118 239/133/118
f 241/134/119 242/135/120 240/136/121
f 243/137/79 242/135/120 244/138/122
f 242/135/120 243/137/79 245/139/123
f 245/139/123 240/136/121 242/135/120
f 247/140/124 248/141/125 246/142/64
f 249/143/116 248/141/125 250/144/126
f 248/141/125 249/143/116 251/145/127
f 251/145/127 246/142/64 248/141/125
usemtl Meshpart31Mtl
f 252/146/128 253/147/129 254/148/130
f 254/148/130 253/147/129 255/149/131
f 253/147/129 252/146/128 256/150/132
f 256/150/132 257/151/133 253/147/129
f 253/147/129 257/151/133 258/152/134
f 259/153/135 253/147/129 258/152/134
f 255/149/131 253/147/129 260/154/136
f 253/147/129 259/153/135 260/154/136
f 263/155/137 262/156/138 261/157/139
f 262/156/138 265/158/140 264/159/141
f 265/158/140 262/156/138 266/160/142
f 262/156/138 263/155/137 266/160/142
f 267/161/143 268/162/144 269/163/143
f 268/162/144 267/161/143 270/164/144
f 268/162/144 271/165/143 269/163/143
f 271/165/143 268/162/144 272/166/144
f 271/165/143 272/166/144 273/167/144
f 276/168/142 277/169/145 275/170/146
f 275/170/146 277/169/145 278/171/147
f 277/169/145 279/172/148 278/171/147
f 277/169/145 276/168/142 280/173/149
f 276/168/142 281/174/150 280/173/149
f 274/175/151 281/174/150 276/168/142
f 281/174/150 274/175/151 282/176/152
f 283/177/153 281/174/150 282/176/152
f 286/178/154 287/179/155 284/180/156
f 286/178/154 285/181/157 288/182/158
f 287/179/155 286/178/154 289/183/159
f 286/178/154 288/182/158 289/183/159
f 290/184/160 291/185/161 292/186/161
f 291/185/161 293/187/161 292/186/161
f 293/187/161 291/185/161 294/188/161
f 291/185/161 290/184/160 295/189/161
f 295/189/161 290/184/160 296/190/161
usemtl Meshpart21Mtl
f 297/191/66 298/192/66 299/193/66
f 300/194/66 297/191/66 299/193/66
f 301/195/162 302/196/163 303/197/164
f 302/196/163 301/195/162 304/198/165
f 305/199/144 301/195/162 303/197/164
f 301/195/162 305/199/144 306/200/144
f 307/201/118 308/202/118 309/203/118
f 310/204/118 307/201/118 309/203/118
f 311/205/166 312/206/167 313/207/168
f 311/205/166 313/207/168 314/208/169
f 314/208/169 313/207/168 315/209/170
f 316/210/170 315/209/170 313/207/168
usemtl Meshpart11Mtl
f 319/211/171 318/212/172 320/213/173
f 318/212/172 317/214/174 320/213/173
f 320/213/173 322/215/175 319/211/171
f 322/215/175 321/216/176 319/211/171
f 323/217/177 321/216/176 322/215/175
f 326/218/178 324/219/179 323/217/177
f 323/217/177 322/215/175 326/218/178
f 324/219/179 327/220/180 325/221/181
f 325/221/181 327/220/180 328/222/182
f 324/219/179 326/218/178 329/223/183
f 329/223/183 327/220/180 324/219/179
f 322/215/175 331/224/184 330/225/185
f 322/215/175 332/226/186 331/224/184
f 322/215/175 320/213/173 332/226/186
f 320/213/173 317/214/174 333/227/187
f 327/220/180 334/228/188 328/222/182
f 334/228/188 335/229/189 328/222/182
f 337/230/190 336/231/191 338/232/192
f 339/233/193 337/230/190 338/232/192
f 339/233/193 338/232/192 340/234/194
f 338/232/192 341/235/195 340/234/194
f 341/235/195 342/236/196 340/234/194
f 342/236/196 343/237/197 340/234/194
f 343/237/197 339/233/193 340/234/194
f 344/238/198 343/237/197 342/236/196
f 343/237/197 345/239/199 339/233/193
f 343/237/197 344/238/198 346/240/200
f 343/237/197 346/240/200 345/239/199
f 344/238/198 347/241/201 346/240/200
f 347/241/201 349/242/202 346/240/200
f 349/242/202 348/243/203 346/240/200
f 347/241/201 350/244/204 349/242/202
f 349/242/202 351/245/205 348/243/203
f 350/244/204 352/246/206 349/242/202
f 349/242/202 352/246/206 351/245/205
f 356/247/207 355/248/175 359/249/208
f 360/250/209 358/251/210 356/247/207
f 360/250/209 356/247/207 359/249/208
f 361/252/211 358/251/210 360/250/209
f 358/251/210 361/252/211 357/253/180
f 361/252/211 360/250/209 362/254/212
f 359/249/208 362/254/212 360/250/209
f 363/255/213 365/256/214 359/249/208
f 363/255/213 364/257/215 365/256/214
f 354/258/216 366/259/217 364/257/215
f 364/257/215 366/259/217 367/260/218
f 364/257/215 367/260/218 365/256/214
f 353/261/219 350/244/204 366/259/217
f 366/259/217 350/244/204 367/260/218
f 359/249/208 365/256/214 368/262/220
f 368/262/220 362/254/212 359/249/208
f 365/256/214 367/260/218 369/263/221
f 370/264/222 368/262/220 365/256/214
f 369/263/221 370/264/222 365/256/214
f 368/262/220 370/264/222 371/265/222
f 368/262/220 371/265/222 362/254/212
f 370/264/222 369/263/221 342/236/196
f 370/264/222 342/236/196 371/265/222
f 369/263/221 367/260/218 347/241/201
f 367/260/218 350/244/204 347/241/201
f 362/254/212 371/265/222 372/266/223
f 372/266/223 371/265/222 342/236/196
f 373/267/224 362/254/212 372/266/223
f 361/252/211 362/254/212 373/267/224
f 369/263/221 347/241/201 344/238/198
f 342/236/196 369/263/221 344/238/198
f 361/252/211 373/267/224 374/268/225
f 361/252/211 374/268/225 357/253/180
f 373/267/224 372/266/223 341/235/195
f 372/266/223 342/236/196 341/235/195
f 374/268/225 373/267/224 375/269/226
f 373/267/224 341/235/195 375/269/226
f 376/270/227 357/253/180 374/268/225
f 376/270/227 374/268/225 375/269/226
f 375/269/226 338/232/192 336/231/191
f 375/269/226 341/235/195 338/232/192
f 377/271/228 378/272/229 379/273/230
f 380/274/231 379/273/230 381/275/232
f 378/272/229 381/275/232 379/273/230
f 385/276/233 384/277/234 383/278/188
f 377/271/228 385/276/233 383/278/188
f 377/271/228 383/278/188 382/279/235
f 379/273/230 385/276/233 377/271/228
f 386/280/236 388/281/237 387/282/238
f 388/281/237 386/280/236 389/283/239
f 393/284/240 391/285/241 392/286/242
f 394/287/243 391/285/241 393/284/240
f 394/287/243 395/288/244 391/285/241
f 395/288/244 394/287/243 396/289/245
f 397/290/246 395/288/244 396/289/245
f 396/289/245 398/291/247 397/290/246
f 396/289/245 394/287/243 399/292/248
f 399/292/248 400/293/249 396/289/245
f 401/294/250 403/295/251 402/296/252
f 396/289/245 400/293/249 404/297/253
f 402/296/252 404/297/253 400/293/249
f 402/296/252 403/295/251 404/297/253
f 404/297/253 398/291/247 396/289/245
f 405/298/254 404/297/253 403/295/251
f 404/297/253 405/298/254 398/291/247
f 406/299/172 405/298/254 401/294/250
f 406/299/172 407/300/255 405/298/254
f 401/294/250 405/298/254 403/295/251
f 408/301/256 407/300/255 406/299/172
f 408/301/256 409/302/257 407/300/255
f 410/303/176 409/302/257 408/301/256
f 411/304/258 409/302/257 410/303/176
f 411/304/258 410/303/176 412/305/259
f 413/306/260 411/304/258 412/305/259
f 414/307/261 413/306/260 412/305/259
f 412/305/259 410/303/176 415/308/177
f 416/309/262 414/307/261 412/305/259
f 416/309/262 412/305/259 415/308/177
f 417/310/181 414/307/261 416/309/262
f 414/307/261 417/310/181 418/311/263
f 417/310/181 419/312/264 418/311/263
f 417/310/181 420/313/265 419/312/264
f 419/312/264 420/313/265 421/314/266
f 422/315/267 419/312/264 421/314/266
f 422/315/267 423/316/268 419/312/264
f 422/315/267 424/317/269 423/316/268
f 425/318/270 422/315/267 421/314/266
f 390/319/271 424/317/269 422/315/267
f 390/319/271 422/315/267 425/318/270
f 424/317/269 390/319/271 391/285/272
f 428/320/273 427/321/274 426/322/275
f 428/320/273 429/323/276 427/321/274
f 431/324/277 427/321/274 429/323/276
f 430/325/278 432/326/279 429/323/276
f 432/326/279 431/324/277 429/323/276
f 432/326/279 434/327/280 431/324/277
f 434/327/280 432/326/279 435/328/281
f 436/329/282 434/327/280 435/328/281
f 433/330/283 437/331/219 436/329/282
f 437/331/219 438/332/252 436/329/282
f 434/327/280 436/329/282 438/332/252
l 440 441
o Pizza_Box.003
v 0.199943 -0.028846 -0.226257
v 0.199943 -0.028846 -0.226257
v 0.648619 0.025172 -0.442321
v 0.808150 -0.047058 0.009766
v 0.681871 -0.047058 -0.461519
v 0.648619 -0.119289 -0.442321
v 0.769755 0.025172 0.009766
v 0.648617 0.025172 0.461854
v 0.681869 -0.047058 0.481051
v 0.648617 -0.119289 0.461854
v 0.769755 -0.119289 0.009766
v 0.648619 0.025172 -0.442321
v 0.769755 0.025172 0.009766
v 0.536387 0.014819 -0.377524
v 0.648617 0.025172 0.461854
v 0.536385 0.014819 0.397056
v 0.640160 0.014819 0.009766
v 0.648617 0.025172 0.461854
v 0.517631 -0.040841 0.386228
v 0.681869 -0.047058 0.481051
v 0.536385 0.014819 0.397056
v 0.648617 -0.119289 0.461854
v 0.517533 -0.066020 0.386172
v 0.536385 -0.108936 0.397056
v 0.536387 0.014819 -0.377524
v 0.536385 0.014819 0.397056
v 0.640160 0.014819 0.009766
v 0.526082 -0.043640 0.350626
v 0.517631 -0.040841 0.386228
v 0.517533 -0.066020 0.386172
v 0.617416 -0.043640 0.009766
v 0.526083 -0.043640 -0.331094
v 0.517633 -0.040841 -0.366697
v 0.517535 -0.066020 -0.366640
v 0.648619 -0.119289 -0.442321
v 0.648617 -0.119289 0.461854
v 0.769755 -0.119289 0.009766
v 0.536387 -0.108936 -0.377524
v 0.536385 -0.108936 0.397056
v 0.640160 -0.108936 0.009766
v 0.648619 -0.119289 -0.442321
v 0.517633 -0.040841 -0.366697
v 0.681871 -0.047058 -0.461519
v 0.648619 0.025172 -0.442321
v 0.536387 0.014819 -0.377524
v 0.517535 -0.066020 -0.366640
v 0.536387 -0.108936 -0.377524
v 0.628256 -0.033551 0.009766
v 0.532367 -0.033551 -0.348098
v -0.108460 -0.033551 0.009411
v 0.532365 -0.033550 0.367629
v 0.517593 -0.065990 0.386172
v -0.108460 -0.033551 0.009411
v -0.134360 -0.065990 0.009764
v 0.532365 -0.033550 0.367629
v -0.134360 -0.108906 0.009764
v 0.536445 -0.108906 0.397056
v 0.640220 -0.108906 0.009766
v 0.536445 -0.108906 0.397056
v -0.134360 -0.108906 0.009764
v 0.536447 -0.108906 -0.377524
v -0.108460 -0.033551 0.009411
v 0.532367 -0.033551 -0.348098
v 0.517595 -0.065990 -0.366640
v -0.134360 -0.065990 0.009764
v -0.134360 -0.108906 0.009764
v 0.536447 -0.108906 -0.377524
v 0.236987 0.000894 -0.011269
v 0.233535 0.007209 -0.009073
v 0.250057 0.000894 0.063144
v 0.246064 0.007209 0.062256
v 0.233570 -0.006477 -0.009095
v 0.246104 -0.006477 0.062265
v 0.204486 0.007209 0.121551
v 0.204508 -0.006477 0.121586
v 0.206682 0.000894 0.125003
v 0.499814 0.000894 0.122525
v 0.503207 0.000894 0.190437
v 0.496521 -0.006477 0.124086
v 0.499775 -0.006477 0.189212
v 0.456025 -0.006477 0.237563
v 0.496487 0.007209 0.124102
v 0.499740 0.007209 0.189199
v 0.456009 0.007209 0.237530
v 0.457586 0.000894 0.240857
v 0.384465 0.000894 -0.118073
v 0.355048 -0.006477 -0.058225
v 0.380821 -0.006477 -0.118122
v 0.356691 -0.006477 -0.178701
v 0.357590 0.000894 -0.055613
v 0.355022 0.007209 -0.058252
v 0.380784 0.007209 -0.118123
v 0.356665 0.007209 -0.178675
v 0.359303 0.000894 -0.181242
v 0.383060 0.007209 0.083624
v 0.496487 0.007209 0.124102
v 0.448157 0.007209 0.080371
v 0.390912 0.007209 0.240782
v 0.499740 0.007209 0.189199
v 0.456009 0.007209 0.237530
v 0.339329 0.007209 0.131954
v 0.342581 0.007209 0.197052
v 0.233535 0.007209 -0.009073
v 0.204486 0.007209 0.121551
v 0.246064 0.007209 0.062256
v 0.073862 0.007209 0.092502
v 0.133157 0.007209 0.134080
v 0.061333 0.007209 0.021173
v 0.174240 0.007209 -0.050651
v 0.102911 0.007209 -0.038123
v 0.236242 0.007209 -0.180317
v 0.294470 0.007209 -0.034133
v 0.296793 0.007209 -0.204436
v 0.210480 0.007209 -0.120446
v 0.234599 0.007209 -0.059894
v 0.355022 0.007209 -0.058252
v 0.380784 0.007209 -0.118123
v 0.356665 0.007209 -0.178675
v 0.204486 0.007209 0.121551
v 0.204508 -0.006477 0.121586
v 0.206682 0.000894 0.125003
v 0.132269 0.000894 0.138073
v 0.133157 0.007209 0.134080
v 0.133148 -0.006477 0.134120
v 0.073862 0.007209 0.092502
v 0.073827 -0.006477 0.092524
v 0.070410 0.000894 0.094697
v 0.456025 -0.006477 0.237563
v 0.456009 0.007209 0.237530
v 0.457586 0.000894 0.240857
v 0.342548 -0.006477 0.197068
v 0.342581 0.007209 0.197052
v 0.339255 0.000894 0.198629
v 0.389675 0.000894 0.244250
v 0.390899 -0.006477 0.240818
v 0.390912 0.007209 0.240782
v 0.355048 -0.006477 -0.058225
v 0.357590 0.000894 -0.055613
v 0.294420 0.000894 -0.030452
v 0.294470 -0.006477 -0.034096
v 0.355022 0.007209 -0.058252
v 0.294470 0.007209 -0.034133
v 0.234572 -0.006477 -0.059868
v 0.234599 0.007209 -0.059894
v 0.231961 0.000894 -0.057327
v 0.102911 0.007209 -0.038123
v 0.102889 -0.006477 -0.038157
v 0.100715 0.000894 -0.041574
v 0.073862 0.007209 0.092502
v 0.073827 -0.006477 0.092524
v 0.070410 0.000894 0.094697
v 0.057340 0.000894 0.020285
v 0.061333 0.007209 0.021173
v 0.061293 -0.006477 0.021164
v 0.383043 -0.006477 0.083590
v 0.383060 0.007209 0.083624
v 0.381483 0.000894 0.080297
v 0.335861 0.000894 0.130717
v 0.339294 -0.006477 0.131942
v 0.339329 0.007209 0.131954
v 0.342548 -0.006477 0.197068
v 0.342581 0.007209 0.197052
v 0.339255 0.000894 0.198629
v 0.234572 -0.006477 -0.059868
v 0.234599 0.007209 -0.059894
v 0.231961 0.000894 -0.057327
v 0.236242 0.007209 -0.180317
v 0.236216 -0.006477 -0.180344
v 0.233674 0.000894 -0.182956
v 0.206799 0.000894 -0.120496
v 0.210480 0.007209 -0.120446
v 0.210443 -0.006477 -0.120447
v 0.448169 -0.006477 0.080336
v 0.456025 -0.006477 0.237563
v 0.339294 -0.006477 0.131942
v 0.383043 -0.006477 0.083590
v 0.342548 -0.006477 0.197068
v 0.390899 -0.006477 0.240818
v 0.496521 -0.006477 0.124086
v 0.499775 -0.006477 0.189212
v 0.233570 -0.006477 -0.009095
v 0.102889 -0.006477 -0.038157
v 0.174249 -0.006477 -0.050691
v 0.204508 -0.006477 0.121586
v 0.246104 -0.006477 0.062265
v 0.073827 -0.006477 0.092524
v 0.133148 -0.006477 0.134120
v 0.061293 -0.006477 0.021164
v 0.294470 -0.006477 -0.034096
v 0.380821 -0.006477 -0.118122
v 0.355048 -0.006477 -0.058225
v 0.356691 -0.006477 -0.178701
v 0.236216 -0.006477 -0.180344
v 0.296794 -0.006477 -0.204474
v 0.210443 -0.006477 -0.120447
v 0.234572 -0.006477 -0.059868
v 0.236987 0.000894 -0.011269
v 0.175128 0.000894 -0.054644
v 0.233535 0.007209 -0.009073
v 0.174240 0.007209 -0.050651
v 0.102911 0.007209 -0.038123
v 0.233570 -0.006477 -0.009095
v 0.174249 -0.006477 -0.050691
v 0.102889 -0.006477 -0.038157
v 0.100715 0.000894 -0.041574
v 0.499814 0.000894 0.122525
v 0.496521 -0.006477 0.124086
v 0.449394 0.000894 0.076904
v 0.448169 -0.006477 0.080336
v 0.496487 0.007209 0.124102
v 0.448157 0.007209 0.080371
v 0.383043 -0.006477 0.083590
v 0.383060 0.007209 0.083624
v 0.381483 0.000894 0.080297
v 0.356691 -0.006477 -0.178701
v 0.356665 0.007209 -0.178675
v 0.359303 0.000894 -0.181242
v 0.296844 0.000894 -0.208118
v 0.296793 0.007209 -0.204436
v 0.296794 -0.006477 -0.204474
v 0.236242 0.007209 -0.180317
v 0.236216 -0.006477 -0.180344
v 0.233674 0.000894 -0.182956
v 0.512725 -0.041612 -0.354973
v 0.534280 -0.050464 -0.303836
v 0.502419 -0.054969 -0.179443
v 0.534688 -0.029880 -0.299690
v 0.502890 -0.057238 -0.116830
v 0.497513 -0.029341 -0.139695
v 0.583780 -0.047783 0.048094
v 0.572474 -0.056194 0.172467
v 0.506095 -0.056288 0.271471
v 0.581243 -0.027701 0.055651
v 0.508206 -0.028991 0.271396
v 0.492988 -0.054878 0.322250
v 0.574076 -0.029369 0.171450
v 0.552722 -0.012702 0.031607
v 0.484259 -0.012713 -0.133251
v 0.515406 -0.012976 -0.265986
v 0.512730 -0.015543 -0.328269
v 0.468207 -0.027893 0.354326
v 0.465103 -0.056942 0.351502
v 0.211327 -0.028846 0.236507
v -0.133806 -0.028646 0.021863
v -0.106236 -0.012244 0.020014
v -0.103475 -0.015473 -0.016390
v -0.061019 -0.005814 0.019515
v 0.321797 -0.005770 0.239890
v -0.024015 -0.004842 0.004329
v -0.046994 -0.005993 -0.013345
v 0.155450 -0.004851 -0.151470
v 0.022405 -0.018204 -0.086751
v 0.166601 -0.005959 -0.177106
v 0.350399 -0.005794 -0.244871
v 0.183884 -0.028796 -0.210894
v 0.328061 -0.012138 -0.258976
v 0.478860 -0.013132 -0.337197
v 0.322810 -0.028528 -0.274254
v 0.468898 -0.029634 -0.356227
v 0.512725 -0.041612 -0.354973
v 0.534688 -0.029880 -0.299690
v 0.497513 -0.029341 -0.139695
v 0.581243 -0.027701 0.055651
v 0.508206 -0.028991 0.271396
v 0.574076 -0.029369 0.171450
v 0.552722 -0.012702 0.031607
v 0.554636 -0.013157 0.150954
v 0.484755 -0.012595 0.258861
v 0.504377 -0.005750 0.134815
v 0.484259 -0.012713 -0.133251
v 0.515406 -0.012976 -0.265986
v 0.457239 -0.005640 -0.128419
v 0.512730 -0.015543 -0.328269
v 0.489246 -0.006343 -0.300147
v 0.511266 -0.005646 0.025711
v 0.454265 -0.004789 -0.253132
v 0.433087 -0.004741 -0.119694
v 0.469845 -0.004697 0.046857
v 0.370101 -0.004795 0.221623
v 0.420188 -0.006376 0.280905
v 0.462522 -0.015295 0.327450
v 0.397873 -0.013083 0.314604
v 0.468207 -0.027893 0.354326
v 0.211327 -0.028846 0.236507
v -0.133806 -0.028646 0.021863
v 0.025231 -0.056999 0.116125
v -0.107328 -0.081057 0.015241
v -0.137490 -0.055076 0.020743
v 0.397873 -0.013083 0.314604
v 0.468207 -0.027893 0.354326
v 0.465103 -0.056942 0.351502
v 0.365267 -0.048298 0.322790
v -0.133806 -0.028646 0.021863
v -0.137490 -0.055076 0.020743
v -0.117532 -0.050877 -0.019434
v -0.103475 -0.015473 -0.016390
v 0.025231 -0.056999 0.116125
v -0.107328 -0.081057 0.015241
v -0.137490 -0.055076 0.020743
v -0.117532 -0.050877 -0.019434
v 0.008022 -0.056563 -0.077897
v 0.010186 -0.081207 -0.019546
v 0.193032 -0.066346 -0.191797
v 0.211263 -0.081181 -0.163324
v 0.351804 -0.081186 -0.229547
v 0.182613 -0.049112 -0.210107
v 0.323326 -0.048968 -0.275371
v 0.512725 -0.041612 -0.354973
v 0.469696 -0.050012 -0.357256
v 0.477666 -0.068306 -0.335908
v 0.336875 -0.065901 -0.260598
v 0.492273 -0.081172 -0.313341
v 0.534280 -0.050464 -0.303836
v 0.493790 -0.081257 -0.286996
v 0.502419 -0.054969 -0.179443
v 0.453330 -0.081311 -0.188274
v 0.502890 -0.057238 -0.116830
v 0.458322 -0.081343 -0.095831
v 0.563209 -0.065542 0.052047
v 0.522812 -0.081363 0.044309
v 0.530555 -0.081304 0.144460
v 0.583780 -0.047783 0.048094
v 0.572474 -0.056194 0.172467
v 0.506095 -0.056288 0.271471
v 0.464196 -0.081265 0.245668
v 0.446970 -0.081089 0.311565
v 0.492988 -0.054878 0.322250
v 0.465103 -0.056942 0.351502
v 0.356749 -0.065563 0.296297
v 0.346553 -0.081186 0.249891
v 0.063767 -0.081212 0.085028
v 0.365267 -0.048298 0.322790
v -0.117532 -0.050877 -0.019434
v 0.008022 -0.056563 -0.077897
v -0.103475 -0.015473 -0.016390
v 0.022405 -0.018204 -0.086751
v 0.166601 -0.005959 -0.177106
v 0.182613 -0.049112 -0.210107
v 0.183884 -0.028796 -0.210894
v 0.478860 -0.013132 -0.337197
v 0.323326 -0.048968 -0.275371
v 0.322810 -0.028528 -0.274254
v 0.468898 -0.029634 -0.356227
v 0.512725 -0.041612 -0.354973
v 0.469696 -0.050012 -0.357256
vn 0.0393 0.9991 -0.0157
vn 1.0000 -0.0000 -0.0000
vn 0.9659 -0.0000 -0.2588
vn 0.0394 -0.9991 -0.0157
vn 0.0393 0.9992 -0.0001
vn 0.0394 0.9992 0.0079
vn 0.9659 -0.0000 0.2588
vn 0.0394 -0.9992 0.0079
vn 0.0394 -0.9992 0.0001
vn -0.1730 0.9838 0.0472
vn 0.0392 0.9992 -0.0000
vn 0.0392 0.9991 -0.0157
vn -0.1731 0.9838 -0.0472
vn 0.0392 0.9992 0.0078
vn -0.1733 0.9849 -0.0000
vn -0.5028 -0.0000 0.8644
vn -0.5029 -0.0000 0.8644
vn -0.5029 -0.0000 0.8643
vn -0.1734 0.9849 -0.0001
vn -0.9498 0.1964 -0.2434
vn -0.1732 0.9838 -0.0472
vn -0.9317 0.2684 -0.2448
vn -0.9737 0.0078 -0.2277
vn -0.9320 0.3626 -0.0000
vn -0.9498 0.1964 0.2434
vn -0.1731 0.9838 0.0472
vn -0.9317 0.2684 0.2448
vn -0.9737 0.0078 0.2277
vn 0.0392 -0.9992 -0.0000
vn -0.0785 -0.9966 0.0235
vn 0.0392 -0.9991 -0.0157
vn 0.0392 -0.9992 0.0078
vn -0.0785 -0.9966 -0.0235
vn -0.0784 -0.9969 -0.0000
vn -0.5029 -0.0000 -0.8644
vn -0.5029 -0.0000 -0.8643
vn -0.0000 1.0000 -0.0000
vn -0.4806 0.2678 0.8351
vn -0.4337 0.4887 0.7570
vn -0.4806 0.2677 0.8351
vn -0.4336 0.4890 0.7569
vn -0.4970 -0.0000 0.8677
vn -0.4971 -0.0000 0.8677
vn -0.0000 -1.0000 -0.0000
vn -0.4311 0.4858 -0.7603
vn -0.4310 0.4861 -0.7602
vn -0.4806 0.2678 -0.8351
vn -0.4816 0.2603 -0.8368
vn -0.5027 -0.0000 -0.8644
vn 0.7092 0.5436 -0.4489
vn 0.9750 0.0314 0.2202
vn 0.8437 0.0316 -0.5359
vn 0.8195 0.5437 0.1812
vn 0.7396 -0.4799 -0.4719
vn 0.8570 -0.4796 0.1887
vn 0.4493 0.5436 0.7090
vn 0.4722 -0.4799 0.7394
vn 0.5363 0.0315 0.8434
vn 0.9048 0.0315 -0.4246
vn 0.9409 0.0314 0.3372
vn 0.8107 -0.4407 -0.3855
vn 0.8452 -0.4423 0.3001
vn 0.3858 -0.4407 0.8105
vn 0.7802 0.5043 -0.3702
vn 0.8124 0.5048 0.2918
vn 0.3705 0.5043 0.7800
vn 0.4250 0.0315 0.9046
vn 0.9994 0.0315 0.0158
vn 0.6227 -0.4413 0.6461
vn 0.8975 -0.4409 0.0078
vn 0.6464 -0.4413 -0.6224
vn 0.6990 0.0314 0.7144
vn 0.6039 0.5018 0.6193
vn 0.8643 0.5029 0.0079
vn 0.6195 0.5018 -0.6036
vn 0.7147 0.0314 -0.6987
vn 0.4489 0.5436 0.7092
vn -0.2201 0.0315 0.9750
vn 0.5359 0.0316 0.8437
vn 0.4719 -0.4799 0.7396
vn -0.1813 0.5437 0.8195
vn -0.1887 -0.4796 0.8569
vn -0.7090 0.5436 0.4492
vn -0.7394 -0.4799 0.4722
vn -0.8435 0.0315 0.5362
vn -0.8105 -0.4407 0.3858
vn -0.3368 0.0313 0.9411
vn -0.9047 0.0314 0.4250
vn -0.7800 0.5043 0.3705
vn -0.3002 -0.4424 0.8451
vn 0.3855 -0.4407 0.8107
vn 0.4247 0.0315 0.9048
vn 0.3702 0.5043 0.7802
vn -0.2918 0.5048 0.8124
vn -0.0157 0.0315 0.9994
vn 0.6224 -0.4413 0.6464
vn 0.6987 0.0314 0.7147
vn -0.0158 -0.4408 0.8974
vn 0.6036 0.5018 0.6195
vn -0.0080 0.5029 0.8643
vn -0.6461 -0.4413 0.6227
vn -0.6193 0.5018 0.6039
vn -0.7144 0.0314 0.6990
vn -0.7092 0.5436 0.4489
vn -0.9750 0.0314 -0.2202
vn -0.8437 0.0316 0.5359
vn -0.7396 -0.4799 0.4719
vn -0.8195 0.5437 -0.1813
vn -0.4492 0.5436 -0.7090
vn -0.5363 0.0315 -0.8434
vn -0.4722 -0.4799 -0.7394
vn -0.8570 -0.4796 -0.1887
vn -0.3858 -0.4407 -0.8105
vn -0.9410 0.0313 -0.3369
vn -0.4250 0.0315 -0.9046
vn -0.3705 0.5043 -0.7800
vn -0.8451 -0.4423 -0.3002
vn -0.8126 0.5047 -0.2917
vn -0.8107 -0.4407 0.3854
vn -0.7802 0.5043 0.3702
vn -0.9048 0.0315 0.4247
vn -0.6990 0.0314 -0.7144
vn -0.9994 0.0314 -0.0155
vn -0.6039 0.5018 -0.6193
vn -0.6227 -0.4413 -0.6461
vn -0.8643 0.5029 -0.0079
vn -0.6195 0.5018 0.6036
vn -0.7147 0.0314 0.6987
vn -0.6463 -0.4413 0.6225
vn -0.8974 -0.4408 -0.0157
vn 0.8434 0.0315 -0.5363
vn 0.2202 0.0314 -0.9750
vn 0.7090 0.5436 -0.4493
vn 0.1812 0.5437 -0.8195
vn -0.4489 0.5436 -0.7092
vn 0.7394 -0.4799 -0.4722
vn 0.1887 -0.4796 -0.8569
vn -0.4719 -0.4799 -0.7396
vn -0.5359 0.0315 -0.8437
vn 0.8105 -0.4407 -0.3858
vn 0.3371 0.0314 -0.9409
vn 0.9047 0.0315 -0.4250
vn 0.3001 -0.4423 -0.8452
vn 0.7800 0.5043 -0.3705
vn 0.2918 0.5048 -0.8124
vn -0.3855 -0.4407 -0.8107
vn -0.3702 0.5043 -0.7802
vn -0.4246 0.0315 -0.9048
vn 0.7144 0.0314 -0.6990
vn 0.0157 0.0315 -0.9994
vn 0.6193 0.5018 -0.6039
vn 0.6461 -0.4413 -0.6227
vn 0.0079 0.5029 -0.8643
vn 0.0157 -0.4409 -0.8974
vn -0.6036 0.5018 -0.6196
vn -0.6224 -0.4413 -0.6464
vn -0.6987 0.0314 -0.7147
vn 0.8064 -0.5850 0.0870
vn 0.7992 -0.5878 -0.1254
vn 0.9231 0.3706 -0.1025
vn 0.5743 -0.0236 -0.8183
vn 0.9155 0.3946 -0.0789
vn 0.6375 -0.7558 -0.1495
vn 0.9279 -0.3303 -0.1730
vn 0.7723 0.6226 -0.1261
vn 0.6658 -0.7131 0.2193
vn 0.6934 0.6227 0.3625
vn 0.6215 -0.7241 0.2990
vn 0.7375 -0.5259 0.4237
vn 0.7725 0.5757 0.2680
vn 0.3861 0.9219 -0.0315
vn 0.2753 0.9598 -0.0551
vn 0.3698 0.9288 0.0236
vn 0.3452 0.8950 -0.2826
vn 0.2586 0.7211 0.6427
vn 0.1571 -0.7863 0.5975
vn -0.8020 0.5583 0.2123
vn -0.4190 0.5218 0.7431
vn -0.2050 0.9767 0.0632
vn -0.3218 0.9107 -0.2589
vn -0.0785 0.9966 0.0236
vn -0.0392 0.9967 0.0707
vn -0.0236 0.9997 -0.0079
vn -0.0789 0.9938 -0.0789
vn -0.0157 0.9996 -0.0236
vn -0.4091 0.6454 -0.6451
vn -0.0707 0.9895 -0.1257
vn -0.0316 0.9957 -0.0869
vn -0.1810 0.9047 -0.3857
vn -0.4739 0.3555 -0.8056
vn -0.0001 0.9562 -0.2926
vn -0.4011 0.4563 -0.7943
vn -0.0948 0.6075 -0.7887
vn 0.7722 0.6227 -0.1261
vn 0.9154 0.3946 -0.0789
vn 0.2755 0.9597 -0.0552
vn 0.2365 0.9690 0.0709
vn 0.1890 0.9758 0.1102
vn 0.0629 0.9977 0.0236
vn 0.3859 0.9220 -0.0315
vn 0.0785 0.9969 -0.0079
vn 0.3699 0.9288 0.0236
vn 0.9230 0.3708 -0.1026
vn 0.3454 0.8949 -0.2826
vn 0.0549 0.9965 -0.0628
vn 0.5744 -0.0238 -0.8182
vn 0.0707 0.9974 -0.0157
vn 0.0160 0.9998 -0.0152
vn 0.0158 0.9999 -0.0000
vn 0.0157 0.9999 -0.0000
vn 0.0001 0.9999 0.0159
vn 0.0236 0.9972 0.0707
vn 0.1420 0.9612 0.2365
vn -0.0868 0.9549 0.2841
vn 0.2587 0.7213 0.6426
vn -0.4190 0.5219 0.7430
vn -0.8021 0.5583 0.2122
vn -0.3852 -0.6366 0.6681
vn -0.2277 -0.9737 -0.0080
vn -0.8033 -0.5593 0.2046
vn -0.3844 -0.3062 0.8709
vn 0.1572 -0.7863 0.5975
vn 0.2587 0.7211 0.6427
vn -0.0867 0.9549 0.2839
vn -0.8020 0.5583 0.2125
vn -0.6783 -0.1577 -0.7177
vn -0.8033 -0.5592 0.2048
vn -0.3217 0.9107 -0.2590
vn -0.6783 -0.1576 -0.7177
vn -0.2277 -0.9737 -0.0079
vn -0.8034 -0.5591 0.2050
vn -0.3781 -0.6855 -0.6222
vn -0.1807 -0.9116 -0.3693
vn -0.2527 -0.8685 -0.4264
vn -0.2051 -0.9151 -0.3471
vn -0.1889 -0.9129 -0.3620
vn -0.4582 -0.4505 -0.7663
vn -0.4016 -0.4806 -0.7796
vn 0.5743 -0.0234 -0.8183
vn -0.0551 -0.8427 -0.5356
vn -0.0868 -0.6472 -0.7574
vn -0.2361 -0.8578 -0.4565
vn 0.1573 -0.9507 -0.2673
vn 0.7992 -0.5879 -0.1254
vn 0.5347 -0.8414 0.0786
vn 0.8063 -0.5851 0.0869
vn 0.4584 -0.8852 0.0788
vn 0.4319 -0.8952 -0.1100
vn 0.4795 -0.8725 -0.0943
vn 0.3776 -0.9203 -0.1022
vn 0.3934 -0.9127 0.1102
vn 0.4170 -0.8891 0.1888
vn 0.1183 -0.9466 0.2998
vn 0.7376 -0.5257 0.4237
vn 0.1572 -0.7864 0.5974
vn -0.2447 -0.8369 0.4895
vn -0.2119 -0.9111 0.3534
vn -0.2039 -0.8863 0.4157
vn -0.3845 -0.3060 0.8710
vn -0.3851 -0.6368 0.6680
vn -0.2277 -0.9737 -0.0078
vn -0.3219 0.9106 -0.2591
vn -0.6782 -0.1578 -0.7177
vn -0.4091 0.6453 -0.6451
vn -0.4582 -0.4503 -0.7663
vn -0.0705 0.9896 -0.1255
vn -0.4740 0.3553 -0.8057
vn -0.4016 -0.4804 -0.7797
vn -0.4011 0.4562 -0.7944
vn -0.0946 0.6072 -0.7889
vn -0.0001 0.9563 -0.2924
vn 0.5745 -0.0237 -0.8182
vn -0.0867 -0.6472 -0.7574
vt 8.452090 -40.927799
vt 8.000000 -41.000000
vt 8.471280 -41.000000
vt 8.452090 -41.072201
vt 8.000000 -40.927799
vt 7.547910 -40.927799
vt 7.528720 -41.000000
vt 7.547910 -41.072201
vt 8.000000 -41.072201
vt 8.126450 -41.387299
vt 7.893090 -41.000000
vt 8.014220 -41.452099
vt 8.126460 -40.612701
vt 8.014220 -40.547901
vt 8.022680 -41.000000
vt 7.985780 -40.927799
vt 7.854790 -40.993801
vt 8.019030 -41.000000
vt 7.873540 -40.938099
vt 7.985780 -41.072201
vt 7.854690 -41.019001
vt 7.873540 -41.061901
vt 8.000000 -40.938099
vt 8.340860 -40.996601
vt 8.387290 -40.938099
vt 8.376460 -40.993801
vt 8.376410 -41.019001
vt 8.000000 -40.996601
vt 7.659140 -40.996601
vt 7.612710 -40.938099
vt 7.623540 -40.993801
vt 7.623590 -41.019001
vt 8.106910 -41.000000
vt 7.873550 -41.387299
vt 7.985780 -41.452099
vt 7.985780 -40.547901
vt 7.873540 -40.612701
vt 7.977320 -41.000000
vt 8.014220 -41.072201
vt 8.145210 -40.993801
vt 7.980970 -41.000000
vt 8.014220 -40.927799
vt 8.126450 -40.938099
vt 8.145310 -41.019001
vt 8.126450 -41.061901
vt 61.624699 -19.000000
vt 61.720600 -19.357901
vt 62.361401 -19.000401
vt 61.720600 -18.642099
vt 62.264702 -18.994801
vt 61.638599 -18.962299
vt 61.612701 -18.994801
vt 62.279400 -18.962299
vt 61.612701 -19.037701
vt 62.283501 -19.037701
vt 62.387299 -19.000000
vt 62.283501 -18.612700
vt 61.612701 -19.000000
vt 62.283501 -19.387300
vt 62.361401 -18.962299
vt 61.720600 -18.962299
vt 61.735298 -18.994801
vt 62.387299 -18.994801
vt 62.387299 -19.037701
vt 61.716499 -19.037701
vt 14.027100 -38.993198
vt 13.954900 -38.999500
vt 14.029300 -38.999500
vt 13.955800 -38.993198
vt 14.027200 -39.006802
vt 13.955800 -39.006802
vt 13.896500 -38.993198
vt 13.896500 -39.006802
vt 13.893100 -38.999500
vt 13.895500 -38.999500
vt 13.827600 -38.999500
vt 13.894000 -39.006802
vt 13.828900 -39.006802
vt 13.780500 -39.006802
vt 13.894000 -38.993198
vt 13.828900 -38.993198
vt 13.780500 -38.993198
vt 13.777200 -38.999500
vt 14.136100 -38.999500
vt 14.076300 -39.006802
vt 14.136200 -39.006802
vt 14.196800 -39.006802
vt 14.073700 -38.999500
vt 14.076300 -38.993198
vt 14.136200 -38.993198
vt 14.196700 -38.993198
vt 14.199300 -38.999500
vt 13.897200 -38.934399
vt 13.783800 -38.894001
vt 13.832100 -38.937698
vt 13.889400 -38.777302
vt 13.780500 -38.828899
vt 13.824300 -38.780499
vt 13.940900 -38.886101
vt 13.937700 -38.820999
vt 14.046700 -39.027100
vt 14.075800 -38.896500
vt 14.034200 -38.955799
vt 14.206400 -38.925598
vt 14.147100 -38.883999
vt 14.218900 -38.996899
vt 14.106000 -39.068699
vt 14.177400 -39.056198
vt 14.044000 -39.198399
vt 13.985800 -39.052200
vt 13.983500 -39.222500
vt 14.069800 -39.138500
vt 14.045700 -39.077999
vt 13.925300 -39.076302
vt 13.899500 -39.136200
vt 13.923600 -39.196701
vt 13.924200 -38.993198
vt 13.852000 -38.999500
vt 13.926400 -38.999500
vt 13.924200 -39.006802
vt 13.852900 -38.993198
vt 13.852900 -39.006802
vt 13.793600 -38.993198
vt 13.793600 -39.006802
vt 13.790100 -38.999500
vt 14.062300 -39.006802
vt 14.109400 -38.999500
vt 14.059000 -38.999500
vt 14.062300 -38.993198
vt 14.110600 -39.006802
vt 14.175800 -39.006802
vt 14.177300 -38.999500
vt 14.175700 -38.993198
vt 14.110600 -38.993198
vt 14.014100 -38.999500
vt 14.074800 -39.006802
vt 14.077300 -38.999500
vt 14.014200 -39.006802
vt 14.074700 -38.993198
vt 14.014200 -38.993198
vt 13.954300 -39.006802
vt 13.954300 -38.993198
vt 13.951700 -38.999500
vt 14.074400 -38.993198
vt 14.002200 -38.999500
vt 14.076600 -38.999500
vt 14.074500 -39.006802
vt 14.003100 -38.993198
vt 13.943800 -38.993198
vt 13.940400 -38.999500
vt 13.943800 -39.006802
vt 14.003100 -39.006802
vt 14.065500 -39.006802
vt 14.112700 -38.999500
vt 14.062200 -38.999500
vt 14.065600 -38.993198
vt 14.113900 -39.006802
vt 14.113900 -38.993198
vt 14.179000 -39.006802
vt 14.179000 -38.993198
vt 14.180600 -38.999500
vt 13.799000 -38.999500
vt 13.861400 -38.999500
vt 13.801600 -38.993198
vt 13.801600 -39.006802
vt 13.861500 -38.993198
vt 13.922000 -38.993198
vt 13.924600 -38.999500
vt 13.922100 -39.006802
vt 13.861500 -39.006802
vt 14.167900 -38.937698
vt 14.175800 -38.780499
vt 14.059000 -38.886101
vt 14.102800 -38.934502
vt 14.062300 -38.820999
vt 14.110600 -38.777199
vt 14.216200 -38.894001
vt 14.219500 -38.828899
vt 13.953300 -39.027199
vt 13.822600 -39.056198
vt 13.894000 -39.068802
vt 13.924200 -38.896500
vt 13.965800 -38.955799
vt 13.793600 -38.925499
vt 13.852900 -38.883900
vt 13.781000 -38.996899
vt 14.014200 -39.052200
vt 14.100500 -39.136200
vt 14.074800 -39.076302
vt 14.076400 -39.196800
vt 13.955900 -39.198399
vt 14.016500 -39.222500
vt 13.930200 -39.138500
vt 13.954300 -39.077900
vt 14.043300 -38.999500
vt 14.105100 -38.999500
vt 14.046700 -38.993198
vt 14.106000 -38.993198
vt 14.177400 -38.993198
vt 14.046700 -39.006802
vt 14.106000 -39.006802
vt 14.177400 -39.006802
vt 14.179600 -38.999500
vt 13.783800 -39.006802
vt 13.830900 -38.999500
vt 13.780500 -38.999500
vt 13.832100 -39.006802
vt 13.783800 -38.993198
vt 13.832100 -38.993198
vt 13.897200 -39.006802
vt 13.897200 -38.993198
vt 13.898800 -38.999500
vt 13.921000 -38.999500
vt 13.983400 -38.999500
vt 13.923600 -38.993198
vt 13.923600 -39.006802
vt 13.983500 -38.993198
vt 13.983500 -39.006802
vt 14.044000 -38.993198
vt 14.044100 -39.006802
vt 14.046600 -38.999500
vt 58.178001 -23.011900
vt 58.302399 -23.007401
vt 58.298199 -22.986900
vt 58.353500 -22.998600
vt 58.138199 -22.986300
vt 58.115398 -23.014200
vt 57.950401 -23.004801
vt 57.942902 -22.984699
vt 57.826099 -23.013201
vt 57.727100 -22.986000
vt 57.727100 -23.013300
vt 57.676300 -23.011801
vt 57.827099 -22.986300
vt 58.131802 -22.969700
vt 57.966900 -22.969700
vt 58.264500 -22.969900
vt 58.326801 -22.972500
vt 57.644199 -22.984900
vt 57.646999 -23.013901
vt 58.356998 -22.976700
vt 58.011799 -22.761999
vt 58.329399 -22.978500
vt 58.326599 -23.014900
vt 58.284199 -22.979000
vt 57.901299 -22.758600
vt 58.247200 -22.994200
vt 58.270100 -23.011900
vt 58.067699 -23.150000
vt 58.200699 -23.085300
vt 58.056499 -23.175600
vt 57.872700 -23.243401
vt 57.895100 -23.257500
vt 58.039299 -23.209400
vt 57.744301 -23.335699
vt 57.900299 -23.272800
vt 57.754200 -23.354799
vt 57.641899 -22.942900
vt 57.725601 -23.138201
vt 57.670399 -22.966900
vt 57.668499 -22.847601
vt 57.649101 -22.827101
vt 57.738400 -22.739700
vt 57.714901 -22.727100
vt 57.718800 -22.863701
vt 57.738899 -23.131800
vt 57.765900 -23.127001
vt 57.707699 -23.264500
vt 57.688499 -23.298201
vt 57.710400 -23.326799
vt 57.733898 -23.298700
vt 57.710400 -23.353500
vt 57.711899 -22.972799
vt 57.768902 -23.251699
vt 57.790100 -23.118200
vt 57.753300 -22.951700
vt 57.853001 -22.776899
vt 57.803001 -22.717600
vt 57.760601 -22.671101
vt 57.825298 -22.683901
vt 57.754902 -22.644199
vt 57.988201 -22.985800
vt 57.643002 -22.985600
vt 57.802101 -23.014000
vt 57.669498 -23.038000
vt 57.639400 -23.011999
vt 58.142101 -23.005301
vt 58.242001 -23.013901
vt 58.245098 -22.984900
vt 58.174702 -22.970100
vt 58.023300 -22.985600
vt 57.981998 -23.007799
vt 58.022202 -23.011999
vt 57.985100 -22.972401
vt 57.659302 -23.018000
vt 57.669498 -22.983299
vt 57.639400 -22.977800
vt 57.784901 -23.076401
vt 57.786999 -23.018101
vt 57.969898 -23.190300
vt 57.988098 -23.161900
vt 58.128700 -23.228100
vt 57.959499 -23.208599
vt 58.100201 -23.273899
vt 58.289600 -23.353500
vt 58.254501 -23.334400
vt 58.246601 -23.355801
vt 58.113701 -23.259100
vt 58.269100 -23.311899
vt 58.311100 -23.302401
vt 58.270599 -23.285500
vt 58.279301 -23.177999
vt 58.230202 -23.186800
vt 58.279701 -23.115400
vt 58.235199 -23.094400
vt 58.340099 -22.946501
vt 58.299702 -22.954201
vt 58.307400 -22.854099
vt 58.360600 -22.950399
vt 58.349300 -22.826099
vt 58.283001 -22.727100
vt 58.241100 -22.752899
vt 58.223801 -22.687000
vt 58.269798 -22.676300
vt 58.242001 -22.646999
vt 58.133598 -22.702200
vt 58.123402 -22.748600
vt 57.840599 -22.913500
vt 58.142101 -22.675699
vt 57.802101 -22.882401
vt 58.326599 -22.972401
vt 58.215099 -23.013500
vt 58.340698 -23.007799
vt 58.200699 -22.975201
vt 58.040501 -23.006100
vt 58.056499 -22.962900
vt 58.039299 -22.985800
vt 57.899799 -23.005899
vt 57.900299 -22.985500
vt 57.754200 -22.986601
vt 57.744301 -22.970100
vt 57.710400 -22.998600
vt 57.753399 -23.007000
s 1
usemtl Meshpart41Mtl
f 511/398/333 512/399/334 510/400/335
f 512/399/334 511/398/333 513/401/336
f 510/400/335 512/399/334 514/402/337
f 514/402/337 512/399/334 515/403/338
f 513/401/336 516/404/339 512/399/334
f 512/399/334 517/405/340 515/403/338
f 512/399/334 516/404/339 518/406/341
f 517/405/340 512/399/334 518/406/341
f 519/407/342 520/408/343 521/409/344
f 521/409/344 520/408/343 522/410/345
f 520/408/343 523/411/346 522/410/345
f 524/412/347 520/408/343 519/407/342
f 520/408/343 524/412/347 525/413/348
f 525/413/348 526/414/349 520/408/343
f 520/408/343 526/414/349 527/415/350
f 523/411/346 520/408/343 527/415/350
f 528/416/351 529/417/352 530/418/353
f 531/419/354 528/416/351 530/418/353
f 529/417/352 528/416/351 532/420/355
f 528/416/351 533/421/356 532/420/355
f 534/422/357 533/421/356 528/416/351
f 528/416/351 535/423/358 534/422/357
f 535/423/358 528/416/351 536/424/359
f 536/424/359 528/416/351 531/419/354
f 537/425/320 538/426/320 539/427/320
f 540/428/320 538/426/320 537/425/320
f 538/426/320 540/428/320 541/429/320
f 541/429/320 540/428/320 542/430/320
f 540/428/320 537/425/320 543/431/320
f 540/428/320 543/431/320 544/432/320
f 545/433/320 546/434/320 547/435/320
f 545/433/320 548/436/320 546/434/320
f 546/434/320 548/436/320 549/437/320
f 548/436/320 545/433/320 550/438/320
f 550/438/320 545/433/320 551/439/320
f 550/438/320 551/439/320 552/440/320
f 553/441/320 554/442/320 555/443/320
f 556/444/320 554/442/320 553/441/320
f 554/442/320 556/444/320 557/445/320
f 555/443/320 554/442/320 558/446/320
f 555/443/320 558/446/320 559/447/320
f 555/443/320 559/447/320 560/448/320
f 561/449/360 564/450/361 563/451/362
f 564/450/361 562/452/363 563/451/362
f 564/450/361 561/449/360 565/453/364
f 562/452/363 564/450/361 566/454/365
f 567/455/366 564/450/361 565/453/364
f 564/450/361 568/456/367 566/454/365
f 569/457/368 564/450/361 567/455/366
f 568/456/367 564/450/361 569/457/368
f 573/458/369 576/459/370 575/460/371
f 575/460/371 576/459/370 574/461/372
f 576/459/370 573/458/369 577/462/373
f 570/463/374 576/459/370 577/462/373
f 576/459/370 570/463/374 572/464/375
f 571/465/376 576/459/370 572/464/375
f 574/461/372 576/459/370 578/466/377
f 576/459/370 571/465/376 578/466/377
f 581/467/378 579/468/379 580/469/380
f 579/468/379 581/467/378 582/470/381
f 583/471/382 581/467/378 580/469/380
f 581/467/378 583/471/382 584/472/383
f 581/467/378 585/473/384 582/470/381
f 586/474/385 581/467/378 584/472/383
f 585/473/384 581/467/378 587/475/386
f 587/475/386 581/467/378 586/474/385
f 591/476/387 594/477/388 593/478/389
f 594/477/388 592/479/390 593/478/389
f 594/477/388 591/476/387 595/480/391
f 588/481/392 594/477/388 595/480/391
f 590/482/393 594/477/388 588/481/392
f 589/483/394 594/477/388 590/482/393
f 592/479/390 594/477/388 596/484/395
f 594/477/388 589/483/394 596/484/395
f 597/485/396 600/486/397 599/487/398
f 599/487/398 600/486/397 598/488/399
f 600/486/397 597/485/396 601/489/400
f 598/488/399 600/486/397 602/490/401
f 603/491/402 600/486/397 601/489/400
f 600/486/397 604/492/403 602/490/401
f 600/486/397 603/491/402 605/493/404
f 604/492/403 600/486/397 605/493/404
f 611/494/405 612/495/406 609/496/407
f 610/497/408 612/495/406 611/494/405
f 609/496/407 612/495/406 613/498/409
f 612/495/406 607/499/410 613/498/409
f 607/499/410 612/495/406 608/500/411
f 608/500/411 612/495/406 606/501/412
f 612/495/406 610/497/408 614/502/413
f 606/501/412 612/495/406 614/502/413
f 615/503/327 616/504/327 617/505/327
f 615/503/327 617/505/327 618/506/327
f 617/505/327 616/504/327 619/507/327
f 619/507/327 616/504/327 620/508/327
f 616/504/327 615/503/327 621/509/327
f 616/504/327 621/509/327 622/510/327
f 623/511/327 624/512/327 625/513/327
f 624/512/327 623/511/327 626/514/327
f 626/514/327 623/511/327 627/515/327
f 624/512/327 626/514/327 628/516/327
f 628/516/327 626/514/327 629/517/327
f 624/512/327 628/516/327 630/518/327
f 631/519/327 632/520/327 633/521/327
f 631/519/327 634/522/327 632/520/327
f 631/519/327 635/523/327 634/522/327
f 634/522/327 635/523/327 636/524/327
f 635/523/327 631/519/327 637/525/327
f 637/525/327 631/519/327 638/526/327
f 639/527/414 640/528/415 641/529/416
f 642/530/417 641/529/416 640/528/415
f 640/528/415 643/531/418 642/530/417
f 644/532/419 640/528/415 639/527/414
f 640/528/415 644/532/419 645/533/420
f 645/533/420 646/534/421 640/528/415
f 647/535/422 640/528/415 646/534/421
f 643/531/418 640/528/415 647/535/422
f 649/536/423 650/537/424 648/538/425
f 650/537/424 649/536/423 651/539/426
f 648/538/425 650/537/424 652/540/427
f 653/541/428 652/540/427 650/537/424
f 651/539/426 654/542/429 650/537/424
f 650/537/424 655/543/430 653/541/428
f 656/544/431 650/537/424 654/542/429
f 655/543/430 650/537/424 656/544/431
f 659/545/432 660/546/433 658/547/434
f 657/548/435 660/546/433 659/545/432
f 661/549/436 658/547/434 660/546/433
f 660/546/433 657/548/435 662/550/437
f 660/546/433 663/551/438 661/549/436
f 662/550/437 664/552/439 660/546/433
f 663/551/438 660/546/433 665/553/440
f 665/553/440 660/546/433 664/552/439
usemtl Meshpart31Mtl
f 445/333/284 446/334/285 447/335/286
f 447/335/286 446/334/285 448/336/287
f 446/334/285 445/333/284 449/337/288
f 449/337/288 450/338/289 446/334/285
f 446/334/285 450/338/289 451/339/290
f 452/340/291 446/334/285 451/339/290
f 448/336/287 446/334/285 453/341/292
f 446/334/285 452/340/291 453/341/292
f 456/342/293 455/343/294 454/344/295
f 455/343/294 458/345/296 457/346/297
f 458/345/296 455/343/294 459/347/298
f 455/343/294 456/342/293 459/347/298
f 460/348/299 461/349/300 462/350/300
f 461/349/300 460/348/299 463/351/301
f 461/349/300 464/352/300 462/350/300
f 464/352/300 461/349/300 465/353/300
f 464/352/300 465/353/300 466/354/301
f 469/355/302 470/356/303 468/357/304
f 468/357/304 470/356/303 471/358/305
f 470/356/303 472/359/306 471/358/305
f 470/356/303 469/355/302 473/360/307
f 469/355/302 474/361/308 473/360/307
f 467/362/309 474/361/308 469/355/302
f 474/361/308 467/362/309 475/363/310
f 476/364/311 474/361/308 475/363/310
f 479/365/312 480/366/313 477/367/314
f 479/365/312 478/368/315 481/369/316
f 480/366/313 479/365/312 482/370/317
f 479/365/312 481/369/316 482/370/317
f 483/371/318 484/372/318 485/373/319
f 484/372/318 486/374/319 485/373/319
f 486/374/319 484/372/318 487/375/319
f 484/372/318 483/371/318 488/376/319
f 488/376/319 483/371/318 489/377/318
usemtl Meshpart21Mtl
f 490/378/320 491/379/320 492/380/320
f 493/381/320 490/378/320 492/380/320
f 494/382/321 495/383/322 496/384/323
f 495/383/322 494/382/321 497/385/324
f 498/386/325 494/382/321 496/384/323
f 494/382/321 498/386/325 499/387/326
f 500/388/327 501/389/327 502/390/327
f 503/391/327 500/388/327 502/390/327
f 504/392/328 505/393/329 506/394/330
f 504/392/328 506/394/330 507/395/331
f 507/395/331 506/394/330 508/396/319
f 509/397/332 508/396/319 506/394/330
usemtl Meshpart11Mtl
f 668/554/441 667/555/442 669/556/443
f 667/555/442 666/557/444 669/556/443
f 669/556/443 671/558/445 668/554/441
f 671/558/445 670/559/446 668/554/441
f 672/560/447 670/559/446 671/558/445
f 675/561/448 673/562/449 672/560/447
f 672/560/447 671/558/445 675/561/448
f 673/562/449 676/563/450 674/564/451
f 674/564/451 676/563/450 677/565/452
f 673/562/449 675/561/448 678/566/453
f 678/566/453 676/563/450 673/562/449
f 671/558/445 680/567/454 679/568/455
f 671/558/445 681/569/456 680/567/454
f 671/558/445 669/556/443 681/569/456
f 669/556/443 666/557/444 682/570/457
f 676/563/450 683/571/458 677/565/452
f 683/571/458 684/572/459 677/565/452
f 686/573/460 685/574/461 687/575/462
f 688/576/463 686/573/460 687/575/462
f 688/576/463 687/575/462 689/577/464
f 687/575/462 690/578/465 689/577/464
f 690/578/465 691/579/466 689/577/464
f 691/579/466 692/580/467 689/577/464
f 692/580/467 688/576/463 689/577/464
f 693/581/468 692/580/467 691/579/466
f 692/580/467 694/582/469 688/576/463
f 692/580/467 693/581/468 695/583/470
f 692/580/467 695/583/470 694/582/469
f 693/581/468 696/584/471 695/583/470
f 696/584/471 698/585/472 695/583/470
f 698/585/472 697/586/473 695/583/470
f 696/584/471 699/587/474 698/585/472
f 698/585/472 700/588/475 697/586/473
f 699/587/474 701/589/476 698/585/472
f 698/585/472 701/589/476 700/588/475
f 705/590/477 704/591/478 708/592/479
f 709/593/480 707/594/453 705/590/477
f 709/593/480 705/590/477 708/592/479
f 710/595/481 707/594/453 709/593/480
f 707/594/453 710/595/481 706/596/450
f 710/595/481 709/593/480 711/597/482
f 708/592/479 711/597/482 709/593/480
f 712/598/483 714/599/484 708/592/479
f 712/598/483 713/600/485 714/599/484
f 703/601/486 715/602/487 713/600/485
f 713/600/485 715/602/487 716/603/488
f 713/600/485 716/603/488 714/599/484
f 702/604/489 699/587/474 715/602/487
f 715/602/487 699/587/474 716/603/488
f 708/592/479 714/599/484 717/605/490
f 717/605/490 711/597/482 708/592/479
f 714/599/484 716/603/488 718/606/491
f 719/607/492 717/605/490 714/599/484
f 718/606/491 719/607/492 714/599/484
f 717/605/490 719/607/492 720/608/493
f 717/605/490 720/608/493 711/597/482
f 719/607/492 718/606/491 691/579/466
f 719/607/492 691/579/466 720/608/493
f 718/606/491 716/603/488 696/584/471
f 716/603/488 699/587/474 696/584/471
f 711/597/482 720/608/493 721/609/494
f 721/609/494 720/608/493 691/579/466
f 722/610/495 711/597/482 721/609/494
f 710/595/481 711/597/482 722/610/495
f 718/606/491 696/584/471 693/581/468
f 691/579/466 718/606/491 693/581/468
f 710/595/481 722/610/495 723/611/496
f 710/595/481 723/611/496 706/596/450
f 722/610/495 721/609/494 690/578/465
f 721/609/494 691/579/466 690/578/465
f 723/611/496 722/610/495 724/612/497
f 722/610/495 690/578/465 724/612/497
f 725/613/498 706/596/450 723/611/496
f 725/613/498 723/611/496 724/612/497
f 724/612/497 687/575/462 685/574/461
f 724/612/497 690/578/465 687/575/462
f 726/614/499 727/615/500 728/616/501
f 729/617/502 728/616/501 730/618/503
f 727/615/500 730/618/503 728/616/501
f 734/619/504 733/620/505 732/621/506
f 726/614/499 734/619/504 732/621/506
f 726/614/499 732/621/506 731/622/507
f 728/616/501 734/619/504 726/614/499
f 735/623/508 737/624/509 736/625/510
f 737/624/509 735/623/508 738/626/511
f 742/627/512 740/628/513 741/629/514
f 743/630/515 740/628/513 742/627/512
f 743/630/515 744/631/516 740/628/513
f 744/631/516 743/630/515 745/632/517
f 746/633/518 744/631/516 745/632/517
f 745/632/517 747/634/519 746/633/518
f 745/632/517 743/630/515 748/635/520
f 748/635/520 749/636/521 745/632/517
f 750/637/522 752/638/523 751/639/524
f 745/632/517 749/636/521 753/640/525
f 751/639/524 753/640/525 749/636/521
f 751/639/524 752/638/523 753/640/525
f 753/640/525 747/634/519 745/632/517
f 754/641/526 753/640/525 752/638/523
f 753/640/525 754/641/526 747/634/519
f 755/642/527 754/641/526 750/637/522
f 755/642/527 756/643/528 754/641/526
f 750/637/522 754/641/526 752/638/523
f 757/644/529 756/643/528 755/642/527
f 757/644/529 758/645/530 756/643/528
f 759/646/446 758/645/530 757/644/529
f 760/647/531 758/645/530 759/646/446
f 760/647/531 759/646/446 761/648/532
f 762/649/533 760/647/531 761/648/532
f 763/650/534 762/649/533 761/648/532
f 761/648/532 759/646/446 764/651/447
f 765/652/449 763/650/534 761/648/532
f 765/652/449 761/648/532 764/651/447
f 766/653/451 763/650/534 765/652/449
f 763/650/534 766/653/451 767/654/535
f 766/653/451 768/655/536 767/654/535
f 766/653/451 769/656/537 768/655/536
f 768/655/536 769/656/537 770/657/538
f 771/658/539 768/655/536 770/657/538
f 771/658/539 772/659/540 768/655/536
f 771/658/539 773/660/541 772/659/540
f 774/661/542 771/658/539 770/657/538
f 739/662/543 773/660/541 771/658/539
f 739/662/543 771/658/539 774/661/542
f 773/660/541 739/662/543 740/628/544
f 777/663/545 776/664/515 775/665/546
f 777/663/545 778/666/547 776/664/515
f 780/667/548 776/664/515 778/666/547
f 779/668/549 781/669/550 778/666/547
f 781/669/550 780/667/548 778/666/547
f 781/669/550 783/670/551 780/667/548
f 783/670/551 781/669/550 784/671/552
f 785/672/553 783/670/551 784/671/552
f 782/673/554 786/674/555 785/672/553
f 786/674/555 787/675/556 785/672/553
f 783/670/551 785/672/553 787/675/556
o Pizza_Box.004
v 0.125038 -0.006721 -0.446317
v 0.128454 0.000650 -0.448490
v 0.141525 0.000650 -0.374078
v 0.137571 -0.006721 -0.374957
v 0.125002 0.006965 -0.446295
v 0.137532 0.006965 -0.374966
v 0.095976 -0.006721 -0.315635
v 0.095954 0.006965 -0.315670
v 0.098149 0.000650 -0.312219
v 0.137532 0.006965 -0.374966
v 0.024625 0.006965 -0.303142
v 0.095954 0.006965 -0.315670
v 0.125002 0.006965 -0.446295
v -0.005622 0.006965 -0.475344
v 0.065706 0.006965 -0.487873
v -0.047199 0.006965 -0.416048
v -0.034672 0.006965 -0.344720
v 0.095976 -0.006721 -0.315635
v 0.095954 0.006965 -0.315670
v 0.098149 0.000650 -0.312219
v -0.034672 0.006965 -0.344720
v -0.034706 -0.006721 -0.344698
v -0.038123 0.000650 -0.342524
v 0.023736 0.000650 -0.299149
v 0.024625 0.006965 -0.303142
v 0.024616 -0.006721 -0.303102
v -0.005644 -0.006721 -0.475379
v -0.005622 0.006965 -0.475344
v -0.007818 0.000650 -0.478796
v -0.051192 0.000650 -0.416936
v -0.047199 0.006965 -0.416048
v -0.047240 -0.006721 -0.416057
v -0.034672 0.006965 -0.344720
v -0.034706 -0.006721 -0.344698
v -0.038123 0.000650 -0.342524
v 0.125038 -0.006721 -0.446317
v -0.005644 -0.006721 -0.475379
v 0.065715 -0.006721 -0.487913
v 0.024616 -0.006721 -0.303102
v 0.137571 -0.006721 -0.374957
v 0.095976 -0.006721 -0.315635
v -0.034706 -0.006721 -0.344698
v -0.047240 -0.006721 -0.416057
v 0.125038 -0.006721 -0.446317
v 0.066594 0.000650 -0.491866
v 0.128454 0.000650 -0.448490
v 0.065715 -0.006721 -0.487913
v -0.005644 -0.006721 -0.475379
v 0.125002 0.006965 -0.446295
v 0.065706 0.006965 -0.487873
v -0.005622 0.006965 -0.475344
v -0.007818 0.000650 -0.478796
v -0.169148 0.025172 -0.945153
v 0.302141 -0.047058 -0.857290
v -0.169150 -0.047058 -0.983549
v -0.169148 -0.119289 -0.945153
v 0.282945 0.025172 -0.824038
v 0.613911 0.025172 -0.493101
v 0.647161 -0.047058 -0.512301
v 0.613911 -0.119289 -0.493101
v 0.282945 -0.119289 -0.824038
v -0.169148 0.025172 -0.945153
v 0.282945 0.025172 -0.824038
v -0.169142 0.014819 -0.815559
v 0.613911 0.025172 -0.493101
v 0.501681 0.014819 -0.428299
v 0.218152 0.014819 -0.711802
v 0.613911 0.025172 -0.493101
v 0.482927 -0.040841 -0.417470
v 0.647161 -0.047058 -0.512301
v 0.501681 0.014819 -0.428299
v 0.613911 -0.119289 -0.493101
v 0.482830 -0.066020 -0.417413
v 0.501681 -0.108936 -0.428299
v -0.169142 0.014819 -0.815559
v 0.501681 0.014819 -0.428299
v 0.218152 0.014819 -0.711802
v 0.456319 -0.043640 -0.442589
v 0.482927 -0.040841 -0.417470
v 0.482830 -0.066020 -0.417413
v 0.206781 -0.043640 -0.692105
v -0.134083 -0.043640 -0.783422
v -0.169142 -0.040841 -0.793904
v -0.169141 -0.066020 -0.793791
v -0.169148 -0.119289 -0.945153
v 0.613911 -0.119289 -0.493101
v 0.282945 -0.119289 -0.824038
v -0.169142 -0.108936 -0.815559
v 0.501681 -0.108936 -0.428299
v 0.218152 -0.108936 -0.711802
v -0.169148 -0.119289 -0.945153
v -0.169142 -0.040841 -0.793904
v -0.169150 -0.047058 -0.983549
v -0.169148 0.025172 -0.945153
v -0.169142 0.014819 -0.815559
v -0.169141 -0.066020 -0.793791
v -0.169142 -0.108936 -0.815559
v 0.212062 -0.033551 -0.701027
v -0.145806 -0.033551 -0.796900
v -0.156574 -0.033551 -0.063173
v 0.474047 -0.033551 -0.439064
v 0.482721 -0.065990 -0.417000
v -0.156574 -0.033551 -0.063173
v -0.169217 -0.065990 -0.040565
v 0.474047 -0.033551 -0.439064
v -0.169217 -0.108906 -0.040565
v 0.501572 -0.108906 -0.427885
v 0.218043 -0.108906 -0.711389
v 0.501572 -0.108906 -0.427885
v -0.169217 -0.108906 -0.040565
v -0.169251 -0.108906 -0.815145
v -0.156574 -0.033551 -0.063173
v -0.145806 -0.033551 -0.796900
v -0.169250 -0.065990 -0.793377
v -0.169217 -0.065990 -0.040565
v -0.169217 -0.108906 -0.040565
v -0.169251 -0.108906 -0.815145
v -0.161621 -0.041612 -0.783000
v -0.106557 -0.050464 -0.776100
v -0.014756 -0.054969 -0.686315
v -0.102763 -0.029880 -0.774381
v 0.039705 -0.057238 -0.655419
v 0.017215 -0.029341 -0.662194
v 0.222979 -0.047783 -0.643019
v 0.325040 -0.056194 -0.571047
v 0.377595 -0.056288 -0.464060
v 0.228256 -0.027701 -0.637043
v 0.378586 -0.028991 -0.465926
v 0.415019 -0.054878 -0.427322
v 0.324960 -0.029369 -0.572942
v 0.193173 -0.012702 -0.624364
v 0.016169 -0.012713 -0.647494
v -0.083213 -0.012976 -0.740832
v -0.138492 -0.015543 -0.769652
v 0.430409 -0.027893 -0.389823
v 0.426412 -0.056942 -0.388547
v 0.199943 -0.028846 -0.226257
v -0.158502 -0.028646 -0.034669
v -0.146319 -0.012244 -0.059470
v -0.176467 -0.015473 -0.080062
v -0.124145 -0.005814 -0.098880
v 0.258103 -0.005770 -0.320238
v -0.118796 -0.004842 -0.138520
v -0.145591 -0.005993 -0.127455
v -0.164001 -0.004851 -0.371838
v -0.174467 -0.018204 -0.224258
v -0.180628 -0.005959 -0.394312
v -0.147423 -0.005794 -0.587371
v -0.201249 -0.028796 -0.426173
v -0.170807 -0.012138 -0.575076
v -0.163157 -0.013132 -0.744783
v -0.186664 -0.028528 -0.578167
v -0.184619 -0.029634 -0.745669
v -0.161621 -0.041612 -0.783000
v -0.102763 -0.029880 -0.774381
v 0.017215 -0.029341 -0.662194
v 0.228256 -0.027701 -0.637043
v 0.378586 -0.028991 -0.465926
v 0.324960 -0.029369 -0.572942
v 0.193173 -0.012702 -0.624364
v 0.297491 -0.013157 -0.566354
v 0.356005 -0.012595 -0.451883
v 0.258386 -0.005750 -0.530896
v 0.016169 -0.012713 -0.647494
v -0.083213 -0.012976 -0.740832
v 0.006845 -0.005640 -0.621677
v -0.138492 -0.015543 -0.769652
v -0.125878 -0.006343 -0.735254
v 0.167340 -0.005646 -0.591409
v -0.102649 -0.004789 -0.681453
v 0.002327 -0.004741 -0.596399
v 0.164945 -0.004697 -0.544964
v 0.266433 -0.004795 -0.371205
v 0.342816 -0.006376 -0.384944
v 0.404291 -0.015295 -0.398337
v 0.360844 -0.013083 -0.348770
v 0.430409 -0.027893 -0.389823
v 0.199943 -0.028846 -0.226257
v -0.158502 -0.028646 -0.034669
v 0.002646 -0.056999 -0.125275
v -0.150999 -0.081057 -0.060911
v -0.161314 -0.055076 -0.032038
v 0.360844 -0.013083 -0.348770
v 0.430409 -0.027893 -0.389823
v 0.426412 -0.056942 -0.388547
v 0.351632 -0.048298 -0.316439
v -0.158502 -0.028646 -0.034669
v -0.161314 -0.055076 -0.032038
v -0.186131 -0.050877 -0.069410
v -0.176467 -0.015473 -0.080062
v 0.002646 -0.056999 -0.125275
v -0.150999 -0.081057 -0.060911
v -0.161314 -0.055076 -0.032038
v -0.186131 -0.050877 -0.069410
v -0.173991 -0.056563 -0.207375
v -0.122374 -0.081207 -0.180076
v -0.180136 -0.066346 -0.424548
v -0.146362 -0.081181 -0.426101
v -0.133449 -0.081186 -0.580926
v -0.201203 -0.049112 -0.424679
v -0.187374 -0.048968 -0.579172
v -0.161621 -0.041612 -0.783000
v -0.185111 -0.050012 -0.746875
v -0.162638 -0.068306 -0.743104
v -0.167805 -0.065901 -0.583521
v -0.135791 -0.081172 -0.744472
v -0.106557 -0.050464 -0.776100
v -0.112216 -0.081257 -0.732614
v -0.014756 -0.054969 -0.686315
v -0.046947 -0.081311 -0.648217
v 0.039705 -0.057238 -0.655419
v 0.035609 -0.081343 -0.606323
v 0.216118 -0.065542 -0.623227
v 0.189220 -0.081363 -0.592111
v 0.279827 -0.081304 -0.548745
v 0.222979 -0.047783 -0.643019
v 0.325040 -0.056194 -0.571047
v 0.377595 -0.056288 -0.464060
v 0.334301 -0.081265 -0.440674
v 0.382759 -0.081089 -0.392810
v 0.415019 -0.054878 -0.427322
v 0.426412 -0.056942 -0.388547
v 0.324429 -0.065563 -0.322307
v 0.279141 -0.081186 -0.336678
v -0.005020 -0.081212 -0.174197
v 0.351632 -0.048298 -0.316439
v -0.186131 -0.050877 -0.069410
v -0.173991 -0.056563 -0.207375
v -0.176467 -0.015473 -0.080062
v -0.174467 -0.018204 -0.224258
v -0.180628 -0.005959 -0.394312
v -0.201203 -0.049112 -0.424679
v -0.201249 -0.028796 -0.426173
v -0.163157 -0.013132 -0.744783
v -0.187374 -0.048968 -0.579172
v -0.186664 -0.028528 -0.578167
v -0.184619 -0.029634 -0.745669
v -0.161621 -0.041612 -0.783000
v -0.185111 -0.050012 -0.746875
vn 0.8437 0.0315 -0.5359
vn 0.9750 0.0315 0.2201
vn 0.7396 -0.4799 -0.4718
vn 0.8569 -0.4796 0.1887
vn 0.7092 0.5436 -0.4489
vn 0.8195 0.5437 0.1813
vn 0.4722 -0.4799 0.7394
vn 0.4493 0.5436 0.7090
vn 0.5363 0.0315 0.8434
vn -0.0000 1.0000 -0.0000
vn -0.8434 0.0315 0.5363
vn -0.2201 0.0315 0.9750
vn -0.7090 0.5436 0.4493
vn -0.7394 -0.4799 0.4722
vn -0.1815 0.5437 0.8194
vn 0.4489 0.5436 0.7092
vn 0.5359 0.0315 0.8437
vn 0.4718 -0.4799 0.7396
vn -0.1887 -0.4796 0.8569
vn -0.5363 0.0315 -0.8434
vn -0.9750 0.0315 -0.2201
vn -0.4493 0.5436 -0.7089
vn -0.4722 -0.4799 -0.7394
vn -0.8195 0.5437 -0.1813
vn -0.8570 -0.4796 -0.1887
vn -0.7092 0.5436 0.4489
vn -0.7396 -0.4799 0.4718
vn -0.8437 0.0315 0.5359
vn -0.0000 -1.0000 -0.0000
vn 0.7394 -0.4799 -0.4722
vn 0.2202 0.0314 -0.9750
vn 0.8434 0.0315 -0.5363
vn 0.1887 -0.4796 -0.8570
vn -0.4719 -0.4799 -0.7396
vn 0.7090 0.5436 -0.4493
vn 0.1811 0.5437 -0.8195
vn -0.4489 0.5436 -0.7092
vn -0.5359 0.0316 -0.8437
vn 0.0079 0.9989 -0.0472
vn 0.4970 -0.0000 -0.8677
vn 0.2588 -0.0000 -0.9659
vn 0.0079 -0.9989 -0.0472
vn 0.0236 0.9989 -0.0393
vn 0.0315 0.9990 -0.0315
vn 0.7071 -0.0000 -0.7071
vn 0.0315 -0.9990 -0.0315
vn 0.0236 -0.9989 -0.0393
vn -0.0472 0.9838 0.1729
vn 0.0235 0.9990 -0.0391
vn 0.0078 0.9989 -0.0470
vn -0.1258 0.9840 0.1258
vn 0.0313 0.9990 -0.0313
vn -0.0866 0.9850 0.1495
vn 0.4970 -0.0000 0.8677
vn 0.4970 -0.0000 0.8678
vn 0.4972 -0.0000 0.8677
vn -0.0867 0.9849 0.1497
vn -0.6853 0.1972 0.7010
vn -0.1260 0.9840 0.1260
vn -0.6773 0.2678 0.6852
vn -0.6871 0.0079 0.7266
vn -0.4664 0.3636 0.8064
vn -0.2672 0.1968 0.9433
vn -0.0472 0.9838 0.1731
vn -0.2522 0.2679 0.9299
vn -0.2830 0.0079 0.9591
vn 0.0235 -0.9990 -0.0391
vn -0.0234 -0.9966 0.0786
vn 0.0078 -0.9989 -0.0470
vn 0.0313 -0.9990 -0.0313
vn -0.0550 -0.9970 0.0550
vn -0.0393 -0.9967 0.0706
vn -1.0000 -0.0000 -0.0000
vn -1.0000 -0.0000 0.0001
vn 0.4866 0.2669 0.8319
vn 0.4427 0.4899 0.7510
vn 0.4866 0.2666 0.8320
vn 0.4426 0.4903 0.7508
vn 0.5029 -0.0000 0.8644
vn -0.8731 0.4874 -0.0078
vn -0.8729 0.4878 -0.0079
vn -0.9633 0.2685 -0.0000
vn -0.9659 0.2589 -0.0000
vn 0.4810 -0.5835 -0.6544
vn 0.2905 -0.5893 -0.7539
vn 0.3708 0.3704 -0.8517
vn -0.4184 -0.0237 -0.9079
vn 0.3857 0.3936 -0.8344
vn 0.1886 -0.7546 -0.6285
vn 0.3149 -0.3307 -0.8897
vn 0.2757 0.6223 -0.7326
vn 0.5197 -0.7170 -0.4646
vn 0.6618 0.6227 -0.4176
vn 0.5735 -0.7231 -0.3850
vn 0.7375 -0.5259 -0.4237
vn 0.6207 0.5738 -0.5343
vn 0.1652 0.9205 -0.3541
vn 0.0945 0.9610 -0.2599
vn 0.2046 0.9294 -0.3070
vn -0.0707 0.8954 -0.4396
vn 0.6840 0.7233 0.0944
vn 0.5966 -0.7854 0.1650
vn -0.2123 0.5583 0.8020
vn 0.4344 0.5213 0.7345
vn -0.0472 0.9776 0.2052
vn -0.3845 0.9110 0.1492
vn -0.0157 0.9968 0.0785
vn 0.0471 0.9964 0.0706
vn -0.0157 0.9998 0.0157
vn -0.1104 0.9934 0.0315
vn -0.0315 0.9995 -0.0000
vn -0.7630 0.6453 0.0394
vn -0.1414 0.9899 -0.0000
vn -0.0948 0.9954 -0.0158
vn -0.4249 0.9044 -0.0393
vn -0.9353 0.3537 0.0078
vn -0.2530 0.9557 -0.1501
vn -0.8886 0.4563 -0.0472
vn -0.7311 0.6055 -0.3143
vn 0.2757 0.6225 -0.7325
vn 0.0945 0.9609 -0.2602
vn 0.1812 0.9680 -0.1734
vn 0.1892 0.9766 -0.1025
vn 0.6618 0.6227 -0.4175
vn 0.0472 0.9981 -0.0393
vn 0.1651 0.9206 -0.3539
vn 0.0392 0.9967 -0.0706
vn 0.2048 0.9294 -0.3072
vn 0.3706 0.3706 -0.8516
vn -0.0707 0.8953 -0.4398
vn -0.0235 0.9966 -0.0785
vn -0.4184 -0.0239 -0.9080
vn 0.0236 0.9972 -0.0707
vn -0.0079 0.9998 -0.0158
vn 0.0079 0.9998 -0.0157
vn 0.0079 0.9999 -0.0079
vn 0.0157 0.9998 0.0079
vn 0.0707 0.9974 0.0157
vn 0.2687 0.9632 -0.0001
vn 0.2053 0.9552 0.2131
vn 0.6839 0.7235 0.0942
vn 0.4343 0.5215 0.7344
vn 0.3851 -0.6367 0.6681
vn -0.1257 -0.9725 0.1959
vn -0.2289 -0.5600 0.7963
vn 0.5584 -0.3070 0.7707
vn 0.5968 -0.7853 0.1649
vn 0.6840 0.7234 0.0943
vn 0.2051 0.9553 0.2130
vn -0.2121 0.5584 0.8020
vn -0.9608 -0.1575 0.2284
vn -0.2286 -0.5598 0.7965
vn -0.3846 0.9110 0.1490
vn -0.9608 -0.1572 0.2284
vn -0.1255 -0.9725 0.1961
vn -0.2285 -0.5598 0.7965
vn -0.7263 -0.6872 0.0158
vn -0.4089 -0.9121 -0.0315
vn -0.4970 -0.8677 0.0079
vn -0.4025 -0.9154 -0.0000
vn -0.4090 -0.9124 -0.0157
vn -0.8927 -0.4505 0.0079
vn -0.8753 -0.4813 -0.0473
vn -0.4185 -0.0235 -0.9079
vn -0.4890 -0.8439 -0.2209
vn -0.6998 -0.6451 -0.3067
vn -0.5120 -0.8586 -0.0236
vn -0.1572 -0.9507 -0.2674
vn 0.3388 -0.8431 -0.4176
vn 0.4809 -0.5835 -0.6544
vn 0.2923 -0.8846 -0.3633
vn 0.1176 -0.8944 -0.4314
vn 0.1571 -0.8720 -0.4635
vn 0.1022 -0.9203 -0.3776
vn 0.2914 -0.9136 -0.2836
vn 0.3149 -0.3307 -0.8896
vn 0.3776 -0.8889 -0.2596
vn 0.3230 -0.9452 0.0473
vn 0.7376 -0.5258 -0.4237
vn 0.5966 -0.7854 0.1648
vn 0.3000 -0.8368 0.4579
vn 0.1964 -0.9115 0.3614
vn 0.2515 -0.8880 0.3850
vn 0.5584 -0.3067 0.7708
vn 0.3851 -0.6368 0.6680
vn -0.3848 0.9109 0.1492
vn -0.9607 -0.1575 0.2284
vn -0.7630 0.6452 0.0393
vn -0.8928 -0.4503 0.0079
vn -0.1412 0.9900 -0.0000
vn -0.9354 0.3534 0.0080
vn -0.8754 -0.4811 -0.0473
vn -0.8887 0.4561 -0.0472
vn -0.7313 0.6052 -0.3146
vn -0.2528 0.9558 -0.1501
vn -0.4183 -0.0239 -0.9080
vt 24.052999 -22.999500
vt 23.978600 -22.999500
vt 24.050800 -23.006800
vt 23.979500 -23.006800
vt 24.050800 -22.993200
vt 23.979500 -22.993200
vt 23.920099 -23.006800
vt 23.920200 -22.993200
vt 23.916700 -22.999500
vt 23.907600 -22.979500
vt 24.020500 -22.907600
vt 23.949200 -22.920200
vt 23.920200 -23.050800
vt 24.050800 -23.079800
vt 23.979500 -23.092400
vt 24.092400 -23.020500
vt 24.079800 -22.949200
vt 24.079901 -23.050800
vt 23.949200 -23.079901
vt 24.020500 -23.092400
vt 23.979500 -22.907600
vt 24.092400 -22.979500
vt 24.050800 -22.920099
vt 23.920099 -22.949200
vt 23.907600 -23.020500
vt 32.452099 -8.927770
vt 32.000000 -9.000000
vt 32.471298 -9.000000
vt 32.452099 -9.072230
vt 32.000000 -8.927770
vt 31.547899 -8.927770
vt 31.528700 -9.000000
vt 31.547899 -9.072230
vt 32.000000 -9.072230
vt 32.126499 -9.387290
vt 31.893101 -9.000000
vt 32.014198 -9.452090
vt 32.126499 -8.612710
vt 32.014198 -8.547910
vt 32.022701 -9.000000
vt 31.985800 -8.927770
vt 31.854799 -8.993780
vt 32.019001 -9.000000
vt 31.873501 -8.938120
vt 31.985800 -9.072230
vt 31.854700 -9.018960
vt 31.873501 -9.061880
vt 32.000000 -8.938120
vt 32.340900 -8.996580
vt 32.387299 -8.938120
vt 32.376499 -8.993780
vt 32.376400 -9.018960
vt 32.000000 -8.996580
vt 31.659100 -8.996580
vt 31.612700 -8.938120
vt 31.623501 -8.993780
vt 31.623600 -9.018960
vt 32.106899 -9.000000
vt 31.873501 -9.387290
vt 31.985800 -9.452090
vt 31.985800 -8.547910
vt 31.873501 -8.612710
vt 31.977301 -9.000000
vt 32.014198 -9.072230
vt 32.145199 -8.993780
vt 31.981001 -9.000000
vt 32.014198 -8.927770
vt 32.126499 -8.938120
vt 32.145302 -9.018960
vt 32.126499 -9.061880
vt 5.624670 -57.000000
vt 5.720560 -57.357899
vt 6.361390 -57.000401
vt 5.720560 -56.642101
vt 6.264660 -56.994801
vt 5.638610 -56.962299
vt 5.612710 -56.994801
vt 6.279440 -56.962299
vt 5.612710 -57.037701
vt 6.283510 -57.037701
vt 6.387290 -57.000000
vt 6.283510 -56.612701
vt 5.612710 -57.000000
vt 6.283520 -57.387299
vt 6.361390 -56.962299
vt 5.720560 -56.962299
vt 5.735330 -56.994801
vt 6.387290 -56.994801
vt 6.387290 -57.037701
vt 5.716480 -57.037701
vt 6.177980 -1.011940
vt 6.302370 -1.007430
vt 6.298220 -0.986850
vt 6.353510 -0.998582
vt 6.138230 -0.986311
vt 6.115370 -1.014210
vt 5.950440 -1.004750
vt 5.942880 -0.984671
vt 5.826070 -1.013160
vt 5.727140 -0.985961
vt 5.727060 -1.013260
vt 5.676280 -1.011850
vt 5.827090 -0.986339
vt 6.131790 -0.969683
vt 5.966930 -0.969672
vt 6.264520 -0.969946
vt 6.326800 -0.972513
vt 5.644210 -0.984863
vt 5.647030 -1.013910
vt 6.356950 -0.976672
vt 6.011820 -0.762028
vt 6.329380 -0.978521
vt 6.326620 -1.014930
vt 6.284160 -0.979020
vt 5.901350 -0.758645
vt 6.247160 -0.994206
vt 6.270140 -1.011880
vt 6.067700 -1.150000
vt 6.200740 -1.085290
vt 6.056540 -1.175640
vt 5.872750 -1.243410
vt 5.895080 -1.257510
vt 6.039260 -1.209430
vt 5.744290 -1.335730
vt 5.900330 -1.272790
vt 5.754250 -1.354760
vt 5.641900 -0.942884
vt 5.725630 -1.138230
vt 5.670420 -0.966928
vt 5.668510 -0.847581
vt 5.649070 -0.827085
vt 5.738390 -0.739674
vt 5.714940 -0.727139
vt 5.718770 -0.863720
vt 5.738890 -1.131790
vt 5.765910 -1.126950
vt 5.707740 -1.264520
vt 5.688460 -1.298220
vt 5.710410 -1.326800
vt 5.733900 -1.298680
vt 5.710420 -1.353510
vt 5.711880 -0.972824
vt 5.768880 -1.251670
vt 5.790060 -1.118230
vt 5.753300 -0.951678
vt 5.853040 -0.776912
vt 5.802960 -0.717630
vt 5.760620 -0.671085
vt 5.825270 -0.683931
vt 5.754940 -0.644209
vt 5.988180 -0.985816
vt 5.643050 -0.985616
vt 5.802090 -1.013970
vt 5.669530 -1.038030
vt 5.639370 -1.012050
vt 6.142120 -1.005270
vt 6.241960 -1.013910
vt 6.245060 -0.984863
vt 6.174730 -0.970053
vt 6.023330 -0.985616
vt 5.982030 -1.007850
vt 6.022210 -1.012050
vt 5.985070 -0.972443
vt 5.659320 -1.017970
vt 5.669530 -0.983294
vt 5.639370 -0.977792
vt 5.784880 -1.076430
vt 5.787040 -1.018080
vt 5.969890 -1.190330
vt 5.988120 -1.161860
vt 6.128660 -1.228080
vt 5.959470 -1.208640
vt 6.100180 -1.273910
vt 6.289580 -1.353510
vt 6.254520 -1.334440
vt 6.246550 -1.355790
vt 6.113730 -1.259130
vt 6.269130 -1.311880
vt 6.311130 -1.302370
vt 6.270650 -1.285530
vt 6.279270 -1.177980
vt 6.230190 -1.186810
vt 6.279750 -1.115370
vt 6.235180 -1.094370
vt 6.340060 -0.946488
vt 6.299670 -0.954226
vt 6.307410 -0.854075
vt 6.360630 -0.950441
vt 6.349330 -0.826068
vt 6.282950 -0.727064
vt 6.241050 -0.752867
vt 6.223820 -0.686970
vt 6.269840 -0.676285
vt 6.241960 -0.647033
vt 6.133600 -0.702238
vt 6.123410 -0.748644
vt 5.840620 -0.913507
vt 6.142120 -0.675745
vt 5.802090 -0.882410
vt 6.326620 -0.972443
vt 6.215120 -1.013530
vt 6.340680 -1.007850
vt 6.200740 -0.975174
vt 6.040530 -1.006080
vt 6.056540 -0.962929
vt 6.039260 -0.985766
vt 5.899820 -1.005940
vt 5.900330 -0.985498
vt 5.754250 -0.986604
vt 5.744290 -0.970102
vt 5.710420 -0.998582
vt 5.753450 -1.006980
s 1
usemtl Meshpart41Mtl
f 789/676/557 790/677/558 788/678/559
f 788/678/559 790/677/558 791/679/560
f 792/680/561 790/677/558 789/676/557
f 790/677/558 792/680/561 793/681/562
f 790/677/558 794/682/563 791/679/560
f 793/681/562 795/683/564 790/677/558
f 794/682/563 790/677/558 796/684/565
f 790/677/558 795/683/564 796/684/565
f 797/685/566 798/686/566 799/687/566
f 798/686/566 797/685/566 800/688/566
f 801/689/566 798/686/566 800/688/566
f 801/689/566 800/688/566 802/690/566
f 798/686/566 801/689/566 803/691/566
f 798/686/566 803/691/566 804/692/566
f 810/684/567 811/677/568 808/683/569
f 809/682/570 811/677/568 810/684/567
f 808/683/569 811/677/568 812/681/571
f 811/677/568 806/680/572 812/681/571
f 806/680/572 811/677/568 807/676/573
f 811/677/568 805/678/574 807/676/573
f 811/677/568 809/682/570 813/679/575
f 805/678/574 811/677/568 813/679/575
f 816/684/576 817/677/577 815/683/578
f 814/682/579 817/677/577 816/684/576
f 815/683/578 817/677/577 818/681/580
f 817/677/577 814/682/579 819/679/581
f 817/677/577 820/680/582 818/681/580
f 821/678/583 817/677/577 819/679/581
f 820/680/582 817/677/577 822/676/584
f 817/677/577 821/678/583 822/676/584
f 823/693/585 824/694/585 825/695/585
f 824/694/585 823/693/585 826/696/585
f 827/697/585 826/696/585 823/693/585
f 826/696/585 827/697/585 828/698/585
f 829/699/585 824/694/585 826/696/585
f 824/694/585 829/699/585 830/700/585
f 831/682/586 832/677/587 833/684/588
f 832/677/587 831/682/586 834/679/589
f 834/679/589 835/678/590 832/677/587
f 833/684/588 832/677/587 836/683/591
f 837/681/592 836/683/591 832/677/587
f 832/677/587 838/680/593 837/681/592
f 838/680/593 832/677/587 839/676/594
f 839/676/594 832/677/587 835/678/590
usemtl Meshpart31Mtl
f 840/701/595 841/702/596 842/703/597
f 842/703/597 841/702/596 843/704/598
f 841/702/596 840/701/595 844/705/599
f 844/705/599 845/706/600 841/702/596
f 841/702/596 845/706/600 846/707/601
f 847/708/602 841/702/596 846/707/601
f 843/704/598 841/702/596 848/709/603
f 841/702/596 847/708/602 848/709/603
f 851/710/604 850/711/605 849/712/606
f 850/711/605 853/713/607 852/714/608
f 853/713/607 850/711/605 854/715/609
f 850/711/605 851/710/604 854/715/609
f 855/716/610 856/717/610 857/718/610
f 856/717/610 855/716/610 858/719/611
f 856/717/610 859/720/612 857/718/610
f 859/720/612 856/717/610 860/721/610
f 859/720/612 860/721/610 861/722/611
f 864/723/613 865/724/614 863/725/615
f 863/725/615 865/724/614 866/726/616
f 865/724/614 867/727/617 866/726/616
f 865/724/614 864/723/613 868/728/618
f 864/723/613 869/729/619 868/728/618
f 862/730/620 869/729/619 864/723/613
f 869/729/619 862/730/620 870/731/621
f 871/732/622 869/729/619 870/731/621
f 874/733/623 875/734/624 872/735/625
f 874/733/623 873/736/626 876/737/627
f 875/734/624 874/733/623 877/738/628
f 874/733/623 876/737/627 877/738/628
f 878/739/629 879/740/630 880/741/629
f 879/740/630 881/742/629 880/741/629
f 881/742/629 879/740/630 882/743/629
f 879/740/630 878/739/629 883/744/630
f 883/744/630 878/739/629 884/745/629
usemtl Meshpart21Mtl
f 885/746/566 886/747/566 887/748/566
f 888/749/566 885/746/566 887/748/566
f 889/750/631 890/751/632 891/752/633
f 890/751/632 889/750/631 892/753/634
f 893/754/635 889/750/631 891/752/633
f 889/750/631 893/754/635 894/755/635
f 895/756/585 896/757/585 897/758/585
f 898/759/585 895/756/585 897/758/585
f 899/760/636 900/761/637 901/762/638
f 899/760/636 901/762/638 902/763/639
f 902/763/639 901/762/638 903/764/629
f 904/765/629 903/764/629 901/762/638
usemtl Meshpart11Mtl
f 907/766/640 906/767/641 908/768/642
f 906/767/641 905/769/643 908/768/642
f 908/768/642 910/770/644 907/766/640
f 910/770/644 909/771/645 907/766/640
f 911/772/646 909/771/645 910/770/644
f 914/773/647 912/774/648 911/772/646
f 911/772/646 910/770/644 914/773/647
f 912/774/648 915/775/649 913/776/650
f 913/776/650 915/775/649 916/777/651
f 912/774/648 914/773/647 917/778/652
f 917/778/652 915/775/649 912/774/648
f 910/770/644 919/779/653 918/780/654
f 910/770/644 920/781/655 919/779/653
f 910/770/644 908/768/642 920/781/655
f 908/768/642 905/769/643 921/782/656
f 915/775/649 922/783/657 916/777/651
f 922/783/657 923/784/658 916/777/651
f 925/785/659 924/786/660 926/787/661
f 927/788/662 925/785/659 926/787/661
f 927/788/662 926/787/661 928/789/663
f 926/787/661 929/790/664 928/789/663
f 929/790/664 930/791/665 928/789/663
f 930/791/665 931/792/666 928/789/663
f 931/792/666 927/788/662 928/789/663
f 932/793/667 931/792/666 930/791/665
f 931/792/666 933/794/668 927/788/662
f 931/792/666 932/793/667 934/795/669
f 931/792/666 934/795/669 933/794/668
f 932/793/667 935/796/670 934/795/669
f 935/796/670 937/797/671 934/795/669
f 937/797/671 936/798/672 934/795/669
f 935/796/670 938/799/673 937/797/671
f 937/797/671 939/800/674 936/798/672
f 938/799/673 940/801/675 937/797/671
f 937/797/671 940/801/675 939/800/674
f 944/802/676 943/803/644 947/804/677
f 948/805/678 946/806/652 944/802/676
f 948/805/678 944/802/676 947/804/677
f 949/807/679 946/806/652 948/805/678
f 946/806/652 949/807/679 945/808/680
f 949/807/679 948/805/678 950/809/681
f 947/804/677 950/809/681 948/805/678
f 951/810/682 953/811/683 947/804/677
f 951/810/682 952/812/684 953/811/683
f 942/813/685 954/814/686 952/812/684
f 952/812/684 954/814/686 955/815/687
f 952/812/684 955/815/687 953/811/683
f 941/816/688 938/799/673 954/814/686
f 954/814/686 938/799/673 955/815/687
f 947/804/677 953/811/683 956/817/689
f 956/817/689 950/809/681 947/804/677
f 953/811/683 955/815/687 957/818/690
f 958/819/691 956/817/689 953/811/683
f 957/818/690 958/819/691 953/811/683
f 956/817/689 958/819/691 959/820/692
f 956/817/689 959/820/692 950/809/681
f 958/819/691 957/818/690 930/791/665
f 958/819/691 930/791/665 959/820/692
f 957/818/690 955/815/687 935/796/670
f 955/815/687 938/799/673 935/796/670
f 950/809/681 959/820/692 960/821/693
f 960/821/693 959/820/692 930/791/665
f 961/822/694 950/809/681 960/821/693
f 949/807/679 950/809/681 961/822/694
f 957/818/690 935/796/670 932/793/667
f 930/791/665 957/818/690 932/793/667
f 949/807/679 961/822/694 962/823/695
f 949/807/679 962/823/695 945/808/680
f 961/822/694 960/821/693 929/790/664
f 960/821/693 930/791/665 929/790/664
f 962/823/695 961/822/694 963/824/696
f 961/822/694 929/790/664 963/824/696
f 964/825/697 945/808/680 962/823/695
f 964/825/697 962/823/695 963/824/696
f 963/824/696 926/787/661 924/786/660
f 963/824/696 929/790/664 926/787/661
f 965/826/698 966/827/659 967/828/699
f 968/829/700 967/828/699 969/830/701
f 966/827/659 969/830/701 967/828/699
f 973/831/702 972/832/703 971/833/704
f 965/826/698 973/831/702 971/833/704
f 965/826/698 971/833/704 970/834/705
f 967/828/699 973/831/702 965/826/698
f 974/835/706 976/836/707 975/837/708
f 976/836/707 974/835/706 977/838/709
f 981/839/710 979/840/711 980/841/712
f 982/842/713 979/840/711 981/839/710
f 982/842/713 983/843/714 979/840/711
f 983/843/714 982/842/713 984/844/715
f 985/845/716 983/843/714 984/844/715
f 984/844/715 986/846/717 985/845/716
f 984/844/715 982/842/713 987/847/718
f 987/847/718 988/848/719 984/844/715
f 989/849/720 991/850/721 990/851/722
f 984/844/715 988/848/719 992/852/723
f 990/851/722 992/852/723 988/848/719
f 990/851/722 991/850/721 992/852/723
f 992/852/723 986/846/717 984/844/715
f 993/853/724 992/852/723 991/850/721
f 992/852/723 993/853/724 986/846/717
f 994/854/641 993/853/724 989/849/720
f 994/854/641 995/855/725 993/853/724
f 989/849/720 993/853/724 991/850/721
f 996/856/726 995/855/725 994/854/641
f 996/856/726 997/857/727 995/855/725
f 998/858/645 997/857/727 996/856/726
f 999/859/728 997/857/727 998/858/645
f 999/859/728 998/858/645 1000/860/729
f 1001/861/730 999/859/728 1000/860/729
f 1002/862/731 1001/861/730 1000/860/729
f 1000/860/729 998/858/645 1003/863/732
f 1004/864/648 1002/862/731 1000/860/729
f 1004/864/648 1000/860/729 1003/863/732
f 1005/865/650 1002/862/731 1004/864/648
f 1002/862/731 1005/865/650 1006/866/733
f 1005/865/650 1007/867/734 1006/866/733
f 1005/865/650 1008/868/735 1007/867/734
f 1007/867/734 1008/868/735 1009/869/736
f 1010/870/737 1007/867/734 1009/869/736
f 1010/870/737 1011/871/738 1007/867/734
f 1010/870/737 1012/872/739 1011/871/738
f 1013/873/740 1010/870/737 1009/869/736
f 978/874/741 1012/872/739 1010/870/737
f 978/874/741 1010/870/737 1013/873/740
f 1012/872/739 978/874/741 979/840/711
f 1016/875/742 1015/876/713 1014/877/743
f 1016/875/742 1017/878/744 1015/876/713
f 1019/879/745 1015/876/713 1017/878/744
f 1018/880/746 1020/881/747 1017/878/744
f 1020/881/747 1019/879/745 1017/878/744
f 1020/881/747 1022/882/748 1019/879/745
f 1022/882/748 1020/881/747 1023/883/749
f 1024/884/750 1022/882/748 1023/883/749
f 1021/885/751 1025/886/752 1024/884/750
f 1025/886/752 1026/887/722 1024/884/750
f 1022/882/748 1024/884/750 1026/887/722
