# Blender 5.1.2
# www.blender.org
mtllib spy gloves left.mtl
o Spy_Gloves
v -1.380015 0.331937 -0.368445
v -1.380231 0.367524 -0.311804
v -1.317592 0.374202 -0.316966
v -1.317367 0.338508 -0.374435
v -0.772740 0.381010 -0.318821
v -1.090858 0.342850 -0.376910
v -1.090824 0.378648 -0.319011
v -1.407750 0.319965 -0.356837
v -1.407971 0.354998 -0.302105
v -1.380231 0.367524 -0.311804
v -1.380015 0.331937 -0.368445
v -1.317592 0.374202 -0.316966
v -1.205980 0.377365 -0.318830
v -1.317367 0.338508 -0.374435
v -1.205725 0.341624 -0.376617
v -0.772740 0.381010 -0.318821
v -0.772435 0.345227 -0.376710
v -1.090858 0.342850 -0.376910
v -1.205980 0.377365 -0.318830
v -1.090858 0.342850 -0.376910
v -1.205725 0.341624 -0.376617
v -1.090824 0.378648 -0.319011
v -1.407971 0.354998 -0.302105
v -1.407916 0.363207 -0.223356
v -1.380148 0.375718 -0.228897
v -1.380231 0.367524 -0.311804
v -1.380231 0.367524 -0.311804
v -1.380148 0.375718 -0.228897
v -1.317527 0.382283 -0.231923
v -1.317592 0.374202 -0.316966
v -1.408260 0.336620 0.296759
v -1.380367 0.361790 0.224986
v -1.408130 0.349642 0.218662
v -1.380524 0.348527 0.307233
v -1.408110 0.301906 0.349370
v -1.380524 0.348527 0.307233
v -1.408260 0.336620 0.296759
v -1.380368 0.313289 0.361725
v -1.408130 0.349642 0.218662
v -1.380138 0.366285 0.143444
v -1.407936 0.353660 0.146763
v -1.380367 0.361790 0.224986
v -1.317707 0.372758 0.143782
v -1.317745 0.368157 0.228470
v -1.380138 0.366285 0.143444
v -1.380368 0.313289 0.361725
v -1.317849 0.354878 0.312853
v -1.380524 0.348527 0.307233
v -1.317594 0.319567 0.368156
v -1.380524 0.348527 0.307233
v -1.317745 0.368157 0.228470
v -1.380367 0.361790 0.224986
v -1.317849 0.354878 0.312853
v -1.088553 0.386097 -0.153776
v -0.772938 0.387116 -0.104819
v -0.772913 0.388432 -0.153598
v -1.092368 0.384731 -0.104599
v -0.772860 0.389020 -0.232848
v -0.772740 0.381010 -0.318821
v -1.088154 0.386684 -0.233037
v -1.090824 0.378648 -0.319011
v -1.030683 0.324278 0.370945
v -0.839646 0.361082 0.314052
v -1.026631 0.359727 0.313859
v -0.834778 0.325701 0.371085
v -1.098030 0.323749 0.371005
v -1.047702 0.359556 0.314607
v -1.098665 0.359117 0.315102
v -1.030683 0.324278 0.370945
v -1.317594 0.319567 0.368156
v -1.206149 0.357923 0.314973
v -1.317849 0.354878 0.312853
v -1.205672 0.322585 0.370602
v -0.834778 0.325701 0.371085
v -0.772826 0.326231 0.371252
v -0.839646 0.361082 0.314052
v -1.205672 0.322585 0.370602
v -1.098665 0.359117 0.315102
v -1.206149 0.357923 0.314973
v -1.098030 0.323749 0.371005
v -1.030683 0.324278 0.370945
v -1.026631 0.359727 0.313859
v -1.047702 0.359556 0.314607
v -1.078513 0.372588 0.229015
v -1.098665 0.359117 0.315102
v -1.021969 0.373106 0.225465
v -1.047702 0.359556 0.314607
v -1.078513 0.372588 0.229015
v -1.073998 0.376977 0.147193
v -1.078513 0.372588 0.229015
v -1.026631 0.359727 0.313859
v -0.839646 0.361082 0.314052
v -1.021969 0.373106 0.225465
v -0.841121 0.374441 0.225601
v -0.772826 0.326231 0.371252
v -0.773048 0.361611 0.315256
v -0.839646 0.361082 0.314052
v -0.839646 0.361082 0.314052
v -0.773084 0.374852 0.229536
v -0.841121 0.374441 0.225601
v -0.773048 0.361611 0.315256
v -0.773084 0.374852 0.229536
v -0.839308 0.378828 0.143314
v -1.073998 0.376977 0.147193
v -1.021969 0.373106 0.225465
v -0.839308 0.378828 0.143314
v -0.839308 0.378828 0.143314
v -1.021969 0.373106 0.225465
v -0.841121 0.374441 0.225601
v -1.206360 0.375856 0.143220
v -1.073998 0.376977 0.147193
v -1.093792 0.378450 0.099766
v -0.839308 0.378828 0.143314
v -0.773037 0.380805 0.100695
v -1.093792 0.378450 0.099766
v -1.073998 0.376977 0.147193
v -0.839308 0.378828 0.143314
v -1.093792 0.378450 0.099766
v -0.773084 0.374852 0.229536
v -0.773061 0.379079 0.151190
v -0.839308 0.378828 0.143314
v -0.773037 0.380805 0.100695
v -1.317341 0.381692 -0.145959
v -1.206360 0.375856 0.143220
v -1.205279 0.384783 -0.147970
v -1.205279 0.384783 -0.147970
v -1.093792 0.378450 0.099766
v -1.092368 0.384731 -0.104599
v -0.772938 0.387116 -0.104819
v -0.773037 0.380805 0.100695
v -1.088154 0.386684 -0.233037
v -1.088553 0.386097 -0.153776
v -0.772860 0.389020 -0.232848
v -1.205987 0.385386 -0.232992
v -1.205279 0.384783 -0.147970
v -1.088154 0.386684 -0.233037
v -1.317592 0.374202 -0.316966
v -1.205980 0.377365 -0.318830
v -1.317527 0.382283 -0.231923
v -1.205987 0.385386 -0.232992
v -1.090824 0.378648 -0.319011
v -1.088154 0.386684 -0.233037
v -1.205279 0.384783 -0.147970
v -1.205987 0.385386 -0.232992
v -1.317341 0.381692 -0.145959
v -1.092368 0.384731 -0.104599
v -1.088553 0.386097 -0.153776
v -1.317707 0.372758 0.143782
v -1.206360 0.375856 0.143220
v -1.317745 0.368157 0.228470
v -1.206194 0.371188 0.229735
v -1.098665 0.359117 0.315102
v -1.078513 0.372588 0.229015
v -1.206149 0.357923 0.314973
v -1.206194 0.371188 0.229735
v -1.317849 0.354878 0.312853
v -1.317745 0.368157 0.228470
v -1.206360 0.375856 0.143220
v -1.078513 0.372588 0.229015
v -1.073998 0.376977 0.147193
v -1.407732 0.354333 0.131393
v -1.379942 0.375218 -0.146297
v -1.407727 0.361447 -0.101572
v -1.380138 0.366285 0.143444
v -1.317341 0.381692 -0.145959
v -1.317707 0.372758 0.143782
v -1.407936 0.353660 0.146763
v -1.380138 0.366285 0.143444
v -1.407732 0.354333 0.131393
v -1.407793 0.362809 -0.151344
v -1.407727 0.361447 -0.101572
v -1.407793 0.362809 -0.151344
v -1.379942 0.375218 -0.146297
v -1.407916 0.363207 -0.223356
v -1.379942 0.375218 -0.146297
v -1.380148 0.375718 -0.228897
v -1.317341 0.381692 -0.145959
v -1.317527 0.382283 -0.231923
v -1.379942 0.375218 -0.146297
v -1.408110 0.301906 0.349370
v -1.407410 0.211496 0.375069
v -1.379614 0.220364 0.387726
v -1.380368 0.313289 0.361725
v -0.833998 -0.394005 0.344299
v -0.854348 -0.364237 0.383383
v -0.853884 -0.401757 0.352178
v -0.834348 -0.358881 0.373124
v -0.817354 -0.388457 0.338496
v -0.834348 -0.358881 0.373124
v -0.833998 -0.394005 0.344299
v -0.817577 -0.354964 0.365523
v -1.379614 0.220364 0.387726
v -1.316709 0.225475 0.394114
v -1.380368 0.313289 0.361725
v -1.317594 0.319567 0.368156
v -0.772146 0.231585 0.397294
v -0.834778 0.325701 0.371085
v -0.935110 0.230323 0.397236
v -0.935110 0.230323 0.397236
v -0.834778 0.325701 0.371085
v -1.030683 0.324278 0.370945
v -1.316709 0.225475 0.394114
v -1.204525 0.228049 0.396543
v -1.317594 0.319567 0.368156
v -1.205672 0.322585 0.370602
v -1.072326 0.229379 0.397039
v -0.935110 0.230323 0.397236
v -1.030683 0.324278 0.370945
v -1.072326 0.229379 0.397039
v -1.030683 0.324278 0.370945
v -1.098030 0.323749 0.371005
v -1.204525 0.228049 0.396543
v -1.098030 0.323749 0.371005
v -1.205672 0.322585 0.370602
v -1.072326 0.229379 0.397039
v -0.772146 0.231585 0.397294
v -0.772826 0.326231 0.371252
v -0.834778 0.325701 0.371085
v -1.403271 -0.346491 0.357962
v -1.403013 -0.383194 0.328610
v -1.375223 -0.357742 0.369982
v -1.374983 -0.395128 0.340238
v -0.886231 -0.366973 0.388315
v -0.853884 -0.401757 0.352178
v -0.854348 -0.364237 0.383383
v -0.885796 -0.405702 0.355916
v -1.403435 -0.303233 0.370188
v -1.403271 -0.346491 0.357962
v -1.375368 -0.313017 0.382372
v -1.375223 -0.357742 0.369982
v -1.407410 0.211496 0.375069
v -1.406073 0.049464 0.380959
v -1.378180 0.052764 0.393553
v -1.379614 0.220364 0.387726
v -0.886231 -0.366973 0.388315
v -0.854348 -0.364237 0.383383
v -0.886793 -0.319222 0.397585
v -0.854948 -0.317770 0.393085
v -1.403582 -0.261900 0.373298
v -1.403435 -0.303233 0.370188
v -1.375503 -0.270003 0.385620
v -1.375368 -0.313017 0.382372
v -1.406073 0.049464 0.380959
v -1.404772 -0.106459 0.377992
v -1.376786 -0.108798 0.390491
v -1.378180 0.052764 0.393553
v -1.403763 -0.229695 0.374411
v -1.403582 -0.261900 0.373298
v -1.375752 -0.227969 0.387089
v -1.375503 -0.270003 0.385620
v -1.375752 -0.227969 0.387089
v -1.403941 -0.206594 0.375109
v -1.403763 -0.229695 0.374411
v -1.404146 -0.181523 0.375837
v -1.375752 -0.227969 0.387089
v -1.376786 -0.108798 0.390491
v -1.404146 -0.181523 0.375837
v -1.404772 -0.106459 0.377992
v -1.311534 -0.363299 0.375880
v -1.375223 -0.357742 0.369982
v -1.374983 -0.395128 0.340238
v -1.311259 -0.400827 0.346175
v -0.925671 -0.367691 0.389159
v -0.885796 -0.405702 0.355916
v -0.886231 -0.366973 0.388315
v -0.925353 -0.406661 0.356523
v -0.925671 -0.367691 0.389159
v -0.964862 -0.406304 0.355875
v -0.965055 -0.367560 0.388277
v -1.038165 -0.358083 0.367957
v -1.037817 -0.392579 0.340426
v -1.024754 -0.390138 0.338439
v -1.024975 -0.356576 0.365573
v -1.088807 -0.361958 0.374382
v -1.037817 -0.392579 0.340426
v -1.038165 -0.358083 0.367957
v -1.088387 -0.398348 0.345546
v -0.854948 -0.317770 0.393085
v -0.887281 -0.273061 0.396355
v -0.886793 -0.319222 0.397585
v -0.855458 -0.272588 0.393225
v -1.311259 -0.400827 0.346175
v -1.197782 -0.364294 0.377377
v -1.311534 -0.363299 0.375880
v -1.197415 -0.401646 0.347853
v -1.375368 -0.313017 0.382372
v -1.375223 -0.357742 0.369982
v -1.311763 -0.317894 0.388241
v -1.311534 -0.363299 0.375880
v -1.197782 -0.364294 0.377377
v -1.088387 -0.398348 0.345546
v -1.088807 -0.361958 0.374382
v -1.197415 -0.401646 0.347853
v -1.379614 0.220364 0.387726
v -1.378180 0.052764 0.393553
v -1.315127 0.054942 0.399801
v -1.316709 0.225475 0.394114
v -0.965226 -0.319797 0.397544
v -0.965055 -0.367560 0.388277
v -0.926036 -0.319680 0.398360
v -0.925671 -0.367691 0.389159
v -0.886231 -0.366973 0.388315
v -0.926036 -0.319680 0.398360
v -0.886793 -0.319222 0.397585
v -1.088807 -0.361958 0.374382
v -1.038165 -0.358083 0.367957
v -1.089420 -0.317410 0.386687
v -1.038778 -0.315231 0.380131
v -0.887281 -0.273061 0.396355
v -0.855682 -0.237814 0.394060
v -0.887524 -0.237876 0.395707
v -0.855458 -0.272588 0.393225
v -1.198216 -0.318865 0.389712
v -1.088807 -0.361958 0.374382
v -1.089420 -0.317410 0.386687
v -1.197782 -0.364294 0.377377
v -0.930967 0.058644 0.402846
v -0.772146 0.231585 0.397294
v -0.935110 0.230323 0.397236
v -0.770882 0.059665 0.402885
v -1.204525 0.228049 0.396543
v -1.090631 0.057257 0.402609
v -1.072326 0.229379 0.397039
v -1.202686 0.056405 0.402161
v -1.072326 0.229379 0.397039
v -0.930967 0.058644 0.402846
v -0.935110 0.230323 0.397236
v -1.090631 0.057257 0.402609
v -1.375503 -0.270003 0.385620
v -1.375368 -0.313017 0.382372
v -1.311999 -0.274002 0.391557
v -1.311763 -0.317894 0.388241
v -1.378180 0.052764 0.393553
v -1.376786 -0.108798 0.390491
v -1.313603 -0.109671 0.396650
v -1.315127 0.054942 0.399801
v -1.375752 -0.227969 0.387089
v -1.375503 -0.270003 0.385620
v -1.312515 -0.223445 0.393385
v -1.311999 -0.274002 0.391557
v -1.312515 -0.223445 0.393385
v -1.376786 -0.108798 0.390491
v -1.375752 -0.227969 0.387089
v -1.313603 -0.109671 0.396650
v -1.016508 -0.214618 0.394701
v -1.023222 -0.186389 0.396979
v -1.026849 -0.214866 0.394057
v -1.040576 -0.215022 0.394649
v -1.040085 -0.239449 0.390418
v -1.026461 -0.239230 0.388638
v -1.040085 -0.239449 0.390418
v -1.025981 -0.272577 0.382654
v -1.039475 -0.272991 0.385461
v -1.038778 -0.315231 0.380131
v -1.090105 -0.273979 0.390814
v -1.089420 -0.317410 0.386687
v -1.039475 -0.272991 0.385461
v -1.315127 0.054942 0.399801
v -1.202686 0.056405 0.402161
v -1.316709 0.225475 0.394114
v -1.204525 0.228049 0.396543
v -1.313603 -0.109671 0.396650
v -1.202686 0.056405 0.402161
v -1.200945 -0.109367 0.398962
v -0.816687 -0.185435 0.397089
v -0.818322 -0.213421 0.394189
v -0.795640 -0.213398 0.394857
v -0.769058 -0.186842 0.397424
v -0.795640 -0.213398 0.394857
v -0.835408 -0.186630 0.397098
v -0.835401 -0.213328 0.394822
v -0.816687 -0.185435 0.397089
v -0.835401 -0.213328 0.394822
v -0.835298 -0.237783 0.390757
v -0.818139 -0.237784 0.388736
v -0.835298 -0.237783 0.390757
v -0.817941 -0.271104 0.382698
v -0.835092 -0.271722 0.386863
v -0.855458 -0.272588 0.393225
v -0.834749 -0.314952 0.383806
v -0.854948 -0.317770 0.393085
v -0.834348 -0.358881 0.373124
v -0.834749 -0.314952 0.383806
v -0.854348 -0.364237 0.383383
v -0.835092 -0.271722 0.386863
v -0.855682 -0.237814 0.394060
v -0.835298 -0.237783 0.390757
v -0.855726 -0.213223 0.395882
v -0.835401 -0.213328 0.394822
v -0.835298 -0.237783 0.390757
v -0.795437 -0.237838 0.390696
v -0.818139 -0.237784 0.388736
v -0.795219 -0.271356 0.385766
v -0.795640 -0.213398 0.394857
v -0.768680 -0.237922 0.395172
v -0.769058 -0.186842 0.397424
v -0.795219 -0.271356 0.385766
v -0.768426 -0.272161 0.393410
v -0.795029 -0.313532 0.380349
v -0.768426 -0.272161 0.393410
v -0.768101 -0.315926 0.389630
v -0.795029 -0.313532 0.380349
v -0.817765 -0.312874 0.377232
v -0.817941 -0.271104 0.382698
v -0.835092 -0.271722 0.386863
v -0.834749 -0.314952 0.383806
v -0.834749 -0.314952 0.383806
v -0.817577 -0.354964 0.365523
v -0.834348 -0.358881 0.373124
v -0.817577 -0.354964 0.365523
v -0.795029 -0.313532 0.380349
v -0.794839 -0.356292 0.368071
v -0.794839 -0.356292 0.368071
v -0.768101 -0.315926 0.389630
v -0.767759 -0.360957 0.377090
v -0.855726 -0.213223 0.395882
v -0.835401 -0.213328 0.394822
v -0.835408 -0.186630 0.397098
v -0.890230 -0.195301 0.396989
v -1.198691 -0.274817 0.393180
v -1.311999 -0.274002 0.391557
v -1.311763 -0.317894 0.388241
v -1.198216 -0.318865 0.389712
v -1.311999 -0.274002 0.391557
v -1.199173 -0.240489 0.394723
v -1.312515 -0.223445 0.393385
v -1.198216 -0.318865 0.389712
v -1.311534 -0.363299 0.375880
v -1.197782 -0.364294 0.377377
v -1.072541 -0.189954 0.396952
v -1.091288 -0.215364 0.395642
v -1.040576 -0.215022 0.394649
v -1.090744 -0.239907 0.393520
v -1.040085 -0.239449 0.390418
v -1.090105 -0.273979 0.390814
v -1.040085 -0.239449 0.390418
v -1.039475 -0.272991 0.385461
v -0.890230 -0.195301 0.396989
v -0.887524 -0.237876 0.395707
v -0.855726 -0.213223 0.395882
v -0.855682 -0.237814 0.394060
v -0.926569 -0.238010 0.395984
v -0.954565 -0.208908 0.396593
v -0.887524 -0.237876 0.395707
v -1.090105 -0.273979 0.390814
v -1.198691 -0.274817 0.393180
v -1.198216 -0.318865 0.389712
v -1.089420 -0.317410 0.386687
v -0.770882 0.059665 0.402885
v -0.849051 -0.106545 0.399617
v -0.769653 -0.106462 0.399633
v -0.930967 0.058644 0.402846
v -1.044411 -0.106919 0.399477
v -0.849051 -0.106545 0.399617
v -0.849051 -0.106545 0.399617
v -0.835408 -0.186630 0.397098
v -0.816687 -0.185435 0.397089
v -0.835408 -0.186630 0.397098
v -0.849051 -0.106545 0.399617
v -0.890230 -0.195301 0.396989
v -1.202686 0.056405 0.402161
v -1.200945 -0.109367 0.398962
v -1.090631 0.057257 0.402609
v -1.044411 -0.106919 0.399477
v -0.930967 0.058644 0.402846
v -1.090631 0.057257 0.402609
v -1.044411 -0.106919 0.399477
v -0.849051 -0.106545 0.399617
v -0.770882 0.059665 0.402885
v -0.930967 0.058644 0.402846
v -0.887524 -0.237876 0.395707
v -0.926569 -0.238010 0.395984
v -0.887281 -0.273061 0.396355
v -1.198345 -0.202195 0.396284
v -1.312515 -0.223445 0.393385
v -1.199173 -0.240489 0.394723
v -0.890230 -0.195301 0.396989
v -0.849051 -0.106545 0.399617
v -0.954565 -0.208908 0.396593
v -1.044411 -0.106919 0.399477
v -1.072541 -0.189954 0.396952
v -1.023222 -0.186389 0.396979
v -1.072541 -0.189954 0.396952
v -1.040576 -0.215022 0.394649
v -1.023222 -0.186389 0.396979
v -1.026849 -0.214866 0.394057
v -1.044411 -0.106919 0.399477
v -1.023222 -0.186389 0.396979
v -0.977965 -0.188620 0.397174
v -0.849051 -0.106545 0.399617
v -0.954565 -0.208908 0.396593
v -1.044411 -0.106919 0.399477
v -1.072541 -0.189954 0.396952
v -1.198345 -0.202195 0.396284
v -1.091288 -0.215364 0.395642
v -1.200945 -0.109367 0.398962
v -1.072541 -0.189954 0.396952
v -1.044411 -0.106919 0.399477
v -1.198345 -0.202195 0.396284
v -1.090744 -0.239907 0.393520
v -1.199173 -0.240489 0.394723
v -1.198691 -0.274817 0.393180
v -1.090105 -0.273979 0.390814
v -1.199173 -0.240489 0.394723
v -1.091288 -0.215364 0.395642
v -1.198345 -0.202195 0.396284
v -1.313603 -0.109671 0.396650
v -1.312515 -0.223445 0.393385
v -1.200945 -0.109367 0.398962
v -0.849051 -0.106545 0.399617
v -0.816687 -0.185435 0.397089
v -0.769653 -0.106462 0.399633
v -0.769058 -0.186842 0.397424
v -0.926569 -0.238010 0.395984
v -0.965706 -0.238441 0.395656
v -0.965428 -0.273629 0.396311
v -0.954565 -0.208908 0.396593
v -0.977965 -0.188620 0.397174
v -0.997616 -0.214246 0.395784
v -0.954565 -0.208908 0.396593
v -0.926036 -0.319680 0.398360
v -0.965428 -0.273629 0.396311
v -0.965226 -0.319797 0.397544
v -0.926569 -0.238010 0.395984
v -0.887281 -0.273061 0.396355
v -0.886793 -0.319222 0.397585
v -0.997616 -0.214246 0.395784
v -1.023222 -0.186389 0.396979
v -1.016508 -0.214618 0.394701
v -0.977965 -0.188620 0.397174
v -0.997267 -0.238834 0.393971
v -0.965706 -0.238441 0.395656
v -0.997616 -0.214246 0.395784
v -0.954565 -0.208908 0.396593
v -0.996956 -0.273615 0.393148
v -0.965706 -0.238441 0.395656
v -0.965428 -0.273629 0.396311
v -0.996781 -0.318811 0.393018
v -0.996678 -0.365302 0.383318
v -0.965226 -0.319797 0.397544
v -0.965055 -0.367560 0.388277
v -0.964862 -0.406304 0.355875
v -0.965055 -0.367560 0.388277
v -0.996558 -0.402840 0.352094
v -0.996678 -0.365302 0.383318
v -0.996956 -0.273615 0.393148
v -0.996781 -0.318811 0.393018
v -0.965428 -0.273629 0.396311
v -0.965226 -0.319797 0.397544
v -1.024975 -0.356576 0.365573
v -1.038778 -0.315231 0.380131
v -1.038165 -0.358083 0.367957
v -1.025439 -0.314408 0.377253
v -1.015454 -0.316278 0.383746
v -1.015210 -0.360241 0.373068
v -1.025439 -0.314408 0.377253
v -1.039475 -0.272991 0.385461
v -1.038778 -0.315231 0.380131
v -1.025981 -0.272577 0.382654
v -1.025981 -0.272577 0.382654
v -1.015775 -0.273024 0.386780
v -1.015454 -0.316278 0.383746
v -1.016149 -0.239073 0.390654
v -1.015775 -0.273024 0.386780
v -1.026461 -0.239230 0.388638
v -1.016149 -0.239073 0.390654
v -1.026849 -0.214866 0.394057
v -1.016508 -0.214618 0.394701
v -0.817354 -0.388457 0.338496
v -0.794839 -0.356292 0.368071
v -0.817577 -0.354964 0.365523
v -0.794620 -0.390715 0.340614
v -0.996956 -0.273615 0.393148
v -0.997267 -0.238834 0.393971
v -1.015775 -0.273024 0.386780
v -1.016149 -0.239073 0.390654
v -1.016508 -0.214618 0.394701
v -0.997616 -0.214246 0.395784
v -1.016149 -0.239073 0.390654
v -0.996781 -0.318811 0.393018
v -0.996956 -0.273615 0.393148
v -1.015454 -0.316278 0.383746
v -1.015775 -0.273024 0.386780
v -1.015075 -0.395389 0.344187
v -0.996678 -0.365302 0.383318
v -1.015210 -0.360241 0.373068
v -0.996558 -0.402840 0.352094
v -0.996678 -0.365302 0.383318
v -0.996781 -0.318811 0.393018
v -1.015210 -0.360241 0.373068
v -1.015454 -0.316278 0.383746
v -0.794620 -0.390715 0.340614
v -0.767759 -0.360957 0.377090
v -0.794839 -0.356292 0.368071
v -0.767465 -0.397933 0.347782
v -1.402763 -0.350474 -0.377669
v -1.374429 -0.399981 -0.337532
v -1.402271 -0.388526 -0.327040
v -1.374871 -0.361293 -0.389988
v -1.374871 -0.361293 -0.389988
v -1.311812 -0.405405 -0.343134
v -1.374429 -0.399981 -0.337532
v -1.312147 -0.366557 -0.396346
v -1.032377 -0.406444 -0.345625
v -1.194978 -0.367872 -0.398778
v -1.029969 -0.367021 -0.399074
v -1.200320 -0.406840 -0.345272
v -1.311812 -0.405405 -0.343134
v -1.312147 -0.366557 -0.396346
v -1.194978 -0.367872 -0.398778
v -1.032377 -0.406444 -0.345625
v -1.200320 -0.406840 -0.345272
v -1.194978 -0.367872 -0.398778
v -1.021941 -0.406151 -0.346354
v -1.032377 -0.406444 -0.345625
v -1.029969 -0.367021 -0.399074
v -0.853651 -0.424945 0.290736
v -0.833998 -0.394005 0.344299
v -0.853884 -0.401757 0.352178
v -0.833787 -0.415543 0.287719
v -0.833787 -0.415543 0.287719
v -0.817354 -0.388457 0.338496
v -0.833998 -0.394005 0.344299
v -0.817161 -0.408938 0.285990
v -1.389951 -0.391981 -0.133241
v -1.385655 -0.386187 -0.143795
v -1.366344 -0.401437 -0.133462
v -1.363610 -0.394736 -0.143982
v -0.853492 -0.431630 0.200512
v -0.833787 -0.415543 0.287719
v -0.853651 -0.424945 0.290736
v -0.833641 -0.421873 0.203166
v -0.885561 -0.429680 0.291820
v -0.853884 -0.401757 0.352178
v -0.885796 -0.405702 0.355916
v -0.853651 -0.424945 0.290736
v -1.403013 -0.383194 0.328610
v -1.374579 -0.419087 0.285850
v -1.374983 -0.395128 0.340238
v -1.402564 -0.407037 0.276061
v -0.766906 -0.421390 -0.195221
v -0.766929 -0.423095 -0.146371
v -0.832828 -0.423724 -0.139855
v -1.002819 -0.423044 -0.195390
v -0.766885 -0.417325 -0.267782
v -1.021183 -0.419138 -0.267718
v -0.766925 -0.404274 -0.346333
v -1.021941 -0.406151 -0.346354
v -1.021941 -0.406151 -0.346354
v -0.767178 -0.365096 -0.398929
v -1.029969 -0.367021 -0.399074
v -1.401197 -0.400318 -0.253320
v -1.371102 -0.410380 -0.189039
v -1.397328 -0.399450 -0.186649
v -1.373647 -0.411834 -0.259770
v -1.402271 -0.388526 -0.327040
v -1.373647 -0.411834 -0.259770
v -1.374429 -0.399981 -0.337532
v -0.815904 -0.415444 0.087104
v -0.831016 -0.415381 0.092697
v -0.829293 -0.414755 0.083649
v -0.816339 -0.413282 0.098460
v -0.852363 -0.427551 0.120556
v -0.832864 -0.419299 0.127086
v -0.849615 -0.420212 0.085966
v -1.363610 -0.394736 -0.143982
v -1.307864 -0.406957 -0.133443
v -1.366344 -0.401437 -0.133462
v -1.306525 -0.400252 -0.144103
v -1.374983 -0.395128 0.340238
v -1.374579 -0.419087 0.285850
v -1.310907 -0.424642 0.291092
v -1.311259 -0.400827 0.346175
v -0.816339 -0.413282 0.098460
v -0.832864 -0.419299 0.127086
v -0.831016 -0.415381 0.092697
v -0.816806 -0.414044 0.133489
v -1.402564 -0.407037 0.276061
v -1.401417 -0.414287 0.201762
v -1.373708 -0.426153 0.207527
v -1.374579 -0.419087 0.285850
v -1.371088 -0.420373 0.137044
v -1.373708 -0.426153 0.207527
v -1.397484 -0.409332 0.135278
v -1.088208 -0.421237 0.291384
v -1.037817 -0.392579 0.340426
v -1.088387 -0.398348 0.345546
v -1.037836 -0.413932 0.287722
v -0.925125 -0.430767 0.291768
v -0.885796 -0.405702 0.355916
v -0.925353 -0.406661 0.356523
v -0.885561 -0.429680 0.291820
v -0.964862 -0.406304 0.355875
v -0.925125 -0.430767 0.291768
v -0.964654 -0.430287 0.291763
v -1.310907 -0.424642 0.291092
v -1.197120 -0.425273 0.292808
v -1.311259 -0.400827 0.346175
v -1.197415 -0.401646 0.347853
v -1.197120 -0.425273 0.292808
v -1.088387 -0.398348 0.345546
v -1.197415 -0.401646 0.347853
v -1.088208 -0.421237 0.291384
v -0.853492 -0.431630 0.200512
v -0.885561 -0.429680 0.291820
v -0.885416 -0.436431 0.198049
v -0.853651 -0.424945 0.290736
v -1.374429 -0.399981 -0.337532
v -1.311427 -0.417280 -0.263352
v -1.373647 -0.411834 -0.259770
v -1.311812 -0.405405 -0.343134
v -1.366344 -0.401437 -0.133462
v -1.310025 -0.418640 -0.098310
v -1.370902 -0.413127 -0.098383
v -1.307864 -0.406957 -0.133443
v -1.021183 -0.419138 -0.267718
v -1.029237 -0.419025 -0.267134
v -1.021941 -0.406151 -0.346354
v -1.029237 -0.419025 -0.267134
v -1.032377 -0.406444 -0.345625
v -1.042698 -0.418874 -0.266398
v -1.042698 -0.418874 -0.266398
v -1.093537 -0.418875 -0.265660
v -1.032377 -0.406444 -0.345625
v -0.996558 -0.402840 0.352094
v -0.996432 -0.426032 0.290561
v -0.964654 -0.430287 0.291763
v -0.964862 -0.406304 0.355875
v -1.200432 -0.418914 -0.264950
v -1.200320 -0.406840 -0.345272
v -1.093537 -0.418875 -0.265660
v -1.032377 -0.406444 -0.345625
v -1.311427 -0.417280 -0.263352
v -1.311812 -0.405405 -0.343134
v -1.200432 -0.418914 -0.264950
v -1.200320 -0.406840 -0.345272
v -1.397484 -0.409332 0.135278
v -1.390087 -0.399215 0.103352
v -1.371088 -0.420373 0.137044
v -1.366329 -0.408679 0.103347
v -1.022532 -0.425902 -0.102775
v -1.029904 -0.425509 -0.096579
v -1.030896 -0.423446 -0.131664
v -1.018036 -0.427445 -0.029201
v -1.022532 -0.425902 -0.102775
v -1.032561 -0.427277 -0.027394
v -1.043418 -0.424173 -0.096920
v -1.030896 -0.423446 -0.131664
v -1.044528 -0.419966 -0.132177
v -1.093956 -0.422627 -0.097299
v -1.094684 -0.415551 -0.132711
v -1.044528 -0.419966 -0.132177
v -1.031299 -0.422378 -0.144664
v -1.044954 -0.417639 -0.144515
v -1.200124 -0.421201 -0.097851
v -1.094684 -0.415551 -0.132711
v -1.199766 -0.411310 -0.133166
v -1.307864 -0.406957 -0.133443
v -1.200124 -0.421201 -0.097851
v -1.310025 -0.418640 -0.098310
v -1.199408 -0.405652 -0.144212
v -1.199766 -0.411310 -0.133166
v -1.094891 -0.411542 -0.144342
v -1.044954 -0.417639 -0.144515
v -1.094684 -0.415551 -0.132711
v -1.044528 -0.419966 -0.132177
v -0.849615 -0.420212 0.085966
v -0.884620 -0.431583 0.114934
v -0.882713 -0.422740 0.078662
v -0.852363 -0.427551 0.120556
v -0.829293 -0.414755 0.083649
v -0.849615 -0.420212 0.085966
v -0.847061 -0.416230 0.078497
v -0.831016 -0.415381 0.092697
v -0.880942 -0.417295 0.070565
v -0.849615 -0.420212 0.085966
v -0.882713 -0.422740 0.078662
v -1.374579 -0.419087 0.285850
v -1.373708 -0.426153 0.207527
v -1.310347 -0.431608 0.210828
v -1.310907 -0.424642 0.291092
v -0.817161 -0.408938 0.285990
v -0.817038 -0.415158 0.206405
v -0.794309 -0.418959 0.210758
v -0.794425 -0.412097 0.288603
v -0.833787 -0.415543 0.287719
v -0.833641 -0.421873 0.203166
v -1.088208 -0.421237 0.291384
v -1.088291 -0.428248 0.211364
v -1.037836 -0.413932 0.287722
v -1.038248 -0.420410 0.208388
v -0.925009 -0.437464 0.196881
v -0.925125 -0.430767 0.291768
v -0.964585 -0.437034 0.197961
v -0.964654 -0.430287 0.291763
v -0.885416 -0.436431 0.198049
v -0.885561 -0.429680 0.291820
v -1.002819 -0.423044 -0.195390
v -1.021183 -0.419138 -0.267718
v -0.766885 -0.417325 -0.267782
v -1.197120 -0.425273 0.292808
v -1.196871 -0.432347 0.212178
v -1.088208 -0.421237 0.291384
v -1.088291 -0.428248 0.211364
v -1.310907 -0.424642 0.291092
v -1.196871 -0.432347 0.212178
v -1.310347 -0.431608 0.210828
v -1.370902 -0.413127 -0.098383
v -1.310702 -0.425048 -0.026087
v -1.372727 -0.419580 -0.026109
v -1.310025 -0.418640 -0.098310
v -1.200124 -0.421201 -0.097851
v -1.310702 -0.425048 -0.026087
v -1.199665 -0.426785 -0.025826
v -1.390056 -0.398598 0.082442
v -1.366332 -0.408036 0.082151
v -1.385770 -0.393464 0.093335
v -1.363580 -0.402000 0.093058
v -0.832828 -0.423724 -0.139855
v -0.999567 -0.424844 -0.142070
v -1.002819 -0.423044 -0.195390
v -0.766906 -0.421390 -0.195221
v -1.373708 -0.426153 0.207527
v -1.371088 -0.420373 0.137044
v -1.308993 -0.425804 0.138270
v -1.310347 -0.431608 0.210828
v -0.832828 -0.423724 -0.139855
v -0.824936 -0.424795 -0.098578
v -0.993143 -0.426003 -0.098981
v -0.993143 -0.426003 -0.098981
v -0.999567 -0.424844 -0.142070
v -0.832828 -0.423724 -0.139855
v -0.766929 -0.423095 -0.146371
v -0.824936 -0.424795 -0.098578
v -0.766973 -0.425455 -0.060576
v -0.766973 -0.425455 -0.060576
v -0.815316 -0.426281 -0.027783
v -0.794000 -0.426337 -0.026288
v -0.999567 -0.424844 -0.142070
v -0.993143 -0.426003 -0.098981
v -1.022532 -0.425902 -0.102775
v -1.093956 -0.422627 -0.097299
v -1.043418 -0.424173 -0.096920
v -1.092692 -0.426916 -0.026026
v -1.032561 -0.427277 -0.027394
v -0.924952 -0.426693 -0.036983
v -1.018036 -0.427445 -0.029201
v -0.993143 -0.426003 -0.098981
v -0.993143 -0.426003 -0.098981
v -0.824936 -0.424795 -0.098578
v -0.924952 -0.426693 -0.036983
v -0.831677 -0.426150 -0.029758
v -0.766973 -0.425455 -0.060576
v -0.766992 -0.426371 -0.024112
v -0.794000 -0.426337 -0.026288
v -0.969239 -0.425770 0.028358
v -1.027656 -0.426320 0.039808
v -1.018036 -0.427445 -0.029201
v -1.090402 -0.419902 0.080531
v -1.091357 -0.425985 0.045222
v -1.040128 -0.420704 0.077720
v -1.197092 -0.417402 0.081778
v -1.091357 -0.425985 0.045222
v -1.198512 -0.425273 0.046281
v -1.092692 -0.426916 -0.026026
v -1.040714 -0.426246 0.042549
v -1.032561 -0.427277 -0.027394
v -1.198512 -0.425273 0.046281
v -1.092692 -0.426916 -0.026026
v -1.199665 -0.426785 -0.025826
v -1.093956 -0.422627 -0.097299
v -1.200124 -0.421201 -0.097851
v -1.309525 -0.422979 0.046349
v -1.198512 -0.425273 0.046281
v -1.310702 -0.425048 -0.026087
v -1.370902 -0.417552 0.046425
v -1.310702 -0.425048 -0.026087
v -1.372727 -0.419580 -0.026109
v -1.397185 -0.406599 0.046723
v -1.372727 -0.419580 -0.026109
v -1.400009 -0.408014 -0.025798
v -1.390056 -0.398598 0.082442
v -1.370902 -0.417552 0.046425
v -1.366332 -0.408036 0.082151
v -1.397116 -0.402158 -0.098092
v -1.372727 -0.419580 -0.026109
v -1.370902 -0.413127 -0.098383
v -1.389951 -0.391981 -0.133241
v -1.370902 -0.413127 -0.098383
v -1.366344 -0.401437 -0.133462
v -1.390087 -0.399215 0.103352
v -1.385770 -0.393464 0.093335
v -1.366329 -0.408679 0.103347
v -1.363580 -0.402000 0.093058
v -0.831677 -0.426150 -0.029758
v -0.827337 -0.425041 0.038373
v -0.880763 -0.425119 0.028454
v -0.999567 -0.424844 -0.142070
v -1.022532 -0.425902 -0.102775
v -1.021852 -0.424412 -0.145511
v -1.021852 -0.424412 -0.145511
v -1.030896 -0.423446 -0.131664
v -1.031299 -0.422378 -0.144664
v -1.196871 -0.432347 0.212178
v -1.196532 -0.427499 0.139032
v -1.088291 -0.428248 0.211364
v -1.088610 -0.424864 0.138453
v -1.038248 -0.420410 0.208388
v -1.038858 -0.418345 0.135742
v -1.025449 -0.416663 0.204860
v -1.026254 -0.414983 0.131319
v -1.308993 -0.425804 0.138270
v -1.196532 -0.427499 0.139032
v -1.310347 -0.431608 0.210828
v -1.015493 -0.423165 0.202277
v -1.015121 -0.416909 0.287344
v -1.024892 -0.410616 0.285427
v -1.038248 -0.420410 0.208388
v -1.037836 -0.413932 0.287722
v -1.026254 -0.414983 0.131319
v -1.015493 -0.423165 0.202277
v -1.016612 -0.420486 0.125896
v -1.024754 -0.390138 0.338439
v -1.037836 -0.413932 0.287722
v -1.037817 -0.392579 0.340426
v -1.015121 -0.416909 0.287344
v -1.015075 -0.395389 0.344187
v -1.373647 -0.411834 -0.259770
v -1.310204 -0.415893 -0.190504
v -1.371102 -0.410380 -0.189039
v -1.311427 -0.417280 -0.263352
v -0.794309 -0.418959 0.210758
v -0.794291 -0.418492 0.139227
v -0.767091 -0.429081 0.144535
v -0.767139 -0.429433 0.215786
v -0.817038 -0.415158 0.206405
v -0.816806 -0.414044 0.133489
v -0.767072 -0.428275 0.108896
v -0.767091 -0.429081 0.144535
v -0.794360 -0.418493 0.103775
v -0.816806 -0.414044 0.133489
v -0.816339 -0.413282 0.098460
v -0.833641 -0.421873 0.203166
v -0.817038 -0.415158 0.206405
v -0.832864 -0.419299 0.127086
v -0.853492 -0.431630 0.200512
v -0.852363 -0.427551 0.120556
v -0.885416 -0.436431 0.198049
v -0.852363 -0.427551 0.120556
v -0.884620 -0.431583 0.114934
v -1.018036 -0.427445 -0.029201
v -1.022532 -0.425902 -0.102775
v -0.993143 -0.426003 -0.098981
v -1.027656 -0.426320 0.039808
v -1.040714 -0.426246 0.042549
v -1.027628 -0.420673 0.074784
v -1.020572 -0.420716 0.072683
v -1.027628 -0.420673 0.074784
v -1.027656 -0.426320 0.039808
v -1.003695 -0.420784 0.068490
v -1.020572 -0.420716 0.072683
v -1.027656 -0.426320 0.039808
v -0.969577 -0.420649 0.060503
v -0.969239 -0.425770 0.028358
v -0.925043 -0.420347 0.055829
v -0.924996 -0.425428 0.024227
v -1.003695 -0.420784 0.068490
v -0.969239 -0.425770 0.028358
v -1.027656 -0.426320 0.039808
v -0.880763 -0.425119 0.028454
v -0.925043 -0.420347 0.055829
v -0.880508 -0.419975 0.060649
v -0.880763 -0.425119 0.028454
v -0.846445 -0.419633 0.068653
v -0.827337 -0.425041 0.038373
v -0.924952 -0.426693 -0.036983
v -0.880763 -0.425119 0.028454
v -0.831677 -0.426150 -0.029758
v -0.969239 -0.425770 0.028358
v -0.924952 -0.426693 -0.036983
v -1.018036 -0.427445 -0.029201
v -1.199408 -0.405652 -0.144212
v -1.094708 -0.414835 -0.156248
v -1.094891 -0.411542 -0.144342
v -1.199784 -0.410634 -0.155586
v -1.044954 -0.417639 -0.144515
v -1.094708 -0.414835 -0.156248
v -1.044549 -0.419183 -0.157099
v -1.306525 -0.400252 -0.144103
v -1.199766 -0.411310 -0.133166
v -1.307864 -0.406957 -0.133443
v -1.094212 -0.419806 -0.192347
v -1.093537 -0.418875 -0.265660
v -1.043650 -0.421238 -0.193437
v -1.042698 -0.418874 -0.266398
v -1.042698 -0.418874 -0.266398
v -1.030078 -0.422464 -0.194493
v -1.029237 -0.419025 -0.267134
v -1.094708 -0.414835 -0.156248
v -1.044549 -0.419183 -0.157099
v -1.043650 -0.421238 -0.193437
v -1.030913 -0.422600 -0.157907
v -1.030078 -0.422464 -0.194493
v -1.021183 -0.419138 -0.267718
v -1.021624 -0.423002 -0.195212
v -1.030078 -0.422464 -0.194493
v -1.002819 -0.423044 -0.195390
v -1.021852 -0.424412 -0.145511
v -0.999567 -0.424844 -0.142070
v -1.021624 -0.423002 -0.195212
v -1.030913 -0.422600 -0.157907
v -1.021852 -0.424412 -0.145511
v -1.002819 -0.423044 -0.195390
v -1.021183 -0.419138 -0.267718
v -0.969176 -0.417974 0.070377
v -0.925060 -0.417786 0.066068
v -0.967334 -0.423389 0.078484
v -0.925025 -0.423409 0.075017
v -0.882713 -0.422740 0.078662
v -0.925060 -0.417786 0.066068
v -0.880942 -0.417295 0.070565
v -0.882713 -0.422740 0.078662
v -0.924985 -0.432448 0.112464
v -0.884620 -0.431583 0.114934
v -0.967334 -0.423389 0.078484
v -0.924985 -0.432448 0.112464
v -0.965352 -0.432194 0.114800
v -1.032561 -0.427277 -0.027394
v -1.043418 -0.424173 -0.096920
v -1.029904 -0.425509 -0.096579
v -0.964585 -0.437034 0.197961
v -0.964654 -0.430287 0.291763
v -0.996516 -0.432692 0.200160
v -0.996432 -0.426032 0.290561
v -1.366332 -0.408036 0.082151
v -1.370902 -0.417552 0.046425
v -1.309525 -0.422979 0.046349
v -1.307030 -0.413467 0.082020
v -1.088610 -0.424864 0.138453
v -1.196532 -0.427499 0.139032
v -1.196083 -0.417757 0.103741
v -1.089110 -0.418375 0.103056
v -1.039431 -0.415267 0.100648
v -1.038858 -0.418345 0.135742
v -1.088610 -0.424864 0.138453
v -0.969176 -0.417974 0.070377
v -1.003149 -0.417388 0.078202
v -1.003695 -0.420784 0.068490
v -0.969577 -0.420649 0.060503
v -1.366329 -0.408679 0.103347
v -1.308993 -0.425804 0.138270
v -1.371088 -0.420373 0.137044
v -1.306700 -0.414120 0.103533
v -1.018617 -0.416474 0.091811
v -1.016612 -0.420486 0.125896
v -1.027069 -0.413232 0.096773
v -1.026254 -0.414983 0.131319
v -1.038858 -0.418345 0.135742
v -1.039431 -0.415267 0.100648
v -1.027069 -0.413232 0.096773
v -1.039431 -0.415267 0.100648
v -1.039851 -0.415450 0.089448
v -1.027577 -0.414807 0.086445
v -1.027577 -0.414807 0.086445
v -1.018617 -0.416474 0.091811
v -1.020290 -0.415821 0.083317
v -1.040128 -0.420704 0.077720
v -1.027577 -0.414807 0.086445
v -1.027628 -0.420673 0.074784
v -0.997730 -0.428608 0.120073
v -0.996516 -0.432692 0.200160
v -1.016612 -0.420486 0.125896
v -1.015493 -0.423165 0.202277
v -0.996516 -0.432692 0.200160
v -0.964585 -0.437034 0.197961
v -0.965352 -0.432194 0.114800
v -0.925009 -0.437464 0.196881
v -0.924985 -0.432448 0.112464
v -0.925009 -0.437464 0.196881
v -0.884620 -0.431583 0.114934
v -0.885416 -0.436431 0.198049
v -1.309525 -0.422979 0.046349
v -1.198512 -0.425273 0.046281
v -1.307030 -0.413467 0.082020
v -1.197092 -0.417402 0.081778
v -0.794250 -0.426622 0.042265
v -0.767029 -0.427991 0.045898
v -0.794396 -0.424013 0.077932
v -0.767052 -0.428424 0.082275
v -0.815744 -0.420797 0.074667
v -0.794396 -0.424013 0.077932
v -0.815632 -0.425563 0.039708
v -0.794250 -0.426622 0.042265
v -0.766992 -0.426371 -0.024112
v -0.794000 -0.426337 -0.026288
v -0.815632 -0.425563 0.039708
v -0.815316 -0.426281 -0.027783
v -0.827337 -0.425041 0.038373
v -0.815316 -0.426281 -0.027783
v -0.831677 -0.426150 -0.029758
v -0.824936 -0.424795 -0.098578
v -0.831677 -0.426150 -0.029758
v -0.925060 -0.417786 0.066068
v -0.969176 -0.417974 0.070377
v -0.969577 -0.420649 0.060503
v -0.925043 -0.420347 0.055829
v -0.880508 -0.419975 0.060649
v -0.925060 -0.417786 0.066068
v -0.880942 -0.417295 0.070565
v -1.196532 -0.427499 0.139032
v -1.308993 -0.425804 0.138270
v -1.306700 -0.414120 0.103533
v -1.196083 -0.417757 0.103741
v -1.003149 -0.417388 0.078202
v -1.020290 -0.415821 0.083317
v -1.020572 -0.420716 0.072683
v -1.003695 -0.420784 0.068490
v -0.827337 -0.425041 0.038373
v -0.828852 -0.419587 0.072684
v -0.846445 -0.419633 0.068653
v -1.027577 -0.414807 0.086445
v -1.027628 -0.420673 0.074784
v -1.020290 -0.415821 0.083317
v -1.020572 -0.420716 0.072683
v -1.089718 -0.415395 0.091823
v -1.196083 -0.417757 0.103741
v -1.196109 -0.412315 0.092809
v -1.089110 -0.418375 0.103056
v -1.305482 -0.407449 0.092966
v -1.196083 -0.417757 0.103741
v -1.306700 -0.414120 0.103533
v -1.039431 -0.415267 0.100648
v -1.089718 -0.415395 0.091823
v -1.039851 -0.415450 0.089448
v -1.094708 -0.414835 -0.156248
v -1.199784 -0.410634 -0.155586
v -1.200344 -0.418438 -0.191465
v -1.307884 -0.406296 -0.155094
v -1.200344 -0.418438 -0.191465
v -1.310204 -0.415893 -0.190504
v -1.310204 -0.415893 -0.190504
v -1.311427 -0.417280 -0.263352
v -1.200432 -0.418914 -0.264950
v -1.200344 -0.418438 -0.191465
v -0.997730 -0.428608 0.120073
v -1.000570 -0.421319 0.085529
v -0.965352 -0.432194 0.114800
v -0.967334 -0.423389 0.078484
v -1.197092 -0.417402 0.081778
v -1.090402 -0.419902 0.080531
v -1.196109 -0.412315 0.092809
v -1.089718 -0.415395 0.091823
v -1.039851 -0.415450 0.089448
v -1.090402 -0.419902 0.080531
v -1.040128 -0.420704 0.077720
v -1.366332 -0.408036 0.082151
v -1.307030 -0.413467 0.082020
v -1.363580 -0.402000 0.093058
v -1.305482 -0.407449 0.092966
v -1.307030 -0.413467 0.082020
v -1.197092 -0.417402 0.081778
v -1.305482 -0.407449 0.092966
v -1.196109 -0.412315 0.092809
v -0.880508 -0.419975 0.060649
v -0.846445 -0.419633 0.068653
v -0.880942 -0.417295 0.070565
v -0.847061 -0.416230 0.078497
v -0.815632 -0.425563 0.039708
v -0.828852 -0.419587 0.072684
v -0.827337 -0.425041 0.038373
v -0.815744 -0.420797 0.074667
v -1.363580 -0.402000 0.093058
v -1.306700 -0.414120 0.103533
v -1.366329 -0.408679 0.103347
v -1.305482 -0.407449 0.092966
v -0.846445 -0.419633 0.068653
v -0.828852 -0.419587 0.072684
v -0.847061 -0.416230 0.078497
v -0.829293 -0.414755 0.083649
v -1.389962 -0.391311 -0.154150
v -1.397328 -0.399450 -0.186649
v -1.371102 -0.410380 -0.189039
v -1.366369 -0.400769 -0.154674
v -1.020290 -0.415821 0.083317
v -1.000570 -0.421319 0.085529
v -1.018617 -0.416474 0.091811
v -1.003149 -0.417388 0.078202
v -0.969176 -0.417974 0.070377
v -1.000570 -0.421319 0.085529
v -0.967334 -0.423389 0.078484
v -1.021852 -0.424412 -0.145511
v -1.031299 -0.422378 -0.144664
v -1.030913 -0.422600 -0.157907
v -1.044549 -0.419183 -0.157099
v -1.031299 -0.422378 -0.144664
v -1.044954 -0.417639 -0.144515
v -0.817354 -0.388457 0.338496
v -0.817161 -0.408938 0.285990
v -0.794425 -0.412097 0.288603
v -0.794620 -0.390715 0.340614
v -0.767253 -0.421455 0.293971
v -0.767465 -0.397933 0.347782
v -0.794425 -0.412097 0.288603
v -0.996516 -0.432692 0.200160
v -1.015121 -0.416909 0.287344
v -1.015493 -0.423165 0.202277
v -0.996432 -0.426032 0.290561
v -1.015075 -0.395389 0.344187
v -0.996558 -0.402840 0.352094
v -1.015121 -0.416909 0.287344
v -1.016612 -0.420486 0.125896
v -1.018617 -0.416474 0.091811
v -0.997730 -0.428608 0.120073
v -1.000570 -0.421319 0.085529
v -1.366369 -0.400769 -0.154674
v -1.371102 -0.410380 -0.189039
v -1.310204 -0.415893 -0.190504
v -1.307884 -0.406296 -0.155094
v -0.828852 -0.419587 0.072684
v -0.815744 -0.420797 0.074667
v -0.829293 -0.414755 0.083649
v -0.815904 -0.415444 0.087104
v -0.815744 -0.420797 0.074667
v -0.794396 -0.424013 0.077932
v -0.815904 -0.415444 0.087104
v -0.794423 -0.420501 0.091183
v -0.815904 -0.415444 0.087104
v -0.794423 -0.420501 0.091183
v -0.816339 -0.413282 0.098460
v -0.794360 -0.418493 0.103775
v -0.794396 -0.424013 0.077932
v -0.767052 -0.428424 0.082275
v -0.794423 -0.420501 0.091183
v -0.767063 -0.428232 0.095867
v -0.767063 -0.428232 0.095867
v -0.794360 -0.418493 0.103775
v -0.767072 -0.428275 0.108896
v -1.389962 -0.391311 -0.154150
v -1.366369 -0.400769 -0.154674
v -1.385655 -0.386187 -0.143795
v -1.363610 -0.394736 -0.143982
v -0.794425 -0.412097 0.288603
v -0.794309 -0.418959 0.210758
v -0.767139 -0.429433 0.215786
v -0.767253 -0.421455 0.293971
v -1.307884 -0.406296 -0.155094
v -1.199784 -0.410634 -0.155586
v -1.306525 -0.400252 -0.144103
v -1.199408 -0.405652 -0.144212
v -1.366369 -0.400769 -0.154674
v -1.307884 -0.406296 -0.155094
v -1.363610 -0.394736 -0.143982
v -1.306525 -0.400252 -0.144103
v -1.380015 0.331937 -0.368445
v -1.379138 0.214488 -0.400739
v -1.407750 0.319965 -0.356837
v -1.406899 0.206026 -0.388672
v -1.317367 0.338508 -0.374435
v -1.316476 0.219332 -0.406775
v -1.380015 0.331937 -0.368445
v -1.379138 0.214488 -0.400739
v -1.317367 0.338508 -0.374435
v -1.204824 0.221792 -0.408992
v -1.316476 0.219332 -0.406775
v -1.205725 0.341624 -0.376617
v -1.090858 0.342850 -0.376910
v -0.772435 0.345227 -0.376710
v -0.771526 0.225267 -0.409144
v -1.403636 -0.234836 -0.402200
v -1.405263 -0.014127 -0.404474
v -1.377443 -0.013541 -0.416813
v -1.375758 -0.242126 -0.414749
v -1.406899 0.206026 -0.388672
v -1.377443 -0.013541 -0.416813
v -1.379138 0.214488 -0.400739
v -1.090858 0.342850 -0.376910
v -0.771526 0.225267 -0.409144
v -1.085503 0.222909 -0.409353
v -1.203086 -0.011993 -0.425178
v -1.080052 -0.011062 -0.425570
v -1.204824 0.221792 -0.408992
v -1.402763 -0.350474 -0.377669
v -1.403636 -0.234836 -0.402200
v -1.375758 -0.242126 -0.414749
v -1.374871 -0.361293 -0.389988
v -1.204824 0.221792 -0.408992
v -1.203086 -0.011993 -0.425178
v -1.316476 0.219332 -0.406775
v -1.314750 -0.012889 -0.422927
v -1.090858 0.342850 -0.376910
v -1.205725 0.341624 -0.376617
v -1.085503 0.222909 -0.409353
v -1.080052 -0.011062 -0.425570
v -1.085503 0.222909 -0.409353
v -0.771526 0.225267 -0.409144
v -1.316476 0.219332 -0.406775
v -1.314750 -0.012889 -0.422927
v -1.379138 0.214488 -0.400739
v -1.377443 -0.013541 -0.416813
v -1.375758 -0.242126 -0.414749
v -1.314750 -0.012889 -0.422927
v -1.313034 -0.245664 -0.421043
v -1.374871 -0.361293 -0.389988
v -1.375758 -0.242126 -0.414749
v -1.313034 -0.245664 -0.421043
v -1.312147 -0.366557 -0.396346
v -0.769787 -0.008793 -0.425360
v -0.768058 -0.243375 -0.423528
v -1.069803 -0.245480 -0.423729
v -1.080052 -0.011062 -0.425570
v -0.771526 0.225267 -0.409144
v -1.029969 -0.367021 -0.399074
v -1.069803 -0.245480 -0.423729
v -0.767178 -0.365096 -0.398929
v -1.313034 -0.245664 -0.421043
v -1.314750 -0.012889 -0.422927
v -1.203086 -0.011993 -0.425178
v -1.201358 -0.246334 -0.423355
v -0.767178 -0.365096 -0.398929
v -1.069803 -0.245480 -0.423729
v -0.768058 -0.243375 -0.423528
v -0.769787 -0.008793 -0.425360
v -1.069803 -0.245480 -0.423729
v -1.080052 -0.011062 -0.425570
v -1.201358 -0.246334 -0.423355
v -1.080052 -0.011062 -0.425570
v -1.203086 -0.011993 -0.425178
v -1.312147 -0.366557 -0.396346
v -1.313034 -0.245664 -0.421043
v -1.201358 -0.246334 -0.423355
v -1.194978 -0.367872 -0.398778
v -1.201358 -0.246334 -0.423355
v -1.069803 -0.245480 -0.423729
v -1.029969 -0.367021 -0.399074
v -1.194978 -0.367872 -0.398778
v -1.069803 -0.245480 -0.423729
v -1.407936 0.353660 0.146763
v -1.426093 0.317714 0.211259
v -1.425947 0.324732 0.144434
v -1.408130 0.349642 0.218662
v -1.407732 0.354333 0.131393
v -1.407727 0.361447 -0.101572
v -1.426147 0.332878 -0.024409
v -1.426043 0.330229 0.066248
v -1.437277 0.267798 -0.075178
v -1.425836 0.335396 -0.112006
v -1.436217 0.266668 -0.115065
v -1.437735 0.265642 -0.005147
v -1.437277 0.267798 -0.075178
v -1.439973 0.139958 -0.079938
v -1.407750 0.319965 -0.356837
v -1.425684 0.327737 -0.287460
v -1.407971 0.354998 -0.302105
v -1.425590 0.291510 -0.337270
v -1.407936 0.353660 0.146763
v -1.407732 0.354333 0.131393
v -1.425947 0.324732 0.144434
v -1.425942 0.328629 0.105857
v -1.435662 0.251297 -0.154167
v -1.425797 0.334417 -0.150313
v -1.425864 0.332352 -0.216767
v -1.435962 0.233382 -0.219676
v -1.407793 0.362809 -0.151344
v -1.407916 0.363207 -0.223356
v -1.425797 0.334417 -0.150313
v -1.425836 0.335396 -0.112006
v -1.407793 0.362809 -0.151344
v -1.407727 0.361447 -0.101572
v -1.436217 0.266668 -0.115065
v -1.425797 0.334417 -0.150313
v -1.435662 0.251297 -0.154167
v -1.407750 0.319965 -0.356837
v -1.406899 0.206026 -0.388672
v -1.425590 0.291510 -0.337270
v -1.424653 0.186439 -0.368028
v -1.426147 0.332878 -0.024409
v -1.407727 0.361447 -0.101572
v -1.425836 0.335396 -0.112006
v -1.407916 0.363207 -0.223356
v -1.407971 0.354998 -0.302105
v -1.425684 0.327737 -0.287460
v -1.425864 0.332352 -0.216767
v -1.406899 0.206026 -0.388672
v -1.405263 -0.014127 -0.404474
v -1.424653 0.186439 -0.368028
v -1.423315 -0.014956 -0.381795
v -1.405263 -0.014127 -0.404474
v -1.421666 -0.216816 -0.380400
v -1.403636 -0.234836 -0.402200
v -1.403636 -0.234836 -0.402200
v -1.421004 -0.323547 -0.356406
v -1.421666 -0.216816 -0.380400
v -1.402763 -0.350474 -0.377669
v -1.425977 0.309073 0.281325
v -1.425957 0.273086 0.329197
v -1.408110 0.301906 0.349370
v -1.408260 0.336620 0.296759
v -1.407410 0.211496 0.375069
v -1.408110 0.301906 0.349370
v -1.425957 0.273086 0.329197
v -1.425186 0.190553 0.354005
v -1.402763 -0.350474 -0.377669
v -1.402271 -0.388526 -0.327040
v -1.420314 -0.362546 -0.310673
v -1.421004 -0.323547 -0.356406
v -1.423315 -0.014956 -0.381795
v -1.421666 -0.216816 -0.380400
v -1.431305 -0.171816 -0.349676
v -1.433987 -0.016356 -0.338317
v -1.433611 0.139517 -0.340126
v -1.423315 -0.014956 -0.381795
v -1.424653 0.186439 -0.368028
v -1.406073 0.049464 0.380959
v -1.407410 0.211496 0.375069
v -1.425186 0.190553 0.354005
v -1.424176 0.041088 0.358994
v -1.389951 -0.391981 -0.133241
v -1.404977 -0.370473 -0.132648
v -1.385655 -0.386187 -0.143795
v -1.399258 -0.366834 -0.143324
v -1.403271 -0.346491 0.357962
v -1.403435 -0.303233 0.370188
v -1.421369 -0.324453 0.338208
v -1.421763 -0.282845 0.349083
v -1.436343 0.208257 0.215491
v -1.426093 0.317714 0.211259
v -1.435881 0.236954 0.146409
v -1.425947 0.324732 0.144434
v -1.425977 0.309073 0.281325
v -1.408130 0.349642 0.218662
v -1.408260 0.336620 0.296759
v -1.404772 -0.106459 0.377992
v -1.406073 0.049464 0.380959
v -1.424176 0.041088 0.358994
v -1.422886 -0.100432 0.357280
v -1.422494 -0.170617 0.354303
v -1.404772 -0.106459 0.377992
v -1.404146 -0.181523 0.375837
v -1.403435 -0.303233 0.370188
v -1.403582 -0.261900 0.373298
v -1.421763 -0.282845 0.349083
v -1.421784 -0.246592 0.352836
v -1.403582 -0.261900 0.373298
v -1.403763 -0.229695 0.374411
v -1.421784 -0.246592 0.352836
v -1.422147 -0.215667 0.352950
v -1.403763 -0.229695 0.374411
v -1.403941 -0.206594 0.375109
v -1.422147 -0.215667 0.352950
v -1.422135 -0.195406 0.354469
v -1.404146 -0.181523 0.375837
v -1.422135 -0.195406 0.354469
v -1.422494 -0.170617 0.354303
v -1.424653 0.186439 -0.368028
v -1.433611 0.139517 -0.340126
v -1.435598 0.200742 -0.305007
v -1.425590 0.291510 -0.337270
v -1.403013 -0.383194 0.328610
v -1.403271 -0.346491 0.357962
v -1.421263 -0.356601 0.310137
v -1.421369 -0.324453 0.338208
v -1.425590 0.291510 -0.337270
v -1.434548 0.266618 -0.272587
v -1.425684 0.327737 -0.287460
v -1.435598 0.200742 -0.305007
v -1.416497 -0.309083 -0.130829
v -1.399258 -0.366834 -0.143324
v -1.404977 -0.370473 -0.132648
v -1.409794 -0.311751 -0.141735
v -1.421666 -0.216816 -0.380400
v -1.432313 -0.235051 -0.318751
v -1.431305 -0.171816 -0.349676
v -1.421004 -0.323547 -0.356406
v -1.432663 -0.281194 0.285363
v -1.430419 -0.326995 0.251864
v -1.421263 -0.356601 0.310137
v -1.420609 -0.381335 0.262173
v -1.421263 -0.356601 0.310137
v -1.402564 -0.407037 0.276061
v -1.403013 -0.383194 0.328610
v -1.422135 -0.195406 0.354469
v -1.422494 -0.170617 0.354303
v -1.431852 -0.175009 0.329963
v -1.433750 -0.140008 0.320585
v -1.421784 -0.246592 0.352836
v -1.422147 -0.215667 0.352950
v -1.431544 -0.217582 0.328633
v -1.433452 -0.179812 0.319372
v -1.416497 -0.309083 -0.130829
v -1.424697 -0.186640 -0.127273
v -1.418074 -0.203465 -0.140033
v -1.409794 -0.311751 -0.141735
v -1.424176 0.041088 0.358994
v -1.425186 0.190553 0.354005
v -1.434227 0.137537 0.327845
v -1.434896 0.011032 0.322912
v -1.422886 -0.100432 0.357280
v -1.424176 0.041088 0.358994
v -1.434896 0.011032 0.322912
v -1.432519 -0.087007 0.332623
v -1.433750 -0.140008 0.320585
v -1.432519 -0.087007 0.332623
v -1.422494 -0.170617 0.354303
v -1.434227 0.137537 0.327845
v -1.425186 0.190553 0.354005
v -1.436100 0.175244 0.298997
v -1.425957 0.273086 0.329197
v -1.436100 0.175244 0.298997
v -1.425957 0.273086 0.329197
v -1.434922 0.242366 0.267391
v -1.425977 0.309073 0.281325
v -1.426814 -0.313415 -0.095268
v -1.404977 -0.370473 -0.132648
v -1.414387 -0.378096 -0.097339
v -1.416497 -0.309083 -0.130829
v -1.402271 -0.388526 -0.327040
v -1.401197 -0.400318 -0.253320
v -1.420314 -0.362546 -0.310673
v -1.419295 -0.370669 -0.244394
v -1.397328 -0.399450 -0.186649
v -1.419295 -0.370669 -0.244394
v -1.414304 -0.373886 -0.183291
v -1.433120 -0.228379 0.315574
v -1.421763 -0.282845 0.349083
v -1.421784 -0.246592 0.352836
v -1.431544 -0.217582 0.328633
v -1.433120 -0.228379 0.315574
v -1.431130 -0.280593 0.315014
v -1.421763 -0.282845 0.349083
v -1.421369 -0.324453 0.338208
v -1.433452 -0.179812 0.319372
v -1.422147 -0.215667 0.352950
v -1.422135 -0.195406 0.354469
v -1.431852 -0.175009 0.329963
v -1.435962 0.233382 -0.219676
v -1.425864 0.332352 -0.216767
v -1.434548 0.266618 -0.272587
v -1.425684 0.327737 -0.287460
v -1.434922 0.242366 0.267391
v -1.425977 0.309073 0.281325
v -1.426093 0.317714 0.211259
v -1.436343 0.208257 0.215491
v -1.421004 -0.323547 -0.356406
v -1.420314 -0.362546 -0.310673
v -1.430044 -0.302623 -0.291997
v -1.432313 -0.235051 -0.318751
v -1.424697 -0.186640 -0.127273
v -1.416497 -0.309083 -0.130829
v -1.433800 -0.187072 -0.091173
v -1.426814 -0.313415 -0.095268
v -1.433800 -0.187072 -0.091173
v -1.431290 -0.027538 -0.123489
v -1.437626 -0.023849 -0.085709
v -1.426875 -0.064933 -0.146670
v -1.418074 -0.203465 -0.140033
v -1.424697 -0.186640 -0.127273
v -1.431290 -0.027538 -0.123489
v -1.437682 -0.081443 0.253731
v -1.433452 -0.179812 0.319372
v -1.433750 -0.140008 0.320585
v -1.431852 -0.175009 0.329963
v -1.432313 -0.235051 -0.318751
v -1.436580 -0.020138 -0.248459
v -1.431305 -0.171816 -0.349676
v -1.433987 -0.016356 -0.338317
v -1.436580 -0.020138 -0.248459
v -1.433611 0.139517 -0.340126
v -1.435598 0.200742 -0.305007
v -1.434896 0.011032 0.322912
v -1.437682 -0.081443 0.253731
v -1.432519 -0.087007 0.332623
v -1.433750 -0.140008 0.320585
v -1.437682 -0.081443 0.253731
v -1.433120 -0.228379 0.315574
v -1.433452 -0.179812 0.319372
v -1.431544 -0.217582 0.328633
v -1.433800 -0.187072 -0.091173
v -1.426814 -0.313415 -0.095268
v -1.437397 -0.190062 -0.019132
v -1.430934 -0.317236 -0.023032
v -1.414387 -0.378096 -0.097339
v -1.430934 -0.317236 -0.023032
v -1.418176 -0.382968 -0.025042
v -1.421369 -0.324453 0.338208
v -1.431130 -0.280593 0.315014
v -1.432663 -0.281194 0.285363
v -1.421263 -0.356601 0.310137
v -1.433120 -0.228379 0.315574
v -1.432663 -0.281194 0.285363
v -1.437682 -0.081443 0.253731
v -1.414466 -0.384262 0.133931
v -1.390087 -0.399215 0.103352
v -1.397484 -0.409332 0.135278
v -1.404868 -0.379132 0.103719
v -1.436670 0.135297 -0.120078
v -1.436670 0.135297 -0.120078
v -1.435662 0.251297 -0.154167
v -1.434734 0.094529 -0.159862
v -1.437345 0.263499 0.064885
v -1.441324 0.137735 -0.009074
v -1.439973 0.139958 -0.079938
v -1.440042 0.135608 0.061794
v -1.440149 -0.026306 -0.014108
v -1.437626 -0.023849 -0.085709
v -1.437696 -0.028244 0.057512
v -1.436798 0.127023 0.102616
v -1.431406 -0.034898 0.095463
v -1.440149 -0.026306 -0.014108
v -1.433870 -0.191495 0.052962
v -1.437397 -0.190062 -0.019132
v -1.431290 -0.027538 -0.123489
v -1.439973 0.139958 -0.079938
v -1.433800 -0.187072 -0.091173
v -1.440149 -0.026306 -0.014108
v -1.437397 -0.190062 -0.019132
v -1.436334 0.259273 0.105091
v -1.440042 0.135608 0.061794
v -1.436798 0.127023 0.102616
v -1.435881 0.236954 0.146409
v -1.435051 0.073588 0.147096
v -1.425942 0.328629 0.105857
v -1.437345 0.263499 0.064885
v -1.407732 0.354333 0.131393
v -1.425947 0.324732 0.144434
v -1.436334 0.259273 0.105091
v -1.435881 0.236954 0.146409
v -1.435881 0.236954 0.146409
v -1.435051 0.073588 0.147096
v -1.436343 0.208257 0.215491
v -1.437682 -0.081443 0.253731
v -1.434734 0.094529 -0.159862
v -1.426875 -0.064933 -0.146670
v -1.431290 -0.027538 -0.123489
v -1.436670 0.135297 -0.120078
v -1.426885 -0.317851 0.049308
v -1.433870 -0.191495 0.052962
v -1.437397 -0.190062 -0.019132
v -1.430934 -0.317236 -0.023032
v -1.430934 -0.317236 -0.023032
v -1.414458 -0.382538 0.047422
v -1.418176 -0.382968 -0.025042
v -1.434734 0.094529 -0.159862
v -1.435662 0.251297 -0.154167
v -1.435962 0.233382 -0.219676
v -1.436580 -0.020138 -0.248459
v -1.431286 -0.298380 0.204381
v -1.437682 -0.081443 0.253731
v -1.428066 -0.184032 0.144956
v -1.425213 -0.313004 0.138979
v -1.436343 0.208257 0.215491
v -1.436100 0.175244 0.298997
v -1.434922 0.242366 0.267391
v -1.430900 -0.272983 -0.239650
v -1.430044 -0.302623 -0.291997
v -1.419295 -0.370669 -0.244394
v -1.420314 -0.362546 -0.310673
v -1.432313 -0.235051 -0.318751
v -1.430900 -0.272983 -0.239650
v -1.436580 -0.020138 -0.248459
v -1.430419 -0.326995 0.251864
v -1.419531 -0.385679 0.195734
v -1.420609 -0.381335 0.262173
v -1.431286 -0.298380 0.204381
v -1.432663 -0.281194 0.285363
v -1.431286 -0.298380 0.204381
v -1.437682 -0.081443 0.253731
v -1.436100 0.175244 0.298997
v -1.434896 0.011032 0.322912
v -1.434227 0.137537 0.327845
v -1.401417 -0.414287 0.201762
v -1.420609 -0.381335 0.262173
v -1.402564 -0.407037 0.276061
v -1.419531 -0.385679 0.195734
v -1.397484 -0.409332 0.135278
v -1.414466 -0.384262 0.133931
v -1.419531 -0.385679 0.195734
v -1.425213 -0.313004 0.138979
v -1.431286 -0.298380 0.204381
v -1.436798 0.127023 0.102616
v -1.431406 -0.034898 0.095463
v -1.435051 0.073588 0.147096
v -1.427078 -0.078224 0.119541
v -1.416602 -0.315708 0.085076
v -1.426885 -0.317851 0.049308
v -1.405083 -0.377096 0.083142
v -1.414458 -0.382538 0.047422
v -1.437682 -0.081443 0.253731
v -1.435051 0.073588 0.147096
v -1.427078 -0.078224 0.119541
v -1.428066 -0.184032 0.144956
v -1.424983 -0.298080 -0.180464
v -1.419295 -0.370669 -0.244394
v -1.414304 -0.373886 -0.183291
v -1.430900 -0.272983 -0.239650
v -1.414466 -0.384262 0.133931
v -1.425213 -0.313004 0.138979
v -1.414952 -0.327742 0.105413
v -1.404868 -0.379132 0.103719
v -1.431406 -0.034898 0.095463
v -1.424802 -0.193360 0.089084
v -1.427078 -0.078224 0.119541
v -1.418202 -0.211507 0.101199
v -1.434734 0.094529 -0.159862
v -1.436580 -0.020138 -0.248459
v -1.426875 -0.064933 -0.146670
v -1.427744 -0.162738 -0.173517
v -1.435598 0.200742 -0.305007
v -1.435962 0.233382 -0.219676
v -1.434548 0.266618 -0.272587
v -1.437696 -0.028244 0.057512
v -1.433870 -0.191495 0.052962
v -1.431406 -0.034898 0.095463
v -1.424802 -0.193360 0.089084
v -1.416602 -0.315708 0.085076
v -1.418202 -0.211507 0.101199
v -1.409909 -0.319041 0.095805
v -1.416602 -0.315708 0.085076
v -1.424802 -0.193360 0.089084
v -1.433870 -0.191495 0.052962
v -1.426885 -0.317851 0.049308
v -1.390056 -0.398598 0.082442
v -1.385770 -0.393464 0.093335
v -1.405083 -0.377096 0.083142
v -1.399373 -0.374116 0.094027
v -1.419704 -0.247412 0.109921
v -1.428066 -0.184032 0.144956
v -1.418202 -0.211507 0.101199
v -1.427078 -0.078224 0.119541
v -1.425213 -0.313004 0.138979
v -1.428066 -0.184032 0.144956
v -1.419704 -0.247412 0.109921
v -1.414952 -0.327742 0.105413
v -1.427744 -0.162738 -0.173517
v -1.430900 -0.272983 -0.239650
v -1.424983 -0.298080 -0.180464
v -1.436580 -0.020138 -0.248459
v -1.397185 -0.406599 0.046723
v -1.400009 -0.408014 -0.025798
v -1.390056 -0.398598 0.082442
v -1.414458 -0.382538 0.047422
v -1.405083 -0.377096 0.083142
v -1.397185 -0.406599 0.046723
v -1.418176 -0.382968 -0.025042
v -1.414458 -0.382538 0.047422
v -1.418176 -0.382968 -0.025042
v -1.397116 -0.402158 -0.098092
v -1.414387 -0.378096 -0.097339
v -1.397116 -0.402158 -0.098092
v -1.414387 -0.378096 -0.097339
v -1.389951 -0.391981 -0.133241
v -1.404977 -0.370473 -0.132648
v -1.390087 -0.399215 0.103352
v -1.404868 -0.379132 0.103719
v -1.385770 -0.393464 0.093335
v -1.399373 -0.374116 0.094027
v -1.416602 -0.315708 0.085076
v -1.399373 -0.374116 0.094027
v -1.409909 -0.319041 0.095805
v -1.405083 -0.377096 0.083142
v -1.418202 -0.211507 0.101199
v -1.409909 -0.319041 0.095805
v -1.419704 -0.247412 0.109921
v -1.414952 -0.327742 0.105413
v -1.404868 -0.379132 0.103719
v -1.414952 -0.327742 0.105413
v -1.399373 -0.374116 0.094027
v -1.409909 -0.319041 0.095805
v -1.404742 -0.371165 -0.153249
v -1.414304 -0.373886 -0.183291
v -1.389962 -0.391311 -0.154150
v -1.397328 -0.399450 -0.186649
v -1.427744 -0.162738 -0.173517
v -1.419546 -0.237283 -0.149750
v -1.418074 -0.203465 -0.140033
v -1.426875 -0.064933 -0.146670
v -1.414818 -0.319224 -0.151362
v -1.414304 -0.373886 -0.183291
v -1.404742 -0.371165 -0.153249
v -1.424983 -0.298080 -0.180464
v -1.427744 -0.162738 -0.173517
v -1.424983 -0.298080 -0.180464
v -1.419546 -0.237283 -0.149750
v -1.414818 -0.319224 -0.151362
v -1.015075 -0.395389 0.344187
v -1.024975 -0.356576 0.365573
v -1.024754 -0.390138 0.338439
v -1.015210 -0.360241 0.373068
v -1.409794 -0.311751 -0.141735
v -1.418074 -0.203465 -0.140033
v -1.419546 -0.237283 -0.149750
v -1.414818 -0.319224 -0.151362
v -1.399258 -0.366834 -0.143324
v -1.404742 -0.371165 -0.153249
v -1.385655 -0.386187 -0.143795
v -1.389962 -0.391311 -0.154150
v -1.399258 -0.366834 -0.143324
v -1.409794 -0.311751 -0.141735
v -1.414818 -0.319224 -0.151362
v -1.404742 -0.371165 -0.153249
v -0.815724 0.294501 0.431591
v -0.545731 0.296495 0.431782
v -0.816315 0.382891 0.345220
v -0.546323 0.384884 0.345413
v -0.815987 0.403677 -0.332118
v -0.545995 0.405670 -0.331927
v -0.815309 0.320750 -0.423744
v -0.545318 0.322743 -0.423553
v -0.815724 0.294501 0.431591
v -0.810898 -0.357419 0.411587
v -0.540906 -0.355427 0.411778
v -0.545731 0.296495 0.431782
v -0.810898 -0.357419 0.411587
v -0.540906 -0.355427 0.411778
v -0.540229 -0.438354 0.320152
v -0.810222 -0.440346 0.319961
v -0.539902 -0.417568 -0.357187
v -0.809894 -0.419559 -0.357379
v -0.540492 -0.329178 -0.443557
v -0.810485 -0.331170 -0.443748
v -0.540492 -0.329178 -0.443557
v -0.810485 -0.331170 -0.443748
v -0.815309 0.320750 -0.423744
v -0.545318 0.322743 -0.423553
v -0.815309 0.320750 -0.423744
v -0.810720 -0.303129 -0.404516
v -0.815112 0.290357 -0.386306
v -0.810485 -0.331170 -0.443748
v -0.815987 0.403677 -0.332118
v -0.809894 -0.419559 -0.357379
v -0.815729 0.365849 -0.302893
v -0.810181 -0.383595 -0.325889
v -0.816315 0.382891 0.345220
v -0.810481 -0.402517 0.290735
v -0.816027 0.346926 0.313732
v -0.810222 -0.440346 0.319961
v -0.815490 0.266460 0.392358
v -0.811096 -0.327025 0.374147
v -0.815724 0.294501 0.431591
v -0.810898 -0.357419 0.411587
v -0.810481 -0.402517 0.290735
v -0.811096 -0.327025 0.374147
v -0.582291 -0.016631 -0.005915
v -0.815490 0.266460 0.392358
v -0.810181 -0.383595 -0.325889
v -0.816027 0.346926 0.313732
v -0.810720 -0.303129 -0.404516
v -0.815729 0.365849 -0.302893
v -0.815112 0.290357 -0.386306
v 1.397656 0.268217 0.381985
v 1.344594 0.376386 0.322432
v 1.345176 0.289257 0.407571
v 1.397086 0.353473 0.298676
v 1.344900 0.395768 -0.309167
v 1.397369 0.371441 -0.286810
v 1.292561 0.401136 -0.317050
v 1.398022 0.291453 -0.375188
v 1.345568 0.314024 -0.399487
v 1.293212 0.321527 -0.405011
v -0.192305 0.310773 -0.406060
v -0.192954 0.390180 -0.318323
v -0.193268 0.370293 0.329741
v 1.292247 0.381263 0.330579
v 1.292815 0.296410 0.413493
v -0.192702 0.285654 0.412444
v -0.512360 0.336585 -0.440947
v -0.545030 0.322825 -0.424293
v -0.513065 0.422843 -0.345643
v -0.545707 0.405752 -0.332667
v -0.545444 0.296576 0.431042
v -0.546034 0.384966 0.344672
v -0.512790 0.309290 0.448539
v -0.513405 0.401228 0.358703
v -0.396117 0.423505 0.273965
v -0.395584 0.428494 0.259298
v -0.393640 0.424326 0.278292
v -0.360957 0.423712 0.274062
v -0.360423 0.428701 0.259393
v -0.358479 0.424534 0.278388
v -0.390974 0.374915 0.421170
v -0.395287 0.372697 0.421079
v -0.394852 0.382757 0.404541
v -0.388817 0.384155 0.404355
v -0.386553 0.372761 0.421084
v -0.355812 0.375087 0.421200
v -0.360125 0.372868 0.421108
v -0.359690 0.382928 0.404571
v -0.353655 0.384326 0.404386
v -0.351393 0.372932 0.421115
v -0.393640 0.424326 0.278292
v -0.391265 0.430174 0.257862
v -0.395584 0.428494 0.259298
v -0.395043 0.424455 0.240369
v -0.389004 0.425353 0.239305
v -0.386851 0.428558 0.259304
v -0.388701 0.423562 0.278929
v -0.358479 0.424534 0.278388
v -0.356104 0.430384 0.257960
v -0.360423 0.428701 0.259393
v -0.359881 0.424664 0.240464
v -0.353841 0.425561 0.239402
v -0.351690 0.428767 0.259399
v -0.353540 0.423771 0.279026
v -0.394852 0.382757 0.404541
v -0.390917 0.372088 0.391515
v -0.388817 0.384155 0.404355
v -0.359690 0.382928 0.404571
v -0.355754 0.372259 0.391545
v -0.353655 0.384326 0.404386
v -0.225247 0.338687 -0.440744
v -0.192815 0.299125 0.431291
v -0.225678 0.311389 0.448743
v -0.226292 0.403346 0.358887
v -0.193406 0.387569 0.344865
v -0.193079 0.408352 -0.332359
v -0.225951 0.424961 -0.345419
v -0.192401 0.325373 -0.424045
v -0.351089 0.424855 0.244270
v -0.351690 0.428767 0.259399
v -0.353841 0.425561 0.239402
v -0.350877 0.380478 0.407426
v -0.351393 0.372932 0.421115
v -0.353655 0.384326 0.404386
v -0.225247 0.338687 -0.440744
v -0.512360 0.336585 -0.440947
v -0.513065 0.422843 -0.345643
v -0.225951 0.424961 -0.345419
v -0.513405 0.401228 0.358703
v -0.226292 0.403346 0.358887
v -0.225678 0.311389 0.448743
v -0.512790 0.309290 0.448539
v -0.386250 0.424647 0.244172
v -0.386851 0.428558 0.259304
v -0.389004 0.425353 0.239305
v -0.386039 0.380306 0.407396
v -0.386553 0.372761 0.421084
v -0.388817 0.384155 0.404355
v 1.397656 0.268217 0.381985
v 1.345176 0.289257 0.407571
v 1.401826 -0.295299 0.364694
v 1.292815 0.296410 0.413493
v -0.192702 0.285654 0.412444
v 1.349676 -0.318642 0.388917
v 1.297428 -0.326917 0.394366
v -0.188085 -0.338089 0.393305
v -0.540618 -0.355345 0.411037
v -0.507773 -0.368622 0.427737
v -0.545444 0.296576 0.431042
v -0.512790 0.309290 0.448539
v -0.395752 0.358999 0.428324
v -0.395287 0.372697 0.421079
v -0.393250 0.356632 0.432022
v -0.394543 0.419038 0.246353
v -0.391047 0.407444 0.246572
v -0.391157 0.419618 0.247966
v -0.387437 0.420712 0.246939
v -0.360591 0.359171 0.428353
v -0.360125 0.372868 0.421108
v -0.358089 0.356803 0.432050
v -0.359380 0.419246 0.246451
v -0.355884 0.407652 0.246669
v -0.355995 0.419827 0.248063
v -0.352276 0.420922 0.247034
v -0.393250 0.356632 0.432022
v -0.390974 0.374915 0.421170
v -0.395287 0.372697 0.421079
v -0.386553 0.372761 0.421084
v -0.388308 0.355651 0.431935
v -0.358089 0.356803 0.432050
v -0.355812 0.375087 0.421200
v -0.360125 0.372868 0.421108
v -0.351393 0.372932 0.421115
v -0.353148 0.355823 0.431966
v -0.353540 0.423771 0.279026
v -0.355884 0.406516 0.278770
v -0.352027 0.406640 0.275942
v -0.358479 0.424534 0.278388
v -0.359492 0.406551 0.276912
v -0.353148 0.355823 0.431966
v -0.355518 0.343448 0.419947
v -0.359137 0.344738 0.418636
v -0.393640 0.424326 0.278292
v -0.393732 0.406316 0.278209
v -0.388701 0.423562 0.278929
v -0.387189 0.406433 0.275847
v -0.393250 0.356632 0.432022
v -0.393370 0.343594 0.419597
v -0.388308 0.355651 0.431935
v -0.187990 -0.352688 0.411291
v -0.220661 -0.366485 0.427943
v -0.192815 0.299125 0.431291
v -0.225678 0.311389 0.448743
v -0.225678 0.311389 0.448743
v -0.512790 0.309290 0.448539
v -0.220661 -0.366485 0.427943
v -0.507773 -0.368622 0.427737
v 1.397656 0.268217 0.381985
v 1.397086 0.353473 0.298676
v 1.402480 -0.375286 0.276314
v 1.401826 -0.295299 0.364694
v 1.397369 0.371441 -0.286810
v 1.402763 -0.357319 -0.309172
v 1.398022 0.291453 -0.375188
v 1.402193 -0.272062 -0.392480
v -0.187313 -0.435667 0.319606
v -0.186986 -0.414885 -0.357621
v -0.187124 -0.397608 -0.342495
v -0.187690 -0.312970 -0.425199
v -0.187437 -0.417496 0.305567
v -0.187577 -0.326439 -0.444045
v -0.188085 -0.338089 0.393305
v -0.192305 0.310773 -0.406060
v -0.187990 -0.352688 0.411291
v -0.192815 0.299125 0.431291
v -0.192702 0.285654 0.412444
v -0.193406 0.387569 0.344865
v -0.193268 0.370293 0.329741
v -0.193079 0.408352 -0.332359
v -0.192954 0.390180 -0.318323
v -0.192401 0.325373 -0.424045
v -0.351089 0.424855 0.244270
v -0.351690 0.428767 0.259399
v -0.351499 0.422970 0.275197
v -0.353540 0.423771 0.279026
v -0.352027 0.406640 0.275942
v -0.353841 0.425561 0.239402
v -0.352563 0.419525 0.271131
v -0.352299 0.407921 0.240194
v -0.352276 0.420922 0.247034
v -0.355884 0.407652 0.246669
v -0.350877 0.380478 0.407426
v -0.351393 0.372932 0.421115
v -0.351127 0.357874 0.428621
v -0.353148 0.355823 0.431966
v -0.351677 0.345488 0.417957
v -0.353655 0.384326 0.404386
v -0.352218 0.358157 0.423307
v -0.352134 0.370960 0.392845
v -0.352056 0.375715 0.406742
v -0.355685 0.366309 0.397384
v -0.352563 0.419525 0.271131
v -0.355908 0.406786 0.270892
v -0.352027 0.406640 0.275942
v -0.352218 0.358157 0.423307
v -0.355584 0.349051 0.414404
v -0.351677 0.345488 0.417957
v -0.387724 0.419316 0.271036
v -0.391071 0.406579 0.270797
v -0.387189 0.406433 0.275847
v -0.386250 0.424647 0.244172
v -0.386851 0.428558 0.259304
v -0.386662 0.422761 0.275102
v -0.388701 0.423562 0.278929
v -0.387189 0.406433 0.275847
v -0.389004 0.425353 0.239305
v -0.387724 0.419316 0.271036
v -0.387460 0.407714 0.240099
v -0.387437 0.420712 0.246939
v -0.391047 0.407444 0.246572
v -0.386039 0.380306 0.407396
v -0.386553 0.372761 0.421084
v -0.386291 0.357703 0.428592
v -0.388308 0.355651 0.431935
v -0.386839 0.345316 0.417927
v -0.388817 0.384155 0.404355
v -0.387379 0.357985 0.423277
v -0.387296 0.370788 0.392815
v -0.387216 0.375545 0.406712
v -0.390849 0.366139 0.397355
v -0.387379 0.357985 0.423277
v -0.390747 0.348879 0.414375
v -0.386839 0.345316 0.417927
v 1.402480 -0.375286 0.276314
v 1.401826 -0.295299 0.364694
v 1.350344 -0.400387 0.298597
v 1.402763 -0.357319 -0.309172
v 1.402193 -0.272062 -0.392480
v 1.350067 -0.293875 -0.418141
v 1.350650 -0.381004 -0.333001
v 1.298078 -0.406527 0.306406
v 1.298391 -0.386652 -0.341223
v 1.297825 -0.301798 -0.424137
v -0.187124 -0.397608 -0.342495
v -0.187690 -0.312970 -0.425199
v -0.187437 -0.417496 0.305567
v 1.349676 -0.318642 0.388917
v 1.297428 -0.326917 0.394366
v -0.188085 -0.338089 0.393305
v -0.540205 -0.329097 -0.444297
v -0.506728 -0.433264 -0.371912
v -0.539614 -0.417485 -0.357928
v -0.507343 -0.341325 -0.461749
v -0.507069 -0.454879 0.332433
v -0.539941 -0.438272 0.319411
v -0.540618 -0.355345 0.411037
v -0.507773 -0.368622 0.427737
v -0.394329 0.374711 0.405173
v -0.390849 0.366139 0.397355
v -0.390933 0.374034 0.406726
v -0.387216 0.375545 0.406712
v -0.359166 0.374882 0.405203
v -0.355685 0.366309 0.397384
v -0.355772 0.374205 0.406755
v -0.352056 0.375715 0.406742
v -0.353148 0.355823 0.431966
v -0.355518 0.343448 0.419947
v -0.351677 0.345488 0.417957
v -0.359137 0.344738 0.418636
v -0.358089 0.356803 0.432050
v -0.393370 0.343594 0.419597
v -0.388308 0.355651 0.431935
v -0.386839 0.345316 0.417927
v -0.187313 -0.435667 0.319606
v -0.186986 -0.414885 -0.357621
v -0.187577 -0.326439 -0.444045
v -0.219615 -0.431145 -0.371688
v -0.220230 -0.339188 -0.461544
v -0.219956 -0.452760 0.332618
v -0.187990 -0.352688 0.411291
v -0.220661 -0.366485 0.427943
v -0.395904 0.422007 0.259734
v -0.391163 0.418438 0.269084
v -0.394712 0.418100 0.271373
v -0.391157 0.419618 0.247966
v -0.394543 0.419038 0.246353
v -0.387437 0.420712 0.246939
v -0.387724 0.419316 0.271036
v -0.360742 0.422215 0.259831
v -0.356002 0.418645 0.269181
v -0.359552 0.418309 0.271470
v -0.355995 0.419827 0.248063
v -0.359380 0.419246 0.246451
v -0.352276 0.420922 0.247034
v -0.352563 0.419525 0.271131
v -0.395616 0.367680 0.416946
v -0.390830 0.358679 0.421270
v -0.390933 0.374034 0.406726
v -0.394329 0.374711 0.405173
v -0.387216 0.375545 0.406712
v -0.387379 0.357985 0.423277
v -0.360453 0.367851 0.416976
v -0.355669 0.358849 0.421300
v -0.355772 0.374205 0.406755
v -0.359166 0.374882 0.405203
v -0.352056 0.375715 0.406742
v -0.352218 0.358157 0.423307
v -0.507343 -0.341325 -0.461749
v -0.220230 -0.339188 -0.461544
v -0.506728 -0.433264 -0.371912
v -0.219615 -0.431145 -0.371688
v -0.219956 -0.452760 0.332618
v -0.507069 -0.454879 0.332433
v -0.220661 -0.366485 0.427943
v -0.507773 -0.368622 0.427737
v 1.398022 0.291453 -0.375188
v 1.345568 0.314024 -0.399487
v 1.402193 -0.272062 -0.392480
v 1.350067 -0.293875 -0.418141
v 1.297825 -0.301798 -0.424137
v -0.187690 -0.312970 -0.425199
v 1.293212 0.321527 -0.405011
v -0.192305 0.310773 -0.406060
v -0.540205 -0.329097 -0.444297
v -0.507343 -0.341325 -0.461749
v -0.512360 0.336585 -0.440947
v -0.545030 0.322825 -0.424293
v -0.394712 0.418100 0.271373
v -0.391071 0.406579 0.270797
v -0.391163 0.418438 0.269084
v -0.359881 0.424664 0.240464
v -0.359552 0.418309 0.271470
v -0.355908 0.406786 0.270892
v -0.356002 0.418645 0.269181
v -0.359765 0.407831 0.241165
v -0.355908 0.407969 0.238337
v -0.390830 0.358679 0.421270
v -0.390747 0.348879 0.414375
v -0.394368 0.356853 0.422721
v -0.355669 0.358849 0.421300
v -0.355584 0.349051 0.414404
v -0.359207 0.357022 0.422751
v -0.394852 0.382757 0.404541
v -0.390917 0.372088 0.391515
v -0.394757 0.370039 0.393496
v -0.388817 0.384155 0.404355
v -0.387296 0.370788 0.392815
v -0.395043 0.424455 0.240369
v -0.391071 0.407762 0.238242
v -0.394926 0.407625 0.241068
v -0.389004 0.425353 0.239305
v -0.387460 0.407714 0.240099
v -0.359690 0.382928 0.404571
v -0.355754 0.372259 0.391545
v -0.359596 0.370209 0.393524
v -0.353655 0.384326 0.404386
v -0.352134 0.370960 0.392845
v -0.359881 0.424664 0.240464
v -0.353841 0.425561 0.239402
v -0.355908 0.407969 0.238337
v -0.352299 0.407921 0.240194
v -0.187577 -0.326439 -0.444045
v -0.220230 -0.339188 -0.461544
v -0.225247 0.338687 -0.440744
v -0.192401 0.325373 -0.424045
v -0.395616 0.367680 0.416946
v -0.390830 0.358679 0.421270
v -0.394368 0.356853 0.422721
v -0.360453 0.367851 0.416976
v -0.355669 0.358849 0.421300
v -0.359207 0.357022 0.422751
v -0.356002 0.418645 0.269181
v -0.352563 0.419525 0.271131
v -0.355908 0.406786 0.270892
v -0.355669 0.358849 0.421300
v -0.352218 0.358157 0.423307
v -0.355584 0.349051 0.414404
v -0.225247 0.338687 -0.440744
v -0.512360 0.336585 -0.440947
v -0.507343 -0.341325 -0.461749
v -0.220230 -0.339188 -0.461544
v -0.391163 0.418438 0.269084
v -0.387724 0.419316 0.271036
v -0.391071 0.406579 0.270797
v -0.390830 0.358679 0.421270
v -0.387379 0.357985 0.423277
v -0.390747 0.348879 0.414375
v -0.395752 0.358999 0.428324
v -0.395287 0.372697 0.421079
v -0.394852 0.382757 0.404541
v -0.393250 0.356632 0.432022
v -0.393370 0.343594 0.419597
v -0.394368 0.356853 0.422721
v -0.390747 0.348879 0.414375
v -0.395616 0.367680 0.416946
v -0.394329 0.374711 0.405173
v -0.394757 0.370039 0.393496
v -0.396117 0.423505 0.273965
v -0.395584 0.428494 0.259298
v -0.395043 0.424455 0.240369
v -0.393640 0.424326 0.278292
v -0.393732 0.406316 0.278209
v -0.394712 0.418100 0.271373
v -0.391071 0.406579 0.270797
v -0.395904 0.422007 0.259734
v -0.394543 0.419038 0.246353
v -0.394926 0.407625 0.241068
v -0.391047 0.407444 0.246572
v -0.360591 0.359171 0.428353
v -0.360125 0.372868 0.421108
v -0.359690 0.382928 0.404571
v -0.358089 0.356803 0.432050
v -0.359137 0.344738 0.418636
v -0.359207 0.357022 0.422751
v -0.355584 0.349051 0.414404
v -0.360453 0.367851 0.416976
v -0.359166 0.374882 0.405203
v -0.359596 0.370209 0.393524
v -0.360957 0.423712 0.274062
v -0.360423 0.428701 0.259393
v -0.359881 0.424664 0.240464
v -0.358479 0.424534 0.278388
v -0.359492 0.406551 0.276912
v -0.359552 0.418309 0.271470
v -0.355908 0.406786 0.270892
v -0.360742 0.422215 0.259831
v -0.359380 0.419246 0.246451
v -0.359765 0.407831 0.241165
v -0.355884 0.407652 0.246669
v -0.394329 0.374711 0.405173
v -0.394757 0.370039 0.393496
v -0.390849 0.366139 0.397355
v -0.359166 0.374882 0.405203
v -0.359596 0.370209 0.393524
v -0.355685 0.366309 0.397384
v -0.418091 0.398094 0.383428
v -0.421095 0.394216 0.375186
v -0.373207 0.411694 0.370383
v -0.373179 0.408733 0.361259
v -0.325074 0.394925 0.375255
v -0.328145 0.398759 0.383493
v -0.387120 0.361239 0.420006
v -0.387181 0.370292 0.411082
v -0.392663 0.359561 0.421616
v -0.392744 0.371888 0.409463
v -0.385290 0.370864 0.410533
v -0.385222 0.360694 0.420557
v -0.394935 0.355591 0.425512
v -0.381639 0.371971 0.409471
v -0.395070 0.375827 0.405563
v -0.381557 0.359642 0.421624
v -0.436506 0.365929 0.414988
v -0.418091 0.398094 0.383428
v -0.417664 0.334040 0.446575
v -0.392797 0.379797 0.401666
v -0.392609 0.351652 0.429412
v -0.387255 0.381475 0.400057
v -0.387046 0.350055 0.431031
v -0.373207 0.411694 0.370383
v -0.372602 0.321105 0.459683
v -0.381692 0.379879 0.401675
v -0.381503 0.351733 0.429420
v -0.364343 0.380534 0.401165
v -0.366617 0.376565 0.405064
v -0.358802 0.382215 0.399556
v -0.379365 0.375942 0.405573
v -0.328145 0.398759 0.383493
v -0.353237 0.380617 0.401173
v -0.364291 0.372628 0.408963
v -0.350912 0.376680 0.405074
v -0.309303 0.366868 0.415078
v -0.364208 0.360298 0.421114
v -0.358667 0.361979 0.419505
v -0.366481 0.356327 0.425012
v -0.358727 0.371030 0.410581
v -0.379231 0.355705 0.425523
v -0.353103 0.360381 0.421124
v -0.364156 0.352392 0.428912
v -0.353185 0.372709 0.408971
v -0.350777 0.356444 0.425024
v -0.327717 0.334704 0.446638
v -0.358592 0.350794 0.430530
v -0.353050 0.352473 0.428920
v -0.373159 0.421874 0.195809
v -0.364523 0.420365 0.239630
v -0.358969 0.420488 0.237334
v -0.381875 0.420209 0.240357
v -0.366824 0.420149 0.245175
v -0.328193 0.421537 0.214457
v -0.353418 0.420446 0.239636
v -0.351120 0.420265 0.245187
v -0.379577 0.420027 0.245908
v -0.387426 0.420251 0.238055
v -0.418140 0.420873 0.214394
v -0.392981 0.420128 0.240349
v -0.395282 0.419911 0.245897
v -0.309585 0.420061 0.259415
v -0.436788 0.419122 0.259324
v -0.353422 0.420048 0.250734
v -0.392985 0.419730 0.251447
v -0.353430 0.419427 0.268035
v -0.351133 0.419245 0.273585
v -0.358982 0.419469 0.265731
v -0.328233 0.418310 0.304348
v -0.358976 0.419923 0.253029
v -0.353434 0.419029 0.279132
v -0.358989 0.418905 0.281427
v -0.364527 0.419965 0.250727
v -0.373215 0.417310 0.322933
v -0.364536 0.419345 0.268027
v -0.364540 0.418947 0.279124
v -0.381879 0.419811 0.251455
v -0.381888 0.419191 0.268755
v -0.366838 0.419129 0.273573
v -0.385539 0.419729 0.252967
v -0.379589 0.419008 0.274306
v -0.385545 0.419218 0.267238
v -0.381891 0.418791 0.279853
v -0.387439 0.419233 0.266453
v -0.387446 0.418668 0.282148
v -0.387433 0.419688 0.253750
v -0.418180 0.417646 0.304284
v -0.392993 0.419109 0.268748
v -0.392998 0.418710 0.279845
v -0.395294 0.418891 0.274295
v -0.392609 0.360376 0.396728
v -0.392744 0.371888 0.409463
v -0.387044 0.358780 0.398346
v -0.387181 0.370292 0.411082
v -0.385290 0.370864 0.410533
v -0.381639 0.371971 0.409471
v -0.381503 0.360458 0.396736
v -0.392473 0.340140 0.416677
v -0.392609 0.351652 0.429412
v -0.386909 0.338544 0.418295
v -0.387046 0.350055 0.431031
v -0.381503 0.351733 0.429420
v -0.381368 0.340222 0.416685
v -0.417664 0.334040 0.446575
v -0.327717 0.334704 0.446638
v -0.324617 0.326541 0.442666
v -0.372602 0.321105 0.459683
v -0.372532 0.312026 0.456592
v -0.420638 0.325833 0.442598
v -0.364536 0.419345 0.268027
v -0.364408 0.402205 0.267411
v -0.358854 0.402328 0.265117
v -0.353430 0.419427 0.268035
v -0.358982 0.419469 0.265731
v -0.353303 0.402287 0.267420
v -0.392993 0.419109 0.268748
v -0.392824 0.401996 0.267391
v -0.387439 0.419233 0.266453
v -0.387270 0.402118 0.265097
v -0.385545 0.419218 0.267238
v -0.381718 0.402077 0.267399
v -0.381888 0.419191 0.268755
v -0.358704 0.370173 0.387341
v -0.364343 0.380534 0.401165
v -0.364246 0.368495 0.388951
v -0.358802 0.382215 0.399556
v -0.353237 0.380617 0.401173
v -0.353141 0.368577 0.388960
v -0.392981 0.420128 0.240349
v -0.392811 0.403014 0.238993
v -0.387426 0.420251 0.238055
v -0.387258 0.403137 0.236698
v -0.381875 0.420209 0.240357
v -0.381706 0.403097 0.239000
v -0.418180 0.417646 0.304284
v -0.418052 0.400507 0.303668
v -0.421155 0.408944 0.307010
v -0.328233 0.418310 0.304348
v -0.328106 0.401170 0.303732
v -0.325134 0.409652 0.307078
v -0.373153 0.408586 0.326918
v -0.373215 0.417310 0.322933
v -0.373088 0.400170 0.322317
v -0.364208 0.360298 0.421114
v -0.364111 0.348259 0.408901
v -0.358569 0.349937 0.407290
v -0.353103 0.360381 0.421124
v -0.358667 0.361979 0.419505
v -0.353006 0.348340 0.408909
v -0.364523 0.420365 0.239630
v -0.358842 0.403348 0.236719
v -0.358969 0.420488 0.237334
v -0.353418 0.420446 0.239636
v -0.364396 0.403223 0.239012
v -0.353291 0.403306 0.239021
v -0.325074 0.394925 0.375255
v -0.328145 0.398759 0.383493
v -0.328047 0.386719 0.371276
v -0.304958 0.360880 0.408973
v -0.309303 0.366868 0.415078
v -0.309205 0.354827 0.402863
v -0.327717 0.334704 0.446638
v -0.327620 0.322662 0.434422
v -0.324617 0.326541 0.442666
v -0.364414 0.401805 0.278509
v -0.364540 0.418947 0.279124
v -0.366710 0.401989 0.272960
v -0.366838 0.419129 0.273573
v -0.364536 0.419345 0.268027
v -0.364408 0.402205 0.267411
v -0.392993 0.419109 0.268748
v -0.395125 0.401780 0.272939
v -0.392824 0.401996 0.267391
v -0.395294 0.418891 0.274295
v -0.392828 0.401596 0.278488
v -0.392998 0.418710 0.279845
v -0.392609 0.360376 0.396728
v -0.395070 0.375827 0.405563
v -0.392744 0.371888 0.409463
v -0.394935 0.364315 0.392829
v -0.392797 0.379797 0.401666
v -0.392661 0.368284 0.388931
v -0.394799 0.344078 0.412776
v -0.392663 0.359561 0.421616
v -0.394935 0.355591 0.425512
v -0.392526 0.348048 0.408880
v -0.392473 0.340140 0.416677
v -0.392609 0.351652 0.429412
v -0.364343 0.380534 0.401165
v -0.364246 0.368495 0.388951
v -0.366519 0.364525 0.392847
v -0.366617 0.376565 0.405064
v -0.364291 0.372628 0.408963
v -0.364193 0.360586 0.396748
v -0.395282 0.419911 0.245897
v -0.392816 0.402616 0.250089
v -0.395113 0.402799 0.244540
v -0.392985 0.419730 0.251447
v -0.392981 0.420128 0.240349
v -0.392811 0.403014 0.238993
v -0.328193 0.421537 0.214457
v -0.328067 0.404397 0.213841
v -0.325090 0.413100 0.211116
v -0.305226 0.411522 0.259112
v -0.309585 0.420061 0.259415
v -0.309458 0.402921 0.258801
v -0.328233 0.418310 0.304348
v -0.328106 0.401170 0.303732
v -0.325134 0.409652 0.307078
v -0.364058 0.340350 0.416697
v -0.364156 0.352392 0.428912
v -0.366383 0.344287 0.412796
v -0.366481 0.356327 0.425012
v -0.364208 0.360298 0.421114
v -0.364111 0.348259 0.408901
v -0.364523 0.420365 0.239630
v -0.364396 0.403223 0.239012
v -0.366698 0.403008 0.244561
v -0.366824 0.420149 0.245175
v -0.364527 0.419965 0.250727
v -0.364401 0.402826 0.250111
v -0.417566 0.321999 0.434358
v -0.327620 0.322662 0.434422
v -0.324617 0.326541 0.442666
v -0.372504 0.309065 0.447468
v -0.372532 0.312026 0.456592
v -0.420638 0.325833 0.442598
v -0.392797 0.379797 0.401666
v -0.392661 0.368284 0.388931
v -0.387255 0.381475 0.400057
v -0.387119 0.369964 0.387321
v -0.381555 0.368367 0.388939
v -0.381692 0.379879 0.401675
v -0.436660 0.401983 0.258710
v -0.395125 0.401780 0.272939
v -0.418052 0.400507 0.303668
v -0.392828 0.401596 0.278488
v -0.387276 0.401555 0.280792
v -0.392824 0.401996 0.267391
v -0.373088 0.400170 0.322317
v -0.381724 0.401679 0.278497
v -0.392816 0.402616 0.250089
v -0.395113 0.402799 0.244540
v -0.387264 0.402575 0.252393
v -0.418012 0.403733 0.213778
v -0.387270 0.402118 0.265097
v -0.392811 0.403014 0.238993
v -0.381718 0.402077 0.267399
v -0.387258 0.403137 0.236698
v -0.373031 0.404732 0.195192
v -0.381706 0.403097 0.239000
v -0.364396 0.403223 0.239012
v -0.379409 0.402913 0.244552
v -0.358842 0.403348 0.236719
v -0.366698 0.403008 0.244561
v -0.328067 0.404397 0.213841
v -0.353291 0.403306 0.239021
v -0.350993 0.403124 0.244572
v -0.381710 0.402699 0.250098
v -0.364401 0.402826 0.250111
v -0.309458 0.402921 0.258801
v -0.353295 0.402908 0.250119
v -0.353303 0.402287 0.267420
v -0.358849 0.402784 0.252414
v -0.351006 0.402104 0.272970
v -0.358854 0.402328 0.265117
v -0.328106 0.401170 0.303732
v -0.353308 0.401888 0.278517
v -0.358862 0.401765 0.280812
v -0.364414 0.401805 0.278509
v -0.366710 0.401989 0.272960
v -0.379421 0.401895 0.272950
v -0.364408 0.402205 0.267411
v -0.392526 0.348048 0.408880
v -0.394799 0.344078 0.412776
v -0.394935 0.364315 0.392829
v -0.392609 0.360376 0.396728
v -0.386985 0.349727 0.407271
v -0.387044 0.358780 0.398346
v -0.381503 0.360458 0.396736
v -0.381420 0.348131 0.408888
v -0.436408 0.353888 0.402773
v -0.417994 0.386054 0.371213
v -0.417566 0.321999 0.434358
v -0.392661 0.368284 0.388931
v -0.392473 0.340140 0.416677
v -0.387119 0.369964 0.387321
v -0.386909 0.338544 0.418295
v -0.373109 0.399653 0.358168
v -0.372504 0.309065 0.447468
v -0.381555 0.368367 0.388939
v -0.381368 0.340222 0.416685
v -0.364246 0.368495 0.388951
v -0.366519 0.364525 0.392847
v -0.358704 0.370173 0.387341
v -0.379230 0.364430 0.392840
v -0.328047 0.386719 0.371276
v -0.353141 0.368577 0.388960
v -0.350814 0.364640 0.392858
v -0.364193 0.360586 0.396748
v -0.309205 0.354827 0.402863
v -0.350680 0.344403 0.412808
v -0.353087 0.360667 0.396756
v -0.327620 0.322662 0.434422
v -0.353006 0.348340 0.408909
v -0.352952 0.340431 0.416705
v -0.358569 0.349937 0.407290
v -0.358494 0.338753 0.418315
v -0.358630 0.358990 0.398366
v -0.364111 0.348259 0.408901
v -0.364058 0.340350 0.416697
v -0.366383 0.344287 0.412796
v -0.379094 0.344194 0.412787
v -0.392663 0.359561 0.421616
v -0.392526 0.348048 0.408880
v -0.387120 0.361239 0.420006
v -0.386985 0.349727 0.407271
v -0.381420 0.348131 0.408888
v -0.385222 0.360694 0.420557
v -0.381557 0.359642 0.421624
v -0.421095 0.394216 0.375186
v -0.373179 0.408733 0.361259
v -0.373109 0.399653 0.358168
v -0.325074 0.394925 0.375255
v -0.417994 0.386054 0.371213
v -0.328047 0.386719 0.371276
v -0.364414 0.401805 0.278509
v -0.364540 0.418947 0.279124
v -0.358989 0.418905 0.281427
v -0.358862 0.401765 0.280812
v -0.353308 0.401888 0.278517
v -0.353434 0.419029 0.279132
v -0.392828 0.401596 0.278488
v -0.392998 0.418710 0.279845
v -0.387446 0.418668 0.282148
v -0.387276 0.401555 0.280792
v -0.381891 0.418791 0.279853
v -0.381724 0.401679 0.278497
v -0.364291 0.372628 0.408963
v -0.364193 0.360586 0.396748
v -0.358727 0.371030 0.410581
v -0.358630 0.358990 0.398366
v -0.353185 0.372709 0.408971
v -0.353087 0.360667 0.396756
v -0.392816 0.402616 0.250089
v -0.392985 0.419730 0.251447
v -0.387433 0.419688 0.253750
v -0.387264 0.402575 0.252393
v -0.385539 0.419729 0.252967
v -0.381710 0.402699 0.250098
v -0.381879 0.419811 0.251455
v -0.418140 0.420873 0.214394
v -0.421113 0.412390 0.211048
v -0.373093 0.413458 0.191207
v -0.373159 0.421874 0.195809
v -0.418012 0.403733 0.213778
v -0.373031 0.404732 0.195192
v -0.328193 0.421537 0.214457
v -0.328067 0.404397 0.213841
v -0.325090 0.413100 0.211116
v -0.364058 0.340350 0.416697
v -0.364156 0.352392 0.428912
v -0.358592 0.350794 0.430530
v -0.358494 0.338753 0.418315
v -0.352952 0.340431 0.416705
v -0.353050 0.352473 0.428920
v -0.364527 0.419965 0.250727
v -0.353422 0.420048 0.250734
v -0.364401 0.402826 0.250111
v -0.353295 0.402908 0.250119
v -0.358976 0.419923 0.253029
v -0.358849 0.402784 0.252414
v -0.436506 0.365929 0.414988
v -0.418091 0.398094 0.383428
v -0.440753 0.359877 0.408878
v -0.417664 0.334040 0.446575
v -0.421095 0.394216 0.375186
v -0.417994 0.386054 0.371213
v -0.436408 0.353888 0.402773
v -0.417566 0.321999 0.434358
v -0.420638 0.325833 0.442598
v -0.353308 0.401888 0.278517
v -0.353434 0.419029 0.279132
v -0.351006 0.402104 0.272970
v -0.351133 0.419245 0.273585
v -0.353430 0.419427 0.268035
v -0.353303 0.402287 0.267420
v -0.381718 0.402077 0.267399
v -0.381888 0.419191 0.268755
v -0.381891 0.418791 0.279853
v -0.379421 0.401895 0.272950
v -0.381724 0.401679 0.278497
v -0.379589 0.419008 0.274306
v -0.381639 0.371971 0.409471
v -0.381555 0.368367 0.388939
v -0.381503 0.360458 0.396736
v -0.381692 0.379879 0.401675
v -0.379365 0.375942 0.405573
v -0.379230 0.364430 0.392840
v -0.381420 0.348131 0.408888
v -0.381503 0.351733 0.429420
v -0.381557 0.359642 0.421624
v -0.381368 0.340222 0.416685
v -0.379094 0.344194 0.412787
v -0.379231 0.355705 0.425523
v -0.353237 0.380617 0.401173
v -0.353141 0.368577 0.388960
v -0.350814 0.364640 0.392858
v -0.350912 0.376680 0.405074
v -0.353185 0.372709 0.408971
v -0.353087 0.360667 0.396756
v -0.381710 0.402699 0.250098
v -0.381875 0.420209 0.240357
v -0.381879 0.419811 0.251455
v -0.381706 0.403097 0.239000
v -0.379577 0.420027 0.245908
v -0.379409 0.402913 0.244552
v -0.436788 0.419122 0.259324
v -0.418140 0.420873 0.214394
v -0.441020 0.410520 0.259015
v -0.418180 0.417646 0.304284
v -0.421113 0.412390 0.211048
v -0.418012 0.403733 0.213778
v -0.436660 0.401983 0.258710
v -0.418052 0.400507 0.303668
v -0.421155 0.408944 0.307010
v -0.352952 0.340431 0.416705
v -0.353050 0.352473 0.428920
v -0.350680 0.344403 0.412808
v -0.350777 0.356444 0.425024
v -0.353103 0.360381 0.421124
v -0.353006 0.348340 0.408909
v -0.353418 0.420446 0.239636
v -0.353291 0.403306 0.239021
v -0.350993 0.403124 0.244572
v -0.351120 0.420265 0.245187
v -0.353422 0.420048 0.250734
v -0.353295 0.402908 0.250119
vn -0.3149 0.5695 -0.7593
vn -0.3008 0.9000 -0.3153
vn -0.0816 0.9443 -0.3188
vn -0.0852 0.5971 -0.7976
vn -0.0039 0.9480 -0.3181
vn -0.0066 0.6025 -0.7981
vn -0.0092 0.9465 -0.3225
vn -0.6845 0.4279 -0.5902
vn -0.6797 0.6944 -0.2362
vn -0.3010 0.9000 -0.3153
vn -0.3150 0.5695 -0.7593
vn -0.0815 0.9443 -0.3188
vn -0.0262 0.9476 -0.3185
vn -0.0177 0.6024 -0.7980
vn -0.0065 0.6025 -0.7981
vn -0.0176 0.6024 -0.7980
vn -0.6797 0.6945 -0.2361
vn -0.6609 0.7499 -0.0299
vn -0.2637 0.9634 -0.0474
vn -0.3010 0.9001 -0.3151
vn -0.3008 0.9001 -0.3152
vn -0.2636 0.9635 -0.0474
vn -0.0670 0.9967 -0.0448
vn -0.0816 0.9444 -0.3186
vn -0.6861 0.6810 0.2559
vn -0.2669 0.9580 0.1046
vn -0.6667 0.7407 0.0832
vn -0.2984 0.8883 0.3491
vn -0.6851 0.4318 0.5867
vn -0.2984 0.8883 0.3492
vn -0.6861 0.6810 0.2560
vn -0.3182 0.5679 0.7591
vn -0.6667 0.7407 0.0831
vn -0.2601 0.9647 0.0420
vn -0.6586 0.7511 0.0462
vn -0.2669 0.9580 0.1045
vn -0.0645 0.9970 0.0420
vn -0.2667 0.9581 0.1045
vn -0.0720 0.9919 0.1048
vn -0.2599 0.9647 0.0420
vn -0.3181 0.5679 0.7591
vn -0.0815 0.9316 0.3543
vn -0.2982 0.8883 0.3493
vn -0.0856 0.5939 0.8000
vn -0.2982 0.8883 0.3491
vn -0.2667 0.9581 0.1046
vn -0.0815 0.9316 0.3542
vn -0.0133 0.9998 0.0170
vn -0.0084 0.9994 0.0332
vn -0.0080 0.9997 0.0225
vn -0.0115 0.9990 -0.0432
vn -0.0039 0.9481 -0.3180
vn -0.0092 0.9466 -0.3223
vn -0.0020 0.6010 0.7992
vn -0.0083 0.9397 0.3420
vn 0.0028 0.9395 0.3424
vn -0.0074 0.6048 0.7964
vn -0.0021 0.5973 0.8020
vn -0.0029 0.9377 0.3475
vn -0.0087 0.9358 0.3524
vn -0.0020 0.6010 0.7993
vn -0.0198 0.9358 0.3520
vn -0.0190 0.5941 0.8042
vn -0.0131 0.6012 0.7990
vn -0.0021 0.6010 0.7992
vn -0.0029 0.9377 0.3474
vn -0.0107 0.9948 0.1017
vn -0.0087 0.9359 0.3523
vn -0.0029 0.9378 0.3473
vn -0.0049 0.9953 0.0965
vn 0.0028 0.9396 0.3423
vn -0.0087 0.9989 0.0460
vn 0.0028 0.9396 0.3422
vn -0.0083 0.9397 0.3419
vn -0.0132 0.6013 0.7989
vn -0.0083 0.9397 0.3418
vn -0.0198 0.9359 0.3518
vn -0.0088 0.9990 0.0439
vn -0.0200 0.9989 0.0435
vn -0.0084 0.9994 0.0331
vn -0.0087 0.9989 0.0458
vn -0.0089 0.9990 0.0441
vn -0.0638 0.9978 0.0184
vn -0.0191 0.9996 0.0222
vn -0.0191 0.9996 0.0221
vn -0.0115 0.9990 -0.0431
vn -0.0227 0.9988 -0.0435
vn -0.0190 0.9996 0.0221
vn -0.0815 0.9444 -0.3186
vn -0.0262 0.9476 -0.3184
vn -0.0218 0.9946 0.1013
vn -0.0218 0.9946 0.1014
vn -0.0200 0.9989 0.0436
vn -0.6428 0.7653 0.0334
vn -0.2596 0.9655 0.0185
vn -0.6411 0.7671 0.0227
vn -0.2600 0.9647 0.0420
vn -0.6532 0.7571 0.0070
vn -0.2597 0.9655 0.0185
vn -0.6609 0.7499 -0.0298
vn -0.6532 0.7572 0.0070
vn -0.2597 0.9655 0.0184
vn -0.0639 0.9978 0.0184
vn -0.2595 0.9656 0.0184
vn -0.6851 0.4316 0.5868
vn -0.6412 0.1195 0.7580
vn -0.2836 0.1450 0.9479
vn -0.3182 0.5678 0.7592
vn 0.4540 -0.7255 0.5172
vn 0.3215 -0.4100 0.8536
vn 0.3239 -0.7687 0.5516
vn 0.4609 -0.3924 0.7960
vn 0.1545 -0.7997 0.5802
vn 0.4609 -0.3923 0.7960
vn 0.1630 -0.4489 0.8786
vn -0.2834 0.1450 0.9480
vn -0.0672 0.1541 0.9858
vn -0.3181 0.5678 0.7592
vn -0.0856 0.5938 0.8001
vn -0.0006 0.1528 0.9883
vn -0.0074 0.6046 0.7965
vn -0.0020 0.6009 0.7994
vn -0.0671 0.1541 0.9858
vn -0.0117 0.1531 0.9881
vn -0.0855 0.5938 0.8001
vn -0.0190 0.5939 0.8043
vn -0.0020 0.6009 0.7993
vn -0.0021 0.5972 0.8021
vn -0.0190 0.5940 0.8043
vn -0.0006 0.1529 0.9882
vn -0.0131 0.6011 0.7991
vn -0.6716 -0.3439 0.6563
vn -0.6882 -0.5793 0.4367
vn -0.3043 -0.4420 0.8438
vn -0.3129 -0.7536 0.5781
vn 0.0965 -0.4302 0.8976
vn 0.3238 -0.7687 0.5516
vn 0.3214 -0.4100 0.8536
vn 0.0987 -0.8133 0.5735
vn -0.6303 -0.1393 0.7638
vn -0.6716 -0.3438 0.6564
vn -0.2732 -0.1690 0.9470
vn -0.3042 -0.4419 0.8439
vn -0.6052 -0.0011 0.7961
vn -0.2585 0.0058 0.9660
vn -0.2835 0.1449 0.9480
vn 0.0965 -0.4300 0.8977
vn 0.3214 -0.4099 0.8536
vn 0.0780 -0.0881 0.9931
vn 0.2742 -0.1028 0.9562
vn -0.6068 -0.0496 0.7933
vn -0.6302 -0.1392 0.7638
vn -0.2612 -0.0578 0.9636
vn -0.2732 -0.1689 0.9470
vn -0.6038 -0.0269 0.7967
vn -0.2548 -0.0260 0.9667
vn -0.6069 -0.0495 0.7933
vn -0.2595 -0.0350 0.9651
vn -0.2612 -0.0577 0.9635
vn -0.6037 -0.0269 0.7967
vn -0.5964 -0.0273 0.8022
vn -0.5965 -0.0273 0.8022
vn -0.0656 -0.4509 0.8902
vn -0.3041 -0.4420 0.8439
vn -0.3128 -0.7536 0.5781
vn -0.0691 -0.7899 0.6094
vn 0.0069 -0.4304 0.9026
vn 0.0986 -0.8133 0.5734
vn 0.0039 -0.8161 0.5779
vn 0.0068 -0.4304 0.9026
vn -0.0854 -0.8138 0.5748
vn -0.0931 -0.4281 0.8989
vn 0.1802 -0.4485 0.8754
vn 0.1991 -0.7853 0.5862
vn -0.2238 -0.7920 0.5680
vn -0.2433 -0.4408 0.8640
vn 0.0850 -0.4515 0.8882
vn 0.1990 -0.7853 0.5862
vn 0.1802 -0.4485 0.8755
vn 0.0982 -0.7905 0.6046
vn 0.2742 -0.1027 0.9562
vn 0.0573 0.0166 0.9982
vn 0.0780 -0.0880 0.9931
vn 0.1970 -0.0186 0.9802
vn 0.0124 -0.4521 0.8919
vn 0.0144 -0.7969 0.6040
vn -0.2731 -0.1690 0.9470
vn -0.3041 -0.4419 0.8439
vn -0.0573 -0.1745 0.9830
vn -0.0656 -0.4508 0.8902
vn 0.0125 -0.4521 0.8919
vn 0.0981 -0.7905 0.6045
vn 0.0849 -0.4515 0.8882
vn -0.2834 0.1449 0.9480
vn -0.2584 0.0058 0.9660
vn -0.0597 0.0024 0.9982
vn -0.0672 0.1540 0.9858
vn -0.0835 -0.0864 0.9927
vn -0.0931 -0.4280 0.8990
vn 0.0001 -0.0793 0.9969
vn 0.0069 -0.4303 0.9027
vn 0.0002 -0.0793 0.9968
vn 0.0779 -0.0881 0.9931
vn 0.0850 -0.4514 0.8883
vn 0.1801 -0.4483 0.8755
vn 0.0820 -0.1832 0.9797
vn 0.1708 -0.1886 0.9671
vn 0.1119 -0.0553 0.9922
vn 0.0293 -0.0144 0.9995
vn 0.0095 -0.1758 0.9844
vn 0.0849 -0.4514 0.8883
vn 0.0819 -0.1832 0.9797
vn 0.0124 -0.4519 0.8920
vn -0.0040 0.0088 1.0000
vn -0.0006 0.1527 0.9883
vn 0.0018 0.0104 0.9999
vn -0.0117 0.1529 0.9882
vn -0.0150 0.0090 0.9998
vn -0.0040 0.0087 1.0000
vn -0.2611 -0.0578 0.9636
vn -0.2731 -0.1689 0.9470
vn -0.0552 -0.0552 0.9969
vn -0.0573 -0.1744 0.9830
vn -0.2583 0.0058 0.9660
vn -0.2546 -0.0260 0.9667
vn -0.0601 -0.0234 0.9979
vn -0.0596 0.0024 0.9982
vn -0.2593 -0.0350 0.9652
vn -0.2611 -0.0577 0.9636
vn -0.0603 -0.0309 0.9977
vn -0.0786 -0.1183 0.9899
vn -0.0050 -0.0548 0.9985
vn -0.0178 -0.1437 0.9895
vn 0.0438 -0.1206 0.9917
vn 0.0990 -0.1440 0.9846
vn -0.0177 -0.1438 0.9895
vn -0.0349 -0.1750 0.9840
vn -0.1011 -0.1331 0.9859
vn -0.0349 -0.1736 0.9842
vn 0.1441 -0.1267 0.9814
vn 0.1708 -0.1885 0.9671
vn 0.0609 -0.0891 0.9942
vn 0.0820 -0.1831 0.9797
vn -0.0151 0.0090 0.9998
vn -0.0671 0.1540 0.9858
vn -0.0600 -0.0234 0.9979
vn -0.0101 -0.0228 0.9997
vn 0.0003 -0.0639 0.9980
vn 0.0045 -0.1441 0.9896
vn -0.0562 -0.1112 0.9922
vn -0.0219 -0.0559 0.9982
vn 0.0003 -0.0640 0.9980
vn 0.0115 -0.0566 0.9983
vn 0.0548 -0.1130 0.9921
vn 0.0549 -0.1131 0.9921
vn 0.1440 -0.1267 0.9814
vn 0.0207 -0.1759 0.9842
vn 0.0550 -0.1361 0.9892
vn 0.0206 -0.1757 0.9842
vn 0.2732 -0.0798 0.9586
vn 0.1972 -0.0186 0.9802
vn 0.3855 -0.1319 0.9132
vn 0.2744 -0.1027 0.9561
vn 0.2744 -0.1028 0.9561
vn 0.4609 -0.3922 0.7961
vn 0.3855 -0.1321 0.9132
vn 0.3215 -0.4098 0.8536
vn 0.2731 -0.0798 0.9587
vn 0.1120 -0.0553 0.9922
vn 0.0447 -0.0723 0.9964
vn 0.0549 -0.1127 0.9921
vn 0.0548 -0.1361 0.9892
vn -0.1174 -0.1335 0.9841
vn 0.0206 -0.1759 0.9842
vn -0.1944 -0.1211 0.9734
vn 0.0044 -0.1441 0.9895
vn -0.1559 -0.0907 0.9836
vn -0.1945 -0.1211 0.9734
vn -0.2614 -0.0985 0.9602
vn -0.2295 -0.1884 0.9549
vn -0.2614 -0.0986 0.9602
vn -0.3242 -0.1786 0.9290
vn -0.2293 -0.1884 0.9549
vn 0.1211 -0.1822 0.9758
vn 0.0549 -0.1360 0.9892
vn 0.2732 -0.0799 0.9586
vn 0.3855 -0.1320 0.9132
vn 0.1630 -0.4488 0.8786
vn 0.1212 -0.1823 0.9758
vn 0.1210 -0.1823 0.9758
vn 0.1629 -0.4489 0.8786
vn -0.2294 -0.1885 0.9549
vn -0.2430 -0.4476 0.8606
vn -0.2295 -0.1885 0.9549
vn -0.2431 -0.4476 0.8606
vn -0.3242 -0.1787 0.9290
vn -0.3479 -0.4295 0.8333
vn 0.0549 -0.1130 0.9921
vn 0.0115 -0.0565 0.9983
vn 0.0063 -0.0323 0.9995
vn -0.0572 -0.1744 0.9830
vn 0.0095 -0.1756 0.9844
vn -0.0049 -0.0472 0.9989
vn 0.0095 -0.1757 0.9844
vn -0.0572 -0.1745 0.9830
vn -0.0656 -0.4507 0.8902
vn 0.0124 -0.4520 0.8919
vn 0.0062 -0.0474 0.9989
vn 0.0114 -0.0718 0.9974
vn 0.0387 -0.0888 0.9953
vn 0.0608 -0.0891 0.9942
vn 0.0064 -0.0323 0.9995
vn 0.0293 -0.0145 0.9995
vn -0.0040 0.0012 1.0000
vn -0.0047 -0.0320 0.9995
vn 0.0292 -0.0145 0.9995
vn 0.0819 -0.1831 0.9797
vn 0.0011 -0.0231 0.9997
vn 0.0011 -0.0230 0.9997
vn -0.0100 -0.0228 0.9997
vn 0.0018 0.0103 0.9999
vn 0.0292 -0.0144 0.9995
vn -0.0040 0.0013 1.0000
vn -0.0048 -0.0396 0.9992
vn -0.0602 -0.0309 0.9977
vn -0.0050 -0.0472 0.9989
vn 0.0063 -0.0322 0.9995
vn 0.0113 -0.0718 0.9974
vn -0.0049 -0.0396 0.9992
vn -0.0041 0.0012 1.0000
vn -0.0322 -0.0148 0.9994
vn -0.0539 0.0115 0.9985
vn -0.0048 -0.0320 0.9995
vn -0.0444 -0.0707 0.9965
vn 0.0001 -0.0792 0.9969
vn -0.0835 -0.0863 0.9928
vn 0.0779 -0.0880 0.9931
vn -0.1167 -0.0600 0.9914
vn -0.2096 -0.0227 0.9775
vn -0.0540 0.0115 0.9985
vn -0.2891 -0.1039 0.9517
vn -0.3357 -0.4092 0.8485
vn -0.0836 -0.0864 0.9927
vn -0.0932 -0.4280 0.8990
vn -0.3237 -0.7700 0.5499
vn -0.3357 -0.4093 0.8484
vn -0.2891 -0.1038 0.9517
vn -0.0836 -0.0863 0.9928
vn -0.2433 -0.4406 0.8641
vn 0.1802 -0.4483 0.8755
vn -0.1798 -0.1841 0.9663
vn -0.4871 -0.1317 0.8633
vn -0.5657 -0.3710 0.7364
vn -0.1798 -0.1840 0.9663
vn -0.1013 -0.1331 0.9859
vn -0.1799 -0.1840 0.9663
vn -0.3480 -0.0820 0.9339
vn -0.4871 -0.1316 0.8634
vn -0.1948 -0.1288 0.9723
vn -0.0351 -0.1750 0.9839
vn -0.1948 -0.1288 0.9724
vn 0.1544 -0.7997 0.5802
vn -0.2430 -0.4478 0.8605
vn -0.2514 -0.7773 0.5768
vn -0.2097 -0.0228 0.9775
vn -0.1167 -0.0600 0.9913
vn -0.3479 -0.0820 0.9339
vn -0.1948 -0.1287 0.9724
vn -0.2892 -0.1038 0.9516
vn -0.4870 -0.1315 0.8634
vn -0.5520 -0.6781 0.4852
vn -0.3358 -0.4093 0.8484
vn -0.5657 -0.3712 0.7363
vn -0.3238 -0.7699 0.5499
vn -0.3358 -0.4092 0.8484
vn -0.2893 -0.1038 0.9516
vn -0.2514 -0.7772 0.5768
vn -0.3479 -0.4297 0.8333
vn -0.2431 -0.4477 0.8605
vn -0.3568 -0.7415 0.5683
vn -0.6763 -0.4005 -0.6183
vn -0.2893 -0.8828 -0.3700
vn -0.6720 -0.6894 -0.2704
vn -0.3045 -0.5223 -0.7965
vn -0.3044 -0.5224 -0.7965
vn -0.0628 -0.9226 -0.3806
vn -0.0741 -0.5447 -0.8353
vn -0.0069 -0.9254 -0.3788
vn -0.0124 -0.5443 -0.8388
vn 0.0046 -0.5412 -0.8409
vn -0.0070 -0.9255 -0.3788
vn -0.0627 -0.9226 -0.3805
vn -0.0740 -0.5447 -0.8353
vn -0.0124 -0.5444 -0.8388
vn -0.0069 -0.9255 -0.3788
vn -0.0007 -0.9189 -0.3946
vn -0.0070 -0.9254 -0.3788
vn 0.0045 -0.5412 -0.8409
vn 0.2985 -0.9320 0.2057
vn 0.4540 -0.7256 0.5171
vn 0.3239 -0.7688 0.5514
vn 0.4111 -0.8894 0.2000
vn 0.1545 -0.7998 0.5801
vn 0.1183 -0.9678 0.2221
vn -0.6182 -0.7860 -0.0064
vn -0.2153 -0.8719 -0.4398
vn -0.5598 -0.6987 -0.4455
vn -0.2253 -0.9740 -0.0228
vn 0.2863 -0.9581 0.0138
vn 0.4111 -0.8894 0.1999
vn 0.2985 -0.9320 0.2056
vn 0.3974 -0.9175 0.0187
vn 0.0905 -0.9728 0.2134
vn 0.3238 -0.7688 0.5514
vn 0.0987 -0.8134 0.5733
vn 0.2984 -0.9320 0.2057
vn -0.2835 -0.9278 0.2423
vn -0.3129 -0.7537 0.5780
vn -0.6883 -0.5794 0.4366
vn -0.6610 -0.7286 0.1795
vn 0.0087 -0.9989 -0.0460
vn 0.0084 -0.9994 -0.0332
vn -0.0023 -0.9990 -0.0443
vn 0.0053 -0.9942 -0.1073
vn -0.0170 -0.9940 -0.1081
vn 0.0047 -0.9212 -0.3891
vn 0.0053 -0.9942 -0.1074
vn -0.0007 -0.9189 -0.3944
vn 0.0047 -0.9211 -0.3893
vn 0.0045 -0.5413 -0.8408
vn -0.6457 -0.7631 -0.0291
vn -0.2314 -0.9599 0.1581
vn -0.6130 -0.7706 0.1747
vn -0.2511 -0.9659 -0.0629
vn -0.6719 -0.6895 -0.2703
vn -0.2511 -0.9659 -0.0630
vn -0.6456 -0.7631 -0.0292
vn -0.2893 -0.8829 -0.3699
vn -0.1499 -0.9600 0.2367
vn 0.2222 -0.9721 -0.0746
vn 0.0137 -0.9873 0.1586
vn -0.0330 -0.9986 0.0418
vn 0.2622 -0.9587 -0.1103
vn 0.2224 -0.9721 -0.0747
vn 0.3451 -0.9367 -0.0587
vn 0.2169 -0.9399 -0.2638
vn -0.2254 -0.9740 -0.0228
vn -0.0555 -0.9076 -0.4161
vn -0.2152 -0.8719 -0.4398
vn -0.0641 -0.9975 -0.0301
vn -0.3128 -0.7537 0.5780
vn -0.2834 -0.9279 0.2423
vn -0.0555 -0.9687 0.2421
vn -0.0691 -0.7900 0.6092
vn -0.0329 -0.9986 0.0417
vn 0.2223 -0.9721 -0.0747
vn 0.0582 -0.9980 -0.0262
vn -0.6340 -0.7731 -0.0205
vn -0.2492 -0.9685 0.0026
vn -0.2835 -0.9279 0.2422
vn -0.2307 -0.9493 -0.2135
vn -0.2491 -0.9685 0.0025
vn -0.6340 -0.7730 -0.0206
vn -0.6041 -0.7638 -0.2272
vn 0.0950 -0.9649 0.2446
vn 0.1990 -0.7854 0.5861
vn 0.0982 -0.7906 0.6044
vn 0.2129 -0.9510 0.2242
vn 0.0065 -0.9770 0.2130
vn 0.0986 -0.8134 0.5733
vn 0.0039 -0.8162 0.5778
vn 0.0904 -0.9728 0.2134
vn -0.0853 -0.8140 0.5746
vn 0.0065 -0.9770 0.2129
vn 0.0039 -0.8162 0.5777
vn -0.0712 -0.9750 0.2104
vn -0.0554 -0.9687 0.2421
vn 0.0112 -0.9697 0.2442
vn 0.0144 -0.7970 0.6038
vn 0.0950 -0.9650 0.2446
vn 0.2861 -0.9581 0.0138
vn 0.0905 -0.9728 0.2133
vn 0.0853 -0.9963 0.0060
vn 0.2984 -0.9320 0.2056
vn -0.2892 -0.8829 -0.3699
vn -0.0519 -0.9966 -0.0641
vn -0.2509 -0.9660 -0.0630
vn -0.0627 -0.9227 -0.3804
vn -0.2152 -0.8720 -0.4397
vn -0.0584 -0.9783 -0.1990
vn -0.2359 -0.9492 -0.2081
vn -0.0556 -0.9077 -0.4160
vn -0.0339 -0.9941 -0.1032
vn -0.0069 -0.9255 -0.3786
vn -0.0174 -0.9951 -0.0972
vn -0.0174 -0.9951 -0.0973
vn -0.0066 -0.9963 -0.0861
vn -0.3237 -0.7700 0.5498
vn -0.2983 -0.9311 0.2098
vn -0.0713 -0.9750 0.2104
vn -0.0854 -0.8139 0.5746
vn -0.0070 -0.9973 -0.0735
vn -0.0070 -0.9255 -0.3786
vn -0.5406 -0.6960 -0.4726
vn -0.2307 -0.9493 -0.2136
vn -0.6041 -0.7638 -0.2273
vn -0.2039 -0.8693 -0.4502
vn -0.0473 -0.9983 -0.0350
vn -0.0915 -0.9947 -0.0470
vn -0.1965 -0.9777 -0.0746
vn -0.0039 -1.0000 0.0007
vn -0.0146 -0.9998 -0.0103
vn -0.0850 -0.9935 -0.0758
vn -0.1547 -0.9766 -0.1493
vn -0.0273 -0.9909 -0.1316
vn -0.0616 -0.9639 -0.2589
vn -0.1548 -0.9766 -0.1493
vn -0.2414 -0.9700 -0.0286
vn -0.1966 -0.9777 -0.0746
vn -0.1921 -0.9808 -0.0348
vn -0.0204 -0.9851 -0.1707
vn -0.0616 -0.9639 -0.2590
vn -0.0357 -0.9347 -0.3537
vn -0.0555 -0.9077 -0.4160
vn -0.0583 -0.9783 -0.1989
vn -0.0419 -0.9987 -0.0294
vn -0.0751 -0.9967 -0.0306
vn -0.0752 -0.9967 -0.0306
vn -0.1920 -0.9808 -0.0349
vn -0.1547 -0.9766 -0.1494
vn 0.2168 -0.9399 -0.2638
vn 0.0899 -0.9856 -0.1435
vn 0.0989 -0.9202 -0.3788
vn 0.2620 -0.9587 -0.1104
vn 0.0138 -0.9872 0.1586
vn 0.2168 -0.9399 -0.2639
vn 0.0743 -0.9972 0.0056
vn 0.0393 -0.9924 -0.1170
vn 0.0742 -0.9972 0.0056
vn 0.2168 -0.9399 -0.2640
vn 0.0990 -0.9201 -0.3790
vn -0.2834 -0.9279 0.2422
vn -0.2490 -0.9685 0.0026
vn -0.0486 -0.9988 0.0098
vn -0.0555 -0.9687 0.2420
vn 0.1182 -0.9679 0.2219
vn 0.0956 -0.9950 0.0299
vn -0.2664 -0.9629 0.0439
vn -0.2605 -0.9384 0.2271
vn 0.3973 -0.9175 0.0187
vn 0.0950 -0.9650 0.2445
vn 0.0905 -0.9956 0.0245
vn 0.2129 -0.9510 0.2240
vn 0.2073 -0.9779 0.0277
vn 0.0072 -1.0000 0.0011
vn 0.0065 -0.9771 0.2128
vn -0.0711 -0.9974 0.0116
vn -0.0712 -0.9750 0.2103
vn 0.0904 -0.9728 0.2133
vn 0.0112 -0.9697 0.2440
vn 0.0127 -0.9999 0.0090
vn -0.0554 -0.9687 0.2420
vn -0.2360 -0.9492 -0.2080
vn -0.0530 -0.9982 -0.0298
vn -0.2413 -0.9700 -0.0286
vn -0.0584 -0.9783 -0.1988
vn -0.0204 -0.9851 -0.1706
vn -0.0085 -0.9996 -0.0284
vn -0.5611 -0.7248 0.3997
vn -0.2141 -0.8970 0.3867
vn -0.6146 -0.7877 -0.0431
vn -0.2256 -0.9736 -0.0335
vn -0.0027 -0.9994 -0.0335
vn -0.0024 -0.9990 -0.0443
vn -0.2490 -0.9685 0.0025
vn -0.2306 -0.9493 -0.2135
vn -0.0473 -0.9790 -0.1985
vn 0.0080 -0.9997 -0.0225
vn 0.0026 -0.9996 -0.0280
vn 0.0079 -0.9997 -0.0225
vn -0.0027 -0.9994 -0.0336
vn -0.0849 -0.9935 -0.0758
vn -0.0089 -0.9998 -0.0177
vn 0.0072 -1.0000 0.0010
vn 0.0212 -0.9957 0.0905
vn 0.0211 -0.9957 0.0905
vn -0.0067 -0.9578 0.2874
vn -0.0068 -0.9955 0.0949
vn 0.0490 -0.9550 0.2926
vn -0.0241 -0.9466 0.3215
vn -0.0187 -0.9925 0.1211
vn -0.0068 -0.9955 0.0948
vn 0.0100 -0.9959 0.0902
vn -0.0187 -0.9925 0.1210
vn -0.0085 -0.9996 -0.0283
vn -0.0527 -0.9883 0.1432
vn -0.2370 -0.9594 0.1528
vn -0.0528 -0.9883 0.1432
vn -0.2413 -0.9700 -0.0285
vn -0.6121 -0.7741 0.1616
vn -0.2414 -0.9700 -0.0285
vn -0.2371 -0.9594 0.1528
vn -0.6235 -0.7815 -0.0226
vn -0.5612 -0.7248 0.3997
vn -0.6122 -0.7740 0.1616
vn -0.2371 -0.9594 0.1529
vn -0.2142 -0.8970 0.3866
vn -0.6116 -0.7629 -0.2095
vn -0.2361 -0.9492 -0.2080
vn -0.5598 -0.6987 -0.4454
vn -0.2361 -0.9492 -0.2081
vn -0.6115 -0.7629 -0.2096
vn -0.2153 -0.8720 -0.4397
vn -0.6146 -0.7877 -0.0429
vn -0.2039 -0.8693 -0.4503
vn -0.5405 -0.6960 -0.4726
vn -0.0344 -0.9954 0.0889
vn -0.0064 -0.9964 0.0846
vn -0.0917 -0.9955 -0.0256
vn -0.0918 -0.9954 -0.0257
vn -0.0474 -0.9983 -0.0350
vn 0.0128 -0.9999 0.0089
vn 0.0015 -0.9873 -0.1591
vn 0.0668 -0.9916 -0.1104
vn 0.2073 -0.9779 0.0276
vn 0.1772 -0.9818 -0.0679
vn -0.1489 -0.9886 0.0221
vn -0.1583 -0.9863 -0.0468
vn -0.0472 -0.9790 -0.1985
vn 0.0014 -0.9873 -0.1590
vn 0.0127 -0.9999 0.0089
vn -0.0485 -0.9988 0.0097
vn -0.4852 -0.8743 0.0160
vn -0.5086 -0.8409 0.1852
vn -0.1491 -0.9886 0.0221
vn -0.1609 -0.9636 0.2134
vn 0.2074 -0.9779 0.0277
vn 0.2130 -0.9510 0.2240
vn -0.1491 -0.9886 0.0220
vn -0.1585 -0.9863 -0.0468
vn -0.4405 -0.8958 -0.0582
vn 0.2130 -0.9510 0.2242
vn -0.1609 -0.9636 0.2135
vn -0.5086 -0.8408 0.1854
vn -0.5520 -0.6782 0.4851
vn -0.2509 -0.9660 -0.0629
vn -0.0583 -0.9887 0.1380
vn -0.2313 -0.9600 0.1581
vn -0.0519 -0.9966 -0.0640
vn -0.2665 -0.9628 0.0439
vn -0.2704 -0.9627 -0.0088
vn -0.3530 -0.9356 -0.0095
vn -0.3614 -0.9313 0.0453
vn 0.0580 -0.9980 -0.0261
vn -0.3333 -0.9425 0.0254
vn -0.2835 -0.9576 0.0511
vn -0.0331 -0.9986 0.0417
vn 0.0957 -0.9950 0.0299
vn 0.2863 -0.9580 0.0137
vn 0.0853 -0.9963 0.0059
vn 0.2620 -0.9587 -0.1103
vn 0.2861 -0.9581 0.0137
vn 0.0899 -0.9856 -0.1433
vn 0.0212 -0.9957 0.0906
vn 0.0100 -0.9959 0.0903
vn 0.0768 -0.9504 0.3014
vn 0.0604 -0.9582 0.2796
vn 0.0503 -0.9694 0.2402
vn 0.0605 -0.9582 0.2797
vn 0.0398 -0.9761 0.2136
vn 0.0068 -0.9799 0.1996
vn 0.0047 -0.9964 0.0850
vn -0.0268 -0.9769 0.2119
vn -0.0065 -0.9964 0.0847
vn -0.0443 -0.9692 0.2424
vn 0.0047 -0.9964 0.0849
vn -0.0448 -0.9986 -0.0294
vn -0.0598 -0.9785 0.1975
vn -0.0751 -0.9967 -0.0304
vn -0.0346 -0.9548 0.2953
vn -0.1920 -0.9808 -0.0347
vn -0.0752 -0.9967 -0.0304
vn -0.1509 -0.9842 0.0926
vn -0.0640 -0.9975 -0.0301
vn -0.0358 -0.9346 -0.3538
vn -0.0280 -0.9978 0.0603
vn -0.0767 -0.9969 0.0167
vn -0.0768 -0.9969 0.0166
vn -0.0924 -0.9954 -0.0234
vn -0.0339 -0.9941 -0.1031
vn -0.0280 -0.9978 0.0604
vn -0.1817 -0.9833 0.0104
vn -0.0416 -0.9983 -0.0401
vn -0.0028 -0.9994 -0.0335
vn -0.0416 -0.9983 -0.0402
vn -0.1818 -0.9833 0.0104
vn -0.0918 -0.9954 -0.0256
vn -0.0223 -0.9931 -0.1153
vn 0.0060 -0.9914 -0.1306
vn -0.0796 -0.9234 -0.3755
vn 0.0050 -0.9167 -0.3995
vn 0.0989 -0.9201 -0.3790
vn 0.0051 -0.9167 -0.3995
vn 0.0061 -0.9914 -0.1306
vn 0.0051 -0.9168 -0.3993
vn 0.0069 -0.9883 -0.1523
vn 0.0898 -0.9856 -0.1435
vn -0.0796 -0.9234 -0.3754
vn -0.0714 -0.9870 -0.1438
vn -0.0147 -0.9998 -0.0103
vn -0.0713 -0.9750 0.2102
vn -0.2815 -0.9594 0.0145
vn -0.2983 -0.9311 0.2097
vn -0.2140 -0.8971 0.3866
vn -0.2370 -0.9594 0.1529
vn -0.0528 -0.9883 0.1434
vn -0.0587 -0.9298 0.3633
vn 0.0667 -0.9916 -0.1105
vn 0.0015 -0.9872 -0.1592
vn -0.0139 -0.9394 -0.3426
vn 0.0258 -0.9768 -0.2125
vn 0.1106 -0.9912 -0.0727
vn 0.1771 -0.9818 -0.0679
vn 0.0668 -0.9916 -0.1105
vn -0.0223 -0.9931 -0.1151
vn -0.0711 -0.9974 0.0117
vn -0.2038 -0.8694 -0.4502
vn -0.0473 -0.9789 -0.1987
vn -0.2306 -0.9493 -0.2136
vn -0.3121 -0.9470 -0.0761
vn -0.1154 -0.9933 -0.0004
vn 0.1107 -0.9912 -0.0727
vn -0.1153 -0.9933 -0.0005
vn -0.1153 -0.9933 -0.0004
vn 0.1107 -0.9912 -0.0726
vn 0.0799 -0.9792 0.1866
vn 0.0111 -0.9697 0.2440
vn -0.3119 -0.9471 -0.0760
vn -0.0760 -0.9810 0.1787
vn 0.0799 -0.9792 0.1867
vn 0.0491 -0.9549 0.2928
vn 0.0768 -0.9503 0.3016
vn -0.2605 -0.9594 -0.1079
vn -0.2817 -0.9594 0.0144
vn -0.4405 -0.8959 -0.0582
vn -0.2815 -0.9594 0.0144
vn -0.2604 -0.9595 -0.1079
vn -0.0714 -0.9870 -0.1437
vn 0.0898 -0.9856 -0.1434
vn -0.0527 -0.9883 0.1434
vn -0.0242 -0.9466 0.3215
vn -0.0662 -0.9973 0.0302
vn -0.1699 -0.9740 0.1498
vn -0.1793 -0.9797 0.0892
vn -0.1442 -0.9596 0.2416
vn -0.0663 -0.9973 0.0302
vn -0.0616 -0.9957 0.0696
vn -0.0662 -0.9973 0.0301
vn -0.0616 -0.9957 0.0695
vn -0.0344 -0.9955 0.0888
vn 0.0060 -0.9914 -0.1305
vn 0.0068 -0.9798 0.1997
vn 0.0061 -0.9914 -0.1305
vn 0.0392 -0.9924 -0.1169
vn 0.0014 -0.9872 -0.1592
vn -0.0472 -0.9789 -0.1987
vn -0.0140 -0.9394 -0.3427
vn -0.0759 -0.9809 0.1789
vn 0.0604 -0.9582 0.2798
vn 0.0503 -0.9694 0.2403
vn -0.0783 -0.9604 0.2673
vn -0.0444 -0.9691 0.2424
vn -0.0758 -0.9809 0.1789
vn 0.0605 -0.9581 0.2798
vn -0.0007 -0.9971 0.0766
vn -0.0140 -0.9393 -0.3428
vn -0.0261 -0.9997 -0.0000
vn 0.0258 -0.9768 -0.2126
vn 0.1106 -0.9912 -0.0726
vn 0.0798 -0.9792 0.1865
vn -0.0183 -0.9940 0.1078
vn -0.0582 -0.9887 0.1382
vn -0.0582 -0.9887 0.1380
vn -0.0183 -0.9940 0.1077
vn -0.0070 -0.9973 -0.0734
vn -0.2116 -0.9382 -0.2738
vn -0.0797 -0.9234 -0.3754
vn -0.0241 -0.9465 0.3217
vn -0.0067 -0.9578 0.2875
vn -0.0008 -0.9970 0.0768
vn 0.0798 -0.9792 0.1867
vn -0.0009 -0.9970 0.0768
vn -0.0066 -0.9578 0.2875
vn 0.0490 -0.9549 0.2928
vn -0.0587 -0.9298 0.3634
vn -0.0587 -0.9298 0.3635
vn -0.0242 -0.9466 0.3216
vn -0.0269 -0.9769 0.2120
vn -0.0444 -0.9691 0.2425
vn 0.0392 -0.9924 -0.1170
vn 0.0742 -0.9972 0.0057
vn -0.0784 -0.9604 0.2673
vn -0.2257 -0.9736 -0.0335
vn -0.2038 -0.8693 -0.4503
vn -0.0783 -0.9604 0.2674
vn 0.0137 -0.9872 0.1588
vn -0.5454 -0.7187 0.4314
vn -0.6130 -0.7705 0.1748
vn -0.2314 -0.9599 0.1582
vn -0.2094 -0.8942 0.3957
vn -0.2117 -0.9382 -0.2738
vn -0.3120 -0.9470 -0.0761
vn -0.0223 -0.9931 -0.1152
vn -0.2116 -0.9382 -0.2739
vn -0.1510 -0.9842 0.0925
vn -0.1921 -0.9808 -0.0347
vn 0.1544 -0.7998 0.5801
vn 0.1181 -0.9678 0.2221
vn -0.2604 -0.9384 0.2272
vn -0.2514 -0.7774 0.5766
vn -0.2514 -0.7773 0.5766
vn -0.3535 -0.9046 0.2382
vn -0.3568 -0.7416 0.5681
vn -0.2605 -0.9383 0.2272
vn -0.5085 -0.8409 0.1852
vn -0.2984 -0.9311 0.2097
vn -0.2985 -0.9311 0.2098
vn -0.3238 -0.7700 0.5498
vn -0.5085 -0.8409 0.1854
vn -0.2117 -0.9382 -0.2737
vn -0.2093 -0.8942 0.3957
vn -0.2313 -0.9599 0.1582
vn -0.0583 -0.9887 0.1382
vn -0.0784 -0.9604 0.2675
vn -0.1443 -0.9596 0.2418
vn 0.0137 -0.9872 0.1587
vn -0.1500 -0.9599 0.2368
vn -0.1443 -0.9596 0.2417
vn -0.1699 -0.9740 0.1500
vn -0.2636 -0.9497 0.1692
vn -0.1500 -0.9599 0.2367
vn -0.2636 -0.9497 0.1691
vn -0.0331 -0.9986 0.0418
vn -0.2835 -0.9576 0.0512
vn -0.1793 -0.9797 0.0893
vn -0.2843 -0.9537 0.0981
vn -0.2836 -0.9576 0.0511
vn -0.5453 -0.7186 0.4315
vn -0.2094 -0.8942 0.3958
vn -0.6181 -0.7860 -0.0066
vn -0.3535 -0.9046 0.2381
vn -0.0346 -0.9548 0.2954
vn -0.2093 -0.8942 0.3958
vn -0.3149 0.5693 -0.7594
vn -0.2733 0.1663 -0.9474
vn -0.6845 0.4278 -0.5903
vn -0.6356 0.1271 -0.7615
vn -0.0852 0.5970 -0.7977
vn -0.0660 0.1670 -0.9837
vn -0.3149 0.5694 -0.7594
vn -0.2732 0.1663 -0.9475
vn -0.0154 0.1674 -0.9858
vn -0.0659 0.1670 -0.9837
vn -0.0176 0.6023 -0.7981
vn -0.0065 0.6024 -0.7982
vn -0.0066 0.6024 -0.7982
vn 0.0015 0.1679 -0.9858
vn -0.6282 -0.0924 -0.7726
vn -0.6110 0.0199 -0.7914
vn -0.2533 0.0313 -0.9669
vn -0.2718 -0.1107 -0.9560
vn -0.6110 0.0200 -0.7914
vn -0.6356 0.1270 -0.7615
vn -0.2533 0.0314 -0.9669
vn -0.2733 0.1662 -0.9475
vn 0.0015 0.1680 -0.9858
vn -0.0042 0.1673 -0.9859
vn -0.0122 0.0309 -0.9994
vn -0.0042 0.1671 -0.9859
vn -0.0010 0.0307 -0.9995
vn -0.0154 0.1673 -0.9858
vn -0.6762 -0.4004 -0.6184
vn -0.2718 -0.1108 -0.9560
vn -0.3045 -0.5222 -0.7966
vn -0.0659 0.1669 -0.9838
vn -0.0566 0.0317 -0.9979
vn -0.0010 0.0306 -0.9995
vn 0.0015 0.1678 -0.9858
vn -0.0660 0.1669 -0.9838
vn -0.2732 0.1662 -0.9475
vn -0.2531 0.0314 -0.9669
vn -0.2717 -0.1107 -0.9560
vn -0.2531 0.0313 -0.9669
vn -0.0654 -0.1109 -0.9917
vn -0.3044 -0.5222 -0.7966
vn -0.2716 -0.1108 -0.9560
vn -0.0654 -0.1110 -0.9917
vn -0.0741 -0.5446 -0.8354
vn 0.0019 -0.1011 -0.9949
vn 0.0046 -0.5411 -0.8410
vn 0.0019 -0.1012 -0.9949
vn -0.0653 -0.1109 -0.9917
vn -0.0122 0.0308 -0.9995
vn -0.0150 -0.1028 -0.9946
vn 0.0045 -0.5411 -0.8409
vn -0.0740 -0.5446 -0.8354
vn -0.0653 -0.1110 -0.9917
vn -0.0150 -0.1030 -0.9946
vn -0.0124 -0.5442 -0.8389
vn -0.0124 -0.5442 -0.8388
vn -0.9490 0.3135 0.0347
vn -0.6587 0.7510 0.0462
vn -0.9442 0.3270 0.0393
vn -0.6668 0.7405 0.0832
vn -0.9252 0.3794 0.0098
vn -0.6430 0.7652 0.0333
vn -0.6413 0.7670 0.0227
vn -0.9263 0.3763 0.0204
vn -0.9956 0.0911 -0.0208
vn -0.9252 0.3793 0.0098
vn -0.9307 0.3658 -0.0060
vn -0.9956 0.0870 -0.0337
vn -0.9949 0.1012 -0.0000
vn -0.9956 0.0910 -0.0208
vn -0.9985 0.0031 -0.0551
vn -0.9956 0.0869 -0.0337
vn -0.6846 0.4278 -0.5902
vn -0.9429 0.3162 -0.1046
vn -0.6798 0.6943 -0.2362
vn -0.9283 0.1873 -0.3212
vn -0.6430 0.7651 0.0334
vn -0.9311 0.3633 0.0338
vn -0.9981 0.0579 -0.0199
vn -0.9417 0.3362 -0.0105
vn -0.9453 0.3262 -0.0078
vn -0.9991 0.0421 0.0043
vn -0.6533 0.7570 0.0070
vn -0.6610 0.7498 -0.0299
vn -0.9452 0.3264 -0.0078
vn -0.9417 0.3363 -0.0105
vn -0.9306 0.3660 -0.0060
vn -0.9956 0.0870 -0.0338
vn -0.9418 0.3361 -0.0105
vn -0.6846 0.4277 -0.5903
vn -0.6358 0.1271 -0.7613
vn -0.9283 0.1872 -0.3213
vn -0.9057 0.0612 -0.4195
vn -0.9251 0.3795 0.0098
vn -0.9306 0.3660 -0.0059
vn -0.6798 0.6944 -0.2361
vn -0.9429 0.3163 -0.1046
vn -0.6358 0.1270 -0.7614
vn -0.6111 0.0200 -0.7913
vn -0.8905 0.0060 -0.4549
vn -0.6111 0.0199 -0.7913
vn -0.9028 -0.0525 -0.4268
vn -0.8905 0.0059 -0.4549
vn -0.6283 -0.0924 -0.7724
vn -0.9270 -0.1822 -0.3277
vn -0.9028 -0.0526 -0.4268
vn -0.6763 -0.4003 -0.6183
vn -0.9463 0.3029 0.1132
vn -0.9335 0.1827 0.3084
vn -0.6852 0.4317 0.5867
vn -0.6862 0.6809 0.2559
vn -0.6413 0.1195 0.7579
vn -0.6852 0.4316 0.5867
vn -0.9335 0.1826 0.3085
vn -0.9028 0.0541 0.4267
vn -0.6764 -0.4004 -0.6183
vn -0.6721 -0.6894 -0.2703
vn -0.9385 -0.3248 -0.1170
vn -0.9271 -0.1824 -0.3276
vn -0.8906 0.0059 -0.4548
vn -0.9029 -0.0525 -0.4267
vn -0.9871 -0.0131 -0.1593
vn -0.9895 -0.0015 -0.1442
vn -0.9883 0.0094 -0.1523
vn -0.8906 0.0059 -0.4547
vn -0.9058 0.0612 -0.4193
vn -0.6053 -0.0011 0.7960
vn -0.6413 0.1194 0.7579
vn -0.9028 0.0540 0.4267
vn -0.8756 -0.0060 0.4830
vn -0.5599 -0.6986 -0.4455
vn -0.8420 -0.3433 -0.4162
vn -0.6181 -0.7861 -0.0065
vn -0.9256 -0.3777 0.0242
vn -0.6717 -0.3437 0.6563
vn -0.6304 -0.1392 0.7637
vn -0.9181 -0.1857 0.3501
vn -0.8899 -0.0773 0.4496
vn -0.9993 0.0362 -0.0035
vn -0.9490 0.3134 0.0347
vn -0.9984 0.0536 0.0198
vn -0.9443 0.3268 0.0393
vn -0.9463 0.3030 0.1131
vn -0.9489 0.3135 0.0347
vn -0.6863 0.6809 0.2559
vn -0.6039 -0.0269 0.7966
vn -0.8702 -0.0247 0.4921
vn -0.8646 -0.0115 0.5023
vn -0.5966 -0.0273 0.8021
vn -0.6070 -0.0495 0.7932
vn -0.8755 -0.0379 0.4817
vn -0.6070 -0.0495 0.7931
vn -0.8755 -0.0379 0.4816
vn -0.8693 -0.0172 0.4940
vn -0.8711 -0.0322 0.4901
vn -0.9957 0.0300 -0.0871
vn -0.9284 0.1872 -0.3211
vn -0.6884 -0.5792 0.4366
vn -0.6717 -0.3438 0.6562
vn -0.9335 -0.2842 0.2187
vn -0.9181 -0.1858 0.3501
vn -0.9962 0.0796 -0.0362
vn -0.9429 0.3161 -0.1046
vn -0.9958 0.0300 -0.0870
vn -0.9204 -0.1008 -0.3779
vn -0.8421 -0.3432 -0.4162
vn -0.9928 -0.1199 -0.0065
vn -0.9029 -0.0525 -0.4266
vn -0.9955 -0.0460 -0.0824
vn -0.9271 -0.1822 -0.3276
vn -0.9972 -0.0670 0.0340
vn -0.9927 -0.1190 0.0171
vn -0.9335 -0.2841 0.2186
vn -0.9290 -0.3621 0.0762
vn -0.9335 -0.2843 0.2186
vn -0.9290 -0.3622 0.0763
vn -0.6611 -0.7285 0.1794
vn -0.6884 -0.5793 0.4366
vn -0.8712 -0.0322 0.4899
vn -0.8647 -0.0115 0.5022
vn -0.9682 -0.0203 0.2493
vn -0.9844 -0.0129 0.1753
vn -0.8756 -0.0379 0.4815
vn -0.8694 -0.0172 0.4939
vn -0.9703 -0.0094 0.2417
vn -0.9914 -0.0230 0.1292
vn -0.9204 -0.1007 -0.3779
vn -0.9671 -0.0425 -0.2509
vn -0.9945 -0.0521 -0.0904
vn -0.9928 -0.1198 -0.0065
vn -0.8757 -0.0060 0.4829
vn -0.9028 0.0540 0.4266
vn -0.9832 0.0096 0.1824
vn -0.9841 -0.0054 0.1777
vn -0.8703 -0.0247 0.4919
vn -0.9788 -0.0140 0.2043
vn -0.8647 -0.0115 0.5021
vn -0.9832 0.0097 0.1823
vn -0.9960 0.0331 0.0831
vn -0.9336 0.1826 0.3083
vn -0.9960 0.0801 0.0399
vn -0.9463 0.3028 0.1131
vn -0.9785 -0.1178 -0.1692
vn -0.8421 -0.3432 -0.4161
vn -0.9034 -0.3831 -0.1928
vn -0.9204 -0.1008 -0.3777
vn -0.6721 -0.6894 -0.2702
vn -0.6458 -0.7630 -0.0292
vn -0.9385 -0.3249 -0.1169
vn -0.9383 -0.3451 0.0229
vn -0.6131 -0.7705 0.1747
vn -0.6458 -0.7630 -0.0291
vn -0.9134 -0.3681 0.1736
vn -0.9921 -0.0366 0.1201
vn -0.8900 -0.0773 0.4494
vn -0.9703 -0.0095 0.2416
vn -0.9921 -0.0366 0.1200
vn -0.9862 -0.0709 0.1498
vn -0.9182 -0.1856 0.3500
vn -0.9914 -0.0231 0.1292
vn -0.8694 -0.0172 0.4938
vn -0.9682 -0.0204 0.2492
vn -0.9991 0.0421 0.0044
vn -0.9453 0.3262 -0.0077
vn -0.9962 0.0796 -0.0361
vn -0.9429 0.3161 -0.1045
vn -0.9490 0.3133 0.0346
vn -0.9271 -0.1822 -0.3275
vn -0.9386 -0.3247 -0.1169
vn -0.9950 -0.0960 -0.0283
vn -0.9955 -0.0460 -0.0823
vn -0.9671 -0.0425 -0.2508
vn -0.9204 -0.1007 -0.3778
vn -0.9891 -0.0350 -0.1431
vn -0.9785 -0.1177 -0.1692
vn -0.9922 -0.0343 -0.1197
vn -0.9952 -0.0167 -0.0964
vn -0.9981 -0.0412 -0.0459
vn -0.9945 -0.0522 -0.0904
vn -0.9999 -0.0121 -0.0073
vn -0.9914 -0.0230 0.1291
vn -0.9845 -0.0129 0.1752
vn -0.9683 -0.0203 0.2491
vn -0.9997 -0.0132 0.0217
vn -0.9872 -0.0131 -0.1592
vn -0.9896 -0.0015 -0.1441
vn -0.9883 0.0094 -0.1522
vn -0.9841 -0.0054 0.1775
vn -0.9788 -0.0140 0.2041
vn -0.9845 -0.0129 0.1751
vn -0.9703 -0.0094 0.2416
vn -0.9891 -0.0350 -0.1430
vn -0.9786 -0.1177 -0.1690
vn -0.9992 -0.0398 0.0015
vn -0.9034 -0.3831 -0.1927
vn -0.9785 -0.1178 -0.1690
vn -0.9168 -0.3990 -0.0169
vn -0.9862 -0.0710 0.1497
vn -0.9921 -0.0366 0.1199
vn -0.9862 -0.0709 0.1497
vn -0.9999 -0.0121 -0.0074
vn -0.9090 -0.3634 -0.2042
vn -0.5407 -0.6959 -0.4725
vn -0.6042 -0.7637 -0.2273
vn -0.8267 -0.3436 -0.4455
vn -0.9978 -0.0101 -0.0650
vn -0.9998 -0.0214 -0.0043
vn -0.9953 0.0944 0.0212
vn -0.9999 0.0103 -0.0002
vn -0.9987 0.0025 0.0501
vn -0.9999 -0.0139 -0.0019
vn -0.9952 -0.0167 -0.0963
vn -0.9953 -0.0278 0.0931
vn -0.9983 -0.0084 0.0582
vn -0.9934 -0.0407 0.1071
vn -0.9891 -0.0432 0.1406
vn -0.9953 -0.0279 0.0931
vn -0.9891 -0.0349 -0.1430
vn -0.9983 -0.0084 0.0583
vn -0.9953 0.0943 0.0212
vn -0.9311 0.3632 0.0337
vn -0.9263 0.3762 0.0204
vn -0.9311 0.3631 0.0337
vn -0.9998 -0.0216 -0.0045
vn -0.9998 -0.0215 -0.0043
vn -0.9981 -0.0413 -0.0458
vn -0.9922 -0.0344 -0.1197
vn -0.9791 -0.1241 0.1614
vn -0.9790 -0.1242 0.1614
vn -0.9025 -0.3980 0.1643
vn -0.9168 -0.3990 -0.0168
vn -0.9981 0.0579 -0.0198
vn -0.9966 -0.0636 -0.0529
vn -0.9902 -0.0200 -0.1384
vn -0.9836 -0.0784 -0.1625
vn -0.9999 -0.0120 -0.0074
vn -0.9960 0.0331 0.0830
vn -0.9973 -0.0607 0.0413
vn -0.9383 -0.3450 0.0229
vn -0.9386 -0.3247 -0.1168
vn -0.9927 -0.1190 0.0170
vn -0.9330 -0.3572 -0.0449
vn -0.9966 -0.0637 -0.0529
vn -0.9832 0.0097 0.1822
vn -0.6341 -0.7729 -0.0205
vn -0.9290 -0.3622 0.0762
vn -0.9329 -0.3573 -0.0449
vn -0.9329 -0.3573 -0.0450
vn -0.6043 -0.7637 -0.2272
vn -0.6341 -0.7729 -0.0206
vn -0.9090 -0.3634 -0.2041
vn -0.9091 -0.3632 -0.2041
vn -0.9984 -0.0486 0.0283
vn -0.9232 -0.1239 0.3639
vn -0.9790 -0.1242 0.1615
vn -0.8418 -0.3672 0.3956
vn -0.9025 -0.3981 0.1644
vn -0.9998 -0.0215 -0.0044
vn -0.9984 -0.0486 0.0282
vn -0.9902 -0.0200 -0.1383
vn -0.9830 -0.0838 0.1636
vn -0.9135 -0.3680 0.1736
vn -0.9090 -0.3633 -0.2042
vn -0.9836 -0.0784 -0.1626
vn -0.9163 -0.1068 -0.3859
vn -0.8268 -0.3435 -0.4455
vn -0.9714 -0.0634 0.2287
vn -0.9937 -0.0612 0.0940
vn -0.9981 -0.0412 -0.0457
vn -0.9880 -0.0302 0.1516
vn -0.9962 0.0795 -0.0362
vn -0.9953 -0.0279 0.0932
vn -0.9891 -0.0432 0.1407
vn -0.9934 -0.0407 0.1072
vn -0.9714 -0.0634 0.2286
vn -0.9231 -0.1239 0.3640
vn -0.9933 -0.1157 0.0065
vn -0.9232 -0.1238 0.3639
vn -0.9790 -0.1241 0.1615
vn -0.8417 -0.3673 0.3957
vn -0.5613 -0.7247 0.3997
vn -0.9265 -0.3736 -0.0443
vn -0.9486 -0.0296 -0.3150
vn -0.9937 -0.0612 0.0938
vn -0.9836 -0.0784 -0.1627
vn -0.9024 -0.3982 0.1644
vn -0.6123 -0.7739 0.1616
vn -0.8418 -0.3673 0.3956
vn -0.6123 -0.7740 0.1615
vn -0.9167 -0.3991 -0.0168
vn -0.6237 -0.7814 -0.0226
vn -0.9025 -0.3982 0.1643
vn -0.9167 -0.3991 -0.0169
vn -0.6117 -0.7628 -0.2096
vn -0.6237 -0.7814 -0.0227
vn -0.9033 -0.3832 -0.1927
vn -0.9033 -0.3832 -0.1928
vn -0.5600 -0.6986 -0.4454
vn -0.6117 -0.7628 -0.2097
vn -0.8420 -0.3433 -0.4161
vn -0.5407 -0.6959 -0.4726
vn -0.8267 -0.3436 -0.4456
vn -0.9266 -0.3735 -0.0442
vn -0.9265 -0.3736 -0.0442
vn -0.8418 -0.3672 0.3957
vn -0.9937 -0.0612 0.0939
vn -0.9486 -0.0296 -0.3151
vn -0.9163 -0.1068 -0.3861
vn -0.8267 -0.3435 -0.4456
vn -0.8250 -0.3757 0.4222
vn -0.9134 -0.3681 0.1737
vn -0.5455 -0.7186 0.4314
vn -0.6131 -0.7704 0.1748
vn -0.9375 -0.0591 0.3429
vn -0.9946 -0.0522 -0.0902
vn -0.9981 -0.0413 -0.0457
vn -0.9092 -0.1337 0.3943
vn -0.9135 -0.3680 0.1737
vn -0.8251 -0.3755 0.4222
vn -0.9829 -0.0838 0.1637
vn -0.9829 -0.0838 0.1638
vn -0.2433 -0.4407 0.8640
vn -0.2238 -0.7920 0.5681
vn -0.5658 -0.3712 0.7363
vn -0.9946 -0.0522 -0.0903
vn -0.9375 -0.0591 0.3430
vn -0.9092 -0.1337 0.3944
vn -0.9256 -0.3777 0.0241
vn -0.8250 -0.3757 0.4223
vn -0.6181 -0.7861 -0.0066
vn -0.5455 -0.7185 0.4315
vn -0.9928 -0.1198 -0.0066
vn -0.9091 -0.1337 0.3944
vn -0.8250 -0.3756 0.4223
vn -0.0055 0.3640 0.9314
vn -0.0108 0.9146 0.4043
vn -0.0085 0.9375 -0.3480
vn -0.0070 0.4233 -0.9059
vn -0.0055 0.3639 0.9314
vn 0.0012 -0.4226 0.9063
vn 0.0012 -0.4227 0.9063
vn 0.0032 -0.9390 0.3438
vn 0.0033 -0.9390 0.3438
vn 0.0051 -0.9168 -0.3994
vn 0.0055 -0.3640 -0.9314
vn 0.0055 -0.3639 -0.9314
vn -0.0069 0.4232 -0.9060
vn -0.0070 0.4232 -0.9060
vn -1.0000 -0.0065 0.0005
vn -1.0000 -0.0065 0.0004
vn -1.0000 -0.0064 0.0005
vn -0.9006 0.3971 -0.1767
vn -0.9015 0.1917 -0.3880
vn -0.9001 -0.1872 -0.3933
vn -0.9019 0.3857 0.1944
vn -0.8951 -0.3996 -0.1978
vn -0.9021 0.1722 0.3956
vn -0.8951 -0.4107 0.1735
vn -0.9003 -0.2048 0.3841
vn 0.7089 0.1948 0.6779
vn 0.2694 0.8927 0.3612
vn 0.2731 0.3267 0.9048
vn 0.6973 0.6849 0.2114
vn 0.2629 0.9151 -0.3056
vn 0.6997 0.6934 -0.1721
vn 0.0642 0.9279 -0.3671
vn 0.7107 0.2308 -0.6645
vn 0.2763 0.3802 -0.8827
vn 0.0710 0.4360 -0.8971
vn -0.0071 0.4162 -0.9092
vn -0.0086 0.9374 -0.3481
vn -0.0109 0.9146 0.4043
vn 0.0661 0.9022 0.4261
vn 0.0677 0.3823 0.9216
vn -0.5298 0.2940 -0.7956
vn -0.5383 0.7755 -0.3299
vn -0.5432 0.3788 -0.7493
vn -0.5224 0.8225 -0.2248
vn -0.5203 0.8105 0.2691
vn -0.5377 0.7532 0.3790
vn -0.5449 0.3356 0.7684
vn -0.5291 0.2416 0.8134
vn -0.8615 0.2265 0.4545
vn -0.9979 0.0638 -0.0121
vn -0.9090 0.3514 0.2241
vn -0.8624 0.2378 0.4470
vn -0.9979 0.0638 -0.0120
vn -0.9056 0.3614 0.2219
vn -0.1979 0.8666 0.4580
vn -0.3296 0.6122 0.7187
vn -0.0163 0.7582 0.6518
vn -0.1412 0.8756 0.4620
vn 0.2490 0.5930 0.7658
vn -0.3296 0.6123 0.7187
vn 0.2490 0.5930 0.7657
vn 0.1551 0.9488 0.2752
vn -0.0169 0.9987 -0.0485
vn -0.3294 0.9388 0.1011
vn -0.2004 0.9446 -0.2600
vn -0.1442 0.9531 -0.2660
vn 0.2434 0.9587 0.1472
vn 0.1780 0.9449 0.2747
vn -0.3294 0.9387 0.1011
vn -0.2139 0.7236 -0.6562
vn -0.1471 0.7340 -0.6630
vn -0.0298 0.6766 -0.7357
vn 0.7286 0.2036 0.6540
vn 0.5282 0.7589 0.3809
vn 0.5378 0.3404 0.7713
vn 0.7200 0.6596 0.2158
vn 0.7209 0.6697 -0.1785
vn 0.5222 0.7864 -0.3299
vn 0.7269 0.2404 -0.6433
vn 0.5377 0.3911 -0.7469
vn 0.8550 0.2732 -0.4409
vn 0.9872 0.1582 0.0183
vn 0.8634 0.4666 -0.1919
vn 0.8521 0.5062 -0.1332
vn 0.9870 0.1081 0.1192
vn 0.8631 0.4703 0.1841
vn -0.0070 0.4162 -0.9092
vn -0.0051 0.9168 0.3994
vn 0.8550 0.2732 -0.4408
vn 0.8520 0.5063 -0.1332
vn 0.9870 0.1080 0.1193
vn 0.2730 0.3266 0.9049
vn 0.7145 -0.2205 0.6640
vn 0.7088 0.1948 0.6780
vn 0.0677 0.3821 0.9216
vn 0.2762 -0.3702 0.8869
vn 0.0791 -0.4369 0.8960
vn 0.0070 -0.4232 0.9060
vn -0.5377 -0.3910 0.7470
vn -0.5291 0.2415 0.8135
vn -0.5228 -0.3004 0.7978
vn -0.5449 0.3355 0.7685
vn -0.8606 -0.1477 0.4874
vn -0.9978 0.0577 0.0327
vn -0.9059 0.0999 0.4116
vn 0.0609 -0.1120 0.9918
vn -0.8640 -0.1231 0.4882
vn -0.6710 -0.2129 0.7102
vn 0.2916 -0.1090 0.9503
vn -0.8603 -0.1326 0.4923
vn -0.9978 0.0576 0.0327
vn -0.9050 0.1096 0.4111
vn 0.2915 -0.1091 0.9503
vn 0.1619 0.5048 0.8479
vn -0.0163 0.7581 0.6520
vn -0.3295 0.6121 0.7188
vn 0.2489 0.5929 0.7659
vn 0.1844 0.4976 0.8476
vn -0.0164 0.7581 0.6520
vn -0.2377 -0.0280 0.9709
vn 0.0728 -0.0561 0.9958
vn 0.5884 -0.0911 0.8034
vn -0.2819 -0.0237 0.9592
vn -0.2820 -0.0237 0.9591
vn -0.2316 -0.6837 0.6920
vn -0.2807 -0.6716 0.6857
vn 0.0749 -0.7255 0.6841
vn -0.1262 -0.0037 0.9920
vn 0.3023 -0.1242 0.9451
vn -0.0935 -0.0119 0.9956
vn 0.3364 -0.1367 0.9318
vn -0.1206 -0.6848 0.7187
vn 0.3052 -0.7407 0.5985
vn -0.0872 -0.6922 0.7165
vn 0.7286 0.2035 0.6541
vn 0.5432 -0.3787 0.7494
vn 0.7305 -0.2304 0.6429
vn 0.5377 0.3403 0.7714
vn 0.0071 -0.4161 0.9093
vn 0.0070 -0.4161 0.9093
vn 0.7077 -0.6853 0.1718
vn 0.7088 0.1949 0.6780
vn 0.7144 -0.2206 0.6640
vn 0.6997 0.6934 -0.1722
vn 0.7062 -0.6753 -0.2127
vn 0.7107 0.2308 -0.6646
vn 0.7132 -0.1778 -0.6780
vn 0.7283 -0.6614 0.1793
vn 0.7290 -0.6498 -0.2154
vn 1.0000 0.0064 -0.0005
vn 0.7304 -0.1946 -0.6548
vn 0.7285 0.2036 0.6541
vn 1.0000 0.0065 -0.0005
vn 0.9872 0.1583 0.0183
vn 0.9244 0.3063 0.2275
vn 0.8789 0.2295 0.4181
vn 0.9952 -0.0317 0.0926
vn 0.9777 -0.1832 -0.1028
vn 0.9567 -0.1618 0.2419
vn 0.9472 -0.2486 0.2026
vn 0.9053 -0.1966 0.3765
vn 0.8631 0.4704 0.1841
vn 0.9869 0.1081 0.1193
vn 0.9251 0.0689 0.3735
vn 0.8808 -0.1227 0.4573
vn 0.9958 -0.0815 0.0415
vn 0.9770 -0.0604 -0.2046
vn 0.9569 -0.2847 0.0568
vn 0.9482 -0.3167 -0.0241
vn 0.9066 -0.3999 0.1348
vn 0.5731 -0.1339 -0.8084
vn 0.7766 -0.1953 -0.5989
vn 0.7449 -0.1810 -0.6422
vn 0.5657 0.4614 -0.6835
vn 0.7719 0.2752 -0.5732
vn 0.7392 0.3087 -0.5986
vn 0.8789 0.2295 0.4182
vn 0.9952 -0.0316 0.0926
vn 0.8631 0.4704 0.1840
vn 0.9870 0.1081 0.1193
vn 0.8808 -0.1228 0.4572
vn 0.9958 -0.0816 0.0414
vn 0.9770 -0.0603 -0.2045
vn 0.8520 0.5062 -0.1332
vn 0.9066 -0.4000 0.1348
vn 0.7719 0.2749 -0.5733
vn 0.2833 -0.9098 0.3035
vn 0.7062 -0.6753 -0.2128
vn 0.2832 -0.8903 -0.3566
vn 0.7133 -0.1778 -0.6779
vn 0.2846 -0.3169 -0.9048
vn 0.0750 -0.9277 0.3657
vn 0.0788 -0.9033 -0.4217
vn 0.0827 -0.3828 -0.9201
vn 0.0086 -0.9374 0.3481
vn 0.2762 -0.3704 0.8869
vn 0.0792 -0.4371 0.8959
vn 0.0070 -0.4233 0.9059
vn -0.5258 -0.2467 -0.8140
vn -0.5282 -0.7589 -0.3809
vn -0.5093 -0.8172 -0.2699
vn -0.5378 -0.3404 -0.7713
vn -0.5278 -0.7849 0.3245
vn -0.5076 -0.8328 0.2210
vn -0.5228 -0.3005 0.7978
vn -0.5377 -0.3911 0.7469
vn 0.0638 -0.7608 0.6458
vn -0.4709 -0.6911 0.5484
vn -0.6657 -0.6489 0.3686
vn 0.2983 -0.7283 0.6170
vn 0.0748 -0.7256 0.6841
vn 0.5945 -0.6177 0.5148
vn -0.2805 -0.6717 0.6857
vn -0.2314 -0.6838 0.6920
vn 0.3053 -0.7407 0.5985
vn 0.3444 -0.7357 0.5833
vn 0.7283 -0.6614 0.1792
vn 0.5377 -0.7532 -0.3790
vn 0.7290 -0.6497 -0.2154
vn 0.7304 -0.1945 -0.6547
vn 0.5449 -0.3356 -0.7684
vn 0.5383 -0.7755 0.3299
vn 0.5432 -0.3788 0.7493
vn -0.4772 -0.8774 -0.0491
vn 0.0413 -0.9819 -0.1847
vn -0.1102 -0.9452 -0.3073
vn 0.1269 -0.9864 0.1042
vn 0.0564 -0.9733 0.2224
vn 0.2713 -0.9611 -0.0522
vn 0.2714 -0.9611 -0.0522
vn 0.0414 -0.9819 -0.1847
vn -0.1101 -0.9452 -0.3073
vn -0.4779 -0.6021 -0.6396
vn 0.1261 -0.7828 -0.6094
vn 0.0418 -0.5833 -0.8112
vn 0.0594 -0.8628 -0.5021
vn 0.2702 -0.6623 -0.6988
vn 0.2702 -0.6624 -0.6988
vn 0.0051 -0.9167 -0.3994
vn 0.0085 -0.9375 0.3480
vn 0.0070 -0.4162 0.9092
vn 0.0071 -0.4162 0.9092
vn 0.2845 -0.3167 -0.9048
vn 0.2763 0.3800 -0.8827
vn 0.7133 -0.1777 -0.6780
vn 0.0827 -0.3827 -0.9202
vn 0.0710 0.4359 -0.8972
vn -0.0071 0.4161 -0.9093
vn -0.5432 0.3787 -0.7494
vn -0.5377 -0.3402 -0.7714
vn -0.5258 -0.2465 -0.8141
vn -0.5298 0.2938 -0.7956
vn -0.5287 -0.1229 -0.8399
vn -0.8950 -0.2223 -0.3866
vn -0.8714 -0.2134 -0.4417
vn -0.5287 -0.1228 -0.8399
vn -0.8508 -0.1797 -0.4938
vn -0.8470 -0.1969 -0.4939
vn -0.9921 -0.0527 -0.1137
vn -0.5879 -0.0405 -0.8079
vn -0.9374 -0.1364 -0.3205
vn -0.5340 0.4835 -0.6936
vn -0.2140 0.7236 -0.6562
vn -0.0297 0.6766 -0.7357
vn -0.5976 0.5229 -0.6078
vn -0.1472 0.7340 -0.6630
vn 0.4526 0.6107 -0.6498
vn -0.2075 0.0748 -0.9754
vn -0.0241 -0.0099 -0.9997
vn -0.1451 0.0784 -0.9863
vn 0.4573 -0.0000 -0.8893
vn -0.0297 0.6766 -0.7358
vn 0.4526 0.6106 -0.6498
vn -0.1841 0.0850 -0.9792
vn -0.1451 0.0785 -0.9863
vn 0.3907 0.0112 -0.9205
vn 0.4575 0.0001 -0.8892
vn 0.5377 0.3910 -0.7470
vn 0.7304 -0.1944 -0.6548
vn 0.5448 -0.3355 -0.7685
vn 0.7269 0.2403 -0.6433
vn 0.0417 -0.5832 -0.8113
vn -0.1155 -0.4787 -0.8703
vn -0.1155 -0.4787 -0.8704
vn 0.5144 -0.1210 -0.8490
vn 0.5731 -0.1339 -0.8085
vn 0.7448 -0.1810 -0.6423
vn 0.5057 0.5011 -0.7022
vn 0.5655 0.4615 -0.6835
vn 0.7391 0.3088 -0.5987
vn -0.0070 0.4161 -0.9093
vn 0.5730 -0.1339 -0.8085
vn 0.5656 0.4615 -0.6835
vn 0.7391 0.3087 -0.5987
vn -0.9059 0.0999 0.4115
vn -0.9978 0.0577 0.0328
vn -0.9985 -0.0480 -0.0246
vn -0.9701 -0.0548 -0.2366
vn -0.9589 -0.0674 -0.2756
vn -0.9397 0.0121 -0.3418
vn -0.9984 0.0537 0.0198
vn -0.9959 -0.0711 -0.0553
vn -0.9965 -0.0587 0.0600
vn -0.9090 0.3513 0.2241
vn -0.9979 0.0639 -0.0121
vn -0.9987 -0.0507 0.0096
vn -0.9696 -0.2024 -0.1374
vn -0.8615 0.2264 0.4545
vn -0.8715 -0.2134 -0.4416
vn -0.8950 -0.2223 -0.3867
vn -0.9983 0.0523 -0.0275
vn -0.8640 -0.1230 0.4883
vn -0.8764 -0.1762 0.4482
vn -0.9478 0.0686 -0.3114
vn -0.8603 -0.1327 0.4922
vn -0.9438 0.0163 -0.3301
vn -0.8958 0.1368 -0.4229
vn -0.9959 -0.0710 -0.0553
vn -0.9056 0.3614 0.2220
vn -0.9921 -0.0528 -0.1137
vn -0.9441 -0.1740 -0.2799
vn -0.8624 0.2377 0.4470
vn -0.8470 -0.1968 -0.4938
vn -0.8508 -0.1798 -0.4938
vn -0.9982 0.0524 -0.0275
vn -0.8640 -0.1230 0.4882
vn -0.9374 -0.1363 -0.3206
vn -0.4709 -0.6911 0.5483
vn -0.7974 -0.5500 0.2483
vn -0.6657 -0.6488 0.3686
vn -0.4709 -0.6910 0.5484
vn -0.7974 -0.5500 0.2482
vn -0.6657 -0.6488 0.3687
vn -0.0095 0.9509 -0.3095
vn -0.7090 0.4982 -0.4992
vn -0.6398 0.7589 -0.1216
vn -0.0019 0.7129 -0.7013
vn 0.7029 0.5091 -0.4967
vn 0.6274 0.7692 -0.1215
vn -0.0027 0.7041 0.7101
vn -0.0026 0.7041 0.7101
vn -0.0084 0.9994 0.0333
vn 0.6999 0.5372 -0.4707
vn -0.0024 0.7438 -0.6684
vn 0.7072 0.5258 -0.4727
vn -0.0024 0.7438 -0.6683
vn -0.3842 0.6832 -0.6210
vn -0.7063 0.5229 -0.4772
vn -0.7135 0.5148 -0.4753
vn -0.0024 0.7439 -0.6683
vn -0.7064 0.5229 -0.4772
vn 0.6356 -0.1271 0.7614
vn 0.0023 -0.3208 0.9472
vn 0.7090 -0.4982 0.4991
vn 0.0020 -0.7129 0.7013
vn -0.7029 -0.5092 0.4967
vn 0.0009 -0.0382 0.9993
vn 0.7075 -0.0189 0.7064
vn 0.7076 -0.0202 0.7063
vn -0.7078 -0.0305 0.7058
vn -0.7078 -0.0293 0.7058
vn 0.6995 -0.0463 0.7132
vn 0.0004 -0.0790 0.9969
vn 0.7114 -0.0506 0.7010
vn -0.0000 -0.0792 0.9969
vn -0.3870 -0.0763 0.9189
vn -0.7011 -0.0642 0.7102
vn -0.7120 -0.0606 0.6995
vn 0.7089 -0.4983 0.4992
vn 0.7089 -0.4995 0.4980
vn -0.7029 -0.5093 0.4966
vn 0.6287 0.4304 0.6477
vn 0.0010 -0.0383 0.9993
vn 0.7076 -0.0189 0.7064
vn 0.6329 -0.4687 0.6163
vn -0.0038 0.4168 0.9090
vn -0.6361 0.4188 0.6481
vn -0.7078 -0.0292 0.7058
vn -0.6291 -0.4720 0.6176
vn 0.0068 -0.4804 0.8770
vn 0.7089 -0.4995 0.4979
vn -0.7078 -0.0306 0.7058
vn 0.7076 -0.0202 0.7064
vn 0.6275 0.7691 -0.1215
vn 0.7030 0.5091 -0.4966
vn 0.6304 0.1392 -0.7637
vn 0.8930 0.3186 0.3178
vn 0.8971 -0.3039 -0.3208
vn 0.6358 -0.1270 0.7614
vn 0.6399 -0.7588 0.1216
vn 0.7079 0.0293 -0.7057
vn 0.7079 0.0307 -0.7057
vn 0.7077 -0.0201 0.7062
vn 0.7077 -0.0189 0.7063
vn 0.7115 -0.0506 0.7009
vn 0.9999 0.0105 0.0125
vn 0.6995 -0.0463 0.7131
vn 0.9999 0.0099 -0.0111
vn 0.7121 0.0606 -0.6994
vn 0.7012 0.0642 -0.7101
vn 0.7073 0.5257 -0.4726
vn 0.9999 0.0155 -0.0032
vn 0.7001 0.5336 -0.4745
vn 0.9999 0.0030 0.0101
vn 0.7136 -0.5147 0.4753
vn 0.7065 -0.5228 0.4771
vn 0.7073 0.5257 -0.4727
vn 0.7090 -0.4993 0.4980
vn 0.7030 0.5091 -0.4967
vn 0.7030 0.5093 -0.4964
vn 0.9999 0.0099 -0.0110
vn 0.7122 0.0606 -0.6994
vn 0.6996 -0.0463 0.7131
vn 0.6292 0.4720 -0.6174
vn 0.6362 -0.4188 -0.6480
vn 0.8894 0.4569 0.0169
vn 0.8959 -0.4440 -0.0141
vn 0.6288 0.4304 0.6476
vn 0.6330 -0.4687 0.6162
vn 0.7030 0.5093 -0.4965
vn 1.0000 0.0064 -0.0006
vn 0.7079 0.0305 -0.7057
vn 0.7089 -0.4982 0.4992
vn 0.0095 -0.9509 0.3095
vn 0.6397 -0.7589 0.1216
vn -0.7029 -0.5091 0.4967
vn -0.6274 -0.7692 0.1216
vn 0.7063 -0.5261 0.4736
vn 0.0024 -0.7438 0.6684
vn 0.7135 -0.5148 0.4753
vn 0.0024 -0.7439 0.6683
vn -0.7000 -0.5337 0.4745
vn -0.7071 -0.5258 0.4727
vn 0.0084 -0.9994 -0.0333
vn 0.0027 -0.7041 -0.7101
vn 0.0026 -0.7041 -0.7101
vn 0.0024 -0.7438 0.6683
vn -0.3788 -0.6897 0.6172
vn -0.0023 0.3207 -0.9472
vn -0.7090 0.4982 -0.4991
vn -0.0020 0.7129 -0.7013
vn -0.6356 0.1271 -0.7614
vn 0.6303 0.1393 -0.7638
vn 0.7078 0.0292 -0.7058
vn 0.7078 0.0306 -0.7058
vn 0.0048 0.0396 -0.9992
vn -0.7076 0.0201 -0.7064
vn -0.7076 0.0189 -0.7064
vn 0.7120 0.0606 -0.6995
vn 0.7010 0.0686 -0.7099
vn 0.0001 0.0792 -0.9969
vn -0.0004 0.0790 -0.9969
vn -0.6995 0.0463 -0.7132
vn -0.7114 0.0558 -0.7006
vn 0.7029 0.5092 -0.4967
vn 0.7029 0.5093 -0.4966
vn -0.7089 0.4995 -0.4980
vn -0.7089 0.4983 -0.4992
vn -0.0001 0.0792 -0.9969
vn -0.0005 0.0790 -0.9969
vn -0.3831 0.0673 -0.9212
vn -0.7113 0.0558 -0.7006
vn -0.6994 0.0463 -0.7132
vn -0.6329 0.4687 -0.6163
vn 0.0049 0.0396 -0.9992
vn -0.0067 0.4803 -0.8771
vn -0.6287 -0.4304 -0.6477
vn 0.0038 -0.4169 -0.9089
vn 0.6291 0.4720 -0.6176
vn 0.6361 -0.4187 -0.6481
vn 0.7078 0.0293 -0.7058
vn -0.7075 0.0189 -0.7064
vn -0.8971 0.3039 0.3208
vn -0.6399 0.7588 -0.1215
vn -0.8930 -0.3186 -0.3179
vn -0.6275 -0.7691 0.1215
vn -0.7030 -0.5091 0.4967
vn -0.7077 0.0189 -0.7063
vn -0.7077 0.0201 -0.7062
vn -0.7079 -0.0293 0.7057
vn -0.7079 -0.0306 0.7057
vn -0.9999 -0.0098 0.0111
vn -0.7121 -0.0606 0.6994
vn -0.7012 -0.0642 0.7101
vn -0.9999 -0.0105 -0.0125
vn -0.7115 0.0506 -0.7009
vn -0.6996 0.0463 -0.7131
vn -0.9999 -0.0030 -0.0101
vn -0.7136 0.5147 -0.4753
vn -0.7065 0.5228 -0.4771
vn -0.9999 -0.0155 0.0033
vn -0.7073 -0.5257 0.4727
vn -0.7001 -0.5336 0.4744
vn -0.9999 -0.0155 0.0032
vn -0.7072 -0.5257 0.4727
vn -0.7001 -0.5336 0.4745
vn -0.9999 -0.0029 -0.0101
vn -0.7030 -0.5091 0.4966
vn -0.7030 -0.5093 0.4965
vn -0.7090 0.4993 -0.4979
vn -0.9999 -0.0104 -0.0125
vn -0.6996 0.0462 -0.7131
vn -0.7121 -0.0607 0.6994
vn -0.8976 0.4404 0.0191
vn -0.6330 0.4687 -0.6162
vn -0.6362 0.4188 0.6480
vn -0.6288 -0.4304 -0.6476
vn -0.8894 -0.4569 -0.0169
vn -0.6292 -0.4721 0.6174
vn -0.7079 -0.0292 0.7057
vn -0.7090 0.4994 -0.4979
vn -0.7030 -0.5093 0.4964
vn -0.7079 -0.0305 0.7057
vn -0.7077 0.0201 -0.7063
vt 0.181711 -1.246490
vt 0.181653 -1.209480
vt 0.139864 -1.213070
vt 0.139917 -1.250640
vt -0.223393 -1.214630
vt -0.011106 -1.252450
vt -0.011331 -1.214600
vt 0.200253 -1.238500
vt 0.200202 -1.202750
vt 0.065443 -1.214420
vt 0.065476 -1.252190
vt -0.223393 -1.252470
vt 0.200088 -1.150440
vt 0.181518 -1.154400
vt 0.139741 -1.156570
vt 0.200202 -0.803319
vt 0.181517 -0.851669
vt 0.200088 -0.855626
vt 0.181649 -0.796592
vt 0.200248 -0.767552
vt 0.181691 -0.759561
vt 0.181381 -0.906097
vt 0.199974 -0.903618
vt 0.139730 -0.906024
vt 0.139738 -0.849498
vt 0.139833 -0.792997
vt 0.139810 -0.755424
vt -0.012960 -1.104650
vt -0.223393 -1.072150
vt -0.223393 -1.104680
vt -0.010434 -1.071850
vt -0.223393 -1.157500
vt -0.013192 -1.157480
vt -0.051483 -0.753755
vt -0.178993 -0.792479
vt -0.054333 -0.792520
vt -0.182091 -0.753753
vt -0.006584 -0.753682
vt -0.040285 -0.792011
vt -0.006309 -0.791656
vt 0.065351 -0.791684
vt 0.065181 -0.753892
vt -0.223393 -0.753673
vt -0.019768 -0.849302
vt -0.057464 -0.851697
vt -0.022761 -0.903916
vt -0.178033 -0.851692
vt -0.223393 -0.791709
vt -0.223393 -0.849099
vt -0.179224 -0.906615
vt 0.065485 -0.906498
vt -0.009550 -0.935543
vt -0.223393 -0.935075
vt -0.223393 -0.901392
vt 0.139579 -1.099280
vt 0.064859 -1.100720
vt 0.065368 -1.157380
vt 0.065357 -0.848753
vt 0.199841 -0.913874
vt 0.181344 -1.099350
vt 0.199913 -1.069260
vt 0.199974 -1.102450
vt -0.226905 -1.200250
vt -0.167183 -1.200210
vt -0.173214 -1.181630
vt -0.234605 -1.181690
vt 0.239740 -0.820943
vt 0.219006 -0.834344
vt 0.244646 -0.834234
vt 0.215745 -0.820991
vt 0.236244 -0.809823
vt 0.213373 -0.809794
vt -0.176440 -1.139670
vt -0.238610 -1.139810
vt -0.177891 -0.776607
vt -0.240377 -0.817909
vt -0.177852 -0.885253
vt -0.240391 -0.948517
vt -0.177652 -1.064870
vt -0.240120 -1.065180
vt -0.177896 -0.976732
vt -0.240372 -0.993416
vt -0.240427 -0.776607
vt 0.204993 -1.200210
vt 0.230050 -1.200230
vt 0.212383 -1.181560
vt 0.237904 -1.181600
vt 0.220570 -0.855611
vt 0.247041 -0.855526
vt 0.175919 -1.200100
vt 0.182326 -1.181430
vt -0.059329 -1.200120
vt -0.061648 -1.181500
vt 0.188560 -0.855746
vt 0.187841 -0.834511
vt 0.148312 -1.199990
vt 0.153598 -1.181310
vt 0.044634 -1.200020
vt 0.046076 -1.181370
vt 0.126830 -1.199950
vt 0.125558 -1.181260
vt 0.111421 -1.199960
vt 0.094700 -1.199970
vt 0.216279 -1.139130
vt 0.241894 -1.139140
vt 0.220837 -0.881905
vt 0.247473 -0.881901
vt 0.247053 -0.908238
vt 0.220574 -0.908162
vt 0.214313 -0.956863
vt 0.237864 -0.956813
vt 0.236343 -0.948093
vt 0.213423 -0.948063
vt 0.216515 -0.990639
vt 0.241354 -0.990552
vt 0.157824 -0.855844
vt 0.157730 -0.834629
vt 0.217473 -1.063300
vt 0.242967 -1.063250
vt 0.185770 -1.139050
vt -0.062916 -1.139450
vt 0.188557 -0.908036
vt 0.188656 -0.881908
vt 0.186577 -0.990822
vt 0.185508 -0.957055
vt 0.134540 -0.834607
vt 0.134392 -0.855834
vt 0.186947 -1.063360
vt -0.063550 -0.883333
vt -0.063442 -0.776607
vt -0.063409 -0.989779
vt -0.063384 -1.064490
vt 0.156455 -1.138990
vt 0.046843 -1.139250
vt 0.122727 -1.139080
vt 0.118278 -0.941706
vt 0.099388 -0.946043
vt 0.118406 -0.948602
vt 0.118430 -0.957753
vt 0.134795 -0.957548
vt 0.134753 -0.948466
vt 0.157098 -0.948313
vt 0.157249 -0.957309
vt 0.157549 -0.991064
vt 0.047148 -1.064140
vt 0.099769 -0.808352
vt 0.118468 -0.809581
vt 0.118551 -0.794460
vt 0.100934 -0.776607
vt 0.100473 -0.820838
vt 0.118309 -0.820966
vt 0.134688 -0.821019
vt 0.134814 -0.809581
vt 0.157141 -0.809616
vt 0.157383 -0.821051
vt 0.186253 -0.821036
vt 0.118117 -0.834514
vt 0.134923 -0.794446
vt 0.157359 -0.794468
vt 0.135019 -0.776607
vt 0.157871 -0.776607
vt 0.185573 -0.794551
vt 0.187112 -0.776607
vt 0.185087 -0.809707
vt 0.214318 -0.794641
vt 0.217376 -0.776607
vt 0.105982 -0.857427
vt 0.157523 -1.063460
vt 0.134615 -1.063610
vt 0.101521 -0.978939
vt 0.118387 -0.991562
vt 0.134787 -0.991322
vt 0.134282 -0.881864
vt 0.114740 -0.900383
vt 0.046991 -0.829537
vt 0.047327 -0.776607
vt 0.046279 -0.959775
vt 0.109071 -1.062870
vt 0.101094 -0.915883
vt 0.134383 -0.907957
vt 0.157818 -0.907944
vt 0.118101 -0.929110
vt 0.134524 -0.928999
vt 0.157718 -0.928962
vt 0.187837 -0.929070
vt 0.219014 -0.929234
vt 0.244666 -0.929352
vt 0.185084 -0.948160
vt 0.186247 -0.941509
vt 0.215760 -0.941568
vt 0.157362 -0.941509
vt 0.134658 -0.941590
vt 0.237818 -0.794677
vt 0.239772 -0.941665
vt 0.242615 -0.776607
vt -0.200237 -1.238680
vt -0.181573 -1.210930
vt -0.200072 -1.204160
vt -0.181702 -1.246670
vt -0.139859 -1.214570
vt -0.139916 -1.250820
vt 0.046420 -1.216300
vt -0.061813 -1.252460
vt 0.048193 -1.252720
vt -0.065541 -1.216000
vt 0.053378 -1.216800
vt 0.165778 -0.791939
vt 0.179057 -0.756885
vt 0.165766 -0.751470
vt 0.179066 -0.794147
vt 0.190177 -0.760871
vt 0.190180 -0.795440
vt -0.188897 -1.082110
vt -0.176094 -1.074920
vt -0.191784 -1.074960
vt -0.174243 -1.082070
vt 0.165808 -0.851923
vt 0.179091 -0.850360
vt 0.144482 -0.791109
vt 0.144474 -0.748888
vt -0.181471 -0.795146
vt -0.181597 -0.759394
vt -0.200230 -0.767377
vt -0.200072 -0.801906
vt 0.223393 -1.115860
vt 0.223393 -1.083270
vt 0.179462 -1.078900
vt 0.066115 -1.115860
vt 0.223393 -1.164290
vt 0.053856 -1.164130
vt 0.223393 -1.216900
vt 0.223393 -1.252750
vt -0.199379 -1.154800
vt -0.179336 -1.111770
vt -0.196765 -1.110390
vt -0.181073 -1.158870
vt 0.190892 -0.927836
vt 0.180821 -0.924106
vt 0.181968 -0.930147
vt 0.190619 -0.920312
vt 0.166543 -0.905286
vt 0.179586 -0.901109
vt 0.168394 -0.928485
vt -0.137135 -1.074810
vt -0.136215 -1.082050
vt -0.139049 -0.791559
vt -0.139141 -0.755342
vt 0.190320 -0.896955
vt -0.199379 -0.851268
vt -0.180962 -0.847192
vt -0.179222 -0.894278
vt -0.196765 -0.895672
vt 0.009429 -0.791507
vt 0.043187 -0.759430
vt 0.009448 -0.755884
vt 0.043044 -0.794113
vt 0.118101 -0.791109
vt 0.118099 -0.748451
vt 0.091762 -0.748878
vt 0.091752 -0.791109
vt -0.063196 -0.790440
vt -0.063250 -0.754244
vt 0.144502 -0.853454
vt -0.139623 -1.161170
vt -0.138616 -1.051160
vt -0.179173 -1.051300
vt 0.048489 -1.163740
vt 0.039515 -1.163250
vt 0.005624 -1.162740
vt 0.070648 -0.751458
vt 0.070588 -0.791986
vt -0.065637 -1.162230
vt -0.191799 -0.917155
vt -0.176007 -0.916972
vt 0.053003 -1.054080
vt 0.048092 -1.049960
vt 0.047425 -1.073380
vt 0.056028 -1.005020
vt 0.046345 -1.003820
vt 0.039090 -1.050210
vt 0.038354 -1.073790
vt 0.005406 -1.050480
vt 0.004939 -1.074220
vt 0.047155 -1.082060
vt 0.038076 -1.082060
vt -0.065364 -1.050840
vt -0.065092 -1.074570
vt -0.064832 -1.082050
vt 0.004815 -1.082050
vt 0.145016 -0.908938
vt 0.146314 -0.933290
vt 0.170113 -0.933545
vt 0.147518 -0.938797
vt -0.138748 -0.844901
vt 0.190195 -0.848344
vt 0.205329 -0.845373
vt 0.205323 -0.793641
vt 0.009301 -0.844685
vt 0.042700 -0.846844
vt 0.118101 -0.854199
vt 0.091720 -0.853476
vt -0.063103 -0.844024
vt -0.139065 -1.002910
vt -0.180387 -1.003010
vt -0.065051 -1.002730
vt -0.191784 -0.931102
vt -0.176016 -0.931109
vt -0.188897 -0.923949
vt -0.174146 -0.923966
vt 0.068298 -1.080290
vt -0.137852 -0.893370
vt 0.184737 -1.051370
vt 0.072595 -1.051560
vt 0.223393 -1.026050
vt 0.191176 -1.004170
vt 0.205387 -1.003180
vt 0.006262 -1.002900
vt 0.118081 -1.010260
vt 0.180269 -1.005480
vt 0.223393 -1.001740
vt 0.088593 -0.966720
vt 0.049652 -0.959061
vt 0.007874 -0.932036
vt 0.007190 -0.955439
vt 0.041383 -0.933909
vt -0.063238 -0.931222
vt -0.064241 -0.954714
vt 0.040949 -0.957231
vt -0.138236 -0.954679
vt -0.179126 -0.954720
vt -0.196594 -0.954737
vt -0.198518 -1.003030
vt -0.196594 -1.051330
vt 0.183200 -0.960108
vt 0.147579 -0.966699
vt 0.053443 -1.082590
vt -0.062888 -0.892864
vt 0.009072 -0.893338
vt 0.042269 -0.895294
vt 0.051250 -0.849276
vt 0.050686 -0.898314
vt 0.057853 -0.850867
vt 0.058172 -0.794311
vt 0.051688 -0.795713
vt 0.057084 -0.901819
vt 0.051907 -0.760807
vt 0.058335 -0.756873
vt -0.138766 -1.112650
vt 0.205309 -0.893048
vt 0.223393 -0.889304
vt 0.223393 -0.841817
vt 0.223393 -0.913068
vt 0.205248 -0.916672
vt 0.049715 -0.935870
vt 0.054418 -0.937271
vt 0.065665 -0.940069
vt 0.088408 -0.945405
vt 0.118096 -0.948540
vt 0.118087 -0.969494
vt 0.147789 -0.945351
vt 0.170502 -0.940035
vt 0.004916 -1.089920
vt -0.065112 -1.089530
vt 0.038332 -1.090410
vt 0.005204 -1.113870
vt 0.038904 -1.114580
vt 0.047946 -1.115270
vt 0.047406 -1.090880
vt 0.053578 -1.115740
vt 0.088693 -0.938880
vt 0.118102 -0.941769
vt 0.089898 -0.933368
vt 0.118102 -0.935691
vt 0.118101 -0.910554
vt 0.091194 -0.908990
vt 0.070456 -0.852089
vt -0.136509 -0.931105
vt -0.062557 -0.916579
vt 0.008753 -0.917057
vt 0.041885 -0.918742
vt 0.066051 -0.933667
vt -0.136281 -0.916757
vt 0.055751 -0.924612
vt 0.050135 -0.921370
vt 0.041599 -0.926201
vt 0.049783 -0.928219
vt 0.054634 -0.930286
vt 0.069628 -0.905538
vt 0.205252 -0.957492
vt 0.223393 -0.955052
vt 0.205185 -0.933779
vt 0.223393 -0.930804
vt 0.190966 -0.936013
vt 0.191001 -0.959211
vt 0.182233 -0.937356
vt 0.008357 -0.924603
vt -0.062553 -0.923976
vt -0.135442 -0.923935
vt -0.065541 -1.113280
vt -0.137155 -1.089250
vt 0.067755 -0.928705
vt -0.191799 -1.088900
vt -0.176116 -1.089070
vt 0.205323 -0.759421
vt 0.223393 -0.789882
vt 0.223393 -0.754506
vt 0.205190 -0.925021
vt 0.223393 -0.921750
vt 0.232100 -1.181710
vt 0.153175 -1.181720
vt 0.224497 -1.200250
vt 0.147920 -1.200260
vt 0.236047 -1.139920
vt 0.155971 -1.139920
vt 0.157014 -1.065480
vt 0.237527 -1.065480
vt 0.237772 -0.988894
vt 0.237789 -0.776607
vt 0.157189 -0.776607
vt -0.146134 -1.200260
vt 0.000893 -1.200260
vt 0.000894 -1.181720
vt -0.151386 -1.181720
vt 0.157161 -0.985931
vt 0.000894 -1.065480
vt 0.000900 -0.983455
vt -0.222691 -1.200240
vt -0.230289 -1.181700
vt 0.000894 -1.139920
vt -0.154182 -1.139920
vt -0.234236 -1.139920
vt 0.000886 -0.776607
vt -0.155395 -0.776607
vt -0.155314 -0.977775
vt -0.235993 -0.951807
vt -0.236004 -0.776607
vt -0.155226 -1.065480
vt -0.235740 -1.061810
vt -0.234703 -0.859900
vt -0.257247 -0.903618
vt -0.238012 -0.904572
vt -0.256041 -0.855626
vt -0.239988 -1.017250
vt -0.257379 -0.913874
vt -0.257357 -1.069260
vt -0.240077 -0.956784
vt -0.195640 -1.049740
vt -0.239874 -1.075670
vt -0.194067 -1.076300
vt -0.195638 -1.003030
vt -0.110372 -1.050300
vt -0.224497 -1.238500
vt -0.231183 -1.192430
vt -0.248960 -1.202750
vt -0.206025 -1.224880
vt -0.239820 -0.930359
vt -0.183022 -1.102040
vt -0.238438 -1.101180
vt -0.235703 -1.145420
vt -0.169747 -1.145330
vt -0.257247 -1.102450
vt -0.256041 -1.150440
vt -0.147920 -1.257390
vt -0.135378 -1.243230
vt -0.000893 -1.263420
vt -0.000893 -1.248280
vt 0.133592 -1.243220
vt 0.146134 -1.257390
vt 0.204224 -1.225050
vt 0.222691 -1.238680
vt -0.230377 -0.813035
vt -0.207377 -0.780399
vt -0.226905 -0.767552
vt -0.248960 -0.803319
vt -0.167183 -0.748578
vt -0.152886 -0.762181
vt 0.247013 -1.204160
vt 0.229278 -1.193780
vt 0.102932 -1.223670
vt -0.000902 -1.219280
vt -0.104727 -1.223670
vt -0.059329 -0.741342
vt -0.053388 -0.755800
vt 0.245414 -1.074960
vt 0.230996 -1.075000
vt 0.241790 -1.082110
vt 0.228817 -1.082190
vt 0.204993 -0.748569
vt 0.175919 -0.741306
vt 0.190623 -0.762177
vt 0.162674 -0.755781
vt -0.161905 -0.854838
vt -0.179612 -0.901459
vt 0.044634 -0.740130
vt 0.040952 -0.754049
vt 0.087782 -0.754597
vt 0.094700 -0.740031
vt 0.148312 -0.740079
vt 0.138441 -0.754021
vt 0.126830 -0.739996
vt 0.117830 -0.754577
vt 0.111421 -0.740003
vt 0.104298 -0.753979
vt -0.146251 -1.201520
vt 0.230050 -0.767377
vt 0.212619 -0.780224
vt -0.190805 -1.181260
vt 0.189995 -1.075040
vt 0.192029 -1.082250
vt 0.144430 -1.201770
vt 0.162822 -0.798272
vt 0.194037 -0.819658
vt 0.230084 -0.811680
vt 0.247015 -0.801906
vt 0.091161 -0.770724
vt 0.068020 -0.777688
vt 0.119557 -0.770739
vt 0.094569 -0.777683
vt 0.108295 -1.075170
vt 0.119799 -1.083330
vt -0.117068 -0.778526
vt -0.032676 -0.779225
vt 0.032464 -0.770751
vt -0.141613 -0.798519
vt -0.185687 -0.820953
vt 0.192104 -1.051250
vt 0.235307 -1.051310
vt 0.253369 -1.154800
vt 0.233341 -1.149450
vt 0.251446 -1.110390
vt 0.234259 -1.108670
vt 0.127011 -0.779220
vt 0.161824 -0.778526
vt 0.188920 -1.182560
vt 0.107799 -1.051100
vt 0.002169 -1.075900
vt -0.001093 -1.050800
vt 0.027583 -1.090580
vt 0.030344 -0.823433
vt -0.000233 -1.159320
vt 0.108301 -1.003030
vt 0.193153 -1.003030
vt 0.237057 -1.003030
vt 0.234686 -0.897077
vt 0.245396 -0.917155
vt 0.251448 -0.895672
vt 0.231933 -0.917316
vt -0.106429 -1.076950
vt -0.078442 -1.102630
vt -0.195640 -0.956325
vt -0.110347 -1.003030
vt -0.110372 -0.955768
vt -0.000932 -1.003030
vt -0.001093 -0.955271
vt -0.105470 -0.928392
vt 0.002596 -0.929849
vt 0.107799 -0.954967
vt -0.193641 -0.929448
vt -0.070765 -0.897660
vt 0.192104 -0.954820
vt 0.235307 -0.954757
vt 0.175937 -0.851883
vt 0.100974 -0.893820
vt 0.187049 -0.895167
vt 0.168096 -1.148280
vt 0.234342 -0.855864
vt 0.253371 -0.851268
vt 0.030995 -0.912920
vt 0.189995 -0.931032
vt 0.230996 -0.931070
vt 0.183637 -1.108330
vt 0.197607 -0.917235
vt 0.108349 -0.930861
vt 0.120225 -0.922419
vt 0.093298 -1.106470
vt 0.192029 -0.923818
vt 0.241790 -0.923949
vt 0.245412 -0.931102
vt 0.228817 -0.923879
vt 0.143964 -0.915873
vt 0.251439 -0.954737
vt 0.253850 -1.003030
vt 0.251441 -1.051330
vt 0.231880 -1.088710
vt 0.245395 -1.088900
vt 0.142525 -1.089110
vt 0.197181 -1.088510
vt 0.239772 -0.756873
vt 0.213423 -0.743413
vt 0.236343 -0.760807
vt 0.215760 -0.738347
vt 50.090000 -20.714800
vt 49.910000 -20.714800
vt 50.090000 -20.774099
vt 49.910000 -20.774099
vt 50.090000 -21.225901
vt 49.910000 -21.225901
vt 50.090000 -21.285200
vt 49.910000 -21.285200
vt 49.782600 -21.090000
vt 50.217400 -21.090000
vt 50.217400 -20.910000
vt 49.782600 -20.910000
vt 49.782600 -21.285200
vt 50.197899 -21.259701
vt 49.802101 -21.259701
vt 50.217400 -21.285200
vt 49.725498 -21.225901
vt 50.274502 -21.225901
vt 49.750099 -21.205601
vt 50.249901 -21.205601
vt 49.725498 -20.774099
vt 50.249901 -20.794399
vt 49.750099 -20.794399
vt 50.274502 -20.774099
vt 49.802101 -20.740299
vt 50.197899 -20.740299
vt 49.782600 -20.714800
vt 50.217400 -20.714800
vt 50.000000 -21.000000
vt 11.352400 -2.747490
vt 11.387300 -2.789370
vt 11.387300 -2.730850
vt 11.352400 -2.804750
vt 11.387300 -3.210630
vt 11.352400 -3.195250
vt 11.422100 -3.215980
vt 11.352400 -3.252510
vt 11.387300 -3.269150
vt 11.422100 -3.272960
vt 12.412500 -3.272960
vt 12.412500 -3.216120
vt 12.412500 -2.783880
vt 11.422100 -2.784020
vt 11.422100 -2.727040
vt 12.412500 -2.727040
vt 12.647600 -3.285250
vt 12.625800 -3.234890
vt 12.625800 -3.296640
vt 12.647600 -3.225890
vt 12.647600 -2.774110
vt 12.625800 -2.765110
vt 12.625800 -2.703370
vt 12.647600 -2.714750
vt 12.545800 -2.819200
vt 12.547100 -2.831940
vt 12.547500 -2.822070
vt 12.522400 -2.819150
vt 12.523700 -2.831890
vt 12.524100 -2.822020
vt 12.546800 -2.734220
vt 12.547100 -2.723000
vt 12.544200 -2.722980
vt 12.542800 -2.734380
vt 12.541300 -2.723000
vt 12.523400 -2.734220
vt 12.523700 -2.722990
vt 12.520800 -2.722980
vt 12.519300 -2.734370
vt 12.517900 -2.722990
vt 12.544200 -2.832930
vt 12.546800 -2.844470
vt 12.542800 -2.845200
vt 12.541300 -2.831940
vt 12.542600 -2.818760
vt 12.520800 -2.832890
vt 12.523400 -2.844420
vt 12.519300 -2.845150
vt 12.517900 -2.831890
vt 12.519100 -2.818710
vt 12.544200 -2.742690
vt 12.520800 -2.742680
vt 12.412500 -2.714750
vt 12.434300 -2.765120
vt 12.434300 -2.703370
vt 12.412500 -2.774150
vt 12.412500 -3.225850
vt 12.434300 -3.234880
vt 12.412500 -3.285250
vt 12.434300 -3.296640
vt 12.517500 -2.841900
vt 12.517500 -2.732270
vt 12.540900 -2.841940
vt 12.540900 -2.732270
vt 11.805600 -2.387270
vt 12.196200 -2.352400
vt 11.820400 -2.352400
vt 11.800400 -2.422140
vt 12.211000 -2.387270
vt 12.216200 -2.422140
vt 11.800300 -3.412510
vt 12.216300 -3.412510
vt 12.234400 -3.625760
vt 11.790900 -3.647600
vt 12.225700 -3.647600
vt 11.782200 -3.625760
vt 11.751600 -3.545840
vt 11.741100 -3.547130
vt 11.750100 -3.547500
vt 11.713400 -3.544230
vt 11.713800 -3.546490
vt 11.721600 -3.544210
vt 11.712700 -3.541740
vt 11.751700 -3.522400
vt 11.741200 -3.523690
vt 11.750200 -3.524060
vt 11.713400 -3.520790
vt 11.713800 -3.523050
vt 11.721600 -3.520770
vt 11.712800 -3.518300
vt 11.739700 -3.544240
vt 11.741100 -3.541310
vt 11.752300 -3.542560
vt 11.739700 -3.520800
vt 11.741200 -3.517870
vt 11.752300 -3.519110
vt 11.710200 -3.519110
vt 11.721700 -3.520760
vt 11.721700 -3.518190
vt 11.709700 -3.522400
vt 11.721700 -3.523170
vt 11.760000 -3.523170
vt 11.760800 -3.520760
vt 11.709600 -3.545840
vt 11.721600 -3.545990
vt 11.710200 -3.542560
vt 11.721600 -3.541630
vt 11.760600 -3.545990
vt 11.790900 -3.412510
vt 12.234400 -3.434350
vt 12.225700 -3.412510
vt 11.782200 -3.434350
vt 11.748600 -2.804750
vt 12.234700 -2.804750
vt 12.179600 -2.747490
vt 11.803800 -2.747490
vt 12.234700 -3.195250
vt 11.748600 -3.195250
vt 12.179600 -3.252510
vt 11.803800 -3.252510
vt 11.717100 -2.774150
vt 11.717100 -3.225850
vt 11.729000 -3.216120
vt 11.783700 -3.272960
vt 11.729000 -2.783880
vt 11.774300 -3.285250
vt 11.783700 -2.727040
vt 12.199700 -3.272960
vt 11.774300 -2.714750
vt 12.209100 -2.714750
vt 12.199700 -2.727040
vt 12.266200 -2.774150
vt 12.254400 -2.783880
vt 12.266200 -3.225850
vt 12.254400 -3.216120
vt 12.209100 -3.285250
vt 12.289800 -2.841900
vt 12.292700 -2.831890
vt 12.289200 -2.821250
vt 12.289800 -2.818710
vt 12.278300 -2.820420
vt 12.286800 -2.823890
vt 12.278400 -2.844260
vt 12.290200 -2.845150
vt 12.287200 -2.839970
vt 12.278400 -2.839940
vt 12.263600 -2.732270
vt 12.258800 -2.722990
vt 12.248900 -2.717680
vt 12.247700 -2.715410
vt 12.240500 -2.724540
vt 12.249000 -2.721230
vt 12.256900 -2.741790
vt 12.266100 -2.734370
vt 12.260400 -2.732630
vt 12.253900 -2.738670
vt 12.278300 -2.823790
vt 12.242800 -2.726970
vt 12.286800 -2.823940
vt 12.278400 -2.820470
vt 12.278400 -2.823830
vt 12.289800 -2.841940
vt 12.292800 -2.831940
vt 12.289200 -2.821300
vt 12.289800 -2.818760
vt 12.278500 -2.844310
vt 12.290200 -2.845200
vt 12.287300 -2.840020
vt 12.278400 -2.839990
vt 12.258900 -2.723000
vt 12.249000 -2.717690
vt 12.247700 -2.715420
vt 12.249100 -2.721240
vt 12.257000 -2.741800
vt 12.266100 -2.734380
vt 12.254000 -2.738670
vt 12.242900 -2.726980
vt 12.612700 -2.789370
vt 12.647600 -2.804750
vt 12.647600 -2.747490
vt 12.647600 -3.195250
vt 12.612700 -3.210630
vt 12.647600 -3.252510
vt 12.612700 -3.269150
vt 12.577900 -2.784020
vt 12.577900 -3.215980
vt 12.577900 -3.272960
vt 11.587500 -3.216120
vt 11.587500 -3.272960
vt 11.587500 -2.783880
vt 12.612700 -2.730850
vt 12.577900 -2.727040
vt 11.587500 -2.727040
vt 11.352400 -3.285250
vt 11.374200 -3.234890
vt 11.352400 -3.225890
vt 11.374200 -3.296640
vt 11.374200 -2.765110
vt 11.352400 -2.774110
vt 11.352400 -2.714750
vt 11.374200 -2.703370
vt 11.455800 -2.732590
vt 11.453500 -2.733640
vt 11.455800 -2.738670
vt 11.458300 -2.732630
vt 11.479200 -2.732590
vt 11.477000 -2.733630
vt 11.479200 -2.738670
vt 11.481700 -2.732630
vt 11.480900 -2.715410
vt 11.479200 -2.723170
vt 11.481800 -2.724540
vt 11.476800 -2.724070
vt 11.477600 -2.715370
vt 11.457400 -2.715420
vt 11.454000 -2.723390
vt 11.458400 -2.724540
vt 11.587500 -2.774150
vt 11.565700 -3.234880
vt 11.587500 -3.225850
vt 11.587500 -3.285250
vt 11.565700 -3.296640
vt 11.565700 -2.765120
vt 11.587500 -2.714750
vt 11.565700 -2.703370
vt 11.452600 -2.831520
vt 11.455800 -2.825220
vt 11.453400 -2.823680
vt 11.455800 -2.839310
vt 11.453500 -2.840370
vt 11.458300 -2.840020
vt 11.458100 -2.823940
vt 11.476100 -2.831470
vt 11.479200 -2.825170
vt 11.476800 -2.823630
vt 11.479200 -2.839260
vt 11.477000 -2.840320
vt 11.481700 -2.839970
vt 11.481500 -2.823890
vt 11.452600 -2.725650
vt 11.455800 -2.722580
vt 11.458100 -2.721240
vt 11.476100 -2.725640
vt 11.479200 -2.722580
vt 11.481500 -2.721230
vt 11.789000 -2.387270
vt 12.194400 -2.387270
vt 12.179600 -2.352400
vt 11.803800 -2.352400
vt 11.783800 -2.422140
vt 12.199600 -2.422140
vt 11.783700 -3.412510
vt 12.199700 -3.412510
vt 12.217800 -3.625760
vt 11.765600 -3.625760
vt 11.774300 -3.647600
vt 12.209100 -3.647600
vt 12.286200 -3.544230
vt 12.278400 -3.544220
vt 12.286100 -3.546590
vt 12.286200 -3.520790
vt 12.278300 -3.520780
vt 12.286000 -3.523150
vt 12.289600 -3.523360
vt 12.278500 -3.520790
vt 12.278400 -3.523360
vt 12.249500 -3.544230
vt 12.242900 -3.544220
vt 12.248400 -3.546590
vt 12.249500 -3.520790
vt 12.242800 -3.520780
vt 12.248300 -3.523150
vt 12.265200 -3.546800
vt 12.257800 -3.544230
vt 12.256500 -3.546800
vt 12.266100 -3.542770
vt 12.257000 -3.541820
vt 12.289700 -3.546800
vt 12.278500 -3.544230
vt 12.278500 -3.546800
vt 12.290200 -3.542770
vt 12.278500 -3.541820
vt 12.265200 -3.523360
vt 12.257800 -3.520790
vt 12.256500 -3.523360
vt 12.266100 -3.519330
vt 12.256900 -3.518380
vt 12.290200 -3.519330
vt 12.278400 -3.518380
vt 12.217800 -3.434350
vt 11.774300 -3.412510
vt 11.765600 -3.434350
vt 12.209100 -3.412510
vt 12.255500 -3.547370
vt 12.255400 -3.523930
vt 12.286800 -3.518490
vt 12.249000 -3.518490
vt 12.286800 -3.541930
vt 12.249100 -3.541930
vt 11.750100 -2.717890
vt 11.741100 -2.723000
vt 11.734800 -2.734220
vt 11.760600 -2.723390
vt 11.751600 -2.715380
vt 11.751600 -2.721580
vt 11.757100 -2.726980
vt 11.744500 -2.725650
vt 11.740100 -2.733640
vt 11.743500 -2.741320
vt 11.710300 -2.822070
vt 11.707200 -2.831940
vt 11.710300 -2.844470
vt 11.721600 -2.818890
vt 11.709600 -2.819200
vt 11.713900 -2.823680
vt 11.721600 -2.823830
vt 11.711600 -2.831520
vt 11.713800 -2.840370
vt 11.721500 -2.843660
vt 11.721600 -2.839990
vt 11.750200 -2.717890
vt 11.741200 -2.722990
vt 11.760000 -2.724070
vt 11.751700 -2.715370
vt 11.751700 -2.721580
vt 11.757200 -2.726970
vt 11.744600 -2.725640
vt 11.740200 -2.733630
vt 11.710300 -2.822020
vt 11.707300 -2.831890
vt 11.710400 -2.844420
vt 11.721700 -2.819770
vt 11.709700 -2.819150
vt 11.714000 -2.823630
vt 11.721700 -2.823790
vt 11.711600 -2.831470
vt 11.713800 -2.840320
vt 11.721600 -2.843610
vt 11.721600 -2.839940
vt 11.746000 -2.738670
vt 11.746100 -2.738670
vt 46.000000 -18.971001
vt 46.032001 -18.967400
vt 46.029999 -18.962000
vt 46.000000 -18.976999
vt 45.967999 -18.967400
vt 45.970001 -18.962000
vt 46.009499 -18.936899
vt 46.009499 -18.943001
vt 46.013199 -18.935801
vt 46.013199 -18.944099
vt 46.008202 -18.943399
vt 46.008202 -18.936501
vt 46.014702 -18.933100
vt 46.005798 -18.944099
vt 46.014702 -18.946800
vt 46.005798 -18.935801
vt 46.042400 -18.940300
vt 46.029999 -18.918600
vt 46.013199 -18.949499
vt 46.013199 -18.930401
vt 46.009499 -18.950600
vt 46.009499 -18.929300
vt 46.000000 -18.909599
vt 46.005798 -18.949499
vt 46.005798 -18.930401
vt 45.994202 -18.949800
vt 45.995800 -18.947100
vt 45.990501 -18.950899
vt 46.004299 -18.946800
vt 45.986801 -18.949800
vt 45.994202 -18.944500
vt 45.985298 -18.947100
vt 45.957600 -18.940300
vt 45.994202 -18.936100
vt 45.990501 -18.937201
vt 45.995800 -18.933399
vt 45.990501 -18.943399
vt 46.004299 -18.933100
vt 45.986801 -18.936100
vt 45.994202 -18.930799
vt 45.986801 -18.944500
vt 45.985298 -18.933399
vt 45.970001 -18.918600
vt 45.990501 -18.929600
vt 45.986801 -18.930799
vt 46.000000 -19.087500
vt 45.994202 -19.058300
vt 45.990501 -19.059799
vt 46.005798 -19.057800
vt 45.995800 -19.054600
vt 45.970001 -19.075100
vt 45.986801 -19.058300
vt 45.985298 -19.054600
vt 46.004299 -19.054100
vt 46.009499 -19.059299
vt 46.029999 -19.075100
vt 46.013199 -19.057800
vt 46.014702 -19.054100
vt 45.957600 -19.045099
vt 46.042400 -19.045099
vt 45.986801 -19.050900
vt 46.013199 -19.050400
vt 45.986801 -19.039301
vt 45.985298 -19.035601
vt 45.990501 -19.040899
vt 45.970001 -19.015100
vt 45.990501 -19.049299
vt 45.986801 -19.031900
vt 45.990501 -19.030399
vt 45.994202 -19.050900
vt 46.000000 -19.002701
vt 45.994202 -19.039301
vt 45.994202 -19.031900
vt 46.005798 -19.050400
vt 46.005798 -19.038799
vt 45.995800 -19.035601
vt 46.008202 -19.049400
vt 46.004299 -19.035101
vt 46.008202 -19.039801
vt 46.005798 -19.031401
vt 46.009499 -19.040400
vt 46.009499 -19.029900
vt 46.009499 -19.048800
vt 46.029999 -19.015100
vt 46.013199 -19.038799
vt 46.013199 -19.031401
vt 46.014702 -19.035101
vt 46.009499 -18.951200
vt 46.013199 -18.952400
vt 46.005798 -18.952400
vt 46.009499 -18.937500
vt 46.013199 -18.938601
vt 46.005798 -18.938601
vt 46.018200 -18.969999
vt 46.026699 -19.000000
vt 46.023701 -18.968000
vt 46.032902 -19.000000
vt 46.023701 -19.032000
vt 46.018200 -19.030001
vt 45.976700 -18.990499
vt 45.965199 -18.994200
vt 45.976700 -18.994200
vt 45.965199 -18.990499
vt 45.965199 -18.986799
vt 45.976700 -18.986799
vt 45.976700 -19.013201
vt 45.965199 -19.009501
vt 45.965199 -19.013201
vt 45.976700 -19.009501
vt 45.965199 -19.008200
vt 45.976700 -19.005800
vt 45.965199 -19.005800
vt 45.995602 -18.990499
vt 45.988400 -18.994200
vt 45.996700 -18.994200
vt 45.987301 -18.990499
vt 45.988400 -18.986799
vt 45.996700 -18.986799
vt 45.976601 -19.013201
vt 45.965099 -19.009501
vt 45.965099 -19.013201
vt 45.976601 -19.009501
vt 45.965099 -19.005800
vt 45.976601 -19.005800
vt 45.965401 -18.969999
vt 45.971199 -19.000000
vt 45.971100 -18.968000
vt 45.976799 -18.969999
vt 45.965401 -19.000000
vt 45.965401 -19.030001
vt 45.971100 -19.032000
vt 45.976799 -19.030001
vt 45.976898 -19.000000
vt 46.008701 -18.990499
vt 46.001499 -18.994200
vt 46.009701 -18.994200
vt 46.000401 -18.990499
vt 46.001499 -18.986799
vt 46.009701 -18.986799
vt 45.965099 -18.994200
vt 45.976601 -18.990499
vt 45.965099 -18.990499
vt 45.965099 -18.986799
vt 45.976601 -18.994200
vt 45.976601 -18.986799
vt 46.023201 -18.962000
vt 45.998402 -18.944201
vt 46.020500 -18.967400
vt 46.014999 -18.969900
vt 46.002499 -18.940300
vt 45.994301 -18.948200
vt 45.981800 -18.918600
vt 45.973598 -18.926500
vt 45.976299 -18.921101
vt 46.023300 -19.035700
vt 46.034698 -19.031900
vt 46.023300 -19.032000
vt 46.034698 -19.035601
vt 46.034801 -19.039301
vt 46.023300 -19.039400
vt 46.034801 -19.038799
vt 46.034698 -19.035101
vt 46.034698 -19.031401
vt 45.998199 -18.952400
vt 46.008701 -18.946800
vt 46.006199 -18.944099
vt 46.000801 -18.955000
vt 46.011299 -18.949499
vt 46.003300 -18.957701
vt 45.987701 -18.941299
vt 45.998199 -18.935801
vt 45.995701 -18.933100
vt 45.990299 -18.944000
vt 45.985199 -18.938601
vt 45.993099 -18.930401
vt 46.011600 -18.949800
vt 46.009102 -18.947100
vt 46.006500 -18.944500
vt 46.034801 -19.054100
vt 46.023399 -19.050900
vt 46.023399 -19.054600
vt 46.034801 -19.050400
vt 46.034901 -19.057800
vt 46.023399 -19.058300
vt 46.034901 -19.075100
vt 46.029099 -19.045099
vt 46.029202 -19.077101
vt 46.023499 -19.075100
vt 46.034801 -19.045099
vt 46.023399 -19.045200
vt 46.034599 -19.015100
vt 46.023201 -19.015200
vt 46.028900 -19.013100
vt 45.993401 -18.930799
vt 45.995998 -18.933399
vt 45.998501 -18.936100
vt 46.034901 -19.058300
vt 46.034801 -19.054600
vt 46.034801 -19.050900
vt 46.032001 -18.921101
vt 46.000000 -18.917500
vt 46.029999 -18.926500
vt 46.000000 -18.911501
vt 45.967999 -18.921101
vt 45.970001 -18.926500
vt 45.986801 -18.957701
vt 45.990501 -18.950600
vt 45.986801 -18.949499
vt 45.990501 -18.958799
vt 45.994202 -18.957701
vt 45.994202 -18.949499
vt 45.957600 -19.045200
vt 45.985298 -19.035700
vt 45.970001 -19.015200
vt 45.986801 -19.032000
vt 45.990501 -19.030500
vt 45.986801 -19.039400
vt 46.000000 -19.002800
vt 45.994202 -19.032000
vt 45.990501 -19.049400
vt 45.994202 -19.039400
vt 45.990501 -19.059900
vt 46.000000 -19.087601
vt 46.005798 -19.058300
vt 46.009499 -19.059900
vt 46.004200 -19.054600
vt 46.013199 -19.058300
vt 46.014702 -19.054600
vt 46.005798 -19.050900
vt 46.042400 -19.045200
vt 46.013199 -19.050900
vt 46.013199 -19.039400
vt 46.009499 -19.049400
vt 46.014702 -19.035700
vt 46.009499 -19.040899
vt 46.029999 -19.015200
vt 46.013199 -19.032000
vt 46.009499 -19.030500
vt 46.005798 -19.032000
vt 46.004200 -19.035700
vt 45.995800 -19.035700
vt 46.005798 -19.039400
vt 45.986801 -18.944000
vt 45.985298 -18.941299
vt 45.985298 -18.955000
vt 45.986801 -18.952400
vt 45.990501 -18.945101
vt 45.990501 -18.951200
vt 45.994202 -18.952400
vt 45.994202 -18.944000
vt 45.957600 -18.948200
vt 45.970001 -18.969900
vt 45.986801 -18.938601
vt 45.990501 -18.937500
vt 46.000000 -18.978901
vt 45.994202 -18.938601
vt 46.005798 -18.957701
vt 46.004200 -18.955000
vt 46.009499 -18.958799
vt 45.995800 -18.955000
vt 46.029999 -18.969900
vt 46.013199 -18.957701
vt 46.014702 -18.955000
vt 46.042400 -18.948200
vt 46.014702 -18.941299
vt 46.013199 -18.944000
vt 46.009499 -18.945101
vt 46.005798 -18.944000
vt 46.004200 -18.941299
vt 45.995800 -18.941299
vt 45.990501 -18.936899
vt 45.986801 -18.935801
vt 45.991798 -18.936501
vt 45.994202 -18.935801
vt 46.023499 -19.000000
vt 46.020500 -19.032000
vt 46.029598 -19.000000
vt 46.020500 -18.968000
vt 46.014999 -19.030001
vt 46.014999 -18.969999
vt 46.023300 -18.994200
vt 46.034698 -18.994200
vt 46.034698 -18.990499
vt 46.023300 -18.990499
vt 46.023300 -18.986799
vt 46.034698 -18.986799
vt 46.023300 -19.013201
vt 46.034698 -19.013201
vt 46.034698 -19.009501
vt 46.023300 -19.009501
vt 46.034698 -19.005800
vt 46.023300 -19.005800
vt 45.998199 -18.994200
vt 46.006500 -18.994200
vt 46.005501 -18.990499
vt 45.997200 -18.990499
vt 45.998199 -18.986799
vt 46.006500 -18.986799
vt 46.023399 -19.013201
vt 46.034801 -19.013201
vt 46.034801 -19.009501
vt 46.023399 -19.009501
vt 46.034801 -19.008200
vt 46.023399 -19.005800
vt 46.034801 -19.005800
vt 46.034901 -19.030001
vt 46.029301 -19.000000
vt 46.029202 -19.032000
vt 46.035000 -19.000000
vt 46.023499 -19.030001
vt 46.023602 -19.000000
vt 46.034901 -18.969999
vt 46.023499 -18.969999
vt 46.029202 -18.968000
vt 45.985199 -18.994200
vt 45.993401 -18.994200
vt 45.992401 -18.990499
vt 45.984100 -18.990499
vt 45.985199 -18.986799
vt 45.993401 -18.986799
vt 46.023399 -18.994200
vt 46.034801 -18.994200
vt 46.034801 -18.990499
vt 46.023399 -18.986799
vt 46.034801 -18.986799
vt 46.023399 -18.990499
vt 45.997501 -18.940300
vt 45.976799 -18.962000
vt 46.001598 -18.944201
vt 46.018200 -18.918600
vt 45.979500 -18.967400
vt 45.985001 -18.969900
vt 46.005699 -18.948200
vt 46.026402 -18.926500
vt 46.023701 -18.921101
vt 45.976700 -19.032000
vt 45.965302 -19.031900
vt 45.976700 -19.035700
vt 45.965302 -19.035601
vt 45.965199 -19.039301
vt 45.976700 -19.039400
vt 45.965199 -19.038799
vt 45.965302 -19.035101
vt 45.965302 -19.031401
vt 45.991299 -18.946800
vt 46.001801 -18.952400
vt 45.993801 -18.944099
vt 45.999199 -18.955000
vt 45.988701 -18.949499
vt 45.996700 -18.957701
vt 46.012299 -18.941299
vt 46.001801 -18.935801
vt 46.009701 -18.944000
vt 46.014801 -18.938601
vt 46.006901 -18.930401
vt 45.988400 -18.949800
vt 45.990898 -18.947100
vt 45.993500 -18.944500
vt 45.965199 -19.054100
vt 45.976601 -19.050900
vt 45.965199 -19.050400
vt 45.976601 -19.054600
vt 45.965099 -19.057800
vt 45.976601 -19.058300
vt 45.965199 -19.045099
vt 45.965099 -19.075100
vt 45.970901 -19.045099
vt 45.965401 -19.015100
vt 45.970798 -19.077101
vt 45.976501 -19.075100
vt 45.976601 -19.045200
vt 45.976799 -19.015200
vt 45.971100 -19.013100
vt 46.006599 -18.930799
vt 46.004002 -18.933399
vt 46.001499 -18.936100
vt 45.965099 -19.058300
vt 45.965199 -19.054600
vt 45.965199 -19.050900
s 1
usemtl Meshpart1Mtl
f 1/1/1 2/2/2 3/3/3
f 1/1/1 3/3/3 4/4/4
f 5/5/5 6/6/6 7/7/7
f 8/8/8 9/9/9 10/2/10
f 10/2/10 11/1/11 8/8/8
f 12/3/12 13/10/13 14/4/4
f 14/4/4 13/10/13 15/11/14
f 16/5/5 17/12/6 18/6/15
f 19/10/13 20/6/15 21/11/16
f 20/6/15 19/10/13 22/7/7
f 23/9/17 24/13/18 25/14/19
f 25/14/19 26/2/20 23/9/17
f 27/2/21 28/14/22 29/15/23
f 27/2/21 29/15/23 30/3/24
f 31/16/25 32/17/26 33/18/27
f 32/17/26 31/16/25 34/19/28
f 35/20/29 36/19/30 37/16/31
f 36/19/30 35/20/29 38/21/32
f 39/18/33 40/22/34 41/23/35
f 40/22/34 39/18/33 42/17/36
f 43/24/37 42/17/38 44/25/39
f 42/17/38 43/24/37 45/22/40
f 46/21/41 47/26/42 48/19/43
f 47/26/42 46/21/41 49/27/44
f 50/19/45 51/25/39 52/17/46
f 51/25/39 50/19/45 53/26/47
f 54/28/48 55/29/49 56/30/50
f 54/28/48 57/31/49 55/29/49
f 58/32/51 54/28/48 56/30/50
f 59/5/52 60/33/51 58/32/51
f 60/33/51 59/5/52 61/7/53
f 62/34/54 63/35/55 64/36/56
f 63/35/55 62/34/54 65/37/57
f 66/38/58 67/39/59 68/40/60
f 67/39/59 66/38/58 69/34/61
f 70/27/44 71/41/62 72/26/42
f 71/41/62 70/27/44 73/42/63
f 74/37/57 75/43/64 76/35/55
f 77/42/63 78/40/60 79/41/62
f 78/40/60 77/42/63 80/38/58
f 81/34/65 82/36/56 83/39/66
f 84/44/67 85/40/68 83/39/69
f 86/45/70 87/39/69 82/36/71
f 87/39/69 86/45/70 88/44/67
f 89/46/72 90/44/67 86/45/70
f 91/36/73 92/35/74 93/45/70
f 93/45/70 92/35/74 94/47/67
f 95/43/75 96/48/62 97/35/55
f 98/35/76 99/49/67 100/47/67
f 99/49/67 98/35/76 101/48/77
f 100/47/67 102/49/67 103/50/78
f 104/46/72 105/45/70 106/50/78
f 107/50/78 108/45/70 109/47/67
f 110/51/79 111/46/72 112/52/49
f 113/50/78 114/53/49 115/52/80
f 116/46/72 117/50/78 118/52/49
f 119/49/67 120/54/81 121/50/82
f 121/50/82 120/54/81 122/53/49
f 123/55/83 124/51/79 125/56/84
f 126/56/85 124/51/79 127/52/49
f 126/56/85 127/52/49 128/31/80
f 128/31/80 127/52/49 129/29/49
f 127/52/49 130/53/49 129/29/49
f 131/33/86 132/28/48 133/32/86
f 132/28/48 134/57/87 135/56/88
f 134/57/87 132/28/48 136/33/51
f 137/3/89 134/57/87 138/10/90
f 137/3/89 139/15/23 134/57/87
f 140/57/87 141/7/53 138/10/90
f 141/7/53 140/57/87 142/33/51
f 139/15/23 143/56/85 144/57/87
f 139/15/23 145/55/83 143/56/85
f 143/56/85 146/31/49 147/28/48
f 145/55/83 148/24/37 149/51/79
f 150/25/39 149/51/79 148/24/37
f 149/51/79 150/25/39 151/58/91
f 151/58/92 152/40/68 153/44/67
f 151/58/92 154/41/77 152/40/68
f 155/58/91 156/26/47 154/41/77
f 156/26/47 155/58/91 157/25/39
f 158/51/93 151/58/91 159/44/67
f 158/51/93 159/44/67 160/46/72
f 161/59/94 162/60/95 163/61/96
f 161/59/94 164/22/97 162/60/95
f 164/22/97 165/55/83 162/60/95
f 165/55/83 164/22/97 166/24/37
f 167/23/35 168/22/34 169/59/94
f 172/62/98 171/61/96 173/60/99
f 174/13/100 170/62/101 175/60/102
f 174/13/100 175/60/102 176/14/19
f 176/14/22 177/55/103 178/15/23
f 176/14/22 179/60/104 177/55/103
f 180/63/105 181/64/106 182/65/107
f 180/63/105 182/65/107 183/66/108
f 184/67/109 185/68/110 186/69/111
f 185/68/110 184/67/109 187/70/112
f 188/71/113 189/70/114 190/67/109
f 189/70/114 188/71/113 191/72/115
f 192/65/116 193/73/117 194/66/118
f 194/66/118 193/73/117 195/74/119
f 196/75/120 197/76/121 198/77/120
f 199/77/120 200/76/121 201/78/122
f 202/73/123 203/79/124 204/74/125
f 204/74/125 203/79/124 205/80/126
f 206/81/120 207/77/120 208/78/122
f 209/81/120 210/78/127 211/82/128
f 212/79/124 213/82/128 214/80/129
f 213/82/128 212/79/124 215/81/120
f 216/75/130 217/83/131 218/76/121
f 219/84/132 220/85/133 221/86/134
f 220/85/133 222/87/135 221/86/134
f 223/88/136 224/69/137 225/68/138
f 224/69/137 223/88/136 226/89/139
f 227/90/140 228/84/141 229/91/142
f 228/84/141 230/86/143 229/91/142
f 231/64/106 232/92/144 233/93/145
f 231/64/106 233/93/145 234/65/146
f 235/88/147 236/68/148 237/94/149
f 237/94/149 236/68/148 238/95/150
f 239/96/151 240/90/152 241/97/153
f 240/90/152 242/91/154 241/97/153
f 243/92/144 244/98/155 245/99/156
f 243/92/144 245/99/156 246/93/145
f 247/100/155 248/96/157 249/101/158
f 248/96/157 250/97/159 249/101/158
f 251/101/158 252/102/155 253/100/160
f 251/101/158 254/103/161 252/102/155
f 255/101/158 256/99/156 257/103/162
f 258/98/155 257/103/162 256/99/156
f 259/104/163 260/86/164 261/87/165
f 261/87/165 262/105/166 259/104/163
f 263/106/167 264/89/168 265/88/136
f 264/89/168 263/106/167 266/107/169
f 267/106/170 268/108/171 266/107/169
f 268/108/171 267/106/170 269/109/172
f 270/110/173 271/111/174 272/112/175
f 270/110/173 272/112/175 273/113/176
f 274/114/177 275/111/178 276/110/179
f 275/111/178 274/114/177 277/115/180
f 278/95/181 279/116/182 280/94/183
f 279/116/182 278/95/181 281/117/184
f 282/105/166 283/118/185 284/104/163
f 283/118/185 282/105/166 285/119/186
f 286/91/187 287/86/188 288/120/189
f 287/86/188 289/104/190 288/120/189
f 290/118/191 291/115/192 292/114/193
f 291/115/192 290/118/191 293/119/186
f 294/65/194 295/93/195 296/121/196
f 294/65/194 296/121/196 297/73/197
f 298/122/198 299/109/199 300/123/200
f 299/109/199 301/106/201 300/123/200
f 301/106/201 302/88/147 303/123/202
f 303/123/202 302/88/147 304/94/203
f 305/114/204 306/110/205 307/124/206
f 307/124/206 306/110/205 308/125/207
f 309/116/182 310/126/208 311/127/209
f 310/126/208 309/116/182 312/117/184
f 313/128/210 314/114/211 315/124/212
f 314/114/211 313/128/210 316/118/213
f 317/129/214 318/75/215 319/77/215
f 318/75/215 317/129/214 320/130/216
f 321/79/217 322/131/214 323/81/215
f 322/131/214 321/79/217 324/132/218
f 325/81/215 326/129/214 327/77/215
f 326/129/214 325/81/215 328/131/219
f 329/97/220 330/91/221 331/133/222
f 330/91/221 332/120/223 331/133/222
f 333/93/224 334/99/225 335/134/226
f 333/93/224 335/134/226 336/121/227
f 337/101/228 338/97/229 339/135/230
f 338/97/229 340/133/222 339/135/230
f 341/135/230 342/99/225 343/101/228
f 342/99/225 341/135/230 344/134/226
f 345/136/231 346/137/232 347/138/233
f 348/139/234 349/140/235 347/138/236
f 350/141/237 347/138/236 349/140/235
f 351/140/235 352/142/238 350/141/239
f 352/142/238 351/140/235 353/143/240
f 354/125/241 355/144/242 356/124/243
f 355/144/242 354/125/241 357/143/240
f 358/121/227 359/132/244 360/73/245
f 360/73/245 359/132/244 361/79/217
f 358/121/227 362/134/246 363/132/244
f 362/134/246 364/145/247 363/132/244
f 365/146/248 366/147/249 367/148/250
f 368/149/251 365/146/252 369/148/250
f 366/147/249 370/150/253 371/151/254
f 370/150/253 366/147/249 372/146/248
f 373/151/255 374/152/256 366/147/249
f 374/152/256 375/153/257 366/147/249
f 376/152/240 377/154/258 375/153/259
f 377/154/258 376/152/240 378/155/260
f 379/117/261 380/156/262 378/155/260
f 380/156/262 379/117/261 381/95/263
f 381/95/264 382/70/265 383/156/266
f 381/95/264 384/68/267 382/70/265
f 385/155/268 386/126/269 379/117/261
f 386/126/269 385/155/268 387/152/240
f 388/157/270 386/126/269 389/151/271
f 386/126/269 390/152/240 389/151/271
f 377/154/272 391/158/273 392/153/274
f 391/158/273 377/154/272 393/159/275
f 394/148/250 392/153/274 391/158/273
f 392/153/274 394/148/250 366/147/276
f 391/158/273 395/160/277 394/148/250
f 394/148/250 395/160/277 396/149/251
f 391/158/273 397/159/278 395/160/277
f 397/159/278 398/161/279 395/160/277
f 393/159/278 399/162/280 400/161/281
f 399/162/280 401/163/282 400/161/281
f 402/162/283 393/159/278 403/164/284
f 404/154/285 403/164/284 393/159/278
f 405/155/286 403/164/284 404/154/285
f 405/155/286 406/156/287 403/164/284
f 407/156/266 408/72/288 403/164/289
f 407/156/266 409/70/265 408/72/288
f 403/164/290 410/72/291 411/162/292
f 412/165/293 411/162/292 410/72/291
f 411/162/294 413/165/295 414/163/296
f 413/165/295 415/166/297 414/163/296
f 416/157/270 417/151/298 418/150/299
f 416/157/270 418/150/299 419/167/300
f 420/168/248 421/133/222 422/120/301
f 422/120/301 423/128/302 420/168/248
f 424/133/222 420/168/252 425/169/303
f 425/169/303 426/135/230 424/133/222
f 427/128/304 422/120/305 428/104/306
f 428/104/306 429/118/307 427/128/304
f 430/170/308 431/171/309 432/139/234
f 432/139/234 431/171/309 433/172/310
f 433/172/310 434/140/235 432/139/234
f 433/172/310 435/144/311 436/140/235
f 435/144/311 437/143/240 436/140/235
f 438/167/312 439/127/313 440/157/270
f 439/127/313 441/126/208 440/157/270
f 442/173/314 438/167/300 443/174/315
f 442/173/314 444/127/316 438/167/300
f 445/144/311 446/168/252 447/128/302
f 447/128/302 448/124/317 445/144/311
f 449/130/216 450/175/318 451/176/318
f 452/129/219 453/177/318 454/175/318
f 455/175/319 456/150/299 457/146/252
f 458/150/299 459/175/318 460/167/312
f 461/132/244 462/145/320 463/131/219
f 462/145/320 464/177/318 463/131/219
f 465/129/219 466/131/219 467/177/318
f 468/175/319 469/130/321 470/129/219
f 471/127/322 472/173/323 473/116/182
f 474/178/324 475/135/325 476/169/326
f 477/167/327 478/175/318 479/174/315
f 480/177/318 481/170/308 482/137/232
f 483/170/308 484/139/234 485/137/232
f 484/139/234 486/138/233 485/137/232
f 487/177/319 488/137/232 489/179/324
f 490/175/318 489/179/324 491/174/315
f 490/175/318 492/177/319 489/179/324
f 493/170/308 494/178/324 495/171/328
f 496/145/247 497/170/308 498/177/318
f 497/170/308 496/145/247 499/178/324
f 500/172/310 501/169/303 502/168/248
f 502/168/248 503/144/311 500/172/310
f 504/169/303 500/172/310 505/171/309
f 505/171/309 506/178/324 504/169/303
f 506/178/329 507/134/226 508/135/230
f 507/134/226 506/178/329 509/145/247
f 510/175/319 511/146/248 512/176/318
f 511/146/248 513/149/251 512/176/318
f 514/173/330 515/180/331 516/181/332
f 514/173/330 517/174/333 515/180/331
f 518/179/324 519/182/334 520/174/333
f 521/123/335 522/181/332 523/122/336
f 522/181/332 521/123/335 524/173/323
f 521/123/335 525/116/182 524/173/323
f 525/116/182 521/123/335 526/94/337
f 527/182/334 528/137/232 529/136/231
f 530/179/324 528/137/232 527/182/334
f 531/183/338 532/180/331 533/182/334
f 533/182/334 532/180/331 534/174/333
f 531/183/338 535/184/339 536/180/331
f 535/184/339 537/181/340 536/180/331
f 538/185/341 539/186/342 540/122/343
f 539/186/342 541/109/344 540/122/343
f 543/109/172 544/187/345 542/108/171
f 544/187/345 543/109/172 545/186/346
f 546/184/339 547/185/347 548/181/340
f 547/185/347 549/122/348 548/181/340
f 550/113/349 551/125/207 552/110/350
f 551/125/207 550/113/349 553/188/351
f 553/188/351 550/113/349 554/189/352
f 555/190/353 554/189/352 550/113/349
f 556/188/354 557/143/240 558/125/241
f 557/143/240 556/188/354 559/142/238
f 560/142/355 556/188/356 561/191/357
f 562/189/358 561/191/357 556/188/356
f 563/192/359 559/142/355 564/191/357
f 559/142/355 563/192/359 565/141/360
f 566/192/361 567/138/233 565/141/360
f 567/138/233 566/192/361 568/136/231
f 569/71/362 570/165/363 571/72/291
f 570/165/363 569/71/362 572/193/364
f 573/184/365 574/183/366 575/191/367
f 576/192/368 575/191/367 574/183/366
f 577/136/231 574/183/338 578/182/334
f 574/183/338 577/136/231 579/192/361
f 580/185/369 581/184/365 582/189/370
f 583/191/367 582/189/370 581/184/365
f 584/194/371 585/186/372 586/190/373
f 585/186/372 584/194/371 587/187/374
f 588/186/375 589/185/376 590/190/353
f 591/189/358 590/190/353 589/185/376
f 592/193/377 593/166/378 594/165/379
f 593/166/378 592/193/377 595/195/380
f 596/196/381 597/197/382 598/198/383
f 597/197/382 596/196/381 599/199/384
f 600/199/385 601/200/386 602/197/382
f 601/200/386 600/199/385 603/201/387
f 604/202/388 605/203/389 606/204/390
f 607/205/391 608/200/392 609/201/393
f 609/201/393 610/203/394 607/205/391
f 611/202/395 612/205/395 613/203/389
f 614/206/396 615/202/397 616/204/398
f 617/207/399 618/208/400 619/209/401
f 618/208/400 617/207/399 620/210/402
f 621/210/402 622/211/403 623/208/400
f 622/211/403 621/210/402 624/212/404
f 626/213/405 627/214/406 625/215/407
f 627/214/406 626/213/405 628/216/408
f 629/217/409 630/210/410 631/207/411
f 630/210/410 629/217/409 632/218/412
f 633/219/413 634/209/414 635/220/415
f 634/209/414 633/219/413 636/207/416
f 638/221/417 639/222/418 637/223/419
f 637/223/419 640/224/420 638/221/417
f 641/225/421 642/226/422 643/227/422
f 641/225/421 644/228/423 645/229/424
f 646/230/425 647/231/426 645/229/427
f 647/231/426 646/230/425 648/206/428
f 649/206/396 650/232/398 647/231/429
f 650/232/398 649/206/396 651/204/430
f 652/233/431 653/234/432 654/235/433
f 653/234/432 652/233/431 655/236/434
f 656/198/435 657/236/436 652/233/437
f 657/236/436 656/198/435 658/197/438
f 659/237/439 660/238/440 661/239/441
f 660/238/440 659/237/439 662/240/442
f 663/241/443 660/238/444 664/242/445
f 660/238/444 663/241/443 665/243/446
f 666/216/447 667/244/448 668/214/449
f 667/244/448 666/216/447 669/245/450
f 670/222/451 671/221/452 672/246/453
f 670/222/451 672/246/453 673/247/454
f 674/240/455 675/242/445 676/238/456
f 675/242/445 674/240/455 677/248/457
f 678/224/420 679/249/458 680/250/459
f 680/250/459 681/221/460 678/224/420
f 682/251/461 683/250/462 679/249/463
f 679/249/463 684/252/464 682/251/461
f 685/253/465 686/254/466 687/255/467
f 686/254/466 685/253/465 688/256/468
f 689/257/469 690/220/470 691/258/471
f 690/220/470 689/257/469 692/219/472
f 693/259/473 694/257/474 691/258/475
f 695/260/476 694/257/474 693/259/473
f 696/246/477 697/261/478 698/247/454
f 698/247/454 697/261/478 699/262/479
f 700/261/478 701/255/467 702/262/479
f 701/255/467 700/261/478 703/253/480
f 704/217/481 705/219/482 706/263/483
f 705/219/482 704/217/481 707/207/484
f 708/197/485 709/264/486 710/236/487
f 709/264/486 708/197/485 711/200/488
f 712/214/489 713/265/490 714/266/491
f 713/265/490 712/214/489 715/244/492
f 716/230/425 717/267/493 718/206/428
f 718/206/428 719/267/493 720/202/494
f 721/268/495 720/202/494 719/267/493
f 722/268/496 723/269/497 724/202/494
f 725/270/498 726/271/499 727/260/500
f 725/270/498 727/260/500 728/259/501
f 729/272/502 730/205/494 731/269/497
f 730/205/494 732/202/494 731/269/497
f 733/264/486 734/200/488 735/272/502
f 734/200/488 736/205/503 735/272/502
f 738/273/504 739/251/505 737/252/506
f 739/251/505 738/273/504 740/274/507
f 741/275/508 742/276/509 743/277/510
f 744/278/511 742/276/509 745/275/508
f 742/276/509 744/278/511 746/279/512
f 747/280/513 748/277/510 742/276/509
f 747/280/513 749/281/514 748/277/510
f 750/282/515 749/281/514 747/280/513
f 751/283/516 749/281/514 750/282/515
f 752/281/517 753/284/518 748/277/519
f 754/285/520 753/284/518 752/281/517
f 755/286/521 756/283/522 750/282/515
f 756/283/522 755/286/521 757/287/523
f 758/244/524 757/287/523 759/286/521
f 759/286/521 760/265/525 758/244/524
f 761/288/526 756/283/522 762/287/523
f 756/283/522 761/288/526 763/289/527
f 763/289/528 764/285/529 765/283/522
f 765/283/522 764/285/529 766/281/530
f 767/243/531 768/290/532 769/291/533
f 768/290/532 767/243/531 770/241/534
f 771/239/535 772/243/536 773/292/537
f 772/243/536 771/239/535 774/238/456
f 775/293/538 773/292/539 776/243/540
f 776/243/540 777/291/541 775/293/538
f 778/221/542 779/250/543 780/294/544
f 778/221/542 780/294/544 781/246/545
f 782/212/546 783/295/547 784/296/548
f 782/212/546 784/296/548 785/297/549
f 786/210/410 783/295/547 782/212/546
f 783/295/547 786/210/410 787/218/550
f 788/253/551 789/298/552 790/256/553
f 789/298/552 791/299/554 790/256/553
f 792/300/555 793/257/556 794/301/557
f 795/260/558 794/301/557 793/257/556
f 793/257/556 792/300/555 796/263/483
f 793/257/556 796/263/483 797/219/559
f 798/228/423 799/230/425 800/229/424
f 801/261/560 802/302/561 803/253/551
f 802/302/561 804/298/552 803/253/551
f 805/246/562 806/302/561 801/261/560
f 806/302/561 805/246/562 807/294/544
f 808/266/563 809/303/564 810/304/565
f 809/303/564 808/266/563 811/265/566
f 812/286/567 813/303/564 811/265/566
f 813/303/564 812/286/567 814/305/568
f 815/306/569 816/307/570 817/308/571
f 817/308/571 816/307/570 818/309/572
f 819/227/422 820/310/573 821/228/574
f 821/228/574 822/225/421 819/227/422
f 823/250/575 824/251/576 825/311/577
f 823/250/575 825/311/577 826/294/544
f 827/227/422 828/312/578 829/313/578
f 830/313/578 831/310/573 832/227/422
f 832/227/422 833/226/422 834/312/578
f 834/312/578 833/226/422 835/314/579
f 834/312/580 836/314/579 837/315/512
f 837/315/512 836/314/579 838/316/512
f 839/310/581 840/313/578 841/275/508
f 842/282/515 843/280/582 844/317/583
f 844/317/583 843/280/582 845/279/512
f 846/318/584 847/278/511 848/313/580
f 849/313/578 850/312/578 851/318/584
f 851/318/584 850/312/578 852/319/511
f 853/314/579 854/320/583 855/316/512
f 856/321/585 857/322/586 858/278/511
f 859/323/587 860/324/588 861/325/589
f 862/326/590 863/324/588 859/323/587
f 864/327/591 863/324/588 862/326/590
f 860/324/592 865/317/583 866/328/593
f 865/317/583 867/279/512 866/328/593
f 868/327/594 869/317/583 860/324/592
f 870/305/595 869/317/583 868/327/594
f 870/305/595 871/282/515 869/317/583
f 872/286/567 871/282/515 870/305/595
f 873/329/596 870/305/568 874/327/594
f 875/303/564 870/305/568 873/329/596
f 876/330/597 877/303/564 873/329/598
f 876/330/597 878/304/599 877/303/564
f 879/331/600 880/304/601 876/330/602
f 879/331/600 881/332/603 880/304/601
f 882/306/604 879/331/605 883/330/606
f 882/306/604 883/330/606 884/307/607
f 885/333/608 886/304/518 881/332/603
f 886/304/518 885/333/608 887/266/609
f 888/215/610 889/266/611 885/333/612
f 889/266/611 888/215/610 890/214/613
f 892/308/614 893/274/615 891/273/616
f 893/274/615 892/308/614 894/309/572
f 895/319/511 896/334/617 897/335/618
f 898/310/573 899/275/508 900/336/619
f 901/336/620 899/275/621 902/277/510
f 902/277/510 903/284/565 901/336/620
f 904/302/622 905/337/623 906/298/552
f 905/337/623 907/338/624 906/298/552
f 906/298/552 907/338/624 908/299/625
f 907/338/624 909/339/626 908/299/625
f 908/299/625 909/339/626 910/340/627
f 911/341/628 910/340/627 909/339/626
f 912/311/629 913/337/630 904/302/631
f 914/294/632 912/311/629 904/302/631
f 915/342/633 916/343/634 910/340/635
f 917/344/636 910/340/635 916/343/634
f 910/340/635 917/344/636 918/299/637
f 919/256/638 918/299/637 917/344/636
f 910/340/639 920/341/640 921/342/633
f 922/345/641 921/342/633 920/341/640
f 923/346/175 924/256/642 917/344/643
f 924/256/642 923/346/175 925/254/466
f 923/346/175 917/344/643 926/343/644
f 923/346/175 926/343/644 927/347/645
f 928/236/646 929/348/647 930/234/648
f 929/348/647 928/236/646 931/264/649
f 932/296/650 933/349/651 934/350/652
f 932/296/650 934/350/652 935/351/653
f 936/295/547 933/349/651 932/296/650
f 936/295/547 937/248/654 933/349/651
f 933/349/651 938/352/655 939/350/652
f 940/353/656 938/352/655 933/349/651
f 941/248/654 940/353/656 933/349/651
f 942/240/657 940/353/656 941/248/654
f 943/218/550 941/248/457 944/295/658
f 943/218/550 945/242/445 941/248/457
f 946/217/659 945/242/445 943/218/550
f 945/242/445 946/217/659 947/241/443
f 948/263/660 949/241/661 946/217/662
f 949/241/661 948/263/660 950/290/663
f 951/278/511 952/275/508 953/313/578
f 954/322/664 746/279/512 951/278/511
f 954/322/664 955/328/665 746/279/512
f 954/322/664 956/354/666 955/328/665
f 861/325/589 955/328/665 956/354/666
f 860/324/588 955/328/665 861/325/589
f 957/355/667 958/354/666 959/322/664
f 960/356/668 961/355/669 962/322/664
f 963/357/670 964/321/664 965/358/671
f 964/321/664 966/359/672 965/358/671
f 967/356/668 968/321/664 963/357/670
f 968/321/664 967/356/668 969/322/664
f 966/359/672 970/335/618 971/358/671
f 971/358/671 970/335/618 972/360/673
f 973/335/674 974/361/675 972/360/673
f 974/361/675 973/335/674 975/334/617
f 976/318/555 977/335/618 966/359/676
f 977/335/618 976/318/555 978/319/511
f 979/321/586 980/318/555 966/359/672
f 980/318/555 979/321/586 981/278/511
f 982/288/677 983/362/678 984/289/679
f 983/362/678 982/288/677 985/363/680
f 986/285/681 984/289/682 987/362/678
f 987/362/678 988/364/683 986/285/681
f 989/245/684 982/288/526 990/287/685
f 990/287/685 991/244/448 989/245/684
f 992/365/686 993/269/497 994/366/687
f 993/269/497 995/268/495 994/366/687
f 994/366/688 996/268/495 997/367/689
f 998/267/690 997/367/689 996/268/495
f 999/362/678 992/365/691 1000/364/683
f 992/365/691 1001/366/687 1000/364/683
f 1000/364/683 1001/366/687 1002/368/692
f 1003/367/689 1002/368/692 1001/366/687
f 1004/230/425 1005/369/693 998/267/690
f 1006/367/689 998/267/690 1005/369/693
f 1007/228/423 1008/336/619 1005/369/693
f 1008/336/619 1007/228/423 1009/310/694
f 1010/369/695 1011/368/696 1003/367/689
f 1011/368/696 1010/369/695 1012/336/697
f 1013/228/423 1010/369/693 1014/230/425
f 1015/370/698 1016/371/699 1017/372/700
f 1017/372/700 1016/371/699 1018/373/701
f 1019/291/702 1018/373/703 1020/371/704
f 1020/371/704 1021/293/538 1019/291/702
f 1018/373/705 1022/291/533 1023/374/706
f 1023/374/706 1022/291/533 1024/290/707
f 1025/372/708 1018/373/705 1026/374/706
f 1027/375/709 1025/372/708 1026/374/706
f 1028/279/710 1029/280/513 1030/276/509
f 1031/301/557 1032/260/711 1033/376/712
f 1034/271/713 1033/376/712 1032/260/711
f 1035/307/714 1036/330/715 1037/329/716
f 1035/307/714 1037/329/716 1038/377/717
f 1039/338/718 1040/337/719 1041/378/720
f 1041/378/720 1042/379/721 1039/338/718
f 1042/379/721 1043/380/722 1044/339/723
f 1045/338/724 1042/379/721 1044/339/723
f 1046/370/725 1047/381/726 1048/356/668
f 1048/356/668 1049/357/670 1046/370/725
f 1050/274/727 1051/311/728 1052/251/729
f 1051/311/728 1050/274/727 1053/382/492
f 1054/383/730 1055/345/641 1056/384/731
f 1057/341/640 1056/384/731 1055/345/641
f 1058/339/626 1059/380/732 1057/341/628
f 1060/384/733 1057/341/628 1059/380/732
f 1060/384/734 1061/380/735 1062/385/736
f 1062/385/736 1063/386/560 1060/384/734
f 1060/384/731 1064/386/737 1065/383/738
f 1064/386/737 1066/387/739 1065/383/738
f 1062/385/740 1067/325/741 1068/386/478
f 1067/325/741 1069/354/742 1068/386/478
f 1070/388/743 1071/376/744 1072/345/745
f 1073/342/633 1072/345/745 1071/376/744
f 1074/376/746 1070/388/747 1075/301/557
f 1076/375/748 1075/301/557 1070/388/747
f 1075/301/557 1076/375/748 1077/300/584
f 1078/374/706 1077/300/584 1076/375/748
f 1079/300/584 1078/374/706 1080/290/749
f 1079/300/584 1080/290/749 1081/263/660
f 1082/329/750 1083/327/591 1084/377/717
f 1084/377/717 1083/327/591 1085/326/751
f 1086/389/752 1087/390/557 1088/391/753
f 1088/391/753 1087/390/557 1089/392/754
f 1090/393/755 1086/389/756 1091/391/753
f 1092/394/757 1086/389/756 1090/393/755
f 1093/389/758 1094/320/583 1087/390/557
f 1093/389/758 1095/316/512 1094/320/583
f 1096/394/759 1095/316/512 1093/389/758
f 1096/394/759 1097/315/710 1095/316/512
f 1098/334/760 1099/315/512 1096/394/757
f 1098/334/760 1100/319/511 1099/315/512
f 1101/312/578 1099/315/512 1102/319/511
f 1103/371/761 1104/370/725 1105/357/670
f 1105/357/670 1106/358/762 1103/371/761
f 1106/358/762 1107/360/673 1108/371/763
f 1108/371/763 1107/360/673 1109/293/764
f 1110/337/765 1111/311/766 1112/382/524
f 1112/382/524 1113/378/767 1110/337/765
f 1114/381/726 1115/387/768 1116/355/769
f 1116/355/769 1117/356/770 1114/381/726
f 1118/334/617 1119/395/771 1120/361/772
f 1121/386/478 1122/354/742 1123/387/773
f 1122/354/742 1124/355/774 1123/387/773
f 1125/396/775 1126/378/776 1127/397/777
f 1126/378/776 1125/396/775 1128/379/778
f 1129/398/684 1127/397/777 1130/378/776
f 1130/378/776 1131/382/448 1129/398/684
f 1132/380/779 1128/379/778 1133/396/775
f 1133/396/775 1134/385/780 1132/380/779
f 1135/362/678 1136/363/680 1137/399/781
f 1138/400/717 1139/399/781 1136/363/680
f 1140/348/782 1139/399/781 1138/400/717
f 1137/399/781 992/365/691 1135/362/678
f 1141/348/783 1142/264/649 1137/399/784
f 1142/264/649 1143/272/785 1137/399/784
f 1144/399/784 1143/272/785 992/365/686
f 1143/272/785 993/269/497 992/365/686
f 1145/388/747 1146/401/786 1147/375/748
f 1146/401/786 1148/372/787 1147/375/748
f 1149/326/788 1150/323/789 1151/397/777
f 1151/397/777 1150/323/789 1152/396/790
f 1153/385/791 1152/396/792 1154/323/793
f 1154/323/793 1155/325/794 1153/385/791
f 1156/307/570 1157/377/795 1158/309/572
f 1158/309/572 1157/377/795 1159/398/450
f 1160/377/796 1161/326/797 1162/398/450
f 1162/398/450 1161/326/797 1163/397/777
f 1164/360/798 1165/361/799 1166/293/800
f 1166/293/800 1165/361/799 1167/292/801
f 1168/394/757 1169/395/802 1170/334/617
f 1169/395/802 1168/394/757 1171/393/755
f 1172/309/803 1173/382/448 1174/274/804
f 1173/382/448 1172/309/803 1175/398/450
f 1176/361/799 1177/395/805 1178/292/801
f 1178/292/801 1177/395/805 1179/239/806
f 1180/402/807 1181/235/808 1182/234/809
f 1180/402/807 1182/234/809 1183/403/810
f 1184/387/739 1185/401/811 1186/383/812
f 1185/401/811 1184/387/739 1187/381/557
f 1187/381/557 1188/370/813 1189/401/814
f 1189/401/814 1188/370/813 1190/372/700
f 1191/336/697 1192/284/599 1193/368/696
f 1194/364/815 1193/368/696 1195/284/601
f 1196/285/816 1194/364/815 1195/284/601
f 1197/211/817 1198/212/818 1199/297/819
f 1197/211/817 1199/297/819 1200/404/820
f 1200/404/821 1201/405/822 1202/406/823
f 1203/297/824 1201/405/822 1200/404/821
f 1204/376/744 1205/343/825 1206/342/633
f 1205/343/825 1204/376/744 1207/271/826
f 1208/347/645 1207/271/827 1209/270/828
f 1208/347/645 1210/343/829 1207/271/827
f 1211/345/745 1212/383/812 1213/388/743
f 1212/383/812 1214/401/830 1213/388/743
f 1215/403/831 1216/234/832 1217/348/833
f 1215/403/831 1217/348/833 1218/400/717
f 1219/395/834 1220/393/835 1221/239/836
f 1221/239/836 1220/393/835 1222/237/837
f 1223/393/838 1224/391/839 1225/237/837
f 1225/237/837 1224/391/839 1226/407/840
f 1227/237/841 1228/407/842 1229/240/843
f 1229/240/843 1228/407/842 1230/353/844
f 1231/391/839 1232/392/845 1233/407/842
f 1233/407/842 1232/392/845 1234/408/846
f 1233/407/842 1235/408/846 1236/353/847
f 1236/353/847 1235/408/846 1237/352/655
f 1238/402/848 1239/403/849 1240/213/850
f 1240/213/850 1239/403/849 1241/216/408
f 1242/297/549 1243/296/650 1244/351/653
f 1242/297/549 1244/351/653 1245/405/851
f 1246/400/795 1247/363/852 1248/245/450
f 1248/245/450 1247/363/852 1249/288/526
f 1250/403/853 1251/400/796 1252/216/408
f 1252/216/408 1251/400/796 1253/245/450
f 1254/409/854 1255/410/855 1256/411/856
f 1257/412/857 1256/411/856 1255/410/855
f 1258/413/858 1259/414/859 1260/409/860
f 1261/410/861 1260/409/860 1259/414/859
f 1262/413/858 1263/415/862 1264/414/863
f 1263/415/862 1262/413/858 1265/416/864
f 1266/417/865 1267/418/866 1268/419/867
f 1269/420/868 1270/421/869 1271/422/870
f 1269/420/868 1271/422/870 1272/423/871
f 1270/421/872 1273/412/873 1274/422/874
f 1275/410/875 1274/422/874 1273/412/873
f 1276/417/866 1277/419/876 1278/424/877
f 1279/425/878 1278/424/879 1280/426/880
f 1278/424/879 1279/425/878 1281/415/881
f 1282/427/882 1283/420/868 1284/423/883
f 1282/427/882 1284/423/883 1285/428/884
f 1286/415/881 1287/425/878 1288/414/885
f 1289/429/886 1288/414/885 1287/425/878
f 1290/417/866 1286/415/881 1291/416/864
f 1286/415/881 1290/417/866 1292/424/877
f 1293/426/887 1294/424/879 1295/419/888
f 1296/414/889 1297/429/886 1298/410/890
f 1299/422/891 1298/410/890 1297/429/886
f 1300/423/892 1299/422/893 1301/429/886
f 1300/423/892 1301/429/886 1302/430/894
f 1303/428/895 1304/423/896 1305/430/897
f 1303/428/895 1305/430/897 1306/431/898
f 1307/432/887 1308/433/899 1309/434/899
f 1307/432/887 1310/426/887 1311/419/888
f 1312/435/900 1313/434/901 1314/436/900
f 1315/430/902 1316/429/886 1317/425/903
f 1315/430/902 1317/425/903 1318/437/904
f 1319/436/905 1320/434/901 1321/433/901
f 1322/432/887 1323/434/899 1324/426/887
f 1325/437/904 1326/426/887 1323/434/899
f 1325/437/904 1327/425/903 1326/426/887
f 1328/431/906 1329/430/907 1330/437/908
f 1328/431/906 1330/437/908 1331/438/909
f 1331/438/909 1332/437/908 1333/434/901
f 1334/435/905 1335/438/910 1336/434/901
f 1338/439/911 1337/440/912 1339/441/913
f 1340/442/914 1337/440/912 1338/439/911
f 1343/443/915 1341/444/916 1342/445/917
f 1343/443/915 1344/446/918 1341/444/916
f 1345/447/919 1343/443/920 1346/448/921
f 1345/447/919 1346/448/921 1347/449/922
f 1344/446/918 1343/443/915 1348/450/923
f 1348/450/923 1343/443/915 1349/447/924
f 1350/451/925 1349/447/924 1347/449/926
f 1351/452/927 1352/453/928 1353/454/929
f 1352/453/928 1351/452/927 1354/455/930
f 1356/444/931 1357/441/913 1355/440/912
f 1357/441/913 1356/444/931 1358/456/932
f 1359/457/933 1360/458/934 1361/459/935
f 1361/459/935 1362/460/936 1359/457/933
f 1363/461/937 1364/462/938 1361/459/939
f 1361/459/939 1365/458/940 1363/461/937
f 1366/448/941 1367/461/937 1365/458/940
f 1366/448/941 1368/445/917 1367/461/937
f 1369/449/942 1366/448/921 1370/458/943
f 1370/458/943 1371/457/933 1369/449/942
f 1372/452/944 1373/463/945 1374/455/946
f 1375/464/947 1374/455/946 1373/463/945
f 1376/443/948 1377/445/917 1378/448/949
f 1379/462/938 1380/454/950 1381/453/951
f 1379/462/938 1381/453/951 1382/459/939
f 1383/463/952 1384/465/953 1385/464/947
f 1386/466/954 1385/464/947 1384/465/953
f 1387/465/955 1388/467/956 1386/466/957
f 1388/467/956 1387/465/955 1389/468/958
f 1390/468/958 1391/469/959 1392/467/960
f 1390/468/958 1393/470/961 1391/469/959
f 1394/471/962 1395/472/963 1396/473/964
f 1394/471/962 1396/473/964 1397/474/965
f 1398/475/966 1399/473/967 1400/472/968
f 1400/472/968 1401/476/969 1398/475/966
f 1402/470/970 1403/477/971 1404/478/972
f 1402/470/970 1404/478/972 1405/469/973
f 1406/466/974 1407/467/975 1408/479/976
f 1408/479/976 1409/480/977 1406/466/974
f 1409/480/977 1410/481/978 1411/466/979
f 1412/464/980 1411/466/979 1410/481/978
f 1413/482/981 1414/475/982 1415/476/983
f 1415/476/983 1416/483/984 1413/482/981
f 1417/484/985 1418/485/986 1419/486/987
f 1419/486/987 1418/485/986 1420/487/988
f 1421/488/989 1422/489/990 1423/490/991
f 1423/490/991 1422/489/990 1424/491/992
f 1425/492/993 1426/439/994 1427/493/995
f 1426/439/994 1428/441/996 1427/493/995
f 1429/471/997 1430/442/914 1426/439/998
f 1430/442/914 1429/471/997 1431/474/999
f 1432/494/1000 1433/482/981 1434/483/984
f 1432/494/1000 1434/483/984 1435/495/1001
f 1436/496/1002 1437/494/1000 1435/495/1001
f 1438/497/1003 1437/494/1000 1436/496/1002
f 1439/489/990 1440/498/1004 1441/491/992
f 1441/491/992 1440/498/1004 1442/499/1005
f 1443/498/1006 1444/500/1000 1445/499/1007
f 1445/499/1007 1444/500/1000 1446/501/1008
f 1447/500/1000 1448/502/1000 1449/501/1008
f 1449/501/1008 1448/502/1000 1450/503/1009
f 1448/502/1000 1451/497/1003 1452/503/1009
f 1452/503/1009 1451/497/1003 1453/496/1002
f 1454/464/980 1455/481/978 1456/504/1010
f 1456/504/1010 1457/455/1011 1454/464/980
f 1458/505/1012 1459/488/1013 1460/506/1014
f 1460/506/1014 1459/488/1013 1461/490/1015
f 1462/455/1011 1463/507/1016 1464/453/1017
f 1462/455/1011 1465/504/1018 1463/507/1016
f 1466/508/1019 1467/487/988 1468/485/1020
f 1467/487/988 1466/508/1019 1469/509/1021
f 1470/467/1022 1471/510/1023 1472/479/976
f 1470/467/1022 1473/469/1024 1471/510/1023
f 1474/511/1025 1475/512/1026 1476/506/1027
f 1475/512/1026 1477/513/1028 1476/506/1027
f 1478/506/1029 1477/513/1030 1479/514/1031
f 1478/506/1029 1479/514/1031 1480/505/1032
f 1481/503/1033 1482/496/1034 1483/515/1035
f 1483/515/1035 1482/496/1034 1484/516/1036
f 1485/499/1037 1486/501/1038 1487/517/1039
f 1487/517/1039 1486/501/1038 1488/518/1040
f 1489/508/1041 1490/519/1042 1491/520/1043
f 1489/508/1041 1491/520/1043 1492/509/1044
f 1493/483/1045 1494/476/1046 1495/521/1047
f 1495/521/1047 1496/522/1048 1493/483/1045
f 1497/495/1049 1498/483/1045 1499/522/1048
f 1497/495/1049 1499/522/1048 1500/523/1050
f 1501/516/1036 1497/495/1049 1502/523/1050
f 1503/496/1051 1497/495/1049 1501/516/1036
f 1504/521/1052 1505/476/1046 1506/524/1053
f 1507/472/1054 1506/524/1053 1505/476/1046
f 1508/524/1053 1509/472/1054 1510/525/1055
f 1510/525/1055 1509/472/1054 1511/471/1056
f 1512/526/1057 1513/485/1058 1514/527/1059
f 1513/485/1058 1512/526/1057 1515/508/1060
f 1516/477/1061 1517/528/1062 1518/478/1063
f 1519/529/1064 1518/478/1063 1517/528/1062
f 1520/530/1065 1521/529/1064 1517/528/1066
f 1522/531/1067 1521/529/1064 1520/530/1065
f 1523/532/1068 1524/491/1069 1525/499/1037
f 1523/532/1068 1525/499/1037 1526/517/1070
f 1527/532/1071 1528/533/1072 1529/491/1069
f 1528/533/1072 1530/490/1073 1529/491/1069
f 1531/518/1074 1532/501/1075 1533/503/1033
f 1531/518/1074 1533/503/1033 1534/515/1076
f 1535/460/1077 1536/459/1078 1537/507/1079
f 1536/459/1078 1538/453/1080 1537/507/1079
f 1539/525/1055 1540/471/1056 1541/439/1081
f 1541/439/1081 1542/492/993 1539/525/1055
f 1543/469/1082 1544/478/1083 1545/534/1084
f 1545/534/1084 1546/510/1085 1543/469/1082
f 1547/519/1086 1548/508/1087 1549/535/1088
f 1550/526/1089 1549/535/1088 1548/508/1087
f 1551/535/1088 1552/536/1090 1547/519/1086
f 1551/535/1088 1553/537/1091 1552/536/1090
f 1554/538/1092 1555/520/1093 1556/519/1086
f 1556/519/1086 1557/536/1090 1554/538/1092
f 1558/539/1094 1559/518/1095 1560/516/1096
f 1560/516/1096 1559/518/1095 1561/515/1097
f 1562/510/1085 1563/540/1098 1564/479/1099
f 1563/540/1098 1565/480/1100 1564/479/1099
f 1566/540/1098 1567/481/1101 1565/480/1100
f 1567/481/1101 1566/540/1098 1568/504/1018
f 1569/522/1102 1570/539/1094 1571/523/1103
f 1570/539/1094 1572/516/1104 1571/523/1103
f 1573/539/1094 1574/532/1071 1575/518/1095
f 1575/518/1095 1574/532/1071 1576/517/1105
f 1577/535/1106 1578/526/1107 1579/541/1108
f 1580/542/1044 1579/541/1108 1578/526/1107
f 1581/527/1109 1582/542/1044 1578/526/1110
f 1582/542/1044 1581/527/1109 1583/543/1111
f 1584/490/1073 1585/533/1112 1586/511/1025
f 1586/511/1025 1587/506/1027 1584/490/1073
f 1588/532/1113 1589/511/1025 1585/533/1114
f 1590/539/1115 1589/511/1025 1588/532/1113
f 1591/544/1116 1592/545/1117 1593/546/1118
f 1592/545/1117 1591/544/1116 1594/547/1119
f 1350/451/925 1347/449/926 1595/548/1120
f 1596/548/1120 1347/449/926 1597/457/933
f 1596/548/1120 1597/457/933 1598/549/1121
f 1599/550/1122 1344/446/918 1348/450/923
f 1349/447/924 1600/551/1123 1348/450/923
f 1348/450/923 1600/551/1123 1599/550/1122
f 1600/551/1123 1349/447/924 1601/451/925
f 1602/552/1124 1599/550/1122 1600/551/1123
f 1601/451/925 1603/553/1125 1600/551/1123
f 1600/551/1123 1603/553/1125 1602/552/1124
f 1603/553/1125 1601/451/925 1604/537/1126
f 1605/554/1127 1602/552/1124 1603/553/1125
f 1602/552/1124 1605/554/1127 1606/555/1128
f 1607/556/1129 1606/555/1128 1605/554/1127
f 1608/553/1125 1609/557/1130 1605/554/1131
f 1609/557/1130 1608/553/1125 1610/541/1108
f 1604/537/1091 1595/548/1120 1611/536/1090
f 1604/537/1091 1612/451/925 1595/548/1120
f 1604/537/1091 1613/535/1132 1614/553/1125
f 1615/541/1108 1614/553/1125 1613/535/1132
f 1606/555/1133 1616/558/1055 1617/552/1124
f 1599/550/1134 1617/552/1124 1616/558/1055
f 1616/558/1055 1618/555/1128 1619/493/995
f 1620/559/1121 1619/493/995 1618/555/1128
f 1616/558/1055 1621/456/1135 1622/550/1122
f 1621/456/1135 1344/446/1136 1622/550/1122
f 1344/446/1136 1621/456/1135 1623/444/931
f 1624/441/996 1621/456/1137 1625/558/1055
f 1626/493/995 1624/441/996 1625/558/1055
f 1627/493/995 1628/559/1138 1629/492/993
f 1630/539/1115 1629/492/993 1628/559/1138
f 1631/549/1139 1632/538/1140 1633/536/1141
f 1633/536/1141 1634/548/1120 1631/549/1139
f 1635/560/1142 1636/557/1130 1637/541/1108
f 1635/560/1142 1637/541/1108 1638/542/1044
f 1635/560/1143 1639/542/1021 1640/561/1144
f 1640/561/1144 1639/542/1021 1641/543/1145
f 1642/549/1121 1643/457/1146 1644/460/1077
f 1642/549/1121 1644/460/1077 1645/540/1098
f 1646/562/1147 1647/539/1115 1648/563/1148
f 1648/563/1148 1649/564/1149 1646/562/1147
f 1650/492/993 1647/539/1150 1651/524/1151
f 1650/492/993 1651/524/1151 1652/525/1055
f 1653/565/1152 1654/534/1084 1655/529/1153
f 1655/529/1153 1654/534/1084 1656/478/1154
f 1657/510/1085 1654/534/1084 1658/565/1152
f 1659/540/1098 1657/510/1085 1658/565/1152
f 1660/512/1155 1661/566/1156 1662/513/1028
f 1661/566/1156 1660/512/1155 1663/562/1157
f 1660/512/1155 1664/511/1025 1665/562/1157
f 1666/539/1115 1665/562/1157 1664/511/1025
f 1667/524/1151 1666/539/1115 1668/522/1102
f 1667/524/1151 1668/522/1102 1669/521/1158
f 1670/567/1159 1671/513/1160 1661/566/1161
f 1671/513/1160 1670/567/1159 1672/514/1031
f 1673/566/1162 1674/546/1163 1670/567/1164
f 1674/546/1163 1673/566/1162 1675/544/1165
f 1676/566/1156 1677/564/1149 1675/544/1166
f 1678/562/1157 1677/564/1149 1676/566/1156
f 1679/555/1128 1680/556/1129 1681/559/1139
f 1682/568/1167 1681/559/1139 1680/556/1129
f 1683/569/1168 1684/560/1169 1685/570/1170
f 1685/570/1170 1684/560/1169 1686/561/1171
f 1687/539/1115 1688/559/1172 1689/568/1173
f 1687/539/1115 1689/568/1173 1690/563/1174
f 1691/571/1175 1692/529/1153 1693/531/1176
f 1692/529/1153 1691/571/1175 1694/565/1152
f 1695/544/1177 1696/564/1178 1697/572/1179
f 1695/544/1177 1697/572/1179 1698/547/1180
f 1699/556/1129 1700/573/1181 1701/568/1167
f 1702/574/1182 1701/568/1167 1700/573/1181
f 1703/549/1139 1704/540/1098 1705/538/1183
f 1704/540/1098 1706/575/1184 1705/538/1183
f 1707/504/1018 1704/540/1098 1708/460/936
f 1707/504/1018 1708/460/936 1709/507/1185
f 1710/554/1186 1711/557/1187 1712/556/1188
f 1713/573/1189 1712/556/1188 1711/557/1187
f 1713/573/1181 1714/569/1190 1715/574/1182
f 1716/576/1191 1715/574/1182 1714/569/1190
f 1717/569/1192 1718/573/1189 1719/557/1187
f 1717/569/1192 1719/557/1187 1720/560/1193
f 1722/577/571 1723/570/1194 1721/578/1195
f 1724/579/1196 1723/570/1194 1722/577/571
f 1725/580/1197 1726/563/1148 1727/574/1198
f 1726/563/1148 1728/568/1173 1727/574/1198
f 1729/564/1199 1730/563/1148 1731/580/1197
f 1731/580/1197 1732/572/1179 1729/564/1199
f 1733/575/1184 1734/565/1152 1735/571/1175
f 1736/540/1098 1734/565/1152 1733/575/1184
f 1739/578/1195 1740/561/1200 1737/581/1201
f 1741/570/1202 1740/561/1200 1739/578/1195
f 1742/581/1203 1743/543/1204 1738/582/1205
f 1744/561/1206 1743/543/1204 1742/581/1203
f 1745/543/1207 1746/583/1208 1738/582/1209
f 1746/583/1208 1745/543/1207 1747/527/1210
f 1749/527/1211 1750/484/1212 1748/583/1213
f 1750/484/1212 1749/527/1211 1751/485/1214
f 1752/545/1215 1753/547/1216 1754/577/614
f 1754/577/614 1753/547/1216 1755/579/1217
f 1756/569/1190 1757/579/1218 1758/576/1191
f 1757/579/1218 1756/569/1190 1759/570/1219
f 1760/574/1220 1761/576/1191 1762/580/1221
f 1763/572/1222 1762/580/1221 1761/576/1191
f 1764/547/1223 1765/572/1222 1766/579/1218
f 1766/579/1218 1765/572/1222 1767/576/1191
f 1768/584/1224 1769/531/1225 1770/585/1226
f 1770/585/1226 1769/531/1225 1771/530/1227
f 1772/575/1184 1773/586/1228 1774/520/1229
f 1774/520/1229 1775/538/1230 1772/575/1184
f 1776/587/1231 1777/531/1232 1778/584/1233
f 1777/531/1232 1776/587/1231 1779/571/1234
f 1780/575/1184 1781/571/1235 1782/586/1228
f 1783/587/1231 1782/586/1228 1781/571/1235
f 1784/588/371 1785/589/1236 1786/590/1237
f 1785/589/1236 1784/588/371 1787/591/1238
f 1788/509/1044 1789/520/1239 1790/586/1240
f 1790/586/1240 1791/587/1241 1788/509/1044
f 1792/487/1242 1793/584/1243 1794/486/1244
f 1794/486/1244 1793/584/1243 1795/585/1245
f 1796/487/1242 1797/509/1246 1798/587/1247
f 1796/487/1242 1798/587/1247 1799/584/1248
usemtl Meshpart2Mtl
f 1800/592/1249 1801/593/1249 1802/594/1250
f 1802/594/1250 1801/593/1249 1803/595/1250
f 1804/596/1251 1802/594/1250 1803/595/1250
f 1804/596/1251 1803/595/1250 1805/597/1251
f 1804/596/1251 1805/597/1251 1806/598/1252
f 1806/598/1252 1805/597/1251 1807/599/1252
f 1808/600/1253 1809/601/1254 1810/602/1254
f 1808/600/1253 1810/602/1254 1811/603/1253
f 1812/593/1255 1814/594/1256 1813/592/1255
f 1815/595/1257 1814/594/1256 1812/593/1255
f 1815/595/1257 1816/596/1258 1814/594/1256
f 1815/595/1257 1817/597/1258 1816/596/1258
f 1817/597/1258 1818/598/1259 1816/596/1258
f 1819/599/1259 1818/598/1259 1817/597/1258
f 1821/600/1260 1823/602/1261 1820/603/1260
f 1821/600/1260 1822/601/1262 1823/602/1261
f 1824/604/1263 1825/605/1264 1826/606/1264
f 1825/605/1264 1824/604/1263 1827/607/1263
f 1828/608/1263 1824/604/1263 1826/606/1264
f 1829/609/1263 1825/605/1264 1827/607/1263
f 1828/608/1263 1826/606/1264 1830/610/1264
f 1825/605/1264 1829/609/1263 1831/611/1265
f 1832/612/1265 1828/608/1263 1830/610/1264
f 1829/609/1263 1833/613/1264 1831/611/1265
f 1832/612/1265 1830/610/1264 1834/614/1265
f 1829/609/1263 1835/615/1263 1833/613/1264
f 1836/616/1265 1832/612/1265 1834/614/1265
f 1835/615/1263 1837/617/1264 1833/613/1264
f 1832/612/1265 1836/616/1265 1838/618/1263
f 1837/617/1264 1835/615/1263 1839/619/1263
f 1839/619/1263 1838/618/1263 1836/616/1265
f 1839/619/1263 1836/616/1265 1837/617/1264
f 1840/613/1266 1841/617/1267 1842/620/1263
f 1841/617/1267 1843/616/1268 1842/620/1263
f 1844/611/1269 1840/613/1266 1842/620/1263
f 1843/616/1268 1845/614/1270 1842/620/1263
f 1846/605/1271 1844/611/1269 1842/620/1263
f 1845/614/1270 1847/610/1272 1842/620/1263
f 1848/606/1273 1846/605/1271 1842/620/1263
f 1847/610/1272 1848/606/1273 1842/620/1263
usemtl Meshpart3Mtl
f 1849/621/1274 1850/622/1275 1851/623/1276
f 1850/622/1275 1849/621/1274 1852/624/1277
f 1853/625/1278 1850/622/1275 1852/624/1277
f 1853/625/1278 1852/624/1277 1854/626/1279
f 1855/627/1280 1850/622/1275 1853/625/1278
f 1856/628/1281 1853/625/1278 1854/626/1279
f 1857/629/1282 1853/625/1278 1856/628/1281
f 1857/629/1282 1855/627/1280 1853/625/1278
f 1855/627/1280 1857/629/1282 1858/630/1283
f 1858/630/1283 1859/631/1284 1860/632/1285
f 1860/632/1285 1855/627/1280 1858/630/1283
f 1861/633/1286 1855/627/1280 1860/632/1285
f 1855/627/1280 1861/633/1286 1862/634/1287
f 1855/627/1280 1862/634/1287 1850/622/1275
f 1862/634/1287 1851/623/1276 1850/622/1275
f 1861/633/1286 1863/635/1288 1862/634/1287
f 1851/623/1276 1862/634/1287 1863/635/1288
f 1863/635/1288 1861/633/1286 1864/636/1249
f 1866/637/1289 1867/638/1290 1865/639/1291
f 1867/638/1290 1866/637/1289 1868/640/1292
f 1870/641/1293 1867/638/1290 1868/640/1292
f 1867/638/1290 1870/641/1293 1872/642/1294
f 1871/643/1295 1872/642/1294 1869/644/1296
f 1870/641/1293 1869/644/1296 1872/642/1294
f 1875/645/1297 1874/646/1298 1873/647/1299
f 1878/648/1300 1877/649/1301 1876/650/1302
f 1881/651/1303 1880/652/1304 1879/653/1305
f 1881/651/1303 1879/653/1305 1882/654/1306
f 1879/653/1305 1883/655/1307 1882/654/1306
f 1886/656/1303 1885/657/1308 1884/658/1305
f 1886/656/1303 1884/658/1305 1887/659/1306
f 1884/658/1305 1888/660/1309 1887/659/1306
f 1889/645/1310 1890/661/1311 1891/646/1312
f 1892/662/1313 1891/646/1312 1890/661/1311
f 1892/662/1313 1890/661/1311 1893/663/1314
f 1890/661/1311 1894/664/1315 1893/663/1314
f 1889/645/1310 1894/664/1315 1890/661/1311
f 1894/664/1315 1889/645/1310 1895/665/1316
f 1896/648/1310 1897/666/1311 1898/649/1317
f 1899/667/1313 1898/649/1317 1897/666/1311
f 1899/667/1313 1897/666/1311 1900/668/1314
f 1897/666/1311 1901/669/1315 1900/668/1314
f 1896/648/1310 1901/669/1315 1897/666/1311
f 1901/669/1315 1896/648/1310 1902/670/1316
f 1903/651/1318 1905/654/1319 1904/671/1320
f 1906/656/1318 1908/659/1319 1907/672/1320
f 1910/673/1321 1912/674/1322 1911/675/1323
f 1912/674/1322 1910/673/1321 1913/676/1324
f 1914/677/1325 1912/674/1322 1913/676/1324
f 1912/674/1322 1914/677/1325 1915/678/1326
f 1914/677/1325 1916/679/1327 1915/678/1326
f 1909/680/1328 1915/678/1326 1916/679/1327
f 1919/668/1329 1918/669/1330 1917/681/1331
f 1922/659/1332 1921/660/1333 1920/682/1334
f 1923/680/1335 1924/639/1335 1925/638/1285
f 1925/638/1285 1926/678/1251 1923/680/1335
f 1927/642/1286 1926/678/1251 1925/638/1285
f 1926/678/1251 1927/642/1286 1928/674/1336
f 1927/642/1286 1929/675/1249 1928/674/1336
f 1929/675/1249 1927/642/1286 1930/643/1249
f 1933/663/1337 1932/664/1330 1931/683/1331
f 1936/654/1338 1935/655/1339 1934/684/1334
f 1938/685/1340 1939/686/1341 1937/687/1342
f 1940/688/1343 1942/689/1344 1938/685/1340
f 1938/685/1340 1942/689/1344 1939/686/1341
f 1940/688/1343 1943/690/1345 1942/689/1344
f 1941/691/1253 1943/690/1345 1940/688/1343
f 1944/692/1346 1943/690/1345 1941/691/1253
f 1946/693/1347 1947/694/1348 1945/695/1349
f 1946/693/1347 1948/696/1350 1947/694/1348
f 1951/697/1351 1950/698/1352 1949/699/1353
f 1954/700/1354 1952/701/1355 1953/702/1356
f 1954/700/1354 1953/702/1356 1955/703/1357
f 1958/704/1358 1957/705/1359 1956/706/1360
f 1961/707/1354 1959/708/1355 1960/709/1356
f 1961/707/1354 1960/709/1356 1962/710/1361
f 1963/697/1362 1964/711/1363 1965/698/1364
f 1963/697/1362 1966/712/1365 1964/711/1363
f 1966/712/1365 1963/697/1362 1967/713/1366
f 1968/704/1362 1969/714/1367 1970/705/1364
f 1968/704/1362 1971/715/1365 1969/714/1367
f 1971/715/1365 1968/704/1362 1972/716/1366
f 1973/717/1368 1974/718/1369 1975/719/1370
f 1976/720/1371 1974/718/1369 1973/717/1368
f 1976/720/1371 1977/721/1372 1974/718/1369
f 1978/716/1373 1980/722/1374 1979/723/1375
f 1981/724/1376 1982/725/1377 1983/726/1378
f 1983/726/1378 1982/725/1377 1984/727/1379
f 1985/697/1380 1986/728/1381 1987/713/1382
f 1990/729/1383 1989/730/1384 1988/731/1385
f 1989/730/1384 1990/729/1383 1991/732/1386
f 1993/696/1253 1994/730/1387 1992/732/1253
f 1993/696/1253 1995/693/1388 1994/730/1387
f 1998/733/1389 1997/734/1277 1996/735/1390
f 1998/733/1389 1996/735/1390 1999/736/1391
f 1998/733/1389 2000/737/1392 1997/734/1277
f 2001/738/1393 2000/737/1392 1998/733/1389
f 2000/737/1392 2001/738/1393 2002/739/1394
f 2002/739/1394 2001/738/1393 2003/740/1395
f 2004/741/1396 2005/742/1397 2006/743/1398
f 2005/742/1397 2007/744/1398 2006/743/1398
f 2004/741/1396 2006/743/1398 2008/745/1398
f 2007/744/1398 2005/742/1397 2009/746/1399
f 2010/747/1398 2004/741/1396 2008/745/1398
f 2009/746/1399 2011/748/1398 2007/744/1398
f 2004/741/1396 2010/747/1398 2012/749/1385
f 2010/747/1398 2013/750/1400 2012/749/1385
f 2013/750/1400 2010/747/1398 2014/751/1398
f 2015/752/1324 2013/750/1400 2014/751/1398
f 2015/752/1324 2014/751/1398 2016/753/1398
f 2017/754/1325 2015/752/1324 2016/753/1398
f 2017/754/1325 2016/753/1398 2018/755/1401
f 2011/748/1398 2017/754/1325 2018/755/1401
f 2017/754/1325 2011/748/1398 2019/756/1327
f 2009/746/1399 2019/756/1327 2011/748/1398
f 2020/757/1331 2021/758/1402 2022/759/1403
f 2022/759/1403 2021/758/1402 2023/760/1404
f 2022/759/1403 2023/760/1404 2024/761/1405
f 2022/759/1403 2024/761/1405 2026/762/1406
f 2026/762/1406 2020/757/1331 2022/759/1403
f 2020/757/1331 2027/763/1407 2025/764/1329
f 2020/757/1331 2026/762/1406 2028/765/1408
f 2028/765/1408 2027/763/1407 2020/757/1331
f 2027/763/1407 2028/765/1408 2029/766/1409
f 2030/767/1410 2031/768/1411 2032/769/1412
f 2032/769/1412 2031/768/1411 2033/770/1413
f 2032/769/1412 2033/770/1413 2034/771/1414
f 2032/769/1412 2034/771/1414 2036/772/1415
f 2036/772/1415 2030/767/1410 2032/769/1412
f 2030/767/1410 2037/773/1416 2035/774/1332
f 2030/767/1410 2036/772/1415 2038/775/1417
f 2037/773/1416 2030/767/1410 2038/775/1417
f 2037/773/1416 2038/775/1417 2039/776/1418
f 2040/762/1419 2042/761/1420 2041/777/1421
f 2043/772/1422 2045/771/1423 2044/778/1424
f 2046/779/1419 2048/780/1420 2047/781/1421
f 2049/782/1331 2050/783/1402 2051/784/1403
f 2051/784/1403 2050/783/1402 2052/785/1425
f 2051/784/1403 2052/785/1425 2053/780/1426
f 2051/784/1403 2053/780/1426 2055/779/1406
f 2055/779/1406 2049/782/1331 2051/784/1403
f 2049/782/1331 2056/786/1407 2054/787/1329
f 2049/782/1331 2055/779/1406 2057/788/1408
f 2057/788/1408 2056/786/1407 2049/782/1331
f 2056/786/1407 2057/788/1408 2058/789/1409
f 2059/767/1427 2060/790/1428 2061/791/1412
f 2061/791/1412 2060/790/1428 2062/792/1429
f 2061/791/1412 2062/792/1429 2063/771/1430
f 2061/791/1412 2063/771/1430 2065/793/1431
f 2065/793/1431 2059/767/1427 2061/791/1412
f 2059/767/1427 2066/794/1416 2064/795/1432
f 2059/767/1427 2065/793/1431 2067/775/1417
f 2066/794/1416 2059/767/1427 2067/775/1417
f 2066/794/1416 2067/775/1417 2068/796/1433
f 2069/793/1422 2071/771/1434 2070/797/1424
f 2074/798/1435 2072/799/1389 2073/800/1341
f 2074/798/1435 2075/801/1436 2072/799/1389
f 2078/802/1437 2076/803/1438 2075/801/1436
f 2076/803/1438 2078/802/1437 2077/804/1439
f 2074/798/1435 2078/802/1437 2075/801/1436
f 2079/805/1440 2078/802/1437 2074/798/1435
f 2080/806/1441 2077/804/1439 2078/802/1437
f 2079/805/1440 2080/806/1441 2078/802/1437
f 2077/804/1439 2080/806/1441 2081/807/1442
f 2082/808/1258 2081/807/1442 2080/806/1441
f 2079/805/1440 2082/808/1258 2080/806/1441
f 2081/807/1442 2082/808/1258 2083/809/1259
f 2082/808/1258 2079/805/1440 2084/810/1443
f 2085/811/1444 2074/798/1435 2073/800/1341
f 2079/805/1440 2074/798/1435 2085/811/1444
f 2086/812/1445 2079/805/1440 2085/811/1444
f 2084/810/1443 2079/805/1440 2086/812/1445
f 2086/812/1445 2087/813/1446 2084/810/1443
f 2088/814/1447 2089/815/1448 2090/816/1449
f 2089/815/1448 2088/814/1447 2091/817/1450
f 2092/818/1451 2090/816/1449 2089/815/1448
f 2090/816/1449 2092/818/1451 2093/819/1452
f 2092/818/1451 2094/820/1453 2093/819/1452
f 2094/820/1453 2092/818/1451 2095/821/1454
f 2098/822/1455 2096/823/1456 2097/824/1457
f 2098/822/1455 2097/824/1457 2099/825/1458
f 2102/826/1455 2100/827/1456 2101/828/1457
f 2102/826/1455 2101/828/1457 2103/829/1458
f 2104/830/1373 2105/831/1459 2106/832/1460
f 2107/833/1461 2104/830/1462 2108/834/1461
f 2110/835/1382 2109/836/1463 2111/837/1464
f 2112/838/1465 2115/839/1466 2113/840/1467
f 2115/839/1466 2114/841/1468 2113/840/1467
f 2114/841/1468 2115/839/1466 2116/842/1469
f 2115/839/1466 2112/838/1465 2117/843/1470
f 2112/838/1465 2118/844/1385 2117/843/1470
f 2119/845/1471 2117/843/1470 2118/844/1385
f 2120/846/1472 2121/847/1473 2122/848/1474
f 2120/846/1472 2123/849/1475 2121/847/1473
f 2120/846/1472 2124/850/1476 2123/849/1475
f 2125/851/1477 2121/847/1473 2123/849/1475
f 2121/847/1473 2125/851/1477 2126/852/1478
f 2127/853/1472 2128/854/1479 2129/855/1480
f 2127/853/1472 2130/856/1475 2128/854/1479
f 2127/853/1472 2131/857/1476 2130/856/1475
f 2132/858/1477 2128/854/1479 2130/856/1475
f 2128/854/1479 2132/858/1477 2133/859/1478
f 2134/860/1481 2136/822/1482 2135/861/1483
f 2134/860/1481 2137/823/1484 2136/822/1482
f 2138/825/1485 2135/861/1483 2136/822/1482
f 2135/861/1483 2138/825/1485 2139/862/1486
f 2140/863/1481 2142/826/1482 2141/864/1483
f 2140/863/1481 2143/827/1484 2142/826/1482
f 2144/829/1485 2141/864/1483 2142/826/1482
f 2141/864/1483 2144/829/1485 2145/865/1485
f 2147/842/1259 2148/815/703 2146/817/1259
f 2148/815/703 2147/842/1259 2149/839/1487
f 2150/843/1256 2148/815/703 2149/839/1487
f 2148/815/703 2150/843/1256 2151/818/1488
f 2151/818/1488 2150/843/1256 2152/845/1489
f 2152/845/1489 2153/821/1490 2151/818/1488
f 2157/866/1491 2155/867/1492 2154/868/1394
f 2157/866/1491 2154/868/1394 2156/869/1493
f 2158/870/1494 2155/867/1492 2157/866/1491
f 2158/870/1494 2160/871/1495 2155/867/1492
f 2159/872/1260 2160/871/1495 2158/870/1494
f 2161/873/1496 2160/871/1495 2159/872/1260
f 2164/874/1497 2163/875/1498 2162/876/1499
f 2164/874/1497 2162/876/1499 2165/877/1500
f 2168/878/1501 2167/879/1502 2166/880/1503
f 2172/881/1504 2171/882/1505 2170/883/1506
f 2169/884/1507 2174/885/1508 2173/886/1509
f 2175/887/1510 2176/888/1510 2177/889/1510
f 2178/890/1510 2179/891/1510 2180/892/1510
f 2181/893/1511 2182/894/1512 2183/895/1513
f 2184/896/1514 2185/897/1515 2182/894/1512
f 2186/898/1516 2187/899/1517 2188/900/1508
f 2186/898/1516 2189/901/1518 2187/899/1517
f 2189/901/1518 2190/902/1519 2187/899/1517
f 2191/903/1511 2192/904/1520 2193/905/1513
f 2194/906/1514 2195/907/1521 2192/904/1512
f 2196/884/1522 2197/908/1523 2198/885/1524
f 2197/908/1523 2199/909/1525 2198/885/1524
f 2202/910/1526 2200/911/1527 2201/912/1528
f 2200/911/1527 2202/910/1526 2203/913/1529
f 2204/914/1481 2205/887/1530 2206/889/1531
f 2207/915/1481 2208/890/1530 2209/892/1532
f 2210/881/1533 2211/916/1534 2212/882/1535
f 2213/890/1536 2214/917/1537 2215/891/1538
f 2218/875/1260 2217/874/1539 2216/910/1496
f 2218/875/1260 2216/910/1496 2219/912/1260
f 2220/878/1533 2221/918/1540 2222/879/1535
f 2223/887/1536 2224/919/1541 2225/888/1542
f 2226/920/1543 2227/921/1544 2228/922/1545
f 2226/920/1543 2230/923/1546 2229/924/1351
f 2230/923/1546 2226/920/1543 2231/925/1547
f 2231/925/1547 2232/926/1548 2230/923/1546
f 2226/920/1543 2233/927/1549 2231/925/1547
f 2233/927/1549 2226/920/1543 2228/922/1545
f 2233/927/1549 2228/922/1545 2234/928/1550
f 2228/922/1545 2235/929/1551 2234/928/1550
f 2236/930/1552 2237/931/1553 2238/932/1554
f 2236/930/1552 2240/933/1555 2239/934/1556
f 2241/935/1557 2240/933/1555 2236/930/1552
f 2240/933/1555 2241/935/1557 2242/936/1558
f 2236/930/1552 2243/937/1559 2241/935/1557
f 2243/937/1559 2236/930/1552 2238/932/1554
f 2243/937/1559 2238/932/1554 2244/938/1560
f 2238/932/1554 2245/939/1561 2244/938/1560
f 2244/938/1560 2245/939/1561 2246/940/1356
f 2247/941/1360 2248/942/1544 2249/922/1545
f 2247/941/1360 2251/943/1562 2250/944/1563
f 2251/943/1562 2247/941/1360 2252/945/1564
f 2252/945/1564 2253/946/1565 2251/943/1562
f 2247/941/1360 2254/947/1549 2252/945/1564
f 2254/947/1549 2247/941/1360 2249/922/1545
f 2254/947/1549 2249/922/1545 2255/948/1566
f 2249/922/1545 2256/929/1551 2255/948/1566
f 2257/949/1567 2258/950/1553 2259/951/1568
f 2257/949/1567 2261/952/1569 2260/953/1570
f 2261/952/1569 2257/949/1567 2262/954/1571
f 2261/952/1569 2262/954/1571 2263/955/1572
f 2257/949/1567 2264/956/1573 2262/954/1571
f 2264/956/1573 2257/949/1567 2259/951/1568
f 2264/956/1573 2259/951/1568 2265/957/1574
f 2259/951/1568 2266/958/1575 2265/957/1574
f 2265/957/1574 2266/958/1575 2267/959/1356
f 2268/928/1576 2269/929/1577 2270/960/1578
f 2271/948/1579 2272/929/1580 2273/961/1581
usemtl Meshpart4Mtl
f 2276/962/1582 2275/963/1583 2274/964/1584
f 2275/963/1583 2276/962/1582 2277/965/1585
f 2276/962/1582 2278/966/1586 2277/965/1585
f 2278/966/1586 2276/962/1582 2279/967/1587
f 2280/968/1588 2281/969/1589 2282/970/1589
f 2282/970/1589 2281/969/1589 2283/971/1588
f 2280/968/1588 2284/972/1588 2281/969/1589
f 2285/973/1589 2284/972/1588 2280/968/1588
f 2283/971/1588 2286/974/1589 2282/970/1589
f 2285/973/1589 2287/975/1589 2284/972/1588
f 2288/976/1589 2286/974/1589 2283/971/1588
f 2287/975/1589 2285/973/1589 2289/977/1589
f 2286/974/1589 2288/976/1589 2290/978/1588
f 2290/978/1588 2288/976/1589 2291/964/1589
f 2292/979/1588 2286/974/1589 2290/978/1588
f 2293/980/1589 2291/964/1589 2288/976/1589
f 2286/974/1589 2292/979/1588 2294/981/1589
f 2295/982/1588 2291/964/1589 2293/980/1589
f 2292/979/1588 2296/983/1588 2294/981/1589
f 2291/964/1589 2295/982/1588 2297/962/1589
f 2296/983/1588 2292/979/1588 2298/984/1589
f 2299/985/1588 2297/962/1589 2295/982/1588
f 2298/984/1589 2300/986/1588 2296/983/1588
f 2297/962/1589 2299/985/1588 2301/987/1589
f 2301/987/1589 2299/985/1588 2302/988/1588
f 2297/962/1589 2301/987/1589 2303/989/1589
f 2302/988/1588 2299/985/1588 2304/990/1588
f 2305/967/1589 2297/962/1589 2303/989/1589
f 2305/967/1589 2303/989/1589 2306/991/1588
f 2304/990/1588 2307/992/1589 2302/988/1588
f 2308/993/1588 2305/967/1589 2306/991/1588
f 2287/975/1589 2307/992/1589 2304/990/1588
f 2305/967/1589 2308/993/1588 2309/994/1588
f 2287/975/1589 2310/995/1589 2307/992/1589
f 2310/995/1589 2287/975/1589 2289/977/1589
f 2311/996/1589 2307/992/1589 2310/995/1589
f 2310/995/1589 2289/977/1589 2312/997/1589
f 2307/992/1589 2311/996/1589 2313/998/1588
f 2312/997/1589 2289/977/1589 2314/999/1589
f 2313/998/1588 2311/996/1589 2315/1000/1588
f 2314/999/1589 2316/1001/1588 2312/997/1589
f 2313/998/1588 2315/1000/1588 2317/1002/1589
f 2315/1000/1588 2308/993/1588 2317/1002/1589
f 2300/986/1588 2316/1001/1588 2314/999/1589
f 2318/1003/1589 2308/993/1588 2315/1000/1588
f 2308/993/1588 2318/1003/1589 2309/994/1588
f 2298/984/1589 2316/1001/1588 2300/986/1588
f 2309/994/1588 2318/1003/1589 2319/1004/1589
f 2316/1001/1588 2298/984/1589 2320/1005/1588
f 2319/1004/1589 2320/1005/1588 2298/984/1589
f 2321/1006/1588 2319/1004/1589 2318/1003/1589
f 2320/1005/1588 2319/1004/1589 2321/1006/1588
f 2322/1007/1590 2323/1008/49 2324/1009/49
f 2322/1007/1590 2325/1010/49 2323/1008/49
f 2323/1008/49 2325/1010/49 2326/1011/49
f 2327/1012/49 2322/1007/1590 2324/1009/49
f 2327/1012/49 2324/1009/49 2328/1013/49
f 2329/1014/49 2327/1012/49 2328/1013/49
f 2326/1011/49 2325/1010/49 2330/1015/1590
f 2325/1010/49 2322/1007/1590 2331/1016/49
f 2332/1017/49 2331/1016/49 2322/1007/1590
f 2331/1016/49 2332/1017/49 2333/1018/49
f 2332/1017/49 2334/1019/49 2333/1018/49
f 2327/1012/49 2329/1014/49 2335/1020/49
f 2334/1019/49 2332/1017/49 2336/1021/49
f 2337/1022/49 2335/1020/49 2329/1014/49
f 2336/1021/49 2338/1023/49 2334/1019/49
f 2335/1020/49 2337/1022/49 2339/1024/1590
f 2340/1025/1590 2335/1020/49 2339/1024/1590
f 2337/1022/49 2341/1026/49 2339/1024/1590
f 2335/1020/49 2340/1025/1590 2342/1027/49
f 2341/1026/49 2337/1022/49 2343/1028/49
f 2344/1029/1590 2342/1027/49 2340/1025/1590
f 2345/1030/49 2342/1027/49 2344/1029/1590
f 2346/1031/49 2341/1026/49 2343/1028/49
f 2342/1027/49 2345/1030/49 2347/1032/1590
f 2341/1026/49 2346/1031/49 2348/1033/49
f 2349/1034/49 2347/1032/1590 2345/1030/49
f 2330/1015/1590 2346/1031/49 2326/1011/49
f 2346/1031/49 2330/1015/1590 2350/1035/49
f 2350/1035/49 2348/1033/49 2346/1031/49
f 2348/1033/49 2350/1035/49 2351/1036/49
f 2351/1036/49 2352/1037/1590 2348/1033/49
f 2351/1036/49 2350/1035/49 2353/1038/49
f 2352/1037/1590 2351/1036/49 2354/1039/49
f 2354/1039/49 2349/1034/49 2352/1037/1590
f 2351/1036/49 2353/1038/49 2355/1040/49
f 2356/1041/49 2349/1034/49 2354/1039/49
f 2347/1032/1590 2349/1034/49 2356/1041/49
f 2355/1040/49 2353/1038/49 2357/1042/49
f 2347/1032/1590 2356/1041/49 2358/1043/49
f 2357/1042/49 2353/1038/49 2359/1044/49
f 2358/1043/49 2360/1045/49 2347/1032/1590
f 2357/1042/49 2359/1044/49 2361/1046/49
f 2360/1045/49 2358/1043/49 2362/1047/49
f 2361/1046/49 2359/1044/49 2338/1023/49
f 2363/1048/49 2360/1045/49 2362/1047/49
f 2338/1023/49 2336/1021/49 2361/1046/49
f 2360/1045/49 2363/1048/49 2336/1021/49
f 2361/1046/49 2336/1021/49 2363/1048/49
f 2365/971/1591 2366/1049/1592 2364/1050/1593
f 2366/1049/1592 2365/971/1591 2367/969/1594
f 2366/1049/1592 2367/969/1594 2368/972/1595
f 2369/975/1596 2366/1049/1592 2368/972/1595
f 2366/1049/1592 2369/975/1596 2370/1051/1597
f 2372/981/1591 2373/1052/1592 2371/1053/1593
f 2373/1052/1592 2372/981/1591 2374/983/1598
f 2373/1052/1592 2374/983/1598 2375/986/1599
f 2373/1052/1592 2375/986/1599 2376/1054/1597
f 2378/1055/1600 2380/1056/1601 2379/1057/1602
f 2381/1058/1603 2379/1057/1602 2380/1056/1601
f 2380/1056/1601 2382/1059/1604 2381/1058/1603
f 2382/1059/1604 2380/1056/1601 2377/1060/140
f 2385/1061/1605 2383/1062/1606 2384/1063/1607
f 2383/1062/1606 2385/1061/1605 2387/1064/1605
f 2385/1061/1605 2386/1065/1608 2387/1064/1605
f 2386/1065/1608 2385/1061/1605 2388/1066/1609
f 2390/1067/1610 2391/1068/1611 2389/1069/1612
f 2391/1068/1611 2390/1067/1610 2392/1070/1613
f 2392/1070/1613 2393/1071/1614 2391/1068/1611
f 2394/1072/1615 2393/1071/1614 2392/1070/1613
f 2393/1071/1614 2394/1072/1615 2395/1073/1616
f 2396/1074/1603 2397/1075/1617 2398/1076/1618
f 2397/1075/1617 2396/1074/1603 2399/1077/1603
f 2396/1074/1603 2400/1078/1619 2399/1077/1603
f 2400/1078/1619 2396/1074/1603 2401/1079/1604
f 2403/1080/1610 2404/1081/1611 2402/1082/1612
f 2404/1081/1611 2403/1080/1610 2405/1083/1613
f 2405/1083/1613 2406/1084/1616 2404/1081/1611
f 2406/1084/1616 2405/1083/1613 2407/1085/1615
f 2411/1086/1620 2414/1087/1621 2413/1088/1622
f 2414/1087/1621 2412/1089/1623 2413/1088/1622
f 2414/1087/1621 2411/1086/1620 2415/1090/1624
f 2408/1091/1625 2414/1087/1621 2415/1090/1624
f 2410/1092/1626 2414/1087/1621 2408/1091/1625
f 2409/1093/1627 2414/1087/1621 2410/1092/1626
f 2416/1094/1628 2412/1089/1623 2414/1087/1621
f 2414/1087/1621 2409/1093/1627 2416/1094/1628
f 2419/1095/1603 2417/1096/1617 2418/1097/1629
f 2417/1096/1617 2419/1095/1603 2421/1098/1603
f 2419/1095/1603 2420/1099/1619 2421/1098/1603
f 2420/1099/1619 2419/1095/1603 2422/1100/1604
f 2423/1101/1606 2424/1102/1605 2425/1103/1605
f 2424/1102/1605 2426/1104/1630 2425/1103/1605
f 2424/1102/1605 2423/1101/1606 2427/1105/1631
f 2426/1104/1630 2424/1102/1605 2428/1106/1609
f 2430/1107/1632 2432/1108/1398 2429/1109/1633
f 2432/1108/1398 2431/1110/1634 2429/1109/1633
f 2432/1108/1398 2430/1107/1632 2433/1111/1635
f 2434/1112/1636 2431/1110/1634 2432/1108/1398
f 2435/1113/1637 2432/1108/1398 2433/1111/1635
f 2432/1108/1398 2436/1114/1638 2434/1112/1636
f 2437/1115/1602 2432/1108/1398 2435/1113/1637
f 2436/1114/1638 2432/1108/1398 2437/1115/1602
f 2440/1116/1398 2439/1117/1639 2438/1118/1640
f 2439/1117/1639 2440/1116/1398 2441/1119/1398
f 2440/1116/1398 2442/1120/1641 2441/1119/1398
f 2442/1120/1641 2440/1116/1398 2443/1121/1642
f 2444/1122/1643 2445/1116/1644 2446/1121/1645
f 2445/1116/1644 2444/1122/1643 2447/1123/1646
f 2447/1123/1646 2448/1118/1647 2445/1116/1644
f 2448/1118/1647 2447/1123/1646 2449/1124/1648
f 2450/1125/1649 2451/1126/1650 2452/1127/1651
f 2451/1126/1650 2450/1125/1649 2453/1128/1652
f 2453/1128/1652 2454/1129/1653 2451/1126/1650
f 2454/1129/1653 2453/1128/1652 2455/1130/1654
f 2456/1131/1652 2457/1132/1653 2458/1133/1650
f 2457/1132/1653 2456/1131/1652 2459/1134/1654
f 2458/1133/1650 2460/1135/1655 2456/1131/1652
f 2460/1135/1655 2458/1133/1650 2461/1136/1651
f 2462/1137/1656 2464/1128/1398 2463/1130/1602
f 2464/1128/1398 2462/1137/1656 2465/1138/1401
f 2466/1139/1657 2464/1128/1398 2465/1138/1401
f 2464/1128/1398 2466/1139/1657 2467/1125/1658
f 2468/1140/1659 2469/1141/1660 2470/1142/1644
f 2469/1141/1660 2468/1140/1659 2471/1143/1648
f 2470/1142/1644 2472/1144/1643 2468/1140/1659
f 2472/1144/1643 2470/1142/1644 2473/1145/1661
f 2474/1146/1662 2477/1147/1401 2476/1148/1639
f 2476/1148/1639 2477/1147/1401 2475/1149/1663
f 2477/1147/1401 2474/1146/1662 2478/1150/1664
f 2475/1149/1663 2477/1147/1401 2479/1151/1665
f 2480/1152/1666 2477/1147/1401 2478/1150/1664
f 2477/1147/1401 2481/1153/1667 2479/1151/1665
f 2482/1154/1642 2477/1147/1401 2480/1152/1666
f 2481/1153/1667 2477/1147/1401 2482/1154/1642
f 2485/1131/1398 2484/1155/1657 2483/1135/1668
f 2484/1155/1657 2485/1131/1398 2486/1156/1398
f 2485/1131/1398 2487/1157/1656 2486/1156/1398
f 2487/1157/1656 2485/1131/1398 2488/1134/1602
f 2489/1158/1641 2491/1142/1669 2490/1145/1642
f 2491/1142/1669 2489/1158/1641 2492/1159/1401
f 2493/1160/1639 2491/1142/1669 2492/1159/1401
f 2491/1142/1669 2493/1160/1639 2494/1141/1670
f 2497/1161/1671 2498/1162/1672 2496/1163/1673
f 2498/1162/1672 2497/1161/1671 2499/1164/1603
f 2499/1164/1603 2500/1165/1674 2498/1162/1672
f 2495/1166/1675 2498/1162/1672 2500/1165/1674
f 2502/1167/1676 2503/1168/1677 2501/1169/1678
f 2503/1168/1677 2502/1167/1676 2504/1170/1679
f 2505/1171/1680 2503/1168/1677 2504/1170/1679
f 2503/1168/1677 2505/1171/1680 2506/1172/1681
f 2507/1173/1682 2508/1174/1682 2509/1175/1682
f 2509/1175/1682 2508/1174/1682 2510/1176/422
f 2511/1177/422 2509/1175/1682 2510/1176/422
f 2507/1173/1682 2512/1178/422 2508/1174/1682
f 2509/1175/1682 2511/1177/422 2513/1179/1682
f 2514/1180/422 2513/1179/1682 2511/1177/422
f 2507/1173/1682 2515/1022/422 2512/1178/422
f 2515/1022/422 2507/1173/1682 2516/1014/422
f 2517/1181/422 2512/1178/422 2515/1022/422
f 2518/1012/422 2516/1014/422 2507/1173/1682
f 2512/1178/422 2517/1181/422 2519/1026/422
f 2516/1014/422 2518/1012/422 2520/1013/422
f 2517/1181/422 2521/1182/422 2519/1026/422
f 2518/1012/422 2522/1183/422 2520/1013/422
f 2523/1184/422 2522/1183/422 2518/1012/422
f 2523/1184/422 2524/1008/422 2522/1183/422
f 2523/1184/422 2525/1185/422 2524/1008/422
f 2524/1008/422 2525/1185/422 2526/1011/422
f 2525/1185/422 2523/1184/422 2527/1186/422
f 2526/1011/422 2525/1185/422 2528/1187/422
f 2529/1017/422 2527/1186/422 2523/1184/422
f 2527/1186/422 2529/1017/422 2530/1188/422
f 2529/1017/422 2531/1189/422 2530/1188/422
f 2528/1187/422 2532/1031/1682 2526/1011/422
f 2521/1182/422 2517/1181/422 2532/1031/1682
f 2533/1190/422 2532/1031/1682 2528/1187/422
f 2531/1189/422 2529/1017/422 2534/1191/1682
f 2534/1191/1682 2535/1192/422 2531/1189/422
f 2535/1192/422 2534/1191/1682 2536/1193/422
f 2536/1193/422 2537/1194/422 2535/1192/422
f 2536/1193/422 2534/1191/1682 2538/1195/422
f 2537/1194/422 2536/1193/422 2539/1196/422
f 2540/1197/1682 2538/1195/422 2534/1191/1682
f 2538/1195/422 2540/1197/1682 2541/1198/1682
f 2540/1197/1682 2542/1199/422 2541/1198/1682
f 2513/1179/1682 2542/1199/422 2540/1197/1682
f 2513/1179/1682 2543/1200/422 2542/1199/422
f 2543/1200/422 2513/1179/1682 2514/1180/422
f 2514/1180/422 2544/1201/422 2543/1200/422
f 2545/1202/1682 2544/1201/422 2514/1180/422
f 2544/1201/422 2545/1202/1682 2546/1203/422
f 2546/1203/422 2537/1194/422 2539/1196/422
f 2521/1182/422 2546/1203/422 2545/1202/1682
f 2537/1194/422 2546/1203/422 2533/1190/422
f 2546/1203/422 2521/1182/422 2532/1031/1682
f 2532/1031/1682 2533/1190/422 2546/1203/422
f 2547/1204/1683 2548/1205/1684 2549/1206/1683
f 2547/1204/1683 2549/1206/1683 2550/1207/1684
f 2550/1207/1684 2551/1208/1684 2547/1204/1683
f 2551/1208/1684 2550/1207/1684 2552/1209/1684
f 2551/1208/1684 2552/1209/1684 2553/1210/1684
f 2553/1210/1684 2554/1211/1683 2551/1208/1684
f 2548/1205/1684 2555/1212/1683 2549/1206/1683
f 2556/1213/1684 2549/1206/1683 2555/1212/1683
f 2555/1212/1683 2548/1205/1684 2557/1166/1683
f 2549/1206/1683 2556/1213/1684 2558/1167/1684
f 2557/1166/1683 2548/1205/1684 2559/1214/1684
f 2556/1213/1684 2560/1170/1684 2558/1167/1684
f 2561/1215/1683 2557/1166/1683 2559/1214/1684
f 2562/1216/1683 2560/1170/1684 2556/1213/1684
f 2557/1166/1683 2561/1215/1683 2563/1162/1684
f 2562/1216/1683 2564/1171/1683 2560/1170/1684
f 2565/1217/1684 2563/1162/1684 2561/1215/1683
f 2562/1216/1683 2566/1218/1683 2564/1171/1683
f 2567/1219/1683 2564/1171/1683 2566/1218/1683
f 2566/1218/1683 2562/1216/1683 2568/1220/1683
f 2564/1171/1683 2567/1219/1683 2569/1221/1683
f 2570/1222/1684 2568/1220/1683 2562/1216/1683
f 2568/1220/1683 2570/1222/1684 2571/1223/1684
f 2571/1223/1684 2570/1222/1684 2572/1224/1683
f 2573/1051/1683 2569/1221/1683 2567/1219/1683
f 2574/1225/1683 2572/1224/1683 2570/1222/1684
f 2569/1221/1683 2573/1051/1683 2553/1210/1684
f 2575/1226/1683 2572/1224/1683 2574/1225/1683
f 2572/1224/1683 2575/1226/1683 2576/1050/1684
f 2575/1226/1683 2574/1225/1683 2577/1163/1684
f 2576/1050/1684 2575/1226/1683 2578/1227/1683
f 2577/1163/1684 2579/1053/1684 2575/1226/1683
f 2580/1228/1684 2576/1050/1684 2578/1227/1683
f 2577/1163/1684 2581/1052/1684 2579/1053/1684
f 2576/1050/1684 2580/1228/1684 2582/1049/1683
f 2582/1049/1683 2580/1228/1684 2573/1051/1683
f 2563/1162/1684 2581/1052/1684 2577/1163/1684
f 2583/1229/1684 2573/1051/1683 2580/1228/1684
f 2553/1210/1684 2573/1051/1683 2583/1229/1684
f 2563/1162/1684 2584/1054/1683 2581/1052/1684
f 2583/1229/1684 2554/1211/1683 2553/1210/1684
f 2584/1054/1683 2563/1162/1684 2565/1217/1684
f 2585/1230/1683 2554/1211/1683 2583/1229/1684
f 2565/1217/1684 2585/1230/1683 2584/1054/1683
f 2554/1211/1683 2585/1230/1683 2586/1231/1684
f 2585/1230/1683 2565/1217/1684 2586/1231/1684
f 2588/1204/1676 2589/1232/1685 2587/1233/1678
f 2589/1232/1685 2588/1204/1676 2590/1208/1677
f 2591/1211/1680 2589/1232/1685 2590/1208/1677
f 2589/1232/1685 2591/1211/1680 2592/1234/1686
f 2592/1234/1686 2591/1211/1680 2593/1235/1681
f 2596/1236/1687 2594/1237/1688 2595/1238/1689
f 2595/1238/1689 2597/1239/1657 2596/1236/1687
f 2594/1237/1688 2596/1236/1687 2598/1240/1690
f 2596/1236/1687 2597/1239/1657 2599/1241/1691
f 2600/1242/1692 2601/1243/1693 2602/1244/1694
f 2600/1242/1692 2602/1244/1694 2603/1245/1694
f 2602/1244/1694 2604/1246/1695 2603/1245/1694
f 2604/1246/1695 2602/1244/1694 2605/1247/1696
f 2606/1248/1697 2607/1249/1698 2608/1250/1699
f 2606/1248/1697 2608/1250/1699 2609/1251/1700
f 2609/1251/1700 2608/1250/1699 2610/1252/1701
f 2609/1251/1700 2610/1252/1701 2611/1253/1702
f 2613/1254/1703 2612/1255/1704 2614/1256/1689
f 2613/1254/1703 2614/1256/1689 2615/1257/1689
f 2614/1256/1689 2617/1258/1705 2615/1257/1689
f 2617/1258/1705 2614/1256/1689 2616/1259/1706
f 2618/1260/1697 2619/1261/1698 2620/1262/1707
f 2618/1260/1697 2620/1262/1707 2621/1263/1708
f 2621/1263/1708 2620/1262/1707 2622/1264/1709
f 2622/1264/1709 2623/1265/1710 2621/1263/1708
f 2623/1265/1710 2622/1264/1709 2624/1266/1711
f 2625/1267/1712 2627/1268/1713 2626/1269/1696
f 2627/1268/1713 2625/1267/1712 2628/1270/1714
f 2626/1269/1696 2627/1268/1713 2629/1271/1715
f 2629/1271/1715 2627/1268/1713 2630/1272/1716
f 2628/1270/1714 2631/1273/1717 2627/1268/1713
f 2627/1268/1713 2632/1274/1718 2630/1272/1716
f 2633/1275/1719 2627/1268/1713 2631/1273/1717
f 2632/1274/1718 2627/1268/1713 2633/1275/1719
f 2634/1276/1703 2635/1277/1704 2636/1278/1689
f 2634/1276/1703 2636/1278/1689 2637/1279/1689
f 2636/1278/1689 2638/1280/1705 2637/1279/1689
f 2638/1280/1705 2636/1278/1689 2639/1281/1706
f 2642/1282/1719 2640/1283/1693 2644/1284/1694
f 2643/1285/1695 2644/1284/1694 2641/1286/1720
f 2642/1282/1719 2644/1284/1694 2645/1287/1694
f 2644/1284/1694 2643/1285/1695 2645/1287/1694
f 2646/1288/1721 2647/1289/1722 2648/1290/1264
f 2648/1290/1264 2649/1291/990 2646/1288/1721
f 2650/1292/1688 2648/1290/1264 2647/1289/1722
f 2651/1293/952 2648/1290/1264 2650/1292/1688
f 2648/1290/1264 2651/1293/952 2652/1294/1723
f 2652/1294/1723 2653/1295/1724 2648/1290/1264
f 2654/1296/1725 2648/1290/1264 2653/1295/1724
f 2649/1291/990 2648/1290/1264 2654/1296/1725
f 2655/1297/1726 2656/1298/1727 2657/1299/1265
f 2658/1300/1263 2657/1299/1265 2656/1298/1727
f 2659/1301/1728 2657/1299/1265 2658/1300/1263
f 2657/1299/1265 2659/1301/1728 2660/1302/1729
f 2664/1299/1730 2662/1303/1731 2661/1302/1732
f 2662/1303/1731 2664/1299/1730 2666/1304/1733
f 2666/1304/1733 2665/1297/1734 2663/1305/1735
f 2665/1297/1734 2666/1304/1733 2664/1299/1730
f 2671/1306/1736 2669/1307/1737 2667/1308/1738
f 2672/1309/1739 2670/1310/1740 2668/1311/1741
f 2669/1307/1737 2671/1306/1736 2672/1309/1739
f 2670/1310/1740 2672/1309/1739 2671/1306/1736
f 2677/1312/1742 2675/1313/1743 2673/1314/1744
f 2678/999/1745 2676/1315/1737 2674/1316/1738
f 2675/1313/1743 2677/1312/1742 2678/999/1745
f 2676/1315/1737 2678/999/1745 2677/1312/1742
f 2681/1309/1264 2679/1317/1746 2680/1311/1747
f 2679/1317/1746 2681/1309/1264 2682/1318/1265
f 2681/1309/1264 2683/1319/1748 2682/1318/1265
f 2683/1319/1748 2681/1309/1264 2684/1307/1688
f 2689/1320/1749 2685/1321/1734 2687/1322/1750
f 2690/1323/1730 2686/1324/1751 2688/1325/1732
f 2685/1321/1734 2689/1320/1749 2690/1323/1730
f 2686/1324/1751 2690/1323/1730 2689/1320/1749
f 2691/1326/1752 2692/1327/1753 2693/1328/1264
f 2693/1328/1264 2694/1329/1754 2691/1326/1752
f 2695/1330/1726 2693/1328/1264 2692/1327/1753
f 2696/1331/1755 2693/1328/1264 2695/1330/1726
f 2693/1328/1264 2696/1331/1755 2697/1332/1756
f 2698/1333/1757 2693/1328/1264 2697/1332/1756
f 2699/1334/1758 2693/1328/1264 2698/1333/1757
f 2694/1329/1754 2693/1328/1264 2699/1334/1758
f 2701/1335/1759 2702/1312/1264 2700/1315/1688
f 2702/1312/1264 2701/1335/1759 2703/1336/1265
f 2704/1337/1746 2702/1312/1264 2703/1336/1265
f 2702/1312/1264 2704/1337/1746 2705/1314/1760
f 2708/1323/1264 2706/1338/1728 2707/1325/1761
f 2706/1338/1728 2708/1323/1264 2709/1339/1265
f 2709/1339/1265 2708/1323/1264 2710/1340/1762
f 2711/1321/1726 2710/1340/1762 2708/1323/1264
