# Blender 5.1.2
# www.blender.org
mtllib exo gk pake lama.mtl
o exo_gk_pake_lama
v -0.556759 0.048575 -0.158784
v -0.548814 0.064766 -0.170086
v -0.548814 0.056863 -0.157021
v -0.556759 0.060060 -0.177134
v -0.556759 0.058037 -0.132178
v -0.556759 0.079873 -0.181833
v -0.549154 0.066118 -0.132860
v -0.550079 0.066283 -0.112390
v -0.556759 0.059162 -0.112477
v -0.550034 0.079538 -0.174670
v -0.550774 0.091908 -0.169904
v -0.556759 0.096423 -0.174422
v -0.556759 0.102863 -0.159171
v -0.550774 0.096588 -0.157976
v -0.556759 0.097098 -0.140839
v -0.551804 0.092813 -0.143932
v -0.556759 0.084518 -0.135669
v -0.552324 0.083603 -0.140308
v -0.556759 0.074203 -0.133543
v -0.556759 0.073408 -0.112304
v -0.549154 0.066118 -0.132860
v -0.550079 0.066283 -0.112390
v -0.556759 0.082688 -0.144946
v -0.552324 0.083603 -0.140308
v -0.556759 0.073183 -0.146650
v -0.556759 0.082688 -0.144946
v -0.556759 0.088533 -0.147024
v -0.552324 0.083603 -0.140308
v -0.551804 0.092813 -0.143932
v -0.550774 0.096588 -0.157976
v -0.556759 0.090318 -0.156779
v -0.548814 0.056863 -0.157021
v -0.556759 0.069473 -0.163040
v -0.556759 0.065151 -0.155258
v -0.548814 0.064766 -0.170086
v -0.548814 0.064766 -0.170086
v -0.556759 0.079203 -0.167507
v -0.550034 0.079538 -0.174670
v -0.556759 0.065151 -0.155258
v -0.549154 0.066118 -0.132860
v -0.556759 0.074203 -0.133543
v -0.550774 0.091908 -0.169904
v -0.550774 0.096588 -0.157976
v -0.556759 0.087398 -0.165387
v -0.556759 0.090318 -0.156779
v -0.550034 0.079538 -0.174670
v -0.556759 0.087398 -0.165387
v -0.556759 0.079203 -0.167507
v -0.550774 0.091908 -0.169904
v -0.562744 0.096588 -0.157975
v -0.556759 0.097098 -0.140839
v -0.556759 0.102863 -0.159171
v -0.556759 0.102863 -0.159171
v -0.550774 0.096588 -0.157976
v -0.556759 0.097098 -0.140839
v -0.564704 0.056863 -0.157021
v -0.556759 0.065151 -0.155258
v -0.564364 0.066118 -0.132860
v -0.556759 0.065151 -0.155258
v -0.549154 0.066118 -0.132860
v -0.548814 0.056863 -0.157021
v -0.556759 0.084518 -0.135669
v -0.561709 0.092813 -0.143932
v -0.556759 0.097098 -0.140839
v -0.556759 0.084518 -0.135669
v -0.561189 0.083603 -0.140308
v -0.556759 0.073183 -0.146650
v -0.556759 0.097098 -0.140839
v -0.551804 0.092813 -0.143932
v -0.556759 0.084518 -0.135669
v -0.552324 0.083603 -0.140308
v -0.556759 0.073183 -0.146650
v -0.556759 0.058037 -0.132178
v -0.564704 0.056863 -0.157021
v -0.564364 0.066118 -0.132860
v -0.563434 0.066283 -0.112390
v -0.556759 0.059162 -0.112477
v -0.556759 0.048575 -0.158784
v -0.564704 0.064766 -0.170086
v -0.556759 0.060060 -0.177134
v -0.564704 0.056863 -0.157021
v -0.564704 0.064766 -0.170086
v -0.556759 0.079873 -0.181833
v -0.563479 0.079538 -0.174670
v -0.556759 0.096423 -0.174422
v -0.556759 0.079873 -0.181833
v -0.562744 0.091908 -0.169904
v -0.563479 0.079538 -0.174670
v -0.562744 0.091908 -0.169904
v -0.556759 0.102863 -0.159171
v -0.562744 0.096588 -0.157975
v -0.562744 0.096588 -0.157975
v -0.556759 0.097098 -0.140839
v -0.561709 0.092813 -0.143932
v -0.556759 0.084518 -0.135669
v -0.561709 0.092813 -0.143932
v -0.561189 0.083603 -0.140308
v -0.564704 0.056863 -0.157021
v -0.556759 0.069473 -0.163040
v -0.564704 0.064766 -0.170086
v -0.556759 0.079203 -0.167507
v -0.556759 0.065151 -0.155258
v -0.563479 0.079538 -0.174670
v -0.564364 0.066118 -0.132860
v -0.556759 0.087398 -0.165387
v -0.556759 0.074203 -0.133543
v -0.556759 0.073408 -0.112304
v -0.563434 0.066283 -0.112390
v -0.562744 0.091908 -0.169904
v -0.562744 0.096588 -0.157975
v -0.556759 0.090318 -0.156779
v -0.556759 0.088533 -0.147024
v -0.561709 0.092813 -0.143932
v -0.561189 0.083603 -0.140308
v -0.556759 0.082688 -0.144946
v -0.556759 0.073183 -0.146650
v -0.556759 0.048575 -0.158784
v -0.556759 0.058037 -0.132178
v -0.564704 0.056863 -0.157021
v -0.556759 0.048575 -0.158784
v -0.548814 0.056863 -0.157021
v -0.556759 0.058037 -0.132178
v -0.562744 0.096588 -0.157975
v -0.556759 0.088533 -0.147024
v -0.561709 0.092813 -0.143932
v -0.556759 0.088533 -0.147024
v -0.551804 0.092813 -0.143932
v -0.550774 0.096588 -0.157976
v 0.661229 0.245048 0.051810
v 0.661229 0.192658 0.105269
v 0.661229 0.192658 0.073512
v 0.661229 0.117808 0.074266
v 0.661229 0.267503 0.074266
v 0.661229 0.140263 0.051810
v 0.661229 0.266753 -0.000584
v 0.661229 0.086803 -0.000584
v 0.661229 0.298508 -0.000584
v 0.661229 0.118558 -0.000584
v 0.661229 0.267503 -0.075433
v 0.661229 0.140263 -0.052978
v 0.661229 0.245048 -0.052978
v 0.661229 0.117808 -0.075433
v 0.661229 0.192658 -0.106436
v 0.661229 0.192658 -0.074680
v 0.584681 0.238883 0.045642
v 0.584681 0.192658 0.064787
v 0.584681 0.146433 0.045642
v 0.584681 0.127283 -0.000584
v 0.584681 0.258028 -0.000584
v 0.584681 0.192658 -0.065955
v 0.584681 0.146433 -0.046808
v 0.584681 0.238883 -0.046808
v -0.344399 -0.314902 -0.087108
v -0.264544 -0.047866 -0.087108
v -0.344399 -0.314902 0.090522
v -0.264544 -0.047866 0.090522
v -0.324934 -0.397837 0.090522
v -0.324934 -0.397837 -0.087108
v -0.305684 0.443043 -0.062854
v -0.305684 0.443043 0.061686
v -0.248394 0.362043 0.061686
v -0.248394 0.362043 -0.062854
v -0.225589 0.361468 -0.118751
v -0.225589 0.361468 0.117583
v -0.162689 0.277063 0.117583
v -0.162689 0.277063 -0.118751
v -0.162689 0.108253 -0.118751
v -0.162689 0.108253 0.117583
v -0.225589 0.023846 0.117583
v -0.225589 0.023846 -0.118751
v 0.199997 0.164608 -0.028631
v 0.199997 0.164608 0.027463
v 0.199997 0.152993 -0.000584
v 0.199997 0.220703 0.027463
v 0.199997 0.192658 0.039081
v 0.199997 0.232323 -0.000584
v 0.199997 0.220703 -0.028631
v 0.199997 0.192658 -0.040249
v 0.164942 0.128658 -0.064581
v 0.164942 0.192658 -0.091089
v 0.164942 0.256653 -0.064581
v 0.199997 0.192658 -0.040249
v 0.199997 0.164608 -0.028631
v 0.199997 0.152993 -0.000584
v 0.199997 0.220703 -0.028631
v 0.164942 0.102153 -0.000584
v 0.164942 0.128658 0.063413
v 0.199997 0.164608 0.027463
v 0.199997 0.192658 0.039081
v 0.164942 0.192658 0.089921
v 0.164942 0.256653 0.063413
v 0.199997 0.220703 0.027463
v 0.164942 0.283163 -0.000584
v 0.199997 0.232323 -0.000584
v -0.007362 -0.253447 0.012717
v 0.041749 -0.121805 0.012658
v 0.056850 0.008941 0.012644
v 0.062225 0.009096 -0.000584
v 0.047172 -0.122973 -0.000584
v 0.041749 -0.121805 -0.013826
v 0.056850 0.008941 -0.013812
v -0.002766 -0.256651 -0.000584
v -0.007362 -0.253447 -0.013885
v 0.089398 0.040034 0.076569
v 0.121978 0.128748 0.060971
v 0.096171 0.054697 0.103415
v 0.121978 0.128748 -0.062139
v 0.089398 0.040034 -0.077738
v 0.096171 0.054697 -0.104584
v 0.584681 0.146433 0.045642
v 0.661229 0.140263 0.051810
v 0.661229 0.118558 -0.000584
v 0.584681 0.127283 -0.000584
v 0.584681 0.146433 -0.046808
v 0.661229 0.140263 -0.052978
v 0.475894 0.225078 0.031840
v 0.190190 0.225078 0.031839
v 0.475894 0.238508 -0.000584
v 0.190190 0.238508 -0.000584
v 0.475894 0.225078 -0.033007
v 0.190190 0.225078 -0.033007
v -0.305684 0.443043 -0.062854
v -0.416664 0.462613 -0.062854
v -0.416664 0.462613 0.061686
v -0.493689 0.399763 -0.062854
v -0.493689 0.399763 0.061686
v -0.305684 0.443043 0.061686
v -0.657559 0.324328 -0.118751
v -0.531759 0.412108 0.117583
v -0.531759 0.412108 -0.118751
v -0.225589 0.361468 -0.118751
v -0.657559 0.324328 0.117583
v -0.225589 0.361468 0.117583
v 0.164942 0.256653 -0.064581
v 0.115056 0.266803 -0.074733
v 0.115056 0.297518 -0.000584
v 0.164942 0.256653 0.063413
v 0.115056 0.266803 0.073565
v 0.164942 0.283163 -0.000584
v -0.293104 -0.370521 -0.013715
v -0.028945 -0.238397 -0.013511
v -0.132409 -0.316664 -0.013482
v -0.273519 -0.365229 -0.013682
v -0.274799 -0.359970 -0.000584
v -0.294514 -0.365268 -0.000584
v -0.293104 -0.370521 0.012547
v -0.033226 -0.235401 -0.000584
v -0.028945 -0.238397 0.012343
v -0.132409 -0.316664 0.012314
v -0.273519 -0.365229 0.012514
v -0.134684 -0.311996 -0.000584
v -0.636174 0.266818 -0.074746
v -0.704524 0.282303 -0.090230
v -0.767419 0.282303 -0.090230
v -0.704524 0.319438 -0.000584
v -0.636174 0.297538 -0.000584
v -0.767419 0.319438 -0.000584
v -0.636174 0.266818 0.073578
v -0.704524 0.282303 0.089063
v -0.767419 0.282303 0.089063
v 0.474081 0.238858 0.045620
v 0.661229 0.267503 0.074266
v 0.661229 0.298508 -0.000584
v 0.474081 0.257998 -0.000584
v 0.474081 0.238858 -0.046787
v 0.661229 0.267503 -0.075433
v 0.584681 0.192658 -0.065955
v 0.584681 0.146433 -0.046808
v 0.661229 0.140263 -0.052978
v 0.661229 0.192658 -0.074680
v 0.584681 0.238883 -0.046808
v 0.661229 0.245048 -0.052978
v 0.190190 0.160233 0.031839
v 0.475894 0.160233 0.031840
v 0.475894 0.192658 0.045270
v 0.190190 0.192658 0.045269
v 0.475894 0.225078 0.031840
v 0.190190 0.225078 0.031839
v 0.164942 0.128658 0.063413
v 0.115056 0.118508 0.073565
v 0.115056 0.192658 0.104278
v 0.164942 0.192658 0.089921
v 0.164942 0.256653 0.063413
v 0.115056 0.266803 0.073565
v -0.007362 -0.253447 0.012717
v 0.041749 -0.121805 0.012658
v -0.018307 -0.245819 0.017997
v 0.044052 0.008543 0.017988
v 0.056850 0.008941 0.012644
v 0.028830 -0.119028 0.017989
v 0.031400 0.008116 0.012503
v -0.120964 -0.340385 0.012729
v -0.267304 -0.390738 0.012616
v -0.286309 -0.395888 0.012547
v -0.289709 -0.383205 0.017986
v -0.293104 -0.370521 0.012547
v 0.016100 -0.116297 0.012469
v -0.028945 -0.238397 0.012343
v -0.126754 -0.328335 0.018000
v -0.132409 -0.316664 0.012314
v -0.270434 -0.377933 0.017987
v -0.273519 -0.365229 0.012514
v -0.507434 0.017093 0.117583
v -0.507434 0.368218 0.117583
v -0.608074 0.087318 0.117583
v -0.531759 -0.026797 0.117583
v -0.657559 0.060984 0.117583
v -0.225589 0.023846 0.117583
v -0.608074 0.297993 0.117583
v -0.657559 0.324328 0.117583
v -0.531759 0.412108 0.117583
v -0.225589 0.361468 0.117583
v -0.262499 0.057608 0.117583
v -0.262499 0.327703 0.117583
v -0.212179 0.260183 0.117583
v -0.162689 0.277063 0.117583
v -0.212179 0.125133 0.117583
v -0.162689 0.108253 0.117583
v -0.528304 0.028318 0.090522
v -0.264544 -0.047866 0.090522
v -0.074979 0.074243 0.090522
v -0.161209 -0.047866 0.090522
v -0.499729 -0.037699 0.090522
v -0.508309 -0.113285 0.090522
v -0.344399 -0.314902 0.090522
v -0.603214 -0.308739 0.090522
v -0.546679 -0.400474 0.090522
v -0.324934 -0.397837 0.090522
v -0.602554 -0.364175 0.090522
v -0.493689 0.399763 0.061686
v -0.248394 0.362043 0.061686
v -0.305684 0.443043 0.061686
v -0.416664 0.462613 0.061686
v -0.239199 0.054697 0.103416
v 0.096171 0.054697 0.103415
v -0.239199 0.128748 0.060971
v 0.121978 0.128748 0.060971
v -0.636174 0.118493 0.073578
v -0.767419 0.103008 0.089063
v -0.704524 0.103008 0.089063
v -0.767419 0.192658 0.126195
v -0.636174 0.266818 0.073578
v -0.704524 0.282303 0.089063
v -0.767419 0.282303 0.089063
v -0.704524 0.192658 0.126195
v -0.636174 0.192658 0.104297
v 0.474081 0.146453 0.045620
v 0.661229 0.117808 0.074266
v 0.661229 0.192658 0.105269
v 0.474081 0.192658 0.064757
v 0.474081 0.238858 0.045620
v 0.661229 0.267503 0.074266
v -0.602554 -0.364175 0.090522
v -0.602554 -0.364175 -0.087108
v -0.603214 -0.308739 0.090522
v -0.603214 -0.308739 -0.087108
v -0.508309 -0.113285 0.090522
v -0.508309 -0.113285 -0.087108
v -0.499729 -0.037699 0.090522
v -0.499729 -0.037699 -0.087108
v -0.528304 0.028318 0.090522
v -0.528304 0.028318 -0.087108
v -0.657559 0.324328 -0.118751
v -0.657559 0.324328 0.117583
v -0.657559 0.060984 0.117583
v -0.657559 0.060984 -0.118751
v 0.031400 0.008116 0.012503
v 0.031400 0.008116 -0.013671
v -0.028945 -0.238397 -0.013511
v 0.016100 -0.116297 -0.013637
v -0.033226 -0.235401 -0.000584
v 0.010860 -0.115173 -0.000584
v 0.026162 0.007935 -0.000584
v 0.016100 -0.116297 0.012469
v -0.028945 -0.238397 0.012343
v -0.239199 0.054697 0.103416
v -0.239199 0.128748 0.060971
v -0.239199 0.040034 0.076570
v -0.239199 0.040034 -0.077737
v -0.239199 0.128748 -0.062139
v -0.239199 0.054697 -0.104583
v 0.474081 0.146453 -0.046787
v 0.474081 0.238858 -0.046787
v 0.474081 0.192658 -0.065925
v 0.474081 0.257998 -0.000584
v 0.474081 0.127318 -0.000584
v 0.474081 0.146453 0.045620
v 0.474081 0.238858 0.045620
v 0.474081 0.192658 0.064757
v 0.584681 0.238883 0.045642
v 0.661229 0.245048 0.051810
v 0.661229 0.266753 -0.000584
v 0.584681 0.258028 -0.000584
v 0.584681 0.238883 -0.046808
v 0.661229 0.245048 -0.052978
v 0.190190 0.160233 0.031839
v 0.475894 0.160233 0.031840
v 0.190190 0.146803 -0.000584
v 0.475894 0.146803 -0.000584
v 0.190190 0.160233 -0.033007
v 0.475894 0.160233 -0.033007
v -0.264544 -0.047866 -0.087108
v -0.264544 -0.047866 0.090522
v -0.161209 -0.047866 -0.087108
v -0.161209 -0.047866 0.090522
v -0.324934 -0.397837 0.090522
v -0.324934 -0.397837 -0.087108
v -0.546679 -0.400474 0.090522
v -0.546679 -0.400474 -0.087108
v -0.602554 -0.364175 0.090522
v -0.602554 -0.364175 -0.087108
v -0.657559 0.060984 0.117583
v -0.657559 0.060984 -0.118751
v -0.531759 -0.026797 -0.118751
v -0.531759 -0.026797 0.117583
v -0.225589 0.023846 0.117583
v -0.225589 0.023846 -0.118751
v 0.164942 0.128658 -0.064581
v 0.115056 0.118508 -0.074733
v 0.115056 0.087793 -0.000584
v 0.164942 0.102153 -0.000584
v 0.164942 0.128658 0.063413
v 0.115056 0.118508 0.073565
v -0.007362 -0.253447 0.012717
v -0.002766 -0.256651 -0.000584
v -0.007362 -0.253447 -0.013885
v -0.118539 -0.345447 -0.000584
v -0.120964 -0.340385 0.012729
v -0.120964 -0.340385 -0.013897
v -0.265989 -0.396090 -0.000584
v -0.267304 -0.390738 0.012616
v -0.267304 -0.390738 -0.013784
v -0.284899 -0.401142 -0.000584
v -0.286309 -0.395888 -0.013715
v -0.286309 -0.395888 0.012547
v 0.096171 0.054697 -0.104584
v -0.239199 0.054697 -0.104583
v 0.089398 0.040034 -0.077738
v -0.239199 0.040034 -0.077737
v 0.089398 0.040034 0.076569
v -0.239199 0.040034 0.076570
v -0.239199 0.054697 0.103416
v 0.096171 0.054697 0.103415
v -0.636174 0.118493 -0.074746
v -0.704524 0.103008 -0.090230
v -0.704524 0.065878 -0.000584
v -0.636174 0.087773 -0.000584
v -0.767419 0.103008 -0.090230
v -0.767419 0.065878 -0.000584
v -0.636174 0.118493 0.073578
v -0.767419 0.103008 0.089063
v -0.704524 0.103008 0.089063
v 0.474081 0.146453 0.045620
v 0.661229 0.117808 0.074266
v 0.661229 0.086803 -0.000584
v 0.474081 0.127318 -0.000584
v 0.474081 0.146453 -0.046787
v 0.661229 0.117808 -0.075433
v 0.584681 0.238883 0.045642
v 0.661229 0.192658 0.073512
v 0.584681 0.192658 0.064787
v 0.661229 0.245048 0.051810
v 0.584681 0.146433 0.045642
v 0.661229 0.140263 0.051810
v 0.190190 0.160233 -0.033007
v 0.475894 0.160233 -0.033007
v 0.190190 0.192658 -0.046437
v 0.475894 0.192658 -0.046437
v 0.475894 0.225078 -0.033007
v 0.190190 0.225078 -0.033007
v 0.115056 0.192658 -0.105446
v 0.164942 0.128658 -0.064581
v 0.115056 0.118508 -0.074733
v 0.164942 0.192658 -0.091089
v 0.164942 0.256653 -0.064581
v 0.115056 0.266803 -0.074733
v 0.041749 -0.121805 -0.013826
v 0.056850 0.008941 -0.013812
v 0.044052 0.008543 -0.019156
v -0.007362 -0.253447 -0.013885
v 0.028830 -0.119027 -0.019157
v 0.031400 0.008116 -0.013671
v -0.018307 -0.245819 -0.019165
v -0.120964 -0.340385 -0.013897
v -0.267304 -0.390738 -0.013784
v -0.126759 -0.328335 -0.019168
v -0.286309 -0.395888 -0.013715
v -0.289709 -0.383205 -0.019154
v -0.270434 -0.377933 -0.019155
v -0.293104 -0.370521 -0.013715
v -0.028945 -0.238397 -0.013511
v -0.132409 -0.316664 -0.013482
v -0.273519 -0.365229 -0.013682
v 0.016100 -0.116297 -0.013637
v -0.225589 0.023846 -0.118751
v -0.531759 -0.026797 -0.118751
v -0.507434 0.017093 -0.118751
v -0.608074 0.087318 -0.118751
v -0.657559 0.060984 -0.118751
v -0.262499 0.057608 -0.118751
v -0.507434 0.368218 -0.118751
v -0.608074 0.297993 -0.118751
v -0.657559 0.324328 -0.118751
v -0.531759 0.412108 -0.118751
v -0.225589 0.361468 -0.118751
v -0.212179 0.125133 -0.118751
v -0.162689 0.108253 -0.118751
v -0.162689 0.277063 -0.118751
v -0.212179 0.260183 -0.118751
v -0.262499 0.327703 -0.118751
v -0.264544 -0.047866 -0.087108
v -0.074979 0.074243 -0.087108
v -0.161209 -0.047866 -0.087108
v -0.528304 0.028318 -0.087108
v -0.499729 -0.037699 -0.087108
v -0.508309 -0.113285 -0.087108
v -0.344399 -0.314902 -0.087108
v -0.603214 -0.308739 -0.087108
v -0.546679 -0.400474 -0.087108
v -0.602554 -0.364175 -0.087108
v -0.324934 -0.397837 -0.087108
v -0.493689 0.399763 -0.062854
v -0.305684 0.443043 -0.062854
v -0.248394 0.362043 -0.062854
v -0.416664 0.462613 -0.062854
v 0.096171 0.054697 -0.104584
v -0.239199 0.128748 -0.062139
v 0.121978 0.128748 -0.062139
v -0.239199 0.054697 -0.104583
v -0.636174 0.192658 -0.105465
v -0.636174 0.118493 -0.074746
v -0.704524 0.192658 -0.127363
v -0.636174 0.266818 -0.074746
v -0.704524 0.103008 -0.090230
v -0.767419 0.103008 -0.090230
v -0.767419 0.192658 -0.127363
v -0.704524 0.282303 -0.090230
v -0.767419 0.282303 -0.090230
v 0.474081 0.146453 -0.046787
v 0.661229 0.117808 -0.075433
v 0.661229 0.192658 -0.106436
v 0.474081 0.192658 -0.065925
v 0.474081 0.238858 -0.046787
v 0.661229 0.267503 -0.075433
v -0.249099 0.045306 -0.079911
v -0.249099 0.045306 0.078685
v -0.194234 0.118928 -0.079911
v -0.194234 0.118928 0.078685
v -0.249099 0.339803 0.078685
v -0.249099 0.339803 -0.079911
v -0.194234 0.266178 0.078685
v -0.194234 0.266178 -0.079911
v 0.564056 0.151458 -0.079705
v 0.547589 0.174873 -0.081519
v 0.556311 0.158268 -0.069342
v 0.551290 0.173088 -0.097326
v 0.451397 0.531693 0.083387
v 0.451397 0.579213 0.046905
v 0.451397 0.591093 0.058784
v 0.451397 0.615693 -0.000613
v 0.451397 0.531693 0.066587
v 0.451397 0.598893 -0.000613
v 0.451397 0.484178 0.046905
v 0.451397 0.579213 -0.048131
v 0.451397 0.472298 0.058784
v 0.451397 0.591093 -0.060010
v 0.451397 0.464493 -0.000613
v 0.451397 0.531693 -0.084613
v 0.451397 0.447693 -0.000613
v 0.451397 0.531693 -0.067813
v 0.451397 0.472298 -0.060010
v 0.451397 0.484178 -0.048131
v 0.444627 0.223128 -0.012821
v 0.444627 0.457273 -0.012821
v 0.444627 0.457273 0.011595
v 0.444627 0.223128 0.011595
v 0.441157 0.531688 0.020891
v 0.441157 0.542633 0.010335
v 0.441157 0.546893 0.014593
v 0.441157 0.553193 -0.000613
v 0.441157 0.531688 0.014870
v 0.441157 0.520738 0.010335
v 0.441157 0.516483 0.014593
v 0.441157 0.547168 -0.000613
v 0.441157 0.542633 -0.011561
v 0.441157 0.546893 -0.015819
v 0.441157 0.531688 -0.022117
v 0.441157 0.531688 -0.016096
v 0.441157 0.520738 -0.011561
v 0.441157 0.516483 -0.015819
v 0.441157 0.510183 -0.000613
v 0.441157 0.516203 -0.000613
v 0.441157 0.520738 0.010335
v 0.441157 0.510183 -0.000613
v 0.441157 0.516483 0.014593
v 0.437815 0.454703 -0.004519
v 0.437815 0.514128 -0.004519
v 0.437815 0.514128 0.003294
v 0.437815 0.454703 0.003294
v 0.437815 0.549323 -0.004519
v 0.437815 0.608748 -0.004519
v 0.437815 0.608748 0.003294
v 0.437815 0.549323 0.003294
v 0.437815 0.527818 -0.018210
v 0.437815 0.527818 -0.077634
v 0.437815 0.535633 -0.077634
v 0.437815 0.535633 -0.018210
v 0.437815 0.535633 0.016984
v 0.437815 0.527818 0.076408
v 0.437815 0.527818 0.016984
v 0.437815 0.535633 0.076408
v 0.564056 0.121083 0.047868
v 0.547589 0.119268 0.024456
v 0.556311 0.131448 0.041059
v 0.551290 0.103463 0.026241
v 0.564056 0.121083 0.047868
v 0.556311 0.131448 0.041059
v 0.541285 0.143998 0.062827
v 0.564056 0.279033 0.047868
v 0.547589 0.280848 0.024457
v 0.551290 0.296653 0.026241
v 0.556311 0.268668 0.041059
v 0.564056 0.248658 -0.079705
v 0.541285 0.263613 -0.056792
v 0.556311 0.241848 -0.069342
v 0.390438 0.133243 -0.063876
v 0.390438 0.196503 -0.090080
v 0.389923 0.144373 -0.052745
v 0.390438 0.107038 -0.000613
v 0.389923 0.196503 -0.074339
v 0.389923 0.248638 -0.052745
v 0.390438 0.259768 -0.063876
v 0.389923 0.122778 -0.000613
v 0.389923 0.144373 0.051519
v 0.390438 0.133243 0.062650
v 0.390438 0.196503 0.088854
v 0.389923 0.196503 0.073113
v 0.547590 0.225243 -0.081519
v 0.564056 0.248658 -0.079705
v 0.556311 0.241848 -0.069342
v 0.551290 0.227028 -0.097327
v 0.389923 0.196503 0.073113
v 0.389923 0.248638 0.051519
v 0.390438 0.196503 0.088854
v 0.390438 0.259768 0.062650
v 0.390438 0.285973 -0.000613
v 0.389923 0.270233 -0.000613
v 0.390438 0.259768 -0.063876
v 0.389923 0.248638 -0.052745
v 0.564056 0.151458 -0.079705
v 0.556311 0.158268 -0.069342
v 0.541285 0.136503 -0.056792
v 0.389923 0.248638 0.051519
v 0.389923 0.270233 -0.000613
v 0.390438 0.259768 0.062650
v 0.390438 0.259768 -0.063876
v 0.390438 0.285973 -0.000613
v 0.564056 0.279033 0.047868
v 0.541285 0.256118 0.062827
v 0.556311 0.268668 0.041059
v 0.259293 0.196503 0.098618
v 0.259293 0.126338 0.069554
v 0.258722 0.196503 0.081159
v 0.258722 0.138683 0.057208
v 0.258722 0.114733 -0.000613
v 0.259293 0.097273 -0.000613
v 0.259293 0.126338 -0.070780
v 0.258722 0.138683 -0.058434
v 0.258722 0.196503 -0.082385
v 0.259293 0.196503 -0.099844
v 0.259293 0.295738 -0.000613
v 0.259293 0.266673 0.069554
v 0.258722 0.254328 0.057208
v 0.258722 0.196503 0.081159
v 0.259293 0.196503 0.098618
v 0.258722 0.254328 -0.058434
v 0.258722 0.278278 -0.000613
v 0.258722 0.196503 -0.082385
v 0.259293 0.266673 -0.070780
v 0.259293 0.196503 -0.099844
v 0.259293 0.295738 -0.000613
v 0.258722 0.254328 0.057208
v 0.258722 0.278278 -0.000613
v 0.258722 0.254328 -0.058434
v 0.259293 0.266673 -0.070780
v 0.495036 0.142233 -0.020666
v 0.505791 0.135303 -0.043531
v 0.482667 0.165288 -0.043907
v 0.494890 0.152168 -0.056951
v 0.498600 0.164668 -0.070900
v 0.491314 0.182558 -0.066806
v 0.767781 0.205948 -0.008335
v 0.767781 0.205948 0.007109
v 0.771919 0.192573 -0.000613
v 0.495036 0.180123 0.057096
v 0.505791 0.157258 0.064025
v 0.482667 0.156883 0.034041
v 0.494890 0.143838 0.047161
v 0.498600 0.129888 0.034659
v 0.491314 0.133983 0.016771
v 0.756476 0.192573 0.026136
v 0.767781 0.205948 0.007109
v 0.767781 0.192573 0.014830
v 0.771919 0.192573 -0.000613
v 0.756476 0.192573 -0.027362
v 0.767781 0.205948 -0.008335
v 0.767781 0.192573 -0.016056
v 0.771919 0.192573 -0.000613
v 0.119077 0.112473 -0.080694
v 0.119077 0.112473 0.079468
v 0.119077 0.079303 -0.000613
v 0.119077 0.192553 0.112638
v 0.119077 0.192553 -0.113864
v 0.119077 0.272633 -0.080694
v 0.119077 0.272633 0.079468
v 0.119077 0.305803 -0.000613
v 0.495036 0.219993 0.057096
v 0.505791 0.242858 0.064025
v 0.482667 0.243233 0.034041
v 0.494890 0.256278 0.047161
v 0.498600 0.270228 0.034660
v 0.491314 0.266133 0.016771
v -0.427724 -0.339170 0.091114
v -0.435234 -0.270264 0.108009
v -0.417524 -0.262693 0.091114
v -0.487509 -0.257187 0.091114
v -0.489459 -0.268243 0.100961
v -0.471824 -0.291215 0.091114
v -0.427724 -0.339170 -0.092340
v -0.435234 -0.270264 -0.109235
v -0.417524 -0.262693 -0.092340
v -0.487509 -0.257187 -0.092340
v -0.489459 -0.268243 -0.102187
v -0.471824 -0.291215 -0.092340
v 0.495036 0.257883 -0.020666
v 0.505791 0.264813 -0.043531
v 0.482667 0.234828 -0.043907
v 0.494890 0.247948 -0.056951
v 0.498600 0.235448 -0.070900
v 0.491314 0.217558 -0.066806
v 0.756476 0.169408 0.012761
v 0.756476 0.192573 0.026136
v 0.767781 0.179198 0.007109
v 0.767781 0.192573 0.014830
v 0.771919 0.192573 -0.000613
v 0.771919 0.192573 -0.000613
v 0.767781 0.179198 -0.008335
v 0.767781 0.192573 -0.016056
v 0.756476 0.192573 -0.027362
v 0.756476 0.169408 -0.013987
v 0.078362 0.005932 -0.000613
v 0.078362 0.045932 -0.000613
v 0.068266 0.045932 0.023760
v 0.068266 0.005932 -0.024986
v 0.068266 0.005932 0.023760
v 0.068266 0.045932 -0.024986
v 0.771919 0.192573 -0.000613
v 0.767781 0.179198 0.007109
v 0.767781 0.179198 -0.008335
v -0.006721 0.112473 -0.080694
v -0.006721 0.112473 0.079468
v -0.006721 0.079303 -0.000613
v -0.006721 0.192553 0.112638
v -0.006721 0.192553 -0.113864
v -0.006721 0.272633 -0.080694
v -0.006721 0.272633 0.079468
v -0.006721 0.305803 -0.000613
v -0.316624 -0.314675 -0.094270
v -0.297154 -0.397609 0.097627
v -0.297154 -0.397609 -0.094270
v -0.316624 -0.314675 0.097627
v -0.234879 -0.073064 -0.094270
v -0.234879 -0.073064 0.097627
v -0.086264 0.002058 -0.094270
v -0.086264 0.002058 0.097627
v -0.086264 0.055584 -0.094270
v -0.086264 0.055584 0.097627
v -0.132519 0.112473 -0.080694
v -0.132519 0.112473 0.079468
v -0.132519 0.079303 -0.000613
v -0.132519 0.192553 0.112638
v -0.132519 0.192553 -0.113864
v -0.132519 0.272633 -0.080694
v -0.132519 0.272633 0.079468
v -0.132519 0.305803 -0.000613
v -0.140279 0.284583 -0.079911
v -0.140279 0.100523 -0.079911
v -0.140279 0.284583 -0.129455
v -0.208859 0.376613 -0.129455
v -0.208859 0.376613 -0.079911
v -0.140279 0.100523 -0.129455
v -0.208859 0.008494 -0.079911
v -0.208859 0.008494 -0.129455
v -0.140279 0.284583 0.078685
v -0.140279 0.100523 0.128229
v -0.140279 0.100523 0.078685
v -0.208859 0.008494 0.128229
v -0.208859 0.008494 0.078685
v -0.140279 0.284583 0.128229
v -0.208859 0.376613 0.078685
v -0.208859 0.376613 0.128229
v -0.194234 0.118928 -0.079911
v -0.194234 0.266178 -0.079911
v -0.194234 0.118928 0.078685
v -0.194234 0.266178 0.078685
v -0.405879 0.186833 0.005606
v -0.405879 0.456603 0.157054
v -0.320264 0.294743 0.157054
v -0.320264 0.294743 -0.160174
v -0.405879 0.456603 -0.160174
v -0.405879 0.186833 0.005606
v -0.320264 0.078923 0.157054
v -0.405879 -0.082937 0.157054
v -0.405879 0.186833 0.005606
v -0.405879 0.186833 0.005606
v -0.405879 -0.082937 -0.160174
v -0.320264 0.078923 -0.160174
v -0.427724 -0.339170 -0.092340
v -0.435234 -0.270264 -0.075445
v -0.417524 -0.262693 -0.092340
v -0.427724 -0.339170 0.091114
v -0.435234 -0.270264 0.074219
v -0.417524 -0.262693 0.091114
v -0.291604 -0.391448 0.103900
v -0.291249 -0.421221 -0.100543
v -0.291604 -0.391448 -0.100543
v -0.291249 -0.421221 0.103900
v -0.299699 -0.383304 -0.100543
v -0.299699 -0.383304 0.103900
v -0.285564 -0.356980 0.023760
v -0.279254 -0.380523 0.033856
v -0.272944 -0.404066 0.023760
v -0.288174 -0.347229 -0.000613
v -0.270334 -0.413818 -0.000613
v -0.272944 -0.404066 -0.024986
v -0.285564 -0.356980 -0.024986
v -0.279254 -0.380523 -0.035082
v -0.487509 -0.257187 -0.092340
v -0.489459 -0.268243 -0.082493
v -0.471824 -0.291215 -0.092340
v -0.487509 -0.257187 0.091114
v -0.471824 -0.291215 0.091114
v -0.489459 -0.268243 0.081267
v -0.625894 0.307408 0.128229
v -0.625894 0.307408 0.078685
v -0.625894 0.077698 0.128229
v -0.625894 0.077698 0.078685
v -0.625894 0.307408 -0.079911
v -0.625894 0.307408 -0.129455
v -0.625894 0.077698 -0.079911
v -0.625894 0.077698 -0.129455
v -0.591139 -0.306370 -0.100543
v -0.589334 -0.359975 0.103900
v -0.589334 -0.359975 -0.100543
v -0.591139 -0.306370 0.103900
v -0.475859 -0.100769 -0.100543
v -0.475859 -0.100769 0.103900
v -0.477244 -0.018709 -0.100543
v -0.477244 -0.018709 0.103900
v -0.517039 0.037475 -0.100543
v -0.517039 0.037475 0.103900
v -0.767359 0.344688 -0.000613
v -0.767359 0.282198 -0.090259
v -0.767359 0.300128 -0.108189
v -0.767359 0.192553 -0.127392
v -0.767359 0.192553 -0.152748
v -0.767359 0.319333 -0.000613
v -0.767359 0.300128 0.106963
v -0.767359 0.282198 0.089034
v -0.767359 0.192553 0.151522
v -0.767359 0.192553 0.126166
v -0.767359 0.102908 0.089034
v -0.767359 0.084978 0.106963
v -0.767359 0.065773 -0.000613
v -0.767359 0.040418 -0.000613
v -0.767359 0.084978 -0.108189
v -0.767359 0.102908 -0.090259
v -0.767359 0.192553 -0.127392
v -0.767359 0.192553 -0.152748
v -0.796764 0.138763 -0.054401
v -0.830259 0.138763 -0.054401
v -0.796764 0.116488 -0.000613
v -0.830259 0.116488 -0.000613
v -0.796764 0.138763 0.053175
v -0.830259 0.138763 0.053175
v -0.679849 0.336118 0.128229
v -0.679849 0.336118 0.078685
v -0.542689 0.431833 0.128229
v -0.542689 0.431833 0.078685
v -0.679849 0.336118 -0.079911
v -0.679849 0.336118 -0.129455
v -0.542689 0.431833 -0.079911
v -0.542689 0.431833 -0.129455
v -0.625894 0.307408 0.078685
v -0.625894 0.307408 -0.079911
v -0.516164 0.383973 0.078685
v -0.516164 0.383973 -0.079911
v -0.516164 0.383973 0.078685
v -0.249099 0.339803 0.078685
v -0.249099 0.339803 -0.079911
v 0.437815 0.535633 -0.018210
v 0.437815 0.535633 -0.077634
v 0.431130 0.535633 -0.077634
v 0.431130 0.535633 -0.018210
v 0.431130 0.535633 0.016984
v 0.437815 0.535633 0.076408
v 0.437815 0.535633 0.016984
v 0.431130 0.535633 0.076408
v 0.498600 0.235448 -0.070900
v 0.475640 0.255848 -0.064614
v 0.494890 0.247948 -0.056951
v 0.485057 0.236278 -0.085244
v 0.510666 0.232238 -0.098033
v 0.517132 0.233263 -0.079406
v 0.516267 0.237808 0.098362
v 0.505791 0.242858 0.064025
v 0.486733 0.244463 0.081933
v 0.523336 0.239508 0.073190
v 0.475640 0.263943 0.055061
v 0.494890 0.256278 0.047161
v 0.517501 0.188478 0.098696
v 0.576756 0.167243 0.072832
v 0.524571 0.186778 0.073524
v 0.585859 0.162188 0.095652
v 0.630339 0.134143 0.064470
v 0.635420 0.131798 0.082278
v 0.685850 0.302358 0.065607
v 0.729446 0.301063 0.093289
v 0.736731 0.301188 0.083769
v 0.759691 0.286463 0.105950
v 0.683703 0.301573 0.081835
v 0.516923 0.186593 -0.079595
v 0.551290 0.173088 -0.097326
v 0.510458 0.187618 -0.098222
v 0.547589 0.174873 -0.081519
v -0.542689 0.431833 -0.079911
v -0.208859 0.376613 -0.079911
v -0.542689 0.431833 -0.129455
v -0.208859 0.376613 -0.129455
v -0.542689 0.431833 0.078685
v -0.208859 0.376613 0.128229
v -0.208859 0.376613 0.078685
v -0.542689 0.431833 0.128229
v 0.376644 0.149538 -0.047582
v 0.376644 0.130083 -0.000613
v 0.389923 0.122778 -0.000613
v 0.389923 0.144373 -0.052745
v 0.389923 0.122778 -0.000613
v 0.376644 0.149538 0.046356
v 0.389923 0.144373 0.051519
v 0.635420 0.131798 0.082278
v 0.688896 0.113848 0.066300
v 0.630339 0.134143 0.064470
v 0.686748 0.114628 0.082527
v 0.725961 0.110373 0.091445
v 0.733245 0.110248 0.081925
v 0.523336 0.126138 -0.040182
v 0.495036 0.142233 -0.020666
v 0.524570 0.125803 -0.014012
v 0.505791 0.135303 -0.043531
v 0.559703 0.125538 -0.051914
v 0.576755 0.126493 -0.033544
v 0.619343 0.134968 -0.081727
v 0.630340 0.134858 -0.066644
v 0.685850 0.133718 -0.103029
v 0.688896 0.133028 -0.086942
v 0.733245 0.117403 -0.090538
v 0.736731 0.115558 -0.101860
v 0.759691 0.093378 -0.087135
v 0.556311 0.158268 -0.069342
v 0.543934 0.151218 -0.072631
v 0.541285 0.136503 -0.056792
v 0.243994 0.273113 0.075997
v 0.243994 0.304848 -0.000613
v 0.228694 0.266673 0.069554
v 0.228694 0.295738 -0.000613
v 0.259293 0.266673 0.069554
v 0.259293 0.295738 -0.000613
v 0.376644 0.265578 0.068459
v 0.376644 0.294188 -0.000613
v 0.362850 0.259768 0.062650
v 0.362850 0.285973 -0.000613
v 0.390438 0.259768 0.062650
v 0.390438 0.285973 -0.000613
v 0.714284 0.205948 0.007109
v 0.725590 0.215738 -0.013987
v 0.714284 0.205948 -0.008335
v 0.725590 0.215738 0.012761
v 0.741033 0.219318 -0.016056
v 0.741033 0.219318 0.014830
v 0.756476 0.215738 -0.013987
v 0.756476 0.215738 0.012761
v 0.767781 0.205948 -0.008335
v 0.767781 0.205948 0.007109
v 0.243994 0.144413 -0.052707
v 0.243994 0.122833 -0.000613
v 0.258722 0.114733 -0.000613
v 0.258722 0.138683 -0.058434
v 0.258722 0.114733 -0.000613
v 0.243994 0.144413 0.051481
v 0.258722 0.138683 0.057208
v 0.498600 0.129888 0.034659
v 0.491314 0.133983 0.016771
v 0.516923 0.121193 0.012734
v 0.517132 0.121383 0.032475
v 0.547589 0.119268 0.024456
v 0.538713 0.119823 0.038156
v 0.556311 0.131448 0.041059
v 0.543934 0.128158 0.048109
v -0.058621 0.272633 -0.080694
v -0.006721 0.272633 -0.080694
v -0.058621 0.305803 -0.000613
v -0.006721 0.305803 -0.000613
v -0.058621 0.272633 0.079468
v -0.006721 0.272633 0.079468
v 0.067177 0.272633 -0.080694
v 0.119077 0.272633 -0.080694
v 0.067177 0.305803 -0.000613
v 0.119077 0.305803 -0.000613
v 0.067177 0.272633 0.079468
v 0.119077 0.272633 0.079468
v 0.582455 0.199363 -0.007422
v 0.719455 0.199363 -0.007422
v 0.582455 0.202183 -0.000613
v 0.719455 0.202183 -0.000613
v 0.719455 0.199363 0.006196
v 0.582455 0.199363 0.006196
v -0.185764 -0.037942 0.097627
v -0.185764 -0.037942 -0.094270
v -0.226264 -0.037942 -0.094270
v -0.226264 -0.037942 0.097627
v -0.125764 0.005893 0.097627
v -0.125764 0.005893 -0.094270
v 0.243994 0.273113 -0.077223
v 0.228694 0.266673 -0.070780
v 0.243994 0.304848 -0.000613
v 0.228694 0.295738 -0.000613
v 0.259293 0.266673 -0.070780
v 0.259293 0.295738 -0.000613
v 0.516267 0.299148 -0.038480
v 0.486733 0.282723 -0.045134
v 0.475978 0.275793 -0.022269
v 0.517501 0.299483 -0.012310
v 0.568807 0.297398 -0.056968
v 0.585859 0.296438 -0.038598
v 0.624424 0.282953 -0.084076
v 0.635420 0.283068 -0.068992
v 0.683703 0.282623 -0.102245
v 0.686748 0.283313 -0.086158
v 0.725961 0.292233 -0.090413
v 0.729446 0.294078 -0.101734
v 0.759691 0.306738 -0.087135
v 0.564056 0.248658 -0.079705
v 0.551678 0.255708 -0.082994
v 0.541285 0.263613 -0.056792
v 0.376644 0.265578 -0.069685
v 0.362850 0.259768 -0.063876
v 0.376644 0.294188 -0.000613
v 0.362850 0.285973 -0.000613
v 0.390438 0.259768 -0.063876
v 0.390438 0.285973 -0.000613
v -0.519794 -0.257858 0.091114
v -0.512964 -0.268375 0.102115
v -0.487509 -0.257187 0.091114
v -0.519794 -0.257858 -0.092340
v -0.512964 -0.268375 -0.103341
v -0.487509 -0.257187 -0.092340
v 0.485057 0.284573 0.035488
v 0.477771 0.280478 0.017600
v 0.510458 0.297548 0.011708
v 0.510666 0.297358 0.031450
v 0.551290 0.296653 0.026241
v 0.542414 0.296098 0.039940
v 0.564056 0.279033 0.047868
v 0.551678 0.282323 0.054918
v 0.542414 0.240728 -0.096771
v 0.510666 0.232238 -0.098033
v 0.517132 0.233263 -0.079406
v 0.538713 0.238943 -0.080963
v 0.685850 0.302358 0.065607
v 0.619343 0.281053 0.064358
v 0.624424 0.283403 0.082165
v 0.683703 0.301573 0.081835
v -0.830259 0.300128 0.106963
v -0.767359 0.300128 0.106963
v -0.830259 0.344688 -0.000613
v -0.767359 0.344688 -0.000613
v -0.830259 0.300128 -0.108189
v -0.767359 0.300128 -0.108189
v -0.516164 0.001132 0.128229
v -0.249099 0.045306 0.128229
v -0.516164 0.001132 0.078685
v -0.249099 0.045306 0.078685
v -0.516164 0.001132 -0.079911
v -0.249099 0.045306 -0.079911
v -0.516164 0.001132 -0.129455
v -0.249099 0.045306 -0.129455
v -0.184419 0.272633 -0.080694
v -0.132519 0.272633 -0.080694
v -0.184419 0.305803 -0.000613
v -0.132519 0.305803 -0.000613
v -0.184419 0.272633 0.079468
v -0.132519 0.272633 0.079468
v 0.733245 0.110248 0.081925
v 0.725961 0.110373 0.091445
v 0.759691 0.113653 0.105950
v 0.516267 0.237808 0.098362
v 0.568807 0.256293 0.096610
v 0.559703 0.251243 0.073790
v 0.523336 0.239508 0.073190
v 0.624424 0.283403 0.082165
v 0.619343 0.281053 0.064358
v 0.559703 0.251243 0.073790
v 0.491314 0.182558 -0.066806
v 0.463418 0.157388 -0.051570
v 0.482667 0.165288 -0.043907
v 0.477771 0.181728 -0.081149
v 0.510458 0.187618 -0.098222
v 0.516923 0.186593 -0.079595
v 0.495036 0.180123 0.057096
v 0.517501 0.188478 0.098696
v 0.524571 0.186778 0.073524
v 0.475978 0.178518 0.075004
v 0.463418 0.149218 0.041940
v 0.482667 0.156883 0.034041
v 0.243994 0.144413 0.051481
v 0.243994 0.122833 -0.000613
v 0.229266 0.114733 -0.000613
v 0.229266 0.138683 0.057208
v 0.243994 0.144413 -0.052707
v 0.229266 0.114733 -0.000613
v 0.229266 0.138683 -0.058434
v -0.226264 -0.037942 0.097627
v -0.226264 -0.037942 -0.094270
v -0.272459 -0.038491 -0.094270
v -0.272459 -0.038491 -0.094270
v -0.272459 -0.038491 0.097627
v -0.226264 -0.037942 0.097627
v 0.376644 0.149538 0.046356
v 0.376644 0.130083 -0.000613
v 0.363365 0.122778 -0.000613
v 0.363365 0.144373 0.051519
v 0.376644 0.149538 -0.047582
v 0.363365 0.122778 -0.000613
v 0.363365 0.144373 -0.052745
v -0.487509 -0.257187 -0.092340
v -0.512964 -0.268375 -0.081339
v -0.519794 -0.257858 -0.092340
v -0.487509 -0.257187 0.091114
v -0.512964 -0.268375 0.080113
v -0.519794 -0.257858 0.091114
v 0.451397 0.484178 0.046905
v 0.417548 0.484178 0.046905
v 0.417548 0.464493 -0.000613
v 0.451397 0.464493 -0.000613
v 0.417548 0.484178 -0.048131
v 0.451397 0.484178 -0.048131
v -0.324199 -0.367333 0.023760
v -0.285564 -0.356980 0.023760
v -0.288174 -0.347229 -0.000613
v -0.326814 -0.357581 -0.000613
v -0.324199 -0.367333 -0.024986
v -0.285564 -0.356980 -0.024986
v 0.417548 0.591093 -0.060010
v 0.451397 0.591093 -0.060010
v 0.417548 0.615693 -0.000613
v 0.451397 0.615693 -0.000613
v 0.417548 0.591093 0.058784
v 0.451397 0.591093 0.058784
v 0.427788 0.546893 -0.015819
v 0.441157 0.546893 -0.015819
v 0.427788 0.553193 -0.000613
v 0.441157 0.553193 -0.000613
v 0.427788 0.546893 0.014593
v 0.441157 0.546893 0.014593
v 0.441157 0.520738 0.010335
v 0.427788 0.520738 0.010335
v 0.427788 0.516203 -0.000613
v 0.441157 0.516203 -0.000613
v 0.427788 0.520738 -0.011561
v 0.441157 0.520738 -0.011561
v -0.625894 0.077698 0.128229
v -0.625894 0.077698 0.078685
v -0.516164 0.001132 0.128229
v -0.516164 0.001132 0.078685
v -0.625894 0.077698 -0.079911
v -0.625894 0.077698 -0.129455
v -0.516164 0.001132 -0.079911
v -0.516164 0.001132 -0.129455
v -0.589334 -0.359975 0.103900
v -0.589334 -0.359975 -0.100543
v -0.557374 -0.386369 0.103900
v -0.557374 -0.386369 -0.100543
v -0.299699 -0.383304 -0.100543
v -0.299699 -0.383304 0.103900
v -0.796764 0.138763 -0.054401
v -0.830259 0.138763 -0.054401
v -0.830259 0.192553 -0.076681
v -0.796764 0.192553 -0.076681
v -0.796764 0.192553 -0.076681
v -0.796764 0.246343 -0.054401
v -0.830259 0.246343 -0.054401
v -0.830259 0.192553 -0.076681
v -0.491489 0.294743 0.157054
v -0.619909 0.186833 0.157054
v -0.506464 0.186833 0.209632
v -0.446114 0.237548 0.209632
v -0.405879 0.313613 0.209632
v -0.405879 0.456603 0.157054
v -0.453069 -0.207069 0.091114
v -0.452944 -0.277835 0.091114
v -0.435234 -0.270264 0.108009
v -0.439119 -0.203790 0.103687
v -0.405879 0.060052 0.209632
v -0.446114 0.136123 0.209632
v -0.491489 0.078923 0.157054
v -0.405879 -0.082937 0.157054
v -0.506464 0.186833 0.209632
v -0.619909 0.186833 0.157054
v -0.491409 -0.279298 0.091114
v -0.489459 -0.268243 0.100961
v -0.506129 -0.278893 0.091114
v -0.471824 -0.291215 0.091114
v -0.489459 -0.268243 0.100961
v -0.516774 -0.363396 -0.092340
v -0.533214 -0.326666 -0.079041
v -0.547074 -0.332802 -0.092340
v -0.509894 -0.347820 -0.077404
v -0.473264 -0.350326 -0.074692
v -0.468879 -0.369962 -0.092340
v -0.533214 -0.326666 -0.079041
v -0.548269 -0.293513 -0.092340
v -0.533354 -0.296238 -0.079041
v -0.365644 0.237548 0.209632
v -0.405879 0.313613 0.209632
v -0.405879 0.293338 0.201032
v -0.372079 0.229433 0.201032
v -0.321379 0.186833 0.201032
v -0.305294 0.186833 0.209632
v -0.446929 -0.166273 0.091114
v -0.453069 -0.207069 0.091114
v -0.439119 -0.203790 0.103687
v -0.435034 -0.170386 0.102152
v -0.420119 -0.140786 0.099189
v -0.425169 -0.133090 0.091114
v -0.405879 0.186833 0.005606
v -0.491489 0.294743 -0.160174
v -0.619909 0.186833 -0.160174
v 0.475640 0.263943 0.055061
v 0.498600 0.270228 0.034660
v 0.485057 0.284573 0.035488
v 0.494890 0.256278 0.047161
v 0.510666 0.297358 0.031450
v 0.517132 0.278733 0.032475
v -0.405879 0.186833 0.005606
v -0.619909 0.186833 -0.160174
v -0.491489 0.078923 -0.160174
v 0.576755 0.273618 -0.033544
v 0.517501 0.299483 -0.012310
v 0.524570 0.274313 -0.014012
v 0.585859 0.296438 -0.038598
v 0.630340 0.265258 -0.066644
v 0.635420 0.283068 -0.068992
v 0.517501 0.100633 -0.012310
v 0.576755 0.126493 -0.033544
v 0.524570 0.125803 -0.014012
v 0.585859 0.103678 -0.038598
v 0.630340 0.134858 -0.066644
v 0.635420 0.117048 -0.068992
v 0.475640 0.136173 0.055060
v 0.498600 0.129888 0.034659
v 0.494890 0.143838 0.047161
v 0.485057 0.115543 0.035488
v 0.510666 0.102758 0.031450
v 0.517132 0.121383 0.032475
v 0.376644 0.149538 -0.047582
v 0.389923 0.196503 -0.074339
v 0.389923 0.144373 -0.052745
v 0.376644 0.196503 -0.067037
v 0.389923 0.196503 -0.074339
v 0.376644 0.243473 -0.047582
v 0.389923 0.248638 -0.052745
v -0.477644 -0.330689 0.091114
v -0.444569 -0.328165 0.108762
v -0.461409 -0.317160 0.091114
v -0.473264 -0.350326 0.108762
v -0.452944 -0.277835 0.091114
v -0.444569 -0.328165 0.108762
v -0.503014 -0.332246 0.091114
v -0.473264 -0.350326 0.108762
v -0.509894 -0.347820 0.106049
v -0.249099 0.339803 0.128229
v -0.194234 0.266178 0.128229
v -0.208859 0.376613 0.128229
v -0.140279 0.284583 0.128229
v -0.194234 0.118928 0.128229
v -0.140279 0.100523 0.128229
v -0.208859 0.008494 0.128229
v -0.249099 0.045306 0.128229
v -0.625894 0.307408 0.128229
v -0.679849 0.048987 0.128229
v -0.625894 0.077698 0.128229
v -0.542689 -0.046724 0.128229
v -0.516164 0.001132 0.128229
v -0.679849 0.336118 0.128229
v -0.542689 0.431833 0.128229
v -0.516164 0.383973 0.128229
v -0.516164 0.001132 0.128229
v -0.208859 0.008494 0.128229
v -0.249099 0.045306 0.128229
v -0.542689 -0.046724 0.128229
v -0.208859 0.376613 0.128229
v -0.516164 0.383973 0.128229
v -0.249099 0.339803 0.128229
v -0.542689 0.431833 0.128229
v 0.498600 0.164668 -0.070900
v 0.491314 0.182558 -0.066806
v 0.516923 0.186593 -0.079595
v 0.517131 0.166853 -0.079406
v 0.547589 0.174873 -0.081519
v 0.538713 0.161173 -0.080963
v 0.556311 0.158268 -0.069342
v 0.543934 0.151218 -0.072631
v -0.291604 -0.391448 0.103900
v -0.313999 -0.431949 0.103900
v -0.291249 -0.421221 0.103900
v -0.299699 -0.383304 0.103900
v -0.557374 -0.386369 0.103900
v -0.556799 -0.434837 0.103900
v -0.622484 -0.395337 0.103900
v -0.557374 -0.386369 0.103900
v -0.589334 -0.359975 0.103900
v -0.556799 -0.434837 0.103900
v -0.639209 -0.300152 0.103900
v -0.591139 -0.306370 0.103900
v -0.523929 -0.094551 0.103900
v -0.475859 -0.100769 0.103900
v -0.523784 -0.032241 0.103900
v -0.477244 -0.018709 0.103900
v -0.517039 0.037475 0.103900
v -0.570214 0.040408 0.103900
v 0.228694 0.126338 0.069554
v 0.243994 0.196503 0.107730
v 0.228694 0.196503 0.098618
v 0.243994 0.119893 0.075997
v 0.259293 0.126338 0.069554
v 0.259293 0.196503 0.098618
v 0.259293 0.266673 0.069554
v 0.259293 0.196503 0.098618
v 0.243994 0.273113 0.075997
v 0.228694 0.266673 0.069554
v 0.228694 0.196503 0.098618
v -0.316624 -0.314675 0.097627
v -0.334114 -0.398049 0.097627
v -0.297154 -0.397609 0.097627
v -0.353579 -0.315114 0.097627
v -0.281074 -0.073613 0.097627
v -0.234879 -0.073064 0.097627
v -0.272459 -0.038491 0.097627
v -0.226264 -0.037942 0.097627
v -0.185764 -0.037942 0.097627
v -0.184879 -0.073064 0.097627
v -0.136264 -0.037942 0.097627
v -0.125764 0.005893 0.097627
v -0.086264 0.002058 0.097627
v -0.086264 0.055584 0.097627
v -0.125764 0.055584 0.097627
v -0.490379 0.186833 0.201032
v -0.439679 0.229433 0.201032
v -0.446114 0.237548 0.209632
v -0.405879 0.293338 0.201032
v -0.405879 0.313613 0.209632
v -0.506464 0.186833 0.209632
v -0.446114 0.136123 0.209632
v -0.439679 0.144233 0.201032
v -0.405879 0.080328 0.201032
v -0.405879 0.060052 0.209632
v -0.365644 0.136123 0.209632
v -0.372079 0.144233 0.201032
v -0.321379 0.186833 0.201032
v -0.305294 0.186833 0.209632
v 0.362850 0.133243 0.062650
v 0.376644 0.196503 0.097070
v 0.362850 0.196503 0.088854
v 0.376644 0.127433 0.068459
v 0.390438 0.133243 0.062650
v 0.390438 0.196503 0.088854
v 0.390438 0.259768 0.062650
v 0.390438 0.196503 0.088854
v 0.376644 0.265578 0.068459
v 0.362850 0.259768 0.062650
v 0.362850 0.196503 0.088854
v -0.533354 -0.296238 -0.079041
v -0.519794 -0.257858 -0.092340
v -0.548269 -0.293513 -0.092340
v -0.512964 -0.268375 -0.081339
v 0.243994 0.144413 -0.052707
v 0.258722 0.196503 -0.082385
v 0.258722 0.138683 -0.058434
v 0.243994 0.196503 -0.074285
v 0.258722 0.196503 -0.082385
v 0.243994 0.248598 -0.052707
v 0.258722 0.254328 -0.058434
v 0.688896 0.267088 -0.086942
v 0.635420 0.283068 -0.068992
v 0.630340 0.265258 -0.066644
v 0.686748 0.283313 -0.086158
v 0.725961 0.292233 -0.090413
v 0.733245 0.282713 -0.090538
v 0.688896 0.133028 -0.086942
v 0.635420 0.117048 -0.068992
v 0.686748 0.116798 -0.086158
v 0.630340 0.134858 -0.066644
v 0.725961 0.107883 -0.090413
v 0.733245 0.117403 -0.090538
v -0.058621 0.112473 0.079468
v -0.006721 0.112473 0.079468
v -0.006721 0.192553 0.112638
v -0.058621 0.192553 0.112638
v -0.058621 0.272633 0.079468
v -0.006721 0.272633 0.079468
v -0.058621 0.192553 0.112638
v -0.006721 0.192553 0.112638
v 0.067177 0.112473 0.079468
v 0.119077 0.112473 0.079468
v 0.119077 0.192553 0.112638
v 0.067177 0.192553 0.112638
v 0.067177 0.272633 0.079468
v 0.119077 0.272633 0.079468
v 0.067177 0.192553 0.112638
v 0.119077 0.192553 0.112638
v 0.719455 0.185743 0.006196
v 0.582455 0.185743 0.006196
v 0.719455 0.192553 0.009016
v 0.582455 0.192553 0.009016
v 0.719455 0.199363 0.006196
v 0.582455 0.199363 0.006196
v 0.019519 0.005932 0.023760
v 0.019519 0.045932 0.023760
v 0.043893 0.005932 0.033856
v 0.043893 0.045932 0.033856
v 0.741033 0.192573 0.030274
v 0.756476 0.215738 0.012761
v 0.741033 0.219318 0.014830
v 0.725590 0.215738 0.012761
v 0.756476 0.192573 0.026136
v 0.725590 0.192573 0.026136
v 0.767781 0.205948 0.007109
v 0.714284 0.205948 0.007109
v 0.714284 0.192573 0.014830
v -0.420119 -0.140786 0.099189
v -0.391554 -0.117624 0.091114
v -0.425169 -0.133090 0.091114
v -0.477644 -0.330689 -0.092340
v -0.444569 -0.328164 -0.074692
v -0.461409 -0.317160 -0.092340
v -0.452944 -0.277835 -0.092340
v -0.473264 -0.350326 -0.074692
v -0.435234 -0.270264 -0.075445
v -0.503014 -0.332246 -0.092340
v -0.453069 -0.207069 -0.092340
v -0.509894 -0.347820 -0.077404
v -0.439119 -0.203790 -0.079767
v -0.519349 -0.320530 -0.092340
v -0.446929 -0.166273 -0.092340
v -0.533214 -0.326666 -0.079041
v -0.435034 -0.170385 -0.081302
v -0.533354 -0.296238 -0.079041
v -0.420119 -0.140786 -0.084265
v -0.425169 -0.133090 -0.092340
v -0.391554 -0.117624 -0.092340
v -0.518444 -0.298964 -0.092340
v -0.512964 -0.268375 -0.081339
v -0.506129 -0.278893 -0.092340
v -0.489459 -0.268243 -0.082493
v -0.491409 -0.279298 -0.092340
v -0.471824 -0.291215 -0.092340
v 0.424318 0.457273 0.011595
v 0.424318 0.223128 0.011595
v 0.444627 0.223128 0.011595
v 0.444627 0.457273 0.011595
v -0.405879 0.456603 0.157054
v -0.405879 0.313613 0.209632
v -0.320264 0.294743 0.157054
v -0.365644 0.237548 0.209632
v -0.305294 0.186833 0.209632
v -0.191844 0.186833 0.157054
v 0.431130 0.514128 0.003294
v 0.431130 0.454703 0.003294
v 0.437815 0.454703 0.003294
v 0.437815 0.514128 0.003294
v 0.437815 0.549323 0.003294
v 0.431130 0.608748 0.003294
v 0.431130 0.549323 0.003294
v 0.437815 0.608748 0.003294
v -0.427724 -0.339170 0.091114
v -0.473264 -0.350326 0.108762
v -0.468879 -0.369962 0.091114
v -0.516774 -0.363396 0.091114
v -0.444569 -0.328165 0.108762
v -0.509894 -0.347820 0.106049
v -0.435234 -0.270264 0.108009
v -0.533214 -0.326666 0.104413
v -0.417524 -0.262693 0.091114
v -0.547074 -0.332802 0.091114
v -0.439119 -0.203790 0.103687
v -0.548269 -0.293513 0.091114
v -0.425164 -0.200511 0.091114
v -0.533354 -0.296238 0.104413
v -0.435034 -0.170386 0.102152
v -0.519794 -0.257858 0.091114
v -0.423139 -0.174498 0.091114
v -0.512964 -0.268375 0.102115
v -0.415074 -0.148484 0.091114
v -0.420119 -0.140786 0.099189
v -0.391554 -0.117624 0.091114
v -0.487509 -0.257187 0.091114
v -0.489459 -0.268243 0.100961
v 0.498600 0.235448 -0.070900
v 0.491314 0.217558 -0.066806
v 0.516923 0.213523 -0.079595
v 0.517132 0.233263 -0.079406
v 0.547590 0.225243 -0.081519
v 0.538713 0.238943 -0.080963
v 0.556311 0.241848 -0.069342
v 0.543934 0.248898 -0.072631
v 0.725590 0.169408 0.012761
v 0.741033 0.165823 0.014830
v 0.756476 0.169408 0.012761
v 0.725590 0.192573 0.026136
v 0.714284 0.179198 0.007109
v 0.714284 0.192573 0.014830
v 0.756476 0.192573 0.026136
v 0.068266 0.045932 0.023760
v 0.068266 0.005932 0.023760
v 0.043893 0.045932 0.033856
v 0.043893 0.005932 0.033856
v -0.473264 -0.350326 -0.074692
v -0.427724 -0.339170 -0.092340
v -0.444569 -0.328164 -0.074692
v -0.468879 -0.369962 -0.092340
v 0.475978 0.221598 0.075004
v 0.517501 0.211638 0.098696
v 0.516267 0.237808 0.098362
v 0.568807 0.256293 0.096610
v 0.486733 0.244463 0.081933
v 0.585859 0.237923 0.095652
v 0.624424 0.283403 0.082165
v 0.635420 0.268318 0.082278
v 0.683703 0.301573 0.081835
v 0.686748 0.285488 0.082527
v 0.725961 0.289738 0.091445
v 0.729446 0.301063 0.093289
v 0.759691 0.286463 0.105950
v 0.564056 0.279033 0.047868
v 0.551678 0.282323 0.054918
v 0.541285 0.256118 0.062827
v -0.320264 0.078923 0.157054
v -0.191844 0.186833 0.157054
v -0.305294 0.186833 0.209632
v -0.365644 0.136123 0.209632
v -0.405879 0.060052 0.209632
v -0.405879 -0.082937 0.157054
v -0.830259 0.084978 0.106963
v -0.767359 0.084978 0.106963
v -0.830259 0.192553 0.151522
v -0.767359 0.192553 0.151522
v -0.830259 0.300128 0.106963
v -0.767359 0.300128 0.106963
v -0.184419 0.112473 0.079468
v -0.132519 0.112473 0.079468
v -0.132519 0.192553 0.112638
v -0.184419 0.192553 0.112638
v -0.184419 0.272633 0.079468
v -0.132519 0.272633 0.079468
v -0.184419 0.192553 0.112638
v -0.132519 0.192553 0.112638
v 0.517501 0.188478 0.098696
v 0.475978 0.178518 0.075004
v 0.516267 0.162308 0.098362
v 0.486733 0.155653 0.081933
v 0.568806 0.143818 0.096610
v 0.585859 0.162188 0.095652
v 0.624424 0.116713 0.082165
v 0.635420 0.131798 0.082278
v 0.683703 0.098543 0.081835
v 0.686748 0.114628 0.082527
v 0.725961 0.110373 0.091445
v 0.729446 0.099053 0.093289
v 0.759691 0.113653 0.105950
v 0.564056 0.121083 0.047868
v 0.551678 0.117793 0.054918
v 0.541285 0.143998 0.062827
v -0.249099 0.339803 -0.079911
v -0.194234 0.266178 -0.079911
v -0.208859 0.376613 -0.079911
v -0.140279 0.284583 -0.079911
v -0.194234 0.118928 -0.079911
v -0.140279 0.100523 -0.079911
v -0.208859 0.008494 -0.079911
v -0.249099 0.045306 -0.079911
v -0.625894 0.307408 -0.079911
v -0.679849 0.048987 -0.079911
v -0.625894 0.077698 -0.079911
v -0.542689 -0.046724 -0.079911
v -0.516164 0.001132 -0.079911
v -0.679849 0.336118 -0.079911
v -0.542689 0.431833 -0.079911
v -0.516164 0.383973 -0.079911
v -0.516164 0.001132 -0.079911
v -0.208859 0.008494 -0.079911
v -0.249099 0.045306 -0.079911
v -0.542689 -0.046724 -0.079911
v -0.208859 0.376613 -0.079911
v -0.516164 0.383973 -0.079911
v -0.249099 0.339803 -0.079911
v -0.542689 0.431833 -0.079911
v 0.542414 0.104018 0.039940
v 0.517132 0.121383 0.032475
v 0.510666 0.102758 0.031450
v 0.538713 0.119823 0.038156
v 0.542414 0.296098 0.039940
v 0.517132 0.278733 0.032475
v 0.538713 0.280293 0.038156
v 0.510666 0.297358 0.031450
v -0.512964 -0.268375 0.102115
v -0.533354 -0.296238 0.104413
v -0.518444 -0.298964 0.091114
v -0.506129 -0.278893 0.091114
v 0.733245 0.117403 -0.090538
v 0.725961 0.107883 -0.090413
v 0.759691 0.093378 -0.087135
v 0.733245 0.282713 -0.090538
v 0.759691 0.306738 -0.087135
v 0.725961 0.292233 -0.090413
v 0.243994 0.144413 -0.052707
v 0.229266 0.196503 -0.082385
v 0.229266 0.138683 -0.058434
v 0.243994 0.196503 -0.074285
v 0.243994 0.248598 -0.052707
v 0.229266 0.196503 -0.082385
v 0.229266 0.254328 -0.058434
v 0.495036 0.142233 -0.020666
v 0.475978 0.124323 -0.022269
v 0.517501 0.100633 -0.012310
v 0.524570 0.125803 -0.014012
v 0.463418 0.157388 -0.051570
v 0.482667 0.165288 -0.043907
v 0.524570 0.274313 -0.014012
v 0.517501 0.299483 -0.012310
v 0.495036 0.257883 -0.020666
v 0.475978 0.275793 -0.022269
v 0.463418 0.242728 -0.051570
v 0.482667 0.234828 -0.043907
v -0.191844 0.186833 -0.160174
v -0.320264 0.294743 -0.160174
v -0.405879 0.186833 0.005606
v -0.405879 0.186833 0.005606
v -0.320264 0.078923 -0.160174
v -0.191844 0.186833 -0.160174
v 0.376644 0.149538 -0.047582
v 0.363365 0.196503 -0.074339
v 0.363365 0.144373 -0.052745
v 0.376644 0.196503 -0.067037
v 0.376644 0.243473 -0.047582
v 0.363365 0.196503 -0.074339
v 0.363365 0.248638 -0.052745
v -0.425164 -0.200511 -0.092340
v -0.435034 -0.170385 -0.081302
v -0.439119 -0.203790 -0.079767
v -0.423139 -0.174498 -0.092340
v -0.415074 -0.148484 -0.092340
v -0.420119 -0.140786 -0.084265
v -0.415074 -0.148484 -0.092340
v -0.391554 -0.117624 -0.092340
v -0.533354 -0.296238 0.104413
v -0.533214 -0.326666 0.104413
v -0.519349 -0.320530 0.091114
v -0.518444 -0.298964 0.091114
v -0.487509 -0.257187 -0.092340
v -0.512964 -0.268375 -0.081339
v -0.489459 -0.268243 -0.082493
v -0.427724 -0.339170 -0.092340
v -0.435234 -0.270264 -0.075445
v -0.444569 -0.328164 -0.074692
v 0.417548 0.484178 -0.048131
v 0.451397 0.484178 -0.048131
v 0.417548 0.531693 -0.067813
v 0.451397 0.531693 -0.067813
v 0.417548 0.579213 -0.048131
v 0.451397 0.579213 -0.048131
v -0.279254 -0.380523 0.033856
v -0.324199 -0.367333 0.023760
v -0.317894 -0.390876 0.033856
v -0.285564 -0.356980 0.023760
v -0.272944 -0.404066 0.023760
v -0.311584 -0.414419 0.023760
v -0.279254 -0.380523 0.033856
v -0.317894 -0.390876 0.033856
v 0.451397 0.472298 0.058784
v 0.451397 0.531693 0.083387
v 0.417548 0.472298 0.058784
v 0.417548 0.531693 0.083387
v 0.417548 0.591093 0.058784
v 0.451397 0.591093 0.058784
v 0.417548 0.531693 0.083387
v 0.451397 0.531693 0.083387
v 0.427788 0.516483 0.014593
v 0.441157 0.516483 0.014593
v 0.441157 0.531688 0.020891
v 0.427788 0.531688 0.020891
v 0.427788 0.546893 0.014593
v 0.441157 0.546893 0.014593
v 0.427788 0.531688 0.020891
v 0.441157 0.531688 0.020891
v 0.427788 0.520738 -0.011561
v 0.441157 0.520738 -0.011561
v 0.427788 0.531688 -0.016096
v 0.441157 0.531688 -0.016096
v 0.427788 0.542633 -0.011561
v 0.441157 0.542633 -0.011561
v -0.417524 -0.262693 -0.092340
v -0.439119 -0.203790 -0.079767
v -0.435234 -0.270264 -0.075445
v -0.425164 -0.200511 -0.092340
v -0.519349 -0.320530 0.091114
v -0.509894 -0.347820 0.106049
v -0.503014 -0.332246 0.091114
v -0.533214 -0.326666 0.104413
v -0.830259 0.192553 0.151522
v -0.830259 0.300128 0.106963
v -0.830259 0.192553 0.075455
v -0.830259 0.084978 0.106963
v -0.830259 0.246343 0.053175
v -0.830259 0.138763 0.053175
v -0.830259 0.268623 -0.000613
v -0.830259 0.040418 -0.000613
v -0.830259 0.344688 -0.000613
v -0.830259 0.116488 -0.000613
v -0.830259 0.300128 -0.108189
v -0.830259 0.138763 -0.054401
v -0.830259 0.246343 -0.054401
v -0.830259 0.192553 -0.076681
v -0.830259 0.192553 -0.152748
v -0.830259 0.084978 -0.108189
v -0.830259 0.192553 -0.076681
v -0.830259 0.192553 -0.152748
v -0.796764 0.138763 -0.054401
v -0.796764 0.116488 -0.000613
v -0.796764 0.192553 -0.076681
v -0.796764 0.138763 0.053175
v -0.796764 0.192553 0.075455
v -0.796764 0.246343 0.053175
v -0.796764 0.268623 -0.000613
v -0.796764 0.246343 -0.054401
v -0.622484 -0.395337 0.103900
v -0.622484 -0.395337 -0.100543
v -0.639209 -0.300152 0.103900
v -0.639209 -0.300152 -0.100543
v -0.523929 -0.094551 0.103900
v -0.523929 -0.094551 -0.100543
v -0.523784 -0.032241 0.103900
v -0.523784 -0.032241 -0.100543
v -0.570214 0.040408 0.103900
v -0.570214 0.040408 -0.100543
v -0.679849 0.048987 0.078685
v -0.679849 0.336118 0.128229
v -0.679849 0.336118 0.078685
v -0.679849 0.048987 0.128229
v -0.679849 0.048987 -0.079911
v -0.679849 0.336118 -0.079911
v -0.679849 0.048987 -0.129455
v -0.679849 0.336118 -0.129455
v -0.625894 0.077698 -0.079911
v -0.625894 0.077698 0.078685
v -0.625894 0.307408 0.078685
v -0.625894 0.307408 -0.079911
v -0.405879 0.186833 0.005606
v -0.405879 0.456603 -0.160174
v -0.491489 0.294743 -0.160174
v -0.491489 0.294743 0.157054
v -0.405879 0.456603 0.157054
v -0.405879 0.186833 0.005606
v -0.353579 -0.315114 -0.094270
v -0.281074 -0.073613 0.097627
v -0.281074 -0.073613 -0.094270
v -0.272459 -0.038491 0.097627
v -0.272459 -0.038491 -0.094270
v -0.353579 -0.315114 0.097627
v -0.334114 -0.398049 -0.094270
v -0.334114 -0.398049 0.097627
v -0.405879 0.186833 0.005606
v -0.491489 0.078923 -0.160174
v -0.405879 -0.082937 -0.160174
v -0.405879 -0.082937 0.157054
v -0.491489 0.078923 0.157054
v -0.405879 0.186833 0.005606
v -0.249099 0.339803 0.078685
v -0.194234 0.266178 0.078685
v -0.249099 0.339803 0.128229
v -0.194234 0.266178 0.128229
v -0.194234 0.118928 0.078685
v -0.194234 0.118928 0.128229
v -0.249099 0.045306 0.078685
v -0.249099 0.045306 0.128229
v -0.194234 0.118928 -0.129455
v -0.249099 0.045306 -0.129455
v -0.194234 0.118928 -0.079911
v -0.249099 0.045306 -0.079911
v -0.194234 0.266178 -0.079911
v -0.194234 0.266178 -0.129455
v -0.249099 0.339803 -0.079911
v -0.249099 0.339803 -0.129455
v -0.184419 0.112473 -0.080694
v -0.184419 0.112473 0.079468
v -0.184419 0.192553 -0.113864
v -0.184419 0.079303 -0.000613
v -0.184419 0.192553 0.112638
v -0.184419 0.272633 0.079468
v -0.184419 0.272633 -0.080694
v -0.184419 0.305803 -0.000613
v -0.452944 -0.277835 0.091114
v -0.444569 -0.328165 0.108762
v -0.435234 -0.270264 0.108009
v -0.444569 -0.328165 -0.109988
v -0.452944 -0.277835 -0.092340
v -0.435234 -0.270264 -0.109235
v -0.058621 0.112473 -0.080694
v -0.058621 0.112473 0.079468
v -0.058621 0.192553 -0.113864
v -0.058621 0.079303 -0.000613
v -0.058621 0.192553 0.112638
v -0.058621 0.272633 0.079468
v -0.058621 0.272633 -0.080694
v -0.058621 0.305803 -0.000613
v 0.714284 0.205948 0.007109
v 0.714284 0.205948 -0.008335
v 0.710146 0.192573 -0.000613
v -0.125764 0.005893 0.097627
v -0.125764 0.005893 -0.094270
v -0.125764 0.055584 0.097627
v -0.125764 0.055584 -0.094270
v 0.009423 0.005932 -0.000613
v 0.019519 0.045932 -0.024986
v 0.019519 0.005932 -0.024986
v 0.009423 0.045932 -0.000613
v 0.019519 0.005932 0.023760
v 0.019519 0.045932 0.023760
v 0.714284 0.205948 0.007109
v 0.714284 0.192573 0.014830
v 0.710146 0.192573 -0.000613
v 0.714284 0.205948 -0.008335
v 0.714284 0.192573 -0.016056
v 0.710146 0.192573 -0.000613
v -0.444569 -0.328164 -0.074692
v -0.452944 -0.277835 -0.092340
v -0.435234 -0.270264 -0.075445
v -0.444569 -0.328164 0.073466
v -0.452944 -0.277835 0.091114
v -0.435234 -0.270264 0.074219
v 0.486733 0.282723 -0.045134
v 0.475978 0.275793 -0.022269
v 0.463418 0.242728 -0.051570
v 0.475640 0.255848 -0.064614
v 0.485057 0.236278 -0.085244
v 0.477771 0.218388 -0.081149
v 0.067177 0.112473 -0.080694
v 0.067177 0.112473 0.079468
v 0.067177 0.192553 -0.113864
v 0.067177 0.079303 -0.000613
v 0.067177 0.192553 0.112638
v 0.067177 0.272633 0.079468
v 0.067177 0.272633 -0.080694
v 0.067177 0.305803 -0.000613
v 0.714284 0.179198 0.007109
v 0.714284 0.192573 0.014830
v 0.710146 0.192573 -0.000613
v 0.714284 0.179198 -0.008335
v 0.714284 0.192573 -0.016056
v 0.710146 0.192573 -0.000613
v 0.475978 0.221598 0.075004
v 0.486733 0.244463 0.081933
v 0.463418 0.250898 0.041940
v 0.475640 0.263943 0.055061
v 0.485057 0.284573 0.035488
v 0.477771 0.280478 0.017600
v 0.714284 0.179198 -0.008335
v 0.714284 0.179198 0.007109
v 0.710146 0.192573 -0.000613
v 0.475978 0.178518 0.075004
v 0.486733 0.155653 0.081933
v 0.463418 0.149218 0.041940
v 0.475640 0.136173 0.055060
v 0.485057 0.115543 0.035488
v 0.477771 0.119638 0.017600
v 0.475978 0.124323 -0.022269
v 0.486733 0.117393 -0.045134
v 0.463418 0.157388 -0.051570
v 0.475640 0.144268 -0.064613
v 0.485057 0.163838 -0.085243
v 0.477771 0.181728 -0.081149
v 0.229266 0.196503 -0.082385
v 0.228694 0.126338 -0.070780
v 0.229266 0.138683 -0.058434
v 0.228694 0.196503 -0.099844
v 0.229266 0.114733 -0.000613
v 0.228694 0.097273 -0.000613
v 0.228694 0.126338 0.069554
v 0.229266 0.138683 0.057208
v 0.229266 0.196503 0.081159
v 0.228694 0.196503 0.098618
v 0.229266 0.196503 0.081159
v 0.228694 0.266673 0.069554
v 0.229266 0.254328 0.057208
v 0.228694 0.196503 0.098618
v 0.228694 0.295738 -0.000613
v 0.229266 0.278278 -0.000613
v 0.229266 0.254328 -0.058434
v 0.228694 0.266673 -0.070780
v 0.229266 0.196503 -0.082385
v 0.228694 0.196503 -0.099844
v 0.228694 0.295738 -0.000613
v 0.229266 0.254328 0.057208
v 0.228694 0.266673 0.069554
v 0.229266 0.254328 -0.058434
v 0.229266 0.278278 -0.000613
v 0.362850 0.196503 -0.090080
v 0.362850 0.133243 -0.063876
v 0.363365 0.144373 -0.052745
v 0.362850 0.107038 -0.000613
v 0.363365 0.122778 -0.000613
v 0.363365 0.196503 -0.074339
v 0.363365 0.248638 -0.052745
v 0.362850 0.259768 -0.063876
v 0.363365 0.270233 -0.000613
v 0.362850 0.285973 -0.000613
v 0.362850 0.259768 0.062650
v 0.363365 0.248638 0.051519
v 0.363365 0.248638 0.051519
v 0.362850 0.196503 0.088854
v 0.362850 0.259768 0.062650
v 0.363365 0.196503 0.073113
v 0.363365 0.144373 0.051519
v 0.362850 0.133243 0.062650
v 0.362850 0.107038 -0.000613
v 0.363365 0.122778 -0.000613
v 0.363365 0.248638 -0.052745
v 0.363365 0.270233 -0.000613
v 0.362850 0.259768 -0.063876
v 0.362850 0.259768 0.062650
v 0.362850 0.285973 -0.000613
v 0.551678 0.255708 -0.082994
v 0.538713 0.238943 -0.080963
v 0.543934 0.248898 -0.072631
v 0.542414 0.240728 -0.096771
v 0.551678 0.282323 0.054918
v 0.542414 0.296098 0.039940
v 0.538713 0.280293 0.038156
v 0.543934 0.271958 0.048109
v 0.543934 0.271958 0.048109
v 0.541285 0.256118 0.062827
v 0.551678 0.282323 0.054918
v 0.543934 0.248898 -0.072631
v 0.541285 0.263613 -0.056792
v 0.551678 0.255708 -0.082994
v 0.551678 0.117793 0.054918
v 0.538713 0.119823 0.038156
v 0.542414 0.104018 0.039940
v 0.543934 0.128158 0.048109
v 0.417548 0.579213 -0.048131
v 0.417548 0.615693 -0.000613
v 0.417548 0.591093 -0.060010
v 0.417548 0.531693 -0.084613
v 0.417548 0.598893 -0.000613
v 0.417548 0.531693 -0.067813
v 0.417548 0.579213 0.046905
v 0.417548 0.484178 -0.048131
v 0.417548 0.591093 0.058784
v 0.417548 0.472298 -0.060010
v 0.417548 0.531693 0.083387
v 0.417548 0.464493 -0.000613
v 0.417548 0.531693 0.066587
v 0.417548 0.447693 -0.000613
v 0.417548 0.484178 0.046905
v 0.417548 0.472298 0.058784
v 0.424318 0.457273 -0.012821
v 0.424318 0.223128 -0.012821
v 0.424318 0.223128 0.011595
v 0.424318 0.457273 0.011595
v 0.427788 0.546893 -0.015819
v 0.427788 0.531688 -0.022117
v 0.427788 0.542633 -0.011561
v 0.427788 0.553193 -0.000613
v 0.427788 0.531688 -0.016096
v 0.427788 0.520738 -0.011561
v 0.427788 0.516483 -0.015819
v 0.427788 0.547168 -0.000613
v 0.427788 0.542633 0.010335
v 0.427788 0.546893 0.014593
v 0.427788 0.531688 0.020891
v 0.427788 0.531688 0.014870
v 0.427788 0.520738 0.010335
v 0.427788 0.516483 0.014593
v 0.427788 0.516483 -0.015819
v 0.427788 0.510183 -0.000613
v 0.427788 0.520738 -0.011561
v 0.427788 0.516203 -0.000613
v 0.427788 0.520738 0.010335
v 0.427788 0.516483 0.014593
v 0.431130 0.514128 -0.004519
v 0.431130 0.454703 -0.004519
v 0.431130 0.454703 0.003294
v 0.431130 0.514128 0.003294
v 0.431130 0.608748 -0.004519
v 0.431130 0.549323 -0.004519
v 0.431130 0.549323 0.003294
v 0.431130 0.608748 0.003294
v 0.431130 0.535633 -0.018210
v 0.431130 0.535633 -0.077634
v 0.431130 0.527818 -0.077634
v 0.431130 0.527818 -0.018210
v 0.431130 0.527818 0.016984
v 0.431130 0.535633 0.076408
v 0.431130 0.535633 0.016984
v 0.431130 0.527818 0.076408
v 0.551678 0.144408 -0.082994
v 0.543934 0.151218 -0.072631
v 0.538713 0.161173 -0.080963
v 0.542414 0.159388 -0.096771
v 0.543934 0.151218 -0.072631
v 0.551678 0.144408 -0.082994
v 0.541285 0.136503 -0.056792
v 0.543934 0.128158 0.048109
v 0.551678 0.117793 0.054918
v 0.541285 0.143998 0.062827
v -0.796764 0.246343 0.053175
v -0.830259 0.246343 0.053175
v -0.796764 0.268623 -0.000613
v -0.830259 0.268623 -0.000613
v -0.796764 0.246343 -0.054401
v -0.830259 0.246343 -0.054401
v -0.622484 -0.395337 0.103900
v -0.622484 -0.395337 -0.100543
v -0.556799 -0.434836 -0.100543
v -0.556799 -0.434837 0.103900
v -0.313999 -0.431949 0.103900
v -0.313999 -0.431949 -0.100543
v -0.291249 -0.421221 -0.100543
v -0.291249 -0.421221 0.103900
v -0.679849 0.048987 0.078685
v -0.679849 0.048987 0.128229
v -0.542689 -0.046724 0.078685
v -0.542689 -0.046724 0.128229
v -0.679849 0.048987 -0.079911
v -0.679849 0.048987 -0.129455
v -0.542689 -0.046724 -0.129455
v -0.542689 -0.046724 -0.079911
v -0.625894 0.077698 -0.079911
v -0.516164 0.001132 -0.079911
v -0.625894 0.077698 0.078685
v -0.516164 0.001132 0.078685
v -0.249099 0.045306 -0.079911
v -0.249099 0.045306 0.078685
v -0.516164 0.001132 -0.079911
v -0.489459 -0.268243 0.100961
v -0.506129 -0.278893 0.091114
v -0.512964 -0.268375 0.102115
v -0.512964 -0.268375 -0.103341
v -0.489459 -0.268243 -0.102187
v -0.506129 -0.278893 -0.092340
v 0.376644 0.243473 -0.047582
v 0.389923 0.270233 -0.000613
v 0.376644 0.262928 -0.000613
v 0.389923 0.248638 -0.052745
v 0.376644 0.243473 0.046356
v 0.389923 0.270233 -0.000613
v 0.389923 0.248638 0.051519
v 0.376644 0.262928 -0.000613
v 0.475640 0.144268 -0.064613
v 0.498600 0.164668 -0.070900
v 0.494890 0.152168 -0.056951
v 0.485057 0.163838 -0.085243
v 0.510666 0.167878 -0.098033
v 0.517131 0.166853 -0.079406
v 0.516267 0.162308 0.098362
v 0.505791 0.157258 0.064025
v 0.523336 0.160608 0.073190
v 0.486733 0.155653 0.081933
v 0.475640 0.136173 0.055060
v 0.494890 0.143838 0.047161
v 0.068266 0.005932 0.023760
v 0.043893 0.005932 0.033856
v 0.019519 0.005932 0.023760
v 0.068266 0.005932 -0.024986
v 0.078362 0.005932 -0.000613
v 0.019519 0.005932 -0.024986
v 0.043893 0.005932 -0.035082
v 0.009423 0.005932 -0.000613
v 0.576756 0.232873 0.072832
v 0.517501 0.211638 0.098696
v 0.524571 0.213338 0.073525
v 0.585859 0.237923 0.095652
v 0.630339 0.265973 0.064470
v 0.635420 0.268318 0.082278
v 0.243994 0.119893 0.075997
v 0.685850 0.097758 0.065607
v 0.729446 0.099053 0.093289
v 0.683703 0.098543 0.081835
v 0.736731 0.098928 0.083768
v 0.759691 0.113653 0.105950
v 0.376644 0.127433 0.068459
v 0.551290 0.227028 -0.097327
v 0.516923 0.213523 -0.079595
v 0.510458 0.212498 -0.098222
v 0.547590 0.225243 -0.081519
v -0.208859 0.008494 0.078685
v -0.542689 -0.046724 0.128229
v -0.542689 -0.046724 0.078685
v -0.208859 0.008494 0.128229
v -0.208859 0.008494 -0.079911
v -0.542689 -0.046724 -0.079911
v -0.208859 0.008494 -0.129455
v -0.542689 -0.046724 -0.129455
v 0.243994 0.248598 -0.052707
v 0.258722 0.278278 -0.000613
v 0.243994 0.270178 -0.000613
v 0.258722 0.254328 -0.058434
v 0.243994 0.248598 0.051481
v 0.258722 0.278278 -0.000613
v 0.258722 0.254328 0.057208
v 0.243994 0.270178 -0.000613
v -0.058621 0.112473 0.079468
v -0.006721 0.112473 0.079468
v -0.058621 0.079303 -0.000613
v -0.006721 0.079303 -0.000613
v -0.058621 0.112473 -0.080694
v -0.006721 0.112473 -0.080694
v 0.067177 0.112473 0.079468
v 0.119077 0.112473 0.079468
v 0.067177 0.079303 -0.000613
v 0.119077 0.079303 -0.000613
v 0.067177 0.112473 -0.080694
v 0.119077 0.112473 -0.080694
v 0.582455 0.185743 -0.007422
v 0.719455 0.185743 -0.007422
v 0.719455 0.182923 -0.000613
v 0.582455 0.182923 -0.000613
v 0.719455 0.185743 0.006196
v 0.582455 0.185743 0.006196
v 0.498600 0.270228 0.034660
v 0.491314 0.266133 0.016771
v 0.516923 0.278923 0.012734
v 0.517132 0.278733 0.032475
v 0.547589 0.280848 0.024457
v 0.538713 0.280293 0.038156
v 0.556311 0.268668 0.041059
v 0.543934 0.271958 0.048109
v -0.512964 -0.268375 -0.081339
v -0.506129 -0.278893 -0.092340
v -0.489459 -0.268243 -0.082493
v -0.512964 -0.268375 0.080113
v -0.506129 -0.278893 0.091114
v -0.489459 -0.268243 0.081267
v 0.228694 0.126338 0.069554
v 0.228694 0.097273 -0.000613
v 0.243994 0.088163 -0.000613
v 0.259293 0.126338 0.069554
v 0.259293 0.097273 -0.000613
v 0.259293 0.126338 -0.070780
v 0.259293 0.097273 -0.000613
v 0.243994 0.119893 -0.077223
v 0.228694 0.126338 -0.070780
v 0.228694 0.097273 -0.000613
v 0.362850 0.133243 0.062650
v 0.362850 0.107038 -0.000613
v 0.376644 0.098823 -0.000613
v 0.390438 0.133243 0.062650
v 0.390438 0.107038 -0.000613
v 0.390438 0.133243 -0.063876
v 0.390438 0.107038 -0.000613
v 0.376644 0.127433 -0.069685
v 0.362850 0.133243 -0.063876
v 0.362850 0.107038 -0.000613
v 0.688896 0.286268 0.066300
v 0.635420 0.268318 0.082278
v 0.630339 0.265973 0.064470
v 0.686748 0.285488 0.082527
v 0.725961 0.289738 0.091445
v 0.733245 0.289868 0.081925
v 0.523336 0.273978 -0.040182
v 0.495036 0.257883 -0.020666
v 0.505791 0.264813 -0.043531
v 0.524570 0.274313 -0.014012
v 0.559703 0.274578 -0.051914
v 0.576755 0.273618 -0.033544
v 0.619343 0.265148 -0.081728
v 0.630340 0.265258 -0.066644
v 0.685851 0.266393 -0.103029
v 0.688896 0.267088 -0.086942
v 0.733245 0.282713 -0.090538
v 0.736731 0.284558 -0.101860
v 0.759691 0.306738 -0.087135
v 0.556311 0.241848 -0.069342
v 0.543934 0.248898 -0.072631
v 0.541285 0.263613 -0.056792
v -0.830259 0.084978 -0.108189
v -0.767359 0.084978 -0.108189
v -0.830259 0.040418 -0.000613
v -0.767359 0.040418 -0.000613
v -0.830259 0.084978 0.106963
v -0.767359 0.084978 0.106963
v 0.767781 0.179198 0.007109
v 0.767781 0.179198 -0.008335
v 0.756476 0.169408 -0.013987
v 0.756476 0.169408 0.012761
v 0.741033 0.165823 -0.016056
v 0.741033 0.165823 0.014830
v 0.725590 0.169408 -0.013987
v 0.725590 0.169408 0.012761
v 0.714284 0.179198 -0.008335
v 0.714284 0.179198 0.007109
v -0.184419 0.112473 0.079468
v -0.132519 0.112473 0.079468
v -0.184419 0.079303 -0.000613
v -0.132519 0.079303 -0.000613
v -0.184419 0.112473 -0.080694
v -0.132519 0.112473 -0.080694
v 0.485057 0.115543 0.035488
v 0.477771 0.119638 0.017600
v 0.510458 0.102568 0.011708
v 0.510666 0.102758 0.031450
v 0.551290 0.103463 0.026241
v 0.542414 0.104018 0.039940
v 0.564056 0.121083 0.047868
v 0.551678 0.117793 0.054918
v 0.517501 0.100633 -0.012310
v 0.475978 0.124323 -0.022269
v 0.516267 0.100968 -0.038480
v 0.486733 0.117393 -0.045134
v 0.568807 0.102718 -0.056968
v 0.585859 0.103678 -0.038598
v 0.624424 0.117163 -0.084076
v 0.635420 0.117048 -0.068992
v 0.683703 0.117493 -0.102245
v 0.686748 0.116798 -0.086158
v 0.725961 0.107883 -0.090413
v 0.729446 0.106038 -0.101734
v 0.759691 0.093378 -0.087135
v 0.564056 0.151458 -0.079705
v 0.551678 0.144408 -0.082994
v 0.541285 0.136503 -0.056792
v 0.542414 0.159388 -0.096771
v 0.517131 0.166853 -0.079406
v 0.510666 0.167878 -0.098033
v 0.538713 0.161173 -0.080963
v -0.249099 0.339803 0.128229
v -0.516164 0.383973 0.128229
v -0.249099 0.339803 0.078685
v -0.516164 0.383973 0.078685
v -0.249099 0.339803 -0.079911
v -0.516164 0.383973 -0.079911
v -0.249099 0.339803 -0.129455
v -0.516164 0.383973 -0.129455
v 0.685850 0.097758 0.065607
v 0.624424 0.116713 0.082165
v 0.619343 0.119063 0.064358
v 0.683703 0.098543 0.081835
v -0.234879 -0.073064 -0.094270
v -0.234879 -0.073064 0.097627
v -0.184879 -0.073064 -0.094270
v -0.184879 -0.073064 0.097627
v -0.136264 -0.037942 -0.094270
v -0.136264 -0.037942 0.097627
v -0.086264 0.002058 -0.094270
v -0.086264 0.002058 0.097627
v 0.243994 0.248598 0.051481
v 0.229266 0.278278 -0.000613
v 0.229266 0.254328 0.057208
v 0.243994 0.270178 -0.000613
v 0.243994 0.248598 -0.052707
v 0.229266 0.278278 -0.000613
v 0.229266 0.254328 -0.058434
v 0.243994 0.270178 -0.000613
v 0.516267 0.162308 0.098362
v 0.559703 0.148873 0.073790
v 0.568806 0.143818 0.096610
v 0.523336 0.160608 0.073190
v 0.619343 0.119063 0.064358
v 0.624424 0.116713 0.082165
v 0.559703 0.148873 0.073790
v 0.733245 0.289868 0.081925
v 0.759691 0.286463 0.105950
v 0.725961 0.289738 0.091445
v 0.491314 0.217558 -0.066806
v 0.482667 0.234828 -0.043907
v 0.463418 0.242728 -0.051570
v 0.477771 0.218388 -0.081149
v 0.510458 0.212498 -0.098222
v 0.516923 0.213523 -0.079595
v 0.524571 0.213338 0.073525
v 0.517501 0.211638 0.098696
v 0.495036 0.219993 0.057096
v 0.475978 0.221598 0.075004
v 0.463418 0.250898 0.041940
v 0.482667 0.243233 0.034041
v 0.376644 0.243473 0.046356
v 0.363365 0.270233 -0.000613
v 0.363365 0.248638 0.051519
v 0.376644 0.262928 -0.000613
v 0.376644 0.243473 -0.047582
v 0.363365 0.270233 -0.000613
v 0.363365 0.248638 -0.052745
v 0.376644 0.262928 -0.000613
v 0.417548 0.579213 -0.048131
v 0.451397 0.579213 -0.048131
v 0.451397 0.598893 -0.000613
v 0.417548 0.598893 -0.000613
v 0.451397 0.579213 0.046905
v 0.417548 0.579213 0.046905
v -0.311584 -0.414419 -0.024986
v -0.272944 -0.404066 -0.024986
v -0.308969 -0.424171 -0.000613
v -0.270334 -0.413818 -0.000613
v -0.272944 -0.404066 0.023760
v -0.311584 -0.414419 0.023760
v 0.431130 0.527818 -0.018210
v 0.431130 0.527818 -0.077634
v 0.437815 0.527818 -0.077634
v 0.437815 0.527818 -0.018210
v 0.437815 0.527818 0.016984
v 0.431130 0.527818 0.076408
v 0.431130 0.527818 0.016984
v 0.437815 0.527818 0.076408
v 0.451397 0.472298 0.058784
v 0.417548 0.472298 0.058784
v 0.417548 0.447693 -0.000613
v 0.451397 0.447693 -0.000613
v 0.417548 0.472298 -0.060010
v 0.451397 0.472298 -0.060010
v 0.427788 0.516483 0.014593
v 0.441157 0.516483 0.014593
v 0.427788 0.510183 -0.000613
v 0.441157 0.510183 -0.000613
v 0.427788 0.516483 -0.015819
v 0.441157 0.516483 -0.015819
v 0.427788 0.542633 -0.011561
v 0.441157 0.542633 -0.011561
v 0.441157 0.547168 -0.000613
v 0.427788 0.547168 -0.000613
v 0.441157 0.542633 0.010335
v 0.427788 0.542633 0.010335
v -0.516164 0.383973 0.128229
v -0.625894 0.307408 0.128229
v -0.516164 0.383973 0.078685
v -0.625894 0.307408 0.078685
v -0.516164 0.383973 -0.079911
v -0.625894 0.307408 -0.079911
v -0.516164 0.383973 -0.129455
v -0.625894 0.307408 -0.129455
v -0.796764 0.138763 0.053175
v -0.830259 0.138763 0.053175
v -0.796764 0.192553 0.075455
v -0.830259 0.192553 0.075455
v -0.796764 0.246343 0.053175
v -0.830259 0.246343 0.053175
v -0.405879 0.313613 -0.212754
v -0.446114 0.237548 -0.212754
v -0.491489 0.294743 -0.160174
v -0.405879 0.456603 -0.160174
v -0.506464 0.186833 -0.212754
v -0.619909 0.186833 -0.160174
v -0.439119 -0.203790 -0.104913
v -0.435234 -0.270264 -0.109235
v -0.453069 -0.207069 -0.092340
v -0.452944 -0.277835 -0.092340
v -0.491489 0.078923 -0.160174
v -0.619909 0.186833 -0.160174
v -0.506464 0.186833 -0.212754
v -0.446114 0.136123 -0.212754
v -0.405879 0.060052 -0.212754
v -0.405879 -0.082937 -0.160174
v -0.489459 -0.268243 -0.102187
v -0.506129 -0.278893 -0.092340
v -0.491409 -0.279298 -0.092340
v -0.489459 -0.268243 -0.102187
v -0.471824 -0.291215 -0.092340
v -0.516774 -0.363396 0.091114
v -0.547074 -0.332802 0.091114
v -0.533214 -0.326666 0.077815
v -0.509894 -0.347820 0.076178
v -0.473264 -0.350326 0.073466
v -0.468879 -0.369962 0.091114
v -0.548269 -0.293513 0.091114
v -0.533214 -0.326666 0.077815
v -0.533354 -0.296238 0.077815
v -0.365644 0.237548 -0.212754
v -0.305294 0.186833 -0.212754
v -0.321379 0.186833 -0.204154
v -0.372079 0.229433 -0.204154
v -0.405879 0.293338 -0.204154
v -0.405879 0.313613 -0.212754
v -0.435034 -0.170386 -0.103378
v -0.439119 -0.203790 -0.104913
v -0.446929 -0.166273 -0.092340
v -0.453069 -0.207069 -0.092340
v -0.420119 -0.140786 -0.100415
v -0.425169 -0.133090 -0.092340
v -0.619909 0.186833 0.157054
v -0.491489 0.294743 0.157054
v -0.405879 0.186833 0.005606
v 0.505791 0.264813 -0.043531
v 0.516267 0.299148 -0.038480
v 0.523336 0.273978 -0.040182
v 0.486733 0.282723 -0.045134
v 0.475640 0.255848 -0.064614
v 0.494890 0.247948 -0.056951
v -0.491489 0.078923 0.157054
v -0.619909 0.186833 0.157054
v -0.405879 0.186833 0.005606
v 0.516267 0.100968 -0.038480
v 0.505791 0.135303 -0.043531
v 0.523336 0.126138 -0.040182
v 0.486733 0.117393 -0.045134
v 0.475640 0.144268 -0.064613
v 0.494890 0.152168 -0.056951
v 0.685851 0.266393 -0.103029
v 0.729446 0.294078 -0.101734
v 0.736731 0.284558 -0.101860
v 0.759691 0.306738 -0.087135
v 0.683703 0.282623 -0.102245
v 0.376644 0.149538 0.046356
v 0.389923 0.196503 0.073113
v 0.389923 0.144373 0.051519
v 0.376644 0.196503 0.065811
v 0.376644 0.243473 0.046356
v 0.389923 0.196503 0.073113
v 0.389923 0.248638 0.051519
v 0.685850 0.133718 -0.103029
v 0.729446 0.106038 -0.101734
v 0.683703 0.117493 -0.102245
v 0.736731 0.115558 -0.101860
v 0.759691 0.093378 -0.087135
v 0.551290 0.296653 0.026241
v 0.516923 0.278923 0.012734
v 0.510458 0.297548 0.011708
v 0.547589 0.280848 0.024457
v 0.551290 0.103463 0.026241
v 0.516923 0.121193 0.012734
v 0.547589 0.119268 0.024456
v 0.510458 0.102568 0.011708
v -0.444569 -0.328165 -0.109988
v -0.477644 -0.330689 -0.092340
v -0.461409 -0.317160 -0.092340
v -0.473264 -0.350326 -0.109988
v -0.444569 -0.328165 -0.109988
v -0.452944 -0.277835 -0.092340
v -0.473264 -0.350326 -0.109988
v -0.503014 -0.332246 -0.092340
v -0.509894 -0.347820 -0.107275
v -0.208859 0.376613 -0.129455
v -0.194234 0.266178 -0.129455
v -0.249099 0.339803 -0.129455
v -0.140279 0.284583 -0.129455
v -0.194234 0.118928 -0.129455
v -0.140279 0.100523 -0.129455
v -0.208859 0.008494 -0.129455
v -0.249099 0.045306 -0.129455
v -0.625894 0.077698 -0.129455
v -0.679849 0.336118 -0.129455
v -0.625894 0.307408 -0.129455
v -0.542689 0.431833 -0.129455
v -0.516164 0.383973 -0.129455
v -0.679849 0.048987 -0.129455
v -0.542689 -0.046724 -0.129455
v -0.516164 0.001132 -0.129455
v -0.208859 0.008494 -0.129455
v -0.516164 0.001132 -0.129455
v -0.249099 0.045306 -0.129455
v -0.542689 -0.046724 -0.129455
v -0.516164 0.383973 -0.129455
v -0.208859 0.376613 -0.129455
v -0.249099 0.339803 -0.129455
v -0.542689 0.431833 -0.129455
v -0.557374 -0.386369 -0.100543
v -0.299699 -0.383304 -0.100543
v -0.313999 -0.431949 -0.100543
v -0.556799 -0.434836 -0.100543
v -0.291604 -0.391448 -0.100543
v -0.291249 -0.421221 -0.100543
v -0.556799 -0.434836 -0.100543
v -0.622484 -0.395337 -0.100543
v -0.557374 -0.386369 -0.100543
v -0.589334 -0.359975 -0.100543
v -0.639209 -0.300152 -0.100543
v -0.591139 -0.306370 -0.100543
v -0.523929 -0.094551 -0.100543
v -0.475859 -0.100769 -0.100543
v -0.523784 -0.032241 -0.100543
v -0.477244 -0.018709 -0.100543
v -0.517039 0.037475 -0.100543
v -0.570214 0.040408 -0.100543
v -0.490379 0.186833 -0.204154
v -0.439679 0.144233 -0.204154
v -0.446114 0.136123 -0.212754
v -0.405879 0.080328 -0.204154
v -0.506464 0.186833 -0.212754
v -0.405879 0.060052 -0.212754
v -0.446114 0.237548 -0.212754
v -0.365644 0.136123 -0.212754
v -0.439679 0.229433 -0.204154
v -0.405879 0.293338 -0.204154
v -0.405879 0.313613 -0.212754
v -0.372079 0.144233 -0.204154
v -0.321379 0.186833 -0.204154
v -0.305294 0.186833 -0.212754
v -0.234879 -0.073064 -0.094270
v -0.316624 -0.314675 -0.094270
v -0.281074 -0.073613 -0.094270
v -0.353579 -0.315114 -0.094270
v -0.334114 -0.398049 -0.094270
v -0.297154 -0.397609 -0.094270
v -0.272459 -0.038491 -0.094270
v -0.226264 -0.037942 -0.094270
v -0.185764 -0.037942 -0.094270
v -0.184879 -0.073064 -0.094270
v -0.136264 -0.037942 -0.094270
v -0.125764 0.005893 -0.094270
v -0.086264 0.002058 -0.094270
v -0.086264 0.055584 -0.094270
v -0.125764 0.055584 -0.094270
v -0.519794 -0.257858 0.091114
v -0.533354 -0.296238 0.077815
v -0.548269 -0.293513 0.091114
v -0.512964 -0.268375 0.080113
v 0.243994 0.144413 0.051481
v 0.258722 0.196503 0.081159
v 0.258722 0.138683 0.057208
v 0.243994 0.196503 0.073059
v 0.243994 0.248598 0.051481
v 0.258722 0.196503 0.081159
v 0.258722 0.254328 0.057208
v 0.495036 0.180123 0.057096
v 0.523336 0.160608 0.073190
v 0.505791 0.157258 0.064025
v 0.524571 0.186778 0.073524
v 0.559703 0.148873 0.073790
v 0.576756 0.167243 0.072832
v 0.619343 0.119063 0.064358
v 0.630339 0.134143 0.064470
v 0.685850 0.097758 0.065607
v 0.688896 0.113848 0.066300
v 0.733245 0.110248 0.081925
v 0.736731 0.098928 0.083768
v 0.759691 0.113653 0.105950
v 0.556311 0.131448 0.041059
v 0.543934 0.128158 0.048109
v 0.541285 0.143998 0.062827
v -0.058621 0.112473 -0.080694
v -0.006721 0.112473 -0.080694
v -0.058621 0.192553 -0.113864
v -0.006721 0.192553 -0.113864
v -0.058621 0.272633 -0.080694
v -0.006721 0.272633 -0.080694
v 0.067177 0.112473 -0.080694
v 0.119077 0.112473 -0.080694
v 0.067177 0.192553 -0.113864
v 0.119077 0.192553 -0.113864
v 0.067177 0.272633 -0.080694
v 0.119077 0.272633 -0.080694
v 0.582455 0.185743 -0.007422
v 0.719455 0.185743 -0.007422
v 0.582455 0.192553 -0.010242
v 0.719455 0.192553 -0.010242
v 0.582455 0.199363 -0.007422
v 0.719455 0.199363 -0.007422
v 0.019519 0.045932 -0.024986
v 0.019519 0.005932 -0.024986
v 0.043893 0.045932 -0.035082
v 0.043893 0.005932 -0.035082
v 0.725590 0.215738 -0.013987
v 0.741033 0.219318 -0.016056
v 0.741033 0.192573 -0.031500
v 0.756476 0.215738 -0.013987
v 0.725590 0.192573 -0.027362
v 0.756476 0.192573 -0.027362
v 0.714284 0.205948 -0.008335
v 0.714284 0.192573 -0.016056
v 0.767781 0.205948 -0.008335
v -0.420119 -0.140786 -0.100415
v -0.425169 -0.133090 -0.092340
v -0.391554 -0.117624 -0.092340
v 0.523336 0.239508 0.073190
v 0.495036 0.219993 0.057096
v 0.505791 0.242858 0.064025
v 0.524571 0.213338 0.073525
v 0.559703 0.251243 0.073790
v 0.576756 0.232873 0.072832
v 0.619343 0.281053 0.064358
v 0.630339 0.265973 0.064470
v 0.685850 0.302358 0.065607
v 0.688896 0.286268 0.066300
v 0.733245 0.289868 0.081925
v 0.736731 0.301188 0.083769
v 0.759691 0.286463 0.105950
v 0.556311 0.268668 0.041059
v 0.543934 0.271958 0.048109
v 0.541285 0.256118 0.062827
v -0.477644 -0.330689 0.091114
v -0.444569 -0.328164 0.073466
v -0.473264 -0.350326 0.073466
v -0.461409 -0.317160 0.091114
v -0.503014 -0.332246 0.091114
v -0.452944 -0.277835 0.091114
v -0.509894 -0.347820 0.076178
v -0.435234 -0.270264 0.074219
v -0.519349 -0.320530 0.091114
v -0.453069 -0.207069 0.091114
v -0.533214 -0.326666 0.077815
v -0.439119 -0.203790 0.078541
v -0.533354 -0.296238 0.077815
v -0.446929 -0.166273 0.091114
v -0.518444 -0.298964 0.091114
v -0.435034 -0.170385 0.080076
v -0.512964 -0.268375 0.080113
v -0.420119 -0.140786 0.083039
v -0.425169 -0.133090 0.091114
v -0.391554 -0.117624 0.091114
v -0.506129 -0.278893 0.091114
v -0.489459 -0.268243 0.081267
v -0.491409 -0.279298 0.091114
v -0.471824 -0.291215 0.091114
v 0.243994 0.119893 -0.077223
v 0.243994 0.196503 -0.108956
v 0.228694 0.126338 -0.070780
v 0.228694 0.196503 -0.099844
v 0.259293 0.126338 -0.070780
v 0.259293 0.196503 -0.099844
v 0.228694 0.266673 -0.070780
v 0.228694 0.196503 -0.099844
v 0.243994 0.273113 -0.077223
v 0.259293 0.266673 -0.070780
v 0.259293 0.196503 -0.099844
v 0.485057 0.236278 -0.085244
v 0.477771 0.218388 -0.081149
v 0.510458 0.212498 -0.098222
v 0.510666 0.232238 -0.098033
v 0.551290 0.227028 -0.097327
v 0.542414 0.240728 -0.096771
v 0.564056 0.248658 -0.079705
v 0.551678 0.255708 -0.082994
v 0.376644 0.127433 -0.069685
v 0.376644 0.196503 -0.098296
v 0.362850 0.133243 -0.063876
v 0.362850 0.196503 -0.090080
v 0.390438 0.133243 -0.063876
v 0.390438 0.196503 -0.090080
v 0.362850 0.259768 -0.063876
v 0.362850 0.196503 -0.090080
v 0.376644 0.265578 -0.069685
v 0.390438 0.259768 -0.063876
v 0.390438 0.196503 -0.090080
v 0.444627 0.457273 -0.012821
v 0.424318 0.223128 -0.012821
v 0.424318 0.457273 -0.012821
v 0.444627 0.223128 -0.012821
v -0.320264 0.294743 -0.160174
v -0.191844 0.186833 -0.160174
v -0.305294 0.186833 -0.212754
v -0.365644 0.237548 -0.212754
v -0.405879 0.313613 -0.212754
v -0.405879 0.456603 -0.160174
v 0.437815 0.514128 -0.004519
v 0.431130 0.454703 -0.004519
v 0.431130 0.514128 -0.004519
v 0.437815 0.454703 -0.004519
v 0.431130 0.549323 -0.004519
v 0.431130 0.608748 -0.004519
v 0.437815 0.608748 -0.004519
v 0.437815 0.549323 -0.004519
v -0.427724 -0.339170 -0.092340
v -0.473264 -0.350326 -0.109988
v -0.444569 -0.328165 -0.109988
v -0.435234 -0.270264 -0.109235
v -0.468879 -0.369962 -0.092340
v -0.417524 -0.262693 -0.092340
v -0.516774 -0.363396 -0.092340
v -0.439119 -0.203790 -0.104913
v -0.509894 -0.347820 -0.107275
v -0.425164 -0.200511 -0.092340
v -0.533214 -0.326666 -0.105639
v -0.435034 -0.170386 -0.103378
v -0.547074 -0.332802 -0.092340
v -0.423139 -0.174498 -0.092340
v -0.548269 -0.293513 -0.092340
v -0.415074 -0.148484 -0.092340
v -0.420119 -0.140786 -0.100415
v -0.391554 -0.117624 -0.092340
v -0.533354 -0.296238 -0.105639
v -0.519794 -0.257858 -0.092340
v -0.512964 -0.268375 -0.103341
v -0.487509 -0.257187 -0.092340
v -0.489459 -0.268243 -0.102187
v 0.756476 0.192573 -0.027362
v 0.756476 0.169408 -0.013987
v 0.741033 0.165823 -0.016056
v 0.725590 0.169408 -0.013987
v 0.725590 0.192573 -0.027362
v 0.714284 0.179198 -0.008335
v 0.714284 0.192573 -0.016056
v 0.068266 0.005932 -0.024986
v 0.068266 0.045932 -0.024986
v 0.043893 0.005932 -0.035082
v 0.043893 0.045932 -0.035082
v -0.473264 -0.350326 0.073466
v -0.427724 -0.339170 0.091114
v -0.468879 -0.369962 0.091114
v -0.444569 -0.328164 0.073466
v -0.405879 -0.082937 -0.160174
v -0.405879 0.060052 -0.212754
v -0.320264 0.078923 -0.160174
v -0.365644 0.136123 -0.212754
v -0.305294 0.186833 -0.212754
v -0.191844 0.186833 -0.160174
v -0.830259 0.192553 -0.152748
v -0.767359 0.192553 -0.152748
v -0.830259 0.084978 -0.108189
v -0.767359 0.084978 -0.108189
v -0.830259 0.300128 -0.108189
v -0.767359 0.300128 -0.108189
v -0.830259 0.192553 -0.152748
v -0.767359 0.192553 -0.152748
v -0.184419 0.112473 -0.080694
v -0.132519 0.112473 -0.080694
v -0.184419 0.192553 -0.113864
v -0.132519 0.192553 -0.113864
v -0.184419 0.272633 -0.080694
v -0.132519 0.272633 -0.080694
v -0.249099 0.045306 0.078685
v -0.194234 0.118928 0.078685
v -0.208859 0.008494 0.078685
v -0.140279 0.100523 0.078685
v -0.140279 0.284583 0.078685
v -0.194234 0.266178 0.078685
v -0.208859 0.376613 0.078685
v -0.249099 0.339803 0.078685
v -0.625894 0.077698 0.078685
v -0.679849 0.336118 0.078685
v -0.625894 0.307408 0.078685
v -0.542689 0.431833 0.078685
v -0.516164 0.383973 0.078685
v -0.679849 0.048987 0.078685
v -0.542689 -0.046724 0.078685
v -0.516164 0.001132 0.078685
v -0.208859 0.008494 0.078685
v -0.516164 0.001132 0.078685
v -0.249099 0.045306 0.078685
v -0.542689 -0.046724 0.078685
v -0.516164 0.383973 0.078685
v -0.208859 0.376613 0.078685
v -0.249099 0.339803 0.078685
v -0.542689 0.431833 0.078685
v 0.685850 0.133718 -0.103029
v 0.624424 0.117163 -0.084076
v 0.619343 0.134968 -0.081727
v 0.683703 0.117493 -0.102245
v 0.624424 0.282953 -0.084076
v 0.683703 0.282623 -0.102245
v 0.685851 0.266393 -0.103029
v 0.619343 0.265148 -0.081728
v 0.485057 0.163838 -0.085243
v 0.477771 0.181728 -0.081149
v 0.510458 0.187618 -0.098222
v 0.510666 0.167878 -0.098033
v 0.551290 0.173088 -0.097326
v 0.542414 0.159388 -0.096771
v 0.564056 0.151458 -0.079705
v 0.551678 0.144408 -0.082994
v -0.533354 -0.296238 -0.105639
v -0.512964 -0.268375 -0.103341
v -0.518444 -0.298964 -0.092340
v -0.506129 -0.278893 -0.092340
v 0.516267 0.100968 -0.038480
v 0.559703 0.125538 -0.051914
v 0.568807 0.102718 -0.056968
v 0.523336 0.126138 -0.040182
v 0.619343 0.134968 -0.081727
v 0.624424 0.117163 -0.084076
v 0.559703 0.125538 -0.051914
v 0.559703 0.274578 -0.051914
v 0.516267 0.299148 -0.038480
v 0.568807 0.297398 -0.056968
v 0.523336 0.273978 -0.040182
v 0.619343 0.265148 -0.081728
v 0.559703 0.274578 -0.051914
v 0.624424 0.282953 -0.084076
v 0.477771 0.119638 0.017600
v 0.463418 0.149218 0.041940
v 0.491314 0.133983 0.016771
v 0.482667 0.156883 0.034041
v 0.510458 0.102568 0.011708
v 0.516923 0.121193 0.012734
v 0.243994 0.144413 0.051481
v 0.229266 0.196503 0.081159
v 0.229266 0.138683 0.057208
v 0.243994 0.196503 0.073059
v 0.229266 0.196503 0.081159
v 0.243994 0.248598 0.051481
v 0.229266 0.254328 0.057208
v 0.491314 0.266133 0.016771
v 0.482667 0.243233 0.034041
v 0.463418 0.250898 0.041940
v 0.477771 0.280478 0.017600
v 0.510458 0.297548 0.011708
v 0.516923 0.278923 0.012734
v -0.405879 0.186833 0.005606
v -0.320264 0.294743 0.157054
v -0.191844 0.186833 0.157054
v -0.191844 0.186833 0.157054
v -0.320264 0.078923 0.157054
v -0.405879 0.186833 0.005606
v 0.376644 0.149538 0.046356
v 0.363365 0.196503 0.073113
v 0.363365 0.144373 0.051519
v 0.376644 0.196503 0.065811
v 0.363365 0.196503 0.073113
v 0.376644 0.243473 0.046356
v 0.363365 0.248638 0.051519
v -0.425164 -0.200511 0.091114
v -0.435034 -0.170385 0.080076
v -0.423139 -0.174498 0.091114
v -0.439119 -0.203790 0.078541
v -0.415074 -0.148484 0.091114
v -0.420119 -0.140786 0.083039
v -0.391554 -0.117624 0.091114
v -0.415074 -0.148484 0.091114
v -0.533354 -0.296238 -0.105639
v -0.519349 -0.320530 -0.092340
v -0.533214 -0.326666 -0.105639
v -0.518444 -0.298964 -0.092340
v -0.487509 -0.257187 0.091114
v -0.512964 -0.268375 0.080113
v -0.489459 -0.268243 0.081267
v -0.427724 -0.339170 0.091114
v -0.435234 -0.270264 0.074219
v -0.444569 -0.328164 0.073466
v 0.417548 0.531693 0.066587
v 0.451397 0.531693 0.066587
v 0.451397 0.484178 0.046905
v 0.417548 0.484178 0.046905
v 0.451397 0.579213 0.046905
v 0.417548 0.579213 0.046905
v 0.451397 0.531693 0.066587
v 0.417548 0.531693 0.066587
v -0.324199 -0.367333 -0.024986
v -0.285564 -0.356980 -0.024986
v -0.279254 -0.380523 -0.035082
v -0.317894 -0.390876 -0.035082
v -0.311584 -0.414419 -0.024986
v -0.272944 -0.404066 -0.024986
v 0.417548 0.472298 -0.060010
v 0.451397 0.472298 -0.060010
v 0.417548 0.531693 -0.084613
v 0.451397 0.531693 -0.084613
v 0.417548 0.591093 -0.060010
v 0.451397 0.591093 -0.060010
v 0.427788 0.516483 -0.015819
v 0.441157 0.516483 -0.015819
v 0.427788 0.531688 -0.022117
v 0.441157 0.531688 -0.022117
v 0.427788 0.546893 -0.015819
v 0.441157 0.546893 -0.015819
v 0.427788 0.531688 0.014870
v 0.441157 0.531688 0.014870
v 0.441157 0.520738 0.010335
v 0.427788 0.520738 0.010335
v 0.441157 0.542633 0.010335
v 0.427788 0.542633 0.010335
v 0.441157 0.531688 0.014870
v 0.427788 0.531688 0.014870
v -0.439119 -0.203790 0.078541
v -0.417524 -0.262693 0.091114
v -0.435234 -0.270264 0.074219
v -0.425164 -0.200511 0.091114
v -0.509894 -0.347820 -0.107275
v -0.519349 -0.320530 -0.092340
v -0.503014 -0.332246 -0.092340
v -0.533214 -0.326666 -0.105639
v 0.115267 0.259343 0.066103
v -0.202349 0.259343 0.066103
v -0.202349 0.286988 -0.000631
v 0.115267 0.286988 -0.000631
v -0.202349 0.259343 -0.067365
v 0.115267 0.259343 -0.067365
v -0.358294 -0.077521 0.088610
v -0.344644 -0.063545 0.106175
v -0.379174 -0.063956 0.088610
v -0.344234 -0.098074 0.088610
v -0.358619 -0.049898 0.088610
v -0.344644 -0.063545 0.106175
v -0.345054 -0.029016 0.088610
v -0.379174 -0.063956 0.088610
v -0.330669 -0.077192 0.088610
v -0.344644 -0.063545 0.106175
v -0.344234 -0.098074 0.088610
v -0.310114 -0.063134 0.088610
v 0.115267 0.259343 0.066103
v -0.202349 0.259343 0.066103
v 0.115267 0.192613 0.093745
v -0.202349 0.192613 0.093745
v 0.115267 0.125878 0.066103
v -0.202349 0.125878 0.066103
v -0.345054 -0.029016 0.088610
v -0.344644 -0.063545 0.106175
v -0.330999 -0.049569 0.088610
v -0.310114 -0.063134 0.088610
v 0.115267 0.125878 0.066103
v -0.202349 0.125878 0.066103
v 0.115267 0.098233 -0.000631
v -0.202349 0.098233 -0.000631
v 0.115267 0.125878 -0.067365
v -0.202349 0.125878 -0.067365
v -0.358294 -0.077521 -0.085872
v -0.379174 -0.063956 -0.085872
v -0.344644 -0.063545 -0.103437
v -0.344234 -0.098074 -0.085872
v -0.358619 -0.049898 -0.085872
v -0.345054 -0.029016 -0.085872
v -0.344644 -0.063545 -0.103437
v -0.379174 -0.063956 -0.085872
v -0.330669 -0.077192 -0.085872
v -0.344234 -0.098074 -0.085872
v -0.344644 -0.063545 -0.103437
v -0.310114 -0.063134 -0.085872
v -0.202349 0.259343 -0.067365
v 0.115267 0.259343 -0.067365
v -0.202349 0.192613 -0.095007
v 0.115267 0.125878 -0.067365
v 0.115267 0.192613 -0.095007
v -0.202349 0.125878 -0.067365
v -0.345054 -0.029016 -0.085872
v -0.330999 -0.049569 -0.085872
v -0.344644 -0.063545 -0.103437
v -0.310114 -0.063134 -0.085872
v -0.405879 0.069708 0.201032
v -0.312929 0.186863 0.201032
v -0.405879 0.186863 0.249542
v -0.498829 0.186863 0.201032
v -0.405879 0.069708 0.201032
v -0.405879 0.186863 0.249542
v -0.405879 0.304018 0.201032
v -0.498829 0.186863 0.201032
v -0.405879 0.186863 0.249542
v -0.312929 0.186863 0.201032
v -0.405879 0.304018 0.201032
v -0.405879 0.186863 0.249542
v -0.405879 0.304018 -0.204154
v -0.312929 0.186863 -0.204154
v -0.405879 0.186863 -0.252664
v -0.498829 0.186863 -0.204154
v -0.405879 0.304018 -0.204154
v -0.405879 0.186863 -0.252664
v -0.405879 0.069708 -0.204154
v -0.498829 0.186863 -0.204154
v -0.405879 0.186863 -0.252664
v -0.312929 0.186863 -0.204154
v -0.405879 0.069708 -0.204154
v -0.405879 0.186863 -0.252664
vn 0.7348 -0.6716 -0.0949
vn 0.7334 -0.4179 -0.5362
vn 0.7334 -0.6782 -0.0473
vn 0.7345 -0.3710 -0.5683
vn 0.7255 0.0552 -0.6860
vn 0.6361 -0.7538 0.1649
vn 0.7377 -0.6436 0.2040
vn 0.6989 -0.7067 0.1099
vn 0.6686 -0.7315 0.1337
vn 0.7251 0.0631 -0.6857
vn 0.7331 0.4887 -0.4730
vn 0.7330 0.4650 -0.4965
vn 0.7257 0.6863 -0.0474
vn 0.7266 0.6871 -0.0079
vn 0.7304 0.4869 0.4790
vn 0.7303 0.4947 0.4711
vn 0.6692 -0.1968 0.7165
vn 0.6930 -0.0787 0.7166
vn 0.7485 0.6539 -0.1103
vn 0.7491 0.6624 -0.0079
vn 0.7484 0.6381 -0.1811
vn 0.7707 0.6370 -0.0157
vn 0.7171 -0.0709 -0.6934
vn 0.7163 -0.1338 -0.6848
vn 0.7054 0.1254 -0.6976
vn 0.7156 -0.0714 -0.6949
vn 0.7437 -0.5142 -0.4272
vn 0.7406 -0.5200 -0.4255
vn 0.7166 -0.6930 0.0787
vn 0.7437 -0.5143 -0.4272
vn 0.7181 -0.6944 0.0473
vn 0.7314 0.6764 0.0866
vn 0.7237 0.4720 0.5034
vn 0.7338 0.6786 0.0316
vn 0.7248 0.4333 0.5357
vn 0.7248 0.4332 0.5357
vn 0.7258 0.0474 0.6863
vn 0.7237 0.4720 0.5035
vn 0.7483 0.6381 -0.1812
vn 0.7338 0.6786 0.0315
vn 0.7472 -0.4248 0.5112
vn 0.7166 -0.6930 0.0788
vn 0.7456 -0.4553 0.4866
vn 0.7181 -0.6944 0.0474
vn 0.7258 0.0473 0.6863
vn 0.7456 -0.4552 0.4867
vn 0.7472 -0.4247 0.5113
vn -0.7266 0.6871 -0.0079
vn -0.7304 0.4870 0.4790
vn -0.7258 0.6863 -0.0473
vn 0.7258 0.6863 -0.0473
vn 0.7265 0.6871 -0.0078
vn -0.7314 0.6764 0.0865
vn -0.7483 0.6381 -0.1812
vn -0.7338 0.6786 0.0315
vn 0.7344 0.6780 0.0314
vn 0.7315 0.6764 0.0865
vn -0.7303 0.4946 0.4712
vn -0.6930 -0.0787 0.7166
vn -0.7304 0.4869 0.4791
vn -0.6692 -0.1968 0.7165
vn -0.5183 -0.5968 0.6125
vn 0.7303 0.4947 0.4712
vn 0.7303 0.4869 0.4791
vn 0.6692 -0.1969 0.7165
vn 0.5183 -0.5968 0.6125
vn -0.7334 -0.6782 -0.0473
vn -0.6361 -0.7538 0.1649
vn -0.7377 -0.6435 0.2040
vn -0.6989 -0.7067 0.1099
vn -0.6686 -0.7315 0.1337
vn -0.7348 -0.6716 -0.0949
vn -0.7333 -0.4180 -0.5362
vn -0.7343 -0.3711 -0.5684
vn -0.7334 -0.6782 -0.0474
vn -0.7333 -0.4179 -0.5362
vn -0.7255 0.0551 -0.6860
vn -0.7343 -0.3711 -0.5685
vn -0.7251 0.0630 -0.6857
vn -0.7330 0.4650 -0.4966
vn -0.7255 0.0552 -0.6860
vn -0.7331 0.4887 -0.4730
vn -0.7251 0.0631 -0.6857
vn -0.7331 0.4888 -0.4730
vn -0.7257 0.6863 -0.0474
vn -0.7330 0.4650 -0.4965
vn -0.7265 0.6871 -0.0080
vn -0.7304 0.4869 0.4790
vn -0.7266 0.6871 -0.0078
vn -0.7303 0.4947 0.4711
vn -0.7303 0.4947 0.4712
vn -0.6693 -0.1968 0.7165
vn -0.7314 0.6764 0.0866
vn -0.7237 0.4720 0.5034
vn -0.7248 0.4333 0.5357
vn -0.7258 0.0473 0.6863
vn -0.7338 0.6786 0.0316
vn -0.7456 -0.4552 0.4866
vn -0.7483 0.6381 -0.1811
vn -0.7485 0.6539 -0.1103
vn -0.7491 0.6624 -0.0079
vn -0.7707 0.6370 -0.0157
vn -0.7472 -0.4247 0.5112
vn -0.7165 -0.6931 0.0788
vn -0.7180 -0.6944 0.0474
vn -0.7437 -0.5142 -0.4272
vn -0.7163 -0.1338 -0.6848
vn -0.7406 -0.5200 -0.4255
vn -0.7170 -0.0709 -0.6934
vn -0.7054 0.1254 -0.6976
vn -0.7348 -0.6716 -0.0948
vn -0.6360 -0.7538 0.1649
vn 0.7348 -0.6716 -0.0948
vn -0.7406 -0.5201 -0.4254
vn -0.7166 -0.6930 0.0787
vn -0.7437 -0.5143 -0.4272
vn 1.0000 -0.0000 -0.0000
vn 0.6707 0.7417 -0.0000
vn 0.6707 -0.0000 -0.7417
vn 0.6733 0.5228 -0.5228
vn 0.6707 -0.7417 -0.0000
vn 0.6733 -0.5229 -0.5228
vn 0.6707 -0.0000 0.7417
vn 0.6733 0.5228 0.5228
vn 0.6733 -0.5228 0.5229
vn 0.9995 -0.0314 -0.0000
vn 0.5975 -0.8019 -0.0000
vn 0.7885 -0.6151 -0.0000
vn 0.5364 0.8440 -0.0000
vn 0.8185 0.5745 -0.0000
vn 0.5215 0.8533 -0.0000
vn 0.9495 0.3139 -0.0000
vn 0.9494 0.3139 -0.0000
vn 0.9495 -0.3138 -0.0000
vn 0.9495 -0.3139 -0.0000
vn 0.5215 -0.8533 -0.0000
vn 0.5508 -0.5902 -0.5902
vn 0.5511 -0.0000 -0.8344
vn 0.8247 -0.0000 -0.5655
vn 0.5509 0.5901 -0.5902
vn 0.8242 -0.4004 -0.4004
vn 0.8248 -0.5655 -0.0000
vn 0.8242 0.4004 -0.4004
vn 0.5511 -0.8344 -0.0000
vn 0.5508 -0.5901 0.5902
vn 0.8243 -0.4004 0.4004
vn 0.8247 -0.0000 0.5656
vn 0.5511 -0.0000 0.8344
vn 0.5509 0.5902 0.5901
vn 0.8242 0.4004 0.4004
vn 0.5511 0.8344 -0.0000
vn 0.8247 0.5655 -0.0000
vn 0.7013 -0.1655 0.6934
vn 0.9939 -0.1104 -0.0000
vn 0.7239 -0.0865 0.6845
vn 0.9720 -0.2351 -0.0000
vn 0.5837 -0.4339 0.6863
vn 0.7013 -0.1655 -0.6934
vn 0.7239 -0.0866 -0.6845
vn 0.8057 -0.5923 -0.0000
vn 0.5837 -0.4339 -0.6863
vn 0.9379 -0.3468 -0.0000
vn 0.1104 0.9939 -0.0000
vn 0.1105 0.7028 -0.7028
vn 0.1105 0.7028 0.7028
vn -0.0000 1.0000 -0.0000
vn -0.0000 0.7071 0.7071
vn -0.0000 0.7071 -0.7071
vn 0.5363 0.8440 -0.0000
vn -0.2517 0.9678 -0.0000
vn -0.2518 0.9678 -0.0000
vn -0.6322 0.7748 -0.0000
vn -0.8864 0.4629 -0.0000
vn -0.2203 0.9754 -0.0000
vn -0.2202 0.9754 -0.0000
vn 0.5214 0.8533 -0.0000
vn 0.2759 0.9612 -0.0000
vn 0.5508 0.5902 -0.5902
vn 0.2765 0.6796 -0.6795
vn 0.2765 0.6796 0.6795
vn 0.5508 0.5902 0.5901
vn 0.5510 0.8345 -0.0000
vn -0.1807 0.6836 -0.7071
vn -0.2926 0.9562 -0.0000
vn -0.2045 0.6763 -0.7077
vn -0.2592 0.9658 -0.0000
vn -0.1807 0.6836 0.7071
vn -0.5421 0.4007 -0.7386
vn -0.3307 0.6142 -0.7165
vn -0.8019 0.5975 -0.0000
vn -0.3307 0.6142 0.7165
vn -0.5421 0.4007 0.7386
vn -0.2044 0.6763 0.7077
vn -0.4721 0.8815 -0.0000
vn 0.3053 0.6734 -0.6733
vn 0.1493 0.6992 -0.6992
vn 0.1490 0.9888 -0.0000
vn 0.3067 0.9518 -0.0000
vn 0.3053 0.6733 0.6733
vn 0.1493 0.6992 0.6992
vn -0.2127 0.9771 -0.0000
vn -0.2120 0.6911 0.6910
vn -0.2120 0.6911 -0.6910
vn 0.1104 -0.0000 0.9939
vn 0.1106 0.7027 0.7028
vn 0.6733 -0.5228 0.5228
vn 0.1106 -0.7027 0.7028
vn -0.0000 -0.7071 0.7071
vn -0.0000 -0.0000 1.0000
vn 0.2758 -0.0000 0.9612
vn 0.2766 -0.6795 0.6796
vn 0.5510 -0.0000 0.8345
vn 0.5508 0.5902 0.5902
vn 0.2765 0.6795 0.6796
vn 0.0394 -0.0315 0.9987
vn 0.0315 -0.0001 0.9995
vn 0.7238 -0.0865 0.6845
vn 0.0158 -0.0078 0.9998
vn -0.6925 0.0866 0.7162
vn 0.3383 -0.6373 0.6924
vn 0.2045 -0.6762 0.7077
vn 0.1807 -0.6836 0.7072
vn -0.6854 0.1655 0.7091
vn 0.0157 -0.0236 0.9996
vn -0.3307 0.6142 0.7166
vn -0.1807 0.6836 0.7072
vn -0.0000 -0.1105 0.9939
vn -0.0000 0.4973 0.8676
vn -0.0000 -0.2758 0.9612
vn 0.1493 -0.6992 0.6992
vn 0.1490 -0.0000 0.9888
vn 0.3053 0.6733 0.6734
vn 0.3067 -0.0000 0.9518
vn 0.3053 -0.6733 0.6734
vn -0.2120 -0.6910 0.6910
vn -0.2127 -0.0000 0.9771
vn -0.2120 0.6910 0.6911
vn -0.8764 -0.4816 -0.0000
vn -0.8764 -0.4816 -0.0002
vn -0.9754 0.2203 -0.0000
vn -0.9612 0.2758 -0.0000
vn -0.9888 -0.1491 -0.0000
vn -0.9196 -0.3930 -0.0000
vn -0.9195 -0.3930 -0.0000
vn -0.8865 0.4628 -0.0000
vn -0.8865 -0.4628 -0.0000
vn -0.8019 0.5974 -0.0000
vn -0.6855 0.1654 -0.7091
vn -0.5422 0.4007 -0.7386
vn -0.9715 0.2370 -0.0000
vn -0.6926 0.0866 -0.7161
vn -0.9920 0.1259 -0.0000
vn -0.6926 0.0866 0.7161
vn -0.6855 0.1655 0.7091
vn -1.0000 -0.0000 -0.0000
vn 0.1105 -0.9939 -0.0000
vn 0.1105 -0.7028 -0.7028
vn 0.6733 -0.5228 -0.5228
vn 0.1105 -0.7028 0.7028
vn -0.0000 -1.0000 -0.0000
vn -0.0000 -0.7071 -0.7071
vn 0.7885 -0.6150 -0.0000
vn -0.2758 -0.9612 -0.0000
vn -0.8864 -0.4629 -0.0000
vn -0.2203 -0.9754 -0.0000
vn -0.2202 -0.9754 -0.0000
vn 0.5214 -0.8533 -0.0000
vn 0.5508 -0.5902 -0.5901
vn 0.2758 -0.9612 -0.0000
vn 0.2765 -0.6796 -0.6795
vn 0.5510 -0.8345 -0.0000
vn 0.5508 -0.5902 0.5902
vn 0.2765 -0.6796 0.6795
vn 0.5838 -0.4339 0.6863
vn 0.4722 -0.8815 -0.0000
vn 0.8056 -0.5924 -0.0000
vn 0.3383 -0.6373 -0.6924
vn 0.2923 -0.9563 -0.0000
vn 0.2044 -0.6763 0.7077
vn 0.2044 -0.6763 -0.7077
vn 0.2593 -0.9658 -0.0000
vn 0.1807 -0.6836 -0.7071
vn 0.1807 -0.6836 0.7071
vn -0.0000 -0.9658 -0.2591
vn -0.0000 -0.2757 -0.9612
vn -0.0000 -0.1104 -0.9939
vn -0.0000 -0.9697 -0.2444
vn -0.0000 -0.9658 0.2591
vn -0.0000 -0.9697 0.2444
vn -0.0000 -0.2757 0.9612
vn 0.0001 -0.1104 0.9939
vn 0.3054 -0.6734 -0.6733
vn 0.1490 -0.9888 -0.0000
vn 0.1493 -0.6992 -0.6992
vn 0.3068 -0.9518 -0.0000
vn 0.3054 -0.6734 0.6733
vn -0.2120 -0.6911 0.6910
vn -0.2127 -0.9771 -0.0000
vn -0.2120 -0.6911 -0.6910
vn 0.1105 -0.0000 -0.9939
vn 0.1105 -0.7027 -0.7028
vn 0.6733 0.5228 -0.5227
vn 0.1105 0.7027 -0.7028
vn -0.0000 -0.0000 -1.0000
vn 0.2758 -0.0000 -0.9612
vn 0.2765 -0.6795 -0.6796
vn 0.5510 -0.0000 -0.8345
vn 0.5508 0.5901 -0.5902
vn 0.2766 0.6795 -0.6796
vn 0.7238 -0.0865 -0.6845
vn 0.0315 -0.0001 -0.9995
vn 0.0158 -0.0078 -0.9998
vn -0.6925 0.0865 -0.7162
vn 0.0393 -0.0315 -0.9987
vn 0.0157 -0.0236 -0.9996
vn 0.2044 -0.6762 -0.7077
vn 0.1807 -0.6836 -0.7072
vn -0.1807 0.6836 -0.7072
vn -0.3307 0.6141 -0.7166
vn -0.2044 0.6763 -0.7077
vn -0.6854 0.1654 -0.7091
vn -0.0000 -0.1105 -0.9939
vn -0.0000 0.4973 -0.8676
vn -0.0000 -0.2758 -0.9612
vn 0.3067 -0.0000 -0.9518
vn 0.3053 -0.6733 -0.6734
vn 0.1490 -0.0000 -0.9888
vn 0.3053 0.6733 -0.6734
vn -0.2120 -0.6910 -0.6911
vn -0.2127 -0.0000 -0.9771
vn -0.2120 -0.6910 -0.6910
vn -0.2120 0.6910 -0.6911
vn 0.5215 -0.8533 0.0002
vn 0.8601 0.3236 0.3945
vn 0.6051 0.7937 0.0629
vn 0.8578 0.2361 0.4565
vn 0.5826 0.8109 0.0551
vn 0.8601 0.3945 -0.3235
vn 0.6051 0.0628 -0.7937
vn 0.8578 0.4564 -0.2361
vn 0.5826 0.0551 -0.8109
vn 0.8600 0.3945 -0.3236
vn 0.8579 0.4565 -0.2361
vn 0.7455 0.6513 0.1412
vn 0.8601 -0.3945 -0.3235
vn 0.6051 -0.0629 -0.7936
vn 0.5826 -0.0551 -0.8109
vn 0.8579 -0.4564 -0.2361
vn 0.8601 -0.3235 0.3945
vn 0.7455 0.1412 0.6513
vn 0.8578 -0.2361 0.4565
vn 0.9998 0.0158 0.0079
vn 0.9998 0.0157 0.0079
vn 1.0000 -0.0079 -0.0000
vn 0.6051 -0.7936 0.0629
vn 0.5826 -0.8109 0.0551
vn 0.9997 -0.0236 -0.0079
vn 0.8601 0.3235 0.3945
vn 0.8579 0.2361 0.4564
vn 0.7455 -0.1412 0.6513
vn 0.8600 -0.3945 -0.3236
vn 0.7455 -0.6513 0.1412
vn 0.8578 -0.4565 -0.2361
vn 0.9997 0.0236 -0.0000
vn 0.9997 -0.0236 -0.0000
vn 0.6397 0.7660 0.0632
vn 0.8316 0.4472 0.3295
vn 0.6524 0.7546 0.0708
vn 0.8313 0.4513 0.3246
vn 0.6686 0.1337 0.7315
vn 0.6725 0.1345 0.7278
vn 0.8277 0.4887 -0.2759
vn 0.8277 0.4887 0.2759
vn 0.6397 0.0632 -0.7660
vn 0.8316 0.3295 -0.4471
vn 0.6524 0.0708 -0.7546
vn 0.8313 0.3246 -0.4513
vn 0.6686 0.7315 -0.1337
vn 0.6725 0.7278 -0.1345
vn 0.8284 -0.0000 0.5601
vn 0.4661 -0.0000 0.8847
vn 0.4661 -0.0000 -0.8847
vn 0.8284 -0.0000 -0.5602
vn 0.8316 -0.3295 -0.4472
vn 0.6397 -0.0632 -0.7660
vn 0.6524 -0.0708 -0.7546
vn 0.8313 -0.3246 -0.4513
vn 0.6686 -0.7315 -0.1337
vn 0.6725 -0.7278 -0.1345
vn 0.5735 -0.3378 0.7463
vn 0.6789 0.0158 0.7341
vn 0.6869 -0.0237 0.7264
vn 0.4335 0.5754 0.6936
vn 0.7622 0.3536 0.5422
vn 0.3307 0.6141 0.7166
vn 0.6789 0.0158 -0.7341
vn 0.5735 -0.3378 -0.7463
vn 0.6869 -0.0237 -0.7264
vn 0.4335 0.5753 -0.6936
vn 0.3307 0.6142 -0.7166
vn 0.7622 0.3536 -0.5422
vn 0.8316 -0.4472 0.3295
vn 0.6397 -0.7660 0.0632
vn 0.6524 -0.7545 0.0707
vn 0.8313 -0.4513 0.3246
vn 0.6686 -0.1337 0.7315
vn 0.6725 -0.1345 0.7278
vn 0.8277 -0.4887 0.2759
vn 0.4661 -0.7662 0.4424
vn 0.8284 -0.0000 0.5602
vn 0.8277 -0.4887 -0.2759
vn 0.8284 -0.0000 -0.5601
vn 0.4661 -0.7662 -0.4424
vn 0.7071 -0.0000 0.7071
vn 0.7071 -0.0000 -0.7071
vn 0.9989 -0.0473 -0.0000
vn 0.9737 0.2278 -0.0000
vn 0.9989 -0.0475 -0.0000
vn 0.5835 -0.8121 -0.0000
vn 0.9007 -0.4345 -0.0000
vn 0.9494 0.3140 -0.0000
vn 0.5215 0.8533 -0.0002
vn 0.5215 0.8533 -0.0001
vn 0.9495 0.3138 -0.0000
vn -0.0001 0.4876 -0.8731
vn 0.5921 0.4579 -0.6631
vn 0.6127 0.4792 0.6284
vn -0.0001 0.5215 0.8533
vn 0.5921 -0.4579 -0.6631
vn -0.0001 -0.4877 -0.8730
vn -0.0000 0.0001 -1.0000
vn -0.0001 -0.5214 0.8533
vn 0.6127 -0.4792 0.6284
vn 0.9223 0.3864 -0.0000
vn 0.8498 -0.5272 -0.0000
vn 0.9224 0.3863 -0.0000
vn 0.3768 0.9263 -0.0000
vn 0.9658 0.2592 -0.0000
vn 0.9659 0.2588 -0.0000
vn 0.9659 0.2589 -0.0000
vn 0.9658 0.2591 -0.0000
vn 0.8865 -0.4628 -0.0000
vn 0.8865 0.4628 -0.0000
vn 0.9715 -0.2369 -0.0000
vn 0.8976 0.4409 -0.0000
vn 0.9716 -0.2368 -0.0000
vn 0.9696 -0.2446 -0.0000
vn -0.6286 0.5499 0.5500
vn -0.6285 0.7778 -0.0000
vn -0.6286 0.5499 -0.5500
vn -0.8864 0.4628 -0.0000
vn 0.3307 0.8976 -0.2914
vn 0.4971 0.5602 -0.6627
vn 0.4945 0.5573 -0.6671
vn 0.3307 0.8976 -0.2913
vn -0.0628 0.9977 -0.0236
vn -0.0863 0.9961 -0.0157
vn -0.0784 0.9966 0.0236
vn 0.3001 0.9240 0.2369
vn 0.3161 0.9166 0.2449
vn -0.0869 0.9959 0.0237
vn 0.4970 0.6627 0.5601
vn 0.4944 0.6671 0.5572
vn 0.0870 0.9957 -0.0316
vn 0.4249 0.9049 0.0236
vn 0.1026 0.9942 -0.0316
vn 0.4566 0.8896 0.0079
vn 0.4409 0.8975 -0.0079
vn 0.4091 0.9125 -0.0000
vn -0.1580 0.9874 0.0079
vn 0.1413 0.9809 0.1334
vn 0.1813 0.9694 0.1655
vn 0.3312 0.9069 0.2603
vn -0.1491 0.9888 0.0079
vn 0.1183 0.9929 0.0157
vn 0.0948 0.9952 0.0237
vn 0.6050 0.7937 0.0628
vn 0.5214 0.8533 0.0001
vn -0.2202 0.9754 -0.0001
vn 0.4816 0.8764 -0.0000
vn 0.4792 0.6206 0.6206
vn 0.4792 0.6206 -0.6206
vn 0.4090 0.9125 -0.0000
vn 0.2128 0.9771 0.0079
vn 0.4408 0.8975 -0.0079
vn 0.0315 0.9992 -0.0236
vn 0.0079 0.9992 -0.0393
vn 0.2444 0.9696 -0.0158
vn 0.6524 0.7546 0.0707
vn 0.2517 0.9677 -0.0157
vn 0.6397 0.7661 0.0632
vn -0.0472 0.9986 0.0236
vn -0.0706 0.9967 0.0393
vn -0.0550 0.9974 0.0471
vn -0.0393 0.9985 0.0393
vn 0.1810 0.9835 -0.0078
vn 0.1810 0.9835 -0.0079
vn 0.4782 0.8781 0.0157
vn 0.5212 0.8529 0.0316
vn 0.6638 0.7428 0.0869
vn -0.4966 0.4888 0.7173
vn -0.5042 0.5357 0.6774
vn -0.5185 0.6677 0.5342
vn -0.5125 0.6072 0.6072
vn -0.5122 0.8589 -0.0000
vn 0.5125 0.6072 0.6071
vn 0.5122 0.8589 -0.0000
vn -0.5125 0.6072 0.6071
vn -0.5121 0.8589 -0.0000
vn -0.8277 0.4887 0.2759
vn -0.4661 0.7662 -0.4424
vn -0.8277 0.4887 -0.2758
vn -0.4660 0.7663 0.4423
vn -0.0000 0.8678 -0.4970
vn -0.0000 0.8678 0.4970
vn 0.4661 0.7662 -0.4423
vn 0.4661 0.7662 0.4424
vn 0.8277 0.4888 -0.2759
vn 0.2758 0.9612 -0.0000
vn 0.6724 0.7278 -0.1345
vn 0.2444 0.9697 -0.0000
vn -0.1884 0.9654 -0.1805
vn -0.2207 0.9536 -0.2049
vn -0.4966 0.7173 -0.4887
vn -0.5041 0.6775 -0.5356
vn -0.3068 0.9518 -0.0000
vn -0.0079 1.0000 -0.0000
vn -0.8897 0.4566 -0.0000
vn -0.5125 0.6072 -0.6072
vn 0.5126 0.6072 -0.6071
vn -0.2370 0.9715 0.0079
vn -0.6748 0.7298 -0.1098
vn -0.6862 0.7178 -0.1183
vn -0.2444 0.9696 0.0079
vn 0.0947 0.9940 -0.0552
vn 0.1256 0.9890 -0.0785
vn 0.1100 0.9902 -0.0864
vn 0.0789 0.9944 -0.0709
vn -0.1182 0.9930 0.0079
vn -0.2995 0.9536 0.0315
vn -0.3232 0.9458 0.0316
vn -0.3957 0.9181 0.0238
vn 0.5483 0.6971 -0.4621
vn 0.5053 0.8606 -0.0632
vn 0.5444 0.6313 -0.5524
vn -0.5125 0.6072 -0.6071
vn 0.5125 0.6072 -0.6071
vn 0.5121 0.8589 -0.0000
vn -0.2748 0.5968 0.7539
vn 0.3307 0.6142 0.7165
vn -0.2991 0.5826 0.7557
vn -0.2991 0.5826 -0.7557
vn 0.3307 0.6142 -0.7165
vn -0.2748 0.5968 -0.7539
vn -0.2444 0.9696 0.0158
vn -0.6545 0.7491 0.1025
vn -0.6544 0.7491 0.1025
vn -0.2127 0.9770 0.0158
vn 0.2448 0.9476 0.2053
vn 0.2680 0.9378 0.2207
vn 0.5445 0.5524 0.6312
vn 0.5482 0.4621 0.6970
vn -0.5265 0.8488 -0.0471
vn -0.0629 0.9977 -0.0236
vn -0.5644 0.8231 -0.0627
vn -0.3862 0.9223 -0.0158
vn -0.3632 0.9316 -0.0158
vn 0.2202 0.9755 -0.0000
vn -0.5214 0.8533 -0.0000
vn 0.0078 0.9992 -0.0394
vn 0.0310 0.9993 -0.0225
vn -0.0711 0.9955 -0.0632
vn -0.0785 0.9966 0.0235
vn -0.3929 0.9193 -0.0236
vn -0.3697 0.9283 -0.0393
vn -0.0870 0.9959 0.0237
vn -0.3863 0.9223 -0.0158
vn -0.3698 0.9283 -0.0393
vn -0.3154 0.9148 0.2524
vn -0.4957 0.6373 0.5900
vn 0.0947 0.9952 0.0237
vn 0.1182 0.9929 0.0158
vn -0.3377 0.8953 -0.2906
vn 0.0869 0.9957 -0.0316
vn 0.1025 0.9942 -0.0316
vn -0.3463 0.8892 -0.2990
vn -0.4957 0.5901 -0.6373
vn -0.4816 0.8764 -0.0000
vn -0.4792 0.6206 -0.6206
vn -0.4792 0.6206 0.6206
vn -0.0158 0.9999 -0.0000
vn -0.2591 0.9658 -0.0000
vn 0.0001 0.7071 -0.7071
vn 0.8864 0.4628 -0.0000
vn 0.2203 0.9754 -0.0000
vn 0.3304 0.9439 -0.0000
vn 0.8975 0.4409 -0.0000
vn 0.3768 0.9263 0.0001
vn -0.6285 0.5500 0.5499
vn -0.6286 -0.0000 0.7778
vn -0.6285 0.0001 0.7778
vn -0.6286 -0.5500 0.5500
vn -0.4726 0.3623 0.8034
vn -0.3775 0.4483 0.8102
vn -0.4575 0.3786 0.8046
vn -0.5433 0.2913 0.7874
vn -0.6782 0.0473 0.7334
vn -0.6930 0.0787 0.7166
vn -0.6860 0.0552 0.7255
vn -0.6776 0.0630 0.7327
vn -0.5433 -0.2913 0.7874
vn -0.4575 -0.3786 0.8046
vn -0.4726 -0.3623 0.8034
vn -0.3776 -0.4484 0.8102
vn -0.3775 -0.4483 0.8102
vn -0.1813 -0.6465 0.7411
vn -0.1182 -0.6699 0.7330
vn 0.3072 -0.5672 0.7641
vn -0.1814 -0.6465 0.7411
vn -0.3563 -0.5856 0.7280
vn -0.1183 -0.6699 0.7330
vn -0.2923 -0.5926 0.7506
vn -0.5993 -0.2603 0.7570
vn -0.2910 -0.5977 0.7471
vn 0.1810 -0.6296 0.7555
vn 0.1580 -0.6321 0.7586
vn -0.5993 -0.2602 0.7570
vn -0.6305 0.2048 0.7487
vn -0.6225 0.2285 0.7485
vn -0.5148 -0.3960 0.7604
vn -0.0000 -0.3930 0.9195
vn -0.0000 -0.3930 0.9196
vn -0.4952 -0.4166 0.7624
vn -0.4722 -0.0000 0.8815
vn -0.6298 0.2362 0.7400
vn -0.4560 0.4717 0.7547
vn -0.4239 0.5024 0.7536
vn -0.6127 0.4792 0.6284
vn -0.6150 -0.0000 0.7885
vn 0.4970 0.6627 0.5602
vn 0.3307 0.2913 0.8976
vn 0.4945 0.6671 0.5573
vn -0.0628 0.0236 0.9977
vn -0.0863 0.0157 0.9961
vn -0.0000 0.0001 1.0000
vn -0.6127 -0.4792 0.6284
vn 0.4249 0.0236 0.9049
vn 0.0870 -0.0316 0.9957
vn 0.1026 -0.0315 0.9942
vn 0.4566 0.0079 0.8896
vn 0.4409 -0.0079 0.8975
vn 0.4091 -0.0000 0.9125
vn 0.0870 0.0316 0.9957
vn 0.4249 -0.0236 0.9049
vn 0.1026 0.0316 0.9942
vn 0.4566 -0.0078 0.8896
vn 0.4409 0.0079 0.8975
vn 0.4970 -0.6627 0.5602
vn 0.3307 -0.2913 0.8976
vn 0.4944 -0.6671 0.5573
vn -0.0628 -0.0236 0.9977
vn -0.0862 -0.0157 0.9961
vn 0.4816 -0.0000 0.8764
vn 0.4792 0.6206 0.6207
vn 0.4792 -0.6206 0.6206
vn -0.2434 0.6202 0.7458
vn -0.5737 0.3537 0.7388
vn -0.5805 0.3452 0.7374
vn -0.2286 0.6225 0.7485
vn -0.6930 0.0788 0.7166
vn -0.5737 0.3536 0.7388
vn 0.1973 0.6315 0.7499
vn -0.2285 0.6225 0.7485
vn -0.2433 0.6202 0.7458
vn 0.6724 0.1344 0.7278
vn 0.2444 -0.0000 0.9697
vn -0.1884 0.1805 0.9654
vn -0.2207 0.2049 0.9536
vn -0.4966 0.4887 0.7173
vn -0.5041 0.5356 0.6775
vn -0.5126 -0.6071 0.6072
vn -0.5122 -0.0000 0.8589
vn 0.5125 -0.6071 0.6072
vn 0.5122 -0.0001 0.8589
vn 0.5125 0.6071 0.6072
vn 0.5122 -0.0000 0.8589
vn 0.4722 -0.0000 0.8815
vn 0.4952 -0.4165 0.7624
vn 0.5148 -0.3960 0.7604
vn 0.4721 -0.0000 0.8815
vn 0.5149 0.3960 0.7603
vn 0.4952 0.4165 0.7624
vn -0.0000 0.3930 0.9196
vn -0.0000 0.3930 0.9195
vn -0.5149 0.3960 0.7603
vn -0.4952 0.4165 0.7624
vn -0.5125 -0.6071 0.6072
vn -0.5122 -0.0001 0.8589
vn -0.5125 0.6071 0.6072
vn -0.6225 0.2286 0.7485
vn -0.2992 0.5825 0.7557
vn -0.6305 0.2049 0.7487
vn -0.2749 0.5968 0.7538
vn 0.4816 0.0001 0.8764
vn 0.4792 -0.6206 0.6207
vn 0.2128 0.0079 0.9771
vn 0.4090 -0.0000 0.9125
vn 0.2127 0.0079 0.9771
vn 0.0315 -0.0236 0.9992
vn 0.0079 -0.0393 0.9992
vn 0.2127 -0.0079 0.9771
vn 0.2128 -0.0079 0.9771
vn 0.0315 0.0236 0.9992
vn 0.0079 0.0393 0.9992
vn -0.7071 -0.0000 0.7071
vn 0.4660 0.7662 0.4424
vn -0.4661 0.7662 0.4424
vn 0.4661 -0.0000 0.8848
vn -0.4661 -0.0000 0.8847
vn -0.8284 -0.0000 0.5602
vn -0.4559 0.4717 0.7547
vn -0.2752 0.6053 0.7469
vn -0.6781 0.0473 0.7334
vn 0.5765 0.2843 0.7660
vn 0.6473 -0.1737 0.7421
vn -0.2752 0.6054 0.7469
vn 0.6399 -0.1975 0.7426
vn 0.3468 -0.5437 0.7643
vn 0.3073 -0.5672 0.7641
vn -0.3560 -0.5857 0.7282
vn 0.5433 0.2913 0.7874
vn 0.4726 0.3623 0.8033
vn 0.4575 0.3786 0.8046
vn 0.3776 0.4484 0.8102
vn -0.2924 -0.5926 0.7506
vn 0.5836 -0.3313 0.7414
vn -0.2910 -0.5976 0.7471
vn -0.5993 -0.2602 0.7571
vn 0.6704 0.0315 0.7414
vn 0.6869 -0.0236 0.7264
vn 0.6788 0.0158 0.7341
vn 0.6707 0.0079 0.7417
vn 0.6679 -0.1414 0.7307
vn 0.6118 -0.3059 0.7294
vn 0.5973 -0.3301 0.7309
vn 0.5435 -0.4097 0.7326
vn -0.2748 0.5968 0.7538
vn 0.4334 0.5753 0.6936
vn 0.6724 -0.1344 0.7278
vn -0.1884 -0.1805 0.9654
vn -0.2207 -0.2049 0.9536
vn -0.4966 -0.4887 0.7173
vn -0.5054 -0.5347 0.6772
vn -0.4660 -0.7662 0.4424
vn -0.0000 -0.8678 0.4970
vn 0.4661 -0.7662 0.4423
vn -0.8277 -0.4887 0.2759
vn 0.1811 -0.6296 0.7555
vn 0.1581 -0.6321 0.7586
vn -0.6862 0.1183 0.7178
vn -0.2444 -0.0079 0.9696
vn -0.2370 -0.0079 0.9715
vn 0.0947 0.0552 0.9940
vn -0.6748 0.1098 0.7298
vn 0.1256 0.0785 0.9890
vn 0.1100 0.0864 0.9902
vn 0.0789 0.0709 0.9944
vn -0.1182 -0.0079 0.9930
vn -0.2995 -0.0315 0.9536
vn -0.3232 -0.0316 0.9458
vn -0.3957 -0.0237 0.9181
vn 0.5483 0.4621 0.6970
vn 0.5053 0.0631 0.8606
vn 0.5444 0.5523 0.6313
vn 0.4726 -0.3623 0.8034
vn 0.3775 -0.4483 0.8102
vn 0.3776 -0.4484 0.8102
vn 0.4575 -0.3786 0.8046
vn 0.5433 -0.2913 0.7874
vn -0.0001 -0.0000 1.0000
vn -0.2444 0.0079 0.9696
vn -0.6861 -0.1183 0.7178
vn -0.2369 0.0079 0.9715
vn -0.6748 -0.1098 0.7298
vn 0.0947 -0.0552 0.9940
vn 0.1256 -0.0785 0.9890
vn 0.1100 -0.0864 0.9902
vn 0.0789 -0.0710 0.9943
vn -0.1182 0.0079 0.9930
vn -0.2995 0.0315 0.9536
vn -0.3232 0.0315 0.9458
vn -0.3957 0.0237 0.9181
vn 0.5482 -0.4621 0.6971
vn 0.5445 -0.5523 0.6313
vn 0.5053 -0.0631 0.8606
vn -0.5266 -0.0472 0.8488
vn -0.0863 -0.0157 0.9961
vn -0.0629 -0.0235 0.9977
vn -0.5644 -0.0627 0.8231
vn -0.5266 0.0472 0.8488
vn -0.5644 0.0627 0.8231
vn -0.0629 0.0236 0.9977
vn 0.6474 -0.1737 0.7421
vn 0.6399 -0.1976 0.7426
vn 0.0078 0.0393 0.9992
vn 0.0310 0.0225 0.9993
vn -0.0711 0.0632 0.9955
vn 0.0078 -0.0393 0.9992
vn -0.0711 -0.0632 0.9955
vn 0.0314 -0.0236 0.9992
vn -0.4816 0.0001 0.8764
vn -0.4816 -0.0000 0.8764
vn -0.4792 -0.6206 0.6207
vn -0.3377 0.2906 0.8953
vn -0.3462 0.2990 0.8892
vn 0.0869 0.0316 0.9957
vn 0.1025 0.0316 0.9942
vn -0.4957 0.6372 0.5901
vn -0.4957 0.6373 0.5901
vn 0.1025 -0.0316 0.9942
vn 0.0869 -0.0316 0.9957
vn -0.3377 -0.2906 0.8953
vn -0.3463 -0.2990 0.8892
vn -0.4957 -0.6372 0.5901
vn 0.6150 -0.0000 0.7885
vn 0.6127 0.4792 0.6285
vn 0.0001 0.7071 0.7071
vn -0.4792 0.6206 0.6207
vn -0.4792 -0.6206 0.6206
vn 0.6118 -0.3059 0.7295
vn 0.6118 -0.3060 0.7295
vn 0.6474 -0.1736 0.7421
vn 0.5765 0.2842 0.7660
vn 0.5837 -0.3312 0.7414
vn 0.0001 -0.0000 1.0000
vn -0.0001 -0.7071 0.7071
vn -0.0000 -0.0001 1.0000
vn 0.6704 0.0316 0.7414
vn 0.1974 0.6315 0.7499
vn 0.5765 0.2844 0.7660
vn -0.6285 -0.0000 0.7778
vn -0.6285 0.5500 0.5500
vn -0.6285 -0.0000 -0.7778
vn -0.6285 0.5500 -0.5500
vn -0.6285 -0.5500 -0.5500
vn -0.6285 -0.5500 0.5500
vn -0.6285 -0.7778 -0.0000
vn -0.8247 -0.5655 -0.0000
vn -0.9862 0.1657 -0.0000
vn -0.9678 0.2518 -0.0000
vn -0.9612 -0.2758 -0.0000
vn -0.8440 -0.5364 -0.0000
vn -0.0000 0.5214 0.8533
vn -0.6128 0.4792 0.6284
vn -0.5921 0.4579 -0.6631
vn -0.0000 0.4877 -0.8730
vn 0.0001 -0.0000 -1.0000
vn -0.9995 0.0314 -0.0000
vn -0.9658 0.2591 -0.0000
vn -0.9715 0.2369 -0.0000
vn -0.9737 -0.2277 -0.0000
vn -0.9737 -0.2278 -0.0000
vn -0.6128 -0.4792 0.6284
vn -0.0000 -0.5215 0.8533
vn -0.0000 -0.4876 -0.8731
vn -0.5921 -0.4579 -0.6631
vn -0.5215 -0.8533 -0.0000
vn -0.9495 -0.3138 -0.0000
vn -0.9494 -0.3139 -0.0000
vn -0.9495 0.3139 -0.0000
vn -0.9494 0.3140 -0.0000
vn -0.5215 0.8533 -0.0000
vn -0.9494 0.3139 -0.0000
vn -0.9495 -0.3139 -0.0000
vn -0.5738 0.3536 0.7387
vn -0.6861 0.0552 0.7255
vn -0.6861 0.0552 -0.7255
vn -0.5737 0.3536 -0.7388
vn -0.6930 0.0788 -0.7166
vn -0.8277 0.4887 -0.2759
vn -0.7071 -0.0000 -0.7071
vn -0.8284 -0.0000 0.5601
vn -0.8284 -0.0000 -0.5601
vn -0.8368 0.3710 -0.4026
vn -0.6862 0.7177 -0.1183
vn -0.6748 0.7297 -0.1099
vn -0.6545 0.1025 -0.7491
vn -0.8277 -0.4887 -0.2759
vn -0.6749 0.1099 0.7297
vn -0.8368 0.4026 0.3710
vn -0.6862 0.1183 0.7177
vn -0.6862 -0.1183 0.7177
vn -0.8368 -0.4026 0.3710
vn -0.6749 -0.1099 0.7297
vn -0.6545 -0.7491 0.1025
vn -0.6862 -0.7177 -0.1183
vn -0.8368 -0.3710 -0.4026
vn -0.6749 -0.7297 -0.1098
vn -0.6545 -0.1025 -0.7491
vn -0.9997 0.0236 -0.0000
vn -0.9997 0.0237 -0.0000
vn -0.9997 -0.0236 -0.0000
vn -0.9998 -0.0079 0.0158
vn -0.9998 -0.0079 0.0157
vn -1.0000 -0.0000 -0.0079
vn -0.9997 0.0079 -0.0236
vn -0.8264 0.5037 -0.2518
vn -0.8348 0.4568 -0.3071
vn -0.5266 0.8488 -0.0471
vn -0.8264 0.2518 0.5037
vn -0.5266 0.0471 0.8488
vn -0.5645 0.0627 0.8231
vn -0.8348 0.3072 0.4568
vn -0.8349 0.3072 0.4568
vn -0.8483 0.4320 0.3063
vn -0.8264 0.2519 0.5037
vn -0.8349 0.4568 -0.3072
vn -0.8483 0.3063 -0.4320
vn -0.8264 0.5037 -0.2519
vn -0.8264 -0.2518 0.5037
vn -0.8349 -0.3071 0.4568
vn -0.8264 -0.5037 -0.2518
vn -0.8348 -0.4568 -0.3071
vn -0.5645 -0.8231 -0.0627
vn -0.5266 -0.8488 -0.0471
vn -0.8349 -0.4568 -0.3072
vn -0.8264 -0.5036 -0.2519
vn -0.8483 -0.3063 -0.4320
vn -0.8349 -0.3072 0.4568
vn -0.8264 -0.2519 0.5037
vn -0.8483 -0.4320 0.3063
vn -0.6286 -0.5500 -0.5500
vn -0.6286 -0.5499 0.5500
vn -0.8247 -0.5656 -0.0000
vn -0.2591 -0.9659 -0.0000
vn -0.2591 -0.9658 -0.0000
vn 0.2203 -0.9754 -0.0000
vn 0.8498 -0.5271 -0.0000
vn -0.8864 -0.4628 -0.0000
vn -0.8864 -0.4628 0.0002
vn -0.2203 -0.9754 -0.0001
vn -0.2202 -0.9755 -0.0000
vn 0.3072 -0.5672 0.7642
vn 0.3467 -0.5437 0.7643
vn 0.3467 -0.5437 -0.7643
vn -0.1182 -0.6699 -0.7330
vn 0.3072 -0.5672 -0.7641
vn 0.4816 -0.8764 -0.0000
vn 0.4792 -0.6206 -0.6206
vn 0.4971 -0.5602 -0.6627
vn 0.3307 -0.8976 -0.2913
vn 0.4944 -0.5573 -0.6671
vn 0.3307 -0.8976 -0.2914
vn -0.0628 -0.9977 -0.0236
vn -0.0862 -0.9962 -0.0157
vn -0.0784 -0.9966 0.0235
vn 0.3001 -0.9240 0.2369
vn -0.0869 -0.9959 0.0237
vn 0.3161 -0.9166 0.2449
vn 0.4970 -0.6627 0.5601
vn 0.4945 -0.6671 0.5572
vn 0.4249 -0.9049 0.0236
vn 0.0870 -0.9957 -0.0316
vn 0.1026 -0.9942 -0.0315
vn 0.4566 -0.8896 0.0079
vn 0.4409 -0.8975 -0.0079
vn 0.4091 -0.9125 -0.0000
vn -0.1580 -0.9874 0.0079
vn 0.1413 -0.9809 0.1334
vn -0.1491 -0.9888 0.0078
vn 0.1813 -0.9694 0.1655
vn 0.3312 -0.9069 0.2602
vn 0.1183 -0.9929 0.0158
vn 0.0948 -0.9952 0.0237
vn 0.6051 -0.7937 0.0628
vn 0.0001 -0.7071 0.7071
vn 0.6724 -0.7278 -0.1345
vn 0.2444 -0.9697 -0.0000
vn -0.1884 -0.9654 -0.1805
vn -0.2207 -0.9536 -0.2049
vn -0.4966 -0.7173 -0.4887
vn -0.5055 -0.6772 -0.5347
vn -0.5125 -0.6072 0.6072
vn -0.5122 -0.8589 -0.0000
vn 0.5125 -0.6072 0.6072
vn 0.5122 -0.8589 -0.0000
vn 0.5125 -0.6072 -0.6072
vn -0.5126 -0.6072 -0.6071
vn -0.5125 -0.6072 0.6071
vn 0.5125 -0.6072 0.6071
vn 0.5125 -0.6072 -0.6071
vn -0.5125 -0.6072 -0.6071
vn 0.2127 -0.9771 0.0079
vn 0.4090 -0.9125 -0.0000
vn 0.4408 -0.8975 -0.0079
vn 0.2128 -0.9771 0.0079
vn 0.0315 -0.9992 -0.0236
vn 0.0079 -0.9992 -0.0393
vn 0.2444 -0.9696 -0.0158
vn 0.6524 -0.7546 0.0707
vn 0.6396 -0.7661 0.0631
vn 0.2518 -0.9677 -0.0157
vn -0.0472 -0.9986 0.0236
vn -0.0706 -0.9967 0.0392
vn -0.0550 -0.9974 0.0471
vn -0.0393 -0.9985 0.0393
vn 0.1810 -0.9835 -0.0078
vn 0.1810 -0.9835 -0.0079
vn 0.4782 -0.8781 0.0157
vn 0.5212 -0.8529 0.0316
vn 0.6638 -0.7428 0.0869
vn -0.5185 -0.6677 0.5342
vn -0.5041 -0.5357 0.6774
vn 0.4661 -0.7662 -0.4423
vn 0.8277 -0.4888 0.2759
vn -0.0000 -0.8678 -0.4970
vn -0.4660 -0.7662 -0.4424
vn -0.4661 -0.7662 0.4424
vn -0.8277 -0.4887 0.2758
vn -0.2444 -0.9696 0.0158
vn -0.6544 -0.7491 0.1025
vn -0.2127 -0.9770 0.0158
vn 0.2448 -0.9476 0.2053
vn 0.2680 -0.9378 0.2207
vn 0.5445 -0.5524 0.6312
vn 0.5482 -0.4621 0.6970
vn -0.2444 -0.9696 0.0079
vn -0.6862 -0.7178 -0.1183
vn -0.2370 -0.9715 0.0079
vn -0.6748 -0.7298 -0.1098
vn 0.0947 -0.9940 -0.0552
vn 0.1256 -0.9890 -0.0785
vn 0.1100 -0.9902 -0.0864
vn 0.0789 -0.9944 -0.0710
vn -0.1182 -0.9930 0.0079
vn -0.2995 -0.9536 0.0315
vn -0.3232 -0.9458 0.0315
vn -0.3957 -0.9181 0.0238
vn 0.5482 -0.6971 -0.4621
vn 0.5444 -0.6312 -0.5524
vn 0.5053 -0.8606 -0.0632
vn -0.5265 -0.8488 -0.0471
vn -0.0863 -0.9961 -0.0157
vn -0.0629 -0.9977 -0.0235
vn -0.5644 -0.8231 -0.0627
vn -0.5214 -0.8533 -0.0000
vn 0.2202 -0.9754 -0.0000
vn -0.3632 -0.9316 -0.0158
vn -0.3862 -0.9223 -0.0158
vn -0.1491 -0.9888 0.0079
vn 0.6062 -0.7953 -0.0000
vn 0.9006 -0.4346 -0.0000
vn -0.4816 -0.8764 -0.0000
vn -0.4792 -0.6206 -0.6206
vn -0.0785 -0.9966 0.0235
vn -0.3697 -0.9283 -0.0393
vn -0.3928 -0.9193 -0.0236
vn -0.0870 -0.9959 0.0237
vn -0.3929 -0.9193 -0.0236
vn -0.3863 -0.9223 -0.0158
vn -0.3698 -0.9283 -0.0393
vn -0.0711 -0.9955 -0.0632
vn -0.3154 -0.9148 0.2524
vn -0.4957 -0.6373 0.5900
vn 0.0947 -0.9952 0.0237
vn 0.1182 -0.9929 0.0158
vn 0.1025 -0.9942 -0.0316
vn 0.0869 -0.9957 -0.0316
vn -0.3377 -0.8953 -0.2906
vn -0.3463 -0.8892 -0.2990
vn -0.4957 -0.5901 -0.6373
vn 0.2591 -0.9658 -0.0000
vn 0.2592 -0.9658 -0.0000
vn 0.8864 -0.4628 -0.0000
vn -0.6286 0.5500 -0.5500
vn -0.6285 -0.5500 -0.5499
vn -0.5433 0.2913 -0.7874
vn -0.4575 0.3786 -0.8046
vn -0.4726 0.3623 -0.8033
vn -0.3776 0.4484 -0.8102
vn -0.6776 0.0630 -0.7327
vn -0.6860 0.0552 -0.7255
vn -0.6782 0.0473 -0.7334
vn -0.6930 0.0787 -0.7166
vn -0.4726 -0.3623 -0.8034
vn -0.3776 -0.4484 -0.8102
vn -0.3775 -0.4483 -0.8102
vn -0.4575 -0.3786 -0.8046
vn -0.5433 -0.2913 -0.7874
vn -0.1813 -0.6465 -0.7411
vn -0.1814 -0.6464 -0.7411
vn -0.1183 -0.6699 -0.7330
vn -0.3563 -0.5856 -0.7280
vn -0.2924 -0.5926 -0.7506
vn -0.5993 -0.2603 -0.7570
vn -0.2910 -0.5977 -0.7471
vn 0.1810 -0.6296 -0.7555
vn 0.1580 -0.6322 -0.7586
vn -0.6305 0.2048 -0.7487
vn -0.5993 -0.2602 -0.7570
vn -0.6225 0.2285 -0.7485
vn -0.5148 -0.3960 -0.7604
vn -0.4722 -0.0000 -0.8815
vn -0.4952 -0.4166 -0.7624
vn -0.0000 -0.3930 -0.9196
vn -0.0000 -0.3930 -0.9195
vn -0.6298 0.2362 -0.7400
vn -0.4560 0.4717 -0.7547
vn -0.4239 0.5024 -0.7536
vn -0.5745 -0.0000 -0.8185
vn -0.5921 0.4579 -0.6632
vn 0.3001 0.2369 -0.9240
vn -0.0784 0.0236 -0.9966
vn -0.0869 0.0237 -0.9959
vn 0.3161 0.2450 -0.9166
vn 0.4970 0.5601 -0.6628
vn 0.4944 0.5572 -0.6671
vn -0.5915 -0.4572 -0.6642
vn -0.0784 -0.0236 -0.9966
vn 0.3001 -0.2369 -0.9240
vn -0.0869 -0.0237 -0.9959
vn 0.3161 -0.2449 -0.9166
vn 0.4970 -0.5601 -0.6627
vn 0.4945 -0.5572 -0.6671
vn -0.1580 0.0079 -0.9874
vn 0.1413 0.1334 -0.9809
vn 0.1813 0.1655 -0.9694
vn 0.3312 0.2603 -0.9069
vn -0.1491 0.0079 -0.9888
vn 0.4816 -0.0000 -0.8764
vn -0.0001 0.7071 -0.7071
vn -0.1580 -0.0079 -0.9874
vn 0.1413 -0.1334 -0.9809
vn -0.1491 -0.0079 -0.9888
vn 0.1813 -0.1655 -0.9694
vn 0.3313 -0.2602 -0.9069
vn 0.1182 -0.0158 -0.9929
vn 0.0948 -0.0237 -0.9952
vn 0.6050 -0.0628 -0.7937
vn 0.1182 0.0158 -0.9929
vn 0.6050 0.0629 -0.7937
vn 0.0948 0.0237 -0.9952
vn -0.5737 0.3537 -0.7387
vn -0.2434 0.6202 -0.7458
vn -0.5805 0.3452 -0.7375
vn -0.2286 0.6225 -0.7485
vn -0.5806 0.3452 -0.7374
vn -0.2285 0.6225 -0.7485
vn 0.1973 0.6315 -0.7499
vn -0.2433 0.6202 -0.7458
vn 0.4722 -0.0000 -0.8815
vn 0.4952 0.4166 -0.7624
vn 0.5148 0.3960 -0.7603
vn -0.0000 0.3930 -0.9196
vn 0.4721 -0.0000 -0.8815
vn 0.5149 -0.3960 -0.7603
vn -0.5149 0.3960 -0.7603
vn 0.4952 -0.4165 -0.7624
vn -0.4952 0.4166 -0.7624
vn -0.2992 0.5826 -0.7557
vn -0.6224 0.2286 -0.7485
vn -0.6305 0.2049 -0.7487
vn -0.2749 0.5968 -0.7539
vn 0.4816 0.0001 -0.8764
vn 0.4792 -0.6206 -0.6207
vn 0.6524 0.0707 -0.7546
vn 0.2444 -0.0158 -0.9696
vn 0.6396 0.0632 -0.7661
vn 0.2518 -0.0157 -0.9677
vn -0.0472 0.0236 -0.9986
vn -0.0707 0.0392 -0.9967
vn -0.0550 0.0471 -0.9974
vn -0.0393 0.0393 -0.9985
vn 0.1810 -0.0079 -0.9835
vn 0.1810 -0.0078 -0.9835
vn 0.4782 0.0157 -0.8781
vn 0.5212 0.0316 -0.8529
vn 0.6638 0.0869 -0.7428
vn -0.5042 0.6774 -0.5357
vn -0.5185 0.5342 -0.6677
vn -0.4660 0.7662 -0.4424
vn 0.4661 0.7662 -0.4424
vn -0.4661 -0.0000 -0.8847
vn -0.8284 -0.0000 -0.5602
vn -0.4559 0.4717 -0.7547
vn -0.2752 0.6053 -0.7469
vn 0.2444 0.0158 -0.9696
vn 0.6524 -0.0707 -0.7546
vn 0.6397 -0.0631 -0.7661
vn 0.2517 0.0157 -0.9677
vn -0.0472 -0.0236 -0.9986
vn -0.0707 -0.0392 -0.9967
vn -0.0550 -0.0471 -0.9974
vn -0.0393 -0.0393 -0.9985
vn 0.1810 0.0078 -0.9835
vn 0.4782 -0.0157 -0.8781
vn 0.5212 -0.0316 -0.8529
vn 0.6638 -0.0869 -0.7428
vn -0.5185 -0.5342 -0.6677
vn -0.5041 -0.6774 -0.5357
vn -0.5737 0.3537 -0.7388
vn 0.5765 0.2843 -0.7660
vn 0.6473 -0.1737 -0.7421
vn 0.6399 -0.1975 -0.7426
vn 0.3468 -0.5437 -0.7643
vn 0.3073 -0.5672 -0.7641
vn -0.5125 -0.6071 -0.6072
vn -0.5122 -0.0000 -0.8589
vn 0.5125 -0.6071 -0.6072
vn 0.5122 -0.0001 -0.8589
vn -0.5126 0.6071 -0.6072
vn 0.5125 0.6071 -0.6072
vn 0.5122 -0.0000 -0.8589
vn -0.2444 0.0158 -0.9696
vn -0.6544 0.1025 -0.7491
vn -0.2128 0.0157 -0.9770
vn 0.2448 0.2053 -0.9476
vn 0.2679 0.2207 -0.9378
vn 0.5445 0.6312 -0.5524
vn 0.5482 0.6971 -0.4621
vn -0.5122 -0.0001 -0.8589
vn -0.5125 0.6071 -0.6072
vn 0.4726 0.3623 -0.8034
vn 0.3776 0.4484 -0.8102
vn 0.4575 0.3786 -0.8046
vn 0.5433 0.2913 -0.7874
vn 0.5836 -0.3313 -0.7414
vn 0.1580 -0.6321 -0.7586
vn 0.6704 0.0315 -0.7414
vn 0.6869 -0.0236 -0.7264
vn 0.6707 0.0079 -0.7417
vn 0.6679 -0.1414 -0.7307
vn 0.6686 -0.1337 -0.7315
vn 0.6118 -0.3059 -0.7294
vn 0.5973 -0.3301 -0.7309
vn 0.5435 -0.4097 -0.7326
vn 0.4335 0.5754 -0.6936
vn -0.4661 -0.7662 -0.4424
vn 0.1811 -0.6296 -0.7555
vn 0.1581 -0.6321 -0.7586
vn 0.5433 -0.2913 -0.7874
vn 0.4726 -0.3623 -0.8034
vn 0.4575 -0.3786 -0.8046
vn 0.3776 -0.4484 -0.8102
vn -0.3631 0.0158 -0.9316
vn -0.3862 0.0158 -0.9223
vn -0.1492 -0.0078 -0.9888
vn -0.3631 -0.0158 -0.9316
vn -0.1492 0.0079 -0.9888
vn -0.3862 -0.0158 -0.9223
vn -0.2444 -0.0158 -0.9696
vn -0.2127 -0.0158 -0.9770
vn 0.2448 -0.2053 -0.9476
vn 0.2679 -0.2207 -0.9378
vn 0.5483 -0.6971 -0.4621
vn 0.6474 -0.1737 -0.7421
vn 0.6399 -0.1976 -0.7426
vn -0.0785 -0.0235 -0.9966
vn -0.3697 0.0394 -0.9283
vn -0.3929 0.0236 -0.9193
vn -0.0870 -0.0237 -0.9959
vn -0.3863 0.0158 -0.9223
vn -0.3632 0.0158 -0.9316
vn -0.3698 0.0393 -0.9283
vn -0.3697 -0.0394 -0.9283
vn -0.0785 0.0235 -0.9966
vn -0.3929 -0.0236 -0.9193
vn -0.0870 0.0237 -0.9959
vn -0.3863 -0.0158 -0.9223
vn -0.3698 -0.0393 -0.9283
vn -0.3632 -0.0158 -0.9316
vn -0.3155 0.2523 -0.9148
vn -0.3155 0.2524 -0.9148
vn -0.4957 0.5900 -0.6373
vn 0.0947 0.0237 -0.9952
vn -0.4816 0.0001 -0.8764
vn -0.4816 -0.0000 -0.8764
vn -0.4792 -0.6206 -0.6207
vn -0.3154 -0.2523 -0.9148
vn -0.4957 -0.5900 -0.6373
vn -0.3155 -0.2523 -0.9148
vn 0.0947 -0.0237 -0.9952
vn 0.5915 0.4572 -0.6642
vn 0.5745 -0.0000 -0.8185
vn -0.4792 0.6206 -0.6207
vn 0.6118 -0.3059 -0.7295
vn 0.6118 -0.3060 -0.7295
vn 0.6474 -0.1736 -0.7421
vn 0.5766 0.2843 -0.7660
vn 0.5837 -0.3312 -0.7414
vn -0.0002 0.7071 -0.7071
vn -0.0000 -0.0001 -1.0000
vn 0.6704 0.0316 -0.7414
vn 0.1974 0.6315 -0.7499
vn 0.5765 0.2844 -0.7660
vn -0.4659 -0.4817 0.7423
vn -0.4659 -0.4816 0.7423
vn -0.3689 -0.5653 0.7378
vn -0.5582 -0.3773 0.7390
vn -0.4817 0.4659 0.7423
vn -0.5651 0.3690 0.7379
vn -0.3773 0.5582 0.7390
vn 0.4817 -0.4659 0.7423
vn 0.5651 -0.3690 0.7379
vn 0.3840 -0.5565 0.7368
vn 0.5582 0.3773 0.7390
vn 0.4659 0.4816 0.7423
vn 0.4659 0.4817 0.7423
vn 0.3689 0.5652 0.7379
vn -0.4659 -0.4817 -0.7423
vn -0.3689 -0.5653 -0.7378
vn -0.5582 -0.3773 -0.7390
vn -0.4816 0.4659 -0.7423
vn -0.5652 0.3689 -0.7379
vn -0.4817 0.4659 -0.7423
vn -0.3773 0.5582 -0.7390
vn 0.4817 -0.4659 -0.7423
vn 0.5651 -0.3690 -0.7379
vn 0.3840 -0.5565 -0.7368
vn 0.5582 0.3773 -0.7390
vn 0.4659 0.4817 -0.7423
vn 0.3689 0.5652 -0.7378
vn 0.4322 -0.3457 0.8329
vn -0.4322 -0.3457 0.8329
vn -0.4322 0.3457 0.8329
vn 0.4322 0.3457 0.8329
vn 0.4322 0.3457 -0.8329
vn -0.4322 0.3457 -0.8329
vn -0.4322 -0.3457 -0.8329
vn 0.4322 -0.3457 -0.8329
vt 50.002899 -7.006790
vt 50.005798 -7.002740
vt 50.002499 -7.004710
vt 50.007500 -7.003910
vt 50.008701 -6.998960
vt 49.996300 -7.004420
vt 49.996399 -7.002400
vt 49.991299 -7.002360
vt 49.991402 -7.004140
vt 50.006901 -6.999050
vt 50.005699 -6.995950
vt 50.006802 -6.994820
vt 50.002998 -6.993210
vt 50.002701 -6.994780
vt 49.998402 -6.994660
vt 49.999199 -6.995730
vt 49.998299 -6.998030
vt 49.997200 -6.997800
vt 49.996601 -7.000380
vt 49.991299 -7.000580
vt 49.999500 -6.998260
vt 49.999901 -7.000630
vt 50.000000 -6.996800
vt 50.002399 -6.996350
vt 50.004002 -7.001560
vt 50.001999 -7.002640
vt 50.005100 -6.999130
vt 50.004601 -6.997080
vt 50.001499 -7.002730
vt 50.000000 -6.998440
vt 50.000000 -7.003030
vt 49.998501 -7.002730
vt 50.001999 -7.002490
vt 50.001900 -6.996450
vt 50.000000 -7.002050
vt 49.998100 -6.996450
vt 49.998001 -7.002490
vt 49.998798 -6.995730
vt 50.000000 -6.997800
vt 50.000000 -6.994660
vt 49.998901 -6.998030
vt 50.000000 -7.000630
vt 50.001202 -6.995730
vt 50.001099 -6.998030
vt 49.997501 -7.004710
vt 50.003700 -7.004420
vt 50.003601 -7.002400
vt 50.008701 -7.002360
vt 50.008598 -7.004140
vt 49.997101 -7.006790
vt 49.994202 -7.002740
vt 49.992500 -7.003910
vt 49.991299 -6.998960
vt 49.993099 -6.999050
vt 49.993198 -6.994820
vt 49.994301 -6.995950
vt 49.997002 -6.993210
vt 49.997299 -6.994780
vt 50.001598 -6.994660
vt 50.000801 -6.995730
vt 50.002800 -6.997800
vt 50.001701 -6.998030
vt 49.995998 -7.001560
vt 49.994900 -6.999130
vt 49.998001 -7.002640
vt 49.995399 -6.997080
vt 50.003399 -7.000380
vt 50.008701 -7.000580
vt 49.997601 -6.996350
vt 50.000500 -6.998260
vt 50.000099 -7.000630
vt 50.000000 -7.002930
vt 50.000000 -6.996280
vt 49.998798 -6.999220
vt 50.000000 -6.999990
vt 50.001202 -6.999220
vt -0.013098 -20.946400
vt -0.026463 -20.959499
vt -0.018524 -20.959499
vt -0.018712 -20.978201
vt -0.018712 -20.940800
vt -0.013098 -20.972601
vt -0.000000 -20.941000
vt 0.000000 -20.986000
vt -0.000000 -20.933100
vt 0.000000 -20.978001
vt 0.018712 -20.940800
vt 0.013098 -20.972601
vt 0.013098 -20.946400
vt 0.018712 -20.978201
vt 0.026463 -20.959499
vt 0.018524 -20.959499
vt 0.000000 -20.975901
vt -0.016343 -20.959499
vt -0.011556 -20.971100
vt -0.000000 -20.943199
vt -0.011556 -20.948000
vt 0.016343 -20.959499
vt 0.011556 -20.971100
vt 0.011556 -20.948000
vt 0.021631 -21.086399
vt 0.021631 -21.019699
vt -0.022776 -21.086399
vt -0.022776 -21.019699
vt -0.022776 -21.107100
vt 0.021631 -21.107100
vt 0.015568 -20.896900
vt -0.015568 -20.896900
vt -0.015568 -20.917200
vt 0.015568 -20.917200
vt 0.029542 -20.917299
vt -0.029542 -20.917299
vt -0.029542 -20.938400
vt 0.029542 -20.938400
vt 0.029542 -20.980600
vt -0.029542 -20.980600
vt -0.029542 -21.001699
vt 0.029542 -21.001699
vt 0.007012 -20.966499
vt -0.007012 -20.966499
vt -0.000000 -20.969400
vt -0.007012 -20.952499
vt -0.009916 -20.959499
vt -0.000000 -20.949600
vt 0.007012 -20.952499
vt 0.009916 -20.959499
vt 0.015999 -20.975500
vt 0.022626 -20.959499
vt 0.015999 -20.943501
vt 0.000000 -20.982100
vt -0.015999 -20.975500
vt -0.022626 -20.959499
vt -0.015999 -20.943501
vt -0.000000 -20.936899
vt -0.003310 -21.038099
vt 0.000000 -21.005400
vt -0.003307 -21.005400
vt 0.000000 -21.038401
vt -0.003325 -21.070999
vt 0.003310 -21.038099
vt 0.003307 -21.005400
vt 0.000000 -21.071800
vt 0.003325 -21.070999
vt -0.019288 -20.997700
vt -0.015389 -20.975500
vt -0.026000 -20.993999
vt 0.015389 -20.975500
vt 0.019289 -20.997700
vt 0.026000 -20.993999
vt -0.178581 -21.000000
vt -0.159444 -20.988400
vt -0.178581 -20.986900
vt -0.159444 -21.000000
vt -0.159444 -21.011600
vt -0.178581 -21.013100
vt -0.132248 -21.000000
vt -0.060821 -20.991899
vt -0.132248 -20.991899
vt -0.060821 -21.000000
vt -0.132248 -21.008101
vt -0.060821 -21.008101
vt 0.063147 -21.015600
vt 0.090893 -21.015600
vt 0.090893 -20.984400
vt 0.110149 -21.015600
vt 0.110149 -20.984400
vt 0.063147 -20.984400
vt 0.151116 -21.029499
vt 0.119666 -20.970501
vt 0.119666 -21.029499
vt 0.043123 -21.029499
vt 0.151116 -20.970501
vt 0.043123 -20.970501
vt -0.042038 -21.000000
vt -0.054509 -21.016001
vt -0.042038 -21.018499
vt -0.042038 -20.981501
vt -0.054509 -20.983999
vt -0.054509 -21.000000
vt 0.060002 -21.003300
vt 0.055425 -21.000000
vt 0.055106 -21.003300
vt 0.060355 -21.000000
vt 0.060002 -20.996700
vt -0.006038 -21.003201
vt 0.019828 -21.003201
vt -0.004967 -21.000000
vt 0.019828 -20.996799
vt -0.006038 -20.996799
vt 0.055106 -20.996700
vt 0.020397 -21.000000
vt 0.145770 -21.018499
vt 0.162857 -21.022400
vt 0.162857 -21.000000
vt 0.178581 -21.022400
vt 0.145770 -21.000000
vt 0.178581 -21.000000
vt 0.145770 -20.981501
vt 0.162857 -20.977600
vt 0.178581 -20.977600
vt -0.131794 -20.988400
vt -0.178581 -20.981300
vt -0.131794 -21.000000
vt -0.131794 -21.011600
vt -0.178581 -21.018700
vt 0.178581 -20.959499
vt 0.159444 -20.971100
vt 0.178581 -20.972601
vt 0.159444 -20.959499
vt 0.159444 -20.948000
vt 0.178581 -20.946400
vt 0.060821 -20.967600
vt 0.132248 -20.967600
vt 0.132248 -20.959499
vt 0.060821 -20.959499
vt 0.132248 -20.951401
vt 0.060821 -20.951401
vt 0.054509 -20.975500
vt 0.042038 -20.959499
vt 0.042038 -20.978100
vt 0.054509 -20.959499
vt 0.054509 -20.943501
vt 0.042038 -20.941000
vt 0.011433 -21.070999
vt 0.023711 -21.038099
vt 0.008697 -21.069099
vt 0.024287 -21.005501
vt 0.027486 -21.005400
vt 0.020482 -21.037399
vt 0.021124 -21.005699
vt -0.016967 -21.092800
vt -0.053552 -21.105400
vt -0.059153 -21.103500
vt -0.058303 -21.106701
vt 0.017299 -21.036800
vt 0.006038 -21.067301
vt -0.018415 -21.089800
vt -0.019828 -21.086800
vt -0.054334 -21.102200
vt -0.060002 -21.100300
vt -0.055106 -21.099001
vt -0.113585 -21.003401
vt -0.113585 -20.915600
vt -0.138744 -20.985901
vt -0.119666 -21.014400
vt -0.151116 -20.992399
vt -0.043123 -21.001699
vt -0.138744 -20.933201
vt -0.151116 -20.926600
vt -0.119666 -20.904699
vt -0.043123 -20.917299
vt -0.052350 -20.993299
vt -0.052350 -20.925800
vt -0.039770 -20.942600
vt -0.027399 -20.938400
vt -0.039770 -20.976400
vt -0.027399 -20.980600
vt -0.118802 -21.000601
vt -0.052862 -21.019699
vt -0.005470 -20.989100
vt -0.027028 -21.019699
vt -0.111659 -21.017099
vt -0.113804 -21.035999
vt -0.072826 -21.086399
vt -0.137529 -21.084900
vt -0.123396 -21.107800
vt -0.067960 -21.107100
vt -0.137364 -21.098700
vt -0.110149 -20.907700
vt -0.048825 -20.917200
vt -0.063147 -20.896900
vt -0.090893 -20.892000
vt 0.037317 -20.993999
vt -0.046526 -20.975500
vt -0.046526 -20.993999
vt 0.043768 -20.975500
vt -0.178581 -20.981899
vt -0.162857 -20.981899
vt -0.178581 -20.959499
vt -0.162857 -20.959499
vt -0.145770 -20.941000
vt -0.162857 -20.937099
vt -0.178581 -20.937099
vt -0.145770 -20.959499
vt -0.145770 -20.978100
vt 0.131794 -20.971100
vt 0.178581 -20.978201
vt 0.131794 -20.959499
vt 0.131794 -20.948000
vt 0.178581 -20.940800
vt -0.021631 -21.098700
vt 0.022776 -21.098700
vt 0.022776 -21.084900
vt -0.021631 -21.084900
vt 0.022776 -21.035999
vt -0.021631 -21.035999
vt 0.022776 -21.017099
vt -0.021631 -21.017099
vt 0.022776 -21.000601
vt -0.021631 -21.000601
vt -0.029542 -20.926600
vt 0.029542 -20.992399
vt 0.029542 -20.926600
vt -0.029542 -20.992399
vt -0.000000 -21.066500
vt -0.003263 -21.036800
vt -0.003232 -21.067301
vt -0.000000 -21.036501
vt -0.003272 -21.005699
vt -0.000000 -21.005699
vt 0.003272 -21.005699
vt 0.003263 -21.036800
vt 0.003232 -21.067301
vt -0.011551 -20.971100
vt -0.011551 -20.948000
vt -0.016335 -20.959499
vt 0.000000 -20.943199
vt -0.000000 -20.975901
vt 0.011551 -20.971100
vt 0.011551 -20.948000
vt 0.016335 -20.959499
vt 0.178581 -20.986900
vt 0.159444 -20.988400
vt 0.159444 -21.000000
vt 0.159444 -21.011600
vt 0.178581 -21.013100
vt 0.060821 -21.000000
vt 0.132248 -20.991899
vt 0.060821 -20.991899
vt 0.132248 -21.000000
vt 0.060821 -21.008101
vt 0.132248 -21.008101
vt -0.027028 -21.021601
vt -0.052862 -20.977200
vt -0.052862 -21.021601
vt -0.027028 -20.977200
vt -0.067960 -21.021601
vt -0.067960 -20.977200
vt -0.123396 -20.977200
vt -0.123396 -21.021601
vt -0.137364 -20.977200
vt -0.137364 -21.021601
vt -0.151116 -20.970501
vt -0.151116 -21.029499
vt -0.119666 -21.029499
vt -0.119666 -20.970501
vt -0.043123 -20.970501
vt -0.043123 -21.029499
vt 0.054509 -21.016001
vt 0.042038 -21.000000
vt 0.042038 -21.018499
vt 0.054509 -21.000000
vt 0.054509 -20.983999
vt 0.042038 -20.981501
vt 0.011433 -20.996700
vt -0.016361 -21.000000
vt 0.012583 -21.000000
vt 0.011433 -21.003300
vt -0.016967 -20.996700
vt -0.016967 -21.003300
vt -0.053223 -21.000000
vt -0.053552 -20.996700
vt -0.053552 -21.003300
vt -0.057951 -21.000000
vt -0.058303 -21.003300
vt -0.058303 -20.996700
vt 0.035623 -21.019300
vt -0.046526 -21.025999
vt 0.037317 -21.025999
vt -0.046526 -21.019300
vt 0.035623 -20.980700
vt -0.046526 -20.980700
vt -0.046526 -20.974001
vt 0.037317 -20.974001
vt -0.145770 -21.018499
vt -0.162857 -21.000000
vt -0.162857 -21.022400
vt -0.145770 -21.000000
vt -0.178581 -21.022400
vt -0.145770 -20.981501
vt -0.178581 -20.977600
vt -0.162857 -20.977600
vt 0.131794 -20.988400
vt 0.178581 -20.981300
vt 0.131794 -21.000000
vt 0.131794 -21.011600
vt 0.178581 -21.018700
vt -0.159444 -20.948000
vt -0.159444 -20.959499
vt -0.178581 -20.946400
vt -0.159444 -20.971100
vt -0.178581 -20.972601
vt -0.060821 -20.959499
vt -0.132248 -20.967600
vt -0.060821 -20.967600
vt -0.132248 -20.959499
vt -0.132248 -20.951401
vt -0.060821 -20.951401
vt -0.042038 -20.959499
vt -0.054509 -20.975500
vt -0.042038 -20.978100
vt -0.054509 -20.959499
vt -0.054509 -20.943501
vt -0.042038 -20.941000
vt -0.027486 -21.005400
vt -0.023711 -21.038099
vt -0.024287 -21.005501
vt -0.020482 -21.037399
vt -0.021124 -21.005699
vt -0.008697 -21.069099
vt -0.011433 -21.070999
vt 0.016967 -21.092800
vt 0.018415 -21.089800
vt 0.053552 -21.105400
vt 0.059153 -21.103500
vt 0.058303 -21.106701
vt 0.054334 -21.102200
vt 0.060002 -21.100300
vt -0.006038 -21.067301
vt 0.019828 -21.086800
vt 0.055106 -21.099001
vt -0.017299 -21.036800
vt 0.043123 -21.001699
vt 0.119666 -21.014400
vt 0.113585 -21.003401
vt 0.138744 -20.985901
vt 0.151116 -20.992399
vt 0.052350 -20.993299
vt 0.113585 -20.915600
vt 0.138744 -20.933201
vt 0.151116 -20.926600
vt 0.119666 -20.904699
vt 0.043123 -20.917299
vt 0.039770 -20.976400
vt 0.027399 -20.980600
vt 0.027399 -20.938400
vt 0.039770 -20.942600
vt 0.052350 -20.925800
vt 0.052862 -21.019699
vt 0.005470 -20.989100
vt 0.027028 -21.019699
vt 0.118802 -21.000601
vt 0.111659 -21.017099
vt 0.113804 -21.035999
vt 0.072826 -21.086399
vt 0.137529 -21.084900
vt 0.123396 -21.107800
vt 0.137364 -21.098700
vt 0.067960 -21.107100
vt 0.110149 -20.907700
vt 0.063147 -20.896900
vt 0.048825 -20.917200
vt 0.090893 -20.892000
vt -0.037317 -20.993999
vt 0.046526 -20.975500
vt -0.043768 -20.975500
vt 0.046526 -20.993999
vt 0.145770 -20.959499
vt 0.145770 -20.978100
vt 0.162857 -20.959499
vt 0.145770 -20.941000
vt 0.162857 -20.981899
vt 0.178581 -20.981899
vt 0.162857 -20.937099
vt 0.178581 -20.937099
vt -0.131794 -20.971100
vt -0.178581 -20.978201
vt -0.131794 -20.959499
vt -0.131794 -20.948000
vt -0.178581 -20.940800
vt 27.979900 -9.011280
vt 28.019600 -9.011280
vt 28.019600 -8.992870
vt 27.979900 -8.992870
vt 28.019600 -8.937660
vt 27.979900 -8.937660
vt 27.979900 -8.956060
vt 28.019600 -8.956060
vt 28.019501 -8.984740
vt 28.020000 -8.978890
vt 28.016899 -8.983040
vt 28.023899 -8.979340
vt 27.978800 -8.889680
vt 27.987900 -8.877800
vt 27.984900 -8.874830
vt 27.999800 -8.868680
vt 27.983000 -8.889680
vt 27.999800 -8.872880
vt 27.987900 -8.901560
vt 28.011600 -8.877800
vt 27.984900 -8.904530
vt 28.014601 -8.874830
vt 27.999800 -8.906480
vt 28.020800 -8.889680
vt 27.999800 -8.910680
vt 28.016600 -8.889680
vt 28.014601 -8.904530
vt 28.011600 -8.901560
vt 28.002800 -8.966820
vt 28.002800 -8.908290
vt 27.996700 -8.908290
vt 27.996700 -8.966820
vt 27.994400 -8.889690
vt 27.997000 -8.886950
vt 27.996000 -8.885880
vt 27.999800 -8.884310
vt 27.995899 -8.889690
vt 27.997000 -8.892420
vt 27.996000 -8.893490
vt 27.999800 -8.885810
vt 28.002501 -8.886950
vt 28.003599 -8.885880
vt 28.005100 -8.889690
vt 28.003599 -8.889690
vt 28.002501 -8.892420
vt 28.003599 -8.893490
vt 27.999800 -8.895060
vt 27.999800 -8.893560
vt 28.000700 -8.908930
vt 28.000700 -8.894080
vt 27.998800 -8.894080
vt 27.998800 -8.908930
vt 28.000700 -8.885280
vt 28.000700 -8.870420
vt 27.998800 -8.870420
vt 27.998800 -8.885280
vt 28.004200 -8.890650
vt 28.018999 -8.890650
vt 28.018999 -8.888700
vt 28.004200 -8.888700
vt 27.995399 -8.888700
vt 27.980499 -8.890650
vt 27.995399 -8.890650
vt 27.980499 -8.888700
vt 27.987600 -8.992340
vt 27.993500 -8.992790
vt 27.989300 -8.989750
vt 27.993000 -8.996740
vt 27.983900 -8.986610
vt 27.987600 -8.952850
vt 27.993500 -8.952400
vt 27.993000 -8.948440
vt 27.989300 -8.955440
vt 28.019501 -8.960440
vt 28.013800 -8.956700
vt 28.016899 -8.962150
vt 28.015600 -8.989300
vt 28.022100 -8.973480
vt 28.012800 -8.986510
vt 27.999800 -8.995850
vt 28.018200 -8.973480
vt 28.012800 -8.960450
vt 28.015600 -8.957670
vt 27.999800 -8.991910
vt 27.986700 -8.986510
vt 27.983900 -8.989300
vt 27.977400 -8.973480
vt 27.981300 -8.973480
vt 28.020000 -8.966300
vt 28.023899 -8.965850
vt 27.986700 -8.960450
vt 27.983900 -8.957670
vt 27.999800 -8.951110
vt 27.999800 -8.955050
vt 28.013800 -8.988480
vt 27.983900 -8.958580
vt 27.975000 -8.973480
vt 27.982201 -8.991020
vt 27.979300 -8.973480
vt 27.985300 -8.987940
vt 27.999800 -8.993920
vt 27.999800 -8.998290
vt 28.017300 -8.991020
vt 28.014200 -8.987940
vt 28.020201 -8.973480
vt 28.024599 -8.973480
vt 27.999800 -8.948670
vt 27.982201 -8.955940
vt 27.985300 -8.959030
vt 28.014200 -8.959030
vt 27.999800 -8.953040
vt 28.017300 -8.955940
vt 28.010500 -8.988780
vt 28.010599 -8.981290
vt 28.004801 -8.987050
vt 28.013800 -8.984570
vt 28.017300 -8.981440
vt 28.016300 -8.976970
vt 27.999800 -8.974460
vt 28.001699 -8.971120
vt 27.997801 -8.971120
vt 27.983601 -8.983290
vt 27.991100 -8.983390
vt 27.985300 -8.977580
vt 27.987801 -8.986650
vt 27.990900 -8.990140
vt 27.995399 -8.989110
vt 27.995899 -8.974460
vt 27.993099 -8.974460
vt 28.006500 -8.974460
vt 28.003599 -8.974460
vt 28.019800 -8.994490
vt 27.979700 -8.994490
vt 27.999800 -9.002780
vt 27.971500 -8.974470
vt 28.028099 -8.974470
vt 28.019800 -8.954450
vt 27.979700 -8.954450
vt 27.999800 -8.946160
vt 27.991100 -8.961800
vt 27.983601 -8.961890
vt 27.985300 -8.967610
vt 27.987801 -8.958540
vt 27.990900 -8.955050
vt 27.995399 -8.956070
vt 27.976801 -9.107400
vt 27.976801 -9.088280
vt 27.972601 -9.090170
vt 27.974400 -9.089670
vt 27.976801 -9.095410
vt 27.976801 -9.086900
vt 28.022699 -9.088280
vt 28.022699 -9.107400
vt 28.026899 -9.090170
vt 28.025200 -9.089670
vt 28.022699 -9.086900
vt 28.022699 -9.095410
vt 28.010599 -8.963900
vt 28.010500 -8.956400
vt 28.004801 -8.958140
vt 28.013800 -8.960620
vt 28.017300 -8.963750
vt 28.016300 -8.968220
vt 27.997801 -8.977810
vt 27.996401 -8.980260
vt 28.001699 -8.977810
vt 28.003099 -8.980260
vt 27.999800 -9.021120
vt 27.999800 -9.011120
vt 27.993700 -9.011120
vt 28.005899 -9.021120
vt 27.993700 -9.021120
vt 28.005899 -9.011120
vt 28.023199 -9.101280
vt 27.975201 -9.122010
vt 28.023199 -9.122010
vt 27.975201 -9.101280
vt 28.023199 -9.040870
vt 27.975201 -9.040870
vt 28.023199 -9.008710
vt 27.975201 -9.022090
vt 28.023199 -9.022090
vt 27.975201 -9.008710
vt 28.019600 -8.951460
vt 28.019600 -8.997480
vt 28.032000 -8.951460
vt 28.032000 -8.928450
vt 28.019600 -8.928450
vt 28.032000 -8.997480
vt 28.019600 -9.020480
vt 28.032000 -9.020480
vt 27.979900 -8.951460
vt 27.967600 -8.997480
vt 27.979900 -8.997480
vt 27.967600 -9.020480
vt 27.979900 -9.020480
vt 27.967600 -8.951460
vt 27.979900 -8.928450
vt 27.967600 -8.928450
vt 27.998199 -8.975900
vt 27.960300 -8.908460
vt 27.960300 -8.948920
vt 28.039700 -8.948920
vt 28.039700 -8.908460
vt 27.960300 -9.002880
vt 27.960300 -9.043340
vt 28.039700 -9.043340
vt 28.039700 -9.002880
vt 28.018499 -9.090170
vt 27.981100 -9.090170
vt 27.973600 -9.120470
vt 28.024700 -9.127910
vt 28.024700 -9.120470
vt 27.973600 -9.127910
vt 28.024700 -9.118430
vt 27.973600 -9.118430
vt 27.993700 -9.111850
vt 27.991100 -9.117740
vt 27.993700 -9.123620
vt 27.999800 -9.109410
vt 27.999800 -9.126060
vt 28.005899 -9.123620
vt 28.005899 -9.111850
vt 28.008400 -9.117740
vt 28.020201 -9.089670
vt 27.979300 -9.089670
vt 27.967600 -8.945760
vt 27.967600 -9.003180
vt 27.979900 -8.945760
vt 27.979900 -9.003180
vt 28.019600 -8.945760
vt 28.019600 -9.003180
vt 28.032000 -8.945760
vt 28.032000 -9.003180
vt 28.024700 -9.099200
vt 27.973600 -9.112600
vt 28.024700 -9.112600
vt 27.973600 -9.099200
vt 28.024700 -9.047800
vt 27.973600 -9.047800
vt 28.024700 -9.027280
vt 27.973600 -9.027280
vt 28.024700 -9.013240
vt 27.973600 -9.013240
vt 27.999800 -8.936430
vt 28.022200 -8.952060
vt 28.026699 -8.947570
vt 28.031500 -8.974470
vt 28.037800 -8.974470
vt 27.999800 -8.942770
vt 27.972900 -8.947570
vt 27.977400 -8.952060
vt 27.961700 -8.974470
vt 27.968100 -8.974470
vt 27.977400 -8.996880
vt 27.972900 -9.001360
vt 27.999800 -9.006160
vt 27.999800 -9.012500
vt 28.026699 -9.001360
vt 28.022200 -8.996880
vt 28.191900 -9.013210
vt 28.200300 -9.013210
vt 28.191900 -8.999760
vt 28.200300 -8.999760
vt 28.191900 -8.986320
vt 28.200300 -8.986320
vt 28.128401 -8.967550
vt 28.162701 -8.979940
vt 28.162701 -8.967550
vt 28.128401 -8.979940
vt 28.162701 -9.019590
vt 28.128401 -9.019590
vt 28.162701 -9.031970
vt 28.128401 -9.031970
vt 28.149200 -9.019590
vt 28.149200 -8.979940
vt 28.121700 -8.979940
vt 28.121700 -9.019590
vt 28.055000 -8.979940
vt 28.055000 -9.019590
vt 27.883301 -9.004160
vt 27.883301 -9.019020
vt 27.884899 -9.019020
vt 27.884899 -9.004160
vt 27.884899 -8.995360
vt 27.883301 -8.980510
vt 27.883301 -8.995360
vt 27.884899 -8.980510
vt 27.868099 -9.017330
vt 27.873800 -9.015760
vt 27.868999 -9.013850
vt 27.871401 -9.020920
vt 27.865000 -9.024120
vt 27.863400 -9.019460
vt 27.863600 -8.975020
vt 27.866301 -8.983600
vt 27.871000 -8.979130
vt 27.861900 -8.981310
vt 27.873800 -8.985840
vt 27.868999 -8.987820
vt 27.863300 -8.974940
vt 27.848499 -8.981400
vt 27.861601 -8.981230
vt 27.846201 -8.975700
vt 27.835100 -8.983490
vt 27.833900 -8.979040
vt 27.821199 -8.983210
vt 27.810301 -8.976290
vt 27.808500 -8.978670
vt 27.802799 -8.973120
vt 27.821800 -8.979150
vt 27.863501 -9.019510
vt 27.854900 -9.023940
vt 27.865101 -9.024170
vt 27.855801 -9.019990
vt 28.044901 -9.019590
vt 28.044901 -9.031970
vt 28.044901 -8.967550
vt 28.044901 -8.979940
vt 27.898500 -9.011510
vt 27.898500 -8.999760
vt 27.895201 -8.999760
vt 27.895201 -9.012800
vt 27.898500 -8.988020
vt 27.895201 -8.986730
vt 27.820499 -8.983040
vt 27.820999 -8.978980
vt 27.811199 -8.976750
vt 27.809401 -8.979130
vt 27.861900 -9.009660
vt 27.868900 -9.004780
vt 27.861601 -9.003110
vt 27.866301 -9.010490
vt 27.852800 -9.012590
vt 27.848499 -9.008000
vt 27.837900 -9.020040
vt 27.835100 -9.016270
vt 27.821199 -9.025370
vt 27.820499 -9.021350
vt 27.809401 -9.022240
vt 27.808500 -9.025070
vt 27.802799 -9.021390
vt 27.853600 -9.016950
vt 27.856701 -9.017770
vt 27.857401 -9.013810
vt 27.931700 -8.999760
vt 27.935499 -8.982220
vt 27.931700 -8.980610
vt 27.935499 -8.999760
vt 27.927900 -8.982220
vt 27.927900 -8.999760
vt 27.902000 -8.983950
vt 27.898500 -8.982500
vt 27.902000 -8.999760
vt 27.895100 -8.983950
vt 27.895100 -8.999760
vt 27.814100 -8.997830
vt 27.811300 -9.003110
vt 27.814100 -9.001690
vt 27.811300 -8.996420
vt 27.807400 -9.003620
vt 27.807400 -8.995900
vt 27.803600 -9.003110
vt 27.803600 -8.996420
vt 27.800800 -9.001690
vt 27.800800 -8.997830
vt 27.931700 -9.012790
vt 27.927999 -8.999760
vt 27.927999 -9.014220
vt 27.931700 -8.986740
vt 27.927999 -8.985310
vt 27.868099 -8.990940
vt 27.863501 -8.996430
vt 27.869900 -8.995420
vt 27.863400 -8.991490
vt 27.855801 -8.993500
vt 27.858000 -8.990070
vt 27.853600 -8.989350
vt 27.856701 -8.987580
vt 28.007401 -9.019780
vt 28.007401 -8.999760
vt 27.994400 -9.019780
vt 27.994400 -8.999760
vt 28.007401 -8.979740
vt 27.994400 -8.979740
vt 27.975901 -8.999760
vt 27.962900 -9.019780
vt 27.975901 -9.019780
vt 27.962900 -8.999760
vt 27.975901 -8.979740
vt 27.962900 -8.979740
vt 27.812799 -9.001470
vt 27.847099 -9.001470
vt 27.847099 -8.999760
vt 27.812799 -8.999760
vt 27.847099 -8.998060
vt 27.812799 -8.998060
vt 28.039101 -8.975200
vt 28.039101 -9.023180
vt 28.049299 -9.023180
vt 28.049299 -8.975200
vt 28.024099 -8.975200
vt 28.024099 -9.023180
vt 27.935499 -9.017310
vt 27.931700 -9.018920
vt 27.927900 -9.017310
vt 27.863600 -9.009230
vt 27.871000 -9.010890
vt 27.873699 -9.005180
vt 27.863300 -9.002690
vt 27.850500 -9.013850
vt 27.846201 -9.009260
vt 27.836599 -9.020630
vt 27.833900 -9.016860
vt 27.821800 -9.025170
vt 27.820999 -9.021150
vt 27.811199 -9.022210
vt 27.810301 -9.025040
vt 27.854799 -9.020360
vt 27.851700 -9.019540
vt 27.902000 -9.015580
vt 27.898500 -9.017030
vt 27.895100 -9.015580
vt 28.120899 -8.974080
vt 28.114599 -8.976830
vt 28.122700 -8.976830
vt 28.122700 -9.022690
vt 28.114599 -9.022690
vt 28.120899 -9.025440
vt 27.865101 -8.996680
vt 27.873301 -8.995210
vt 27.871401 -8.990740
vt 27.865000 -8.991750
vt 27.854900 -8.993050
vt 27.857100 -8.989620
vt 27.851700 -8.987640
vt 27.854799 -8.985880
vt 27.857100 -9.023800
vt 27.858000 -9.019850
vt 27.837900 -8.983520
vt 27.836599 -8.979070
vt 28.184500 -8.972870
vt 28.200300 -8.972870
vt 28.184500 -8.999760
vt 28.200300 -9.026660
vt 28.184500 -9.026660
vt 28.121700 -8.967550
vt 28.055000 -8.967550
vt 28.121700 -9.031970
vt 28.055000 -9.031970
vt 28.038799 -9.019780
vt 28.038799 -8.999760
vt 28.025801 -9.019780
vt 28.025801 -8.999760
vt 28.038799 -8.979740
vt 28.025801 -8.979740
vt 27.850500 -8.975460
vt 27.852800 -8.981160
vt 27.869900 -9.016310
vt 27.876900 -9.012500
vt 27.872000 -9.010590
vt 27.873301 -9.019900
vt 27.868900 -8.985340
vt 27.873699 -8.980860
vt 27.876900 -8.989130
vt 27.872000 -8.991100
vt 27.935400 -8.999760
vt 27.935400 -8.985310
vt 27.935400 -9.014220
vt 28.060801 -9.023180
vt 28.060801 -8.975200
vt 27.901899 -8.999760
vt 27.901899 -8.986730
vt 27.901899 -9.012800
vt 28.120899 -9.019950
vt 28.120899 -8.979580
vt 27.888300 -8.999760
vt 27.888300 -8.987880
vt 27.879900 -8.987880
vt 27.879900 -8.999760
vt 27.888300 -9.011640
vt 27.879900 -9.011640
vt 28.064800 -8.999760
vt 28.073799 -8.993670
vt 28.064100 -8.993670
vt 28.074400 -8.999760
vt 28.073799 -9.005860
vt 28.064100 -9.005860
vt 27.888300 -9.014610
vt 27.879900 -9.014610
vt 27.888300 -8.984910
vt 27.879900 -8.984910
vt 27.885799 -9.003560
vt 27.885799 -8.999760
vt 27.882401 -9.003560
vt 27.882401 -8.999760
vt 27.885799 -8.995960
vt 27.882401 -8.995960
vt 27.885799 -8.997030
vt 27.882401 -8.997030
vt 27.885799 -9.002500
vt 27.882401 -9.002500
vt 28.149200 -8.967550
vt 28.149200 -9.031970
vt 28.132099 -8.973630
vt 28.139999 -9.024750
vt 28.139999 -8.973630
vt 28.132099 -9.024750
vt 28.067600 -9.024750
vt 28.067600 -8.973630
vt 27.808100 -8.987920
vt 27.799700 -8.974470
vt 27.799700 -8.987920
vt 27.808100 -8.974470
vt 27.799700 -8.961020
vt 27.808100 -8.961020
vt 27.884399 -8.948920
vt 27.852301 -8.975900
vt 27.880699 -8.975900
vt 27.895800 -8.963220
vt 27.905800 -8.944200
vt 27.905800 -8.908460
vt 27.893999 -9.074370
vt 27.894100 -9.092070
vt 27.898500 -9.090170
vt 27.897499 -9.073550
vt 27.905800 -9.007590
vt 27.895800 -8.988580
vt 27.884399 -9.002880
vt 27.905800 -9.043340
vt 27.884399 -9.092430
vt 27.884899 -9.089670
vt 27.880800 -9.092330
vt 27.889299 -9.095410
vt 27.878099 -9.113460
vt 27.874001 -9.104270
vt 27.870501 -9.105810
vt 27.879801 -9.109560
vt 27.889000 -9.110190
vt 27.890100 -9.115100
vt 27.870199 -9.095990
vt 27.874001 -9.096670
vt 27.915899 -8.963220
vt 27.905800 -8.949270
vt 27.914301 -8.965250
vt 27.926901 -8.975900
vt 27.931000 -8.975900
vt 27.895599 -9.064180
vt 27.898500 -9.065200
vt 27.902300 -9.057800
vt 27.900999 -9.055880
vt 27.905800 -8.975900
vt 28.126200 -8.956620
vt 28.131901 -8.955050
vt 28.128599 -8.951460
vt 28.131001 -8.958540
vt 28.135000 -8.948270
vt 28.136600 -8.952920
vt 28.151501 -8.954200
vt 28.136700 -8.947740
vt 28.138399 -8.954030
vt 28.153799 -8.948500
vt 28.164900 -8.956290
vt 28.166100 -8.951840
vt 28.136700 -8.997450
vt 28.151501 -8.990980
vt 28.138399 -8.991160
vt 28.153799 -8.996690
vt 28.164900 -8.988890
vt 28.166100 -8.993350
vt 28.126200 -8.988560
vt 28.131901 -8.990140
vt 28.131001 -8.986650
vt 28.128599 -8.993720
vt 28.135000 -8.996920
vt 28.136600 -8.992260
vt 28.104799 -8.973480
vt 28.101500 -8.985220
vt 28.104799 -8.986510
vt 28.101500 -8.973480
vt 28.101500 -8.961740
vt 28.104799 -8.960450
vt 27.887899 -9.105280
vt 27.896200 -9.104650
vt 27.891899 -9.101900
vt 27.881500 -9.105670
vt 27.945000 -8.937660
vt 27.958700 -8.956060
vt 27.955099 -8.928450
vt 27.972200 -8.951460
vt 27.958700 -8.992870
vt 27.972200 -8.997480
vt 27.955099 -9.020480
vt 27.945000 -9.011280
vt 27.850800 -8.945760
vt 27.837299 -9.010360
vt 27.850800 -9.003180
vt 27.871599 -9.034290
vt 27.878300 -9.022320
vt 27.837299 -8.938580
vt 27.871599 -8.914650
vt 27.878300 -8.926610
vt 28.131901 -8.981440
vt 28.136499 -8.975960
vt 28.130100 -8.976970
vt 28.136600 -8.980890
vt 28.144199 -8.978890
vt 28.142000 -8.982310
vt 28.146400 -8.983040
vt 28.143299 -8.984800
vt 27.934401 -9.120470
vt 27.928801 -9.130590
vt 27.934500 -9.127910
vt 27.932400 -9.118430
vt 27.867901 -9.119200
vt 27.868099 -9.131320
vt 27.851700 -9.121440
vt 27.860001 -9.112600
vt 27.847500 -9.097640
vt 27.859501 -9.099200
vt 27.876301 -9.046240
vt 27.888300 -9.047800
vt 27.876301 -9.030670
vt 27.888000 -9.027280
vt 27.878000 -9.013240
vt 27.864700 -9.012510
vt 28.064501 -8.991020
vt 28.068300 -8.973480
vt 28.064501 -8.973480
vt 28.068300 -8.992630
vt 28.072100 -8.991020
vt 28.072100 -8.973480
vt 28.072100 -8.955940
vt 28.068300 -8.954330
vt 28.064501 -8.955940
vt 27.928101 -9.101280
vt 27.923800 -9.122120
vt 27.933001 -9.122010
vt 27.918900 -9.101390
vt 27.937000 -9.041010
vt 27.948601 -9.040870
vt 27.939199 -9.032230
vt 27.950701 -9.032090
vt 27.960899 -9.032090
vt 27.961100 -9.040870
vt 27.973200 -9.032090
vt 27.975901 -9.021130
vt 27.985701 -9.022090
vt 27.985701 -9.008710
vt 27.975901 -9.008710
vt 27.884701 -8.975900
vt 27.897400 -8.965250
vt 27.897400 -8.986550
vt 27.905800 -9.002520
vt 27.915899 -8.988580
vt 27.914301 -8.986550
vt 28.098000 -8.989300
vt 28.098000 -8.973480
vt 28.101500 -8.990750
vt 28.104900 -8.989300
vt 28.104900 -8.973480
vt 28.104900 -8.957670
vt 28.101500 -8.956210
vt 28.098000 -8.957670
vt 27.877300 -9.087070
vt 27.879101 -9.089700
vt 28.072001 -8.973480
vt 28.068300 -8.986500
vt 28.072001 -8.987940
vt 28.068300 -8.960460
vt 28.072001 -8.959030
vt 28.179501 -8.955840
vt 28.179001 -8.951780
vt 28.188801 -8.949550
vt 28.190599 -8.951930
vt 28.179501 -8.989350
vt 28.179001 -8.993410
vt 28.188801 -8.995640
vt 28.190599 -8.993260
vt 27.992599 -8.994490
vt 28.005600 -8.994490
vt 28.005600 -8.974470
vt 27.992599 -8.974470
vt 28.005600 -8.954450
vt 27.992599 -8.954450
vt 28.024099 -8.994490
vt 28.037100 -8.994490
vt 28.037100 -8.974470
vt 28.024099 -8.974470
vt 28.037100 -8.954450
vt 28.024099 -8.954450
vt 28.152901 -8.976170
vt 28.187201 -8.976170
vt 28.187201 -8.974470
vt 28.152901 -8.974470
vt 28.187201 -8.972770
vt 28.152901 -8.972770
vt 28.018299 -9.021120
vt 28.012199 -9.011120
vt 28.012199 -9.021120
vt 28.018299 -9.011120
vt 28.192600 -8.974460
vt 28.196400 -8.968670
vt 28.192600 -8.967780
vt 28.188700 -8.968670
vt 28.196400 -8.974460
vt 28.188700 -8.974460
vt 28.199200 -8.971120
vt 28.185900 -8.971120
vt 28.185900 -8.974460
vt 27.909401 -9.052010
vt 27.877501 -9.102740
vt 27.877701 -9.097350
vt 28.113400 -8.908290
vt 28.113400 -8.966820
vt 28.118500 -8.966820
vt 28.118500 -8.908290
vt 27.927200 -8.948920
vt 27.959299 -8.975900
vt 28.115101 -8.894080
vt 28.115101 -8.908930
vt 28.116699 -8.908930
vt 28.116699 -8.894080
vt 28.116699 -8.885280
vt 28.115101 -8.870420
vt 28.115101 -8.885280
vt 28.116699 -8.870420
vt 27.900400 -9.107400
vt 27.902901 -9.088280
vt 27.900999 -9.072730
vt 27.901501 -9.066230
vt 27.903500 -9.059730
vt 27.885401 -9.086900
vt 28.136499 -8.969230
vt 28.131901 -8.963750
vt 28.130100 -8.968220
vt 28.136600 -8.964290
vt 28.144199 -8.966300
vt 28.142000 -8.962870
vt 28.146400 -8.962150
vt 28.143299 -8.960380
vt 28.188700 -8.980260
vt 28.192600 -8.981150
vt 28.196400 -8.980260
vt 28.185900 -8.977810
vt 28.024401 -9.021120
vt 28.024401 -9.011120
vt 28.126301 -8.967210
vt 28.136700 -8.969700
vt 28.136400 -8.963160
vt 28.149500 -8.958530
vt 28.129000 -8.961490
vt 28.153799 -8.963130
vt 28.163401 -8.951760
vt 28.166100 -8.955530
vt 28.178200 -8.947210
vt 28.179001 -8.951240
vt 28.188801 -8.950170
vt 28.189699 -8.947340
vt 28.197201 -8.950990
vt 28.145201 -8.952030
vt 28.142599 -8.958580
vt 28.148300 -8.952850
vt 27.927200 -9.002880
vt 27.799700 -9.001360
vt 27.815500 -9.001360
vt 27.815500 -8.974470
vt 27.799700 -8.947570
vt 27.815500 -8.947570
vt 27.961201 -8.994490
vt 27.974199 -8.994490
vt 27.974199 -8.974470
vt 27.961201 -8.974470
vt 27.974199 -8.954450
vt 27.961201 -8.954450
vt 28.136700 -8.975490
vt 28.126301 -8.977980
vt 28.136400 -8.982030
vt 28.129000 -8.983690
vt 28.149500 -8.986650
vt 28.153799 -8.982060
vt 28.163401 -8.993430
vt 28.166100 -8.989660
vt 28.178200 -8.997970
vt 28.179001 -8.993950
vt 28.188801 -8.995010
vt 28.189699 -8.997840
vt 28.197201 -8.994190
vt 28.145201 -8.993160
vt 28.148300 -8.992340
vt 28.142599 -8.986610
vt 28.142900 -8.996600
vt 28.142000 -8.992650
vt 28.142900 -8.948580
vt 28.142000 -8.952530
vt 28.197201 -8.999260
vt 28.197201 -8.945920
vt 28.064600 -8.973480
vt 28.064600 -8.987940
vt 28.064600 -8.959030
vt 28.131100 -8.987050
vt 28.126301 -8.991530
vt 28.123100 -8.983260
vt 28.128000 -8.981290
vt 28.131100 -8.958140
vt 28.126301 -8.953660
vt 28.123100 -8.961930
vt 28.128000 -8.963900
vt 28.098101 -8.973480
vt 28.098101 -8.986510
vt 28.098101 -8.960450
vt 28.120100 -8.901560
vt 28.111700 -8.889680
vt 28.111700 -8.901560
vt 28.120100 -8.889680
vt 28.111700 -8.877800
vt 28.120100 -8.877800
vt 27.937500 -9.117740
vt 27.926201 -9.114440
vt 27.927799 -9.120330
vt 27.935900 -9.111850
vt 27.929399 -9.126210
vt 27.939100 -9.123620
vt 28.120100 -8.904530
vt 28.111700 -8.904530
vt 28.120100 -8.874830
vt 28.111700 -8.874830
vt 28.114201 -8.893490
vt 28.117599 -8.893490
vt 28.117599 -8.889690
vt 28.114201 -8.889690
vt 28.117599 -8.885880
vt 28.114201 -8.885880
vt 28.117599 -8.892420
vt 28.114201 -8.892420
vt 28.114201 -8.886950
vt 28.117599 -8.886950
vt 28.038300 -8.974470
vt 28.027100 -8.947570
vt 28.019300 -8.974470
vt 28.027100 -9.001360
vt 28.013700 -8.961020
vt 28.013700 -8.987920
vt 28.000200 -8.955450
vt 28.000200 -9.012500
vt 28.000200 -8.936430
vt 28.000200 -8.993490
vt 27.973301 -8.947570
vt 27.986799 -8.987920
vt 27.986799 -8.961020
vt 27.981199 -8.974470
vt 27.962200 -8.974470
vt 27.973301 -9.001360
vt 27.975300 -9.121440
vt 28.026400 -9.121440
vt 28.026400 -9.097640
vt 27.975300 -9.097640
vt 28.026400 -9.046240
vt 27.975300 -9.046240
vt 28.026400 -9.030670
vt 27.975300 -9.030670
vt 28.026400 -9.012510
vt 27.975300 -9.012510
vt 28.020100 -9.010360
vt 28.032400 -8.938580
vt 28.020100 -8.938580
vt 28.032400 -9.010360
vt 27.980400 -9.010360
vt 27.980400 -8.938580
vt 27.968000 -9.010360
vt 27.968000 -8.938580
vt 27.980400 -9.003180
vt 28.020100 -9.003180
vt 28.020100 -8.945760
vt 27.980400 -8.945760
vt 28.001801 -8.975900
vt 27.976801 -9.101390
vt 28.024799 -9.041010
vt 27.976801 -9.041010
vt 28.024799 -9.032230
vt 27.976801 -9.032230
vt 28.024799 -9.101390
vt 27.976801 -9.122120
vt 28.024799 -9.122120
vt 28.020100 -8.937660
vt 28.020100 -8.956060
vt 28.032400 -8.937660
vt 28.032400 -8.956060
vt 28.020100 -8.992870
vt 28.032400 -8.992870
vt 28.020100 -9.011280
vt 28.032400 -9.011280
vt 27.968000 -8.992870
vt 27.968000 -9.011280
vt 27.980400 -8.992870
vt 27.980400 -9.011280
vt 27.980400 -8.956060
vt 27.968000 -8.956060
vt 27.980400 -8.937660
vt 27.968000 -8.937660
vt 27.980200 -8.994490
vt 28.020300 -8.994490
vt 27.971901 -8.974470
vt 28.000200 -9.002780
vt 28.028500 -8.974470
vt 28.020300 -8.954450
vt 27.980200 -8.954450
vt 28.000200 -8.946160
vt 28.027599 -9.104650
vt 28.027399 -9.090170
vt 28.023199 -9.092070
vt 27.973101 -9.090170
vt 27.972900 -9.104650
vt 27.977301 -9.092070
vt 27.998301 -8.971120
vt 28.000200 -8.974460
vt 28.002199 -8.971120
vt 27.976801 -9.021130
vt 28.024799 -9.021130
vt 28.024799 -9.008710
vt 27.976801 -9.008710
vt 28.000200 -9.021120
vt 27.994101 -9.011120
vt 27.994101 -9.021120
vt 28.000200 -9.011120
vt 28.006300 -9.021120
vt 28.006300 -9.011120
vt 28.004101 -8.974460
vt 27.996401 -8.974460
vt 27.981701 -9.104650
vt 27.981501 -9.090170
vt 28.018801 -9.104650
vt 28.018900 -9.090170
vt 27.987499 -8.961930
vt 27.994801 -8.953660
vt 27.989100 -8.951930
vt 27.984200 -8.958640
vt 27.979099 -8.963540
vt 27.980101 -8.968010
vt 28.002199 -8.977810
vt 27.998301 -8.977810
vt 28.020901 -8.961490
vt 28.010900 -8.959880
vt 28.019100 -8.967210
vt 28.014200 -8.956620
vt 28.009300 -8.951460
vt 28.004801 -8.952490
vt 28.019100 -8.977980
vt 28.010900 -8.985300
vt 28.020901 -8.983690
vt 28.014200 -8.988560
vt 28.009300 -8.993720
vt 28.004801 -8.992700
vt 27.994801 -8.991530
vt 27.987499 -8.983260
vt 27.989100 -8.993260
vt 27.984200 -8.986540
vt 27.979099 -8.981650
vt 27.980101 -8.977170
vt 27.979799 -8.973480
vt 27.982700 -8.991020
vt 27.985800 -8.987940
vt 27.975401 -8.973480
vt 28.000200 -8.993920
vt 28.000200 -8.998290
vt 28.017799 -8.991020
vt 28.014700 -8.987940
vt 28.020700 -8.973480
vt 28.025000 -8.973480
vt 28.017799 -8.955940
vt 28.014700 -8.959030
vt 28.000200 -8.948670
vt 28.000200 -8.953040
vt 27.985800 -8.959030
vt 27.982700 -8.955940
vt 27.977900 -8.973480
vt 27.984400 -8.989300
vt 27.987200 -8.986510
vt 28.000200 -8.995850
vt 28.000200 -8.991910
vt 27.981800 -8.973480
vt 27.987200 -8.960450
vt 27.984400 -8.957670
vt 28.000200 -8.955050
vt 28.000200 -8.951110
vt 28.016100 -8.957670
vt 28.013300 -8.960450
vt 28.022600 -8.973480
vt 28.018700 -8.973480
vt 28.013300 -8.986510
vt 28.016100 -8.989300
vt 27.979601 -8.958680
vt 27.980101 -8.962870
vt 27.982201 -8.960380
vt 27.976200 -8.962430
vt 28.014099 -8.952030
vt 28.010401 -8.948580
vt 28.009899 -8.952530
vt 28.012400 -8.954620
vt 28.016100 -8.958580
vt 27.986200 -8.956700
vt 28.014099 -8.993160
vt 28.009899 -8.992650
vt 28.010401 -8.996600
vt 28.012400 -8.990570
vt 27.988400 -8.877800
vt 28.000200 -8.868680
vt 27.985399 -8.874830
vt 27.979200 -8.889680
vt 28.000200 -8.872880
vt 27.983400 -8.889680
vt 28.012100 -8.877800
vt 27.988400 -8.901560
vt 28.015100 -8.874830
vt 27.985399 -8.904530
vt 28.021200 -8.889680
vt 28.000200 -8.906480
vt 28.017000 -8.889680
vt 28.000200 -8.910680
vt 28.012100 -8.901560
vt 28.015100 -8.904530
vt 27.997200 -8.908290
vt 27.997200 -8.966820
vt 28.003300 -8.966820
vt 28.003300 -8.908290
vt 27.996401 -8.885880
vt 27.994900 -8.889690
vt 27.997499 -8.886950
vt 28.000200 -8.884310
vt 27.996401 -8.889690
vt 27.997499 -8.892420
vt 27.996401 -8.893490
vt 28.000200 -8.885810
vt 28.003000 -8.886950
vt 28.004000 -8.885880
vt 28.005600 -8.889690
vt 28.004101 -8.889690
vt 28.003000 -8.892420
vt 28.004000 -8.893490
vt 28.000200 -8.895060
vt 28.000200 -8.893560
vt 27.999300 -8.894080
vt 27.999300 -8.908930
vt 28.001200 -8.908930
vt 28.001200 -8.894080
vt 27.999300 -8.870420
vt 27.999300 -8.885280
vt 28.001200 -8.885280
vt 28.001200 -8.870420
vt 27.995800 -8.888700
vt 27.981001 -8.888700
vt 27.981001 -8.890650
vt 27.995800 -8.890650
vt 28.004601 -8.890650
vt 28.019501 -8.888700
vt 28.004601 -8.888700
vt 28.019501 -8.890650
vt 27.979601 -8.986500
vt 27.982201 -8.984800
vt 27.980101 -8.982310
vt 27.976200 -8.982760
vt 27.986200 -8.988480
vt 28.016100 -8.986610
vt 27.799700 -8.986320
vt 27.808100 -8.999760
vt 27.808100 -8.986320
vt 27.799700 -8.999760
vt 27.808100 -9.013210
vt 27.799700 -9.013210
vt 27.851700 -8.973630
vt 27.851700 -9.024750
vt 27.868099 -9.024750
vt 27.868099 -8.973630
vt 27.928801 -8.973630
vt 27.928801 -9.024750
vt 27.934500 -9.024750
vt 27.934500 -8.973630
vt 27.871599 -8.979940
vt 27.837299 -8.967550
vt 27.837299 -8.979940
vt 27.871599 -8.967550
vt 27.837299 -9.031970
vt 27.871599 -9.031970
vt 27.837299 -9.019590
vt 27.871599 -9.019590
vt 27.850800 -9.019590
vt 27.878300 -9.019590
vt 27.850800 -8.979940
vt 27.878300 -8.979940
vt 27.945000 -9.019590
vt 27.945000 -8.979940
vt 27.880800 -8.976830
vt 27.884899 -8.974370
vt 27.879101 -8.974080
vt 27.879101 -9.025440
vt 27.884899 -9.025160
vt 27.880800 -9.022690
vt 28.101500 -9.011510
vt 28.104799 -8.999760
vt 28.101500 -8.999760
vt 28.104799 -9.012800
vt 28.104799 -8.986730
vt 28.101500 -8.988020
vt 28.126200 -9.015760
vt 28.131901 -9.017330
vt 28.131001 -9.013850
vt 28.128599 -9.020920
vt 28.135000 -9.024120
vt 28.136600 -9.019460
vt 28.136400 -8.975020
vt 28.133699 -8.983600
vt 28.138100 -8.981310
vt 28.129000 -8.979130
vt 28.126200 -8.985840
vt 28.131001 -8.987820
vt 28.024401 -8.993670
vt 28.018299 -8.991150
vt 28.012199 -8.993670
vt 28.024401 -9.005860
vt 28.026899 -8.999760
vt 28.012199 -9.005860
vt 28.018299 -9.008380
vt 28.009600 -8.999760
vt 28.151501 -8.981400
vt 28.136700 -8.974940
vt 28.138399 -8.981230
vt 28.153799 -8.975700
vt 28.164900 -8.983490
vt 28.166100 -8.979040
vt 28.178801 -8.983210
vt 28.189699 -8.976290
vt 28.178200 -8.979150
vt 28.191500 -8.978670
vt 28.197201 -8.973120
vt 28.145100 -9.023940
vt 28.136499 -9.019510
vt 28.134899 -9.024170
vt 28.144199 -9.019990
vt 27.955099 -8.979940
vt 27.955099 -8.967550
vt 27.955099 -9.019590
vt 27.955099 -9.031970
vt 28.068300 -9.012790
vt 28.072001 -8.999760
vt 28.068300 -8.999760
vt 28.072001 -9.014220
vt 28.072001 -8.985310
vt 28.068300 -8.986740
vt 27.992599 -8.999760
vt 28.005600 -8.979740
vt 27.992599 -8.979740
vt 28.005600 -8.999760
vt 27.992599 -9.019780
vt 28.005600 -9.019780
vt 28.024099 -8.999760
vt 28.037100 -8.979740
vt 28.024099 -8.979740
vt 28.037100 -8.999760
vt 28.024099 -9.019780
vt 28.037100 -9.019780
vt 28.152901 -9.001470
vt 28.187201 -9.001470
vt 28.187201 -8.999760
vt 28.152901 -8.999760
vt 28.187201 -8.998060
vt 28.152901 -8.998060
vt 28.136499 -8.996430
vt 28.131901 -8.990940
vt 28.130100 -8.995420
vt 28.136600 -8.991490
vt 28.144199 -8.993500
vt 28.142000 -8.990070
vt 28.146400 -8.989350
vt 28.143299 -8.987580
vt 27.884899 -9.020230
vt 27.879101 -9.019950
vt 27.884899 -8.979290
vt 27.879101 -8.979580
vt 28.064501 -8.982220
vt 28.064501 -8.999760
vt 28.068300 -8.980610
vt 28.072100 -8.982220
vt 28.072100 -8.999760
vt 28.072100 -9.017310
vt 28.068300 -9.018920
vt 28.064501 -9.017310
vt 28.098000 -8.983950
vt 28.098000 -8.999760
vt 28.101500 -8.982500
vt 28.104900 -8.983950
vt 28.104900 -8.999760
vt 28.104900 -9.015580
vt 28.101500 -9.017030
vt 28.098000 -9.015580
vt 28.179501 -8.983040
vt 28.179001 -8.978980
vt 28.188801 -8.976750
vt 28.190599 -8.979130
vt 28.138100 -9.009660
vt 28.131100 -9.004780
vt 28.133699 -9.010490
vt 28.138399 -9.003110
vt 28.147200 -9.012590
vt 28.151501 -9.008000
vt 28.162100 -9.020040
vt 28.164900 -9.016270
vt 28.178801 -9.025370
vt 28.179501 -9.021350
vt 28.190599 -9.022240
vt 28.191500 -9.025070
vt 28.197201 -9.021390
vt 28.146400 -9.016950
vt 28.142599 -9.013810
vt 28.143299 -9.017770
vt 27.799700 -9.026660
vt 27.815500 -9.026660
vt 27.815500 -8.999760
vt 27.799700 -8.972870
vt 27.815500 -8.972870
vt 28.196400 -9.003110
vt 28.199200 -9.001690
vt 28.199200 -8.997830
vt 28.196400 -8.996420
vt 28.192600 -9.003620
vt 28.192600 -8.995900
vt 28.188700 -9.003110
vt 28.188700 -8.996420
vt 28.185900 -9.001690
vt 28.185900 -8.997830
vt 27.961201 -8.999760
vt 27.974199 -8.979740
vt 27.961201 -8.979740
vt 27.974199 -8.999760
vt 27.961201 -9.019780
vt 27.974199 -9.019780
vt 28.134899 -8.996680
vt 28.128599 -8.990740
vt 28.126699 -8.995210
vt 28.135000 -8.991750
vt 28.145100 -8.993050
vt 28.142900 -8.989620
vt 28.148300 -8.987640
vt 28.145201 -8.985880
vt 28.136700 -9.002690
vt 28.126301 -9.005180
vt 28.136400 -9.009230
vt 28.129000 -9.010890
vt 28.149500 -9.013850
vt 28.153799 -9.009260
vt 28.163401 -9.020630
vt 28.166100 -9.016860
vt 28.178200 -9.025170
vt 28.179001 -9.021150
vt 28.188801 -9.022210
vt 28.189699 -9.025040
vt 28.145201 -9.020360
vt 28.148300 -9.019540
vt 28.142900 -9.023800
vt 28.142000 -9.019850
vt 27.945000 -8.967550
vt 27.878300 -8.967550
vt 27.945000 -9.031970
vt 27.878300 -9.031970
vt 28.163401 -8.979070
vt 28.162100 -8.983520
vt 27.961100 -9.023180
vt 27.948601 -8.975200
vt 27.948601 -9.023180
vt 27.961100 -8.975200
vt 27.973200 -9.023180
vt 27.973200 -8.975200
vt 27.985701 -9.023180
vt 27.985701 -8.975200
vt 28.064600 -8.999760
vt 28.064600 -8.985310
vt 28.064600 -9.014220
vt 28.147200 -8.981160
vt 28.149500 -8.975460
vt 28.130100 -9.016310
vt 28.128000 -9.010590
vt 28.123100 -9.012500
vt 28.126699 -9.019900
vt 28.131100 -8.985340
vt 28.126301 -8.980860
vt 28.123100 -8.989130
vt 28.128000 -8.991100
vt 28.098101 -8.999760
vt 28.098101 -8.986730
vt 28.098101 -9.012800
vt 28.111700 -9.011640
vt 28.120100 -9.011640
vt 28.120100 -8.999760
vt 28.111700 -8.999760
vt 28.120100 -8.987880
vt 28.111700 -8.987880
vt 27.939100 -9.005860
vt 27.930000 -8.999760
vt 27.929399 -9.005860
vt 27.939699 -8.999760
vt 27.939100 -8.993670
vt 27.929399 -8.993670
vt 28.115101 -9.004160
vt 28.115101 -9.019020
vt 28.116699 -9.019020
vt 28.116699 -9.004160
vt 28.116699 -8.995360
vt 28.115101 -8.980510
vt 28.115101 -8.995360
vt 28.116699 -8.980510
vt 28.120100 -8.984910
vt 28.111700 -8.984910
vt 28.111700 -9.014610
vt 28.120100 -9.014610
vt 28.114201 -8.999760
vt 28.117599 -8.995960
vt 28.114201 -8.995960
vt 28.117599 -8.999760
vt 28.114201 -9.003560
vt 28.117599 -9.003560
vt 28.114201 -9.002500
vt 28.117599 -9.002500
vt 28.117599 -8.997030
vt 28.114201 -8.997030
vt 27.850800 -8.967550
vt 27.850800 -9.031970
vt 28.200300 -8.987920
vt 28.191900 -8.974470
vt 28.191900 -8.987920
vt 28.200300 -8.974470
vt 28.191900 -8.961020
vt 28.200300 -8.961020
vt 28.094200 -8.944200
vt 28.104200 -8.963220
vt 28.115601 -8.948920
vt 28.094200 -8.908460
vt 28.119301 -8.975900
vt 28.147699 -8.975900
vt 28.102501 -9.073550
vt 28.101500 -9.090170
vt 28.106001 -9.074370
vt 28.105900 -9.092070
vt 28.115601 -9.002880
vt 28.104200 -8.988580
vt 28.094200 -9.007590
vt 28.094200 -9.043340
vt 28.119200 -9.092330
vt 28.115101 -9.089670
vt 28.115601 -9.092430
vt 28.110701 -9.095410
vt 28.121901 -9.113460
vt 28.129499 -9.105810
vt 28.125999 -9.104270
vt 28.120199 -9.109560
vt 28.111000 -9.110190
vt 28.109900 -9.115100
vt 28.129801 -9.095990
vt 28.125999 -9.096670
vt 28.084101 -8.963220
vt 28.069000 -8.975900
vt 28.073099 -8.975900
vt 28.085699 -8.965250
vt 28.094200 -8.949270
vt 28.101500 -9.065200
vt 28.104401 -9.064180
vt 28.097700 -9.057800
vt 28.099001 -9.055880
vt 28.094200 -8.975900
vt 27.866301 -8.956400
vt 27.863600 -8.947820
vt 27.861900 -8.954110
vt 27.871000 -8.951930
vt 27.873800 -8.958640
vt 27.868999 -8.960620
vt 27.863600 -8.997370
vt 27.866301 -8.988780
vt 27.861900 -8.991070
vt 27.871000 -8.993260
vt 27.873800 -8.986540
vt 27.868999 -8.984570
vt 27.821199 -8.956010
vt 27.810301 -8.949090
vt 27.808500 -8.951470
vt 27.802799 -8.945920
vt 27.821800 -8.951950
vt 27.895201 -8.973480
vt 27.895201 -8.986510
vt 27.898500 -8.985220
vt 27.898500 -8.973480
vt 27.898500 -8.961740
vt 27.895201 -8.960450
vt 27.821199 -8.989180
vt 27.810301 -8.996100
vt 27.821800 -8.993230
vt 27.808500 -8.993720
vt 27.802799 -8.999260
vt 27.854900 -8.948440
vt 27.863501 -8.952880
vt 27.865101 -8.948220
vt 27.855801 -8.952400
vt 27.854900 -8.996740
vt 27.863501 -8.992310
vt 27.855801 -8.992790
vt 27.865101 -8.996970
vt 28.103800 -9.104650
vt 28.112101 -9.105280
vt 28.108101 -9.101900
vt 28.118500 -9.105670
vt 28.044901 -8.928450
vt 28.041300 -8.956060
vt 28.055000 -8.937660
vt 28.027800 -8.951460
vt 28.041300 -8.992870
vt 28.027800 -8.997480
vt 28.044901 -9.020480
vt 28.055000 -9.011280
vt 28.149200 -9.003180
vt 28.162701 -8.938580
vt 28.149200 -8.945760
vt 28.128401 -8.914650
vt 28.121700 -8.926610
vt 28.162701 -9.010360
vt 28.128401 -9.034290
vt 28.121700 -9.022320
vt 28.132099 -9.119200
vt 28.067600 -9.118430
vt 28.071199 -9.130590
vt 28.131901 -9.131320
vt 28.065599 -9.120470
vt 28.065500 -9.127910
vt 28.148300 -9.121440
vt 28.139999 -9.112600
vt 28.152500 -9.097640
vt 28.140499 -9.099200
vt 28.123699 -9.046240
vt 28.111700 -9.047800
vt 28.123699 -9.030670
vt 28.112000 -9.027280
vt 28.122000 -9.013240
vt 28.135300 -9.012510
vt 28.115299 -8.975900
vt 28.102600 -8.986550
vt 28.094200 -9.002520
vt 28.084101 -8.988580
vt 28.102600 -8.965250
vt 28.085699 -8.986550
vt 28.051399 -9.040870
vt 28.071899 -9.101280
vt 28.063000 -9.041010
vt 28.081100 -9.101390
vt 28.076200 -9.122120
vt 28.066999 -9.122010
vt 28.060801 -9.032230
vt 28.049299 -9.032090
vt 28.039101 -9.032090
vt 28.038900 -9.040870
vt 28.026800 -9.032090
vt 28.024099 -9.021130
vt 28.014299 -9.022090
vt 28.014299 -9.008710
vt 28.024099 -9.008710
vt 28.122700 -9.087070
vt 28.120899 -9.089700
vt 27.927999 -8.973480
vt 27.927999 -8.987940
vt 27.931700 -8.986500
vt 27.931700 -8.973480
vt 27.931700 -8.960460
vt 27.927999 -8.959030
vt 27.868900 -8.977580
vt 27.861900 -8.982460
vt 27.866301 -8.983290
vt 27.861601 -8.975910
vt 27.852800 -8.985390
vt 27.848499 -8.980800
vt 27.837900 -8.992840
vt 27.835100 -8.989070
vt 27.821199 -8.998170
vt 27.820499 -8.994150
vt 27.809401 -8.995040
vt 27.808500 -8.997880
vt 27.802799 -8.994190
vt 27.853600 -8.989750
vt 27.856701 -8.990570
vt 27.857401 -8.986610
vt 28.007401 -8.974470
vt 27.994400 -8.994490
vt 28.007401 -8.994490
vt 27.994400 -8.974470
vt 28.007401 -8.954450
vt 27.994400 -8.954450
vt 27.975901 -8.974470
vt 27.962900 -8.994490
vt 27.975901 -8.994490
vt 27.962900 -8.974470
vt 27.975901 -8.954450
vt 27.962900 -8.954450
vt 27.847099 -8.974470
vt 27.812799 -8.976170
vt 27.847099 -8.976170
vt 27.812799 -8.974470
vt 27.847099 -8.972770
vt 27.812799 -8.972770
vt 27.987801 -9.011120
vt 27.981701 -9.011120
vt 27.987801 -9.021120
vt 27.981701 -9.021120
vt 27.811300 -8.968670
vt 27.807400 -8.967780
vt 27.807400 -8.974460
vt 27.803600 -8.968670
vt 27.811300 -8.974460
vt 27.803600 -8.974460
vt 27.814100 -8.971120
vt 27.814100 -8.974460
vt 27.800800 -8.971120
vt 28.090599 -9.052010
vt 27.861900 -8.962730
vt 27.868900 -8.967610
vt 27.866301 -8.961890
vt 27.861601 -8.969270
vt 27.852800 -8.959800
vt 27.848499 -8.964390
vt 27.837900 -8.952340
vt 27.835100 -8.956110
vt 27.821199 -8.947020
vt 27.820499 -8.951040
vt 27.809401 -8.950140
vt 27.808500 -8.947310
vt 27.802799 -8.950990
vt 27.853600 -8.955440
vt 27.857401 -8.958580
vt 27.856701 -8.954620
vt 28.122499 -9.102740
vt 28.122299 -9.097350
vt 27.931700 -8.992630
vt 27.935499 -8.991020
vt 27.935499 -8.973480
vt 27.927900 -8.991020
vt 27.927900 -8.973480
vt 27.935499 -8.955940
vt 27.931700 -8.954330
vt 27.927900 -8.955940
vt 27.871401 -8.963540
vt 27.865101 -8.969480
vt 27.873301 -8.968010
vt 27.865000 -8.964550
vt 27.854900 -8.965850
vt 27.857100 -8.962430
vt 27.851700 -8.960440
vt 27.854799 -8.958680
vt 27.898500 -8.990750
vt 27.902000 -8.989300
vt 27.902000 -8.973480
vt 27.895100 -8.989300
vt 27.895100 -8.973480
vt 27.902000 -8.957670
vt 27.898500 -8.956210
vt 27.895100 -8.957670
vt 27.881500 -8.908290
vt 27.886600 -8.966820
vt 27.886600 -8.908290
vt 27.881500 -8.966820
vt 28.072800 -8.948920
vt 28.040701 -8.975900
vt 27.883301 -8.894080
vt 27.884899 -8.908930
vt 27.884899 -8.894080
vt 27.883301 -8.908930
vt 27.884899 -8.885280
vt 27.884899 -8.870420
vt 27.883301 -8.870420
vt 27.883301 -8.885280
vt 28.099600 -9.107400
vt 28.097099 -9.088280
vt 28.099001 -9.072730
vt 28.098499 -9.066230
vt 28.096500 -9.059730
vt 28.114599 -9.086900
vt 27.803600 -8.980260
vt 27.807400 -8.981150
vt 27.811300 -8.980260
vt 27.814100 -8.977810
vt 27.975599 -9.011120
vt 27.975599 -9.021120
vt 28.072800 -9.002880
vt 28.184500 -8.974470
vt 28.200300 -9.001360
vt 28.184500 -9.001360
vt 28.200300 -8.947570
vt 28.184500 -8.947570
vt 28.038799 -8.974470
vt 28.025801 -8.994490
vt 28.038799 -8.994490
vt 28.025801 -8.974470
vt 28.038799 -8.954450
vt 28.025801 -8.954450
vt 27.836599 -8.993320
vt 27.837900 -8.988860
vt 27.836599 -8.951870
vt 27.837900 -8.956320
vt 27.865101 -8.975700
vt 27.871401 -8.981650
vt 27.873301 -8.977170
vt 27.865000 -8.980640
vt 27.854900 -8.979340
vt 27.857100 -8.982760
vt 27.851700 -8.984740
vt 27.854799 -8.986500
vt 27.852800 -8.991220
vt 27.850500 -8.996930
vt 27.852800 -8.953960
vt 27.850500 -8.948260
vt 27.873301 -8.992700
vt 27.876900 -8.985300
vt 27.869900 -8.989110
vt 27.872000 -8.983390
vt 27.935400 -8.973480
vt 27.935400 -8.987940
vt 27.935400 -8.959030
vt 27.869900 -8.956070
vt 27.872000 -8.961800
vt 27.876900 -8.959880
vt 27.873301 -8.952490
vt 27.901899 -8.973480
vt 27.901899 -8.986510
vt 27.901899 -8.960450
vt 27.888300 -8.889680
vt 27.879900 -8.889680
vt 27.879900 -8.901560
vt 27.888300 -8.901560
vt 27.888300 -8.877800
vt 27.879900 -8.877800
vt 28.073799 -9.114440
vt 28.064100 -9.111850
vt 28.062500 -9.117740
vt 28.072201 -9.120330
vt 28.070601 -9.126210
vt 28.060900 -9.123620
vt 27.879900 -8.904530
vt 27.888300 -8.904530
vt 27.888300 -8.874830
vt 27.879900 -8.874830
vt 27.885799 -8.889690
vt 27.882401 -8.893490
vt 27.885799 -8.893490
vt 27.882401 -8.889690
vt 27.885799 -8.885880
vt 27.882401 -8.885880
vt 27.882401 -8.892420
vt 27.885799 -8.892420
vt 27.885799 -8.886950
vt 27.882401 -8.886950
vt 0.649744 0.243096
vt 0.729147 0.226412
vt 0.729147 0.243096
vt 0.649744 0.226412
vt 0.729147 0.209729
vt 0.649744 0.209729
vt 0.654964 0.183918
vt 0.658376 0.187412
vt 0.649744 0.187309
vt 0.658479 0.178779
vt 0.654882 0.190823
vt 0.658273 0.196044
vt 0.661870 0.184000
vt 0.667008 0.187514
vt 0.773354 0.268134
vt 0.693950 0.268134
vt 0.773354 0.251451
vt 0.693950 0.251451
vt 0.773354 0.234767
vt 0.693950 0.234767
vt 0.661788 0.190906
vt 0.773354 0.243096
vt 0.693950 0.243096
vt 0.773354 0.226412
vt 0.693950 0.226412
vt 0.773354 0.209729
vt 0.693950 0.209729
vt 0.768133 0.183918
vt 0.773354 0.187309
vt 0.764721 0.187412
vt 0.764619 0.178779
vt 0.768215 0.190823
vt 0.764824 0.196044
vt 0.761227 0.184000
vt 0.756089 0.187514
vt 0.729147 0.268134
vt 0.649744 0.268134
vt 0.729147 0.251451
vt 0.649744 0.251451
vt 0.729147 0.234767
vt 0.649744 0.234767
vt 0.761310 0.190906
vt 30.000000 -23.029301
vt 30.023199 -23.000000
vt 30.000000 -23.000000
vt 29.976801 -23.000000
vt 30.000000 -22.970699
s 1
usemtl Meshpart1Mtl
f 1/1/1 2/2/2 3/3/3
f 2/2/2 1/1/1 4/4/4
f 4/4/4 6/5/5 2/2/2
f 5/6/6 3/3/3 7/7/7
f 7/7/7 8/8/8 5/6/6
f 5/6/6 8/8/8 9/9/9
f 2/2/2 6/5/5 10/10/10
f 6/5/5 11/11/11 10/10/10
f 11/11/11 6/5/5 12/12/12
f 12/12/12 13/13/13 11/11/11
f 11/11/11 13/13/13 14/14/14
f 14/14/14 15/15/15 16/16/16
f 18/17/17 16/16/16 17/18/18
f 19/19/19 20/20/20 21/7/21
f 21/7/21 20/20/20 22/8/22
f 23/21/23 24/17/24 25/22/25
f 26/21/26 27/23/27 28/17/24
f 27/23/27 29/16/28 28/17/24
f 30/14/29 27/23/30 31/24/31
f 32/3/32 33/25/33 34/26/34
f 33/25/33 32/3/32 35/2/35
f 36/2/36 37/27/37 33/25/38
f 37/27/37 36/2/36 38/10/37
f 40/7/39 39/26/40 41/19/19
f 42/11/41 43/14/42 44/28/43
f 44/28/43 43/14/42 45/24/44
f 46/10/45 47/28/46 48/27/45
f 47/28/46 46/10/45 49/11/47
f 50/29/48 51/30/49 52/31/50
f 53/31/51 55/30/15 54/32/52
f 56/33/53 58/34/54 57/35/55
f 59/35/56 60/36/39 61/37/57
f 63/38/58 62/39/59 64/40/60
f 65/39/59 66/41/61 67/42/62
f 69/43/63 68/40/64 70/39/18
f 71/44/65 70/39/18 72/42/66
f 74/45/67 73/46/68 75/47/69
f 73/46/68 76/48/70 75/47/69
f 76/48/70 73/46/68 77/49/71
f 78/50/72 79/51/73 80/52/74
f 79/51/73 78/50/72 81/45/75
f 82/51/76 83/53/77 80/52/78
f 83/53/77 82/51/76 84/54/79
f 85/55/80 86/53/81 87/56/82
f 86/53/81 88/54/83 87/56/82
f 89/56/84 90/57/85 85/55/86
f 90/57/85 89/56/84 91/58/87
f 93/59/88 92/58/89 94/60/90
f 95/61/59 96/60/91 97/62/92
f 98/45/93 99/63/94 100/51/95
f 101/64/96 100/51/95 99/63/94
f 99/63/94 98/45/93 102/65/97
f 103/54/96 100/51/95 101/64/96
f 103/54/96 101/64/96 105/66/98
f 102/65/55 104/47/99 106/67/100
f 104/47/99 107/68/101 106/67/100
f 107/68/101 104/47/99 108/48/102
f 109/56/103 103/54/96 105/66/98
f 105/66/98 110/58/104 109/56/103
f 110/58/104 105/66/98 111/69/105
f 112/23/106 110/58/104 111/69/105
f 112/23/106 114/62/107 113/60/108
f 114/62/107 112/23/106 115/70/109
f 114/62/107 115/70/109 116/71/110
f 117/72/111 118/73/112 119/37/67
f 121/33/3 122/73/6 120/72/113
f 125/74/114 123/32/115 124/75/116
f 126/75/30 128/29/29 127/76/28
f 2944/2165/1323 2945/2166/1323 2946/2167/1323
f 2947/2168/1324 2948/2165/1324 2949/2167/1324
f 2950/2169/1325 2951/2168/1325 2952/2167/1325
f 2953/2166/1326 2954/2169/1326 2955/2167/1326
f 2956/2169/1327 2957/2168/1327 2958/2167/1327
f 2959/2166/1328 2960/2169/1328 2961/2167/1328
f 2962/2165/1329 2963/2166/1329 2964/2167/1329
f 2965/2168/1330 2966/2165/1330 2967/2167/1330
usemtl Meshpart2Mtl
f 129/77/117 130/78/117 131/79/117
f 132/80/117 131/79/117 130/78/117
f 130/78/117 129/77/117 133/81/117
f 131/79/117 132/80/117 134/82/117
f 135/83/117 133/81/117 129/77/117
f 136/84/117 134/82/117 132/80/117
f 133/81/117 135/83/117 137/85/117
f 134/82/117 136/84/117 138/86/117
f 139/87/117 137/85/117 135/83/117
f 136/84/117 140/88/117 138/86/117
f 139/87/117 135/83/117 141/89/117
f 136/84/117 142/90/117 140/88/117
f 141/89/117 143/91/117 139/87/117
f 142/90/117 144/92/117 140/88/117
f 143/91/117 141/89/117 144/92/117
f 142/90/117 143/91/117 144/92/117
f 148/93/118 146/94/119 147/95/120
f 146/94/119 149/96/121 145/97/122
f 148/93/118 150/98/123 146/94/119
f 150/98/123 149/96/121 146/94/119
f 150/98/123 148/93/118 151/99/124
f 149/96/121 150/98/123 152/100/125
f 153/101/126 154/102/127 155/103/126
f 154/102/127 156/104/127 155/103/126
f 153/101/126 155/103/126 157/105/128
f 157/105/128 158/106/128 153/101/126
f 159/107/129 160/108/129 161/109/130
f 162/110/130 159/107/129 161/109/130
f 163/111/131 164/112/131 165/113/132
f 165/113/132 166/114/133 163/111/131
f 166/114/133 165/113/132 167/115/134
f 167/115/134 165/113/132 168/116/135
f 169/117/136 167/115/134 168/116/135
f 167/115/134 169/117/136 170/118/136
f 171/119/117 172/120/117 173/121/117
f 172/120/117 174/122/117 175/123/117
f 174/122/117 172/120/117 176/124/117
f 171/119/117 176/124/117 172/120/117
f 176/124/117 171/119/117 177/125/117
f 177/125/117 171/119/117 178/126/117
f 179/127/137 180/128/138 182/126/139
f 181/129/140 182/126/139 180/128/138
f 183/119/141 179/127/137 182/126/139
f 184/121/142 179/127/137 183/119/141
f 182/126/139 181/129/140 185/125/143
f 179/127/137 184/121/142 186/130/144
f 184/121/142 187/131/145 186/130/144
f 187/131/145 184/121/142 188/120/146
f 189/123/147 187/131/145 188/120/146
f 187/131/145 189/123/147 190/132/148
f 189/123/147 191/133/149 190/132/148
f 191/133/149 189/123/147 192/122/150
f 191/133/149 192/122/150 193/134/151
f 193/134/151 192/122/150 194/124/152
f 193/134/151 185/125/143 181/129/140
f 185/125/143 193/134/151 194/124/152
f 196/135/153 198/136/154 197/137/155
f 198/136/154 196/135/153 199/138/156
f 195/139/157 199/138/156 196/135/153
f 200/140/158 198/136/154 199/138/156
f 198/136/154 200/140/158 201/141/159
f 199/138/156 195/139/157 202/142/160
f 203/143/161 199/138/156 202/142/160
f 199/138/156 203/143/161 200/140/158
f 204/144/162 205/145/162 206/146/162
f 205/145/162 204/144/162 207/147/162
f 208/148/162 207/147/162 204/144/162
f 207/147/162 208/148/162 209/149/162
f 212/150/163 210/151/120 211/152/164
f 210/151/120 212/150/163 213/153/118
f 212/150/163 214/154/124 213/153/118
f 214/154/124 212/150/163 215/155/165
f 218/156/166 217/157/167 216/158/167
f 218/156/166 219/159/166 217/157/167
f 220/160/168 219/159/166 218/156/166
f 220/160/168 221/161/168 219/159/166
f 222/162/169 223/163/170 224/164/171
f 225/165/172 224/164/171 223/163/170
f 224/164/171 225/165/172 226/166/172
f 222/162/169 224/164/171 227/167/169
f 228/168/173 229/169/174 230/170/175
f 231/171/176 230/170/175 229/169/174
f 229/169/174 228/168/173 232/172/173
f 231/171/176 229/169/174 233/173/176
f 236/174/177 234/175/178 235/176/179
f 236/174/177 238/177/180 237/178/181
f 239/179/182 236/174/177 237/178/181
f 234/175/178 236/174/177 239/179/182
f 240/180/183 244/181/184 243/182/185
f 244/181/184 240/180/183 245/183/186
f 246/184/187 244/181/184 245/183/186
f 241/185/188 242/186/189 247/187/190
f 247/187/190 249/188/191 248/189/192
f 244/181/184 246/184/187 250/190/193
f 249/188/191 247/187/190 251/191/194
f 251/191/194 250/190/193 249/188/191
f 250/190/193 251/191/194 244/181/184
f 251/191/194 247/187/190 242/186/189
f 244/181/184 251/191/194 243/182/185
f 242/186/189 243/182/185 251/191/194
f 252/192/195 253/193/196 255/194/197
f 254/195/168 255/194/197 253/193/196
f 252/192/195 255/194/197 256/196/198
f 255/194/197 254/195/168 257/197/166
f 255/194/197 258/198/199 256/196/198
f 257/197/166 259/199/200 255/194/197
f 258/198/199 255/194/197 259/199/200
f 259/199/200 257/197/166 260/200/167
f 263/150/201 261/201/202 262/202/202
f 261/201/202 263/150/201 264/203/201
f 263/150/201 265/204/203 264/203/201
f 265/204/203 263/150/201 266/205/203
f 270/206/204 268/207/124 269/208/205
f 268/207/124 270/206/204 267/209/123
f 267/209/123 270/206/204 271/210/206
f 270/206/204 272/211/207 271/210/206
f 273/212/208 274/213/208 275/214/209
f 273/212/208 275/214/209 276/215/209
f 276/215/209 275/214/209 277/216/167
f 276/215/209 277/216/167 278/217/167
f 279/218/145 281/219/210 280/220/211
f 281/219/210 279/218/145 282/221/212
f 283/222/213 281/219/210 282/221/212
f 281/219/210 283/222/213 284/223/214
f 285/224/157 286/225/153 287/226/215
f 288/227/216 286/225/153 289/228/217
f 286/225/153 288/227/216 290/229/218
f 291/230/219 290/229/218 288/227/216
f 287/226/215 286/225/153 290/229/218
f 287/226/215 292/231/220 285/224/157
f 293/232/221 295/233/209 294/234/222
f 290/229/218 291/230/219 297/235/223
f 298/236/192 290/229/218 297/235/223
f 287/226/215 290/229/218 298/236/192
f 298/236/192 299/237/224 287/226/215
f 292/231/220 287/226/215 299/237/224
f 299/237/224 293/232/221 292/231/220
f 299/237/224 298/236/192 300/238/225
f 293/232/221 299/237/224 301/239/209
f 300/238/225 301/239/209 299/237/224
f 301/239/209 295/233/209 293/232/221
f 301/239/209 296/240/226 295/233/209
f 302/241/193 296/240/226 301/239/209
f 301/239/209 300/238/225 302/241/193
f 303/242/209 304/243/209 305/244/209
f 305/244/209 306/245/209 303/242/209
f 306/245/209 305/244/209 307/246/209
f 308/247/209 303/242/209 306/245/209
f 309/248/209 307/246/209 305/244/209
f 305/244/209 304/243/209 309/248/209
f 307/246/209 309/248/209 310/249/209
f 311/250/209 310/249/209 309/248/209
f 309/248/209 304/243/209 311/250/209
f 312/251/209 311/250/209 304/243/209
f 303/242/209 308/247/209 313/252/209
f 313/252/209 304/243/209 303/242/209
f 312/251/209 304/243/209 314/253/209
f 313/252/209 314/253/209 304/243/209
f 315/254/209 312/251/209 314/253/209
f 312/251/209 315/254/209 316/255/209
f 317/256/209 314/253/209 313/252/209
f 308/247/209 317/256/209 313/252/209
f 314/253/209 317/256/209 315/254/209
f 317/256/209 316/255/209 315/254/209
f 308/247/209 318/257/209 317/256/209
f 316/255/209 317/256/209 318/257/209
f 319/258/209 320/259/209 321/260/209
f 322/261/209 321/260/209 320/259/209
f 320/259/209 319/258/209 323/262/209
f 324/263/209 320/259/209 323/262/209
f 320/259/209 324/263/209 325/264/209
f 326/265/209 325/264/209 324/263/209
f 326/265/209 327/266/209 325/264/209
f 327/266/209 328/267/209 325/264/209
f 327/266/209 326/265/209 329/268/209
f 330/269/209 331/270/209 332/271/209
f 330/269/209 332/271/209 333/272/209
f 335/273/227 336/274/228 334/275/229
f 336/274/228 335/273/227 337/276/228
f 339/277/208 340/278/230 341/279/209
f 345/280/231 342/281/232 343/282/200
f 345/280/231 343/282/200 344/283/167
f 341/279/209 345/280/231 344/283/167
f 340/278/230 345/280/231 341/279/209
f 346/284/233 342/281/232 345/280/231
f 338/285/234 345/280/231 340/278/230
f 345/280/231 338/285/234 346/284/233
f 347/286/235 348/287/235 349/206/236
f 347/286/235 349/206/236 350/288/236
f 349/206/236 351/289/237 350/288/236
f 351/289/237 349/206/236 352/290/237
f 354/291/238 353/292/239 355/293/240
f 355/293/240 356/294/240 354/291/238
f 356/294/240 355/293/240 357/295/241
f 358/296/241 356/294/240 357/295/241
f 358/296/241 357/295/241 359/297/242
f 359/297/242 360/298/242 358/296/241
f 360/298/242 359/297/242 361/299/243
f 361/299/243 362/300/244 360/298/242
f 363/301/245 365/302/246 364/303/245
f 363/301/245 366/304/246 365/302/246
f 371/305/247 370/306/248 369/307/249
f 372/308/250 368/309/251 370/306/248
f 370/306/248 371/305/247 372/308/250
f 368/309/251 372/308/250 373/310/252
f 373/310/252 372/308/250 367/311/253
f 374/312/254 367/311/253 372/308/250
f 372/308/250 371/305/247 374/312/254
f 375/313/192 374/312/254 371/305/247
f 376/149/255 377/147/255 378/148/255
f 377/147/255 379/144/255 378/148/255
f 380/145/255 379/144/255 377/147/255
f 379/144/255 380/145/255 381/146/255
f 382/314/255 383/315/255 384/316/255
f 382/314/255 385/317/255 383/315/255
f 386/318/255 385/317/255 382/314/255
f 385/317/255 386/318/255 387/319/255
f 385/317/255 387/319/255 388/320/255
f 388/320/255 387/319/255 389/321/255
f 392/197/256 391/322/257 390/323/258
f 393/324/121 392/197/256 390/323/258
f 394/325/206 392/197/256 393/324/121
f 392/197/256 394/325/206 395/326/259
f 398/327/260 397/328/208 396/329/208
f 398/327/260 399/330/260 397/328/208
f 400/331/261 399/330/260 398/327/260
f 400/331/261 401/332/261 399/330/260
f 404/333/260 403/334/127 402/335/127
f 403/334/127 404/333/260 405/336/260
f 407/337/262 406/338/262 408/339/263
f 409/340/263 407/337/262 408/339/263
f 409/340/263 408/339/263 410/341/238
f 410/341/238 411/342/238 409/340/263
f 412/343/264 413/344/264 414/345/265
f 414/345/265 415/346/266 412/343/264
f 414/345/265 416/347/267 415/346/266
f 414/345/265 417/348/267 416/347/267
f 418/349/268 420/350/269 419/351/270
f 420/350/269 418/349/268 421/352/271
f 422/353/272 420/350/269 421/352/271
f 420/350/269 422/353/272 423/354/273
f 424/355/274 427/356/275 425/357/276
f 427/356/275 426/358/161 425/357/276
f 427/356/275 424/355/274 428/359/220
f 426/358/161 427/356/275 429/360/277
f 428/359/220 430/361/278 427/356/275
f 430/361/278 429/360/277 427/356/275
f 430/361/278 428/359/220 431/362/279
f 429/360/277 430/361/278 432/363/280
f 432/363/280 430/361/278 433/364/281
f 431/362/279 433/364/281 430/361/278
f 434/365/282 432/363/280 433/364/281
f 433/364/281 431/362/279 435/366/283
f 438/367/284 437/368/285 436/369/286
f 437/368/285 438/367/284 439/370/287
f 440/371/288 439/370/287 438/367/284
f 439/370/287 440/371/288 441/372/289
f 441/372/289 440/371/288 442/373/290
f 443/374/291 442/373/290 440/371/288
f 444/375/292 446/376/293 445/377/294
f 446/376/293 444/375/292 447/378/295
f 448/379/261 445/377/294 449/150/260
f 445/377/294 446/376/293 449/150/260
f 447/378/295 450/380/296 446/376/293
f 449/150/260 446/376/293 451/381/208
f 446/376/293 452/382/230 451/381/208
f 446/376/293 450/380/296 452/382/230
f 453/383/297 455/197/298 454/384/297
f 455/197/298 453/383/297 456/385/298
f 457/386/299 455/197/298 456/385/298
f 457/386/299 458/387/299 455/197/298
f 459/388/258 460/279/300 461/389/119
f 460/279/300 459/388/258 462/390/301
f 461/389/119 460/279/300 463/391/302
f 460/279/300 464/392/303 463/391/302
f 467/393/304 466/394/261 465/395/261
f 467/393/304 468/396/304 466/394/261
f 467/393/304 469/397/168 468/396/304
f 469/397/168 467/393/304 470/398/168
f 471/399/305 472/400/137 473/401/306
f 472/400/137 471/399/305 474/402/307
f 471/399/305 475/403/308 474/402/307
f 475/403/308 471/399/305 476/404/309
f 478/405/310 477/406/158 479/407/311
f 481/408/312 479/407/311 477/406/158
f 479/407/311 481/408/312 482/409/313
f 483/410/314 477/406/158 480/411/161
f 477/406/158 483/410/314 481/408/312
f 480/411/161 484/412/277 483/410/314
f 483/410/314 484/412/277 486/413/315
f 485/414/316 486/413/315 484/412/277
f 488/415/304 485/414/316 487/416/317
f 485/414/316 488/415/304 489/417/304
f 486/413/315 485/414/316 489/417/304
f 490/418/318 489/417/304 488/415/304
f 483/410/314 486/413/315 491/419/188
f 491/419/188 481/408/312 483/410/314
f 489/417/304 492/420/319 486/413/315
f 491/419/188 486/413/315 492/420/319
f 489/417/304 490/418/318 493/421/320
f 492/420/319 489/417/304 493/421/320
f 481/408/312 491/419/188 494/422/321
f 494/422/321 482/409/313 481/408/312
f 495/423/304 496/424/304 497/425/304
f 498/426/304 497/425/304 496/424/304
f 496/424/304 499/427/304 498/426/304
f 495/423/304 497/425/304 500/428/304
f 498/426/304 501/429/304 497/425/304
f 501/429/304 500/428/304 497/425/304
f 499/427/304 502/430/304 498/426/304
f 501/429/304 498/426/304 502/430/304
f 502/430/304 499/427/304 503/431/304
f 504/432/304 502/430/304 503/431/304
f 502/430/304 504/432/304 501/429/304
f 505/433/304 501/429/304 504/432/304
f 506/434/304 495/423/304 500/428/304
f 495/423/304 506/434/304 507/435/304
f 508/436/304 507/435/304 506/434/304
f 505/433/304 508/436/304 509/437/304
f 506/434/304 509/437/304 508/436/304
f 501/429/304 505/433/304 510/438/304
f 500/428/304 501/429/304 510/438/304
f 505/433/304 509/437/304 510/438/304
f 500/428/304 510/438/304 506/434/304
f 506/434/304 510/438/304 509/437/304
f 511/439/304 512/440/304 513/441/304
f 512/440/304 511/439/304 514/442/304
f 514/442/304 511/439/304 515/443/304
f 511/439/304 516/444/304 515/443/304
f 516/444/304 511/439/304 517/445/304
f 517/445/304 518/446/304 516/444/304
f 519/447/304 518/446/304 517/445/304
f 518/446/304 519/447/304 520/448/304
f 519/447/304 517/445/304 521/449/304
f 522/450/304 523/451/304 524/452/304
f 523/451/304 522/450/304 525/453/304
f 526/454/322 527/455/323 528/456/323
f 527/455/323 526/454/322 529/457/324
f 530/458/325 531/459/326 532/460/327
f 532/460/327 533/461/328 530/458/325
f 532/460/327 531/459/326 534/462/294
f 532/460/327 534/462/294 535/463/261
f 536/206/304 532/460/327 535/463/261
f 537/464/196 532/460/327 536/206/304
f 533/461/328 532/460/327 537/464/196
f 538/465/168 537/464/196 536/206/304
f 539/466/329 541/279/330 540/467/331
f 541/279/330 539/466/329 542/468/330
f 543/469/332 541/279/330 542/468/330
f 543/469/332 544/470/332 541/279/330
usemtl Meshpart3Mtl
f 546/471/136 545/472/333 547/473/135
f 547/473/135 548/474/135 546/471/136
f 550/475/131 549/476/131 551/477/133
f 551/477/133 552/478/133 550/475/131
f 553/479/334 554/480/335 555/481/336
f 554/480/335 553/479/334 556/482/337
f 557/483/117 558/484/117 559/485/117
f 558/484/117 560/486/117 559/485/117
f 558/484/117 557/483/117 561/487/117
f 560/486/117 558/484/117 562/488/117
f 557/483/117 563/489/117 561/487/117
f 564/490/117 560/486/117 562/488/117
f 557/483/117 565/491/117 563/489/117
f 560/486/117 564/490/117 566/492/117
f 565/491/117 567/493/117 563/489/117
f 568/494/117 566/492/117 564/490/117
f 567/493/117 565/491/117 569/495/117
f 568/494/117 564/490/117 570/496/117
f 567/493/117 569/495/117 571/497/117
f 572/498/117 568/494/117 570/496/117
f 567/493/117 571/497/117 572/498/117
f 568/494/117 572/498/117 571/497/117
f 573/499/117 574/500/117 575/501/117
f 573/499/117 575/501/117 576/502/117
f 577/503/117 578/504/117 579/505/117
f 578/504/117 580/506/117 579/505/117
f 578/504/117 577/503/117 581/507/117
f 577/503/117 582/508/117 581/507/117
f 577/503/117 583/509/117 582/508/117
f 580/506/117 578/504/117 584/510/117
f 585/511/117 580/506/117 584/510/117
f 580/506/117 585/511/117 586/512/117
f 587/513/117 586/512/117 585/511/117
f 587/513/117 585/511/117 588/514/117
f 589/515/117 587/513/117 588/514/117
f 587/513/117 589/515/117 590/516/117
f 589/515/117 591/517/117 590/516/117
f 591/517/117 589/515/117 592/518/117
f 593/508/117 594/517/117 592/518/117
f 594/517/117 593/508/117 595/509/117
f 596/519/117 597/520/117 598/521/117
f 596/519/117 598/521/117 599/522/117
f 600/523/117 601/524/117 602/525/117
f 600/523/117 602/525/117 603/526/117
f 604/527/117 605/528/117 606/529/117
f 606/529/117 607/530/117 604/527/117
f 608/531/117 609/532/117 610/533/117
f 609/532/117 608/531/117 611/534/117
f 612/535/338 613/536/339 614/537/340
f 613/536/339 612/535/338 615/538/341
f 616/535/342 617/537/343 618/539/344
f 619/540/345 620/541/346 621/542/347
f 620/541/346 619/540/345 622/543/348
f 623/544/349 624/545/350 625/546/351
f 626/547/352 627/548/353 628/549/353
f 628/549/353 629/550/352 626/547/352
f 628/549/353 627/548/353 630/551/353
f 627/548/353 631/552/354 630/551/353
f 631/552/354 627/548/353 632/553/354
f 629/550/352 628/549/353 633/554/352
f 634/555/353 629/550/352 633/554/352
f 629/550/352 634/555/353 635/556/353
f 634/555/353 636/557/354 635/556/353
f 636/557/354 634/555/353 637/558/354
f 638/559/355 639/544/349 640/546/351
f 639/544/349 638/559/355 641/560/356
f 642/558/354 643/561/357 644/557/354
f 644/557/354 643/561/357 645/562/357
f 646/563/357 645/562/357 647/564/357
f 648/553/354 647/564/357 649/552/354
f 650/479/358 651/481/359 652/565/360
f 653/561/357 654/564/357 655/562/357
f 654/564/357 656/553/354 657/563/357
f 658/540/361 659/566/362 660/543/363
f 661/567/117 662/568/364 663/569/117
f 663/569/117 662/568/364 664/570/364
f 665/571/364 664/570/364 662/568/364
f 662/568/364 666/572/364 665/571/364
f 667/573/364 665/571/364 666/572/364
f 665/571/364 667/573/364 668/574/364
f 667/573/364 669/575/117 668/574/364
f 669/575/117 667/573/364 670/576/117
f 671/577/365 672/578/365 673/579/365
f 672/578/365 674/569/117 673/579/365
f 674/569/117 672/578/365 675/567/117
f 676/580/365 671/577/365 677/581/365
f 678/575/117 679/582/365 676/580/365
f 680/576/117 679/582/365 678/575/117
f 681/577/365 682/579/365 683/581/365
f 681/577/365 684/580/365 685/582/365
f 687/583/366 688/584/367 686/585/368
f 688/584/367 687/583/366 689/586/369
f 688/584/367 689/586/369 690/587/370
f 691/588/371 688/584/367 690/587/370
f 694/589/117 692/590/372 693/591/373
f 696/592/374 697/593/375 695/594/376
f 697/593/375 696/592/374 698/595/377
f 699/596/378 697/593/375 698/595/377
f 697/593/375 699/596/378 700/597/379
f 703/598/380 702/591/373 701/599/381
f 704/589/117 702/591/373 703/598/380
f 705/600/382 706/590/372 707/601/383
f 708/589/117 707/601/383 706/590/372
f 709/602/117 710/603/117 711/604/117
f 710/603/117 709/602/117 712/605/117
f 713/606/117 712/605/117 709/602/117
f 712/605/117 713/606/117 714/607/117
f 714/607/117 715/608/117 712/605/117
f 715/608/117 714/607/117 716/609/117
f 719/610/384 718/611/385 717/612/386
f 718/611/385 719/610/384 720/613/387
f 720/613/387 719/610/384 721/614/388
f 719/610/384 722/615/389 721/614/388
f 723/616/390 725/617/391 724/618/392
f 727/619/393 728/620/394 726/621/395
f 731/622/396 729/623/397 730/624/398
f 733/625/399 732/626/400 734/627/401
f 737/628/402 736/629/403 735/630/404
f 736/629/403 737/628/402 738/631/405
f 737/628/402 739/632/406 738/631/405
f 740/633/407 739/632/406 737/628/402
f 743/634/408 742/599/381 741/635/409
f 742/599/381 743/634/408 744/598/410
f 745/589/117 744/598/410 743/634/408
f 746/589/117 747/636/411 748/601/412
f 747/636/411 749/600/382 748/601/412
f 750/637/413 749/600/382 747/636/411
f 751/638/117 752/639/117 753/640/414
f 754/641/415 752/639/117 751/638/117
f 751/638/117 753/640/414 755/642/414
f 754/641/415 756/643/415 752/639/117
f 757/589/117 758/634/408 759/636/411
f 760/602/117 761/603/117 762/604/117
f 761/603/117 760/602/117 763/605/117
f 764/606/117 763/605/117 760/602/117
f 763/605/117 764/606/117 765/607/117
f 765/607/117 766/608/117 763/605/117
f 766/608/117 765/607/117 767/609/117
f 768/644/416 769/645/417 770/646/417
f 769/645/417 768/644/416 771/647/418
f 772/648/419 771/647/418 768/644/416
f 771/647/418 772/648/419 773/649/419
f 776/650/117 775/651/420 774/652/420
f 775/651/420 776/650/117 777/653/117
f 778/602/117 779/603/117 780/604/117
f 779/603/117 778/602/117 781/605/117
f 782/606/117 781/605/117 778/602/117
f 781/605/117 782/606/117 783/607/117
f 783/607/117 784/608/117 781/605/117
f 784/608/117 783/607/117 785/609/117
f 786/654/421 787/655/134 788/656/421
f 788/656/421 789/657/131 786/654/421
f 790/658/422 786/654/421 789/657/131
f 791/659/135 788/656/421 787/655/134
f 787/655/134 792/660/136 791/659/135
f 793/661/136 791/659/135 792/660/136
f 794/662/421 795/663/135 796/664/134
f 797/665/136 796/664/134 795/663/135
f 796/664/134 797/665/136 798/666/136
f 795/663/135 794/662/421 799/667/132
f 800/668/131 799/667/132 794/662/421
f 799/667/132 800/668/131 801/669/423
f 802/473/134 803/478/424 804/474/134
f 803/478/424 805/477/424 804/474/134
f 806/670/304 807/671/425 808/672/426
f 809/673/427 810/674/428 811/670/209
f 812/675/429 813/676/430 814/670/431
f 815/670/209 816/677/432 817/678/433
f 819/679/392 818/623/390 820/622/391
f 821/616/397 822/680/398 823/617/396
f 824/681/434 825/682/435 826/683/436
f 825/682/435 824/681/434 827/684/435
f 824/681/434 826/683/436 828/685/437
f 828/685/437 829/686/437 824/681/434
f 830/687/438 831/688/438 832/689/439
f 832/689/439 833/690/440 830/687/438
f 834/691/438 833/690/440 832/689/439
f 833/690/440 834/691/438 835/692/441
f 835/692/441 836/693/438 833/690/440
f 836/693/438 835/692/441 837/694/438
f 838/626/395 839/695/393 840/627/394
f 841/621/400 842/620/401 843/696/399
f 844/697/442 846/698/443 845/699/442
f 847/700/443 845/699/442 846/698/443
f 848/701/442 850/702/443 849/703/442
f 851/704/443 849/703/442 850/702/443
f 852/705/444 853/706/445 854/707/445
f 853/706/445 852/705/444 855/708/446
f 856/709/447 855/708/446 852/705/444
f 855/708/446 856/709/447 857/710/447
f 858/711/132 857/710/447 856/709/447
f 857/710/447 858/711/132 859/712/424
f 860/713/130 859/712/424 858/711/132
f 859/712/424 860/713/130 861/714/130
f 862/715/117 863/716/117 864/717/117
f 865/718/117 864/717/117 863/716/117
f 864/717/117 865/718/117 866/719/117
f 863/716/117 862/715/117 867/720/117
f 862/715/117 868/721/117 867/720/117
f 869/722/117 867/720/117 868/721/117
f 870/723/117 869/722/117 868/721/117
f 869/722/117 870/723/117 871/724/117
f 870/723/117 872/725/117 871/724/117
f 872/725/117 870/723/117 873/726/117
f 873/726/117 874/727/117 872/725/117
f 873/726/117 875/728/117 874/727/117
f 876/729/117 874/727/117 875/728/117
f 874/727/117 876/729/117 877/730/117
f 876/729/117 878/718/117 877/730/117
f 878/718/117 876/729/117 879/719/117
f 880/731/448 881/732/167 882/733/449
f 881/732/167 883/734/166 882/733/449
f 882/733/449 883/734/166 884/735/450
f 883/734/166 885/736/168 884/735/450
f 888/737/174 887/738/451 886/739/451
f 887/738/451 888/737/174 889/740/174
f 890/741/451 892/742/174 891/743/451
f 893/744/174 891/743/451 892/742/174
f 895/745/451 894/746/451 896/747/174
f 897/748/174 895/745/451 896/747/174
f 897/748/175 898/747/175 899/749/176
f 900/750/176 897/748/175 899/749/176
f 901/751/166 902/752/166 903/753/166
f 903/753/166 904/754/166 901/751/166
f 905/755/166 906/756/166 907/757/166
f 906/756/166 905/755/166 908/758/166
f 909/759/452 910/760/453 911/761/454
f 910/760/453 909/759/452 912/762/455
f 912/762/455 909/759/452 913/763/456
f 909/759/452 914/764/457 913/763/456
f 915/765/458 916/766/459 917/767/460
f 916/766/459 915/765/458 918/768/461
f 919/769/462 917/767/460 916/766/459
f 919/769/462 916/766/459 920/770/463
f 921/771/464 922/772/465 923/773/466
f 922/772/465 921/771/464 924/774/467
f 924/774/467 925/775/468 922/772/465
f 925/775/468 924/774/467 926/776/469
f 927/777/470 928/778/471 929/779/472
f 928/778/471 930/780/473 929/779/472
f 928/778/471 927/777/470 931/781/474
f 932/782/475 933/783/337 934/784/476
f 933/783/337 932/782/475 935/785/477
f 936/742/174 937/786/176 938/744/175
f 939/787/478 938/744/175 937/786/176
f 940/740/175 941/788/176 942/789/176
f 941/788/176 940/740/175 943/737/479
f 944/790/167 945/791/166 946/792/480
f 946/792/480 947/793/481 944/790/167
f 948/792/480 949/794/168 950/795/482
f 949/794/168 948/792/480 945/791/166
f 951/776/483 952/796/484 953/775/485
f 952/796/484 951/776/483 954/797/484
f 952/796/484 954/797/484 955/798/486
f 956/799/487 952/796/484 955/798/486
f 957/800/488 958/801/489 959/802/490
f 958/801/489 957/800/488 960/803/491
f 959/802/490 961/804/492 957/800/488
f 961/804/492 959/802/490 962/805/493
f 962/805/493 963/806/494 961/804/492
f 963/806/494 962/805/493 964/807/495
f 964/807/495 965/808/496 963/806/494
f 965/808/496 964/807/495 966/809/497
f 966/809/497 967/810/498 965/808/496
f 968/811/499 965/808/496 967/810/498
f 968/811/499 967/810/498 969/812/500
f 970/813/501 971/814/502 972/815/503
f 974/816/166 975/817/504 973/818/167
f 975/817/504 974/816/166 976/819/505
f 974/816/166 973/818/167 977/820/506
f 974/816/166 977/820/506 978/821/507
f 980/791/166 981/822/508 979/823/167
f 981/822/508 980/791/166 982/824/509
f 980/791/166 979/823/167 983/825/506
f 980/791/166 983/825/506 984/826/507
f 985/827/510 986/828/511 987/829/512
f 988/830/513 986/828/511 985/827/510
f 988/830/513 989/831/514 986/828/511
f 989/831/514 988/830/513 990/832/515
f 989/831/514 990/832/515 991/833/516
f 991/833/516 990/832/515 992/834/517
f 991/833/516 992/834/517 993/835/518
f 993/835/518 992/834/517 994/836/373
f 995/837/167 996/816/166 997/838/480
f 997/838/480 998/839/481 995/837/167
f 999/838/480 1000/840/168 1001/841/482
f 1000/840/168 999/838/480 996/816/166
f 1002/842/378 1004/843/519 1003/844/520
f 1004/843/519 1002/842/378 1005/845/521
f 1005/845/521 1006/846/522 1004/843/519
f 1006/846/522 1005/845/521 1007/847/523
f 1007/847/523 1008/848/524 1006/846/522
f 1008/848/524 1007/847/523 1009/849/525
f 1010/850/168 1012/851/166 1011/852/168
f 1011/852/168 1012/851/166 1013/853/166
f 1012/851/166 1014/854/167 1013/853/166
f 1013/853/166 1014/854/167 1015/855/167
f 1018/856/166 1017/857/168 1016/858/168
f 1017/857/168 1018/856/166 1019/859/166
f 1020/860/167 1019/859/166 1018/856/166
f 1019/859/166 1020/860/167 1021/861/167
f 1023/862/168 1022/863/168 1024/864/166
f 1023/862/168 1024/864/166 1025/865/166
f 1025/865/166 1024/864/166 1027/866/167
f 1025/865/166 1027/866/167 1026/867/167
f 1028/868/526 1029/869/526 1030/870/527
f 1030/870/527 1031/871/527 1028/868/526
f 1029/869/526 1028/868/526 1032/872/528
f 1032/872/528 1033/873/528 1029/869/526
f 1035/874/529 1036/816/166 1034/875/168
f 1036/816/166 1035/874/529 1037/819/505
f 1036/816/166 1038/876/530 1034/875/168
f 1038/876/530 1036/816/166 1039/821/507
f 1040/877/531 1041/878/532 1042/879/533
f 1040/877/531 1042/879/533 1043/880/534
f 1044/881/535 1040/877/531 1043/880/534
f 1043/880/534 1045/882/536 1044/881/535
f 1046/883/537 1044/881/535 1045/882/536
f 1045/882/536 1047/884/538 1046/883/537
f 1048/885/539 1046/883/537 1047/884/538
f 1048/885/539 1047/884/538 1049/886/539
f 1050/887/540 1048/885/539 1049/886/539
f 1048/885/539 1050/887/540 1051/888/541
f 1050/887/540 1052/812/542 1051/888/541
f 1054/889/543 1055/815/544 1053/890/545
f 1057/891/546 1058/791/166 1056/892/168
f 1058/791/166 1057/891/546 1059/824/505
f 1058/791/166 1060/893/547 1056/892/168
f 1060/893/547 1058/791/166 1061/826/548
f 1063/894/549 1064/895/550 1062/896/551
f 1065/897/552 1067/898/553 1066/899/554
f 1070/900/555 1069/901/556 1068/902/557
f 1070/900/555 1068/902/557 1071/903/558
f 1072/904/559 1070/900/555 1071/903/558
f 1072/904/559 1071/903/558 1073/905/560
f 1073/905/560 1074/906/561 1072/904/559
f 1075/907/562 1074/906/561 1073/905/560
f 1076/908/563 1077/763/564 1078/764/457
f 1076/908/563 1078/764/457 1079/909/565
f 1080/777/470 1081/910/566 1082/911/567
f 1080/777/470 1082/911/567 1083/781/474
f 1085/912/167 1086/734/166 1084/913/167
f 1086/734/166 1085/912/167 1087/914/166
f 1087/914/166 1088/915/168 1086/734/166
f 1088/915/168 1087/914/166 1089/916/168
f 1090/917/568 1091/918/569 1092/747/568
f 1093/749/569 1092/747/568 1091/918/569
f 1094/748/568 1095/750/569 1096/919/568
f 1097/920/569 1096/919/568 1095/750/569
f 1098/921/168 1100/922/166 1099/923/168
f 1099/923/168 1100/922/166 1101/924/166
f 1100/922/166 1102/925/167 1101/924/166
f 1101/924/166 1102/925/167 1103/926/167
f 1104/799/570 1105/798/571 1106/780/572
f 1107/765/573 1108/927/574 1109/928/575
f 1107/765/573 1109/928/575 1110/768/576
f 1108/927/574 1111/911/567 1112/910/577
f 1112/910/577 1113/928/578 1108/927/574
f 1114/929/579 1115/930/580 1116/931/580
f 1115/930/580 1114/929/579 1117/932/579
f 1114/929/579 1118/784/581 1117/932/579
f 1118/784/581 1114/929/579 1119/782/582
f 1120/933/583 1121/771/584 1122/773/585
f 1121/771/584 1120/933/583 1123/934/586
f 1120/933/583 1124/935/587 1123/934/586
f 1124/935/587 1120/933/583 1125/936/587
f 1126/840/168 1127/816/166 1128/937/588
f 1128/937/588 1129/938/589 1126/840/168
f 1130/837/167 1131/937/588 1127/816/166
f 1131/937/588 1130/837/167 1132/939/590
f 1133/871/527 1134/870/527 1135/940/591
f 1136/940/591 1137/941/591 1138/871/527
f 1139/794/168 1140/791/166 1141/942/588
f 1141/942/588 1142/943/589 1139/794/168
f 1143/790/167 1144/942/588 1140/791/166
f 1144/942/588 1143/790/167 1145/944/590
f 1147/945/549 1146/898/550 1148/897/551
f 1149/895/553 1150/946/554 1151/896/552
f 1154/947/166 1153/948/168 1152/949/168
f 1155/950/166 1154/947/166 1152/949/168
f 1156/951/167 1154/947/166 1155/950/166
f 1157/952/167 1156/951/167 1155/950/166
f 1160/953/592 1158/954/187 1159/955/187
f 1160/953/592 1161/956/592 1158/954/187
f 1160/953/592 1162/957/183 1161/956/592
f 1162/957/183 1160/953/592 1163/958/183
f 1164/959/593 1166/947/166 1165/960/168
f 1165/960/168 1166/947/166 1167/950/166
f 1166/947/166 1168/961/167 1167/950/166
f 1167/950/166 1168/961/167 1169/962/167
f 1170/963/168 1172/964/166 1171/965/168
f 1171/965/168 1172/964/166 1173/966/166
f 1172/964/166 1174/967/167 1173/966/166
f 1173/966/166 1174/967/167 1175/968/167
f 1178/964/166 1177/969/168 1176/970/168
f 1179/966/166 1178/964/166 1176/970/168
f 1180/971/167 1178/964/166 1179/966/166
f 1181/972/167 1180/971/167 1179/966/166
f 1182/973/594 1184/917/595 1183/746/594
f 1185/747/595 1183/746/594 1184/917/595
f 1186/745/594 1188/748/595 1187/974/594
f 1189/919/595 1187/974/594 1188/748/595
f 1192/975/596 1191/976/597 1190/977/597
f 1191/976/597 1192/975/596 1193/978/596
f 1194/979/598 1193/978/596 1192/975/596
f 1194/979/598 1192/975/596 1195/980/437
f 1196/981/599 1198/982/209 1197/983/167
f 1198/982/209 1196/981/599 1199/984/600
f 1202/985/208 1200/984/601 1201/986/602
f 1200/984/601 1202/985/208 1203/982/209
f 1204/987/603 1205/988/604 1206/989/604
f 1204/987/603 1206/989/604 1207/990/605
f 1208/991/606 1204/987/603 1207/990/605
f 1204/987/603 1208/991/606 1209/992/606
f 1210/993/607 1211/994/608 1212/995/609
f 1212/995/609 1213/996/610 1210/993/607
f 1214/997/611 1215/998/612 1216/999/613
f 1216/999/613 1217/1000/611 1214/997/611
f 1218/989/614 1216/999/613 1215/998/612
f 1216/999/613 1218/989/614 1219/988/615
f 1220/1001/616 1221/1002/617 1222/1003/618
f 1220/1001/619 1223/1004/620 1224/1002/621
f 1225/1005/622 1226/1006/623 1227/1007/623
f 1226/1006/623 1225/1005/622 1228/1008/624
f 1225/1005/622 1229/1009/625 1228/1008/624
f 1229/1009/625 1225/1005/622 1230/1010/626
f 1231/1006/627 1232/1011/628 1227/1007/627
f 1232/1011/628 1231/1006/627 1233/1012/629
f 1234/1013/630 1235/991/631 1236/1014/632
f 1234/1013/630 1236/1014/632 1237/1015/633
f 1238/1016/634 1234/1013/630 1237/1015/633
f 1234/1013/630 1238/1016/634 1239/1017/634
f 1240/1018/635 1241/993/607 1242/996/610
f 1240/1018/635 1242/996/610 1243/1019/635
f 1244/1020/636 1240/1018/635 1243/1019/635
f 1240/1018/635 1244/1020/636 1245/1021/637
f 1246/1022/209 1247/987/638 1248/988/639
f 1249/1023/640 1250/1024/641 1251/1025/641
f 1250/1024/641 1249/1023/640 1252/1026/642
f 1250/1024/641 1253/1027/643 1251/1025/641
f 1253/1027/643 1250/1024/641 1254/1028/644
f 1255/1022/645 1256/988/639 1257/999/646
f 1258/1029/647 1259/1030/648 1260/1031/649
f 1259/1030/648 1258/1029/647 1261/1032/650
f 1262/1033/651 1261/1032/650 1258/1029/647
f 1261/1032/650 1262/1033/651 1263/1034/652
f 1264/1035/653 1265/1036/654 1266/1037/655
f 1265/1036/654 1264/1035/653 1267/1038/656
f 1267/1038/656 1268/1039/657 1265/1036/654
f 1268/1039/657 1267/1038/656 1269/1040/652
f 1270/1041/658 1271/1042/659 1272/1043/660
f 1271/1042/659 1270/1041/658 1273/1044/659
f 1273/1044/659 1274/1045/661 1271/1042/659
f 1271/1042/659 1274/1045/661 1275/1046/662
f 1277/1047/663 1276/1048/167 1278/1049/664
f 1276/1048/167 1277/1047/663 1279/1050/209
f 1280/1047/663 1281/1051/208 1279/1050/209
f 1280/1047/663 1282/1052/665 1281/1051/208
f 1283/1053/666 1284/1054/667 1285/1055/668
f 1284/1054/667 1283/1053/666 1286/1009/669
f 1287/994/670 1285/1055/668 1288/1054/671
f 1289/1056/672 1290/1009/673 1283/1053/674
f 1290/1009/673 1289/1056/672 1291/1008/672
f 1292/1057/209 1293/1058/209 1294/1059/209
f 1295/1060/209 1294/1059/209 1293/1058/209
f 1296/1061/209 1295/1060/209 1293/1058/209
f 1297/1062/209 1295/1060/209 1296/1061/209
f 1296/1061/209 1298/1063/209 1297/1062/209
f 1298/1063/209 1296/1061/209 1299/1064/209
f 1300/1065/209 1301/1066/209 1302/1067/209
f 1301/1066/209 1303/1068/209 1302/1067/209
f 1302/1067/209 1303/1068/209 1304/1069/209
f 1305/1070/209 1301/1066/209 1300/1065/209
f 1300/1065/209 1306/1071/209 1305/1070/209
f 1306/1071/209 1300/1065/209 1307/1072/209
f 1308/1069/209 1309/1063/209 1310/1064/209
f 1311/1068/209 1309/1063/209 1308/1069/209
f 1312/1059/209 1313/1072/209 1314/1057/209
f 1313/1072/209 1312/1059/209 1315/1071/209
f 1316/1073/370 1318/1074/210 1317/1075/675
f 1318/1074/210 1316/1073/370 1319/1076/676
f 1319/1076/676 1320/1077/677 1318/1074/210
f 1320/1077/677 1319/1076/676 1321/1078/678
f 1321/1078/678 1322/1079/679 1320/1077/677
f 1322/1079/679 1321/1078/678 1323/1080/680
f 1324/1081/209 1325/1082/209 1326/1083/209
f 1327/1084/209 1325/1082/209 1324/1081/209
f 1328/1085/209 1325/1082/209 1327/1084/209
f 1325/1082/209 1328/1085/209 1329/1086/209
f 1330/1087/209 1331/1085/209 1332/1088/209
f 1331/1085/209 1330/1087/209 1333/1086/209
f 1332/1088/209 1334/1089/209 1330/1087/209
f 1334/1089/209 1332/1088/209 1335/1090/209
f 1335/1090/209 1336/1091/209 1334/1089/209
f 1336/1091/209 1335/1090/209 1337/1092/209
f 1337/1092/209 1338/1093/209 1336/1091/209
f 1338/1093/209 1337/1092/209 1339/1094/209
f 1340/1095/209 1338/1093/209 1339/1094/209
f 1338/1093/209 1340/1095/209 1341/1096/209
f 1342/1097/681 1343/1098/209 1344/1099/682
f 1343/1098/209 1342/1097/681 1345/1100/208
f 1343/1098/209 1345/1100/208 1346/1101/683
f 1346/1101/683 1347/1102/684 1343/1098/209
f 1348/1103/685 1343/1098/645 1349/1102/686
f 1343/1098/645 1348/1103/685 1350/1104/167
f 1343/1098/645 1350/1104/167 1351/1105/504
f 1351/1105/504 1352/1099/682 1343/1098/645
f 1353/1106/209 1354/1107/209 1355/1108/209
f 1354/1107/209 1353/1106/209 1356/1109/209
f 1353/1106/209 1357/1110/209 1356/1109/209
f 1357/1110/209 1353/1106/209 1358/1111/209
f 1358/1111/209 1359/1112/209 1357/1110/209
f 1359/1112/209 1358/1111/209 1360/1113/209
f 1360/1113/209 1358/1111/209 1361/1114/209
f 1358/1111/209 1362/1115/209 1361/1114/209
f 1361/1114/209 1362/1115/209 1363/1116/209
f 1363/1116/209 1364/1117/209 1361/1114/209
f 1364/1117/209 1363/1116/209 1365/1118/209
f 1365/1118/209 1366/1119/209 1364/1117/209
f 1364/1117/209 1366/1119/209 1367/1120/209
f 1368/1121/687 1369/1122/688 1370/990/689
f 1371/1014/632 1370/990/689 1369/1122/688
f 1370/990/689 1371/1014/632 1372/991/631
f 1370/990/689 1373/989/690 1368/1121/687
f 1374/998/691 1368/1121/687 1373/989/690
f 1368/1121/687 1374/998/691 1375/1123/692
f 1376/1124/693 1375/1123/692 1374/998/691
f 1374/998/691 1377/997/694 1376/1124/693
f 1378/1125/695 1376/1124/693 1377/997/694
f 1376/1124/693 1378/1125/695 1379/1126/696
f 1378/1125/695 1380/1016/634 1379/1126/696
f 1378/1125/695 1381/1017/634 1380/1016/634
f 1382/1127/697 1383/1050/209 1384/1128/698
f 1383/1050/209 1382/1127/697 1385/1129/208
f 1383/1050/209 1385/1129/208 1386/1130/683
f 1386/1130/683 1387/1131/684 1383/1050/209
f 1388/1132/685 1383/1050/209 1389/1131/686
f 1383/1050/209 1388/1132/685 1390/1133/167
f 1383/1050/209 1390/1133/167 1391/1134/699
f 1391/1134/699 1392/1128/682 1383/1050/209
f 1393/1012/700 1394/1135/701 1395/1011/702
f 1394/1135/701 1393/1012/700 1396/1136/703
f 1398/1137/704 1397/1138/167 1399/1139/481
f 1397/1138/167 1398/1137/704 1400/1098/209
f 1401/1137/663 1402/1140/208 1400/1098/209
f 1401/1137/663 1403/1141/705 1402/1140/208
f 1404/1142/706 1405/1034/707 1406/1033/651
f 1405/1034/707 1404/1142/706 1407/1143/708
f 1404/1142/706 1408/1144/709 1407/1143/708
f 1408/1144/709 1404/1142/706 1409/1145/710
f 1410/1146/711 1411/1040/707 1412/1147/712
f 1411/1040/707 1410/1146/711 1413/1039/657
f 1414/1148/713 1410/1146/711 1412/1147/712
f 1410/1146/711 1414/1148/713 1415/1149/714
f 1416/1150/208 1417/1151/208 1418/1152/209
f 1416/1150/208 1418/1152/209 1419/1153/209
f 1422/1153/209 1421/1154/167 1420/1155/167
f 1422/1153/209 1423/1152/209 1421/1154/167
f 1424/1156/208 1425/1157/208 1426/1158/209
f 1424/1156/208 1426/1158/209 1427/1159/209
f 1430/1159/209 1429/1160/167 1428/1161/167
f 1430/1159/209 1431/1158/209 1429/1160/167
f 1433/1162/208 1432/1163/208 1434/1164/209
f 1433/1162/208 1434/1164/209 1435/1165/209
f 1435/1165/209 1434/1164/209 1436/1166/167
f 1435/1165/209 1436/1166/167 1437/1167/167
f 1440/1168/209 1439/1169/715 1438/1170/715
f 1439/1169/715 1440/1168/209 1441/1171/209
f 1442/1172/209 1443/1173/716 1444/1174/515
f 1445/1175/717 1442/1172/209 1444/1174/515
f 1442/1172/209 1446/1176/718 1443/1173/716
f 1442/1172/209 1445/1175/717 1447/1177/719
f 1446/1176/718 1448/1178/373 1443/1173/716
f 1449/1179/510 1447/1177/719 1445/1175/717
f 1447/1177/719 1449/1179/510 1450/1180/720
f 1451/1020/721 1452/1181/722 1453/1021/637
f 1454/1053/666 1455/1054/667 1456/1055/668
f 1455/1054/667 1457/994/608 1456/1055/668
f 1455/1054/667 1454/1053/666 1458/1009/673
f 1458/1009/673 1454/1053/666 1460/1056/672
f 1459/995/609 1461/993/723 1457/994/608
f 1462/1008/672 1458/1009/673 1460/1056/672
f 1461/993/723 1459/995/609 1463/996/610
f 1464/1182/724 1462/1008/672 1460/1056/672
f 1463/996/610 1465/1018/635 1461/993/723
f 1462/1008/672 1464/1182/724 1466/1006/724
f 1465/1018/635 1463/996/610 1467/1019/635
f 1464/1182/724 1468/1012/725 1466/1006/724
f 1467/1019/635 1469/1020/636 1465/1018/635
f 1470/1021/637 1465/1018/635 1469/1020/636
f 1470/1021/637 1469/1020/636 1471/1181/726
f 1468/1012/725 1464/1182/724 1472/1183/727
f 1472/1183/727 1473/1136/728 1468/1012/725
f 1473/1136/728 1472/1183/727 1474/1003/729
f 1475/1002/617 1474/1003/618 1476/1001/616
f 1475/1002/617 1476/1001/616 1477/1004/730
f 1478/1184/209 1479/1185/209 1480/1186/209
f 1480/1186/209 1481/1187/209 1478/1184/209
f 1482/992/731 1483/991/731 1484/1188/732
f 1484/1188/732 1483/991/731 1485/1013/733
f 1486/1017/734 1484/1188/732 1485/1013/733
f 1484/1188/732 1486/1017/734 1487/1189/734
f 1488/1190/209 1489/1191/209 1490/1192/209
f 1490/1192/209 1491/1193/209 1488/1190/209
f 1492/1194/209 1493/1195/209 1494/1196/209
f 1493/1195/209 1492/1194/209 1495/1197/209
f 1496/1198/390 1497/1009/625 1498/1010/626
f 1499/1005/735 1498/1010/626 1497/1009/625
f 1497/1009/625 1496/1198/390 1500/1054/736
f 1499/1005/735 1497/1009/625 1501/1008/737
f 1502/995/392 1500/1054/736 1496/1198/390
f 1503/1006/738 1499/1005/735 1501/1008/737
f 1499/1005/735 1503/1006/738 1505/1007/627
f 1506/996/739 1502/995/740 1504/1199/741
f 1507/1011/702 1505/1007/627 1503/1006/738
f 1504/1199/741 1508/1200/742 1506/996/739
f 1503/1006/738 1509/1012/629 1507/1011/702
f 1510/1019/743 1506/996/739 1508/1200/742
f 1511/1135/701 1507/1011/702 1509/1012/629
f 1510/1019/743 1508/1200/742 1512/1201/406
f 1511/1135/701 1509/1012/629 1513/1136/703
f 1514/1202/744 1510/1019/743 1512/1201/406
f 1510/1019/743 1514/1202/744 1515/1020/745
f 1514/1202/744 1516/1181/746 1515/1020/745
f 1513/1136/747 1518/1002/748 1517/1203/550
f 1521/1204/210 1519/1205/406 1520/1206/749
f 1519/1205/406 1521/1204/210 1522/1207/676
f 1523/1208/750 1522/1207/676 1521/1204/210
f 1522/1207/676 1523/1208/750 1524/1209/751
f 1525/1210/752 1524/1209/751 1523/1208/750
f 1524/1209/751 1525/1210/752 1526/1211/753
f 1527/1212/754 1528/1213/755 1442/1172/209
f 1529/1214/756 1442/1172/209 1528/1213/755
f 1527/1212/754 1442/1172/209 1530/1177/719
f 1531/1215/757 1527/1212/754 1530/1177/719
f 1531/1215/757 1530/1177/719 1532/1180/720
f 1442/1172/209 1529/1214/756 1533/1176/381
f 1536/1171/209 1535/1216/414 1534/1217/414
f 1535/1216/414 1536/1171/209 1537/1168/209
f 1538/1009/758 1539/1198/390 1540/1054/736
f 1539/1198/390 1538/1009/758 1541/1010/759
f 1542/1218/760 1543/1219/761 1544/1220/762
f 1543/1219/761 1545/1221/763 1544/1220/762
f 1542/1218/760 1544/1220/762 1546/1222/764
f 1545/1221/763 1543/1219/761 1547/1223/765
f 1547/1223/765 1548/1224/766 1545/1221/763
f 1548/1224/766 1547/1223/765 1549/1225/767
f 1549/1225/767 1550/1226/768 1548/1224/766
f 1550/1226/768 1549/1225/767 1551/1227/768
f 1552/1228/769 1550/1226/768 1551/1227/768
f 1550/1226/768 1552/1228/769 1553/1229/770
f 1552/1228/769 1554/1230/771 1553/1229/770
f 1556/1231/772 1557/1232/773 1555/1233/774
f 1558/1234/775 1559/1189/776 1560/1017/777
f 1558/1234/775 1560/1017/777 1561/1125/778
f 1562/997/779 1558/1234/775 1561/1125/778
f 1558/1234/775 1562/997/779 1563/1000/779
f 1564/1235/208 1565/1236/208 1566/982/209
f 1565/1236/208 1567/1237/209 1566/982/209
f 1566/982/209 1567/1237/209 1568/1238/167
f 1567/1237/209 1569/1239/167 1568/1238/167
f 1570/1240/208 1571/1241/208 1572/1242/209
f 1570/1240/208 1572/1242/209 1573/1243/209
f 1576/1243/209 1575/1244/167 1574/1245/167
f 1576/1243/209 1577/1242/780 1575/1244/167
f 1578/1246/781 1579/1247/782 1580/1248/783
f 1580/1248/783 1579/1247/782 1581/1249/784
f 1582/1250/785 1578/1246/781 1580/1248/783
f 1578/1246/781 1582/1250/785 1583/1251/786
f 1582/1250/785 1584/1252/787 1583/1251/786
f 1583/1251/786 1584/1252/787 1585/1253/788
f 1584/1252/787 1586/1254/789 1585/1253/788
f 1585/1253/788 1586/1254/789 1587/1255/789
f 1586/1254/789 1588/1256/790 1587/1255/789
f 1588/1256/790 1586/1254/789 1589/1257/791
f 1588/1256/790 1589/1257/791 1590/1258/792
f 1592/1259/793 1591/1260/794 1593/1261/795
f 1594/1057/209 1595/1058/209 1596/1059/209
f 1597/1060/209 1596/1059/209 1595/1058/209
f 1598/1061/209 1597/1060/209 1595/1058/209
f 1599/1062/209 1597/1060/209 1598/1061/209
f 1598/1061/209 1600/1063/209 1599/1062/209
f 1600/1063/209 1598/1061/209 1601/1064/209
f 1602/1065/209 1603/1066/209 1604/1067/209
f 1603/1066/209 1605/1068/209 1604/1067/209
f 1604/1067/209 1605/1068/209 1606/1069/209
f 1607/1070/209 1603/1066/209 1602/1065/209
f 1602/1065/209 1608/1071/209 1607/1070/209
f 1608/1071/209 1602/1065/209 1609/1072/209
f 1610/1069/209 1611/1063/209 1612/1064/209
f 1613/1068/209 1611/1063/209 1610/1069/209
f 1614/1059/209 1615/1072/209 1616/1057/209
f 1615/1072/209 1614/1059/209 1617/1071/209
f 1618/1262/796 1619/1046/797 1620/1045/798
f 1619/1046/797 1618/1262/796 1621/1263/799
f 1622/1264/800 1623/1028/644 1624/1265/801
f 1623/1028/644 1622/1264/800 1625/1027/802
f 1626/1136/728 1627/1012/803 1628/1183/804
f 1626/1136/728 1628/1183/804 1629/1003/729
f 1630/1149/805 1631/1148/806 1632/1266/807
f 1633/1145/808 1634/1267/809 1635/1144/810
f 1636/1138/167 1637/1268/811 1638/1269/590
f 1637/1268/811 1636/1138/167 1639/1098/209
f 1640/1140/208 1641/1268/812 1639/1098/209
f 1641/1268/812 1640/1140/208 1642/1270/813
f 1643/1271/814 1644/1272/815 1645/1035/816
f 1643/1271/814 1645/1035/816 1646/1037/817
f 1643/1271/814 1647/1273/818 1644/1272/815
f 1647/1273/818 1643/1271/814 1648/1274/819
f 1649/1031/820 1650/1030/821 1651/1275/822
f 1650/1030/821 1652/1276/823 1651/1275/822
f 1653/1277/824 1651/1275/822 1652/1276/823
f 1651/1275/822 1653/1277/824 1654/1278/824
f 1655/1189/825 1656/1188/826 1657/1022/209
f 1658/1022/209 1659/1234/433 1660/1189/825
f 1661/1048/827 1662/1279/811 1663/1280/828
f 1662/1279/811 1661/1048/827 1664/1050/209
f 1665/1051/208 1666/1279/812 1664/1050/209
f 1666/1279/812 1665/1051/208 1667/1281/829
f 1668/1200/742 1669/1019/743 1670/996/739
f 1669/1019/743 1668/1200/742 1671/1201/406
f 1671/1201/406 1672/1202/830 1669/1019/743
f 1673/1020/745 1669/1019/743 1672/1202/830
f 1673/1020/745 1674/1202/831 1675/1181/746
f 1676/1012/832 1677/1006/833 1678/1182/724
f 1678/1182/724 1679/1183/727 1676/1012/832
f 1680/1203/550 1681/1136/747 1682/1002/748
f 1683/1198/390 1684/995/392 1685/1054/834
f 1687/1282/167 1688/1283/209 1686/1284/167
f 1688/1283/209 1687/1282/167 1689/1285/209
f 1689/1285/209 1690/1286/208 1688/1283/209
f 1690/1286/208 1689/1285/209 1691/1287/208
f 1692/1288/645 1693/1289/226 1694/1290/645
f 1693/1289/226 1692/1288/645 1695/1291/226
f 1698/1288/209 1697/1292/222 1696/1293/222
f 1697/1292/222 1698/1288/209 1699/1290/835
f 1700/1294/836 1701/1285/209 1702/1295/208
f 1702/1295/208 1701/1285/209 1703/1283/209
f 1706/1283/209 1705/1296/167 1704/1297/167
f 1707/1285/209 1705/1296/167 1706/1283/209
f 1708/1298/208 1709/1299/208 1710/1300/209
f 1708/1298/208 1710/1300/209 1711/1301/209
f 1714/1301/209 1713/1302/167 1712/1303/167
f 1714/1301/209 1715/1300/209 1713/1302/167
f 1717/1304/167 1718/1301/837 1716/1305/167
f 1718/1301/837 1717/1304/167 1719/1300/837
f 1719/1300/837 1720/1306/208 1718/1301/837
f 1720/1306/208 1719/1300/837 1721/1307/208
f 1722/1199/741 1723/996/838 1724/995/740
f 1723/996/838 1722/1199/741 1725/1200/742
f 1726/1182/724 1727/1008/839 1728/1056/839
f 1727/1008/839 1726/1182/724 1729/1006/840
f 1730/1308/255 1731/1309/255 1732/1310/255
f 1730/1308/255 1732/1310/255 1733/1311/255
f 1732/1310/255 1731/1309/255 1734/1312/255
f 1733/1311/255 1732/1310/255 1735/1313/255
f 1731/1309/255 1736/1314/255 1734/1312/255
f 1737/1315/255 1733/1311/255 1735/1313/255
f 1731/1309/255 1738/1316/255 1736/1314/255
f 1737/1315/255 1735/1313/255 1739/1317/255
f 1740/1318/255 1736/1314/255 1738/1316/255
f 1739/1317/255 1741/1319/255 1737/1315/255
f 1736/1314/255 1740/1318/255 1742/1320/255
f 1740/1318/255 1743/1321/255 1742/1320/255
f 1740/1318/255 1744/1322/255 1743/1321/255
f 1741/1319/255 1745/1323/255 1737/1315/255
f 1746/1321/255 1745/1323/255 1741/1319/255
f 1745/1323/255 1746/1321/255 1747/1322/255
f 1749/1317/449 1750/1321/841 1748/1319/842
f 1752/1310/843 1749/1317/449 1751/1313/844
f 1749/1317/449 1752/1310/843 1753/1312/845
f 1753/1312/845 1755/1320/846 1749/1317/449
f 1755/1320/846 1753/1312/845 1754/1314/847
f 1749/1317/449 1755/1320/846 1750/1321/841
f 1757/1324/848 1756/1325/848 1758/1326/849
f 1758/1326/849 1759/1327/849 1757/1324/848
f 1759/1327/849 1758/1326/849 1760/1328/850
f 1761/1329/850 1759/1327/849 1760/1328/850
f 1761/1329/850 1760/1328/850 1762/1330/851
f 1762/1330/851 1763/1331/851 1761/1329/850
f 1763/1331/851 1762/1330/851 1764/1332/852
f 1764/1332/852 1765/1333/852 1763/1331/851
f 1766/1334/246 1767/1335/245 1768/1336/245
f 1767/1335/245 1766/1334/246 1769/1337/246
f 1770/1338/246 1771/1339/245 1772/1340/246
f 1773/1341/245 1772/1340/246 1771/1339/245
f 1774/1342/246 1775/1343/246 1776/1344/245
f 1777/1345/245 1774/1342/246 1776/1344/245
f 1778/1346/209 1779/671/853 1780/672/854
f 1781/673/855 1782/674/856 1783/1346/857
f 1784/1347/858 1785/1348/859 1786/1349/859
f 1786/1349/859 1785/1348/859 1787/1350/250
f 1787/1350/250 1788/1351/860 1786/1349/859
f 1785/1348/859 1784/1347/858 1789/1352/858
f 1790/1353/861 1789/1352/858 1784/1347/858
f 1789/1352/858 1790/1353/861 1791/1354/862
f 1792/1346/209 1793/675/863 1794/676/864
f 1795/677/865 1796/678/866 1797/1346/857
f 1798/1355/867 1799/1356/868 1800/1357/867
f 1799/1356/868 1801/1358/869 1800/1357/867
f 1799/1356/868 1802/1359/870 1801/1358/869
f 1803/1360/871 1801/1358/869 1802/1359/870
f 1802/1359/870 1804/1361/872 1803/1360/871
f 1804/1361/872 1805/1362/872 1803/1360/871
f 1806/1363/873 1807/1364/872 1808/1365/870
f 1807/1364/872 1809/1366/872 1808/1365/870
f 1808/1365/870 1810/1367/868 1806/1363/873
f 1811/1368/874 1806/1363/873 1810/1367/868
f 1811/1368/874 1810/1367/868 1812/1369/867
f 1813/1370/867 1811/1368/874 1812/1369/867
f 1814/1371/255 1815/1372/255 1816/1373/255
f 1815/1372/255 1814/1371/255 1817/1374/255
f 1818/1375/255 1816/1373/255 1815/1372/255
f 1816/1373/255 1818/1375/255 1819/1376/255
f 1819/1376/255 1820/1377/255 1816/1373/255
f 1820/1377/255 1819/1376/255 1821/1378/255
f 1823/1379/875 1824/1380/876 1822/1381/670
f 1827/1382/877 1825/1383/878 1826/1384/879
f 1828/1371/255 1829/1372/255 1830/1373/255
f 1829/1372/255 1828/1371/255 1831/1374/255
f 1832/1375/255 1830/1373/255 1829/1372/255
f 1830/1373/255 1832/1375/255 1833/1376/255
f 1833/1376/255 1834/1377/255 1830/1373/255
f 1834/1377/255 1833/1376/255 1835/1378/255
f 1837/1385/880 1838/1386/255 1836/1387/510
f 1840/1388/528 1839/1389/528 1841/1390/255
f 1841/1390/255 1842/1391/255 1840/1388/528
f 1843/1392/255 1844/1393/881 1845/1394/881
f 1844/1393/881 1843/1392/255 1846/1395/255
f 1847/1396/715 1846/1395/255 1843/1392/255
f 1846/1395/255 1847/1396/715 1848/1397/715
f 1849/1387/510 1851/1386/255 1850/1398/882
f 1853/1399/883 1854/1386/255 1852/1385/880
f 1856/1384/670 1855/1400/875 1857/1401/876
f 1858/1402/878 1859/1381/879 1860/1403/877
f 1863/1404/884 1862/1405/885 1861/1406/886
f 1861/1406/886 1864/1407/884 1863/1404/884
f 1865/1408/887 1863/1404/884 1864/1407/884
f 1863/1404/884 1865/1408/887 1866/1409/887
f 1867/1371/255 1868/1372/255 1869/1373/255
f 1868/1372/255 1867/1371/255 1870/1374/255
f 1871/1375/255 1869/1373/255 1868/1372/255
f 1869/1373/255 1871/1375/255 1872/1376/255
f 1872/1376/255 1873/1377/255 1869/1373/255
f 1873/1377/255 1872/1376/255 1874/1378/255
f 1876/1398/882 1877/1386/255 1875/1410/757
f 1878/1411/888 1880/1386/255 1879/1399/883
f 1882/1412/889 1883/1413/890 1881/1414/891
f 1882/1412/889 1884/1415/890 1883/1413/890
f 1885/1416/556 1883/1413/890 1884/1415/890
f 1883/1413/890 1885/1416/556 1886/1417/556
f 1888/1410/757 1889/1386/255 1887/1411/888
f 1890/1418/892 1892/1419/893 1891/1420/894
f 1891/1420/894 1892/1419/893 1893/1421/893
f 1892/1419/893 1894/1422/895 1893/1421/893
f 1894/1422/895 1892/1419/893 1895/1423/895
f 1896/1424/896 1898/1425/897 1897/1426/898
f 1897/1426/898 1898/1425/897 1899/1427/897
f 1898/1425/897 1900/1428/899 1899/1427/897
f 1900/1428/899 1898/1425/897 1901/1429/899
f 1902/1430/255 1903/1431/900 1904/1432/900
f 1905/1433/255 1903/1431/900 1902/1430/255
f 1906/1434/901 1904/1432/900 1903/1431/900
f 1903/1431/900 1907/1435/900 1906/1434/901
f 1908/1436/900 1906/1434/901 1907/1435/900
f 1906/1434/901 1908/1436/900 1909/1437/900
f 1908/1436/900 1910/1438/255 1909/1437/900
f 1910/1438/255 1908/1436/900 1911/1439/255
f 1912/1438/255 1913/1440/902 1914/1441/902
f 1913/1440/902 1912/1438/255 1915/1439/255
f 1914/1441/902 1916/1442/902 1917/1443/902
f 1918/1444/902 1916/1442/902 1919/1445/902
f 1919/1445/902 1920/1430/255 1918/1444/902
f 1920/1430/255 1919/1445/902 1921/1433/255
f 1922/1442/902 1923/1441/902 1924/1440/902
f 1922/1442/902 1925/1444/902 1926/1443/902
f 1927/1446/903 1928/1447/904 1929/1448/904
f 1928/1447/904 1930/1449/905 1929/1448/904
f 1929/1448/904 1930/1449/905 1931/1450/905
f 1927/1446/903 1929/1448/904 1932/1451/904
f 1933/1452/904 1927/1446/903 1932/1451/904
f 1927/1446/903 1933/1452/904 1934/1453/904
f 1934/1453/904 1935/1454/904 1936/1455/904
f 1937/1456/905 1935/1454/904 1938/1457/905
f 1939/1457/905 1940/1458/906 1941/1456/905
f 1940/1458/906 1939/1457/905 1942/1459/906
f 1942/1459/906 1943/1460/906 1940/1458/906
f 1940/1458/906 1943/1460/906 1944/1461/906
f 1945/1449/905 1944/1461/906 1943/1460/906
f 1945/1449/905 1943/1460/906 1946/1450/905
f 1947/1452/904 1948/1454/904 1949/1453/904
f 1950/1456/905 1951/1455/904 1948/1454/904
f 1952/1462/907 1953/1463/565 1954/1464/908
f 1952/1462/907 1955/1465/909 1953/1463/565
f 1956/1466/910 1957/1467/911 1958/1468/912
f 1956/1466/910 1958/1468/912 1959/1469/913
f 1960/1469/914 1961/1470/915 1962/1466/916
f 1963/1464/917 1964/1471/918 1965/1462/919
f 1966/1472/920 1967/1473/799 1968/1474/796
f 1967/1473/799 1966/1472/920 1969/1475/921
f 1970/1476/255 1971/1477/255 1972/1478/255
f 1972/1478/255 1973/1479/255 1970/1476/255
f 1971/1477/255 1970/1476/255 1974/1480/255
f 1970/1476/255 1973/1479/255 1975/1481/255
f 1976/1482/255 1971/1477/255 1974/1480/255
f 1973/1479/255 1977/1483/255 1975/1481/255
f 1971/1477/255 1976/1482/255 1978/1484/255
f 1977/1483/255 1973/1479/255 1979/1485/255
f 1976/1482/255 1980/1486/255 1978/1484/255
f 1979/1485/255 1981/1487/255 1977/1483/255
f 1980/1486/255 1976/1482/255 1982/1488/255
f 1981/1487/255 1979/1485/255 1983/1489/255
f 1984/1490/255 1980/1486/255 1982/1488/255
f 1985/1491/255 1981/1487/255 1983/1489/255
f 1980/1486/255 1984/1490/255 1985/1491/255
f 1981/1487/255 1985/1491/255 1984/1490/255
f 1986/1492/255 1987/1493/255 1988/1494/255
f 1986/1492/255 1988/1494/255 1989/1495/255
f 1990/1496/255 1991/1497/255 1992/1498/255
f 1992/1498/255 1993/1499/255 1990/1496/255
f 1992/1498/255 1991/1497/255 1994/1500/255
f 1991/1497/255 1995/1501/255 1994/1500/255
f 1995/1501/255 1991/1497/255 1996/1502/255
f 1993/1499/255 1992/1498/255 1997/1503/255
f 1998/1504/255 1993/1499/255 1997/1503/255
f 1993/1499/255 1998/1504/255 1999/1505/255
f 2000/1506/255 1999/1505/255 1998/1504/255
f 2000/1506/255 1998/1504/255 2001/1507/255
f 2002/1508/255 2000/1506/255 2001/1507/255
f 2000/1506/255 2002/1508/255 2003/1509/255
f 2004/1502/255 2005/1510/255 2006/1501/255
f 2006/1501/255 2005/1510/255 2007/1511/255
f 2005/1510/255 2008/1508/255 2007/1511/255
f 2008/1508/255 2005/1510/255 2009/1509/255
f 2010/1512/255 2011/1513/255 2012/1514/255
f 2010/1512/255 2012/1514/255 2013/1515/255
f 2014/1516/255 2015/1517/255 2016/1518/255
f 2014/1516/255 2016/1518/255 2017/1519/255
f 2018/1520/255 2019/1521/255 2020/1522/255
f 2020/1522/255 2021/1523/255 2018/1520/255
f 2022/1524/255 2023/1525/255 2024/1526/255
f 2023/1525/255 2022/1524/255 2025/1527/255
f 2026/1528/922 2027/1529/923 2028/1530/924
f 2028/1530/924 2029/1531/925 2026/1528/922
f 2030/1529/926 2031/1528/927 2032/1532/928
f 2033/1475/929 2034/1472/930 2035/1533/931
f 2037/1534/261 2038/1535/847 2036/1536/932
f 2038/1535/847 2037/1534/261 2039/1537/260
f 2039/1537/260 2040/1538/933 2038/1535/847
f 2040/1538/933 2039/1537/260 2041/1539/208
f 2042/1540/934 2043/1541/934 2044/1542/935
f 2044/1542/935 2045/1543/936 2042/1540/934
f 2044/1542/935 2046/1544/937 2045/1543/936
f 2044/1542/935 2047/1545/937 2046/1544/937
f 2048/1546/938 2046/1544/937 2047/1545/937
f 2046/1544/937 2048/1546/938 2049/1547/938
f 2052/1548/265 2051/1549/939 2050/1550/940
f 2051/1549/939 2052/1548/265 2053/1551/265
f 2055/1552/939 2056/1553/265 2054/1554/939
f 2057/1555/941 2054/1554/939 2056/1553/265
f 2058/1556/939 2059/1557/265 2060/1558/939
f 2059/1557/265 2061/1559/265 2060/1558/939
f 2062/1560/267 2063/1561/267 2061/1559/942
f 2064/1557/942 2062/1560/267 2061/1559/942
f 2066/1562/943 2065/1563/617 2067/1564/944
f 2068/1565/945 2069/1566/946 2070/1567/947
f 2071/1568/208 2072/1569/948 2073/1570/260
f 2072/1569/948 2071/1568/208 2074/1571/665
f 2076/1569/948 2077/1572/949 2075/1573/261
f 2076/1569/948 2075/1573/261 2078/1570/260
f 2079/1574/950 2080/1575/951 2081/1576/952
f 2080/1575/951 2079/1574/950 2082/1577/953
f 2082/1577/953 2083/1578/954 2080/1575/951
f 2080/1575/951 2083/1578/954 2084/1579/955
f 2085/1580/956 2086/1581/957 2087/1582/958
f 2086/1581/957 2085/1580/956 2088/1583/959
f 2089/1584/960 2086/1581/957 2088/1583/959
f 2086/1581/957 2089/1584/960 2090/1585/961
f 2091/1586/260 2092/1587/260 2093/1588/260
f 2094/1589/260 2091/1586/260 2093/1588/260
f 2091/1586/260 2094/1589/260 2095/1590/260
f 2096/1591/260 2094/1589/260 2093/1588/260
f 2094/1589/260 2096/1591/260 2097/1592/260
f 2096/1591/260 2093/1588/260 2098/1593/260
f 2099/1594/962 2100/1595/963 2101/1596/964
f 2100/1595/963 2099/1594/962 2102/1597/965
f 2103/1598/966 2102/1597/965 2099/1594/962
f 2102/1597/965 2103/1598/966 2104/1599/967
f 2106/1600/968 2107/1601/969 2108/1602/970
f 2107/1601/969 2106/1600/968 2109/1603/971
f 2107/1601/969 2109/1603/971 2110/1604/972
f 2112/1605/356 2113/1606/973 2114/1607/974
f 2113/1606/973 2112/1605/356 2115/1608/975
f 2116/1609/267 2117/1551/942 2118/1548/942
f 2117/1551/942 2116/1609/267 2119/1610/267
f 2120/1611/267 2121/1555/942 2122/1612/267
f 2123/1553/942 2122/1612/267 2121/1555/942
f 2124/1613/208 2125/1614/948 2126/1615/260
f 2125/1614/948 2124/1613/208 2127/1616/665
f 2129/1614/948 2130/1617/949 2128/1618/261
f 2129/1614/948 2128/1618/261 2131/1615/260
f 2134/1619/260 2133/1620/208 2132/1621/976
f 2134/1619/260 2135/1622/260 2133/1620/208
f 2136/1623/261 2135/1622/260 2134/1619/260
f 2136/1623/261 2137/1624/261 2135/1622/260
f 2140/1625/260 2139/1626/208 2138/1627/976
f 2140/1625/260 2141/1628/260 2139/1626/208
f 2142/1629/261 2141/1628/260 2140/1625/260
f 2142/1629/261 2143/1630/261 2141/1628/260
f 2144/1631/261 2145/1632/261 2146/1633/260
f 2144/1631/261 2146/1633/260 2147/1634/260
f 2147/1634/260 2146/1633/260 2148/1635/208
f 2147/1634/260 2148/1635/208 2149/1636/208
f 2152/1637/269 2150/1638/388 2151/1639/977
f 2150/1638/388 2152/1637/269 2153/1640/978
f 2154/1641/979 2153/1640/978 2152/1637/269
f 2153/1640/978 2154/1641/979 2155/1642/980
f 2156/1643/981 2155/1642/980 2154/1641/979
f 2155/1642/980 2156/1643/981 2157/1644/982
f 2159/1567/943 2160/1645/617 2158/1646/944
f 2163/1647/946 2162/1562/947 2161/1648/945
f 2164/1649/983 2165/1650/984 2166/1615/260
f 2166/1615/260 2105/1651/208 2164/1649/983
f 2166/1615/260 2167/1652/985 2105/1651/208
f 2167/1652/985 2166/1615/260 2168/1653/986
f 2169/1654/987 2170/1653/986 2166/1615/260
f 2166/1615/260 2171/1655/261 2169/1654/987
f 2166/1615/260 2172/1656/988 2171/1655/261
f 2172/1656/988 2166/1615/260 2173/1650/984
f 2174/1657/989 2175/1658/984 2176/1570/260
f 2176/1570/260 2111/1659/208 2174/1657/989
f 2176/1570/260 2177/1660/990 2111/1659/208
f 2177/1660/990 2176/1570/260 2178/1661/986
f 2179/1662/991 2180/1661/986 2176/1570/260
f 2176/1570/260 2181/1663/261 2179/1662/991
f 2176/1570/260 2182/1664/992 2181/1663/261
f 2182/1664/992 2176/1570/260 2183/1658/984
f 2184/1665/993 2185/1599/994 2186/1598/995
f 2185/1599/994 2184/1665/993 2187/1666/996
f 2184/1665/993 2188/1667/997 2187/1666/996
f 2188/1667/997 2184/1665/993 2189/1668/998
f 2190/1669/999 2191/1670/1000 2192/1671/1001
f 2191/1670/1000 2190/1669/999 2193/1672/1002
f 2194/1673/1003 2193/1672/1002 2190/1669/999
f 2193/1672/1002 2194/1673/1003 2195/1674/1004
f 2196/1675/1005 2195/1674/1004 2194/1673/1003
f 2195/1674/1004 2196/1675/1005 2197/1676/1006
f 2198/1677/1007 2197/1676/1006 2196/1675/1005
f 2197/1676/1006 2198/1677/1007 2199/1678/1008
f 2198/1677/1007 2200/1679/1009 2199/1678/1008
f 2200/1679/1009 2198/1677/1007 2201/1680/1010
f 2201/1680/1010 2202/1681/1011 2200/1679/1009
f 2203/1682/752 2205/1683/1012 2204/1684/1013
f 2206/1685/261 2207/1686/261 2208/1537/260
f 2207/1686/261 2209/1687/260 2208/1537/260
f 2208/1537/260 2209/1687/260 2210/1688/208
f 2209/1687/260 2211/1689/208 2210/1688/208
f 2214/1690/1014 2213/1691/411 2212/1692/1015
f 2214/1690/1014 2212/1692/1015 2215/1693/409
f 2214/1690/1014 2215/1693/409 2216/1694/1016
f 2216/1694/1016 2215/1693/409 2217/1695/755
f 2216/1694/1016 2217/1695/755 2218/1696/1017
f 2218/1696/1017 2217/1695/755 2219/1697/1018
f 2218/1696/1017 2219/1697/1018 2220/1698/888
f 2220/1698/888 2219/1697/1018 2221/1699/1019
f 2224/1700/260 2223/1701/208 2222/1702/208
f 2224/1700/260 2225/1703/260 2223/1701/208
f 2226/1704/261 2225/1703/260 2224/1700/260
f 2226/1704/261 2227/1705/261 2225/1703/260
f 2230/1706/1020 2228/1707/1021 2229/1708/895
f 2228/1707/1021 2230/1706/1020 2231/1709/1022
f 2232/1710/1023 2231/1709/1022 2230/1706/1020
f 2231/1709/1022 2232/1710/1023 2233/1711/1024
f 2233/1711/1024 2232/1710/1023 2234/1712/1025
f 2235/1713/1026 2233/1711/1024 2234/1712/1025
f 2236/1714/1027 2237/1715/1028 2238/1716/1029
f 2238/1716/1029 2237/1715/1028 2239/1717/1030
f 2240/1718/1031 2236/1714/1027 2238/1716/1029
f 2236/1714/1027 2240/1718/1031 2241/1719/1032
f 2240/1718/1031 2242/1720/1033 2241/1719/1032
f 2241/1719/1032 2242/1720/1033 2243/1721/1034
f 2242/1720/1033 2244/1722/1035 2243/1721/1034
f 2243/1721/1034 2244/1722/1035 2245/1723/1035
f 2244/1722/1035 2246/1724/1036 2245/1723/1035
f 2246/1724/1036 2244/1722/1035 2247/1725/1037
f 2246/1724/1036 2247/1725/1037 2248/1681/1038
f 2250/1726/1039 2249/1727/1040 2251/1683/1041
f 2252/1728/1042 2253/1579/1043 2254/1578/1044
f 2253/1579/1043 2252/1728/1042 2255/1729/1045
f 2256/1730/1046 2257/1731/1047 2258/1561/1046
f 2259/1559/1047 2258/1561/1046 2257/1731/1047
f 2260/1560/1046 2261/1557/1047 2262/1732/1046
f 2263/1733/1047 2262/1732/1046 2261/1557/1047
f 2264/1600/968 2265/1734/1048 2266/1735/1049
f 2265/1734/1048 2264/1600/968 2267/1602/1050
f 2270/1736/295 2269/1737/419 2268/1738/419
f 2269/1737/419 2270/1736/295 2271/1739/295
f 2272/1740/1051 2271/1739/295 2270/1736/295
f 2271/1739/295 2272/1740/1051 2273/1741/1051
f 2274/1742/1052 2273/1741/1051 2272/1740/1051
f 2273/1741/1051 2274/1742/1052 2275/1743/1052
f 2277/1744/1053 2276/1618/261 2278/1745/1054
f 2276/1618/261 2277/1744/1053 2279/1615/260
f 2280/1613/208 2281/1744/1053 2282/1746/829
f 2281/1744/1053 2280/1613/208 2283/1615/260
f 2284/1580/1055 2285/1747/1056 2286/1748/1057
f 2285/1747/1056 2284/1580/1055 2287/1582/1058
f 2286/1748/1059 2288/1735/1060 2289/1734/1048
f 2288/1735/1060 2286/1748/1059 2290/1747/1061
f 2291/1668/998 2292/1604/1062 2293/1667/997
f 2294/1749/1063 2295/1750/1064 2296/1751/1064
f 2296/1751/1064 2297/1752/1063 2294/1749/1063
f 2298/1607/1065 2294/1749/1063 2297/1752/1063
f 2294/1749/1063 2298/1607/1065 2299/1606/1066
f 2300/1596/1067 2301/1595/1068 2302/1753/1069
f 2301/1595/1068 2303/1754/1070 2302/1753/1069
f 2304/1755/1071 2302/1753/1069 2303/1754/1070
f 2302/1753/1069 2304/1755/1071 2305/1756/1071
f 2307/1757/1053 2306/1573/261 2308/1758/1054
f 2306/1573/261 2307/1757/1053 2309/1570/260
f 2310/1568/208 2311/1757/1053 2312/1759/829
f 2311/1757/1053 2310/1568/208 2313/1570/260
f 2314/1760/208 2315/1761/208 2316/1762/260
f 2314/1760/208 2316/1762/260 2317/1763/260
f 2317/1763/260 2316/1762/260 2318/1764/261
f 2317/1763/260 2318/1764/261 2319/1765/261
f 2321/1766/282 2322/1767/1072 2320/1768/282
f 2322/1767/1072 2321/1766/282 2323/1769/1073
f 2323/1769/1073 2324/1770/283 2322/1767/1072
f 2322/1767/1072 2324/1770/283 2325/1771/283
f 2326/1772/260 2327/1773/260 2328/1774/260
f 2328/1774/260 2329/1775/260 2326/1772/260
f 2330/1776/260 2331/1777/260 2332/1778/260
f 2331/1777/260 2330/1776/260 2333/1779/260
f 2336/1763/260 2334/1780/208 2335/1781/208
f 2337/1762/260 2334/1780/208 2336/1763/260
f 2338/1782/261 2337/1762/260 2336/1763/260
f 2339/1783/261 2337/1762/260 2338/1782/261
f 2342/1784/260 2341/1785/208 2340/1786/208
f 2342/1784/260 2343/1787/260 2341/1785/208
f 2344/1788/261 2343/1787/260 2342/1784/260
f 2344/1788/261 2345/1789/261 2343/1787/260
f 2346/1790/208 2347/1791/208 2348/1787/260
f 2346/1790/208 2348/1787/260 2349/1784/260
f 2349/1784/260 2348/1787/260 2350/1792/261
f 2349/1784/260 2350/1792/261 2351/1793/261
f 2352/1731/937 2353/1794/1074 2354/1559/937
f 2355/1558/1074 2354/1559/937 2353/1794/1074
f 2356/1557/937 2357/1556/1074 2358/1733/937
f 2359/1795/1074 2358/1733/937 2357/1556/1074
f 2361/1796/168 2362/1797/843 2360/1798/1075
f 2362/1797/843 2361/1796/168 2363/1799/304
f 2363/1799/304 2364/1800/1076 2362/1797/843
f 2364/1800/1076 2363/1799/304 2365/1801/261
f 2366/1802/1077 2367/1803/1078 2368/1804/1079
f 2368/1804/1079 2369/1805/1077 2366/1802/1077
f 2370/1806/1080 2368/1804/1079 2367/1803/1078
f 2368/1804/1079 2370/1806/1080 2371/1807/1080
f 2372/1808/1081 2373/1809/1082 2374/1810/1083
f 2374/1810/1083 2373/1809/1082 2375/1811/1084
f 2376/1812/1085 2377/1807/1086 2378/1806/1087
f 2376/1812/1085 2378/1806/1087 2379/1813/1088
f 2380/1814/1089 2376/1812/1085 2379/1813/1088
f 2376/1812/1085 2380/1814/1089 2381/1815/1089
f 2383/1816/947 2382/1817/946 2384/1818/1090
f 2384/1818/1091 2385/1817/1092 2386/1819/1093
f 2387/1820/1094 2388/1821/1095 2389/1822/1095
f 2387/1820/1094 2389/1822/1095 2390/1823/1096
f 2391/1824/1097 2387/1820/1094 2390/1823/1096
f 2387/1820/1094 2391/1824/1097 2392/1825/1098
f 2393/1826/1099 2394/1822/1100 2388/1821/1100
f 2394/1822/1100 2393/1826/1099 2395/1827/1101
f 2396/1828/1102 2397/1829/1103 2398/1830/1103
f 2396/1828/1102 2398/1830/1103 2399/1831/1104
f 2400/1832/1105 2396/1828/1102 2399/1831/1104
f 2396/1828/1102 2400/1832/1105 2401/1802/1106
f 2402/1833/1107 2403/1808/1081 2404/1834/1107
f 2403/1808/1081 2405/1810/1083 2404/1834/1107
f 2404/1834/1107 2406/1835/1108 2402/1833/1107
f 2406/1835/1108 2404/1834/1107 2407/1836/1109
f 2408/1807/1110 2409/1804/1111 2410/1837/304
f 2411/1838/1112 2412/1839/1113 2413/1840/1114
f 2412/1839/1113 2411/1838/1112 2414/1841/1115
f 2411/1838/1112 2415/1842/1116 2414/1841/1115
f 2415/1842/1116 2411/1838/1112 2416/1843/1117
f 2417/1812/1118 2418/1807/1110 2419/1837/304
f 2420/1844/1119 2421/1845/1120 2422/1846/1121
f 2421/1845/1120 2420/1844/1119 2423/1847/1122
f 2424/1848/1123 2421/1845/1120 2423/1847/1122
f 2421/1845/1120 2424/1848/1123 2425/1849/1124
f 2426/1850/1125 2427/1851/1126 2428/1852/1127
f 2427/1851/1126 2429/1853/1128 2428/1852/1127
f 2427/1851/1126 2426/1850/1125 2430/1854/1129
f 2432/1855/1130 2433/1856/482 2431/1857/1131
f 2432/1855/1130 2431/1857/1131 2434/1858/304
f 2435/1859/261 2436/1855/1130 2434/1858/304
f 2436/1855/1130 2435/1859/261 2437/1860/949
f 2438/1861/1132 2439/1862/1133 2440/1863/1134
f 2439/1862/1133 2438/1861/1132 2441/1864/1135
f 2439/1862/1133 2441/1864/1135 2442/1865/1136
f 2443/1866/347 2444/1867/1137 2445/1868/1138
f 2444/1867/1137 2443/1866/347 2446/1869/1139
f 2447/1870/341 2448/1871/1140 2449/1872/1141
f 2448/1871/1140 2447/1870/341 2450/1873/1142
f 2451/1874/1143 2452/1875/1144 2453/1876/1145
f 2452/1875/1144 2451/1874/1143 2454/1824/1146
f 2455/1874/878 2453/1876/1147 2456/1811/879
f 2457/1824/1148 2458/1877/1149 2452/1875/1150
f 2458/1877/1149 2457/1824/1148 2459/1823/1149
f 2460/1878/304 2461/1879/304 2462/1880/304
f 2461/1879/304 2460/1878/304 2463/1881/304
f 2463/1881/304 2464/1882/304 2461/1879/304
f 2464/1882/304 2463/1881/304 2465/1883/304
f 2465/1883/304 2466/1884/304 2464/1882/304
f 2467/1885/304 2464/1882/304 2466/1884/304
f 2468/1886/304 2469/1887/304 2470/1888/304
f 2469/1887/304 2471/1889/304 2470/1888/304
f 2470/1888/304 2471/1889/304 2472/1890/304
f 2473/1891/304 2469/1887/304 2468/1886/304
f 2468/1886/304 2474/1892/304 2473/1891/304
f 2474/1892/304 2468/1886/304 2475/1893/304
f 2476/1884/304 2477/1893/304 2478/1885/304
f 2477/1893/304 2476/1884/304 2479/1892/304
f 2480/1890/304 2481/1878/304 2482/1880/304
f 2483/1889/304 2481/1878/304 2480/1890/304
f 2484/1894/304 2485/1895/304 2486/1896/304
f 2484/1894/304 2486/1896/304 2487/1897/304
f 2486/1896/304 2485/1895/304 2488/1898/304
f 2486/1896/304 2488/1898/304 2489/1899/304
f 2490/1897/304 2491/1900/304 2492/1894/304
f 2492/1894/304 2491/1900/304 2493/1901/304
f 2494/1902/304 2493/1901/304 2491/1900/304
f 2494/1902/304 2495/1903/304 2493/1901/304
f 2494/1902/304 2496/1904/304 2495/1903/304
f 2497/1905/304 2495/1903/304 2496/1904/304
f 2498/1906/304 2497/1905/304 2496/1904/304
f 2498/1906/304 2499/1907/304 2497/1905/304
f 2498/1906/304 2500/1908/304 2499/1907/304
f 2500/1908/304 2498/1906/304 2501/1909/304
f 2502/1910/1151 2503/1911/1152 2504/1813/1153
f 2505/1912/1154 2504/1813/1153 2503/1911/1152
f 2504/1813/1153 2506/1806/1155 2502/1910/1151
f 2504/1813/1153 2505/1912/1154 2507/1814/1154
f 2508/1803/1156 2502/1910/1151 2506/1806/1155
f 2509/1913/1157 2507/1814/1154 2505/1912/1154
f 2502/1910/1151 2508/1803/1156 2510/1914/1158
f 2511/1832/1105 2510/1914/1158 2508/1803/1156
f 2508/1803/1156 2512/1802/1106 2511/1832/1105
f 2509/1913/1157 2505/1912/1154 2513/1915/1159
f 2514/1830/1103 2509/1913/1157 2513/1915/1159
f 2509/1913/1157 2514/1830/1103 2515/1829/1103
f 2516/1916/304 2517/1917/304 2518/1918/304
f 2518/1918/304 2517/1917/304 2519/1919/304
f 2520/1920/304 2519/1919/304 2517/1917/304
f 2517/1917/304 2521/1921/304 2520/1920/304
f 2516/1916/304 2518/1918/304 2522/1922/304
f 2522/1922/304 2523/1923/304 2516/1916/304
f 2516/1916/304 2523/1923/304 2524/1924/304
f 2524/1924/304 2525/1925/304 2516/1916/304
f 2525/1925/304 2524/1924/304 2526/1926/304
f 2524/1924/304 2527/1927/304 2526/1926/304
f 2528/1928/304 2526/1926/304 2527/1927/304
f 2527/1927/304 2529/1929/304 2528/1928/304
f 2529/1929/304 2527/1927/304 2530/1930/304
f 2531/1931/1160 2532/1827/1161 2533/1826/1162
f 2532/1827/1161 2531/1931/1160 2534/1932/1163
f 2536/1933/1164 2537/1934/482 2535/1935/168
f 2536/1933/1164 2535/1935/168 2538/1936/304
f 2539/1937/261 2540/1933/1130 2538/1936/304
f 2540/1933/1130 2539/1937/261 2541/1938/1165
f 2542/1939/1166 2543/1940/1167 2544/1941/1168
f 2543/1940/1167 2542/1939/1166 2545/1942/1169
f 2545/1942/1169 2546/1943/1170 2543/1940/1167
f 2546/1943/1170 2545/1942/1169 2547/1944/1171
f 2547/1944/1171 2548/1945/1172 2546/1943/1170
f 2548/1945/1172 2547/1944/1171 2549/1946/1173
f 2549/1946/1173 2550/1947/1174 2548/1945/1172
f 2550/1947/1174 2549/1946/1173 2551/1948/1175
f 2552/1949/1176 2550/1947/1174 2551/1948/1175
f 2550/1947/1174 2552/1949/1176 2553/1950/1177
f 2553/1950/1177 2552/1949/1176 2554/1951/1178
f 2555/1952/524 2556/1953/1179 2557/1954/1180
f 2560/1955/304 2559/1956/261 2558/1957/261
f 2560/1955/304 2561/1958/304 2559/1956/261
f 2562/1959/168 2561/1958/304 2560/1955/304
f 2562/1959/168 2563/1960/168 2561/1958/304
f 2566/1961/304 2565/1962/261 2564/1963/261
f 2566/1961/304 2567/1964/304 2565/1962/261
f 2568/1965/168 2567/1964/304 2566/1961/304
f 2568/1965/168 2569/1966/168 2567/1964/304
f 2572/1967/304 2571/1968/261 2570/1969/261
f 2572/1967/304 2573/1970/304 2571/1968/261
f 2574/1971/168 2573/1970/304 2572/1967/304
f 2574/1971/168 2575/1972/168 2573/1970/304
f 2576/1973/881 2578/1974/304 2577/1975/881
f 2578/1974/304 2579/1976/431 2577/1975/881
f 2580/1977/1181 2581/1978/514 2582/1979/304
f 2583/1980/1182 2582/1979/304 2581/1978/514
f 2580/1977/1181 2582/1979/304 2584/1981/1183
f 2582/1979/304 2583/1980/1182 2585/1982/382
f 2586/1983/880 2580/1977/1181 2584/1981/1183
f 2586/1983/880 2584/1981/1183 2587/1984/1184
f 2588/1985/372 2585/1982/382 2583/1980/1182
f 2589/1835/1185 2590/1836/1109 2591/1986/1186
f 2592/1987/1187 2593/1988/1188 2594/1989/1189
f 2593/1988/1188 2592/1987/1187 2595/1990/1190
f 2596/1991/1191 2595/1990/1190 2592/1987/1187
f 2595/1990/1190 2596/1991/1191 2597/1992/1192
f 2598/1993/1193 2597/1992/1192 2596/1991/1191
f 2597/1992/1192 2598/1993/1193 2599/1994/1194
f 2600/1995/1195 2599/1994/1194 2598/1993/1193
f 2599/1994/1194 2600/1995/1195 2601/1996/1195
f 2600/1995/1195 2602/1997/1196 2601/1996/1195
f 2602/1997/1196 2600/1995/1195 2603/1998/1197
f 2603/1998/1197 2604/1999/1198 2602/1997/1196
f 2605/2000/981 2607/2001/1199 2606/2002/1200
f 2608/1875/1144 2609/1874/1201 2610/1824/1148
f 2609/1874/1201 2608/1875/1144 2611/1876/1145
f 2610/1824/1148 2612/1877/1149 2608/1875/1144
f 2613/1811/879 2609/1874/1201 2611/1876/1145
f 2610/1824/1148 2614/1823/1149 2612/1877/1149
f 2612/1877/1149 2614/1823/1149 2616/2003/1202
f 2617/1810/1083 2615/1809/1082 2613/1811/1084
f 2614/1823/1149 2618/1822/1202 2616/2003/1202
f 2615/1809/1082 2617/1810/1083 2619/1808/1081
f 2620/1827/1203 2616/2003/1202 2618/1822/1202
f 2621/1834/1107 2619/1808/1081 2617/1810/1083
f 2616/2003/1202 2620/1827/1203 2622/2004/1204
f 2619/1808/1081 2621/1834/1107 2623/1833/1107
f 2624/1932/1205 2622/2004/1204 2620/1827/1203
f 2625/1835/1108 2623/1833/1107 2621/1834/1107
f 2621/1834/1107 2626/1836/1109 2625/1835/1108
f 2626/1836/1109 2627/1986/1186 2625/1835/1108
f 2622/2004/1204 2624/1932/1205 2628/1816/1206
f 2628/1816/947 2629/1817/946 2630/1818/1090
f 2629/1817/946 2631/1819/1093 2630/1818/1090
f 2633/1936/304 2632/2005/261 2634/2006/1207
f 2634/2006/1207 2635/2007/1208 2633/1936/304
f 2633/1936/304 2636/2008/1209 2632/2005/261
f 2636/2008/1209 2633/1936/304 2637/2009/1210
f 2638/2010/1211 2633/1936/431 2639/2007/1208
f 2633/1936/431 2638/2010/1211 2640/2011/168
f 2633/1936/431 2640/2011/168 2641/2012/1212
f 2641/2012/1212 2642/2009/1213 2633/1936/431
f 2643/2013/887 2645/2014/1214 2644/2015/1215
f 2645/2014/1214 2643/2013/887 2646/2016/1216
f 2646/2016/1216 2647/2017/1217 2645/2014/1214
f 2646/2016/1216 2648/2018/1218 2647/2017/1217
f 2649/2019/1219 2647/2017/1217 2648/2018/1218
f 2649/2019/1219 2648/2018/1218 2650/2020/1220
f 2652/1858/304 2651/2021/261 2653/2022/1207
f 2653/2022/1207 2654/2023/1221 2652/1858/304
f 2652/1858/304 2655/2024/1209 2651/2021/261
f 2655/2024/1209 2652/1858/304 2656/2025/1210
f 2657/2026/1222 2652/1858/304 2658/2023/1208
f 2652/1858/304 2657/2026/1222 2659/2027/168
f 2652/1858/304 2659/2027/168 2660/2028/1212
f 2660/2028/1212 2661/2025/1213 2652/1858/304
f 2662/2029/304 2663/2030/304 2664/2031/304
f 2663/2030/304 2662/2029/304 2665/2032/304
f 2666/2033/1223 2667/2034/1224 2668/1829/1224
f 2666/2033/1223 2668/1829/1224 2669/1828/1225
f 2670/1802/1226 2666/2033/1223 2669/1828/1225
f 2666/2033/1223 2670/1802/1226 2671/1805/1226
f 2672/2035/304 2673/2036/304 2674/2037/304
f 2673/2036/304 2672/2035/304 2675/2038/304
f 2676/2039/304 2677/2040/304 2678/2041/304
f 2678/2041/304 2679/2042/304 2676/2039/304
f 2680/2043/397 2681/1824/1097 2682/1874/1227
f 2680/2043/397 2682/1874/1227 2683/1809/398
f 2681/1824/1097 2680/2043/397 2684/1825/1228
f 2684/1825/1228 2686/1820/1094 2681/1824/1097
f 2687/1808/1229 2685/2044/396 2683/1809/1230
f 2681/1824/1097 2686/1820/1094 2688/1823/1096
f 2689/2045/1231 2685/2044/396 2687/1808/1229
f 2686/1820/1094 2690/1822/1100 2688/1823/1096
f 2689/2045/1231 2687/1808/1229 2691/1833/1232
f 2690/1822/1100 2686/1820/1094 2692/1821/1100
f 2693/2046/1233 2689/2045/1231 2691/1833/1232
f 2694/1826/1162 2690/1822/1100 2692/1821/1100
f 2691/1833/1232 2695/2047/1234 2693/2046/1233
f 2695/2047/1234 2691/1833/1232 2696/1835/1235
f 2695/2047/1234 2696/1835/1235 2697/1986/1236
f 2698/1827/1101 2690/1822/1100 2694/1826/1162
f 2694/1826/1162 2699/1931/1160 2698/1827/1101
f 2698/1827/1101 2699/1931/1160 2700/1932/1163
f 2700/1932/554 2701/2048/400 2702/1817/1237
f 2582/1979/304 2703/1982/382 2704/2049/1014
f 2582/1979/304 2704/2049/1014 2705/2050/1016
f 2706/2051/1238 2582/1979/304 2705/2050/1016
f 2582/1979/304 2706/2051/1238 2707/1981/1183
f 2708/2052/888 2707/1981/1183 2706/2051/1238
f 2707/1981/1183 2708/2052/888 2709/1984/1184
f 2711/2053/415 2710/2054/415 2712/1976/304
f 2713/1974/304 2711/2053/415 2712/1976/304
f 2714/1824/1239 2715/2043/397 2716/1825/1240
f 2715/2043/397 2714/1824/1239 2717/1874/1227
f 2718/1815/1241 2719/1814/1241 2720/2055/1242
f 2720/2055/1242 2719/1814/1241 2721/1913/1243
f 2722/1829/1244 2720/2055/1242 2721/1913/1243
f 2720/2055/1242 2722/1829/1244 2723/2034/1244
f 2724/1799/304 2725/2056/304 2726/2057/261
f 2725/2056/304 2727/2058/261 2726/2057/261
f 2728/2059/168 2729/2060/168 2730/1799/857
f 2729/2060/168 2731/2056/304 2730/1799/857
f 2734/2061/304 2733/2062/261 2732/2063/261
f 2734/2061/304 2735/2064/304 2733/2062/261
f 2736/2065/168 2735/2064/304 2734/2061/304
f 2736/2065/168 2737/2066/168 2735/2064/304
f 2738/1885/304 2739/1882/304 2740/1884/304
f 2741/1883/304 2740/1884/304 2739/1882/304
f 2739/1882/304 2742/1881/304 2741/1883/304
f 2742/1881/304 2739/1882/304 2743/1879/304
f 2743/1879/304 2744/1878/304 2742/1881/304
f 2744/1878/304 2743/1879/304 2745/1880/304
f 2746/1886/304 2747/1887/304 2748/1888/304
f 2747/1887/304 2749/1889/304 2748/1888/304
f 2748/1888/304 2749/1889/304 2750/1890/304
f 2751/1891/304 2747/1887/304 2746/1886/304
f 2746/1886/304 2752/1892/304 2751/1891/304
f 2752/1892/304 2746/1886/304 2753/1893/304
f 2754/1884/304 2755/1893/304 2756/1885/304
f 2755/1893/304 2754/1884/304 2757/1892/304
f 2758/1890/304 2759/1878/304 2760/1880/304
f 2761/1889/304 2759/1878/304 2758/1890/304
f 2762/1861/1132 2763/2067/1245 2764/2068/1246
f 2763/2067/1245 2762/1861/1132 2765/1863/1247
f 2766/2069/1248 2767/1854/1249 2768/1850/1125
f 2766/2069/1248 2768/1850/1125 2769/2070/1250
f 2772/2071/1251 2770/2072/899 2771/2073/899
f 2770/2072/899 2772/2071/1251 2773/2074/1252
f 2774/2075/1253 2773/2074/1252 2772/2071/1251
f 2773/2074/1252 2774/2075/1253 2775/2076/1254
f 2775/2076/1254 2774/2075/1253 2776/2077/1040
f 2777/2078/1255 2775/2076/1254 2776/2077/1040
f 2778/1827/1256 2779/1932/1205 2780/2004/1257
f 2780/2004/1257 2779/1932/1205 2781/1816/1206
f 2782/1844/1258 2783/2079/1259 2784/2080/1260
f 2783/2079/1259 2782/1844/1258 2785/1846/1261
f 2784/2080/1260 2786/2068/1262 2787/2067/1263
f 2786/2068/1262 2784/2080/1260 2788/2079/1264
f 2789/2081/1265 2790/1839/1266 2791/2082/1267
f 2790/1839/1266 2789/2081/1265 2792/1840/1268
f 2791/2082/1267 2793/2070/1269 2794/2081/1270
f 2793/2070/1269 2791/2082/1267 2795/2069/1271
f 2796/2083/1272 2797/2084/587 2798/2085/1273
f 2797/2084/587 2799/2086/1274 2798/2085/1273
f 2798/2085/1273 2800/1873/1275 2796/2083/1272
f 2800/1873/1275 2798/2085/1273 2801/1871/1140
f 2803/2087/1276 2802/1935/168 2804/2088/589
f 2802/1935/168 2803/2087/1276 2805/1936/304
f 2806/2087/1277 2807/1937/261 2805/1936/304
f 2807/1937/261 2806/2087/1277 2808/2089/1278
f 2809/2090/1279 2810/2091/1280 2811/2092/1071
f 2811/2092/1071 2812/2093/1281 2809/2090/1279
f 2813/1868/1282 2809/2090/1279 2812/2093/1281
f 2809/2090/1279 2813/1868/1282 2814/1867/1137
f 2815/1837/304 2816/2033/1283 2817/2034/1284
f 2818/2034/1284 2819/2055/429 2820/1837/431
f 2822/2094/1277 2821/1857/168 2823/2095/1285
f 2821/1857/168 2822/2094/1277 2824/1858/304
f 2825/2094/1277 2826/1859/261 2824/1858/304
f 2826/1859/261 2825/2094/1277 2827/2096/1054
f 2828/2045/1231 2829/1833/1232 2830/2046/1233
f 2829/1833/1232 2828/2045/1231 2831/1808/1229
f 2832/2047/1286 2830/2046/1233 2829/1833/1232
f 2829/1833/1232 2833/1835/1235 2832/2047/1286
f 2833/1835/1235 2834/1986/1236 2835/2047/1287
f 2836/1827/1288 2837/2003/1202 2838/1822/1289
f 2836/1827/1288 2839/2004/1204 2837/2003/1202
f 2841/1932/554 2840/2048/400 2842/1817/1237
f 2844/1809/398 2843/2043/397 2845/1874/1290
f 2846/2097/304 2847/2098/304 2848/2099/168
f 2846/2097/304 2848/2099/168 2849/2100/168
f 2851/2101/261 2850/2102/261 2852/2098/304
f 2851/2101/261 2852/2098/304 2853/2097/304
f 2854/2103/318 2855/2104/318 2856/2105/304
f 2854/2103/318 2856/2105/304 2857/2106/304
f 2856/2105/304 2858/2107/317 2857/2106/304
f 2858/2107/317 2856/2105/304 2859/2108/317
f 2862/2097/304 2861/2109/261 2860/2110/261
f 2863/2098/304 2861/2109/261 2862/2097/304
f 2864/2111/168 2863/2098/304 2862/2097/304
f 2865/2112/168 2863/2098/304 2864/2111/168
f 2868/2113/304 2867/2114/261 2866/2115/261
f 2868/2113/304 2869/2116/304 2867/2114/261
f 2870/2117/168 2869/2116/304 2868/2113/304
f 2870/2117/168 2871/2118/1291 2869/2116/304
f 2872/2113/304 2873/2116/304 2874/2119/168
f 2872/2113/304 2874/2119/168 2875/2120/168
f 2877/2121/261 2876/2122/261 2878/2116/1292
f 2877/2121/261 2878/2116/1292 2879/2113/304
f 2880/1808/1293 2881/2044/396 2882/1809/1230
f 2881/2044/396 2880/1808/1293 2883/2045/1231
f 2884/1823/1294 2885/2003/1202 2886/1877/1294
f 2885/2003/1202 2884/1823/1294 2887/1822/1295
usemtl Meshpart4Mtl
f 2888/2123/167 2890/2124/166 2889/2125/167
f 2890/2124/166 2888/2123/167 2891/2126/166
f 2891/2126/166 2892/2127/168 2890/2124/166
f 2892/2127/168 2891/2126/166 2893/2128/168
f 2894/2129/1296 2895/2130/1297 2896/2131/1298
f 2897/2132/1299 2895/2130/1297 2894/2129/1296
f 2898/2133/1300 2899/2130/1300 2900/2134/1301
f 2901/2131/1302 2899/2130/1300 2898/2133/1300
f 2902/2135/1303 2903/2130/1303 2904/2132/1304
f 2905/2136/1305 2903/2130/1303 2902/2135/1303
f 2906/2137/167 2907/2138/167 2908/2139/209
f 2909/2140/209 2908/2139/209 2907/2138/167
f 2908/2139/209 2909/2140/209 2910/2141/208
f 2911/2142/208 2910/2141/208 2909/2140/209
f 2912/2134/1306 2913/2130/1307 2914/2143/1308
f 2914/2143/1308 2913/2130/1307 2915/2136/1309
f 2916/2144/208 2917/2145/208 2918/2146/260
f 2919/2147/260 2918/2146/260 2917/2145/208
f 2918/2146/260 2919/2147/260 2920/2148/261
f 2921/2149/261 2920/2148/261 2919/2147/260
f 2922/2150/1310 2923/2151/1311 2924/2152/1310
f 2925/2153/1312 2922/2150/1310 2924/2152/1310
f 2926/2154/1313 2927/2155/1314 2928/2152/1315
f 2929/2151/1316 2926/2154/1313 2928/2152/1315
f 2930/2156/1317 2931/2153/1318 2932/2152/1317
f 2933/2157/1319 2930/2156/1317 2932/2152/1317
f 2934/2158/168 2935/2159/168 2936/2160/304
f 2938/2161/304 2936/2160/304 2935/2159/168
f 2936/2160/304 2938/2161/304 2939/2162/261
f 2937/2163/261 2939/2162/261 2938/2161/304
f 2940/2155/1320 2941/2164/1321 2942/2152/1321
f 2941/2164/1321 2943/2157/1322 2942/2152/1321
