# Blender 5.2.0 LTS
# www.blender.org
mtllib Tool Gun.mtl
o w_toolgun_reference
v -0.298244 -0.000152 -0.048513
v -0.298244 -0.000152 -0.057095
v 0.408753 0.156789 -0.057095
v -0.066930 0.156789 0.107199
v -0.884044 -0.633654 -0.133127
v -1.034667 -0.634095 0.025042
v -0.511212 -0.633904 0.025042
v -0.548853 -0.633846 0.108293
v -0.329565 0.417755 0.011641
v -0.338926 0.384327 -0.011649
v -0.249979 0.427891 0.071180
v -0.249979 0.422939 0.067224
v -0.249979 0.436608 0.007340
v -0.249979 0.422939 -0.021057
v -0.329565 0.389914 -0.023265
v -0.329565 0.407808 -0.008999
v -0.338926 0.367604 -0.015470
v -0.338926 0.397728 -0.000955
v -0.338926 0.405179 0.014501
v -0.329565 0.417755 0.034527
v -0.249979 0.336884 -0.040699
v -0.329565 0.345275 -0.023265
v -0.338926 0.350861 -0.011649
v -0.329565 0.367604 -0.028353
v -0.236214 0.442791 0.005919
v -0.249979 0.442791 0.005919
v -0.249979 0.442791 0.040249
v -0.236214 0.442791 0.040249
v -0.236214 0.401070 0.092569
v -0.236214 0.427891 0.071180
v -0.249979 0.401070 0.092568
v -0.249979 0.398305 -0.040699
v -0.249979 0.401070 -0.046401
v -0.249979 0.367604 -0.047707
v -0.249979 0.367604 -0.054042
v -0.249979 0.334139 -0.046401
v -0.249979 0.312251 -0.021057
v -0.236214 0.334139 0.092569
v -0.236214 0.367604 0.100210
v -0.249979 0.334139 0.092568
v -0.249979 0.292398 0.040249
v -0.249979 0.292398 0.005919
v -0.236214 0.307297 -0.025012
v -0.236214 0.334139 -0.046401
v -0.236214 0.427891 -0.025012
v -0.249979 0.427891 -0.025012
v -0.338926 0.337460 -0.000955
v -0.338926 0.330011 0.014501
v -0.329565 0.327380 -0.008999
v -0.249979 0.298580 0.007340
v -0.249979 0.307297 -0.025012
v -0.249979 0.298580 0.038828
v -0.249979 0.312251 0.067224
v -0.249979 0.336884 0.086866
v -0.249979 0.307297 0.071180
v -0.249979 0.367604 0.100210
v -0.249979 0.398305 0.086866
v -0.329565 0.317454 0.034527
v -0.249979 0.367604 0.093874
v -0.329565 0.389914 0.069432
v -0.329565 0.367604 0.074520
v -0.249979 0.436608 0.038828
v -0.329565 0.407808 0.055167
v -0.338926 0.405179 0.031666
v -0.329565 0.327380 0.055167
v -0.329565 0.345275 0.069432
v -0.338926 0.337460 0.047122
v -0.338926 0.330011 0.031666
v -0.329565 0.317454 0.011641
v -0.338926 0.397728 0.047122
v -0.338926 0.367604 0.061637
v -0.338926 0.384327 0.057816
v -0.338926 0.350861 0.057816
v -0.213326 0.476909 0.024985
v -0.199442 0.494899 -0.015527
v -0.213326 0.476909 -0.009518
v -0.213326 0.476909 0.059506
v -0.152954 0.525158 -0.009518
v -0.152954 0.525158 0.059506
v -0.129947 0.548045 0.059506
v -0.233785 0.452083 0.024985
v -0.129947 0.548045 -0.009518
v -0.129927 0.583086 -0.042427
v -0.129927 0.583086 0.059506
v -0.152954 0.525158 0.092089
v -0.199442 0.494899 0.065631
v -0.233785 0.437338 0.075135
v -0.233785 0.447955 0.054092
v -0.199442 0.474183 0.103551
v -0.233785 0.416621 0.094028
v -0.234081 0.417063 0.059506
v -0.234259 0.393850 0.059506
v -0.233785 0.447955 -0.004103
v -0.234081 0.417063 -0.009518
v -0.233785 0.437338 -0.025032
v -0.233785 0.416621 -0.043924
v -0.199442 0.474183 -0.053447
v -0.199442 0.442157 -0.082651
v -0.199442 0.402298 -0.099988
v -0.199442 0.358906 -0.103540
v -0.233785 0.311886 -0.035342
v -0.209712 0.291093 -0.057095
v -0.234180 0.336001 -0.009518
v -0.199442 0.280263 -0.069364
v -0.066811 0.238523 -0.108743
v -0.152954 0.258338 -0.092961
v -0.153231 0.225007 -0.057095
v -0.152954 0.303707 -0.122318
v -0.199442 0.316706 -0.092961
v -0.152954 0.410228 -0.131054
v -0.152954 0.356237 -0.135489
v -0.152954 0.499718 -0.073146
v -0.152954 0.459860 -0.109492
v -0.066811 0.472340 -0.127943
v -0.066811 0.352109 -0.158106
v -0.298244 -0.081789 0.098616
v -0.234338 0.366778 0.059506
v -0.234298 0.353703 0.059506
v -0.233785 0.390835 0.105241
v -0.234318 0.379143 0.059506
v -0.152954 0.459860 0.159595
v -0.233785 0.311886 0.085445
v -0.233785 0.335463 0.100690
v -0.233785 0.362766 0.107545
v -0.199442 0.402298 0.150092
v -0.152954 0.410228 0.181157
v -0.066811 0.472340 0.178047
v -0.066811 0.518593 0.135845
v -0.152954 0.499718 0.123250
v -0.199442 0.442157 0.132754
v -0.066811 0.414759 0.203064
v -0.199442 0.358906 0.153643
v -0.066811 0.352109 0.208210
v -0.152954 0.356237 0.185592
v -0.199442 0.316706 0.143065
v -0.199442 0.280263 0.119468
v -0.152954 0.303707 0.172421
v -0.152954 0.258338 0.143065
v -0.234259 0.393850 -0.009518
v -0.233785 0.390835 -0.055137
v -0.233785 0.362766 -0.057441
v -0.234318 0.379143 -0.009518
v -0.234338 0.366778 -0.009518
v -0.234180 0.336001 0.059506
v -0.234298 0.353703 -0.009518
v -0.233785 0.335463 -0.050606
v -0.084664 0.359368 0.055839
v -0.084664 0.403718 0.018610
v -0.084664 0.399744 0.007705
v -0.084664 0.392296 -0.001185
v -0.084664 0.399744 0.041132
v -0.084664 0.349326 0.050021
v -0.084664 0.382234 -0.007003
v -0.053086 0.392296 -0.001185
v -0.053086 0.399744 0.007705
v -0.053086 0.403718 0.018610
v -0.053086 0.403718 0.030226
v -0.084664 0.403718 0.030226
v -0.053086 0.399744 0.041132
v -0.053086 0.392296 0.050021
v -0.084664 0.392296 0.050021
v -0.053086 0.382234 0.055839
v -0.053086 0.370811 0.057836
v -0.084664 0.382234 0.055839
v -0.084664 0.370811 0.057836
v -0.084664 0.341857 0.041132
v -0.084664 0.370811 -0.009018
v -0.053086 0.359368 0.055839
v -0.053086 0.349326 0.050021
v -0.053086 0.341857 0.041132
v -0.053086 0.337883 0.030226
v -0.053086 0.337883 0.018610
v -0.084664 0.337883 0.030226
v -0.084664 0.337883 0.018610
v -0.053086 0.341857 0.007705
v -0.084664 0.341857 0.007705
v -0.053086 0.349326 -0.001185
v -0.084664 0.349326 -0.001185
v -0.053086 0.359368 -0.007003
v -0.084664 0.359368 -0.007003
v -0.053086 0.370811 -0.009018
v -0.053086 0.382234 -0.007003
v -0.236214 0.367604 -0.054042
v -0.236214 0.401070 -0.046401
v -0.236214 0.307297 0.071180
v -0.236214 0.292398 0.040249
v -0.236214 0.292398 0.005919
v -0.545219 0.331911 0.012965
v -0.549268 0.330491 0.025887
v -0.534594 0.335674 0.004997
v -0.510837 0.344083 0.038808
v -0.521462 0.340320 0.046796
v -0.399337 0.156001 0.095890
v -0.399337 0.156001 -0.043924
v -0.407256 0.213237 0.082892
v -0.405419 0.200046 -0.043924
v -0.407256 0.213237 -0.030926
v -0.415926 0.210184 -0.021959
v -0.521777 0.151681 -0.021959
v -0.408935 0.191406 -0.021959
v -0.408935 0.191406 0.073944
v -0.415926 0.210184 0.073944
v -0.405419 0.200046 0.095890
v -0.536056 0.154082 0.095890
v -0.533923 0.133730 -0.043924
v -0.536056 0.154082 -0.043924
v -0.537438 0.167406 0.082892
v -0.528769 0.170459 0.073944
v -0.537438 0.167406 -0.030926
v -0.521777 0.151681 0.073944
v -0.528769 0.170459 -0.021959
v -0.533923 0.133730 0.095890
v -0.550334 0.128373 0.097944
v -0.540460 0.140718 0.065612
v -0.487810 0.090760 0.137362
v -0.386007 0.098133 0.137362
v -0.385118 -0.016970 0.137362
v -0.324865 -0.005296 0.119871
v -0.298244 -0.000152 0.107199
v -0.324865 0.103182 0.119871
v -0.372874 0.140775 0.097944
v -0.608553 0.097519 0.047391
v -0.525273 -0.106461 0.137362
v -0.459747 -0.125930 0.077151
v -0.592774 0.096405 0.090380
v -0.447365 -0.040912 0.137362
v -0.554304 0.058658 0.137362
v -0.425385 -0.101795 0.077151
v -0.482597 -0.064720 0.137362
v -0.540460 0.140718 0.025042
v -0.616432 0.098094 0.025042
v -0.705419 0.017877 0.091609
v -0.781728 -0.092446 0.095276
v -0.728525 -0.118212 0.143007
v -0.654804 -0.009847 0.137362
v -0.497506 -0.165712 0.077151
v -0.580135 -0.192151 0.143007
v -0.592774 0.096405 -0.040295
v -0.540460 0.140718 -0.015508
v -0.608553 0.097519 0.002693
v -0.724615 0.016591 0.002693
v -0.724615 0.016591 0.047391
v -0.733916 0.015957 0.025042
v -0.623877 -0.302513 0.154450
v -0.567396 -0.331850 0.088479
v -0.705419 0.017877 -0.041505
v -0.799146 -0.089009 0.003212
v -0.806690 -0.087530 0.025042
v -0.799146 -0.089009 0.046892
v -0.874427 -0.249098 0.055896
v -0.852921 -0.249059 0.106795
v -0.835898 -0.411701 0.167621
v -0.792076 -0.261156 0.154450
v -0.638333 -0.426179 0.167621
v -0.958082 -0.633788 0.138629
v -0.884044 -0.633654 0.183231
v -0.901917 -0.408802 0.120044
v -0.929151 -0.409743 0.064171
v -0.874427 -0.249098 -0.005812
v -0.852921 -0.249059 -0.056692
v -0.781728 -0.092446 -0.045172
v -0.525273 -0.106461 -0.087259
v -0.482597 -0.064720 -0.087259
v -0.497506 -0.165712 -0.027047
v -0.580135 -0.192151 -0.092903
v -0.728525 -0.118212 -0.092903
v -0.901917 -0.408802 -0.069940
v -0.929150 -0.409743 -0.014068
v -0.886928 -0.249117 0.025042
v -0.792076 -0.261156 -0.104346
v -0.958082 -0.633788 -0.088526
v -1.004274 -0.633980 -0.021172
v -0.947418 -0.410377 0.025042
v -1.004274 -0.633980 0.071276
v -0.623877 -0.302513 -0.104346
v -0.835898 -0.411701 -0.117518
v -0.567396 -0.331850 -0.038395
v -0.638333 -0.426179 -0.117518
v -0.630671 -0.633673 -0.133127
v -0.419006 -0.116561 0.025042
v -0.459747 -0.125930 -0.027047
v -0.453645 -0.141270 0.025042
v -0.490041 -0.180995 0.025042
v -0.539729 -0.239095 -0.028564
v -0.528157 -0.250115 0.025042
v -0.547095 -0.338243 0.025042
v -0.571742 -0.447836 -0.048283
v -0.548853 -0.633846 -0.058190
v -0.544252 -0.453577 0.025042
v -0.630671 -0.633673 0.183231
v -0.571742 -0.447836 0.098386
v -0.374691 -0.080714 -0.027047
v -0.539729 -0.239095 0.078668
v -0.372222 -0.096285 0.025042
v -0.374691 -0.080714 0.077151
v -0.425385 -0.101795 -0.027047
v -0.298244 -0.081789 -0.048513
v -0.324865 -0.005296 -0.069767
v -0.324865 0.103182 -0.069767
v -0.550334 0.128373 -0.047841
v -0.487810 0.090760 -0.087259
v -0.554304 0.058658 -0.087259
v -0.654804 -0.009847 -0.087259
v -0.447365 -0.040912 -0.087259
v -0.385118 -0.016970 -0.087259
v -0.386007 0.098133 -0.087259
v -0.233509 0.286427 0.059506
v -0.298244 0.268398 0.059506
v -0.298244 0.268398 0.107199
v -0.368253 0.204943 0.065612
v -0.344633 0.248813 0.065612
v -0.344633 0.248813 -0.015508
v -0.334008 0.255995 0.065612
v -0.298244 0.268398 -0.009518
v -0.233509 0.286427 -0.009518
v -0.334008 0.255995 -0.015508
v -0.298244 0.268398 -0.057095
v -0.308000 0.265672 0.059506
v -0.308000 0.265672 -0.009518
v -0.320540 0.255650 -0.047841
v -0.368253 0.204943 -0.015508
v -0.357193 0.230881 -0.015508
v -0.377060 0.187778 -0.015508
v -0.348780 0.204443 -0.047841
v -0.372419 0.169019 -0.047841
v -0.406249 0.170362 -0.015508
v -0.448510 0.154466 -0.047841
v -0.527011 0.148801 -0.015508
v -0.527011 0.148801 0.065612
v -0.492076 0.155406 0.065612
v -0.492076 0.155406 -0.015508
v -0.453626 0.162125 -0.015508
v -0.453626 0.162125 0.065612
v -0.388672 0.175643 -0.015508
v -0.406249 0.170362 0.065612
v -0.388672 0.175643 0.065612
v -0.377060 0.187778 0.065612
v -0.448510 0.154466 0.097944
v -0.372419 0.169019 0.097944
v -0.335648 0.234760 0.097944
v -0.357193 0.230881 0.065612
v -0.320540 0.255650 0.097944
v 1.496047 0.659771 0.031743
v 1.534537 0.659771 0.031743
v 1.566529 0.560448 0.031743
v 0.392836 0.590362 0.092626
v -0.129927 0.583086 0.092530
v -0.129947 0.548045 0.092530
v -0.066811 0.542880 0.092741
v 0.522683 0.594471 0.092434
v 0.475602 0.604129 0.092453
v 0.408753 0.561371 0.092818
v 0.561864 0.549869 0.095775
v 0.408753 0.532435 0.103301
v 0.408753 0.514983 0.107679
v 0.561864 0.532435 0.102802
v 0.408753 0.497530 0.107679
v 0.561864 0.497530 0.107180
v 0.561864 0.480097 0.102495
v 0.561864 0.451143 0.088709
v 0.561864 0.423034 0.094143
v 0.561864 0.406484 0.094527
v 0.408753 0.389954 0.089016
v 0.561864 0.389954 0.088460
v 0.408753 0.325192 0.079800
v 0.532162 0.296910 0.066629
v 0.408753 0.257435 0.062271
v 0.508168 0.210530 0.067570
v 0.408753 0.190177 0.078303
v 0.488913 0.174625 0.089650
v 0.450343 0.174625 0.090149
v 0.450343 0.156789 0.112402
v 0.468552 0.156789 0.102956
v 0.387365 0.085403 0.107199
v 0.418865 0.089320 0.112921
v 0.429549 0.156789 0.112921
v 0.408753 0.156789 0.107199
v 0.450363 0.093218 0.112402
v 0.468592 0.094926 0.102956
v -0.199699 0.270644 0.107199
v -0.209712 0.291093 0.107199
v -0.153231 0.225007 0.107199
v -0.260169 0.279285 0.107199
v -0.117486 0.009314 0.098617
v 0.387365 0.085403 0.098617
v -0.180899 -0.068983 0.098616
v -0.298244 -0.000152 0.098616
v -0.172327 -0.161949 0.077516
v -0.190002 -0.155441 0.083698
v -0.174954 -0.151178 0.083698
v -0.177600 -0.140407 0.098616
v -0.266192 -0.109994 0.098616
v -0.175646 -0.090987 0.098616
v -0.176238 -0.042084 0.098616
v -0.138953 0.000617 0.098617
v -0.161387 -0.016990 0.098616
v -0.149399 -0.041815 0.081068
v -0.150703 -0.215325 0.077516
v -0.063020 -0.258217 0.077516
v 0.071508 -0.232585 0.077516
v 0.158539 -0.103697 0.077516
v 0.144992 -0.163581 0.077516
v 0.126507 -0.186659 0.077516
v 0.098128 -0.207953 0.077516
v 0.065918 -0.224310 0.077516
v -0.015524 -0.255569 0.077516
v -0.099199 -0.251863 0.077516
v -0.120823 -0.230494 0.077516
v -0.140039 -0.210563 0.077516
v 0.156604 -0.167268 0.077516
v 0.135216 -0.193456 0.077516
v -0.392030 0.160685 0.097944
v -0.494347 0.147073 0.097944
v -0.358813 0.183804 0.097944
v -0.308000 0.145327 0.097944
v -0.298244 0.146824 0.107199
v -0.308000 0.265672 0.097944
v -0.348780 0.204443 0.097944
v -0.534575 0.137857 0.097944
v -0.330612 0.143752 0.097944
v 0.003375 0.204692 0.120312
v 0.003375 0.339418 0.110636
v 0.003375 0.305204 0.204657
v 0.003375 0.370811 0.116165
v 0.003375 0.402183 0.110636
v 0.003375 0.461146 0.040344
v 0.003375 0.536909 0.120312
v 0.003375 0.181921 -0.008884
v 0.014652 0.174587 -0.010171
v 0.003375 0.181921 0.057720
v 0.014651 0.198260 0.124037
v 0.003375 0.247508 0.171346
v 0.014652 0.242747 0.177048
v 0.003375 0.436398 0.204657
v 0.003375 0.370811 0.216216
v 0.003375 0.494093 0.171346
v 0.003375 0.559700 0.057720
v 0.014652 0.567015 -0.010171
v 0.014652 0.543341 -0.075201
v 0.003375 0.494093 -0.122509
v 0.003375 0.436398 -0.155821
v 0.014652 0.242747 -0.128212
v 0.003375 0.204692 -0.071476
v 0.003375 0.450259 -0.021460
v 0.003375 0.536909 -0.071476
v 0.003375 0.370811 -0.067329
v 0.003375 0.370811 -0.167380
v 0.003375 0.305204 -0.155821
v 0.003375 0.247508 -0.122509
v 0.003375 0.291361 0.070296
v 0.003375 0.280455 0.040344
v -0.024866 0.280455 0.040344
v 0.003375 0.280455 0.008492
v 0.003375 0.291361 -0.021460
v 0.003375 0.311828 -0.045863
v 0.003375 0.339418 -0.061799
v -0.024866 0.339418 -0.061799
v 0.003375 0.402183 -0.061799
v 0.003375 0.429774 -0.045863
v -0.024866 0.429774 -0.045863
v 0.003375 0.461146 0.008492
v 0.003375 0.559700 -0.008884
v -0.024866 0.461146 0.008492
v -0.053086 0.414241 -0.027355
v -0.024866 0.450259 -0.021460
v -0.053086 0.370811 -0.043175
v -0.024866 0.402183 -0.061799
v -0.024866 0.370811 -0.067329
v -0.053086 0.327361 -0.027355
v -0.053086 0.347694 -0.039105
v -0.024866 0.311828 -0.045863
v -0.053086 0.312270 -0.009383
v -0.024866 0.291361 -0.021460
v -0.053086 0.437357 0.012677
v -0.024866 0.461146 0.040344
v 0.003375 0.450259 0.070296
v 0.003375 0.429774 0.094700
v -0.024866 0.402183 0.110636
v -0.024866 0.370811 0.116165
v -0.024866 0.339418 0.110636
v 0.003375 0.311828 0.094700
v -0.024866 0.291361 0.070296
v -0.053086 0.304244 0.012677
v -0.024866 0.280455 0.008492
v -0.053086 0.304244 0.036159
v -0.024866 0.311828 0.094700
v -0.053086 0.347694 0.087922
v -0.053086 0.393927 0.087922
v -0.053086 0.429331 0.058220
v -0.024866 0.429774 0.094700
v -0.053086 0.437357 0.036159
v -0.024866 0.450259 0.070296
v 0.346545 0.052380 0.086367
v 0.210221 0.024982 0.077285
v 0.187964 0.010832 0.077285
v 0.092145 0.009506 0.077285
v 0.157908 -0.077815 0.077516
v 0.165155 -0.030449 0.077285
v 0.025710 -0.237655 0.077516
v -0.016196 -0.245873 -0.027412
v -0.058932 -0.248234 -0.027412
v -0.016196 -0.245873 0.077516
v -0.058932 -0.248234 0.077516
v -0.095743 -0.242839 0.077516
v -0.095743 -0.242839 -0.027412
v -0.120823 -0.230494 -0.027412
v -0.164468 -0.179633 -0.027412
v -0.164468 -0.179633 0.077516
v -0.172327 -0.161949 -0.027412
v -0.177600 -0.140388 -0.048513
v -0.178766 -0.122167 0.098616
v -0.164369 -0.067293 0.088268
v -0.149399 -0.041815 -0.030983
v -0.125642 -0.022269 -0.027700
v -0.125642 -0.022269 0.077804
v -0.100364 -0.014513 0.077804
v -0.100364 -0.014513 -0.027700
v 0.148388 -0.034518 -0.027182
v 0.116041 -0.000862 0.077285
v 0.148388 -0.034518 0.077285
v 0.158539 -0.103697 -0.027412
v 0.154866 -0.132131 0.077516
v 0.154866 -0.132131 -0.027412
v 0.098128 -0.207953 -0.027412
v 0.065918 -0.224310 -0.027412
v -0.053086 0.393927 -0.039105
v -0.053086 0.414241 0.076191
v -0.053086 0.370811 0.092012
v -0.053086 0.327361 0.076191
v -0.053086 0.312270 0.058220
v -0.053086 0.429331 -0.009383
v 0.413907 0.357121 -0.013166
v 0.413907 0.384481 -0.013166
v 0.413908 0.396519 -0.006215
v 0.413907 0.405447 0.004421
v 0.413907 0.336174 0.004421
v 0.413908 0.396519 0.055052
v 0.413907 0.384481 0.062002
v 0.380019 0.396519 0.055052
v 0.380019 0.405447 0.044415
v 0.380019 0.410190 0.031359
v 0.413908 0.405447 0.044415
v 0.413907 0.410190 0.031359
v 0.380019 0.410190 0.017477
v 0.413908 0.410190 0.017477
v 0.380019 0.405447 0.004421
v 0.380019 0.396519 -0.006215
v 0.380019 0.384481 -0.013166
v 0.380019 0.370811 -0.015566
v 0.413907 0.370811 -0.015566
v 0.380019 0.357121 -0.013166
v 0.380019 0.336174 0.004421
v 0.380019 0.345102 -0.006215
v 0.413907 0.345102 -0.006215
v 0.380019 0.331413 0.017477
v 0.413908 0.331413 0.017477
v 0.380019 0.331413 0.031359
v 0.380019 0.336174 0.044415
v 0.380019 0.345102 0.055052
v 0.413908 0.336174 0.044415
v 0.413907 0.357121 0.062002
v 0.380019 0.357121 0.062002
v 0.380019 0.370811 0.064402
v 0.380019 0.384481 0.062002
v 0.413907 0.345102 0.055052
v 0.413907 0.370811 0.064402
v 0.413908 0.331413 0.031359
v -0.097105 0.599771 -0.009518
v -0.083005 0.604148 0.092492
v -0.097105 0.599771 0.059506
v -0.104985 0.597312 0.059506
v -0.104985 0.597312 0.092511
v -0.104985 0.597312 -0.009518
v -0.129927 0.583086 -0.009518
v 0.475602 0.604129 -0.042350
v -0.083005 0.604148 -0.042388
v 0.522683 0.594471 -0.026798
v 0.561864 0.586984 0.055090
v 0.522683 0.594471 0.076901
v 0.380019 0.438951 -0.162810
v 0.380019 0.242747 -0.128212
v 0.380019 0.543341 0.124037
v 0.380019 0.198260 0.124037
v 0.380019 0.302670 0.211646
v 0.380019 0.438951 0.211646
v 0.380019 0.567015 -0.010171
v 0.380019 0.174587 -0.010171
v -0.426629 0.181019 0.054187
v -0.439920 0.216519 -0.002414
v -0.426629 0.181019 -0.002414
v -0.417743 0.184168 0.025887
v -0.501930 0.154369 0.054187
v -0.501930 0.154369 -0.002414
v -0.449893 0.172782 -0.019905
v -0.491937 0.198087 -0.019905
v -0.478647 0.162606 -0.019905
v -0.510817 0.151221 0.025887
v -0.491937 0.198087 0.071679
v -0.478647 0.162606 0.071679
v -0.463184 0.208283 0.071679
v -0.449893 0.172782 0.071679
v -0.439920 0.216519 0.054187
v -0.515202 0.189869 -0.002414
v -0.524108 0.186722 0.025887
v -0.515202 0.189869 0.054187
v -0.494742 0.197109 0.038808
v -0.484117 0.200853 0.046796
v -0.431014 0.219650 0.025887
v -0.463184 0.208283 -0.019905
v -0.471004 0.205518 0.004997
v -0.164369 -0.067293 -0.038164
v -0.176238 -0.042084 -0.048513
v -0.183110 -0.165002 -0.027412
v -0.174954 -0.151178 -0.033595
v -0.190002 -0.155441 -0.033595
v -0.215893 -0.126257 -0.048513
v -0.178766 -0.122167 -0.048513
v -0.175646 -0.090987 -0.048513
v -0.138953 0.000617 -0.048513
v -0.161387 -0.016990 -0.048513
v -0.117486 0.009314 -0.048513
v -0.180899 -0.068983 -0.048513
v -0.266192 -0.109994 -0.048513
v 0.387365 0.085403 -0.057095
v 0.387365 0.085403 -0.048513
v 0.387365 0.072328 -0.048513
v 0.346546 0.052380 -0.036263
v 0.092145 0.009506 -0.027182
v 0.187964 0.010832 -0.027182
v 0.175029 -0.001630 -0.027182
v 0.116041 -0.000862 -0.027182
v 0.157908 -0.077815 -0.027412
v 0.165155 -0.030449 -0.027182
v 0.169914 -0.076778 -0.027412
v 0.167268 -0.133744 -0.027412
v 0.170922 -0.102814 -0.027412
v 0.408753 0.274177 -0.012167
v 0.408753 0.257435 -0.012167
v 0.500959 0.190177 -0.027700
v 0.450343 0.156789 -0.062299
v 0.450363 0.093218 -0.062299
v 0.429548 0.156789 -0.062817
v 0.450343 0.174625 -0.040065
v 0.408753 0.174625 -0.040065
v 0.408753 0.190177 -0.028199
v -0.260169 0.279285 -0.057095
v -0.199699 0.270644 -0.057095
v -0.298244 0.146824 -0.057095
v -0.308000 0.265672 -0.047841
v -0.335648 0.234760 -0.047841
v -0.392030 0.160685 -0.047841
v -0.494347 0.147073 -0.047841
v -0.308000 0.145327 -0.047841
v -0.358813 0.183804 -0.047841
v -0.330612 0.143752 -0.047841
v -0.534575 0.137857 -0.047841
v -0.372874 0.140775 -0.047841
v 1.566529 0.560448 0.013081
v 1.566529 0.628647 0.013081
v 1.534537 0.659771 0.013081
v 1.333359 0.560448 0.031743
v 1.496047 0.659771 0.013081
v 1.333359 0.560448 0.013081
v 1.566529 0.628647 0.031743
v 0.412881 0.075477 -0.028967
v 0.402532 0.074151 -0.040410
v 0.402532 0.087227 -0.040410
v 0.412881 0.088553 -0.028967
v 0.478189 0.095790 -0.022689
v 0.419615 0.089455 -0.012379
v 0.419615 0.089455 0.062482
v 0.419615 0.076360 -0.012379
v 0.419615 0.076360 0.062482
v 0.412881 0.075477 0.079071
v 0.412881 0.088553 0.079071
v 0.418865 0.089320 -0.062817
v 0.468592 0.094926 -0.052852
v 0.402532 0.074151 0.090514
v 0.387365 0.072328 0.098617
v 0.402532 0.087227 0.090514
v 0.170922 -0.102814 0.077516
v 0.167268 -0.133744 0.077516
v 0.169914 -0.076778 0.077516
v 0.175029 -0.001630 0.077285
v 0.210221 0.024982 -0.027182
v 0.286233 0.034448 -0.027547
v 0.286233 0.034448 0.077650
v -0.127913 -0.238269 0.077516
v -0.127913 -0.238269 -0.027412
v -0.015524 -0.255569 -0.027412
v 0.031162 -0.245679 0.077516
v 0.031161 -0.245679 -0.027412
v 0.104389 -0.216938 0.077516
v 0.135216 -0.193456 -0.027412
v 0.156604 -0.167268 -0.027412
v -0.298244 -0.098762 0.025042
v -0.244785 -0.112969 -0.048513
v -0.244785 -0.112969 0.098616
v -0.196915 -0.145879 -0.048513
v -0.215893 -0.126257 0.098616
v -0.196915 -0.145879 0.098616
v -0.183110 -0.165002 0.077516
v -0.173967 -0.183204 -0.027412
v -0.173967 -0.183204 0.077516
v -0.066910 0.199759 -0.059207
v -0.066811 0.291150 -0.142804
v -0.066811 0.414759 -0.152961
v -0.066811 0.518593 -0.085761
v -0.066653 0.590383 0.092569
v -0.066811 0.542880 -0.042638
v -0.066930 0.156789 -0.057095
v -0.066811 0.238504 0.158847
v -0.066910 0.199759 0.109311
v -0.066811 0.291150 0.192907
v 0.104389 -0.216938 -0.027412
v -0.063020 -0.258217 -0.027412
v -0.099199 -0.251863 -0.027412
v 0.144992 -0.163581 -0.027412
v 0.126507 -0.186659 -0.027412
v 0.071508 -0.232585 -0.027412
v 0.025711 -0.237655 -0.027412
v -0.150703 -0.215325 -0.027412
v -0.140039 -0.210563 -0.027412
v 0.408753 0.462643 0.094028
v 0.408753 0.480097 0.103013
v 0.408753 0.406484 0.095103
v 0.408753 0.378375 0.079839
v 0.408753 0.439566 0.089401
v 0.408753 0.451143 0.089208
v 0.408753 0.549869 0.096274
v 0.408753 0.580090 0.092818
v 0.408753 0.423034 0.094719
v 0.408753 0.296910 0.067128
v 0.408753 0.549869 -0.046171
v 0.408753 0.532435 -0.053198
v 0.408753 0.514983 -0.057575
v 0.408753 0.480097 -0.052890
v 0.408753 0.462643 -0.043924
v 0.408753 0.451143 -0.039105
v 0.408753 0.389954 -0.038913
v 0.408753 0.439566 -0.039316
v 0.408753 0.406484 -0.044999
v 0.408753 0.210530 -0.017966
v 0.408753 0.174625 0.090149
v 0.408753 0.210530 0.068069
v 0.408753 0.274177 0.062271
v 0.408753 0.561371 -0.042695
v -0.152954 0.525158 -0.041985
v -0.129947 0.548064 -0.042427
v -0.066653 0.590383 -0.042465
v -0.104985 0.597312 -0.042407
v 0.522683 0.594471 -0.042331
v 0.392836 0.590362 -0.042523
v 0.408753 0.580090 -0.042695
v 0.561864 0.561371 -0.042196
v 0.408753 0.497530 -0.057575
v 0.561864 0.462643 -0.043425
v 0.408753 0.423034 -0.044615
v 0.561864 0.406484 -0.044442
v 0.561864 0.389954 -0.038356
v 0.408753 0.378375 -0.029735
v 0.408753 0.296910 -0.017025
v 0.408753 0.325192 -0.029697
v 0.561864 0.325192 -0.029639
v 0.532162 0.296910 -0.016526
v 0.561864 0.586984 -0.004987
v 0.561864 0.570222 0.092300
v 0.561864 0.561371 0.092300
v 0.561864 0.480097 -0.052391
v 0.561864 0.497530 -0.057076
v 0.561864 0.451143 -0.038606
v 0.561864 0.549869 -0.045671
v 0.561864 0.570222 -0.042196
v 0.561864 0.532435 -0.052699
v 0.561864 0.514983 -0.057076
v 0.561864 0.462643 0.093528
v 0.561864 0.514983 0.107180
v 0.561864 0.423034 -0.044039
v 0.561864 0.439566 -0.038740
v 0.561864 0.378375 -0.029678
v 0.508168 0.257435 0.061772
v 0.520866 0.257435 0.008280
v 0.516975 0.274177 -0.011668
v 0.561864 0.325192 -0.003412
v 0.561864 0.378375 0.079800
v 0.529674 0.274177 0.041823
v 0.516975 0.274177 0.061772
v 0.544860 0.296967 0.044530
v 0.561864 0.325192 0.053516
v 0.561864 0.325192 0.079743
v 0.544860 0.296967 0.005573
v 0.529674 0.274177 0.008280
v 0.561864 0.439566 0.088844
v 0.355294 0.275290 0.160325
v 0.332840 0.235143 0.102744
v 0.340562 0.195131 0.041170
v 0.355294 0.204846 0.038309
v 0.355294 0.211489 0.030668
v 0.334656 0.211489 0.030668
v 0.334143 0.212929 0.020645
v 0.338745 0.200200 0.005957
v 0.335664 0.208725 0.011429
v 0.337066 0.204846 0.038309
v 0.355294 0.200200 0.005957
v 0.355294 0.208725 0.011429
v 0.355294 0.212929 0.020645
v 0.355294 0.195131 0.041170
v 0.355294 0.178792 0.030668
v 0.355294 0.185416 0.038309
v 0.347987 0.174587 0.059007
v 0.346486 0.178792 0.030668
v 0.355294 0.177351 0.020645
v 0.345479 0.181556 0.011429
v 0.342399 0.190082 0.005957
v 0.355294 0.190082 0.005957
v 0.344077 0.185416 0.038309
v 0.355294 0.181556 0.011429
v 0.346999 0.177351 0.020645
v 0.347987 0.174587 -0.010171
v 0.332840 0.216538 -0.002778
v 0.340917 0.267956 -0.120186
v 0.337422 0.275290 -0.113198
v 0.355294 0.275290 -0.113198
v 0.355294 0.285237 -0.111278
v 0.334499 0.294625 -0.115041
v 0.332840 0.317223 -0.122778
v 0.339100 0.300981 -0.133396
v 0.336019 0.300500 -0.123278
v 0.335012 0.285237 -0.111278
v 0.332840 0.270106 -0.095572
v 0.355294 0.286926 -0.146817
v 0.355294 0.300981 -0.133396
v 0.355294 0.300500 -0.123278
v 0.355294 0.294625 -0.115041
v 0.355294 0.265576 -0.130017
v 0.355294 0.267956 -0.120186
v 0.342753 0.295931 -0.142170
v 0.355294 0.295931 -0.142170
v 0.347355 0.276846 -0.145837
v 0.355294 0.276846 -0.145837
v 0.355294 0.268898 -0.139578
v 0.344432 0.265576 -0.130017
v 0.347987 0.242747 -0.128212
v 0.346822 0.268898 -0.139578
v 0.347987 0.302670 -0.162810
v 0.345834 0.286926 -0.146817
v 0.345301 0.286926 0.193944
v 0.346822 0.276846 0.192984
v 0.347987 0.302670 0.211646
v 0.347987 0.198260 0.124037
v 0.380019 0.174587 0.059007
v 0.347987 0.198260 -0.075201
v 0.380019 0.198260 -0.075201
v 0.380019 0.302670 -0.162810
v 0.380019 0.370811 -0.174810
v 0.332840 0.370811 -0.132225
v 0.332840 0.424379 -0.122778
v 0.355294 0.451431 -0.144762
v 0.341095 0.444116 -0.137793
v 0.347987 0.438951 -0.162810
v 0.344610 0.451431 -0.144762
v 0.347987 0.498874 -0.128212
v 0.347533 0.470785 -0.142919
v 0.346012 0.476660 -0.134682
v 0.342931 0.477139 -0.124564
v 0.355294 0.476660 -0.134682
v 0.355294 0.470785 -0.142919
v 0.355294 0.477139 -0.124564
v 0.346999 0.461376 -0.146682
v 0.355294 0.461376 -0.146682
v 0.355294 0.444116 -0.137793
v 0.355294 0.441716 -0.127943
v 0.355294 0.542361 0.005957
v 0.332840 0.525063 -0.002778
v 0.339081 0.542361 0.005957
v 0.342753 0.552500 0.005957
v 0.347987 0.543341 -0.075201
v 0.332840 0.471495 -0.095572
v 0.336197 0.463067 -0.111162
v 0.339258 0.472071 -0.115790
v 0.355294 0.472071 -0.115790
v 0.355294 0.453006 -0.112122
v 0.337579 0.441716 -0.127943
v 0.355294 0.445037 -0.118382
v 0.335190 0.445037 -0.118382
v 0.334677 0.453006 -0.112122
v 0.355294 0.463067 -0.111162
v 0.347987 0.567015 0.059007
v 0.355294 0.563770 0.030668
v 0.355294 0.565210 0.020645
v 0.355294 0.557146 0.038309
v 0.355294 0.561006 0.011429
v 0.355294 0.552500 0.005957
v 0.347335 0.565210 0.020645
v 0.345815 0.561006 0.011429
v 0.346822 0.563770 0.030668
v 0.355294 0.472071 0.162937
v 0.338745 0.472071 0.162937
v 0.342398 0.477139 0.171692
v 0.347987 0.498874 0.177048
v 0.332840 0.471495 0.144408
v 0.347987 0.543341 0.124037
v 0.332840 0.506458 0.102744
v 0.332840 0.525063 0.051615
v 0.344432 0.557146 0.038309
v 0.355294 0.547432 0.041170
v 0.355294 0.533856 0.011429
v 0.355294 0.531092 0.030668
v 0.355294 0.537716 0.038309
v 0.340917 0.547432 0.041170
v 0.337402 0.537716 0.038309
v 0.355294 0.529652 0.020645
v 0.335012 0.531092 0.030668
v 0.336019 0.533856 0.011429
v 0.334499 0.529652 0.020645
v 0.347987 0.370811 -0.174810
v 0.380019 0.498874 -0.128212
v 0.380019 0.543341 -0.075201
v 0.347987 0.567015 -0.010171
v 0.380019 0.567015 0.059007
v 0.380019 0.498874 0.177048
v 0.380019 0.370811 0.223646
v 0.380019 0.242747 0.177048
v 0.338567 0.300981 0.180524
v 0.355294 0.300981 0.180524
v 0.347987 0.370811 0.223646
v 0.332840 0.424379 0.171615
v 0.340561 0.444116 0.184920
v 0.344077 0.451431 0.191909
v 0.355294 0.444116 0.184920
v 0.355294 0.451431 0.191909
v 0.355294 0.441716 0.175071
v 0.337046 0.441716 0.175071
v 0.355294 0.445037 0.165509
v 0.334656 0.445037 0.165509
v 0.334143 0.452985 0.159250
v 0.335664 0.463067 0.158290
v 0.355294 0.463067 0.158290
v 0.355294 0.452985 0.159250
v 0.346999 0.470785 0.190047
v 0.347987 0.438951 0.211646
v 0.355294 0.461376 0.193829
v 0.355294 0.477139 0.171692
v 0.355294 0.476660 0.181810
v 0.345479 0.476660 0.181810
v 0.355294 0.470785 0.190047
v 0.346466 0.461376 0.193829
v 1.589062 0.415469 0.078725
v 1.598482 0.456500 0.008338
v 1.589062 0.415469 -0.033038
v 1.570281 0.358868 0.022854
v 1.579681 0.387169 -0.025550
v 1.598541 0.468078 -0.039873
v 1.598521 0.505018 -0.026932
v 1.598482 0.475029 -0.017178
v 1.598462 0.456500 0.039865
v 1.598502 0.505018 0.075116
v 1.598541 0.505383 0.099327
v 1.598541 0.553537 0.039865
v 1.598560 0.553537 0.008338
v 1.061362 0.505018 0.024102
v 1.598482 0.475029 0.065382
v 1.598541 0.535008 -0.017178
v 1.598541 0.542669 -0.039873
v 1.598521 0.535008 0.065382
v -0.048741 -0.134724 0.049445
v -0.030967 -0.159491 -0.004007
v -0.030967 -0.159491 0.049445
v -0.035411 -0.182013 0.049445
v -0.079707 -0.129099 -0.004007
v -0.079707 -0.129099 0.049445
v -0.103030 -0.079697 -0.004007
v -0.103030 -0.079697 0.049445
v -0.113022 -0.028088 -0.004007
v -0.113022 0.009698 0.049445
v -0.072045 0.009698 0.049445
v -0.113022 -0.028088 0.049445
v -0.075382 -0.051780 -0.004007
v -0.075382 -0.051780 0.049445
v -0.048741 -0.134724 -0.004007
v -0.067601 -0.098109 -0.004007
v -0.067601 -0.098109 0.049445
v -0.072045 0.009698 -0.004007
v -0.113022 0.009698 -0.004007
v -0.035411 -0.182013 -0.004007
v 0.355294 0.295931 0.189298
v 0.355294 0.268898 0.186725
v 0.355294 0.276846 0.192984
v 0.346288 0.268898 0.186725
v 0.355294 0.265576 0.177144
v 0.355294 0.300500 0.170424
v 0.355294 0.285237 0.158405
v 0.355294 0.294625 0.162168
v 0.333965 0.294625 0.162168
v 0.342221 0.295931 0.189298
v 0.355294 0.286926 0.193944
v 0.343899 0.265576 0.177144
v 0.347987 0.242747 0.177048
v 0.340384 0.267956 0.167314
v 0.355294 0.267956 0.167314
v 0.336888 0.275290 0.160325
v 0.334479 0.285237 0.158405
v 0.332840 0.317223 0.171615
v 0.335486 0.300500 0.170424
v 0.488913 0.174625 0.052191
v 0.513658 0.190177 0.048197
v 0.488913 0.174625 -0.002087
v 0.513658 0.190177 0.001906
v 0.520866 0.210530 0.045010
v 0.520866 0.257435 0.041823
v 0.508168 0.257435 -0.011668
v 0.508168 0.210530 -0.017466
v 0.520866 0.210530 0.005093
v 0.478149 0.156789 -0.022689
v 0.488913 0.174625 -0.039566
v 0.468552 0.156789 -0.052852
v 0.478149 0.156789 0.072793
v 0.478189 0.095790 0.072793
v 0.500959 0.190177 0.077804
v 0.774278 0.359368 0.022853
v 1.572809 0.366452 -0.005102
v 0.543912 0.355220 0.022815
v 0.774278 0.387323 -0.025550
v 0.543912 0.363015 -0.006254
v 0.543912 0.384289 -0.027527
v 0.543912 0.413338 -0.035303
v 0.773686 0.468078 -0.039873
v 0.543912 0.442406 -0.027527
v 0.543320 0.468270 -0.042426
v 0.543320 0.507071 -0.052814
v 0.543320 0.545857 -0.042426
v 0.773686 0.569973 -0.012571
v 0.774278 0.366856 -0.005102
v 0.774278 0.415259 -0.033038
v 1.598443 0.443770 -0.025550
v 0.774278 0.443195 -0.025550
v 1.598541 0.505383 -0.049876
v 0.773686 0.505383 -0.049876
v 1.598541 0.569973 -0.012570
v 0.773686 0.542669 -0.039873
v 1.598541 0.579975 0.024716
v 1.598541 0.569973 0.062021
v 0.543320 0.574254 -0.014030
v 0.773686 0.579975 0.024716
v 0.543320 0.584642 0.024754
v 0.773686 0.569973 0.062021
v 0.543320 0.574254 0.063557
v 0.773686 0.542669 0.089324
v 0.543320 0.545857 0.091954
v 0.773686 0.505383 0.099327
v 0.543320 0.507071 0.102341
v 0.543320 0.468270 0.091954
v 0.543912 0.442406 0.073138
v 0.543912 0.413338 0.080933
v 0.543912 0.384289 0.073138
v 0.543912 0.363015 0.051865
v 1.598541 0.542669 0.089324
v 1.598541 0.468078 0.089324
v 1.598443 0.443770 0.071238
v 0.773686 0.468078 0.089324
v 0.774278 0.443195 0.071237
v 1.579681 0.387169 0.071238
v 0.774278 0.415259 0.078725
v 0.774278 0.387323 0.071237
v 1.572809 0.366452 0.050789
v 0.774278 0.366856 0.050789
v 0.061851 0.525063 -0.002778
v 0.061851 0.506458 -0.053908
v 0.332840 0.506458 -0.053908
v 0.061851 0.471495 -0.095572
v 0.061851 0.370811 -0.132225
v 0.061850 0.317223 -0.122778
v 0.332840 0.235143 -0.053908
v 0.061850 0.216538 0.051615
v 0.332840 0.216538 0.051615
v 0.061850 0.235143 0.102744
v 0.332840 0.270106 0.144408
v 0.332840 0.370811 0.181061
v 0.061851 0.471495 0.144408
v 0.061850 0.506458 0.102744
v 0.014652 0.498874 0.177048
v 0.014652 0.438951 0.211646
v 0.014652 0.370811 0.223646
v 0.014652 0.302670 0.211646
v 0.046684 0.242747 0.177048
v 0.014651 0.174587 0.059007
v 0.014652 0.198260 -0.075201
v 0.046684 0.438951 0.211646
v 0.061851 0.424379 0.171615
v 0.061851 0.370811 0.181061
v 0.046684 0.370811 0.223646
v 0.061851 0.317223 0.171615
v 0.061851 0.270106 0.144408
v 0.046684 0.302670 0.211646
v 0.046684 0.198260 0.124037
v 0.046684 0.174587 0.059007
v 0.061850 0.216538 -0.002778
v 0.061851 0.235143 -0.053908
v 0.046684 0.174587 -0.010171
v 0.061851 0.270106 -0.095572
v 0.046684 0.198260 -0.075201
v 0.046684 0.242747 -0.128212
v 0.046684 0.302670 -0.162810
v 0.046684 0.370811 -0.174810
v 0.046684 0.438951 -0.162810
v 0.061851 0.424379 -0.122778
v 0.046684 0.498874 -0.128212
v 0.061851 0.525063 0.051615
v 0.046684 0.567015 0.059007
v 0.046684 0.543341 0.124037
v 0.014652 0.302670 -0.162810
v 0.014652 0.370811 -0.174810
v 0.014652 0.438951 -0.162810
v 0.046684 0.543341 -0.075201
v 0.014652 0.498874 -0.128212
v 0.046684 0.567015 -0.010171
v 0.014652 0.567015 0.059007
v 0.014652 0.543341 0.124037
v 0.046684 0.498874 0.177048
v -0.505367 0.297294 0.046796
v -0.502503 0.337287 0.042648
v -0.497250 0.339150 0.025887
v -0.552369 0.319643 0.025887
v -0.533330 0.326382 0.053016
v -0.534594 0.335674 0.046796
v -0.545219 0.331911 0.038808
v -0.547115 0.321504 0.042648
v -0.516288 0.332410 0.053016
v -0.506789 0.345504 0.025887
v -0.510837 0.344083 0.012965
v -0.521462 0.340320 0.004997
v -0.502503 0.337287 0.009125
v -0.516288 0.332410 -0.001243
v -0.533330 0.326382 -0.001243
v -0.547115 0.321504 0.009125
v -0.494742 0.301057 0.012965
v -0.496637 0.290631 0.016824
v -0.490674 0.302497 0.025887
v -0.496637 0.290631 0.034969
v -0.494742 0.301057 0.038808
v -0.513305 0.284737 0.040575
v -0.518480 0.292647 0.046796
v -0.529104 0.288884 0.038808
v -0.533172 0.287463 0.025887
v -0.513305 0.284737 0.011218
v -0.529104 0.288884 0.012965
v -0.518480 0.292647 0.004997
v -0.520770 0.282106 0.016824
v -0.484117 0.200853 0.004997
v -0.504083 0.288001 0.011218
v -0.505367 0.297294 0.004997
v -0.460379 0.209263 0.012965
v -0.493774 0.291650 0.025887
v -0.456311 0.210702 0.025887
v -0.460379 0.209263 0.038808
v -0.471004 0.205518 0.046796
v -0.504083 0.288001 0.040575
v -0.498810 0.195669 0.025887
v -0.520770 0.282106 0.034969
v -0.523614 0.281090 0.025887
v -0.494742 0.197109 0.012965
v 0.013427 0.857109 0.259608
v 0.062246 0.952359 0.086021
v 0.082487 1.007518 0.213048
v 0.055610 0.986477 0.269841
v 0.080256 1.021900 0.303192
v -0.045285 0.868206 0.313214
v -0.034147 0.848063 0.220958
v 0.011807 0.893223 0.107698
v 0.035368 0.931315 0.142815
v 0.042043 0.968639 0.172997
v 0.032050 0.948366 0.234725
v 0.035151 0.964684 0.327729
v 0.035546 0.982177 0.420908
v 0.001834 0.944411 0.383449
v 0.008490 0.910271 0.199608
v 0.005172 0.927342 0.291537
v -0.018388 0.889229 0.256402
v 0.581395 0.639169 -0.068942
v 0.581395 0.622042 0.138533
v 0.581395 0.639169 0.138533
v 0.438356 0.639169 0.138533
v 0.438356 0.622042 0.138533
v 0.438356 0.639169 -0.068942
v 0.581395 0.622042 -0.068942
v 0.547132 0.705985 -0.185389
v 0.387267 0.705888 -0.124506
v 0.547132 0.705985 -0.124506
v 0.564589 0.706004 -0.144013
v 0.564628 0.657429 -0.144013
v 0.564628 0.657524 -0.165901
v 0.349251 0.656891 -0.165901
v 0.369849 0.657389 -0.165901
v 0.387306 0.657409 -0.185409
v 0.369849 0.657389 -0.144013
v 0.349251 0.656891 -0.144013
v 0.366708 0.656910 -0.124506
v 0.366708 0.670791 -0.124506
v 0.349251 0.670772 -0.144013
v 0.369829 0.705869 -0.144013
v 0.369829 0.705869 -0.165901
v 0.369849 0.670791 -0.165901
v 0.366708 0.670791 -0.185389
v 0.349251 0.670772 -0.165901
v 0.369849 0.670791 -0.144013
v 0.564628 0.670810 -0.144013
v 0.568677 0.656929 -0.124506
v 0.586115 0.656948 -0.144013
v 0.586115 0.670830 -0.144013
v 0.586115 0.670926 -0.165901
v 0.586115 0.657045 -0.165901
v 0.568677 0.657025 -0.185409
v 0.564628 0.670907 -0.165901
v 0.564589 0.706004 -0.165901
v 0.359164 0.611271 -0.194106
v 0.338745 0.611463 -0.134778
v 0.572883 0.610965 -0.114925
v 0.573673 0.659866 -0.194106
v 0.594093 0.659674 -0.134778
v 0.339534 0.660365 -0.174253
v 0.359954 0.660174 -0.194106
v 0.572883 0.610965 -0.194106
v 0.593303 0.610772 -0.174253
v 0.594093 0.659674 -0.174253
v 0.593303 0.610772 -0.134778
v 0.573673 0.659866 -0.114925
v 0.359164 0.611271 -0.114925
v 0.359954 0.660174 -0.114925
v 0.339534 0.660365 -0.134778
v 0.338745 0.611463 -0.174253
v 0.570177 0.664053 -0.160525
v 0.574424 0.663975 -0.161869
v 0.570829 0.701223 -0.160525
v 0.567551 0.664091 -0.157031
v 0.567551 0.664091 -0.152692
v 0.568202 0.701261 -0.152692
v 0.570177 0.664053 -0.149178
v 0.574424 0.663975 -0.147834
v 0.575055 0.701147 -0.147834
v 0.578649 0.663918 -0.149178
v 0.581276 0.663861 -0.157031
v 0.581276 0.663861 -0.152692
v 0.581928 0.701031 -0.152692
v 0.579301 0.701069 -0.160525
v 0.578649 0.663918 -0.160525
v 0.575055 0.701147 -0.161869
v 0.438356 0.622042 -0.068942
v 0.387306 0.670791 -0.124506
v 0.547151 0.670791 -0.124506
v 0.387306 0.657409 -0.124506
v 0.547171 0.657409 -0.124506
v 0.568657 0.670810 -0.124506
v 0.568202 0.701261 -0.157031
v 0.570829 0.701223 -0.149178
v 0.579301 0.701069 -0.149178
v 0.581928 0.701031 -0.157031
v 0.351759 0.700993 -0.157031
v 0.358612 0.700877 -0.161869
v 0.354365 0.700955 -0.149178
v 0.365464 0.700763 -0.157031
v 0.741713 0.605281 -0.250016
v 0.209036 0.605281 0.485727
v 0.579242 0.636808 -0.068884
v 0.579242 0.628052 -0.096570
v 0.441595 0.628052 -0.096570
v 0.579242 0.620986 -0.096570
v 0.441595 0.620986 -0.096570
v 0.441595 0.620986 -0.068884
v 0.441595 0.636808 -0.068884
v 0.579242 0.620986 -0.068884
v 0.580644 0.636808 0.136268
v 0.580644 0.636808 -0.065159
v 0.439916 0.636808 -0.065159
v 0.439916 0.636808 0.136268
v 0.411419 0.628052 0.136268
v 0.411419 0.628052 -0.065159
v 0.439916 0.620986 -0.065159
v 0.411419 0.620986 -0.065159
v 0.411419 0.620986 0.136268
v 0.439916 0.620986 0.136268
v 0.440785 0.628052 0.163935
v 0.578432 0.628052 0.163935
v 0.440785 0.636808 0.136249
v 0.440785 0.620986 0.136249
v 0.440785 0.620986 0.163935
v 0.578432 0.620986 0.163935
v 0.578432 0.620986 0.136249
v 0.578432 0.636808 0.136249
v 0.581316 0.636020 0.396428
v 0.543103 0.619873 0.284414
v 0.582599 0.638132 0.400863
v 0.582599 0.638132 0.284414
v 0.543103 0.638132 0.284414
v 0.582599 0.619873 0.284414
v 0.582599 0.619873 0.400863
v 0.543103 0.619873 0.400863
v 0.543103 0.638132 0.400863
v 0.525586 0.628474 0.290059
v 0.525586 0.628474 0.396428
v 0.546302 0.619911 0.290059
v 0.525586 0.619911 0.290059
v 0.525586 0.619911 0.396428
v 0.546302 0.636020 0.396428
v 0.546302 0.619911 0.396428
v 0.546302 0.636020 0.290059
v 0.333610 0.623963 0.430220
v 0.353418 0.623963 0.358315
v 0.259632 0.623963 0.410962
v 0.107825 0.863194 -0.208007
v 0.066649 0.823468 -0.208007
v 0.026876 0.862406 -0.208007
v 0.012538 0.876462 -0.148122
v 0.012538 0.876462 0.272548
v 0.026876 0.862405 0.292363
v 0.351087 0.663840 -0.157031
v 0.353714 0.663783 -0.160525
v 0.351087 0.663840 -0.152692
v 0.362206 0.663648 -0.160525
v 0.364832 0.663610 -0.152692
v 0.364832 0.663610 -0.157031
v 0.362857 0.700801 -0.160525
v 0.357960 0.663707 -0.161869
v 0.354365 0.700955 -0.160525
v 0.351759 0.700993 -0.152692
v 0.353714 0.663783 -0.149178
v 0.358612 0.700877 -0.147834
v 0.357960 0.663707 -0.147834
v 0.362857 0.700801 -0.149178
v 0.365464 0.700763 -0.152692
v 0.362206 0.663648 -0.149178
v 0.741713 0.614151 -0.250016
v 0.741713 0.605281 0.485727
v 0.209036 0.605281 -0.250016
v 0.714164 0.614191 0.437785
v 0.704546 0.614191 0.448921
v 0.741713 0.614151 0.485727
v 0.726763 0.614191 0.430719
v 0.741713 0.614170 -0.195949
v 0.726408 0.625479 -0.198561
v 0.714164 0.625460 0.437785
v 0.704546 0.625460 0.448921
v 0.699431 0.614191 0.462591
v 0.726408 0.625460 0.430911
v 0.229931 0.625460 0.428165
v 0.229417 0.614191 -0.196007
v 0.209036 0.614151 -0.250016
v 0.726763 0.614191 -0.198503
v 0.701288 0.614170 -0.250016
v 0.704744 0.614209 -0.216436
v 0.714164 0.614191 -0.205722
v 0.704902 0.625479 -0.216263
v 0.714164 0.625479 -0.205722
v 0.271323 0.625460 0.462591
v 0.699431 0.625460 0.462591
v 0.229930 0.625479 -0.196103
v 0.243635 0.614191 -0.198445
v 0.271323 0.614191 -0.230509
v 0.256590 0.614191 -0.205722
v 0.266208 0.614191 -0.216858
v 0.256590 0.625479 -0.205722
v 0.243635 0.625479 -0.198445
v 0.699431 0.614191 -0.230509
v 0.699431 0.625479 -0.230509
v 0.704546 0.625479 -0.216858
v 0.266208 0.625460 0.448921
v 0.243635 0.614191 0.430527
v 0.243635 0.625460 0.430527
v 0.256590 0.625460 0.437785
v 0.271323 0.625479 -0.230509
v 0.266208 0.625479 -0.216858
v 0.266208 0.614191 0.448921
v 0.271323 0.614191 0.462591
v 0.256590 0.614191 0.437785
v 0.229417 0.614191 0.428089
v 0.209036 0.614132 0.485727
v 0.066649 0.823468 0.292363
v 0.154846 0.934330 0.103589
v 0.127218 0.961382 0.098213
v 0.133815 0.954931 -0.171028
v 0.609122 0.620986 -0.065159
v 0.609122 0.628052 -0.065159
v 0.580644 0.620986 0.136268
v 0.609122 0.628052 0.136268
v 0.580644 0.620986 -0.065159
v 0.609122 0.620986 0.136268
v 0.602032 0.628474 0.290059
v 0.602032 0.628474 0.396428
v 0.581316 0.619911 0.396428
v 0.581316 0.619911 0.290059
v 0.581316 0.636020 0.290059
v 0.602032 0.619911 0.290059
v 0.602032 0.619911 0.396428
v 0.353418 0.648289 0.358315
v 0.333610 0.648289 0.339038
v 0.279459 0.648289 0.339038
v 0.360665 0.648289 0.384639
v 0.279459 0.648289 0.430220
v 0.259632 0.648289 0.410962
v 0.252384 0.623963 0.384639
v 0.259632 0.623963 0.358315
v 0.252384 0.648289 0.384639
v 0.259632 0.648289 0.358315
v 0.279459 0.623963 0.339038
v 0.306535 0.623963 0.331992
v 0.333610 0.623963 0.339038
v 0.306535 0.648289 0.331992
v 0.360665 0.623963 0.384639
v 0.353418 0.623963 0.410962
v 0.353418 0.648289 0.410962
v 0.306535 0.623963 0.437266
v 0.333610 0.648289 0.430220
v 0.306535 0.648289 0.437266
v 0.279459 0.623963 0.430220
v 0.012538 0.876462 0.105605
v 0.012538 0.876462 0.232478
v 0.027073 0.890495 0.232478
v 0.068071 0.902149 0.292363
v 0.053714 0.916206 0.232478
v 0.018127 0.899270 0.105605
v 0.032662 0.913285 0.232478
v 0.018127 0.899270 0.232478
v 0.027073 0.890495 0.105605
v 0.027073 0.890495 -0.021249
v 0.012538 0.876462 -0.021249
v 0.027073 0.890495 -0.148122
v 0.053714 0.916206 0.105605
v 0.032662 0.913285 0.105605
v 0.018127 0.899270 -0.148122
v 0.018127 0.899270 -0.021249
v 0.032662 0.913285 -0.148122
v 0.053714 0.916206 -0.021249
v 0.032662 0.913285 -0.021249
v 0.053714 0.916206 -0.188193
v 0.012538 0.876462 -0.188193
v 0.094574 0.876172 0.103589
v 0.073561 0.896773 -0.171028
v 0.068071 0.902150 -0.208007
v 0.066965 0.903224 -0.165633
v 0.066965 0.903224 0.098213
v 0.053714 0.916206 -0.148122
v 0.053714 0.916206 0.272548
v 0.107825 0.863194 0.292363
v 0.154846 0.934330 -0.171028
v 0.073561 0.896773 0.103589
v 0.133814 0.954931 0.103589
v 0.127218 0.961382 -0.165633
v 0.094574 0.876172 -0.171028
v -0.329664 0.503559 0.255825
v -0.329664 0.503559 -0.170279
v -0.320264 0.526176 0.190354
v -0.313292 0.519360 -0.104807
v -0.313292 0.519360 0.077708
v -0.320264 0.526176 0.007858
v -0.320264 0.526176 0.120504
v -0.305650 0.540269 0.120504
v -0.320264 0.526176 -0.034958
v -0.313292 0.519360 -0.034958
v -0.320264 0.526176 -0.104807
v -0.320264 0.526176 0.077708
v -0.305650 0.540269 0.077708
v -0.313292 0.519360 0.007858
v -0.313312 0.519341 0.280632
v 0.129232 0.953665 0.068607
v 0.138672 0.944429 0.046028
v -0.287481 0.522451 -0.187770
v -0.287481 0.522451 0.273317
v 0.045499 0.843800 0.273317
v 0.045499 0.843800 -0.187770
v -0.294828 0.529652 -0.187770
v -0.322160 0.503270 -0.182202
v -0.309718 0.515270 -0.193626
v -0.325794 0.499758 -0.170279
v -0.321666 0.503732 -0.181453
v -0.325794 0.499758 0.255825
v 0.038152 0.851000 -0.187770
v 0.038152 0.851000 0.273317
v -0.309718 0.515270 0.279192
v -0.294828 0.529652 0.273317
v -0.322160 0.503270 0.267749
v -0.321666 0.503732 0.267019
v 0.046960 0.859488 0.285509
v 0.043089 0.863290 0.285509
v -0.298699 0.533453 -0.182529
v -0.301404 0.530842 -0.191514
v -0.325655 0.507417 0.267192
v -0.313292 0.519360 0.120504
v -0.301404 0.530842 0.277080
v -0.294828 0.537178 0.273317
v 0.030430 0.851078 0.273317
v 0.018957 0.862311 0.273317
v 0.022808 0.866035 -0.182529
v 0.030430 0.851078 -0.187770
v 0.036987 0.857413 -0.191514
v 0.043089 0.863290 -0.199962
v -0.300752 0.553805 -0.170855
v 0.013427 0.857109 -0.170855
v -0.307783 0.524679 0.285509
v 0.034281 0.854803 -0.182529
v 0.036987 0.857413 0.277080
v 0.034281 0.854803 0.268094
v 0.022808 0.866035 0.268094
v -0.306302 0.548410 0.273317
v -0.300752 0.553805 0.259608
v -0.306302 0.548410 -0.187770
v 0.018957 0.862311 -0.187770
v -0.294828 0.537178 -0.187770
v -0.310172 0.544684 -0.182529
v -0.313292 0.519360 0.190354
v -0.298699 0.533453 0.190354
v -0.298699 0.533453 0.268094
v -0.305650 0.540269 0.190354
v -0.298699 0.533453 0.007858
v -0.298699 0.533453 -0.034958
v -0.298699 0.533453 -0.104807
v -0.305650 0.540269 -0.104807
v -0.310172 0.544684 0.268094
v -0.305650 0.540269 -0.034958
v -0.305650 0.540269 0.007858
v -0.298699 0.533453 0.120504
v -0.298699 0.533453 0.077708
v -0.061756 0.828421 0.278597
v -0.043824 0.868376 0.313675
v -0.032705 0.848236 0.221419
v -0.016966 0.889441 0.256862
v 0.009912 0.910464 0.200069
v 0.036789 0.931508 0.143276
v 0.057032 0.986669 0.270302
v 0.083909 1.007712 0.213509
v 0.033472 0.948577 0.235185
v 0.006594 0.927532 0.291979
v 0.036592 0.964895 0.328190
v 0.043464 0.968833 0.173439
v 0.063687 0.952549 0.086482
v 0.013249 0.893395 0.108159
v 0.002822 0.867688 0.165682
v 0.004284 0.867861 0.166143
v -0.063217 0.828248 0.278117
v -0.011338 0.904051 0.349272
v -0.009876 0.904224 0.349733
v 0.003296 0.944584 0.383910
v 0.036987 0.982350 0.421368
v 0.052272 1.003545 0.361752
v 0.053734 1.003736 0.362232
v 0.081717 1.022073 0.303653
v 0.119437 1.068075 0.188971
v 0.107134 1.042923 0.246398
v 0.109345 1.028562 0.156255
v 0.087247 0.990644 0.121599
v 0.085786 0.990471 0.121138
v 0.038685 0.914266 0.050904
v 0.040127 0.914439 0.051365
v 0.110807 1.028755 0.156716
v 0.120879 1.068248 0.189432
v 0.108595 1.043117 0.246859
v -0.313312 0.519341 -0.195066
v -0.325655 0.507417 -0.181626
v 0.165629 0.970444 0.076133
v 0.165629 0.970444 0.046028
v 0.148112 0.935174 0.053554
v 0.175088 0.961192 0.053554
v 0.175088 0.961192 0.068607
v 0.148112 0.935174 0.068607
v 0.138672 0.944429 0.076133
v 0.156189 0.979698 0.068607
v 0.156189 0.979698 0.053554
v 0.129232 0.953665 0.053554
v 0.396252 0.751642 -0.126349
v 0.468019 0.751642 -0.121012
v 0.469460 0.728737 -0.134375
v 0.464701 0.905067 -0.090791
v 0.466083 0.846508 -0.090945
v 0.514566 0.816056 -0.062625
v 0.502539 0.846508 -0.051662
v 0.466498 0.816057 -0.094017
v 0.466913 0.785606 -0.102734
v 0.545019 0.728737 -0.128193
v 0.469460 0.703065 -0.150234
v 0.395344 0.728737 -0.134740
v 0.429647 0.846508 -0.130209
v 0.445841 0.905067 -0.142919
v 0.368170 1.027795 -0.147969
v 0.265398 1.028506 -0.139924
v 0.313447 1.036223 -0.143265
v 0.178959 0.978585 -0.135873
v 0.218062 1.006405 -0.135873
v 0.139798 0.942184 -0.135873
v 0.139798 0.942184 -0.007675
v 0.139798 0.942184 -0.071783
v 0.178959 0.978585 -0.071783
v 0.218061 1.006405 -0.071783
v 0.218061 1.006405 -0.013012
v 0.265398 1.028506 -0.075834
v 0.313447 1.036223 -0.079175
v 0.367123 1.030982 -0.089332
v 0.442977 0.959692 -0.036935
v 0.414303 1.001990 -0.098414
v 0.442977 0.959692 -0.100180
v -0.326030 0.507071 0.267749
v -0.312700 0.512390 0.280574
v -0.316571 0.516192 0.280574
v -0.303892 0.520878 0.285509
v -0.312700 0.512390 -0.195028
v -0.326030 0.507071 -0.182202
v -0.316571 0.516192 -0.195028
v -0.307783 0.524679 -0.199962
v -0.303892 0.520878 -0.199962
v 0.046960 0.859488 -0.199962
v 0.035308 0.918969 0.126303
v 0.030253 0.923252 0.125324
v 0.006396 0.886502 0.125535
v 0.001361 0.890765 0.124556
v 0.014039 0.881472 0.067032
v 0.009003 0.885735 0.066034
v 0.042951 0.913938 0.067800
v 0.037896 0.918201 0.066802
v 0.547151 0.670887 -0.185389
v 0.387267 0.705888 -0.185389
v 0.568657 0.670907 -0.185409
v 0.547171 0.657505 -0.185409
v 0.387306 0.670791 -0.185389
v 0.366708 0.656910 -0.185409
v 0.448448 0.960635 -0.100180
v 0.434466 0.846508 -0.132916
v 0.470072 0.905067 -0.092193
v 0.470092 0.785606 -0.107149
v 0.467545 0.703065 -0.155322
v 0.393448 0.703065 -0.154516
v 0.393448 0.728737 -0.139809
v 0.467545 0.728737 -0.139463
v 0.543103 0.728737 -0.133280
v 0.541661 0.703065 -0.156128
v 0.468986 0.751643 -0.126349
v 0.529792 0.785606 -0.081998
v 0.470507 0.816056 -0.097588
v 0.470902 0.846508 -0.093633
v 0.518575 0.816056 -0.066196
v 0.448447 0.960635 -0.036935
v 0.418568 1.005464 -0.098414
v 0.418568 1.005464 -0.036935
v 0.313920 1.041620 -0.020404
v 0.370322 1.035418 -0.028622
v 0.263956 1.033727 -0.017063
v 0.370322 1.035418 -0.089332
v 0.313920 1.041620 -0.079175
v 0.263956 1.033727 -0.139924
v 0.263956 1.033727 -0.075834
v 0.214132 1.010225 -0.071783
v 0.175029 0.982405 -0.071783
v 0.135868 0.946005 -0.071783
v 0.175029 0.982405 -0.135873
v 0.214132 1.010225 -0.135873
v 0.609793 0.567649 -0.240205
v 0.609793 0.574081 -0.275360
v 0.609793 0.379777 -0.095918
v 0.609793 0.384654 -0.094612
v 0.609793 0.563560 -0.225844
v 0.609793 0.603266 -0.250228
v 0.609793 0.599117 -0.253127
v 0.609793 0.566880 -0.230087
v 0.695600 0.567649 -0.240205
v 0.609793 0.570778 -0.271098
v 0.609793 0.570721 -0.255949
v 0.695600 0.570778 -0.271098
v 0.695600 0.574081 -0.275360
v 0.609793 0.574042 -0.260192
v 0.695600 0.570970 -0.244449
v 0.609793 0.570970 -0.244449
v 0.695600 0.574042 -0.260192
v 0.695600 0.570721 -0.255949
v 0.695600 0.629223 0.481273
v 0.695600 0.625076 0.478374
v 0.609793 0.625152 -0.230816
v 0.609793 0.630049 -0.232122
v 0.695600 0.603266 -0.250228
v 0.695600 0.384654 -0.094612
v 0.695600 0.369774 0.017842
v 0.609793 0.369774 0.017842
v 0.609793 0.358427 -0.006657
v 0.609793 0.355816 -0.039067
v 0.695600 0.364244 -0.069498
v 0.695600 0.611195 -0.256679
v 0.609793 0.621313 -0.252186
v 0.609793 0.611195 -0.256679
v 0.609793 0.617454 -0.248941
v 0.695600 0.628378 0.469445
v 0.609793 0.614920 0.486418
v 0.695600 0.373902 0.014943
v 0.695600 0.606414 0.486840
v 0.609793 0.350766 -0.038625
v 0.609793 0.359290 -0.069940
v 0.609793 0.364244 -0.069498
v 0.695600 0.563560 -0.225844
v 0.695600 0.379777 -0.095918
v 0.695600 0.359290 -0.069940
v 0.695600 0.355816 -0.039067
v 0.695600 0.350766 -0.038625
v 0.695600 0.358427 -0.006657
v 0.609793 0.606414 0.486840
v 0.609793 0.616225 0.491314
v 0.695600 0.616225 0.491314
v 0.609793 0.362804 -0.009172
v 0.695600 0.362804 -0.009172
v 0.609793 0.373902 0.014943
v 0.609793 0.605109 0.491717
v 0.695600 0.605109 0.491717
v 0.609793 0.628378 0.469445
v 0.695600 0.621313 -0.252186
v 0.695600 0.630049 -0.232122
v 0.695600 0.617454 -0.248941
v 0.609793 0.610811 -0.252109
v 0.695600 0.610811 -0.252109
v 0.695600 0.599117 -0.253127
v 0.695600 0.566880 -0.230087
v 0.695600 0.625152 -0.230816
v 0.695600 0.633429 0.469887
v 0.609793 0.629223 0.481273
v 0.609793 0.625076 0.478373
v 0.609793 0.633429 0.469887
v 0.695600 0.614920 0.486418
v 0.135868 0.946005 -0.135873
v 0.395344 0.703065 -0.149428
v 0.397220 0.751643 -0.131668
v 0.410392 0.785606 -0.126580
v 0.407213 0.785606 -0.122145
v 0.418430 0.816056 -0.125409
v 0.422439 0.816057 -0.128961
v 0.451212 0.905067 -0.144321
v 0.433616 0.950305 -0.148122
v 0.439087 0.951246 -0.148122
v 0.408713 0.990720 -0.150407
v 0.412960 0.994195 -0.150407
v 0.371369 1.032230 -0.147969
v 0.313920 1.041620 -0.143265
v 0.313447 1.036223 -0.020404
v 0.367123 1.030982 -0.028622
v 0.265398 1.028506 -0.017063
v 0.214132 1.010225 -0.013012
v 0.175029 0.982405 -0.007675
v 0.135868 0.946005 -0.007675
v 0.178959 0.978585 -0.007675
v 0.543557 0.703065 -0.151041
v 0.540752 0.751643 -0.111604
v 0.539785 0.751642 -0.106286
v 0.526612 0.785606 -0.077582
v 0.507338 0.846508 -0.054350
v 0.488932 0.905067 -0.040065
v 0.483561 0.905067 -0.038663
v 0.414303 1.001990 -0.036935
v -0.179200 0.067719 -0.159124
v -0.172959 0.065781 -0.162388
v -0.175961 0.064572 -0.162388
v -0.177206 0.061672 -0.162388
v -0.181787 0.061672 -0.159124
v -0.181906 0.070350 -0.151943
v -0.185618 0.061672 -0.151943
v -0.164013 0.052974 -0.126695
v -0.181906 0.052974 -0.151943
v -0.172959 0.049365 -0.151943
v -0.172959 0.049365 -0.126695
v -0.181906 0.052974 -0.126695
v -0.179200 0.055605 -0.159124
v -0.169978 0.058753 -0.162388
v -0.175961 0.058753 -0.162388
v -0.164132 0.061672 -0.159124
v -0.166719 0.055605 -0.159124
v -0.160320 0.061672 -0.151943
v -0.160320 0.061672 -0.126695
v -0.185618 0.061672 -0.126695
v -0.181906 0.070350 -0.126695
v -0.172959 0.073959 -0.151943
v -0.172959 0.053090 -0.159124
v -0.172959 0.057545 -0.162388
v -0.164013 0.052974 -0.151943
v -0.164013 0.070350 -0.126695
v -0.172959 0.070255 -0.159124
v -0.168733 0.061672 -0.162388
v -0.169978 0.064572 -0.162388
v -0.166719 0.067719 -0.159124
v -0.164013 0.070350 -0.151943
v -0.172959 0.073959 -0.126695
v -0.140552 0.057545 -0.162388
v -0.144798 0.061672 -0.162388
v -0.143554 0.058753 -0.162388
v -0.140552 0.053090 -0.159124
v -0.137570 0.058753 -0.162388
v -0.136326 0.061672 -0.162388
v -0.137570 0.064572 -0.162388
v -0.140552 0.065781 -0.162388
v -0.146792 0.067719 -0.159124
v -0.143554 0.064572 -0.162388
v -0.149380 0.061672 -0.159124
v -0.149498 0.052974 -0.151943
v -0.146792 0.055605 -0.159124
v -0.140552 0.049365 -0.151943
v -0.131606 0.052974 -0.151943
v -0.131606 0.052974 -0.126695
v -0.140552 0.049365 -0.126695
v -0.127913 0.061672 -0.126695
v -0.134312 0.055605 -0.159124
v -0.131724 0.061672 -0.159124
v -0.127913 0.061672 -0.151943
v -0.131606 0.070350 -0.151943
v -0.134312 0.067719 -0.159124
v -0.140552 0.070255 -0.159124
v -0.153211 0.061672 -0.151943
v -0.149498 0.052974 -0.126695
v -0.149498 0.070350 -0.151943
v -0.149498 0.070350 -0.126695
v -0.140552 0.073959 -0.151943
v -0.153211 0.061672 -0.126695
v -0.131606 0.070350 -0.126695
v -0.140552 0.073959 -0.126695
v 0.404112 0.074805 -0.064507
v 0.122616 0.074805 -0.064507
v 0.122616 0.056430 -0.089793
v 0.404112 0.056430 -0.121050
v 0.404113 0.134286 -0.146356
v 0.122616 0.134286 -0.146356
v 0.404112 0.134286 -0.064507
v 0.404112 0.152661 -0.089793
v 0.404113 0.152661 -0.121050
v 0.404112 0.074805 -0.146356
v 0.404112 0.104545 -0.156013
v 0.404112 0.104545 -0.054830
v 0.404112 0.056430 -0.089793
v 0.122616 0.056430 -0.121050
v 0.122616 0.104545 -0.156013
v 0.122616 0.074805 -0.146356
v 0.122616 0.104545 -0.054830
v 0.122616 0.134286 -0.064507
v 0.122616 0.152661 -0.089793
v 0.122616 0.152661 -0.121050
v 0.421866 0.055470 -0.051508
v 0.122952 0.055470 -0.068289
v 0.406719 0.151662 -0.068289
v 0.406719 0.055470 -0.068289
v 0.406719 0.103567 -0.117690
v 0.406719 0.147745 -0.093230
v 0.421866 0.135496 -0.109876
v 0.421866 0.151662 -0.068289
v 0.421866 0.055470 -0.068289
v 0.421866 0.059388 -0.093230
v 0.421866 0.151662 -0.051508
v 0.107805 0.055470 -0.068289
v 0.421866 0.147745 -0.093230
v 0.421866 0.103567 -0.117690
v 0.406719 0.135496 -0.109876
v 0.421866 0.071636 -0.109876
v 0.406719 0.071636 -0.109876
v 0.406719 0.059388 -0.093230
v 0.107805 0.071636 -0.109876
v 0.122952 0.071636 -0.109876
v 0.122952 0.059388 -0.093230
v 0.107805 0.119560 -0.113773
v 0.107805 0.147745 -0.093230
v 0.107805 0.055470 -0.051508
v 0.107805 0.119560 -0.093652
v 0.107805 0.059388 -0.093230
v 0.107805 0.087573 -0.093652
v 0.124612 0.110497 -0.101485
v 0.457631 0.580225 -0.165345
v 0.457828 0.580474 -0.160698
v 0.419338 0.606702 -0.181319
v 0.419457 0.606989 -0.176653
v 0.392895 0.610427 -0.189652
v 0.392836 0.610101 -0.194298
v 0.246459 0.643527 -0.162253
v 0.244584 0.639764 -0.164308
v 0.338093 0.618356 -0.198369
v 0.338034 0.614151 -0.200442
v 0.392796 0.605914 -0.196353
v 0.532419 0.490368 -0.128730
v 0.620931 0.371790 -0.070151
v 0.645814 0.360384 -0.072206
v 0.646980 0.364417 -0.070151
v 0.157789 0.682618 -0.104270
v 0.418153 0.602670 -0.183373
v 0.392776 0.602037 -0.193761
v 0.455419 0.576635 -0.167418
v 0.529081 0.487718 -0.130804
v 0.526021 0.485222 -0.128193
v 0.595120 0.387764 -0.082708
v 0.242885 0.636250 -0.161697
v 0.338014 0.610273 -0.197831
v 0.417126 0.598925 -0.180781
v 0.417245 0.599214 -0.176116
v 0.453405 0.573274 -0.164807
v 0.592809 0.384597 -0.080116
v 0.593026 0.384827 -0.075450
v 0.616113 0.365223 -0.069614
v 0.644768 0.356642 -0.069614
v 0.616330 0.365454 -0.064967
v 0.618858 0.368852 -0.062894
v 0.595554 0.388225 -0.073396
v 0.455814 0.577134 -0.158106
v 0.526277 0.485395 -0.123527
v 0.453602 0.573523 -0.160161
v 0.418410 0.603245 -0.174061
v 0.392816 0.602343 -0.189095
v 0.338113 0.614785 -0.191111
v 0.338053 0.610599 -0.193165
v 0.243063 0.636519 -0.157050
v 0.158223 0.683079 -0.094958
v 0.392876 0.606548 -0.187040
v 0.338132 0.618663 -0.193722
v 0.246637 0.643797 -0.157588
v 0.244939 0.640283 -0.154977
v 0.160534 0.686248 -0.097550
v 0.095719 0.745268 -0.071668
v 0.026362 0.828575 -0.065505
v 0.023795 0.825600 -0.062894
v 0.020971 0.822432 -0.064948
v 0.090071 0.738932 -0.075796
v 0.155715 0.679681 -0.097012
v 0.093132 0.742312 -0.069076
v 0.090328 0.739143 -0.071131
v 0.155498 0.679451 -0.101678
v 0.092658 0.741888 -0.078388
v 0.160316 0.686016 -0.102215
v 0.020734 0.822220 -0.069614
v 0.023321 0.825177 -0.072206
v 0.095462 0.745056 -0.076334
v 0.026125 0.828364 -0.070151
v 0.711340 0.420173 -0.118324
v 0.722419 0.413395 -0.120628
v 0.711340 0.408922 -0.107073
v 0.722419 0.400609 -0.107860
v 0.722419 0.413395 -0.060167
v 0.711340 0.420173 -0.065025
v 0.711340 0.435572 -0.060897
v 0.722419 0.400609 -0.072935
v 0.711340 0.408922 -0.076295
v 0.711340 0.404794 -0.091674
v 0.722419 0.395943 -0.090407
v 0.722419 0.545262 -0.111930
v 0.711340 0.521011 -0.137313
v 0.711340 0.532282 -0.126042
v 0.722419 0.510337 -0.146855
v 0.722419 0.540577 -0.129383
v 0.711340 0.505632 -0.141441
v 0.711340 0.536409 -0.110663
v 0.711340 0.532282 -0.095265
v 0.722419 0.527808 -0.081690
v 0.722419 0.540577 -0.094478
v 0.722419 0.430849 -0.055482
v 0.711340 0.521011 -0.083994
v 0.722419 0.527808 -0.142170
v 0.738672 0.560794 -0.072839
v 0.738672 0.407655 -0.031809
v 0.738672 0.395808 -0.038644
v 0.728738 0.385345 -0.115060
v 0.738672 0.374977 -0.116423
v 0.728738 0.388168 -0.119975
v 0.728738 0.538484 -0.156109
v 0.738672 0.567630 -0.084666
v 0.728738 0.557262 -0.086030
v 0.728738 0.554439 -0.081134
v 0.728738 0.533587 -0.158932
v 0.728738 0.404104 -0.044999
v 0.728738 0.409018 -0.042177
v -0.069714 0.602804 0.085368
v -0.069694 0.637595 -0.033633
v 0.210162 0.655892 -0.015335
v -0.069694 0.655892 -0.015335
v -0.069694 0.602804 -0.033633
v 0.210162 0.637595 -0.033633
v 0.210162 0.602804 -0.033633
v 0.210162 0.602804 0.085368
v 0.210162 0.655892 0.067052
v 0.210162 0.637595 0.085368
v -0.069714 0.655892 0.067052
v -0.069714 0.637595 0.085368
v 0.107805 0.135496 -0.109876
v 0.122952 0.147745 -0.093230
v 0.107805 0.151662 -0.068289
v 0.107805 0.151662 -0.051508
v 0.048500 0.841958 -0.013761
v 0.043504 0.837100 0.321336
v 0.003494 0.798183 0.350405
v -0.021646 0.773741 0.342379
v 0.103461 0.693715 0.024370
v 0.034065 0.693715 0.024370
v 0.040680 0.665493 0.004537
v 0.040680 0.693715 0.004537
v 0.079466 0.665493 -0.007713
v 0.096825 0.693715 0.004537
v 0.096825 0.693715 0.044204
v 0.079466 0.693715 -0.007713
v 0.058039 0.693715 -0.007713
v 0.079466 0.693715 0.056453
v 0.058039 0.665493 0.056453
v 0.040680 0.665493 0.044204
v 0.058039 0.693716 0.056453
v 0.040680 0.693715 0.044204
v 0.122952 0.119560 -0.093652
v 0.122952 0.087573 -0.093652
v 0.107805 0.087573 -0.113773
v 0.122952 0.087573 -0.113773
v 0.122952 0.119560 -0.113773
v 0.122952 0.135496 -0.109876
v 0.122952 0.151662 -0.068289
v -0.246562 0.178734 -0.109972
v -0.259221 0.178734 -0.062260
v -0.259221 0.178734 -0.109972
v -0.246562 0.106523 -0.109972
v -0.259221 0.106523 -0.109972
v -0.246562 0.106523 -0.062260
v -0.259221 0.106523 -0.062260
v -0.246562 0.178734 -0.062260
v -0.109527 0.192730 -0.052430
v -0.268700 0.031433 -0.052430
v -0.109527 0.031433 -0.052430
v -0.115294 0.037269 -0.119399
v -0.124339 0.046082 -0.133281
v -0.124339 0.178082 -0.133281
v -0.253869 0.178082 -0.133281
v -0.253869 0.178082 -0.119399
v -0.253869 0.046082 -0.119399
v -0.253869 0.046082 -0.133281
v -0.124339 0.046082 -0.119399
v -0.124339 0.178082 -0.119399
v -0.262914 0.186875 -0.119399
v -0.249169 0.114722 -0.114829
v -0.267891 0.191925 -0.061684
v -0.249169 0.114722 -0.061684
v -0.221521 0.156558 -0.126695
v -0.246819 0.156558 -0.126695
v -0.243106 0.165256 -0.126695
v -0.237162 0.159477 -0.162388
v -0.234160 0.160685 -0.162388
v -0.234160 0.152449 -0.162388
v -0.237162 0.153659 -0.162388
v -0.240401 0.150492 -0.159124
v -0.227920 0.150492 -0.159124
v -0.231178 0.153659 -0.162388
v -0.229934 0.156558 -0.162388
v -0.225333 0.156558 -0.159124
v -0.227920 0.162644 -0.159124
v -0.231178 0.159477 -0.162388
v -0.234160 0.165140 -0.159124
v -0.240401 0.162644 -0.159124
v -0.238406 0.156558 -0.162388
v -0.242988 0.156558 -0.159124
v -0.234160 0.147975 -0.159124
v -0.225214 0.147880 -0.151943
v -0.225214 0.165256 -0.151943
v -0.234160 0.168865 -0.151943
v -0.243106 0.165256 -0.151943
v -0.243106 0.147880 -0.151943
v -0.234160 0.144270 -0.126695
v -0.234160 0.144270 -0.151943
v -0.225214 0.147861 -0.126695
v -0.221521 0.156558 -0.151943
v -0.225214 0.165256 -0.126695
v -0.234160 0.168865 -0.126695
v -0.246819 0.156558 -0.151943
v -0.243106 0.147861 -0.126695
v 0.113335 0.110497 -0.115444
v 0.113335 0.096539 -0.101485
v 0.113335 0.096539 -0.115444
v 0.113335 0.103527 -0.118324
v 0.124612 0.110497 -0.115444
v 0.124612 0.113377 -0.108474
v 0.113335 0.113377 -0.108474
v 0.113335 0.110497 -0.101485
v 0.113335 0.103527 -0.098606
v 0.124612 0.103527 -0.098606
v 0.124612 0.093659 -0.108474
v 0.124612 0.096539 -0.101485
v 0.124612 0.096539 -0.115444
v 0.124612 0.103527 -0.118324
v 0.113335 0.093659 -0.108474
v 1.040093 0.554439 -0.081134
v 1.030160 0.407655 -0.031809
v 1.030160 0.395808 -0.038644
v 1.040093 0.385345 -0.115060
v 1.030160 0.381793 -0.128269
v 1.030160 0.534950 -0.169300
v 1.040093 0.533587 -0.158932
v 1.040093 0.538484 -0.156109
v 1.040093 0.557262 -0.086030
v 1.040093 0.404104 -0.044999
v 1.040093 0.388168 -0.119975
v 1.040093 0.409019 -0.042177
v 0.018404 0.783706 0.350405
v 0.028633 0.822623 0.342379
v 0.036019 0.676628 0.088882
v 0.068921 0.656122 0.093029
v 0.123999 0.656122 0.071141
v 0.123999 0.676628 0.071141
v 0.005271 0.656122 0.049848
v 0.132590 0.656122 0.049848
v 0.101821 0.656122 0.088882
v 0.036019 0.656122 0.088882
v 0.362462 0.618471 -0.198753
v 0.363233 0.613421 -0.177152
v 0.380592 0.613421 -0.177152
v 0.390565 0.614170 -0.201230
v 0.397753 0.609677 -0.197696
v 0.373186 0.608564 -0.205588
v 0.371902 0.595067 -0.175444
v 0.356262 0.598696 -0.175770
v 0.356637 0.615630 -0.202420
v 0.372475 0.619067 -0.200654
v 0.379269 0.613940 -0.203514
v 0.366748 0.615188 -0.204513
v 0.352411 0.606875 -0.176538
v 0.348619 0.609677 -0.197696
v 0.353477 0.596967 -0.192877
v 0.373186 0.592993 -0.192608
v 0.383297 0.617109 -0.196813
v 0.373877 0.618951 -0.199444
v 0.371902 0.602842 -0.165537
v 0.392895 0.596967 -0.192877
v 0.397753 0.596296 -0.185216
v 0.391414 0.606875 -0.176538
v 0.131958 0.676628 -0.022727
v 0.132590 0.676628 0.049848
v 0.101821 0.676628 0.088882
v 0.068921 0.676628 0.093029
v 0.063411 0.827461 -0.013761
v 0.043544 0.808147 0.342379
v -0.006756 0.759264 0.342379
v -0.026623 0.739930 0.295243
v 0.131741 0.683732 -0.032116
v 0.131839 0.678759 -0.028411
v 0.079466 0.665493 0.056453
v 0.096825 0.665493 0.044204
v 0.103461 0.665493 0.024370
v 0.096825 0.665493 0.004537
v 0.034065 0.665493 0.024370
v 0.058039 0.665493 -0.007713
v -0.262914 0.037269 -0.119399
v -0.263309 0.114722 -0.114829
v -0.268700 0.192730 -0.052430
v -0.267891 0.114722 -0.061684
v -0.249169 0.191925 -0.061684
v -0.115294 0.186875 -0.119399
v -0.249169 0.187278 -0.114829
v -0.263309 0.187278 -0.114829
v 0.712525 0.409959 -0.082228
v 0.720839 0.409959 -0.082228
v 0.716672 0.410574 -0.079982
v 0.597845 0.391413 -0.075988
v 0.597628 0.391162 -0.080654
v 0.647118 0.364706 -0.065505
v 0.676246 0.364571 -0.070151
v 0.676207 0.364878 -0.065505
v 0.712525 0.399496 -0.079425
v 0.720839 0.399496 -0.079425
v 0.716672 0.400109 -0.077178
v 0.711301 0.382733 -0.069786
v 0.707706 0.384865 -0.072052
v 0.693606 0.369313 -0.066446
v 0.621148 0.372019 -0.065505
v 0.529634 0.488045 -0.121473
v 0.532695 0.490541 -0.124084
v 0.677313 0.360500 -0.072206
v 0.694692 0.364936 -0.073166
v 0.693645 0.369006 -0.071111
v 0.706916 0.383943 -0.076564
v 0.712524 0.398285 -0.083937
v 0.709701 0.380872 -0.078810
v 0.712525 0.408749 -0.086740
v 0.716672 0.408154 -0.088986
v 0.720839 0.408749 -0.086740
v 0.714085 0.379661 -0.072052
v 0.694613 0.365568 -0.063854
v 0.695679 0.361499 -0.065908
v 0.677234 0.361134 -0.062894
v 0.646071 0.360980 -0.062894
v 0.678340 0.356756 -0.069614
v 0.644886 0.356929 -0.064967
v 0.678300 0.357063 -0.064967
v 0.695719 0.361192 -0.070574
v 0.713275 0.378740 -0.076564
v 0.618423 0.368391 -0.072206
v 0.716672 0.397691 -0.086183
v 0.720839 0.398285 -0.083937
v 1.030160 0.546797 -0.162465
v -0.178805 0.200200 -0.081383
v -0.178805 0.183054 -0.082209
v -0.172999 0.183054 -0.083841
v -0.145588 0.214350 -0.082055
v -0.164092 0.209071 -0.083822
v -0.168200 0.213064 -0.088218
v -0.178805 0.200200 -0.090158
v -0.172999 0.200200 -0.085780
v -0.178805 0.183054 -0.085473
v -0.184631 0.183054 -0.083841
v -0.168200 0.213064 -0.079444
v -0.149557 0.224986 -0.082055
v -0.121830 0.215157 -0.081383
v -0.120330 0.220628 -0.085780
v -0.184631 0.200200 -0.085780
v -0.172327 0.217076 -0.083822
v -0.147563 0.219669 -0.077678
v -0.077752 0.200257 -0.028199
v -0.050992 0.196782 -0.047745
v -0.070485 0.203674 -0.030561
v -0.048010 0.189736 -0.045883
v -0.067483 0.196628 -0.028699
v -0.074770 0.193211 -0.029850
v -0.058280 0.193365 -0.048897
v -0.058457 0.193422 -0.064276
v -0.077041 0.197895 -0.086663
v -0.078561 0.192443 -0.082266
v -0.123351 0.209704 -0.085780
v -0.147563 0.219669 -0.086433
v -0.121830 0.215157 -0.090158
v -0.075540 0.203368 -0.082266
v -0.063020 0.201026 -0.078695
v -0.055278 0.186319 -0.065774
v -0.055298 0.186319 -0.047034
v -0.051723 0.197031 -0.066465
v -0.061104 0.194362 -0.081806
v -0.048544 0.189928 -0.067982
v -0.066239 0.190196 -0.078196
v -0.068134 0.196858 -0.075086
v -0.077041 0.197895 -0.077889
v 0.145959 0.583662 0.086751
v 0.145959 0.583662 -0.035918
v 0.145959 0.587867 -0.044404
v 0.145959 0.603918 -0.045614
v 0.145959 0.660077 -0.015335
v 0.188715 0.660289 0.067244
v 0.188715 0.657294 0.072351
v 0.145959 0.660289 0.067244
v 0.145959 0.657294 0.072351
v 0.188715 0.636635 0.086060
v 0.188715 0.656027 0.066495
v 0.188715 0.655816 -0.014990
v 0.188715 0.657370 -0.020404
v 0.188715 0.660077 -0.015335
v 0.188715 0.653396 -0.018158
v 0.188715 0.639131 -0.037876
v 0.188715 0.587867 -0.044404
v 0.188715 0.603918 -0.045614
v 0.188715 0.583662 -0.035918
v 0.188715 0.604091 -0.041217
v 0.188715 0.637230 -0.033902
v 0.145959 0.655816 -0.014990
v 0.145959 0.653396 -0.018158
v 0.145959 0.656027 0.066495
v 0.188715 0.653646 0.069893
v 0.145959 0.590574 0.093989
v 0.145959 0.638689 0.089977
v 0.188715 0.638689 0.089977
v 0.188715 0.603936 0.094181
v 0.188715 0.590574 0.093989
v 0.188715 0.587924 -0.034804
v 0.188715 0.590747 -0.040795
v 0.188715 0.587944 0.086060
v 0.188715 0.583662 0.086751
v 0.188715 0.587233 0.097503
v 0.145959 0.603860 0.098578
v 0.188715 0.603860 0.098578
v 0.145959 0.653646 0.069893
v 0.145959 0.636635 0.086060
v 0.145959 0.603936 0.094181
v 0.145959 0.587233 0.097503
v 0.145959 0.587944 0.086060
v 0.145959 0.587924 -0.034804
v 0.145959 0.590747 -0.040795
v 0.145959 0.639131 -0.037876
v 0.145959 0.604091 -0.041217
v 0.145959 0.637230 -0.033902
v 0.145959 0.657370 -0.020404
v 0.738672 0.546797 -0.162465
v 0.738672 0.534950 -0.169300
v 0.738672 0.381793 -0.128269
v 1.030160 0.374977 -0.116423
v 1.030160 0.567630 -0.084666
v 1.030160 0.560794 -0.072839
v 0.209313 0.156558 -0.117748
v 0.331142 0.156347 -0.117748
v 0.331161 0.158747 -0.131994
v 0.331181 0.162125 -0.142631
v 0.209332 0.162338 -0.142631
v 0.331181 0.155982 -0.138810
v 0.331201 0.166793 -0.158778
v 0.331181 0.168616 -0.153460
v 0.209352 0.168827 -0.153479
v 0.209332 0.167023 -0.158798
v 0.209313 0.160533 -0.147969
v 0.209293 0.156193 -0.138829
v 0.209313 0.158958 -0.132014
v 0.331162 0.153774 -0.125505
v 0.209273 0.153985 -0.125524
v 0.331181 0.160302 -0.147949
v 0.209273 0.104853 -0.160007
v 0.210083 0.134383 -0.146183
v 0.331951 0.152316 -0.121646
v 0.210083 0.152526 -0.121665
v 0.330569 0.160226 0.108063
v 0.330569 0.155503 0.113305
v 0.210675 0.155503 0.113305
v 0.210675 0.030185 0.091474
v 0.330549 0.044854 0.079627
v 0.330549 0.051745 0.091455
v 0.330549 0.040170 -0.029793
v 0.330569 0.155906 0.108063
v 0.330569 0.155483 0.108984
v 0.210675 0.062056 0.113305
v 0.330549 0.044220 -0.029870
v 0.331161 0.052380 -0.123758
v 0.209273 0.072136 -0.149255
v 0.210083 0.104200 -0.156071
v 0.331951 0.134248 -0.146029
v 0.210675 0.155906 0.108063
v 0.210675 0.155482 0.108984
v 0.330549 0.083618 0.108984
v 0.330549 0.083618 0.113305
v 0.330549 0.049595 0.095180
v 0.210675 0.019222 0.081145
v 0.210675 0.023272 0.079666
v 0.210675 0.028035 0.095199
v 0.330549 0.040802 0.081106
v 0.210675 0.062056 0.108984
v 0.210675 0.160226 0.108063
v 0.210675 0.018588 -0.029793
v 0.209273 0.052399 -0.123700
v 0.210083 0.074459 -0.146010
v 0.331951 0.104162 -0.155860
v 0.331161 0.104814 -0.159796
v 0.209273 0.136917 -0.149255
v 0.331161 0.136763 -0.149101
v 0.331161 0.072271 -0.149082
v 0.331951 0.074575 -0.145837
v 0.331951 0.056143 -0.122433
v 0.210083 0.056143 -0.122375
v 0.210675 0.022640 -0.029870
v 0.013842 0.656122 0.071141
v 0.013842 0.676628 0.071141
v 0.005271 0.676628 0.049848
v 0.004639 0.676628 -0.022727
v 0.004639 0.656122 -0.022727
v 0.004521 0.678759 -0.028411
v 0.004422 0.683732 -0.052622
v -0.007703 0.721556 -0.052622
v 0.004422 0.683732 -0.032116
v -0.007703 0.721556 -0.032116
v -0.018684 0.732230 -0.029313
v -0.022555 0.735975 -0.049108
v -0.024629 0.737990 -0.024647
v -0.026623 0.739930 -0.013761
v -0.041533 0.754426 0.295243
v -0.021627 0.744787 0.321336
v -0.036536 0.759283 0.321336
v 0.004521 0.663745 -0.043444
v 0.131958 0.656122 -0.022727
v 0.131839 0.663745 -0.043444
v -0.037544 0.750548 -0.034900
v 0.052490 0.838078 -0.034900
v 0.067479 0.823506 -0.049108
v -0.041533 0.754426 -0.013761
v 0.131741 0.683732 -0.052622
v 0.082330 0.809068 -0.032116
v 0.082330 0.809068 -0.052622
v 0.071330 0.819762 -0.029313
v 0.065405 0.825522 -0.024647
v 0.063410 0.827461 0.295243
v 0.048500 0.841958 0.295243
v 0.058414 0.822604 0.321336
v -0.048228 0.660077 -0.015335
v -0.005473 0.660077 -0.015335
v -0.048228 0.603918 -0.045614
v -0.005473 0.603918 -0.045614
v -0.048228 0.583662 -0.035918
v -0.005473 0.587867 -0.044404
v -0.048228 0.583662 0.086751
v -0.048228 0.603860 0.098578
v -0.005473 0.587944 0.086060
v -0.005473 0.590574 0.093989
v -0.005473 0.587233 0.097503
v -0.005473 0.603860 0.098578
v -0.048228 0.638689 0.089977
v -0.048228 0.587867 -0.044404
v -0.048228 0.587944 0.086060
v -0.048228 0.587233 0.097503
v -0.048228 0.603936 0.094181
v -0.048228 0.653646 0.069893
v -0.048228 0.636635 0.086060
v -0.005473 0.656027 0.066495
v -0.048228 0.656027 0.066495
v -0.048228 0.655796 -0.014990
v -0.005473 0.655816 -0.014990
v -0.048228 0.653396 -0.018158
v -0.048228 0.637230 -0.033902
v -0.048228 0.604091 -0.041217
v -0.005473 0.604091 -0.041217
v -0.048228 0.590747 -0.040795
v -0.005473 0.653646 0.069893
v -0.005473 0.660289 0.067244
v -0.005473 0.657370 -0.020404
v -0.005473 0.653396 -0.018158
v -0.005473 0.637230 -0.033902
v -0.005473 0.639131 -0.037876
v -0.005473 0.583662 -0.035918
v -0.005473 0.590747 -0.040795
v -0.005473 0.587924 -0.034804
v -0.005473 0.583662 0.086751
v -0.048228 0.587924 -0.034804
v -0.048228 0.590574 0.093989
v -0.005473 0.603936 0.094181
v -0.005473 0.638689 0.089977
v -0.005473 0.636635 0.086060
v -0.005473 0.657294 0.072351
v -0.048228 0.657294 0.072351
v -0.048228 0.660289 0.067244
v -0.048228 0.657370 -0.020404
v -0.048228 0.639131 -0.037876
v 0.054978 0.096001 -0.112391
v 0.057111 0.092411 -0.108244
v -0.053066 0.043933 -0.104097
v -0.092840 0.028764 -0.103310
v -0.122383 0.017801 -0.102215
v -0.173453 0.041704 -0.083707
v 0.114915 0.108001 -0.108244
v 0.100597 0.108001 -0.108244
v 0.100597 0.103854 -0.112391
v 0.100597 0.099707 -0.108244
v -0.004702 0.073576 -0.104097
v 0.054978 0.096001 -0.104097
v -0.056088 0.046869 -0.108244
v -0.092465 0.024636 -0.107457
v -0.122759 0.013673 -0.098049
v -0.145035 0.019625 -0.087297
v 0.114915 0.103854 -0.112391
v 0.052845 0.099592 -0.108244
v 0.100597 0.103854 -0.104097
v -0.006164 0.077474 -0.108244
v -0.053066 0.043933 -0.112391
v -0.050045 0.040994 -0.108244
v -0.092109 0.020489 -0.103310
v -0.122383 0.017801 -0.093902
v -0.143929 0.023637 -0.091444
v -0.145035 0.019625 -0.095591
v -0.175902 0.038306 -0.085953
v -0.175902 0.038306 -0.081499
v -0.178351 0.034908 -0.083707
v -0.146141 0.015611 -0.091444
v -0.122008 0.021929 -0.098049
v -0.092465 0.024636 -0.099162
v -0.003240 0.069678 -0.108244
v -0.004702 0.073576 -0.112391
v 0.114915 0.099707 -0.108244
v 0.114915 0.103854 -0.104097
v 0.910009 0.537773 -0.168916
v 0.910009 0.382138 -0.128942
v 0.817923 0.545876 -0.164173
v 0.817923 0.573831 -0.086817
v 0.910009 0.573831 -0.086817
v 0.910009 0.570356 0.063289
v 0.817923 0.570356 0.063289
v 0.910009 0.538598 -0.175117
v 0.910009 0.378184 -0.133857
v 0.910009 0.585793 0.025964
v 0.817923 0.506496 0.100364
v 0.817923 0.543303 0.090495
v 0.817923 0.506650 0.106335
v 0.817923 0.467348 0.097676
v 0.910009 0.413454 0.085157
v 0.910009 0.467348 0.097676
v 0.910009 0.550561 -0.168129
v 0.910009 0.545876 -0.164173
v 0.817923 0.568341 -0.085031
v 0.817923 0.585793 0.025964
v 0.910009 0.575579 0.066207
v 0.910009 0.543303 0.090495
v 0.817923 0.413454 0.085157
v 0.817923 0.468538 0.092031
v 0.817923 0.579842 0.026041
v 0.817923 0.546376 0.095602
v 0.817923 0.575579 0.066207
v 0.910009 0.546376 0.095602
v 0.910009 0.506650 0.106335
v 0.910009 0.506496 0.100364
v 0.910009 0.383252 0.076575
v 0.910009 0.361748 0.054092
v 0.910009 0.367048 0.051212
v 0.817923 0.359886 0.023583
v 0.817923 0.353933 0.023218
v 0.817923 0.371060 -0.120071
v 0.910009 0.414740 0.079532
v 0.910009 0.468538 0.092031
v 0.817923 0.414740 0.079532
v 0.817923 0.383252 0.076575
v 0.910009 0.353933 0.023218
v 0.910009 0.359886 0.023583
v 0.817923 0.376379 -0.117825
v 0.817923 0.378184 -0.133857
v 0.817923 0.538598 -0.175117
v 0.910009 0.386190 0.071410
v 0.817923 0.386190 0.071410
v 0.817923 0.367048 0.051212
v 0.817923 0.361748 0.054092
v 0.910009 0.371060 -0.120071
v 0.910009 0.376379 -0.117825
v 0.817923 0.382138 -0.128942
v 0.817923 0.537773 -0.168916
v 0.817923 0.550561 -0.168129
v 0.910009 0.568341 -0.085031
v 0.910009 0.579842 0.026041
v 1.160520 0.545838 -0.039297
v 1.156649 0.512448 -0.049607
v 1.270697 0.516135 -0.049607
v 1.119699 0.387418 -0.024724
v 1.228632 0.367988 0.053746
v 1.270697 0.516211 0.100902
v 1.275160 0.551157 0.093068
v 1.275949 0.574714 0.063864
v 1.161112 0.547470 0.093068
v 1.228632 0.365166 -0.007636
v 1.233826 0.387418 -0.027566
v 1.228632 0.368315 -0.005754
v 1.228632 0.360462 0.023506
v 1.233826 0.387477 0.075001
v 1.275831 0.577806 -0.014203
v 1.161784 0.574120 -0.014203
v 1.275456 0.587136 0.025868
v 1.161784 0.574120 0.065593
v 1.275831 0.577806 0.065593
v 1.275081 0.552961 0.096351
v 1.270697 0.516211 0.104607
v 1.233826 0.385691 0.078399
v 1.228632 0.364820 0.055647
v 1.119699 0.385691 0.075384
v 1.114505 0.364820 0.053881
v 1.228632 0.356813 0.023468
v 1.233826 0.385632 -0.031003
v 1.275949 0.574753 -0.012359
v 1.275160 0.551330 -0.042522
v 1.119699 0.385632 -0.027969
v 1.275594 0.583662 0.025868
v 1.161547 0.579975 0.025868
v 1.161902 0.571067 -0.012359
v 1.275218 0.549544 -0.039297
v 1.270696 0.516308 -0.053332
v 1.114505 0.365166 -0.005889
v 1.114505 0.368315 -0.004122
v 1.114505 0.356813 0.023487
v 1.114505 0.360462 0.023525
v 1.119699 0.387477 0.072159
v 1.114505 0.367988 0.052095
v 1.156649 0.512525 0.100902
v 1.156649 0.512525 0.104607
v 1.161033 0.549274 0.096351
v 1.161902 0.571029 0.063864
v 1.161408 0.583451 0.025868
v 1.161112 0.547643 -0.042522
v 1.156649 0.512601 -0.053332
v 1.231516 0.547796 0.094392
v 1.345623 0.547796 0.094392
v 1.231516 0.573582 0.064479
v 1.345622 0.573582 0.064479
v 1.231516 0.583316 0.025868
v 1.231516 0.573582 -0.013089
v 1.345623 0.509837 -0.051105
v 1.345622 0.385632 -0.027969
v 1.345623 0.365166 -0.005889
v 1.231516 0.365166 -0.005889
v 1.231516 0.356813 0.023487
v 1.345622 0.387418 -0.024724
v 1.345623 0.356813 0.023487
v 1.345622 0.364820 0.053881
v 1.231516 0.385691 0.075384
v 1.231516 0.364820 0.053881
v 1.231516 0.385632 -0.027969
v 1.231516 0.368315 -0.004122
v 1.231516 0.509837 -0.051105
v 1.231516 0.546087 -0.040603
v 1.231516 0.570414 -0.011284
v 1.231516 0.579688 0.025868
v 1.231516 0.509741 0.098808
v 1.231516 0.509741 0.102399
v 1.345622 0.367988 0.052095
v 1.345622 0.360462 0.023525
v 1.231516 0.360462 0.023525
v 1.345622 0.368315 -0.004122
v 1.231516 0.387418 -0.024724
v 1.231516 0.509645 -0.047495
v 1.231516 0.544243 -0.037473
v 1.345623 0.579688 0.025868
v 1.231516 0.570376 0.062809
v 1.231516 0.545914 0.091186
v 1.345623 0.545914 0.091186
v 1.345623 0.509741 0.098808
v 1.231516 0.387477 0.072159
v 1.231516 0.367988 0.052095
v 1.345622 0.385691 0.075384
v 1.345622 0.387477 0.072159
v 1.345623 0.509741 0.102399
v 1.345623 0.570376 0.062809
v 1.345623 0.583316 0.025868
v 1.345623 0.573582 -0.013089
v 1.345623 0.546087 -0.040603
v 1.345623 0.570414 -0.011284
v 1.345623 0.544244 -0.037473
v 1.345622 0.509645 -0.047495
vn 0.5985 -0.5416 -0.5904
vn 0.5454 -0.3076 -0.7797
vn -0.2526 0.5615 -0.7880
vn 0.2970 0.2943 0.9084
vn -0.2350 -0.6004 -0.7644
vn -0.8790 -0.4769 -0.0001
vn 0.8213 -0.5704 -0.0000
vn 0.6409 -0.6192 0.4537
vn -0.5324 0.8252 -0.1885
vn -0.9370 0.1516 -0.3147
vn -0.6498 0.5943 0.4740
vn -0.8247 0.4422 0.3527
vn -0.8246 0.5515 -0.1258
vn -0.8247 0.4422 -0.3526
vn -0.5324 0.3672 -0.7627
vn -0.5324 0.6617 -0.5279
vn -0.9370 -0.0000 -0.3494
vn -0.9371 0.2730 -0.2177
vn -0.9370 0.3404 -0.0778
vn -0.5324 0.8252 0.1884
vn -0.8247 -0.2454 -0.5096
vn -0.5324 -0.3671 -0.7627
vn -0.9370 -0.1516 -0.3147
vn -0.5324 0.0001 -0.8465
vn 0.6497 0.7411 -0.1692
vn -0.6497 0.7411 -0.1692
vn -0.6497 0.7411 0.1692
vn 0.6498 0.7411 0.1692
vn 0.6498 0.3298 0.6848
vn 0.6498 0.5943 0.4740
vn -0.6498 0.3298 0.6848
vn -0.8246 0.2454 -0.5096
vn -0.6498 0.3298 -0.6849
vn -0.8247 0.0001 -0.5656
vn -0.6497 -0.0000 -0.7602
vn -0.6498 -0.3297 -0.6849
vn -0.8247 -0.4422 -0.3526
vn 0.6498 -0.3297 0.6849
vn 0.6497 -0.0000 0.7602
vn -0.6498 -0.3297 0.6849
vn -0.6497 -0.7411 0.1692
vn -0.6497 -0.7411 -0.1692
vn 0.6497 -0.5942 -0.4741
vn 0.6498 -0.3297 -0.6849
vn 0.6498 0.5943 -0.4740
vn -0.6498 0.5943 -0.4740
vn -0.9371 -0.2730 -0.2177
vn -0.9369 -0.3407 -0.0777
vn -0.5324 -0.6619 -0.5277
vn -0.8247 -0.5514 -0.1258
vn -0.6497 -0.5942 -0.4741
vn -0.8247 -0.5515 0.1258
vn -0.8247 -0.4422 0.3526
vn -0.8247 -0.2454 0.5096
vn -0.6497 -0.5942 0.4741
vn -0.6497 -0.0000 0.7602
vn -0.8246 0.2454 0.5096
vn -0.5324 -0.8253 0.1882
vn -0.8247 -0.0000 0.5656
vn -0.5324 0.3672 0.7627
vn -0.5324 0.0001 0.8465
vn -0.8246 0.5515 0.1258
vn -0.5325 0.6617 0.5279
vn -0.9370 0.3404 0.0778
vn -0.5324 -0.6619 0.5277
vn -0.5324 -0.3671 0.7628
vn -0.9370 -0.2731 0.2176
vn -0.9369 -0.3408 0.0779
vn -0.5323 -0.8254 -0.1882
vn -0.9371 0.2730 0.2178
vn -0.9370 0.0001 0.3494
vn -0.9370 0.1517 0.3147
vn -0.9370 -0.1516 0.3147
vn -0.7818 0.6236 -0.0000
vn -0.6986 0.6986 -0.1545
vn -0.8062 0.5733 -0.1462
vn -0.8063 0.5733 0.1456
vn -0.6285 0.7778 0.0001
vn -0.6285 0.7778 -0.0000
vn -0.9222 0.3868 -0.0000
vn -0.9377 0.3475 -0.0003
vn -0.9221 0.3869 0.0001
vn -0.6770 0.3991 -0.6184
vn -0.8615 0.5078 -0.0000
vn -0.5096 0.7558 0.4111
vn -0.6988 0.6984 0.1546
vn -0.9372 0.2761 0.2130
vn -0.9424 0.3181 0.1036
vn -0.6997 0.5513 0.4544
vn -0.9372 0.1893 0.2928
vn -1.0000 0.0084 0.0042
vn -1.0000 0.0056 0.0050
vn -0.9424 0.3179 -0.1038
vn -1.0000 0.0085 -0.0042
vn -0.9373 0.2758 -0.2132
vn -0.9372 0.1893 -0.2928
vn -0.6996 0.5513 -0.4546
vn -0.6865 0.3952 -0.6103
vn -0.6857 0.1772 -0.7060
vn -0.6856 -0.0595 -0.7255
vn -0.9360 -0.2290 -0.2673
vn -0.7100 -0.1112 -0.6954
vn -0.9999 -0.0093 -0.0037
vn -0.7111 -0.4695 -0.5233
vn 0.5576 -0.5548 -0.6175
vn -0.4259 -0.5814 -0.6932
vn -0.1896 -0.3317 -0.9241
vn -0.4159 -0.3607 -0.8348
vn -0.6882 -0.2933 -0.6636
vn -0.4084 0.2229 -0.8852
vn -0.4110 -0.0731 -0.9087
vn -0.3988 0.6758 -0.6199
vn -0.4084 0.4960 -0.7662
vn 0.5615 0.4501 -0.6943
vn 0.5590 -0.0700 -0.8262
vn -0.1436 -0.5704 0.8087
vn -1.0000 -0.0007 0.0057
vn -1.0000 -0.0046 0.0053
vn -0.9371 0.0849 0.3386
vn -1.0000 0.0027 0.0056
vn -0.4084 0.4961 0.7662
vn -0.9359 -0.2294 0.2673
vn -0.9372 -0.1388 0.3200
vn -0.9370 -0.0286 0.3481
vn -0.6857 0.1772 0.7060
vn -0.4084 0.2229 0.8852
vn 0.5615 0.4502 0.6943
vn 0.5612 0.6487 0.5140
vn -0.3988 0.6758 0.6199
vn -0.6865 0.3952 0.6103
vn 0.5614 0.2006 0.8029
vn -0.6856 -0.0596 0.7255
vn 0.5590 -0.0701 0.8262
vn -0.4110 -0.0731 0.9087
vn -0.6883 -0.2933 0.6635
vn -0.7111 -0.4695 0.5233
vn -0.4159 -0.3607 0.8348
vn -0.4260 -0.5814 0.6932
vn -1.0000 0.0056 -0.0050
vn -0.9371 0.0849 -0.3386
vn -0.9371 -0.0284 -0.3480
vn -1.0000 0.0027 -0.0056
vn -1.0000 -0.0007 -0.0057
vn -1.0000 -0.0093 0.0037
vn -1.0000 -0.0046 -0.0053
vn -0.9371 -0.1389 -0.3202
vn -0.6593 -0.2571 0.7066
vn -0.6595 0.7402 -0.1307
vn -0.6597 0.6509 -0.3757
vn -0.6596 0.4835 -0.5755
vn -0.6597 0.6509 0.3757
vn -0.6598 -0.4832 0.5754
vn -0.6596 0.2573 -0.7062
vn -0.0000 0.6433 -0.7656
vn -0.0000 0.8661 -0.4999
vn -0.0000 0.9848 -0.1738
vn -0.0000 0.9848 0.1739
vn -0.6596 0.7402 0.1307
vn -0.0000 0.8661 0.4999
vn -0.0000 0.6433 0.7656
vn -0.6596 0.4835 0.5755
vn -0.0000 0.3416 0.9398
vn -0.0000 0.0001 1.0000
vn -0.6594 0.2568 0.7066
vn -0.6599 0.0001 0.7513
vn -0.6596 -0.6507 0.3762
vn -0.6596 0.0001 -0.7516
vn -0.0000 -0.3419 0.9397
vn -0.0000 -0.6431 0.7658
vn -0.0000 -0.8658 0.5005
vn -0.0000 -0.9848 0.1738
vn -0.0000 -0.9848 -0.1738
vn -0.6596 -0.7402 0.1307
vn -0.6595 -0.7402 -0.1307
vn -0.0000 -0.8658 -0.5005
vn -0.6596 -0.6507 -0.3762
vn -0.0000 -0.6431 -0.7658
vn -0.6598 -0.4833 -0.5754
vn -0.0000 -0.3426 -0.9395
vn -0.6594 -0.2576 -0.7063
vn -0.0000 0.0002 -1.0000
vn -0.0000 0.3424 -0.9396
vn 0.6497 -0.0000 -0.7602
vn 0.6498 0.3298 -0.6849
vn 0.6497 -0.5942 0.4741
vn 0.6498 -0.7411 0.1692
vn 0.6497 -0.7411 -0.1692
vn -0.6796 0.6637 -0.3124
vn -0.7748 0.6322 0.0001
vn -0.4331 0.7497 -0.5003
vn 0.1045 0.9457 0.3077
vn -0.1355 0.8562 0.4985
vn 0.6460 -0.4890 0.5862
vn 0.6460 -0.4889 -0.5862
vn 0.4348 0.8454 0.3103
vn 0.5362 0.4165 -0.7342
vn 0.4352 0.8452 -0.3103
vn -0.5806 0.7551 0.3044
vn 0.3378 0.7419 0.5792
vn -0.7299 0.3517 0.5862
vn -0.7299 0.3516 -0.5862
vn -0.5806 0.7551 -0.3044
vn 0.5358 0.4166 0.7345
vn -0.6725 0.1765 0.7187
vn -0.4853 -0.6562 -0.5778
vn -0.6722 0.1765 -0.7190
vn -0.7635 0.5744 0.2952
vn -0.0238 0.9532 -0.3015
vn -0.7634 0.5746 -0.2951
vn 0.3378 0.7419 -0.5792
vn -0.0238 0.9532 0.3015
vn -0.4854 -0.6561 0.5778
vn -0.4644 0.6586 0.5920
vn -0.5362 0.8394 0.0890
vn -0.0830 0.3704 0.9251
vn 0.0963 0.3502 0.9317
vn 0.1414 -0.2647 0.9539
vn 0.3559 -0.0639 0.9323
vn 0.5454 -0.3076 0.7797
vn 0.2458 0.2205 0.9439
vn 0.0136 0.3298 0.9439
vn -0.5389 0.8188 0.1977
vn 0.2943 -0.2183 0.9305
vn 0.5566 -0.6433 0.5256
vn -0.4973 0.6963 0.5175
vn 0.1587 -0.3068 0.9384
vn -0.1844 0.3258 0.9273
vn 0.4095 -0.7381 0.5363
vn 0.2224 -0.2790 0.9342
vn -0.5214 0.8533 -0.0000
vn -0.5381 0.8429 -0.0000
vn -0.5860 0.6146 0.5280
vn -0.7021 0.4320 0.5661
vn -0.2790 0.2189 0.9350
vn -0.2484 0.2880 0.9248
vn 0.7000 -0.5074 0.5026
vn 0.3753 -0.1228 0.9187
vn -0.4972 0.6963 -0.5176
vn -0.5362 0.8394 -0.0890
vn -0.5389 0.8188 -0.1977
vn -0.6779 0.6843 -0.2686
vn -0.6779 0.6844 0.2686
vn -0.7264 0.6873 -0.0000
vn 0.3886 0.0018 0.9214
vn 0.8558 -0.0887 0.5096
vn -0.5860 0.6146 -0.5281
vn -0.8149 0.4819 -0.3219
vn -0.8627 0.5058 -0.0001
vn -0.8150 0.4820 0.3218
vn -0.8600 0.3637 0.3580
vn -0.7388 0.3281 0.5887
vn -0.2922 0.1565 0.9434
vn -0.2924 0.1899 0.9372
vn 0.3833 0.0720 0.9208
vn -0.5789 -0.5767 0.5765
vn -0.2350 -0.6004 0.7644
vn -0.7389 0.2593 0.6220
vn -0.8605 0.2985 0.4129
vn -0.8599 0.3637 -0.3580
vn -0.7387 0.3281 -0.5887
vn -0.7021 0.4320 -0.5661
vn 0.2943 -0.2183 -0.9305
vn 0.2224 -0.2790 -0.9342
vn 0.6999 -0.5074 -0.5026
vn 0.3753 -0.1228 -0.9187
vn -0.2790 0.2189 -0.9350
vn -0.7389 0.2593 -0.6220
vn -0.8604 0.2985 -0.4130
vn -0.9211 0.3893 -0.0000
vn -0.2924 0.1899 -0.9372
vn -0.5789 -0.5767 -0.5765
vn -0.6674 -0.6003 -0.4407
vn -0.9397 0.3419 -0.0001
vn -0.6675 -0.6002 0.4406
vn 0.3886 0.0018 -0.9214
vn -0.2922 0.1565 -0.9434
vn 0.8558 -0.0887 -0.5097
vn 0.3833 0.0720 -0.9208
vn 0.2981 -0.5966 -0.7451
vn 0.4926 -0.8703 -0.0001
vn 0.5566 -0.6433 -0.5257
vn 0.6644 -0.7474 -0.0001
vn 0.8162 -0.5778 -0.0001
vn 0.8165 -0.3225 -0.4788
vn 0.9342 -0.3569 -0.0000
vn 0.9950 -0.0999 -0.0000
vn 0.8430 0.0697 -0.5333
vn 0.6409 -0.6192 -0.4537
vn 0.9957 0.0925 -0.0000
vn 0.2981 -0.5966 0.7451
vn 0.8431 0.0697 0.5333
vn 0.0967 -0.8480 -0.5210
vn 0.8165 -0.3226 0.4788
vn 0.1840 -0.9829 -0.0001
vn 0.0967 -0.8481 0.5210
vn 0.4095 -0.7380 -0.5363
vn -0.1261 -0.6041 -0.7869
vn 0.3559 -0.0639 -0.9323
vn 0.2458 0.2205 -0.9439
vn -0.4644 0.6588 -0.5919
vn -0.0830 0.3704 -0.9251
vn -0.1843 0.3257 -0.9273
vn -0.2484 0.2880 -0.9248
vn 0.1587 -0.3068 -0.9384
vn 0.1414 -0.2647 -0.9539
vn 0.0963 0.3502 -0.9317
vn -0.7771 0.6253 0.0717
vn -0.2694 0.9630 -0.0008
vn -0.3974 0.5769 0.7136
vn -0.8752 0.4134 0.2515
vn -0.7100 0.6786 0.1880
vn -0.7100 0.6786 -0.1880
vn -0.4787 0.8751 0.0718
vn -0.2694 0.9630 0.0008
vn -0.7770 0.6254 -0.0721
vn -0.4786 0.8751 -0.0718
vn -0.3974 0.5769 -0.7136
vn -0.3092 0.9510 -0.0000
vn -0.4164 0.4364 -0.7976
vn -0.8752 0.4134 -0.2515
vn -0.8528 0.4636 -0.2404
vn -0.7857 0.5684 -0.2443
vn -0.4514 0.2075 -0.8679
vn -0.2794 0.3829 -0.8805
vn -0.2277 0.9571 -0.1794
vn -0.0843 0.6147 -0.7843
vn -0.3433 0.9327 -0.1102
vn -0.3433 0.9327 0.1102
vn -0.1754 0.9771 0.1201
vn -0.1754 0.9771 -0.1201
vn -0.1612 0.9777 -0.1344
vn -0.1612 0.9777 0.1344
vn -0.4909 0.8471 -0.2035
vn -0.2277 0.9571 0.1794
vn -0.4909 0.8471 0.2035
vn -0.7857 0.5684 0.2443
vn -0.0843 0.6147 0.7843
vn -0.2794 0.3829 0.8805
vn -0.4656 0.2808 0.8392
vn -0.8528 0.4636 0.2404
vn -0.4164 0.4364 0.7976
vn -0.2047 0.7313 0.6506
vn 0.2897 0.7190 0.6318
vn 0.5665 -0.5827 0.5827
vn -0.1780 -0.5959 0.7831
vn -0.6770 0.3991 0.6184
vn -0.5431 0.2192 0.8106
vn 0.7981 0.2587 0.5442
vn 0.2736 0.6870 0.6732
vn 0.0747 0.7254 0.6843
vn -0.7307 0.0993 0.6754
vn 0.7086 0.2342 0.6656
vn -0.6806 0.2266 0.6967
vn -0.6690 0.0911 0.7377
vn 0.6829 0.2260 0.6947
vn -0.6673 -0.0971 0.7384
vn 0.6697 -0.0972 0.7363
vn 0.6749 -0.2659 0.6883
vn 0.7476 -0.1270 0.6518
vn 0.6673 0.1236 0.7344
vn 0.6584 -0.1232 0.7425
vn -0.6616 -0.3669 0.6540
vn 0.6663 -0.3562 0.6551
vn -0.6524 -0.1587 0.7411
vn 0.4038 -0.5480 0.7326
vn -0.7096 0.0432 0.7032
vn 0.5844 0.0954 0.8058
vn -0.7178 0.3697 0.5900
vn 0.6978 -0.0036 0.7163
vn -0.0040 0.6980 0.7161
vn 0.1808 0.3752 0.9092
vn 0.6814 -0.0416 0.7307
vn 0.0433 -0.7182 0.6945
vn 0.0039 -0.6728 0.7399
vn -0.1135 0.4561 0.8827
vn -0.2525 0.5616 0.7879
vn 0.2430 -0.6394 0.7294
vn 0.6225 -0.6058 0.4955
vn -0.3562 -0.2987 0.8854
vn -0.7101 -0.1111 0.6953
vn -0.1897 -0.3317 0.9241
vn -0.1823 0.6868 0.7036
vn 0.0767 -0.2909 0.9537
vn 0.2569 -0.7517 0.6074
vn -0.0000 -0.0000 1.0000
vn 0.5985 -0.5416 0.5904
vn 0.7538 0.0728 0.6530
vn -0.4462 -0.7869 0.4263
vn 0.8389 -0.2400 0.4886
vn 0.6516 -0.2493 0.7165
vn -0.2768 -0.6926 0.6661
vn 0.6429 -0.1413 0.7528
vn 0.1808 -0.0719 0.9809
vn 0.1530 -0.2453 0.9573
vn 0.1911 -0.1605 0.9684
vn 0.7407 -0.5150 0.4313
vn -0.5470 -0.4650 0.6961
vn -0.0432 -0.7305 0.6816
vn 0.2664 -0.6690 0.6939
vn -0.6784 0.0353 0.7338
vn -0.5758 0.3075 0.7576
vn -0.4669 0.4824 0.7411
vn -0.3610 0.5801 0.7302
vn -0.2646 0.6346 0.7261
vn 0.0954 -0.7175 0.6900
vn -0.2225 -0.7001 0.6785
vn 0.3885 0.5331 0.7516
vn 0.5196 0.4538 0.7239
vn 0.6477 -0.3515 0.6759
vn 0.5051 -0.5229 0.6866
vn -0.1524 0.4995 0.8528
vn -0.1141 0.6121 0.7825
vn -0.3930 0.2607 0.8818
vn -0.3841 0.2698 0.8830
vn -0.2864 0.1177 0.9509
vn -0.5176 0.7108 0.4762
vn -0.4514 0.2075 0.8679
vn -0.2680 0.6065 0.7485
vn -0.0170 0.2431 0.9699
vn -0.8556 -0.4484 0.2588
vn -0.7390 -0.2304 0.6330
vn -0.8556 -0.1771 0.4865
vn -0.7390 -0.0000 0.6738
vn -0.7390 0.2305 0.6330
vn -0.7389 0.6636 0.1169
vn -0.8556 0.4484 0.2588
vn -0.8558 -0.5095 -0.0899
vn -0.2779 -0.9460 -0.1668
vn -0.8558 -0.5095 0.0898
vn -0.2775 -0.8320 0.4804
vn -0.8555 -0.3329 0.3966
vn -0.2774 -0.6175 0.7360
vn -0.8557 0.1769 0.4863
vn -0.8555 -0.0000 0.5178
vn -0.8557 0.3327 0.3964
vn -0.8555 0.5100 0.0900
vn -0.2773 0.9462 -0.1669
vn -0.2775 0.8320 -0.4804
vn -0.8557 0.3327 -0.3964
vn -0.8557 0.1769 -0.4863
vn -0.2774 -0.6175 -0.7360
vn -0.8555 -0.4484 -0.2588
vn -0.7391 0.5834 -0.3368
vn -0.8556 0.4484 -0.2588
vn -0.7390 -0.0000 -0.6738
vn -0.8555 -0.0000 -0.5178
vn -0.8556 -0.1771 -0.4865
vn -0.8555 -0.3330 -0.3966
vn -0.7389 -0.5835 0.3369
vn -0.7390 -0.6635 0.1170
vn -0.3324 -0.9288 0.1638
vn -0.7390 -0.6635 -0.1170
vn -0.7389 -0.5835 -0.3368
vn -0.7390 -0.4332 -0.5160
vn -0.7390 -0.2304 -0.6330
vn -0.3325 -0.3226 -0.8862
vn -0.7390 0.2304 -0.6330
vn -0.7389 0.4331 -0.5162
vn -0.3325 0.6062 -0.7224
vn -0.7389 0.6636 -0.1169
vn -0.8554 0.5100 -0.0900
vn -0.3325 0.9288 -0.1636
vn -0.8888 0.2947 -0.3510
vn -0.3325 0.8168 -0.4715
vn -0.8887 -0.0000 -0.4585
vn -0.3324 0.3226 -0.8862
vn -0.3325 0.0001 -0.9431
vn -0.8888 -0.2946 -0.3512
vn -0.8887 -0.1569 -0.4309
vn -0.3325 -0.6063 -0.7224
vn -0.8886 -0.3972 -0.2293
vn -0.3324 -0.8168 -0.4715
vn -0.8887 0.4516 -0.0796
vn -0.3325 0.9288 0.1636
vn -0.7391 0.5834 0.3367
vn -0.7389 0.4331 0.5161
vn -0.3326 0.3226 0.8862
vn -0.3325 0.0001 0.9431
vn -0.3326 -0.3226 0.8862
vn -0.7390 -0.4332 0.5160
vn -0.3324 -0.8168 0.4715
vn -0.8887 -0.4516 -0.0796
vn -0.3325 -0.9288 -0.1638
vn -0.8887 -0.4516 0.0796
vn -0.3326 -0.6063 0.7223
vn -0.8888 -0.1568 0.4306
vn -0.8887 0.1569 0.4307
vn -0.8887 0.3970 0.2293
vn -0.3325 0.6062 0.7225
vn -0.8887 0.4515 0.0796
vn -0.3325 0.8168 0.4715
vn 0.2577 -0.8752 0.4095
vn 0.2231 -0.8486 0.4797
vn 0.4196 -0.5337 0.7342
vn -0.0289 -0.8633 0.5038
vn -0.6641 -0.0794 0.7435
vn 0.6389 -0.0717 0.7659
vn -0.1757 0.6685 0.7227
vn -0.0856 0.6849 -0.7236
vn 0.0308 0.6816 -0.7311
vn -0.0856 0.6849 0.7236
vn 0.0308 0.6816 0.7311
vn 0.1976 0.6365 0.7455
vn 0.1977 0.6365 -0.7455
vn 0.3885 0.5331 -0.7516
vn 0.5729 0.3463 -0.7429
vn 0.5729 0.3463 0.7429
vn 0.7538 0.0729 -0.6530
vn 0.6517 -0.2489 -0.7165
vn 0.6779 -0.0122 0.7350
vn 0.8525 -0.3009 0.4274
vn 0.7406 -0.5149 -0.4317
vn 0.4487 -0.7699 -0.4538
vn 0.4486 -0.7699 0.4539
vn 0.1806 -0.8752 0.4488
vn 0.1806 -0.8752 -0.4488
vn -0.5534 -0.2948 -0.7790
vn -0.3719 -0.5364 0.7576
vn -0.5534 -0.2948 0.7790
vn -0.6784 0.0353 -0.7338
vn -0.6611 0.1454 0.7360
vn -0.6611 0.1454 -0.7360
vn -0.3610 0.5801 -0.7302
vn -0.2646 0.6346 -0.7261
vn -0.8886 0.1569 -0.4310
vn -0.8887 0.2946 0.3512
vn -0.8886 0.0001 0.4586
vn -0.8887 -0.2946 0.3513
vn -0.8886 -0.3972 0.2294
vn -0.8887 0.3971 -0.2293
vn 0.6594 -0.2570 -0.7065
vn 0.6595 0.2568 -0.7065
vn 0.6596 0.4831 -0.5758
vn 0.6595 0.6511 -0.3757
vn 0.6596 -0.6508 -0.3761
vn 0.6596 0.4831 0.5758
vn 0.6595 0.2568 0.7065
vn -0.0000 0.6427 0.7661
vn -0.0000 0.8661 0.4998
vn -0.0000 0.9849 0.1733
vn 0.6595 0.6511 0.3757
vn 0.6596 0.7402 0.1303
vn -0.0000 0.9849 -0.1733
vn 0.6597 0.7402 -0.1303
vn -0.0000 0.8661 -0.4998
vn -0.0000 0.6427 -0.7661
vn -0.0000 0.3417 -0.9398
vn -0.0000 0.0001 -1.0000
vn 0.6598 0.0001 -0.7515
vn -0.0000 -0.3419 -0.9397
vn -0.0000 -0.8658 -0.5003
vn -0.0000 -0.6430 -0.7659
vn 0.6597 -0.4832 -0.5756
vn -0.0000 -0.9848 -0.1739
vn 0.6595 -0.7402 -0.1308
vn -0.0000 -0.9848 0.1739
vn -0.0000 -0.8658 0.5003
vn -0.0000 -0.6430 0.7659
vn 0.6597 -0.6507 0.3760
vn 0.6594 -0.2570 0.7065
vn -0.0000 0.3417 0.9398
vn 0.6597 -0.4833 0.5756
vn 0.6597 0.0001 0.7515
vn 0.6595 -0.7402 0.1308
vn -0.2971 0.9548 -0.0000
vn -0.1110 0.7316 0.6727
vn -0.3987 0.9171 -0.0000
vn -0.2898 0.6683 0.6851
vn 0.0737 0.7246 -0.6852
vn -0.1110 0.7316 -0.6727
vn 0.2926 0.9546 -0.0558
vn 0.7489 0.6555 0.0968
vn 0.2926 0.9546 0.0558
vn 0.6596 0.2570 -0.7063
vn 0.6596 -0.4831 -0.5758
vn 0.6596 0.6509 0.3758
vn 0.6596 -0.6509 0.3759
vn 0.6595 -0.2570 0.7064
vn 0.6596 0.2570 0.7064
vn 0.6596 0.7402 -0.1305
vn 0.6596 -0.7402 -0.1305
vn 0.7938 -0.4003 0.4579
vn 0.3527 0.8198 -0.4512
vn 0.7938 -0.4002 -0.4579
vn 0.9361 -0.3518 -0.0001
vn -0.3530 -0.8195 0.4515
vn -0.3529 -0.8195 -0.4516
vn 0.4325 -0.5268 -0.7317
vn -0.4325 0.5266 -0.7319
vn -0.0019 -0.6858 -0.7278
vn -0.4883 -0.8727 0.0001
vn -0.4325 0.5266 0.7318
vn -0.0018 -0.6858 0.7278
vn 0.0019 0.6858 0.7278
vn 0.4325 -0.5269 0.7317
vn 0.3525 0.8198 0.4513
vn -0.7935 0.4006 -0.4582
vn -0.9361 0.3518 0.0001
vn -0.7935 0.4006 0.4581
vn -0.7163 0.6010 0.3545
vn -0.4381 0.6978 0.5667
vn 0.4888 0.8724 -0.0001
vn 0.0017 0.6858 -0.7278
vn -0.1009 0.8190 -0.5649
vn 0.8525 -0.3009 -0.4274
vn 0.1808 -0.0719 -0.9809
vn -0.5608 -0.5563 -0.6133
vn 0.8386 -0.2402 -0.4888
vn -0.4460 -0.7869 -0.4265
vn -0.3789 -0.5357 -0.7546
vn 0.6779 -0.0122 -0.7350
vn 0.6429 -0.1413 -0.7528
vn 0.1530 -0.2452 -0.9573
vn 0.1909 -0.1604 -0.9684
vn 0.0767 -0.2909 -0.9537
vn -0.0000 -0.0000 -1.0000
vn -0.3159 -0.6924 -0.6487
vn 0.0433 -0.7182 -0.6945
vn 0.2569 -0.7517 -0.6074
vn 0.3234 -0.5704 -0.7551
vn 0.2577 -0.8752 -0.4094
vn -0.0289 -0.8633 -0.5038
vn 0.4196 -0.5337 -0.7342
vn 0.5381 -0.3437 -0.7696
vn -0.3719 -0.5364 -0.7576
vn -0.6641 -0.0794 -0.7435
vn 0.6389 -0.0717 -0.7659
vn 0.6899 0.0514 -0.7220
vn 0.7013 -0.1515 -0.6965
vn 0.7131 -0.0282 -0.7005
vn -0.7203 -0.0730 -0.6898
vn -0.7096 0.0432 -0.7032
vn 0.6382 -0.0731 -0.7664
vn 0.1808 0.3750 -0.9092
vn 0.2445 -0.6218 -0.7440
vn -0.1135 0.4559 -0.8827
vn -0.0040 0.6981 -0.7160
vn -0.7099 0.4575 -0.5355
vn -0.7179 0.3699 -0.5898
vn -0.1823 0.6868 -0.7036
vn -0.3562 -0.2987 -0.8854
vn -0.2864 0.1177 -0.9509
vn -0.5176 0.7108 -0.4762
vn -0.4656 0.2808 -0.8392
vn -0.1524 0.4995 -0.8528
vn -0.1141 0.6121 -0.7825
vn -0.3841 0.2698 -0.8830
vn -0.3930 0.2607 -0.8818
vn -0.0170 0.2431 -0.9699
vn -0.2680 0.6065 -0.7485
vn 0.0136 0.3298 -0.9439
vn 0.5665 -0.5827 -0.5827
vn 0.7074 0.3012 -0.6394
vn 0.2897 0.7190 -0.6318
vn -0.7995 -0.2368 0.5520
vn -0.2047 0.7313 -0.6506
vn -0.7995 -0.2368 -0.5520
vn 0.7074 0.3013 0.6394
vn 0.6731 -0.6359 -0.3777
vn 0.5110 -0.6468 -0.5662
vn 0.4804 -0.7223 -0.4974
vn 0.6119 -0.7240 -0.3183
vn 0.7580 -0.6431 -0.1087
vn 0.6800 -0.7246 -0.1120
vn 0.6673 -0.7378 0.1017
vn 0.7653 -0.6291 -0.1361
vn 0.7653 -0.6291 0.1361
vn 0.6731 -0.6359 0.3777
vn 0.6127 -0.7191 0.3279
vn -0.0001 -0.6704 -0.7420
vn 0.6284 -0.5979 -0.4977
vn 0.5110 -0.6468 0.5662
vn 0.3234 -0.5704 0.7551
vn 0.4841 -0.7206 0.4963
vn 0.7131 -0.0282 0.7005
vn 0.7013 -0.1515 0.6965
vn 0.6899 0.0514 0.7220
vn 0.5381 -0.3437 0.7696
vn 0.2231 -0.8486 -0.4797
vn 0.1607 -0.8996 -0.4060
vn 0.1607 -0.8996 0.4060
vn -0.4263 -0.6039 0.6735
vn -0.4263 -0.6039 -0.6735
vn 0.0954 -0.7175 -0.6900
vn 0.1855 -0.6938 0.6959
vn 0.1855 -0.6938 -0.6959
vn 0.3780 -0.6204 0.6872
vn 0.5051 -0.5229 -0.6866
vn 0.6477 -0.3515 -0.6759
vn -0.0100 -0.9963 -0.0849
vn -0.2067 -0.7075 0.6758
vn -0.2069 -0.7068 -0.6765
vn -0.3322 -0.6231 -0.7081
vn -0.3789 -0.5357 0.7546
vn -0.3324 -0.6230 0.7080
vn -0.5607 -0.5563 0.6133
vn -0.6126 -0.3725 -0.6971
vn -0.6126 -0.3725 0.6971
vn 0.7634 -0.2569 -0.5926
vn 0.5554 -0.3348 -0.7613
vn 0.5615 0.2005 -0.8028
vn 0.5611 0.6488 -0.5141
vn 0.2942 -0.2997 0.9076
vn 0.7981 0.2586 -0.5442
vn 0.2969 0.2942 -0.9084
vn 0.5558 -0.5554 0.6186
vn 0.7628 -0.2587 0.5927
vn 0.5549 -0.3346 0.7617
vn 0.3781 -0.6204 -0.6872
vn -0.0432 -0.7305 -0.6816
vn -0.2225 -0.7001 -0.6785
vn -0.5758 0.3075 -0.7576
vn -0.4669 0.4824 -0.7411
vn 0.2664 -0.6690 -0.6939
vn -0.1757 0.6685 -0.7227
vn -0.5470 -0.4650 -0.6961
vn 0.5196 0.4538 -0.7239
vn -0.7053 -0.2995 0.6425
vn -0.6724 -0.2666 0.6905
vn -0.6555 -0.1238 0.7450
vn -0.7802 -0.2055 0.5908
vn -0.7310 0.1113 0.6732
vn -0.7461 -0.1259 0.6539
vn -0.7065 0.2344 0.6678
vn -0.4782 -0.2493 0.8421
vn -0.6644 0.1243 0.7369
vn -0.7211 -0.2160 0.6583
vn -0.7063 0.2349 -0.6678
vn -0.6806 0.2266 -0.6967
vn -0.6689 0.0911 -0.7377
vn -0.6726 -0.2666 -0.6904
vn -0.7050 -0.2993 -0.6430
vn -0.7463 -0.1253 -0.6538
vn -0.6616 -0.3669 -0.6540
vn -0.7306 0.1115 -0.6736
vn -0.6555 -0.1238 -0.7450
vn -0.7366 0.1964 -0.6472
vn -0.7100 0.4573 0.5354
vn -0.7366 0.1964 0.6472
vn -0.7203 -0.0730 0.6898
vn -0.7309 0.0998 -0.6751
vn -0.5097 0.7557 -0.4111
vn -0.5432 0.2191 -0.8105
vn 0.2943 -0.2996 -0.9076
vn -0.2898 0.6683 -0.6851
vn 0.2745 0.6887 -0.6711
vn -0.1807 -0.5801 -0.7943
vn -0.4783 -0.2507 -0.8417
vn 0.7331 0.0994 -0.6728
vn -0.6672 -0.0975 -0.7385
vn 0.7071 -0.2984 -0.6411
vn -0.6645 0.1240 -0.7370
vn 0.6581 -0.1231 -0.7428
vn 0.6663 -0.3569 -0.6547
vn -0.7800 -0.2055 -0.5910
vn -0.7211 -0.2160 -0.6583
vn -0.6524 -0.1587 -0.7411
vn 0.6717 -0.3506 -0.6527
vn 0.4038 -0.5480 -0.7326
vn 0.7489 0.6555 -0.0968
vn 0.6685 0.3091 0.6765
vn 0.7330 0.0997 0.6729
vn 0.6749 -0.2659 -0.6883
vn 0.6696 -0.0972 -0.7363
vn 0.7477 -0.1270 -0.6518
vn 0.7086 0.2342 -0.6657
vn 0.6690 0.3091 -0.6759
vn 0.6829 0.2260 -0.6947
vn 0.6714 0.0909 -0.7355
vn 0.7071 -0.2984 0.6410
vn 0.6714 0.0909 0.7355
vn 0.6674 0.1240 -0.7343
vn 0.7340 0.1088 -0.6704
vn 0.7771 -0.1992 -0.5971
vn 0.4287 -0.0479 0.9022
vn 0.9320 -0.2313 -0.2792
vn 0.4287 -0.3485 -0.8336
vn 0.9428 -0.3303 -0.0447
vn 0.7769 -0.1990 0.5974
vn 0.8259 -0.5110 0.2383
vn 0.4287 -0.3485 0.8336
vn 0.8042 -0.5582 0.2042
vn 0.9428 -0.3303 0.0447
vn 0.6717 -0.3507 0.6526
vn 0.8042 -0.5582 -0.2042
vn 0.8259 -0.5110 -0.2383
vn 0.7340 0.1088 0.6704
vn -0.6383 0.3527 0.6842
vn -0.6018 -0.6917 0.3993
vn -0.7130 -0.2961 -0.6355
vn -0.6384 -0.4158 -0.6477
vn -0.6381 -0.7002 -0.3204
vn -0.6497 -0.7304 -0.2107
vn -0.6254 -0.7776 0.0645
vn -0.6871 -0.4522 0.5686
vn -0.6563 -0.6711 0.3449
vn -0.6682 -0.5780 -0.4684
vn -0.6383 -0.2167 0.7387
vn -0.6381 -0.5818 0.5042
vn -0.6383 -0.7620 0.1094
vn -0.6381 -0.0000 -0.7700
vn -0.6382 0.7003 -0.3199
vn -0.6383 0.4164 -0.6474
vn -0.5409 -0.8283 0.1460
vn -0.8470 0.4046 -0.3447
vn -0.6382 0.7620 0.1094
vn -0.8169 0.2563 0.5167
vn -0.7441 -0.1161 0.6579
vn -0.6383 0.2167 0.7387
vn -0.7801 0.0741 -0.6213
vn -0.6381 0.5818 0.5043
vn -0.8650 0.4869 0.1213
vn -0.5409 -0.8283 -0.1460
vn -0.6017 -0.7866 -0.1386
vn -0.7129 0.4024 -0.5742
vn -0.6683 0.1163 -0.7347
vn -0.6383 0.3527 -0.6842
vn -0.6382 -0.0732 -0.7664
vn -0.6430 -0.4416 -0.6258
vn -0.6017 -0.2732 -0.7505
vn -0.6674 -0.7372 -0.1054
vn -0.6562 -0.6342 -0.4089
vn -0.6495 -0.1832 -0.7380
vn -0.6018 -0.5134 -0.6118
vn -0.6380 -0.1452 0.7562
vn -0.6384 -0.7482 0.1810
vn -0.6381 -0.7275 -0.2521
vn -0.6383 -0.4757 -0.6052
vn -0.6381 0.7690 0.0373
vn -0.6381 0.6668 -0.3849
vn -0.7443 -0.6278 0.2277
vn -0.6381 -0.5318 0.5568
vn -0.8642 0.1402 0.4832
vn -0.6383 0.2869 0.7143
vn -0.6384 0.6269 0.4467
vn -0.7803 0.5752 -0.2455
vn -0.5409 -0.5406 -0.6443
vn -0.8482 0.5000 0.1747
vn -0.5409 -0.2877 -0.7904
vn -0.8172 -0.3191 0.4800
vn -0.8168 -0.3193 -0.4805
vn -0.8654 0.1381 -0.4816
vn -0.5409 -0.2877 0.7904
vn -0.5409 -0.7284 0.4206
vn 0.6596 -0.7402 0.1305
vn -0.5409 -0.7284 -0.4206
vn 0.6596 -0.6509 -0.3759
vn 0.6596 -0.2570 -0.7063
vn 0.6596 -0.0000 -0.7516
vn -0.6018 -0.0000 -0.7987
vn -0.6018 0.2731 -0.7505
vn -0.6383 0.3527 0.6843
vn -0.7127 0.6988 0.0619
vn -0.5409 0.2877 -0.7904
vn -0.7799 0.5006 0.3757
vn -0.5409 0.5406 -0.6443
vn -0.8627 -0.3497 0.3652
vn -0.8169 -0.5756 -0.0364
vn -0.7436 -0.5118 -0.4303
vn -0.6381 -0.7275 0.2520
vn -0.6383 -0.4755 0.6054
vn -0.6382 -0.7481 -0.1817
vn -0.8483 0.0992 0.5201
vn -0.6382 -0.0729 0.7664
vn -0.6383 0.6664 0.3854
vn -0.6380 0.7691 -0.0367
vn -0.6382 0.2171 0.7386
vn -0.6018 0.7866 -0.1386
vn -0.6879 0.4532 0.5669
vn -0.7443 0.1157 0.6578
vn -0.5409 0.7284 -0.4205
vn -0.6017 0.5134 -0.6118
vn -0.6559 0.0369 -0.7540
vn -0.6986 -0.2593 -0.6669
vn -0.6381 -0.5309 -0.5576
vn -0.6383 0.2859 -0.7148
vn -0.6691 0.6934 -0.2673
vn -0.6383 0.6267 -0.4471
vn -0.6492 0.5476 -0.5279
vn -0.6432 0.3208 -0.6952
vn -0.6384 -0.1452 -0.7559
vn -0.5409 0.8283 0.1460
vn -0.6382 -0.7003 -0.3199
vn -0.6383 -0.4164 -0.6475
vn -0.6382 -0.5820 0.5039
vn -0.6382 -0.2171 0.7387
vn -0.8658 -0.4854 0.1215
vn -0.8171 -0.2567 0.5161
vn -0.8474 -0.4042 -0.3443
vn -0.6384 -0.5310 0.5573
vn -0.6869 -0.2663 0.6762
vn -0.7441 -0.5114 0.4299
vn -0.5410 0.5405 0.6443
vn -0.6017 0.5133 0.6119
vn -0.5409 0.7284 0.4205
vn -0.6018 0.6917 0.3993
vn -0.6018 0.7865 0.1387
vn -0.7801 -0.0752 -0.6211
vn -0.6382 0.5821 0.5039
vn -0.6383 0.4164 -0.6475
vn -0.7128 0.2963 -0.6357
vn -0.6688 0.5785 -0.4671
vn -0.6383 0.7620 0.1094
vn -0.6498 0.7303 -0.2109
vn -0.6561 0.6711 0.3451
vn -0.6456 0.7604 0.0706
vn -0.5409 -0.0000 -0.8411
vn 0.6596 0.4832 -0.5758
vn 0.6596 0.6509 -0.3758
vn -0.5409 0.8283 -0.1460
vn 0.6596 0.7402 0.1305
vn 0.6596 0.4832 0.5757
vn 0.6596 -0.0000 0.7516
vn 0.6596 -0.4831 0.5758
vn -0.6868 -0.7188 0.1076
vn -0.6383 -0.7482 -0.1810
vn -0.5409 -0.0000 0.8411
vn -0.6018 0.2731 0.7505
vn -0.7125 0.6990 -0.0618
vn -0.7801 0.5007 -0.3750
vn -0.6384 0.6666 -0.3849
vn -0.6382 0.3532 -0.6841
vn -0.6380 0.7691 0.0367
vn -0.6691 0.6935 0.2673
vn -0.6384 0.6269 0.4466
vn -0.6497 0.5479 0.5270
vn -0.6455 0.3192 0.6938
vn -0.6562 0.0366 0.7537
vn -0.6382 -0.1460 0.7559
vn -0.6382 0.2863 0.7147
vn -0.8641 -0.3494 -0.3623
vn -0.5409 0.2876 0.7904
vn -0.6381 -0.0736 -0.7664
vn -0.6381 -0.7481 0.1821
vn -0.6381 -0.7275 -0.2520
vn -0.8169 -0.5756 0.0363
vn -0.6384 -0.4760 -0.6049
vn -0.8488 0.0993 -0.5193
vn 0.6192 -0.1661 0.7675
vn 0.8046 0.5646 0.1839
vn 0.6192 -0.1662 -0.7675
vn 0.5140 -0.8578 -0.0000
vn 0.5653 -0.5179 -0.6421
vn 0.6687 -0.2888 -0.6852
vn 0.7892 -0.0101 0.6140
vn 0.8034 0.3489 0.4825
vn 0.8038 0.5659 -0.1835
vn 0.8031 -0.0006 -0.5958
vn 0.6431 -0.0003 0.7658
vn 0.8041 -0.5657 -0.1829
vn 0.8041 -0.5654 0.1836
vn 1.0000 -0.0000 0.0001
vn 0.8039 0.3487 -0.4817
vn 0.8037 -0.3502 0.4811
vn 0.6426 0.3831 -0.6635
vn 0.8019 -0.3518 -0.4830
vn 0.5822 0.3563 0.7308
vn 0.7511 0.1645 -0.6394
vn 0.7511 0.1645 0.6394
vn 0.1987 -0.8113 0.5499
vn -0.6119 -0.3917 -0.6871
vn -0.6119 -0.3917 0.6871
vn -0.6879 -0.2252 -0.6899
vn -0.6879 -0.2252 0.6899
vn -0.7139 -0.0685 -0.6968
vn -0.5665 0.5827 0.5827
vn 0.5830 0.5688 0.5802
vn -0.7139 -0.0685 0.6969
vn 0.6699 0.0376 -0.7415
vn 0.6699 0.0376 0.7415
vn 0.5822 0.3563 -0.7308
vn 0.6265 0.2086 -0.7510
vn 0.6265 0.2086 0.7510
vn 0.5829 0.5688 -0.5803
vn -0.5665 0.5827 -0.5827
vn 0.1987 -0.8113 -0.5498
vn -0.6381 -0.5318 -0.5568
vn -0.6384 0.6270 -0.4465
vn -0.6381 0.2863 -0.7147
vn -0.8483 0.5000 -0.1746
vn -0.6382 0.7690 -0.0370
vn -0.6383 -0.7275 0.2517
vn -0.6381 -0.0732 0.7664
vn -0.6383 -0.4761 0.6049
vn -0.6459 -0.4414 0.6228
vn -0.7442 -0.6280 -0.2277
vn -0.6382 -0.1459 -0.7559
vn -0.7802 0.5753 0.2454
vn -0.5409 -0.5406 0.6443
vn -0.7129 0.4025 0.5742
vn -0.6382 0.6668 0.3849
vn -0.6683 0.1163 0.7348
vn -0.6498 -0.1830 0.7378
vn -0.6017 -0.2732 0.7505
vn -0.6563 -0.6342 0.4087
vn 0.7407 -0.6705 0.0420
vn 0.8004 -0.5681 0.1914
vn 0.7407 -0.6705 -0.0420
vn 0.8004 -0.5681 -0.1914
vn 0.9602 -0.1327 0.2459
vn 0.9320 -0.2313 0.2792
vn 0.4287 -0.0479 -0.9022
vn 0.5844 0.0954 -0.8058
vn 0.9602 -0.1327 -0.2459
vn 0.9448 -0.3056 -0.1182
vn 0.6978 -0.0033 -0.7163
vn 0.6814 -0.0421 -0.7307
vn 0.9448 -0.3056 0.1182
vn 0.7575 -0.6434 0.1106
vn 0.6381 -0.0732 0.7665
vn 0.0087 -1.0000 0.0001
vn 0.5281 -0.7665 -0.3655
vn 0.0180 -0.9998 0.0001
vn 0.0070 -0.4993 -0.8664
vn 0.0170 -0.8662 -0.4994
vn 0.0140 -0.5009 -0.8654
vn 0.0099 -0.0015 -1.0000
vn 0.0050 -0.3823 -0.9240
vn 0.0090 -0.1321 -0.9912
vn 0.0099 -0.3809 -0.9246
vn 0.0128 0.0013 -0.9999
vn 0.0165 0.5008 -0.8654
vn 0.0096 0.8657 -0.5004
vn 0.0083 -0.8657 -0.5005
vn 0.0049 0.0007 -1.0000
vn 0.8015 -0.2228 -0.5550
vn 0.0044 -0.1301 -0.9915
vn 0.6426 -0.0000 -0.7662
vn 0.0064 -0.0005 -1.0000
vn 0.6427 0.6634 -0.3832
vn 0.0082 0.4996 -0.8662
vn 0.6425 0.7663 -0.0000
vn 0.6426 0.6635 0.3831
vn 0.0192 0.8662 -0.4993
vn 0.0102 0.9999 -0.0001
vn 0.0203 0.9998 -0.0000
vn 0.0097 0.8658 0.5003
vn 0.0194 0.8662 0.4993
vn 0.0084 0.4996 0.8662
vn 0.0168 0.5008 0.8654
vn 0.0066 -0.0006 1.0000
vn 0.0131 0.0013 0.9999
vn 0.0099 -0.4290 0.9033
vn 0.0087 -0.1845 0.9828
vn 0.0096 -0.0015 1.0000
vn 0.0137 -0.5012 0.8652
vn 0.0168 -0.8662 0.4994
vn 0.6427 0.3832 0.6635
vn 0.6599 -0.3282 0.6759
vn 0.8122 -0.2491 0.5275
vn 0.0051 -0.4310 0.9023
vn 0.0044 -0.1824 0.9832
vn 0.5654 -0.5178 0.6420
vn 0.0048 0.0007 1.0000
vn 0.0068 -0.4993 0.8664
vn 0.5282 -0.7664 0.3655
vn 0.0082 -0.8657 0.5006
vn 0.6016 0.7867 -0.1387
vn 0.6016 0.6918 -0.3994
vn -0.6018 0.6917 -0.3993
vn 0.6016 0.5135 -0.6119
vn 0.6016 -0.0000 -0.7988
vn 0.6016 -0.2732 -0.7506
vn -0.6018 -0.6917 -0.3993
vn 0.6016 -0.7867 0.1387
vn -0.6018 -0.7865 0.1387
vn 0.6016 -0.6918 0.3994
vn -0.6018 -0.5134 0.6118
vn -0.6018 -0.0000 0.7987
vn 0.6016 0.5135 0.6119
vn 0.6016 0.6918 0.3994
vn -0.2777 0.6175 0.7359
vn -0.2777 0.3285 0.9028
vn -0.2774 -0.0000 0.9607
vn -0.2775 -0.3285 0.9028
vn 0.5407 -0.5407 0.6444
vn -0.2778 -0.9460 0.1668
vn -0.2775 -0.8320 -0.4804
vn 0.5407 0.2876 0.7905
vn 0.6016 0.2732 0.7506
vn 0.6016 -0.0000 0.7988
vn 0.5408 -0.0000 0.8412
vn 0.6016 -0.2732 0.7506
vn 0.6016 -0.5135 0.6119
vn 0.5407 -0.2876 0.7905
vn 0.5407 -0.7285 0.4206
vn 0.5408 -0.8284 0.1461
vn 0.6016 -0.7867 -0.1387
vn 0.6016 -0.6918 -0.3994
vn 0.5407 -0.8284 -0.1461
vn 0.6016 -0.5135 -0.6119
vn 0.5407 -0.7285 -0.4206
vn 0.5407 -0.5407 -0.6444
vn 0.5407 -0.2876 -0.7905
vn 0.5408 -0.0000 -0.8412
vn 0.5407 0.2876 -0.7905
vn 0.6016 0.2732 -0.7506
vn 0.5408 0.5408 -0.6443
vn 0.6016 0.7867 0.1387
vn 0.5407 0.8284 0.1461
vn 0.5408 0.7285 0.4206
vn -0.2775 -0.3285 -0.9028
vn -0.2774 -0.0000 -0.9607
vn -0.2777 0.3285 -0.9028
vn 0.5408 0.7285 -0.4205
vn -0.2777 0.6176 -0.7359
vn 0.5408 0.8284 -0.1461
vn -0.2773 0.9462 0.1669
vn -0.2775 0.8320 0.4804
vn 0.5408 0.5408 0.6443
vn 0.3877 -0.2537 0.8862
vn 0.6639 0.4694 0.5822
vn 0.8426 0.5386 0.0002
vn -0.9893 -0.1459 -0.0000
vn -0.3459 0.0898 0.9340
vn -0.4335 0.7491 0.5009
vn -0.6797 0.6636 0.3124
vn -0.8066 -0.0794 0.5857
vn 0.2085 0.2966 0.9320
vn 0.1962 0.9806 0.0002
vn 0.1042 0.9456 -0.3083
vn -0.1357 0.8565 -0.4980
vn 0.6636 0.4695 -0.5825
vn 0.2082 0.2971 -0.9319
vn -0.3458 0.0900 -0.9340
vn -0.8066 -0.0796 -0.5858
vn 0.8252 -0.0964 -0.5566
vn 0.8188 -0.0068 -0.5741
vn 0.9994 -0.0343 0.0001
vn 0.8190 -0.0065 0.5738
vn 0.8256 -0.0958 0.5561
vn -0.1743 -0.3731 0.9113
vn -0.1377 -0.4492 0.8827
vn -0.5665 -0.6135 0.5502
vn -0.7346 -0.6785 -0.0002
vn -0.1740 -0.3732 -0.9113
vn -0.5661 -0.6135 -0.5505
vn -0.1373 -0.4491 -0.8828
vn -0.6177 -0.5433 -0.5686
vn -0.4374 0.6978 -0.5672
vn 0.3683 -0.1707 -0.9139
vn 0.3874 -0.2542 -0.8862
vn 0.1706 0.9217 -0.3485
vn 0.9984 0.0572 -0.0002
vn 0.2745 0.9616 -0.0002
vn 0.1707 0.9215 0.3489
vn -0.1001 0.8194 0.5644
vn 0.3682 -0.1708 0.9139
vn -0.8252 0.5649 -0.0001
vn -0.6178 -0.5429 0.5688
vn -0.7925 -0.6098 -0.0005
vn -0.7161 0.6014 -0.3544
vn -0.6925 0.7214 0.0027
vn -0.3588 0.7230 -0.5904
vn -0.7176 0.6879 -0.1091
vn -0.7875 0.6102 -0.0863
vn -0.5026 0.8629 0.0531
vn -0.8315 0.0502 0.5532
vn -0.6858 -0.4621 -0.5622
vn -0.7487 -0.4205 -0.5124
vn -0.8418 0.5105 -0.1755
vn -0.8251 0.5473 -0.1404
vn -0.8261 0.5587 -0.0739
vn -0.7849 0.6077 -0.1209
vn -0.6069 0.2872 0.7411
vn -0.8304 0.0709 0.5526
vn -0.8487 0.4974 -0.1796
vn -0.7907 0.6049 -0.0944
vn -0.8098 0.5597 -0.1757
vn 0.5665 0.5827 -0.5827
vn 0.5665 0.5827 0.5827
vn -0.5665 -0.5827 0.5827
vn 0.3149 0.6266 -0.7129
vn -0.3162 0.6262 0.7126
vn 0.3152 0.6265 0.7129
vn 0.7123 0.6460 0.2744
vn -0.0152 -0.9998 -0.0104
vn -0.0137 -0.9999 0.0058
vn -0.7061 -0.6534 -0.2730
vn 0.0153 -0.9999 0.0075
vn 0.0049 -0.7057 -0.7085
vn 0.0150 -0.9999 -0.0075
vn -0.7060 -0.6535 0.2730
vn -0.3063 -0.6381 0.7064
vn -0.3156 0.6268 0.7124
vn -0.7132 0.6450 0.2743
vn -0.7135 0.6448 0.2741
vn -0.7133 0.6449 -0.2743
vn -0.5577 0.8019 -0.2145
vn -0.3155 0.6270 -0.7123
vn -0.7132 0.6450 -0.2743
vn -0.5579 0.8016 0.2148
vn 0.5554 0.8030 0.2161
vn 0.3075 -0.6377 0.7063
vn 0.7066 -0.6536 0.2711
vn 0.7127 0.6450 0.2757
vn 0.7124 0.6466 -0.2729
vn 0.7070 -0.6519 -0.2743
vn 0.3077 -0.6376 -0.7062
vn 0.5570 0.8027 -0.2132
vn 0.7121 0.6461 -0.2745
vn -0.2941 -0.6302 -0.7186
vn -0.7134 -0.6323 0.3020
vn 0.2850 -0.6333 0.7195
vn 0.2941 0.6302 -0.7186
vn 0.7134 0.6323 0.3020
vn -0.7013 0.6463 -0.3008
vn -0.2854 0.6312 -0.7212
vn 0.2855 -0.6311 -0.7212
vn 0.7013 -0.6463 -0.3008
vn 0.7153 0.6303 -0.3017
vn 0.6994 -0.6483 0.3010
vn 0.2937 0.6324 0.7168
vn -0.2937 -0.6324 0.7168
vn -0.2850 0.6333 0.7195
vn -0.6994 0.6482 0.3010
vn -0.7153 -0.6303 -0.3017
vn -0.4496 -0.6398 -0.6233
vn -0.0098 -0.6463 -0.7630
vn -0.4275 0.6568 -0.6212
vn -0.7282 -0.6414 -0.2413
vn -0.7290 -0.6410 0.2400
vn -0.7076 0.6647 0.2399
vn -0.4516 -0.6379 0.6238
vn -0.0100 -0.6438 0.7652
vn 0.0109 0.6436 0.7653
vn 0.4312 -0.6511 0.6246
vn 0.7048 -0.6671 -0.2412
vn 0.7064 -0.6660 0.2397
vn 0.7284 0.6416 0.2402
vn 0.4507 0.6381 -0.6242
vn 0.4285 -0.6545 -0.6229
vn 0.0104 0.6433 -0.7655
vn -0.5665 -0.5827 -0.5827
vn -0.1946 0.1442 0.9702
vn 0.1944 0.1445 0.9702
vn 0.0047 -0.7060 0.7082
vn -0.0042 -0.7071 0.7071
vn 0.3149 0.6267 0.7128
vn -0.7069 0.6650 -0.2411
vn -0.4289 0.6553 0.6217
vn 0.4512 0.6390 0.6230
vn 0.7291 0.6405 -0.2411
vn -0.7068 0.6655 -0.2398
vn 0.0110 0.6434 -0.7655
vn -0.4297 0.6550 0.6216
vn 0.7291 0.6410 -0.2398
vn 0.5521 0.6726 0.4927
vn 0.5844 0.4796 -0.6546
vn -0.5844 0.4796 -0.6546
vn -0.5521 0.6726 0.4927
vn -0.4780 0.6711 0.5666
vn -0.4780 0.6711 -0.5666
vn 0.4781 0.6711 -0.5666
vn 0.4781 0.6711 0.5666
vn -0.6376 0.4805 0.6021
vn -0.6376 0.4805 -0.6022
vn -0.5844 0.4796 0.6546
vn 0.5844 0.4796 0.6546
vn -0.5521 0.6726 -0.4927
vn 0.5521 0.6726 -0.4927
vn -0.4614 0.6846 0.5642
vn -0.6478 0.4619 -0.6058
vn -0.6478 0.4619 0.6058
vn 0.4614 0.6846 0.5642
vn 0.4614 0.6846 -0.5643
vn 0.3695 -0.6558 0.6584
vn 0.6453 -0.6611 -0.3829
vn -0.6452 -0.6610 0.3832
vn 0.8087 -0.0032 -0.5882
vn -0.0029 -0.8165 -0.5774
vn -0.6462 -0.2360 -0.7258
vn -1.0000 0.0037 -0.0000
vn -0.9501 0.0667 0.3046
vn -0.6463 -0.2360 0.7257
vn -0.7310 -0.6384 -0.2410
vn -0.4501 -0.6401 -0.6227
vn -0.7305 -0.6394 0.2401
vn 0.4287 -0.6547 -0.6226
vn 0.7079 -0.6644 0.2398
vn 0.7076 -0.6643 -0.2408
vn 0.4516 0.6381 -0.6235
vn -0.0104 -0.6461 -0.7632
vn -0.4282 0.6565 -0.6210
vn -0.7076 0.6652 0.2384
vn -0.4510 -0.6409 0.6212
vn 0.0114 0.6433 0.7656
vn -0.0106 -0.6442 0.7648
vn 0.4524 0.6387 0.6224
vn 0.7285 0.6421 0.2389
vn 0.4304 -0.6539 0.6223
vn 0.5667 0.5823 -0.5829
vn 0.4667 0.6743 0.5723
vn 0.6322 0.6777 0.3755
vn 0.5666 0.5824 0.5829
vn 0.4593 0.8475 0.2661
vn 0.6946 0.7194 -0.0001
vn 0.6700 0.6283 -0.3953
vn 0.4166 0.7520 0.5108
vn 0.5635 0.7553 0.3347
vn 0.2840 0.8629 0.4179
vn 0.6676 0.6245 0.4054
vn -0.5961 0.6041 0.5289
vn -0.3478 0.8913 -0.2909
vn -0.5667 0.5824 -0.5828
vn 0.4606 0.8472 -0.2649
vn 0.0003 0.7068 -0.7074
vn 0.6311 0.6759 -0.3806
vn 0.4652 0.6775 -0.5697
vn 0.5486 0.7336 -0.4012
vn 0.4193 0.7497 -0.5119
vn -0.4497 0.6014 0.6604
vn 0.4496 0.6014 0.6604
vn -0.5958 0.6036 -0.5297
vn -0.2473 0.6711 -0.6989
vn -0.2839 0.8629 -0.4182
vn -0.4668 0.6743 -0.5722
vn -0.6321 0.6777 -0.3756
vn -0.4166 0.7520 -0.5107
vn -0.2208 0.7495 -0.6241
vn 0.2841 0.8626 -0.4186
vn 0.4489 0.6017 -0.6606
vn 0.6113 0.7353 -0.2926
vn -0.5635 0.7553 0.3347
vn -0.2470 0.6713 0.6988
vn -0.2208 0.7493 0.6244
vn -0.4163 0.7522 0.5109
vn -0.4495 0.6015 -0.6605
vn -0.5634 0.7553 -0.3348
vn -0.6322 0.6777 0.3755
vn -0.2839 0.8628 0.4183
vn -0.4665 0.6742 0.5726
vn -0.3480 0.8913 0.2908
vn -0.5667 0.5823 0.5829
vn -0.0029 -0.8165 0.5774
vn 0.8087 -0.0031 0.5882
vn -0.0498 0.9184 0.3924
vn 0.3138 0.6038 -0.7327
vn 0.6376 0.4804 -0.6022
vn 0.6376 0.4805 0.6022
vn 0.6478 0.4619 -0.6058
vn 0.6478 0.4619 0.6058
vn -0.4614 0.6846 -0.5643
vn 0.6453 0.6611 -0.3829
vn 0.3696 0.6557 -0.6583
vn -0.3695 0.6558 -0.6584
vn 0.7480 0.6638 -0.0000
vn -0.3693 0.6558 0.6585
vn -0.6452 0.6610 0.3832
vn -0.7479 -0.6638 -0.0000
vn -0.6452 -0.6610 -0.3831
vn -0.7479 0.6638 -0.0000
vn -0.6452 0.6610 -0.3831
vn -0.3695 -0.6558 -0.6584
vn -0.0000 -0.6533 -0.7571
vn 0.3696 -0.6557 -0.6583
vn -0.0000 0.6533 -0.7571
vn 0.7479 -0.6638 -0.0000
vn 0.6452 -0.6610 0.3831
vn 0.6452 0.6610 0.3831
vn -0.0000 -0.6532 0.7571
vn 0.3695 0.6558 0.6584
vn -0.0000 0.6533 0.7571
vn -0.3693 -0.6558 0.6584
vn -0.8446 0.4383 0.3075
vn 0.2318 0.6559 0.7184
vn 0.1752 0.9762 0.1280
vn -0.8087 0.0035 -0.5882
vn -0.3327 0.6881 0.6448
vn -0.8087 0.0035 0.5882
vn -0.8446 0.4383 -0.3075
vn 0.1752 0.9762 -0.1279
vn -0.3327 0.6881 -0.6448
vn -0.0564 0.9532 -0.2970
vn -0.9501 0.0669 -0.3046
vn 0.8478 0.4319 0.3077
vn 0.4192 0.6665 -0.6165
vn 0.2318 0.6559 -0.7183
vn 0.2524 0.9289 -0.2711
vn 0.2529 0.9287 0.2714
vn -0.0565 0.9532 0.2971
vn 0.8087 -0.0032 0.5882
vn 0.8087 -0.0030 -0.5882
vn 0.4194 0.6660 0.6169
vn 0.3143 0.6035 0.7328
vn -0.0499 0.9187 -0.3918
vn 0.8479 0.4318 -0.3075
vn -0.9876 -0.0432 0.1508
vn -0.9876 -0.0440 -0.1508
vn -0.8088 0.0028 0.5881
vn -0.8446 0.4381 -0.3078
vn -0.8446 0.4381 0.3078
vn -0.8088 0.0028 -0.5881
vn -0.8474 -0.4326 -0.3078
vn -0.8474 -0.4327 0.3078
vn -0.6948 0.7192 0.0005
vn -0.9122 0.0585 0.4055
vn -0.4230 -0.4318 -0.7966
vn -0.0031 -0.8165 -0.5773
vn -0.0031 -0.8165 0.5773
vn 0.4137 -0.8588 -0.3023
vn 0.0245 -0.9074 -0.4196
vn 0.6945 -0.7195 0.0008
vn -0.0505 -0.9879 -0.1468
vn 0.6909 -0.7230 -0.0039
vn -0.0498 -0.9879 0.1468
vn 0.8445 -0.4387 -0.3073
vn 0.8444 -0.4387 0.3073
vn 0.6945 -0.7195 -0.0009
vn 0.4136 -0.8587 0.3024
vn 0.0238 -0.9075 0.4193
vn 0.6911 -0.7228 0.0028
vn 0.8087 -0.0039 0.5882
vn 0.0037 0.8165 0.5774
vn -0.9533 0.1900 -0.2348
vn -0.6944 0.7196 -0.0007
vn -0.6893 0.7245 -0.0054
vn -0.6944 0.7195 0.0002
vn -0.7168 0.4175 0.5585
vn -0.3962 0.7327 0.5534
vn -0.2271 0.6554 0.7204
vn 0.0648 0.9519 -0.2994
vn -0.3961 0.7331 -0.5529
vn -0.6945 0.7194 -0.0010
vn 0.0037 0.8165 -0.5774
vn -0.6949 0.7191 -0.0007
vn -0.6925 0.7214 -0.0021
vn -0.5607 0.3744 0.7386
vn -0.1729 0.9581 -0.2285
vn -0.6948 0.7192 0.0013
vn -0.1737 0.9578 0.2290
vn 0.0651 0.9517 0.3001
vn -0.6423 0.2425 0.7270
vn -0.6949 0.7191 0.0008
vn -0.6428 0.2421 -0.7268
vn -0.2269 0.6558 -0.7200
vn -0.7172 0.4174 -0.5580
vn -0.9498 -0.0598 -0.3072
vn -0.8445 0.4381 0.3078
vn -0.8087 0.0032 0.5882
vn -0.9531 0.1905 0.2351
vn -0.8087 0.0032 -0.5882
vn -0.8087 0.0031 -0.5882
vn -0.8474 -0.4326 -0.3077
vn -0.9495 -0.0600 0.3078
vn 0.2963 -0.8786 0.3744
vn 0.3168 -0.7556 0.5734
vn 0.5337 -0.8455 0.0155
vn 0.8101 -0.5594 0.1756
vn 0.8489 -0.4971 0.1798
vn 0.8418 -0.5104 0.1757
vn 0.7873 -0.6105 0.0861
vn 0.7173 -0.6882 0.1091
vn 0.8261 -0.5587 0.0738
vn 0.7908 -0.6048 0.0940
vn 0.7849 -0.6077 0.1206
vn 0.8249 -0.5474 0.1406
vn 0.8517 0.0215 -0.5236
vn 0.5554 -0.8236 -0.1147
vn -0.6021 -0.6694 -0.4352
vn 0.6971 -0.7145 -0.0595
vn -0.8047 -0.5932 0.0236
vn -0.7920 -0.1372 0.5949
vn 0.4736 -0.7073 0.5249
vn 0.3018 -0.7589 0.5770
vn 0.4510 0.1445 0.8807
vn -0.5939 0.8012 0.0736
vn 0.7214 0.5603 0.4071
vn 0.7554 0.4151 0.5071
vn -0.4400 0.8395 -0.3188
vn -0.5402 0.8339 0.1132
vn -0.3760 0.7224 -0.5803
vn 0.8328 -0.0777 -0.5480
vn -0.2942 0.7583 -0.5818
vn -0.4077 -0.1724 -0.8967
vn 0.6415 -0.2972 -0.7072
vn 0.8424 0.0298 -0.5380
vn 0.6825 0.7274 -0.0709
vn 0.7520 0.4061 0.5192
vn -0.6948 0.7192 -0.0006
vn -0.6897 0.7241 0.0040
vn 0.4228 0.4320 0.7966
vn 0.4227 0.4318 -0.7968
vn 0.0488 -0.9169 -0.3962
vn 0.9121 -0.0586 -0.4058
vn 0.9121 -0.0584 0.4057
vn 0.0489 -0.9169 0.3962
vn -0.4230 -0.4315 0.7968
vn -0.0490 0.9168 0.3962
vn -0.0492 0.9169 -0.3961
vn -0.9122 0.0583 -0.4055
vn -0.7610 -0.0057 0.6488
vn -0.1361 -0.4754 0.8692
vn -0.0339 -0.5186 0.8544
vn -0.8988 -0.2247 0.3765
vn -0.7321 -0.0487 0.6794
vn 0.1312 -0.3196 0.9384
vn -0.1474 -0.2259 0.9629
vn -0.6053 -0.1610 0.7795
vn -0.3629 -0.3735 0.8537
vn 0.8379 -0.3208 0.4416
vn 0.0042 -0.5220 0.8529
vn -0.5448 -0.3411 0.7661
vn -0.9739 0.1647 -0.1559
vn -0.8245 -0.1167 -0.5537
vn -0.3099 -0.5743 -0.7577
vn 0.1405 -0.6568 -0.7409
vn -0.0495 -0.6720 -0.7389
vn 0.4342 -0.5331 -0.7261
vn 0.3221 -0.6179 -0.7173
vn -0.0089 -0.8156 -0.5785
vn -0.0088 -0.8156 0.5785
vn -0.0109 -0.9999 -0.0000
vn 0.6315 -0.7754 -0.0000
vn 0.5033 -0.8641 -0.0000
vn 0.4021 -0.5485 0.7331
vn 0.2933 -0.9560 -0.0000
vn 0.0309 -0.9995 -0.0000
vn -0.3203 -0.9472 0.0149
vn -0.5752 -0.3607 0.7342
vn -0.6992 -0.7098 0.0858
vn -0.8871 -0.4407 0.1371
vn -0.9049 0.0435 0.4234
vn 0.1718 -0.7633 0.6228
vn -0.7520 0.1852 0.6326
vn 0.3588 -0.5768 0.7339
vn 0.1718 -0.7634 -0.6227
vn -0.9046 0.0442 -0.4239
vn -0.7522 0.1854 -0.6323
vn -0.5608 0.3745 -0.7384
vn 0.3586 -0.5768 -0.7339
vn 0.8087 -0.0039 -0.5882
vn 0.7268 0.1119 0.6776
vn -0.1215 0.8604 0.4950
vn -0.0190 -0.7624 0.6468
vn -0.8748 -0.0132 0.4843
vn 0.1218 -0.8610 -0.4938
vn -0.7259 -0.1128 -0.6785
vn 0.8753 0.0134 -0.4834
vn 0.0186 0.7616 -0.6477
vn 0.1941 0.1452 -0.9702
vn -0.3161 0.6264 -0.7126
vn 0.3149 0.6267 -0.7128
vn -0.0041 -0.7062 -0.7080
vn -0.1944 0.1448 -0.9702
vn -0.3063 -0.6376 -0.7068
vn 0.8896 0.4361 -0.1359
vn 0.1657 -0.1139 -0.9796
vn 0.8982 0.2257 -0.3771
vn 0.3405 0.3614 -0.8680
vn -0.0043 0.5221 -0.8529
vn -0.6488 0.3784 -0.6602
vn -0.8457 0.2339 -0.4797
vn 0.0338 0.5120 -0.8583
vn 0.5708 0.5399 -0.6186
vn 0.3969 0.5730 -0.7171
vn 0.1366 0.4718 -0.8710
vn 0.9377 0.3376 -0.0819
vn 0.5471 0.1684 -0.8200
vn 0.6992 0.0951 -0.7085
vn 0.9576 0.2840 0.0488
vn 0.6159 0.3576 0.7020
vn 0.7034 0.7055 -0.0861
vn 0.5548 0.5184 0.6507
vn 0.0531 0.7239 0.6879
vn 0.3196 0.6703 0.6697
vn -0.1748 0.7164 0.6755
vn 0.3281 0.9445 -0.0151
vn -0.0236 0.9997 -0.0000
vn -0.2582 0.6903 -0.6758
vn -0.2940 0.9558 -0.0000
vn -0.5050 0.8631 -0.0000
vn -0.6315 0.7754 -0.0000
vn -0.9999 0.0115 -0.0000
vn -0.4530 0.5562 -0.6967
vn -0.3856 0.6193 -0.6839
vn -0.7069 -0.6879 -0.1647
vn -0.5331 0.2749 -0.8001
vn -0.6659 -0.5136 -0.5412
vn -0.7291 0.4682 0.4991
vn -0.7817 -0.5089 -0.3606
vn -0.7422 0.2803 0.6088
vn -0.6611 -0.3286 -0.6746
vn -0.9824 0.1076 -0.1527
vn 0.7069 -0.6879 -0.1647
vn -0.6307 -0.7338 -0.2526
vn -0.7193 -0.6914 -0.0681
vn 0.6306 -0.7338 -0.2526
vn 0.5332 0.2749 -0.8001
vn -0.6761 0.7333 0.0718
vn 0.6875 0.7062 0.1691
vn -0.6875 0.7062 0.1691
vn 0.6761 0.7333 0.0718
vn 0.7193 -0.6914 -0.0681
vn 0.6393 0.6198 0.4551
vn 0.7644 -0.5219 -0.3786
vn -0.7451 -0.6533 0.1345
vn -0.6539 0.7403 -0.1560
vn 0.7422 0.2803 0.6088
vn 0.7291 0.4682 0.4991
vn 0.6940 -0.6491 0.3114
vn -0.6940 -0.6492 0.3114
vn -0.6752 -0.6968 0.2422
vn -0.7582 0.6518 0.0132
vn 0.7470 0.5908 0.3048
vn 0.6264 0.0514 -0.7778
vn -0.6231 0.5550 -0.5510
vn -0.6264 0.0514 -0.7778
vn -0.7879 -0.4448 0.4259
vn 0.7402 -0.6621 -0.1169
vn -0.7740 -0.2229 -0.5926
vn 0.7001 0.6446 -0.3071
vn 0.8471 0.2695 -0.4581
vn -0.6448 -0.7643 -0.0117
vn -0.6543 -0.6753 -0.3403
vn -0.7470 0.5908 0.3048
vn 0.7817 -0.5089 -0.3606
vn 0.6658 -0.5136 -0.5412
vn 0.6543 -0.6753 -0.3403
vn 0.7583 0.6518 0.0132
vn 0.6447 -0.7643 -0.0117
vn 0.6752 -0.6968 0.2422
vn -0.8471 0.2695 -0.4581
vn -0.6337 0.2631 0.7275
vn 0.6337 0.2631 0.7275
vn -0.7208 0.6556 -0.2249
vn 0.7208 0.6556 -0.2249
vn -0.7001 0.6446 -0.3071
vn -0.5922 -0.4121 0.6925
vn 0.5922 -0.4121 0.6924
vn -0.7402 -0.6621 -0.1169
vn 0.6232 0.5550 -0.5510
vn 0.6539 0.7403 -0.1560
vn 0.7879 -0.4448 0.4259
vn -0.7832 -0.0623 0.6186
vn 0.7832 -0.0623 0.6186
vn 0.6611 -0.3286 -0.6746
vn 0.9824 0.1076 -0.1527
vn 0.7451 -0.6533 0.1345
vn 0.6586 0.7410 0.1306
vn -0.6393 0.6198 0.4551
vn -0.7644 -0.5219 -0.3786
vn -0.6586 0.7410 0.1306
vn 0.7740 -0.2229 -0.5926
vn -0.8095 0.0093 -0.5870
vn -0.6115 -0.3929 0.6868
vn -0.6150 0.3449 -0.7091
vn -0.3464 0.2181 -0.9124
vn -0.8674 0.2248 0.4439
vn -0.9420 0.3053 0.1396
vn -0.1242 -0.0107 -0.9922
vn 0.5393 -0.0918 -0.8371
vn -0.6747 -0.3312 -0.6596
vn 0.6009 0.1977 -0.7745
vn -0.5640 -0.4744 -0.6759
vn 0.4904 0.4089 -0.7696
vn 0.2560 0.6852 -0.6819
vn -0.0530 0.7392 -0.6714
vn 0.1054 -0.6669 0.7377
vn -0.0917 -0.6710 0.7357
vn 0.2522 -0.6261 0.7378
vn -0.3189 0.6664 0.6740
vn -0.4191 0.5707 0.7062
vn -0.8095 0.0093 0.5870
vn 0.4595 -0.4926 0.7391
vn 0.9441 -0.2238 0.2422
vn 0.7898 0.4899 -0.3690
vn 0.5920 -0.4086 0.6947
vn 0.3072 -0.4302 0.8489
vn 0.9490 0.1729 0.2636
vn 0.8062 0.3121 0.5026
vn -0.3284 -0.2652 0.9065
vn -0.4148 -0.5305 0.7392
vn -0.5420 0.5567 -0.6295
vn 0.0001 0.3768 -0.9263
vn -0.2597 0.2677 -0.9279
vn -0.3686 0.0006 -0.9296
vn -0.7726 0.0005 -0.6349
vn -0.6787 0.6984 -0.2272
vn -0.9730 0.0004 -0.2307
vn 0.5387 -0.5531 0.6355
vn -0.6788 -0.6982 -0.2275
vn -0.0000 -0.9744 -0.2246
vn -0.0000 -0.7765 0.6302
vn -0.5381 -0.5535 0.6356
vn -0.5418 -0.5572 -0.6293
vn 0.2595 -0.2666 -0.9282
vn -0.2600 -0.2675 -0.9278
vn 0.7726 0.0002 -0.6348
vn 0.5420 -0.5568 -0.6295
vn 0.9732 0.0003 -0.2300
vn 0.7675 0.0003 0.6411
vn -0.7677 0.0003 0.6408
vn -0.5379 0.5537 0.6357
vn 0.0002 0.9746 -0.2239
vn 0.0001 -0.7813 -0.6242
vn 0.0003 -0.3774 -0.9260
vn 0.6794 -0.6976 -0.2275
vn 0.5385 0.5533 0.6356
vn 0.0004 0.7814 -0.6240
vn 0.3674 0.0004 -0.9301
vn 0.2590 0.2668 -0.9283
vn 0.5418 0.5568 -0.6296
vn 0.6791 0.6980 -0.2273
vn -0.0000 0.7765 0.6302
vn 0.0002 -0.3774 -0.9260
vn -0.2600 -0.2674 -0.9278
vn -0.5421 0.5567 -0.6295
vn 0.5419 -0.5568 -0.6295
vn 0.5418 0.5569 -0.6296
vn 0.6331 -0.4551 0.6262
vn -0.6331 -0.4551 0.6262
vn -0.6330 -0.7362 0.2392
vn 0.6331 -0.7362 -0.2391
vn 0.6330 0.4551 -0.6263
vn -0.6330 0.4551 -0.6263
vn 0.6331 0.4551 0.6262
vn 0.6330 0.7362 0.2392
vn 0.6331 0.7362 -0.2391
vn 0.6330 -0.4551 -0.6263
vn 0.6331 -0.0000 -0.7741
vn 0.6330 -0.0000 0.7742
vn 0.6330 -0.7362 0.2392
vn -0.6331 -0.7362 -0.2391
vn -0.6331 -0.0000 -0.7741
vn -0.6330 -0.4551 -0.6263
vn -0.6330 -0.0000 0.7742
vn -0.6331 0.4551 0.6262
vn -0.6330 0.7362 0.2392
vn -0.6331 0.7362 -0.2391
vn 0.2637 -0.8997 -0.3478
vn -0.2637 0.8997 -0.3478
vn -0.2637 -0.8997 -0.3478
vn -0.6468 -0.0000 -0.7627
vn -0.6469 0.7038 -0.2935
vn 0.6271 0.4322 -0.6480
vn 0.6797 0.7312 -0.0571
vn 0.6798 -0.7312 -0.0571
vn 0.6469 -0.7038 -0.2935
vn -0.6798 -0.7312 -0.0571
vn 0.6469 0.7038 -0.2935
vn 0.6468 -0.0000 -0.7627
vn -0.6271 0.4322 -0.6480
vn 0.6271 -0.4322 -0.6480
vn -0.6271 -0.4322 -0.6481
vn -0.6469 -0.7038 -0.2935
vn 0.6270 -0.4322 -0.6481
vn -0.5549 -0.5136 -0.6544
vn -0.8998 -0.3085 -0.3085
vn -0.8998 0.3085 -0.3085
vn 0.6193 0.5555 0.5549
vn 0.6871 0.5289 -0.4982
vn 0.4985 0.7496 0.4354
vn 0.4675 0.7451 -0.4757
vn 0.1724 0.8908 0.4204
vn 0.0369 0.9216 0.3863
vn 0.2641 0.7759 -0.5729
vn 0.0199 0.8475 -0.5305
vn -0.4187 0.0969 -0.9029
vn 0.0542 0.7890 -0.6120
vn -0.1493 -0.0674 -0.9865
vn 0.2400 -0.0799 -0.9675
vn 0.7728 0.3388 -0.5366
vn 0.4632 0.6923 -0.5533
vn -0.0114 -0.1139 -0.9934
vn 0.1086 0.8097 -0.5767
vn -0.4029 0.1635 -0.9005
vn 0.4005 -0.1148 -0.9091
vn 0.0361 -0.8735 -0.4854
vn 0.2580 -0.2041 -0.9443
vn 0.1695 -0.2936 -0.9408
vn -0.6027 -0.6585 -0.4508
vn 0.1889 -0.2925 -0.9374
vn -0.5086 -0.7446 -0.4323
vn -0.2349 -0.8512 -0.4693
vn -0.1241 -0.8873 -0.4442
vn -0.5444 -0.6293 0.5546
vn -0.4780 -0.7489 -0.4590
vn -0.5646 -0.7058 -0.4280
vn -0.7437 -0.4423 0.5013
vn -0.3936 -0.8422 -0.3685
vn -0.1327 -0.8960 -0.4238
vn -0.4698 -0.6776 0.5659
vn -0.1232 0.0866 0.9886
vn -0.2645 0.2457 0.9326
vn -0.1826 0.2534 0.9500
vn -0.7761 -0.3314 0.5365
vn -0.7024 -0.4682 0.5362
vn -0.3098 0.2357 0.9211
vn -0.2563 -0.8381 0.4816
vn 0.1661 0.0454 0.9851
vn -0.1215 -0.8571 0.5006
vn -0.1002 -0.8745 0.4745
vn 0.3329 -0.2153 0.9180
vn -0.2801 0.0798 0.9567
vn 0.2518 0.8943 0.3698
vn 0.5019 0.7616 0.4100
vn 0.4258 -0.1633 0.8900
vn 0.6801 0.5648 0.4674
vn 0.6940 0.5433 0.4725
vn 0.7101 0.5595 0.4274
vn 0.1376 0.0410 0.9896
vn -0.5930 -0.5382 0.5990
vn -0.7059 -0.5867 -0.3967
vn -0.2748 -0.8017 0.5308
vn 0.1488 -0.0817 0.9855
vn -0.5143 -0.6355 0.5760
vn -0.6347 -0.6755 -0.3754
vn -0.1963 0.0593 -0.9787
vn 0.2667 0.8164 -0.5122
vn -0.7025 -0.5514 -0.4499
vn -0.0494 0.0329 -0.9982
vn 0.5388 0.6413 -0.5463
vn 0.6356 0.5679 -0.5230
vn -0.7964 -0.2667 -0.5428
vn 0.4533 -0.4884 -0.7457
vn -0.8463 -0.4475 -0.2889
vn 0.3965 -0.8116 -0.4292
vn 0.3967 -0.4878 0.7776
vn -0.8466 -0.2434 0.4734
vn -0.7963 0.0423 0.6034
vn 0.3685 -0.8111 0.4542
vn -0.8705 -0.4221 0.2531
vn -0.8701 -0.4929 -0.0085
vn 0.3692 -0.9293 0.0122
vn 0.3690 0.9293 -0.0121
vn -0.8467 0.2434 -0.4732
vn -0.8701 0.4224 -0.2539
vn 0.4522 0.0486 -0.8906
vn 0.3691 0.8107 -0.4544
vn -0.7964 -0.0423 -0.6033
vn -0.8700 0.4929 0.0087
vn -0.8462 0.4479 0.2887
vn 0.4529 0.4888 0.7456
vn 0.3970 0.8115 0.4289
vn 0.4521 -0.0490 0.8906
vn -0.7965 0.2664 0.5428
vn 0.3962 0.4886 -0.7773
vn -0.3599 0.5678 0.7404
vn -0.3599 -0.1216 0.9250
vn -0.3599 -0.7402 0.5680
vn -0.8943 -0.4437 -0.0578
vn -0.3600 -0.9250 -0.1211
vn -0.8942 -0.2729 -0.3549
vn -0.8943 0.3548 -0.2727
vn -0.3600 0.9249 0.1220
vn -0.8943 0.4437 0.0583
vn -0.8941 0.2727 0.3552
vn -0.8943 0.0582 -0.4438
vn -0.8941 -0.3551 0.2729
vn -0.8943 -0.0578 0.4437
vn -0.6195 0.3004 -0.7253
vn 0.6195 0.7252 -0.3004
vn -0.6194 0.7253 -0.3005
vn 0.6195 0.3004 -0.7252
vn 0.6196 0.7253 0.3002
vn 0.6195 0.3006 0.7252
vn -0.6196 0.7252 0.3001
vn -0.6195 0.3006 0.7252
vn -0.6270 0.4322 -0.6481
vn -0.6797 0.7312 -0.0571
vn -0.0329 0.9951 -0.0929
vn 0.0028 0.9281 0.3722
vn -0.4562 0.4691 0.7562
vn -0.7134 0.1972 0.6724
vn 0.7563 0.6542 -0.0000
vn -0.7562 0.6544 -0.0000
vn -0.6084 -0.6505 -0.4546
vn -0.6084 0.6505 -0.4546
vn 0.2301 -0.6447 -0.7290
vn 0.6082 0.6506 -0.4549
vn 0.6082 0.6506 0.4549
vn 0.2301 0.6447 -0.7290
vn -0.2301 0.6447 -0.7290
vn 0.2301 0.6447 0.7290
vn -0.2301 -0.6447 0.7290
vn -0.6084 -0.6505 0.4546
vn -0.2301 0.6447 0.7289
vn -0.6084 0.6505 0.4546
vn 0.8998 -0.3085 -0.3085
vn 0.8998 0.3085 -0.3085
vn -0.5549 0.5136 -0.6544
vn 0.5549 0.5136 -0.6544
vn 0.5549 -0.5136 -0.6544
vn 0.6271 0.4322 -0.6481
vn 0.2637 0.8997 -0.3478
vn 0.5870 0.6051 0.5379
vn -0.5871 -0.6050 0.5379
vn 0.5870 -0.6050 0.5380
vn 0.5436 -0.5578 -0.6272
vn -0.2939 0.3023 -0.9068
vn -0.2939 -0.3023 -0.9068
vn 0.2939 -0.3023 -0.9068
vn 0.2939 0.3023 -0.9068
vn -0.5435 0.5575 -0.6275
vn -0.5432 0.5579 -0.6275
vn 0.7675 -0.0001 0.6411
vn -0.7677 -0.0000 0.6408
vn -0.5381 0.5535 0.6356
vn -0.2598 0.2667 -0.9281
vn 0.0009 0.3774 -0.9261
vn 0.0002 -0.3763 -0.9265
vn -0.2592 -0.2669 -0.9282
vn -0.5417 -0.5576 -0.6290
vn 0.5417 -0.5571 -0.6294
vn 0.2590 -0.2660 -0.9285
vn 0.3674 -0.0008 -0.9300
vn 0.7726 -0.0006 -0.6348
vn 0.5413 0.5572 -0.6297
vn 0.2589 0.2667 -0.9283
vn -0.0004 0.7812 -0.6243
vn -0.5411 0.5582 -0.6290
vn -0.3684 -0.0003 -0.9297
vn -0.7726 -0.0007 -0.6349
vn -0.0000 -0.7815 -0.6239
vn 0.6794 -0.6978 -0.2270
vn 0.6796 0.6976 -0.2267
vn -0.0002 0.9745 -0.2244
vn -0.6788 0.6983 -0.2271
vn -0.6788 -0.6984 -0.2270
vn -0.0002 -0.7763 0.6304
vn -0.0001 -0.9746 -0.2238
vn 0.5384 -0.5537 0.6352
vn 0.9732 -0.0005 -0.2299
vn 0.5387 0.5531 0.6355
vn -0.9730 -0.0005 -0.2306
vn -0.5377 -0.5543 0.6353
vn -0.6194 0.5551 -0.5551
vn -0.6192 -0.5552 0.5552
vn -0.6193 -0.5549 -0.5555
vn -0.6197 0.0004 -0.7848
vn 0.6194 0.5551 -0.5552
vn 0.6197 0.7848 -0.0004
vn -0.6197 0.7848 -0.0004
vn -0.6193 0.5555 0.5549
vn -0.6197 0.0004 0.7848
vn 0.6198 0.0004 0.7848
vn 0.6197 -0.7848 -0.0004
vn 0.6192 -0.5553 0.5552
vn 0.6193 -0.5549 -0.5554
vn 0.6198 0.0004 -0.7848
vn -0.6197 -0.7848 -0.0004
vn 0.8941 0.2729 0.3552
vn 0.3600 -0.1217 0.9250
vn 0.3600 -0.7401 0.5680
vn 0.8943 -0.4437 -0.0580
vn 0.3601 -0.5685 -0.7397
vn 0.3600 0.1217 -0.9250
vn 0.8942 0.0583 -0.4438
vn 0.8943 0.3548 -0.2727
vn 0.8942 0.4439 0.0584
vn 0.8940 -0.3550 0.2733
vn 0.8942 -0.2730 -0.3549
vn 0.8942 -0.0581 0.4438
vn 0.4562 -0.4693 0.7561
vn -0.1892 0.7240 0.6634
vn -0.2944 0.6515 0.6992
vn -0.0000 -0.6793 0.7339
vn 0.6009 -0.6614 0.4488
vn 0.6009 0.6614 0.4488
vn -0.7205 -0.6785 0.1431
vn 0.7233 -0.6768 0.1374
vn 0.2944 -0.6515 0.6992
vn -0.2944 -0.6515 0.6992
vn -0.2456 0.9657 -0.0842
vn -0.2425 0.8451 0.4765
vn 0.2375 0.8438 0.4812
vn 0.4931 0.5823 -0.6464
vn 0.8463 0.2818 -0.4520
vn 0.0162 -0.1978 -0.9801
vn -0.0014 -0.9213 0.3889
vn -0.5696 -0.6517 0.5009
vn -0.5325 0.4743 -0.7011
vn 0.0990 0.8968 -0.4313
vn 0.1574 0.5058 -0.8482
vn -0.1045 0.3809 -0.9187
vn -0.8044 0.2624 0.5330
vn -0.8837 0.1931 -0.4264
vn -0.5889 -0.7462 -0.3103
vn 0.0014 -0.9395 -0.3426
vn 0.2819 0.9576 -0.0603
vn 0.1916 0.9774 -0.0898
vn 0.0169 -0.0732 0.9972
vn 0.3647 -0.7766 -0.5137
vn 0.7657 -0.6139 0.1919
vn 0.6639 0.3355 0.6683
vn 0.7405 0.6628 0.1115
vn 0.7233 0.6768 0.1374
vn 0.2944 0.6515 0.6992
vn -0.0000 0.6793 0.7339
vn 0.9952 0.0465 0.0857
vn 0.7135 -0.1969 0.6724
vn 0.1890 -0.7239 0.6635
vn -0.0333 -0.9950 0.0942
vn 0.7767 0.3319 0.5353
vn 0.7661 0.5235 0.3729
vn 0.2301 -0.6447 0.7290
vn 0.6082 -0.6506 0.4549
vn 0.7563 -0.6542 -0.0000
vn 0.6082 -0.6506 -0.4549
vn -0.7562 -0.6544 -0.0000
vn -0.2301 -0.6447 -0.7290
vn -0.5435 -0.5578 -0.6273
vn -0.9137 0.3311 0.2355
vn -0.5874 0.6049 0.5377
vn -0.8798 0.2866 -0.3793
vn -0.2724 0.8866 -0.3739
vn 0.5436 0.5577 -0.6273
vn -0.3163 0.9211 0.2272
vn -0.5870 0.6053 0.5376
vn -0.6770 0.6998 0.2279
vn 0.6767 0.6999 0.2286
vn -0.0008 0.7951 0.6064
vn 0.5143 0.7157 0.4726
vn 0.7584 0.3883 -0.5234
vn 0.1149 0.8819 0.4572
vn -0.1166 0.8132 -0.5702
vn -0.0975 0.8823 0.4605
vn -0.8413 0.3211 0.4349
vn 0.8739 0.0207 0.4857
vn 0.0533 0.3243 0.9444
vn 0.2442 0.2124 0.9462
vn -0.6017 0.5754 0.5540
vn -0.3616 0.7763 0.5164
vn 0.3108 0.8082 0.5001
vn -0.1429 0.3150 0.9383
vn 0.6357 0.6480 0.4195
vn -0.0172 -0.1152 -0.9932
vn -0.0491 -0.1897 -0.9806
vn -0.5355 0.6514 -0.5375
vn -0.8455 0.3085 -0.4359
vn -0.8286 -0.0434 -0.5582
vn -0.1504 -0.2888 -0.9455
vn -0.6761 0.4925 -0.5481
vn -0.0008 0.3859 -0.9225
vn 0.6758 0.4921 -0.5488
vn 0.8149 -0.3745 0.4424
vn 0.1700 0.0433 0.9845
vn 0.4644 -0.7152 0.5223
vn 0.0173 0.0321 0.9993
vn 0.0079 0.0205 0.9998
vn 0.1063 -0.9026 -0.4171
vn -0.1212 -0.8374 0.5330
vn 0.1222 -0.8301 0.5441
vn 0.4057 -0.8236 -0.3964
vn 0.6443 -0.6049 -0.4679
vn 0.0836 -0.2244 -0.9709
vn 0.0415 -0.3289 -0.9435
vn 0.8515 -0.2809 -0.4428
vn 0.3602 0.7401 -0.5679
vn -0.1217 0.0322 0.9920
vn 0.0353 -0.6459 0.7626
vn 0.7956 -0.5967 0.1049
vn 0.0254 -0.9968 0.0761
vn 0.5034 -0.8639 -0.0161
vn 0.0224 0.1570 -0.9873
vn -0.1211 0.0254 -0.9923
vn 0.8717 -0.4793 -0.1020
vn -0.0324 -0.7254 -0.6876
vn -0.7952 -0.6060 0.0205
vn -0.1300 0.0374 0.9908
vn -0.1034 0.9935 0.0476
vn 0.0384 0.0363 0.9986
vn 0.2532 0.9662 -0.0480
vn -0.9705 0.2317 -0.0663
vn -0.5955 0.8031 0.0210
vn 0.0488 0.1057 0.9932
vn -0.6489 0.2136 -0.7303
vn 0.4742 0.8729 0.1146
vn -0.1418 0.8525 -0.5032
vn 0.8585 -0.3209 0.4000
vn 0.5985 -0.2258 0.7687
vn -0.6697 -0.6409 -0.3750
vn -0.8451 0.3321 -0.4190
vn -0.8670 0.3159 0.3854
vn 0.1505 -0.0775 -0.9856
vn -0.2638 -0.9631 -0.0529
vn -0.2884 -0.9553 -0.0652
vn -0.0177 0.0987 -0.9950
vn -0.0304 0.0404 -0.9987
vn 0.2804 0.9580 -0.0605
vn 0.3086 0.9368 -0.1651
vn -0.1852 -0.9804 -0.0670
vn -0.1804 -0.9763 0.1198
vn 0.4587 0.8853 -0.0764
vn 0.5173 -0.1722 -0.8383
vn 0.8669 -0.3185 -0.3835
vn -0.2273 -0.9709 -0.0752
vn -0.4461 0.2269 0.8657
vn -0.2115 0.0120 0.9773
vn -0.6625 -0.7395 0.1196
vn -0.6486 -0.7410 -0.1735
vn -0.6000 -0.4471 -0.6634
vn -0.6654 0.0526 -0.7446
vn -0.6460 0.7402 -0.1863
vn 0.6418 0.7403 0.2001
vn 0.6664 0.5837 0.4638
vn -0.6417 0.7404 0.2001
vn -0.6664 0.5837 0.4638
vn 0.7604 -0.3123 -0.5694
vn 0.7731 -0.6051 -0.1900
vn 0.7779 -0.5950 0.2021
vn 0.6629 0.5966 -0.4524
vn 0.6460 0.7403 -0.1863
vn 0.7142 -0.5237 0.4644
vn 0.6404 0.3615 -0.6776
vn 0.6001 -0.4470 -0.6634
vn 0.6655 0.0526 -0.7446
vn 0.6487 -0.7410 -0.1735
vn 0.7265 -0.0637 0.6842
vn 0.7654 -0.3055 0.5664
vn -0.7779 -0.5950 0.2021
vn -0.7141 -0.5237 0.4644
vn -0.7732 -0.6051 -0.1900
vn 0.7206 -0.5254 -0.4525
vn -0.8569 0.3047 -0.4158
vn -0.6433 0.3672 0.6718
vn 0.6433 0.3672 0.6718
vn 0.7277 -0.0784 -0.6814
vn 0.8569 0.3047 -0.4158
vn 0.7506 0.6448 0.1443
vn 0.8385 0.2991 0.4555
vn 0.7354 0.6690 -0.1081
vn 0.6625 -0.7395 0.1196
vn 0.5895 -0.4935 0.6394
vn -0.6639 0.0663 0.7449
vn 0.6638 0.0663 0.7449
vn -0.7206 -0.5254 -0.4525
vn -0.7604 -0.3123 -0.5694
vn -0.7276 -0.0784 -0.6815
vn -0.5895 -0.4935 0.6394
vn -0.7354 0.6690 -0.1081
vn -0.7506 0.6448 0.1443
vn -0.8385 0.2991 0.4555
vn -0.6404 0.3615 -0.6776
vn -0.7266 -0.0637 0.6841
vn -0.7654 -0.3055 0.5664
vn -0.6629 0.5966 -0.4523
vn -0.3601 0.7401 -0.5679
vn -0.3600 0.1216 -0.9250
vn -0.3600 -0.5685 -0.7397
vn 0.3601 -0.9250 -0.1212
vn 0.3600 0.9249 0.1220
vn 0.3599 0.5678 0.7403
vn -0.7789 0.6227 0.0745
vn 0.6510 0.7581 0.0389
vn 0.7131 0.6812 0.1656
vn 0.7258 0.6265 0.2840
vn -0.7214 0.6318 0.2835
vn 0.6675 -0.7108 -0.2218
vn 0.5395 0.0874 -0.8374
vn 0.6117 0.7867 0.0837
vn -0.6099 0.7880 0.0842
vn -0.5387 0.0907 -0.8376
vn -0.6889 -0.6385 -0.3431
vn -0.6696 -0.7083 -0.2233
vn -0.7104 0.6843 0.1644
vn 0.9601 0.0547 -0.2743
vn -0.9763 -0.1532 -0.1528
vn 0.6849 -0.6431 -0.3425
vn -0.6919 -0.0009 -0.7219
vn -0.6927 -0.4206 0.5858
vn 0.8606 -0.4829 0.1618
vn -0.6715 -0.7001 0.2429
vn 0.6213 0.7332 0.2762
vn 0.6153 0.3204 0.7202
vn -0.6153 0.3205 0.7202
vn -0.8028 0.4249 -0.4183
vn 0.7014 0.6860 -0.1935
vn 0.7220 0.4717 -0.5062
vn 0.7285 -0.6810 -0.0746
vn 0.7508 -0.6468 -0.1341
vn 0.8442 -0.2892 -0.4514
vn -0.6271 -0.2090 0.7504
vn 0.6444 0.7631 0.0489
vn 0.5797 -0.7532 -0.3107
vn -0.6963 -0.4133 -0.5868
vn -0.6945 0.0094 0.7195
vn 0.8422 -0.3175 0.4358
vn -0.7510 -0.6462 -0.1354
vn -0.8441 -0.2894 -0.4514
vn 0.7453 0.1474 -0.6503
vn 0.6606 -0.1618 0.7331
vn 0.6880 -0.4830 0.5416
vn -0.5723 -0.7894 0.2222
vn -0.8140 0.5613 -0.1494
vn -0.5940 -0.5607 0.5769
vn 0.7044 -0.6799 0.2038
vn -0.7745 0.1742 -0.6081
vn -0.6220 0.7331 0.2752
vn -0.5897 -0.7966 -0.1331
vn -0.7137 -0.6334 -0.2990
vn -0.6891 0.4204 0.5902
vn 0.8465 -0.0046 0.5323
vn 0.5698 0.0045 -0.8218
vn -0.6935 0.4273 -0.5801
vn 0.5710 0.4867 -0.6611
vn 0.5742 -0.4700 -0.6704
vn 0.8369 0.3170 0.4462
vn 0.8171 0.5142 0.2605
vn -0.6568 0.6570 0.3701
vn -0.7808 0.6198 0.0790
vn -0.6011 -0.6614 0.4486
vn -0.6011 0.6614 0.4486
vn -0.7206 0.6785 0.1431
vn -0.7399 0.6604 0.1284
vn -0.6600 -0.7403 -0.1276
vn -0.7688 0.5010 0.3973
vn -0.5932 -0.2603 -0.7618
vn -0.5632 -0.2746 -0.7793
vn -0.7518 0.0925 0.6529
vn -0.5179 -0.4012 0.7555
vn -0.3563 -0.6929 0.6269
vn -0.6575 -0.2717 -0.7028
vn -0.2312 -0.9048 0.3575
vn -0.0440 -0.9956 0.0833
vn -0.9947 -0.0352 0.0969
vn -0.0028 -0.9281 0.3722
vn -0.9244 -0.0028 0.3813
vn -0.6194 -0.5785 -0.5307
vn 0.6584 -0.7403 -0.1362
vn 0.6193 -0.5742 -0.5356
vn -0.8918 -0.0030 -0.4523
vn 0.0029 0.8969 -0.4423
vn 0.2610 0.6693 -0.6956
vn -0.9948 0.0348 -0.0955
vn 0.6929 -0.0245 -0.7206
vn 0.6699 0.3790 0.6385
vn 0.5661 0.4468 -0.6928
vn 0.6799 0.3710 0.6326
vn 0.8986 0.2428 0.3654
vn 0.9947 0.0352 0.0969
vn 0.0333 0.9950 0.0942
vn 0.9245 0.0032 0.3812
vn 0.6654 0.0526 -0.7446
vn -0.6487 -0.7410 -0.1735
vn 0.6000 -0.4470 -0.6634
vn 0.5895 -0.4936 0.6394
vn 0.6639 0.0663 0.7449
vn -0.6001 -0.4470 -0.6634
vn -0.7773 -0.5960 0.2014
vn 0.7780 -0.5948 0.2021
vn -0.7146 -0.5243 0.4631
vn 0.7266 -0.0637 0.6842
vn 0.6629 0.5966 -0.4523
vn 0.7142 -0.5237 0.4643
vn -0.6629 0.5966 -0.4524
vn -0.0021 0.0462 -0.9989
vn 0.2497 -0.9683 -0.0006
vn 0.0533 0.0130 0.9985
vn -0.3508 0.9364 0.0069
vn -0.2038 -0.0677 -0.9767
vn -0.0098 0.9952 0.0970
vn 0.5665 0.8240 -0.0000
vn -0.0829 0.9966 0.0004
vn -0.0076 0.0386 -0.9992
vn 0.0874 -0.9962 -0.0006
vn -0.0234 0.0370 0.9990
vn -0.0020 0.0471 0.9989
vn -0.4788 0.8772 -0.0359
vn -0.1064 -0.0791 -0.9912
vn 0.0477 -0.9981 -0.0393
vn 0.1721 -0.1670 0.9708
vn 0.5665 -0.0000 -0.8240
vn -0.2720 0.9623 0.0002
vn -0.0078 0.0395 0.9992
vn -0.4346 0.9006 -0.0001
vn -0.0377 -0.0544 -0.9978
vn 0.4856 -0.8740 -0.0177
vn 0.3130 -0.9492 -0.0315
vn 0.2444 -0.0753 0.9667
vn 0.3060 0.9520 0.0045
vn -0.2814 -0.0200 -0.9594
vn -0.5681 0.4061 -0.7158
vn -0.4489 0.2954 0.8434
vn -0.9148 -0.3870 0.1154
vn -0.3018 -0.9530 0.0267
vn -0.0947 0.9955 -0.0061
vn 0.1676 -0.0160 0.9857
vn 0.4439 -0.8961 0.0001
vn -0.0235 0.0371 -0.9990
vn 0.5665 -0.8240 -0.0000
vn 0.5665 -0.0000 0.8240
vn 0.7955 -0.0840 0.6001
vn 0.8036 0.3705 0.4657
vn -0.7933 -0.4814 0.3728
vn -0.6779 0.7216 -0.1404
vn 0.6779 0.7216 -0.1404
vn 0.7626 -0.5627 -0.3191
vn -0.7626 -0.5626 -0.3191
vn 0.6199 0.1083 -0.7771
vn 0.6149 -0.4915 -0.6168
vn 0.6590 0.7502 0.0537
vn -0.7554 -0.0150 -0.6551
vn -0.7617 -0.3248 -0.5607
vn -0.6467 0.0179 0.7625
vn -0.6958 -0.1585 0.7005
vn 0.6916 -0.1805 0.6994
vn 0.6958 -0.1585 0.7005
vn 0.6214 0.6188 -0.4806
vn 0.7933 -0.4814 0.3728
vn -0.7174 -0.6842 0.1315
vn -0.6591 0.7502 0.0537
vn 0.6417 0.6673 0.3780
vn 0.7617 -0.3248 -0.5606
vn -0.6916 -0.1805 0.6994
vn -0.6985 0.1577 -0.6981
vn -0.7394 -0.6715 -0.0492
vn -0.6425 0.3849 0.6626
vn -0.6417 0.6674 0.3780
vn 0.6425 0.3849 0.6626
vn 0.6467 0.0179 0.7626
vn 0.7554 -0.0150 -0.6551
vn 0.6420 -0.3957 0.6567
vn 0.6434 -0.6698 0.3707
vn 0.7589 0.5696 -0.3157
vn -0.7416 0.6692 -0.0461
vn -0.6578 -0.7516 0.0485
vn -0.6587 -0.7192 -0.2209
vn 0.7027 0.1779 -0.6889
vn 0.6985 0.1577 -0.6980
vn -0.7027 0.1779 -0.6889
vn -0.6420 -0.3957 0.6567
vn 0.6578 -0.7516 0.0485
vn 0.7416 0.6693 -0.0461
vn -0.7406 0.6425 0.1967
vn -0.6149 -0.4915 -0.6168
vn -0.6199 0.1083 -0.7771
vn 0.7628 0.3350 -0.5530
vn -0.7628 0.3350 -0.5530
vn -0.7589 0.5695 -0.3157
vn -0.6434 -0.6698 0.3707
vn 0.6587 -0.7193 -0.2209
vn 0.7406 0.6425 0.1967
vn -0.8036 0.3705 0.4657
vn -0.7955 -0.0840 0.6001
vn -0.6214 0.6188 -0.4806
vn 0.7174 -0.6842 0.1315
vn 0.7394 -0.6714 -0.0492
vn -0.8026 -0.2599 0.5369
vn -0.7195 0.1338 0.6815
vn 0.7484 -0.2187 0.6262
vn -0.7494 0.4949 0.4399
vn 0.7406 0.5542 -0.3799
vn 0.7474 -0.1735 -0.6413
vn 0.7988 -0.3760 -0.4697
vn 0.7760 -0.5691 -0.2720
vn -0.7567 -0.2873 -0.5873
vn 0.6217 -0.7111 -0.3282
vn 0.7530 0.1280 0.6454
vn 0.7354 0.5581 0.3842
vn 0.7596 0.6504 0.0067
vn 0.7491 0.1262 -0.6503
vn 0.6242 0.6889 -0.3684
vn -0.6584 0.6667 -0.3493
vn 0.6210 0.7838 0.0008
vn -0.6681 0.6690 0.3256
vn 0.6313 0.6957 0.3427
vn 0.6285 0.3830 0.6770
vn 0.6605 -0.1021 0.7438
vn 0.6009 -0.4887 0.6325
vn 0.6174 -0.7113 0.3359
vn -0.6457 -0.2670 0.7154
vn -0.6642 -0.6257 0.4092
vn 0.6437 -0.7653 -0.0062
vn 0.5938 -0.4776 -0.6475
vn 0.7849 -0.5487 0.2877
vn 0.6430 0.3756 -0.6674
vn -0.6382 -0.2634 -0.7234
vn 0.7765 -0.6301 -0.0007
vn -0.7289 -0.6846 -0.0007
vn -0.7342 -0.5925 0.3313
vn 0.7777 -0.3870 0.4954
vn 0.6514 -0.0650 -0.7560
vn -0.6687 -0.6244 -0.4037
vn -0.7654 0.5951 0.2450
vn -0.6423 -0.7664 -0.0064
vn -0.7622 0.6473 0.0070
vn -0.7473 0.4879 -0.4511
vn -0.7697 0.5931 -0.2364
vn -0.7168 0.1727 -0.6755
vn -0.6239 0.1106 0.7737
vn -0.6288 0.4359 0.6439
vn -0.7259 -0.6156 -0.3066
vn -0.6756 0.7373 0.0007
vn -0.5852 0.4539 -0.6720
vn -0.6157 0.1420 -0.7751
vn -0.6309 0.3945 0.6681
vn 0.6310 0.3944 0.6681
vn -0.6482 0.6757 0.3511
vn 0.6482 0.6757 0.3511
vn -0.6457 0.7636 0.0008
vn -0.6411 0.6679 -0.3780
vn 0.6481 0.0372 -0.7607
vn 0.6321 -0.3740 -0.6786
vn 0.6477 -0.6641 -0.3735
vn -0.6477 -0.6641 -0.3735
vn -0.6416 -0.7670 -0.0075
vn 0.7765 0.3041 0.5519
vn 0.6416 -0.7670 -0.0075
vn 0.6436 -0.6664 0.3763
vn -0.6369 -0.3746 0.6738
vn -0.6436 -0.6664 0.3763
vn -0.6321 -0.3740 -0.6786
vn -0.7545 0.5721 0.3217
vn -0.6481 0.0372 -0.7607
vn -0.6445 0.3891 -0.6582
vn -0.7635 -0.5621 0.3180
vn -0.7571 -0.6532 -0.0008
vn -0.7483 0.0023 -0.6634
vn -0.6524 -0.0027 0.7579
vn 0.7600 0.5659 -0.3197
vn 0.7627 0.6467 0.0062
vn -0.7627 0.6467 0.0062
vn 0.7545 0.5721 0.3217
vn -0.7765 0.3041 0.5519
vn -0.7539 -0.0321 0.6562
vn -0.7588 -0.3315 0.5607
vn 0.7572 -0.6532 -0.0008
vn -0.7537 -0.5832 -0.3030
vn -0.7782 -0.3194 -0.5407
vn 0.7782 -0.3194 -0.5407
vn 0.7483 0.0023 -0.6634
vn -0.7694 0.3103 -0.5583
vn -0.7600 0.5659 -0.3197
vn 0.6369 -0.3746 0.6739
vn 0.7694 0.3103 -0.5583
vn 0.6524 -0.0027 0.7579
vn 0.7537 -0.5832 -0.3030
vn 0.6456 0.7637 0.0008
vn 0.6411 0.6679 -0.3780
vn 0.6445 0.3891 -0.6582
vn 0.7635 -0.5620 0.3180
vn 0.7588 -0.3314 0.5607
vn 0.7539 -0.0321 0.6562
vt 0.222500 0.713000
vt 0.222500 0.731900
vt 0.217200 0.733100
vt 0.060000 0.355200
vt 0.060000 0.353200
vt 0.097900 0.365100
vt 0.097900 0.366700
vt 0.097900 0.367900
vt 0.095900 0.358900
vt 0.095900 0.360000
vt 0.097900 0.360000
vt 0.622000 0.275300
vt 0.624900 0.245800
vt 0.623300 0.209500
vt 0.787500 0.072600
vt 0.782700 0.067000
vt 0.788700 0.062100
vt 0.693200 0.215000
vt 0.691500 0.219100
vt 0.690500 0.223200
vt 0.956000 0.692400
vt 0.888200 0.680700
vt 0.888200 0.674600
vt 0.215600 0.537200
vt 0.209100 0.540500
vt 0.205300 0.540500
vt 0.475000 0.185700
vt 0.468000 0.206700
vt 0.458200 0.197500
vt 0.056400 0.315400
vt 0.056400 0.304800
vt 0.687500 0.207400
vt 0.687500 0.306800
vt 0.652200 0.306800
vt 0.652200 0.207400
vt 0.513600 0.288400
vt 0.482000 0.258100
vt 0.473900 0.245600
vt 0.494100 0.276300
vt 0.513600 0.202700
vt 0.580400 0.202700
vt 0.602000 0.223000
vt 0.611900 0.245600
vt 0.602000 0.268100
vt 0.580400 0.288400
vt 0.482000 0.233000
vt 0.494100 0.214800
vt 0.253400 0.714000
vt 0.250800 0.719400
vt 0.246400 0.718400
vt 0.225900 0.731100
vt 0.225900 0.713800
vt 0.249900 0.711200
vt 0.258100 0.710300
vt 0.264000 0.765000
vt 0.245500 0.760800
vt 0.247100 0.757600
vt 0.233500 0.746800
vt 0.230800 0.749000
vt 0.233500 0.698100
vt 0.256200 0.706200
vt 0.264000 0.708900
vt 0.250800 0.725500
vt 0.246400 0.726500
vt 0.280900 0.687300
vt 0.294500 0.698100
vt 0.278100 0.711200
vt 0.271800 0.706200
vt 0.274600 0.714000
vt 0.269900 0.710300
vt 0.264000 0.704400
vt 0.247100 0.687300
vt 0.230800 0.695900
vt 0.217200 0.711800
vt 0.226400 0.752400
vt 0.243100 0.765700
vt 0.264000 0.683400
vt 0.245500 0.684100
vt 0.264000 0.679900
vt 0.282400 0.684100
vt 0.297200 0.695900
vt 0.264000 0.770500
vt 0.284800 0.765700
vt 0.282400 0.760800
vt 0.301600 0.752400
vt 0.297200 0.749000
vt 0.310800 0.733100
vt 0.305500 0.731900
vt 0.310800 0.711800
vt 0.305500 0.713000
vt 0.301600 0.692500
vt 0.284800 0.679200
vt 0.264000 0.674400
vt 0.243100 0.679200
vt 0.226400 0.692500
vt 0.277200 0.725500
vt 0.269900 0.734600
vt 0.277200 0.719400
vt 0.281600 0.718400
vt 0.302000 0.713800
vt 0.302000 0.731100
vt 0.294500 0.746800
vt 0.280900 0.757600
vt 0.264000 0.761500
vt 0.281600 0.726500
vt 0.278100 0.733700
vt 0.271800 0.738700
vt 0.264000 0.740500
vt 0.256200 0.738700
vt 0.249900 0.733700
vt 0.253400 0.730900
vt 0.258100 0.734600
vt 0.264000 0.736000
vt 0.274600 0.730900
vt 0.615900 0.463800
vt 0.618900 0.472800
vt 0.636200 0.472800
vt 0.596800 0.474200
vt 0.636200 0.485300
vt 0.653600 0.472800
vt 0.656700 0.463800
vt 0.616300 0.437700
vt 0.656200 0.437700
vt 0.616300 0.420500
vt 0.656200 0.420500
vt 0.650900 0.487400
vt 0.597500 0.437700
vt 0.597300 0.420500
vt 0.597300 0.401800
vt 0.616300 0.401800
vt 0.656200 0.401800
vt 0.675300 0.401800
vt 0.675300 0.420500
vt 0.675000 0.437700
vt 0.675700 0.474200
vt 0.661400 0.492700
vt 0.653600 0.502900
vt 0.670900 0.503100
vt 0.653600 0.514600
vt 0.618900 0.502900
vt 0.621600 0.487400
vt 0.611100 0.492700
vt 0.601600 0.503100
vt 0.618900 0.514600
vt 0.596000 0.516100
vt 0.582100 0.490300
vt 0.573400 0.510300
vt 0.594800 0.530200
vt 0.571600 0.532100
vt 0.598300 0.543900
vt 0.577000 0.553400
vt 0.605900 0.555800
vt 0.595000 0.566200
vt 0.618900 0.568600
vt 0.618900 0.543700
vt 0.653600 0.568600
vt 0.653600 0.543700
vt 0.588800 0.571700
vt 0.595000 0.576500
vt 0.543700 0.620000
vt 0.578000 0.646800
vt 0.588800 0.611200
vt 0.568100 0.591900
vt 0.551100 0.565700
vt 0.543500 0.535300
vt 0.546000 0.504100
vt 0.558500 0.475400
vt 0.579500 0.452400
vt 0.589400 0.409400
vt 0.559600 0.426200
vt 0.530400 0.458200
vt 0.513100 0.498000
vt 0.509600 0.541400
vt 0.520100 0.583600
vt 0.653600 0.528200
vt 0.653600 0.522000
vt 0.618900 0.522000
vt 0.618900 0.528200
vt 0.653600 0.534800
vt 0.677700 0.530200
vt 0.676600 0.516100
vt 0.699100 0.510300
vt 0.690400 0.490300
vt 0.714000 0.475400
vt 0.693000 0.452400
vt 0.666600 0.555800
vt 0.674300 0.543900
vt 0.700900 0.532100
vt 0.726500 0.504100
vt 0.742100 0.458200
vt 0.712900 0.426200
vt 0.683100 0.409400
vt 0.759400 0.498000
vt 0.729100 0.535300
vt 0.695600 0.553400
vt 0.677600 0.566200
vt 0.763000 0.541400
vt 0.721400 0.565700
vt 0.683700 0.571700
vt 0.677600 0.576500
vt 0.704500 0.591900
vt 0.683700 0.611200
vt 0.728800 0.620000
vt 0.694600 0.646800
vt 0.752400 0.583600
vt 0.618900 0.534800
vt 0.068900 0.364800
vt 0.068900 0.366200
vt 0.068900 0.367100
vt 0.068900 0.361900
vt 0.068900 0.363400
vt 0.068900 0.367600
vt 0.068900 0.359600
vt 0.068900 0.360600
vt 0.070700 0.364800
vt 0.070700 0.366200
vt 0.070700 0.367100
vt 0.070700 0.367600
vt 0.070700 0.363400
vt 0.070700 0.361900
vt 0.068900 0.359100
vt 0.070700 0.360600
vt 0.070700 0.359600
vt 0.070700 0.359100
vt 0.060000 0.370800
vt 0.060000 0.367300
vt 0.060000 0.363000
vt 0.060000 0.372700
vt 0.060000 0.358600
vt 0.977200 0.152700
vt 0.980600 0.148000
vt 0.986100 0.146200
vt 0.980600 0.163200
vt 0.977200 0.158500
vt 0.991600 0.163200
vt 0.986100 0.165000
vt 0.995000 0.152700
vt 0.991600 0.148000
vt 0.995000 0.158500
vt 0.050600 0.335600
vt 0.042700 0.332700
vt 0.966700 0.126400
vt 0.966700 0.146100
vt 0.904600 0.146100
vt 0.910400 0.120500
vt 0.960900 0.120500
vt 0.914300 0.116500
vt 0.956900 0.116500
vt 0.904600 0.126400
vt 0.885300 0.115100
vt 0.895800 0.057100
vt 0.904600 0.059300
vt 0.904600 0.119300
vt 0.910400 0.060800
vt 0.914300 0.064700
vt 0.956900 0.064700
vt 0.960900 0.060800
vt 0.966700 0.119300
vt 0.966700 0.059300
vt 0.985900 0.115100
vt 0.975500 0.057100
vt 0.966700 0.045700
vt 0.904600 0.054800
vt 0.904600 0.045700
vt 0.966700 0.054800
vt 0.312400 0.283300
vt 0.312400 0.330700
vt 0.286400 0.328500
vt 0.150700 0.293500
vt 0.198600 0.327800
vt 0.182700 0.335500
vt 0.212300 0.354200
vt 0.222300 0.343000
vt 0.243200 0.325300
vt 0.286800 0.278200
vt 0.323700 0.249900
vt 0.323700 0.285600
vt 0.323700 0.349800
vt 0.319500 0.349200
vt 0.309900 0.348500
vt 0.292000 0.347200
vt 0.208000 0.367200
vt 0.227300 0.239100
vt 0.239100 0.213300
vt 0.255100 0.230600
vt 0.245400 0.257400
vt 0.172200 0.281400
vt 0.214900 0.311300
vt 0.260400 0.267800
vt 0.291200 0.250400
vt 0.269700 0.241200
vt 0.212000 0.354200
vt 0.169200 0.341500
vt 0.130000 0.299200
vt 0.118300 0.245300
vt 0.140900 0.234000
vt 0.204000 0.201700
vt 0.221100 0.181200
vt 0.118800 0.301300
vt 0.098400 0.251600
vt 0.088100 0.176800
vt 0.113900 0.171600
vt 0.185400 0.153500
vt 0.209400 0.140700
vt 0.086500 0.254200
vt 0.064500 0.179200
vt 0.067300 0.107000
vt 0.095300 0.105800
vt 0.179200 0.099500
vt 0.207500 0.090000
vt 0.235100 0.133800
vt 0.234700 0.087500
vt 0.182500 0.008800
vt 0.074900 0.008800
vt 0.043400 0.008700
vt 0.044100 0.107600
vt 0.051000 0.179700
vt 0.030100 0.107800
vt 0.023800 0.008700
vt 0.010900 0.008600
vt 0.217200 0.008700
vt 0.323700 0.224600
vt 0.292300 0.225600
vt 0.276500 0.216000
vt 0.263400 0.205200
vt 0.252000 0.194300
vt 0.242300 0.167400
vt 0.253600 0.008700
vt 0.655300 0.306800
vt 0.684400 0.306800
vt 0.684400 0.303400
vt 0.655300 0.303400
vt 0.684300 0.207500
vt 0.655300 0.207500
vt 0.463600 0.992400
vt 0.434000 0.978400
vt 0.463600 0.962200
vt 0.434000 0.938800
vt 0.391000 0.978400
vt 0.463600 0.938800
vt 0.457900 0.932800
vt 0.437800 0.882500
vt 0.437800 0.896300
vt 0.387300 0.896300
vt 0.387300 0.908400
vt 0.437800 0.908400
vt 0.437800 0.916200
vt 0.434000 0.932800
vt 0.391000 0.938800
vt 0.361400 0.962200
vt 0.361400 0.992400
vt 0.387300 0.916200
vt 0.361400 0.938800
vt 0.367200 0.932800
vt 0.391000 0.932800
vt 0.367200 0.923200
vt 0.367200 0.908800
vt 0.387300 0.882500
vt 0.367200 0.892600
vt 0.387300 0.872600
vt 0.367200 0.881000
vt 0.387300 0.862800
vt 0.367200 0.869300
vt 0.387300 0.851900
vt 0.367200 0.856400
vt 0.387300 0.824400
vt 0.367200 0.824800
vt 0.367200 0.774400
vt 0.367200 0.763200
vt 0.387300 0.772200
vt 0.387300 0.781700
vt 0.412500 0.772200
vt 0.437800 0.772200
vt 0.437800 0.781700
vt 0.387300 0.802100
vt 0.437800 0.802100
vt 0.437800 0.824400
vt 0.437800 0.851900
vt 0.437800 0.862800
vt 0.437800 0.872600
vt 0.367200 0.798400
vt 0.457900 0.763200
vt 0.457900 0.774400
vt 0.457900 0.798400
vt 0.457900 0.824800
vt 0.457900 0.856400
vt 0.457900 0.869300
vt 0.457900 0.881000
vt 0.457900 0.892600
vt 0.457900 0.908800
vt 0.457900 0.923200
vt 0.721900 0.137400
vt 0.692300 0.180300
vt 0.624000 0.137400
vt 0.708500 0.180300
vt 0.721900 0.166800
vt 0.468200 0.679900
vt 0.454500 0.675500
vt 0.439100 0.666500
vt 0.478300 0.671100
vt 0.814400 0.679900
vt 0.763100 0.671100
vt 0.439100 0.644100
vt 0.478200 0.640800
vt 0.424800 0.629500
vt 0.867900 0.658300
vt 0.843600 0.673700
vt 0.867900 0.652600
vt 0.773000 0.664600
vt 0.773000 0.652600
vt 0.773000 0.645300
vt 0.867900 0.645300
vt 0.773000 0.634200
vt 0.867900 0.634200
vt 0.773000 0.623100
vt 0.867900 0.623100
vt 0.773000 0.611900
vt 0.867900 0.611900
vt 0.773000 0.600800
vt 0.867900 0.600800
vt 0.773000 0.589700
vt 0.867900 0.589700
vt 0.773000 0.582400
vt 0.867900 0.582400
vt 0.773000 0.575000
vt 0.867900 0.575000
vt 0.773000 0.564400
vt 0.867900 0.564400
vt 0.773000 0.553900
vt 0.867900 0.553900
vt 0.773000 0.543300
vt 0.867900 0.543300
vt 0.773000 0.536000
vt 0.867900 0.536000
vt 0.773000 0.502100
vt 0.867900 0.502100
vt 0.773000 0.484000
vt 0.849400 0.484000
vt 0.773000 0.469500
vt 0.840000 0.469500
vt 0.773000 0.458900
vt 0.834600 0.458900
vt 0.773000 0.429000
vt 0.834600 0.429000
vt 0.773000 0.416000
vt 0.830100 0.416000
vt 0.798700 0.406100
vt 0.822600 0.406100
vt 0.798700 0.394700
vt 0.810000 0.394700
vt 0.798700 0.354200
vt 0.785800 0.394700
vt 0.779200 0.351700
vt 0.773000 0.394700
vt 0.759700 0.349200
vt 0.773000 0.406100
vt 0.810000 0.355300
vt 0.395800 0.467300
vt 0.389600 0.480300
vt 0.358300 0.472800
vt 0.424600 0.438200
vt 0.478100 0.394700
vt 0.334700 0.294700
vt 0.446800 0.300700
vt 0.433500 0.295100
vt 0.759700 0.340900
vt 0.478100 0.422100
vt 0.407500 0.250800
vt 0.334700 0.242600
vt 0.354600 0.224600
vt 0.432800 0.160500
vt 0.417700 0.180200
vt 0.406100 0.189600
vt 0.412800 0.191500
vt 0.411200 0.198400
vt 0.401800 0.195700
vt 0.409500 0.205200
vt 0.397600 0.201700
vt 0.385800 0.214300
vt 0.408800 0.216900
vt 0.367900 0.222700
vt 0.410700 0.236700
vt 0.410400 0.267900
vt 0.419600 0.283900
vt 0.427000 0.268100
vt 0.441700 0.280500
vt 0.417700 0.251800
vt 0.411800 0.178000
vt 0.426200 0.157500
vt 0.440300 0.142800
vt 0.458100 0.134200
vt 0.480500 0.130100
vt 0.510000 0.131800
vt 0.538900 0.138100
vt 0.563900 0.146500
vt 0.617500 0.245100
vt 0.617900 0.228600
vt 0.615600 0.210500
vt 0.609500 0.190500
vt 0.603400 0.171400
vt 0.598000 0.175700
vt 0.580400 0.162200
vt 0.560500 0.151700
vt 0.535500 0.143200
vt 0.509600 0.138000
vt 0.483100 0.136500
vt 0.460300 0.139900
vt 0.444700 0.147800
vt 0.616700 0.188100
vt 0.584300 0.156400
vt 0.276600 0.397200
vt 0.241600 0.393200
vt 0.213200 0.388500
vt 0.328700 0.387400
vt 0.288800 0.402500
vt 0.297200 0.411900
vt 0.303400 0.425100
vt 0.334700 0.388400
vt 0.334700 0.465900
vt 0.328700 0.464100
vt 0.320900 0.457700
vt 0.311600 0.444400
vt 0.188300 0.382600
vt 0.314700 0.386400
vt 0.288500 0.384500
vt 0.178500 0.376600
vt 0.348100 0.912000
vt 0.338700 0.937700
vt 0.303200 0.917200
vt 0.294800 0.927200
vt 0.321200 0.958700
vt 0.283400 0.933700
vt 0.297500 0.972300
vt 0.270600 0.936000
vt 0.270600 0.977100
vt 0.257700 0.933700
vt 0.243600 0.972300
vt 0.246400 0.927200
vt 0.220000 0.958700
vt 0.238000 0.917200
vt 0.202400 0.937700
vt 0.233500 0.904900
vt 0.345600 0.855000
vt 0.355900 0.883300
vt 0.348100 0.884700
vt 0.355900 0.913400
vt 0.345600 0.941700
vt 0.326300 0.964800
vt 0.300200 0.979800
vt 0.270600 0.985000
vt 0.240900 0.979800
vt 0.214900 0.964800
vt 0.195500 0.941700
vt 0.193000 0.912000
vt 0.185200 0.913400
vt 0.193000 0.884700
vt 0.185200 0.883300
vt 0.202400 0.859000
vt 0.195500 0.855000
vt 0.220000 0.838100
vt 0.214900 0.832000
vt 0.243600 0.824400
vt 0.240900 0.816900
vt 0.270600 0.819600
vt 0.270600 0.811700
vt 0.297500 0.824400
vt 0.300200 0.816900
vt 0.321200 0.838100
vt 0.326300 0.832000
vt 0.338700 0.859000
vt 0.238000 0.879500
vt 0.246400 0.869500
vt 0.257700 0.863000
vt 0.270600 0.860700
vt 0.283400 0.863000
vt 0.294800 0.869500
vt 0.303200 0.879500
vt 0.307600 0.891800
vt 0.307600 0.904900
vt 0.297400 0.903100
vt 0.297400 0.893600
vt 0.294200 0.884700
vt 0.288100 0.877500
vt 0.279900 0.872700
vt 0.270600 0.871100
vt 0.261200 0.872700
vt 0.253000 0.877500
vt 0.246900 0.884700
vt 0.233500 0.891800
vt 0.243700 0.893600
vt 0.253200 0.888300
vt 0.257600 0.883000
vt 0.263700 0.879500
vt 0.270600 0.878300
vt 0.277400 0.879500
vt 0.283500 0.883000
vt 0.288000 0.888300
vt 0.290400 0.894900
vt 0.246900 0.912000
vt 0.243700 0.903100
vt 0.250800 0.901900
vt 0.250800 0.894900
vt 0.253000 0.919300
vt 0.261200 0.924000
vt 0.270600 0.925600
vt 0.279900 0.924000
vt 0.288100 0.919300
vt 0.294200 0.912000
vt 0.290400 0.901900
vt 0.288000 0.908400
vt 0.283500 0.913800
vt 0.277400 0.917300
vt 0.270600 0.918500
vt 0.263700 0.917300
vt 0.257600 0.913800
vt 0.253200 0.908400
vt 0.649900 0.310700
vt 0.697000 0.316700
vt 0.734400 0.328100
vt 0.457400 0.285500
vt 0.576700 0.300800
vt 0.636100 0.301700
vt 0.628100 0.293700
vt 0.591500 0.294200
vt 0.611600 0.272700
vt 0.625500 0.229200
vt 0.888000 0.140900
vt 0.834300 0.140900
vt 0.834300 0.146700
vt 0.888000 0.139300
vt 0.834300 0.139300
vt 0.888000 0.143100
vt 0.834300 0.143100
vt 0.888000 0.151700
vt 0.834300 0.151700
vt 0.888000 0.165600
vt 0.834300 0.165600
vt 0.888000 0.187100
vt 0.834300 0.187100
vt 0.888000 0.199500
vt 0.834300 0.199500
vt 0.831100 0.207000
vt 0.823400 0.214500
vt 0.891200 0.207000
vt 0.898900 0.214500
vt 0.898900 0.227200
vt 0.823400 0.227200
vt 0.898900 0.248900
vt 0.823400 0.248900
vt 0.828700 0.265400
vt 0.893600 0.265400
vt 0.832400 0.283200
vt 0.889900 0.283200
vt 0.834100 0.296800
vt 0.888200 0.296800
vt 0.888200 0.302200
vt 0.834100 0.302200
vt 0.887900 0.319000
vt 0.834400 0.319000
vt 0.887900 0.311700
vt 0.834400 0.311700
vt 0.887900 0.288300
vt 0.834400 0.288300
vt 0.888000 0.258100
vt 0.834300 0.258100
vt 0.888000 0.240100
vt 0.834300 0.240100
vt 0.888000 0.220200
vt 0.834300 0.220200
vt 0.888000 0.198300
vt 0.834300 0.198300
vt 0.888000 0.182200
vt 0.834300 0.182200
vt 0.888000 0.167400
vt 0.834300 0.167400
vt 0.888000 0.156000
vt 0.834300 0.156000
vt 0.888000 0.146700
vt 0.070700 0.369000
vt 0.070700 0.370900
vt 0.070700 0.372000
vt 0.070700 0.360400
vt 0.070700 0.357800
vt 0.070700 0.355800
vt 0.070700 0.366400
vt 0.070700 0.354800
vt 0.097900 0.358900
vt 0.097900 0.361600
vt 0.097900 0.358300
vt 0.097900 0.363400
vt 0.097900 0.368500
vt 0.095900 0.366700
vt 0.095900 0.367900
vt 0.095900 0.368500
vt 0.095900 0.365100
vt 0.095900 0.363400
vt 0.095900 0.361600
vt 0.095900 0.358300
vt 0.368100 0.705200
vt 0.371800 0.705200
vt 0.371800 0.739100
vt 0.368100 0.739100
vt 0.368100 0.689000
vt 0.378600 0.689000
vt 0.356200 0.689000
vt 0.356200 0.705200
vt 0.356200 0.739100
vt 0.356200 0.755200
vt 0.368100 0.755200
vt 0.378600 0.755200
vt 0.645200 0.689000
vt 0.645200 0.755200
vt 0.667700 0.747600
vt 0.667700 0.755200
vt 0.686400 0.755100
vt 0.686400 0.736800
vt 0.686400 0.707300
vt 0.667700 0.696600
vt 0.686400 0.689100
vt 0.667700 0.689000
vt 0.255700 0.595600
vt 0.240000 0.586500
vt 0.228300 0.572700
vt 0.273500 0.494500
vt 0.291300 0.497700
vt 0.307000 0.506700
vt 0.240000 0.506700
vt 0.318600 0.572700
vt 0.291300 0.595600
vt 0.273500 0.598700
vt 0.255700 0.497700
vt 0.307000 0.586500
vt 0.318600 0.520600
vt 0.324800 0.537600
vt 0.324800 0.555700
vt 0.222200 0.555700
vt 0.222200 0.537600
vt 0.228300 0.520600
vt 0.949700 0.225900
vt 0.971300 0.218900
vt 0.984600 0.200500
vt 0.935500 0.208700
vt 0.949700 0.213300
vt 0.928100 0.218900
vt 0.926800 0.196700
vt 0.914800 0.200500
vt 0.971300 0.159500
vt 0.984600 0.177800
vt 0.949700 0.152500
vt 0.928100 0.159500
vt 0.939200 0.185800
vt 0.939200 0.192600
vt 0.926800 0.181700
vt 0.914800 0.177800
vt 0.935500 0.169700
vt 0.949700 0.165000
vt 0.963900 0.169700
vt 0.972700 0.181700
vt 0.972700 0.196700
vt 0.963900 0.208700
vt 0.943200 0.180300
vt 0.949700 0.178200
vt 0.956200 0.180300
vt 0.960200 0.185800
vt 0.960200 0.192600
vt 0.956200 0.198100
vt 0.949700 0.200200
vt 0.943200 0.198100
vt 0.716900 0.196200
vt 0.693100 0.196200
vt 0.592600 0.133100
vt 0.736600 0.133100
vt 0.736600 0.176500
vt 0.794400 0.068600
vt 0.798100 0.078000
vt 0.790600 0.080800
vt 0.790600 0.117500
vt 0.775700 0.063100
vt 0.830300 0.072200
vt 0.798100 0.120300
vt 0.794400 0.129700
vt 0.787500 0.125600
vt 0.830300 0.126100
vt 0.780400 0.057600
vt 0.797700 0.049500
vt 0.825000 0.055100
vt 0.815000 0.049800
vt 0.780400 0.052700
vt 0.775700 0.135200
vt 0.754000 0.129200
vt 0.782700 0.131200
vt 0.788700 0.136100
vt 0.815000 0.148500
vt 0.825000 0.143200
vt 0.780400 0.140700
vt 0.797700 0.148800
vt 0.780400 0.145600
vt 0.603600 0.073400
vt 0.603600 0.124900
vt 0.586600 0.124900
vt 0.618800 0.073400
vt 0.618800 0.124900
vt 0.631400 0.073400
vt 0.631400 0.124900
vt 0.653700 0.073500
vt 0.653700 0.124700
vt 0.668300 0.073500
vt 0.668300 0.124700
vt 0.676400 0.073500
vt 0.676400 0.124700
vt 0.688800 0.073500
vt 0.688800 0.124700
vt 0.724100 0.073300
vt 0.724100 0.124900
vt 0.754000 0.069100
vt 0.442200 0.073400
vt 0.442200 0.124900
vt 0.427500 0.124900
vt 0.457400 0.073400
vt 0.457400 0.124900
vt 0.474200 0.073400
vt 0.474200 0.124900
vt 0.493900 0.073400
vt 0.493900 0.124900
vt 0.515700 0.073400
vt 0.515700 0.124900
vt 0.535600 0.073400
vt 0.535600 0.124900
vt 0.553000 0.073400
vt 0.553000 0.124900
vt 0.571500 0.073400
vt 0.571500 0.124900
vt 0.586600 0.073400
vt 0.353700 0.135200
vt 0.333100 0.135200
vt 0.338500 0.098900
vt 0.333100 0.063100
vt 0.353700 0.063000
vt 0.362400 0.063200
vt 0.362400 0.135300
vt 0.377100 0.063300
vt 0.377100 0.135400
vt 0.390300 0.063300
vt 0.390300 0.135400
vt 0.395800 0.128000
vt 0.401400 0.125000
vt 0.395800 0.070500
vt 0.401400 0.073500
vt 0.410500 0.073400
vt 0.410500 0.124800
vt 0.427500 0.073400
vt 0.753700 0.289800
vt 0.742400 0.281000
vt 0.734600 0.268900
vt 0.732200 0.240600
vt 0.757500 0.211200
vt 0.747600 0.216800
vt 0.738000 0.227400
vt 0.731100 0.254900
vt 0.757600 0.200400
vt 0.788500 0.200400
vt 0.788500 0.211200
vt 0.815000 0.254900
vt 0.754200 0.299700
vt 0.803700 0.281000
vt 0.792300 0.289800
vt 0.791800 0.299700
vt 0.811500 0.268900
vt 0.798400 0.216800
vt 0.808100 0.227400
vt 0.813800 0.240600
vt 0.729300 0.227300
vt 0.729300 0.223200
vt 0.728300 0.219100
vt 0.726600 0.215000
vt 0.725000 0.238200
vt 0.726100 0.235500
vt 0.728200 0.231400
vt 0.722800 0.255300
vt 0.724900 0.252600
vt 0.726300 0.248700
vt 0.725000 0.240900
vt 0.718600 0.279800
vt 0.694000 0.212400
vt 0.694000 0.208000
vt 0.725800 0.212400
vt 0.725800 0.208000
vt 0.726200 0.244800
vt 0.719800 0.274400
vt 0.722700 0.267800
vt 0.691600 0.231400
vt 0.693700 0.235500
vt 0.694800 0.238200
vt 0.701200 0.279800
vt 0.697000 0.255300
vt 0.700000 0.274400
vt 0.697000 0.267800
vt 0.690500 0.227300
vt 0.693500 0.248700
vt 0.694900 0.252600
vt 0.694800 0.240900
vt 0.693600 0.244800
vt 0.725200 0.303100
vt 0.690600 0.307300
vt 0.729200 0.307300
vt 0.694600 0.303100
vt 0.697400 0.299500
vt 0.699800 0.294700
vt 0.701200 0.283700
vt 0.722400 0.299500
vt 0.720000 0.294700
vt 0.718600 0.283700
vt 0.914100 0.692400
vt 0.982900 0.605700
vt 0.989100 0.617900
vt 0.992400 0.630000
vt 0.979500 0.597700
vt 0.984400 0.666500
vt 0.982000 0.674600
vt 0.982000 0.680700
vt 0.989300 0.654400
vt 0.992400 0.642200
vt 0.887300 0.605700
vt 0.881100 0.617900
vt 0.885800 0.666500
vt 0.877800 0.642200
vt 0.880900 0.654400
vt 0.877800 0.630000
vt 0.973300 0.546900
vt 0.979600 0.589600
vt 0.983600 0.566500
vt 0.983300 0.578000
vt 0.979300 0.555000
vt 0.905400 0.429800
vt 0.898300 0.415600
vt 0.918900 0.415600
vt 0.921200 0.429800
vt 0.909500 0.462500
vt 0.923400 0.462500
vt 0.923400 0.474200
vt 0.946800 0.462500
vt 0.946800 0.474200
vt 0.960700 0.462500
vt 0.960700 0.474200
vt 0.948700 0.490100
vt 0.964100 0.490100
vt 0.954900 0.509800
vt 0.973200 0.509800
vt 0.896900 0.546900
vt 0.890700 0.597700
vt 0.909500 0.474200
vt 0.921500 0.490100
vt 0.906100 0.490100
vt 0.915200 0.509800
vt 0.896900 0.509800
vt 0.890600 0.589600
vt 0.886600 0.566500
vt 0.886900 0.578000
vt 0.890900 0.555000
vt 0.335200 0.542600
vt 0.337300 0.544400
vt 0.336300 0.546500
vt 0.333600 0.546100
vt 0.308700 0.601500
vt 0.310000 0.598900
vt 0.312800 0.601500
vt 0.312000 0.592900
vt 0.322300 0.605200
vt 0.339200 0.585200
vt 0.325200 0.577100
vt 0.348100 0.560600
vt 0.332200 0.557800
vt 0.340300 0.553800
vt 0.336700 0.552800
vt 0.338100 0.550500
vt 0.336700 0.548700
vt 0.334200 0.549900
vt 0.332200 0.537200
vt 0.338400 0.540500
vt 0.340300 0.551100
vt 0.339200 0.543200
vt 0.344000 0.548700
vt 0.342500 0.550500
vt 0.344000 0.552800
vt 0.346500 0.549900
vt 0.347100 0.546100
vt 0.344300 0.546500
vt 0.343400 0.544400
vt 0.345500 0.542600
vt 0.341500 0.543200
vt 0.342200 0.540500
vt 0.348100 0.534400
vt 0.339200 0.509900
vt 0.325200 0.517900
vt 0.322300 0.489800
vt 0.312000 0.502200
vt 0.312800 0.492900
vt 0.310000 0.495500
vt 0.308800 0.493100
vt 0.306500 0.493600
vt 0.304400 0.492700
vt 0.306300 0.496200
vt 0.302700 0.494800
vt 0.294200 0.491900
vt 0.300500 0.491700
vt 0.299700 0.476700
vt 0.300300 0.487900
vt 0.306100 0.485400
vt 0.308500 0.485600
vt 0.310300 0.487100
vt 0.302900 0.488500
vt 0.303000 0.490800
vt 0.311000 0.489300
vt 0.310500 0.491500
vt 0.302200 0.484500
vt 0.304100 0.486500
vt 0.305600 0.482800
vt 0.309400 0.483200
vt 0.312500 0.485500
vt 0.313700 0.489100
vt 0.309400 0.611200
vt 0.305600 0.611600
vt 0.306200 0.608700
vt 0.299700 0.618300
vt 0.330600 0.615100
vt 0.350300 0.591600
vt 0.360700 0.562900
vt 0.360700 0.532300
vt 0.350300 0.503500
vt 0.330600 0.480100
vt 0.304100 0.464800
vt 0.274000 0.459500
vt 0.273900 0.472200
vt 0.273900 0.488300
vt 0.248200 0.476700
vt 0.253700 0.491900
vt 0.246200 0.486200
vt 0.243500 0.483600
vt 0.247100 0.489900
vt 0.244800 0.489800
vt 0.244200 0.487400
vt 0.242400 0.485700
vt 0.239700 0.482800
vt 0.236100 0.484300
vt 0.225500 0.489800
vt 0.233900 0.487400
vt 0.233700 0.491200
vt 0.236000 0.490600
vt 0.237300 0.492800
vt 0.236200 0.488100
vt 0.239900 0.485200
vt 0.237600 0.486100
vt 0.235700 0.494500
vt 0.210100 0.544500
vt 0.208300 0.543300
vt 0.199800 0.534400
vt 0.222700 0.517900
vt 0.208700 0.509900
vt 0.235900 0.502200
vt 0.239100 0.496300
vt 0.239500 0.494000
vt 0.242000 0.493700
vt 0.244000 0.492200
vt 0.245900 0.493500
vt 0.242900 0.495900
vt 0.200500 0.546100
vt 0.199800 0.560600
vt 0.201000 0.549900
vt 0.203500 0.552800
vt 0.203600 0.548700
vt 0.205100 0.550400
vt 0.203300 0.546500
vt 0.206100 0.543300
vt 0.204200 0.544500
vt 0.202000 0.542600
vt 0.236400 0.603800
vt 0.239600 0.600800
vt 0.243600 0.602400
vt 0.237600 0.601900
vt 0.235700 0.599900
vt 0.233700 0.603200
vt 0.235900 0.592900
vt 0.225500 0.605200
vt 0.222700 0.577100
vt 0.208700 0.585200
vt 0.215600 0.557800
vt 0.207200 0.553800
vt 0.207200 0.551000
vt 0.210700 0.548700
vt 0.209300 0.550400
vt 0.210900 0.552800
vt 0.213400 0.549900
vt 0.213900 0.546100
vt 0.212300 0.542600
vt 0.211100 0.546500
vt 0.243800 0.464800
vt 0.217300 0.480100
vt 0.197700 0.503500
vt 0.187200 0.532300
vt 0.187200 0.562900
vt 0.197700 0.591600
vt 0.217300 0.615100
vt 0.243800 0.630300
vt 0.248200 0.618300
vt 0.274000 0.635700
vt 0.273900 0.622800
vt 0.304100 0.630300
vt 0.300500 0.602700
vt 0.300300 0.606500
vt 0.294200 0.603100
vt 0.303300 0.603700
vt 0.303200 0.605800
vt 0.304300 0.607700
vt 0.302200 0.609800
vt 0.273900 0.606700
vt 0.253700 0.603100
vt 0.246200 0.608200
vt 0.243500 0.610800
vt 0.243800 0.606800
vt 0.242200 0.608300
vt 0.244400 0.604600
vt 0.247100 0.604500
vt 0.245900 0.600800
vt 0.242900 0.598500
vt 0.239100 0.598100
vt 0.241800 0.601000
vt 0.236100 0.610100
vt 0.239700 0.611500
vt 0.240000 0.608800
vt 0.237900 0.607900
vt 0.236600 0.606100
vt 0.233900 0.607000
vt 0.488300 0.847800
vt 0.494200 0.825700
vt 0.504900 0.811400
vt 0.500500 0.794600
vt 0.504900 0.777900
vt 0.562100 0.811400
vt 0.570600 0.825700
vt 0.557200 0.829800
vt 0.542100 0.818900
vt 0.566500 0.794600
vt 0.562100 0.777900
vt 0.533500 0.761200
vt 0.517000 0.765700
vt 0.550000 0.765700
vt 0.557200 0.865300
vt 0.562900 0.847500
vt 0.532800 0.847500
vt 0.523500 0.818900
vt 0.508400 0.829800
vt 0.502600 0.847500
vt 0.508400 0.865300
vt 0.523500 0.876200
vt 0.542100 0.876200
vt 0.532400 0.891800
vt 0.570600 0.869800
vt 0.554500 0.885900
vt 0.576500 0.847800
vt 0.510400 0.885900
vt 0.494200 0.869800
vt 0.454400 0.220500
vt 0.456000 0.251000
vt 0.452300 0.182200
vt 0.467300 0.179400
vt 0.485000 0.162800
vt 0.475800 0.167100
vt 0.476800 0.144500
vt 0.473700 0.155900
vt 0.443600 0.174700
vt 0.433300 0.203300
vt 0.441100 0.206700
vt 0.430100 0.231300
vt 0.436200 0.232300
vt 0.431300 0.259200
vt 0.436200 0.251000
vt 0.467300 0.259200
vt 0.465400 0.225200
vt 0.310800 0.605100
vt 0.308300 0.608500
vt 0.310000 0.607100
vt 0.312500 0.608900
vt 0.313700 0.605200
vt 0.310200 0.603000
vt 0.306600 0.601100
vt 0.304600 0.601900
vt 0.302700 0.599600
vt 0.306300 0.598200
vt 0.916200 0.404800
vt 0.901800 0.392300
vt 0.968400 0.392300
vt 0.954000 0.404800
vt 0.951200 0.415600
vt 0.949000 0.429800
vt 0.964800 0.429800
vt 0.971900 0.415600
vt 0.980200 0.404800
vt 0.989400 0.392300
vt 0.989400 0.349200
vt 0.968400 0.349800
vt 0.901800 0.349800
vt 0.880700 0.349200
vt 0.880700 0.392300
vt 0.890000 0.404800
vt 0.986900 0.984100
vt 0.986500 0.996000
vt 0.672100 0.996100
vt 0.672000 0.984400
vt 0.581500 0.996100
vt 0.581500 0.984400
vt 0.672000 0.974200
vt 0.581400 0.974200
vt 0.672000 0.962400
vt 0.581400 0.962400
vt 0.671900 0.951100
vt 0.581400 0.951100
vt 0.671900 0.938400
vt 0.581300 0.938400
vt 0.671800 0.924100
vt 0.581300 0.924100
vt 0.671800 0.909000
vt 0.581300 0.909000
vt 0.671800 0.894000
vt 0.581200 0.893900
vt 0.989400 0.974200
vt 0.992700 0.962300
vt 0.995400 0.948000
vt 0.995400 0.937800
vt 0.995300 0.922400
vt 0.995300 0.905500
vt 0.995300 0.895800
vt 0.995300 0.878900
vt 0.671800 0.878900
vt 0.995300 0.862000
vt 0.671800 0.863800
vt 0.581200 0.878900
vt 0.581200 0.863800
vt 0.671800 0.848700
vt 0.581300 0.848700
vt 0.671800 0.833600
vt 0.581300 0.833600
vt 0.671900 0.818300
vt 0.581300 0.818300
vt 0.671900 0.806100
vt 0.581400 0.806000
vt 0.672000 0.794800
vt 0.581400 0.794700
vt 0.672000 0.783000
vt 0.581400 0.783000
vt 0.672000 0.772800
vt 0.581500 0.772800
vt 0.672100 0.761100
vt 0.581500 0.761100
vt 0.995300 0.852300
vt 0.995300 0.835400
vt 0.995400 0.822900
vt 0.995400 0.809500
vt 0.992800 0.795100
vt 0.989400 0.783000
vt 0.987000 0.773000
vt 0.986500 0.761200
vt 0.014700 0.732900
vt 0.014700 0.703700
vt 0.178000 0.703700
vt 0.178000 0.732900
vt 0.014700 0.766100
vt 0.178000 0.766100
vt 0.014700 0.799300
vt 0.178000 0.799300
vt 0.014700 0.828500
vt 0.178000 0.828500
vt 0.014700 0.860100
vt 0.178000 0.860100
vt 0.014700 0.893900
vt 0.178000 0.893900
vt 0.014700 0.925500
vt 0.178000 0.925500
vt 0.014700 0.958700
vt 0.178000 0.958700
vt 0.014700 0.991900
vt 0.178000 0.991900
vt 0.014700 0.444200
vt 0.014700 0.412500
vt 0.178000 0.412500
vt 0.178000 0.444200
vt 0.014700 0.477900
vt 0.178000 0.477900
vt 0.014700 0.509500
vt 0.178000 0.509500
vt 0.014700 0.541200
vt 0.178000 0.541200
vt 0.014700 0.574900
vt 0.178000 0.574900
vt 0.014700 0.606600
vt 0.178000 0.606600
vt 0.014700 0.638300
vt 0.178000 0.638300
vt 0.014700 0.672000
vt 0.178000 0.672000
vt 0.317300 0.784500
vt 0.292900 0.798600
vt 0.288300 0.785900
vt 0.265200 0.790000
vt 0.265200 0.803500
vt 0.242000 0.785900
vt 0.237400 0.798600
vt 0.221700 0.774100
vt 0.213000 0.784500
vt 0.206600 0.756100
vt 0.194800 0.762900
vt 0.198500 0.734100
vt 0.185200 0.736400
vt 0.198500 0.710600
vt 0.185200 0.708200
vt 0.206600 0.688500
vt 0.194800 0.681700
vt 0.221700 0.670500
vt 0.213000 0.660100
vt 0.242000 0.658700
vt 0.308600 0.774100
vt 0.283400 0.772300
vt 0.265200 0.775500
vt 0.247000 0.772300
vt 0.231000 0.763100
vt 0.219100 0.748900
vt 0.212800 0.731600
vt 0.212800 0.713100
vt 0.219100 0.695700
vt 0.231000 0.681600
vt 0.247000 0.672300
vt 0.265200 0.669100
vt 0.265200 0.654600
vt 0.283400 0.672300
vt 0.288300 0.658700
vt 0.299400 0.681600
vt 0.308600 0.670500
vt 0.311200 0.695700
vt 0.323800 0.688500
vt 0.317500 0.713100
vt 0.331800 0.710600
vt 0.317500 0.731600
vt 0.331800 0.734100
vt 0.311200 0.748900
vt 0.323800 0.756100
vt 0.299400 0.763100
vt 0.237400 0.646000
vt 0.265200 0.641100
vt 0.292900 0.646000
vt 0.317300 0.660100
vt 0.335500 0.681700
vt 0.345100 0.708200
vt 0.345100 0.736400
vt 0.335500 0.762900
vt 0.965100 0.030600
vt 0.965100 0.021700
vt 0.989100 0.020400
vt 0.989100 0.011000
vt 0.965100 0.014500
vt 0.989100 0.007500
vt 0.965100 0.011800
vt 0.989100 0.031900
vt 0.989100 0.041300
vt 0.965100 0.037800
vt 0.989100 0.044800
vt 0.965100 0.040600
vt 0.995100 0.037800
vt 0.995100 0.030600
vt 0.995100 0.021700
vt 0.995100 0.014500
vt 0.995100 0.011800
vt 0.995100 0.040600
vt 0.959100 0.018000
vt 0.959100 0.016100
vt 0.959100 0.023000
vt 0.959100 0.029300
vt 0.959100 0.034300
vt 0.959100 0.036300
vt 0.901100 0.030600
vt 0.901100 0.021700
vt 0.901100 0.014500
vt 0.901100 0.011800
vt 0.901100 0.037800
vt 0.901100 0.040600
vt 0.992100 0.993700
vt 0.006300 0.993700
vt 0.006300 0.008600
vt 0.992100 0.008600
vt 0.188900 0.872600
vt 0.265700 0.870700
vt 0.263700 0.942400
vt 0.143200 0.430300
vt 0.142700 0.430400
vt 0.143800 0.430300
vt 0.552800 0.184800
vt 0.533500 0.184900
vt 0.533500 0.206400
vt 0.808400 0.231300
vt 0.665700 0.231300
vt 0.665700 0.201100
vt 0.926500 0.257000
vt 0.926200 0.302000
vt 0.970000 0.300600
vt 0.021400 0.972700
vt 0.017900 0.981500
vt 0.009900 0.989700
vt 0.151700 0.441800
vt 0.152600 0.443300
vt 0.154100 0.442300
vt 0.400700 0.586600
vt 0.392100 0.586600
vt 0.381500 0.562600
vt 0.186900 0.944300
vt 0.111800 0.947500
vt 0.112100 0.874500
vt 0.114000 0.798500
vt 0.192700 0.788400
vt 0.115900 0.722600
vt 0.340700 0.944800
vt 0.347200 0.638700
vt 0.424300 0.638000
vt 0.423100 0.715000
vt 0.346300 0.716900
vt 0.269200 0.642200
vt 0.269500 0.718800
vt 0.194500 0.644700
vt 0.192700 0.720700
vt 0.117700 0.646600
vt 0.267600 0.794700
vt 0.341800 0.870100
vt 0.416300 0.946400
vt 0.419300 0.866900
vt 0.344400 0.792800
vt 0.420000 0.791200
vt 0.668900 0.075500
vt 0.668900 0.169900
vt 0.654800 0.179300
vt 0.823800 0.179300
vt 0.809700 0.169900
vt 0.823800 0.066000
vt 0.809700 0.075500
vt 0.654800 0.066000
vt 0.609700 0.015000
vt 0.628600 0.015000
vt 0.645400 0.029600
vt 0.592800 0.029600
vt 0.592800 0.163900
vt 0.628600 0.178500
vt 0.645400 0.163900
vt 0.609700 0.178500
vt 0.143200 0.431700
vt 0.143700 0.431700
vt 0.144200 0.431600
vt 0.143700 0.431900
vt 0.144200 0.431800
vt 0.143100 0.431900
vt 0.142600 0.431700
vt 0.142700 0.431600
vt 0.144300 0.430500
vt 0.144300 0.430300
vt 0.143800 0.430200
vt 0.143200 0.430200
vt 0.142700 0.430300
vt 0.574300 0.184800
vt 0.552800 0.206400
vt 0.533500 0.238100
vt 0.552800 0.238100
vt 0.533500 0.292500
vt 0.552800 0.292500
vt 0.574300 0.238100
vt 0.574300 0.292500
vt 0.593500 0.292500
vt 0.593500 0.238100
vt 0.593500 0.206400
vt 0.574300 0.206400
vt 0.593500 0.184900
vt 0.552800 0.292700
vt 0.533500 0.292700
vt 0.552800 0.184900
vt 0.574300 0.206600
vt 0.574300 0.185100
vt 0.593500 0.206600
vt 0.593500 0.185100
vt 0.593500 0.238300
vt 0.574300 0.238300
vt 0.574300 0.292700
vt 0.593500 0.292700
vt 0.144100 0.428500
vt 0.143000 0.428400
vt 0.142500 0.428600
vt 0.144600 0.428600
vt 0.144500 0.430100
vt 0.142900 0.430300
vt 0.142400 0.430100
vt 0.144000 0.430300
vt 0.572000 0.045200
vt 0.572000 0.144800
vt 0.566600 0.154300
vt 0.550600 0.144800
vt 0.556000 0.154300
vt 0.566600 0.035700
vt 0.556000 0.035700
vt 0.550600 0.045200
vt 0.534700 0.024700
vt 0.534700 0.164200
vt 0.548000 0.177600
vt 0.574600 0.177600
vt 0.587900 0.164200
vt 0.587900 0.024700
vt 0.574600 0.011400
vt 0.548000 0.011400
vt 0.540600 0.300300
vt 0.546300 0.300300
vt 0.550900 0.300200
vt 0.536000 0.300200
vt 0.534200 0.300100
vt 0.550900 0.299900
vt 0.552600 0.300100
vt 0.552600 0.376600
vt 0.550900 0.376700
vt 0.546300 0.376800
vt 0.540600 0.376800
vt 0.536000 0.376700
vt 0.534200 0.376600
vt 0.536000 0.376400
vt 0.536000 0.299900
vt 0.540600 0.376300
vt 0.546300 0.299800
vt 0.540600 0.299800
vt 0.546300 0.376300
vt 0.550900 0.376400
vt 0.145700 0.429600
vt 0.145700 0.430600
vt 0.151100 0.430600
vt 0.151100 0.429600
vt 0.609500 0.293200
vt 0.597300 0.293200
vt 0.597800 0.282000
vt 0.609500 0.282000
vt 0.640500 0.195100
vt 0.640400 0.282100
vt 0.609500 0.195100
vt 0.597800 0.195100
vt 0.597300 0.183400
vt 0.609500 0.183400
vt 0.581000 0.376500
vt 0.569800 0.376500
vt 0.560800 0.369900
vt 0.593500 0.359200
vt 0.590100 0.369900
vt 0.581000 0.342000
vt 0.590100 0.348600
vt 0.560800 0.348600
vt 0.557300 0.359200
vt 0.569800 0.342000
vt 0.141100 0.427300
vt 0.140900 0.431100
vt 0.160000 0.431200
vt 0.160300 0.427400
vt 0.743800 0.030700
vt 0.743800 0.012700
vt 0.657000 0.012700
vt 0.657000 0.030700
vt 0.145000 0.429500
vt 0.145000 0.429800
vt 0.145000 0.430800
vt 0.145000 0.430500
vt 0.145700 0.431100
vt 0.145700 0.430500
vt 0.145700 0.429500
vt 0.145700 0.430100
vt 0.823800 0.035900
vt 0.654800 0.035900
vt 0.654800 0.061800
vt 0.823800 0.061800
vt 0.151100 0.429400
vt 0.145800 0.429600
vt 0.145800 0.429300
vt 0.145800 0.430100
vt 0.145800 0.429500
vt 0.151100 0.430100
vt 0.656500 0.031000
vt 0.656500 0.013100
vt 0.743300 0.013100
vt 0.743300 0.031000
vt 0.151700 0.430600
vt 0.151700 0.430800
vt 0.151800 0.429800
vt 0.151800 0.429600
vt 0.151000 0.430600
vt 0.151000 0.431100
vt 0.652100 0.248500
vt 0.821900 0.248500
vt 0.821900 0.280700
vt 0.652100 0.280700
vt 0.154900 0.430300
vt 0.154900 0.430600
vt 0.157900 0.430600
vt 0.157900 0.430300
vt 0.808400 0.201100
vt 0.652100 0.244200
vt 0.821900 0.244200
vt 0.821900 0.188200
vt 0.652100 0.188200
vt 0.157800 0.430200
vt 0.157800 0.430500
vt 0.155000 0.430500
vt 0.155000 0.430200
vt 0.155000 0.430900
vt 0.155000 0.430300
vt 0.157800 0.430300
vt 0.157800 0.430900
vt 0.158300 0.429100
vt 0.158800 0.428900
vt 0.159000 0.428700
vt 0.156900 0.429100
vt 0.157600 0.429100
vt 0.156200 0.428700
vt 0.156400 0.428900
vt 0.156900 0.428400
vt 0.158300 0.428400
vt 0.158800 0.428500
vt 0.156400 0.428500
vt 0.157600 0.428300
vt 0.142300 0.435800
vt 0.155300 0.435800
vt 0.155300 0.434100
vt 0.142300 0.434100
vt 0.970300 0.255600
vt 0.916500 0.930700
vt 0.916500 0.962800
vt 0.895600 0.978700
vt 0.837500 0.978700
vt 0.916500 0.828900
vt 0.916500 0.727100
vt 0.916500 0.625400
vt 0.916500 0.593200
vt 0.837500 0.577300
vt 0.895600 0.577300
vt 0.540600 0.299700
vt 0.546300 0.299700
vt 0.550900 0.299700
vt 0.552600 0.299500
vt 0.550900 0.299400
vt 0.534200 0.299500
vt 0.536000 0.299700
vt 0.546300 0.299300
vt 0.540600 0.299300
vt 0.536000 0.299400
vt 0.546300 0.375800
vt 0.550900 0.375900
vt 0.552600 0.376000
vt 0.550900 0.376200
vt 0.546300 0.376200
vt 0.540600 0.376200
vt 0.536000 0.376200
vt 0.534200 0.376000
vt 0.536000 0.375900
vt 0.540600 0.375800
vt 0.052800 0.358900
vt 0.017700 0.368600
vt 0.017700 0.342400
vt 0.502800 0.063400
vt 0.502800 0.341200
vt 0.488800 0.332700
vt 0.518600 0.023000
vt 0.518600 0.368600
vt 0.529300 0.379000
vt 0.008400 0.379000
vt 0.008400 0.012400
vt 0.017700 0.023000
vt 0.529300 0.012400
vt 0.481100 0.358900
vt 0.485900 0.350700
vt 0.493500 0.344500
vt 0.054500 0.368600
vt 0.047900 0.350700
vt 0.059600 0.341800
vt 0.064200 0.349200
vt 0.468400 0.349200
vt 0.472900 0.341800
vt 0.480000 0.335900
vt 0.047900 0.053800
vt 0.052800 0.045400
vt 0.064200 0.053700
vt 0.065800 0.045300
vt 0.468200 0.053700
vt 0.466700 0.045300
vt 0.479300 0.036200
vt 0.054500 0.036200
vt 0.031000 0.063400
vt 0.031000 0.341200
vt 0.040600 0.344600
vt 0.052800 0.336100
vt 0.488800 0.070700
vt 0.040300 0.060000
vt 0.052400 0.067500
vt 0.059600 0.061600
vt 0.043700 0.070700
vt 0.043700 0.332700
vt 0.052400 0.335900
vt 0.480000 0.067500
vt 0.472900 0.061600
vt 0.485900 0.053800
vt 0.481000 0.045400
vt 0.493500 0.060000
vt 0.886600 0.202200
vt 0.859600 0.205100
vt 0.866000 0.202200
vt 0.859600 0.346600
vt 0.886600 0.349500
vt 0.866000 0.349500
vt 0.145800 0.431100
vt 0.145800 0.431000
vt 0.145800 0.430800
vt 0.151000 0.430800
vt 0.151000 0.431000
vt 0.151000 0.431200
vt 0.145800 0.430600
vt 0.155000 0.431100
vt 0.155000 0.431000
vt 0.155000 0.430700
vt 0.157800 0.430700
vt 0.157800 0.431000
vt 0.157800 0.430600
vt 0.157800 0.431200
vt 0.155000 0.430600
vt 0.620300 0.317000
vt 0.631600 0.305600
vt 0.647100 0.301500
vt 0.647100 0.363400
vt 0.631600 0.359300
vt 0.620300 0.347900
vt 0.673900 0.317000
vt 0.616100 0.332400
vt 0.670600 0.291700
vt 0.687900 0.308900
vt 0.662600 0.305600
vt 0.647100 0.285400
vt 0.623600 0.291700
vt 0.606300 0.308900
vt 0.600000 0.332400
vt 0.606300 0.356000
vt 0.623600 0.373200
vt 0.647100 0.379500
vt 0.670600 0.373200
vt 0.662600 0.359300
vt 0.687900 0.356000
vt 0.673900 0.347900
vt 0.694200 0.332400
vt 0.678100 0.332400
vt 0.949200 0.723600
vt 0.926800 0.723600
vt 0.926800 0.615000
vt 0.949200 0.615000
vt 0.958200 0.627600
vt 0.926800 0.580700
vt 0.916600 0.563800
vt 0.980000 0.563800
vt 0.990200 0.580700
vt 0.990200 0.615000
vt 0.975400 0.627600
vt 0.958200 0.711100
vt 0.990200 0.723600
vt 0.990200 0.832100
vt 0.949200 0.832100
vt 0.926800 0.832100
vt 0.926800 0.940700
vt 0.949200 0.940700
vt 0.990200 0.975000
vt 0.990200 0.940700
vt 0.958400 0.927200
vt 0.958400 0.845600
vt 0.975400 0.711100
vt 0.975200 0.927200
vt 0.975200 0.845600
vt 0.926800 0.975000
vt 0.916600 0.991900
vt 0.980000 0.991900
vt 0.835300 0.564300
vt 0.855000 0.185500
vt 0.855000 0.410000
vt 0.835300 0.155300
vt 0.886300 0.185500
vt 0.894500 0.155300
vt 0.896100 0.189900
vt 0.915900 0.171500
vt 0.896100 0.405600
vt 0.915900 0.204200
vt 0.915900 0.307900
vt 0.915900 0.411600
vt 0.915900 0.515400
vt 0.915900 0.548100
vt 0.886300 0.410000
vt 0.894500 0.564300
vt 0.920700 0.217200
vt 0.920700 0.036000
vt 0.996500 0.036000
vt 0.996500 0.217200
vt 0.921100 0.032000
vt 0.921300 0.008000
vt 0.996500 0.008000
vt 0.996300 0.032000
vt 0.921000 0.035700
vt 0.996200 0.035700
vt 0.921000 0.218500
vt 0.996200 0.218500
vt 0.921100 0.222200
vt 0.996300 0.222200
vt 0.921300 0.246200
vt 0.996500 0.246200
vt 0.466500 0.482900
vt 0.029800 0.482900
vt 0.029800 0.475700
vt 0.466500 0.475700
vt 0.355300 0.562400
vt 0.355300 0.585300
vt 0.229400 0.585300
vt 0.229400 0.562400
vt 0.225900 0.632300
vt 0.206700 0.623600
vt 0.206300 0.579800
vt 0.225500 0.588500
vt 0.355300 0.632600
vt 0.229400 0.632600
vt 0.229400 0.585100
vt 0.355300 0.585100
vt 0.154800 0.419900
vt 0.154800 0.420000
vt 0.154500 0.419800
vt 0.155100 0.420500
vt 0.155100 0.420300
vt 0.155300 0.420700
vt 0.149400 0.439200
vt 0.149000 0.439200
vt 0.148800 0.438900
vt 0.149000 0.438700
vt 0.149400 0.438700
vt 0.149600 0.438900
vt 0.154800 0.434900
vt 0.154900 0.421000
vt 0.154900 0.420800
vt 0.143000 0.420900
vt 0.154500 0.419700
vt 0.142900 0.420700
vt 0.154800 0.434700
vt 0.142800 0.434800
vt 0.142800 0.434600
vt 0.142600 0.420500
vt 0.142800 0.420300
vt 0.142800 0.420200
vt 0.143100 0.419800
vt 0.143400 0.419600
vt 0.142500 0.435200
vt 0.155100 0.435300
vt 0.155100 0.420400
vt 0.154800 0.419800
vt 0.155100 0.420200
vt 0.155300 0.420600
vt 0.142500 0.435300
vt 0.155100 0.435400
vt 0.014300 0.512700
vt 0.027100 0.496200
vt 0.037900 0.490800
vt 0.026300 0.532200
vt 0.017700 0.528600
vt 0.009700 0.520100
vt 0.454000 0.496100
vt 0.466800 0.512600
vt 0.443200 0.490700
vt 0.380900 0.512600
vt 0.314500 0.512600
vt 0.454800 0.532100
vt 0.463400 0.528500
vt 0.459800 0.537300
vt 0.460000 0.972600
vt 0.446400 0.963900
vt 0.441800 0.968800
vt 0.434300 0.957000
vt 0.055200 0.957100
vt 0.044900 0.968900
vt 0.040300 0.964000
vt 0.026400 0.977900
vt 0.471600 0.989600
vt 0.055100 0.555900
vt 0.434200 0.555900
vt 0.446200 0.548700
vt 0.471400 0.520000
vt 0.463500 0.981400
vt 0.455000 0.977800
vt 0.441600 0.543800
vt 0.044800 0.543900
vt 0.040200 0.548800
vt 0.021300 0.537400
vt 0.380900 0.532200
vt 0.380900 0.536100
vt 0.314500 0.536200
vt 0.166600 0.536200
vt 0.207300 0.532200
vt 0.207300 0.536200
vt 0.166600 0.532200
vt 0.207300 0.512700
vt 0.166600 0.512700
vt 0.100200 0.512700
vt 0.100200 0.532200
vt 0.100200 0.536200
vt 0.273800 0.536200
vt 0.314500 0.532200
vt 0.273800 0.532200
vt 0.273800 0.512600
vt 0.155900 0.434900
vt 0.155000 0.433400
vt 0.153500 0.434300
vt 0.154400 0.435900
vt 0.152000 0.435200
vt 0.152900 0.436800
vt 0.150500 0.436200
vt 0.151400 0.437700
vt 0.153800 0.438300
vt 0.152200 0.439100
vt 0.154700 0.439900
vt 0.153200 0.440800
vt 0.155600 0.441300
vt 0.157100 0.440500
vt 0.156200 0.439000
vt 0.155300 0.437400
vt 0.156800 0.436500
vt 0.157700 0.438000
vt 0.158700 0.439600
vt 0.150800 0.440200
vt 0.149900 0.438700
vt 0.149000 0.437100
vt 0.155000 0.433300
vt 0.156800 0.436400
vt 0.158600 0.439600
vt 0.152600 0.443200
vt 0.151700 0.441700
vt 0.142800 0.420400
vt 0.142600 0.420600
vt 0.143100 0.419900
vt 0.143400 0.419700
vt 0.405000 0.596500
vt 0.400700 0.606300
vt 0.392100 0.606300
vt 0.387800 0.596500
vt 0.411400 0.562600
vt 0.366500 0.596800
vt 0.381500 0.630900
vt 0.411400 0.630900
vt 0.426300 0.596800
vt 0.734100 0.826100
vt 0.734100 0.854500
vt 0.695500 0.855900
vt 0.695600 0.889600
vt 0.734100 0.889100
vt 0.695600 0.928800
vt 0.734200 0.930000
vt 0.695600 0.954700
vt 0.734200 0.953100
vt 0.695500 0.766900
vt 0.695500 0.825200
vt 0.616100 0.824300
vt 0.616100 0.857200
vt 0.616100 0.889900
vt 0.616100 0.928600
vt 0.616100 0.954100
vt 0.616100 0.982800
vt 0.695600 0.983100
vt 0.734200 0.984500
vt 0.734100 0.765900
vt 0.695500 0.706400
vt 0.734100 0.706100
vt 0.734100 0.661400
vt 0.695500 0.658500
vt 0.734100 0.619400
vt 0.695500 0.617100
vt 0.734100 0.584800
vt 0.695500 0.584800
vt 0.734100 0.553600
vt 0.695400 0.553600
vt 0.734100 0.516300
vt 0.695400 0.516300
vt 0.734100 0.478200
vt 0.695400 0.478200
vt 0.734100 0.432900
vt 0.695400 0.432900
vt 0.616000 0.432900
vt 0.616000 0.478200
vt 0.616000 0.516300
vt 0.616000 0.553600
vt 0.616000 0.584800
vt 0.616100 0.617100
vt 0.616100 0.658500
vt 0.616100 0.705500
vt 0.616100 0.766900
vt 0.482300 0.491300
vt 0.482300 0.486400
vt 0.487100 0.484200
vt 0.487100 0.489100
vt 0.482300 0.504200
vt 0.487100 0.501900
vt 0.482300 0.516100
vt 0.487100 0.513800
vt 0.482500 0.991000
vt 0.487300 0.988700
vt 0.123600 0.438400
vt 0.123900 0.420600
vt 0.149000 0.417800
vt 0.148700 0.435600
vt 0.705000 0.370200
vt 0.705100 0.370800
vt 0.807000 0.371500
vt 0.806900 0.370900
vt 0.806200 0.292100
vt 0.806100 0.291500
vt 0.704400 0.291300
vt 0.704300 0.290700
vt 0.609600 0.195100
vt 0.609600 0.183400
vt 0.597400 0.183400
vt 0.541800 0.710800
vt 0.503300 0.710800
vt 0.503300 0.662700
vt 0.503300 0.772500
vt 0.541800 0.772600
vt 0.503300 0.833100
vt 0.541800 0.833100
vt 0.541800 0.864100
vt 0.503300 0.864100
vt 0.541800 0.896300
vt 0.503300 0.895900
vt 0.541800 0.934900
vt 0.503200 0.934700
vt 0.541800 0.959600
vt 0.503200 0.959300
vt 0.541800 0.986500
vt 0.503200 0.986600
vt 0.603600 0.986300
vt 0.603600 0.959700
vt 0.603600 0.934700
vt 0.603700 0.896100
vt 0.603700 0.864700
vt 0.603700 0.832700
vt 0.603700 0.772400
vt 0.603700 0.711200
vt 0.541800 0.662600
vt 0.603700 0.662400
vt 0.541800 0.619400
vt 0.603700 0.620000
vt 0.541800 0.584400
vt 0.603700 0.584400
vt 0.541800 0.552400
vt 0.603700 0.552400
vt 0.541800 0.513300
vt 0.603700 0.513300
vt 0.603700 0.475400
vt 0.503300 0.619400
vt 0.503300 0.584400
vt 0.503300 0.552400
vt 0.503300 0.513300
vt 0.541800 0.475400
vt 0.541800 0.431100
vt 0.603700 0.431100
vt 0.503300 0.475400
vt 0.503300 0.431100
vt 0.819800 0.773200
vt 0.748900 0.773200
vt 0.748900 0.784100
vt 0.748900 0.789800
vt 0.748900 0.797100
vt 0.819800 0.797100
vt 0.748900 0.466600
vt 0.748900 0.501100
vt 0.748900 0.496300
vt 0.748900 0.761900
vt 0.748900 0.817500
vt 0.748900 0.767600
vt 0.748900 0.814300
vt 0.819800 0.767600
vt 0.819800 0.778900
vt 0.819800 0.784100
vt 0.748900 0.791400
vt 0.819800 0.791400
vt 0.819800 0.789800
vt 0.748900 0.778900
vt 0.819800 0.499400
vt 0.819800 0.496200
vt 0.819800 0.504100
vt 0.748900 0.504100
vt 0.748900 0.832600
vt 0.748900 0.838600
vt 0.748900 0.838500
vt 0.819800 0.838500
vt 0.819800 0.829400
vt 0.819800 0.826800
vt 0.819800 0.817500
vt 0.819800 0.501100
vt 0.819800 0.471500
vt 0.819800 0.467700
vt 0.819800 0.431300
vt 0.748900 0.431300
vt 0.748900 0.430300
vt 0.748900 0.436400
vt 0.748900 0.442800
vt 0.819800 0.442800
vt 0.819800 0.466600
vt 0.819800 0.496300
vt 0.819800 0.761900
vt 0.819800 0.814300
vt 0.748900 0.829400
vt 0.819800 0.832600
vt 0.819800 0.509500
vt 0.748900 0.499400
vt 0.748900 0.480300
vt 0.748900 0.481100
vt 0.748900 0.471500
vt 0.819800 0.437300
vt 0.819800 0.430300
vt 0.748900 0.437000
vt 0.748900 0.461300
vt 0.819800 0.437000
vt 0.819800 0.461300
vt 0.819800 0.436400
vt 0.748900 0.437300
vt 0.748900 0.467700
vt 0.819800 0.480300
vt 0.819800 0.481100
vt 0.748900 0.496200
vt 0.748900 0.509500
vt 0.819800 0.838600
vt 0.748900 0.826800
vt 0.144100 0.438900
vt 0.144100 0.438800
vt 0.145800 0.438800
vt 0.145800 0.439000
vt 0.147500 0.439000
vt 0.147500 0.438900
vt 0.074300 0.649700
vt 0.074900 0.668300
vt 0.075200 0.684900
vt 0.074900 0.684800
vt 0.074300 0.709400
vt 0.073800 0.709400
vt 0.073100 0.731300
vt 0.072600 0.731300
vt 0.071800 0.753200
vt 0.071300 0.753200
vt 0.069800 0.795200
vt 0.069200 0.795200
vt 0.070700 0.827600
vt 0.070200 0.828300
vt 0.073000 0.856500
vt 0.072600 0.859000
vt 0.077000 0.883000
vt 0.076700 0.886200
vt 0.082400 0.888900
vt 0.082400 0.892800
vt 0.087200 0.883200
vt 0.087300 0.886900
vt 0.091900 0.867100
vt 0.092300 0.869800
vt 0.095600 0.846900
vt 0.096000 0.849700
vt 0.099800 0.823300
vt 0.099400 0.820600
vt 0.083500 0.887300
vt 0.083200 0.890300
vt 0.086400 0.899500
vt 0.086500 0.895700
vt 0.089300 0.898000
vt 0.089400 0.894200
vt 0.092600 0.885300
vt 0.092500 0.882200
vt 0.095400 0.868700
vt 0.095300 0.865600
vt 0.098200 0.845700
vt 0.098100 0.842600
vt 0.077100 0.633200
vt 0.077100 0.633100
vt 0.077100 0.652300
vt 0.077100 0.652400
vt 0.077300 0.669800
vt 0.077500 0.670100
vt 0.078000 0.696200
vt 0.078300 0.696600
vt 0.078400 0.719500
vt 0.078700 0.720000
vt 0.078700 0.742700
vt 0.079100 0.743200
vt 0.079000 0.786800
vt 0.079300 0.787300
vt 0.080200 0.830000
vt 0.080500 0.829800
vt 0.081000 0.864600
vt 0.081300 0.862400
vt 0.474800 0.487300
vt 0.488900 0.481400
vt 0.453400 0.491300
vt 0.457400 0.501100
vt 0.463400 0.501100
vt 0.456300 0.926700
vt 0.439700 0.926700
vt 0.439700 0.945400
vt 0.116800 0.774700
vt 0.109100 0.777900
vt 0.109100 0.787900
vt 0.468800 0.628900
vt 0.462200 0.631500
vt 0.447500 0.638100
vt 0.756900 0.658600
vt 0.780400 0.659400
vt 0.784700 0.632000
vt 0.629200 0.642300
vt 0.629200 0.643500
vt 0.629200 0.645500
vt 0.693000 0.595200
vt 0.693000 0.604400
vt 0.629200 0.604400
vt 0.511000 0.623600
vt 0.511500 0.616800
vt 0.495100 0.617400
vt 0.697400 0.653700
vt 0.437100 0.653700
vt 0.437100 0.727600
vt 0.697400 0.727600
vt 0.479000 0.511300
vt 0.474900 0.501400
vt 0.468900 0.501400
vt 0.488900 0.508200
vt 0.484200 0.506200
vt 0.482200 0.501400
vt 0.474800 0.515600
vt 0.488900 0.515400
vt 0.493700 0.506200
vt 0.484200 0.496700
vt 0.479000 0.491600
vt 0.509000 0.501400
vt 0.503100 0.487300
vt 0.493700 0.496700
vt 0.488900 0.487500
vt 0.488900 0.494700
vt 0.498800 0.491600
vt 0.502900 0.501400
vt 0.503100 0.515600
vt 0.488900 0.521500
vt 0.498800 0.511300
vt 0.495600 0.501400
vt 0.438900 0.505800
vt 0.443600 0.507700
vt 0.448300 0.505800
vt 0.438900 0.496400
vt 0.437000 0.501100
vt 0.450200 0.501100
vt 0.448300 0.496400
vt 0.443600 0.494500
vt 0.433800 0.491300
vt 0.443600 0.487300
vt 0.453400 0.510900
vt 0.443600 0.514900
vt 0.433800 0.510900
vt 0.429800 0.501100
vt 0.429600 0.487100
vt 0.443600 0.481300
vt 0.457600 0.487100
vt 0.457600 0.515100
vt 0.443600 0.520900
vt 0.429600 0.515100
vt 0.423800 0.501100
vt 0.138700 0.683200
vt 0.138700 0.651900
vt 0.427000 0.651900
vt 0.427000 0.683200
vt 0.138700 0.714500
vt 0.427000 0.714500
vt 0.138700 0.745900
vt 0.427000 0.745900
vt 0.138700 0.777200
vt 0.427000 0.777200
vt 0.138700 0.808500
vt 0.427000 0.808500
vt 0.138700 0.839900
vt 0.427000 0.839900
vt 0.138700 0.871200
vt 0.427000 0.871200
vt 0.138700 0.902500
vt 0.427000 0.902500
vt 0.138700 0.933800
vt 0.427000 0.933800
vt 0.138700 0.965200
vt 0.427000 0.965200
vt 0.127500 0.864500
vt 0.104400 0.896300
vt 0.067100 0.908500
vt 0.104400 0.793500
vt 0.127500 0.825200
vt 0.029700 0.793500
vt 0.067100 0.781300
vt 0.006600 0.864500
vt 0.029700 0.896300
vt 0.006600 0.825200
vt 0.731200 0.386700
vt 0.729900 0.390000
vt 0.706600 0.388100
vt 0.707900 0.384800
vt 0.709100 0.384100
vt 0.707700 0.387400
vt 0.728800 0.389200
vt 0.730100 0.385900
vt 0.094500 0.912500
vt 0.060300 0.925700
vt 0.074000 0.915700
vt 0.053900 0.952000
vt 0.060300 0.978200
vt 0.074000 0.988200
vt 0.094500 0.991400
vt 0.108300 0.991400
vt 0.108300 0.912500
vt 0.112300 0.992400
vt 0.456300 0.992400
vt 0.456300 0.973500
vt 0.112300 0.973500
vt 0.128900 0.973500
vt 0.112300 0.945400
vt 0.128900 0.945400
vt 0.112300 0.926700
vt 0.128900 0.926700
vt 0.112300 0.911700
vt 0.128900 0.911700
vt 0.439700 0.973500
vt 0.456300 0.945400
vt 0.456300 0.916100
vt 0.439700 0.916100
vt 0.508600 0.927200
vt 0.511800 0.940300
vt 0.495300 0.940300
vt 0.474500 0.913900
vt 0.495000 0.917100
vt 0.460700 0.992900
vt 0.460700 0.913900
vt 0.474500 0.992900
vt 0.495000 0.989700
vt 0.495300 0.966500
vt 0.508600 0.979600
vt 0.511800 0.966500
vt 0.708500 0.383500
vt 0.708400 0.383900
vt 0.708400 0.384300
vt 0.708500 0.384400
vt 0.708600 0.383600
vt 0.708600 0.384000
vt 0.708400 0.384500
vt 0.708600 0.383400
vt 0.615700 0.569200
vt 0.615600 0.569400
vt 0.602200 0.563400
vt 0.627000 0.573800
vt 0.627000 0.574000
vt 0.632800 0.575200
vt 0.632800 0.575500
vt 0.636600 0.575600
vt 0.636600 0.575800
vt 0.644500 0.575500
vt 0.644500 0.575700
vt 0.657800 0.576200
vt 0.657700 0.576400
vt 0.658000 0.575800
vt 0.644400 0.575200
vt 0.636600 0.575300
vt 0.632900 0.574900
vt 0.627300 0.573400
vt 0.616100 0.568900
vt 0.602300 0.563200
vt 0.602600 0.562900
vt 0.598700 0.562200
vt 0.599100 0.561900
vt 0.594900 0.561800
vt 0.595100 0.561500
vt 0.590800 0.562000
vt 0.590600 0.561700
vt 0.670600 0.578000
vt 0.670500 0.578200
vt 0.670900 0.577700
vt 0.671200 0.577600
vt 0.658200 0.575700
vt 0.644400 0.575000
vt 0.636600 0.575200
vt 0.633000 0.574800
vt 0.627500 0.573300
vt 0.616500 0.568900
vt 0.602900 0.562800
vt 0.671100 0.577800
vt 0.658200 0.575900
vt 0.644400 0.575300
vt 0.636600 0.575400
vt 0.633000 0.575000
vt 0.627500 0.573600
vt 0.616500 0.569100
vt 0.602900 0.563000
vt 0.599300 0.561800
vt 0.599300 0.562000
vt 0.595200 0.561400
vt 0.595200 0.561600
vt 0.595000 0.561900
vt 0.590400 0.561800
vt 0.599000 0.562300
vt 0.602500 0.563300
vt 0.616000 0.569300
vt 0.627200 0.573900
vt 0.632900 0.575300
vt 0.636600 0.575700
vt 0.644400 0.575600
vt 0.657900 0.576300
vt 0.670800 0.578100
vt 0.680400 0.581200
vt 0.680800 0.581100
vt 0.691300 0.585800
vt 0.691600 0.585700
vt 0.681100 0.580900
vt 0.692000 0.585400
vt 0.681200 0.580700
vt 0.692000 0.585200
vt 0.680800 0.580700
vt 0.680500 0.581000
vt 0.691600 0.585300
vt 0.691300 0.585600
vt 0.710600 0.020300
vt 0.602800 0.016100
vt 0.609000 0.020700
vt 0.593800 0.028600
vt 0.584600 0.043100
vt 0.585500 0.025100
vt 0.736100 0.047900
vt 0.591900 0.075400
vt 0.606300 0.084500
vt 0.583400 0.078200
vt 0.701400 0.088200
vt 0.599800 0.088600
vt 0.574300 0.061000
vt 0.583900 0.060200
vt 0.575100 0.041500
vt 0.724900 0.083700
vt 0.735300 0.067300
vt 0.725800 0.065800
vt 0.726500 0.048700
vt 0.718500 0.033500
vt 0.716600 0.080300
vt 0.727000 0.030700
vt 0.704000 0.024400
vt 0.707600 0.092800
vt 0.779700 0.755600
vt 0.788000 0.752200
vt 0.779700 0.743800
vt 0.779700 0.885100
vt 0.788000 0.888500
vt 0.776200 0.888500
vt 0.779700 0.896800
vt 0.713900 0.888500
vt 0.710400 0.896800
vt 0.710400 0.885100
vt 0.702100 0.888500
vt 0.710400 0.755600
vt 0.702100 0.752200
vt 0.713900 0.752200
vt 0.710400 0.743800
vt 0.776200 0.752200
vt 0.687100 0.403400
vt 0.707900 0.405200
vt 0.707900 0.410600
vt 0.687100 0.408900
vt 0.375600 0.497900
vt 0.408600 0.497900
vt 0.408600 0.610400
vt 0.358300 0.593100
vt 0.358300 0.515200
vt 0.101000 0.515200
vt 0.358300 0.497900
vt 0.101000 0.497900
vt 0.358300 0.465000
vt 0.101000 0.465000
vt 0.375600 0.610400
vt 0.050800 0.497900
vt 0.083700 0.497900
vt 0.083700 0.610400
vt 0.050800 0.610400
vt 0.101000 0.593100
vt 0.101000 0.610400
vt 0.358300 0.610400
vt 0.358300 0.643300
vt 0.101000 0.643300
vt 0.687000 0.409800
vt 0.692500 0.427400
vt 0.692500 0.413300
vt 0.692200 0.428400
vt 0.691300 0.428800
vt 0.689800 0.428100
vt 0.688200 0.426800
vt 0.687300 0.425200
vt 0.687000 0.423800
vt 0.771400 0.219500
vt 0.786300 0.208600
vt 0.765700 0.237100
vt 0.819800 0.219500
vt 0.819800 0.254700
vt 0.825500 0.237100
vt 0.851800 0.237100
vt 0.841100 0.204000
vt 0.812900 0.183600
vt 0.804800 0.208600
vt 0.778200 0.183600
vt 0.750100 0.204000
vt 0.739300 0.237100
vt 0.750100 0.270100
vt 0.771400 0.254700
vt 0.778200 0.290600
vt 0.804800 0.265500
vt 0.786300 0.265500
vt 0.812900 0.290600
vt 0.841100 0.270100
vt 0.707000 0.384200
vt 0.708200 0.384300
vt 0.708200 0.385200
vt 0.707000 0.385100
vt 0.707500 0.384000
vt 0.708600 0.384100
vt 0.708600 0.383100
vt 0.707500 0.383100
vt 0.460000 0.368200
vt 0.460000 0.400700
vt 0.333900 0.400700
vt 0.333900 0.368200
vt 0.460000 0.177500
vt 0.333900 0.177500
vt 0.090900 0.037100
vt 0.090900 0.023400
vt 0.093300 0.023400
vt 0.093300 0.037100
vt 0.065600 0.051400
vt 0.065600 0.020700
vt 0.095000 0.020700
vt 0.095000 0.051400
vt 0.430100 0.455300
vt 0.335200 0.455300
vt 0.338700 0.414100
vt 0.426700 0.414100
vt 0.430400 0.453600
vt 0.336800 0.453600
vt 0.340200 0.414600
vt 0.427000 0.414600
vt 0.184400 0.274300
vt 0.031700 0.274300
vt 0.031700 0.434400
vt 0.184400 0.434400
vt 0.201500 0.452300
vt 0.014600 0.452300
vt 0.014600 0.256400
vt 0.201500 0.256400
vt 0.208500 0.459100
vt 0.007600 0.459100
vt 0.007600 0.249600
vt 0.208500 0.249600
vt 0.365900 0.009100
vt 0.505500 0.009100
vt 0.505500 0.035600
vt 0.365900 0.035600
vt 0.505500 0.137800
vt 0.505500 0.172900
vt 0.357000 0.172900
vt 0.357000 0.137800
vt 0.540600 0.137800
vt 0.532000 0.035600
vt 0.086300 0.027600
vt 0.087000 0.026000
vt 0.088600 0.025300
vt 0.091000 0.027600
vt 0.088600 0.029900
vt 0.090300 0.029300
vt 0.090300 0.026000
vt 0.087000 0.029300
vt 0.511900 0.545500
vt 0.516300 0.547400
vt 0.520800 0.545500
vt 0.511900 0.536600
vt 0.510000 0.541100
vt 0.522700 0.541100
vt 0.520800 0.536600
vt 0.516300 0.534800
vt 0.507000 0.531800
vt 0.516300 0.527900
vt 0.525700 0.531800
vt 0.529500 0.541100
vt 0.525700 0.550400
vt 0.516300 0.554300
vt 0.507000 0.550400
vt 0.503200 0.541100
vt 0.503000 0.527700
vt 0.516300 0.522200
vt 0.529700 0.527700
vt 0.535200 0.541100
vt 0.529700 0.554400
vt 0.516300 0.560000
vt 0.503000 0.554400
vt 0.497500 0.541100
vt 0.688600 0.387500
vt 0.688600 0.387100
vt 0.692200 0.387000
vt 0.692200 0.387400
vt 0.101300 0.774700
vt 0.116800 0.759200
vt 0.101300 0.759200
vt 0.109100 0.756000
vt 0.109100 0.746000
vt 0.123900 0.752100
vt 0.130000 0.767000
vt 0.120000 0.767000
vt 0.123900 0.781800
vt 0.094200 0.781800
vt 0.088100 0.767000
vt 0.098100 0.767000
vt 0.094200 0.752100
vt 0.935600 0.969300
vt 0.905500 0.968300
vt 0.906500 0.938300
vt 0.936600 0.939300
vt 0.908300 0.887600
vt 0.938300 0.888600
vt 0.910000 0.832800
vt 0.940100 0.837900
vt 0.911000 0.806900
vt 0.941100 0.807900
vt 0.945200 0.793400
vt 0.915600 0.793900
vt 0.915100 0.762800
vt 0.944700 0.762300
vt 0.914400 0.716600
vt 0.943900 0.716200
vt 0.913600 0.670500
vt 0.943200 0.670000
vt 0.913100 0.639400
vt 0.942700 0.638900
vt 0.701300 0.410300
vt 0.700700 0.411200
vt 0.699100 0.411900
vt 0.701300 0.407000
vt 0.691800 0.406200
vt 0.691900 0.409500
vt 0.694200 0.411500
vt 0.696600 0.411900
vt 0.692500 0.410600
vt 0.459600 0.633300
vt 0.442400 0.633700
vt 0.470400 0.625200
vt 0.449500 0.636800
vt 0.439900 0.638000
vt 0.449200 0.633200
vt 0.428500 0.640000
vt 0.448100 0.628900
vt 0.417700 0.635300
vt 0.429800 0.626600
vt 0.433300 0.629700
vt 0.450900 0.624700
vt 0.463800 0.625500
vt 0.470300 0.621200
vt 0.461300 0.628600
vt 0.461000 0.632600
vt 0.451300 0.620200
vt 0.430600 0.640400
vt 0.412800 0.638200
vt 0.594500 0.429800
vt 0.588500 0.444900
vt 0.573000 0.457400
vt 0.594900 0.378500
vt 0.506000 0.378500
vt 0.506100 0.374200
vt 0.505500 0.429800
vt 0.527000 0.457400
vt 0.550000 0.460400
vt 0.511500 0.444900
vt 0.555600 0.267200
vt 0.708400 0.106200
vt 0.724900 0.096000
vt 0.746000 0.095100
vt 0.767900 0.108000
vt 0.782000 0.129300
vt 0.782200 0.150400
vt 0.772900 0.167400
vt 0.620100 0.328400
vt 0.615700 0.333100
vt 0.551200 0.271800
vt 0.611100 0.337900
vt 0.546600 0.276700
vt 0.603500 0.344200
vt 0.540700 0.284600
vt 0.595100 0.370000
vt 0.506100 0.370000
vt 0.595000 0.374200
vt 0.698600 0.410200
vt 0.697300 0.410600
vt 0.695700 0.410500
vt 0.694400 0.409800
vt 0.693900 0.408900
vt 0.698600 0.408400
vt 0.699000 0.409300
vt 0.695700 0.407600
vt 0.697300 0.407700
vt 0.694400 0.408000
vt 0.221100 0.451600
vt 0.213900 0.451000
vt 0.221100 0.337000
vt 0.213900 0.214600
vt 0.305400 0.337000
vt 0.320000 0.205400
vt 0.320000 0.460200
vt 0.305400 0.459000
vt 0.287400 0.184500
vt 0.288800 0.201400
vt 0.008100 0.201400
vt 0.254400 0.184500
vt 0.018200 0.079400
vt 0.254400 0.087700
vt 0.279300 0.087700
vt 0.278700 0.079400
vt 0.585400 0.564000
vt 0.586000 0.563800
vt 0.586500 0.563200
vt 0.585500 0.564500
vt 0.586100 0.564300
vt 0.584900 0.564300
vt 0.598700 0.562400
vt 0.594900 0.562100
vt 0.590800 0.562200
vt 0.588400 0.562500
vt 0.588400 0.562300
vt 0.586600 0.563000
vt 0.586000 0.563600
vt 0.586100 0.564000
vt 0.584900 0.564100
vt 0.584800 0.563900
vt 0.586000 0.563200
vt 0.588200 0.562400
vt 0.590600 0.562100
vt 0.588200 0.562000
vt 0.586200 0.562700
vt 0.585400 0.563400
vt 0.585500 0.563900
vt 0.584800 0.563600
vt 0.585600 0.563000
vt 0.588000 0.562100
vt 0.590400 0.561600
vt 0.588000 0.561900
vt 0.585700 0.562700
vt 0.691100 0.560900
vt 0.689500 0.560600
vt 0.687300 0.561900
vt 0.690800 0.558800
vt 0.689200 0.558700
vt 0.692400 0.558600
vt 0.683000 0.563100
vt 0.682300 0.562900
vt 0.688500 0.562000
vt 0.691100 0.560200
vt 0.690800 0.558500
vt 0.692700 0.560500
vt 0.688500 0.562700
vt 0.683000 0.563800
vt 0.676100 0.562200
vt 0.675800 0.563200
vt 0.683600 0.564100
vt 0.675500 0.563500
vt 0.689700 0.562800
vt 0.662400 0.565400
vt 0.663300 0.566400
vt 0.657800 0.564000
vt 0.655900 0.564500
vt 0.661400 0.566700
vt 0.654900 0.563900
vt 0.660400 0.566000
vt 0.656800 0.563300
vt 0.657900 0.562700
vt 0.656100 0.563000
vt 0.659300 0.562300
vt 0.658600 0.561300
vt 0.663100 0.561100
vt 0.663400 0.560800
vt 0.675800 0.562500
vt 0.662800 0.562200
vt 0.660600 0.562100
vt 0.656800 0.561700
vt 0.655100 0.562000
vt 0.659900 0.561000
vt 0.663100 0.561900
vt 0.586200 0.641800
vt 0.586200 0.647100
vt 0.549500 0.647100
vt 0.549500 0.645500
vt 0.586200 0.645500
vt 0.549500 0.614200
vt 0.586200 0.614200
vt 0.549500 0.610600
vt 0.586200 0.610600
vt 0.549500 0.605000
vt 0.586200 0.605000
vt 0.549500 0.595300
vt 0.586200 0.595300
vt 0.549500 0.593700
vt 0.586200 0.593700
vt 0.549500 0.594100
vt 0.586200 0.594100
vt 0.549500 0.615100
vt 0.586200 0.615100
vt 0.549500 0.617400
vt 0.586200 0.617400
vt 0.549500 0.628100
vt 0.549500 0.640700
vt 0.549500 0.627800
vt 0.549500 0.618000
vt 0.549500 0.616400
vt 0.549500 0.595600
vt 0.549500 0.596900
vt 0.549500 0.606100
vt 0.549500 0.613100
vt 0.586200 0.606100
vt 0.586200 0.596900
vt 0.586200 0.595600
vt 0.586200 0.616400
vt 0.586200 0.618000
vt 0.586200 0.627800
vt 0.586200 0.640700
vt 0.586200 0.645100
vt 0.586200 0.628100
vt 0.549500 0.641800
vt 0.549500 0.645100
vt 0.586200 0.643900
vt 0.549500 0.643900
vt 0.586200 0.613100
vt 0.437100 0.750500
vt 0.437100 0.741700
vt 0.697400 0.741700
vt 0.697400 0.750500
vt 0.697400 0.896200
vt 0.437100 0.896200
vt 0.437100 0.905000
vt 0.697400 0.905000
vt 0.697400 0.894600
vt 0.697400 0.903400
vt 0.437100 0.903400
vt 0.437100 0.894600
vt 0.697400 0.748900
vt 0.437100 0.748900
vt 0.697400 0.740000
vt 0.437100 0.740000
vt 0.591900 0.609400
vt 0.622900 0.609400
vt 0.622500 0.644500
vt 0.591800 0.607600
vt 0.622900 0.607600
vt 0.591800 0.606500
vt 0.622900 0.606500
vt 0.591800 0.605700
vt 0.622900 0.605700
vt 0.591800 0.601800
vt 0.591600 0.601900
vt 0.591600 0.596100
vt 0.591600 0.608300
vt 0.591800 0.607900
vt 0.591800 0.606200
vt 0.591800 0.605400
vt 0.591800 0.604700
vt 0.622900 0.604700
vt 0.622900 0.605400
vt 0.622900 0.606200
vt 0.622900 0.607900
vt 0.622600 0.596100
vt 0.622900 0.595600
vt 0.622800 0.592500
vt 0.622700 0.601900
vt 0.622700 0.608300
vt 0.592000 0.643900
vt 0.592000 0.644500
vt 0.592000 0.644600
vt 0.622500 0.644600
vt 0.622500 0.631200
vt 0.622500 0.630600
vt 0.622500 0.623300
vt 0.592000 0.626400
vt 0.592000 0.623600
vt 0.591900 0.623300
vt 0.591900 0.606200
vt 0.622500 0.603100
vt 0.622800 0.593600
vt 0.622500 0.643900
vt 0.592000 0.644000
vt 0.592000 0.634300
vt 0.622500 0.623600
vt 0.622500 0.620500
vt 0.592000 0.606800
vt 0.591800 0.593600
vt 0.622600 0.593300
vt 0.622500 0.644000
vt 0.592000 0.633700
vt 0.592000 0.626700
vt 0.622500 0.620200
vt 0.622500 0.603700
vt 0.591600 0.594400
vt 0.591800 0.592600
vt 0.622600 0.594300
vt 0.591600 0.593400
vt 0.591800 0.595600
vt 0.622900 0.601800
vt 0.761300 0.631300
vt 0.785000 0.540900
vt 0.761600 0.540200
vt 0.770300 0.514500
vt 0.787500 0.533800
vt 0.793300 0.529400
vt 0.793300 0.503600
vt 0.842700 0.504100
vt 0.842700 0.529800
vt 0.860500 0.532800
vt 0.866700 0.507800
vt 0.870100 0.538400
vt 0.891000 0.525000
vt 0.873300 0.552000
vt 0.897400 0.551400
vt 0.897400 0.939000
vt 0.873300 0.939600
vt 0.876400 0.972900
vt 0.900500 0.972300
vt 0.995100 0.256700
vt 0.994000 0.394800
vt 0.984400 0.388500
vt 0.985400 0.250400
vt 0.960900 0.385800
vt 0.962000 0.247700
vt 0.816400 0.301500
vt 0.917000 0.399000
vt 0.900300 0.416300
vt 0.799700 0.318800
vt 0.883800 0.437000
vt 0.783200 0.339500
vt 0.880100 0.447900
vt 0.779500 0.350400
vt 0.737000 0.637300
vt 0.710900 0.638000
vt 0.706000 0.607600
vt 0.732000 0.606800
vt 0.706300 0.506100
vt 0.732400 0.505400
vt 0.716100 0.476900
vt 0.735200 0.497300
vt 0.739900 0.493600
vt 0.741600 0.463300
vt 0.929300 0.491200
vt 0.929300 0.462500
vt 0.956100 0.468000
vt 0.949200 0.495600
vt 0.983300 0.488500
vt 0.959900 0.502300
vt 0.990500 0.518300
vt 0.963500 0.517700
vt 0.990500 0.950500
vt 0.963500 0.949900
vt 0.987200 0.987600
vt 0.960200 0.987000
vt 0.629200 0.615800
vt 0.629200 0.613500
vt 0.693000 0.613500
vt 0.693000 0.592400
vt 0.629200 0.592400
vt 0.693000 0.592000
vt 0.629200 0.592000
vt 0.693000 0.593600
vt 0.629200 0.593600
vt 0.693000 0.603300
vt 0.629200 0.603300
vt 0.693000 0.608900
vt 0.629200 0.608900
vt 0.693000 0.612500
vt 0.629200 0.612500
vt 0.693000 0.643900
vt 0.629200 0.643900
vt 0.693000 0.645500
vt 0.693000 0.640200
vt 0.629200 0.640200
vt 0.693000 0.626500
vt 0.629200 0.639100
vt 0.629200 0.626500
vt 0.693000 0.615800
vt 0.693000 0.611400
vt 0.693000 0.642300
vt 0.693000 0.643500
vt 0.693000 0.639100
vt 0.693000 0.626100
vt 0.693000 0.616300
vt 0.693000 0.614700
vt 0.629200 0.626100
vt 0.629200 0.616300
vt 0.629200 0.614700
vt 0.629200 0.593900
vt 0.693000 0.593900
vt 0.629200 0.595200
vt 0.629200 0.611400
vt 0.612100 0.549300
vt 0.612200 0.550200
vt 0.608300 0.550300
vt 0.624500 0.548000
vt 0.623800 0.547900
vt 0.639900 0.544700
vt 0.640400 0.545500
vt 0.653100 0.541500
vt 0.654000 0.541500
vt 0.663700 0.539400
vt 0.663500 0.538600
vt 0.671600 0.538000
vt 0.671600 0.537800
vt 0.678100 0.538400
vt 0.677900 0.539300
vt 0.686800 0.541700
vt 0.686200 0.541900
vt 0.608200 0.550200
vt 0.608200 0.549500
vt 0.612000 0.549200
vt 0.624500 0.548700
vt 0.640900 0.545600
vt 0.653100 0.540800
vt 0.663300 0.538500
vt 0.671600 0.538700
vt 0.677600 0.539400
vt 0.686800 0.541300
vt 0.608100 0.549300
vt 0.612100 0.550100
vt 0.625200 0.548800
vt 0.640400 0.544800
vt 0.652200 0.540900
vt 0.663500 0.539300
vt 0.671600 0.538800
vt 0.677900 0.538500
vt 0.687400 0.541100
vt 0.544200 0.601300
vt 0.544200 0.602100
vt 0.544200 0.602900
vt 0.523500 0.601300
vt 0.523500 0.602100
vt 0.523500 0.602300
vt 0.523500 0.614500
vt 0.544300 0.614500
vt 0.544300 0.616000
vt 0.544300 0.628000
vt 0.523600 0.628000
vt 0.523600 0.642400
vt 0.523600 0.641700
vt 0.523600 0.645000
vt 0.544300 0.645000
vt 0.544300 0.645200
vt 0.544300 0.646200
vt 0.544300 0.643100
vt 0.523500 0.643100
vt 0.523500 0.613900
vt 0.523600 0.616000
vt 0.544300 0.627600
vt 0.544300 0.642400
vt 0.523600 0.645900
vt 0.523600 0.645200
vt 0.544300 0.637800
vt 0.523500 0.637800
vt 0.523500 0.630500
vt 0.523500 0.630000
vt 0.523600 0.627600
vt 0.544300 0.641700
vt 0.544300 0.645900
vt 0.523600 0.646200
vt 0.523500 0.642400
vt 0.544300 0.637300
vt 0.544200 0.630500
vt 0.523500 0.626200
vt 0.523500 0.626000
vt 0.523500 0.621500
vt 0.544200 0.621500
vt 0.523500 0.637300
vt 0.544200 0.630000
vt 0.544200 0.626200
vt 0.523500 0.621300
vt 0.523500 0.617500
vt 0.544200 0.617500
vt 0.544200 0.616800
vt 0.544200 0.625900
vt 0.544200 0.621300
vt 0.523500 0.616900
vt 0.523500 0.602900
vt 0.544200 0.602200
vt 0.544300 0.613900
vt 0.500400 0.601400
vt 0.516800 0.601800
vt 0.501100 0.602000
vt 0.517600 0.602200
vt 0.501100 0.605600
vt 0.517600 0.605500
vt 0.501100 0.611600
vt 0.517600 0.611300
vt 0.500400 0.618100
vt 0.516800 0.617600
vt 0.495100 0.642000
vt 0.511500 0.641400
vt 0.494400 0.646000
vt 0.510900 0.645400
vt 0.494300 0.644800
vt 0.510800 0.644300
vt 0.494400 0.640000
vt 0.500400 0.600500
vt 0.501100 0.601200
vt 0.501100 0.605000
vt 0.501100 0.611500
vt 0.500400 0.618400
vt 0.495100 0.642600
vt 0.494400 0.646800
vt 0.494300 0.645600
vt 0.494400 0.640600
vt 0.494300 0.632600
vt 0.511500 0.616300
vt 0.510900 0.623400
vt 0.494400 0.624000
vt 0.510800 0.632000
vt 0.510900 0.640000
vt 0.510800 0.645000
vt 0.510900 0.646200
vt 0.511500 0.642000
vt 0.516800 0.617800
vt 0.517600 0.611200
vt 0.517600 0.605000
vt 0.517600 0.601500
vt 0.494300 0.632400
vt 0.494400 0.624200
vt 0.495100 0.616800
vt 0.516800 0.601000
vt 0.510800 0.639400
vt 0.510800 0.631800
vt 0.484200 0.617900
vt 0.484300 0.641200
vt 0.500700 0.641200
vt 0.500700 0.645700
vt 0.484300 0.645700
vt 0.500700 0.644800
vt 0.484300 0.644800
vt 0.500700 0.640000
vt 0.484300 0.640000
vt 0.500700 0.632100
vt 0.484300 0.632200
vt 0.500700 0.623500
vt 0.484300 0.623500
vt 0.500700 0.616200
vt 0.484300 0.616200
vt 0.500700 0.601000
vt 0.484200 0.601100
vt 0.500700 0.601500
vt 0.484200 0.601500
vt 0.500700 0.605000
vt 0.484200 0.605000
vt 0.500700 0.611200
vt 0.484200 0.601900
vt 0.484200 0.602300
vt 0.484200 0.605600
vt 0.484200 0.611200
vt 0.500700 0.617900
vt 0.500700 0.640600
vt 0.500700 0.617600
vt 0.500700 0.611400
vt 0.500700 0.605600
vt 0.500700 0.602300
vt 0.500700 0.601800
vt 0.500700 0.616800
vt 0.500700 0.623700
vt 0.500700 0.631900
vt 0.500700 0.639400
vt 0.500700 0.644000
vt 0.500700 0.644900
vt 0.484200 0.611400
vt 0.484300 0.616800
vt 0.484300 0.623700
vt 0.484300 0.632000
vt 0.484300 0.639400
vt 0.484300 0.644000
vt 0.484300 0.644900
vt 0.484300 0.640600
vt 0.484200 0.617600
s 1
usemtl toolgun
f 26/1/26 27/2/27 28/3/28
f 185/4/185 186/5/186 187/5/187
f 533/6/532 534/7/533 535/8/534
f 552/9/551 553/10/552 554/11/553
f 633/12/627 634/13/628 635/14/629
f 665/15/659 666/16/660 667/17/661
f 734/18/728 735/19/729 736/20/730
f 766/21/760 767/22/761 768/23/762
f 874/24/868 875/25/869 876/26/870
f 980/27/971 981/28/972 982/29/973
f 1/30/1 297/31/297 2/30/2
f 4/32/4 377/33/376 3/34/3
f 3/34/3 711/35/705 4/32/4
f 256/36/256 274/37/274 6/38/6
f 256/36/256 255/39/255 274/37/274
f 5/40/5 279/41/279 288/42/288
f 6/38/6 5/40/5 288/42/288
f 7/43/7 6/38/6 288/42/288
f 7/43/7 8/44/8 6/38/6
f 8/44/8 256/36/256 6/38/6
f 8/44/8 290/45/290 256/36/256
f 6/38/6 272/46/272 5/40/5
f 272/46/272 271/47/271 5/40/5
f 18/48/18 19/49/19 9/50/9
f 62/51/62 13/52/13 9/50/9
f 16/53/16 9/50/9 13/52/13
f 9/50/9 16/53/16 18/48/18
f 10/54/10 18/48/18 16/53/16
f 56/55/56 31/56/31 57/57/57
f 12/58/12 57/57/57 31/56/31
f 31/56/31 11/59/11 12/58/12
f 62/51/62 12/58/12 11/59/11
f 11/59/11 27/2/27 62/51/62
f 62/51/62 27/2/27 26/1/26
f 26/1/26 13/52/13 62/51/62
f 14/60/14 13/52/13 26/1/26
f 13/52/13 14/60/14 16/53/16
f 15/61/15 16/53/16 14/60/14
f 16/53/16 15/61/15 10/54/10
f 17/62/17 10/54/10 15/61/15
f 18/48/18 10/54/10 17/62/17
f 64/63/64 18/48/18 17/62/17
f 64/63/64 19/49/19 18/48/18
f 19/49/19 64/63/64 20/64/20
f 20/64/20 9/50/9 19/49/19
f 9/50/9 20/64/20 62/51/62
f 21/65/21 37/66/37 49/67/49
f 49/67/49 22/68/22 21/65/21
f 22/68/22 49/67/49 47/69/47
f 47/69/47 23/70/23 22/68/22
f 17/62/17 23/70/23 47/69/47
f 23/70/23 17/62/17 24/71/24
f 15/61/15 24/71/24 17/62/17
f 24/71/24 15/61/15 32/72/32
f 14/60/14 32/72/32 15/61/15
f 32/72/32 14/60/14 46/73/46
f 26/1/26 46/73/46 14/60/14
f 46/73/46 26/1/26 25/74/25
f 28/3/28 25/74/25 26/1/26
f 30/75/30 28/3/28 27/2/27
f 27/2/27 11/59/11 30/75/30
f 29/76/29 30/75/30 11/59/11
f 11/59/11 31/56/31 29/76/29
f 24/71/24 22/68/22 23/70/23
f 32/72/32 34/77/34 24/71/24
f 22/68/22 24/71/24 34/77/34
f 34/77/34 21/65/21 22/68/22
f 46/73/46 33/78/33 32/72/32
f 34/77/34 32/72/32 33/78/33
f 33/78/33 35/79/35 34/77/34
f 21/65/21 34/77/34 35/79/35
f 35/79/35 36/80/36 21/65/21
f 37/66/37 21/65/21 36/80/36
f 36/80/36 51/81/51 37/66/37
f 39/82/39 29/76/29 31/56/31
f 31/56/31 56/55/56 39/82/39
f 38/83/38 39/82/39 56/55/56
f 56/55/56 40/84/40 38/83/38
f 185/85/185 38/83/38 40/84/40
f 40/84/40 55/86/55 185/85/185
f 186/87/186 185/85/185 55/86/55
f 55/86/55 41/88/41 186/87/186
f 187/89/187 186/87/186 41/88/41
f 41/88/41 42/90/42 187/89/187
f 43/91/43 187/89/187 42/90/42
f 42/90/42 51/81/51 43/91/43
f 44/92/44 43/91/43 51/81/51
f 51/81/51 36/80/36 44/92/44
f 183/93/183 44/92/44 36/80/36
f 36/80/36 35/79/35 183/93/183
f 184/94/184 183/93/183 35/79/35
f 35/79/35 33/78/33 184/94/184
f 45/95/45 184/94/184 33/78/33
f 33/78/33 46/73/46 45/95/45
f 25/74/25 45/95/45 46/73/46
f 17/62/17 68/96/68 73/97/73
f 17/62/17 47/69/47 68/96/68
f 47/69/47 48/98/48 68/96/68
f 48/98/48 47/69/47 49/67/49
f 49/67/49 69/99/69 48/98/48
f 69/99/69 49/67/49 37/66/37
f 37/66/37 50/100/50 69/99/69
f 50/100/50 37/66/37 51/81/51
f 51/81/51 42/90/42 50/100/50
f 52/101/52 50/100/50 42/90/42
f 42/90/42 41/88/41 52/101/52
f 53/102/53 52/101/52 41/88/41
f 41/88/41 55/86/55 53/102/53
f 54/103/54 53/102/53 55/86/55
f 55/86/55 40/84/40 54/103/54
f 59/104/59 54/103/54 40/84/40
f 40/84/40 56/55/56 59/104/59
f 57/57/57 59/104/59 56/55/56
f 58/105/58 69/99/69 50/100/50
f 50/100/50 52/101/52 58/105/58
f 65/106/65 58/105/58 52/101/52
f 52/101/52 53/102/53 65/106/65
f 66/107/66 65/106/65 53/102/53
f 53/102/53 54/103/54 66/107/66
f 61/108/61 66/107/66 54/103/54
f 54/103/54 59/104/59 61/108/61
f 60/109/60 61/108/61 59/104/59
f 59/104/59 57/57/57 60/109/60
f 63/110/63 60/109/60 57/57/57
f 57/57/57 12/58/12 63/110/63
f 12/58/12 62/51/62 20/64/20
f 20/64/20 63/110/63 12/58/12
f 63/110/63 20/64/20 64/63/64
f 64/63/64 70/111/70 63/110/63
f 60/109/60 63/110/63 70/111/70
f 70/111/70 72/112/72 60/109/60
f 61/108/61 60/109/60 72/112/72
f 72/112/72 71/113/71 61/108/61
f 66/107/66 61/108/61 71/113/71
f 71/113/71 73/97/73 66/107/66
f 65/106/65 66/107/66 73/97/73
f 73/97/73 67/114/67 65/106/65
f 58/105/58 65/106/65 67/114/67
f 67/114/67 68/96/68 58/105/58
f 69/99/69 58/105/58 68/96/68
f 68/96/68 48/98/48 69/99/69
f 68/96/68 67/114/67 73/97/73
f 72/112/72 70/111/70 64/63/64
f 71/113/71 72/112/72 73/97/73
f 72/112/72 64/63/64 73/97/73
f 64/63/64 17/62/17 73/97/73
f 75/115/75 76/116/76 74/117/74
f 75/115/75 97/118/97 76/116/76
f 81/119/81 74/117/74 76/116/76
f 77/120/77 74/117/74 81/119/81
f 77/120/77 75/115/75 74/117/74
f 77/120/77 86/121/86 75/115/75
f 78/122/78 75/115/75 86/121/86
f 86/121/86 79/123/79 78/122/78
f 82/124/82 78/122/78 79/123/79
f 79/123/79 80/125/80 82/124/82
f 81/119/81 88/126/88 77/120/77
f 78/122/78 748/127/742 75/115/75
f 749/128/743 748/127/742 78/122/78
f 78/122/78 82/124/82 749/128/743
f 83/129/83 749/128/743 82/124/82
f 82/124/82 574/130/84 83/129/83
f 574/130/84 82/124/82 80/125/80
f 80/125/80 84/131/84 574/130/84
f 347/132/346 84/131/84 80/125/80
f 80/125/80 348/133/347 347/132/346
f 348/133/347 80/125/80 79/123/79
f 79/123/79 85/134/85 348/133/347
f 86/121/86 85/134/85 79/123/79
f 85/134/85 86/121/86 89/135/89
f 86/121/86 77/120/77 89/135/89
f 77/120/77 87/136/87 89/135/89
f 77/120/77 88/126/88 87/136/87
f 91/137/91 87/136/87 88/126/88
f 91/137/91 88/126/88 81/119/81
f 89/135/89 87/136/87 90/138/90
f 90/138/90 87/136/87 91/137/91
f 91/137/91 92/139/92 90/138/90
f 92/139/92 91/137/91 94/140/94
f 91/137/91 93/141/93 94/140/94
f 94/140/94 93/141/93 95/142/95
f 94/140/94 95/142/95 96/143/96
f 96/143/96 139/144/139 94/140/94
f 139/144/139 96/143/96 140/145/140
f 94/140/94 139/144/139 92/139/92
f 91/137/91 81/119/81 93/141/93
f 76/116/76 93/141/93 81/119/81
f 95/142/95 93/141/93 76/116/76
f 97/118/97 95/142/95 76/116/76
f 96/143/96 95/142/95 97/118/97
f 97/118/97 98/146/98 96/143/96
f 140/145/140 96/143/96 98/146/98
f 98/146/98 99/147/99 140/145/140
f 141/148/141 140/145/140 99/147/99
f 99/147/99 100/149/100 141/148/141
f 146/150/146 141/148/141 100/149/100
f 100/149/100 109/151/109 146/150/146
f 109/151/109 101/152/101 146/150/146
f 109/151/109 102/153/102 101/152/101
f 102/153/102 315/154/315 101/152/101
f 315/154/315 103/155/103 101/152/101
f 103/155/103 315/154/315 307/156/307
f 307/156/307 144/157/144 103/155/103
f 109/151/109 104/158/104 102/153/102
f 104/158/104 647/159/641 102/153/102
f 105/160/105 705/161/699 107/162/107
f 107/162/107 106/163/106 105/160/105
f 106/163/106 107/162/107 647/159/641
f 647/159/641 104/158/104 106/163/106
f 108/164/108 106/163/106 104/158/104
f 104/158/104 109/151/109 108/164/108
f 111/165/111 108/164/108 109/151/109
f 109/151/109 100/149/100 111/165/111
f 110/166/110 111/165/111 100/149/100
f 100/149/100 99/147/99 110/166/110
f 113/167/113 110/166/110 99/147/99
f 99/147/99 98/146/98 113/167/113
f 112/168/112 113/167/113 98/146/98
f 98/146/98 97/118/97 112/168/112
f 748/127/742 112/168/112 97/118/97
f 97/118/97 75/115/75 748/127/742
f 112/168/112 748/127/742 710/169/704
f 710/169/704 708/170/702 112/168/112
f 113/167/113 112/168/112 708/170/702
f 708/170/702 114/171/114 113/167/113
f 110/166/110 113/167/113 114/171/114
f 114/171/114 707/172/701 110/166/110
f 111/165/111 110/166/110 707/172/701
f 707/172/701 115/173/115 111/165/111
f 108/164/108 111/165/111 115/173/115
f 115/173/115 706/174/700 108/164/108
f 106/163/106 108/164/108 706/174/700
f 706/174/700 105/160/105 106/163/106
f 387/30/386 219/30/219 116/31/116
f 117/175/117 120/176/120 142/177/142
f 142/177/142 143/178/143 117/175/117
f 118/179/118 117/175/117 143/178/143
f 124/180/124 117/175/117 118/179/118
f 120/176/120 117/175/117 124/180/124
f 124/180/124 119/181/119 120/176/120
f 125/182/125 119/181/119 124/180/124
f 119/181/119 125/182/125 130/183/130
f 121/184/121 130/183/130 125/182/125
f 130/183/130 121/184/121 129/185/129
f 307/156/307 122/186/122 144/157/144
f 118/179/118 144/157/144 122/186/122
f 122/186/122 123/187/123 118/179/118
f 118/179/118 123/187/123 124/180/124
f 132/188/132 124/180/124 123/187/123
f 124/180/124 132/188/132 125/182/125
f 126/189/126 125/182/125 132/188/132
f 125/182/125 126/189/126 121/184/121
f 127/190/127 121/184/121 126/189/126
f 121/184/121 127/190/127 128/191/128
f 128/191/128 129/185/129 121/184/121
f 129/185/129 128/191/128 349/192/348
f 349/192/348 85/134/85 129/185/129
f 89/135/89 129/185/129 85/134/85
f 129/185/129 89/135/89 130/183/130
f 90/138/90 130/183/130 89/135/89
f 130/183/130 90/138/90 119/181/119
f 119/181/119 90/138/90 92/139/92
f 126/189/126 131/193/131 127/190/127
f 131/193/131 126/189/126 134/194/134
f 132/188/132 134/194/134 126/189/126
f 134/194/134 132/188/132 135/195/135
f 123/187/123 135/195/135 132/188/132
f 135/195/135 123/187/123 122/186/122
f 135/195/135 122/186/122 381/196/380
f 381/196/380 122/186/122 307/156/307
f 134/194/134 133/197/133 131/193/131
f 133/197/133 134/194/134 137/198/137
f 135/195/135 137/198/137 134/194/134
f 137/198/137 135/195/135 136/199/136
f 135/195/135 381/196/380 136/199/136
f 136/199/136 381/196/380 380/200/379
f 138/201/138 136/199/136 380/200/379
f 380/200/379 382/202/381 138/201/138
f 712/203/706 138/201/138 382/202/381
f 382/202/381 713/204/707 712/203/706
f 137/198/137 714/205/708 133/197/133
f 714/205/708 137/198/137 138/201/138
f 136/199/136 138/201/138 137/198/137
f 138/201/138 712/203/706 714/205/708
f 92/139/92 120/176/120 119/181/119
f 120/176/120 92/139/92 139/144/139
f 139/144/139 142/177/142 120/176/120
f 140/145/140 142/177/142 139/144/139
f 142/177/142 140/145/140 141/148/141
f 141/148/141 143/178/143 142/177/142
f 145/206/145 143/178/143 141/148/141
f 143/178/143 145/206/145 118/179/118
f 144/157/144 118/179/118 145/206/145
f 145/206/145 103/155/103 144/157/144
f 101/152/101 103/155/103 145/206/145
f 145/206/145 146/150/146 101/152/101
f 141/148/141 146/150/146 145/206/145
f 164/207/164 161/208/161 151/209/151
f 164/207/164 151/209/151 147/210/147
f 165/211/165 164/207/164 147/210/147
f 151/209/151 158/212/158 148/212/148
f 148/212/148 149/209/149 150/208/150
f 151/209/151 148/212/148 150/208/150
f 151/209/151 150/208/150 166/213/166
f 151/209/151 166/213/166 147/210/147
f 166/213/166 152/214/152 147/210/147
f 167/211/167 153/207/153 182/215/182
f 154/216/154 182/215/182 153/207/153
f 153/207/153 150/208/150 154/216/154
f 155/217/155 154/216/154 150/208/150
f 150/208/150 149/209/149 155/217/155
f 156/218/156 155/217/155 149/209/149
f 149/209/149 148/212/148 156/218/156
f 157/218/157 156/218/156 148/212/148
f 148/212/148 158/212/158 157/218/157
f 159/217/159 157/218/157 158/212/158
f 158/212/158 151/209/151 159/217/159
f 160/216/160 159/217/159 151/209/151
f 151/209/151 161/208/161 160/216/160
f 162/215/162 160/216/160 161/208/161
f 161/208/161 164/207/164 162/215/162
f 163/219/163 162/215/162 164/207/164
f 164/207/164 165/211/165 163/219/163
f 168/220/168 163/219/163 165/211/165
f 174/221/174 173/221/173 166/213/166
f 178/214/178 174/221/174 166/213/166
f 150/208/150 178/214/178 166/213/166
f 150/208/150 167/211/167 178/214/178
f 150/208/150 153/207/153 167/211/167
f 178/214/178 176/213/176 174/221/174
f 167/211/167 180/210/180 178/214/178
f 165/211/165 147/210/147 168/220/168
f 169/222/169 168/220/168 147/210/147
f 147/210/147 152/214/152 169/222/169
f 170/223/170 169/222/169 152/214/152
f 152/214/152 166/213/166 170/223/170
f 171/224/171 170/223/170 166/213/166
f 166/213/166 173/221/173 171/224/171
f 172/224/172 171/224/171 173/221/173
f 173/221/173 174/221/174 172/224/172
f 175/223/175 172/224/172 174/221/174
f 174/221/174 176/213/176 175/223/175
f 177/222/177 175/223/175 176/213/176
f 176/213/176 178/214/178 177/222/177
f 179/220/179 177/222/177 178/214/178
f 178/214/178 180/210/180 179/220/179
f 181/219/181 179/220/179 180/210/180
f 180/210/180 167/211/167 181/219/181
f 182/215/182 181/219/181 167/211/167
f 30/225/30 29/226/29 39/227/39
f 184/226/184 30/225/30 39/227/39
f 184/226/184 25/228/25 30/225/30
f 184/226/184 45/225/45 25/228/25
f 25/228/25 28/228/28 30/225/30
f 44/229/44 183/227/183 184/226/184
f 187/5/187 44/229/44 184/226/184
f 187/5/187 184/226/184 39/227/39
f 185/4/185 187/5/187 39/227/39
f 38/229/38 185/4/185 39/227/39
f 187/5/187 43/4/43 44/229/44
f 190/230/190 188/231/188 189/232/189
f 1130/233/1121 190/230/190 189/232/189
f 1130/233/1121 1131/234/1122 190/230/190
f 191/235/191 1129/236/1120 1130/233/1121
f 191/235/191 1130/233/1121 189/232/189
f 1125/237/1116 191/235/191 189/232/189
f 1126/238/1117 1125/237/1116 189/232/189
f 1125/237/1116 192/239/192 191/235/191
f 193/240/193 212/241/212 205/241/205
f 205/241/205 194/240/194 193/240/193
f 203/242/203 193/243/193 194/244/194
f 203/242/203 194/244/194 197/245/197
f 195/246/195 203/242/203 197/245/197
f 195/246/195 197/245/197 198/247/198
f 198/247/198 202/248/202 195/246/195
f 202/248/202 198/247/198 200/247/200
f 200/247/200 201/248/201 202/248/202
f 194/244/194 196/249/196 197/245/197
f 194/250/194 205/251/205 206/252/206
f 206/252/206 196/253/196 194/250/194
f 197/245/197 196/253/196 206/252/206
f 206/252/206 209/254/209 197/245/197
f 197/245/197 209/254/209 211/255/211
f 211/255/211 198/247/198 197/245/197
f 198/247/198 211/255/211 199/255/199
f 199/255/199 200/247/200 198/247/198
f 200/247/200 199/255/199 210/256/210
f 210/256/210 201/248/201 200/247/200
f 201/248/201 210/256/210 208/256/208
f 208/256/208 202/248/202 201/248/201
f 202/248/202 208/256/208 207/257/207
f 207/257/207 195/246/195 202/248/202
f 203/258/203 195/246/195 207/257/207
f 207/257/207 204/259/204 203/258/203
f 193/260/193 203/258/203 204/259/204
f 204/259/204 212/261/212 193/260/193
f 212/262/212 206/263/206 205/264/205
f 212/262/212 207/257/207 206/263/206
f 207/257/207 209/254/209 206/263/206
f 209/254/209 207/257/207 208/256/208
f 208/256/208 211/255/211 209/254/209
f 211/255/211 208/256/208 210/256/210
f 210/256/210 199/255/199 211/255/211
f 212/262/212 204/265/204 207/257/207
f 218/266/218 220/267/220 216/268/216
f 232/269/232 225/270/225 222/271/222
f 214/272/214 222/271/222 225/270/225
f 225/270/225 213/273/213 214/272/214
f 215/274/215 213/273/213 225/270/225
f 213/273/213 215/274/215 216/268/216
f 217/275/217 216/268/216 215/274/215
f 216/268/216 217/275/217 218/266/218
f 218/266/218 217/275/217 116/276/116
f 219/277/219 218/266/218 116/276/116
f 220/267/220 218/266/218 219/277/219
f 219/277/219 416/278/415 220/267/220
f 220/267/220 416/278/415 415/279/414
f 415/279/414 420/280/419 220/267/220
f 220/267/220 420/280/419 221/281/221
f 221/281/221 216/268/216 220/267/220
f 216/268/216 221/281/221 213/273/213
f 222/271/222 214/272/214 230/282/230
f 223/283/223 236/284/236 224/285/224
f 224/285/224 229/286/229 223/283/223
f 235/287/235 223/283/223 229/286/229
f 229/286/229 227/288/227 235/287/235
f 232/269/232 235/287/235 227/288/227
f 227/288/227 225/270/225 232/269/232
f 225/270/225 227/288/227 215/274/215
f 226/289/226 215/274/215 227/288/227
f 215/274/215 226/289/226 217/275/217
f 295/290/295 217/275/217 226/289/226
f 217/275/217 295/290/295 116/276/116
f 227/288/227 229/286/229 226/289/226
f 228/291/228 226/289/226 229/286/229
f 229/286/229 224/285/224 228/291/228
f 226/289/226 228/291/228 295/290/295
f 230/282/230 239/292/239 240/271/240
f 240/271/240 231/293/231 230/282/230
f 230/282/230 231/293/231 222/271/222
f 242/294/242 222/271/222 231/293/231
f 222/271/222 242/294/242 232/269/232
f 233/295/233 232/269/232 242/294/242
f 235/287/235 232/269/232 233/295/233
f 233/295/233 234/296/234 235/287/235
f 223/283/223 235/287/235 234/296/234
f 234/296/234 237/297/237 223/283/223
f 236/284/236 223/283/223 237/297/237
f 237/297/237 293/298/293 236/284/236
f 239/292/239 300/273/300 238/270/238
f 238/270/238 240/271/240 239/292/239
f 240/271/240 238/270/238 246/269/246
f 246/269/246 241/294/241 240/271/240
f 231/293/231 240/271/240 241/294/241
f 241/294/241 243/299/243 231/293/231
f 231/293/231 243/299/243 242/294/242
f 249/300/249 242/294/242 243/299/243
f 242/294/242 249/300/249 233/295/233
f 251/301/251 233/295/233 249/300/249
f 234/296/234 233/295/233 251/301/251
f 251/301/251 253/302/253 234/296/234
f 237/297/237 234/296/234 253/302/253
f 253/302/253 244/303/244 237/297/237
f 293/298/293 237/297/237 244/303/244
f 244/303/244 245/304/245 293/298/293
f 302/288/302 303/287/303 246/269/246
f 261/295/261 246/269/246 303/287/303
f 241/294/241 246/269/246 261/295/261
f 261/295/261 247/300/247 241/294/241
f 243/299/243 241/294/241 247/300/247
f 247/300/247 248/305/248 243/299/243
f 243/299/243 248/305/248 249/300/249
f 250/306/250 249/300/249 248/305/248
f 249/300/249 250/306/250 251/301/251
f 257/307/257 251/301/251 250/306/250
f 253/302/253 251/301/251 257/307/257
f 257/307/257 252/308/252 253/302/253
f 244/303/244 253/302/253 252/308/252
f 252/308/252 254/309/254 244/303/244
f 245/304/245 244/303/244 254/309/254
f 254/309/254 291/310/291 245/304/245
f 286/311/286 245/304/245 291/310/291
f 291/310/291 289/312/289 286/311/286
f 291/310/291 254/309/254 290/313/290
f 256/314/256 290/313/290 254/309/254
f 254/309/254 252/308/252 256/314/256
f 255/315/255 256/314/256 252/308/252
f 252/308/252 257/307/257 255/315/255
f 255/315/255 257/307/257 258/316/258
f 250/306/250 258/316/258 257/307/257
f 258/316/258 250/306/250 269/317/269
f 248/305/248 269/317/269 250/306/250
f 259/306/259 269/317/269 248/305/248
f 248/305/248 247/300/247 259/306/259
f 260/301/260 259/306/259 247/300/247
f 247/300/247 261/295/261 260/301/260
f 260/301/260 261/295/261 266/296/266
f 303/287/303 266/296/266 261/295/261
f 266/296/266 303/287/303 262/283/262
f 263/286/263 262/283/262 303/287/303
f 262/283/262 263/286/263 281/285/281
f 281/285/281 264/284/264 262/283/262
f 265/297/265 262/283/262 264/284/264
f 262/283/262 265/297/265 266/296/266
f 270/302/270 266/296/266 265/297/265
f 266/296/266 270/302/270 260/301/260
f 267/307/267 260/301/260 270/302/270
f 259/306/259 260/301/260 267/307/267
f 267/307/267 268/316/268 259/306/259
f 269/317/269 259/306/259 268/316/268
f 268/316/268 273/318/273 269/317/269
f 269/317/269 273/318/273 258/316/258
f 274/319/274 258/316/258 273/318/273
f 258/316/258 274/319/274 255/315/255
f 264/284/264 284/298/284 265/297/265
f 275/303/275 265/297/265 284/298/284
f 265/297/265 275/303/275 270/302/270
f 276/308/276 270/302/270 275/303/275
f 270/302/270 276/308/276 267/307/267
f 271/315/271 267/307/267 276/308/276
f 268/316/268 267/307/267 271/315/271
f 271/315/271 272/319/272 268/316/268
f 273/318/273 268/316/268 272/319/272
f 272/319/272 6/320/6 273/318/273
f 273/318/273 6/320/6 274/319/274
f 284/298/284 277/304/277 275/303/275
f 278/309/278 275/303/275 277/304/277
f 275/303/275 278/309/278 276/308/276
f 5/314/5 276/308/276 278/309/278
f 276/308/276 5/314/5 271/315/271
f 277/304/277 287/310/287 278/309/278
f 279/313/279 278/309/278 287/310/287
f 278/309/278 279/313/279 5/314/5
f 287/310/287 288/321/288 279/313/279
f 696/322/690 294/323/294 292/290/292
f 296/291/296 292/290/292 294/323/294
f 294/323/294 280/324/280 296/291/296
f 281/285/281 296/291/296 280/324/280
f 280/324/280 282/325/282 281/285/281
f 264/284/264 281/285/281 282/325/282
f 282/325/282 283/326/283 264/284/264
f 284/298/284 264/284/264 283/326/283
f 283/326/283 285/327/285 284/298/284
f 277/304/277 284/298/284 285/327/285
f 285/327/285 286/311/286 277/304/277
f 287/310/287 277/304/277 286/311/286
f 286/311/286 289/312/289 287/310/287
f 288/321/288 287/310/287 289/312/289
f 289/312/289 7/328/7 288/321/288
f 8/321/8 7/328/7 289/312/289
f 289/312/289 291/310/291 8/321/8
f 290/313/290 8/321/8 291/310/291
f 292/290/292 297/276/297 696/322/690
f 245/304/245 286/311/286 285/327/285
f 285/327/285 293/298/293 245/304/245
f 293/298/293 285/327/285 283/326/283
f 283/326/283 236/284/236 293/298/293
f 236/284/236 283/326/283 282/325/282
f 282/325/282 224/285/224 236/284/236
f 224/285/224 282/325/282 280/324/280
f 280/324/280 228/291/228 224/285/224
f 228/291/228 280/324/280 294/323/294
f 294/323/294 295/290/295 228/291/228
f 295/290/295 294/323/294 696/322/690
f 696/322/690 116/276/116 295/290/295
f 296/291/296 281/285/281 263/286/263
f 263/286/263 304/289/304 296/291/296
f 292/290/292 296/291/296 304/289/304
f 304/289/304 305/275/305 292/290/292
f 297/276/297 292/290/292 305/275/305
f 297/276/297 305/275/305 298/266/298
f 2/277/2 297/276/297 298/266/298
f 299/267/299 2/277/2 298/266/298
f 2/277/2 299/267/299 648/278/642
f 653/279/647 648/278/642 299/267/299
f 299/267/299 655/280/649 653/279/647
f 657/281/651 655/280/649 299/267/299
f 299/267/299 306/268/306 657/281/651
f 300/273/300 657/281/651 306/268/306
f 306/268/306 301/274/301 300/273/300
f 238/270/238 300/273/300 301/274/301
f 301/274/301 302/288/302 238/270/238
f 246/269/246 238/270/238 302/288/302
f 303/287/303 302/288/302 263/286/263
f 304/289/304 263/286/263 302/288/302
f 302/288/302 301/274/301 304/289/304
f 305/275/305 304/289/304 301/274/301
f 301/274/301 306/268/306 305/275/305
f 298/266/298 305/275/305 306/268/306
f 306/268/306 299/267/299 298/266/298
f 754/329/748 731/330/725 346/331/345
f 346/331/345 753/332/747 754/329/748
f 753/332/747 346/331/345 709/333/703
f 709/333/703 750/334/744 753/332/747
f 381/335/380 307/336/307 383/337/382
f 308/338/308 307/336/307 315/339/315
f 383/337/382 307/336/307 308/338/308
f 308/338/308 309/340/309 383/337/382
f 417/341/416 309/340/309 308/338/308
f 310/342/310 341/343/340 322/344/321
f 312/345/312 322/344/321 341/343/340
f 341/343/340 311/346/311 312/345/312
f 312/345/312 311/346/311 313/347/313
f 417/341/416 313/347/313 311/346/311
f 417/341/416 318/348/318 313/347/313
f 308/338/308 318/348/318 417/341/416
f 318/348/318 308/338/308 314/349/314
f 315/339/315 314/349/314 308/338/308
f 314/349/314 315/339/315 646/350/640
f 102/351/102 646/350/640 315/339/315
f 313/347/313 316/352/316 312/345/312
f 646/350/640 317/353/317 314/349/314
f 314/349/314 317/353/317 649/354/643
f 649/354/643 319/355/318 314/349/314
f 314/349/314 319/355/318 318/348/318
f 313/347/313 318/348/318 319/355/318
f 319/355/318 316/352/316 313/347/313
f 649/354/643 316/352/316 319/355/318
f 312/345/312 316/352/316 649/354/643
f 649/354/643 320/356/319 312/345/312
f 322/344/321 312/345/312 320/356/319
f 320/356/319 650/357/644 322/344/321
f 321/358/320 322/344/321 650/357/644
f 650/357/644 324/359/323 321/358/320
f 323/360/322 321/358/320 324/359/323
f 324/359/323 654/361/648 323/360/322
f 334/362/333 323/360/322 654/361/648
f 654/361/648 325/363/324 334/362/333
f 326/364/325 334/362/333 325/363/324
f 325/363/324 651/365/645 326/364/325
f 332/366/331 326/364/325 651/365/645
f 651/365/645 327/367/326 332/366/331
f 656/368/650 300/369/300 239/370/239
f 239/370/239 328/371/327 656/368/650
f 328/371/327 239/370/239 230/372/230
f 328/371/327 230/372/230 214/373/214
f 328/371/327 214/373/214 329/374/328
f 331/375/330 328/371/327 329/374/328
f 329/374/328 330/376/329 331/375/330
f 332/366/331 331/375/330 330/376/329
f 330/376/329 333/377/332 332/366/331
f 326/364/325 332/366/331 333/377/332
f 333/377/332 335/378/334 326/364/325
f 334/362/333 326/364/325 335/378/334
f 335/378/334 336/379/335 334/362/333
f 323/360/322 334/362/333 336/379/335
f 336/379/335 337/380/336 323/360/322
f 321/358/320 323/360/322 337/380/336
f 337/380/336 310/342/310 321/358/320
f 322/344/321 321/358/320 310/342/310
f 331/375/330 332/366/331 327/367/326
f 327/367/326 652/381/646 331/375/330
f 328/371/327 331/375/330 652/381/646
f 652/381/646 656/368/650 328/371/327
f 214/373/214 213/382/213 419/383/418
f 419/383/418 329/374/328 214/373/214
f 329/374/328 419/383/418 413/384/412
f 413/384/412 330/376/329 329/374/328
f 330/376/329 413/384/412 338/385/337
f 338/385/337 333/377/332 330/376/329
f 333/377/332 338/385/337 412/386/411
f 412/386/411 335/378/334 333/377/332
f 335/378/334 412/386/411 339/387/338
f 339/387/338 336/379/335 335/378/334
f 336/379/335 339/387/338 414/388/413
f 414/388/413 337/380/336 336/379/335
f 337/380/336 414/388/413 418/389/417
f 418/389/417 310/342/310 337/380/336
f 310/342/310 418/389/417 340/390/339
f 340/390/339 341/343/340 310/342/310
f 341/343/340 340/390/339 342/391/341
f 342/391/341 311/346/311 341/343/340
f 311/346/311 342/391/341 417/341/416
f 345/392/344 343/393/342 661/394/655
f 345/392/344 344/395/343 343/393/342
f 345/392/344 664/396/658 344/395/343
f 569/397/566 572/398/568 347/399/346
f 569/397/566 347/399/346 709/400/703
f 351/401/350 569/397/566 709/400/703
f 709/400/703 346/402/345 351/401/350
f 347/399/346 348/403/347 709/400/703
f 348/403/347 349/404/348 709/400/703
f 348/403/347 85/405/85 349/404/348
f 767/406/761 350/407/349 351/401/350
f 346/402/345 767/406/761 351/401/350
f 346/402/345 768/408/762 767/406/761
f 346/402/345 731/409/725 768/408/762
f 731/409/725 352/410/351 768/408/762
f 768/408/762 352/410/351 730/411/724
f 730/411/724 353/412/352 768/408/762
f 353/412/352 730/411/724 354/413/353
f 354/413/353 356/414/355 353/412/352
f 356/414/355 354/413/353 355/415/354
f 355/415/354 777/416/771 356/414/355
f 777/416/771 355/415/354 357/417/356
f 357/417/356 358/418/357 777/416/771
f 358/418/357 357/417/356 725/419/719
f 725/419/719 359/420/358 358/418/357
f 359/420/358 725/419/719 724/421/718
f 724/421/718 776/422/770 359/420/358
f 776/422/770 724/421/718 729/423/723
f 729/423/723 360/424/359 776/422/770
f 360/424/359 729/423/723 728/425/722
f 728/425/722 793/426/787 360/424/359
f 793/426/787 728/425/722 732/427/726
f 732/427/726 361/428/360 793/426/787
f 361/428/360 732/427/726 726/429/720
f 726/429/720 362/430/361 361/428/360
f 362/430/361 726/429/720 363/431/362
f 363/431/362 364/432/363 362/430/361
f 364/432/363 363/431/362 727/433/721
f 727/433/721 785/434/779 364/432/363
f 785/434/779 727/433/721 365/435/364
f 365/435/364 790/436/784 785/434/779
f 790/436/784 365/435/364 733/437/727
f 733/437/727 366/438/365 790/436/784
f 366/438/365 733/437/727 746/439/740
f 746/439/740 787/440/781 366/438/365
f 787/440/781 746/439/740 367/441/366
f 367/441/366 781/442/775 787/440/781
f 781/442/775 367/441/366 745/443/739
f 745/443/739 368/444/367 781/442/775
f 368/444/367 745/443/739 369/445/368
f 369/445/368 1019/446/1010 368/444/367
f 371/447/370 1019/446/1010 369/445/368
f 371/447/370 370/448/369 1019/446/1010
f 370/448/369 371/447/370 372/449/371
f 372/449/371 373/450/372 370/448/369
f 373/450/372 372/449/371 378/451/377
f 378/451/377 372/449/371 376/452/375
f 376/452/375 375/453/374 378/451/377
f 375/453/374 376/452/375 377/454/376
f 377/454/376 374/455/373 375/453/374
f 376/452/375 372/449/371 371/447/370
f 377/454/376 376/452/375 371/447/370
f 377/454/376 371/447/370 744/456/738
f 744/456/738 371/447/370 369/445/368
f 378/451/377 379/457/378 373/450/372
f 380/458/379 381/459/380 383/460/382
f 382/461/381 380/458/379 383/460/382
f 382/461/381 383/460/382 4/462/4
f 383/460/382 219/463/219 4/462/4
f 377/454/376 4/462/4 219/463/219
f 219/463/219 374/455/373 377/454/376
f 374/455/373 219/463/219 387/463/386
f 387/463/386 385/455/384 374/455/373
f 385/455/384 387/463/386 384/464/383
f 395/465/394 384/464/383 387/463/386
f 384/464/383 679/466/673 385/455/384
f 4/462/4 713/467/707 382/461/381
f 386/468/385 116/469/116 392/470/391
f 387/463/386 116/469/116 386/468/385
f 409/471/408 508/472/507 702/473/696
f 508/472/507 388/474/387 702/473/696
f 702/473/696 388/474/387 390/475/389
f 390/475/389 389/476/388 702/473/696
f 389/476/388 390/475/389 391/477/390
f 391/477/390 701/478/695 389/476/388
f 700/479/694 701/478/695 391/477/390
f 391/477/390 511/480/510 700/479/694
f 698/481/692 700/479/694 511/480/510
f 392/470/391 698/481/692 511/480/510
f 511/480/510 393/482/392 392/470/391
f 392/470/391 393/482/392 386/468/385
f 394/483/393 386/468/385 393/482/392
f 386/468/385 394/483/393 387/463/386
f 394/483/393 396/484/395 387/463/386
f 396/484/395 395/465/394 387/463/386
f 395/465/394 396/484/395 397/485/396
f 397/485/396 515/486/514 395/465/394
f 393/482/392 512/487/511 394/483/393
f 396/484/395 394/483/393 512/487/511
f 512/487/511 397/485/396 396/484/395
f 702/473/696 704/488/698 398/489/397
f 398/489/397 688/490/682 407/491/406
f 407/491/406 399/492/398 406/493/405
f 406/493/405 691/494/685 400/495/399
f 497/496/496 401/497/400 682/14/676
f 401/497/400 522/498/521 682/14/676
f 522/498/521 402/499/401 682/14/676
f 682/14/676 402/499/401 411/500/410
f 402/499/401 403/501/402 411/500/410
f 403/501/402 400/495/399 411/500/410
f 403/501/402 404/502/403 400/495/399
f 404/502/403 405/503/404 400/495/399
f 405/503/404 406/493/405 400/495/399
f 405/503/404 499/504/498 406/493/405
f 499/504/498 502/505/501 406/493/405
f 502/505/501 407/491/406 406/493/405
f 502/505/501 503/506/502 407/491/406
f 503/506/502 504/507/503 407/491/406
f 504/507/503 408/508/407 407/491/406
f 407/491/406 408/508/407 398/489/397
f 408/508/407 409/471/408 398/489/397
f 409/471/408 702/473/696 398/489/397
f 411/500/410 410/509/409 682/14/676
f 400/495/399 693/510/687 411/500/410
f 412/511/411 338/512/337 413/513/412
f 412/511/411 413/513/412 415/514/414
f 339/515/338 412/511/411 415/514/414
f 414/516/413 339/515/338 415/514/414
f 418/517/417 414/516/413 415/514/414
f 383/460/382 416/518/415 219/463/219
f 383/460/382 309/519/309 416/518/415
f 416/518/415 309/519/309 417/520/416
f 417/520/416 415/514/414 416/518/415
f 415/514/414 417/520/416 342/521/341
f 415/514/414 342/521/341 418/517/417
f 342/521/341 340/522/339 418/517/417
f 413/513/412 419/523/418 415/514/414
f 419/523/418 420/524/419 415/514/414
f 419/523/418 221/525/221 420/524/419
f 419/523/418 213/526/213 221/525/221
f 430/527/429 421/528/420 450/529/449
f 481/530/480 450/529/449 421/528/420
f 421/528/420 432/531/431 481/530/480
f 422/532/421 481/530/480 432/531/431
f 432/531/431 423/533/422 422/532/421
f 424/534/423 422/532/421 423/533/422
f 423/533/422 435/535/434 424/534/423
f 425/536/424 424/534/423 435/535/434
f 435/535/434 434/537/433 425/536/424
f 477/538/476 425/536/424 434/537/433
f 434/537/433 436/539/435 477/538/476
f 476/540/475 477/538/476 436/539/435
f 436/539/435 427/541/426 476/540/475
f 426/542/425 476/540/475 427/541/426
f 1087/543/1078 429/544/428 428/545/427
f 430/527/429 428/545/427 429/544/428
f 429/544/428 1086/546/1077 430/527/429
f 421/528/420 430/527/429 1086/546/1077
f 1086/546/1077 431/547/430 421/528/420
f 432/531/431 421/528/420 431/547/430
f 431/547/430 433/548/432 432/531/431
f 423/533/422 432/531/431 433/548/432
f 433/548/432 1084/549/1075 423/533/422
f 435/535/434 423/533/422 1084/549/1075
f 1084/549/1075 1083/550/1074 435/535/434
f 434/537/433 435/535/434 1083/550/1074
f 1083/550/1074 1082/551/1073 434/537/433
f 436/539/435 434/537/433 1082/551/1073
f 1082/551/1073 1081/552/1072 436/539/435
f 427/541/426 436/539/435 1081/552/1072
f 1081/552/1072 1118/553/1109 427/541/426
f 437/554/436 427/541/426 1118/553/1109
f 1118/553/1109 1117/555/1108 437/554/436
f 462/556/461 437/554/436 1117/555/1108
f 1117/555/1108 438/557/437 462/556/461
f 445/558/444 462/556/461 438/557/437
f 438/557/437 439/559/438 445/558/444
f 440/560/439 445/558/444 439/559/438
f 439/559/438 1115/561/1106 440/560/439
f 441/562/440 440/560/439 1115/561/1106
f 1115/561/1106 1113/563/1104 441/562/440
f 447/564/446 441/562/440 1113/563/1104
f 1113/563/1104 1112/565/1103 447/564/446
f 448/566/447 447/564/446 1112/565/1103
f 1112/565/1103 1111/567/1102 448/566/447
f 449/568/448 448/566/447 1111/567/1102
f 1111/567/1102 442/569/441 449/568/448
f 443/570/442 449/568/448 442/569/441
f 442/569/441 1087/543/1078 443/570/442
f 428/545/427 443/570/442 1087/543/1078
f 462/556/461 445/558/444 444/571/443
f 459/572/458 444/571/443 445/558/444
f 445/558/444 440/560/439 459/572/458
f 458/573/457 459/572/458 440/560/439
f 440/560/439 441/562/440 458/573/457
f 446/574/445 458/573/457 441/562/440
f 441/562/440 447/564/446 446/574/445
f 456/575/455 446/574/445 447/564/446
f 447/564/446 448/566/447 456/575/455
f 455/576/454 456/575/455 448/566/447
f 448/566/447 449/568/448 455/576/454
f 454/577/453 455/576/454 449/568/448
f 449/568/448 443/570/442 454/577/453
f 453/578/452 454/577/453 443/570/442
f 443/570/442 428/545/427 453/578/452
f 451/579/450 453/578/452 428/545/427
f 428/545/427 430/527/429 451/579/450
f 450/529/449 451/579/450 430/527/429
f 452/580/451 484/581/483 453/578/452
f 454/577/453 453/578/452 484/581/483
f 484/581/483 473/582/472 454/577/453
f 455/576/454 454/577/453 473/582/472
f 473/582/472 471/583/470 455/576/454
f 456/575/455 455/576/454 471/583/470
f 471/583/470 457/584/456 456/575/455
f 446/574/445 456/575/455 457/584/456
f 457/584/456 468/585/467 446/574/445
f 458/573/457 446/574/445 468/585/467
f 468/585/467 467/586/466 458/573/457
f 459/572/458 458/573/457 467/586/466
f 467/586/466 460/587/459 459/572/458
f 444/571/443 459/572/458 460/587/459
f 460/587/459 465/588/464 444/571/443
f 461/589/460 444/571/443 465/588/464
f 444/571/443 461/589/460 462/556/461
f 437/554/436 462/556/461 461/589/460
f 427/541/426 437/554/436 426/542/425
f 461/589/460 426/542/425 437/554/436
f 426/542/425 461/589/460 463/590/462
f 465/588/464 463/590/462 461/589/460
f 463/590/462 465/588/464 531/591/530
f 464/592/463 531/591/530 465/588/464
f 465/588/464 460/587/459 464/592/463
f 526/593/525 464/592/463 460/587/459
f 460/587/459 467/586/466 526/593/525
f 466/594/465 526/593/525 467/586/466
f 467/586/466 468/585/467 466/594/465
f 470/595/469 466/594/465 468/585/467
f 468/585/467 457/584/456 470/595/469
f 469/596/468 470/595/469 457/584/456
f 457/584/456 471/583/470 469/596/468
f 472/597/471 469/596/468 471/583/470
f 471/583/470 473/582/472 472/597/471
f 483/598/482 472/597/471 473/582/472
f 492/599/491 475/600/474 491/601/490
f 474/602/473 491/601/490 475/600/474
f 475/600/474 463/590/462 474/602/473
f 531/591/530 474/602/473 463/590/462
f 463/590/462 475/600/474 426/542/425
f 476/540/475 426/542/425 475/600/474
f 475/600/474 492/599/491 476/540/475
f 477/538/476 476/540/475 492/599/491
f 492/599/491 490/603/489 477/538/476
f 425/536/424 477/538/476 490/603/489
f 490/603/489 478/604/477 425/536/424
f 424/534/423 425/536/424 478/604/477
f 478/604/477 479/605/478 424/534/423
f 422/532/421 424/534/423 479/605/478
f 479/605/478 480/606/479 422/532/421
f 481/530/480 422/532/421 480/606/479
f 480/606/479 486/607/485 481/530/480
f 450/529/449 481/530/480 486/607/485
f 486/607/485 482/608/481 450/529/449
f 451/579/450 450/529/449 482/608/481
f 482/608/481 452/580/451 451/579/450
f 453/578/452 451/579/450 452/580/451
f 473/582/472 484/581/483 483/598/482
f 485/609/484 483/598/482 484/581/483
f 484/581/483 452/580/451 485/609/484
f 530/610/529 485/609/484 452/580/451
f 452/580/451 482/608/481 530/610/529
f 529/611/528 530/610/529 482/608/481
f 482/608/481 486/607/485 529/611/528
f 487/612/486 529/611/528 486/607/485
f 486/607/485 480/606/479 487/612/486
f 528/613/527 487/612/486 480/606/479
f 480/606/479 479/605/478 528/613/527
f 488/614/487 528/613/527 479/605/478
f 479/605/478 478/604/477 488/614/487
f 527/615/526 488/614/487 478/604/477
f 478/604/477 490/603/489 527/615/526
f 489/616/488 527/615/526 490/603/489
f 490/603/489 492/599/491 489/616/488
f 491/601/490 489/616/488 492/599/491
f 494/617/493 687/618/681 493/619/492
f 493/619/492 679/466/673 494/617/493
f 384/464/383 395/465/394 515/486/514
f 515/486/514 516/620/515 384/464/383
f 679/466/673 384/464/383 516/620/515
f 679/466/673 516/620/515 496/621/495
f 679/466/673 496/621/495 494/617/493
f 495/622/494 494/617/493 496/621/495
f 684/623/678 495/622/494 496/621/495
f 684/623/678 496/621/495 519/624/518
f 498/12/497 684/623/678 519/624/518
f 519/624/518 520/625/519 498/12/497
f 498/12/497 520/625/519 497/496/496
f 497/496/496 682/14/676 498/12/497
f 682/14/676 683/13/677 498/12/497
f 682/14/676 681/626/675 683/13/677
f 500/627/499 502/628/501 499/629/498
f 502/628/501 500/627/499 501/630/500
f 501/630/500 503/631/502 502/628/501
f 503/631/502 501/630/500 505/632/504
f 505/632/504 504/633/503 503/631/502
f 504/633/503 505/632/504 506/634/505
f 506/634/505 408/635/407 504/633/503
f 408/635/407 506/634/505 723/636/717
f 723/636/717 409/637/408 408/635/407
f 409/637/408 723/636/717 507/638/506
f 507/638/506 508/639/507 409/637/408
f 508/639/507 507/638/506 509/640/508
f 509/640/508 388/641/387 508/639/507
f 390/642/389 388/641/387 509/640/508
f 391/643/390 390/642/389 509/640/508
f 509/640/508 614/644/608 391/643/390
f 614/644/608 510/645/509 391/643/390
f 391/643/390 510/645/509 617/646/611
f 617/646/611 511/647/510 391/643/390
f 511/647/510 617/646/611 618/648/612
f 618/648/612 393/649/392 511/647/510
f 512/650/511 393/649/392 618/648/612
f 618/648/612 611/651/605 512/650/511
f 397/652/396 512/650/511 611/651/605
f 611/651/605 513/653/512 397/652/396
f 515/654/514 397/652/396 513/653/512
f 513/653/512 514/655/513 515/654/514
f 515/654/514 514/655/513 517/656/516
f 517/656/516 516/657/515 515/654/514
f 516/657/515 517/656/516 628/658/622
f 628/658/622 496/659/495 516/657/515
f 496/659/495 628/658/622 631/660/625
f 631/660/625 519/661/518 496/659/495
f 519/661/518 631/660/625 518/662/517
f 518/662/517 520/663/519 519/661/518
f 520/663/519 518/662/517 632/664/626
f 632/664/626 497/665/496 520/663/519
f 497/665/496 632/664/626 521/666/520
f 521/666/520 401/667/400 497/665/496
f 401/667/400 521/666/520 523/668/522
f 523/668/522 522/669/521 401/667/400
f 522/669/521 523/668/522 718/670/712
f 718/670/712 402/671/401 522/669/521
f 402/671/401 718/670/712 719/672/713
f 719/672/713 403/673/402 402/671/401
f 403/673/402 719/672/713 524/674/523
f 524/674/523 404/675/403 403/673/402
f 404/675/403 524/674/523 525/676/524
f 525/676/524 405/677/404 404/675/403
f 405/677/404 525/676/524 721/678/715
f 721/678/715 499/629/498 405/677/404
f 499/629/498 721/678/715 500/627/499
f 527/679/526 489/680/488 491/681/490
f 470/682/469 469/683/468 472/684/471
f 526/685/525 470/682/469 472/684/471
f 526/685/525 472/684/471 529/683/528
f 491/681/490 526/685/525 529/683/528
f 491/681/490 529/683/528 528/219/527
f 527/679/526 491/681/490 528/219/527
f 488/685/487 527/679/526 528/219/527
f 526/685/525 466/219/465 470/682/469
f 529/683/528 487/682/486 528/219/527
f 472/684/471 483/686/482 485/686/484
f 472/684/471 485/686/484 529/683/528
f 485/686/484 530/684/529 529/683/528
f 491/681/490 474/681/473 531/680/530
f 491/681/490 531/680/530 526/685/525
f 531/680/530 464/679/463 526/685/525
f 536/687/535 554/11/553 532/688/531
f 532/688/531 533/6/532 535/8/534
f 532/688/531 535/8/534 537/7/536
f 567/689/564 532/688/531 537/7/536
f 567/689/564 536/687/535 532/688/531
f 567/689/564 556/689/555 536/687/535
f 532/688/531 550/690/549 533/6/532
f 535/8/534 545/691/544 543/691/542
f 535/8/534 543/691/542 537/7/536
f 543/691/542 542/8/541 537/7/536
f 538/6/537 537/7/536 539/692/538
f 540/693/539 539/692/538 537/7/536
f 537/7/536 542/8/541 540/693/539
f 541/694/540 540/693/539 542/8/541
f 542/8/541 543/691/542 541/694/540
f 544/694/543 541/694/540 543/691/542
f 543/691/542 545/691/544 544/694/543
f 546/693/545 544/694/543 545/691/544
f 545/691/544 535/8/534 546/693/545
f 547/692/546 546/693/545 535/8/534
f 535/8/534 534/7/533 547/692/546
f 548/695/547 547/692/546 534/7/533
f 534/7/533 533/6/532 548/695/547
f 549/696/548 548/695/547 533/6/532
f 533/6/532 550/690/549 549/696/548
f 551/697/550 549/696/548 550/690/549
f 550/690/549 532/688/531 551/697/550
f 553/10/552 551/697/550 532/688/531
f 532/688/531 554/11/553 553/10/552
f 554/11/553 536/687/535 552/9/551
f 555/698/554 552/9/551 536/687/535
f 536/687/535 556/689/555 555/698/554
f 557/698/556 555/698/554 556/689/555
f 556/689/555 567/689/564 557/698/556
f 558/9/557 557/698/556 567/689/564
f 567/689/564 560/687/559 558/9/557
f 559/10/558 558/9/557 560/687/559
f 560/687/559 565/11/562 559/10/558
f 562/697/168 559/10/558 565/11/562
f 565/11/562 561/688/560 562/697/168
f 563/696/163 562/697/168 561/688/560
f 561/688/560 566/690/563 563/696/163
f 564/695/561 563/696/163 566/690/563
f 566/690/563 538/6/537 564/695/561
f 539/692/538 564/695/561 538/6/537
f 561/688/560 565/11/562 566/690/563
f 565/11/562 560/687/559 567/689/564
f 565/11/562 567/689/564 566/690/563
f 567/689/564 537/7/536 566/690/563
f 537/7/536 538/6/537 566/690/563
f 571/699/567 570/700/565 568/701/565
f 568/701/565 573/702/567 571/699/567
f 570/700/565 572/703/568 569/704/566
f 570/700/565 571/699/567 572/703/568
f 347/705/346 572/703/568 571/699/567
f 571/699/567 84/706/84 347/705/346
f 84/706/84 571/699/567 573/702/567
f 573/702/567 574/707/84 84/706/84
f 83/708/83 574/707/84 573/702/567
f 573/702/567 751/709/745 83/708/83
f 751/709/745 573/702/567 568/701/565
f 568/701/565 576/710/570 751/709/745
f 568/701/565 570/700/565 576/710/570
f 570/700/565 569/704/566 576/710/570
f 576/710/570 569/704/566 351/711/350
f 351/711/350 575/712/569 576/710/570
f 351/711/350 577/713/571 575/712/569
f 577/713/571 752/714/746 575/712/569
f 773/715/767 752/714/746 577/713/571
f 577/713/571 766/716/760 773/715/767
f 578/717/572 766/716/760 577/713/571
f 577/713/571 579/718/573 578/717/572
f 767/719/761 578/717/572 579/718/573
f 579/718/573 350/720/349 767/719/761
f 351/711/350 350/720/349 579/718/573
f 351/711/350 579/718/573 577/713/571
f 584/721/578 923/722/914 583/723/577
f 855/724/849 580/725/574 917/726/908
f 581/727/575 855/724/849 917/726/908
f 581/727/575 917/726/908 582/728/576
f 583/723/577 581/727/575 582/728/576
f 583/723/577 582/728/576 585/729/579
f 584/721/578 583/723/577 585/729/579
f 922/730/913 584/721/578 585/729/579
f 581/727/575 854/731/848 855/724/849
f 582/728/576 921/732/912 585/729/579
f 917/726/908 918/733/909 586/734/580
f 917/726/908 586/734/580 582/728/576
f 586/734/580 920/735/911 582/728/576
f 583/723/577 851/736/845 587/737/581
f 583/723/577 587/737/581 581/727/575
f 587/737/581 853/738/847 581/727/575
f 591/739/585 588/740/582 601/741/595
f 589/742/583 608/743/602 591/739/585
f 591/739/585 590/744/584 589/742/583
f 609/745/603 589/742/583 590/744/584
f 590/744/584 594/746/588 609/745/603
f 594/746/588 590/744/584 591/739/585
f 594/746/588 591/739/585 592/747/586
f 591/739/585 601/741/595 592/747/586
f 601/741/595 599/748/593 592/747/586
f 597/749/591 593/750/587 592/747/586
f 593/750/587 594/746/588 592/747/586
f 1149/751/1140 610/752/604 609/745/603
f 609/745/603 595/753/589 1149/751/1140
f 595/753/589 609/745/603 594/746/588
f 594/746/588 596/754/590 595/753/589
f 593/750/587 596/754/590 594/746/588
f 596/754/590 593/750/587 603/755/597
f 604/756/598 603/755/597 593/750/587
f 593/750/587 597/749/591 604/756/598
f 605/757/599 604/756/598 597/749/591
f 597/749/591 592/747/586 605/757/599
f 598/758/592 605/757/599 592/747/586
f 592/747/586 599/748/593 598/758/592
f 600/759/594 598/758/592 599/748/593
f 599/748/593 601/741/595 600/759/594
f 602/760/596 600/759/594 601/741/595
f 601/741/595 588/740/582 602/760/596
f 608/743/602 602/760/596 588/740/582
f 588/740/582 591/739/585 608/743/602
f 603/755/597 595/753/589 596/754/590
f 1161/761/1152 1149/751/1140 595/753/589
f 595/753/589 603/755/597 1161/761/1152
f 1158/762/1149 1161/761/1152 603/755/597
f 603/755/597 604/756/598 1158/762/1149
f 606/763/600 1158/762/1149 604/756/598
f 604/756/598 605/757/599 606/763/600
f 607/764/601 606/763/600 605/757/599
f 605/757/599 598/758/592 607/764/601
f 1156/765/1147 607/764/601 598/758/592
f 598/758/592 600/759/594 1156/765/1147
f 1155/766/1146 1156/765/1147 600/759/594
f 600/759/594 602/760/596 1155/766/1146
f 1154/767/1145 1155/766/1146 602/760/596
f 602/760/596 608/743/602 1154/767/1145
f 1152/768/1143 1154/767/1145 608/743/602
f 608/743/602 589/742/583 1152/768/1143
f 610/752/604 1152/768/1143 589/742/583
f 589/742/583 609/745/603 610/752/604
f 612/483/606 611/487/605 618/482/612
f 611/487/605 612/483/606 620/484/614
f 620/484/614 513/485/512 611/487/605
f 614/475/608 509/474/508 613/473/607
f 613/473/607 615/476/609 614/475/608
f 510/477/509 614/475/608 615/476/609
f 615/476/609 699/478/693 510/477/509
f 510/477/509 699/478/693 616/479/610
f 616/479/610 617/480/611 510/477/509
f 616/479/610 697/481/691 617/480/611
f 617/480/611 697/481/691 623/470/617
f 623/470/617 618/482/612 617/480/611
f 622/468/616 618/482/612 623/470/617
f 618/482/612 622/468/616 612/483/606
f 1/463/1 612/483/606 622/468/616
f 620/484/614 612/483/606 1/463/1
f 619/465/613 620/484/614 1/463/1
f 513/485/512 620/484/614 619/465/613
f 619/465/613 514/486/513 513/485/512
f 514/486/513 619/465/613 621/464/615
f 621/464/615 517/620/516 514/486/513
f 622/468/616 297/469/297 1/463/1
f 623/470/617 297/469/297 622/468/616
f 621/464/615 619/465/613 1/463/1
f 621/464/615 1/463/1 625/455/619
f 625/455/619 626/466/620 621/464/615
f 1/463/1 2/463/2 624/455/618
f 624/455/618 625/455/619 1/463/1
f 627/619/621 686/618/680 685/617/679
f 685/617/679 626/466/620 627/619/621
f 517/620/516 621/464/615 626/466/620
f 628/621/622 517/620/516 626/466/620
f 685/617/679 628/621/622 626/466/620
f 628/621/622 685/617/679 629/622/623
f 628/621/622 629/622/623 630/623/624
f 630/623/624 631/624/625 628/621/622
f 631/624/625 630/623/624 633/12/627
f 633/12/627 518/625/517 631/624/625
f 632/496/626 518/625/517 633/12/627
f 632/496/626 633/12/627 635/14/629
f 521/497/520 632/496/626 635/14/629
f 523/498/522 521/497/520 635/14/629
f 718/499/712 523/498/522 635/14/629
f 634/13/628 636/626/630 635/14/629
f 765/438/759 783/440/777 637/439/631
f 638/441/632 637/439/631 783/440/777
f 783/440/777 1011/442/1002 638/441/632
f 743/443/737 638/441/632 1011/442/1002
f 1011/442/1002 1012/444/1003 743/443/737
f 645/445/639 743/443/737 1012/444/1003
f 1012/444/1003 639/446/633 645/445/639
f 645/445/639 639/446/633 643/447/637
f 639/446/633 1015/448/1006 643/447/637
f 640/449/634 643/447/637 1015/448/1006
f 1015/448/1006 1016/450/1007 640/449/634
f 641/451/635 640/449/634 1016/450/1007
f 642/452/636 640/449/634 641/451/635
f 641/451/635 676/453/670 642/452/636
f 3/454/3 642/452/636 676/453/670
f 676/453/670 624/455/618 3/454/3
f 3/454/3 624/455/618 2/463/2
f 2/463/2 711/462/705 3/454/3
f 643/447/637 640/449/634 642/452/636
f 3/454/3 643/447/637 642/452/636
f 3/454/3 644/456/638 643/447/637
f 644/456/638 645/445/639 643/447/637
f 1016/450/1007 677/457/671 641/451/635
f 646/460/640 102/459/102 647/458/641
f 647/458/641 107/461/107 646/460/640
f 107/461/107 711/462/705 646/460/640
f 107/461/107 705/467/699 711/462/705
f 711/462/705 2/463/2 646/460/640
f 2/463/2 648/518/642 646/460/640
f 648/518/642 317/519/317 646/460/640
f 649/520/643 317/519/317 648/518/642
f 648/518/642 653/514/647 649/520/643
f 320/521/319 649/520/643 653/514/647
f 324/517/323 320/521/319 653/514/647
f 324/517/323 650/522/644 320/521/319
f 652/513/646 327/512/326 651/511/645
f 653/514/647 652/513/646 651/511/645
f 651/511/645 325/515/324 653/514/647
f 325/515/324 654/516/648 653/514/647
f 654/516/648 324/517/323 653/514/647
f 653/514/647 656/523/650 652/513/646
f 653/514/647 655/524/649 656/523/650
f 655/524/649 657/525/651 656/523/650
f 657/525/651 300/526/300 656/523/650
f 658/392/652 663/394/657 662/393/656
f 658/392/652 662/393/656 659/396/653
f 662/393/656 660/395/654 659/396/653
f 659/396/653 660/395/654 344/769/343
f 343/770/342 344/769/343 660/395/654
f 660/395/654 662/393/656 343/770/342
f 661/771/655 343/770/342 662/393/656
f 662/393/656 663/394/657 661/771/655
f 345/772/344 661/771/655 663/394/657
f 663/394/657 658/392/652 345/772/344
f 664/773/658 345/772/344 658/392/652
f 658/392/652 659/396/653 664/773/658
f 344/769/343 664/773/658 659/396/653
f 668/774/662 670/775/664 672/776/666
f 672/776/666 665/15/659 668/774/662
f 673/777/667 626/778/620 672/776/666
f 626/778/620 666/16/660 672/776/666
f 666/16/660 665/15/659 672/776/666
f 667/17/661 668/774/662 665/15/659
f 668/774/662 667/17/661 669/779/663
f 670/775/664 668/774/662 669/779/663
f 671/780/665 670/775/664 669/779/663
f 672/776/666 670/775/664 671/780/665
f 671/780/665 673/777/667 672/776/666
f 673/777/667 671/780/665 675/781/669
f 675/781/669 674/782/668 673/777/667
f 675/781/669 669/779/663 1018/783/1009
f 675/781/669 671/780/665 669/779/663
f 666/16/660 626/778/620 625/784/619
f 625/784/619 667/17/661 666/16/660
f 676/785/670 667/17/661 625/784/619
f 667/17/661 676/785/670 669/779/663
f 676/785/670 677/786/671 669/779/663
f 676/785/670 641/787/635 677/786/671
f 625/784/619 624/788/618 676/785/670
f 626/778/620 679/789/673 493/790/492
f 673/777/667 679/789/673 626/778/620
f 673/777/667 678/791/672 679/789/673
f 673/777/667 674/782/668 678/791/672
f 680/792/674 678/791/672 674/782/668
f 674/782/668 675/781/669 680/792/674
f 680/792/674 675/781/669 378/793/377
f 675/781/669 1018/783/1009 378/793/377
f 1018/783/1009 379/794/378 378/793/377
f 385/795/384 679/789/673 678/791/672
f 678/791/672 680/792/674 385/795/384
f 385/795/384 680/792/674 375/796/374
f 378/793/377 375/796/374 680/792/674
f 375/796/374 374/797/373 385/795/384
f 635/798/629 682/799/676 410/800/409
f 682/799/676 635/798/629 636/801/630
f 636/801/630 681/802/675 682/799/676
f 681/802/675 636/801/630 634/803/628
f 634/803/628 683/804/677 681/802/675
f 683/804/677 634/803/628 633/805/627
f 633/805/627 498/806/497 683/804/677
f 498/806/497 633/805/627 630/807/624
f 630/807/624 684/808/678 498/806/497
f 684/808/678 630/807/624 629/809/623
f 629/809/623 495/810/494 684/808/678
f 495/810/494 629/809/623 685/811/679
f 685/811/679 494/812/493 495/810/494
f 494/812/493 685/811/679 686/813/680
f 686/813/680 687/814/681 494/812/493
f 687/814/681 686/813/680 627/815/621
f 627/815/621 493/790/492 687/814/681
f 493/790/492 627/815/621 626/778/620
f 689/816/683 688/817/682 398/818/397
f 688/817/682 689/816/683 717/819/711
f 717/819/711 407/820/406 688/817/682
f 407/820/406 717/819/711 716/821/710
f 716/821/710 399/822/398 407/820/406
f 399/822/398 716/821/710 690/823/684
f 690/823/684 406/824/405 399/822/398
f 406/824/405 690/823/684 692/825/686
f 692/825/686 691/826/685 406/824/405
f 691/826/685 692/825/686 720/827/714
f 720/827/714 400/828/399 691/826/685
f 400/828/399 720/827/714 715/829/709
f 715/829/709 693/830/687 400/828/399
f 693/830/687 715/829/709 694/831/688
f 694/831/688 411/832/410 693/830/687
f 411/832/410 694/831/688 695/833/689
f 695/833/689 410/800/409 411/832/410
f 410/800/409 695/833/689 635/798/629
f 392/834/391 116/835/116 696/836/690
f 392/834/391 696/836/690 297/837/297
f 297/837/297 623/838/617 392/834/391
f 392/834/391 623/838/617 697/839/691
f 697/839/691 698/840/692 392/834/391
f 698/840/692 697/839/691 616/841/610
f 616/841/610 700/842/694 698/840/692
f 700/842/694 616/841/610 699/843/693
f 699/843/693 701/844/695 700/842/694
f 389/845/388 701/844/695 699/843/693
f 702/846/696 389/845/388 699/843/693
f 699/843/693 615/847/609 702/846/696
f 615/847/609 613/848/607 702/846/696
f 702/846/696 613/848/607 703/849/697
f 703/849/697 704/850/698 702/846/696
f 704/850/698 703/849/697 722/851/716
f 722/851/716 398/818/397 704/850/698
f 398/818/397 722/851/716 689/816/683
f 705/852/699 105/853/105 706/854/700
f 705/852/699 706/854/700 707/855/701
f 705/852/699 707/855/701 710/856/704
f 707/855/701 708/857/702 710/856/704
f 707/855/701 114/858/114 708/857/702
f 706/854/700 115/859/115 707/855/701
f 710/856/704 750/860/744 709/861/703
f 709/861/703 349/862/348 710/856/704
f 349/862/348 133/863/133 710/856/704
f 705/852/699 710/856/704 133/863/133
f 711/864/705 705/852/699 133/863/133
f 711/864/705 133/863/133 712/865/706
f 711/864/705 712/865/706 713/866/707
f 713/866/707 4/867/4 711/864/705
f 133/863/133 714/868/708 712/865/706
f 349/862/348 128/869/128 127/870/127
f 349/862/348 127/870/127 133/863/133
f 127/870/127 131/871/131 133/863/133
f 694/500/688 715/510/709 720/495/714
f 720/495/714 692/494/686 690/493/684
f 690/493/684 716/492/710 717/491/711
f 635/14/629 695/509/689 694/500/688
f 694/500/688 718/499/712 635/14/629
f 719/501/713 718/499/712 694/500/688
f 719/501/713 694/500/688 720/495/714
f 524/502/523 719/501/713 720/495/714
f 525/503/524 524/502/523 720/495/714
f 525/503/524 720/495/714 690/493/684
f 721/504/715 525/503/524 690/493/684
f 500/505/499 721/504/715 690/493/684
f 500/505/499 690/493/684 717/491/711
f 501/506/500 500/505/499 717/491/711
f 505/507/504 501/506/500 717/491/711
f 506/508/505 505/507/504 717/491/711
f 722/489/716 506/508/505 717/491/711
f 723/471/717 506/508/505 722/489/716
f 723/471/717 722/489/716 613/473/607
f 507/472/506 723/471/717 613/473/607
f 613/473/607 509/474/508 507/472/506
f 722/489/716 703/488/697 613/473/607
f 717/491/711 689/490/683 722/489/716
f 357/872/356 355/873/354 354/874/353
f 357/872/356 354/874/353 730/875/724
f 729/876/723 357/872/356 730/875/724
f 729/876/723 724/877/718 357/872/356
f 724/877/718 725/878/719 357/872/356
f 727/879/721 363/880/362 726/881/720
f 727/879/721 726/881/720 728/882/722
f 727/879/721 728/882/722 746/883/740
f 728/882/722 729/876/723 746/883/740
f 729/876/723 747/884/741 746/883/740
f 729/876/723 730/875/724 747/884/741
f 754/885/748 747/884/741 730/875/724
f 730/875/724 352/886/351 754/885/748
f 352/886/351 731/887/725 754/885/748
f 726/881/720 732/888/726 728/882/722
f 746/883/740 733/889/727 727/879/721
f 733/889/727 365/890/364 727/879/721
f 734/18/728 736/20/730 737/891/731
f 747/884/741 734/18/728 737/891/731
f 737/891/731 738/892/732 747/884/741
f 738/892/732 739/893/733 747/884/741
f 739/893/733 637/894/631 747/884/741
f 761/895/755 637/894/631 739/893/733
f 762/896/756 637/894/631 761/895/755
f 761/895/755 763/897/757 762/896/756
f 736/20/730 756/898/750 737/891/731
f 742/899/736 740/900/734 761/895/755
f 739/893/733 741/901/735 761/895/755
f 741/901/735 742/899/736 761/895/755
f 741/901/735 758/902/752 742/899/736
f 744/903/738 3/904/3 377/905/376
f 644/906/638 3/904/3 744/903/738
f 645/907/639 644/906/638 744/903/738
f 743/908/737 645/907/639 744/903/738
f 638/909/632 743/908/737 744/903/738
f 637/894/631 638/909/632 744/903/738
f 744/903/738 369/910/368 637/894/631
f 369/910/368 745/911/739 637/894/631
f 637/894/631 745/911/739 747/884/741
f 745/911/739 367/912/366 747/884/741
f 367/912/366 746/883/740 747/884/741
f 710/404/704 748/405/742 749/403/743
f 749/403/743 750/400/744 710/404/704
f 749/403/743 83/399/83 750/400/744
f 83/399/83 751/398/745 576/397/570
f 83/399/83 576/397/570 750/400/744
f 750/400/744 576/397/570 752/407/746
f 753/402/747 750/400/744 752/407/746
f 753/402/747 752/407/746 755/408/749
f 754/409/748 753/402/747 755/408/749
f 747/410/741 754/409/748 755/408/749
f 734/411/728 747/410/741 755/408/749
f 755/408/749 772/412/766 734/411/728
f 735/413/729 734/411/728 772/412/766
f 772/412/766 774/414/768 735/413/729
f 736/415/730 735/413/729 774/414/768
f 774/414/768 775/416/769 736/415/730
f 756/417/750 736/415/730 775/416/769
f 775/416/769 770/418/764 756/417/750
f 737/419/731 756/417/750 770/418/764
f 770/418/764 769/420/763 737/419/731
f 738/421/732 737/419/731 769/420/763
f 752/407/746 773/406/767 755/408/749
f 576/397/570 575/401/569 752/407/746
f 769/420/763 757/422/751 738/421/732
f 739/423/733 738/421/732 757/422/751
f 757/422/751 771/424/765 739/423/733
f 741/425/735 739/423/733 771/424/765
f 771/424/765 779/426/773 741/425/735
f 758/427/752 741/425/735 779/426/773
f 779/426/773 778/428/772 758/427/752
f 742/429/736 758/427/752 778/428/772
f 778/428/772 759/430/753 742/429/736
f 740/431/734 742/429/736 759/430/753
f 759/430/753 760/432/754 740/431/734
f 761/433/755 740/431/734 760/432/754
f 760/432/754 780/434/774 761/433/755
f 763/435/757 761/433/755 780/434/774
f 780/434/774 764/436/758 763/435/757
f 762/437/756 763/435/757 764/436/758
f 764/436/758 765/438/759 762/437/756
f 637/439/631 762/437/756 765/438/759
f 766/21/760 578/913/572 767/22/761
f 757/914/751 769/915/763 770/916/764
f 771/917/765 757/914/751 770/916/764
f 771/917/765 770/916/764 772/918/766
f 771/917/765 772/918/766 768/23/762
f 772/918/766 766/21/760 768/23/762
f 772/918/766 755/919/749 766/21/760
f 755/919/749 773/920/767 766/21/760
f 770/916/764 774/921/768 772/918/766
f 770/916/764 775/922/769 774/921/768
f 771/917/765 768/23/762 776/923/770
f 768/23/762 359/924/358 776/923/770
f 768/23/762 353/925/352 359/924/358
f 353/925/352 777/926/771 359/924/358
f 353/925/352 356/927/355 777/926/771
f 777/926/771 358/928/357 359/924/358
f 780/929/774 779/930/773 771/917/765
f 780/929/774 759/931/753 779/930/773
f 759/931/753 778/932/772 779/930/773
f 780/929/774 760/933/754 759/931/753
f 368/934/367 1019/935/1010 1006/936/997
f 1006/936/997 1009/937/1000 368/934/367
f 781/938/775 368/934/367 1009/937/1000
f 1009/937/1000 1010/939/1001 781/938/775
f 781/938/775 1010/939/1001 786/940/780
f 786/940/780 1010/939/1001 782/941/776
f 782/941/776 792/942/786 786/940/780
f 792/942/786 782/941/776 1011/943/1002
f 1011/943/1002 783/944/777 792/942/786
f 791/945/785 792/942/786 783/944/777
f 783/944/777 765/946/759 791/945/785
f 784/947/778 791/945/785 765/946/759
f 765/946/759 764/948/758 784/947/778
f 784/947/778 764/948/758 780/929/774
f 784/947/778 780/929/774 785/949/779
f 785/949/779 780/929/774 771/917/765
f 360/950/359 785/949/779 771/917/765
f 771/917/765 776/923/770 360/950/359
f 786/940/780 787/951/781 781/938/775
f 787/951/781 786/940/780 788/952/782
f 788/952/782 366/953/365 787/951/781
f 366/953/365 788/952/782 789/954/783
f 789/954/783 790/955/784 366/953/365
f 790/955/784 789/954/783 785/949/779
f 789/954/783 784/947/778 785/949/779
f 784/947/778 789/954/783 788/952/782
f 788/952/782 791/945/785 784/947/778
f 791/945/785 788/952/782 786/940/780
f 786/940/780 792/942/786 791/945/785
f 360/950/359 793/956/787 785/949/779
f 793/956/787 362/957/361 785/949/779
f 793/956/787 361/958/360 362/957/361
f 362/957/361 364/959/363 785/949/779
f 802/960/796 805/961/799 806/962/800
f 806/962/800 800/963/794 802/960/796
f 794/964/788 1001/965/992 999/966/990
f 999/966/990 1001/965/992 1077/967/1068
f 1077/967/1068 998/968/989 999/966/990
f 850/969/844 998/968/989 1077/967/1068
f 1077/967/1068 795/970/789 850/969/844
f 810/971/804 850/969/844 795/970/789
f 795/970/789 1075/972/1066 810/971/804
f 796/973/790 810/971/804 1075/972/1066
f 1075/972/1066 803/974/797 796/973/790
f 796/973/790 803/974/797 797/975/791
f 798/976/792 797/975/791 803/974/797
f 797/975/791 798/976/792 806/962/800
f 806/962/800 798/976/792 799/977/793
f 799/977/793 800/963/794 806/962/800
f 820/978/814 800/963/794 799/977/793
f 802/960/796 800/963/794 820/978/814
f 801/979/795 802/960/796 820/978/814
f 805/961/799 802/960/796 801/979/795
f 803/974/797 799/977/793 798/976/792
f 799/977/793 803/974/797 1075/972/1066
f 799/977/793 1075/972/1066 820/978/814
f 797/975/791 807/980/801 796/973/790
f 801/979/795 804/981/798 805/961/799
f 806/962/800 805/961/799 804/981/798
f 797/975/791 806/962/800 804/981/798
f 797/975/791 804/981/798 808/982/802
f 807/980/801 797/975/791 808/982/802
f 809/983/803 807/980/801 808/982/802
f 796/973/790 807/980/801 809/983/803
f 809/983/803 816/984/810 796/973/790
f 796/973/790 816/984/810 810/971/804
f 810/971/804 816/984/810 811/985/805
f 811/985/805 818/986/812 810/971/804
f 818/986/812 811/985/805 808/982/802
f 808/982/802 812/987/806 818/986/812
f 817/988/811 812/987/806 808/982/802
f 812/987/806 817/988/811 813/989/807
f 813/989/807 817/988/811 815/990/809
f 815/990/809 814/991/808 813/989/807
f 814/991/808 815/990/809 804/981/798
f 813/989/807 818/986/812 812/987/806
f 811/985/805 816/984/810 809/983/803
f 809/983/803 808/982/802 811/985/805
f 804/981/798 817/988/811 808/982/802
f 804/981/798 815/990/809 817/988/811
f 818/986/812 819/992/813 810/971/804
f 818/986/812 813/989/807 819/992/813
f 813/989/807 814/991/808 819/992/813
f 804/981/798 801/979/795 814/991/808
f 819/992/813 814/991/808 801/979/795
f 801/979/795 820/978/814 819/992/813
f 852/993/846 819/992/813 820/978/814
f 820/978/814 1073/994/1064 852/993/846
f 843/995/837 852/993/846 1073/994/1064
f 1073/994/1064 830/996/824 843/995/837
f 821/997/815 843/995/837 830/996/824
f 830/996/824 822/998/816 821/997/815
f 821/997/815 822/998/816 823/999/817
f 824/1000/818 823/999/817 822/998/816
f 823/999/817 824/1000/818 834/1001/828
f 834/1001/828 824/1000/818 829/1002/823
f 829/1002/823 825/1003/819 834/1001/828
f 826/1004/820 825/1003/819 829/1002/823
f 828/1005/822 825/1003/819 826/1004/820
f 828/1005/822 826/1004/820 845/1006/839
f 845/1006/839 827/1007/821 828/1005/822
f 834/1001/828 825/1003/819 828/1005/822
f 822/998/816 829/1002/823 824/1000/818
f 829/1002/823 822/998/816 830/996/824
f 829/1002/823 830/996/824 826/1004/820
f 831/1008/825 840/1009/834 841/1010/835
f 832/1011/826 831/1008/825 841/1010/835
f 823/999/817 832/1011/826 841/1010/835
f 823/999/817 834/1001/828 832/1011/826
f 834/1001/828 833/1012/827 832/1011/826
f 828/1005/822 833/1012/827 834/1001/828
f 833/1012/827 828/1005/822 827/1007/821
f 827/1007/821 832/1011/826 833/1012/827
f 835/1013/829 836/1014/830 841/1010/835
f 836/1014/830 823/999/817 841/1010/835
f 823/999/817 836/1014/830 821/997/815
f 821/997/815 836/1014/830 835/1013/829
f 837/1015/831 827/1007/821 845/1006/839
f 832/1011/826 827/1007/821 837/1015/831
f 837/1015/831 838/1016/832 832/1011/826
f 832/1011/826 838/1016/832 831/1008/825
f 846/1017/840 831/1008/825 838/1016/832
f 840/1009/834 831/1008/825 846/1017/840
f 846/1017/840 839/1018/833 840/1009/834
f 841/1010/835 840/1009/834 839/1018/833
f 839/1018/833 844/1019/838 841/1010/835
f 835/1013/829 841/1010/835 844/1019/838
f 844/1019/838 842/1020/836 835/1013/829
f 835/1013/829 842/1020/836 821/997/815
f 821/997/815 842/1020/836 843/995/837
f 843/995/837 842/1020/836 844/1019/838
f 844/1019/838 839/1018/833 843/995/837
f 839/1018/833 845/1006/839 843/995/837
f 839/1018/833 846/1017/840 845/1006/839
f 846/1017/840 837/1015/831 845/1006/839
f 838/1016/832 837/1015/831 846/1017/840
f 848/1021/842 847/1022/841 996/1023/987
f 847/1022/841 848/1021/842 849/1024/843
f 848/1021/842 998/968/989 849/1024/843
f 849/1024/843 998/968/989 923/1025/914
f 583/1026/577 923/1025/914 998/968/989
f 998/968/989 850/969/844 583/1026/577
f 851/1027/845 583/1026/577 850/969/844
f 850/969/844 810/971/804 851/1027/845
f 587/1028/581 851/1027/845 810/971/804
f 810/971/804 819/992/813 587/1028/581
f 853/1029/847 587/1028/581 819/992/813
f 819/992/813 852/993/846 853/1029/847
f 581/1030/575 853/1029/847 852/993/846
f 852/993/846 843/995/837 581/1030/575
f 854/1031/848 581/1030/575 843/995/837
f 843/995/837 845/1006/839 854/1031/848
f 855/1032/849 854/1031/848 845/1006/839
f 845/1006/839 916/1033/907 855/1032/849
f 916/1033/907 845/1006/839 826/1004/820
f 826/1004/820 856/1034/850 916/1033/907
f 860/1035/854 916/1033/907 856/1034/850
f 856/1034/850 857/1036/851 860/1035/854
f 859/1037/853 860/1035/854 857/1036/851
f 859/1037/853 861/1038/855 860/1035/854
f 859/1037/853 883/1039/877 872/1040/866
f 857/1036/851 883/1039/877 859/1037/853
f 872/1040/866 871/1041/865 859/1037/853
f 859/1037/853 871/1041/865 858/1042/852
f 858/1042/852 861/1038/855 859/1037/853
f 869/1043/863 861/1038/855 858/1042/852
f 860/1035/854 861/1038/855 869/1043/863
f 869/1043/863 863/1044/857 860/1035/854
f 863/1044/857 862/1045/856 860/1035/854
f 863/1044/857 864/1046/858 862/1045/856
f 864/1046/858 865/1047/859 862/1045/856
f 868/1048/862 865/1047/859 864/1046/858
f 865/1047/859 868/1048/862 881/1049/875
f 881/1049/875 868/1048/862 866/1050/860
f 881/1049/875 866/1050/860 870/1051/864
f 866/1050/860 867/1052/861 870/1051/864
f 870/1051/864 867/1052/861 863/1044/857
f 864/1046/858 863/1044/857 867/1052/861
f 867/1052/861 866/1050/860 864/1046/858
f 864/1046/858 866/1050/860 868/1048/862
f 863/1044/857 869/1043/863 870/1051/864
f 858/1042/852 870/1051/864 869/1043/863
f 858/1042/852 871/1041/865 870/1051/864
f 871/1041/865 872/1040/866 870/1051/864
f 872/1040/866 881/1049/875 870/1051/864
f 865/1047/859 880/1053/874 862/1045/856
f 881/1049/875 880/1053/874 865/1047/859
f 907/1054/899 873/1055/867 875/25/869
f 876/26/870 875/25/869 873/1055/867
f 876/26/870 919/1056/910 874/24/868
f 1069/1057/1060 874/24/868 919/1056/910
f 919/1056/910 877/1058/871 1069/1057/1060
f 878/1059/872 1069/1057/1060 877/1058/871
f 877/1058/871 862/1045/856 878/1059/872
f 879/1060/873 878/1059/872 862/1045/856
f 862/1045/856 880/1053/874 879/1060/873
f 887/1061/881 879/1060/873 880/1053/874
f 880/1053/874 881/1049/875 887/1061/881
f 882/1062/876 887/1061/881 881/1049/875
f 872/1040/866 882/1062/876 881/1049/875
f 872/1040/866 884/1063/878 882/1062/876
f 884/1063/878 872/1040/866 883/1039/877
f 883/1039/877 885/1064/879 884/1063/878
f 885/1064/879 883/1039/877 857/1036/851
f 885/1064/879 886/1065/880 882/1062/876
f 882/1062/876 884/1063/878 885/1064/879
f 885/1064/879 857/1036/851 878/1059/872
f 878/1059/872 886/1065/880 885/1064/879
f 879/1060/873 886/1065/880 878/1059/872
f 882/1062/876 886/1065/880 879/1060/873
f 879/1060/873 887/1061/881 882/1062/876
f 894/1066/887 888/1067/882 919/1056/910
f 894/1066/887 896/1068/889 888/1067/882
f 896/1068/889 905/1069/898 888/1067/882
f 905/1069/898 896/1068/889 889/1070/883
f 889/1070/883 891/1071/884 905/1069/898
f 891/1071/884 889/1070/883 890/1072/800
f 891/1071/884 890/1072/800 893/1073/886
f 890/1072/800 892/1074/885 893/1073/886
f 893/1073/886 892/1074/885 895/1075/888
f 894/1066/887 895/1075/888 892/1074/885
f 895/1075/888 894/1066/887 919/1056/910
f 876/26/870 895/1075/888 919/1056/910
f 895/1075/888 876/26/870 893/1073/886
f 873/1055/867 893/1073/886 876/26/870
f 892/1074/885 890/1072/800 894/1066/887
f 896/1068/889 894/1066/887 890/1072/800
f 890/1072/800 889/1070/883 896/1068/889
f 943/1076/934 938/1077/929 934/1078/925
f 943/1076/934 897/1079/890 938/1077/929
f 938/1077/929 897/1079/890 898/1080/891
f 899/1081/892 898/1080/891 897/1079/890
f 901/1082/894 898/1080/891 899/1081/892
f 899/1081/892 900/1083/893 901/1082/894
f 903/1084/896 901/1082/894 900/1083/893
f 900/1083/893 902/1085/895 903/1084/896
f 904/1086/897 903/1084/896 902/1085/895
f 902/1085/895 888/1067/882 904/1086/897
f 904/1086/897 888/1067/882 910/1087/901
f 905/1069/898 910/1087/901 888/1067/882
f 906/1088/801 910/1087/901 905/1069/898
f 905/1069/898 891/1071/884 906/1088/801
f 906/1088/801 891/1071/884 908/1089/802
f 891/1071/884 893/1073/886 908/1089/802
f 893/1073/886 907/1054/899 908/1089/802
f 893/1073/886 873/1055/867 907/1054/899
f 909/1090/900 911/1091/902 910/1087/901
f 910/1087/901 911/1091/902 904/1086/897
f 910/1087/901 906/1088/801 909/1090/900
f 909/1090/900 906/1088/801 908/1089/802
f 911/1091/902 909/1090/900 908/1089/802
f 908/1089/802 913/1092/904 911/1091/902
f 904/1086/897 911/1091/902 913/1092/904
f 904/1086/897 913/1092/904 915/1093/906
f 915/1093/906 874/24/868 904/1086/897
f 915/1093/906 914/1094/905 874/24/868
f 914/1094/905 875/25/869 874/24/868
f 875/25/869 914/1094/905 907/1054/899
f 912/1095/903 907/1054/899 914/1094/905
f 907/1054/899 912/1095/903 908/1089/802
f 913/1092/904 908/1089/802 912/1095/903
f 912/1095/903 915/1093/906 913/1092/904
f 914/1094/905 915/1093/906 912/1095/903
f 580/1096/574 855/1032/849 916/1033/907
f 916/1033/907 860/1035/854 580/1096/574
f 917/1097/908 580/1096/574 860/1035/854
f 860/1035/854 862/1045/856 917/1097/908
f 918/1098/909 917/1097/908 862/1045/856
f 862/1045/856 877/1058/871 918/1098/909
f 586/1099/580 918/1098/909 877/1058/871
f 877/1058/871 919/1056/910 586/1099/580
f 920/1100/911 586/1099/580 919/1056/910
f 919/1056/910 888/1067/882 920/1100/911
f 582/1101/576 920/1100/911 888/1067/882
f 888/1067/882 902/1085/895 582/1101/576
f 921/1102/912 582/1101/576 902/1085/895
f 902/1085/895 900/1083/893 921/1102/912
f 585/1103/579 921/1102/912 900/1083/893
f 900/1083/893 941/1104/932 585/1103/579
f 922/1105/913 585/1103/579 941/1104/932
f 941/1104/932 926/1106/917 922/1105/913
f 584/1107/578 922/1105/913 926/1106/917
f 926/1106/917 849/1024/843 584/1107/578
f 923/1025/914 584/1107/578 849/1024/843
f 1004/1108/995 924/1109/915 1003/1110/994
f 924/1109/915 1004/1108/995 991/1111/982
f 991/1111/982 925/1112/916 924/1109/915
f 986/1113/977 925/1112/916 991/1111/982
f 925/1112/916 986/1113/977 995/1114/986
f 995/1114/986 924/1109/915 925/1112/916
f 1003/1110/994 924/1109/915 995/1114/986
f 995/1114/986 849/1024/843 1003/1110/994
f 1078/1115/1069 1003/1110/994 849/1024/843
f 849/1024/843 926/1106/917 1078/1115/1069
f 927/1116/918 1078/1115/1069 926/1106/917
f 926/1106/917 941/1104/932 927/1116/918
f 927/1116/918 941/1104/932 928/1117/919
f 929/1118/920 928/1117/919 941/1104/932
f 930/1119/921 928/1117/919 929/1118/920
f 929/1118/920 931/1120/922 930/1119/921
f 930/1119/921 931/1120/922 934/1078/925
f 931/1120/922 943/1076/934 934/1078/925
f 932/1121/923 933/1122/924 928/1117/919
f 928/1117/919 933/1122/924 927/1116/918
f 928/1117/919 930/1119/921 932/1121/923
f 932/1121/923 930/1119/921 934/1078/925
f 933/1122/924 932/1121/923 934/1078/925
f 934/1078/925 935/1123/926 933/1122/924
f 927/1116/918 933/1122/924 935/1123/926
f 927/1116/918 935/1123/926 936/1124/927
f 936/1124/927 901/1082/894 927/1116/918
f 936/1124/927 937/1125/928 901/1082/894
f 937/1125/928 898/1080/891 901/1082/894
f 898/1080/891 937/1125/928 938/1077/929
f 939/1126/930 938/1077/929 937/1125/928
f 938/1077/929 939/1126/930 934/1078/925
f 935/1123/926 934/1078/925 939/1126/930
f 939/1126/930 936/1124/927 935/1123/926
f 937/1125/928 936/1124/927 939/1126/930
f 940/1127/931 941/1104/932 900/1083/893
f 940/1127/931 947/1128/938 941/1104/932
f 947/1128/938 929/1118/920 941/1104/932
f 929/1118/920 947/1128/938 942/1129/933
f 942/1129/933 931/1120/922 929/1118/920
f 931/1120/922 942/1129/933 946/1130/937
f 931/1120/922 946/1130/937 943/1076/934
f 946/1130/937 944/1131/935 943/1076/934
f 943/1076/934 944/1131/935 945/1132/936
f 940/1127/931 945/1132/936 944/1131/935
f 945/1132/936 940/1127/931 900/1083/893
f 899/1081/892 945/1132/936 900/1083/893
f 945/1132/936 899/1081/892 943/1076/934
f 897/1079/890 943/1076/934 899/1081/892
f 944/1131/935 946/1130/937 940/1127/931
f 947/1128/938 940/1127/931 946/1130/937
f 946/1130/937 942/1129/933 947/1128/938
f 958/1133/949 1058/1134/1049 1059/1135/1050
f 1059/1135/1050 948/1136/939 1062/1137/1053
f 1035/1138/1026 953/1139/944 955/1140/946
f 955/1140/946 949/1141/940 1035/1138/1026
f 1059/1135/1050 1035/1138/1026 949/1141/940
f 1035/1138/1026 1059/1135/1050 950/1142/941
f 1059/1135/1050 952/1143/943 950/1142/941
f 1059/1135/1050 1062/1137/1053 952/1143/943
f 1062/1137/1053 951/1144/942 952/1143/943
f 1062/1137/1053 1065/1145/1056 951/1144/942
f 951/1144/942 1021/1146/1012 952/1143/943
f 963/1147/954 954/1148/945 953/1139/944
f 954/1148/945 955/1140/946 953/1139/944
f 955/1140/946 954/1148/945 961/1149/952
f 949/1141/940 955/1140/946 961/1149/952
f 956/1150/947 949/1141/940 961/1149/952
f 949/1141/940 956/1150/947 1059/1135/1050
f 956/1150/947 962/1151/953 1059/1135/1050
f 962/1151/953 958/1133/949 1059/1135/1050
f 962/1151/953 957/1152/948 958/1133/949
f 957/1152/948 965/1153/956 958/1133/949
f 965/1153/956 957/1152/948 961/1149/952
f 959/1154/950 965/1153/956 961/1149/952
f 960/1155/951 959/1154/950 961/1149/952
f 959/1154/950 960/1155/951 1041/1156/1032
f 960/1155/951 964/1157/955 1041/1156/1032
f 964/1157/955 1039/1158/1030 1041/1156/1032
f 957/1152/948 962/1151/953 961/1149/952
f 962/1151/953 956/1150/947 961/1149/952
f 954/1148/945 963/1147/954 961/1149/952
f 963/1147/954 960/1155/951 961/1149/952
f 960/1155/951 963/1147/954 964/1157/955
f 963/1147/954 953/1139/944 964/1157/955
f 953/1139/944 1037/1159/1028 964/1157/955
f 1042/1160/1033 1057/1161/1048 958/1133/949
f 1041/1156/1032 1042/1160/1033 958/1133/949
f 965/1153/956 1041/1156/1032 958/1133/949
f 965/1153/956 959/1154/950 1041/1156/1032
f 979/1162/970 976/1163/967 971/1164/962
f 982/29/973 979/1162/970 971/1164/962
f 966/1165/957 982/29/973 971/1164/962
f 982/29/973 966/1165/957 980/27/971
f 967/1166/958 980/27/971 966/1165/957
f 966/1165/957 968/1167/959 967/1166/958
f 985/1168/976 967/1166/958 968/1167/959
f 968/1167/959 969/1169/960 985/1168/976
f 970/1170/961 985/1168/976 969/1169/960
f 969/1169/960 971/1164/962 970/1170/961
f 972/1171/963 970/1170/961 971/1164/962
f 971/1164/962 973/1172/964 972/1171/963
f 974/1173/965 972/1171/963 973/1172/964
f 973/1172/964 977/1174/968 974/1173/965
f 984/1175/975 974/1173/965 977/1174/968
f 977/1174/968 975/1176/966 984/1175/975
f 983/1177/974 984/1175/975 975/1176/966
f 975/1176/966 976/1163/967 983/1177/974
f 976/1163/967 973/1172/964 971/1164/962
f 976/1163/967 977/1174/968 973/1172/964
f 976/1163/967 975/1176/966 977/1174/968
f 971/1164/962 969/1169/960 968/1167/959
f 968/1167/959 966/1165/957 971/1164/962
f 978/1178/969 983/1177/974 976/1163/967
f 976/1163/967 979/1162/970 978/1178/969
f 981/28/972 978/1178/969 979/1162/970
f 979/1162/970 982/29/973 981/28/972
f 985/1169/976 970/1164/961 972/1172/963
f 984/1176/975 983/1163/974 978/1162/969
f 984/1176/975 978/1162/969 972/1172/963
f 978/1162/969 981/29/972 972/1172/963
f 981/29/972 985/1169/976 972/1172/963
f 981/29/972 980/1165/971 985/1169/976
f 980/1165/971 967/1167/958 985/1169/976
f 984/1176/975 972/1172/963 974/1174/965
f 990/1179/981 988/1180/979 986/1113/977
f 990/1179/981 987/1181/978 988/1180/979
f 988/1180/979 987/1181/978 989/1182/980
f 997/1183/988 989/1182/980 987/1181/978
f 987/1181/978 990/1179/981 997/1183/988
f 997/1183/988 990/1179/981 1000/1184/991
f 1000/1184/991 990/1179/981 992/1185/983
f 990/1179/981 986/1113/977 992/1185/983
f 986/1113/977 991/1111/982 992/1185/983
f 991/1111/982 993/1186/984 992/1185/983
f 993/1186/984 991/1111/982 1004/1108/995
f 1004/1108/995 994/1187/985 993/1186/984
f 993/1186/984 994/1187/985 1002/1188/993
f 1002/1188/993 992/1185/983 993/1186/984
f 995/1114/986 847/1022/841 849/1024/843
f 847/1022/841 995/1114/986 986/1113/977
f 986/1113/977 996/1023/987 847/1022/841
f 988/1180/979 996/1023/987 986/1113/977
f 996/1023/987 988/1180/979 848/1021/842
f 989/1182/980 848/1021/842 988/1180/979
f 848/1021/842 989/1182/980 998/968/989
f 989/1182/980 997/1183/988 998/968/989
f 997/1183/988 999/966/990 998/968/989
f 1000/1184/991 999/966/990 997/1183/988
f 999/966/990 1000/1184/991 794/964/788
f 794/964/788 1000/1184/991 992/1185/983
f 1001/965/992 794/964/788 992/1185/983
f 992/1185/983 1002/1188/993 1001/965/992
f 1077/967/1068 1001/965/992 1002/1188/993
f 1002/1188/993 994/1187/985 1077/967/1068
f 994/1187/985 1003/1110/994 1077/967/1068
f 994/1187/985 1004/1108/995 1003/1110/994
f 1005/1189/996 1017/1190/1008 1014/1191/1005
f 1014/1191/1005 1007/1192/998 1005/1189/996
f 1006/936/997 1005/1189/996 1007/1192/998
f 1007/1192/998 1008/1193/999 1006/936/997
f 1009/937/1000 1006/936/997 1008/1193/999
f 1008/1193/999 1013/1194/1004 1009/937/1000
f 1010/939/1001 1009/937/1000 1013/1194/1004
f 1013/1194/1004 782/941/776 1010/939/1001
f 1011/943/1002 782/941/776 1013/1194/1004
f 1013/1194/1004 1012/1195/1003 1011/943/1002
f 1012/1195/1003 1013/1194/1004 1008/1193/999
f 1008/1193/999 639/1196/633 1012/1195/1003
f 639/1196/633 1008/1193/999 1007/1192/998
f 1007/1192/998 1015/1197/1006 639/1196/633
f 1015/1197/1006 1007/1192/998 1014/1191/1005
f 1014/1191/1005 1016/1198/1007 1015/1197/1006
f 677/1199/671 1016/1198/1007 1014/1191/1005
f 1014/1191/1005 669/1200/663 677/1199/671
f 669/1200/663 1014/1191/1005 1017/1190/1008
f 1017/1190/1008 1018/1201/1009 669/1200/663
f 379/1202/378 1018/1201/1009 1017/1190/1008
f 1017/1190/1008 373/1203/372 379/1202/378
f 370/1204/369 373/1203/372 1017/1190/1008
f 1017/1190/1008 1005/1189/996 370/1204/369
f 1019/935/1010 370/1204/369 1005/1189/996
f 1005/1189/996 1006/936/997 1019/935/1010
f 1021/1205/1012 951/1206/942 1020/1207/1011
f 1020/1207/1011 1033/1208/1024 1021/1205/1012
f 1033/1208/1024 1020/1207/1011 1022/1209/1013
f 1022/1209/1013 1024/1210/1015 1033/1208/1024
f 1023/1211/1014 1033/1208/1024 1024/1210/1015
f 1024/1210/1015 1025/1212/1016 1023/1211/1014
f 1034/1213/1025 1023/1211/1014 1025/1212/1016
f 1025/1212/1016 1026/1214/1017 1034/1213/1025
f 1036/1215/1027 1034/1213/1025 1026/1214/1017
f 1026/1214/1017 1028/1216/1019 1036/1215/1027
f 1027/1217/1018 1036/1215/1027 1028/1216/1019
f 1028/1216/1019 1029/1218/1020 1027/1217/1018
f 1038/1219/1029 1027/1217/1018 1029/1218/1020
f 1029/1218/1020 1030/1220/1021 1038/1219/1029
f 1040/1221/1031 1038/1219/1029 1030/1220/1021
f 1030/1220/1021 1031/1222/1022 1040/1221/1031
f 1032/1223/1023 1040/1221/1031 1031/1222/1022
f 1031/1222/1022 1043/1224/1034 1032/1223/1023
f 952/1225/943 1021/1205/1012 1033/1208/1024
f 1033/1208/1024 1023/1211/1014 952/1225/943
f 950/1226/941 952/1225/943 1023/1211/1014
f 1023/1211/1014 1034/1213/1025 950/1226/941
f 1035/1227/1026 950/1226/941 1034/1213/1025
f 1034/1213/1025 1036/1215/1027 1035/1227/1026
f 953/1228/944 1035/1227/1026 1036/1215/1027
f 1036/1215/1027 1027/1217/1018 953/1228/944
f 1037/1229/1028 953/1228/944 1027/1217/1018
f 1027/1217/1018 1038/1219/1029 1037/1229/1028
f 964/1230/955 1037/1229/1028 1038/1219/1029
f 1038/1219/1029 1040/1221/1031 964/1230/955
f 1039/1231/1030 964/1230/955 1040/1221/1031
f 1040/1221/1031 1032/1223/1023 1039/1231/1030
f 1041/1232/1032 1039/1231/1030 1032/1223/1023
f 1032/1223/1023 1044/1233/1035 1041/1232/1032
f 1042/1234/1033 1041/1232/1032 1044/1233/1035
f 1044/1233/1035 1046/1235/1037 1042/1234/1033
f 1044/1233/1035 1032/1223/1023 1043/1224/1034
f 1043/1224/1034 1045/1236/1036 1044/1233/1035
f 1046/1235/1037 1044/1233/1035 1045/1236/1036
f 1045/1236/1036 1047/1237/1038 1046/1235/1037
f 1048/1238/1039 1046/1235/1037 1047/1237/1038
f 1047/1237/1038 1049/1239/1040 1048/1238/1039
f 1050/1240/1041 1048/1238/1039 1049/1239/1040
f 1049/1239/1040 1051/1241/1042 1050/1240/1041
f 1060/1242/1051 1050/1240/1041 1051/1241/1042
f 1051/1241/1042 1052/1243/1043 1060/1242/1051
f 1061/1244/1052 1060/1242/1051 1052/1243/1043
f 1052/1243/1043 1053/1245/1044 1061/1244/1052
f 1063/1246/1054 1061/1244/1052 1053/1245/1044
f 1053/1245/1044 1054/1247/1045 1063/1246/1054
f 1064/1248/1055 1063/1246/1054 1054/1247/1045
f 1054/1247/1045 1055/1249/1046 1064/1248/1055
f 1066/1250/1057 1064/1248/1055 1055/1249/1046
f 1055/1249/1046 1056/1251/1047 1066/1250/1057
f 1020/1252/1011 1066/1250/1057 1056/1251/1047
f 1056/1251/1047 1022/1253/1013 1020/1252/1011
f 1057/1254/1048 1042/1234/1033 1046/1235/1037
f 1046/1235/1037 1048/1238/1039 1057/1254/1048
f 958/1255/949 1057/1254/1048 1048/1238/1039
f 1048/1238/1039 1050/1240/1041 958/1255/949
f 1058/1256/1049 958/1255/949 1050/1240/1041
f 1050/1240/1041 1060/1242/1051 1058/1256/1049
f 1059/1257/1050 1058/1256/1049 1060/1242/1051
f 1060/1242/1051 1061/1244/1052 1059/1257/1050
f 948/1258/939 1059/1257/1050 1061/1244/1052
f 1061/1244/1052 1063/1246/1054 948/1258/939
f 1062/1259/1053 948/1258/939 1063/1246/1054
f 1063/1246/1054 1064/1248/1055 1062/1259/1053
f 1065/1260/1056 1062/1259/1053 1064/1248/1055
f 1064/1248/1055 1066/1250/1057 1065/1260/1056
f 951/1261/942 1065/1260/1056 1066/1250/1057
f 1066/1250/1057 1020/1252/1011 951/1261/942
f 1067/1262/1058 1108/1263/1099 904/1264/897
f 904/1264/897 874/1265/868 1067/1262/1058
f 1068/1266/1059 1067/1262/1058 874/1265/868
f 874/1265/868 1069/1267/1060 1068/1266/1059
f 1070/1268/1061 1068/1266/1059 1069/1267/1060
f 1069/1267/1060 878/1269/872 1070/1268/1061
f 1106/1270/1097 1070/1268/1061 878/1269/872
f 878/1269/872 857/1271/851 1106/1270/1097
f 1071/1272/1062 1106/1270/1097 857/1271/851
f 857/1271/851 856/1273/850 1071/1272/1062
f 1072/1274/1063 1071/1272/1062 856/1273/850
f 856/1273/850 826/1275/820 1072/1274/1063
f 1100/1276/1091 1072/1274/1063 826/1275/820
f 826/1275/820 830/1277/824 1100/1276/1091
f 1098/1278/1089 1100/1276/1091 830/1277/824
f 830/1277/824 1073/1279/1064 1098/1278/1089
f 1097/1280/1088 1098/1278/1089 1073/1279/1064
f 1073/1279/1064 820/1281/814 1097/1280/1088
f 1074/1282/1065 1097/1283/1088 820/1284/814
f 820/1284/814 1075/1285/1066 1074/1282/1065
f 1076/1286/1067 1074/1282/1065 1075/1285/1066
f 1075/1285/1066 795/1287/789 1076/1286/1067
f 1093/1288/1084 1076/1286/1067 795/1287/789
f 795/1287/789 1077/1289/1068 1093/1288/1084
f 1092/1290/1083 1093/1288/1084 1077/1289/1068
f 1077/1289/1068 1003/1291/994 1092/1290/1083
f 1090/1292/1081 1092/1290/1083 1003/1291/994
f 1003/1291/994 1078/1293/1069 1090/1292/1081
f 1089/1294/1080 1090/1292/1081 1078/1293/1069
f 1078/1293/1069 927/1295/918 1089/1294/1080
f 1079/1296/1070 1089/1294/1080 927/1295/918
f 927/1295/918 901/1297/894 1079/1296/1070
f 1080/1298/1071 1079/1296/1070 901/1297/894
f 901/1297/894 903/1299/896 1080/1298/1071
f 1108/1263/1099 1080/1298/1071 903/1299/896
f 903/1299/896 904/1264/897 1108/1263/1099
f 1081/1300/1072 1082/1301/1073 1088/1302/1079
f 1091/1303/1082 1088/1302/1079 1082/1301/1073
f 1082/1301/1073 1083/1304/1074 1091/1303/1082
f 1094/1305/1085 1091/1303/1082 1083/1304/1074
f 1083/1304/1074 1084/1306/1075 1094/1305/1085
f 1085/1307/1076 1094/1305/1085 1084/1306/1075
f 1084/1306/1075 433/1308/432 1085/1307/1076
f 1095/1309/1086 1085/1307/1076 433/1308/432
f 433/1308/432 431/1310/430 1095/1309/1086
f 1096/1311/1087 1095/1309/1086 431/1310/430
f 431/1310/430 1086/1312/1077 1096/1311/1087
f 1099/1313/1090 1096/1311/1087 1086/1312/1077
f 1086/1312/1077 429/1314/428 1099/1313/1090
f 1101/1315/1092 1099/1313/1090 429/1314/428
f 429/1314/428 1087/1316/1078 1101/1315/1092
f 1102/1317/1093 1101/1315/1092 1087/1316/1078
f 1087/1316/1078 442/1318/441 1102/1317/1093
f 1103/1319/1094 1102/1317/1093 442/1318/441
f 1119/1320/1110 1088/1302/1079 1089/1321/1080
f 1090/1322/1081 1089/1321/1080 1088/1302/1079
f 1088/1302/1079 1091/1303/1082 1090/1322/1081
f 1092/1323/1083 1090/1322/1081 1091/1303/1082
f 1091/1303/1082 1094/1305/1085 1092/1323/1083
f 1093/1324/1084 1092/1323/1083 1094/1305/1085
f 1094/1305/1085 1085/1307/1076 1093/1324/1084
f 1076/1325/1067 1093/1324/1084 1085/1307/1076
f 1085/1307/1076 1095/1309/1086 1076/1325/1067
f 1074/1326/1065 1076/1325/1067 1095/1309/1086
f 1095/1309/1086 1096/1311/1087 1074/1326/1065
f 1097/1327/1088 1074/1326/1065 1096/1311/1087
f 1096/1311/1087 1099/1313/1090 1097/1327/1088
f 1098/1328/1089 1097/1327/1088 1099/1313/1090
f 1099/1313/1090 1101/1315/1092 1098/1328/1089
f 1100/1329/1091 1098/1328/1089 1101/1315/1092
f 1101/1315/1092 1102/1317/1093 1100/1329/1091
f 1072/1330/1063 1100/1329/1091 1102/1317/1093
f 1102/1317/1093 1103/1319/1094 1072/1330/1063
f 1071/1331/1062 1072/1330/1063 1103/1319/1094
f 1103/1319/1094 1104/1332/1095 1071/1331/1062
f 1106/1333/1097 1071/1331/1062 1104/1332/1095
f 1104/1332/1095 1105/1334/1096 1106/1333/1097
f 1070/1335/1061 1106/1333/1097 1105/1334/1096
f 1105/1334/1096 1107/1336/1098 1070/1335/1061
f 1068/1337/1059 1070/1335/1061 1107/1336/1098
f 1107/1336/1098 1114/1338/1105 1068/1337/1059
f 1067/1339/1058 1068/1337/1059 1114/1338/1105
f 1114/1338/1105 1116/1340/1107 1067/1339/1058
f 1108/1341/1099 1067/1339/1058 1116/1340/1107
f 1116/1340/1107 1109/1342/1100 1108/1341/1099
f 1080/1343/1071 1108/1341/1099 1109/1342/1100
f 1109/1342/1100 1110/1344/1101 1080/1343/1071
f 1079/1345/1070 1080/1343/1071 1110/1344/1101
f 1110/1344/1101 1119/1320/1110 1079/1345/1070
f 1089/1321/1080 1079/1345/1070 1119/1320/1110
f 442/1318/441 1111/1346/1102 1103/1319/1094
f 1104/1332/1095 1103/1319/1094 1111/1346/1102
f 1111/1346/1102 1112/1347/1103 1104/1332/1095
f 1105/1334/1096 1104/1332/1095 1112/1347/1103
f 1112/1347/1103 1113/1348/1104 1105/1334/1096
f 1107/1336/1098 1105/1334/1096 1113/1348/1104
f 1113/1348/1104 1115/1349/1106 1107/1336/1098
f 1114/1338/1105 1107/1336/1098 1115/1349/1106
f 1115/1349/1106 439/1350/438 1114/1338/1105
f 1116/1340/1107 1114/1338/1105 439/1350/438
f 439/1350/438 438/1351/437 1116/1340/1107
f 1109/1342/1100 1116/1340/1107 438/1351/437
f 438/1351/437 1117/1352/1108 1109/1342/1100
f 1110/1344/1101 1109/1342/1100 1117/1352/1108
f 1117/1352/1108 1118/1353/1109 1110/1344/1101
f 1119/1320/1110 1110/1344/1101 1118/1353/1109
f 1118/1353/1109 1081/1300/1072 1119/1320/1110
f 1088/1302/1079 1119/1320/1110 1081/1300/1072
f 1142/1354/1133 1120/1355/1111 1128/1356/1119
f 1121/1357/1112 1128/1356/1119 1120/1355/1111
f 1120/1355/1111 1140/1358/1131 1121/1357/1112
f 1122/1359/1113 1121/1357/1112 1140/1358/1131
f 1140/1358/1131 1138/1360/1129 1122/1359/1113
f 1132/1357/1123 1122/1359/1113 1138/1360/1129
f 1138/1360/1129 1136/1358/1127 1132/1357/1123
f 1133/1356/1124 1132/1357/1123 1136/1358/1127
f 1136/1358/1127 1151/1355/1142 1133/1356/1124
f 1134/1361/1125 1133/1356/1124 1151/1355/1142
f 1151/1355/1142 1147/1354/1138 1134/1361/1125
f 1135/1362/1126 1134/1361/1125 1147/1354/1138
f 1147/1354/1138 1146/1363/1137 1135/1362/1126
f 1123/1364/1114 1135/1362/1126 1146/1363/1137
f 1146/1363/1137 1144/1365/1135 1123/1364/1114
f 1127/1362/1118 1123/1364/1114 1144/1365/1135
f 1144/1365/1135 1143/1363/1134 1127/1362/1118
f 1124/1361/1115 1127/1362/1118 1143/1363/1134
f 1123/1364/1114 1127/1362/1118 1126/1366/1117
f 1125/1367/1116 1126/1366/1117 1127/1362/1118
f 1127/1362/1118 1124/1361/1115 1125/1367/1116
f 192/1368/192 1125/1367/1116 1124/1361/1115
f 1143/1363/1134 1142/1354/1133 1124/1361/1115
f 1128/1356/1119 1124/1361/1115 1142/1354/1133
f 1124/1361/1115 1128/1356/1119 192/1368/192
f 191/1369/191 192/1368/192 1128/1356/1119
f 1128/1356/1119 1121/1357/1112 191/1369/191
f 1129/1370/1120 191/1369/191 1121/1357/1112
f 1121/1357/1112 1122/1359/1113 1129/1370/1120
f 1130/1369/1121 1129/1370/1120 1122/1359/1113
f 1122/1359/1113 1132/1357/1123 1130/1369/1121
f 1131/1368/1122 1130/1369/1121 1132/1357/1123
f 1132/1357/1123 1133/1356/1124 1131/1368/1122
f 190/1367/190 1131/1368/1122 1133/1356/1124
f 1133/1356/1124 1134/1361/1125 190/1367/190
f 188/1366/188 190/1367/190 1134/1361/1125
f 1134/1361/1125 1135/1362/1126 188/1366/188
f 189/1371/189 188/1366/188 1135/1362/1126
f 1135/1362/1126 1123/1364/1114 189/1371/189
f 1126/1366/1117 189/1371/189 1123/1364/1114
f 1151/1355/1142 1136/1358/1127 1137/1372/1128
f 1153/1373/1144 1137/1372/1128 1136/1358/1127
f 1136/1358/1127 1138/1360/1129 1153/1373/1144
f 1139/1372/1130 1153/1373/1144 1138/1360/1129
f 1138/1360/1129 1140/1358/1131 1139/1372/1130
f 1157/1374/1148 1139/1372/1130 1140/1358/1131
f 1140/1358/1131 1120/1355/1111 1157/1374/1148
f 1141/1375/1132 1157/1374/1148 1120/1355/1111
f 1120/1355/1111 1142/1354/1133 1141/1375/1132
f 1159/1376/1150 1141/1375/1132 1142/1354/1133
f 1142/1354/1133 1143/1363/1134 1159/1376/1150
f 1160/1377/1151 1159/1376/1150 1143/1363/1134
f 1143/1363/1134 1144/1365/1135 1160/1377/1151
f 1148/1376/1139 1160/1377/1151 1144/1365/1135
f 1144/1365/1135 1146/1363/1137 1148/1376/1139
f 1145/1375/1136 1148/1376/1139 1146/1363/1137
f 1146/1363/1137 1147/1354/1138 1145/1375/1136
f 1150/1374/1141 1145/1375/1136 1147/1354/1138
f 1148/1376/1139 1145/1375/1136 1149/1378/1140
f 610/1379/604 1149/1378/1140 1145/1375/1136
f 1145/1375/1136 1150/1374/1141 610/1379/604
f 1152/1380/1143 610/1379/604 1150/1374/1141
f 1147/1354/1138 1151/1355/1142 1150/1374/1141
f 1137/1372/1128 1150/1374/1141 1151/1355/1142
f 1150/1374/1141 1137/1372/1128 1152/1380/1143
f 1154/1381/1145 1152/1380/1143 1137/1372/1128
f 1137/1372/1128 1153/1373/1144 1154/1381/1145
f 1155/1380/1146 1154/1381/1145 1153/1373/1144
f 1153/1373/1144 1139/1372/1130 1155/1380/1146
f 1156/1379/1147 1155/1380/1146 1139/1372/1130
f 1139/1372/1130 1157/1374/1148 1156/1379/1147
f 607/1378/601 1156/1379/1147 1157/1374/1148
f 1157/1374/1148 1141/1375/1132 607/1378/601
f 606/1382/600 607/1378/601 1141/1375/1132
f 1141/1375/1132 1159/1376/1150 606/1382/600
f 1158/1383/1149 606/1382/600 1159/1376/1150
f 1159/1376/1150 1160/1377/1151 1158/1383/1149
f 1161/1382/1152 1158/1383/1149 1160/1377/1151
f 1160/1377/1151 1148/1376/1139 1161/1382/1152
f 1149/1378/1140 1161/1382/1152 1148/1376/1139
usemtl screen
f 1162/1384/1153 1496/1385/1427 1495/1386/1426
f 1495/1386/1426 1503/1387/1434 1162/1384/1153
usemtl toolgun3
f 1164/1388/1155 1165/1389/1156 1166/1390/1157
f 1193/1391/1180 1194/1392/1181 1195/1393/1182
f 1196/1394/1183 1197/1395/1184 1198/1396/1185
f 1291/1397/1171 1292/1398/1170 1293/1399/975
f 1309/1400/1270 1310/1401/1271 1311/1402/1272
f 1492/1403/1423 1493/1404/1424 1494/1405/1425
f 1552/1406/1477 1553/1407/1478 1554/1408/1479
f 1560/1409/1485 1561/1410/1486 1562/1411/1487
f 1546/1412/1471 1545/1413/1470 1547/1414/1472
f 1164/1388/1155 1547/1414/1472 1549/1415/1474
f 1547/1414/1472 1164/1388/1155 1546/1412/1471
f 1166/1390/1157 1546/1412/1471 1164/1388/1155
f 1171/1416/1162 1549/1415/1474 1163/1417/1154
f 1549/1415/1474 1171/1416/1162 1164/1388/1155
f 1165/1389/1156 1164/1388/1155 1171/1416/1162
f 1542/1418/1467 1166/1390/1157 1165/1389/1156
f 1168/1419/1159 1537/1420/1462 1167/1421/1158
f 1167/1421/1158 1178/1422/1169 1168/1419/1159
f 1535/1423/1460 1168/1419/1159 1178/1422/1169
f 1178/1422/1169 1176/1424/1167 1535/1423/1460
f 1169/1425/1160 1535/1423/1460 1176/1424/1167
f 1176/1424/1167 1170/1426/1161 1169/1425/1160
f 1550/1427/1475 1169/1425/1160 1170/1426/1161
f 1170/1426/1161 1163/1417/1154 1550/1427/1475
f 1163/1417/1154 1170/1426/1161 1171/1416/1162
f 1172/1428/1163 1171/1416/1162 1170/1426/1161
f 1171/1416/1162 1172/1428/1163 1165/1389/1156
f 1173/1429/1164 1165/1389/1156 1172/1428/1163
f 1165/1389/1156 1173/1429/1164 1542/1418/1467
f 1174/1430/1165 1542/1418/1467 1173/1429/1164
f 1173/1429/1164 1175/1431/1166 1174/1430/1165
f 1175/1431/1166 1173/1429/1164 1177/1432/1168
f 1172/1428/1163 1177/1432/1168 1173/1429/1164
f 1177/1432/1168 1172/1428/1163 1176/1424/1167
f 1170/1426/1161 1176/1424/1167 1172/1428/1163
f 1177/1432/1168 1538/1433/1463 1175/1431/1166
f 1538/1433/1463 1177/1432/1168 1178/1422/1169
f 1176/1424/1167 1178/1422/1169 1177/1432/1168
f 1178/1422/1169 1167/1421/1158 1538/1433/1463
f 1184/1434/975 1179/1435/1170 1185/1436/652
f 1180/1437/344 1185/1436/652 1179/1435/1170
f 1179/1435/1170 1181/1438/1171 1180/1437/344
f 1183/1439/1172 1180/1437/344 1181/1438/1171
f 1181/1438/1171 1182/1440/966 1183/1439/1172
f 1247/1441/1234 1183/1439/1172 1182/1440/966
f 1182/1440/966 1184/1434/975 1247/1441/1234
f 1185/1436/652 1247/1441/1234 1184/1434/975
f 1184/1434/975 1182/1440/966 1181/1438/1171
f 1181/1438/1171 1179/1435/1170 1184/1434/975
f 1201/1442/1188 1200/1443/1187 1187/1444/1174
f 1617/1445/1542 1201/1442/1188 1186/1446/1173
f 1201/1442/1188 1189/1447/1176 1186/1446/1173
f 1201/1442/1188 1187/1444/1174 1189/1447/1176
f 1187/1444/1174 1188/1448/1175 1189/1447/1176
f 1189/1447/1176 1214/1449/1201 1186/1446/1173
f 1191/1450/1178 1190/1451/1177 1251/1452/1238
f 1208/1453/1195 1207/1454/1194 1251/1452/1238
f 1251/1452/1238 1190/1451/1177 1208/1453/1195
f 1211/1455/1198 1208/1453/1195 1190/1451/1177
f 1190/1451/1177 1191/1450/1178 1211/1455/1198
f 1212/1456/1199 1211/1455/1198 1191/1450/1178
f 1191/1450/1178 1619/1457/1544 1212/1456/1199
f 1194/1392/1181 1619/1457/1544 1191/1450/1178
f 1194/1392/1181 1191/1450/1178 1251/1452/1238
f 1194/1392/1181 1251/1452/1238 1195/1393/1182
f 1251/1452/1238 1250/1458/1237 1195/1393/1182
f 1195/1393/1182 1250/1458/1237 1197/1459/1184
f 1197/1459/1184 1196/1460/1183 1195/1393/1182
f 1193/1391/1180 1195/1393/1182 1196/1460/1183
f 1196/1460/1183 1192/1461/1179 1193/1391/1180
f 1194/1392/1181 1193/1391/1180 1192/1461/1179
f 1192/1461/1179 1621/1462/1546 1194/1392/1181
f 1192/1463/1179 1196/1394/1183 1199/1464/1186
f 1198/1396/1185 1199/1464/1186 1196/1394/1183
f 1199/1464/1186 1198/1396/1185 1248/1465/1235
f 1248/1465/1235 1205/1466/1192 1199/1464/1186
f 1205/1466/1192 1248/1465/1235 1187/1467/1174
f 1187/1467/1174 1200/1468/1187 1205/1466/1192
f 1202/1469/1189 1205/1466/1192 1200/1468/1187
f 1200/1468/1187 1201/1470/1188 1202/1469/1189
f 1202/1469/1189 1201/1470/1188 1617/1471/1542
f 1617/1471/1542 1620/1472/1545 1202/1469/1189
f 1202/1469/1189 1620/1472/1545 1203/1473/1190
f 1203/1473/1190 1204/1474/1191 1202/1469/1189
f 1204/1474/1191 1203/1473/1190 1621/1475/1546
f 1621/1475/1546 1192/1463/1179 1204/1474/1191
f 1199/1464/1186 1204/1474/1191 1192/1463/1179
f 1204/1474/1191 1199/1464/1186 1205/1466/1192
f 1205/1466/1192 1202/1469/1189 1204/1474/1191
f 1189/1476/1176 1188/1477/1175 1249/1465/1236
f 1249/1465/1236 1206/1466/1193 1189/1476/1176
f 1206/1466/1193 1249/1465/1236 1252/1396/1239
f 1252/1396/1239 1209/1464/1196 1206/1466/1193
f 1209/1464/1196 1252/1396/1239 1207/1395/1194
f 1207/1395/1194 1208/1478/1195 1209/1464/1196
f 1210/1479/1197 1209/1464/1196 1208/1478/1195
f 1208/1478/1195 1211/1480/1198 1210/1479/1197
f 1618/1481/1543 1210/1479/1197 1211/1480/1198
f 1211/1480/1198 1212/1482/1199 1618/1481/1543
f 1210/1479/1197 1618/1481/1543 1616/1483/1541
f 1616/1483/1541 1213/1484/1200 1210/1479/1197
f 1209/1464/1196 1210/1479/1197 1213/1484/1200
f 1213/1484/1200 1206/1466/1193 1209/1464/1196
f 1206/1466/1193 1213/1484/1200 1214/1485/1201
f 1214/1485/1201 1189/1476/1176 1206/1466/1193
f 1213/1484/1200 1616/1483/1541 1186/1486/1173
f 1186/1486/1173 1214/1485/1201 1213/1484/1200
f 1216/1487/1203 1230/1488/1217 1215/1489/1202
f 1227/1490/1214 1216/1487/1203 1217/1491/1204
f 1216/1487/1203 1223/1492/1210 1217/1491/1204
f 1216/1487/1203 1215/1489/1202 1223/1492/1210
f 1215/1489/1202 1222/1493/1209 1223/1492/1210
f 1223/1492/1210 1225/1494/1212 1217/1491/1204
f 1228/1495/1215 1226/1496/1213 1219/1497/1206
f 1228/1495/1215 1219/1497/1206 1218/1498/1205
f 1219/1497/1206 1224/1499/1211 1218/1498/1205
f 1229/1500/1216 1228/1495/1215 1220/1501/1207
f 1228/1495/1215 1218/1498/1205 1220/1501/1207
f 1218/1498/1205 1221/1502/1208 1220/1501/1207
f 1220/1501/1207 1221/1502/1208 1215/1503/1202
f 1222/1504/1209 1215/1503/1202 1221/1502/1208
f 1221/1502/1208 1218/1498/1205 1222/1504/1209
f 1223/1505/1210 1222/1504/1209 1218/1498/1205
f 1218/1498/1205 1224/1499/1211 1223/1505/1210
f 1225/1506/1212 1223/1505/1210 1224/1499/1211
f 1224/1499/1211 1219/1497/1206 1225/1506/1212
f 1217/1507/1204 1225/1506/1212 1219/1497/1206
f 1219/1497/1206 1226/1496/1213 1217/1507/1204
f 1227/1508/1214 1217/1507/1204 1226/1496/1213
f 1226/1496/1213 1228/1495/1215 1227/1508/1214
f 1216/1509/1203 1227/1508/1214 1228/1495/1215
f 1228/1495/1215 1229/1500/1216 1216/1509/1203
f 1230/1510/1217 1216/1509/1203 1229/1500/1216
f 1229/1500/1216 1220/1501/1207 1230/1510/1217
f 1215/1503/1202 1230/1510/1217 1220/1501/1207
f 1235/1511/1222 1234/1512/1221 1231/1513/1218
f 1237/1514/1224 1235/1511/1222 1238/1515/1225
f 1235/1511/1222 1231/1513/1218 1238/1515/1225
f 1231/1513/1218 1245/1516/1232 1238/1515/1225
f 1231/1513/1218 1232/1517/1219 1245/1516/1232
f 1245/1516/1232 1232/1517/1219 1246/1518/1233
f 1233/1519/1220 1246/1518/1233 1232/1517/1219
f 1232/1517/1219 1231/1513/1218 1233/1519/1220
f 1253/1520/1240 1233/1519/1220 1231/1513/1218
f 1231/1513/1218 1234/1512/1221 1253/1520/1240
f 1236/1521/1223 1253/1520/1240 1234/1512/1221
f 1234/1512/1221 1235/1511/1222 1236/1521/1223
f 1254/1522/1241 1236/1521/1223 1235/1511/1222
f 1235/1511/1222 1237/1514/1224 1254/1522/1241
f 1239/1523/1226 1254/1522/1241 1237/1514/1224
f 1237/1514/1224 1238/1515/1225 1239/1523/1226
f 1255/1524/1242 1239/1523/1226 1238/1515/1225
f 1238/1515/1225 1240/1525/1227 1255/1524/1242
f 1243/1526/1230 1255/1524/1242 1240/1525/1227
f 1245/1516/1232 1241/1527/1228 1242/1528/1229
f 1245/1516/1232 1242/1528/1229 1238/1515/1225
f 1242/1528/1229 1240/1525/1227 1238/1515/1225
f 1240/1525/1227 1242/1528/1229 1243/1526/1230
f 1256/1529/1243 1243/1526/1230 1242/1528/1229
f 1242/1528/1229 1241/1527/1228 1256/1529/1243
f 1244/1530/1231 1256/1529/1243 1241/1527/1228
f 1241/1527/1228 1245/1516/1232 1244/1530/1231
f 1246/1518/1233 1244/1530/1231 1245/1516/1232
f 1247/1531/1234 1185/1532/652 1180/1533/344
f 1180/1533/344 1183/1534/1172 1247/1531/1234
f 1198/1535/1185 1197/1536/1184 1250/1537/1237
f 1250/1537/1237 1248/1538/1235 1198/1535/1185
f 1188/1539/1175 1187/1540/1174 1248/1538/1235
f 1250/1537/1237 1188/1539/1175 1248/1538/1235
f 1250/1537/1237 1249/1541/1236 1188/1539/1175
f 1250/1537/1237 1251/1542/1238 1249/1541/1236
f 1249/1541/1236 1251/1542/1238 1207/1543/1194
f 1207/1543/1194 1252/1544/1239 1249/1541/1236
f 1253/1545/1240 1236/1546/1223 1254/1547/1241
f 1246/1548/1233 1253/1545/1240 1254/1547/1241
f 1246/1548/1233 1233/1549/1220 1253/1545/1240
f 1256/1550/1243 1244/1551/1231 1246/1548/1233
f 1256/1550/1243 1246/1548/1233 1254/1547/1241
f 1255/1552/1242 1256/1550/1243 1254/1547/1241
f 1239/1553/1226 1255/1552/1242 1254/1547/1241
f 1255/1552/1242 1243/1554/1230 1256/1550/1243
f 1257/1545/1244 1324/1546/1285 1259/1547/1246
f 1258/1548/1245 1257/1545/1244 1259/1547/1246
f 1258/1548/1245 1323/1549/1284 1257/1545/1244
f 1260/1550/1247 1321/1551/1282 1258/1548/1245
f 1260/1550/1247 1258/1548/1245 1259/1547/1246
f 1328/1552/1289 1260/1550/1247 1259/1547/1246
f 1326/1553/1287 1328/1552/1289 1259/1547/1246
f 1328/1552/1289 1329/1554/1290 1260/1550/1247
f 1333/1555/1234 1261/1556/652 1332/1557/344
f 1332/1557/344 1262/1558/1172 1333/1555/1234
f 1263/1559/1248 1264/1560/1249 1265/1561/1250
f 1265/1561/1250 1269/1562/1251 1263/1559/1248
f 1267/1563/1234 1265/1564/1250 1264/1565/1249
f 1264/1565/1249 1266/1566/652 1267/1563/1234
f 1266/1566/652 1264/1565/1249 1263/1567/1248
f 1263/1567/1248 1270/1568/344 1266/1566/652
f 1267/1563/1234 1266/1566/652 1270/1568/344
f 1270/1568/344 1268/1569/1172 1267/1563/1234
f 1265/1564/1250 1267/1563/1234 1268/1569/1172
f 1268/1569/1172 1269/1570/1251 1265/1564/1250
f 1269/1570/1251 1268/1569/1172 1270/1568/344
f 1270/1568/344 1263/1567/1248 1269/1570/1251
f 1272/1571/1253 1271/1572/1252 1383/1573/1340
f 1383/1573/1340 1381/1574/1339 1272/1571/1253
f 1273/1572/1254 1276/1573/1257 1275/1574/1256
f 1275/1574/1256 1274/1571/1255 1273/1572/1254
f 1279/1575/1172 1275/1534/1256 1276/1576/1257
f 1276/1576/1257 1278/1577/1234 1279/1575/1172
f 1278/1577/1234 1276/1576/1257 1273/1578/1254
f 1273/1578/1254 1277/1579/652 1278/1577/1234
f 1279/1575/1172 1278/1577/1234 1277/1579/652
f 1277/1579/652 1280/1534/344 1279/1575/1172
f 1275/1534/1256 1279/1575/1172 1280/1534/344
f 1280/1534/344 1274/1580/1255 1275/1534/1256
f 1274/1580/1255 1280/1534/344 1277/1579/652
f 1277/1579/652 1273/1578/1254 1274/1580/1255
f 1283/1581/1260 1281/1582/1258 1282/1583/1259
f 1282/1583/1259 1288/1584/1261 1283/1581/1260
f 1286/1585/344 1282/1586/1259 1281/1587/1258
f 1281/1587/1258 1285/1588/1172 1286/1585/344
f 1285/1588/1172 1281/1587/1258 1283/1580/1260
f 1283/1580/1260 1284/1534/1234 1285/1588/1172
f 1286/1585/344 1285/1588/1172 1284/1534/1234
f 1284/1534/1234 1287/1589/652 1286/1585/344
f 1282/1586/1259 1286/1585/344 1287/1589/652
f 1287/1589/652 1288/1590/1261 1282/1586/1259
f 1288/1590/1261 1287/1589/652 1284/1534/1234
f 1284/1534/1234 1283/1580/1260 1288/1590/1261
f 1390/1591/1343 1289/1592/1262 1387/1593/1342
f 1387/1593/1342 1386/1594/1341 1390/1591/1343
f 1290/1595/1234 1294/1596/652 1295/1597/344
f 1295/1597/344 1296/1598/1172 1290/1595/1234
f 1293/1399/975 1297/1599/966 1291/1397/1171
f 1293/1399/975 1292/1398/1170 1294/1600/652
f 1295/1601/344 1294/1600/652 1292/1398/1170
f 1292/1398/1170 1291/1397/1171 1295/1601/344
f 1296/1602/1172 1295/1601/344 1291/1397/1171
f 1291/1397/1171 1297/1599/966 1296/1602/1172
f 1290/1603/1234 1296/1602/1172 1297/1599/966
f 1297/1599/966 1293/1399/975 1290/1603/1234
f 1294/1600/652 1290/1603/1234 1293/1399/975
f 1305/1591/1266 1298/1594/1263 1299/1593/1264
f 1299/1593/1264 1303/1592/1265 1305/1591/1266
f 1302/1604/1172 1299/1605/1264 1298/1606/1263
f 1298/1606/1263 1301/1607/1234 1302/1604/1172
f 1301/1607/1234 1298/1606/1263 1305/1608/1266
f 1305/1608/1266 1300/1609/652 1301/1607/1234
f 1302/1604/1172 1301/1607/1234 1300/1609/652
f 1300/1609/652 1304/1610/344 1302/1604/1172
f 1299/1605/1264 1302/1604/1172 1304/1610/344
f 1304/1610/344 1303/1611/1265 1299/1605/1264
f 1303/1611/1265 1304/1610/344 1300/1609/652
f 1300/1609/652 1305/1608/1266 1303/1611/1265
f 1408/1612/1359 1306/1613/1267 1410/1614/1361
f 1307/1615/1268 1408/1612/1359 1410/1614/1361
f 1307/1615/1268 1407/1616/1358 1408/1612/1359
f 1404/1617/1355 1405/1618/1356 1307/1615/1268
f 1400/1619/1351 1404/1617/1355 1307/1615/1268
f 1400/1619/1351 1307/1615/1268 1410/1614/1361
f 1308/1620/1269 1400/1619/1351 1410/1614/1361
f 1413/1621/1364 1308/1620/1269 1410/1614/1361
f 1400/1619/1351 1403/1622/1354 1404/1617/1355
f 1308/1620/1269 1399/1623/1350 1400/1619/1351
f 1309/1624/1270 1442/1625/1382 1376/1626/1335
f 1376/1626/1335 1310/1627/1271 1309/1624/1270
f 1311/1402/1272 1437/1628/1378 1309/1400/1270
f 1312/1629/1273 1434/1630/1375 1311/1631/1272
f 1310/1632/1271 1312/1629/1273 1311/1631/1272
f 1310/1632/1271 1424/1633/1273 1312/1629/1273
f 1310/1632/1271 1414/1634/1273 1424/1633/1273
f 1310/1632/1271 1415/1635/1273 1414/1634/1273
f 1310/1632/1271 1313/1636/1274 1415/1635/1273
f 1310/1632/1271 1376/1637/1335 1313/1636/1274
f 1376/1637/1335 1314/1638/1275 1313/1636/1274
f 1317/1639/1278 1315/1640/1276 1316/1641/1277
f 1316/1641/1277 1322/1642/1283 1318/1643/1279
f 1316/1641/1277 1318/1643/1279 1327/1644/1288
f 1317/1639/1278 1316/1641/1277 1327/1644/1288
f 1325/1645/1286 1317/1639/1278 1327/1644/1288
f 1318/1643/1279 1320/1646/1281 1319/1647/1280
f 1318/1643/1279 1319/1647/1280 1327/1644/1288
f 1319/1647/1280 1330/1648/1291 1327/1644/1288
f 1319/1647/1280 1320/1646/1281 1260/1649/1247
f 1321/1650/1282 1260/1649/1247 1320/1646/1281
f 1320/1646/1281 1318/1643/1279 1321/1650/1282
f 1258/1651/1245 1321/1650/1282 1318/1643/1279
f 1318/1643/1279 1322/1642/1283 1258/1651/1245
f 1323/1652/1284 1258/1651/1245 1322/1642/1283
f 1322/1642/1283 1316/1641/1277 1323/1652/1284
f 1257/1653/1244 1323/1652/1284 1316/1641/1277
f 1316/1641/1277 1315/1640/1276 1257/1653/1244
f 1324/1654/1285 1257/1653/1244 1315/1640/1276
f 1315/1640/1276 1317/1639/1278 1324/1654/1285
f 1259/1655/1246 1324/1654/1285 1317/1639/1278
f 1317/1639/1278 1325/1645/1286 1259/1655/1246
f 1326/1656/1287 1259/1655/1246 1325/1645/1286
f 1325/1645/1286 1327/1644/1288 1326/1656/1287
f 1328/1657/1289 1326/1656/1287 1327/1644/1288
f 1327/1644/1288 1330/1648/1291 1328/1657/1289
f 1329/1658/1290 1328/1657/1289 1330/1648/1291
f 1330/1648/1291 1319/1647/1280 1329/1658/1290
f 1260/1649/1247 1329/1658/1290 1319/1647/1280
f 1347/1659/1306 1331/1660/1292 1348/1661/1307
f 1372/1662/1331 1342/1663/1301 1354/1664/1313
f 1375/1665/1334 1342/1663/1301 1372/1662/1331
f 1375/1665/1334 1336/1666/1295 1342/1663/1301
f 1332/1667/344 1336/1666/1295 1375/1665/1334
f 1331/1660/1292 1336/1666/1295 1332/1667/344
f 1331/1660/1292 1332/1667/344 1261/1668/652
f 1331/1660/1292 1261/1668/652 1333/1669/1234
f 1348/1661/1307 1331/1660/1292 1333/1669/1234
f 1348/1661/1307 1333/1669/1234 1346/1670/1305
f 1346/1670/1305 1333/1669/1234 1262/1671/1172
f 1262/1671/1172 1375/1665/1334 1346/1670/1305
f 1375/1665/1334 1262/1671/1172 1332/1667/344
f 1337/1672/1296 1334/1673/1293 1335/1674/1294
f 1337/1672/1296 1335/1674/1294 1342/1663/1301
f 1336/1666/1295 1337/1672/1296 1342/1663/1301
f 1336/1666/1295 1347/1659/1306 1337/1672/1296
f 1336/1666/1295 1338/1675/1297 1347/1659/1306
f 1347/1659/1306 1338/1675/1297 1331/1660/1292
f 1331/1660/1292 1338/1675/1297 1336/1666/1295
f 1347/1659/1306 1350/1676/1309 1352/1677/1311
f 1352/1677/1311 1339/1678/1298 1347/1659/1306
f 1337/1672/1296 1347/1659/1306 1339/1678/1298
f 1339/1678/1298 1343/1679/1302 1337/1672/1296
f 1334/1673/1293 1337/1672/1296 1343/1679/1302
f 1343/1679/1302 1340/1680/1299 1334/1673/1293
f 1335/1674/1294 1334/1673/1293 1340/1680/1299
f 1340/1680/1299 1341/1681/1300 1335/1674/1294
f 1342/1663/1301 1335/1674/1294 1341/1681/1300
f 1341/1681/1300 1354/1664/1313 1342/1663/1301
f 1354/1664/1313 1341/1681/1300 1352/1677/1311
f 1341/1681/1300 1340/1680/1299 1352/1677/1311
f 1340/1680/1299 1343/1679/1302 1352/1677/1311
f 1343/1679/1302 1339/1678/1298 1352/1677/1311
f 1358/1682/1317 1356/1683/1315 1361/1684/1320
f 1355/1685/1314 1361/1684/1320 1356/1683/1315
f 1361/1684/1320 1355/1685/1314 1367/1686/1326
f 1355/1685/1314 1344/1687/1303 1367/1686/1326
f 1367/1686/1326 1344/1687/1303 1374/1688/1333
f 1345/1689/1304 1374/1688/1333 1344/1687/1303
f 1374/1688/1333 1345/1689/1304 1346/1670/1305
f 1345/1689/1304 1357/1690/1316 1346/1670/1305
f 1357/1690/1316 1348/1661/1307 1346/1670/1305
f 1357/1690/1316 1362/1691/1321 1348/1661/1307
f 1347/1659/1306 1348/1661/1307 1362/1691/1321
f 1347/1659/1306 1362/1691/1321 1349/1692/1308
f 1347/1659/1306 1349/1692/1308 1350/1676/1309
f 1350/1676/1309 1349/1692/1308 1351/1693/1310
f 1351/1693/1310 1352/1677/1311 1350/1676/1309
f 1353/1694/1312 1352/1677/1311 1351/1693/1310
f 1353/1694/1312 1354/1664/1313 1352/1677/1311
f 1354/1664/1313 1353/1694/1312 1372/1662/1331
f 1344/1687/1303 1355/1685/1314 1345/1689/1304
f 1356/1683/1315 1345/1689/1304 1355/1685/1314
f 1345/1689/1304 1356/1683/1315 1358/1682/1317
f 1345/1689/1304 1358/1682/1317 1357/1690/1316
f 1358/1682/1317 1359/1695/1318 1357/1690/1316
f 1357/1690/1316 1359/1695/1318 1370/1696/1329
f 1360/1697/1319 1370/1696/1329 1359/1695/1318
f 1370/1696/1329 1360/1697/1319 1367/1686/1326
f 1360/1697/1319 1361/1684/1320 1367/1686/1326
f 1361/1684/1320 1360/1697/1319 1358/1682/1317
f 1359/1695/1318 1358/1682/1317 1360/1697/1319
f 1370/1696/1329 1369/1698/1328 1357/1690/1316
f 1362/1691/1321 1357/1690/1316 1369/1698/1328
f 1369/1698/1328 1363/1699/1322 1362/1691/1321
f 1349/1692/1308 1362/1691/1321 1363/1699/1322
f 1363/1699/1322 1364/1700/1323 1349/1692/1308
f 1364/1700/1323 1351/1693/1310 1349/1692/1308
f 1353/1694/1312 1351/1693/1310 1364/1700/1323
f 1353/1694/1312 1364/1700/1323 1363/1699/1322
f 1365/1701/1324 1353/1694/1312 1363/1699/1322
f 1368/1702/1327 1365/1701/1324 1363/1699/1322
f 1365/1701/1324 1368/1702/1327 1373/1703/1332
f 1366/1704/1325 1373/1703/1332 1368/1702/1327
f 1373/1703/1332 1366/1704/1325 1374/1688/1333
f 1374/1688/1333 1366/1704/1325 1367/1686/1326
f 1368/1702/1327 1367/1686/1326 1366/1704/1325
f 1367/1686/1326 1368/1702/1327 1363/1699/1322
f 1369/1698/1328 1367/1686/1326 1363/1699/1322
f 1369/1698/1328 1370/1696/1329 1367/1686/1326
f 1371/1705/1330 1372/1662/1331 1353/1694/1312
f 1353/1694/1312 1365/1701/1324 1371/1705/1330
f 1373/1703/1332 1371/1705/1330 1365/1701/1324
f 1372/1662/1331 1371/1705/1330 1373/1703/1332
f 1372/1662/1331 1373/1703/1332 1374/1688/1333
f 1375/1665/1334 1372/1662/1331 1374/1688/1333
f 1375/1665/1334 1374/1688/1333 1346/1670/1305
f 1376/1401/1335 1442/1400/1382 1417/1628/1366
f 1417/1628/1366 1314/1402/1275 1376/1401/1335
f 1377/1706/1336 1378/1707/1337 1445/1708/1385
f 1377/1706/1336 1446/1709/1386 1378/1707/1337
f 1377/1706/1336 1443/1710/1383 1446/1709/1386
f 1443/1710/1383 1379/1711/1338 1446/1709/1386
f 1272/1712/1253 1381/1713/1339 1380/1714/652
f 1385/1715/344 1380/1714/652 1381/1713/1339
f 1381/1713/1339 1383/1716/1340 1385/1715/344
f 1382/1589/1172 1385/1715/344 1383/1716/1340
f 1383/1716/1340 1271/1717/1252 1382/1589/1172
f 1384/1718/1234 1382/1589/1172 1271/1717/1252
f 1271/1717/1252 1272/1712/1253 1384/1718/1234
f 1380/1714/652 1384/1718/1234 1272/1712/1253
f 1384/1718/1234 1380/1714/652 1385/1715/344
f 1385/1715/344 1382/1589/1172 1384/1718/1234
f 1390/1719/1343 1386/1720/1341 1391/1721/652
f 1392/1722/344 1391/1721/652 1386/1720/1341
f 1386/1720/1341 1387/1723/1342 1392/1722/344
f 1388/1724/1172 1392/1722/344 1387/1723/1342
f 1387/1723/1342 1289/1725/1262 1388/1724/1172
f 1389/1726/1234 1388/1724/1172 1289/1725/1262
f 1289/1725/1262 1390/1719/1343 1389/1726/1234
f 1391/1721/652 1389/1726/1234 1390/1719/1343
f 1389/1726/1234 1391/1721/652 1392/1722/344
f 1392/1722/344 1388/1724/1172 1389/1726/1234
f 1395/1727/1346 1402/1728/1353 1401/1729/1352
f 1396/1730/1347 1393/1731/1344 1394/1732/1345
f 1396/1730/1347 1394/1732/1345 1395/1727/1346
f 1396/1730/1347 1395/1727/1346 1397/1733/1348
f 1395/1727/1346 1401/1729/1352 1397/1733/1348
f 1394/1732/1345 1406/1734/1357 1395/1727/1346
f 1308/1735/1269 1413/1736/1364 1397/1733/1348
f 1397/1733/1348 1398/1737/1349 1308/1735/1269
f 1401/1729/1352 1398/1737/1349 1397/1733/1348
f 1398/1737/1349 1401/1729/1352 1399/1738/1350
f 1400/1739/1351 1399/1738/1350 1401/1729/1352
f 1401/1729/1352 1402/1728/1353 1400/1739/1351
f 1403/1740/1354 1400/1739/1351 1402/1728/1353
f 1402/1728/1353 1395/1727/1346 1403/1740/1354
f 1404/1741/1355 1403/1740/1354 1395/1727/1346
f 1395/1727/1346 1406/1734/1357 1404/1741/1355
f 1405/1742/1356 1404/1741/1355 1406/1734/1357
f 1406/1734/1357 1394/1732/1345 1405/1742/1356
f 1307/1743/1268 1405/1742/1356 1394/1732/1345
f 1394/1732/1345 1393/1731/1344 1307/1743/1268
f 1407/1744/1358 1307/1743/1268 1393/1731/1344
f 1393/1731/1344 1396/1730/1347 1407/1744/1358
f 1408/1745/1359 1407/1744/1358 1396/1730/1347
f 1396/1730/1347 1409/1746/1360 1408/1745/1359
f 1399/1738/1350 1308/1735/1269 1398/1737/1349
f 1306/1747/1267 1408/1745/1359 1409/1746/1360
f 1409/1746/1360 1411/1748/1362 1306/1747/1267
f 1410/1749/1361 1306/1747/1267 1411/1748/1362
f 1411/1748/1362 1412/1750/1363 1410/1749/1361
f 1413/1736/1364 1410/1749/1361 1412/1750/1363
f 1412/1750/1363 1397/1733/1348 1413/1736/1364
f 1412/1750/1363 1411/1748/1362 1397/1733/1348
f 1411/1748/1362 1396/1730/1347 1397/1733/1348
f 1411/1748/1362 1409/1746/1360 1396/1730/1347
f 1422/1751/1371 1414/1752/1273 1415/1753/1273
f 1422/1751/1371 1416/1754/1365 1421/1755/1370
f 1415/1753/1273 1416/1754/1365 1422/1751/1371
f 1415/1753/1273 1313/1756/1274 1416/1754/1365
f 1313/1756/1274 1314/1757/1275 1417/1758/1366
f 1417/1758/1366 1441/1759/1381 1313/1756/1274
f 1313/1756/1274 1441/1759/1381 1418/1760/1367
f 1313/1756/1274 1418/1760/1367 1416/1754/1365
f 1416/1754/1365 1418/1760/1367 1420/1761/1369
f 1420/1761/1369 1421/1755/1370 1416/1754/1365
f 1419/1762/1368 1421/1755/1370 1420/1761/1369
f 1421/1755/1370 1419/1762/1368 1422/1751/1371
f 1426/1763/1372 1422/1751/1371 1419/1762/1368
f 1422/1751/1371 1426/1763/1372 1431/1764/1367
f 1414/1752/1273 1422/1751/1371 1431/1764/1367
f 1414/1752/1273 1431/1764/1367 1423/1765/1365
f 1424/1766/1273 1414/1752/1273 1423/1765/1365
f 1312/1767/1273 1424/1766/1273 1423/1765/1365
f 1423/1765/1365 1425/1768/1371 1312/1767/1273
f 1433/1769/1374 1312/1767/1273 1425/1768/1371
f 1440/1770/1372 1433/1769/1374 1425/1768/1371
f 1440/1770/1372 1425/1768/1371 1428/1771/1368
f 1429/1772/1370 1428/1771/1368 1425/1768/1371
f 1425/1768/1371 1423/1765/1365 1429/1772/1370
f 1419/1762/1368 1427/1773/1373 1426/1763/1372
f 1420/1761/1369 1427/1773/1373 1419/1762/1368
f 1427/1773/1373 1420/1761/1369 1418/1760/1367
f 1418/1760/1367 1426/1763/1372 1427/1773/1373
f 1428/1771/1368 1430/1774/1373 1440/1770/1372
f 1430/1774/1373 1428/1771/1368 1429/1772/1370
f 1429/1772/1370 1432/1775/1369 1430/1774/1373
f 1432/1775/1369 1429/1772/1370 1423/1765/1365
f 1423/1765/1365 1431/1764/1367 1432/1775/1369
f 1430/1774/1373 1432/1775/1369 1431/1764/1367
f 1431/1764/1367 1440/1770/1372 1430/1774/1373
f 1433/1769/1374 1434/1776/1375 1312/1767/1273
f 1311/1777/1272 1434/1776/1375 1433/1769/1374
f 1433/1769/1374 1437/1778/1378 1311/1777/1272
f 1442/1779/1382 1447/1780/1387 1435/1781/1376
f 1442/1779/1382 1309/1782/1270 1447/1780/1387
f 1309/1782/1270 1436/1783/1377 1447/1780/1387
f 1309/1782/1270 1437/1784/1378 1436/1783/1377
f 1437/1784/1378 1438/1785/1379 1436/1783/1377
f 1437/1784/1378 1433/1786/1374 1438/1785/1379
f 1433/1786/1374 1439/1787/1380 1438/1785/1379
f 1433/1786/1374 1440/1788/1372 1439/1787/1380
f 1440/1788/1372 1431/1789/1367 1439/1787/1380
f 1431/1789/1367 1426/1790/1372 1439/1787/1380
f 1426/1790/1372 1418/1791/1367 1439/1787/1380
f 1418/1791/1367 1441/1792/1381 1439/1787/1380
f 1441/1792/1381 1444/1793/1384 1439/1787/1380
f 1441/1792/1381 1417/1794/1366 1444/1793/1384
f 1417/1794/1366 1435/1781/1376 1444/1793/1384
f 1417/1794/1366 1442/1779/1382 1435/1781/1376
f 1435/1795/1376 1447/1796/1387 1443/1797/1383
f 1443/1797/1383 1377/1798/1336 1435/1795/1376
f 1444/1799/1384 1435/1800/1376 1377/1801/1336
f 1377/1801/1336 1445/1802/1385 1444/1799/1384
f 1439/1803/1380 1444/1799/1384 1445/1802/1385
f 1445/1802/1385 1378/1804/1337 1439/1803/1380
f 1438/1805/1379 1439/1803/1380 1378/1804/1337
f 1378/1804/1337 1446/1806/1386 1438/1805/1379
f 1436/1807/1377 1438/1805/1379 1446/1806/1386
f 1446/1806/1386 1379/1808/1338 1436/1807/1377
f 1447/1809/1387 1436/1807/1377 1379/1808/1338
f 1379/1808/1338 1443/1810/1383 1447/1809/1387
f 1448/1811/1388 1449/1812/1389 1472/1813/1404
f 1472/1813/1404 1474/1814/1406 1448/1811/1388
f 1508/1815/1439 1450/1816/1390 1454/1817/1393
f 1454/1817/1393 1486/1818/1391 1508/1815/1439
f 1451/1818/1391 1457/1815/1392 1456/1816/1390
f 1456/1816/1390 1458/1817/1393 1451/1818/1391
f 1461/1818/1391 1452/1815/1392 1459/1816/1390
f 1459/1816/1390 1453/1817/1393 1461/1818/1391
f 1455/1819/1394 1519/1820/1442 1486/1821/1391
f 1486/1821/1391 1454/1822/1393 1455/1819/1394
f 1509/1820/1440 1511/1819/1395 1450/1822/1390
f 1450/1822/1390 1508/1821/1439 1509/1820/1440
f 1511/1823/1395 1455/1824/1394 1454/1825/1393
f 1454/1825/1393 1450/1826/1390 1511/1823/1395
f 1513/1820/1440 1517/1819/1395 1456/1822/1390
f 1456/1822/1390 1457/1821/1392 1513/1820/1440
f 1517/1823/1395 1515/1824/1444 1458/1825/1393
f 1458/1825/1393 1456/1826/1390 1517/1823/1395
f 1515/1819/1444 1514/1820/1443 1451/1821/1391
f 1451/1821/1391 1458/1822/1393 1515/1819/1444
f 1520/1820/1440 1460/1819/1395 1459/1822/1390
f 1459/1822/1390 1452/1821/1392 1520/1820/1440
f 1460/1823/1395 1518/1824/1394 1453/1825/1393
f 1453/1825/1393 1459/1826/1390 1460/1823/1395
f 1518/1819/1394 1512/1820/1442 1461/1821/1391
f 1461/1821/1391 1453/1822/1393 1518/1819/1394
f 1598/1827/1523 1485/1828/1417 1448/1829/1388
f 1462/1830/1396 1485/1828/1417 1598/1827/1523
f 1600/1831/1525 1462/1830/1396 1598/1827/1523
f 1497/1832/1428 1462/1830/1396 1600/1831/1525
f 1463/1833/1397 1566/1834/1491 1464/1835/1398
f 1559/1836/1484 1562/1837/1487 1464/1835/1398
f 1562/1837/1487 1463/1833/1397 1464/1835/1398
f 1562/1837/1487 1563/1838/1488 1463/1833/1397
f 1476/1839/1408 1478/1840/1410 1466/1841/1400
f 1469/1842/1401 1478/1840/1410 1474/1843/1406
f 1478/1840/1410 1469/1842/1401 1465/1844/1399
f 1465/1844/1399 1466/1841/1400 1478/1840/1410
f 1467/1845/1382 1466/1841/1400 1465/1844/1399
f 1466/1841/1400 1467/1845/1382 1476/1839/1408
f 1475/1846/1407 1476/1839/1408 1467/1845/1382
f 1467/1845/1382 1468/1847/1270 1475/1846/1407
f 1469/1842/1401 1475/1846/1407 1468/1847/1270
f 1468/1847/1270 1465/1844/1399 1469/1842/1401
f 1465/1844/1399 1468/1847/1270 1467/1845/1382
f 1606/1848/1531 1471/1849/1403 1602/1850/1527
f 1470/1851/1402 1602/1850/1527 1471/1849/1403
f 1471/1849/1403 1473/1851/1405 1470/1851/1402
f 1470/1851/1402 1473/1851/1405 1472/1852/1404
f 1474/1843/1406 1472/1852/1404 1473/1851/1405
f 1474/1843/1406 1473/1851/1405 1471/1849/1403
f 1469/1842/1401 1474/1843/1406 1471/1849/1403
f 1469/1842/1401 1471/1849/1403 1606/1848/1531
f 1475/1846/1407 1469/1842/1401 1606/1848/1531
f 1475/1846/1407 1606/1848/1531 1607/1853/1532
f 1476/1839/1408 1475/1846/1407 1607/1853/1532
f 1607/1853/1532 1481/1854/1413 1476/1839/1408
f 1478/1840/1410 1476/1839/1408 1481/1854/1413
f 1478/1840/1410 1481/1854/1413 1477/1855/1409
f 1478/1840/1410 1477/1855/1409 1474/1843/1406
f 1477/1855/1409 1480/1827/1412 1474/1843/1406
f 1480/1827/1412 1479/1856/1411 1474/1843/1406
f 1599/1857/1524 1479/1856/1411 1480/1827/1412
f 1477/1855/1409 1599/1857/1524 1480/1827/1412
f 1599/1857/1524 1477/1855/1409 1601/1858/1526
f 1481/1854/1413 1601/1858/1526 1477/1855/1409
f 1494/1859/1425 1482/1860/1414 1481/1854/1413
f 1481/1854/1413 1607/1853/1532 1494/1859/1425
f 1555/1861/1480 1556/1862/1481 1449/1863/1389
f 1483/1864/1415 1484/1865/1416 1449/1863/1389
f 1484/1865/1416 1555/1861/1480 1449/1863/1389
f 1484/1865/1416 1494/1405/1425 1555/1861/1480
f 1494/1405/1425 1605/1866/1530 1555/1861/1480
f 1484/1865/1416 1492/1403/1423 1494/1405/1425
f 1449/1863/1389 1485/1867/1417 1462/1868/1396
f 1449/1863/1389 1448/1869/1388 1485/1867/1417
f 1449/1863/1389 1508/1870/1439 1486/1871/1391
f 1449/1863/1389 1462/1868/1396 1508/1870/1439
f 1462/1868/1396 1510/1872/1441 1508/1870/1439
f 1462/1868/1396 1487/1873/1418 1510/1872/1441
f 1510/1872/1441 1487/1873/1418 1488/1874/1419
f 1489/1875/1420 1488/1874/1419 1487/1873/1418
f 1488/1874/1419 1489/1875/1420 1490/1876/1421
f 1501/1877/1432 1490/1876/1421 1489/1875/1420
f 1490/1876/1421 1501/1877/1432 1162/1878/1153
f 1496/1879/1427 1162/1878/1153 1501/1877/1432
f 1501/1877/1432 1491/1880/1422 1496/1879/1427
f 1491/1880/1422 1505/1881/1436 1496/1879/1427
f 1505/1881/1436 1491/1880/1422 1498/1882/1429
f 1498/1882/1429 1492/1403/1423 1505/1881/1436
f 1498/1882/1429 1493/1404/1424 1492/1403/1423
f 1493/1404/1424 1498/1882/1429 1494/1405/1425
f 1498/1882/1429 1482/1883/1414 1494/1405/1425
f 1495/1884/1426 1496/1879/1427 1505/1881/1436
f 1162/1878/1153 1503/1885/1434 1502/1886/1433
f 1502/1886/1433 1490/1876/1421 1162/1878/1153
f 1490/1876/1421 1502/1886/1433 1488/1874/1419
f 1489/1875/1420 1497/1887/1428 1482/1883/1414
f 1489/1875/1420 1487/1873/1418 1497/1887/1428
f 1487/1873/1418 1462/1868/1396 1497/1887/1428
f 1498/1882/1429 1499/1888/1430 1482/1883/1414
f 1499/1888/1430 1489/1875/1420 1482/1883/1414
f 1489/1875/1420 1499/1888/1430 1500/1889/1431
f 1489/1875/1420 1500/1889/1431 1501/1877/1432
f 1491/1880/1422 1501/1877/1432 1500/1889/1431
f 1500/1889/1431 1498/1882/1429 1491/1880/1422
f 1498/1882/1429 1500/1889/1431 1499/1888/1430
f 1510/1872/1441 1488/1874/1419 1502/1886/1433
f 1502/1886/1433 1516/1890/1445 1510/1872/1441
f 1516/1890/1445 1502/1886/1433 1503/1885/1434
f 1507/1891/1438 1516/1890/1445 1503/1885/1434
f 1503/1885/1434 1495/1884/1426 1507/1891/1438
f 1504/1892/1435 1507/1891/1438 1495/1884/1426
f 1505/1881/1436 1504/1892/1435 1495/1884/1426
f 1504/1892/1435 1505/1881/1436 1492/1403/1423
f 1492/1403/1423 1506/1893/1437 1504/1892/1435
f 1484/1865/1416 1506/1893/1437 1492/1403/1423
f 1506/1893/1437 1484/1865/1416 1483/1864/1415
f 1506/1893/1437 1483/1864/1415 1507/1891/1438
f 1507/1891/1438 1504/1892/1435 1506/1893/1437
f 1510/1872/1441 1509/1894/1440 1508/1870/1439
f 1511/1895/1395 1509/1894/1440 1510/1872/1441
f 1511/1895/1395 1510/1872/1441 1516/1890/1445
f 1455/1896/1394 1511/1895/1395 1516/1890/1445
f 1517/1897/1395 1512/1898/1442 1518/1899/1394
f 1517/1897/1395 1513/1900/1440 1512/1898/1442
f 1461/1901/1391 1512/1898/1442 1513/1900/1440
f 1461/1901/1391 1513/1900/1440 1457/1902/1392
f 1449/1863/1389 1461/1901/1391 1457/1902/1392
f 1449/1863/1389 1457/1902/1392 1451/1903/1391
f 1483/1864/1415 1449/1863/1389 1451/1903/1391
f 1483/1864/1415 1451/1903/1391 1514/1904/1443
f 1507/1891/1438 1483/1864/1415 1514/1904/1443
f 1507/1891/1438 1514/1904/1443 1515/1905/1444
f 1507/1891/1438 1515/1905/1444 1516/1890/1445
f 1515/1905/1444 1517/1897/1395 1516/1890/1445
f 1517/1897/1395 1518/1899/1394 1516/1890/1445
f 1518/1899/1394 1460/1906/1395 1516/1890/1445
f 1460/1906/1395 1455/1896/1394 1516/1890/1445
f 1460/1906/1395 1519/1907/1442 1455/1896/1394
f 1460/1906/1395 1520/1908/1440 1519/1907/1442
f 1486/1871/1391 1519/1907/1442 1520/1908/1440
f 1486/1871/1391 1520/1908/1440 1452/1909/1392
f 1449/1863/1389 1486/1871/1391 1452/1909/1392
f 1449/1863/1389 1452/1909/1392 1461/1901/1391
f 1522/1910/1447 1521/1911/1446 1523/1912/1448
f 1523/1912/1448 1524/1913/1449 1522/1910/1447
f 1524/1913/1449 1523/1912/1448 1536/1914/1461
f 1536/1914/1461 1525/1915/1450 1524/1913/1449
f 1525/1915/1450 1536/1914/1461 1534/1916/1459
f 1534/1916/1459 1526/1917/1451 1525/1915/1450
f 1529/1918/1454 1525/1915/1450 1526/1917/1451
f 1526/1917/1451 1532/1919/1457 1529/1918/1454
f 1527/1920/1452 1529/1918/1454 1532/1919/1457
f 1532/1919/1457 1528/1921/1453 1527/1920/1452
f 1544/1922/1469 1527/1920/1452 1528/1921/1453
f 1528/1921/1453 1554/1408/1479 1544/1922/1469
f 1527/1920/1452 1544/1922/1469 1543/1923/1468
f 1543/1923/1468 1531/1924/1456 1527/1920/1452
f 1529/1918/1454 1527/1920/1452 1531/1924/1456
f 1531/1924/1456 1530/1925/1455 1529/1918/1454
f 1525/1915/1450 1529/1918/1454 1530/1925/1455
f 1530/1925/1455 1524/1913/1449 1525/1915/1450
f 1524/1913/1449 1530/1925/1455 1539/1926/1464
f 1539/1926/1464 1522/1910/1447 1524/1913/1449
f 1540/1927/1465 1539/1926/1464 1530/1925/1455
f 1530/1925/1455 1531/1924/1456 1540/1927/1465
f 1541/1928/1466 1540/1927/1465 1531/1924/1456
f 1531/1924/1456 1543/1923/1468 1541/1928/1466
f 1554/1408/1479 1528/1921/1453 1552/1406/1477
f 1548/1929/1473 1552/1406/1477 1528/1921/1453
f 1528/1921/1453 1532/1919/1457 1548/1929/1473
f 1533/1930/1458 1548/1929/1473 1532/1919/1457
f 1532/1919/1457 1526/1917/1451 1533/1930/1458
f 1551/1931/1476 1533/1930/1458 1526/1917/1451
f 1526/1917/1451 1534/1916/1459 1551/1931/1476
f 1551/1931/1476 1534/1916/1459 1169/1916/1160
f 1535/1914/1460 1169/1916/1160 1534/1916/1459
f 1534/1916/1459 1536/1914/1461 1535/1914/1460
f 1168/1912/1159 1535/1914/1460 1536/1914/1461
f 1536/1914/1461 1523/1912/1448 1168/1912/1159
f 1537/1932/1462 1168/1912/1159 1523/1912/1448
f 1523/1912/1448 1521/1911/1446 1537/1932/1462
f 1167/1910/1158 1537/1932/1462 1521/1911/1446
f 1521/1911/1446 1522/1910/1447 1167/1910/1158
f 1538/1933/1463 1167/1910/1158 1522/1910/1447
f 1522/1910/1447 1539/1926/1464 1538/1933/1463
f 1175/1927/1166 1538/1933/1463 1539/1926/1464
f 1539/1926/1464 1540/1927/1465 1175/1927/1166
f 1174/1934/1165 1175/1927/1166 1540/1927/1465
f 1540/1927/1465 1541/1928/1466 1174/1934/1165
f 1542/1923/1467 1174/1934/1165 1541/1928/1466
f 1541/1928/1466 1543/1923/1468 1542/1923/1467
f 1166/1922/1157 1542/1923/1467 1543/1923/1468
f 1543/1923/1468 1544/1922/1469 1166/1922/1157
f 1546/1408/1471 1166/1922/1157 1544/1922/1469
f 1544/1922/1469 1554/1408/1479 1546/1408/1471
f 1545/1935/1470 1546/1408/1471 1554/1408/1479
f 1554/1408/1479 1553/1407/1478 1545/1935/1470
f 1547/1936/1472 1545/1935/1470 1553/1407/1478
f 1553/1407/1478 1552/1406/1477 1547/1936/1472
f 1549/1929/1474 1547/1936/1472 1552/1406/1477
f 1552/1406/1477 1548/1929/1473 1549/1929/1474
f 1163/1930/1154 1549/1929/1474 1548/1929/1473
f 1548/1929/1473 1533/1930/1458 1163/1930/1154
f 1550/1931/1475 1163/1930/1154 1533/1930/1458
f 1533/1930/1458 1551/1931/1476 1550/1931/1475
f 1169/1916/1160 1550/1931/1475 1551/1931/1476
f 1604/1849/1529 1555/1937/1480 1605/1938/1530
f 1556/1939/1481 1555/1937/1480 1604/1849/1529
f 1603/1939/1528 1556/1939/1481 1604/1849/1529
f 1449/1940/1389 1556/1939/1481 1603/1939/1528
f 1558/1941/1483 1565/1942/1490 1560/1409/1485
f 1565/1942/1490 1564/1943/1489 1557/1944/1482
f 1565/1942/1490 1557/1944/1482 1560/1409/1485
f 1557/1944/1482 1561/1410/1486 1560/1409/1485
f 1558/1941/1483 1560/1409/1485 1559/1945/1484
f 1562/1411/1487 1559/1945/1484 1560/1409/1485
f 1563/1946/1488 1562/1411/1487 1561/1410/1486
f 1561/1410/1486 1557/1944/1482 1563/1946/1488
f 1463/1947/1397 1563/1946/1488 1557/1944/1482
f 1557/1944/1482 1564/1943/1489 1463/1947/1397
f 1566/1948/1491 1463/1947/1397 1564/1943/1489
f 1564/1943/1489 1565/1942/1490 1566/1948/1491
f 1464/1949/1398 1566/1948/1491 1565/1942/1490
f 1565/1942/1490 1558/1941/1483 1464/1949/1398
f 1559/1945/1484 1464/1949/1398 1558/1941/1483
f 1579/1950/1504 1725/1951/1650 1574/1952/1499
f 1575/1953/1500 1574/1952/1499 1725/1951/1650
f 1725/1951/1650 1724/1954/1649 1575/1953/1500
f 1568/1955/1493 1575/1953/1500 1724/1954/1649
f 1724/1954/1649 1567/1956/1492 1568/1955/1493
f 1569/1957/1494 1568/1955/1493 1567/1956/1492
f 1567/1956/1492 1578/1958/1503 1569/1957/1494
f 1570/1959/1495 1571/1960/1496 1573/1961/1498
f 1573/1961/1498 1571/1960/1496 1574/1952/1499
f 1574/1952/1499 1572/1962/1497 1573/1961/1498
f 1572/1962/1497 1574/1952/1499 1575/1953/1500
f 1575/1953/1500 1744/1963/1669 1572/1962/1497
f 1743/1964/1668 1744/1963/1669 1575/1953/1500
f 1575/1953/1500 1568/1955/1493 1743/1964/1668
f 1576/1965/1501 1743/1964/1668 1568/1955/1493
f 1568/1955/1493 1569/1957/1494 1576/1965/1501
f 1741/1966/1666 1576/1965/1501 1569/1957/1494
f 1569/1957/1494 1577/1967/1502 1741/1966/1666
f 1577/1967/1502 1569/1957/1494 1578/1958/1503
f 1578/1958/1503 1721/1968/1646 1577/1967/1502
f 1574/1952/1499 1571/1960/1496 1579/1950/1504
f 1579/1950/1504 1571/1960/1496 1570/1959/1495
f 1570/1959/1495 1580/1969/1505 1579/1950/1504
f 1580/1969/1505 1570/1959/1495 1597/1970/1522
f 1597/1970/1522 1728/1971/1653 1580/1969/1505
f 1730/1972/1655 1728/1971/1653 1597/1970/1522
f 1597/1970/1522 1596/1973/1521 1730/1972/1655
f 1581/1974/1506 1730/1972/1655 1596/1973/1521
f 1596/1973/1521 1594/1975/1519 1581/1974/1506
f 1583/1976/1508 1581/1974/1506 1594/1975/1519
f 1594/1975/1519 1593/1977/1518 1583/1976/1508
f 1582/1978/1507 1583/1976/1508 1593/1977/1518
f 1593/1977/1518 1592/1979/1517 1582/1978/1507
f 1585/1980/1510 1582/1978/1507 1592/1979/1517
f 1592/1979/1517 1590/1981/1515 1585/1980/1510
f 1584/1982/1509 1585/1980/1510 1590/1981/1515
f 1590/1981/1515 1589/1983/1514 1584/1982/1509
f 1586/1984/1511 1584/1982/1509 1589/1983/1514
f 1589/1983/1514 1588/1985/1513 1586/1984/1511
f 1587/1986/1512 1588/1985/1513 1589/1983/1514
f 1589/1983/1514 1740/1987/1665 1587/1986/1512
f 1591/1988/1516 1740/1987/1665 1589/1983/1514
f 1589/1983/1514 1590/1981/1515 1591/1988/1516
f 1736/1989/1661 1591/1988/1516 1590/1981/1515
f 1590/1981/1515 1592/1979/1517 1736/1989/1661
f 1734/1990/1659 1736/1989/1661 1592/1979/1517
f 1592/1979/1517 1593/1977/1518 1734/1990/1659
f 1735/1991/1660 1734/1990/1659 1593/1977/1518
f 1593/1977/1518 1594/1975/1519 1735/1991/1660
f 1748/1992/1673 1735/1991/1660 1594/1975/1519
f 1594/1975/1519 1596/1973/1521 1748/1992/1673
f 1595/1993/1520 1748/1992/1673 1596/1973/1521
f 1596/1973/1521 1597/1970/1522 1595/1993/1520
f 1595/1993/1520 1597/1970/1522 1570/1959/1495
f 1570/1959/1495 1747/1994/1672 1595/1993/1520
f 1573/1961/1498 1747/1994/1672 1570/1959/1495
f 1598/1995/1523 1448/1996/1388 1474/1997/1406
f 1474/1997/1406 1479/1998/1411 1598/1995/1523
f 1600/1999/1525 1598/1995/1523 1479/1998/1411
f 1479/1998/1411 1599/2000/1524 1600/1999/1525
f 1497/2001/1428 1600/1999/1525 1599/2000/1524
f 1599/2000/1524 1601/2002/1526 1497/2001/1428
f 1482/2003/1414 1497/2001/1428 1601/2002/1526
f 1601/2002/1526 1481/2004/1413 1482/2003/1414
f 1470/1998/1402 1472/1997/1404 1449/1996/1389
f 1449/1996/1389 1603/1995/1528 1470/1998/1402
f 1602/2000/1527 1470/1998/1402 1603/1995/1528
f 1603/1995/1528 1604/1999/1529 1602/2000/1527
f 1606/2002/1531 1602/2000/1527 1604/1999/1529
f 1604/1999/1529 1605/2001/1530 1606/2002/1531
f 1607/2004/1532 1606/2002/1531 1605/2001/1530
f 1605/2001/1530 1494/2003/1425 1607/2004/1532
f 1608/2005/1533 1610/2006/1535 1612/2007/1537
f 1612/2007/1537 1614/2008/1539 1608/2005/1533
f 1614/2009/1539 1615/2010/1540 1609/2011/1534
f 1609/2011/1534 1608/2012/1533 1614/2009/1539
f 1608/2012/1533 1609/2011/1534 1611/2013/1536
f 1611/2013/1536 1610/2014/1535 1608/2012/1533
f 1610/2014/1535 1611/2013/1536 1613/2015/1538
f 1613/2015/1538 1612/2016/1537 1610/2014/1535
f 1614/2009/1539 1612/2016/1537 1613/2015/1538
f 1613/2015/1538 1615/2010/1540 1614/2009/1539
f 1615/2010/1540 1613/2015/1538 1611/2013/1536
f 1611/2013/1536 1609/2011/1534 1615/2010/1540
f 1617/1540/1542 1186/1539/1173 1616/2017/1541
f 1619/1542/1544 1617/1540/1542 1616/2017/1541
f 1619/1542/1544 1616/2017/1541 1618/2018/1543
f 1618/2018/1543 1212/2019/1199 1619/1542/1544
f 1619/1542/1544 1620/1538/1545 1617/1540/1542
f 1619/1542/1544 1194/1537/1181 1620/1538/1545
f 1620/1538/1545 1194/1537/1181 1621/1536/1546
f 1621/1536/1546 1203/1535/1190 1620/1538/1545
f 1622/2020/1547 1729/2021/1654 1731/2022/1656
f 1727/2023/1652 1729/2021/1654 1622/2020/1547
f 1622/2020/1547 1624/2024/1549 1727/2023/1652
f 1623/2025/1548 1727/2023/1652 1624/2024/1549
f 1624/2024/1549 1635/2026/1560 1623/2025/1548
f 1623/2025/1548 1635/2026/1560 1634/2027/1559
f 1634/2027/1559 1726/2028/1651 1623/2025/1548
f 1726/2028/1651 1634/2027/1559 1625/2029/1550
f 1625/2029/1550 1723/2030/1648 1726/2028/1651
f 1723/2030/1648 1625/2029/1550 1632/2031/1557
f 1632/2031/1557 1722/2032/1647 1723/2030/1648
f 1722/2032/1647 1632/2031/1557 1629/2033/1554
f 1629/2033/1554 1628/2034/1553 1722/2032/1647
f 1626/2035/1551 1627/2036/1552 1628/2034/1553
f 1628/2034/1553 1629/2033/1554 1626/2035/1551
f 1631/2037/1556 1626/2035/1551 1629/2033/1554
f 1629/2033/1554 1630/2038/1555 1631/2037/1556
f 1630/2038/1555 1629/2033/1554 1632/2031/1557
f 1632/2031/1557 1742/2039/1667 1630/2038/1555
f 1742/2039/1667 1632/2031/1557 1625/2029/1550
f 1625/2029/1550 1633/2040/1558 1742/2039/1667
f 1633/2040/1558 1625/2029/1550 1634/2027/1559
f 1634/2027/1559 1636/2041/1561 1633/2040/1558
f 1636/2041/1561 1634/2027/1559 1635/2026/1560
f 1635/2026/1560 1745/2042/1670 1636/2041/1561
f 1745/2042/1670 1635/2026/1560 1624/2024/1549
f 1624/2024/1549 1746/2043/1671 1745/2042/1670
f 1637/2044/1562 1746/2043/1671 1624/2024/1549
f 1624/2024/1549 1622/2020/1547 1637/2044/1562
f 1637/2044/1562 1622/2020/1547 1638/2045/1563
f 1731/2022/1656 1638/2045/1563 1622/2020/1547
f 1638/2045/1563 1639/2046/1564 1637/2044/1562
f 1639/2046/1564 1638/2045/1563 1643/2047/1568
f 1643/2047/1568 1641/2048/1566 1639/2046/1564
f 1641/2048/1566 1643/2047/1568 1644/2049/1569
f 1644/2049/1569 1640/2050/1565 1641/2048/1566
f 1640/2050/1565 1644/2049/1569 1646/2051/1571
f 1646/2051/1571 1642/2052/1567 1640/2050/1565
f 1642/2052/1567 1646/2051/1571 1647/2053/1572
f 1647/2053/1572 1737/2054/1662 1642/2052/1567
f 1738/2055/1663 1737/2054/1662 1647/2053/1572
f 1638/2045/1563 1731/2022/1656 1732/2056/1657
f 1732/2056/1657 1643/2047/1568 1638/2045/1563
f 1643/2047/1568 1732/2056/1657 1733/2057/1658
f 1733/2057/1658 1644/2049/1569 1643/2047/1568
f 1644/2049/1569 1733/2057/1658 1645/2058/1570
f 1645/2058/1570 1646/2051/1571 1644/2049/1569
f 1646/2051/1571 1645/2058/1570 1651/2059/1576
f 1651/2059/1576 1647/2053/1572 1646/2051/1571
f 1648/2060/1573 1647/2053/1572 1651/2059/1576
f 1647/2053/1572 1648/2060/1573 1738/2055/1663
f 1738/2055/1663 1648/2060/1573 1649/2061/1574
f 1649/2061/1574 1739/2062/1664 1738/2055/1663
f 1650/2063/1575 1720/2064/1645 1649/2061/1574
f 1649/2061/1574 1648/2060/1573 1650/2063/1575
f 1651/2059/1576 1650/2063/1575 1648/2060/1573
f 1660/2065/1585 1652/2066/1577 1662/2067/1587
f 1665/2068/1590 1662/2067/1587 1652/2066/1577
f 1662/2067/1587 1665/2068/1590 1653/2069/1578
f 1664/2070/1589 1653/2069/1578 1665/2068/1590
f 1691/2071/1616 1655/2072/1580 1654/2073/1579
f 1654/2073/1579 1655/2072/1580 1656/2074/1581
f 1655/2072/1580 1657/2075/1582 1656/2074/1581
f 1657/2075/1582 1659/2076/1584 1656/2074/1581
f 1657/2075/1582 1658/2077/1583 1659/2076/1584
f 1713/2078/1638 1659/2076/1584 1658/2077/1583
f 1659/2076/1584 1713/2078/1638 1666/2079/1591
f 1660/2065/1585 1666/2079/1591 1713/2078/1638
f 1666/2079/1591 1660/2065/1585 1669/2080/1594
f 1662/2067/1587 1669/2080/1594 1660/2065/1585
f 1669/2080/1594 1662/2067/1587 1661/2081/1586
f 1653/2069/1578 1661/2081/1586 1662/2067/1587
f 1663/2082/1588 1661/2081/1586 1653/2069/1578
f 1653/2069/1578 1664/2070/1589 1663/2082/1588
f 1663/2082/1588 1664/2070/1589 1668/2083/1593
f 1665/2068/1590 1668/2083/1593 1664/2070/1589
f 1668/2083/1593 1665/2068/1590 1667/2084/1592
f 1652/2066/1577 1667/2084/1592 1665/2068/1590
f 1656/2074/1581 1659/2076/1584 1667/2084/1592
f 1666/2079/1591 1667/2084/1592 1659/2076/1584
f 1667/2084/1592 1666/2079/1591 1668/2083/1593
f 1669/2080/1594 1668/2083/1593 1666/2079/1591
f 1668/2083/1593 1669/2080/1594 1663/2082/1588
f 1661/2081/1586 1663/2082/1588 1669/2080/1594
f 1670/2085/1595 1671/2086/1596 1685/2087/1610
f 1706/2088/1631 1685/2087/1610 1671/2086/1596
f 1685/2087/1610 1706/2088/1631 1672/2089/1597
f 1673/2090/1598 1672/2089/1597 1706/2088/1631
f 1672/2089/1597 1673/2090/1598 1682/2091/1607
f 1707/2092/1632 1682/2091/1607 1673/2090/1598
f 1682/2091/1607 1707/2092/1632 1681/2093/1606
f 1711/2094/1636 1681/2093/1606 1707/2092/1632
f 1681/2093/1606 1711/2094/1636 1674/2095/1599
f 1657/2075/1582 1674/2095/1599 1711/2094/1636
f 1674/2095/1599 1657/2075/1582 1655/2072/1580
f 1655/2072/1580 1675/2096/1600 1674/2095/1599
f 1675/2096/1600 1655/2072/1580 1691/2071/1616
f 1688/2097/1613 1705/2098/1630 1676/2099/1601
f 1677/2100/1602 1676/2099/1601 1705/2098/1630
f 1676/2099/1601 1677/2100/1602 1678/2101/1603
f 1701/2102/1626 1678/2101/1603 1677/2100/1602
f 1678/2101/1603 1701/2102/1626 1679/2103/1604
f 1695/2104/1620 1679/2103/1604 1701/2102/1626
f 1691/2071/1616 1679/2103/1604 1695/2104/1620
f 1695/2104/1620 1680/2105/1605 1691/2071/1616
f 1691/2071/1616 1680/2105/1605 1675/2096/1600
f 1693/2106/1618 1675/2096/1600 1680/2105/1605
f 1675/2096/1600 1693/2106/1618 1674/2095/1599
f 1693/2106/1618 1692/2107/1617 1674/2095/1599
f 1692/2107/1617 1712/2108/1637 1674/2095/1599
f 1674/2095/1599 1712/2108/1637 1681/2093/1606
f 1683/2109/1608 1681/2093/1606 1712/2108/1637
f 1681/2093/1606 1683/2109/1608 1682/2091/1607
f 1684/2089/1609 1682/2091/1607 1683/2109/1608
f 1682/2091/1607 1684/2089/1609 1672/2089/1597
f 1714/2110/1639 1672/2089/1597 1684/2089/1609
f 1672/2089/1597 1714/2110/1639 1685/2087/1610
f 1715/2111/1640 1685/2087/1610 1714/2110/1639
f 1685/2087/1610 1715/2111/1640 1670/2085/1595
f 1716/2112/1641 1670/2085/1595 1715/2111/1640
f 1670/2085/1595 1716/2112/1641 1699/2113/1624
f 1686/2114/1611 1699/2113/1624 1716/2112/1641
f 1699/2113/1624 1686/2114/1611 1698/2115/1623
f 1688/2097/1613 1698/2115/1623 1686/2114/1611
f 1698/2115/1623 1688/2097/1613 1687/2116/1612
f 1676/2099/1601 1687/2116/1612 1688/2097/1613
f 1687/2116/1612 1676/2099/1601 1697/2117/1622
f 1678/2101/1603 1697/2117/1622 1676/2099/1601
f 1697/2117/1622 1678/2101/1603 1689/2118/1614
f 1679/2103/1604 1689/2118/1614 1678/2101/1603
f 1690/2119/1615 1689/2118/1614 1679/2103/1604
f 1679/2103/1604 1691/2071/1616 1690/2119/1615
f 1654/2073/1579 1690/2119/1615 1691/2071/1616
f 1689/2118/1614 1696/2120/1621 1697/2117/1622
f 1694/2121/1619 1696/2120/1621 1689/2118/1614
f 1689/2118/1614 1690/2119/1615 1694/2121/1619
f 1694/2121/1619 1690/2119/1615 1654/2073/1579
f 1667/2084/1592 1652/2066/1577 1656/2074/1581
f 1692/2107/1617 1656/2074/1581 1652/2066/1577
f 1654/2073/1579 1656/2074/1581 1692/2107/1617
f 1692/2107/1617 1693/2106/1618 1654/2073/1579
f 1654/2073/1579 1693/2106/1618 1694/2121/1619
f 1680/2105/1605 1694/2121/1619 1693/2106/1618
f 1694/2121/1619 1680/2105/1605 1695/2104/1620
f 1695/2104/1620 1696/2120/1621 1694/2121/1619
f 1696/2120/1621 1695/2104/1620 1702/2122/1627
f 1702/2122/1627 1697/2117/1622 1696/2120/1621
f 1697/2117/1622 1702/2122/1627 1687/2116/1612
f 1703/2123/1628 1687/2116/1612 1702/2122/1627
f 1687/2116/1612 1703/2123/1628 1698/2115/1623
f 1704/2124/1629 1698/2115/1623 1703/2123/1628
f 1698/2115/1623 1704/2124/1629 1699/2113/1624
f 1700/2125/1625 1699/2113/1624 1704/2124/1629
f 1699/2113/1624 1700/2125/1625 1670/2085/1595
f 1671/2086/1596 1670/2085/1595 1700/2125/1625
f 1701/2102/1626 1702/2122/1627 1695/2104/1620
f 1702/2122/1627 1701/2102/1626 1703/2123/1628
f 1677/2100/1602 1703/2123/1628 1701/2102/1626
f 1703/2123/1628 1677/2100/1602 1704/2124/1629
f 1705/2098/1630 1704/2124/1629 1677/2100/1602
f 1704/2124/1629 1705/2098/1630 1700/2125/1625
f 1719/2126/1644 1700/2125/1625 1705/2098/1630
f 1700/2125/1625 1719/2126/1644 1671/2086/1596
f 1717/2127/1642 1671/2086/1596 1719/2126/1644
f 1671/2086/1596 1717/2127/1642 1706/2088/1631
f 1718/2128/1643 1706/2088/1631 1717/2127/1642
f 1706/2088/1631 1718/2128/1643 1673/2090/1598
f 1708/2129/1633 1673/2090/1598 1718/2128/1643
f 1673/2090/1598 1708/2129/1633 1707/2092/1632
f 1709/2110/1634 1707/2092/1632 1708/2129/1633
f 1707/2092/1632 1709/2110/1634 1711/2094/1636
f 1710/2130/1635 1711/2094/1636 1709/2110/1634
f 1711/2094/1636 1710/2130/1635 1657/2075/1582
f 1658/2077/1583 1657/2075/1582 1710/2130/1635
f 1652/2066/1577 1660/2065/1585 1692/2107/1617
f 1713/2078/1638 1692/2107/1617 1660/2065/1585
f 1692/2107/1617 1713/2078/1638 1712/2108/1637
f 1658/2077/1583 1712/2108/1637 1713/2078/1638
f 1712/2108/1637 1658/2077/1583 1683/2109/1608
f 1710/2130/1635 1683/2109/1608 1658/2077/1583
f 1683/2109/1608 1710/2130/1635 1684/2089/1609
f 1709/2110/1634 1684/2089/1609 1710/2130/1635
f 1684/2089/1609 1709/2110/1634 1714/2110/1639
f 1708/2129/1633 1714/2110/1639 1709/2110/1634
f 1714/2110/1639 1708/2129/1633 1715/2111/1640
f 1718/2128/1643 1715/2111/1640 1708/2129/1633
f 1715/2111/1640 1718/2128/1643 1716/2112/1641
f 1717/2127/1642 1716/2112/1641 1718/2128/1643
f 1716/2112/1641 1717/2127/1642 1686/2114/1611
f 1719/2126/1644 1686/2114/1611 1717/2127/1642
f 1686/2114/1611 1719/2126/1644 1688/2097/1613
f 1705/2098/1630 1688/2097/1613 1719/2126/1644
f 1720/2131/1645 1586/2132/1511 1588/2133/1513
f 1588/2133/1513 1649/2134/1574 1720/2131/1645
f 1739/2135/1664 1649/2134/1574 1588/2133/1513
f 1588/2133/1513 1587/2136/1512 1739/2135/1664
f 1627/2137/1552 1721/2137/1646 1578/2138/1503
f 1578/2138/1503 1628/2138/1553 1627/2137/1552
f 1628/2138/1553 1578/2138/1503 1567/2139/1492
f 1567/2139/1492 1722/2140/1647 1628/2138/1553
f 1722/2140/1647 1567/2139/1492 1724/2141/1649
f 1724/2141/1649 1723/2142/1648 1722/2140/1647
f 1723/2142/1648 1724/2141/1649 1725/2143/1650
f 1725/2143/1650 1726/2144/1651 1723/2142/1648
f 1726/2144/1651 1725/2143/1650 1579/2145/1504
f 1579/2145/1504 1623/2146/1548 1726/2144/1651
f 1623/2146/1548 1579/2145/1504 1580/2147/1505
f 1580/2147/1505 1727/2148/1652 1623/2146/1548
f 1727/2148/1652 1580/2147/1505 1728/2149/1653
f 1728/2149/1653 1729/2150/1654 1727/2148/1652
f 1729/2150/1654 1728/2149/1653 1730/2151/1655
f 1730/2151/1655 1731/2152/1656 1729/2150/1654
f 1731/2152/1656 1730/2151/1655 1581/2153/1506
f 1581/2153/1506 1732/2154/1657 1731/2152/1656
f 1732/2154/1657 1581/2153/1506 1583/2155/1508
f 1583/2155/1508 1733/2156/1658 1732/2154/1657
f 1733/2156/1658 1583/2155/1508 1582/2157/1507
f 1582/2157/1507 1645/2158/1570 1733/2156/1658
f 1645/2158/1570 1582/2157/1507 1585/2159/1510
f 1585/2159/1510 1651/2160/1576 1645/2158/1570
f 1651/2160/1576 1585/2159/1510 1584/2161/1509
f 1584/2161/1509 1650/2162/1575 1651/2160/1576
f 1720/2163/1645 1650/2162/1575 1584/2161/1509
f 1584/2161/1509 1586/2164/1511 1720/2163/1645
f 1735/2165/1660 1641/2166/1566 1640/2167/1565
f 1640/2167/1565 1734/2168/1659 1735/2165/1660
f 1734/2168/1659 1640/2167/1565 1642/2169/1567
f 1642/2169/1567 1736/2170/1661 1734/2168/1659
f 1736/2170/1661 1642/2169/1567 1737/2171/1662
f 1737/2171/1662 1591/2172/1516 1736/2170/1661
f 1591/2172/1516 1737/2171/1662 1738/2173/1663
f 1738/2173/1663 1740/2174/1665 1591/2172/1516
f 1740/2174/1665 1738/2173/1663 1739/2175/1664
f 1739/2175/1664 1587/2176/1512 1740/2174/1665
f 1741/2177/1666 1631/2178/1556 1630/2179/1555
f 1630/2179/1555 1576/2180/1501 1741/2177/1666
f 1576/2180/1501 1630/2179/1555 1742/2181/1667
f 1742/2181/1667 1743/2182/1668 1576/2180/1501
f 1743/2182/1668 1742/2181/1667 1633/2183/1558
f 1633/2183/1558 1744/2184/1669 1743/2182/1668
f 1744/2184/1669 1633/2183/1558 1636/2185/1561
f 1636/2185/1561 1572/2186/1497 1744/2184/1669
f 1572/2186/1497 1636/2185/1561 1745/2187/1670
f 1745/2187/1670 1573/2188/1498 1572/2186/1497
f 1573/2188/1498 1745/2187/1670 1746/2189/1671
f 1746/2189/1671 1747/2190/1672 1573/2188/1498
f 1747/2190/1672 1746/2189/1671 1637/2191/1562
f 1637/2191/1562 1595/2192/1520 1747/2190/1672
f 1595/2192/1520 1637/2191/1562 1639/2193/1564
f 1639/2193/1564 1748/2194/1673 1595/2192/1520
f 1748/2194/1673 1639/2193/1564 1641/2166/1566
f 1641/2166/1566 1735/2165/1660 1748/2194/1673
usemtl toolgun2
f 1757/2195/1682 1758/2196/1683 1759/2196/1684
f 1799/2197/1709 1800/2198/1689 1801/2199/1691
f 1851/2200/1745 1852/2201/1747 1853/2202/1739
f 2065/2203/1935 2066/2204/1936 2067/2205/1937
f 2095/2206/1965 2096/2207/1966 2097/2208/1967
f 2333/2209/2203 2334/2210/2204 2335/2211/2205
f 2373/2212/2123 2374/2213/2120 2375/2214/2238
f 2389/2215/2137 2390/2216/2136 2391/2217/2244
f 2505/2218/2340 2506/2219/2341 2507/2220/2342
f 1952/2221/1843 2272/2222/2142 2075/2223/1945
f 2075/2223/1945 1950/2224/1841 1952/2221/1843
f 1749/2225/1674 1753/2226/1678 1755/2227/1680
f 1750/2228/1675 1751/2229/1676 1749/2225/1674
f 1753/2226/1678 1749/2225/1674 1751/2229/1676
f 1751/2229/1676 1752/2230/1677 1753/2226/1678
f 1755/2227/1680 1754/2231/1679 1749/2225/1674
f 1775/2232/1700 1749/2225/1674 1754/2231/1679
f 1749/2225/1674 1775/2232/1700 1750/2228/1675
f 1777/2233/1702 1750/2228/1675 1775/2232/1700
f 1751/2229/1676 1750/2228/1675 1777/2233/1702
f 1751/2229/1676 1777/2233/1702 1763/2234/1688
f 1752/2230/1677 1751/2229/1676 1763/2234/1688
f 1752/2230/1677 1763/2234/1688 1761/2235/1686
f 1761/2235/1686 1753/2226/1678 1752/2230/1677
f 1753/2226/1678 1761/2235/1686 1757/2195/1682
f 1757/2195/1682 1755/2227/1680 1753/2226/1678
f 1755/2227/1680 1757/2195/1682 1760/2195/1685
f 1760/2195/1685 1768/2227/1693 1755/2227/1680
f 1760/2195/1685 1759/2196/1684 1768/2227/1693
f 1759/2196/1684 1767/2236/1692 1768/2227/1693
f 1759/2196/1684 1756/2237/1681 1767/2236/1692
f 1767/2236/1692 1756/2237/1681 1773/2237/1698
f 1758/2196/1683 1773/2237/1698 1756/2237/1681
f 1754/2231/1679 1755/2227/1680 1768/2227/1693
f 1756/2237/1681 1759/2196/1684 1758/2196/1683
f 1759/2196/1684 1760/2195/1685 1757/2195/1682
f 1758/2196/1683 1757/2195/1682 1761/2235/1686
f 1777/2233/1702 1762/2238/1687 1763/2234/1688
f 1773/2237/1698 1758/2196/1683 1771/2239/1696
f 1761/2235/1686 1771/2239/1696 1758/2196/1683
f 1771/2239/1696 1761/2235/1686 1763/2234/1688
f 1763/2234/1688 1772/2240/1697 1771/2239/1696
f 1762/2238/1687 1772/2240/1697 1763/2234/1688
f 1772/2240/1697 1762/2238/1687 1765/2241/1690
f 1764/2242/1689 1765/2241/1690 1762/2238/1687
f 1765/2241/1690 1764/2242/1689 1766/2236/1691
f 1779/2243/1704 1766/2236/1691 1764/2242/1689
f 1766/2236/1691 1779/2243/1704 1774/2243/1699
f 1780/2244/1705 1774/2243/1699 1779/2243/1704
f 1767/2236/1692 1774/2243/1699 1780/2244/1705
f 1767/2236/1692 1780/2244/1705 1768/2227/1693
f 1780/2244/1705 1769/2231/1694 1768/2227/1693
f 1768/2227/1693 1769/2231/1694 1754/2231/1679
f 1770/2244/1695 1754/2231/1679 1769/2231/1694
f 1754/2231/1679 1770/2244/1695 1775/2232/1700
f 1778/2245/1703 1775/2232/1700 1770/2244/1695
f 1765/2241/1690 1771/2239/1696 1772/2240/1697
f 1771/2239/1696 1765/2241/1690 1773/2237/1698
f 1766/2236/1691 1773/2237/1698 1765/2241/1690
f 1773/2237/1698 1766/2236/1691 1767/2236/1692
f 1774/2243/1699 1767/2236/1692 1766/2236/1691
f 1775/2232/1700 1778/2245/1703 1777/2233/1702
f 1776/2246/1701 1777/2233/1702 1778/2245/1703
f 1777/2233/1702 1776/2246/1701 1762/2238/1687
f 1762/2238/1687 1776/2246/1701 1764/2242/1689
f 1778/2245/1703 1764/2242/1689 1776/2246/1701
f 1764/2242/1689 1778/2245/1703 1779/2243/1704
f 1770/2244/1695 1779/2243/1704 1778/2245/1703
f 1779/2243/1704 1770/2244/1695 1780/2244/1705
f 1769/2231/1694 1780/2244/1705 1770/2244/1695
f 1790/2247/1676 1788/2248/1675 1787/2249/1702
f 1790/2247/1676 1787/2249/1702 1783/2250/1707
f 1782/2251/1677 1790/2247/1676 1783/2250/1707
f 1787/2249/1702 1786/2252/1701 1785/2253/1687
f 1787/2249/1702 1785/2253/1687 1783/2250/1707
f 1785/2253/1687 1781/2254/1706 1783/2250/1707
f 1782/2251/1677 1783/2250/1707 1793/2255/1686
f 1784/2256/1696 1793/2255/1686 1783/2250/1707
f 1783/2250/1707 1781/2254/1706 1784/2256/1696
f 1799/2197/1709 1784/2256/1696 1781/2254/1706
f 1781/2254/1706 1785/2253/1687 1799/2197/1709
f 1800/2198/1689 1799/2197/1709 1785/2253/1687
f 1785/2253/1687 1786/2252/1701 1800/2198/1689
f 1803/2257/1710 1800/2198/1689 1786/2252/1701
f 1786/2252/1701 1787/2249/1702 1803/2257/1710
f 1804/2258/1700 1803/2257/1710 1787/2249/1702
f 1787/2249/1702 1788/2248/1675 1804/2258/1700
f 1789/2259/1708 1804/2258/1700 1788/2248/1675
f 1788/2248/1675 1790/2247/1676 1789/2259/1708
f 1791/2260/1678 1789/2259/1708 1790/2247/1676
f 1790/2247/1676 1782/2251/1677 1791/2260/1678
f 1793/2255/1686 1791/2260/1678 1782/2251/1677
f 1791/2260/1678 1793/2255/1686 1792/2261/1682
f 1794/2262/1683 1792/2261/1682 1793/2255/1686
f 1793/2255/1686 1784/2256/1696 1794/2262/1683
f 1795/2263/1698 1794/2262/1683 1784/2256/1696
f 1784/2256/1696 1799/2197/1709 1795/2263/1698
f 1794/2262/1683 1795/2263/1698 1796/2263/1681
f 1792/2261/1682 1794/2262/1683 1797/2262/1684
f 1796/2263/1681 1797/2262/1684 1794/2262/1683
f 1797/2262/1684 1796/2263/1681 1798/2199/1692
f 1798/2199/1692 1796/2263/1681 1795/2263/1698
f 1795/2263/1698 1801/2199/1691 1798/2199/1692
f 1801/2199/1691 1795/2263/1698 1799/2197/1709
f 1802/2264/1704 1801/2199/1691 1800/2198/1689
f 1800/2198/1689 1803/2257/1710 1802/2264/1704
f 1809/2265/1695 1802/2264/1704 1803/2257/1710
f 1803/2257/1710 1804/2258/1700 1809/2265/1695
f 1807/2266/1679 1809/2265/1695 1804/2258/1700
f 1804/2258/1700 1789/2259/1708 1807/2266/1679
f 1805/2267/1680 1807/2266/1679 1789/2259/1708
f 1789/2259/1708 1791/2260/1678 1805/2267/1680
f 1792/2261/1682 1805/2267/1680 1791/2260/1678
f 1805/2267/1680 1792/2261/1682 1806/2261/1685
f 1797/2262/1684 1806/2261/1685 1792/2261/1682
f 1806/2261/1685 1810/2267/1693 1805/2267/1680
f 1807/2266/1679 1805/2267/1680 1810/2267/1693
f 1810/2267/1693 1808/2266/1694 1807/2266/1679
f 1809/2265/1695 1807/2266/1679 1808/2266/1694
f 1808/2266/1694 1812/2265/1705 1809/2265/1695
f 1802/2264/1704 1809/2265/1695 1812/2265/1705
f 1812/2265/1705 1808/2266/1694 1810/2267/1693
f 1806/2261/1685 1797/2262/1684 1810/2267/1693
f 1797/2262/1684 1798/2199/1692 1810/2267/1693
f 1798/2199/1692 1812/2265/1705 1810/2267/1693
f 1798/2199/1692 1811/2264/1699 1812/2265/1705
f 1812/2265/1705 1811/2264/1699 1802/2264/1704
f 1801/2199/1691 1802/2264/1704 1811/2264/1699
f 1811/2264/1699 1798/2199/1692 1801/2199/1691
f 1813/2268/1711 1824/2269/1722 1829/2270/1727
f 1829/2270/1727 1814/2271/1712 1813/2268/1711
f 1825/2272/1723 1813/2268/1711 1814/2271/1712
f 1814/2271/1712 1815/2273/1713 1825/2272/1723
f 1816/2274/1714 1825/2272/1723 1815/2273/1713
f 1815/2273/1713 1826/2275/1724 1816/2274/1714
f 1822/2276/1720 1816/2274/1714 1826/2275/1724
f 1826/2275/1724 1828/2277/1726 1822/2276/1720
f 1823/2278/1721 1822/2276/1720 1828/2277/1726
f 1828/2277/1726 1827/2279/1725 1823/2278/1721
f 1817/2280/1715 1823/2278/1721 1827/2279/1725
f 1827/2279/1725 1818/2281/1716 1817/2280/1715
f 1821/2282/1719 1817/2280/1715 1818/2281/1716
f 1818/2281/1716 1832/2283/1730 1821/2282/1719
f 1820/2284/1718 1821/2282/1719 1832/2283/1730
f 1832/2283/1730 1831/2285/1729 1820/2284/1718
f 1819/2286/1717 1820/2284/1718 1831/2285/1729
f 1831/2285/1729 1830/2287/1728 1819/2286/1717
f 1824/2288/1722 1819/2286/1717 1830/2287/1728
f 1830/2287/1728 1829/2289/1727 1824/2288/1722
f 1820/2290/1718 1819/2291/1717 1824/2292/1722
f 1817/2293/1715 1820/2290/1718 1824/2292/1722
f 1817/2293/1715 1821/2294/1719 1820/2290/1718
f 1822/2295/1720 1823/2296/1721 1817/2293/1715
f 1822/2295/1720 1817/2293/1715 1824/2292/1722
f 1825/2297/1723 1822/2295/1720 1824/2292/1722
f 1813/2298/1711 1825/2297/1723 1824/2292/1722
f 1825/2297/1723 1816/2299/1714 1822/2295/1720
f 1826/2299/1724 1815/2297/1713 1814/2298/1712
f 1827/2296/1725 1826/2299/1724 1814/2298/1712
f 1827/2296/1725 1828/2295/1726 1826/2299/1724
f 1832/2294/1730 1818/2293/1716 1827/2296/1725
f 1832/2294/1730 1827/2296/1725 1814/2298/1712
f 1830/2291/1728 1832/2294/1730 1814/2298/1712
f 1829/2292/1727 1830/2291/1728 1814/2298/1712
f 1830/2291/1728 1831/2290/1729 1832/2294/1730
f 1833/2300/344 1843/2301/1171 1976/2302/966
f 1976/2302/966 1856/2303/1172 1833/2300/344
f 1834/2304/1731 2001/2305/1886 1835/2306/1732
f 1835/2306/1732 1836/2307/1733 1834/2304/1731
f 1836/2308/1733 1849/2309/1745 1850/2310/1746
f 1836/2308/1733 1837/2311/1734 1849/2309/1745
f 1836/2308/1733 1847/2312/1743 1837/2311/1734
f 1836/2308/1733 1838/2313/1735 1847/2312/1743
f 1836/2308/1733 1835/2314/1732 1838/2313/1735
f 1840/2314/1737 1839/2312/1736 1845/2313/1741
f 1840/2314/1737 1846/2311/1742 1839/2312/1736
f 1840/2314/1737 1848/2309/1744 1846/2311/1742
f 1840/2314/1737 1842/2310/1739 1848/2309/1744
f 1840/2314/1737 1841/2308/1738 1842/2310/1739
f 1841/2308/1738 1840/2314/1737 1843/2315/1171
f 1843/2315/1171 1833/2316/344 1841/2308/1738
f 1833/2317/344 1856/2318/1172 1844/2319/1740
f 1976/2318/966 1843/2317/1171 1840/2320/1737
f 1976/2318/966 1840/2320/1737 1835/2321/1732
f 1835/2321/1732 1840/2320/1737 1845/2322/1741
f 1845/2322/1741 1838/2323/1735 1835/2321/1732
f 1838/2323/1735 1845/2322/1741 1839/2324/1736
f 1839/2324/1736 1847/2325/1743 1838/2323/1735
f 1847/2325/1743 1839/2324/1736 1846/2326/1742
f 1846/2326/1742 1837/2327/1734 1847/2325/1743
f 1837/2327/1734 1846/2326/1742 1848/2324/1744
f 1848/2324/1744 1849/2325/1745 1837/2327/1734
f 1849/2325/1745 1848/2324/1744 1842/2322/1739
f 1842/2322/1739 1850/2323/1746 1849/2325/1745
f 1850/2323/1746 1842/2322/1739 1841/2320/1738
f 1841/2320/1738 1836/2321/1733 1850/2323/1746
f 1833/2317/344 1836/2321/1733 1841/2320/1738
f 1833/2317/344 1834/2328/1731 1836/2321/1733
f 1833/2317/344 1844/2319/1740 1834/2328/1731
f 1834/2328/1731 1844/2319/1740 1858/2329/1746
f 1858/2329/1746 1853/2202/1739 1834/2328/1731
f 1853/2202/1739 1858/2329/1746 1851/2200/1745
f 1852/2201/1747 1851/2200/1745 1997/2330/1882
f 1997/2330/1882 1998/2331/1883 1852/2201/1747
f 1973/2332/1860 1854/2333/1748 1857/2334/1749
f 1975/2335/1861 1973/2332/1860 1857/2334/1749
f 1975/2335/1861 1855/2336/1735 1973/2332/1860
f 1856/2337/1172 1976/2338/966 1975/2335/1861
f 1975/2335/1861 1844/2339/1740 1856/2337/1172
f 1975/2335/1861 1858/2340/1746 1844/2339/1740
f 1975/2335/1861 1857/2334/1749 1858/2340/1746
f 1857/2334/1749 1859/2341/1750 1858/2340/1746
f 1859/2341/1750 1851/2342/1745 1858/2340/1746
f 1859/2341/1750 1997/2343/1882 1851/2342/1745
f 2071/2344/1941 2062/2345/1932 2063/2346/1933
f 2071/2344/1941 2063/2346/1933 2067/2347/1937
f 2068/2348/1938 2071/2344/1941 2067/2347/1937
f 2069/2349/1939 2068/2348/1938 2067/2347/1937
f 2063/2346/1933 1860/2350/1751 2067/2347/1937
f 2068/2348/1938 2070/2351/1940 2071/2344/1941
f 1872/2352/1763 2157/2353/2027 2144/2354/2014
f 2157/2353/2027 1872/2352/1763 1861/2355/1752
f 1861/2355/1752 1862/2356/1753 2157/2353/2027
f 1862/2356/1753 1861/2355/1752 1863/2357/1754
f 1863/2357/1754 1864/2358/1755 1862/2356/1753
f 1864/2358/1755 1863/2357/1754 1866/2359/1757
f 1866/2359/1757 1865/2360/1756 1864/2358/1755
f 1865/2360/1756 1866/2359/1757 1869/2361/1760
f 1869/2361/1760 1905/2362/1796 1865/2360/1756
f 1905/2362/1796 1869/2361/1760 1867/2363/1758
f 1867/2363/1758 1906/2364/1797 1905/2362/1796
f 1868/2365/1759 1867/2363/1758 1869/2361/1760
f 1869/2361/1760 1870/2366/1761 1868/2365/1759
f 1870/2366/1761 1869/2361/1760 1866/2359/1757
f 1866/2359/1757 1871/2367/1762 1870/2366/1761
f 1871/2367/1762 1866/2359/1757 1863/2357/1754
f 1863/2357/1754 1877/2368/1768 1871/2367/1762
f 1877/2368/1768 1863/2357/1754 1861/2355/1752
f 1861/2355/1752 1879/2369/1770 1877/2368/1768
f 1879/2369/1770 1861/2355/1752 1872/2352/1763
f 1872/2352/1763 1880/2370/1771 1879/2369/1770
f 1880/2370/1771 1872/2352/1763 2145/2371/2015
f 2145/2371/2015 1882/2372/1773 1880/2370/1771
f 1882/2372/1773 2145/2371/2015 1873/2373/1764
f 1873/2373/1764 2177/2374/2047 1882/2372/1773
f 2177/2374/2047 1873/2373/1764 1875/2375/1766
f 1875/2375/1766 1874/2376/1765 2177/2374/2047
f 1874/2376/1765 1875/2375/1766 2147/2377/2017
f 2147/2377/2017 2158/2378/2028 1874/2376/1765
f 1919/2379/1810 1908/2380/1799 1906/2364/1797
f 1906/2364/1797 1867/2363/1758 1919/2379/1810
f 1876/2381/1767 1919/2379/1810 1867/2363/1758
f 1867/2363/1758 1868/2365/1759 1876/2381/1767
f 1917/2382/1808 1876/2381/1767 1868/2365/1759
f 1868/2365/1759 1883/2383/1774 1917/2382/1808
f 1883/2383/1774 1868/2365/1759 1870/2366/1761
f 1870/2366/1761 1884/2384/1775 1883/2383/1774
f 1884/2384/1775 1870/2366/1761 1871/2367/1762
f 1871/2367/1762 1878/2385/1769 1884/2384/1775
f 1878/2385/1769 1871/2367/1762 1877/2368/1768
f 1877/2368/1768 1885/2386/1776 1878/2385/1769
f 1885/2386/1776 1877/2368/1768 1879/2369/1770
f 1879/2369/1770 1887/2387/1778 1885/2386/1776
f 1887/2387/1778 1879/2369/1770 1880/2370/1771
f 1880/2370/1771 1881/2388/1772 1887/2387/1778
f 1881/2388/1772 1880/2370/1771 1882/2372/1773
f 1882/2372/1773 1888/2389/1779 1881/2388/1772
f 1914/2390/1805 1917/2382/1808 1883/2383/1774
f 1883/2383/1774 1902/2391/1793 1914/2390/1805
f 1902/2391/1793 1883/2383/1774 1884/2384/1775
f 1884/2384/1775 1901/2392/1792 1902/2391/1793
f 1901/2392/1792 1884/2384/1775 1878/2385/1769
f 1878/2385/1769 1899/2393/1790 1901/2392/1792
f 1899/2393/1790 1878/2385/1769 1885/2386/1776
f 1885/2386/1776 1886/2394/1777 1899/2393/1790
f 1886/2394/1777 1885/2386/1776 1887/2387/1778
f 1887/2387/1778 1897/2395/1788 1886/2394/1777
f 1897/2395/1788 1887/2387/1778 1881/2388/1772
f 1881/2388/1772 1896/2396/1787 1897/2395/1788
f 1896/2396/1787 1881/2388/1772 1888/2389/1779
f 1888/2389/1779 1889/2397/1780 1896/2396/1787
f 1889/2397/1780 1888/2389/1779 1890/2398/1781
f 1890/2398/1781 1892/2399/1783 1889/2397/1780
f 1892/2399/1783 1890/2398/1781 1891/2400/1782
f 1891/2400/1782 2173/2401/2043 1892/2399/1783
f 2171/2402/2041 2173/2401/2043 2174/2403/2044
f 2173/2401/2043 2171/2402/2041 1893/2404/1784
f 1893/2404/1784 1892/2399/1783 2173/2401/2043
f 1892/2399/1783 1893/2404/1784 1894/2405/1785
f 1894/2405/1785 1889/2397/1780 1892/2399/1783
f 1889/2397/1780 1894/2405/1785 2156/2406/2026
f 2156/2406/2026 1896/2396/1787 1889/2397/1780
f 1896/2396/1787 2156/2406/2026 1895/2407/1786
f 1895/2407/1786 1897/2395/1788 1896/2396/1787
f 1897/2395/1788 1895/2407/1786 1898/2408/1789
f 1898/2408/1789 1886/2394/1777 1897/2395/1788
f 1886/2394/1777 1898/2408/1789 1904/2409/1795
f 1904/2409/1795 1899/2393/1790 1886/2394/1777
f 1899/2393/1790 1904/2409/1795 1900/2410/1791
f 1900/2410/1791 1901/2392/1792 1899/2393/1790
f 1901/2392/1792 1900/2410/1791 1907/2411/1798
f 1907/2411/1798 1902/2391/1793 1901/2392/1792
f 1902/2391/1793 1907/2411/1798 1903/2412/1794
f 1895/2407/1786 1862/2356/1753 1864/2358/1755
f 1864/2358/1755 1898/2408/1789 1895/2407/1786
f 1898/2408/1789 1864/2358/1755 1865/2360/1756
f 1865/2360/1756 1904/2409/1795 1898/2408/1789
f 1904/2409/1795 1865/2360/1756 1905/2362/1796
f 1905/2362/1796 1900/2410/1791 1904/2409/1795
f 1900/2410/1791 1905/2362/1796 1906/2364/1797
f 1906/2364/1797 1907/2411/1798 1900/2410/1791
f 1907/2411/1798 1906/2364/1797 1908/2380/1799
f 1908/2380/1799 1903/2412/1794 1907/2411/1798
f 1903/2412/1794 1908/2380/1799 1909/2413/1800
f 1909/2413/1800 1915/2414/1806 1903/2412/1794
f 1915/2414/1806 1909/2413/1800 1910/2415/1801
f 1910/2415/1801 1911/2416/1802 1915/2414/1806
f 1916/2417/1807 1915/2414/1806 1911/2416/1802
f 1911/2416/1802 1912/2418/1803 1916/2417/1807
f 1913/2419/1804 1916/2417/1807 1912/2418/1803
f 1912/2418/1803 1920/2420/1811 1913/2419/1804
f 1903/2412/1794 1914/2390/1805 1902/2391/1793
f 1914/2390/1805 1903/2412/1794 1915/2414/1806
f 1915/2414/1806 1916/2417/1807 1914/2390/1805
f 1917/2382/1808 1914/2390/1805 1916/2417/1807
f 1916/2417/1807 1913/2419/1804 1917/2382/1808
f 1876/2381/1767 1917/2382/1808 1913/2419/1804
f 1913/2419/1804 1918/2421/1809 1876/2381/1767
f 1919/2379/1810 1876/2381/1767 1918/2421/1809
f 1918/2421/1809 1922/2422/1813 1919/2379/1810
f 1908/2380/1799 1919/2379/1810 1922/2422/1813
f 1922/2422/1813 1909/2413/1800 1908/2380/1799
f 1918/2421/1809 1913/2419/1804 1920/2420/1811
f 1920/2420/1811 1921/2423/1812 1918/2421/1809
f 1922/2422/1813 1918/2421/1809 1921/2423/1812
f 1921/2423/1812 1923/2424/1814 1922/2422/1813
f 1909/2413/1800 1922/2422/1813 1923/2424/1814
f 1923/2424/1814 1910/2415/1801 1909/2413/1800
f 1938/2425/1829 1925/2426/1816 1924/2427/1815
f 1926/2428/1817 1924/2427/1815 1925/2426/1816
f 1924/2427/1815 1926/2428/1817 1933/2429/1824
f 1933/2429/1824 1926/2428/1817 1927/2430/1818
f 1925/2426/1816 1927/2430/1818 1926/2428/1817
f 1927/2430/1818 1925/2426/1816 1938/2425/1829
f 1927/2430/1818 1938/2425/1829 1939/2431/1830
f 1924/2427/1815 1933/2429/1824 1929/2432/1820
f 1930/2433/1821 1929/2432/1820 1928/2434/1819
f 1930/2433/1821 1946/2435/1837 1929/2432/1820
f 1946/2435/1837 1930/2433/1821 1945/2436/1836
f 1928/2434/1819 1945/2436/1836 1930/2433/1821
f 1928/2434/1819 1931/2437/1822 1945/2436/1836
f 1931/2437/1822 1928/2434/1819 1929/2432/1820
f 1929/2432/1820 1932/2438/1823 1931/2437/1822
f 1933/2429/1824 1932/2438/1823 1929/2432/1820
f 1932/2438/1823 1933/2429/1824 1934/2439/1825
f 1927/2430/1818 1934/2439/1825 1933/2429/1824
f 1931/2437/1822 1934/2439/1825 1927/2430/1818
f 1931/2437/1822 1927/2430/1818 1945/2436/1836
f 1927/2430/1818 1939/2431/1830 1945/2436/1836
f 1939/2431/1830 1944/2440/1835 1945/2436/1836
f 1939/2431/1830 1935/2441/1826 1944/2440/1835
f 1944/2440/1835 1935/2441/1826 1941/2442/1832
f 1937/2443/1828 1941/2442/1832 1935/2441/1826
f 1941/2442/1832 1937/2443/1828 1936/2444/1827
f 1936/2444/1827 1937/2443/1828 1939/2431/1830
f 1935/2441/1826 1939/2431/1830 1937/2443/1828
f 1934/2439/1825 1931/2437/1822 1932/2438/1823
f 1941/2442/1832 1942/2445/1833 1944/2440/1835
f 1939/2431/1830 1947/2446/1838 1936/2444/1827
f 1938/2425/1829 1947/2446/1838 1939/2431/1830
f 1947/2446/1838 1938/2425/1829 1940/2447/1831
f 1924/2427/1815 1940/2447/1831 1938/2425/1829
f 1936/2444/1827 1940/2447/1831 1924/2427/1815
f 1941/2442/1832 1936/2444/1827 1924/2427/1815
f 1941/2442/1832 1924/2427/1815 1929/2432/1820
f 1946/2435/1837 1941/2442/1832 1929/2432/1820
f 1946/2435/1837 1942/2445/1833 1941/2442/1832
f 1942/2445/1833 1946/2435/1837 1943/2448/1834
f 1943/2448/1834 1944/2440/1835 1942/2445/1833
f 1944/2440/1835 1943/2448/1834 1945/2436/1836
f 1945/2436/1836 1943/2448/1834 1946/2435/1837
f 1940/2447/1831 1936/2444/1827 1947/2446/1838
f 1957/2449/1848 1948/2450/1839 1955/2451/1846
f 1948/2450/1839 1957/2449/1848 1960/2452/1851
f 1960/2452/1851 1949/2453/1840 1948/2450/1839
f 1949/2453/1840 1960/2452/1851 1959/2454/1850
f 1959/2454/1850 1950/2455/1841 1949/2453/1840
f 1950/2455/1841 1959/2454/1850 1951/2456/1842
f 1951/2456/1842 1952/2457/1843 1950/2455/1841
f 1952/2457/1843 1951/2456/1842 1953/2458/1844
f 1953/2458/1844 2271/2459/2141 1952/2457/1843
f 2271/2459/2141 1953/2458/1844 1958/2460/1849
f 1958/2460/1849 2270/2461/2140 2271/2459/2141
f 2270/2461/2140 1958/2460/1849 1954/2462/1845
f 1954/2462/1845 2269/2463/2139 2270/2461/2140
f 2269/2463/2139 1954/2462/1845 1956/2464/1847
f 1956/2464/1847 1955/2451/1846 2269/2463/2139
f 1955/2451/1846 1956/2464/1847 1957/2449/1848
f 1960/2452/1851 1957/2449/1848 1956/2464/1847
f 1958/2460/1849 1960/2452/1851 1956/2464/1847
f 1958/2460/1849 1951/2456/1842 1960/2452/1851
f 1958/2460/1849 1953/2458/1844 1951/2456/1842
f 1954/2462/1845 1958/2460/1849 1956/2464/1847
f 1951/2456/1842 1959/2454/1850 1960/2452/1851
f 1965/2465/1234 1967/2466/652 1968/2467/344
f 1968/2467/344 1961/2468/1172 1965/2465/1234
f 1962/2469/1852 1965/2470/1234 1961/2471/1172
f 1962/2469/1852 1961/2471/1172 1971/2472/1858
f 1964/2473/1854 1962/2469/1852 1971/2472/1858
f 1963/2474/1853 1964/2473/1854 1971/2472/1858
f 1962/2475/1852 1964/2473/1854 1963/2474/1853
f 1963/2474/1853 1966/2476/1855 1962/2475/1852
f 1965/2477/1234 1962/2475/1852 1966/2476/1855
f 1966/2476/1855 1967/2478/652 1965/2477/1234
f 1961/2471/1172 1972/2479/1859 1971/2472/1858
f 1967/2480/652 1966/2481/1855 1963/2474/1853
f 1967/2480/652 1970/2482/1857 1968/2483/344
f 1967/2480/652 1963/2474/1853 1970/2482/1857
f 1963/2474/1853 1969/2484/1856 1970/2482/1857
f 1971/2472/1858 1969/2484/1856 1963/2474/1853
f 1970/2485/1857 1969/2484/1856 1971/2472/1858
f 1971/2472/1858 1972/2486/1859 1970/2485/1857
f 1970/2485/1857 1972/2486/1859 1961/2487/1172
f 1961/2487/1172 1968/2488/344 1970/2485/1857
f 1999/2331/1884 1854/2330/1748 1973/2200/1860
f 1973/2200/1860 2000/2201/1885 1999/2331/1884
f 2000/2201/1885 1973/2200/1860 1855/2329/1735
f 1855/2329/1735 1974/2202/1741 2000/2201/1885
f 1974/2202/1741 1855/2329/1735 1975/2319/1861
f 1975/2319/1861 2001/2328/1886 1974/2202/1741
f 1976/2318/966 2001/2328/1886 1975/2319/1861
f 1976/2318/966 1835/2321/1732 2001/2328/1886
f 2356/2489/2226 2363/2490/2233 1977/2491/1862
f 2356/2489/2226 1978/2492/1863 2363/2490/2233
f 2356/2489/2226 2086/2493/1956 1978/2492/1863
f 2356/2489/2226 1979/2494/1864 2086/2493/1956
f 2356/2489/2226 1980/2495/1865 1979/2494/1864
f 2356/2489/2226 2349/2496/2219 1980/2495/1865
f 2356/2489/2226 2347/2497/2217 2349/2496/2219
f 1986/2498/1871 1988/2499/1873 1981/2500/1866
f 1988/2499/1873 1984/2501/1869 1981/2500/1866
f 1984/2501/1869 1994/2502/1879 1981/2500/1866
f 1984/2501/1869 1982/2503/1867 1994/2502/1879
f 1994/2502/1879 1982/2503/1867 2131/2504/2001
f 1983/2505/1868 2131/2504/2001 1982/2503/1867
f 1982/2503/1867 1984/2501/1869 1983/2505/1868
f 2132/2506/2002 1983/2505/1868 1984/2501/1869
f 1984/2501/1869 1989/2507/1874 2132/2506/2002
f 1985/2508/1870 2132/2506/2002 1989/2507/1874
f 1989/2507/1874 1988/2499/1873 1985/2508/1870
f 2130/2509/2000 1985/2508/1870 1988/2499/1873
f 1988/2499/1873 1986/2498/1871 2130/2509/2000
f 2129/2510/1999 2130/2509/2000 1986/2498/1871
f 1986/2498/1871 1981/2500/1866 2129/2510/1999
f 2128/2511/1998 2129/2510/1999 1981/2500/1866
f 1981/2500/1866 1987/2512/1872 2128/2511/1998
f 2127/2513/1997 2128/2511/1998 1987/2512/1872
f 1988/2499/1873 1989/2507/1874 1984/2501/1869
f 1994/2502/1879 1993/2514/1878 1990/2515/1875
f 1994/2502/1879 1990/2515/1875 1981/2500/1866
f 1990/2515/1875 1987/2512/1872 1981/2500/1866
f 1987/2512/1872 1990/2515/1875 2127/2513/1997
f 1991/2516/1876 2127/2513/1997 1990/2515/1875
f 1990/2515/1875 1993/2514/1878 1991/2516/1876
f 1992/2517/1877 1991/2516/1876 1993/2514/1878
f 1993/2514/1878 1994/2502/1879 1992/2517/1877
f 2131/2504/2001 1992/2517/1877 1994/2502/1879
f 1854/2518/1748 1999/2519/1884 1995/2520/1880
f 1995/2520/1880 1857/2521/1749 1854/2518/1748
f 1859/2522/1750 1857/2521/1749 1995/2520/1880
f 1995/2520/1880 1996/2523/1881 1859/2522/1750
f 1859/2522/1750 1996/2523/1881 1998/2524/1883
f 1998/2524/1883 1997/2525/1882 1859/2522/1750
f 1852/2342/1747 1998/2343/1883 1996/2341/1881
f 1834/2339/1731 1853/2340/1739 1852/2342/1747
f 1834/2339/1731 1852/2342/1747 1996/2341/1881
f 1834/2339/1731 1996/2341/1881 1974/2336/1741
f 1996/2341/1881 1995/2334/1880 1974/2336/1741
f 1995/2334/1880 2000/2332/1885 1974/2336/1741
f 1995/2334/1880 1999/2333/1884 2000/2332/1885
f 1834/2339/1731 1974/2336/1741 2001/2335/1886
f 2003/2526/966 2009/2527/1171 2002/2528/1170
f 2002/2528/1170 2004/2529/975 2003/2526/966
f 2008/2530/1172 2003/2526/966 2004/2529/975
f 2004/2529/975 2006/2531/1234 2008/2530/1172
f 2005/2532/652 2002/2533/1170 2009/2533/1171
f 2004/2534/975 2002/2533/1170 2005/2532/652
f 2005/2532/652 2006/2535/1234 2004/2534/975
f 2006/2535/1234 2005/2532/652 2007/2532/344
f 2007/2532/344 2008/2535/1172 2006/2535/1234
f 2003/2534/966 2008/2535/1172 2007/2532/344
f 2007/2532/344 2009/2533/1171 2003/2534/966
f 2009/2533/1171 2007/2532/344 2005/2532/652
f 2012/2536/1889 2010/2537/1887 2135/2538/2005
f 2135/2538/2005 2011/2539/1888 2012/2536/1889
f 2012/2540/1889 2011/2541/1888 2133/2542/2003
f 2133/2542/2003 2013/2543/1890 2012/2540/1889
f 2010/2544/1887 2012/2545/1889 2013/2546/1890
f 2013/2546/1890 2138/2547/2008 2010/2544/1887
f 2014/2548/652 2019/2549/1234 2016/2550/975
f 2016/2550/975 2015/2551/1170 2014/2548/652
f 2014/2548/652 2015/2551/1170 2021/2552/1894
f 2017/2553/1891 2021/2552/1894 2015/2551/1170
f 2015/2551/1170 2016/2550/975 2017/2553/1891
f 2018/2554/1892 2017/2553/1891 2016/2550/975
f 2016/2550/975 2019/2549/1234 2018/2554/1892
f 2020/2555/1893 2018/2554/1892 2019/2549/1234
f 2019/2549/1234 2014/2548/652 2020/2555/1893
f 2021/2552/1894 2020/2555/1893 2014/2548/652
f 2020/2555/1893 2021/2552/1894 2138/2556/2008
f 2022/2557/1895 2138/2556/2008 2021/2552/1894
f 2021/2552/1894 2017/2553/1891 2022/2557/1895
f 2133/2558/2003 2022/2557/1895 2017/2553/1891
f 2017/2553/1891 2018/2554/1892 2133/2558/2003
f 2013/2559/1890 2133/2558/2003 2018/2554/1892
f 2018/2554/1892 2020/2555/1893 2013/2559/1890
f 2138/2556/2008 2013/2559/1890 2020/2555/1893
f 2140/2560/2010 2134/2561/2004 2023/2562/966
f 2023/2562/966 2139/2563/2009 2140/2560/2010
f 2025/2564/975 2136/2565/2006 2024/2566/1896
f 2024/2566/1896 2137/2567/2007 2025/2564/975
f 2025/2564/975 2137/2567/2007 2139/2563/2009
f 2139/2563/2009 2023/2562/966 2025/2564/975
f 2136/2568/2006 2025/2564/975 2023/2562/966
f 2023/2562/966 2134/2569/2004 2136/2568/2006
f 2026/2570/1897 2054/2571/1925 2055/2572/1705
f 2026/2570/1897 2055/2572/1705 2027/2573/1898
f 2050/2574/1921 2026/2570/1897 2027/2573/1898
f 2057/2575/1927 2050/2574/1921 2027/2573/1898
f 2055/2572/1705 2028/2576/1899 2027/2573/1898
f 2050/2574/1921 2052/2577/1923 2026/2570/1897
f 2029/2578/1900 2030/2579/1901 2039/2580/1910
f 2029/2578/1900 2039/2580/1910 2032/2581/1903
f 2042/2582/1913 2029/2578/1900 2032/2581/1903
f 2039/2580/1910 2036/2583/1907 2035/2584/1906
f 2039/2580/1910 2035/2584/1906 2032/2581/1903
f 2035/2584/1906 2031/2585/1902 2032/2581/1903
f 2042/2582/1913 2032/2581/1903 2033/2586/1904
f 2044/2587/1915 2033/2586/1904 2032/2581/1903
f 2032/2581/1903 2031/2585/1902 2044/2587/1915
f 2034/2588/1905 2044/2587/1915 2031/2585/1902
f 2031/2585/1902 2035/2584/1906 2034/2588/1905
f 2037/2589/1908 2034/2588/1905 2035/2584/1906
f 2035/2584/1906 2036/2583/1907 2037/2589/1908
f 2038/2590/1909 2037/2589/1908 2036/2583/1907
f 2036/2583/1907 2039/2580/1910 2038/2590/1909
f 2040/2591/1911 2038/2590/1909 2039/2580/1910
f 2039/2580/1910 2030/2579/1901 2040/2591/1911
f 2041/2592/1912 2040/2591/1911 2030/2579/1901
f 2030/2579/1901 2029/2578/1900 2041/2592/1912
f 2043/2593/1914 2041/2592/1912 2029/2578/1900
f 2029/2578/1900 2042/2582/1913 2043/2593/1914
f 2033/2586/1904 2043/2593/1914 2042/2582/1913
f 2043/2593/1914 2033/2586/1904 2049/2594/1920
f 2051/2595/1922 2049/2594/1920 2033/2586/1904
f 2033/2586/1904 2044/2587/1915 2051/2595/1922
f 2045/2596/1916 2051/2595/1922 2044/2587/1915
f 2044/2587/1915 2034/2588/1905 2045/2596/1916
f 2053/2597/1924 2045/2596/1916 2034/2588/1905
f 2034/2588/1905 2037/2589/1908 2053/2597/1924
f 2046/2598/1917 2053/2597/1924 2037/2589/1908
f 2037/2589/1908 2038/2590/1909 2046/2598/1917
f 2047/2599/1918 2046/2598/1917 2038/2590/1909
f 2038/2590/1909 2040/2591/1911 2047/2599/1918
f 2048/2600/1919 2047/2599/1918 2040/2591/1911
f 2040/2591/1911 2041/2592/1912 2048/2600/1919
f 2056/2601/1926 2048/2600/1919 2041/2592/1912
f 2041/2592/1912 2043/2593/1914 2056/2601/1926
f 2049/2594/1920 2056/2601/1926 2043/2593/1914
f 2049/2594/1920 2051/2595/1922 2050/2595/1921
f 2052/2596/1923 2050/2595/1921 2051/2595/1922
f 2051/2595/1922 2045/2596/1916 2052/2596/1923
f 2026/2597/1897 2052/2596/1923 2045/2596/1916
f 2045/2596/1916 2053/2597/1924 2026/2597/1897
f 2054/2598/1925 2026/2597/1897 2053/2597/1924
f 2053/2597/1924 2046/2598/1917 2054/2598/1925
f 2055/2599/1705 2054/2598/1925 2046/2598/1917
f 2046/2598/1917 2047/2599/1918 2055/2599/1705
f 2028/2600/1899 2055/2599/1705 2047/2599/1918
f 2047/2599/1918 2048/2600/1919 2028/2600/1899
f 2027/2601/1898 2028/2600/1899 2048/2600/1919
f 2048/2600/1919 2056/2601/1926 2027/2601/1898
f 2057/2594/1927 2027/2601/1898 2056/2601/1926
f 2056/2601/1926 2049/2594/1920 2057/2594/1927
f 2050/2595/1921 2057/2594/1927 2049/2594/1920
f 2193/2602/2063 2208/2603/2078 2207/2604/2077
f 2207/2604/2077 2220/2605/2090 2193/2602/2063
f 2066/2204/1936 2065/2203/1935 2059/2606/1929
f 2065/2203/1935 2058/2607/1928 2059/2606/1929
f 2058/2607/1928 2060/2608/1930 2059/2606/1929
f 2058/2607/1928 2061/2609/1931 2060/2608/1930
f 2060/2608/1930 2061/2609/1931 2071/2610/1941
f 2062/2611/1932 2071/2610/1941 2061/2609/1931
f 2061/2609/1931 2058/2607/1928 2062/2611/1932
f 2063/2612/1933 2062/2611/1932 2058/2607/1928
f 2058/2607/1928 2064/2613/1934 2063/2612/1933
f 1860/2614/1751 2063/2612/1933 2064/2613/1934
f 2064/2613/1934 2065/2203/1935 1860/2614/1751
f 2067/2205/1937 1860/2614/1751 2065/2203/1935
f 2069/2615/1939 2067/2205/1937 2066/2204/1936
f 2066/2204/1936 2059/2606/1929 2069/2615/1939
f 2068/2616/1938 2069/2615/1939 2059/2606/1929
f 2059/2606/1929 2072/2617/1942 2068/2616/1938
f 2070/2618/1940 2068/2616/1938 2072/2617/1942
f 2072/2617/1942 2060/2608/1930 2070/2618/1940
f 2071/2610/1941 2070/2618/1940 2060/2608/1930
f 2065/2203/1935 2064/2613/1934 2058/2607/1928
f 2060/2608/1930 2072/2617/1942 2059/2606/1929
f 2083/2458/1953 2079/2460/1949 2080/2462/1950
f 2081/2464/1951 2273/2451/2143 2274/2450/2144
f 2274/2450/2144 2073/2449/1943 2081/2464/1951
f 2073/2449/1943 2274/2450/2144 2074/2453/1944
f 2074/2453/1944 2084/2452/1954 2073/2449/1943
f 2084/2452/1954 2074/2453/1944 2075/2455/1945
f 2075/2455/1945 2082/2454/1952 2084/2452/1954
f 2082/2454/1952 2075/2455/1945 2272/2457/2142
f 2272/2457/2142 2076/2456/1946 2082/2454/1952
f 2076/2456/1946 2272/2457/2142 2077/2459/1947
f 2077/2459/1947 2083/2458/1953 2076/2456/1946
f 2083/2458/1953 2077/2459/1947 2078/2461/1948
f 2078/2461/1948 2079/2460/1949 2083/2458/1953
f 2079/2460/1949 2078/2461/1948 2180/2463/2050
f 2180/2463/2050 2080/2462/1950 2079/2460/1949
f 2080/2462/1950 2180/2463/2050 2273/2451/2143
f 2273/2451/2143 2081/2464/1951 2080/2462/1950
f 2080/2462/1950 2081/2464/1951 2073/2449/1943
f 2083/2458/1953 2080/2462/1950 2073/2449/1943
f 2083/2458/1953 2073/2449/1943 2082/2454/1952
f 2076/2456/1946 2083/2458/1953 2082/2454/1952
f 2073/2449/1943 2084/2452/1954 2082/2454/1952
f 2349/2619/2219 2348/2620/2218 2123/2621/1993
f 2123/2621/1993 1980/2622/1865 2349/2619/2219
f 1980/2622/1865 2123/2621/1993 2085/2623/1955
f 2085/2623/1955 1979/2624/1864 1980/2622/1865
f 1979/2624/1864 2085/2623/1955 2122/2625/1992
f 2122/2625/1992 2086/2626/1956 1979/2624/1864
f 2086/2626/1956 2122/2625/1992 2364/2627/2234
f 2364/2627/2234 1978/2628/1863 2086/2626/1956
f 2334/2629/2204 2333/2630/2203 2094/2631/1964
f 2094/2631/1964 2087/2632/1957 2334/2629/2204
f 2087/2632/1957 2094/2631/1964 2088/2633/1958
f 2088/2633/1958 2120/2634/1990 2087/2632/1957
f 2120/2634/1990 2088/2633/1958 2093/2635/1963
f 2093/2635/1963 2119/2636/1989 2120/2634/1990
f 2119/2636/1989 2093/2635/1963 2089/2637/1959
f 2089/2637/1959 2090/2638/1960 2119/2636/1989
f 2092/2639/1962 2089/2640/1959 2093/2641/1963
f 2351/2642/2221 2092/2639/1962 2337/2643/2207
f 2092/2639/1962 2091/2644/1961 2337/2643/2207
f 2092/2639/1962 2093/2641/1963 2091/2644/1961
f 2093/2641/1963 2094/2645/1964 2091/2644/1961
f 2093/2641/1963 2088/2646/1958 2094/2645/1964
f 2094/2645/1964 2333/2647/2203 2091/2644/1961
f 2095/2206/1965 2097/2208/1967 2112/2648/1982
f 2113/2649/1983 2097/2208/1967 2096/2207/1966
f 2096/2207/1966 2095/2206/1965 2103/2650/1973
f 2111/2651/1981 2098/2652/1968 2105/2653/1975
f 2098/2652/1968 2111/2651/1981 2099/2654/1969
f 2098/2652/1968 2099/2654/1969 2100/2655/1970
f 2100/2655/1970 2099/2654/1969 2114/2656/1984
f 2100/2655/1970 2114/2656/1984 2110/2657/1980
f 2101/2658/1971 2110/2657/1980 2114/2656/1984
f 2110/2657/1980 2101/2658/1971 2102/2659/1972
f 2113/2649/1983 2102/2659/1972 2101/2658/1971
f 2113/2649/1983 2107/2660/1977 2102/2659/1972
f 2113/2649/1983 2096/2207/1966 2107/2660/1977
f 2108/2661/1978 2107/2660/1977 2096/2207/1966
f 2108/2661/1978 2096/2207/1966 2103/2650/1973
f 2108/2661/1978 2103/2650/1973 2106/2662/1976
f 2106/2662/1976 2103/2650/1973 2095/2206/1965
f 2095/2206/1965 2104/2663/1974 2106/2662/1976
f 2104/2663/1974 2095/2206/1965 2112/2648/1982
f 2104/2663/1974 2112/2648/1982 2105/2653/1975
f 2105/2653/1975 2112/2648/1982 2111/2651/1981
f 2100/2655/1970 2105/2653/1975 2098/2652/1968
f 2100/2655/1970 2104/2663/1974 2105/2653/1975
f 2100/2655/1970 2106/2662/1976 2104/2663/1974
f 2106/2662/1976 2100/2655/1970 2108/2661/1978
f 2100/2655/1970 2109/2664/1979 2108/2661/1978
f 2107/2660/1977 2108/2661/1978 2109/2664/1979
f 2109/2664/1979 2102/2659/1972 2107/2660/1977
f 2102/2659/1972 2109/2664/1979 2110/2657/1980
f 2100/2655/1970 2110/2657/1980 2109/2664/1979
f 2097/2208/1967 2111/2651/1981 2112/2648/1982
f 2111/2651/1981 2097/2208/1967 2116/2665/1986
f 2113/2649/1983 2116/2665/1986 2097/2208/1967
f 2113/2649/1983 2115/2666/1985 2116/2665/1986
f 2113/2649/1983 2101/2658/1971 2115/2666/1985
f 2114/2656/1984 2115/2666/1985 2101/2658/1971
f 2115/2666/1985 2114/2656/1984 2099/2654/1969
f 2099/2654/1969 2116/2665/1986 2115/2666/1985
f 2111/2651/1981 2116/2665/1986 2099/2654/1969
f 2335/2667/2205 2334/2668/2204 2087/2669/1957
f 2336/2670/2206 2117/2671/1987 2126/2672/1996
f 2336/2670/2206 2335/2667/2205 2117/2671/1987
f 2335/2667/2205 2118/2673/1988 2117/2671/1987
f 2335/2667/2205 2087/2669/1957 2118/2673/1988
f 2087/2669/1957 2119/2674/1989 2118/2673/1988
f 2087/2669/1957 2120/2675/1990 2119/2674/1989
f 2119/2674/1989 2090/2676/1960 2118/2673/1988
f 2121/2677/1991 2362/2678/2232 2364/2679/2234
f 2121/2677/1991 2364/2679/2234 2122/2680/1992
f 2121/2677/1991 2122/2680/1992 2085/2681/1955
f 2121/2677/1991 2085/2681/1955 2123/2682/1993
f 2121/2677/1991 2123/2682/1993 2348/2683/2218
f 2124/2684/1994 2121/2677/1991 2348/2683/2218
f 2124/2684/1994 2346/2685/2216 2121/2677/1991
f 2121/2677/1991 2346/2685/2216 2345/2686/2215
f 2345/2686/2215 2361/2687/2231 2121/2677/1991
f 2361/2687/2231 2345/2686/2215 2343/2688/2213
f 2343/2688/2213 2360/2689/2230 2361/2687/2231
f 2360/2689/2230 2343/2688/2213 2342/2690/2212
f 2342/2690/2212 2358/2691/2228 2360/2689/2230
f 2358/2691/2228 2342/2690/2212 2341/2692/2211
f 2341/2692/2211 2125/2693/1995 2358/2691/2228
f 2125/2693/1995 2341/2692/2211 2338/2694/2208
f 2338/2694/2208 2126/2672/1996 2125/2693/1995
f 2126/2672/1996 2338/2694/2208 2336/2670/2206
f 2128/2695/1998 2127/2696/1997 1991/2697/1876
f 1991/2697/1876 1992/2698/1877 2131/2699/2001
f 1991/2697/1876 2131/2699/2001 2130/2700/2000
f 2128/2695/1998 1991/2697/1876 2130/2700/2000
f 2129/2701/1999 2128/2695/1998 2130/2700/2000
f 2132/2702/2002 1985/2703/1870 2130/2700/2000
f 2131/2699/2001 2132/2702/2002 2130/2700/2000
f 2131/2699/2001 1983/2704/1868 2132/2702/2002
f 2140/2705/2010 2022/2706/1895 2134/2707/2004
f 2022/2706/1895 2133/2708/2003 2134/2707/2004
f 2133/2708/2003 2136/2709/2006 2134/2707/2004
f 2133/2708/2003 2011/2710/1888 2136/2709/2006
f 2011/2710/1888 2135/2711/2005 2136/2709/2006
f 2135/2711/2005 2024/2712/1896 2136/2709/2006
f 2024/2713/1896 2135/2714/2005 2010/2715/1887
f 2137/2716/2007 2024/2713/1896 2010/2715/1887
f 2138/2717/2008 2137/2716/2007 2010/2715/1887
f 2138/2717/2008 2139/2718/2009 2137/2716/2007
f 2138/2717/2008 2140/2719/2010 2139/2718/2009
f 2138/2717/2008 2022/2720/1895 2140/2719/2010
f 2151/2721/2021 2149/2722/2019 2153/2723/2023
f 2149/2722/2019 2151/2721/2021 2143/2724/2013
f 2143/2724/2013 2141/2725/2011 2149/2722/2019
f 2142/2726/2012 2143/2724/2013 2151/2721/2021
f 2144/2354/2014 2145/2371/2015 1872/2352/1763
f 2145/2371/2015 2144/2354/2014 2155/2727/2025
f 2155/2727/2025 1873/2373/1764 2145/2371/2015
f 1873/2373/1764 2155/2727/2025 2146/2728/2016
f 2146/2728/2016 1875/2375/1766 1873/2373/1764
f 1875/2375/1766 2146/2728/2016 2148/2729/2018
f 2148/2729/2018 2147/2377/2017 1875/2375/1766
f 2147/2377/2017 2148/2729/2018 2154/2730/2024
f 2154/2730/2024 2160/2731/2030 2147/2377/2017
f 2160/2731/2030 2154/2730/2024 2153/2723/2023
f 2153/2723/2023 2161/2732/2031 2160/2731/2030
f 2161/2732/2031 2153/2723/2023 2149/2722/2019
f 2149/2722/2019 2162/2733/2032 2161/2732/2031
f 2162/2733/2032 2149/2722/2019 2141/2725/2011
f 2141/2725/2011 2164/2734/2034 2162/2733/2032
f 2164/2734/2034 2141/2725/2011 2143/2724/2013
f 2166/2735/2036 2164/2734/2034 2143/2724/2013
f 2142/2726/2012 2166/2735/2036 2143/2724/2013
f 2166/2735/2036 2142/2726/2012 2150/2736/2020
f 2151/2721/2021 2150/2736/2020 2142/2726/2012
f 2150/2736/2020 2151/2721/2021 2152/2737/2022
f 2153/2723/2023 2152/2737/2022 2151/2721/2021
f 2152/2737/2022 2153/2723/2023 2154/2730/2024
f 2154/2730/2024 2168/2738/2038 2152/2737/2022
f 2168/2738/2038 2154/2730/2024 2148/2729/2018
f 2148/2729/2018 2170/2739/2040 2168/2738/2038
f 2170/2739/2040 2148/2729/2018 2146/2728/2016
f 2146/2728/2016 2171/2402/2041 2170/2739/2040
f 2171/2402/2041 2146/2728/2016 2155/2727/2025
f 2155/2727/2025 1893/2404/1784 2171/2402/2041
f 1893/2404/1784 2155/2727/2025 2144/2354/2014
f 2144/2354/2014 1894/2405/1785 1893/2404/1784
f 1894/2405/1785 2144/2354/2014 2157/2353/2027
f 2157/2353/2027 2156/2406/2026 1894/2405/1785
f 2156/2406/2026 2157/2353/2027 1862/2356/1753
f 1862/2356/1753 1895/2407/1786 2156/2406/2026
f 2158/2378/2028 2147/2377/2017 2160/2731/2030
f 2160/2731/2030 2159/2740/2029 2158/2378/2028
f 2159/2740/2029 2160/2731/2030 2161/2732/2031
f 2161/2732/2031 2163/2741/2033 2159/2740/2029
f 2163/2741/2033 2161/2732/2031 2162/2733/2032
f 2162/2733/2032 2178/2742/2048 2163/2741/2033
f 2178/2742/2048 2162/2733/2032 2164/2734/2034
f 2164/2734/2034 2165/2743/2035 2178/2742/2048
f 2166/2735/2036 2165/2743/2035 2164/2734/2034
f 2165/2743/2035 2166/2735/2036 2179/2744/2049
f 2150/2736/2020 2179/2744/2049 2166/2735/2036
f 2179/2744/2049 2150/2736/2020 2167/2745/2037
f 2152/2737/2022 2167/2745/2037 2150/2736/2020
f 2167/2745/2037 2152/2737/2022 2168/2738/2038
f 2168/2738/2038 2169/2746/2039 2167/2745/2037
f 2169/2746/2039 2168/2738/2038 2170/2739/2040
f 2170/2739/2040 2174/2403/2044 2169/2746/2039
f 2174/2403/2044 2170/2739/2040 2171/2402/2041
f 2173/2401/2043 1891/2400/1782 2172/2747/2042
f 2172/2747/2042 2174/2403/2044 2173/2401/2043
f 2174/2403/2044 2172/2747/2042 2175/2748/2045
f 2175/2748/2045 2169/2746/2039 2174/2403/2044
f 2169/2746/2039 2175/2748/2045 2176/2749/2046
f 2176/2749/2046 2167/2745/2037 2169/2746/2039
f 2167/2745/2037 2176/2749/2046 2179/2744/2049
f 1888/2389/1779 1882/2372/1773 2177/2374/2047
f 2177/2374/2047 1890/2398/1781 1888/2389/1779
f 1890/2398/1781 2177/2374/2047 1874/2376/1765
f 1874/2376/1765 1891/2400/1782 1890/2398/1781
f 1891/2400/1782 1874/2376/1765 2158/2378/2028
f 2158/2378/2028 2172/2747/2042 1891/2400/1782
f 2172/2747/2042 2158/2378/2028 2159/2740/2029
f 2159/2740/2029 2175/2748/2045 2172/2747/2042
f 2175/2748/2045 2159/2740/2029 2163/2741/2033
f 2163/2741/2033 2176/2749/2046 2175/2748/2045
f 2176/2749/2046 2163/2741/2033 2178/2742/2048
f 2178/2742/2048 2179/2744/2049 2176/2749/2046
f 2179/2744/2049 2178/2742/2048 2165/2743/2035
f 2180/2222/2050 2269/2221/2139 1955/2224/1846
f 1955/2224/1846 2273/2223/2143 2180/2222/2050
f 2181/2750/2051 2188/2751/2058 2185/2752/2055
f 2188/2751/2058 2181/2750/2051 2182/2753/2052
f 2182/2753/2052 2183/2754/2053 2188/2751/2058
f 2183/2754/2053 2182/2753/2052 2190/2755/2060
f 2190/2755/2060 2182/2753/2052 2181/2750/2051
f 2209/2756/2079 2184/2757/2054 2185/2752/2055
f 2185/2752/2055 2186/2758/2056 2209/2756/2079
f 2186/2758/2056 2185/2752/2055 2188/2751/2058
f 2188/2751/2058 2187/2759/2057 2186/2758/2056
f 2187/2759/2057 2188/2751/2058 2183/2754/2053
f 2183/2754/2053 2189/2760/2059 2187/2759/2057
f 2190/2755/2060 2189/2760/2059 2183/2754/2053
f 2189/2760/2059 2190/2755/2060 2195/2761/2065
f 2181/2750/2051 2195/2761/2065 2190/2755/2060
f 2195/2761/2065 2181/2750/2051 2191/2762/2061
f 2185/2752/2055 2191/2762/2061 2181/2750/2051
f 2191/2762/2061 2185/2752/2055 2184/2757/2054
f 2184/2757/2054 2197/2763/2067 2191/2762/2061
f 2197/2763/2067 2184/2757/2054 2208/2764/2078
f 2208/2764/2078 2193/2765/2063 2197/2763/2067
f 2192/2766/2062 2197/2763/2067 2193/2765/2063
f 2193/2765/2063 2194/2767/2064 2192/2766/2062
f 2209/2756/2079 2192/2766/2062 2194/2767/2064
f 2195/2761/2065 2187/2759/2057 2189/2760/2059
f 2187/2759/2057 2195/2761/2065 2196/2768/2066
f 2191/2762/2061 2196/2768/2066 2195/2761/2065
f 2196/2768/2066 2191/2762/2061 2197/2763/2067
f 2197/2763/2067 2192/2766/2062 2196/2768/2066
f 2186/2758/2056 2196/2768/2066 2192/2766/2062
f 2192/2766/2062 2209/2756/2079 2186/2758/2056
f 2196/2768/2066 2186/2758/2056 2187/2759/2057
f 2203/2769/2073 2198/2770/2068 2204/2771/2074
f 2199/2772/2069 2204/2771/2074 2198/2770/2068
f 2198/2770/2068 2200/2773/2070 2199/2772/2069
f 2201/2774/2071 2199/2772/2069 2200/2773/2070
f 2200/2773/2070 2202/2775/2072 2201/2774/2071
f 2214/2776/2084 2201/2774/2071 2202/2775/2072
f 2202/2775/2072 2203/2769/2073 2214/2776/2084
f 2204/2771/2074 2214/2776/2084 2203/2769/2073
f 2214/2776/2084 2204/2771/2074 2205/2777/2075
f 2215/2778/2085 2205/2777/2075 2204/2771/2074
f 2205/2777/2075 2215/2778/2085 2212/2779/2082
f 2216/2780/2086 2212/2779/2082 2215/2778/2085
f 2212/2779/2082 2216/2780/2086 2206/2781/2076
f 2207/2782/2077 2206/2781/2076 2216/2780/2086
f 2206/2781/2076 2207/2782/2077 2208/2764/2078
f 2208/2764/2078 2210/2783/2080 2206/2781/2076
f 2210/2783/2080 2208/2764/2078 2184/2757/2054
f 2184/2757/2054 2209/2756/2079 2210/2783/2080
f 2194/2767/2064 2210/2783/2080 2209/2756/2079
f 2210/2783/2080 2194/2767/2064 2211/2784/2081
f 2211/2784/2081 2206/2781/2076 2210/2783/2080
f 2206/2781/2076 2211/2784/2081 2212/2779/2082
f 2219/2785/2089 2212/2779/2082 2211/2784/2081
f 2212/2779/2082 2219/2785/2089 2205/2777/2075
f 2213/2786/2083 2205/2777/2075 2219/2785/2089
f 2205/2777/2075 2213/2786/2083 2214/2776/2084
f 2201/2774/2071 2214/2776/2084 2213/2786/2083
f 2213/2786/2083 2217/2787/2087 2201/2774/2071
f 2199/2772/2069 2201/2774/2071 2217/2787/2087
f 2217/2787/2087 2215/2778/2085 2199/2772/2069
f 2204/2771/2074 2199/2772/2069 2215/2778/2085
f 2215/2778/2085 2217/2787/2087 2216/2780/2086
f 2218/2788/2088 2216/2780/2086 2217/2787/2087
f 2217/2787/2087 2213/2786/2083 2218/2788/2088
f 2219/2785/2089 2218/2788/2088 2213/2786/2083
f 2218/2788/2088 2219/2785/2089 2220/2789/2090
f 2211/2784/2081 2220/2789/2090 2219/2785/2089
f 2220/2789/2090 2211/2784/2081 2194/2767/2064
f 2194/2767/2064 2193/2765/2063 2220/2789/2090
f 2216/2780/2086 2218/2788/2088 2207/2782/2077
f 2220/2789/2090 2207/2782/2077 2218/2788/2088
f 2256/2790/2126 2261/2791/2131 2255/2792/2125
f 2254/2793/2124 2255/2792/2125 2261/2791/2131
f 2261/2791/2131 2221/2794/2091 2254/2793/2124
f 2239/2795/2109 2254/2793/2124 2221/2794/2091
f 2221/2794/2091 2222/2796/2092 2239/2795/2109
f 2237/2797/2107 2239/2795/2109 2222/2796/2092
f 2222/2796/2092 2223/2798/2093 2237/2797/2107
f 2238/2799/2108 2237/2797/2107 2223/2798/2093
f 2223/2798/2093 2224/2800/2094 2238/2799/2108
f 2236/2801/2106 2238/2799/2108 2224/2800/2094
f 2224/2800/2094 2265/2802/2135 2236/2801/2106
f 2233/2803/2103 2236/2801/2106 2265/2802/2135
f 2265/2802/2135 2268/2804/2138 2233/2803/2103
f 2234/2805/2104 2233/2803/2103 2268/2804/2138
f 2268/2804/2138 2225/2806/2095 2234/2805/2104
f 2226/2807/2096 2234/2805/2104 2225/2806/2095
f 2225/2806/2095 2228/2808/2098 2226/2807/2096
f 2227/2809/2097 2226/2807/2096 2228/2808/2098
f 2228/2808/2098 2229/2810/2099 2227/2809/2097
f 2248/2811/2118 2227/2809/2097 2229/2810/2099
f 2249/2812/2119 2230/2813/2100 2248/2811/2118
f 2227/2809/2097 2248/2811/2118 2230/2813/2100
f 2230/2813/2100 2245/2814/2115 2227/2809/2097
f 2226/2807/2096 2227/2809/2097 2245/2814/2115
f 2245/2814/2115 2231/2815/2101 2226/2807/2096
f 2234/2805/2104 2226/2807/2096 2231/2815/2101
f 2231/2815/2101 2232/2816/2102 2234/2805/2104
f 2233/2803/2103 2234/2805/2104 2232/2816/2102
f 2232/2816/2102 2235/2816/2105 2233/2803/2103
f 2236/2801/2106 2233/2803/2103 2235/2816/2105
f 2235/2816/2105 2241/2817/2111 2236/2801/2106
f 2238/2799/2108 2236/2801/2106 2241/2817/2111
f 2241/2817/2111 2240/2818/2110 2238/2799/2108
f 2237/2797/2107 2238/2799/2108 2240/2818/2110
f 2240/2818/2110 2252/2797/2122 2237/2797/2107
f 2239/2795/2109 2237/2797/2107 2252/2797/2122
f 2252/2797/2122 2251/2819/2121 2239/2795/2109
f 2254/2793/2124 2239/2795/2109 2251/2819/2121
f 2252/2797/2122 2240/2818/2110 2266/2820/2136
f 2267/2821/2137 2266/2820/2136 2240/2818/2110
f 2240/2818/2110 2241/2817/2111 2267/2821/2137
f 2243/2822/2113 2267/2821/2137 2241/2817/2111
f 2241/2817/2111 2235/2816/2105 2243/2822/2113
f 2242/2822/2112 2243/2822/2113 2235/2816/2105
f 2235/2816/2105 2232/2816/2102 2242/2822/2112
f 2244/2823/2114 2242/2822/2112 2232/2816/2102
f 2232/2816/2102 2231/2815/2101 2244/2823/2114
f 2258/2824/2128 2244/2823/2114 2231/2815/2101
f 2231/2815/2101 2245/2814/2115 2258/2824/2128
f 2259/2825/2129 2258/2824/2128 2245/2814/2115
f 2245/2814/2115 2230/2813/2100 2259/2825/2129
f 2260/2826/2130 2259/2825/2129 2230/2813/2100
f 2230/2813/2100 2249/2812/2119 2260/2826/2130
f 2246/2827/2116 2260/2826/2130 2249/2812/2119
f 2243/2822/2113 2242/2822/2112 2225/2806/2095
f 2228/2808/2098 2225/2806/2095 2242/2822/2112
f 2242/2822/2112 2244/2823/2114 2228/2808/2098
f 2229/2810/2099 2228/2808/2098 2244/2823/2114
f 2244/2823/2114 2258/2824/2128 2229/2810/2099
f 2247/2828/2117 2229/2810/2099 2258/2824/2128
f 2229/2810/2099 2247/2828/2117 2248/2811/2118
f 2257/2829/2127 2248/2811/2118 2247/2828/2117
f 2248/2811/2118 2257/2829/2127 2249/2812/2119
f 2250/2830/2120 2249/2812/2119 2257/2829/2127
f 2249/2812/2119 2250/2830/2120 2246/2827/2116
f 2262/2831/2132 2246/2827/2116 2250/2830/2120
f 2250/2830/2120 2253/2832/2123 2262/2831/2132
f 2263/2833/2133 2262/2831/2132 2253/2832/2123
f 2253/2832/2123 2251/2819/2121 2263/2833/2133
f 2264/2798/2134 2263/2833/2133 2251/2819/2121
f 2251/2819/2121 2252/2797/2122 2264/2798/2134
f 2266/2820/2136 2264/2798/2134 2252/2797/2122
f 2251/2819/2121 2253/2832/2123 2254/2793/2124
f 2255/2792/2125 2254/2793/2124 2253/2832/2123
f 2253/2832/2123 2250/2830/2120 2255/2792/2125
f 2257/2829/2127 2255/2792/2125 2250/2830/2120
f 2255/2792/2125 2257/2829/2127 2256/2790/2126
f 2247/2828/2117 2256/2790/2126 2257/2829/2127
f 2258/2824/2128 2259/2825/2129 2247/2828/2117
f 2256/2790/2126 2247/2828/2117 2259/2825/2129
f 2259/2825/2129 2260/2826/2130 2256/2790/2126
f 2261/2791/2131 2256/2790/2126 2260/2826/2130
f 2260/2826/2130 2246/2827/2116 2261/2791/2131
f 2221/2794/2091 2261/2791/2131 2246/2827/2116
f 2246/2827/2116 2262/2831/2132 2221/2794/2091
f 2222/2796/2092 2221/2794/2091 2262/2831/2132
f 2262/2831/2132 2263/2833/2133 2222/2796/2092
f 2223/2798/2093 2222/2796/2092 2263/2833/2133
f 2263/2833/2133 2264/2798/2134 2223/2798/2093
f 2224/2800/2094 2223/2798/2093 2264/2798/2134
f 2264/2798/2134 2266/2820/2136 2224/2800/2094
f 2265/2802/2135 2224/2800/2094 2266/2820/2136
f 2266/2820/2136 2267/2821/2137 2265/2802/2135
f 2268/2804/2138 2265/2802/2135 2267/2821/2137
f 2267/2821/2137 2243/2822/2113 2268/2804/2138
f 2225/2806/2095 2268/2804/2138 2243/2822/2113
f 2270/2834/2140 2269/2835/2139 2180/2836/2050
f 2180/2836/2050 2078/2837/1948 2270/2834/2140
f 2270/2834/2140 2078/2837/1948 2077/2838/1947
f 2077/2838/1947 2271/2839/2141 2270/2834/2140
f 1952/2840/1843 2271/2839/2141 2077/2838/1947
f 2077/2838/1947 2272/2841/2142 1952/2840/1843
f 2274/2842/2144 2273/2843/2143 1955/2844/1846
f 1955/2844/1846 1948/2845/1839 2274/2842/2144
f 2074/2846/1944 2274/2842/2144 1948/2845/1839
f 1948/2845/1839 1949/2847/1840 2074/2846/1944
f 2075/2848/1945 2074/2846/1944 1949/2847/1840
f 1949/2847/1840 1950/2849/1841 2075/2848/1945
f 2276/2850/2146 2275/2851/2145 2320/2852/2190
f 2275/2851/2145 2276/2850/2146 2277/2853/2147
f 2277/2853/2147 2287/2854/2157 2275/2851/2145
f 2287/2854/2157 2277/2853/2147 2278/2855/2148
f 2278/2855/2148 2279/2856/2149 2287/2854/2157
f 2279/2856/2149 2278/2855/2148 2282/2857/2152
f 2282/2857/2152 2283/2858/2153 2279/2856/2149
f 2327/2859/2197 2309/2860/2179 2324/2861/2194
f 2309/2860/2179 2327/2859/2197 2293/2862/2163
f 2327/2859/2197 2288/2863/2158 2293/2862/2163
f 2276/2850/2146 2293/2862/2163 2288/2863/2158
f 2276/2850/2146 2288/2863/2158 2280/2864/2150
f 2280/2864/2150 2277/2853/2147 2276/2850/2146
f 2277/2853/2147 2280/2864/2150 2290/2865/2160
f 2290/2865/2160 2278/2855/2148 2277/2853/2147
f 2278/2855/2148 2290/2865/2160 2281/2866/2151
f 2281/2866/2151 2282/2857/2152 2278/2855/2148
f 2282/2857/2152 2281/2866/2151 2284/2867/2154
f 2284/2867/2154 2283/2858/2153 2282/2857/2152
f 2283/2858/2153 2284/2867/2154 2285/2868/2155
f 2285/2868/2155 2279/2856/2149 2283/2858/2153
f 2279/2856/2149 2285/2868/2155 2286/2869/2156
f 2286/2869/2156 2287/2854/2157 2279/2856/2149
f 2287/2854/2157 2286/2869/2156 2289/2870/2159
f 2289/2870/2159 2275/2851/2145 2287/2854/2157
f 2289/2870/2159 2288/2863/2158 2327/2859/2197
f 2288/2863/2158 2289/2870/2159 2286/2869/2156
f 2286/2869/2156 2280/2864/2150 2288/2863/2158
f 2280/2864/2150 2286/2869/2156 2285/2868/2155
f 2285/2868/2155 2290/2865/2160 2280/2864/2150
f 2290/2865/2160 2285/2868/2155 2284/2867/2154
f 2284/2867/2154 2281/2866/2151 2290/2865/2160
f 2308/2871/2178 2291/2872/2161 2307/2873/2177
f 2291/2872/2161 2308/2871/2178 2292/2874/2162
f 2309/2860/2179 2292/2874/2162 2308/2871/2178
f 2292/2874/2162 2309/2860/2179 2293/2862/2163
f 2293/2862/2163 2294/2875/2164 2292/2874/2162
f 2294/2875/2164 2293/2862/2163 2302/2876/2172
f 2295/2877/2165 2302/2876/2172 2293/2862/2163
f 2302/2876/2172 2295/2877/2165 2296/2878/2166
f 2297/2879/2167 2296/2878/2166 2295/2877/2165
f 2296/2878/2166 2297/2879/2167 2304/2880/2174
f 2319/2881/2189 2304/2880/2174 2297/2879/2167
f 2304/2880/2174 2319/2881/2189 2298/2882/2168
f 2300/2883/2170 2298/2882/2168 2319/2881/2189
f 2298/2882/2168 2300/2883/2170 2299/2884/2169
f 2318/2885/2188 2299/2884/2169 2300/2883/2170
f 2299/2884/2169 2318/2885/2188 2301/2886/2171
f 2321/2887/2191 2301/2886/2171 2318/2885/2188
f 2301/2886/2171 2321/2887/2191 2322/2888/2192
f 2302/2876/2172 2310/2889/2180 2294/2875/2164
f 2310/2889/2180 2302/2876/2172 2303/2890/2173
f 2296/2878/2166 2303/2890/2173 2302/2876/2172
f 2303/2890/2173 2296/2878/2166 2313/2891/2183
f 2304/2880/2174 2313/2891/2183 2296/2878/2166
f 2313/2891/2183 2304/2880/2174 2317/2892/2187
f 2298/2882/2168 2317/2892/2187 2304/2880/2174
f 2317/2892/2187 2298/2882/2168 2316/2893/2186
f 2299/2884/2169 2316/2893/2186 2298/2882/2168
f 2316/2893/2186 2299/2884/2169 2305/2894/2175
f 2301/2886/2171 2305/2894/2175 2299/2884/2169
f 2305/2894/2175 2301/2886/2171 2306/2895/2176
f 2322/2888/2192 2306/2895/2176 2301/2886/2171
f 2306/2895/2176 2322/2888/2192 2307/2873/2177
f 2323/2896/2193 2307/2873/2177 2322/2888/2192
f 2307/2873/2177 2323/2896/2193 2308/2871/2178
f 2324/2861/2194 2308/2871/2178 2323/2896/2193
f 2308/2871/2178 2324/2861/2194 2309/2860/2179
f 2275/2851/2145 2289/2870/2159 2294/2875/2164
f 2320/2852/2190 2275/2851/2145 2294/2875/2164
f 2310/2889/2180 2320/2852/2190 2294/2875/2164
f 2320/2852/2190 2310/2889/2180 2311/2897/2181
f 2303/2890/2173 2311/2897/2181 2310/2889/2180
f 2311/2897/2181 2303/2890/2173 2312/2898/2182
f 2313/2891/2183 2312/2898/2182 2303/2890/2173
f 2312/2898/2182 2313/2891/2183 2314/2899/2184
f 2317/2892/2187 2314/2899/2184 2313/2891/2183
f 2314/2899/2184 2317/2892/2187 2315/2900/2185
f 2316/2893/2186 2315/2900/2185 2317/2892/2187
f 2315/2900/2185 2316/2893/2186 2332/2901/2202
f 2305/2894/2175 2332/2901/2202 2316/2893/2186
f 2332/2901/2202 2305/2894/2175 2330/2902/2200
f 2306/2895/2176 2330/2902/2200 2305/2894/2175
f 2330/2902/2200 2306/2895/2176 2328/2903/2198
f 2307/2873/2177 2328/2903/2198 2306/2895/2176
f 2328/2903/2198 2307/2873/2177 2291/2872/2161
f 2332/2901/2202 2321/2887/2191 2315/2900/2185
f 2318/2885/2188 2315/2900/2185 2321/2887/2191
f 2315/2900/2185 2318/2885/2188 2314/2899/2184
f 2300/2883/2170 2314/2899/2184 2318/2885/2188
f 2314/2899/2184 2300/2883/2170 2312/2898/2182
f 2319/2881/2189 2312/2898/2182 2300/2883/2170
f 2312/2898/2182 2319/2881/2189 2311/2897/2181
f 2297/2879/2167 2311/2897/2181 2319/2881/2189
f 2311/2897/2181 2297/2879/2167 2320/2852/2190
f 2295/2877/2165 2320/2852/2190 2297/2879/2167
f 2320/2852/2190 2295/2877/2165 2276/2850/2146
f 2295/2877/2165 2293/2862/2163 2276/2850/2146
f 2331/2904/2201 2322/2888/2192 2321/2887/2191
f 2322/2888/2192 2331/2904/2201 2323/2896/2193
f 2329/2905/2199 2323/2896/2193 2331/2904/2201
f 2323/2896/2193 2329/2905/2199 2324/2861/2194
f 2325/2906/2195 2324/2861/2194 2329/2905/2199
f 2324/2861/2194 2325/2906/2195 2327/2859/2197
f 2326/2907/2196 2327/2859/2197 2325/2906/2195
f 2327/2859/2197 2326/2907/2196 2289/2870/2159
f 2326/2907/2196 2294/2875/2164 2289/2870/2159
f 2326/2907/2196 2292/2874/2162 2294/2875/2164
f 2292/2874/2162 2326/2907/2196 2291/2872/2161
f 2325/2906/2195 2291/2872/2161 2326/2907/2196
f 2291/2872/2161 2325/2906/2195 2328/2903/2198
f 2329/2905/2199 2328/2903/2198 2325/2906/2195
f 2328/2903/2198 2329/2905/2199 2330/2902/2200
f 2331/2904/2201 2330/2902/2200 2329/2905/2199
f 2330/2902/2200 2331/2904/2201 2332/2901/2202
f 2321/2887/2191 2332/2901/2202 2331/2904/2201
f 2335/2211/2205 2091/2908/1961 2333/2209/2203
f 2091/2908/1961 2335/2211/2205 2336/2909/2206
f 2336/2909/2206 2337/2910/2207 2091/2908/1961
f 2350/2911/2220 2337/2910/2207 2336/2909/2206
f 2336/2909/2206 2338/2912/2208 2350/2911/2220
f 2350/2911/2220 2338/2912/2208 2341/2913/2211
f 2341/2913/2211 2339/2914/2209 2350/2911/2220
f 2340/2915/2210 2339/2914/2209 2341/2913/2211
f 2341/2913/2211 2342/2916/2212 2340/2915/2210
f 2340/2915/2210 2342/2916/2212 2343/2917/2213
f 2343/2917/2213 2344/2918/2214 2340/2915/2210
f 2344/2918/2214 2343/2917/2213 2345/2919/2215
f 2345/2919/2215 2353/2920/2223 2344/2918/2214
f 2353/2920/2223 2345/2919/2215 2346/2921/2216
f 2346/2921/2216 2356/2922/2226 2353/2920/2223
f 2347/2923/2217 2356/2922/2226 2346/2921/2216
f 2346/2921/2216 2124/2924/1994 2347/2923/2217
f 2347/2923/2217 2124/2924/1994 2348/2925/2218
f 2348/2925/2218 2349/2926/2219 2347/2923/2217
f 2351/2927/2221 2337/2928/2207 2350/2929/2220
f 2350/2929/2220 2352/2930/2222 2351/2927/2221
f 2352/2930/2222 2350/2929/2220 2339/2931/2209
f 2339/2931/2209 2357/2932/2227 2352/2930/2222
f 2359/2933/2229 2357/2932/2227 2339/2931/2209
f 2339/2931/2209 2340/2934/2210 2359/2933/2229
f 2359/2933/2229 2340/2934/2210 2344/2935/2214
f 2344/2935/2214 2355/2936/2225 2359/2933/2229
f 2355/2936/2225 2344/2935/2214 2353/2937/2223
f 2353/2937/2223 2354/2938/2224 2355/2936/2225
f 2354/2938/2224 2353/2937/2223 2356/2939/2226
f 2356/2939/2226 1977/2940/1862 2354/2938/2224
f 2090/2941/1960 2089/2942/1959 2092/2943/1962
f 2092/2943/1962 2118/2944/1988 2090/2941/1960
f 2118/2944/1988 2092/2943/1962 2351/2945/2221
f 2351/2945/2221 2117/2946/1987 2118/2944/1988
f 2117/2946/1987 2351/2945/2221 2352/2947/2222
f 2352/2947/2222 2126/2948/1996 2117/2946/1987
f 2125/2949/1995 2126/2948/1996 2352/2947/2222
f 2352/2947/2222 2357/2950/2227 2125/2949/1995
f 2358/2951/2228 2125/2949/1995 2357/2950/2227
f 2357/2950/2227 2359/2952/2229 2358/2951/2228
f 2358/2951/2228 2359/2952/2229 2355/2953/2225
f 2355/2953/2225 2360/2954/2230 2358/2951/2228
f 2360/2954/2230 2355/2953/2225 2354/2955/2224
f 2354/2955/2224 2361/2956/2231 2360/2954/2230
f 2361/2956/2231 2354/2955/2224 1977/2957/1862
f 1977/2957/1862 2121/2958/1991 2361/2956/2231
f 2121/2958/1991 1977/2957/1862 2363/2959/2233
f 2363/2959/2233 2362/2960/2232 2121/2958/1991
f 2362/2960/2232 2363/2959/2233 1978/2961/1863
f 1978/2961/1863 2364/2962/2234 2362/2960/2232
f 2408/2963/2097 2394/2964/2096 2410/2965/2098
f 2365/2966/2095 2410/2965/2098 2394/2964/2096
f 2394/2964/2096 2366/2967/2104 2365/2966/2095
f 2411/2968/2247 2365/2966/2095 2366/2967/2104
f 2366/2967/2104 2395/2969/2245 2411/2968/2247
f 2412/2970/2135 2411/2968/2247 2395/2969/2245
f 2395/2969/2245 2398/2971/2106 2412/2970/2135
f 2367/2972/2094 2412/2970/2135 2398/2971/2106
f 2398/2971/2106 2368/2973/2235 2367/2972/2094
f 2378/2974/2240 2367/2972/2094 2368/2973/2235
f 2368/2973/2235 2370/2975/2237 2378/2974/2240
f 2369/2976/2236 2378/2974/2240 2370/2975/2237
f 2370/2975/2237 2399/2977/2109 2369/2976/2236
f 2371/2978/2091 2369/2976/2236 2399/2977/2109
f 2399/2977/2109 2402/2979/2124 2371/2978/2091
f 2380/2980/2131 2371/2978/2091 2402/2979/2124
f 2402/2979/2124 2375/2214/2238 2380/2980/2131
f 2372/2981/2126 2380/2980/2131 2375/2214/2238
f 2375/2214/2238 2376/2982/2239 2372/2981/2126
f 2377/2983/2117 2372/2981/2126 2376/2982/2239
f 2376/2982/2239 2375/2214/2238 2374/2213/2120
f 2374/2213/2120 2405/2984/2119 2376/2982/2239
f 2406/2985/2118 2376/2982/2239 2405/2984/2119
f 2376/2982/2239 2406/2985/2118 2377/2983/2117
f 2409/2986/2099 2377/2983/2117 2406/2985/2118
f 2412/2970/2135 2367/2972/2094 2390/2216/2136
f 2392/2974/2134 2390/2216/2136 2367/2972/2094
f 2367/2972/2094 2378/2974/2240 2392/2974/2134
f 2403/2987/2133 2392/2974/2134 2378/2974/2240
f 2378/2974/2240 2369/2976/2236 2403/2987/2133
f 2379/2988/2132 2403/2987/2133 2369/2976/2236
f 2369/2976/2236 2371/2978/2091 2379/2988/2132
f 2404/2989/2116 2379/2988/2132 2371/2978/2091
f 2371/2978/2091 2380/2980/2131 2404/2989/2116
f 2381/2990/2130 2404/2989/2116 2380/2980/2131
f 2380/2980/2131 2372/2981/2126 2381/2990/2130
f 2383/2991/2129 2381/2990/2130 2372/2981/2126
f 2372/2981/2126 2377/2983/2117 2383/2991/2129
f 2382/2992/2128 2383/2991/2129 2377/2983/2117
f 2377/2983/2117 2409/2986/2099 2382/2992/2128
f 2385/2993/2114 2382/2992/2128 2409/2986/2099
f 2381/2990/2130 2383/2991/2129 2407/2994/2100
f 2393/2995/2115 2407/2994/2100 2383/2991/2129
f 2383/2991/2129 2382/2992/2128 2393/2995/2115
f 2384/2996/2101 2393/2995/2115 2382/2992/2128
f 2382/2992/2128 2385/2993/2114 2384/2996/2101
f 2387/2997/2242 2384/2996/2101 2385/2993/2114
f 2385/2993/2114 2386/2998/2241 2387/2997/2242
f 2396/2997/2246 2387/2997/2242 2386/2998/2241
f 2386/2998/2241 2388/2998/2243 2396/2997/2246
f 2397/2999/2111 2396/2997/2246 2388/2998/2243
f 2388/2998/2243 2389/2215/2137 2397/2999/2111
f 2391/2217/2244 2397/2999/2111 2389/2215/2137
f 2400/2975/2122 2391/2217/2244 2390/2216/2136
f 2390/2216/2136 2392/2974/2134 2400/2975/2122
f 2401/3000/2121 2400/2975/2122 2392/2974/2134
f 2392/2974/2134 2403/2987/2133 2401/3000/2121
f 2373/2212/2123 2401/3000/2121 2403/2987/2133
f 2407/2994/2100 2393/2995/2115 2408/2963/2097
f 2394/2964/2096 2408/2963/2097 2393/2995/2115
f 2393/2995/2115 2384/2996/2101 2394/2964/2096
f 2366/2967/2104 2394/2964/2096 2384/2996/2101
f 2384/2996/2101 2387/2997/2242 2366/2967/2104
f 2395/2969/2245 2366/2967/2104 2387/2997/2242
f 2387/2997/2242 2396/2997/2246 2395/2969/2245
f 2398/2971/2106 2395/2969/2245 2396/2997/2246
f 2396/2997/2246 2397/2999/2111 2398/2971/2106
f 2368/2973/2235 2398/2971/2106 2397/2999/2111
f 2397/2999/2111 2391/2217/2244 2368/2973/2235
f 2370/2975/2237 2368/2973/2235 2391/2217/2244
f 2391/2217/2244 2400/2975/2122 2370/2975/2237
f 2399/2977/2109 2370/2975/2237 2400/2975/2122
f 2400/2975/2122 2401/3000/2121 2399/2977/2109
f 2402/2979/2124 2399/2977/2109 2401/3000/2121
f 2401/3000/2121 2373/2212/2123 2402/2979/2124
f 2375/2214/2238 2402/2979/2124 2373/2212/2123
f 2403/2987/2133 2379/2988/2132 2373/2212/2123
f 2374/2213/2120 2373/2212/2123 2379/2988/2132
f 2379/2988/2132 2404/2989/2116 2374/2213/2120
f 2405/2984/2119 2374/2213/2120 2404/2989/2116
f 2404/2989/2116 2381/2990/2130 2405/2984/2119
f 2407/2994/2100 2405/2984/2119 2381/2990/2130
f 2405/2984/2119 2407/2994/2100 2406/2985/2118
f 2408/2963/2097 2406/2985/2118 2407/2994/2100
f 2406/2985/2118 2408/2963/2097 2409/2986/2099
f 2410/2965/2098 2409/2986/2099 2408/2963/2097
f 2409/2986/2099 2410/2965/2098 2385/2993/2114
f 2386/2998/2241 2385/2993/2114 2410/2965/2098
f 2410/2965/2098 2365/2966/2095 2386/2998/2241
f 2388/2998/2243 2386/2998/2241 2365/2966/2095
f 2365/2966/2095 2411/2968/2247 2388/2998/2243
f 2389/2215/2137 2388/2998/2243 2411/2968/2247
f 2411/2968/2247 2412/2970/2135 2389/2215/2137
f 2390/2216/2136 2389/2215/2137 2412/2970/2135
f 2421/3001/2256 2420/3002/2255 2419/3003/2254
f 2420/3002/2255 2421/3001/2256 2413/3004/2248
f 2414/3005/2249 2413/3004/2248 2421/3001/2256
f 2413/3004/2248 2414/3005/2249 2445/3006/2280
f 2423/3007/2258 2445/3006/2280 2414/3005/2249
f 2445/3006/2280 2423/3007/2258 2415/3008/2250
f 2425/3009/2260 2415/3008/2250 2423/3007/2258
f 2415/3008/2250 2425/3009/2260 2416/3010/2251
f 2426/3011/2261 2416/3010/2251 2425/3009/2260
f 2416/3010/2251 2426/3011/2261 2417/3012/2252
f 2427/3013/2262 2417/3012/2252 2426/3011/2261
f 2417/3012/2252 2427/3013/2262 2442/3014/2277
f 2428/3015/2263 2442/3014/2277 2427/3013/2262
f 2442/3014/2277 2428/3015/2263 2440/3016/2275
f 2418/3017/2253 2440/3016/2275 2428/3015/2263
f 2448/3018/2283 2419/3003/2254 2420/3002/2255
f 2429/3019/2264 2419/3003/2254 2448/3018/2283
f 2419/3003/2254 2429/3019/2264 2421/3001/2256
f 2422/3020/2257 2421/3001/2256 2429/3019/2264
f 2421/3001/2256 2422/3020/2257 2414/3005/2249
f 2424/3021/2259 2414/3005/2249 2422/3020/2257
f 2414/3005/2249 2424/3021/2259 2423/3007/2258
f 2432/3022/2267 2423/3007/2258 2424/3021/2259
f 2423/3007/2258 2432/3022/2267 2425/3009/2260
f 2433/3023/2268 2425/3009/2260 2432/3022/2267
f 2425/3009/2260 2433/3023/2268 2426/3011/2261
f 2435/3024/2270 2426/3011/2261 2433/3023/2268
f 2426/3011/2261 2435/3024/2270 2427/3013/2262
f 2436/3025/2271 2427/3013/2262 2435/3024/2270
f 2427/3013/2262 2436/3025/2271 2428/3015/2263
f 2437/3026/2272 2428/3015/2263 2436/3025/2271
f 2428/3015/2263 2437/3026/2272 2418/3017/2253
f 2439/3027/2274 2418/3017/2253 2437/3026/2272
f 2448/3018/2283 2447/3028/2282 2429/3019/2264
f 2429/3019/2264 2447/3028/2282 2422/3020/2257
f 2431/3029/2266 2422/3020/2257 2447/3028/2282
f 2422/3020/2257 2431/3029/2266 2424/3021/2259
f 2430/3030/2265 2424/3021/2259 2431/3029/2266
f 2424/3021/2259 2430/3030/2265 2432/3022/2267
f 2446/3031/2281 2432/3022/2267 2430/3030/2265
f 2432/3022/2267 2446/3031/2281 2433/3023/2268
f 2434/3032/2269 2433/3023/2268 2446/3031/2281
f 2433/3023/2268 2434/3032/2269 2435/3024/2270
f 2444/3033/2279 2435/3024/2270 2434/3032/2269
f 2435/3024/2270 2444/3033/2279 2436/3025/2271
f 2443/3034/2278 2436/3025/2271 2444/3033/2279
f 2436/3025/2271 2443/3034/2278 2437/3026/2272
f 2438/3035/2273 2437/3026/2272 2443/3034/2278
f 2437/3026/2272 2438/3035/2273 2439/3027/2274
f 2441/3036/2276 2439/3027/2274 2438/3035/2273
f 2440/3016/2275 2418/3017/2253 2439/3027/2274
f 2439/3027/2274 2441/3036/2276 2440/3016/2275
f 2440/3016/2275 2441/3036/2276 2442/3014/2277
f 2438/3035/2273 2442/3014/2277 2441/3036/2276
f 2442/3014/2277 2438/3035/2273 2417/3012/2252
f 2443/3034/2278 2417/3012/2252 2438/3035/2273
f 2417/3012/2252 2443/3034/2278 2416/3010/2251
f 2444/3033/2279 2416/3010/2251 2443/3034/2278
f 2416/3010/2251 2444/3033/2279 2415/3008/2250
f 2434/3032/2269 2415/3008/2250 2444/3033/2279
f 2415/3008/2250 2434/3032/2269 2445/3006/2280
f 2446/3031/2281 2445/3006/2280 2434/3032/2269
f 2445/3006/2280 2446/3031/2281 2413/3004/2248
f 2430/3030/2265 2413/3004/2248 2446/3031/2281
f 2413/3004/2248 2430/3030/2265 2420/3002/2255
f 2431/3029/2266 2420/3002/2255 2430/3030/2265
f 2420/3002/2255 2431/3029/2266 2448/3018/2283
f 2447/3028/2282 2448/3018/2283 2431/3029/2266
f 2492/3037/2327 2484/3038/2319 2491/3039/2326
f 2484/3038/2319 2492/3037/2327 2457/3040/2292
f 2457/3040/2292 2498/3041/2333 2484/3038/2319
f 2498/3041/2333 2457/3040/2292 2450/3042/2285
f 2449/3043/2284 2450/3042/2285 2457/3040/2292
f 2450/3042/2285 2449/3043/2284 2501/3044/2336
f 2451/3045/2286 2501/3044/2336 2449/3043/2284
f 2501/3044/2336 2451/3045/2286 2502/3045/2337
f 2452/3046/2287 2502/3045/2337 2451/3045/2286
f 2502/3045/2337 2452/3046/2287 2453/3047/2288
f 2458/3048/2293 2453/3047/2288 2452/3046/2287
f 2453/3047/2288 2458/3048/2293 2504/3049/2339
f 2454/3050/2289 2504/3049/2339 2458/3048/2293
f 2504/3049/2339 2454/3050/2289 2455/3051/2290
f 2460/3052/2295 2455/3051/2290 2454/3050/2289
f 2455/3051/2290 2460/3052/2295 2474/3053/2309
f 2461/3054/2296 2474/3053/2309 2460/3052/2295
f 2474/3053/2309 2461/3054/2296 2477/3055/2312
f 2456/3056/2291 2457/3040/2292 2492/3037/2327
f 2457/3040/2292 2456/3056/2291 2449/3043/2284
f 2466/3057/2301 2449/3043/2284 2456/3056/2291
f 2449/3043/2284 2466/3057/2301 2451/3045/2286
f 2467/3058/2302 2451/3045/2286 2466/3057/2301
f 2451/3045/2286 2467/3058/2302 2452/3046/2287
f 2468/3059/2303 2452/3046/2287 2467/3058/2302
f 2452/3046/2287 2468/3059/2303 2458/3048/2293
f 2469/3060/2304 2458/3048/2293 2468/3059/2303
f 2458/3048/2293 2469/3060/2304 2454/3050/2289
f 2470/3061/2305 2454/3050/2289 2469/3060/2304
f 2454/3050/2289 2470/3061/2305 2460/3052/2295
f 2459/3059/2294 2460/3052/2295 2470/3061/2305
f 2460/3052/2295 2459/3059/2294 2461/3054/2296
f 2462/3062/2297 2461/3054/2296 2459/3059/2294
f 2461/3054/2296 2462/3062/2297 2464/3063/2299
f 2463/3064/2298 2464/3063/2299 2462/3062/2297
f 2464/3063/2299 2463/3064/2298 2485/3065/2320
f 2503/3066/2338 2466/3057/2301 2465/3057/2300
f 2466/3057/2301 2503/3066/2338 2467/3058/2302
f 2473/3067/2308 2467/3058/2302 2503/3066/2338
f 2467/3058/2302 2473/3067/2308 2468/3059/2303
f 2475/3068/2310 2468/3059/2303 2473/3067/2308
f 2468/3059/2303 2475/3068/2310 2469/3060/2304
f 2476/3069/2311 2469/3060/2304 2475/3068/2310
f 2469/3060/2304 2476/3069/2311 2470/3061/2305
f 2478/3070/2313 2470/3061/2305 2476/3069/2311
f 2470/3061/2305 2478/3070/2313 2459/3059/2294
f 2472/3071/2307 2459/3059/2294 2478/3070/2313
f 2459/3059/2294 2472/3071/2307 2462/3062/2297
f 2471/3072/2306 2462/3062/2297 2472/3071/2307
f 2462/3062/2297 2471/3072/2306 2463/3064/2298
f 2479/3073/2314 2463/3064/2298 2471/3072/2306
f 2463/3064/2298 2479/3073/2314 2494/3074/2329
f 2481/3075/2316 2494/3074/2329 2479/3073/2314
f 2494/3074/2329 2481/3075/2316 2496/3076/2331
f 2455/3051/2290 2473/3067/2308 2504/3049/2339
f 2473/3067/2308 2455/3051/2290 2475/3068/2310
f 2474/3053/2309 2475/3068/2310 2455/3051/2290
f 2475/3068/2310 2474/3053/2309 2476/3069/2311
f 2477/3055/2312 2476/3069/2311 2474/3053/2309
f 2476/3069/2311 2477/3055/2312 2478/3070/2313
f 2486/3077/2321 2478/3070/2313 2477/3055/2312
f 2478/3070/2313 2486/3077/2321 2472/3071/2307
f 2487/3078/2322 2472/3071/2307 2486/3077/2321
f 2472/3071/2307 2487/3078/2322 2471/3072/2306
f 2488/3079/2323 2471/3072/2306 2487/3078/2322
f 2471/3072/2306 2488/3079/2323 2479/3073/2314
f 2480/3080/2315 2479/3073/2314 2488/3079/2323
f 2479/3073/2314 2480/3080/2315 2481/3075/2316
f 2490/3081/2325 2481/3075/2316 2480/3080/2315
f 2481/3075/2316 2490/3081/2325 2482/3082/2317
f 2491/3039/2326 2482/3082/2317 2490/3081/2325
f 2482/3082/2317 2491/3039/2326 2484/3038/2319
f 2482/3082/2317 2496/3076/2331 2481/3075/2316
f 2496/3076/2331 2482/3082/2317 2483/3083/2318
f 2484/3038/2319 2483/3083/2318 2482/3082/2317
f 2483/3083/2318 2484/3038/2319 2498/3041/2333
f 2464/3063/2299 2477/3055/2312 2461/3054/2296
f 2477/3055/2312 2464/3063/2299 2486/3077/2321
f 2485/3065/2320 2486/3077/2321 2464/3063/2299
f 2486/3077/2321 2485/3065/2320 2487/3078/2322
f 2495/3084/2330 2487/3078/2322 2485/3065/2320
f 2487/3078/2322 2495/3084/2330 2488/3079/2323
f 2497/3085/2332 2488/3079/2323 2495/3084/2330
f 2488/3079/2323 2497/3085/2332 2480/3080/2315
f 2489/3086/2324 2480/3080/2315 2497/3085/2332
f 2480/3080/2315 2489/3086/2324 2490/3081/2325
f 2499/3087/2334 2490/3081/2325 2489/3086/2324
f 2490/3081/2325 2499/3087/2334 2491/3039/2326
f 2500/3088/2335 2491/3039/2326 2499/3087/2334
f 2491/3039/2326 2500/3088/2335 2492/3037/2327
f 2493/3089/2328 2492/3037/2327 2500/3088/2335
f 2492/3037/2327 2493/3089/2328 2456/3056/2291
f 2465/3057/2300 2456/3056/2291 2493/3089/2328
f 2456/3056/2291 2465/3057/2300 2466/3057/2301
f 2494/3074/2329 2485/3065/2320 2463/3064/2298
f 2485/3065/2320 2494/3074/2329 2495/3084/2330
f 2496/3076/2331 2495/3084/2330 2494/3074/2329
f 2495/3084/2330 2496/3076/2331 2497/3085/2332
f 2483/3083/2318 2497/3085/2332 2496/3076/2331
f 2497/3085/2332 2483/3083/2318 2489/3086/2324
f 2498/3041/2333 2489/3086/2324 2483/3083/2318
f 2489/3086/2324 2498/3041/2333 2499/3087/2334
f 2450/3042/2285 2499/3087/2334 2498/3041/2333
f 2499/3087/2334 2450/3042/2285 2500/3088/2335
f 2501/3044/2336 2500/3088/2335 2450/3042/2285
f 2500/3088/2335 2501/3044/2336 2493/3089/2328
f 2502/3045/2337 2493/3089/2328 2501/3044/2336
f 2493/3089/2328 2502/3045/2337 2465/3057/2300
f 2453/3047/2288 2465/3057/2300 2502/3045/2337
f 2465/3057/2300 2453/3047/2288 2503/3066/2338
f 2504/3049/2339 2503/3066/2338 2453/3047/2288
f 2503/3066/2338 2504/3049/2339 2473/3067/2308
f 2515/3090/2350 2507/2220/2342 2506/2219/2341
f 2506/2219/2341 2508/3091/2343 2515/3090/2350
f 2516/3092/2351 2515/3090/2350 2508/3091/2343
f 2508/3091/2343 2541/3093/2376 2516/3092/2351
f 2517/3094/2352 2516/3092/2351 2541/3093/2376
f 2541/3093/2376 2543/3095/2378 2517/3094/2352
f 2509/3096/2344 2517/3094/2352 2543/3095/2378
f 2543/3095/2378 2545/3097/2380 2509/3096/2344
f 2518/3098/2353 2509/3096/2344 2545/3097/2380
f 2545/3097/2380 2544/3099/2379 2518/3098/2353
f 2510/3100/2345 2518/3098/2353 2544/3099/2379
f 2544/3099/2379 2546/3101/2381 2510/3100/2345
f 2511/3102/2346 2510/3100/2345 2546/3101/2381
f 2546/3101/2381 2513/3103/2348 2511/3102/2346
f 2512/3104/2347 2511/3102/2346 2513/3103/2348
f 2513/3103/2348 2549/3105/2384 2512/3104/2347
f 2535/3106/2370 2512/3104/2347 2549/3105/2384
f 2507/2220/2342 2515/3090/2350 2531/3107/2366
f 2514/3108/2349 2531/3107/2366 2515/3090/2350
f 2515/3090/2350 2516/3092/2351 2514/3108/2349
f 2530/3109/2365 2514/3108/2349 2516/3092/2351
f 2516/3092/2351 2517/3094/2352 2530/3109/2365
f 2527/3110/2362 2530/3109/2365 2517/3094/2352
f 2517/3094/2352 2509/3096/2344 2527/3110/2362
f 2526/3111/2361 2527/3110/2362 2509/3096/2344
f 2509/3096/2344 2518/3098/2353 2526/3111/2361
f 2525/3112/2360 2526/3111/2361 2518/3098/2353
f 2518/3098/2353 2510/3100/2345 2525/3112/2360
f 2524/3113/2359 2525/3112/2360 2510/3100/2345
f 2510/3100/2345 2511/3102/2346 2524/3113/2359
f 2523/3114/2358 2524/3113/2359 2511/3102/2346
f 2511/3102/2346 2512/3104/2347 2523/3114/2358
f 2521/3115/2356 2523/3114/2358 2512/3104/2347
f 2512/3104/2347 2535/3106/2370 2521/3115/2356
f 2519/3116/2354 2521/3115/2356 2535/3106/2370
f 2552/3117/2387 2551/3118/2386 2533/3119/2368
f 2519/3116/2354 2533/3119/2368 2551/3118/2386
f 2551/3118/2386 2520/3120/2355 2519/3116/2354
f 2521/3115/2356 2519/3116/2354 2520/3120/2355
f 2520/3120/2355 2550/3121/2385 2521/3115/2356
f 2523/3114/2358 2521/3115/2356 2550/3121/2385
f 2550/3121/2385 2522/3122/2357 2523/3114/2358
f 2524/3113/2359 2523/3114/2358 2522/3122/2357
f 2522/3122/2357 2548/3123/2383 2524/3113/2359
f 2525/3112/2360 2524/3113/2359 2548/3123/2383
f 2548/3123/2383 2547/3124/2382 2525/3112/2360
f 2526/3111/2361 2525/3112/2360 2547/3124/2382
f 2547/3124/2382 2528/3125/2363 2526/3111/2361
f 2527/3110/2362 2526/3111/2361 2528/3125/2363
f 2528/3125/2363 2529/3126/2364 2527/3110/2362
f 2530/3109/2365 2527/3110/2362 2529/3126/2364
f 2529/3126/2364 2542/3127/2377 2530/3109/2365
f 2514/3108/2349 2530/3109/2365 2542/3127/2377
f 2542/3127/2377 2540/3128/2375 2514/3108/2349
f 2531/3107/2366 2514/3108/2349 2540/3128/2375
f 2535/3106/2370 2532/3129/2367 2519/3116/2354
f 2533/3119/2368 2519/3116/2354 2532/3129/2367
f 2532/3129/2367 2538/3130/2373 2533/3119/2368
f 2539/3131/2374 2533/3119/2368 2538/3130/2373
f 2533/3119/2368 2539/3131/2374 2552/3117/2387
f 2534/3132/2369 2552/3117/2387 2539/3131/2374
f 2549/3105/2384 2536/3133/2371 2535/3106/2370
f 2532/3129/2367 2535/3106/2370 2536/3133/2371
f 2536/3133/2371 2537/3134/2372 2532/3129/2367
f 2538/3130/2373 2532/3129/2367 2537/3134/2372
f 2537/3134/2372 2505/2218/2340 2538/3130/2373
f 2507/2220/2342 2538/3130/2373 2505/2218/2340
f 2538/3130/2373 2507/2220/2342 2539/3131/2374
f 2531/3107/2366 2539/3131/2374 2507/2220/2342
f 2539/3131/2374 2531/3107/2366 2534/3132/2369
f 2540/3128/2375 2534/3132/2369 2531/3107/2366
f 2534/3132/2369 2540/3128/2375 2541/3093/2376
f 2543/3095/2378 2541/3093/2376 2540/3128/2375
f 2540/3128/2375 2542/3127/2377 2543/3095/2378
f 2545/3097/2380 2543/3095/2378 2542/3127/2377
f 2542/3127/2377 2529/3126/2364 2545/3097/2380
f 2544/3099/2379 2545/3097/2380 2529/3126/2364
f 2529/3126/2364 2528/3125/2363 2544/3099/2379
f 2546/3101/2381 2544/3099/2379 2528/3125/2363
f 2528/3125/2363 2547/3124/2382 2546/3101/2381
f 2513/3103/2348 2546/3101/2381 2547/3124/2382
f 2547/3124/2382 2548/3123/2383 2513/3103/2348
f 2549/3105/2384 2513/3103/2348 2548/3123/2383
f 2548/3123/2383 2522/3122/2357 2549/3105/2384
f 2536/3133/2371 2549/3105/2384 2522/3122/2357
f 2522/3122/2357 2550/3121/2385 2536/3133/2371
f 2537/3134/2372 2536/3133/2371 2550/3121/2385
f 2550/3121/2385 2520/3120/2355 2537/3134/2372
f 2505/2218/2340 2537/3134/2372 2520/3120/2355
f 2520/3120/2355 2551/3118/2386 2505/2218/2340
f 2506/2219/2341 2505/2218/2340 2551/3118/2386
f 2551/3118/2386 2552/3117/2387 2506/2219/2341
f 2508/3091/2343 2506/2219/2341 2552/3117/2387
f 2552/3117/2387 2534/3132/2369 2508/3091/2343
f 2541/3093/2376 2508/3091/2343 2534/3132/2369
f 2591/3135/2426 2593/3136/2428 2576/3137/2411
f 2553/3138/2388 2576/3137/2411 2593/3136/2428
f 2593/3136/2428 2554/3139/2389 2553/3138/2388
f 2555/3140/2390 2553/3138/2388 2554/3139/2389
f 2554/3139/2389 2556/3141/2391 2555/3140/2390
f 2557/3142/2392 2555/3140/2390 2556/3141/2391
f 2556/3141/2391 2595/3143/2430 2557/3142/2392
f 2558/3144/2393 2557/3142/2392 2595/3143/2430
f 2595/3143/2430 2596/3145/2431 2558/3144/2393
f 2572/3146/2407 2558/3144/2393 2596/3145/2431
f 2596/3145/2431 2597/3147/2432 2572/3146/2407
f 2571/3148/2406 2572/3146/2407 2597/3147/2432
f 2597/3147/2432 2559/3149/2394 2571/3148/2406
f 2569/3150/2404 2571/3148/2406 2559/3149/2394
f 2559/3149/2394 2560/3151/2395 2569/3150/2404
f 2562/3152/2397 2569/3150/2404 2560/3151/2395
f 2560/3151/2395 2561/3153/2396 2562/3152/2397
f 2563/3154/2398 2562/3152/2397 2561/3153/2396
f 2561/3153/2396 2565/3155/2400 2563/3154/2398
f 2568/3156/2403 2563/3154/2398 2565/3155/2400
f 2564/3157/2399 2580/3158/2415 2561/3153/2396
f 2565/3155/2400 2561/3153/2396 2580/3158/2415
f 2580/3158/2415 2578/3159/2413 2565/3155/2400
f 2566/3160/2401 2565/3155/2400 2578/3159/2413
f 2565/3155/2400 2566/3160/2401 2568/3156/2403
f 2567/3161/2402 2568/3156/2403 2566/3160/2401
f 2575/3162/2410 2589/3163/2424 2567/3161/2402
f 2568/3156/2403 2567/3161/2402 2589/3163/2424
f 2589/3163/2424 2590/3164/2425 2568/3156/2403
f 2563/3154/2398 2568/3156/2403 2590/3164/2425
f 2590/3164/2425 2579/3165/2414 2563/3154/2398
f 2562/3152/2397 2563/3154/2398 2579/3165/2414
f 2579/3165/2414 2570/3166/2405 2562/3152/2397
f 2569/3150/2404 2562/3152/2397 2570/3166/2405
f 2570/3166/2405 2581/3167/2416 2569/3150/2404
f 2571/3148/2406 2569/3150/2404 2581/3167/2416
f 2581/3167/2416 2582/3168/2417 2571/3148/2406
f 2572/3146/2407 2571/3148/2406 2582/3168/2417
f 2582/3168/2417 2583/3169/2418 2572/3146/2407
f 2558/3144/2393 2572/3146/2407 2583/3169/2418
f 2583/3169/2418 2573/3170/2408 2558/3144/2393
f 2557/3142/2392 2558/3144/2393 2573/3170/2408
f 2573/3170/2408 2574/3171/2409 2557/3142/2392
f 2555/3140/2390 2557/3142/2392 2574/3171/2409
f 2574/3171/2409 2585/3172/2420 2555/3140/2390
f 2553/3138/2388 2555/3140/2390 2585/3172/2420
f 2585/3172/2420 2586/3173/2421 2553/3138/2388
f 2576/3137/2411 2553/3138/2388 2586/3173/2421
f 2586/3173/2421 2575/3162/2410 2576/3137/2411
f 2567/3161/2402 2576/3137/2411 2575/3162/2410
f 2576/3137/2411 2567/3161/2402 2591/3135/2426
f 2566/3160/2401 2591/3135/2426 2567/3161/2402
f 2591/3135/2426 2566/3160/2401 2577/3174/2412
f 2578/3159/2413 2577/3174/2412 2566/3160/2401
f 2577/3174/2412 2578/3159/2413 2579/3165/2414
f 2570/3166/2405 2579/3165/2414 2578/3159/2413
f 2578/3159/2413 2580/3158/2415 2570/3166/2405
f 2581/3167/2416 2570/3166/2405 2580/3158/2415
f 2580/3158/2415 2564/3157/2399 2581/3167/2416
f 2582/3168/2417 2581/3167/2416 2564/3157/2399
f 2564/3157/2399 2600/3175/2435 2582/3168/2417
f 2583/3169/2418 2582/3168/2417 2600/3175/2435
f 2600/3175/2435 2599/3176/2434 2583/3169/2418
f 2573/3170/2408 2583/3169/2418 2599/3176/2434
f 2599/3176/2434 2598/3177/2433 2573/3170/2408
f 2574/3171/2409 2573/3170/2408 2598/3177/2433
f 2598/3177/2433 2584/3178/2419 2574/3171/2409
f 2585/3172/2420 2574/3171/2409 2584/3178/2419
f 2584/3178/2419 2594/3179/2429 2585/3172/2420
f 2586/3173/2421 2585/3172/2420 2594/3179/2429
f 2594/3179/2429 2587/3180/2422 2586/3173/2421
f 2575/3162/2410 2586/3173/2421 2587/3180/2422
f 2587/3180/2422 2588/3181/2423 2575/3162/2410
f 2589/3163/2424 2575/3162/2410 2588/3181/2423
f 2588/3181/2423 2592/3182/2427 2589/3163/2424
f 2590/3164/2425 2589/3163/2424 2592/3182/2427
f 2592/3182/2427 2577/3174/2412 2590/3164/2425
f 2579/3165/2414 2590/3164/2425 2577/3174/2412
f 2577/3174/2412 2592/3182/2427 2591/3135/2426
f 2593/3136/2428 2591/3135/2426 2592/3182/2427
f 2592/3182/2427 2588/3181/2423 2593/3136/2428
f 2554/3139/2389 2593/3136/2428 2588/3181/2423
f 2588/3181/2423 2587/3180/2422 2554/3139/2389
f 2556/3141/2391 2554/3139/2389 2587/3180/2422
f 2587/3180/2422 2594/3179/2429 2556/3141/2391
f 2595/3143/2430 2556/3141/2391 2594/3179/2429
f 2594/3179/2429 2584/3178/2419 2595/3143/2430
f 2596/3145/2431 2595/3143/2430 2584/3178/2419
f 2584/3178/2419 2598/3177/2433 2596/3145/2431
f 2597/3147/2432 2596/3145/2431 2598/3177/2433
f 2598/3177/2433 2599/3176/2434 2597/3147/2432
f 2559/3149/2394 2597/3147/2432 2599/3176/2434
f 2599/3176/2434 2600/3175/2435 2559/3149/2394
f 2560/3151/2395 2559/3149/2394 2600/3175/2435
f 2600/3175/2435 2564/3157/2399 2560/3151/2395
f 2561/3153/2396 2560/3151/2395 2564/3157/2399
